<?xml version="1.0" encoding="utf-8"?>
<COLLADA xmlns="http://www.collada.org/2005/11/COLLADASchema" version="1.4.1" xmlns:xsi="http://www.w3.org/2001/XMLSchema-instance">
  <asset>
    <contributor>
      <author>Blender User</author>
      <authoring_tool>Blender 2.93.6 commit date:2021-11-16, commit time:14:54, hash:c842a90e2fa1</authoring_tool>
    </contributor>
    <created>2022-06-05T09:20:07</created>
    <modified>2022-06-05T09:20:07</modified>
    <unit name="meter" meter="1"/>
    <up_axis>Z_UP</up_axis>
  </asset>
  <library_effects>
    <effect id="M_CarWiicm_001-effect">
      <profile_COMMON>
        <newparam sid="T_CarWiicm_Alb_png-surface">
          <surface type="2D">
            <init_from>T_CarWiicm_Alb_png</init_from>
          </surface>
        </newparam>
        <newparam sid="T_CarWiicm_Alb_png-sampler">
          <sampler2D>
            <source>T_CarWiicm_Alb_png-surface</source>
          </sampler2D>
        </newparam>
        <technique sid="common">
          <lambert>
            <emission>
              <color sid="emission">0 0 0 1</color>
            </emission>
            <diffuse>
              <texture texture="T_CarWiicm_Alb_png-sampler" texcoord="Tire_Rear__M_CarWiicm-texcoord"/>
            </diffuse>
            <index_of_refraction>
              <float sid="ior">1.45</float>
            </index_of_refraction>
          </lambert>
        </technique>
      </profile_COMMON>
    </effect>
  </library_effects>
  <library_images>
    <image id="T_CarWiicm_Alb_png" name="T_CarWiicm_Alb_png">
      <init_from>T_CarWiicm_Alb.png</init_from>
    </image>
  </library_images>
  <library_materials>
    <material id="M_CarWiicm_001-material" name="M_CarWiicm.001">
      <instance_effect url="#M_CarWiicm_001-effect"/>
    </material>
  </library_materials>
  <library_geometries>
    <geometry id="Tire_Rear__M_CarWiicm_001-mesh" name="Tire_Rear__M_CarWiicm.001">
      <mesh>
        <source id="Tire_Rear__M_CarWiicm_001-mesh-positions">
          <float_array id="Tire_Rear__M_CarWiicm_001-mesh-positions-array" count="807">-22.0314 19.4639 -25.9858 -29.20086 19.4639 -25.98582 -29.20086 18.05005 -23.21099 -22.0314 18.05005 -23.21098 -29.20086 15.84793 -21.00887 -22.0314 15.84793 -21.00884 -29.20086 13.07309 -19.59501 -22.0314 13.07309 -19.595 -29.20086 9.997156 -19.10783 -22.0314 9.997156 -19.10781 -29.20086 6.92122 -19.59501 -22.0314 6.92122 -19.595 -29.20086 4.146381 -21.00887 -22.0314 4.146381 -21.00884 -29.20086 1.944258 -23.21099 -22.0314 1.944257 -23.21098 -29.20086 0.530407 -25.98581 -22.0314 0.530407 -25.9858 -29.20086 0.04322624 -29.06177 -22.0314 0.04322624 -29.06175 -29.20086 0.5304079 -32.13767 -22.0314 0.530407 -32.13767 -29.20086 1.94426 -34.91252 -22.0314 1.944259 -34.91251 -29.20086 4.146382 -37.11465 -22.0314 4.146381 -37.11464 -29.20086 6.921222 -38.5285 -22.0314 6.921222 -38.52849 -29.20086 9.997156 -39.01567 -22.0314 9.997156 -39.01566 -29.20086 13.07308 -38.5285 -22.0314 13.07309 -38.52848 -29.20086 15.84793 -37.11465 -22.0314 15.84793 -37.11464 -29.20086 18.05005 -34.91252 -22.0314 18.05005 -34.91251 -29.20086 19.4639 -32.13767 -22.0314 19.4639 -32.13767 -29.20086 19.95108 -29.06177 -22.0314 19.95108 -29.06175 -29.20086 19.4639 -25.98582 -22.0314 19.4639 -25.9858 22.0314 19.4639 -25.9858 29.20085 19.4639 -25.98582 22.0314 19.95108 -29.06175 29.20085 19.95108 -29.06177 22.0314 19.4639 -32.13767 29.20085 19.4639 -32.13767 22.0314 18.05005 -34.91251 29.20086 18.05005 -34.91252 22.0314 15.84793 -37.11464 29.20086 15.84793 -37.11465 22.0314 13.07309 -38.52848 29.20085 13.07308 -38.5285 22.0314 9.997156 -39.01566 29.20085 9.997156 -39.01567 22.0314 6.921222 -38.52849 29.20085 6.921222 -38.5285 22.0314 4.146381 -37.11464 29.20086 4.146382 -37.11465 22.0314 1.944259 -34.91251 29.20085 1.94426 -34.91252 22.0314 0.530407 -32.13767 29.20086 0.5304079 -32.13767 22.0314 0.04322624 -29.06175 29.20085 0.04322624 -29.06177 22.0314 0.530407 -25.9858 29.20086 0.530407 -25.98581 22.0314 1.944257 -23.21098 29.20085 1.944258 -23.21099 22.0314 4.146381 -21.00884 29.20086 4.146381 -21.00887 22.0314 6.92122 -19.595 29.20086 6.92122 -19.59501 22.0314 9.997156 -19.10781 29.20086 9.997156 -19.10783 22.0314 13.07309 -19.595 29.20086 13.07309 -19.59501 22.0314 15.84793 -21.00884 29.20086 15.84793 -21.00887 22.0314 18.05005 -23.21098 29.20085 18.05005 -23.21099 22.0314 19.4639 -25.9858 29.20085 19.4639 -25.98582 -22.0314 19.95108 -29.06175 -22.0314 19.4639 -25.9858 -22.0314 9.997156 -29.06175 -22.0314 19.4639 -32.13767 -22.0314 18.05005 -23.21098 -22.0314 18.05005 -34.91251 -22.0314 15.84793 -21.00884 -22.0314 15.84793 -37.11464 -22.0314 13.07309 -19.595 -22.0314 13.07309 -38.52848 -22.0314 9.997156 -19.10781 -22.0314 9.997156 -39.01566 -22.0314 6.92122 -19.595 -22.0314 6.921222 -38.52849 -22.0314 4.146381 -21.00884 -22.0314 4.146381 -37.11464 -22.0314 1.944257 -23.21098 -22.0314 1.944259 -34.91251 -22.0314 0.530407 -25.9858 -22.0314 0.530407 -32.13767 -22.0314 0.04322624 -29.06175 -29.20086 19.95108 -29.06177 -29.20086 19.4639 -32.13767 -29.88423 9.997156 -29.06177 -29.20086 19.4639 -25.98582 -29.20086 18.05005 -34.91252 -29.20086 18.05005 -23.21099 -29.20086 15.84793 -37.11465 -29.20086 15.84793 -21.00887 -29.20086 13.07308 -38.5285 -29.20086 13.07309 -19.59501 -29.20086 9.997156 -39.01567 -29.20086 9.997156 -19.10783 -29.20086 6.921222 -38.5285 -29.20086 6.92122 -19.59501 -29.20086 4.146382 -37.11465 -29.20086 4.146381 -21.00887 -29.20086 1.94426 -34.91252 -29.20086 1.944258 -23.21099 -29.20086 0.5304079 -32.13767 -29.20086 0.530407 -25.98581 -29.20086 0.04322624 -29.06177 22.0314 19.95108 -29.06175 22.0314 19.4639 -32.13767 22.0314 9.997156 -29.06175 22.0314 19.4639 -25.9858 22.0314 18.05005 -34.91251 22.0314 18.05005 -23.21098 22.0314 15.84793 -37.11464 22.0314 15.84793 -21.00884 22.0314 13.07309 -38.52848 22.0314 13.07309 -19.595 22.0314 9.997156 -39.01566 22.0314 9.997156 -19.10781 22.0314 6.921222 -38.52849 22.0314 6.92122 -19.595 22.0314 4.146381 -37.11464 22.0314 4.146381 -21.00884 22.0314 1.944259 -34.91251 22.0314 1.944257 -23.21098 22.0314 0.530407 -32.13767 22.0314 0.530407 -25.9858 22.0314 0.04322624 -29.06175 29.20085 19.95108 -29.06177 29.20085 19.4639 -25.98582 29.88423 9.997156 -29.06177 29.20085 19.4639 -32.13767 29.20085 18.05005 -23.21099 29.20086 18.05005 -34.91252 29.20086 15.84793 -21.00887 29.20086 15.84793 -37.11465 29.20086 13.07309 -19.59501 29.20085 13.07308 -38.5285 29.20086 9.997156 -19.10783 29.20085 9.997156 -39.01567 29.20086 6.92122 -19.59501 29.20085 6.921222 -38.5285 29.20086 4.146381 -21.00887 29.20086 4.146382 -37.11465 29.20085 1.944258 -23.21099 29.20085 1.94426 -34.91252 29.20086 0.530407 -25.98581 29.20086 0.5304079 -32.13767 29.20085 0.04322624 -29.06177 -22.0314 9.997156 -29.06175 -22.0314 13.07309 -38.52848 -22.0314 18.05005 -34.91251 22.0314 9.997156 -29.06175 22.0314 18.05005 -34.91251 22.0314 13.07309 -38.52848 22.0314 9.997156 -29.06175 22.0314 13.07309 -38.52848 22.0314 6.921222 -38.52849 29.20085 6.921222 -38.5285 22.0314 1.944259 -34.91251 29.20085 1.94426 -34.91252 22.0314 0.04322624 -29.06175 29.20085 0.04322624 -29.06177 22.0314 1.944257 -23.21098 29.20085 1.944258 -23.21099 -22.0314 9.997156 -29.06175 -22.0314 13.07309 -19.595 -22.0314 6.92122 -19.595 -22.0314 13.07309 -38.52848 -22.0314 6.921222 -38.52849 -22.0314 1.944259 -34.91251 -29.20086 18.05005 -23.21099 -29.20086 13.07309 -19.59501 -22.0314 13.07309 -19.595 -22.0314 18.05005 -23.21098 -29.20086 19.95108 -29.06177 -22.0314 19.95108 -29.06175 -29.20086 18.05005 -23.21099 -29.20086 18.05005 -34.91252 -22.0314 18.05005 -34.91251 -29.88423 9.997156 -29.06177 -29.20086 13.07308 -38.5285 -22.0314 13.07309 -38.52848 -29.20086 6.921222 -38.5285 -29.20086 1.94426 -34.91252 -29.20086 0.04322624 -29.06177 -29.20086 1.944258 -23.21099 -29.20086 6.92122 -19.59501 -29.20086 13.07309 -19.59501 -22.0314 6.92122 -19.595 -22.0314 13.07309 -19.595 -22.0314 6.921222 -38.52849 -29.20086 6.921222 -38.5285 -22.0314 13.07309 -38.52848 -29.20086 13.07308 -38.5285 29.20086 6.92122 -19.59501 29.20086 13.07309 -19.59501 22.0314 13.07309 -19.595 22.0314 6.92122 -19.595 22.0314 9.997156 -29.06175 22.0314 13.07309 -19.595 22.0314 1.944257 -23.21098 22.0314 0.04322624 -29.06175 22.0314 1.944259 -34.91251 22.0314 6.921222 -38.52849 22.0314 18.05005 -34.91251 29.20086 18.05005 -34.91252 22.0314 13.07309 -38.52848 29.20085 13.07308 -38.5285 22.0314 6.921222 -38.52849 29.20085 6.921222 -38.5285 -22.0314 19.95108 -29.06175 -22.0314 9.997156 -29.06175 -22.0314 18.05005 -34.91251 -22.0314 18.05005 -23.21098 -22.0314 13.07309 -19.595 -29.20086 1.94426 -34.91252 -29.20086 6.921222 -38.5285 -22.0314 6.921222 -38.52849 -22.0314 1.944259 -34.91251 -29.20086 0.04322624 -29.06177 -22.0314 0.04322624 -29.06175 -22.0314 9.997156 -29.06175 -29.20086 1.944258 -23.21099 -22.0314 1.944257 -23.21098 -22.0314 6.92122 -19.595 -29.20086 6.92122 -19.59501 22.0314 18.05005 -34.91251 22.0314 9.997156 -29.06175 22.0314 19.95108 -29.06175 22.0314 18.05005 -23.21098 22.0314 13.07309 -19.595 29.20085 1.944258 -23.21099 22.0314 6.92122 -19.595 22.0314 1.944257 -23.21098 29.20086 6.92122 -19.59501 29.88423 9.997156 -29.06177 29.20085 0.04322624 -29.06177 29.20085 1.94426 -34.91252 29.20085 6.921222 -38.5285 29.20085 13.07308 -38.5285 29.20086 18.05005 -34.91252 29.20086 13.07309 -19.59501 29.20085 19.95108 -29.06177 22.0314 18.05005 -23.21098 22.0314 13.07309 -19.595 29.20085 18.05005 -23.21099 22.0314 19.95108 -29.06175 22.0314 18.05005 -34.91251 29.20086 18.05005 -34.91252</float_array>
          <technique_common>
            <accessor source="#Tire_Rear__M_CarWiicm_001-mesh-positions-array" count="269" stride="3">
              <param name="X" type="float"/>
              <param name="Y" type="float"/>
              <param name="Z" type="float"/>
            </accessor>
          </technique_common>
        </source>
        <source id="Tire_Rear__M_CarWiicm_001-mesh-normals">
          <float_array id="Tire_Rear__M_CarWiicm_001-mesh-normals-array" count="192">0 0.8910139 0.4539761 0 0.8090303 0.587767 0 0.587787 0.8090158 0 0.587767 0.8090303 0 0.309004 0.9510608 0 0 1 0 -0.309004 0.9510608 0 -0.587767 0.8090303 0 -0.8090303 0.587767 0 -0.9510608 0.309004 0 -1 0 0 -0.9510608 -0.309004 0 -0.8090303 -0.587767 0 -0.587767 -0.8090303 0 -0.309004 -0.9510608 0 0 -1 0 0.309004 -0.9510608 0 0.587767 -0.8090303 0 0.8090303 -0.587767 0 0.9510608 -0.309004 0 1 0 0 0.9876922 0.1564108 1 0 0 -0.9976522 0.06848365 0 -0.997653 0.06512665 -0.02114933 -1 0 0 -0.997653 0.06512665 0.02114933 -0.9976531 0.05539125 -0.04025399 -0.9976531 0.05539125 0.04025399 -0.9976531 0.04025399 -0.05539125 -0.9976531 0.04025399 0.05539125 -0.997653 0.02114933 -0.06512665 -0.997653 0.02114933 0.06512665 -0.9976522 0 -0.06848365 -0.9976522 0 0.06848365 -0.997653 -0.02114933 -0.06512665 -0.997653 -0.02114933 0.06512665 -0.9976531 -0.04025399 -0.05539125 -0.9976531 -0.04025399 0.05539125 -0.9976531 -0.05539125 -0.04025399 -0.9976531 -0.05539125 0.04025399 -0.997653 -0.06512665 -0.02114933 -0.997653 -0.06512665 0.02114933 -0.9976522 -0.06848365 0 0.9976522 0.06848365 0 0.997653 0.06512665 0.02114933 0.997653 0.06512665 -0.02114933 0.9976531 0.05539125 0.04025399 0.9976531 0.05539125 -0.04025399 0.9976531 0.04025399 0.05539125 0.9976531 0.04025399 -0.05539125 0.997653 0.02114933 0.06512665 0.997653 0.02114933 -0.06512665 0.9976522 0 0.06848365 0.9976522 0 -0.06848365 0.997653 -0.02114933 0.06512665 0.997653 -0.02114933 -0.06512665 0.9976531 -0.04025399 0.05539125 0.9976531 -0.04025399 -0.05539125 0.9976531 -0.05539125 0.04025399 0.9976531 -0.05539125 -0.04025399 0.997653 -0.06512665 0.02114933 0.997653 -0.06512665 -0.02114933 0.9976522 -0.06848365 0</float_array>
          <technique_common>
            <accessor source="#Tire_Rear__M_CarWiicm_001-mesh-normals-array" count="64" stride="3">
              <param name="X" type="float"/>
              <param name="Y" type="float"/>
              <param name="Z" type="float"/>
            </accessor>
          </technique_common>
        </source>
        <source id="Tire_Rear__M_CarWiicm_001-mesh-map-0">
          <float_array id="Tire_Rear__M_CarWiicm_001-mesh-map-0-array" count="960">0.9328298 0.9729915 0.8798352 0.9729915 0.8798352 0.9433433 0.9328298 0.9433433 0.9328298 0.9729915 0.8798352 0.9433433 0.9328298 0.9433433 0.8798352 0.9433433 0.8798352 0.9137102 0.9328298 0.9137102 0.9328298 0.9433433 0.8798352 0.9137102 0.9328298 0.9137102 0.8798352 0.9137102 0.8798352 0.8840619 0.9328298 0.8840619 0.9328298 0.9137102 0.8798352 0.8840619 0.9328298 0.8840619 0.8798352 0.8840619 0.8798352 0.8544289 0.9328298 0.8544289 0.9328298 0.8840619 0.8798352 0.8544289 0.9328298 0.8544289 0.8798352 0.8544289 0.8798352 0.8247806 0.9328298 0.8247806 0.9328298 0.8544289 0.8798352 0.8247806 0.9328298 0.8247806 0.8798352 0.8247806 0.8798352 0.7951324 0.9328298 0.7951324 0.9328298 0.8247806 0.8798352 0.7951324 0.9328298 0.7951324 0.8798352 0.7951324 0.8798352 0.7654994 0.9328298 0.7654994 0.9328298 0.7951324 0.8798352 0.7654994 0.9328298 0.7654994 0.8798352 0.7654994 0.8798352 0.735851 0.9328298 0.735851 0.9328298 0.7654994 0.8798352 0.735851 0.9328298 0.735851 0.8798352 0.735851 0.8798352 0.7062181 0.9328298 0.7062181 0.9328298 0.735851 0.8798352 0.7062181 0.9328298 0.7062181 0.8798352 0.7062181 0.8798352 0.6765698 0.9328298 0.6765698 0.9328298 0.7062181 0.8798352 0.6765698 0.9328298 0.6765698 0.8798352 0.6765698 0.8798352 0.6469215 0.9328298 0.6469215 0.9328298 0.6765698 0.8798352 0.6469215 0.9328298 0.6469215 0.8798352 0.6469215 0.8798352 0.6172885 0.9328298 0.6172885 0.9328298 0.6469215 0.8798352 0.6172885 0.9328298 0.6172885 0.8798352 0.6172885 0.8798352 0.5876402 0.9328298 0.5876402 0.9328298 0.6172885 0.8798352 0.5876402 0.9328298 0.5876402 0.8798352 0.5876402 0.8798352 0.5580072 0.9328298 0.5580072 0.9328298 0.5876402 0.8798352 0.5580072 0.9328298 0.5580072 0.8798352 0.5580072 0.8798352 0.5283589 0.9328298 0.5283589 0.9328298 0.5580072 0.8798352 0.5283589 0.9328298 0.5283589 0.8798352 0.5283589 0.8798352 0.4987106 0.9328298 0.4987106 0.9328298 0.5283589 0.8798352 0.4987106 0.9328298 0.4987106 0.8798352 0.4987106 0.8798352 0.4690776 0.9328298 0.4690776 0.9328298 0.4987106 0.8798352 0.4690776 0.9328298 0.4690776 0.8798352 0.4690776 0.8798352 0.4394293 0.9328298 0.4394293 0.9328298 0.4690776 0.8798352 0.4394293 0.9328298 0.4394293 0.8798352 0.4394293 0.8798352 0.4097963 0.9328298 0.4097963 0.9328298 0.4394293 0.8798352 0.4097963 0.9328298 0.4097963 0.8798352 0.4097963 0.8798352 0.380148 0.9328298 0.380148 0.9328298 0.4097963 0.8798352 0.380148 0.9328298 0.380148 0.8798352 0.380148 0.9328298 0.4097963 0.8798352 0.380148 0.8798352 0.4097963 0.9328298 0.4097963 0.9328298 0.4097963 0.8798352 0.4097963 0.9328298 0.4394293 0.8798352 0.4097963 0.8798352 0.4394293 0.9328298 0.4394293 0.9328298 0.4394293 0.8798352 0.4394293 0.9328298 0.4690776 0.8798352 0.4394293 0.8798352 0.4690776 0.9328298 0.4690776 0.9328298 0.4690776 0.8798352 0.4690776 0.9328298 0.4987106 0.8798352 0.4690776 0.8798352 0.4987106 0.9328298 0.4987106 0.9328298 0.4987106 0.8798352 0.4987106 0.9328298 0.5283589 0.8798352 0.4987106 0.8798352 0.5283589 0.9328298 0.5283589 0.9328298 0.5283589 0.8798352 0.5283589 0.9328298 0.5580072 0.8798352 0.5283589 0.8798352 0.5580072 0.9328298 0.5580072 0.9328298 0.5580072 0.8798352 0.5580072 0.9328298 0.5876402 0.8798352 0.5580072 0.8798352 0.5876402 0.9328298 0.5876402 0.9328298 0.5876402 0.8798352 0.5876402 0.9328298 0.6172885 0.8798352 0.5876402 0.8798352 0.6172885 0.9328298 0.6172885 0.9328298 0.6172885 0.8798352 0.6172885 0.9328298 0.6469215 0.8798352 0.6172885 0.8798352 0.6469215 0.9328298 0.6469215 0.9328298 0.6469215 0.8798352 0.6469215 0.9328298 0.6765698 0.8798352 0.6469215 0.8798352 0.6765698 0.9328298 0.6765698 0.9328298 0.6765698 0.8798352 0.6765698 0.9328298 0.7062181 0.8798352 0.6765698 0.8798352 0.7062181 0.9328298 0.7062181 0.9328298 0.7062181 0.8798352 0.7062181 0.9328298 0.735851 0.8798352 0.7062181 0.8798352 0.735851 0.9328298 0.735851 0.9328298 0.735851 0.8798352 0.735851 0.9328298 0.7654994 0.8798352 0.735851 0.8798352 0.7654994 0.9328298 0.7654994 0.9328298 0.7654994 0.8798352 0.7654994 0.9328298 0.7951324 0.8798352 0.7654994 0.8798352 0.7951324 0.9328298 0.7951324 0.9328298 0.7951324 0.8798352 0.7951324 0.9328298 0.8247806 0.8798352 0.7951324 0.8798352 0.8247806 0.9328298 0.8247806 0.9328298 0.8247806 0.8798352 0.8247806 0.9328298 0.8544289 0.8798352 0.8247806 0.8798352 0.8544289 0.9328298 0.8544289 0.9328298 0.8544289 0.8798352 0.8544289 0.9328298 0.8840619 0.8798352 0.8544289 0.8798352 0.8840619 0.9328298 0.8840619 0.9328298 0.8840619 0.8798352 0.8840619 0.9328298 0.9137102 0.8798352 0.8840619 0.8798352 0.9137102 0.9328298 0.9137102 0.9328298 0.9137102 0.8798352 0.9137102 0.9328298 0.9433433 0.8798352 0.9137102 0.8798352 0.9433433 0.9328298 0.9433433 0.9328298 0.9433433 0.8798352 0.9433433 0.9328298 0.9729915 0.8798352 0.9433433 0.8798352 0.9729915 0.9328298 0.9729915 0.9687495 0.4959335 0.9775692 0.4931258 0.9687495 0.4387884 0.9687495 0.4959335 0.9687495 0.4387884 0.9599146 0.4931258 0.9775692 0.4931258 0.9855344 0.485008 0.9687495 0.4387884 0.9599146 0.4931258 0.9687495 0.4387884 0.9519494 0.485008 0.9855344 0.485008 0.9918517 0.4723735 0.9687495 0.4387884 0.9519494 0.485008 0.9687495 0.4387884 0.9456321 0.4723735 0.9918517 0.4723735 0.9959106 0.4564431 0.9687495 0.4387884 0.9456321 0.4723735 0.9687495 0.4387884 0.9415732 0.4564431 0.9959106 0.4564431 0.9973144 0.4387884 0.9687495 0.4387884 0.9415732 0.4564431 0.9687495 0.4387884 0.9401694 0.4387884 0.9973144 0.4387884 0.9959106 0.4211338 0.9687495 0.4387884 0.9401694 0.4387884 0.9687495 0.4387884 0.9415732 0.4211338 0.9959106 0.4211338 0.9918517 0.4052033 0.9687495 0.4387884 0.9415732 0.4211338 0.9687495 0.4387884 0.9456321 0.4052033 0.9918517 0.4052033 0.9855344 0.3925536 0.9687495 0.4387884 0.9456321 0.4052033 0.9687495 0.4387884 0.9519494 0.3925536 0.9687495 0.4387884 0.9855344 0.3925536 0.9775692 0.3844358 0.9687495 0.4387884 0.9599146 0.3844358 0.9519494 0.3925536 0.9687495 0.4387884 0.9775692 0.3844358 0.9687495 0.3816434 0.9687495 0.4387884 0.9687495 0.3816434 0.9599146 0.3844358 0.937911 0.3647974 0.955581 0.3591974 0.937911 0.2505226 0.937911 0.3647974 0.937911 0.2505226 0.9202564 0.3591974 0.955581 0.3591974 0.9715114 0.342977 0.937911 0.2505226 0.9202564 0.3591974 0.937911 0.2505226 0.904326 0.342977 0.9715114 0.342977 0.9841459 0.3176928 0.937911 0.2505226 0.904326 0.342977 0.937911 0.2505226 0.8916914 0.3176928 0.9841459 0.3176928 0.9922637 0.285832 0.937911 0.2505226 0.8916914 0.3176928 0.937911 0.2505226 0.8835737 0.285832 0.9922637 0.285832 0.9950561 0.2505226 0.937911 0.2505226 0.8835737 0.285832 0.937911 0.2505226 0.8807812 0.2505226 0.9950561 0.2505226 0.9922637 0.215198 0.937911 0.2505226 0.8807812 0.2505226 0.937911 0.2505226 0.8835737 0.215198 0.9922637 0.215198 0.9841459 0.1833372 0.937911 0.2505226 0.8835737 0.215198 0.937911 0.2505226 0.8916914 0.1833372 0.9841459 0.1833372 0.9715114 0.1580682 0.937911 0.2505226 0.8916914 0.1833372 0.937911 0.2505226 0.904326 0.1580682 0.9715114 0.1580682 0.955581 0.1418326 0.937911 0.2505226 0.937911 0.2505226 0.9202564 0.1418326 0.904326 0.1580682 0.937911 0.2505226 0.955581 0.1418326 0.937911 0.1362326 0.937911 0.2505226 0.937911 0.1362326 0.9202564 0.1418326 0.9687495 0.4959335 0.9599146 0.4931258 0.9687495 0.4387884 0.9687495 0.4959335 0.9687495 0.4387884 0.9775692 0.4931258 0.9599146 0.4931258 0.9519494 0.485008 0.9687495 0.4387884 0.9775692 0.4931258 0.9687495 0.4387884 0.9855344 0.485008 0.9519494 0.485008 0.9456321 0.4723735 0.9687495 0.4387884 0.9855344 0.485008 0.9687495 0.4387884 0.9918517 0.4723735 0.9456321 0.4723735 0.9415732 0.4564431 0.9687495 0.4387884 0.9918517 0.4723735 0.9687495 0.4387884 0.9959106 0.4564431 0.9415732 0.4564431 0.9401694 0.4387884 0.9687495 0.4387884 0.9959106 0.4564431 0.9687495 0.4387884 0.9973144 0.4387884 0.9401694 0.4387884 0.9415732 0.4211338 0.9687495 0.4387884 0.9973144 0.4387884 0.9687495 0.4387884 0.9959106 0.4211338 0.9415732 0.4211338 0.9456321 0.4052033 0.9687495 0.4387884 0.9959106 0.4211338 0.9687495 0.4387884 0.9918517 0.4052033 0.9456321 0.4052033 0.9519494 0.3925536 0.9687495 0.4387884 0.9918517 0.4052033 0.9687495 0.4387884 0.9855344 0.3925536 0.9519494 0.3925536 0.9599146 0.3844358 0.9687495 0.4387884 0.9687495 0.4387884 0.9775692 0.3844358 0.9855344 0.3925536 0.9687495 0.4387884 0.9599146 0.3844358 0.9687495 0.3816434 0.9687495 0.4387884 0.9687495 0.3816434 0.9775692 0.3844358 0.937911 0.3647974 0.9202564 0.3591974 0.937911 0.2505226 0.937911 0.3647974 0.937911 0.2505226 0.955581 0.3591974 0.9202564 0.3591974 0.904326 0.342977 0.937911 0.2505226 0.955581 0.3591974 0.937911 0.2505226 0.9715114 0.342977 0.904326 0.342977 0.8916914 0.3176928 0.937911 0.2505226 0.9715114 0.342977 0.937911 0.2505226 0.9841459 0.3176928 0.8916914 0.3176928 0.8835737 0.285832 0.937911 0.2505226 0.9841459 0.3176928 0.937911 0.2505226 0.9922637 0.285832 0.8835737 0.285832 0.8807812 0.2505226 0.937911 0.2505226 0.9922637 0.285832 0.937911 0.2505226 0.9950561 0.2505226 0.8807812 0.2505226 0.8835737 0.215198 0.937911 0.2505226 0.9950561 0.2505226 0.937911 0.2505226 0.9922637 0.215198 0.8835737 0.215198 0.8916914 0.1833372 0.937911 0.2505226 0.9922637 0.215198 0.937911 0.2505226 0.9841459 0.1833372 0.8916914 0.1833372 0.904326 0.1580682 0.937911 0.2505226 0.9841459 0.1833372 0.937911 0.2505226 0.9715114 0.1580682 0.937911 0.2505226 0.904326 0.1580682 0.9202564 0.1418326 0.937911 0.2505226 0.955581 0.1418326 0.9715114 0.1580682 0.937911 0.2505226 0.9202564 0.1418326 0.937911 0.1362326 0.937911 0.2505226 0.937911 0.1362326 0.955581 0.1418326</float_array>
          <technique_common>
            <accessor source="#Tire_Rear__M_CarWiicm_001-mesh-map-0-array" count="480" stride="2">
              <param name="S" type="float"/>
              <param name="T" type="float"/>
            </accessor>
          </technique_common>
        </source>
        <source id="Tire_Rear__M_CarWiicm_001-mesh-map-1">
          <float_array id="Tire_Rear__M_CarWiicm_001-mesh-map-1-array" count="960">0.6657206 0.4198672 0.6290684 0.4198672 0.6290684 0.3993744 0.6657206 0.3993744 0.6657206 0.4198672 0.6290684 0.3993744 0.6657206 0.3993744 0.6290684 0.3993744 0.6290684 0.3788663 0.6657206 0.3788663 0.6657206 0.3993744 0.6290684 0.3788663 0.6657206 0.3788663 0.6290684 0.3788663 0.6290684 0.3583581 0.6657206 0.3583581 0.6657206 0.3788663 0.6290684 0.3583581 0.6657206 0.3583581 0.6290684 0.3583581 0.6290684 0.3378652 0.6657206 0.3378652 0.6657206 0.3583581 0.6290684 0.3378652 0.6657206 0.3378652 0.6290684 0.3378652 0.6290684 0.3173571 0.6657206 0.3173571 0.6657206 0.3378652 0.6290684 0.3173571 0.6657206 0.3173571 0.6290684 0.3173571 0.6290684 0.296849 0.6657206 0.296849 0.6657206 0.3173571 0.6290684 0.296849 0.6657206 0.296849 0.6290684 0.296849 0.6290684 0.2763562 0.6657206 0.2763562 0.6657206 0.296849 0.6290684 0.2763562 0.6657206 0.2763562 0.6290684 0.2763562 0.6290684 0.255848 0.6657206 0.255848 0.6657206 0.2763562 0.6290684 0.255848 0.6657206 0.255848 0.6290684 0.255848 0.6290684 0.2353399 0.6657206 0.2353399 0.6657206 0.255848 0.6290684 0.2353399 0.6657206 0.2353399 0.6290684 0.2353399 0.6290684 0.2148318 0.6657206 0.2148318 0.6657206 0.2353399 0.6290684 0.2148318 0.6657206 0.2148318 0.6290684 0.2148318 0.6290684 0.1943389 0.6657206 0.1943389 0.6657206 0.2148318 0.6290684 0.1943389 0.6657206 0.1943389 0.6290684 0.1943389 0.6290684 0.1738308 0.6657206 0.1738308 0.6657206 0.1943389 0.6290684 0.1738308 0.6657206 0.1738308 0.6290684 0.1738308 0.6290684 0.1533226 0.6657206 0.1533226 0.6657206 0.1738308 0.6290684 0.1533226 0.6657206 0.1533226 0.6290684 0.1533226 0.6290684 0.1328298 0.6657206 0.1328298 0.6657206 0.1533226 0.6290684 0.1328298 0.6657206 0.1328298 0.6290684 0.1328298 0.6290684 0.1123217 0.6657206 0.1123217 0.6657206 0.1328298 0.6290684 0.1123217 0.6657206 0.1123217 0.6290684 0.1123217 0.6290684 0.09181356 0.6657206 0.09181356 0.6657206 0.1123217 0.6290684 0.09181356 0.6657206 0.09181356 0.6290684 0.09181356 0.6290684 0.07132065 0.6657206 0.07132065 0.6657206 0.09181356 0.6290684 0.07132065 0.6657206 0.07132065 0.6290684 0.07132065 0.6290684 0.05081254 0.6657206 0.05081254 0.6657206 0.07132065 0.6290684 0.05081254 0.6657206 0.05081254 0.6290684 0.05081254 0.6290684 0.03030443 0.6657206 0.03030443 0.6657206 0.05081254 0.6290684 0.03030443 0.6657206 0.03030443 0.6290684 0.03030443 0.6290684 0.009796321 0.6657206 0.009796321 0.6657206 0.03030443 0.6290684 0.009796321 0.5723965 0.009796321 0.6090486 0.009796321 0.5723965 0.03030443 0.6090486 0.009796321 0.6090486 0.03030443 0.5723965 0.03030443 0.5723965 0.03030443 0.6090486 0.03030443 0.5723965 0.05081254 0.6090486 0.03030443 0.6090486 0.05081254 0.5723965 0.05081254 0.5723965 0.05081254 0.6090486 0.05081254 0.5723965 0.07132065 0.6090486 0.05081254 0.6090486 0.07132065 0.5723965 0.07132065 0.5723965 0.07132065 0.6090486 0.07132065 0.5723965 0.09181356 0.6090486 0.07132065 0.6090486 0.09181356 0.5723965 0.09181356 0.5723965 0.09181356 0.6090486 0.09181356 0.5723965 0.1123217 0.6090486 0.09181356 0.6090486 0.1123217 0.5723965 0.1123217 0.5723965 0.1123217 0.6090486 0.1123217 0.5723965 0.1328298 0.6090486 0.1123217 0.6090486 0.1328298 0.5723965 0.1328298 0.5723965 0.1328298 0.6090486 0.1328298 0.5723965 0.1533226 0.6090486 0.1328298 0.6090486 0.1533226 0.5723965 0.1533226 0.5723965 0.1533226 0.6090486 0.1533226 0.5723965 0.1738308 0.6090486 0.1533226 0.6090486 0.1738308 0.5723965 0.1738308 0.5723965 0.1738308 0.6090486 0.1738308 0.5723965 0.1943389 0.6090486 0.1738308 0.6090486 0.1943389 0.5723965 0.1943389 0.5723965 0.1943389 0.6090486 0.1943389 0.5723965 0.2148318 0.6090486 0.1943389 0.6090486 0.2148318 0.5723965 0.2148318 0.5723965 0.2148318 0.6090486 0.2148318 0.5723965 0.2353399 0.6090486 0.2148318 0.6090486 0.2353399 0.5723965 0.2353399 0.5723965 0.2353399 0.6090486 0.2353399 0.5723965 0.255848 0.6090486 0.2353399 0.6090486 0.255848 0.5723965 0.255848 0.5723965 0.255848 0.6090486 0.255848 0.5723965 0.2763562 0.6090486 0.255848 0.6090486 0.2763562 0.5723965 0.2763562 0.5723965 0.2763562 0.6090486 0.2763562 0.5723965 0.296849 0.6090486 0.2763562 0.6090486 0.296849 0.5723965 0.296849 0.5723965 0.296849 0.6090486 0.296849 0.5723965 0.3173571 0.6090486 0.296849 0.6090486 0.3173571 0.5723965 0.3173571 0.5723965 0.3173571 0.6090486 0.3173571 0.5723965 0.3378652 0.6090486 0.3173571 0.6090486 0.3378652 0.5723965 0.3378652 0.5723965 0.3378652 0.6090486 0.3378652 0.5723965 0.3583581 0.6090486 0.3378652 0.6090486 0.3583581 0.5723965 0.3583581 0.5723965 0.3583581 0.6090486 0.3583581 0.5723965 0.3788663 0.6090486 0.3583581 0.6090486 0.3788663 0.5723965 0.3788663 0.5723965 0.3788663 0.6090486 0.3788663 0.5723965 0.3993744 0.6090486 0.3788663 0.6090486 0.3993744 0.5723965 0.3993744 0.5723965 0.3993744 0.6090486 0.3993744 0.5723965 0.4198672 0.6090486 0.3993744 0.6090486 0.4198672 0.5723965 0.4198672 0.913283 0.8945907 0.9071794 0.892668 0.913283 0.8550698 0.913283 0.8945907 0.913283 0.8550698 0.9193866 0.892668 0.9071794 0.892668 0.9016709 0.8870527 0.913283 0.8550698 0.9193866 0.892668 0.913283 0.8550698 0.9248951 0.8870527 0.9016709 0.8870527 0.8972915 0.8783093 0.913283 0.8550698 0.9248951 0.8870527 0.913283 0.8550698 0.9292744 0.8783093 0.8972915 0.8783093 0.8944839 0.867277 0.913283 0.8550698 0.9292744 0.8783093 0.913283 0.8550698 0.9320821 0.867277 0.8944839 0.867277 0.8935226 0.8550698 0.913283 0.8550698 0.9320821 0.867277 0.913283 0.8550698 0.9330434 0.8550698 0.8935226 0.8550698 0.8944839 0.8428626 0.913283 0.8550698 0.9330434 0.8550698 0.913283 0.8550698 0.9320821 0.8428626 0.8944839 0.8428626 0.8972915 0.8318456 0.913283 0.8550698 0.9320821 0.8428626 0.913283 0.8550698 0.9292744 0.8318456 0.8972915 0.8318456 0.9016709 0.8231022 0.913283 0.8550698 0.9292744 0.8318456 0.913283 0.8550698 0.9248951 0.8231022 0.913283 0.8550698 0.9016709 0.8231022 0.9071794 0.8174868 0.913283 0.8550698 0.9193866 0.8174868 0.9248951 0.8231022 0.913283 0.8550698 0.9071794 0.8174868 0.913283 0.815549 0.913283 0.8550698 0.913283 0.815549 0.9193866 0.8174868 0.8518196 0.8133364 0.8396124 0.8094606 0.8518196 0.7342947 0.8518196 0.8133364 0.8518196 0.7342947 0.8640268 0.8094758 0.8396124 0.8094606 0.8285954 0.7982452 0.8518196 0.7342947 0.8640268 0.8094758 0.8518196 0.7342947 0.8750439 0.7982452 0.8285954 0.7982452 0.819852 0.7807584 0.8518196 0.7342947 0.8750439 0.7982452 0.8518196 0.7342947 0.8838025 0.7807584 0.819852 0.7807584 0.8142366 0.7587091 0.8518196 0.7342947 0.8838025 0.7807584 0.8518196 0.7342947 0.8894026 0.7587091 0.8142366 0.7587091 0.8122988 0.7342947 0.8518196 0.7342947 0.8894026 0.7587091 0.8518196 0.7342947 0.8913405 0.7342947 0.8122988 0.7342947 0.8142366 0.709865 0.8518196 0.7342947 0.8913405 0.7342947 0.8518196 0.7342947 0.8894026 0.709865 0.8142366 0.709865 0.819852 0.6878309 0.8518196 0.7342947 0.8894026 0.709865 0.8518196 0.7342947 0.8838025 0.6878309 0.819852 0.6878309 0.8285954 0.6703441 0.8518196 0.7342947 0.8838025 0.6878309 0.8518196 0.7342947 0.8750439 0.6703441 0.8285954 0.6703441 0.8396124 0.6591134 0.8518196 0.7342947 0.8518196 0.7342947 0.8640268 0.6591134 0.8750439 0.6703441 0.8518196 0.7342947 0.8396124 0.6591134 0.8518196 0.6552377 0.8518196 0.7342947 0.8518196 0.6552377 0.8640268 0.6591134 0.6563821 0.871931 0.6502784 0.8699932 0.6563821 0.8324102 0.6563821 0.871931 0.6563821 0.8324102 0.6624857 0.8699932 0.6502784 0.8699932 0.64477 0.8643778 0.6563821 0.8324102 0.6624857 0.8699932 0.6563821 0.8324102 0.6679942 0.8643778 0.64477 0.8643778 0.6403906 0.8556344 0.6563821 0.8324102 0.6679942 0.8643778 0.6563821 0.8324102 0.6723735 0.8556344 0.6403906 0.8556344 0.637583 0.8446174 0.6563821 0.8324102 0.6723735 0.8556344 0.6563821 0.8324102 0.6751812 0.8446174 0.637583 0.8446174 0.6366217 0.8324102 0.6563821 0.8324102 0.6751812 0.8446174 0.6563821 0.8324102 0.6761425 0.8324102 0.6366217 0.8324102 0.637583 0.8201877 0.6563821 0.8324102 0.6761425 0.8324102 0.6563821 0.8324102 0.6751812 0.8201877 0.637583 0.8201877 0.6403906 0.8091707 0.6563821 0.8324102 0.6751812 0.8201877 0.6563821 0.8324102 0.6723735 0.8091707 0.6403906 0.8091707 0.64477 0.8004273 0.6563821 0.8324102 0.6723735 0.8091707 0.6563821 0.8324102 0.6679942 0.8004273 0.64477 0.8004273 0.6502784 0.794812 0.6563821 0.8324102 0.6563821 0.8324102 0.6624857 0.794812 0.6679942 0.8004273 0.6563821 0.8324102 0.6502784 0.794812 0.6563821 0.792874 0.6563821 0.8324102 0.6563821 0.792874 0.6624857 0.794812 0.1170062 0.6792248 0.1047837 0.6753491 0.1170062 0.6001679 0.1170062 0.6792248 0.1170062 0.6001679 0.1292134 0.6753491 0.1047837 0.6753491 0.09376668 0.6641184 0.1170062 0.6001679 0.1292134 0.6753491 0.1170062 0.6001679 0.1402304 0.6641184 0.09376668 0.6641184 0.08502322 0.6466316 0.1170062 0.6001679 0.1402304 0.6641184 0.1170062 0.6001679 0.1489738 0.6466316 0.08502322 0.6466316 0.07940793 0.6245975 0.1170062 0.6001679 0.1489738 0.6466316 0.1170062 0.6001679 0.1545891 0.6245975 0.07940793 0.6245975 0.07747006 0.6001679 0.1170062 0.6001679 0.1545891 0.6245975 0.1170062 0.6001679 0.156527 0.6001679 0.07747006 0.6001679 0.07940793 0.5757382 0.1170062 0.6001679 0.156527 0.6001679 0.1170062 0.6001679 0.1545891 0.5757382 0.07940793 0.5757382 0.08502322 0.5537041 0.1170062 0.6001679 0.1545891 0.5757382 0.1170062 0.6001679 0.1489738 0.5537041 0.08502322 0.5537041 0.09376668 0.5362173 0.1170062 0.6001679 0.1489738 0.5537041 0.1170062 0.6001679 0.1402304 0.5362173 0.1170062 0.6001679 0.09376668 0.5362173 0.1047837 0.5249866 0.1170062 0.6001679 0.1292134 0.5249866 0.1402304 0.5362173 0.1170062 0.6001679 0.1047837 0.5249866 0.1170062 0.5211262 0.1170062 0.6001679 0.1170062 0.5211262 0.1292134 0.5249866</float_array>
          <technique_common>
            <accessor source="#Tire_Rear__M_CarWiicm_001-mesh-map-1-array" count="480" stride="2">
              <param name="S" type="float"/>
              <param name="T" type="float"/>
            </accessor>
          </technique_common>
        </source>
        <vertices id="Tire_Rear__M_CarWiicm_001-mesh-vertices">
          <input semantic="POSITION" source="#Tire_Rear__M_CarWiicm_001-mesh-positions"/>
        </vertices>
        <triangles material="M_CarWiicm_001-material" count="160">
          <input semantic="VERTEX" source="#Tire_Rear__M_CarWiicm_001-mesh-vertices" offset="0"/>
          <input semantic="NORMAL" source="#Tire_Rear__M_CarWiicm_001-mesh-normals" offset="1"/>
          <input semantic="TEXCOORD" source="#Tire_Rear__M_CarWiicm_001-mesh-map-0" offset="2" set="0"/>
          <input semantic="TEXCOORD" source="#Tire_Rear__M_CarWiicm_001-mesh-map-1" offset="2" set="1"/>
          <p>0 0 0 1 0 1 2 1 2 3 1 3 0 0 4 2 1 5 3 1 6 2 1 7 4 2 8 5 3 9 3 1 10 4 2 11 5 3 12 4 2 13 6 4 14 7 4 15 5 3 16 6 4 17 7 4 18 6 4 19 8 5 20 9 5 21 7 4 22 8 5 23 9 5 24 8 5 25 10 6 26 11 6 27 9 5 28 10 6 29 11 6 30 10 6 31 12 7 32 13 7 33 11 6 34 12 7 35 13 7 36 12 7 37 14 8 38 15 8 39 13 7 40 14 8 41 15 8 42 14 8 43 16 9 44 17 9 45 15 8 46 16 9 47 17 9 48 16 9 49 18 10 50 19 10 51 17 9 52 18 10 53 19 10 54 18 10 55 20 11 56 21 11 57 19 10 58 20 11 59 21 11 60 20 11 61 22 12 62 23 12 63 21 11 64 22 12 65 23 12 66 22 12 67 24 13 68 25 13 69 23 12 70 24 13 71 25 13 72 24 13 73 26 14 74 27 14 75 25 13 76 26 14 77 27 14 78 26 14 79 28 15 80 29 15 81 27 14 82 28 15 83 29 15 84 28 15 85 30 16 86 31 16 87 29 15 88 30 16 89 31 16 90 30 16 91 32 17 92 33 17 93 31 16 94 32 17 95 33 17 96 32 17 97 34 18 98 35 18 99 33 17 100 34 18 101 35 18 102 34 18 103 36 19 104 37 19 105 35 18 106 36 19 107 37 19 108 36 19 109 38 20 110 39 20 111 37 19 112 38 20 113 39 20 114 38 20 115 40 21 116 41 21 117 39 20 118 40 21 119 42 21 120 43 21 121 44 20 122 43 21 123 45 20 124 44 20 125 44 20 126 45 20 127 46 19 128 45 20 129 47 19 130 46 19 131 46 19 132 47 19 133 48 18 134 47 19 135 49 18 136 48 18 137 48 18 138 49 18 139 50 17 140 49 18 141 51 17 142 50 17 143 50 17 144 51 17 145 52 16 146 51 17 147 53 16 148 52 16 149 52 16 150 53 16 151 54 15 152 53 16 153 55 15 154 54 15 155 54 15 156 55 15 157 56 14 158 55 15 159 57 14 160 56 14 161 56 14 162 57 14 163 58 13 164 57 14 165 59 13 166 58 13 167 58 13 168 59 13 169 60 12 170 59 13 171 61 12 172 60 12 173 60 12 174 61 12 175 62 11 176 61 12 177 63 11 178 62 11 179 62 11 180 63 11 181 64 10 182 63 11 183 65 10 184 64 10 185 64 10 186 65 10 187 66 9 188 65 10 189 67 9 190 66 9 191 66 9 192 67 9 193 68 8 194 67 9 195 69 8 196 68 8 197 68 8 198 69 8 199 70 7 200 69 8 201 71 7 202 70 7 203 70 7 204 71 7 205 72 6 206 71 7 207 73 6 208 72 6 209 72 6 210 73 6 211 74 5 212 73 6 213 75 5 214 74 5 215 74 5 216 75 5 217 76 4 218 75 5 219 77 4 220 76 4 221 76 4 222 77 4 223 78 3 224 77 4 225 79 2 226 78 3 227 78 3 228 79 2 229 80 1 230 79 2 231 81 1 232 80 1 233 80 1 234 81 1 235 82 0 236 81 1 237 83 0 238 82 0 239 84 22 240 85 22 241 86 22 242 84 22 243 86 22 244 87 22 245 85 22 246 88 22 247 86 22 248 87 22 249 86 22 250 89 22 251 88 22 252 90 22 253 86 22 254 89 22 255 86 22 256 91 22 257 90 22 258 92 22 259 86 22 260 91 22 261 86 22 262 93 22 263 92 22 264 94 22 265 86 22 266 93 22 267 86 22 268 95 22 269 94 22 270 96 22 271 86 22 272 95 22 273 86 22 274 97 22 275 96 22 276 98 22 277 86 22 278 97 22 279 86 22 280 99 22 281 98 22 282 100 22 283 86 22 284 99 22 285 86 22 286 101 22 287 86 22 288 100 22 289 102 22 290 86 22 291 103 22 292 101 22 293 86 22 294 102 22 295 104 22 296 86 22 297 104 22 298 103 22 299 105 23 300 106 24 301 107 25 302 105 23 303 107 25 304 108 26 305 106 24 306 109 27 307 107 25 308 108 26 309 107 25 310 110 28 311 109 27 312 111 29 313 107 25 314 110 28 315 107 25 316 112 30 317 111 29 318 113 31 319 107 25 320 112 30 321 107 25 322 114 32 323 113 31 324 115 33 325 107 25 326 114 32 327 107 25 328 116 34 329 115 33 330 117 35 331 107 25 332 116 34 333 107 25 334 118 36 335 117 35 336 119 37 337 107 25 338 118 36 339 107 25 340 120 38 341 119 37 342 121 39 343 107 25 344 120 38 345 107 25 346 122 40 347 121 39 348 123 41 349 107 25 350 107 25 351 124 42 352 122 40 353 107 25 354 123 41 355 125 43 356 107 25 357 125 43 358 124 42 359 126 25 360 127 25 361 128 25 362 126 25 363 128 25 364 129 25 365 127 25 366 130 25 367 128 25 368 129 25 369 128 25 370 131 25 371 130 25 372 132 25 373 128 25 374 131 25 375 128 25 376 133 25 377 132 25 378 134 25 379 128 25 380 133 25 381 128 25 382 135 25 383 134 25 384 136 25 385 128 25 386 135 25 387 128 25 388 137 25 389 136 25 390 138 25 391 128 25 392 137 25 393 128 25 394 139 25 395 138 25 396 140 25 397 128 25 398 139 25 399 128 25 400 141 25 401 140 25 402 142 25 403 128 25 404 141 25 405 128 25 406 143 25 407 142 25 408 144 25 409 128 25 410 128 25 411 145 25 412 143 25 413 128 25 414 144 25 415 146 25 416 128 25 417 146 25 418 145 25 419 147 44 420 148 45 421 149 22 422 147 44 423 149 22 424 150 46 425 148 45 426 151 47 427 149 22 428 150 46 429 149 22 430 152 48 431 151 47 432 153 49 433 149 22 434 152 48 435 149 22 436 154 50 437 153 49 438 155 51 439 149 22 440 154 50 441 149 22 442 156 52 443 155 51 444 157 53 445 149 22 446 156 52 447 149 22 448 158 54 449 157 53 450 159 55 451 149 22 452 158 54 453 149 22 454 160 56 455 159 55 456 161 57 457 149 22 458 160 56 459 149 22 460 162 58 461 161 57 462 163 59 463 149 22 464 162 58 465 149 22 466 164 60 467 149 22 468 163 59 469 165 61 470 149 22 471 166 62 472 164 60 473 149 22 474 165 61 475 167 63 476 149 22 477 167 63 478 166 62 479</p>
        </triangles>
      </mesh>
    </geometry>
    <geometry id="Tire_Frontwe__M_CarWiicm_001-mesh" name="Tire_Frontwe__M_CarWiicm.001">
      <mesh>
        <source id="Tire_Frontwe__M_CarWiicm_001-mesh-positions">
          <float_array id="Tire_Frontwe__M_CarWiicm_001-mesh-positions-array" count="786">-24.16355 19.4639 34.15422 -31.33301 19.4639 34.1542 -31.33301 18.05005 36.92904 -24.16355 18.05005 36.92905 -31.33301 15.84793 39.13116 -24.16355 15.84793 39.13118 -31.33301 13.07309 40.54502 -24.16355 13.07309 40.54502 -31.33301 9.997156 41.0322 -24.16355 9.997156 41.03221 -31.33301 6.92122 40.54502 -24.16355 6.92122 40.54502 -31.33301 4.146381 39.13116 -24.16355 4.146381 39.13118 -31.33301 1.944258 36.92904 -24.16355 1.944257 36.92905 -31.33301 0.530407 34.15421 -24.16355 0.530407 34.15422 -31.33301 0.04322624 31.07825 -24.16355 0.04322624 31.07827 -31.33301 0.5304079 28.00235 -24.16355 0.530407 28.00235 -31.33301 1.94426 25.2275 -24.16355 1.944259 25.22751 -31.33301 4.146382 23.02537 -24.16355 4.146381 23.02539 -31.33301 6.921222 21.61153 -24.16355 6.921222 21.61153 -31.33301 9.997156 21.12435 -24.16355 9.997156 21.12436 -31.33301 13.07308 21.61153 -24.16355 13.07309 21.61154 -31.33301 15.84793 23.02537 -24.16355 15.84793 23.02539 -31.33301 18.05005 25.2275 -24.16355 18.05005 25.22751 -31.33301 19.4639 28.00235 -24.16355 19.4639 28.00235 -31.33301 19.95108 31.07825 -24.16355 19.95108 31.07827 -31.33301 19.4639 34.1542 -24.16355 19.4639 34.15422 24.16355 19.4639 34.15422 31.33301 19.4639 34.1542 24.16356 19.95108 31.07827 31.33301 19.95108 31.07825 24.16355 19.4639 28.00235 31.33301 19.4639 28.00235 24.16355 18.05005 25.22751 31.33301 18.05005 25.2275 24.16355 15.84793 23.02539 31.33301 15.84793 23.02537 24.16356 13.07309 21.61154 31.33301 13.07308 21.61153 24.16356 9.997156 21.12436 31.33301 9.997156 21.12435 24.16356 6.921222 21.61153 31.33301 6.921222 21.61153 24.16355 4.146381 23.02539 31.33301 4.146382 23.02537 24.16356 1.944259 25.22751 31.33301 1.94426 25.2275 24.16355 0.530407 28.00235 31.33301 0.5304079 28.00235 24.16356 0.04322624 31.07827 31.33301 0.04322624 31.07825 24.16355 0.530407 34.15422 31.33301 0.530407 34.15421 24.16356 1.944257 36.92905 31.33301 1.944258 36.92904 24.16355 4.146381 39.13118 31.33301 4.146381 39.13116 24.16355 6.92122 40.54502 31.33301 6.92122 40.54502 24.16355 9.997156 41.03221 31.33301 9.997156 41.0322 24.16355 13.07309 40.54502 31.33301 13.07309 40.54502 24.16355 15.84793 39.13118 31.33301 15.84793 39.13116 24.16356 18.05005 36.92905 31.33301 18.05005 36.92904 24.16355 19.4639 34.15422 31.33301 19.4639 34.1542 -24.16355 19.95108 31.07827 -24.16355 19.4639 34.15422 -24.16355 9.997156 31.07827 -24.16355 19.4639 28.00235 -24.16355 18.05005 36.92905 -24.16355 18.05005 25.22751 -24.16355 15.84793 39.13118 -24.16355 15.84793 23.02539 -24.16355 13.07309 40.54502 -24.16355 13.07309 21.61154 -24.16355 9.997156 41.03221 -24.16355 9.997156 21.12436 -24.16355 6.92122 40.54502 -24.16355 6.921222 21.61153 -24.16355 4.146381 39.13118 -24.16355 4.146381 23.02539 -24.16355 1.944257 36.92905 -24.16355 1.944259 25.22751 -24.16355 0.530407 34.15422 -24.16355 0.530407 28.00235 -24.16355 0.04322624 31.07827 -31.33301 19.95108 31.07825 -31.33301 19.4639 28.00235 -32.01639 9.997156 31.07825 -31.33301 19.4639 34.1542 -31.33301 18.05005 25.2275 -31.33301 18.05005 36.92904 -31.33301 15.84793 23.02537 -31.33301 15.84793 39.13116 -31.33301 13.07308 21.61153 -31.33301 13.07309 40.54502 -31.33301 9.997156 21.12435 -31.33301 9.997156 41.0322 -31.33301 6.921222 21.61153 -31.33301 6.92122 40.54502 -31.33301 4.146382 23.02537 -31.33301 4.146381 39.13116 -31.33301 1.94426 25.2275 -31.33301 1.944258 36.92904 -31.33301 0.5304079 28.00235 -31.33301 0.530407 34.15421 -31.33301 0.04322624 31.07825 24.16356 19.95108 31.07827 24.16355 19.4639 28.00235 24.16356 9.997156 31.07827 24.16355 19.4639 34.15422 24.16355 18.05005 25.22751 24.16356 18.05005 36.92905 24.16355 15.84793 23.02539 24.16355 15.84793 39.13118 24.16356 13.07309 21.61154 24.16355 13.07309 40.54502 24.16356 9.997156 21.12436 24.16355 9.997156 41.03221 24.16356 6.921222 21.61153 24.16355 6.92122 40.54502 24.16355 4.146381 23.02539 24.16355 4.146381 39.13118 24.16356 1.944259 25.22751 24.16356 1.944257 36.92905 24.16355 0.530407 28.00235 24.16355 0.530407 34.15422 24.16356 0.04322624 31.07827 31.33301 19.95108 31.07825 31.33301 19.4639 34.1542 32.01638 9.997156 31.07825 31.33301 19.4639 28.00235 31.33301 18.05005 36.92904 31.33301 18.05005 25.2275 31.33301 15.84793 39.13116 31.33301 15.84793 23.02537 31.33301 13.07309 40.54502 31.33301 13.07308 21.61153 31.33301 9.997156 41.0322 31.33301 9.997156 21.12435 31.33301 6.92122 40.54502 31.33301 6.921222 21.61153 31.33301 4.146381 39.13116 31.33301 4.146382 23.02537 31.33301 1.944258 36.92904 31.33301 1.94426 25.2275 31.33301 0.530407 34.15421 31.33301 0.5304079 28.00235 31.33301 0.04322624 31.07825 -24.16355 13.07309 40.54502 -31.33301 13.07309 40.54502 -24.16355 6.92122 40.54502 -31.33301 6.92122 40.54502 31.33301 6.92122 40.54502 31.33301 13.07309 40.54502 24.16355 13.07309 40.54502 24.16355 6.92122 40.54502 24.16356 9.997156 31.07827 24.16355 13.07309 40.54502 24.16356 1.944257 36.92905 24.16356 0.04322624 31.07827 24.16356 1.944259 25.22751 24.16356 6.921222 21.61153 24.16356 13.07309 21.61154 -31.33301 1.94426 25.2275 -31.33301 6.921222 21.61153 -24.16355 6.921222 21.61153 -24.16355 1.944259 25.22751 -31.33301 0.04322624 31.07825 -24.16355 0.04322624 31.07827 -31.33301 1.944258 36.92904 -32.01639 9.997156 31.07825 -24.16355 1.944257 36.92905 -31.33301 6.92122 40.54502 -24.16355 6.92122 40.54502 24.16356 1.944259 25.22751 24.16356 6.921222 21.61153 31.33301 6.921222 21.61153 31.33301 1.94426 25.2275 24.16356 0.04322624 31.07827 31.33301 0.04322624 31.07825 24.16356 1.944257 36.92905 31.33301 1.944258 36.92904 32.01638 9.997156 31.07825 24.16355 6.92122 40.54502 31.33301 6.92122 40.54502 -24.16355 18.05005 25.22751 -24.16355 9.997156 31.07827 -24.16355 13.07309 21.61154 -24.16355 19.95108 31.07827 -24.16355 18.05005 36.92905 -24.16355 13.07309 40.54502 -31.33301 18.05005 36.92904 -31.33301 13.07309 40.54502 -31.33301 19.95108 31.07825 -24.16355 19.95108 31.07827 -31.33301 18.05005 25.2275 -31.33301 19.95108 31.07825 -24.16355 18.05005 25.22751 -32.01639 9.997156 31.07825 -31.33301 18.05005 36.92904 -31.33301 13.07309 40.54502 -31.33301 6.92122 40.54502 -31.33301 1.944258 36.92904 -31.33301 13.07308 21.61153 -24.16355 13.07309 21.61154 -31.33301 1.94426 25.2275 -31.33301 0.04322624 31.07825 -31.33301 6.921222 21.61153 -24.16355 6.921222 21.61153 24.16356 13.07309 21.61154 24.16356 9.997156 31.07827 24.16355 18.05005 25.22751 24.16356 19.95108 31.07827 24.16356 18.05005 36.92905 24.16355 13.07309 40.54502 31.33301 13.07309 40.54502 31.33301 18.05005 36.92904 31.33301 18.05005 36.92904 24.16356 19.95108 31.07827 31.33301 19.95108 31.07825 24.16355 18.05005 25.22751 24.16356 19.95108 31.07827 31.33301 18.05005 25.2275 24.16356 13.07309 21.61154 32.01638 9.997156 31.07825 31.33301 18.05005 36.92904 31.33301 13.07308 21.61153 24.16356 6.921222 21.61153 31.33301 6.921222 21.61153 31.33301 13.07309 40.54502 31.33301 1.94426 25.2275 31.33301 0.04322624 31.07825 31.33301 6.92122 40.54502 31.33301 1.944258 36.92904 -24.16355 13.07309 21.61154 -24.16355 9.997156 31.07827 -24.16355 6.921222 21.61153 -24.16355 1.944259 25.22751 -24.16355 0.04322624 31.07827 -24.16355 1.944257 36.92905 -24.16355 6.92122 40.54502 -24.16355 13.07309 40.54502</float_array>
          <technique_common>
            <accessor source="#Tire_Frontwe__M_CarWiicm_001-mesh-positions-array" count="262" stride="3">
              <param name="X" type="float"/>
              <param name="Y" type="float"/>
              <param name="Z" type="float"/>
            </accessor>
          </technique_common>
        </source>
        <source id="Tire_Frontwe__M_CarWiicm_001-mesh-normals">
          <float_array id="Tire_Frontwe__M_CarWiicm_001-mesh-normals-array" count="192">0 0.8910139 0.4539761 0 0.8090303 0.587767 0 0.587787 0.8090158 0 0.587767 0.8090303 0 0.309004 0.9510608 0 0 1 0 -0.309004 0.9510608 0 -0.587767 0.8090303 0 -0.8090303 0.587767 0 -0.9510608 0.309004 0 -1 0 0 -0.9510608 -0.309004 0 -0.8090303 -0.587767 0 -0.587767 -0.8090303 0 -0.309004 -0.9510608 0 0 -1 0 0.309004 -0.9510608 0 0.587767 -0.8090303 0 0.8090303 -0.587767 0 0.9510608 -0.309004 0 1 0 0 0.9876922 0.1564108 1 0 0 -0.9976522 0.06848365 0 -0.997653 0.06512665 -0.02114933 -1 0 0 -0.997653 0.06512665 0.02114933 -0.9976531 0.05539125 -0.04025399 -0.9976531 0.05539125 0.04025399 -0.9976531 0.04025399 -0.05539125 -0.9976531 0.04025399 0.05539125 -0.997653 0.02114933 -0.06512665 -0.997653 0.02114933 0.06512665 -0.9976522 0 -0.06848365 -0.9976522 0 0.06848365 -0.997653 -0.02114933 -0.06512665 -0.997653 -0.02114933 0.06512665 -0.9976531 -0.04025399 -0.05539125 -0.9976531 -0.04025399 0.05539125 -0.9976531 -0.05539125 -0.04025399 -0.9976531 -0.05539125 0.04025399 -0.997653 -0.06512665 -0.02114933 -0.997653 -0.06512665 0.02114933 -0.9976522 -0.06848365 0 0.9976522 0.06848365 0 0.997653 0.06512665 0.02114933 0.997653 0.06512665 -0.02114933 0.9976531 0.05539125 0.04025399 0.9976531 0.05539125 -0.04025399 0.9976531 0.04025399 0.05539125 0.9976531 0.04025399 -0.05539125 0.997653 0.02114933 0.06512665 0.997653 0.02114933 -0.06512665 0.9976522 0 0.06848365 0.9976522 0 -0.06848365 0.997653 -0.02114933 0.06512665 0.997653 -0.02114933 -0.06512665 0.9976531 -0.04025399 0.05539125 0.9976531 -0.04025399 -0.05539125 0.9976531 -0.05539125 0.04025399 0.9976531 -0.05539125 -0.04025399 0.997653 -0.06512665 0.02114933 0.997653 -0.06512665 -0.02114933 0.9976522 -0.06848365 0</float_array>
          <technique_common>
            <accessor source="#Tire_Frontwe__M_CarWiicm_001-mesh-normals-array" count="64" stride="3">
              <param name="X" type="float"/>
              <param name="Y" type="float"/>
              <param name="Z" type="float"/>
            </accessor>
          </technique_common>
        </source>
        <source id="Tire_Frontwe__M_CarWiicm_001-mesh-map-0">
          <float_array id="Tire_Frontwe__M_CarWiicm_001-mesh-map-0-array" count="960">0.9328298 0.9729915 0.8798352 0.9729915 0.8798352 0.9433433 0.9328298 0.9433433 0.9328298 0.9729915 0.8798352 0.9433433 0.9328298 0.9433433 0.8798352 0.9433433 0.8798352 0.9137102 0.9328298 0.9137102 0.9328298 0.9433433 0.8798352 0.9137102 0.9328298 0.9137102 0.8798352 0.9137102 0.8798352 0.8840619 0.9328298 0.8840619 0.9328298 0.9137102 0.8798352 0.8840619 0.9328298 0.8840619 0.8798352 0.8840619 0.8798352 0.8544289 0.9328298 0.8544289 0.9328298 0.8840619 0.8798352 0.8544289 0.9328298 0.8544289 0.8798352 0.8544289 0.8798352 0.8247806 0.9328298 0.8247806 0.9328298 0.8544289 0.8798352 0.8247806 0.9328298 0.8247806 0.8798352 0.8247806 0.8798352 0.7951324 0.9328298 0.7951324 0.9328298 0.8247806 0.8798352 0.7951324 0.9328298 0.7951324 0.8798352 0.7951324 0.8798352 0.7654994 0.9328298 0.7654994 0.9328298 0.7951324 0.8798352 0.7654994 0.9328298 0.7654994 0.8798352 0.7654994 0.8798352 0.735851 0.9328298 0.735851 0.9328298 0.7654994 0.8798352 0.735851 0.9328298 0.735851 0.8798352 0.735851 0.8798352 0.7062181 0.9328298 0.7062181 0.9328298 0.735851 0.8798352 0.7062181 0.9328298 0.7062181 0.8798352 0.7062181 0.8798352 0.6765698 0.9328298 0.6765698 0.9328298 0.7062181 0.8798352 0.6765698 0.9328298 0.6765698 0.8798352 0.6765698 0.8798352 0.6469215 0.9328298 0.6469215 0.9328298 0.6765698 0.8798352 0.6469215 0.9328298 0.6469215 0.8798352 0.6469215 0.8798352 0.6172885 0.9328298 0.6172885 0.9328298 0.6469215 0.8798352 0.6172885 0.9328298 0.6172885 0.8798352 0.6172885 0.8798352 0.5876402 0.9328298 0.5876402 0.9328298 0.6172885 0.8798352 0.5876402 0.9328298 0.5876402 0.8798352 0.5876402 0.8798352 0.5580072 0.9328298 0.5580072 0.9328298 0.5876402 0.8798352 0.5580072 0.9328298 0.5580072 0.8798352 0.5580072 0.8798352 0.5283589 0.9328298 0.5283589 0.9328298 0.5580072 0.8798352 0.5283589 0.9328298 0.5283589 0.8798352 0.5283589 0.8798352 0.4987106 0.9328298 0.4987106 0.9328298 0.5283589 0.8798352 0.4987106 0.9328298 0.4987106 0.8798352 0.4987106 0.8798352 0.4690776 0.9328298 0.4690776 0.9328298 0.4987106 0.8798352 0.4690776 0.9328298 0.4690776 0.8798352 0.4690776 0.8798352 0.4394293 0.9328298 0.4394293 0.9328298 0.4690776 0.8798352 0.4394293 0.9328298 0.4394293 0.8798352 0.4394293 0.8798352 0.4097963 0.9328298 0.4097963 0.9328298 0.4394293 0.8798352 0.4097963 0.9328298 0.4097963 0.8798352 0.4097963 0.8798352 0.380148 0.9328298 0.380148 0.9328298 0.4097963 0.8798352 0.380148 0.9328298 0.380148 0.8798352 0.380148 0.9328298 0.4097963 0.8798352 0.380148 0.8798352 0.4097963 0.9328298 0.4097963 0.9328298 0.4097963 0.8798352 0.4097963 0.9328298 0.4394293 0.8798352 0.4097963 0.8798352 0.4394293 0.9328298 0.4394293 0.9328298 0.4394293 0.8798352 0.4394293 0.9328298 0.4690776 0.8798352 0.4394293 0.8798352 0.4690776 0.9328298 0.4690776 0.9328298 0.4690776 0.8798352 0.4690776 0.9328298 0.4987106 0.8798352 0.4690776 0.8798352 0.4987106 0.9328298 0.4987106 0.9328298 0.4987106 0.8798352 0.4987106 0.9328298 0.5283589 0.8798352 0.4987106 0.8798352 0.5283589 0.9328298 0.5283589 0.9328298 0.5283589 0.8798352 0.5283589 0.9328298 0.5580072 0.8798352 0.5283589 0.8798352 0.5580072 0.9328298 0.5580072 0.9328298 0.5580072 0.8798352 0.5580072 0.9328298 0.5876402 0.8798352 0.5580072 0.8798352 0.5876402 0.9328298 0.5876402 0.9328298 0.5876402 0.8798352 0.5876402 0.9328298 0.6172885 0.8798352 0.5876402 0.8798352 0.6172885 0.9328298 0.6172885 0.9328298 0.6172885 0.8798352 0.6172885 0.9328298 0.6469215 0.8798352 0.6172885 0.8798352 0.6469215 0.9328298 0.6469215 0.9328298 0.6469215 0.8798352 0.6469215 0.9328298 0.6765698 0.8798352 0.6469215 0.8798352 0.6765698 0.9328298 0.6765698 0.9328298 0.6765698 0.8798352 0.6765698 0.9328298 0.7062181 0.8798352 0.6765698 0.8798352 0.7062181 0.9328298 0.7062181 0.9328298 0.7062181 0.8798352 0.7062181 0.9328298 0.735851 0.8798352 0.7062181 0.8798352 0.735851 0.9328298 0.735851 0.9328298 0.735851 0.8798352 0.735851 0.9328298 0.7654994 0.8798352 0.735851 0.8798352 0.7654994 0.9328298 0.7654994 0.9328298 0.7654994 0.8798352 0.7654994 0.9328298 0.7951324 0.8798352 0.7654994 0.8798352 0.7951324 0.9328298 0.7951324 0.9328298 0.7951324 0.8798352 0.7951324 0.9328298 0.8247806 0.8798352 0.7951324 0.8798352 0.8247806 0.9328298 0.8247806 0.9328298 0.8247806 0.8798352 0.8247806 0.9328298 0.8544289 0.8798352 0.8247806 0.8798352 0.8544289 0.9328298 0.8544289 0.9328298 0.8544289 0.8798352 0.8544289 0.9328298 0.8840619 0.8798352 0.8544289 0.8798352 0.8840619 0.9328298 0.8840619 0.9328298 0.8840619 0.8798352 0.8840619 0.9328298 0.9137102 0.8798352 0.8840619 0.8798352 0.9137102 0.9328298 0.9137102 0.9328298 0.9137102 0.8798352 0.9137102 0.9328298 0.9433433 0.8798352 0.9137102 0.8798352 0.9433433 0.9328298 0.9433433 0.9328298 0.9433433 0.8798352 0.9433433 0.9328298 0.9729915 0.8798352 0.9433433 0.8798352 0.9729915 0.9328298 0.9729915 0.9687495 0.4959335 0.9775692 0.4931258 0.9687495 0.4387884 0.9687495 0.4959335 0.9687495 0.4387884 0.9599146 0.4931258 0.9775692 0.4931258 0.9855344 0.485008 0.9687495 0.4387884 0.9599146 0.4931258 0.9687495 0.4387884 0.9519494 0.485008 0.9855344 0.485008 0.9918517 0.4723735 0.9687495 0.4387884 0.9519494 0.485008 0.9687495 0.4387884 0.9456321 0.4723735 0.9918517 0.4723735 0.9959106 0.4564431 0.9687495 0.4387884 0.9456321 0.4723735 0.9687495 0.4387884 0.9415732 0.4564431 0.9959106 0.4564431 0.9973144 0.4387884 0.9687495 0.4387884 0.9415732 0.4564431 0.9687495 0.4387884 0.9401694 0.4387884 0.9973144 0.4387884 0.9959106 0.4211338 0.9687495 0.4387884 0.9401694 0.4387884 0.9687495 0.4387884 0.9415732 0.4211338 0.9959106 0.4211338 0.9918517 0.4052033 0.9687495 0.4387884 0.9415732 0.4211338 0.9687495 0.4387884 0.9456321 0.4052033 0.9918517 0.4052033 0.9855344 0.3925536 0.9687495 0.4387884 0.9456321 0.4052033 0.9687495 0.4387884 0.9519494 0.3925536 0.9687495 0.4387884 0.9855344 0.3925536 0.9775692 0.3844358 0.9687495 0.4387884 0.9599146 0.3844358 0.9519494 0.3925536 0.9687495 0.4387884 0.9775692 0.3844358 0.9687495 0.3816434 0.9687495 0.4387884 0.9687495 0.3816434 0.9599146 0.3844358 0.937911 0.3647974 0.955581 0.3591974 0.937911 0.2505226 0.937911 0.3647974 0.937911 0.2505226 0.9202564 0.3591974 0.955581 0.3591974 0.9715114 0.342977 0.937911 0.2505226 0.9202564 0.3591974 0.937911 0.2505226 0.904326 0.342977 0.9715114 0.342977 0.9841459 0.3176928 0.937911 0.2505226 0.904326 0.342977 0.937911 0.2505226 0.8916914 0.3176928 0.9841459 0.3176928 0.9922637 0.285832 0.937911 0.2505226 0.8916914 0.3176928 0.937911 0.2505226 0.8835737 0.285832 0.9922637 0.285832 0.9950561 0.2505226 0.937911 0.2505226 0.8835737 0.285832 0.937911 0.2505226 0.8807812 0.2505226 0.9950561 0.2505226 0.9922637 0.215198 0.937911 0.2505226 0.8807812 0.2505226 0.937911 0.2505226 0.8835737 0.215198 0.9922637 0.215198 0.9841459 0.1833372 0.937911 0.2505226 0.8835737 0.215198 0.937911 0.2505226 0.8916914 0.1833372 0.9841459 0.1833372 0.9715114 0.1580682 0.937911 0.2505226 0.8916914 0.1833372 0.937911 0.2505226 0.904326 0.1580682 0.9715114 0.1580682 0.955581 0.1418326 0.937911 0.2505226 0.937911 0.2505226 0.9202564 0.1418326 0.904326 0.1580682 0.937911 0.2505226 0.955581 0.1418326 0.937911 0.1362326 0.937911 0.2505226 0.937911 0.1362326 0.9202564 0.1418326 0.9687495 0.4959335 0.9599146 0.4931258 0.9687495 0.4387884 0.9687495 0.4959335 0.9687495 0.4387884 0.9775692 0.4931258 0.9599146 0.4931258 0.9519494 0.485008 0.9687495 0.4387884 0.9775692 0.4931258 0.9687495 0.4387884 0.9855344 0.485008 0.9519494 0.485008 0.9456321 0.4723735 0.9687495 0.4387884 0.9855344 0.485008 0.9687495 0.4387884 0.9918517 0.4723735 0.9456321 0.4723735 0.9415732 0.4564431 0.9687495 0.4387884 0.9918517 0.4723735 0.9687495 0.4387884 0.9959106 0.4564431 0.9415732 0.4564431 0.9401694 0.4387884 0.9687495 0.4387884 0.9959106 0.4564431 0.9687495 0.4387884 0.9973144 0.4387884 0.9401694 0.4387884 0.9415732 0.4211338 0.9687495 0.4387884 0.9973144 0.4387884 0.9687495 0.4387884 0.9959106 0.4211338 0.9415732 0.4211338 0.9456321 0.4052033 0.9687495 0.4387884 0.9959106 0.4211338 0.9687495 0.4387884 0.9918517 0.4052033 0.9456321 0.4052033 0.9519494 0.3925536 0.9687495 0.4387884 0.9918517 0.4052033 0.9687495 0.4387884 0.9855344 0.3925536 0.9519494 0.3925536 0.9599146 0.3844358 0.9687495 0.4387884 0.9687495 0.4387884 0.9775692 0.3844358 0.9855344 0.3925536 0.9687495 0.4387884 0.9599146 0.3844358 0.9687495 0.3816434 0.9687495 0.4387884 0.9687495 0.3816434 0.9775692 0.3844358 0.937911 0.3647974 0.9202564 0.3591974 0.937911 0.2505226 0.937911 0.3647974 0.937911 0.2505226 0.955581 0.3591974 0.9202564 0.3591974 0.904326 0.342977 0.937911 0.2505226 0.955581 0.3591974 0.937911 0.2505226 0.9715114 0.342977 0.904326 0.342977 0.8916914 0.3176928 0.937911 0.2505226 0.9715114 0.342977 0.937911 0.2505226 0.9841459 0.3176928 0.8916914 0.3176928 0.8835737 0.285832 0.937911 0.2505226 0.9841459 0.3176928 0.937911 0.2505226 0.9922637 0.285832 0.8835737 0.285832 0.8807812 0.2505226 0.937911 0.2505226 0.9922637 0.285832 0.937911 0.2505226 0.9950561 0.2505226 0.8807812 0.2505226 0.8835737 0.215198 0.937911 0.2505226 0.9950561 0.2505226 0.937911 0.2505226 0.9922637 0.215198 0.8835737 0.215198 0.8916914 0.1833372 0.937911 0.2505226 0.9922637 0.215198 0.937911 0.2505226 0.9841459 0.1833372 0.8916914 0.1833372 0.904326 0.1580682 0.937911 0.2505226 0.9841459 0.1833372 0.937911 0.2505226 0.9715114 0.1580682 0.937911 0.2505226 0.904326 0.1580682 0.9202564 0.1418326 0.937911 0.2505226 0.955581 0.1418326 0.9715114 0.1580682 0.937911 0.2505226 0.9202564 0.1418326 0.937911 0.1362326 0.937911 0.2505226 0.937911 0.1362326 0.955581 0.1418326</float_array>
          <technique_common>
            <accessor source="#Tire_Frontwe__M_CarWiicm_001-mesh-map-0-array" count="480" stride="2">
              <param name="S" type="float"/>
              <param name="T" type="float"/>
            </accessor>
          </technique_common>
        </source>
        <source id="Tire_Frontwe__M_CarWiicm_001-mesh-map-1">
          <float_array id="Tire_Frontwe__M_CarWiicm_001-mesh-map-1-array" count="960">0.7790646 0.4198672 0.7423972 0.4198672 0.7423972 0.3993744 0.7790646 0.3993744 0.7790646 0.4198672 0.7423972 0.3993744 0.7790646 0.3993744 0.7423972 0.3993744 0.7423972 0.3788663 0.7790646 0.3788663 0.7790646 0.3993744 0.7423972 0.3788663 0.7790646 0.3788663 0.7423972 0.3788663 0.7423972 0.3583581 0.7790646 0.3583581 0.7790646 0.3788663 0.7423972 0.3583581 0.7790646 0.3583581 0.7423972 0.3583581 0.7423972 0.3378652 0.7790646 0.3378652 0.7790646 0.3583581 0.7423972 0.3378652 0.7790646 0.3378652 0.7423972 0.3378652 0.7423972 0.3173571 0.7790646 0.3173571 0.7790646 0.3378652 0.7423972 0.3173571 0.7790646 0.3173571 0.7423972 0.3173571 0.7423972 0.296849 0.7790646 0.296849 0.7790646 0.3173571 0.7423972 0.296849 0.7790646 0.296849 0.7423972 0.296849 0.7423972 0.2763562 0.7790646 0.2763562 0.7790646 0.296849 0.7423972 0.2763562 0.7790646 0.2763562 0.7423972 0.2763562 0.7423972 0.255848 0.7790646 0.255848 0.7790646 0.2763562 0.7423972 0.255848 0.7790646 0.255848 0.7423972 0.255848 0.7423972 0.2353399 0.7790646 0.2353399 0.7790646 0.255848 0.7423972 0.2353399 0.7790646 0.2353399 0.7423972 0.2353399 0.7423972 0.2148318 0.7790646 0.2148318 0.7790646 0.2353399 0.7423972 0.2148318 0.7790646 0.2148318 0.7423972 0.2148318 0.7423972 0.1943389 0.7790646 0.1943389 0.7790646 0.2148318 0.7423972 0.1943389 0.7790646 0.1943389 0.7423972 0.1943389 0.7423972 0.1738308 0.7790646 0.1738308 0.7790646 0.1943389 0.7423972 0.1738308 0.7790646 0.1738308 0.7423972 0.1738308 0.7423972 0.1533226 0.7790646 0.1533226 0.7790646 0.1738308 0.7423972 0.1533226 0.7790646 0.1533226 0.7423972 0.1533226 0.7423972 0.1328298 0.7790646 0.1328298 0.7790646 0.1533226 0.7423972 0.1328298 0.7790646 0.1328298 0.7423972 0.1328298 0.7423972 0.1123217 0.7790646 0.1123217 0.7790646 0.1328298 0.7423972 0.1123217 0.7790646 0.1123217 0.7423972 0.1123217 0.7423972 0.09181356 0.7790646 0.09181356 0.7790646 0.1123217 0.7423972 0.09181356 0.7790646 0.09181356 0.7423972 0.09181356 0.7423972 0.07132065 0.7790646 0.07132065 0.7790646 0.09181356 0.7423972 0.07132065 0.7790646 0.07132065 0.7423972 0.07132065 0.7423972 0.05081254 0.7790646 0.05081254 0.7790646 0.07132065 0.7423972 0.05081254 0.7790646 0.05081254 0.7423972 0.05081254 0.7423972 0.03030443 0.7790646 0.03030443 0.7790646 0.05081254 0.7423972 0.03030443 0.7790646 0.03030443 0.7423972 0.03030443 0.7423972 0.009796321 0.7790646 0.009796321 0.7790646 0.03030443 0.7423972 0.009796321 0.6857405 0.009796321 0.7223926 0.009796321 0.6857405 0.03030443 0.7223926 0.009796321 0.7223926 0.03030443 0.6857405 0.03030443 0.6857405 0.03030443 0.7223926 0.03030443 0.6857405 0.05081254 0.7223926 0.03030443 0.7223926 0.05081254 0.6857405 0.05081254 0.6857405 0.05081254 0.7223926 0.05081254 0.6857405 0.07132065 0.7223926 0.05081254 0.7223926 0.07132065 0.6857405 0.07132065 0.6857405 0.07132065 0.7223926 0.07132065 0.6857405 0.09181356 0.7223926 0.07132065 0.7223926 0.09181356 0.6857405 0.09181356 0.6857405 0.09181356 0.7223926 0.09181356 0.6857405 0.1123217 0.7223926 0.09181356 0.7223926 0.1123217 0.6857405 0.1123217 0.6857405 0.1123217 0.7223926 0.1123217 0.6857405 0.1328298 0.7223926 0.1123217 0.7223926 0.1328298 0.6857405 0.1328298 0.6857405 0.1328298 0.7223926 0.1328298 0.6857405 0.1533226 0.7223926 0.1328298 0.7223926 0.1533226 0.6857405 0.1533226 0.6857405 0.1533226 0.7223926 0.1533226 0.6857405 0.1738308 0.7223926 0.1533226 0.7223926 0.1738308 0.6857405 0.1738308 0.6857405 0.1738308 0.7223926 0.1738308 0.6857405 0.1943389 0.7223926 0.1738308 0.7223926 0.1943389 0.6857405 0.1943389 0.6857405 0.1943389 0.7223926 0.1943389 0.6857405 0.2148318 0.7223926 0.1943389 0.7223926 0.2148318 0.6857405 0.2148318 0.6857405 0.2148318 0.7223926 0.2148318 0.6857405 0.2353399 0.7223926 0.2148318 0.7223926 0.2353399 0.6857405 0.2353399 0.6857405 0.2353399 0.7223926 0.2353399 0.6857405 0.255848 0.7223926 0.2353399 0.7223926 0.255848 0.6857405 0.255848 0.6857405 0.255848 0.7223926 0.255848 0.6857405 0.2763562 0.7223926 0.255848 0.7223926 0.2763562 0.6857405 0.2763562 0.6857405 0.2763562 0.7223926 0.2763562 0.6857405 0.296849 0.7223926 0.2763562 0.7223926 0.296849 0.6857405 0.296849 0.6857405 0.296849 0.7223926 0.296849 0.6857405 0.3173571 0.7223926 0.296849 0.7223926 0.3173571 0.6857405 0.3173571 0.6857405 0.3173571 0.7223926 0.3173571 0.6857405 0.3378652 0.7223926 0.3173571 0.7223926 0.3378652 0.6857405 0.3378652 0.6857405 0.3378652 0.7223926 0.3378652 0.6857405 0.3583581 0.7223926 0.3378652 0.7223926 0.3583581 0.6857405 0.3583581 0.6857405 0.3583581 0.7223926 0.3583581 0.6857405 0.3788663 0.7223926 0.3583581 0.7223926 0.3788663 0.6857405 0.3788663 0.6857405 0.3788663 0.7223926 0.3788663 0.6857405 0.3993744 0.7223926 0.3788663 0.7223926 0.3993744 0.6857405 0.3993744 0.6857405 0.3993744 0.7223926 0.3993744 0.6857405 0.4198672 0.7223926 0.3993744 0.7223926 0.4198672 0.6857405 0.4198672 0.5619287 0.9267109 0.5558251 0.924773 0.5619287 0.88719 0.5619287 0.9267109 0.5619287 0.88719 0.5680323 0.924773 0.5558251 0.924773 0.5503166 0.9191577 0.5619287 0.88719 0.5680323 0.924773 0.5619287 0.88719 0.5735409 0.9191577 0.5503166 0.9191577 0.5459373 0.9104143 0.5619287 0.88719 0.5735409 0.9191577 0.5619287 0.88719 0.5779202 0.9104143 0.5459373 0.9104143 0.5431296 0.8993973 0.5619287 0.88719 0.5779202 0.9104143 0.5619287 0.88719 0.5807279 0.8993973 0.5431296 0.8993973 0.5421683 0.88719 0.5619287 0.88719 0.5807279 0.8993973 0.5619287 0.88719 0.5816892 0.88719 0.5421683 0.88719 0.5431296 0.8749676 0.5619287 0.88719 0.5816892 0.88719 0.5619287 0.88719 0.5807279 0.8749676 0.5431296 0.8749676 0.5459373 0.8639506 0.5619287 0.88719 0.5807279 0.8749676 0.5619287 0.88719 0.5779202 0.8639506 0.5459373 0.8639506 0.5503166 0.8552071 0.5619287 0.88719 0.5779202 0.8639506 0.5619287 0.88719 0.5735409 0.8552071 0.5619287 0.88719 0.5503166 0.8552071 0.5558251 0.8495919 0.5619287 0.88719 0.5680323 0.8495919 0.5735409 0.8552071 0.5619287 0.88719 0.5558251 0.8495919 0.5619287 0.8476539 0.5619287 0.88719 0.5619287 0.8476539 0.5680323 0.8495919 0.7365835 0.860563 0.7243763 0.8566872 0.7365835 0.7815213 0.7365835 0.860563 0.7365835 0.7815213 0.748806 0.8566872 0.7243763 0.8566872 0.7133593 0.8454719 0.7365835 0.7815213 0.748806 0.8566872 0.7365835 0.7815213 0.759823 0.8454719 0.7133593 0.8454719 0.7046158 0.8279698 0.7365835 0.7815213 0.759823 0.8454719 0.7365835 0.7815213 0.7685664 0.8279698 0.7046158 0.8279698 0.6990005 0.8059357 0.7365835 0.7815213 0.7685664 0.8279698 0.7365835 0.7815213 0.7741817 0.8059357 0.6990005 0.8059357 0.6970626 0.7815213 0.7365835 0.7815213 0.7741817 0.8059357 0.7365835 0.7815213 0.7761196 0.7815213 0.6970626 0.7815213 0.6990005 0.7570916 0.7365835 0.7815213 0.7761196 0.7815213 0.7365835 0.7815213 0.7741817 0.7570916 0.6990005 0.7570916 0.7046158 0.7350576 0.7365835 0.7815213 0.7741817 0.7570916 0.7365835 0.7815213 0.7685664 0.7350576 0.7046158 0.7350576 0.7133593 0.7175708 0.7365835 0.7815213 0.7685664 0.7350576 0.7365835 0.7815213 0.759823 0.7175708 0.7133593 0.7175708 0.7243763 0.7063401 0.7365835 0.7815213 0.7365835 0.7815213 0.748806 0.7063401 0.759823 0.7175708 0.7365835 0.7815213 0.7243763 0.7063401 0.7365835 0.7024643 0.7365835 0.7815213 0.7365835 0.7024643 0.748806 0.7063401 0.02923625 0.9210346 0.02313268 0.9191119 0.02923625 0.8815137 0.02923625 0.9210346 0.02923625 0.8815137 0.03533989 0.9191119 0.02313268 0.9191119 0.01762413 0.9134966 0.02923625 0.8815137 0.03533989 0.9191119 0.02923625 0.8815137 0.04084837 0.9134966 0.01762413 0.9134966 0.0132448 0.9047532 0.02923625 0.8815137 0.04084837 0.9134966 0.02923625 0.8815137 0.0452277 0.9047532 0.0132448 0.9047532 0.01043713 0.8937362 0.02923625 0.8815137 0.0452277 0.9047532 0.02923625 0.8815137 0.04803538 0.8937362 0.01043713 0.8937362 0.009475827 0.8815137 0.02923625 0.8815137 0.04803538 0.8937362 0.02923625 0.8815137 0.04899668 0.8815137 0.009475827 0.8815137 0.01043713 0.8693064 0.02923625 0.8815137 0.04899668 0.8815137 0.02923625 0.8815137 0.04803538 0.8693064 0.01043713 0.8693064 0.0132448 0.8582895 0.02923625 0.8815137 0.04803538 0.8693064 0.02923625 0.8815137 0.0452277 0.8582895 0.0132448 0.8582895 0.01762413 0.8495461 0.02923625 0.8815137 0.0452277 0.8582895 0.02923625 0.8815137 0.04084837 0.8495461 0.01762413 0.8495461 0.02313268 0.8439307 0.02923625 0.8815137 0.02923625 0.8815137 0.03533989 0.8439307 0.04084837 0.8495461 0.02923625 0.8815137 0.02313268 0.8439307 0.02923625 0.8419929 0.02923625 0.8815137 0.02923625 0.8419929 0.03533989 0.8439307 0.04899668 0.8227817 0.03678947 0.8189059 0.04899668 0.74374 0.04899668 0.8227817 0.04899668 0.74374 0.06120389 0.8189059 0.03678947 0.8189059 0.02577245 0.8076906 0.04899668 0.74374 0.06120389 0.8189059 0.04899668 0.74374 0.07223618 0.8076906 0.02577245 0.8076906 0.01702904 0.7902037 0.04899668 0.74374 0.07223618 0.8076906 0.04899668 0.74374 0.08097958 0.7902037 0.01702904 0.7902037 0.01141375 0.7681544 0.04899668 0.74374 0.08097958 0.7902037 0.04899668 0.74374 0.08657968 0.7681544 0.01141375 0.7681544 0.009475827 0.74374 0.04899668 0.74374 0.08657968 0.7681544 0.04899668 0.74374 0.08851754 0.74374 0.009475827 0.74374 0.01141375 0.7193103 0.04899668 0.74374 0.08851754 0.74374 0.04899668 0.74374 0.08657968 0.7193103 0.01141375 0.7193103 0.01702904 0.6972762 0.04899668 0.74374 0.08657968 0.7193103 0.04899668 0.74374 0.08097958 0.6972762 0.01702904 0.6972762 0.02577245 0.6797894 0.04899668 0.74374 0.08097958 0.6972762 0.04899668 0.74374 0.07223618 0.6797894 0.04899668 0.74374 0.02577245 0.6797894 0.03678947 0.6685588 0.04899668 0.74374 0.06120389 0.6685588 0.07223618 0.6797894 0.04899668 0.74374 0.03678947 0.6685588 0.04899668 0.664683 0.04899668 0.74374 0.04899668 0.664683 0.06120389 0.6685588</float_array>
          <technique_common>
            <accessor source="#Tire_Frontwe__M_CarWiicm_001-mesh-map-1-array" count="480" stride="2">
              <param name="S" type="float"/>
              <param name="T" type="float"/>
            </accessor>
          </technique_common>
        </source>
        <vertices id="Tire_Frontwe__M_CarWiicm_001-mesh-vertices">
          <input semantic="POSITION" source="#Tire_Frontwe__M_CarWiicm_001-mesh-positions"/>
        </vertices>
        <triangles material="M_CarWiicm_001-material" count="160">
          <input semantic="VERTEX" source="#Tire_Frontwe__M_CarWiicm_001-mesh-vertices" offset="0"/>
          <input semantic="NORMAL" source="#Tire_Frontwe__M_CarWiicm_001-mesh-normals" offset="1"/>
          <input semantic="TEXCOORD" source="#Tire_Frontwe__M_CarWiicm_001-mesh-map-0" offset="2" set="0"/>
          <input semantic="TEXCOORD" source="#Tire_Frontwe__M_CarWiicm_001-mesh-map-1" offset="2" set="1"/>
          <p>0 0 0 1 0 1 2 1 2 3 1 3 0 0 4 2 1 5 3 1 6 2 1 7 4 2 8 5 3 9 3 1 10 4 2 11 5 3 12 4 2 13 6 4 14 7 4 15 5 3 16 6 4 17 7 4 18 6 4 19 8 5 20 9 5 21 7 4 22 8 5 23 9 5 24 8 5 25 10 6 26 11 6 27 9 5 28 10 6 29 11 6 30 10 6 31 12 7 32 13 7 33 11 6 34 12 7 35 13 7 36 12 7 37 14 8 38 15 8 39 13 7 40 14 8 41 15 8 42 14 8 43 16 9 44 17 9 45 15 8 46 16 9 47 17 9 48 16 9 49 18 10 50 19 10 51 17 9 52 18 10 53 19 10 54 18 10 55 20 11 56 21 11 57 19 10 58 20 11 59 21 11 60 20 11 61 22 12 62 23 12 63 21 11 64 22 12 65 23 12 66 22 12 67 24 13 68 25 13 69 23 12 70 24 13 71 25 13 72 24 13 73 26 14 74 27 14 75 25 13 76 26 14 77 27 14 78 26 14 79 28 15 80 29 15 81 27 14 82 28 15 83 29 15 84 28 15 85 30 16 86 31 16 87 29 15 88 30 16 89 31 16 90 30 16 91 32 17 92 33 17 93 31 16 94 32 17 95 33 17 96 32 17 97 34 18 98 35 18 99 33 17 100 34 18 101 35 18 102 34 18 103 36 19 104 37 19 105 35 18 106 36 19 107 37 19 108 36 19 109 38 20 110 39 20 111 37 19 112 38 20 113 39 20 114 38 20 115 40 21 116 41 21 117 39 20 118 40 21 119 42 21 120 43 21 121 44 20 122 43 21 123 45 20 124 44 20 125 44 20 126 45 20 127 46 19 128 45 20 129 47 19 130 46 19 131 46 19 132 47 19 133 48 18 134 47 19 135 49 18 136 48 18 137 48 18 138 49 18 139 50 17 140 49 18 141 51 17 142 50 17 143 50 17 144 51 17 145 52 16 146 51 17 147 53 16 148 52 16 149 52 16 150 53 16 151 54 15 152 53 16 153 55 15 154 54 15 155 54 15 156 55 15 157 56 14 158 55 15 159 57 14 160 56 14 161 56 14 162 57 14 163 58 13 164 57 14 165 59 13 166 58 13 167 58 13 168 59 13 169 60 12 170 59 13 171 61 12 172 60 12 173 60 12 174 61 12 175 62 11 176 61 12 177 63 11 178 62 11 179 62 11 180 63 11 181 64 10 182 63 11 183 65 10 184 64 10 185 64 10 186 65 10 187 66 9 188 65 10 189 67 9 190 66 9 191 66 9 192 67 9 193 68 8 194 67 9 195 69 8 196 68 8 197 68 8 198 69 8 199 70 7 200 69 8 201 71 7 202 70 7 203 70 7 204 71 7 205 72 6 206 71 7 207 73 6 208 72 6 209 72 6 210 73 6 211 74 5 212 73 6 213 75 5 214 74 5 215 74 5 216 75 5 217 76 4 218 75 5 219 77 4 220 76 4 221 76 4 222 77 4 223 78 3 224 77 4 225 79 2 226 78 3 227 78 3 228 79 2 229 80 1 230 79 2 231 81 1 232 80 1 233 80 1 234 81 1 235 82 0 236 81 1 237 83 0 238 82 0 239 84 22 240 85 22 241 86 22 242 84 22 243 86 22 244 87 22 245 85 22 246 88 22 247 86 22 248 87 22 249 86 22 250 89 22 251 88 22 252 90 22 253 86 22 254 89 22 255 86 22 256 91 22 257 90 22 258 92 22 259 86 22 260 91 22 261 86 22 262 93 22 263 92 22 264 94 22 265 86 22 266 93 22 267 86 22 268 95 22 269 94 22 270 96 22 271 86 22 272 95 22 273 86 22 274 97 22 275 96 22 276 98 22 277 86 22 278 97 22 279 86 22 280 99 22 281 98 22 282 100 22 283 86 22 284 99 22 285 86 22 286 101 22 287 86 22 288 100 22 289 102 22 290 86 22 291 103 22 292 101 22 293 86 22 294 102 22 295 104 22 296 86 22 297 104 22 298 103 22 299 105 23 300 106 24 301 107 25 302 105 23 303 107 25 304 108 26 305 106 24 306 109 27 307 107 25 308 108 26 309 107 25 310 110 28 311 109 27 312 111 29 313 107 25 314 110 28 315 107 25 316 112 30 317 111 29 318 113 31 319 107 25 320 112 30 321 107 25 322 114 32 323 113 31 324 115 33 325 107 25 326 114 32 327 107 25 328 116 34 329 115 33 330 117 35 331 107 25 332 116 34 333 107 25 334 118 36 335 117 35 336 119 37 337 107 25 338 118 36 339 107 25 340 120 38 341 119 37 342 121 39 343 107 25 344 120 38 345 107 25 346 122 40 347 121 39 348 123 41 349 107 25 350 107 25 351 124 42 352 122 40 353 107 25 354 123 41 355 125 43 356 107 25 357 125 43 358 124 42 359 126 25 360 127 25 361 128 25 362 126 25 363 128 25 364 129 25 365 127 25 366 130 25 367 128 25 368 129 25 369 128 25 370 131 25 371 130 25 372 132 25 373 128 25 374 131 25 375 128 25 376 133 25 377 132 25 378 134 25 379 128 25 380 133 25 381 128 25 382 135 25 383 134 25 384 136 25 385 128 25 386 135 25 387 128 25 388 137 25 389 136 25 390 138 25 391 128 25 392 137 25 393 128 25 394 139 25 395 138 25 396 140 25 397 128 25 398 139 25 399 128 25 400 141 25 401 140 25 402 142 25 403 128 25 404 141 25 405 128 25 406 143 25 407 142 25 408 144 25 409 128 25 410 128 25 411 145 25 412 143 25 413 128 25 414 144 25 415 146 25 416 128 25 417 146 25 418 145 25 419 147 44 420 148 45 421 149 22 422 147 44 423 149 22 424 150 46 425 148 45 426 151 47 427 149 22 428 150 46 429 149 22 430 152 48 431 151 47 432 153 49 433 149 22 434 152 48 435 149 22 436 154 50 437 153 49 438 155 51 439 149 22 440 154 50 441 149 22 442 156 52 443 155 51 444 157 53 445 149 22 446 156 52 447 149 22 448 158 54 449 157 53 450 159 55 451 149 22 452 158 54 453 149 22 454 160 56 455 159 55 456 161 57 457 149 22 458 160 56 459 149 22 460 162 58 461 161 57 462 163 59 463 149 22 464 162 58 465 149 22 466 164 60 467 149 22 468 163 59 469 165 61 470 149 22 471 166 62 472 164 60 473 149 22 474 165 61 475 167 63 476 149 22 477 167 63 478 166 62 479</p>
        </triangles>
      </mesh>
    </geometry>
    <geometry id="CarWiicm__M_CarWiicm_001-mesh" name="CarWiicm__M_CarWiicm.001">
      <mesh>
        <source id="CarWiicm__M_CarWiicm_001-mesh-positions">
          <float_array id="CarWiicm__M_CarWiicm_001-mesh-positions-array" count="8124">-18.96474 26.26402 14.58358 -20.36419 25.29862 14.58358 -27.25507 26.02342 15.02227 -18.96474 29.52562 14.58358 -26.6355 30.32711 15.03216 -20.36419 30.45022 14.58358 8.576194 21.3336 15.48773 8.07238 23.50713 12.16109 8.854443 23.28385 12.08012 7.23269 21.3336 15.48773 7.093566 23.28385 12.08012 8.07238 23.50713 12.16109 27.3792 26.03757 15.38798 20.36419 25.29862 14.58358 18.96474 26.26402 14.58358 20.36419 30.45022 14.58358 26.62823 30.43515 15.40597 18.96474 29.52562 14.58358 16.42507 20.0534 20.48582 -16.42507 20.0534 20.48582 0 20.84222 13.54069 8.22051 26.41416 17.5711 13.0354 25.92577 16.77352 8.317693 25.73757 18.22602 12.88575 26.58556 16.17788 16.00936 25.92577 15.14314 -8.317693 25.73757 18.22602 -13.0354 25.92577 16.77352 -8.22051 26.41416 17.5711 -16.00936 25.92577 15.14314 -12.88575 26.58556 16.17788 -27.66952 27.89482 15.77987 -26.6355 30.32711 15.03216 -27.25507 26.02342 15.02227 -20.36419 25.29862 14.58358 -20.36419 25.04041 15.78007 -18.96474 26.26402 14.58358 -18.63276 26.26402 15.78358 -18.6325 29.52562 15.78297 -18.96474 29.52562 14.58358 -20.36419 30.71202 15.77979 -20.36419 30.45022 14.58358 -18.96474 29.52562 14.58358 -18.96474 26.26402 14.58358 -26.6355 30.32711 15.03216 -27.25507 26.02342 15.02227 5.994625 16.44681 56.63216 -5.994625 16.44681 56.63216 5.994625 10.62673 56.63216 -5.994625 10.62673 56.63216 8.576194 21.3336 15.48773 7.904442 21.07202 15.39287 8.07238 23.50713 12.16109 8.854443 21.96511 15.71673 8.854443 23.28385 12.08012 8.576193 22.59662 15.94574 8.07238 23.50713 12.16109 7.904441 22.8582 16.04059 7.232691 22.59662 15.94574 7.904442 21.07202 15.39287 7.23269 21.3336 15.48773 7.093566 23.28385 12.08012 6.954441 21.96511 15.71673 5.994627 14.59046 -52.17942 5.994627 8.7727 -52.01504 -5.994627 14.59046 -52.17942 -5.994627 8.7727 -52.01504 27.66952 27.89482 15.77987 27.3792 26.03757 15.38798 26.62823 30.43515 15.40597 20.36419 30.45022 14.58358 20.36419 30.71202 15.77979 18.96474 29.52562 14.58358 18.6325 29.52562 15.78297 18.96474 26.26402 14.58358 18.63276 26.26402 15.78358 20.36419 25.04041 15.78007 20.36419 25.29862 14.58358 18.96474 29.52562 14.58358 26.62823 30.43515 15.40597 18.96474 26.26402 14.58358 27.3792 26.03757 15.38798 -16.88485 20.84222 13.54069 0 20.84222 13.54069 -16.42507 20.0534 20.48582 16.88485 20.84222 13.54069 16.42507 20.0534 20.48582 -16.42507 14.72898 14.29359 16.42507 14.72898 14.29359 -16.19357 14.57578 -2.254068 16.19357 14.57578 -2.254068 7.904441 22.64706 11.8492 7.904441 23.47603 9.563206 8.491059 23.79443 9.678666 8.491059 22.96546 11.96466 8.491059 24.43122 9.909584 8.491059 23.60225 12.19558 7.904442 24.74961 10.02504 7.904442 23.92064 12.31104 7.317825 24.43122 9.909584 7.317825 23.60225 12.19558 7.317826 23.79443 9.678665 7.317826 22.96546 11.96466 7.904441 23.47603 9.563206 7.904441 22.64706 11.8492 8.367969 25.55695 9.996426 8.367969 28.8849 11.20324 7.440917 28.8849 11.20324 7.440917 25.55695 9.996426 9.117968 25.04469 9.810664 6.690916 25.04469 9.810664 6.404442 24.21582 9.510094 9.404442 24.21582 9.510094 3.0377 23.18743 9.137169 3.324175 22.35857 8.836599 6.690916 23.38696 9.209523 7.440917 22.87469 9.023757 8.367969 22.87469 9.023757 9.117968 23.38696 9.209523 12.77118 23.18743 9.137169 12.48471 22.35857 8.8366 7.440917 25.76004 9.43637 7.440917 29.08799 10.64318 8.367969 29.08799 10.64318 8.367969 25.76004 9.43637 6.690916 25.24778 9.250607 9.117968 25.24778 9.250607 6.404442 24.41892 8.95004 9.404442 24.41892 8.95004 12.77118 23.39052 8.577115 12.48471 22.56166 8.276544 9.117968 23.59005 8.64947 6.690916 23.59005 8.64947 3.0377 23.39052 8.577115 3.324175 22.56166 8.276544 7.440917 23.07779 8.463707 8.367969 23.07779 8.463707 -16.19357 18.63242 -3.405277 -16.19357 14.57578 -2.254068 16.19357 14.57578 -2.254068 16.19357 18.63242 -3.405277 -16.19357 19.76218 -4.549563 16.19357 19.76218 -4.549563 -16.19357 19.79134 -10.28181 16.19357 19.79134 -10.28181 -16.15687 20.54412 -11.47247 16.15687 20.54412 -11.47247 -16.11575 23.76946 -12.79022 16.11575 23.76946 -12.79022 -16.07595 24.58636 -13.98351 16.07595 24.58636 -13.98351 13.8212 24.48357 -16.76082 -13.8212 24.48357 -16.76082 -11.11873 24.56746 -18.03831 11.11873 24.56746 -18.03831 -6.347722 24.68916 -18.55125 0 24.61528 -18.73018 6.347722 24.68916 -18.55125 28.78259 10.70637 -39.92218 29.13682 8.974722 -39.92219 29.13764 10.40136 -39.92219 24.59172 8.674721 -39.92218 28.78259 12.52026 -39.92218 24.59172 14.55568 -39.92218 29.13682 14.25568 -39.92219 29.13764 12.81944 -39.92219 -28.78235 10.70637 -39.92218 -29.1374 10.40136 -39.92219 -29.13659 8.974722 -39.92219 -24.59149 8.674721 -39.92218 -28.78235 12.52026 -39.92218 -24.59149 14.55568 -39.92218 -29.13659 14.25568 -39.92219 -29.1374 12.81944 -39.92219 18.60871 25.84867 13.12718 18.60131 25.82987 12.47941 15.56491 31.94678 9.527241 15.45615 31.37698 9.215548 14.02647 32.41083 9.783096 14.36516 32.67493 10.17314 11.56289 33.18976 10.97389 11.47391 32.80468 10.52187 7.291222 32.9767 11.35647 7.341693 33.3656 11.81304 0 33.3656 12.22932 0 32.97454 11.77127 -7.291222 32.9767 11.35647 -7.341693 33.3656 11.81304 -11.56289 33.18976 10.97389 -11.47391 32.80468 10.52187 -14.02647 32.41083 9.783096 -14.36516 32.67493 10.17314 -15.56491 31.94678 9.527241 -15.45615 31.37698 9.215548 -18.60131 25.82987 12.47941 -18.60871 25.84867 13.12718 12.77118 23.18743 9.137169 12.77118 23.39052 8.577115 9.404442 24.21582 9.510094 9.404442 24.41892 8.95004 9.117968 25.24778 9.250607 9.117968 25.04469 9.810664 8.367969 25.76004 9.43637 8.367969 25.55695 9.996426 8.367969 28.8849 11.20324 8.367969 29.08799 10.64318 12.48471 22.56166 8.276544 12.48471 22.35857 8.8366 9.117968 23.59005 8.64947 9.117968 23.38696 9.209523 8.367969 22.87469 9.023757 8.367969 23.07779 8.463707 7.440917 22.87469 9.023757 7.440917 23.07779 8.463707 6.690916 23.38696 9.209523 6.690916 23.59005 8.64947 3.324175 22.56166 8.276544 3.324175 22.35857 8.836599 7.440917 28.8849 11.20324 7.440917 29.08799 10.64318 7.440917 25.55695 9.996426 7.440917 25.76004 9.43637 6.690916 25.24778 9.250607 6.690916 25.04469 9.810664 6.404442 24.41892 8.95004 6.404442 24.21582 9.510094 3.0377 23.18743 9.137169 3.0377 23.39052 8.577115 16.88485 20.84222 13.54069 16.42507 14.72898 14.29359 16.42507 20.0534 20.48582 16.19357 14.57578 -2.254068 16.5336 24.58636 0.2076612 16.9361 24.965 13.54069 16.19357 18.63242 -3.405277 16.19357 19.76218 -4.549563 16.11575 23.76946 -12.79022 16.07595 24.58636 -13.98351 16.19357 19.79134 -10.28181 16.15687 20.54412 -11.47247 -16.11575 23.76946 -12.79022 -16.19357 19.79134 -10.28181 -16.15687 20.54412 -11.47247 -16.19357 19.76218 -4.549563 -16.5336 24.58636 0.2076612 -16.07595 24.58636 -13.98351 -16.19357 18.63242 -3.405277 -16.19357 14.57578 -2.254068 -16.88485 20.84222 13.54069 -16.9361 24.965 13.54069 -16.42507 14.72898 14.29359 -16.42507 20.0534 20.48582 29.10298 14.75065 41.63564 29.10298 15.8211 41.63564 31.87724 15.63434 41.63564 31.87724 14.35517 41.63564 31.26665 13.97452 41.63564 29.10298 14.35517 41.63564 31.26665 12.23216 41.63564 29.10298 11.81351 41.63564 29.10298 11.47152 41.63564 31.87724 11.88629 41.63564 31.87724 10.67076 41.63564 29.10298 10.38799 41.63564 -29.10275 15.8211 41.63564 -29.10275 14.75065 41.63564 -31.87701 15.63434 41.63564 -31.87701 14.35517 41.63564 -31.26642 13.97452 41.63564 -29.10275 14.35517 41.63564 -31.26642 12.23216 41.63564 -29.10275 11.81351 41.63564 -29.10275 11.47152 41.63564 -31.87701 11.88629 41.63564 -31.87701 10.67076 41.63564 -29.10275 10.38799 41.63564 -27.83592 11.48718 52.67243 -27.70693 8.973768 50.32117 -25.09631 8.424307 51.06413 -25.37858 11.48718 53.87601 -28.13886 16.22419 53.18823 -20.48109 8.422985 51.52446 -25.6168 16.29578 54.39982 -20.48109 11.48718 54.65814 -25.6168 21.8086 53.48627 -28.28337 21.51968 52.30138 -28.31026 24.19777 51.4265 -20.48109 16.29578 55.20958 -25.6168 25.14599 52.65443 -28.35214 26.36567 50.13863 -20.48109 21.8086 54.27336 -25.6145 27.53572 51.55145 -28.53263 28.18086 48.00744 -25.94972 30.2011 48.692 -20.48109 25.66631 53.33514 -20.48109 28.33308 52.09764 -20.48109 31.15236 49.11864 -14.6153 29.65042 48.88716 -15.16558 27.49341 51.6891 -15.34539 25.08283 52.78895 -11.02855 24.47202 49.9397 -10.77743 26.20821 47.53543 -7.679655 27.02741 47.93486 -11.29289 21.8086 51.59618 -15.34539 21.8086 53.58224 -7.584968 25.332 50.49767 0 27.72539 48.30341 -7.620986 22.2189 52.56427 0 25.89176 50.92064 7.584968 25.332 50.49767 7.679655 27.02741 47.93486 0 22.19269 53.14293 11.02855 24.47202 49.9397 10.77743 26.20821 47.53543 7.620986 22.2189 52.56427 14.6153 29.65042 48.88716 -7.620986 16.29578 53.79146 15.16558 27.49341 51.6891 -11.42376 16.29578 52.75432 20.48109 28.33308 52.09764 20.48109 31.15236 49.11864 25.94972 30.2011 48.692 25.6145 27.53572 51.55145 28.53263 28.18086 48.00744 28.35214 26.36567 50.13863 20.48109 25.66631 53.33514 25.6168 25.14599 52.65443 28.31026 24.19777 51.4265 15.34539 25.08283 52.78895 25.6168 21.8086 53.48627 28.28337 21.51968 52.30138 28.13886 16.22419 53.18823 20.48109 21.8086 54.27336 25.6168 16.29578 54.39982 25.37858 11.48718 53.87601 27.83592 11.48718 52.67243 25.09631 8.424307 51.06413 27.70693 8.973768 50.32117 20.48109 8.422985 51.52446 20.48109 16.29578 55.20958 20.48109 11.48718 54.65814 15.34539 11.48718 53.94972 15.34539 8.424519 50.99055 15.34539 16.39159 54.50117 15.34539 21.8086 53.58224 11.42376 16.29578 52.75432 11.42376 11.48718 51.04738 11.42376 8.428924 48.24607 7.620986 8.428782 49.24337 11.29289 21.8086 51.59618 7.620986 11.48718 52.08452 0 8.426283 49.83143 7.620986 16.29578 53.79146 0 11.48718 52.67257 0 16.29578 54.38047 -7.620986 11.48718 52.08452 -7.620986 8.428782 49.24337 -11.42376 11.48718 51.04738 -11.42376 8.428924 48.24607 -15.34539 8.424519 50.99055 -15.34539 11.48718 53.94972 -15.34539 16.39159 54.50117 0 28.03 45.66612 -7.679655 27.02741 47.93486 0 27.72539 48.30341 -7.823183 27.38893 45.40292 0 27.72714 40.34383 -10.77743 26.20821 47.53543 -8.43883 27.20329 40.08054 0 27.09167 33.05901 -10.58173 26.52346 45.11417 -9.387449 26.70485 32.79572 0 26.17191 24.05132 -10.58173 26.41627 39.90958 -8.419165 26.08348 18.62895 0 26.09792 19.15726 -11.25785 25.93486 24.05344 -13.23026 25.99747 17.39007 -11.16116 26.08481 32.66362 -12.52553 25.43041 24.05796 -16.30679 25.90035 15.71433 -14.26509 30.2211 39.90959 -14.90398 28.78122 32.26962 -15.7306 27.1655 24.05796 -18.60871 26.11213 15.78405 -17.98455 25.87194 14.05704 -18.60871 25.84867 13.12718 -19.79089 28.54521 24.05796 -21.86983 25.08294 15.78405 -20.48109 30.54774 32.26598 -23.96092 27.32631 24.05796 -21.14469 24.54958 0.2076612 -18.43451 25.37579 0.2076612 -24.52191 23.35424 15.78405 -23.80255 22.9579 0.21277 -26.24377 25.14807 24.05796 -23.43828 22.80313 -14.62617 -27.99807 26.78944 32.27369 -20.87548 24.4615 -14.62617 -18.07999 25.2491 -14.62617 -25.61934 29.28697 32.26859 -28.53852 28.07119 39.9096 -26.08307 30.84196 39.9096 -28.62412 28.60693 45.70698 -20.48109 32.12717 39.90959 -26.1415 31.20885 45.80617 -28.53263 28.18086 48.00744 -25.94972 30.2011 48.692 -20.48109 31.15236 49.11864 -20.48109 32.49252 45.85265 -14.2897 30.581 45.78362 -14.6153 29.65042 48.88716 -18.87369 25.2491 -19.95759 -16.15546 24.38945 -19.95759 -22.12213 24.72029 -19.95759 -24.95307 23.1721 -19.95759 -18.87369 26.02475 -25.70725 -22.72115 24.96875 -25.70725 -25.83484 23.50459 -25.70725 -15.27421 24.8593 -25.70725 -14.63472 23.64413 -21.65044 -18.87369 26.69858 -32.41623 -23.1105 25.49796 -32.41623 -26.20479 23.69161 -32.41623 -23.36294 25.75783 -39.96773 -26.35737 23.80668 -39.96773 -23.36294 25.59278 -46.58239 -26.32195 23.34354 -46.09224 -18.87369 27.12803 -39.96773 -18.87369 27.02004 -47.05051 -14.33026 25.5958 -46.57475 -14.33026 25.68538 -39.2667 -11.83291 23.4602 -45.80674 -14.46647 25.34516 -32.41623 -12.11033 23.552 -38.42981 -10.5165 21.85647 -45.05219 -13.19006 23.58881 -29.06174 -10.79392 22.71339 -37.84396 -11.78635 23.1239 -29.06174 -12.62498 23.06783 -22.79097 -6.347722 23.90877 -23.6004 -6.347722 23.79016 -29.67514 0 24.10793 -23.77646 0 23.98932 -30.02471 -6.347722 23.31106 -38.54392 0 23.51023 -38.89349 -6.347724 22.37759 -46.09924 0 22.57675 -46.49732 0 28.03 45.66612 0 27.72539 48.30341 7.679655 27.02741 47.93486 7.823183 27.38893 45.40292 0 27.72714 40.34383 10.77743 26.20821 47.53543 8.43883 27.20329 40.08054 0 27.09167 33.05901 10.58173 26.52346 45.11417 9.387449 26.70485 32.79572 0 26.17191 24.05132 10.58173 26.41627 39.90958 8.419165 26.08348 18.62895 0 26.09792 19.15726 11.25785 25.93486 24.05344 13.23026 25.99747 17.39007 11.16116 26.08481 32.66362 12.52553 25.43041 24.05796 16.30679 25.90035 15.71433 14.26509 30.2211 39.90959 14.90398 28.78122 32.26962 15.7306 27.1655 24.05796 18.60871 26.11213 15.78405 17.98455 25.87194 14.05704 18.60871 25.84867 13.12718 19.79089 28.54521 24.05796 21.86983 25.08294 15.78405 20.48109 30.54774 32.26598 23.96092 27.32631 24.05796 21.14469 24.54958 0.2076612 18.43451 25.37579 0.2076612 23.80255 22.9579 0.21277 24.52191 23.35424 15.78405 23.43828 22.80313 -14.62617 26.24377 25.14807 24.05796 27.99807 26.78944 32.27369 20.87548 24.4615 -14.62617 18.07999 25.2491 -14.62617 25.61934 29.28697 32.26859 28.53852 28.07119 39.9096 26.08307 30.84196 39.9096 28.62412 28.60693 45.70698 20.48109 32.12717 39.90959 26.1415 31.20885 45.80617 25.94972 30.2011 48.692 28.53263 28.18086 48.00744 20.48109 31.15236 49.11864 20.48109 32.49252 45.85265 14.2897 30.581 45.78362 14.6153 29.65042 48.88716 18.87369 25.2491 -19.95759 16.15546 24.38945 -19.95759 22.12213 24.72029 -19.95759 24.95307 23.1721 -19.95759 18.87369 26.02475 -25.70725 22.72115 24.96875 -25.70725 25.83484 23.50459 -25.70725 15.27421 24.8593 -25.70725 14.63472 23.64413 -21.65044 18.87369 26.69858 -32.41623 23.1105 25.49796 -32.41623 26.20479 23.69161 -32.41623 23.36294 25.75783 -39.96773 26.35737 23.80668 -39.96773 26.32195 23.34354 -46.09224 23.36294 25.59278 -46.58239 18.87369 27.12803 -39.96773 18.87369 27.02004 -47.05051 14.33026 25.5958 -46.57475 14.33026 25.68538 -39.2667 11.83291 23.4602 -45.80674 14.46647 25.34516 -32.41623 12.11033 23.552 -38.42981 10.5165 21.85647 -45.05219 13.19006 23.58881 -29.06174 10.79392 22.71339 -37.84396 11.78635 23.1239 -29.06174 12.62498 23.06783 -22.79097 6.347722 23.90877 -23.6004 6.347722 23.79016 -29.67514 0 24.10793 -23.77646 0 23.98932 -30.02471 6.347722 23.31106 -38.54392 0 23.51023 -38.89349 6.347724 22.37759 -46.09924 0 22.57675 -46.49732 12.29467 25.76891 10.56151 11.81751 25.84058 9.784115 12.13992 24.31683 9.231558 12.65639 24.05936 9.94157 13.06672 26.16789 10.39932 11.81751 22.79307 8.679001 13.49205 24.1577 9.670371 13.06672 26.48615 9.521701 12.29467 22.3498 9.321635 10.89938 21.5013 8.210564 13.49205 24.47596 8.792746 12.29467 26.28386 9.141482 13.06672 22.14751 8.941414 11.26457 20.90051 8.796078 9.525289 20.63816 7.897564 12.65639 24.5743 8.521546 11.81751 25.84058 9.784115 12.13992 24.31683 9.231558 13.06672 22.46576 8.06379 12.29467 22.86474 7.901609 11.81751 22.79307 8.679001 11.85548 20.44335 8.323435 11.85548 20.7616 7.445811 11.26457 21.41545 7.376053 10.89938 21.5013 8.210564 9.722932 19.93212 8.444912 7.904441 20.33507 7.787654 10.04273 19.30466 7.910515 7.904441 19.59207 8.321599 6.283594 20.63816 7.897564 10.04272 19.62292 7.03289 7.90444 18.90481 7.765516 6.08595 19.93212 8.444912 4.909506 21.5013 8.210564 9.722932 20.44706 7.024887 9.525289 20.63816 7.897564 7.904441 19.22306 6.887893 7.904441 20.10701 6.901574 7.904441 20.33507 7.787654 5.766157 19.30466 7.910515 5.766157 19.62292 7.032891 6.08595 20.44706 7.024887 6.283594 20.63816 7.897564 4.544309 20.90051 8.796078 3.991369 22.79308 8.679001 3.953407 20.44335 8.323436 3.514217 22.3498 9.321635 3.668963 24.31683 9.231559 3.953407 20.7616 7.445812 2.742167 22.14751 8.941414 3.152497 24.05936 9.94157 3.99137 25.84058 9.784117 4.544309 21.41545 7.376053 4.909506 21.5013 8.210564 2.742167 22.46576 8.063792 3.514217 22.86474 7.901609 3.991369 22.79308 8.679001 2.316836 24.1577 9.670371 2.316836 24.47596 8.792747 3.152497 24.5743 8.521546 3.668963 24.31683 9.231559 3.514218 25.76892 10.56151 4.909508 27.13236 10.25255 2.742168 26.1679 10.39933 4.54431 27.21821 11.08706 6.283596 27.99549 10.56555 2.742168 26.48615 9.521704 3.953409 27.87206 11.01731 6.085953 28.1866 11.43823 7.904444 28.29859 10.67546 3.514218 26.28386 9.141482 3.99137 25.84058 9.784117 3.953409 28.19031 10.13968 4.544311 27.73315 9.667039 4.909508 27.13236 10.25255 5.76616 29.01074 11.43023 5.76616 29.32899 10.5526 6.085953 28.70154 10.0182 6.283596 27.99549 10.56555 7.904444 28.52665 11.56154 9.525292 27.99549 10.56555 7.904444 29.41059 11.57522 9.722935 28.18659 11.43823 10.89938 27.13236 10.25255 7.904444 29.72885 10.6976 10.04273 29.01074 11.43022 11.26458 27.21821 11.08706 11.81751 25.84058 9.784115 12.29467 25.76891 10.56151 11.85548 27.87206 11.0173 13.06672 26.16789 10.39932 10.04273 29.32899 10.5526 11.85548 28.19031 10.13968 13.06672 26.48615 9.521701 7.904444 29.04159 10.14152 7.904444 28.29859 10.67546 9.722935 28.70154 10.0182 9.525292 27.99549 10.56555 11.26458 27.73315 9.667038 10.89938 27.13236 10.25255 12.29467 26.28386 9.141482 11.81751 25.84058 9.784115 29.10298 15.8211 41.63564 29.31469 15.8211 46.16761 31.87724 15.63434 41.63564 31.87724 15.63434 46.16761 31.87724 14.35517 41.63564 28.95182 15.8211 50.18734 31.87599 14.35517 46.16761 31.26665 13.97452 41.63564 31.26347 15.63434 51.15784 29.03063 15.63434 54.19173 27.47479 15.8211 52.47905 31.25743 14.35517 51.15784 25.91499 15.63434 55.78914 25.28737 15.8211 53.6071 20.47492 15.8211 54.44776 29.07454 14.35517 54.17318 20.4873 15.63434 56.63031 15.40376 15.8211 53.75022 25.915 14.35517 55.78912 14.72184 15.63434 55.94045 30.63229 13.97452 50.88158 20.48731 14.35517 56.63032 11.48186 15.63434 55.47898 11.48186 15.8211 51.80664 7.638385 15.8211 52.8777 14.72184 14.35517 55.94044 7.638385 15.63434 55.84259 1.16408e-4 15.8211 53.69396 11.48186 14.35517 55.47898 20.50761 13.97452 56.0139 14.81504 13.97452 55.37001 25.73996 13.97452 55.20837 28.61404 13.97452 53.7226 25.73781 12.23216 55.20837 20.48955 12.23216 56.01669 28.64362 12.23216 53.7226 25.89384 11.88959 55.79444 14.81504 12.23216 55.37001 20.51101 11.88959 56.63032 11.48186 12.23216 54.81797 14.72184 11.88959 55.94275 11.48186 13.97452 54.81797 11.48186 11.88959 55.47906 7.638385 12.23216 55.18151 7.638385 13.97452 55.18151 7.638385 14.35517 55.84258 1.16408e-4 12.23216 55.49591 1.16408e-4 15.63434 56.19834 1.16408e-4 13.97452 55.49592 1.16408e-4 14.35517 56.19834 -7.638152 15.63434 55.84259 -7.638153 15.8211 52.8777 -7.638152 14.35517 55.84258 -7.638152 13.97452 55.18151 -11.48163 14.35517 55.47898 -11.48163 15.63434 55.47898 -11.48163 15.8211 51.80664 -15.40353 15.8211 53.75022 -11.48163 13.97452 54.81797 -14.72161 15.63434 55.94045 -7.638153 12.23216 55.18151 -20.48707 15.63434 56.63031 -20.47469 15.8211 54.44776 -14.7216 14.35517 55.94044 -20.48708 14.35517 56.63032 -25.91476 15.63434 55.78914 -25.28714 15.8211 53.6071 -27.47456 15.8211 52.47905 -25.91476 14.35517 55.78912 -29.03039 15.63434 54.19173 -28.95159 15.8211 50.18734 -20.50738 13.97452 56.0139 -31.26323 15.63434 51.15784 -14.81481 13.97452 55.37001 -29.07431 14.35517 54.17318 -11.48163 12.23216 54.81797 -14.8148 12.23216 55.37001 -11.48163 11.88959 55.47906 -20.48932 12.23216 56.01669 -14.7216 11.88959 55.94275 -7.638152 11.88959 55.85117 -14.72161 10.67057 55.94275 1.16408e-4 11.88959 56.19841 -11.48163 10.67057 55.47898 -7.638153 10.67057 55.85117 7.638385 11.88959 55.85117 1.16408e-4 10.67057 56.19833 7.638385 10.67057 55.85117 1.16408e-4 10.38799 51.61426 -7.638152 10.38799 50.7919 7.638385 10.38799 50.7919 -11.48163 10.38799 49.75476 -15.34539 10.38799 52.60465 -20.48109 10.38799 53.31307 11.48186 10.67057 55.47898 11.48186 10.38799 49.75476 15.34562 10.38799 52.60465 14.72184 10.67057 55.94275 20.48133 10.38799 53.31307 20.4873 10.67057 56.63032 25.91499 10.67057 55.79444 24.96994 10.38799 52.53094 26.72353 10.38799 51.73352 29.0358 11.88959 54.19173 29.02677 10.67057 54.19173 28.23933 10.38799 49.9131 31.26346 10.67057 51.16144 31.25208 11.88959 51.16144 31.87725 10.67057 46.16761 28.63684 10.38799 46.16761 29.10298 10.38799 41.63564 31.87724 10.67076 41.63564 31.87724 11.88629 41.63564 31.87724 11.88959 46.16761 30.63419 12.23216 50.88158 31.26665 12.23216 46.16761 31.26665 12.23216 41.63564 31.26665 13.97452 46.16761 -29.31446 15.8211 46.16761 -29.10275 15.8211 41.63564 -31.87701 15.63434 41.63564 -31.87701 15.63434 46.16761 -31.87701 14.35517 41.63564 -31.87575 14.35517 46.16761 -31.26642 13.97452 41.63564 -31.2572 14.35517 51.15784 -31.26642 13.97452 46.16761 -31.26642 12.23216 41.63564 -30.63206 13.97452 50.88158 -31.26642 12.23216 46.16761 -31.87701 11.88629 41.63564 -30.63396 12.23216 50.88158 -28.61381 13.97452 53.7226 -28.64338 12.23216 53.7226 -25.73973 13.97452 55.20837 -25.73757 12.23216 55.20837 -25.89361 11.88959 55.79444 -31.25184 11.88959 51.16144 -20.51077 11.88959 56.63032 -29.03557 11.88959 54.19173 -20.48707 10.67057 56.63032 -25.91475 10.67057 55.79444 -24.96971 10.38799 52.53094 -26.7233 10.38799 51.73352 -29.02654 10.67057 54.19173 -28.2391 10.38799 49.9131 -31.26323 10.67057 51.16144 -31.87702 10.67057 46.16761 -28.6366 10.38799 46.16761 -29.10275 10.38799 41.63564 -31.87701 10.67076 41.63564 -31.87701 11.88959 46.16761 0 6.77951 -40.3173 0 6.77951 -46.76757 6.347722 6.77951 -46.36792 10.81991 6.77951 -45.32802 23.36294 6.77951 -39.96773 14.33027 6.77951 -46.51507 18.87369 6.77951 -47.29058 23.36294 6.77951 -46.92132 26.33989 7.756428 -45.73244 26.73281 7.756428 -39.96773 23.36294 6.77951 -25.68228 26.73281 7.756152 -25.68228 0 6.77951 -18.40141 25.68011 7.793942 -18.32295 23.36294 6.77951 -18.40141 22.88479 6.77951 -14.62617 0 6.77951 -14.62617 24.75141 7.755535 -14.62617 22.97237 6.77951 0.2168775 0 6.77951 15.78403 25.07694 7.755535 0.21275 23.05874 6.77951 15.78403 25.60204 7.755535 15.78403 26.80998 7.755535 24.05796 24.28705 6.778728 27.84684 28.03157 7.755535 32.31204 0 6.777948 39.91011 25.51535 6.777948 39.90965 28.45403 7.789961 39.9096 28.17886 8.077349 46.16365 25.43466 7.075198 46.16365 27.70693 8.973768 50.32117 25.09631 8.424307 51.06413 20.48109 7.075198 46.16365 20.48109 8.422985 51.52446 15.34539 8.424519 50.99055 15.34539 7.075198 46.16365 11.42376 8.428924 48.24607 7.620986 7.075198 45.90035 0 7.075198 46.16365 7.620986 8.428782 49.24337 0 8.426283 49.83143 0 6.77951 -40.3173 -6.347722 6.77951 -46.36792 0 6.77951 -46.76757 -10.81991 6.77951 -45.32802 -23.36294 6.77951 -39.96773 -14.33027 6.77951 -46.51507 -18.87369 6.77951 -47.29058 -23.36294 6.77951 -46.92132 -26.33989 7.756428 -45.73244 -26.73281 7.756428 -39.96773 -23.36294 6.77951 -25.68228 -26.73281 7.756152 -25.68228 0 6.77951 -18.40141 -25.68011 7.793942 -18.32295 -23.36294 6.77951 -18.40141 -22.88479 6.77951 -14.62617 0 6.77951 -14.62617 -24.75141 7.755535 -14.62617 -22.97237 6.77951 0.2168775 0 6.77951 15.78403 -25.07694 7.755535 0.21275 -23.05874 6.77951 15.78403 -25.60204 7.755535 15.78403 -26.80998 7.755535 24.05796 -24.28705 6.778728 27.84684 -28.03157 7.755535 32.31204 0 6.777948 39.91011 -25.51535 6.777948 39.90965 -28.45403 7.789961 39.9096 -28.17886 8.077349 46.16365 -25.43466 7.075198 46.16365 -27.70693 8.973768 50.32117 -25.09631 8.424307 51.06413 -20.48109 7.075198 46.16365 -20.48109 8.422985 51.52446 -15.34539 8.424519 50.99055 -15.34539 7.075198 46.16365 -11.42376 8.428924 48.24607 -7.620986 7.075198 45.90035 0 7.075198 46.16365 -7.620986 8.428782 49.24337 0 8.426283 49.83143 -17.90778 19.93544 55.19864 -20.48109 19.09932 55.19864 -20.48109 18.28168 55.19864 -17.42719 19.27395 55.19864 -16.31739 22.12443 55.19864 -17.30705 19.1086 55.00426 -20.48109 18.0773 55.00426 -20.48109 18.0773 50.34114 -17.30705 19.1086 50.34114 -15.34539 21.8086 55.00426 -15.34539 21.8086 50.34114 -15.53977 21.87176 55.19864 -16.31739 24.83017 55.19864 -15.34539 25.14599 55.00426 -15.34539 25.14599 50.34114 -15.53977 25.08283 55.19864 -17.90778 27.01916 55.19864 -17.30705 27.84599 55.00426 -17.30705 27.84599 50.34114 -17.42719 27.68064 55.19864 -20.48109 27.85528 55.19864 -20.48109 28.8773 55.00426 -20.48109 28.8773 50.34114 -20.48109 28.67291 55.19864 -23.05441 27.01916 55.19864 -23.65513 27.84599 55.00426 -23.65513 27.84599 50.34114 -23.535 27.68064 55.19864 -24.6448 24.83017 55.19864 -25.6168 25.14599 55.00426 -25.6168 25.14599 50.34114 -25.42242 25.08283 55.19864 -24.6448 22.12443 55.19864 -25.6168 21.80861 55.00426 -25.6168 21.8086 50.34114 -25.42242 21.87176 55.19864 -23.05441 19.93544 55.19864 -23.65513 19.1086 55.00426 -23.65513 19.1086 50.34114 -23.535 19.27395 55.19864 -20.48109 19.09932 55.19864 -20.48109 18.28168 55.19864 -20.48109 18.0773 55.00426 -20.48109 18.0773 50.34114 -26.168 9.356158 -47.63791 -23.36294 6.77951 -46.92132 -26.33989 7.756428 -45.73244 -23.36294 8.260235 -48.82678 -18.87369 6.77951 -47.29058 -23.36294 10.18228 -50.01367 -26.16242 11.22627 -48.69364 -18.87369 8.260262 -49.19604 -14.33027 8.260236 -48.42052 -14.33027 6.77951 -46.51507 -18.87324 10.18261 -50.38293 -10.81991 8.215191 -47.24462 -10.81991 6.77951 -45.32802 -6.347722 6.77951 -46.36792 -14.33027 10.18229 -49.60741 -10.81991 10.18199 -48.611 -6.347722 8.170147 -48.27337 0 6.77951 -46.76757 -14.33027 18.35695 -49.60741 -6.347722 10.18168 -49.65496 0 8.26021 -48.67302 6.347722 8.170147 -48.27337 6.347722 6.77951 -46.36792 -10.79392 18.35695 -48.611 10.81991 8.215191 -47.24462 10.81991 6.77951 -45.32802 14.33027 6.77951 -46.51507 14.33027 8.260236 -48.42052 18.87369 6.77951 -47.29058 10.81991 10.18199 -48.611 6.347722 10.18168 -49.65496 0 10.18199 -50.05462 10.79392 18.35695 -48.611 -6.347724 18.96473 -49.65496 6.347724 18.96473 -49.65496 0 19.16389 -50.05462 0 21.19889 -48.68914 -6.347724 20.99973 -48.29105 6.347724 20.99973 -48.29105 0 22.57675 -46.49732 -6.347724 22.37759 -46.09924 6.347724 22.37759 -46.09924 -10.79392 20.48891 -47.24605 -10.5165 21.85647 -45.05219 10.79392 20.48891 -47.24605 10.5165 21.85647 -45.05219 -12.11033 22.04184 -47.58107 -11.83291 23.4602 -45.80674 -12.47807 20.48968 -48.90034 -14.33026 24.63186 -48.14835 -14.33026 25.5958 -46.57475 -14.33027 22.91086 -49.05044 -18.87375 18.35695 -50.38293 -18.87413 24.10394 -49.70126 -18.87369 25.99477 -48.68806 -18.87369 27.02004 -47.05051 -23.36294 25.59278 -46.58239 -23.36294 24.4994 -48.27888 -26.32195 23.34354 -46.09224 -26.16242 22.41387 -47.74149 -23.36294 22.39475 -49.33958 -26.16242 20.47851 -48.52275 -23.36294 18.35695 -50.01367 -26.16242 18.35695 -48.69364 12.11033 22.04184 -47.58107 11.83291 23.4602 -45.80674 12.47807 20.48968 -48.90034 14.33026 24.63186 -48.14835 14.33026 25.5958 -46.57475 14.33027 22.91086 -49.05044 14.33027 18.35695 -49.60741 18.87369 25.99477 -48.68806 18.87369 27.02004 -47.05051 23.36294 25.59278 -46.58239 18.87413 24.10394 -49.70126 23.36294 24.4994 -48.27888 26.32195 23.34354 -46.09224 26.16242 22.41387 -47.74149 23.36294 22.39475 -49.33958 26.16242 20.47851 -48.52275 18.87375 18.35695 -50.38293 23.36294 18.35695 -50.01367 26.16242 18.35695 -48.69364 26.16242 11.22627 -48.69364 18.87324 10.18261 -50.38293 23.36294 10.18228 -50.01367 26.168 9.356158 -47.63791 14.33027 10.18229 -49.60741 18.87369 8.260262 -49.19604 23.36294 8.260235 -48.82678 23.36294 6.77951 -46.92132 26.33989 7.756428 -45.73244 17.90778 19.93544 55.19864 20.48109 18.28168 55.19864 20.48109 19.09932 55.19864 17.42719 19.27395 55.19864 16.31739 22.12443 55.19864 17.30705 19.1086 55.00426 20.48109 18.0773 55.00426 20.48109 18.0773 50.34114 17.30705 19.1086 50.34114 15.34539 21.8086 55.00426 15.34539 21.8086 50.34114 15.53977 21.87176 55.19864 16.31739 24.83017 55.19864 15.34539 25.14599 55.00426 15.34539 25.14599 50.34114 15.53977 25.08283 55.19864 17.90778 27.01916 55.19864 17.30705 27.84599 55.00426 17.30705 27.84599 50.34114 17.42719 27.68064 55.19864 20.48109 27.85528 55.19864 20.48109 28.8773 55.00426 20.48109 28.8773 50.34114 20.48109 28.67291 55.19864 23.05441 27.01916 55.19864 23.65513 27.84599 55.00426 23.65513 27.84599 50.34114 23.535 27.68064 55.19864 24.6448 24.83017 55.19864 25.6168 25.14599 55.00426 25.6168 25.14599 50.34114 25.42242 25.08283 55.19864 24.6448 22.12443 55.19864 25.6168 21.80861 55.00426 25.6168 21.8086 50.34114 25.42242 21.87176 55.19864 23.05441 19.93544 55.19864 23.65513 19.1086 55.00426 23.65513 19.1086 50.34114 23.535 19.27395 55.19864 20.48109 19.09932 55.19864 20.48109 18.28168 55.19864 20.48109 18.0773 55.00426 20.48109 18.0773 50.34114 16.9361 24.965 13.54069 0 25.94372 13.54069 17.65359 25.94372 13.54069 -16.9361 24.965 13.54069 -17.65359 25.94372 13.54069 0 24.965 13.54069 16.88485 20.84222 13.54069 -16.88485 20.84222 13.54069 0 20.84222 13.54069 17.65359 25.94372 13.54069 0 25.94372 13.54069 16.00936 25.92577 15.14314 -17.65359 25.94372 13.54069 -16.00936 25.92577 15.14314 0 25.92577 15.14314 13.0354 25.92577 16.77352 -13.0354 25.92577 16.77352 0 25.92577 16.77352 8.317693 25.73757 18.22602 -8.317693 25.73757 18.22602 0 25.73757 18.22602 0 25.73757 18.80998 24.91459 8.67472 -44.69358 29.13682 8.974722 -39.92219 24.59172 8.674721 -39.92218 29.30837 8.974721 -44.69359 24.91085 8.674721 -45.66691 29.30837 10.40136 -44.69359 29.13764 10.40136 -39.92219 28.84305 8.974724 -47.85757 24.03537 8.67472 -46.87619 28.65668 10.70637 -44.69359 28.78259 10.70637 -39.92218 28.78927 10.40136 -47.85757 28.65668 12.52026 -44.69359 28.78259 12.52026 -39.92218 29.13764 12.81944 -39.92219 28.10317 10.70637 -47.41843 28.10317 12.52026 -47.41844 29.36412 12.81944 -44.69359 29.13682 14.25568 -39.92219 24.91459 14.55568 -44.27991 24.59172 14.55568 -39.92218 29.30837 14.25568 -44.69359 24.93507 14.55568 -45.66691 28.78927 12.81944 -47.85757 28.84305 14.25568 -47.85757 24.07832 14.55568 -46.87619 27.0581 14.25568 -50.38164 26.42173 12.52025 -49.63936 26.97574 12.81944 -50.38164 23.81938 14.25568 -51.87772 22.15564 14.55568 -47.64731 23.80968 12.81944 -51.87772 18.68993 14.25568 -52.26232 18.62774 14.55568 -47.95006 23.50074 12.52025 -51.00932 10.78815 14.25568 -51.23953 10.78815 14.55568 -46.54522 6.704257 14.55568 -47.24154 18.68993 12.81944 -52.26233 10.78815 12.81944 -51.24042 6.704257 14.25568 -51.59891 1.16408e-4 14.55568 -47.57463 6.704257 12.81944 -51.59891 18.68993 12.52025 -51.36588 1.16408e-4 14.25568 -51.91753 -6.704025 14.25568 -51.59891 -6.704025 14.55568 -47.24154 1.16408e-4 12.81944 -51.91753 -10.78791 14.25568 -51.23953 -10.78791 14.55568 -46.54522 -18.62751 14.55568 -47.95006 -6.704025 12.81944 -51.59891 1.16408e-4 12.52025 -51.00932 -18.6897 14.25568 -52.26232 -22.15541 14.55568 -47.64731 -10.78792 12.81944 -51.24042 -23.81914 14.25568 -51.87772 -24.07809 14.55568 -46.87619 -6.704025 12.52025 -50.73971 -18.6897 12.81944 -52.26233 -10.78792 12.52025 -50.27369 -23.80945 12.81944 -51.87772 -18.6897 12.52025 -51.36588 -23.50051 12.52025 -51.00932 -10.78791 10.70637 -50.27369 -6.704025 10.70637 -50.73971 -18.6897 10.70637 -51.36588 -10.78792 10.40136 -51.23953 -23.45794 10.70637 -51.00932 -18.6897 10.40136 -52.26114 -6.704025 10.40136 -51.64612 -23.7732 10.40136 -51.87773 -18.6897 8.974722 -52.26232 -26.39239 10.70637 -49.63936 -10.78792 8.974723 -51.23953 -23.77941 8.974723 -51.87773 -18.61552 8.67472 -47.95006 -22.11539 8.67472 -47.64731 -10.78791 8.67472 -46.54522 -24.03514 8.67472 -46.87619 -6.704025 8.67472 -47.24154 -6.704025 8.974723 -51.64539 1.16408e-4 8.67472 -47.57463 -26.95452 10.40136 -50.38164 -26.99322 8.974725 -50.38164 -28.78904 10.40136 -47.85757 -28.84282 8.974724 -47.85757 -24.91062 8.674721 -45.66691 -29.30814 8.974721 -44.69359 -24.91436 8.67472 -44.69358 -29.30814 10.40136 -44.69359 -29.13659 8.974722 -39.92219 -24.59149 8.674721 -39.92218 -29.1374 10.40136 -39.92219 -28.10294 10.70637 -47.41843 -28.65645 10.70637 -44.69359 -28.78235 10.70637 -39.92218 -26.45061 12.52025 -49.63936 -28.10294 12.52026 -47.41844 -28.65645 12.52026 -44.69359 -28.78235 12.52026 -39.92218 -29.1374 12.81944 -39.92219 -29.36389 12.81944 -44.69359 -29.13659 14.25568 -39.92219 -24.59149 14.55568 -39.92218 -24.91436 14.55568 -44.27991 -29.30814 14.25568 -44.69359 -24.93484 14.55568 -45.66691 -28.78904 12.81944 -47.85757 -28.84282 14.25568 -47.85757 -26.97551 12.81944 -50.38164 -27.05787 14.25568 -50.38164 8.317693 25.73757 18.22602 0 25.73757 18.80998 8.22051 26.41416 17.5711 -8.317693 25.73757 18.22602 -8.22051 26.41416 17.5711 0 26.41394 18.13851 12.88575 26.58556 16.17788 13.0354 25.92577 16.77352 -13.0354 25.92577 16.77352 -12.88575 26.58556 16.17788 7.376498 32.41036 11.93381 -7.376498 32.41036 11.93381 0 32.40821 12.35747 7.291222 32.9767 11.35647 0 32.97454 11.77127 -7.291222 32.9767 11.35647 11.47391 32.80468 10.52187 -11.47391 32.80468 10.52187 11.58607 32.24761 11.08532 13.8627 31.92572 10.40064 14.02647 32.41083 9.783096 -11.58607 32.24761 11.08532 -13.8627 31.92572 10.40064 -14.02647 32.41083 9.783096 -15.7877 26.54643 14.65278 -16.00936 25.92577 15.14314 -17.65359 25.94372 13.54069 -14.80669 31.29862 10.13161 -15.45615 31.37698 9.215548 -17.37768 26.48355 13.20007 -18.60131 25.82987 12.47941 14.80669 31.29862 10.13161 15.45615 31.37698 9.215548 17.37768 26.48355 13.20007 18.60131 25.82987 12.47941 17.65359 25.94372 13.54069 15.7877 26.54643 14.65278 16.00936 25.92577 15.14314 -29.72799 11.48718 50.32117 -27.70693 8.973768 50.32117 -27.83592 11.48718 52.67243 -28.13886 16.22419 53.18823 -28.17886 8.077349 46.16365 -30.39044 16.22419 50.51347 -28.28337 21.51968 52.30138 -30.52735 11.48718 46.16365 -30.57278 11.48718 39.9096 -28.45403 7.789961 39.9096 -31.30303 16.20425 46.16365 -30.11488 11.48718 32.30613 -28.03157 7.755535 32.31204 -31.34815 16.06351 39.9096 -30.67571 15.93854 32.29778 -28.894 11.48718 24.05796 -26.80998 7.755535 24.05796 -29.16129 15.73213 24.05796 -27.71819 11.48718 15.78403 -25.60204 7.755535 15.78403 -27.71819 15.45399 15.78404 -27.09628 11.48718 0.2168775 -25.07694 7.755535 0.21275 -27.09628 15.18829 0.2185392 -26.73201 11.48718 -14.62617 -24.75141 7.755535 -14.62617 -25.68011 7.793942 -18.32295 -26.73201 15.18829 -14.62617 -27.64823 11.48718 -18.76783 -26.73281 7.756152 -25.68228 -28.28494 15.18829 -19.37377 -28.39689 11.48718 -25.68228 -28.39689 11.48718 -39.96773 -26.73281 7.756428 -39.96773 -28.71855 15.18829 -25.68228 -28.2065 11.48718 -45.73278 -26.33989 7.756428 -45.73244 -26.168 9.356158 -47.63791 -26.16242 11.22627 -48.69364 -28.71855 15.18829 -39.96773 -27.55296 13.16501 -47.36425 -26.16242 18.35695 -48.69364 -28.54286 15.18829 -45.73211 -27.58235 18.35695 -47.36425 -26.16242 20.47851 -48.52275 -28.99752 18.35695 -39.96773 -28.31858 18.35695 -45.73211 -27.16147 20.32594 -47.54792 -26.16242 22.41387 -47.74149 -27.59945 20.928 -45.80645 -26.32195 23.34354 -46.09224 -28.07562 21.49654 -39.96773 -26.35737 23.80668 -39.96773 -28.99752 18.35695 -25.68228 -28.77757 20.31891 -32.41623 -28.30346 21.72078 -32.41623 -26.20479 23.69161 -32.41623 -28.7311 20.31891 -25.70725 -28.11862 21.68361 -25.70725 -25.83484 23.50459 -25.70725 -28.42399 18.35695 -19.805 -27.19009 21.34783 -20.01982 -24.95307 23.1721 -19.95759 -25.5692 20.82024 -14.62617 -23.43828 22.80313 -14.62617 -23.80255 22.9579 0.21277 -26.37178 18.35695 -14.62617 -25.93347 20.74741 0.2168403 -24.52191 23.35424 15.78405 -26.73605 18.35695 0.2176898 -27.35796 18.66203 15.78404 -26.55538 21.18226 15.78405 -28.8761 19.50125 24.05796 -28.03463 22.5211 24.05796 -26.24377 25.14807 24.05796 -30.70324 20.33039 32.2891 -29.87129 23.98673 32.27982 -27.99807 26.78944 32.27369 -31.41767 20.81606 39.9096 -30.62296 24.95796 39.9096 -28.53852 28.07119 39.9096 -31.35221 21.08953 45.89762 -30.57836 25.65212 45.70698 -28.62412 28.60693 45.70698 -30.50003 25.48303 47.02679 -28.53263 28.18086 48.00744 -28.35214 26.36567 50.13863 -30.51542 24.48379 48.29019 -28.31026 24.19777 51.4265 -30.60011 22.9198 49.17521 -30.70166 21.25387 49.72846 -6.347722 28.50291 -20.12105 0 24.61528 -18.73018 0 28.58837 -20.25289 0 24.10793 -23.77646 -6.347722 24.68916 -18.55125 -6.347722 23.90877 -23.6004 -11.59001 28.16232 -19.43586 -12.62498 23.06783 -22.79097 -14.63472 23.64413 -21.65044 -11.11873 24.56746 -18.03831 -16.15546 24.38945 -19.95759 -14.83679 27.16763 -17.70363 -13.8212 24.48357 -16.76082 -18.07999 25.2491 -14.62617 -16.90955 25.3349 -14.62617 -16.07595 24.58636 -13.98351 -17.2181 25.47634 0.2076612 -18.43451 25.37579 0.2076612 -16.5336 24.58636 0.2076612 -18.60871 25.84867 13.12718 -16.9361 24.965 13.54069 -17.65359 25.94372 13.54069 29.72799 11.48718 50.32117 27.83592 11.48718 52.67243 27.70693 8.973768 50.32117 28.13886 16.22419 53.18823 28.17886 8.077349 46.16365 30.39044 16.22419 50.51347 28.28337 21.51968 52.30138 30.52735 11.48718 46.16365 30.57278 11.48718 39.9096 28.45403 7.789961 39.9096 31.30303 16.20425 46.16365 30.11488 11.48718 32.30613 28.03157 7.755535 32.31204 31.34815 16.06351 39.9096 30.67571 15.93854 32.29778 28.894 11.48718 24.05796 26.80998 7.755535 24.05796 29.16129 15.73213 24.05796 27.71819 11.48718 15.78403 25.60204 7.755535 15.78403 27.71819 15.45399 15.78404 27.09628 11.48718 0.2168775 25.07694 7.755535 0.21275 27.09628 15.18829 0.2185392 26.73201 11.48718 -14.62617 24.75141 7.755535 -14.62617 25.68011 7.793942 -18.32295 26.73201 15.18829 -14.62617 26.73605 18.35695 0.2176898 27.64823 11.48718 -18.76783 26.73281 7.756152 -25.68228 28.28494 15.18829 -19.37377 28.39689 11.48718 -25.68228 28.39689 11.48718 -39.96773 26.73281 7.756428 -39.96773 28.71855 15.18829 -25.68228 28.2065 11.48718 -45.73278 26.33989 7.756428 -45.73244 26.168 9.356158 -47.63791 26.16242 11.22627 -48.69364 28.71855 15.18829 -39.96773 27.55296 13.16501 -47.36425 26.16242 18.35695 -48.69364 28.54286 15.18829 -45.73211 27.58235 18.35695 -47.36425 26.16242 20.47851 -48.52275 28.99752 18.35695 -39.96773 28.31858 18.35695 -45.73211 27.16147 20.32594 -47.54792 26.16242 22.41387 -47.74149 27.59945 20.928 -45.80645 26.32195 23.34354 -46.09224 28.07562 21.49654 -39.96773 26.35737 23.80668 -39.96773 28.99752 18.35695 -25.68228 28.77757 20.31891 -32.41623 28.30346 21.72078 -32.41623 26.20479 23.69161 -32.41623 28.7311 20.31891 -25.70725 28.11862 21.68361 -25.70725 25.83484 23.50459 -25.70725 28.42399 18.35695 -19.805 27.19009 21.34783 -20.01982 24.95307 23.1721 -19.95759 25.5692 20.82024 -14.62617 23.43828 22.80313 -14.62617 23.80255 22.9579 0.21277 26.37178 18.35695 -14.62617 25.93347 20.74741 0.2168403 24.52191 23.35424 15.78405 27.35796 18.66203 15.78404 26.55538 21.18226 15.78405 28.8761 19.50125 24.05796 28.03463 22.5211 24.05796 26.24377 25.14807 24.05796 30.70324 20.33039 32.2891 29.87129 23.98673 32.27982 27.99807 26.78944 32.27369 31.41767 20.81606 39.9096 30.62296 24.95796 39.9096 28.53852 28.07119 39.9096 31.35221 21.08953 45.89762 30.57836 25.65212 45.70698 28.62412 28.60693 45.70698 30.50003 25.48303 47.02679 28.53263 28.18086 48.00744 28.35214 26.36567 50.13863 30.51542 24.48379 48.29019 28.31026 24.19777 51.4265 30.60011 22.9198 49.17521 30.70166 21.25387 49.72846 6.347722 28.50291 -20.12105 0 28.58837 -20.25289 0 24.61528 -18.73018 0 24.10793 -23.77646 6.347722 24.68916 -18.55125 6.347722 23.90877 -23.6004 11.59001 28.16232 -19.43586 12.62498 23.06783 -22.79097 14.63472 23.64413 -21.65044 11.11873 24.56746 -18.03831 16.15546 24.38945 -19.95759 14.83679 27.16763 -17.70363 13.8212 24.48357 -16.76082 18.07999 25.2491 -14.62617 16.90955 25.3349 -14.62617 16.07595 24.58636 -13.98351 17.2181 25.47634 0.2076612 18.43451 25.37579 0.2076612 16.5336 24.58636 0.2076612 18.60871 25.84867 13.12718 16.9361 24.965 13.54069 17.65359 25.94372 13.54069 -20.36419 26.44959 18.24315 -20.36419 25.04041 15.78007 -18.63276 26.26402 15.78358 -18.6325 29.52562 15.78297 -27.25507 26.02342 15.02227 -20.36419 29.52562 18.24315 -20.36419 30.71202 15.77979 -26.6355 30.32711 15.03216 -26.37027 26.44959 17.28315 -27.66952 27.89482 15.77987 -26.37027 29.52562 17.28315 20.36419 26.44959 18.24315 18.63276 26.26402 15.78358 20.36419 25.04041 15.78007 18.6325 29.52562 15.78297 27.3792 26.03757 15.38798 20.36419 29.52562 18.24315 20.36419 30.71202 15.77979 26.62823 30.43515 15.40597 26.37027 26.44959 17.28315 27.66952 27.89482 15.77987 26.37027 29.52562 17.28315 26.42173 10.70637 -49.63936 23.45818 10.70637 -51.00932 26.95475 10.40136 -50.38164 23.77343 10.40136 -51.87773 26.99345 8.974725 -50.38164 23.77964 8.974723 -51.87773 22.11562 8.67472 -47.64731 18.68993 8.974722 -52.26232 18.61576 8.67472 -47.95006 18.68993 10.40136 -52.26114 18.68993 10.70637 -51.36588 10.78815 10.40136 -51.23953 10.78815 8.974723 -51.23953 10.78815 8.67472 -46.54522 6.704257 8.67472 -47.24154 10.78815 10.70637 -50.27369 6.704257 8.974723 -51.64539 6.704257 10.40136 -51.64612 1.16408e-4 8.974724 -51.91753 1.16408e-4 10.40136 -51.91753 1.16408e-4 10.70637 -51.00932 6.704257 10.70637 -50.73971 6.704257 12.52025 -50.73971 10.78815 12.52025 -50.27369 17.98455 25.87194 14.05704 18.60871 25.84867 13.12718 17.68612 26.48468 13.68217 15.56491 31.94678 9.527241 16.08428 26.55446 15.20378 16.30679 25.90035 15.71433 15.09433 31.80623 10.42649 14.36516 32.67493 10.17314 13.07718 26.68243 16.78172 13.23026 25.99747 17.39007 14.15174 32.23536 10.76977 11.56289 33.18976 10.97389 11.74769 32.6312 11.49836 8.316779 26.78246 17.98498 8.419165 26.08348 18.62895 0 26.09792 19.15726 7.427571 32.79528 12.39224 7.341693 33.3656 11.81304 0 26.7969 18.50265 0 32.79528 12.81745 0 33.3656 12.22932 -7.341693 33.3656 11.81304 -7.427571 32.79528 12.39224 -11.56289 33.18976 10.97389 -8.316779 26.78246 17.98498 -8.419165 26.08348 18.62895 -13.23026 25.99747 17.39007 -11.74769 32.6312 11.49836 -13.07718 26.68243 16.78172 -16.30679 25.90035 15.71433 -14.15174 32.23536 10.76977 -14.36516 32.67493 10.17314 -16.08428 26.55446 15.20378 -17.98455 25.87194 14.05704 -15.09433 31.80623 10.42649 -15.56491 31.94678 9.527241 -17.68612 26.48468 13.68217 -18.60871 25.84867 13.12718 -7.512461 21.93964 51.94134 -11.23516 21.93964 50.56858 -11.45436 21.51503 52.96951 -7.695605 21.51503 54.29361 0 21.93964 52.81141 -11.45436 18.91479 52.96951 -11.23516 16.22077 52.01291 -10.81883 19.95201 53.32188 -11.45436 16.31457 52.96951 -7.512461 16.22077 53.38567 -10.82012 18.27023 53.42863 -7.695605 16.31456 54.29361 0 16.22077 54.25573 0 16.31456 55.16029 -7.704093 17.64719 54.48224 7.695605 16.31456 54.29361 7.512461 16.22077 53.38567 0 17.64719 55.34717 11.45436 16.31457 52.96951 11.23516 16.22077 52.01291 7.704093 17.64719 54.48224 11.45436 18.91479 52.96951 11.23516 21.93964 50.56858 10.7083 18.03455 53.33685 11.45436 21.51503 52.96951 7.512461 21.93964 51.94134 10.70584 19.7003 53.27355 7.695605 21.51503 54.29361 0 21.51503 55.16029 7.701115 20.19775 54.41605 -7.701115 20.19775 54.41605 0 20.19775 55.27921 7.627964 19.97351 54.13784 -7.627964 19.97351 54.13784 0 19.97351 54.99446 7.62129 19.52654 54.1752 -7.62129 19.52654 54.1752 -7.704093 19.35146 54.48224 0 19.52654 55.0309 7.704093 19.35146 54.48224 0 19.35146 55.34717 -7.707071 18.49933 54.54843 7.707071 18.49933 54.54843 0 18.49933 55.41513 -7.625408 18.32326 54.24109 7.625408 18.32326 54.24109 0 18.32326 55.09885 -7.630907 17.87084 54.20405 0 17.87084 55.06241 7.630907 17.87084 54.20405 20.48109 20.00778 56.08242 20.48109 19.09932 55.19864 23.05441 19.93544 55.19864 18.44176 20.6704 56.08242 17.90778 19.93544 55.19864 22.52043 20.6704 56.08242 24.6448 22.12443 55.19864 17.18139 22.40516 56.08242 16.31739 22.12443 55.19864 23.7808 22.40516 56.08242 24.6448 24.83017 55.19864 17.18139 24.54944 56.08242 16.31739 24.83017 55.19864 23.7808 24.54944 56.08242 23.05441 27.01916 55.19864 18.44176 26.28419 56.08242 17.90778 27.01916 55.19864 22.52043 26.2842 56.08242 20.48109 27.85528 55.19864 20.48109 26.94681 56.08242 22.36029 24.08789 56.78585 21.64251 25.07584 56.78585 20.48109 25.45321 56.78585 22.36029 22.86671 56.78585 20.48109 23.4773 57.08378 21.64251 21.87875 56.78585 19.31968 25.07584 56.78585 20.48109 21.50139 56.78585 18.60189 24.08789 56.78585 19.31968 21.87875 56.78585 18.60189 22.86671 56.78585 -20.48109 26.94681 56.08242 -17.90778 27.01916 55.19864 -20.48109 27.85528 55.19864 -22.52043 26.2842 56.08242 -23.05441 27.01916 55.19864 -18.44176 26.28419 56.08242 -16.31739 24.83017 55.19864 -23.7808 24.54944 56.08242 -24.6448 24.83017 55.19864 -21.64251 25.07584 56.78585 -23.7808 22.40516 56.08242 -24.6448 22.12443 55.19864 -22.3603 24.08789 56.78585 -22.3603 22.86671 56.78585 -20.48109 25.45321 56.78585 -20.48109 23.4773 57.08378 -19.31968 25.07584 56.78585 -17.18139 24.54944 56.08242 -16.31739 22.12443 55.19864 -18.60189 24.08789 56.78585 -17.18139 22.40516 56.08242 -17.90778 19.93544 55.19864 -18.60189 22.86671 56.78585 -18.44176 20.6704 56.08242 -20.48109 19.09932 55.19864 -19.31968 21.87875 56.78585 -20.48109 20.00778 56.08242 -23.05441 19.93544 55.19864 -20.48109 21.50139 56.78585 -22.52043 20.6704 56.08242 -21.64251 21.87875 56.78585 -26.87738 25.78132 14.58358 -26.37027 26.44959 17.28315 -26.87996 29.98792 14.58358 -18.60871 25.84867 13.12718 -24.52191 23.35424 15.78405 -18.60871 26.11213 15.78405 -16.09585 24.17791 -13.38686 -13.8212 24.48357 -16.76082 -16.90955 25.3349 -14.62617 -18.60871 26.11213 15.78405 -24.52191 23.35424 15.78405 -19.79089 28.54521 24.05796 -24.52191 23.35424 15.78405 -26.24377 25.14807 24.05796 -19.79089 28.54521 24.05796 -16.9361 24.965 13.54069 -16.09585 24.17791 -13.38686 -17.65359 25.94372 13.54069 -16.09585 24.17791 -13.38686 -16.90955 25.3349 -14.62617 -17.65359 25.94372 13.54069 -18.60131 25.82987 12.47941 -16.90955 25.3349 -14.62617 -18.07999 25.2491 -14.62617 -18.60131 25.82987 12.47941 -18.60871 25.84867 13.12718 -16.90955 25.3349 -14.62617 -18.60871 25.84867 13.12718 -17.65359 25.94372 13.54069 -16.90955 25.3349 -14.62617 -23.43828 22.80313 -14.62617 -26.37178 18.35695 -14.62617 -24.52191 23.35424 15.78405 -26.37178 18.35695 -14.62617 -27.35796 18.66203 15.78404 -24.52191 23.35424 15.78405 -26.24377 25.14807 24.05796 -24.52191 23.35424 15.78405 -28.8761 19.50125 24.05796 -24.52191 23.35424 15.78405 -27.35796 18.66203 15.78404 -28.8761 19.50125 24.05796 -30.52735 11.48718 46.16365 -27.83592 11.48718 52.67243 -28.28337 21.51968 52.30138 -27.70693 8.973768 50.32117 -27.83592 11.48718 52.67243 -30.52735 11.48718 46.16365 -20.48109 11.48718 54.65814 -27.83592 11.48718 52.67243 -20.48109 8.422985 51.52446 -27.83592 11.48718 52.67243 -27.70693 8.973768 50.32117 -20.48109 8.422985 51.52446 -14.83679 27.16763 -17.70363 -18.07999 25.2491 -14.62617 -16.90955 25.3349 -14.62617 -16.90955 25.3349 -14.62617 -13.8212 24.48357 -16.76082 -14.83679 27.16763 -17.70363 16.90955 25.3349 -14.62617 13.8212 24.48357 -16.76082 16.09585 24.17791 -13.38686 27.35796 18.66203 15.78404 26.37178 18.35695 -14.62617 24.52191 23.35424 15.78405 26.37178 18.35695 -14.62617 23.43828 22.80313 -14.62617 24.52191 23.35424 15.78405 27.35796 18.66203 15.78404 24.52191 23.35424 15.78405 28.8761 19.50125 24.05796 24.52191 23.35424 15.78405 26.24377 25.14807 24.05796 28.8761 19.50125 24.05796 18.60871 26.11213 15.78405 19.79089 28.54521 24.05796 24.52191 23.35424 15.78405 19.79089 28.54521 24.05796 26.24377 25.14807 24.05796 24.52191 23.35424 15.78405 0 11.48718 52.67257 11.42376 11.48718 51.04738 11.29289 21.8086 51.59618 18.60871 26.11213 15.78405 24.52191 23.35424 15.78405 18.60871 25.84867 13.12718 27.70693 8.973768 50.32117 27.83592 11.48718 52.67243 20.48109 8.422985 51.52446 27.83592 11.48718 52.67243 20.48109 11.48718 54.65814 20.48109 8.422985 51.52446 16.90955 25.3349 -14.62617 18.60131 25.82987 12.47941 18.07999 25.2491 -14.62617 16.90955 25.3349 -14.62617 18.60871 25.84867 13.12718 18.60131 25.82987 12.47941 16.90955 25.3349 -14.62617 17.65359 25.94372 13.54069 18.60871 25.84867 13.12718 16.9361 24.965 13.54069 17.65359 25.94372 13.54069 16.09585 24.17791 -13.38686 17.65359 25.94372 13.54069 16.90955 25.3349 -14.62617 16.09585 24.17791 -13.38686 16.90955 25.3349 -14.62617 18.07999 25.2491 -14.62617 14.83679 27.16763 -17.70363 14.83679 27.16763 -17.70363 13.8212 24.48357 -16.76082 16.90955 25.3349 -14.62617 15.56491 31.94678 9.527241 18.60871 25.84867 13.12718 18.60131 25.82987 12.47941 16.00936 25.92577 15.14314 13.0354 25.92577 16.77352 12.88575 26.58556 16.17788 14.36516 32.67493 10.17314 15.09433 31.80623 10.42649 15.56491 31.94678 9.527241 14.36516 32.67493 10.17314 15.56491 31.94678 9.527241 14.02647 32.41083 9.783096 15.56491 31.94678 9.527241 15.45615 31.37698 9.215548 14.02647 32.41083 9.783096 15.09433 31.80623 10.42649 17.68612 26.48468 13.68217 15.56491 31.94678 9.527241 15.45615 31.37698 9.215548 15.56491 31.94678 9.527241 18.60131 25.82987 12.47941 -18.60131 25.82987 12.47941 -18.60871 25.84867 13.12718 -15.56491 31.94678 9.527241 -12.88575 26.58556 16.17788 -13.0354 25.92577 16.77352 -16.00936 25.92577 15.14314 -15.56491 31.94678 9.527241 -15.09433 31.80623 10.42649 -14.36516 32.67493 10.17314 -15.45615 31.37698 9.215548 -15.56491 31.94678 9.527241 -14.02647 32.41083 9.783096 -15.56491 31.94678 9.527241 -14.36516 32.67493 10.17314 -14.02647 32.41083 9.783096 -17.68612 26.48468 13.68217 -15.09433 31.80623 10.42649 -15.56491 31.94678 9.527241 -18.60131 25.82987 12.47941 -15.56491 31.94678 9.527241 -15.45615 31.37698 9.215548 0 16.22077 51.09615 7.512461 16.22077 51.09613 7.695605 16.31456 54.29361 7.512461 16.22077 51.09613 11.23516 16.22077 51.09612 11.45436 16.31457 52.96951 -7.695605 16.31456 54.29361 -7.512461 16.22077 51.09613 0 16.22077 51.09615 -11.45436 16.31457 52.96951 -11.23516 16.22077 51.09612 -7.512461 16.22077 51.09613 16.42507 20.0534 20.48582 -16.42507 20.0534 20.48582 0 20.84222 13.54069 -23.43828 22.80313 -14.62617 -24.52191 23.35424 15.78405 -18.60131 25.82987 12.47941 -18.60871 25.84867 13.12718 -18.60131 25.82987 12.47941 18.60131 25.82987 12.47941 24.52191 23.35424 15.78405 23.43828 22.80313 -14.62617 18.60131 25.82987 12.47941 18.60871 25.84867 13.12718 0 8.426283 49.83143 11.42376 11.48718 51.04738 0 11.48718 52.67257 -11.42376 11.48718 51.04738 0 11.48718 52.67257 -11.29289 21.8086 51.59618 27.70693 8.973768 50.32117 30.52735 11.48718 46.16365 27.83592 11.48718 52.67243 28.28337 21.51968 52.30138 27.83592 11.48718 52.67243 20.48109 21.8086 54.27336 20.48109 31.15236 49.11864 14.6153 29.65042 48.88716 20.48109 21.8086 54.27336 28.53263 28.18086 48.00744 28.28337 21.51968 52.30138 18.60871 25.84867 13.12718 15.56491 31.94678 9.527241 17.68612 26.48468 13.68217 17.98455 25.87194 14.05704 17.68612 26.48468 13.68217 16.08428 26.55446 15.20378 16.30679 25.90035 15.71433 15.09433 31.80623 10.42649 13.07718 26.68243 16.78172 13.23026 25.99747 17.39007 14.15174 32.23536 10.76977 14.36516 32.67493 10.17314 11.56289 33.18976 10.97389 11.74769 32.6312 11.49836 8.316779 26.78246 17.98498 -2.104791 26.10558 19.98454 7.427571 32.79528 12.39224 7.341693 33.3656 11.81304 -7.341693 33.3656 11.81304 -7.427571 32.79528 12.39224 -11.56289 33.18976 10.97389 -8.316779 26.78246 17.98498 -13.23026 25.99747 17.39007 -11.74769 32.6312 11.49836 -13.07718 26.68243 16.78172 -16.30679 25.90035 15.71433 -14.15174 32.23536 10.76977 -14.36516 32.67493 10.17314 -15.09433 31.80623 10.42649 -16.08428 26.55446 15.20378 -17.98455 25.87194 14.05704 -17.68612 26.48468 13.68217 -18.60871 25.84867 13.12718 -17.68612 26.48468 13.68217 -15.56491 31.94678 9.527241 26.37027 29.52562 17.28315 26.87996 29.98792 14.58358 19.66446 29.98792 14.58358 26.37027 26.44959 17.28315 26.87738 25.78132 14.58358 -19.66446 25.78132 14.58358 -26.87738 25.78132 14.58358 -19.66446 29.98792 14.58358 -26.87996 29.98792 14.58358 -10.81991 10.18199 -48.611 0 10.18199 -50.05462 0 6.77951 -46.76757 10.81991 10.18199 -48.611 -26.33989 7.756428 -45.73244 -26.16242 11.22627 -48.69364 -18.87369 6.77951 -47.29058 -18.87324 10.18261 -50.38293 26.33989 7.756428 -45.73244 18.87369 6.77951 -47.29058 26.16242 11.22627 -48.69364 18.87324 10.18261 -50.38293 -8.22051 26.41416 17.5711 8.22051 26.41416 17.5711 -8.317693 25.73757 18.22602 8.317693 25.73757 18.22602 5.994625 16.44681 56.63216 -5.994625 16.44681 56.63216 5.994625 10.62673 56.63216 -5.994625 10.62673 56.63216 7.904442 21.07202 15.39287 7.23269 21.3336 15.48773 8.07238 23.50713 12.16109 7.093566 23.28385 12.08012 5.994627 14.59046 -52.17942 5.994627 8.7727 -52.01504 -5.994627 14.59046 -52.17942 -5.994627 8.7727 -52.01504 26.87996 29.98792 14.58358 26.87738 25.78132 14.58358 19.66446 29.98792 14.58358 19.66446 25.78132 14.58358 -16.88485 20.84222 13.54069 0 20.84222 13.54069 -16.42507 20.0534 20.48582 16.88485 20.84222 13.54069 16.42507 20.0534 20.48582 -16.42507 14.72898 14.29359 16.42507 14.72898 14.29359 -16.19357 14.57578 -2.254068 16.19357 14.57578 -2.254068 29.13682 8.974722 -39.92219 29.13682 14.25568 -39.92219 24.59172 8.674721 -39.92218 24.59172 14.55568 -39.92218 29.10298 10.38799 41.63564 29.10298 15.8211 41.63564 31.87724 10.67076 41.63564 31.87724 15.63434 41.63564 -29.13659 14.25568 -39.92219 -29.13659 8.974722 -39.92219 -24.59149 14.55568 -39.92218 -24.59149 8.674721 -39.92218 -29.10275 10.38799 41.63564 -31.87701 10.67076 41.63564 -29.10275 15.8211 41.63564 -31.87701 15.63434 41.63564 0 24.10793 -23.77646 0 22.57675 -46.49732 -10.5165 21.85647 -45.05219 -12.62498 23.06783 -22.79097 -14.33026 25.5958 -46.57475 -16.15546 24.38945 -19.95759 -18.87369 25.2491 -19.95759 -18.87369 27.02004 -47.05051 -26.32195 23.34354 -46.09224 -24.95307 23.1721 -19.95759 -18.07999 25.2491 -14.62617 -23.43828 22.80313 -14.62617 -18.60131 25.82987 12.47941 16.09585 24.17791 -13.38686 16.17522 20.16773 -10.87714 16.9361 24.965 13.54069 16.19357 19.1973 -3.97742 16.88485 20.84222 13.54069 16.19357 14.57578 -2.254068 16.42507 14.72898 14.29359 16.42507 20.0534 20.48582 -28.53263 28.18086 48.00744 -28.28337 21.51968 52.30138 -20.48109 21.8086 54.27336 -20.48109 31.15236 49.11864 -14.6153 29.65042 48.88716 7.904441 22.64706 11.8492 7.904441 23.47603 9.563206 8.491059 23.79443 9.678666 8.491059 22.96546 11.96466 8.491059 24.43122 9.909584 8.491059 23.60225 12.19558 7.904442 24.74961 10.02504 7.904442 23.92064 12.31104 7.317825 24.43122 9.909584 7.317825 23.60225 12.19558 7.317826 23.79443 9.678665 7.317826 22.96546 11.96466 7.904441 23.47603 9.563206 7.904441 22.64706 11.8492 10.5165 21.85647 -45.05219 0 22.57675 -46.49732 0 24.10793 -23.77646 12.62498 23.06783 -22.79097 14.33026 25.5958 -46.57475 16.15546 24.38945 -19.95759 18.87369 25.2491 -19.95759 18.87369 27.02004 -47.05051 26.32195 23.34354 -46.09224 24.95307 23.1721 -19.95759 18.07999 25.2491 -14.62617 23.43828 22.80313 -14.62617 18.60131 25.82987 12.47941 -16.9361 24.965 13.54069 -16.17522 20.16773 -10.87714 -16.09585 24.17791 -13.38686 -16.19357 19.1973 -3.97742 -16.88485 20.84222 13.54069 -16.19357 14.57578 -2.254068 -16.42507 14.72898 14.29359 -16.42507 20.0534 20.48582 8.367969 25.55695 9.996426 8.367969 28.8849 11.20324 7.440917 28.8849 11.20324 7.440917 25.55695 9.996426 9.117968 25.04469 9.810664 6.690916 25.04469 9.810664 6.404442 24.21582 9.510094 9.404442 24.21582 9.510094 3.0377 23.18743 9.137169 3.324175 22.35857 8.836599 6.690916 23.38696 9.209523 7.440917 22.87469 9.023757 8.367969 22.87469 9.023757 9.117968 23.38696 9.209523 12.77118 23.18743 9.137169 12.48471 22.35857 8.8366 7.440917 25.76004 9.43637 7.440917 29.08799 10.64318 8.367969 29.08799 10.64318 8.367969 25.76004 9.43637 6.690916 25.24778 9.250607 9.117968 25.24778 9.250607 6.404442 24.41892 8.95004 9.404442 24.41892 8.95004 12.77118 23.39052 8.577115 12.48471 22.56166 8.276544 9.117968 23.59005 8.64947 6.690916 23.59005 8.64947 3.0377 23.39052 8.577115 3.324175 22.56166 8.276544 7.440917 23.07779 8.463707 8.367969 23.07779 8.463707 8.576194 21.3336 15.48773 7.904442 21.07202 15.39287 8.07238 23.50713 12.16109 8.07238 23.50713 12.16109 8.854443 23.28385 12.08012 8.854443 21.96511 15.71673 8.576193 22.59662 15.94574 8.07238 23.50713 12.16109 7.904441 22.8582 16.04059 7.232691 22.59662 15.94574 7.093566 23.28385 12.08012 6.954441 21.96511 15.71673 7.23269 21.3336 15.48773 -11.11873 24.56746 -18.03831 11.11873 24.56746 -18.03831 0 24.61528 -18.73018 13.8212 24.48357 -16.76082 -13.8212 24.48357 -16.76082 -16.09585 24.17791 -13.38686 16.09585 24.17791 -13.38686 16.17522 20.16773 -10.87714 -16.17522 20.16773 -10.87714 16.19357 19.1973 -3.97742 -16.19357 19.1973 -3.97742 16.19357 14.57578 -2.254068 -16.19357 14.57578 -2.254068 -17.98455 25.87194 14.05704 -18.60871 25.84867 13.12718 -18.60871 26.11213 15.78405 -16.30679 25.90035 15.71433 -15.7306 27.1655 24.05796 -19.79089 28.54521 24.05796 -26.24377 25.14807 24.05796 -28.53263 28.18086 48.00744 -20.48109 31.15236 49.11864 -14.6153 29.65042 48.88716 -10.77743 26.20821 47.53543 -12.52553 25.43041 24.05796 -13.23026 25.99747 17.39007 -2.104791 26.10558 19.98454 0 27.72539 48.30341 17.98455 25.87194 14.05704 18.60871 26.11213 15.78405 18.60871 25.84867 13.12718 16.30679 25.90035 15.71433 15.7306 27.1655 24.05796 19.79089 28.54521 24.05796 28.53263 28.18086 48.00744 26.24377 25.14807 24.05796 20.48109 31.15236 49.11864 14.6153 29.65042 48.88716 10.77743 26.20821 47.53543 12.52553 25.43041 24.05796 13.23026 25.99747 17.39007 -2.104791 26.10558 19.98454 0 27.72539 48.30341 -8.22051 26.41416 17.5711 -8.317693 25.73757 18.22602 -13.0354 25.92577 16.77352 -12.88575 26.58556 16.17788 -7.376498 32.41036 11.93381 8.22051 26.41416 17.5711 13.0354 25.92577 16.77352 8.317693 25.73757 18.22602 12.88575 26.58556 16.17788 7.376498 32.41036 11.93381 -11.58607 32.24761 11.08532 -7.291222 32.9767 11.35647 7.291222 32.9767 11.35647 -11.47391 32.80468 10.52187 11.47391 32.80468 10.52187 -13.8627 31.92572 10.40064 -14.02647 32.41083 9.783096 11.58607 32.24761 11.08532 13.8627 31.92572 10.40064 14.02647 32.41083 9.783096 -14.80669 31.29862 10.13161 -15.45615 31.37698 9.215548 14.80669 31.29862 10.13161 15.45615 31.37698 9.215548 -17.37768 26.48355 13.20007 -18.60131 25.82987 12.47941 -17.65359 25.94372 13.54069 -15.7877 26.54643 14.65278 -16.00936 25.92577 15.14314 17.37768 26.48355 13.20007 18.60131 25.82987 12.47941 17.65359 25.94372 13.54069 15.7877 26.54643 14.65278 16.00936 25.92577 15.14314 14.02647 32.41083 9.783096 11.56289 33.18976 10.97389 14.36516 32.67493 10.17314 11.47391 32.80468 10.52187 7.291222 32.9767 11.35647 7.341693 33.3656 11.81304 -7.341693 33.3656 11.81304 -7.291222 32.9767 11.35647 -11.56289 33.18976 10.97389 -11.47391 32.80468 10.52187 -14.02647 32.41083 9.783096 -14.36516 32.67493 10.17314 12.77118 23.18743 9.137169 12.77118 23.39052 8.577115 9.404442 24.21582 9.510094 9.404442 24.41892 8.95004 9.117968 25.24778 9.250607 9.117968 25.04469 9.810664 8.367969 25.76004 9.43637 8.367969 25.55695 9.996426 8.367969 28.8849 11.20324 8.367969 29.08799 10.64318 12.48471 22.56166 8.276544 12.48471 22.35857 8.8366 9.117968 23.59005 8.64947 9.117968 23.38696 9.209523 8.367969 22.87469 9.023757 8.367969 23.07779 8.463707 7.440917 22.87469 9.023757 7.440917 23.07779 8.463707 6.690916 23.38696 9.209523 6.690916 23.59005 8.64947 3.324175 22.56166 8.276544 3.324175 22.35857 8.836599 7.440917 28.8849 11.20324 7.440917 29.08799 10.64318 7.440917 25.55695 9.996426 7.440917 25.76004 9.43637 6.690916 25.24778 9.250607 6.690916 25.04469 9.810664 6.404442 24.41892 8.95004 6.404442 24.21582 9.510094 3.0377 23.18743 9.137169 3.0377 23.39052 8.577115 -11.42376 8.428924 48.24607 0 7.075198 46.16365 0 8.426283 49.83143 -15.34539 7.075198 46.16365 -15.34539 8.424519 50.99055 0 6.777948 39.91011 -20.48109 7.075198 46.16365 -20.48109 8.422985 51.52446 -27.70693 8.973768 50.32117 -28.17886 8.077349 46.16365 -27.42078 7.755535 28.185 0 6.77951 15.78403 -25.60204 7.755535 15.78403 -25.21576 7.774738 -16.47456 0 6.77951 -16.51379 0 6.77951 -40.3173 -26.73281 7.756428 -39.96773 -10.81991 6.77951 -45.32802 0 6.77951 -46.76757 -14.33027 6.77951 -46.51507 -18.87369 6.77951 -47.29058 -26.33989 7.756428 -45.73244 -17.90778 19.93544 55.19864 -20.48109 19.09932 55.19864 -20.48109 18.0773 55.19864 -17.30705 19.1086 55.19864 -20.48109 18.0773 49.28084 -16.31739 22.12443 55.19864 -17.30705 19.1086 49.28084 -15.34539 21.8086 55.19864 -16.31739 24.83017 55.19864 -15.34539 21.8086 49.28084 -15.34539 25.14599 55.19864 -17.90778 27.01916 55.19864 -15.34539 25.14599 49.28084 -17.30705 27.84599 55.19864 -20.48109 27.85528 55.19864 -17.30705 27.84599 49.28084 -20.48109 28.8773 55.19864 -23.05441 27.01916 55.19864 -20.48109 28.8773 49.28084 -23.65513 27.84599 55.19864 -24.6448 24.83017 55.19864 -23.65513 27.84599 49.28084 -25.6168 25.14599 55.19864 -24.6448 22.12443 55.19864 -25.6168 25.14599 49.28084 -25.6168 21.80861 55.19864 -23.05441 19.93544 55.19864 -25.6168 21.8086 49.28084 -23.65513 19.1086 55.19864 -20.48109 19.09932 55.19864 -23.65513 19.1086 49.28084 -20.48109 18.0773 55.19864 -20.48109 18.0773 49.28084 0 7.075198 46.16365 11.42376 8.428924 48.24607 0 8.426283 49.83143 15.34539 7.075198 46.16365 15.34539 8.424519 50.99055 0 6.777948 39.91011 20.48109 7.075198 46.16365 20.48109 8.422985 51.52446 27.70693 8.973768 50.32117 28.17886 8.077349 46.16365 27.42078 7.755535 28.185 0 6.77951 15.78403 25.60204 7.755535 15.78403 25.21576 7.774738 -16.47456 0 6.77951 -16.51379 0 6.77951 -40.3173 26.73281 7.756428 -39.96773 10.81991 6.77951 -45.32802 0 6.77951 -46.76757 14.33027 6.77951 -46.51507 18.87369 6.77951 -47.29058 26.33989 7.756428 -45.73244 12.29467 25.76891 10.56151 11.81751 25.84058 9.784115 12.13992 24.31683 9.231558 12.65639 24.05936 9.94157 13.06672 26.16789 10.39932 11.81751 22.79307 8.679001 13.49205 24.1577 9.670371 13.06672 26.48615 9.521701 12.29467 22.3498 9.321635 10.89938 21.5013 8.210564 13.49205 24.47596 8.792746 12.29467 26.28386 9.141482 13.06672 22.14751 8.941414 11.26457 20.90051 8.796078 9.525289 20.63816 7.897564 12.65639 24.5743 8.521546 11.81751 25.84058 9.784115 12.13992 24.31683 9.231558 13.06672 22.46576 8.06379 12.29467 22.86474 7.901609 11.81751 22.79307 8.679001 11.85548 20.44335 8.323435 11.85548 20.7616 7.445811 11.26457 21.41545 7.376053 10.89938 21.5013 8.210564 9.722932 19.93212 8.444912 7.904441 20.33507 7.787654 10.04273 19.30466 7.910515 7.904441 19.59207 8.321599 6.283594 20.63816 7.897564 10.04272 19.62292 7.03289 7.90444 18.90481 7.765516 6.08595 19.93212 8.444912 4.909506 21.5013 8.210564 9.722932 20.44706 7.024887 9.525289 20.63816 7.897564 7.904441 19.22306 6.887893 7.904441 20.10701 6.901574 7.904441 20.33507 7.787654 5.766157 19.30466 7.910515 5.766157 19.62292 7.032891 6.08595 20.44706 7.024887 6.283594 20.63816 7.897564 4.544309 20.90051 8.796078 3.991369 22.79308 8.679001 3.953407 20.44335 8.323436 3.514217 22.3498 9.321635 3.668963 24.31683 9.231559 3.953407 20.7616 7.445812 2.742167 22.14751 8.941414 3.152497 24.05936 9.94157 3.99137 25.84058 9.784117 4.544309 21.41545 7.376053 4.909506 21.5013 8.210564 2.742167 22.46576 8.063792 3.514217 22.86474 7.901609 3.991369 22.79308 8.679001 2.316836 24.1577 9.670371 2.316836 24.47596 8.792747 3.152497 24.5743 8.521546 3.668963 24.31683 9.231559 3.514218 25.76892 10.56151 4.909508 27.13236 10.25255 2.742168 26.1679 10.39933 4.54431 27.21821 11.08706 6.283596 27.99549 10.56555 2.742168 26.48615 9.521704 3.953409 27.87206 11.01731 6.085953 28.1866 11.43823 7.904444 28.29859 10.67546 3.514218 26.28386 9.141482 3.99137 25.84058 9.784117 3.953409 28.19031 10.13968 4.544311 27.73315 9.667039 4.909508 27.13236 10.25255 5.76616 29.01074 11.43023 5.76616 29.32899 10.5526 6.085953 28.70154 10.0182 6.283596 27.99549 10.56555 7.904444 28.52665 11.56154 9.525292 27.99549 10.56555 7.904444 29.41059 11.57522 9.722935 28.18659 11.43823 10.89938 27.13236 10.25255 7.904444 29.72885 10.6976 10.04273 29.01074 11.43022 11.26458 27.21821 11.08706 11.81751 25.84058 9.784115 12.29467 25.76891 10.56151 11.85548 27.87206 11.0173 13.06672 26.16789 10.39932 10.04273 29.32899 10.5526 11.85548 28.19031 10.13968 13.06672 26.48615 9.521701 7.904444 29.04159 10.14152 7.904444 28.29859 10.67546 9.722935 28.70154 10.0182 9.525292 27.99549 10.56555 11.26458 27.73315 9.667038 10.89938 27.13236 10.25255 12.29467 26.28386 9.141482 11.81751 25.84058 9.784115 23.65513 19.1086 49.28084 20.48109 18.0773 55.19864 20.48109 18.0773 49.28084 23.65513 19.1086 55.19864 20.48109 19.09932 55.19864 25.6168 21.8086 49.28084 23.05441 19.93544 55.19864 25.6168 21.80861 55.19864 25.6168 25.14599 49.28084 24.6448 22.12443 55.19864 25.6168 25.14599 55.19864 23.65513 27.84599 49.28084 24.6448 24.83017 55.19864 23.65513 27.84599 55.19864 20.48109 28.8773 49.28084 23.05441 27.01916 55.19864 20.48109 28.8773 55.19864 17.30705 27.84599 49.28084 20.48109 27.85528 55.19864 17.30705 27.84599 55.19864 15.34539 25.14599 49.28084 17.90778 27.01916 55.19864 15.34539 25.14599 55.19864 15.34539 21.8086 49.28084 16.31739 24.83017 55.19864 15.34539 21.8086 55.19864 17.30705 19.1086 49.28084 16.31739 22.12443 55.19864 17.30705 19.1086 55.19864 20.48109 18.0773 49.28084 17.90778 19.93544 55.19864 20.48109 18.0773 55.19864 20.48109 19.09932 55.19864 24.91459 14.55568 -44.27991 24.59172 14.55568 -39.92218 29.13682 14.25568 -39.92219 29.30837 14.25568 -44.69359 24.93507 14.55568 -45.66691 29.13682 8.974722 -39.92219 24.91459 8.67472 -44.69358 24.59172 8.674721 -39.92218 29.30837 8.974721 -44.69359 24.91085 8.674721 -45.66691 28.84305 14.25568 -47.85757 28.84305 8.974724 -47.85757 24.07832 14.55568 -46.87619 24.03537 8.67472 -46.87619 27.0581 14.25568 -50.38164 26.99345 8.974725 -50.38164 18.68993 14.25568 -52.26232 18.62774 14.55568 -47.95006 18.68993 8.974722 -52.26232 18.61576 8.67472 -47.95006 10.78815 14.25568 -51.23953 10.78815 14.55568 -46.54522 1.16408e-4 14.55568 -47.57463 10.78815 8.974723 -51.23953 10.78815 8.67472 -46.54522 1.16408e-4 8.67472 -47.57463 1.16408e-4 14.25568 -51.91753 1.16408e-4 8.974724 -51.91753 -10.78792 8.974723 -51.23953 -10.78791 8.67472 -46.54522 -18.61552 8.67472 -47.95006 -10.78791 14.25568 -51.23953 -10.78791 14.55568 -46.54522 -18.62751 14.55568 -47.95006 -18.6897 8.974722 -52.26232 -18.6897 14.25568 -52.26232 -24.03514 8.67472 -46.87619 -24.07809 14.55568 -46.87619 -26.99322 8.974725 -50.38164 -27.05787 14.25568 -50.38164 -28.84282 8.974724 -47.85757 -24.91062 8.674721 -45.66691 -28.84282 14.25568 -47.85757 -24.93484 14.55568 -45.66691 -29.30814 8.974721 -44.69359 -24.91436 8.67472 -44.69358 -29.30814 14.25568 -44.69359 -24.91436 14.55568 -44.27991 -29.13659 8.974722 -39.92219 -24.59149 8.674721 -39.92218 -29.13659 14.25568 -39.92219 -24.59149 14.55568 -39.92218 -20.48109 21.8086 54.27336 -28.28337 21.51968 52.30138 -27.83592 11.48718 52.67243 -20.48109 11.48718 54.65814 -15.34539 11.48718 53.94972 -20.48109 8.422985 51.52446 -15.34539 8.424519 50.99055 -15.34539 21.8086 53.58224 -14.6153 29.65042 48.88716 -11.42376 11.48718 51.04738 -11.42376 8.428924 48.24607 0 8.426283 49.83143 -10.77743 26.20821 47.53543 -11.29289 21.8086 51.59618 0 22.19269 53.14293 0 27.72539 48.30341 0 11.48718 52.67257 10.77743 26.20821 47.53543 11.29289 21.8086 51.59618 15.34539 21.8086 53.58224 14.6153 29.65042 48.88716 11.42376 11.48718 51.04738 20.48109 21.8086 54.27336 0 8.426283 49.83143 11.42376 8.428924 48.24607 15.34539 8.424519 50.99055 15.34539 11.48718 53.94972 20.48109 8.422985 51.52446 20.48109 11.48718 54.65814 27.83592 11.48718 52.67243 28.28337 21.51968 52.30138 -30.52735 11.48718 46.16365 -28.17886 8.077349 46.16365 -27.70693 8.973768 50.32117 -27.42078 7.755535 28.185 -28.894 11.48718 24.05796 -25.60204 7.755535 15.78403 -28.8761 19.50125 24.05796 -27.35796 18.66203 15.78404 -31.35221 21.08953 45.89762 -26.24377 25.14807 24.05796 -28.28337 21.51968 52.30138 -28.53263 28.18086 48.00744 -27.71819 11.48718 15.78403 -26.37178 18.35695 -14.62617 -26.73201 11.48718 -14.62617 -25.21576 7.774738 -16.47456 -27.64823 11.48718 -18.76783 -26.73281 7.756428 -39.96773 -24.95307 23.1721 -19.95759 -23.43828 22.80313 -14.62617 -28.2065 11.48718 -45.73278 -26.33989 7.756428 -45.73244 -26.16242 11.22627 -48.69364 -26.16242 18.35695 -48.69364 -28.42399 18.35695 -19.805 -28.31858 18.35695 -45.73211 -26.16242 20.47851 -48.52275 -26.32195 23.34354 -46.09224 -10.81991 6.77951 -45.32802 -10.81991 10.18199 -48.611 0 6.77951 -46.76757 -14.33027 6.77951 -46.51507 -14.33027 10.18229 -49.60741 -18.87369 6.77951 -47.29058 -18.87324 10.18261 -50.38293 -14.33027 18.35695 -49.60741 -10.79392 18.35695 -48.611 0 10.18199 -50.05462 -18.87375 18.35695 -50.38293 -26.16242 11.22627 -48.69364 -26.16242 18.35695 -48.69364 -26.16242 20.47851 -48.52275 -14.33027 22.91086 -49.05044 -18.87413 24.10394 -49.70126 -26.32195 23.34354 -46.09224 -18.87369 27.02004 -47.05051 -14.33026 25.5958 -46.57475 -10.5165 21.85647 -45.05219 0 22.57675 -46.49732 0 19.16389 -50.05462 10.79392 18.35695 -48.611 10.5165 21.85647 -45.05219 10.81991 10.18199 -48.611 14.33027 22.91086 -49.05044 14.33026 25.5958 -46.57475 10.81991 6.77951 -45.32802 0 6.77951 -46.76757 14.33027 6.77951 -46.51507 18.87413 24.10394 -49.70126 18.87369 27.02004 -47.05051 26.32195 23.34354 -46.09224 26.16242 20.47851 -48.52275 18.87375 18.35695 -50.38293 26.16242 18.35695 -48.69364 26.16242 11.22627 -48.69364 18.87324 10.18261 -50.38293 14.33027 18.35695 -49.60741 14.33027 10.18229 -49.60741 18.87369 6.77951 -47.29058 30.52735 11.48718 46.16365 27.70693 8.973768 50.32117 28.17886 8.077349 46.16365 27.42078 7.755535 28.185 28.894 11.48718 24.05796 25.60204 7.755535 15.78403 28.8761 19.50125 24.05796 27.35796 18.66203 15.78404 31.35221 21.08953 45.89762 26.24377 25.14807 24.05796 28.28337 21.51968 52.30138 28.53263 28.18086 48.00744 27.71819 11.48718 15.78403 26.37178 18.35695 -14.62617 26.73201 11.48718 -14.62617 25.21576 7.774738 -16.47456 27.64823 11.48718 -18.76783 26.73281 7.756428 -39.96773 24.95307 23.1721 -19.95759 23.43828 22.80313 -14.62617 28.2065 11.48718 -45.73278 26.33989 7.756428 -45.73244 26.16242 11.22627 -48.69364 26.16242 18.35695 -48.69364 28.42399 18.35695 -19.805 28.31858 18.35695 -45.73211 26.16242 20.47851 -48.52275 26.32195 23.34354 -46.09224 -26.37027 26.44959 17.28315 -26.87738 25.78132 14.58358 -19.66446 25.78132 14.58358 -20.36419 26.44959 18.24315 -19.66446 29.98792 14.58358 -26.37027 29.52562 17.28315 -26.87996 29.98792 14.58358 -20.36419 29.52562 18.24315 -11.11873 24.56746 -18.03831 0 24.61528 -18.73018 0 28.58837 -20.25289 -13.8212 24.48357 -16.76082 -14.83679 27.16763 -17.70363 -11.59001 28.16232 -19.43586 0 24.10793 -23.77646 -12.62498 23.06783 -22.79097 -16.15546 24.38945 -19.95759 -18.07999 25.2491 -14.62617 14.83679 27.16763 -17.70363 18.07999 25.2491 -14.62617 16.15546 24.38945 -19.95759 13.8212 24.48357 -16.76082 11.11873 24.56746 -18.03831 11.59001 28.16232 -19.43586 12.62498 23.06783 -22.79097 0 24.10793 -23.77646 0 28.58837 -20.25289 0 24.61528 -18.73018 26.87738 25.78132 14.58358 26.37027 26.44959 17.28315 19.66446 25.78132 14.58358 20.36419 26.44959 18.24315 19.66446 29.98792 14.58358 26.87996 29.98792 14.58358 26.37027 29.52562 17.28315 20.36419 29.52562 18.24315 16.9361 24.965 13.54069 0 25.94372 13.54069 17.65359 25.94372 13.54069 -16.9361 24.965 13.54069 -17.65359 25.94372 13.54069 0 24.965 13.54069 16.88485 20.84222 13.54069 -16.88485 20.84222 13.54069 0 20.84222 13.54069 17.65359 25.94372 13.54069 0 25.94372 13.54069 16.00936 25.92577 15.14314 -17.65359 25.94372 13.54069 -16.00936 25.92577 15.14314 0 25.92577 15.14314 13.0354 25.92577 16.77352 -13.0354 25.92577 16.77352 0 25.92577 16.77352 8.317693 25.73757 18.22602 -8.317693 25.73757 18.22602 0 25.73757 18.22602 0 25.73757 18.80998 31.87724 10.67076 41.63564 28.23933 10.38799 49.9131 29.10298 10.38799 41.63564 31.26346 10.67057 51.16144 31.87724 15.63434 41.63564 29.02677 10.67057 54.19173 26.72353 10.38799 51.17737 31.26347 15.63434 51.16143 29.10298 15.8211 41.63564 28.95182 15.8211 50.18734 20.4873 10.67057 56.63032 29.03063 15.63434 54.19173 27.47479 15.8211 52.47905 20.48133 10.38799 52.75692 20.4873 15.63434 56.63031 20.47492 15.8211 53.89161 11.48186 10.67057 55.47898 11.48186 10.38799 49.52935 1.16408e-4 10.38799 51.38885 11.48186 15.63434 55.47898 11.48186 15.8211 51.2505 1.16408e-4 15.8211 53.69396 1.16408e-4 10.67057 56.19833 1.16408e-4 15.63434 56.19834 -11.48163 15.63434 55.47898 -11.48163 15.8211 51.2505 -20.47469 15.8211 53.89161 -11.48163 10.67057 55.47898 -11.48163 10.38799 49.52935 -20.48109 10.38799 52.75692 -20.48707 15.63434 56.63031 -27.47456 15.8211 52.47905 -20.48707 10.67057 56.63032 -26.7233 10.38799 51.17737 -29.03039 15.63434 54.19173 -28.95159 15.8211 50.18734 -29.02654 10.67057 54.19173 -28.2391 10.38799 49.9131 -31.26323 15.63434 51.16143 -29.10275 15.8211 41.63564 -31.87701 15.63434 41.63564 -31.26323 10.67057 51.16144 -31.87701 10.67076 41.63564 -29.10275 10.38799 41.63564 11.45436 16.31457 52.96951 7.695605 16.31456 54.29361 7.512461 16.22077 51.09613 7.695605 21.51503 54.29361 11.45436 21.51502 52.96951 11.23516 16.22077 51.09612 11.23516 21.93964 51.0961 7.512461 21.93964 51.09612 0 21.93964 51.09613 0 16.31456 55.16029 0 16.22077 51.09615 -7.695605 16.31456 54.29361 0 21.51503 55.16029 -7.695605 21.51503 54.29361 -7.512461 21.93964 51.09612 -11.45436 16.31457 52.96951 -7.512461 16.22077 51.09613 -11.45436 21.51502 52.96951 -11.23516 21.93964 51.0961 -11.23516 16.22077 51.09612 -20.48109 27.85528 55.19864 -23.05441 27.01916 55.19864 -20.48109 23.4773 57.08378 -17.90778 27.01916 55.19864 -24.6448 24.83017 55.19864 -16.31739 24.83017 55.19864 -24.6448 22.12443 55.19864 -16.31739 22.12443 55.19864 -23.05441 19.93544 55.19864 -17.90778 19.93544 55.19864 -20.48109 19.09932 55.19864 20.48109 27.85528 55.19864 20.48109 23.4773 57.08378 23.05441 27.01916 55.19864 24.6448 24.83017 55.19864 17.90778 27.01916 55.19864 24.6448 22.12443 55.19864 16.31739 24.83017 55.19864 23.05441 19.93544 55.19864 16.31739 22.12443 55.19864 20.48109 19.09932 55.19864 17.90778 19.93544 55.19864</float_array>
          <technique_common>
            <accessor source="#CarWiicm__M_CarWiicm_001-mesh-positions-array" count="2708" stride="3">
              <param name="X" type="float"/>
              <param name="Y" type="float"/>
              <param name="Z" type="float"/>
            </accessor>
          </technique_common>
        </source>
        <source id="CarWiicm__M_CarWiicm_001-mesh-normals">
          <float_array id="CarWiicm__M_CarWiicm_001-mesh-normals-array" count="4257">-0.054964 0.07968407 -0.9953038 -0.06891268 -0.1043152 -0.9921539 -0.2856277 -0.8215118 -0.493493 0.2321915 -0.8400768 -0.4902635 0.09796607 0.1420356 -0.9850019 0.127265 -0.1926371 -0.9729824 0 -0.9936143 -0.1128295 -0.1854369 -0.6970672 -0.6926113 -0.3369919 -0.6737396 -0.6576561 -0.3572012 -0.6692335 -0.6515627 0.1854369 -0.6970672 -0.6926113 0.3369919 -0.6737396 -0.6576561 0.3572012 -0.6692335 -0.6515627 -0.736128 0.1074893 -0.6682528 -0.6063255 0.490505 -0.6259188 -0.7082324 -0.204846 -0.6756072 0.2543165 -0.945363 -0.2039903 0.2410703 -0.9493879 -0.2013649 0.8431392 -0.4825481 -0.2371996 0.8757961 -0.4174658 -0.2422882 0.8732785 0.4229666 -0.2418347 0.8383458 0.4904338 -0.2380145 0.2708876 0.9413924 -0.2009988 0.2834323 0.9368188 -0.2050283 -0.05835169 0 -0.9982962 -0.05667316 0.003173887 -0.9983878 -0.05435448 0.007568717 -0.9984931 -0.05310243 0.00991851 -0.9985399 0 0 1 0.6887332 -0.6167377 -0.3811578 0.3697378 -0.7511949 -0.5468091 0.3621379 0.9227709 0.1317198 1 0 0 0.4798191 0.8603601 0.1719133 0.6704851 0.7231009 0.1660571 -0.2434838 0.9616359 0.1263808 -0.009582996 0.9863206 0.1645597 -0.6685326 0.731464 0.1342558 -0.3665093 -0.7338426 -0.5719669 -0.6952399 -0.5940669 -0.4046308 -0.4290384 0.8893283 0.1581808 -0.9993543 0.0122382 -0.0337848 0 -0.02824407 -0.9996011 0 -0.02824407 -0.9996011 0.5322297 0.09430527 -0.8413313 0.5084236 -0.2988771 -0.8075754 0.3931528 0.5849681 -0.7093963 -0.2914302 0.9344752 -0.2045108 -0.2665251 0.9425583 -0.2013664 -0.8383458 0.4904338 -0.2380145 -0.8732785 0.4229666 -0.2418347 -0.8431392 -0.4825481 -0.2371996 -0.8758026 -0.4174689 -0.2422595 -0.2292886 -0.9521599 -0.2020353 -0.2553187 -0.9451003 -0.2039558 0.1066958 0 -0.9942918 0.09824049 0.01562565 -0.9950401 0.1030936 0.00665313 -0.9946495 0.09567797 0.02038687 -0.9952036 0 -0.03024476 -0.9995426 0 0.9354205 -0.3535371 0 0.9999573 -0.009247243 0.4999951 -0.8141592 -0.2952116 0.8660396 -0.4700242 -0.170449 0.8660196 0.4700604 0.1704511 0 0.9401013 0.3408951 -0.8660196 0.4700604 0.1704511 -0.8660396 -0.4700242 -0.170449 -0.4999951 -0.8141592 -0.2952116 0 -0.3408951 0.9401013 0 0.3408951 -0.9401013 0 0.5090954 0.8607102 0 0.2729915 0.9620165 0 0.9241318 0.3820741 0 0.9604936 0.2783026 0 0.645184 0.7640273 0 0.6452018 0.7640122 0 0.6252085 0.7804578 0 0.9303548 0.3666606 0 0.9997971 -0.02014243 0 0.9974028 0.07202565 -2.74675e-4 0.9974049 0.07199525 1.52595e-4 0.9743197 0.2251693 0.008942067 0.9971538 -0.07486355 -0.02246206 0.9053822 0.424003 0.8998503 0.4355965 -0.02291965 0.9031978 0.4269247 -0.04437398 0.3533174 0.4529311 -0.8185477 0.6013019 0.2920444 -0.743738 0.03854626 0.7771823 -0.628094 0.06631761 0.7985281 -0.5982933 -0.07800751 0.7710112 -0.6320259 -0.08017319 0.7665133 -0.6372046 -0.06643974 0.7633097 -0.6426072 -0.06546449 0.7632032 -0.6428339 0 0.7606766 -0.6491311 0 0.7605369 -0.6492947 0.06643974 0.7633097 -0.6426072 0.06546449 0.7632032 -0.6428339 0.07800751 0.7710112 -0.6320259 0.08017319 0.7665133 -0.6372046 -0.03854626 0.7771823 -0.628094 -0.06631761 0.7985281 -0.5982933 -0.3533174 0.4529311 -0.8185477 -0.6013019 0.2920444 -0.743738 -0.9031978 0.4269247 -0.04437398 -0.8998503 0.4355965 -0.02291965 0.3090081 0.8940941 0.3242067 0.7071108 0.6647495 0.2410445 0.8090237 0.552574 0.2003561 0.8910133 0.426783 0.1547638 -0.3090081 -0.8940941 -0.3242067 0.1564136 -0.9285323 -0.3366937 0.1564434 -0.9285279 -0.3366921 0.309005 -0.8940852 -0.3242341 -0.309005 -0.8940852 -0.3242341 -0.156412 -0.9285228 -0.3367208 -0.1564136 -0.9285323 -0.3366937 0.3090081 -0.8940941 -0.3242067 -1 0 0 -0.8910133 0.426783 0.1547638 -0.8090237 0.552574 0.2003561 -0.7071108 0.6647495 0.2410445 -0.3090081 0.8940941 0.3242067 -0.309005 0.8940852 0.3242341 -0.9988117 0.04873812 6.10371e-5 -0.997206 0.0730623 -0.01556462 -0.9960034 0.06772273 -0.05823117 -0.9987044 0.0337845 0.0380572 -0.999 0.02746683 0.03527963 -0.9994782 0.01242136 0.0298174 -0.9982697 0.02453708 0.05343836 -0.9990816 0.03207582 0.02841347 -0.9996355 0.001708984 0.02694785 -0.9994793 -0.001586973 0.03222846 -0.9998543 -0.01626646 0.005188167 -0.9995295 -1.83114e-4 0.03067159 0.9996355 0.001708984 0.02694785 0.9998543 -0.01626646 0.005188167 0.9995295 -1.83114e-4 0.03067159 0.9990816 0.03207582 0.02841347 0.999 0.02746683 0.03527963 0.9994793 -0.001586973 0.03222846 0.9982697 0.02453708 0.05343836 0.9987044 0.0337845 0.0380572 0.9988117 0.04873812 6.10371e-5 0.9994782 0.01242136 0.0298174 0.997206 0.0730623 -0.01556462 0.9960034 0.06772273 -0.05823117 0 0 -1 -0.3972356 -0.4278156 0.8118976 -0.331224 -0.6535975 0.6805154 -0.2030451 -0.6720358 0.7121382 -0.2639605 -0.4101781 0.8729712 -0.4321865 0.01449674 0.9016678 -0.003631711 -0.7029087 0.7112708 -0.2956968 0.0207833 0.9550558 -0.009125232 -0.4276054 0.9039195 -0.2923429 0.199992 0.9351678 -0.4159155 0.2103077 0.8847513 -0.4711931 0.3360216 0.8155161 -0.009979724 0.02560549 0.9996224 -0.3304945 0.323292 0.8867106 -0.5414708 0.5126606 0.6663246 -0.01007139 0.2012448 0.9794893 -0.3643745 0.5356205 0.7618018 -0.5739265 0.5799695 0.5781382 -0.3825622 0.6543081 0.6523243 -0.01129209 0.3324764 0.943044 -0.001464903 0.5954043 0.803425 0.01049864 0.726271 0.6873283 0.4259846 0.6725172 0.6051923 0.3701706 0.5571634 0.7433322 0.3057417 0.309404 0.9004395 0.2072231 0.6365319 0.7428901 0.2234923 0.7789728 0.5858777 -0.1934294 0.8140946 0.547572 0.1269893 0.3330837 0.9343068 0.2806522 0.1965725 0.9394646 -0.1848248 0.6946497 0.695199 0 0.8223 0.5690545 -0.1746035 0.3772852 0.9094887 0 0.6881043 0.7256118 0.1848248 0.6946497 0.695199 0.1934294 0.8140946 0.547572 0 0.3617466 0.9322764 -0.2072231 0.6365319 0.7428901 -0.2234923 0.7789728 0.5858777 0.1746035 0.3772852 0.9094887 -0.4259846 0.6725172 0.6051923 -0.1687414 -0.06497567 0.9835165 -0.3701706 0.5571634 0.7433322 0.1186261 -0.04434359 0.9919483 0.001464903 0.5954043 0.803425 -0.01049864 0.726271 0.6873283 0.3825622 0.6543081 0.6523243 0.3643745 0.5356205 0.7618018 0.5739265 0.5799695 0.5781382 0.5414708 0.5126606 0.6663246 0.01129209 0.3324764 0.943044 0.3304945 0.323292 0.8867106 0.4711931 0.3360216 0.8155161 -0.3057417 0.309404 0.9004395 0.2923429 0.199992 0.9351678 0.4159155 0.2103077 0.8847513 0.4321865 0.01449674 0.9016678 0.01007139 0.2012448 0.9794893 0.2956968 0.0207833 0.9550558 0.2639605 -0.4101781 0.8729712 0.3972356 -0.4278156 0.8118976 0.2030451 -0.6720358 0.7121382 0.331224 -0.6535975 0.6805154 0.003631711 -0.7029087 0.7112708 0.009979724 0.02560549 0.9996224 0.009125232 -0.4276054 0.9039195 -0.3036073 -0.4202831 0.8550935 -0.3031178 -0.6577827 0.6895228 -0.2708856 0.02816891 0.9621993 -0.2806522 0.1965725 0.9394646 -0.1186261 -0.04434359 0.9919483 -0.1664217 -0.5375975 0.8266153 -0.1124013 -0.671173 0.7327297 0.1297381 -0.6734419 0.7277665 -0.1269893 0.3330837 0.9343068 0.1464938 -0.5079979 0.8488097 0 -0.6804043 0.732837 0.1687414 -0.06497567 0.9835165 0 -0.5138224 0.8578967 0 -0.06625765 0.9978026 -0.1464938 -0.5079979 0.8488097 -0.1297381 -0.6734419 0.7277665 0.1664217 -0.5375975 0.8266153 0.1124013 -0.671173 0.7327297 0.3031178 -0.6577827 0.6895228 0.3036073 -0.4202831 0.8550935 0.2708856 0.02816891 0.9621993 -0.08701062 0.9956323 0.0338459 -0.173165 0.9741066 0.1453621 -0.0953409 0.9888722 0.1142016 -0.1825338 0.9813671 0.06000024 -0.06601226 0.995647 -0.06579864 0.29591 0.9372011 0.1846386 -0.1959041 0.980009 -0.03470057 -0.04422152 0.995091 -0.08853459 0.2472011 0.9671668 0.05899256 -0.1800654 0.9824554 -0.04855662 -0.01904404 0.9986522 -0.04828149 0.2113733 0.9765108 -0.04181075 -0.01831132 0.9997679 0.01135301 -7.62969e-4 0.9998857 -0.01510673 -0.1939204 0.9809859 0.007843434 -0.08060121 0.9941936 0.07129281 0.1519866 0.9837319 -0.09576988 0.0452286 0.9973487 -0.05700874 0.1016908 0.9898069 -0.099707 0.5125404 0.8522808 -0.1044979 0.4410899 0.8759234 -0.1954431 0.3827676 0.901222 -0.2031946 -0.07932037 0.9813574 -0.1750603 0.101964 0.9896706 -0.1007738 -0.2171759 0.973904 -0.06592184 0.01501512 0.9650912 -0.2614838 -0.4085615 0.8912238 -0.1969714 0.02365213 0.9740116 -0.2252601 -0.469326 0.8321395 -0.2954269 -0.4049554 0.9137971 -0.03140395 -0.2902661 0.9566178 -0.02505606 -0.5518841 0.8108114 -0.1949585 -0.5155532 0.8560509 -0.03717184 -0.6619016 0.6937026 -0.2840122 -0.5289861 0.8443696 0.08493441 -0.7011205 0.6746298 -0.2308787 -0.3931422 0.9183389 0.04574751 -0.190777 0.9816275 0.003418147 -0.4963954 0.8333584 -0.2431163 -0.7392999 0.6615673 -0.1255564 -0.5021975 0.8547277 -0.1312946 -0.7063001 0.7033092 0.0806005 0.03588992 0.9907585 -0.1308031 -0.4782358 0.8679658 0.1338877 -0.6344043 0.7551691 0.1650788 -0.4402061 0.8467497 0.29872 0.03982675 0.9307874 0.3633852 0.03668445 0.9866351 0.1587625 0.5160489 0.8474872 0.1243351 0.4726208 0.8292685 0.2982339 0.0529195 0.995614 0.07715141 0.3567684 0.9311687 0.07510751 -0.3438949 0.9311227 0.1214375 -0.4652031 0.8739764 0.1405405 0.03024429 0.9939427 0.1056568 -0.3516978 0.931523 0.09259378 -0.4363933 0.8943331 0.09863787 0.4845513 0.8663144 0.1212828 0.5158737 0.847714 0.123513 0.0128178 0.9968299 0.07852441 -0.3864334 0.9201217 0.06360185 -0.509634 0.8591661 0.04590028 -0.4201565 0.9074246 0.00701934 -0.5570057 0.8304881 -0.005859673 -0.4405773 0.8971162 -0.03277772 -0.6105663 0.789439 -0.06320518 0.004211604 0.9998628 0.01602244 -0.002075254 0.999882 -0.01522874 0.4676461 0.8838369 -0.01181089 0.5015781 0.8647225 0.02597153 0.7076231 0.706555 0.007049977 0.5209931 0.8493491 0.08469074 0.6297311 0.7767111 0.01260435 0.333264 0.9405857 -0.0650658 0.5083912 0.857807 0.07553535 0.1982201 0.9790154 -0.04730427 0.09366142 0.9955763 -0.007446527 0.1414865 0.9895514 0.02774184 -0.08292043 0.9964189 -0.01654136 -0.08072167 0.9960053 -0.03817874 -0.03213697 0.9992986 -0.0192272 -0.03335702 0.9987577 -0.03701925 -0.09158706 0.9918016 -0.08911502 -0.03634822 0.9953497 -0.08920729 -0.09033697 0.9884274 -0.1218634 -0.03872859 0.9918062 -0.1217402 0.08701062 0.9956323 0.0338459 0.0953409 0.9888722 0.1142016 0.173165 0.9741066 0.1453621 0.1825338 0.9813671 0.06000024 0.06601226 0.995647 -0.06579864 -0.29591 0.9372011 0.1846386 0.1959041 0.980009 -0.03470057 0.04422152 0.995091 -0.08853459 -0.2472011 0.9671668 0.05899256 0.1800654 0.9824554 -0.04855662 0.01904404 0.9986522 -0.04828149 -0.2113733 0.9765108 -0.04181075 0.01831132 0.9997679 0.01135301 7.62969e-4 0.9998857 -0.01510673 0.1939204 0.9809859 0.007843434 0.08060121 0.9941936 0.07129281 -0.1519866 0.9837319 -0.09576988 -0.0452286 0.9973487 -0.05700874 -0.1016908 0.9898069 -0.099707 -0.5125404 0.8522808 -0.1044979 -0.4410899 0.8759234 -0.1954431 -0.3827676 0.901222 -0.2031946 0.07932037 0.9813574 -0.1750603 -0.101964 0.9896706 -0.1007738 0.2171759 0.973904 -0.06592184 -0.01501512 0.9650912 -0.2614838 0.4085615 0.8912238 -0.1969714 -0.02365213 0.9740116 -0.2252601 0.469326 0.8321395 -0.2954269 0.4049554 0.9137971 -0.03140395 0.2902661 0.9566178 -0.02505606 0.5155532 0.8560509 -0.03717184 0.5518841 0.8108114 -0.1949585 0.5289861 0.8443696 0.08493441 0.6619016 0.6937026 -0.2840122 0.7011205 0.6746298 -0.2308787 0.3931422 0.9183389 0.04574751 0.190777 0.9816275 0.003418147 0.4963954 0.8333584 -0.2431163 0.7392999 0.6615673 -0.1255564 0.5021975 0.8547277 -0.1312946 0.7063001 0.7033092 0.0806005 -0.03588992 0.9907585 -0.1308031 0.4782358 0.8679658 0.1338877 0.4402061 0.8467497 0.29872 0.6344043 0.7551691 0.1650788 -0.03982675 0.9307874 0.3633852 -0.03668445 0.9866351 0.1587625 -0.5160489 0.8474872 0.1243351 -0.4726208 0.8292685 0.2982339 -0.0529195 0.995614 0.07715141 -0.3567684 0.9311687 0.07510751 0.3438949 0.9311227 0.1214375 0.4652031 0.8739764 0.1405405 -0.03024429 0.9939427 0.1056568 0.3516978 0.931523 0.09259378 0.4363933 0.8943331 0.09863787 -0.4845513 0.8663144 0.1212828 -0.5158737 0.847714 0.123513 -0.0128178 0.9968299 0.07852441 0.3864334 0.9201217 0.06360185 0.509634 0.8591661 0.04590028 0.4201565 0.9074246 0.00701934 0.5570057 0.8304881 -0.005859673 0.6105663 0.789439 -0.06320518 0.4405773 0.8971162 -0.03277772 -0.004211604 0.9998628 0.01602244 0.002075254 0.999882 -0.01522874 -0.4676461 0.8838369 -0.01181089 -0.5015781 0.8647225 0.02597153 -0.7076231 0.706555 0.007049977 -0.5209931 0.8493491 0.08469074 -0.6297311 0.7767111 0.01260435 -0.333264 0.9405857 -0.0650658 -0.5083912 0.857807 0.07553535 -0.1982201 0.9790154 -0.04730427 -0.09366142 0.9955763 -0.007446527 -0.1414865 0.9895514 0.02774184 0.08292043 0.9964189 -0.01654136 0.08072167 0.9960053 -0.03817874 0.03213697 0.9992986 -0.0192272 0.03335702 0.9987577 -0.03701925 0.09158706 0.9918016 -0.08911502 0.03634822 0.9953497 -0.08920729 0.09033697 0.9884274 -0.1218634 0.03872859 0.9918062 -0.1217402 -0.2422933 -0.3756631 0.894523 -0.8145496 -0.3422085 0.4684042 -0.8254497 -0.1924228 0.5306659 -0.2426003 -0.3307105 0.9120175 0.8247852 -0.03021413 0.5646384 -0.7626202 0.1045291 0.638345 0.8361057 -0.1869915 0.5157145 0.8247832 0.3387028 -0.4527838 -0.2241345 -0.2434533 0.94366 -0.5836762 0.356279 0.7296487 0.8361057 0.1869915 -0.5157145 -0.2422934 0.2850206 -0.9273927 0.7724795 -0.4877935 0.4066116 -0.1715458 -0.16944 0.9704959 -0.3158775 0.5245093 0.7906399 -0.2426003 0.3307105 -0.9120175 -0.8145466 0.03756862 -0.5788804 -0.8254497 0.1924228 -0.5306659 0.7724644 -0.1137745 -0.6247833 -0.2241352 0.4179951 -0.8803656 -0.7626147 0.4894065 -0.4229661 0.5912237 -0.742814 0.3141372 0.5912142 -0.3687916 -0.7172576 -0.1715478 0.4919983 -0.8535274 -0.5836822 0.741162 -0.3316536 -0.09283918 -0.1200012 0.9884234 0 0.5835657 0.812066 0.319965 -0.9132003 0.2523645 0 -0.1026367 0.9947189 0.3158775 0.5245093 0.7906399 0.3199654 -0.5391862 -0.7790381 0 -0.973034 0.2306618 0.09283918 -0.1200012 0.9884234 0.5836762 0.356279 0.7296487 -0.09283947 0.5414111 -0.8356165 -0.3158715 0.9093742 -0.2706729 0 -0.5990279 -0.8007283 0 0.5587855 -0.8293123 0 0.9684389 -0.2492512 -0.319965 -0.9132003 0.2523645 -0.3199654 -0.5391862 -0.7790381 0.09283947 0.5414111 -0.8356165 0.3158715 0.9093742 -0.2706729 0.1715161 -0.1694409 0.9705009 0.7626202 0.1045291 0.638345 -0.5912237 -0.742814 0.3141372 0.2241362 -0.2434245 0.9436671 0.8254497 -0.1924228 0.5306659 -0.5912142 -0.3687916 -0.7172576 -0.7724795 -0.4877935 0.4066116 0.2426003 -0.3307105 0.9120175 0.7626147 -0.4894065 0.4229661 0.1715182 0.4920008 -0.8535319 0.5836763 0.7411544 -0.3316807 -0.7724644 -0.1137745 -0.6247833 0.2241352 0.4179951 -0.8803656 0.7626147 0.4894065 -0.4229661 -0.8361189 -0.1869944 0.5156921 -0.8361057 0.1869915 -0.5157145 0.2426003 0.3307105 -0.9120175 0.8254497 0.1924228 -0.5306659 0.2241352 -0.4179951 0.8803656 0.5836763 -0.7411544 0.3316807 -0.7724644 0.1137745 0.6247833 0.1715478 -0.4919983 0.8535274 0.3158715 -0.9093742 0.2706729 -0.7724795 0.4877935 -0.4066116 -0.5912142 0.3687916 0.7172576 0.09283947 -0.5414111 0.8356165 0 -0.9684389 0.2492512 0.2241362 0.2434245 -0.9436671 0.7626202 -0.1045291 -0.638345 -0.5912237 0.742814 -0.3141372 0.1715458 0.16944 -0.9704959 0.5836762 -0.356279 -0.7296487 -0.3199654 0.5391862 0.7790381 -0.319965 0.9132003 -0.2523645 0.09280896 0.1200016 -0.9884262 0.3158775 -0.5245093 -0.7906399 0 -0.5587714 0.8293219 -0.3158715 -0.9093742 0.2706729 0 0.5990083 0.8007429 -0.0928092 -0.5414126 0.8356188 -0.5836763 -0.7411544 0.3316807 0 0.973034 -0.2306618 0.3199654 0.5391862 0.7790381 -0.1715207 -0.4919777 0.8535447 -0.6905296 -0.6236618 0.3663536 -0.2054212 -0.459367 0.8641667 0.5912142 0.3687916 0.7172576 0.6992257 0.2547439 0.667974 0.319965 0.9132003 -0.2523645 0.5912237 0.742814 -0.3141372 0.6992267 0.6236916 -0.349415 0 0.1026367 -0.9947189 0 -0.5835657 -0.812066 -0.09283918 0.1200012 -0.9884234 -0.3158775 -0.5245093 -0.7906399 -0.1715161 0.1694409 -0.9705009 -0.5836762 -0.356279 -0.7296487 -0.2054232 0.2013031 -0.9577466 -0.690536 -0.2438514 -0.6809528 0.06714254 0.9977386 -0.003112971 0.07171958 0.997421 0.002777218 0.731085 0.682285 -0.001434385 0.7433641 0.6673704 0.04501628 0.8743531 -0.4852905 9.15585e-5 0.07013362 0.9971923 0.02624666 0.8767065 -0.4779067 0.05469113 0.8743934 -0.4852179 6.10375e-5 0.7230939 0.6290945 0.285264 0.497276 0.6368086 0.5892296 0.05404943 0.996756 0.05963444 0.8176982 -0.4762505 0.3233498 0.2360962 0.6448088 0.7269664 0.02655148 0.9966279 0.07764029 9.15558e-4 0.9964019 0.08475011 0.580595 -0.4624557 0.6701076 0.01281797 0.6485612 0.7610546 -0.01431322 0.9971346 0.07428228 0.2730238 -0.4645311 0.8424185 -0.09592282 0.6749699 0.7315835 0.783858 -0.5407107 0.3052847 0.01431328 -0.4698984 0.8826045 -0.01925772 0.7127809 0.7011225 -0.003967404 0.9987019 0.05078351 0.008423209 0.9981812 0.05969488 -0.1135925 -0.4732918 0.8735512 0.05267596 0.6788366 0.7323976 0 0.9974227 0.07175022 -0.02395749 -0.5157119 0.8564271 0.01831167 -0.5040901 0.863457 -0.118111 -0.4790973 0.8697791 0.2678087 -0.5064407 0.8196319 0.5528858 -0.5252965 0.6468238 0.2635629 0.5277971 0.8074435 0.01550358 0.5259929 0.8503476 0.5472321 0.5478425 0.6327762 0.2670438 0.4854094 0.8325054 -0.1168867 0.5006904 0.8576985 0.01663291 0.4880924 0.8726335 -0.02960383 0.5014037 0.8647069 -0.1123723 0.4944748 0.8618975 -0.02990919 -0.4833694 0.8749054 -0.02298063 0.5364297 0.8436322 0.05813926 0.5252069 0.8489863 0.05874878 -0.5037444 0.8618528 0.06003165 -0.4971919 0.8655613 0 0.5357613 0.8443696 0 0.670417 0.7419847 0 -0.5169084 0.8560408 0 -0.505085 0.8630697 -0.05267596 0.6788366 0.7323976 -0.008423209 0.9981812 0.05969488 -0.06003165 -0.4971919 0.8655613 -0.05874878 -0.5037444 0.8618528 0.02395749 -0.5157119 0.8564271 0.01925772 0.7127809 0.7011225 0.003967404 0.9987019 0.05078351 0.01431322 0.9971346 0.07428228 0.02990919 -0.4833694 0.8749054 0.09592282 0.6749699 0.7315835 -0.05813926 0.5252069 0.8489863 -0.01281797 0.6485612 0.7610546 -9.15558e-4 0.9964019 0.08475011 0.1135925 -0.4732918 0.8735512 -0.01431328 -0.4698984 0.8826045 -0.2360962 0.6448088 0.7269664 -0.02655148 0.9966279 0.07764029 -0.05404943 0.996756 0.05963444 -0.2730238 -0.4645311 0.8424185 -0.497276 0.6368086 0.5892296 -0.07013362 0.9971923 0.02624666 -0.01831167 -0.5040901 0.863457 -0.7230939 0.6290945 0.285264 0.118111 -0.4790973 0.8697791 -0.580595 -0.4624557 0.6701076 0.02960383 0.5014037 0.8647069 0.1168867 0.5006904 0.8576985 0.02298063 0.5364297 0.8436322 -0.01550358 0.5259929 0.8503476 0.1123723 0.4944748 0.8618975 -0.0598483 0.5179427 0.8533191 0.09634977 -0.6744486 0.7320082 0 0.5231538 0.8522383 0.02105802 -0.7129216 0.7009276 -0.05267626 -0.6811296 0.7302656 0.0598483 0.5179427 0.8533191 0 -0.675292 0.7375506 0.05267626 -0.6811296 0.7302656 0 -0.9982349 0.05938929 -0.00839281 -0.9985325 0.05350041 0.00839281 -0.9985325 0.05350041 0.007385492 -0.9987574 0.04928779 0.02017295 -0.9972949 0.07068163 -0.001586973 -0.9964682 0.08395707 -0.02105849 -0.7129065 0.7009429 -0.007385492 -0.9987574 0.04928779 -0.02017295 -0.9972949 0.07068163 -0.09634977 -0.6744486 0.7320082 0.001586973 -0.9964682 0.08395707 0.01187211 -0.6488156 0.7608531 0.2370424 -0.6424591 0.7287368 0.02459806 -0.9965581 0.07916551 0.05020332 -0.9965592 0.06595098 0.5708634 0.474453 0.6700816 0.501282 -0.6329124 0.5900326 0.07806706 -0.9964389 0.0318616 0.7273328 -0.6229267 0.2880094 0.8095006 0.4918531 0.3206079 0.7484853 -0.6614138 0.04797625 0.08685779 -0.9961795 0.009064197 0.09570717 -0.9954036 0.003448605 0.7421002 -0.670289 0 0.8639726 0.503539 -3.05194e-5 0.8660008 0.4970899 0.05426234 0.7719178 0.5619775 0.2971943 0.8556272 0.5143651 0.05771118 0.8639726 0.503539 0 0.8678781 -0.4932839 0.05881071 -0.07171958 0.997421 0.002777218 -0.06714254 0.9977386 -0.003112971 -0.731085 0.682285 -0.001434385 -0.7433641 0.6673704 0.04501628 -0.8743401 -0.4853138 9.15571e-5 -0.8767065 -0.4779067 0.05469113 -0.8743934 -0.4852179 6.10375e-5 -0.8176982 -0.4762505 0.3233498 -0.8678781 -0.4932839 0.05881071 -0.8639726 0.503539 0 -0.783858 -0.5407107 0.3052847 -0.8556272 0.5143651 0.05771118 -0.8639726 0.503539 -3.05194e-5 -0.7719178 0.5619775 0.2971943 -0.5528858 -0.5252965 0.6468238 -0.5472321 0.5478425 0.6327762 -0.2678087 -0.5064407 0.8196319 -0.2635629 0.5277971 0.8074435 -0.2670438 0.4854094 0.8325054 -0.8095006 0.4918531 0.3206079 -0.01663291 0.4880924 0.8726335 -0.5708634 0.474453 0.6700816 -0.01187211 -0.6488156 0.7608531 -0.2370377 -0.642477 0.7287225 -0.02459806 -0.9965581 0.07916551 -0.05020332 -0.9965592 0.06595098 -0.501282 -0.6329124 0.5900326 -0.07806706 -0.9964389 0.0318616 -0.7273328 -0.6229267 0.2880094 -0.7484853 -0.6614138 0.04797625 -0.08685779 -0.9961795 0.009064197 -0.09570717 -0.9954036 0.003448605 -0.7421002 -0.670289 0 -0.8660008 0.4970899 0.05426234 0 -1 0 0.1433473 -0.9896671 -0.0032655 0.1332771 -0.9910789 0 0.3024107 -0.9531629 -0.005340754 0.2783995 -0.9604206 -0.009277939 0.1473435 -0.9890453 0.008911371 0.2782764 -0.9602642 0.02133309 0.391403 -0.9194384 0.03790426 0.2122287 -0.9771252 0.01361143 0.2227563 -0.9746773 0.019593 0.4607149 -0.8858447 0.05496472 0.2164739 -0.9762845 -0.002807736 0 -1 -3.05194e-5 0.417319 -0.9087385 -0.006256401 0.1760358 -0.9842811 -0.01422202 0.358084 -0.9330999 -0.03317457 0.3179759 -0.9473663 -0.03726351 0.1528694 -0.988051 -0.01965415 0.293132 -0.9556013 -0.02999985 3.0519e-4 -0.9997101 0.02407944 0.16877 -0.9854279 0.02118015 0.3255187 -0.9452739 0.02224856 0.3369606 -0.9307389 0.1420661 0.1677049 -0.9737874 0.1536659 0.2917677 -0.9202587 0.2607598 0.1250982 -0.9563192 0.2642048 -3.66232e-4 -0.9883074 0.1524745 -4.5778e-4 -0.9698221 0.2438136 -0.07779353 -0.9624552 0.2600545 -0.03277701 -0.9820296 0.1858587 -0.04126173 -0.9059891 0.4212852 0.01892203 -0.9741494 0.2251112 0.006958246 -0.9793475 0.2020648 0.06006228 -0.9252284 0.3746265 0.01687681 -0.9350636 0.3540784 -0.1433473 -0.9896671 -0.0032655 -0.1332771 -0.9910789 0 -0.3024107 -0.9531629 -0.005340754 -0.2783995 -0.9604206 -0.009277939 -0.1473435 -0.9890453 0.008911371 -0.2782764 -0.9602642 0.02133309 -0.391403 -0.9194384 0.03790426 -0.2122287 -0.9771252 0.01361143 -0.2227563 -0.9746773 0.019593 -0.4607149 -0.8858447 0.05496472 -0.2164739 -0.9762845 -0.002807736 -0.417319 -0.9087385 -0.006256401 -0.1760358 -0.9842811 -0.01422202 -0.358084 -0.9330999 -0.03317457 -0.3179759 -0.9473663 -0.03726351 -0.1528694 -0.988051 -0.01965415 -0.293132 -0.9556013 -0.02999985 -3.0519e-4 -0.9997101 0.02407944 -0.16877 -0.9854279 0.02118015 -0.3255187 -0.9452739 0.02224856 -0.3369606 -0.9307389 0.1420661 -0.1677049 -0.9737874 0.1536659 -0.2917677 -0.9202587 0.2607598 -0.1250982 -0.9563192 0.2642048 3.66232e-4 -0.9883074 0.1524745 4.5778e-4 -0.9698221 0.2438136 0.07779353 -0.9624552 0.2600545 0.03277701 -0.9820296 0.1858587 0.04126173 -0.9059891 0.4212852 -0.01892203 -0.9741494 0.2251112 -0.006958246 -0.9793475 0.2020648 -0.06006228 -0.9252284 0.3746265 -0.01687681 -0.9350636 0.3540784 0.1387715 -0.4271794 0.8934541 0.2535268 -0.3489618 0.9021918 0.5463863 -0.7520556 0.3686116 0.2891392 -0.8898798 0.3528634 0.309004 -0.9510608 0 0.587767 -0.8090303 0 0.884088 -0.2872492 0.3686141 0.9510608 -0.309004 0 0.4102423 -0.1332784 0.9021852 0.884088 0.2872492 0.3686141 0.9510608 0.309004 0 0.4102423 0.1332784 0.9021852 0.5463863 0.7520556 0.3686116 0.587767 0.8090303 0 0.2535268 0.3489618 0.9021918 0 0.9295839 0.3686107 0 1 0 0 0.4313346 0.9021921 -0.5463925 0.752064 0.3685852 -0.587767 0.8090303 0 -0.2535554 0.3489591 0.9021848 -0.884088 0.2872492 0.3686141 -0.9510608 0.309004 0 -0.4102423 0.1332784 0.9021852 -0.8841046 -0.2872447 0.3685778 -0.9510608 -0.309004 0 -0.4102423 -0.1332784 0.9021852 -0.5463925 -0.752064 0.3685852 -0.587767 -0.8090303 0 -0.2535554 -0.3489591 0.9021848 -0.1387715 -0.4271794 0.8934541 -0.2891423 -0.8898894 0.3528366 -0.309004 -0.9510608 0 -0.4927311 -0.5599952 -0.6660491 -0.2827288 -0.7484194 -0.5999441 -0.4551308 -0.6613176 -0.5962509 -0.2808044 -0.6439183 -0.7117008 0.02853572 -0.7892953 -0.6133504 -0.2770211 -0.2740912 -0.9209416 -0.4759417 -0.1906819 -0.8585569 0.03274756 -0.6608114 -0.7498372 0.1737154 -0.6579334 -0.7327665 0.1547008 -0.7822018 -0.6035131 0.04117071 -0.2672895 -0.9627364 0.03164786 -0.7076066 -0.7058976 0.02584952 -0.8000841 -0.5993307 -0.09290087 -0.8031165 -0.588535 0.2113468 -0.2655797 -0.9406381 0.02972602 -0.3076981 -0.9510196 -0.1046513 -0.6887025 -0.7174518 0 -0.7937198 -0.6082835 0.2151927 0.05475187 -0.9750357 -0.1360219 -0.2910266 -0.9469962 0 -0.6884487 -0.7252852 0.1046513 -0.6887025 -0.7174518 0.09290087 -0.8031165 -0.588535 0.07687807 0.2127195 -0.9740844 -0.03164786 -0.7076066 -0.7058976 -0.02584952 -0.8000841 -0.5993307 -0.1547008 -0.7822018 -0.6035131 -0.1737154 -0.6579334 -0.7327665 -0.02853572 -0.7892953 -0.6133504 -0.02972602 -0.3076981 -0.9510196 0.1360219 -0.2910266 -0.9469962 0 -0.3030865 -0.9529631 -0.07687807 0.2127195 -0.9740844 -0.1606231 0.2908185 -0.9431993 0.1606231 0.2908185 -0.9431993 0 0.2932279 -0.9560427 0 0.7154046 -0.6987105 -0.1538797 0.7052158 -0.6920923 0.1538797 0.7052158 -0.6920923 0 0.8466169 -0.5322028 -0.1452398 0.8401875 -0.522485 0.1452398 0.8401875 -0.522485 0.2845949 0.6521725 -0.7026214 0.3254562 0.7680144 -0.5515726 -0.2845949 0.6521725 -0.7026214 -0.3254562 0.7680144 -0.5515726 0.6843093 0.4507127 -0.5732181 0.7368323 0.4880678 -0.4678334 0.4561977 0.2681397 -0.8485192 0.4698734 0.6000072 -0.6474646 0.4824721 0.7462767 -0.4585759 0.3711107 0.3052203 -0.8769934 0.03802686 0.06463962 -0.9971839 0.01016277 0.3262466 -0.9452301 9.15572e-5 0.6994667 -0.7146652 -0.001312315 0.847579 -0.5306677 -0.4420449 0.7548701 -0.4845281 -0.410853 0.6137158 -0.6742054 -0.5892332 0.6784407 -0.4387738 -0.5317479 0.5055009 -0.6794947 -0.2950316 0.2848381 -0.9120436 -0.4232034 0.1930615 -0.8852266 -0.2479072 0.07226938 -0.9660845 -0.4261987 0.03674495 -0.9038831 -0.6843093 0.4507127 -0.5732181 -0.7368323 0.4880678 -0.4678334 -0.4561977 0.2681397 -0.8485192 -0.4698734 0.6000072 -0.6474646 -0.4824721 0.7462767 -0.4585759 -0.3711107 0.3052203 -0.8769934 -0.2151927 0.05475187 -0.9750357 -9.15572e-5 0.6994667 -0.7146652 0.001312315 0.847579 -0.5306677 0.4420449 0.7548701 -0.4845281 -0.01016277 0.3262466 -0.9452301 0.410853 0.6137158 -0.6742054 0.5892332 0.6784407 -0.4387738 0.5317479 0.5055009 -0.6794947 0.2950316 0.2848381 -0.9120436 0.4232034 0.1930615 -0.8852266 -0.03802686 0.06463962 -0.9971839 0.2479072 0.07226938 -0.9660845 0.4261987 0.03674495 -0.9038831 0.4759417 -0.1906819 -0.8585569 -0.04117071 -0.2672895 -0.9627364 0.2770211 -0.2740912 -0.9209416 0.4927311 -0.5599952 -0.6660491 -0.2113468 -0.2655797 -0.9406381 -0.03274756 -0.6608114 -0.7498372 0.2808044 -0.6439183 -0.7117008 0.2827288 -0.7484194 -0.5999441 0.4551308 -0.6613176 -0.5962509 -0.2535268 -0.3489618 0.9021918 -0.5463863 -0.7520556 0.3686116 -0.2891392 -0.8898798 0.3528634 -0.884088 -0.2872492 0.3686141 -0.5463863 0.7520556 0.3686116 -0.2535268 0.3489618 0.9021918 0.5463925 0.752064 0.3685852 0.2535554 0.3489591 0.9021848 0.8841046 -0.2872447 0.3685778 0.5463925 -0.752064 0.3685852 0.2535554 -0.3489591 0.9021848 0.2891423 -0.8898894 0.3528366 0 0.9999373 0.0112006 0 0.9999576 0.009216725 0 0.9999377 0.01117008 0 0.9999845 0.005584955 0 0.9999136 0.01315349 0 0.9979265 0.06436365 0 0.9921061 0.1254019 0.06753772 -0.9977155 0.001586914 0.7225179 -0.6908388 0.02664345 0.06585997 -0.997819 0.004455745 0.7474118 -0.6631181 -0.04062086 0.06232053 -0.9978615 -0.01971548 0.849132 0.5255383 -0.05276745 0.9016358 0.4323384 0.01168894 0.7223612 -0.6230209 -0.3000657 0.03988772 -0.9979269 -0.0505082 0.8328483 0.5463002 -0.08899503 0.9072479 0.4199153 -0.02392715 0.7693644 0.547244 -0.3295488 0.8221547 -0.5625895 -0.08691847 0.9052197 -0.4242731 -0.02386569 0.8978421 -0.4399331 0.01840299 0.729129 0.6062291 -0.3175805 0.7252823 -0.6103175 -0.3185566 0.8517059 -0.52057 -0.06003171 0.7198866 0.6933044 0.03305226 0.06763082 0.9977075 0.002411007 0.06585985 0.997817 0.004852473 0.737249 0.6738609 -0.04873889 0.06274712 0.9978507 -0.01889127 0.7705482 -0.5489485 -0.3239001 0.7266904 0.6227423 -0.290023 0.04013204 0.997931 -0.05023378 0.505073 0.6186678 -0.6017903 0.4900764 -0.6341878 -0.5980226 0.5235321 -0.5613458 -0.6409407 0.1948981 0.6450013 -0.7389101 0.01422184 0.9977597 -0.06537181 0.2126274 -0.5577389 -0.8023199 -0.01992887 0.6608895 -0.7502187 -0.002197325 0.997652 -0.06845313 0.1964543 -0.6235449 -0.7567017 -0.01443541 0.7078871 -0.7061781 -2.13632e-4 0.9979658 -0.06375384 0.006195247 0.9977182 -0.06723272 -0.02185165 -0.5671666 -0.8233133 -0.01507669 -0.6121326 -0.7906115 0.04965436 0.6779794 -0.7334019 0 0.9976292 -0.06881988 0.05435407 -0.5758607 -0.8157391 -0.02462899 -0.6043107 -0.7963681 0 0.672179 -0.7403888 -0.04965436 0.6779794 -0.7334019 -0.006195247 0.9977182 -0.06723272 0 -0.5778497 -0.8161432 0.01443541 0.7078871 -0.7061781 2.13632e-4 0.9979658 -0.06375384 0.002197325 0.997652 -0.06845313 -0.05435407 -0.5758607 -0.8157391 0 -0.5927732 -0.8053696 0.01992887 0.6608895 -0.7502187 -0.01422184 0.9977597 -0.06537181 0.01507669 -0.6121326 -0.7906115 -0.1948981 0.6450013 -0.7389101 -0.04013204 0.997931 -0.05023378 -0.06012308 -0.5866122 -0.8076332 0.02185165 -0.5671666 -0.8233133 0.009582877 -0.5718312 -0.8203154 -0.2124103 -0.557577 -0.8024898 0.02462899 -0.6043107 -0.7963681 -0.1963286 -0.6240827 -0.7562909 0.009582877 0.5696345 -0.8218424 -0.06103861 0.5903655 -0.8048247 0.02456784 0.6016534 -0.7983794 0.01141417 0.6115145 -0.7911509 -0.1950815 0.6171376 -0.762289 0.02172946 0.5650888 -0.824744 -0.05664306 0.5779671 -0.8140919 -0.2127204 0.5557588 -0.803668 0.01977622 -0.660551 -0.7505208 -0.4900218 0.6241858 -0.6084988 0.010468 -0.7090795 -0.705051 -0.1946214 -0.6455132 -0.738536 0.002166807 -0.997652 -0.06845313 -0.01425242 -0.9977611 -0.06534141 2.44151e-4 -0.9979658 -0.06375384 -0.03988772 -0.9979269 -0.0505082 -0.006347894 -0.99775 -0.0667445 -0.0513941 -0.6764249 -0.7347164 0 -0.997648 -0.06854653 -0.5278328 0.5528893 -0.6447526 -0.4970026 -0.6267085 -0.6001874 -0.7688767 0.5476717 -0.3299764 -0.7223612 -0.6230209 -0.3000657 -0.06232059 -0.9978621 -0.01968497 -0.7474118 -0.6631181 -0.04062086 -0.06753772 -0.9977155 0.001586914 -0.849132 0.5255383 -0.05276745 -0.7225179 -0.6908388 0.02664345 -0.06585997 -0.997819 0.004455745 -0.9016358 0.4323384 0.01168894 -0.7297578 0.6051151 -0.31826 -0.8328483 0.5463002 -0.08899503 -0.9072479 0.4199153 -0.02392715 -0.4889484 -0.6387978 -0.5940261 -0.7272784 -0.6093818 -0.3157847 -0.8221406 -0.5626104 -0.08691698 -0.9052197 -0.4242731 -0.02386569 -0.8978415 -0.4399328 0.01843351 -0.8517059 -0.52057 -0.06003171 -0.7198866 0.6933044 0.03305226 -0.06585985 0.997817 0.004852473 -0.06763082 0.9977075 0.002411007 -0.737249 0.6738609 -0.04873889 -0.06274712 0.9978507 -0.01889127 -0.7710337 -0.5485192 -0.3234716 -0.7266904 0.6227423 -0.290023 -0.5240121 -0.5592311 -0.6423955 -0.505073 0.6186678 -0.6017903 -0.05011296 -0.6983467 -0.7140032 0 -0.7041403 -0.710061 -0.09631884 -0.6924519 -0.7150056 0.05011296 -0.6983467 -0.7140032 0.09631884 -0.6924519 -0.7150056 0 -0.6981236 -0.7159773 -0.2410745 -0.6768339 -0.6955423 -0.1863521 -0.6813176 -0.7078696 0.1863521 -0.6813176 -0.7078696 0.2410745 -0.6768339 -0.6955423 -0.1066045 -0.7028026 -0.703352 0.1066045 -0.7028026 -0.703352 0 -0.7063893 -0.7078236 -0.1013849 -0.7177209 -0.6889108 0 -0.7191942 -0.6948091 0.1013849 -0.7177209 -0.6889108 -0.2279177 -0.7150049 -0.6609248 0.2279177 -0.7150049 -0.6609248 -0.2311832 -0.6972119 -0.6785646 -0.4130162 -0.6606794 -0.6268336 -0.4651728 -0.6493558 -0.601624 0.2311832 -0.6972119 -0.6785646 0.4130162 -0.6606794 -0.6268336 0.4651728 -0.6493558 -0.601624 0.4500112 -0.6469845 -0.6155494 0.4498548 -0.6470401 -0.6156052 0.5767527 -0.6263771 -0.5244122 0.5949411 -0.6196311 -0.5119594 0.615844 -0.6184686 -0.4880912 0.5778295 -0.6295909 -0.5193538 0.6159912 -0.6263066 -0.4778022 -0.5949411 -0.6196311 -0.5119594 -0.615844 -0.6184686 -0.4880912 -0.5778295 -0.6295909 -0.5193538 -0.6159912 -0.6263066 -0.4778022 -0.5767527 -0.6263771 -0.5244122 -0.4500112 -0.6469845 -0.6155494 -0.4498548 -0.6470401 -0.6156052 -0.8490659 -0.3542022 0.391954 -0.7341791 -0.5903403 0.3353797 -0.7466191 -0.2856587 0.6007989 -0.7674599 -0.0238353 0.6406537 -0.8203313 -0.5627474 0.1018432 -0.8911185 -0.0571922 0.4501523 -0.7409187 0.1398702 0.6568683 -0.9257029 -0.3665029 0.09354078 -0.940209 -0.3399853 -0.02041739 -0.8685407 -0.4955983 0.004425227 -0.9906224 -0.08725434 0.1051386 -0.9466068 -0.3056169 -0.1026353 -0.8696517 -0.485656 -0.08856743 -0.9951668 -0.08978718 -0.03976637 -0.9887748 -0.06347882 -0.1352588 -0.9505063 -0.2756147 -0.1434381 -0.8656338 -0.4845767 -0.1259509 -0.9848597 0.003448665 -0.1733194 -0.9626711 -0.2557214 -0.08871966 -0.8680199 -0.4902564 -0.07867783 -0.9935038 0.05072194 -0.1018712 -0.9686831 -0.246474 -0.03006148 -0.879556 -0.4751189 -0.02536123 -0.9978827 0.05624663 -0.03265541 -0.9600984 -0.2559326 0.1127373 -0.8795033 -0.4667917 0.09262585 -0.8752853 -0.4525969 0.1703876 -0.9865697 0.04696929 0.1564424 -0.9423639 -0.2930123 0.1615368 -0.9079043 -0.4155137 0.05530005 -0.9797865 -0.06357133 0.1896764 -0.9660944 -0.2541968 0.04522985 -0.9680389 -0.2503185 -0.01553428 -0.9094048 -0.4153634 -0.02136325 -0.9956167 -0.08707028 0.0341506 -0.9289972 -0.2583125 -0.2650266 -0.8756289 -0.4381044 -0.2033194 -0.809086 -0.3556975 -0.4678239 -0.7817322 -0.1903515 -0.5938528 -0.9960813 -0.08713191 -0.01516795 -0.8035713 -0.07458895 -0.5905166 -0.6840707 0.02731519 -0.7289043 -0.9612038 -0.02362185 -0.2748258 -0.8138002 0.06851607 -0.5770916 -0.6964858 0.1677963 -0.6976761 -0.9934504 0.1021161 -0.05127167 -0.9559275 0.151376 -0.2515711 -0.8179519 0.2286517 -0.527895 -0.8273663 0.3734287 -0.4195427 -0.9115413 0.3489542 -0.2175394 -0.8643598 0.4624853 -0.197458 -0.8964006 0.4384343 -0.06512725 -0.7891923 0.6129753 -0.03790462 -0.9986258 0.02688759 0.04498559 -0.974574 0.2238593 -0.009613573 -0.8448905 0.5349386 0.00100708 -0.6765375 0.7358658 0.02826023 -0.9561672 0.2820281 0.0787701 -0.7911068 0.6034165 0.100193 -0.6218038 0.7765071 0.1019656 -0.9586537 0.1746891 0.2246482 -0.7796031 0.5857476 0.2216276 -0.629518 0.7503738 0.2016093 -0.8237459 0.5489503 0.141762 -0.6777365 0.7283371 0.1009875 -0.7172621 0.6960207 -0.03302174 -0.9616144 0.212044 0.1741703 -0.8556866 0.5163784 -0.03396743 -0.7327278 0.6642435 -0.1479555 -0.9757944 0.2161073 -0.0335102 -0.9719386 0.2034702 -0.1180475 -0.8570371 0.4963014 -0.1384651 -0.9644699 0.1643767 -0.206829 -0.8756475 0.4113029 -0.2531235 -0.7942638 0.5400689 -0.2783356 -0.980241 0.109075 -0.1650164 -0.9016782 0.3841097 -0.1985859 -0.812694 0.5429049 -0.2116196 -0.9946666 0.09048801 -0.04950135 -0.9236109 0.3739551 -0.08426427 -0.8270443 0.5525226 -0.1035217 -0.9941402 0.07700049 0.07587128 -0.9240988 0.3809134 0.03076356 -0.8324765 0.5531328 0.0320453 -0.9040237 0.3768876 0.2017351 -0.821204 0.4968485 0.2806523 -0.7797151 0.3882706 0.4912132 -0.8891277 0.311239 0.3355326 -0.751854 0.2701303 0.6014527 -0.8858337 0.2219086 0.4074988 -0.8882733 0.110603 0.4458 -0.03259414 0.9940614 0.1038252 0.02038693 0.3661721 0.9303239 -0.010468 0.9904651 0.1373662 -0.03231996 0.6111194 -0.7908784 0.0625633 0.3782488 0.9235875 -0.1026356 0.5930159 -0.7986227 -0.1070923 0.9918176 0.06949251 -0.2266093 0.5673931 -0.7916523 -0.3539966 0.5930261 -0.723192 0.2260551 0.390309 0.8925011 -0.5449548 0.6406943 -0.5408653 -0.186194 0.9596883 0.2105479 0.4757651 0.4907196 0.7299603 -0.2383231 0.9703527 0.04022407 0.2430272 0.9155258 0.3205469 0.5923357 0.7898216 0.159124 0.4056584 0.9140131 -0.00463885 -0.08233928 0.996312 -0.02414023 0.7925657 0.6095697 0.01626694 -0.082767 0.9958595 -0.03759914 0.8057727 0.592198 0.005646049 0.475607 0.8795251 -0.01528996 0.8490659 -0.3542022 0.391954 0.7466191 -0.2856587 0.6007989 0.7341791 -0.5903403 0.3353797 0.7674599 -0.0238353 0.6406537 0.8203313 -0.5627474 0.1018432 0.8911185 -0.0571922 0.4501523 0.7409187 0.1398702 0.6568683 0.9257029 -0.3665029 0.09354078 0.940209 -0.3399853 -0.02041739 0.8685407 -0.4955983 0.004425227 0.9906224 -0.08725434 0.1051386 0.9466068 -0.3056169 -0.1026353 0.8696517 -0.485656 -0.08856743 0.9951668 -0.08978718 -0.03976637 0.9887748 -0.06347882 -0.1352588 0.9505063 -0.2756147 -0.1434381 0.8656338 -0.4845767 -0.1259509 0.9848597 0.003448665 -0.1733194 0.9626711 -0.2557214 -0.08871966 0.8680199 -0.4902564 -0.07867783 0.9935038 0.05072194 -0.1018712 0.9686831 -0.246474 -0.03006148 0.879556 -0.4751189 -0.02536123 0.9978827 0.05624663 -0.03265541 0.9600984 -0.2559326 0.1127373 0.8795033 -0.4667917 0.09262585 0.8752853 -0.4525969 0.1703876 0.9865697 0.04696929 0.1564424 0.9757944 0.2161073 -0.0335102 0.9423639 -0.2930123 0.1615368 0.9079043 -0.4155137 0.05530005 0.9797865 -0.06357133 0.1896764 0.9660944 -0.2541968 0.04522985 0.9680389 -0.2503185 -0.01553428 0.9094048 -0.4153634 -0.02136325 0.9956167 -0.08707028 0.0341506 0.9289972 -0.2583125 -0.2650266 0.8756289 -0.4381044 -0.2033194 0.809086 -0.3556975 -0.4678239 0.7817322 -0.1903515 -0.5938528 0.9960813 -0.08713191 -0.01516795 0.8035713 -0.07458895 -0.5905166 0.6840707 0.02731519 -0.7289043 0.9612038 -0.02362185 -0.2748258 0.8138002 0.06851607 -0.5770916 0.6964858 0.1677963 -0.6976761 0.9934504 0.1021161 -0.05127167 0.9559275 0.151376 -0.2515711 0.8179519 0.2286517 -0.527895 0.8273663 0.3734287 -0.4195427 0.9115413 0.3489542 -0.2175394 0.8643598 0.4624853 -0.197458 0.8964006 0.4384343 -0.06512725 0.7891923 0.6129753 -0.03790462 0.9986258 0.02688759 0.04498559 0.974574 0.2238593 -0.009613573 0.8448905 0.5349386 0.00100708 0.6765375 0.7358658 0.02826023 0.9561672 0.2820281 0.0787701 0.7911068 0.6034165 0.100193 0.6218038 0.7765071 0.1019656 0.9586537 0.1746891 0.2246482 0.7796031 0.5857476 0.2216276 0.629518 0.7503738 0.2016093 0.8237459 0.5489503 0.141762 0.6777365 0.7283371 0.1009875 0.7172621 0.6960207 -0.03302174 0.9616144 0.212044 0.1741703 0.8556866 0.5163784 -0.03396743 0.7327278 0.6642435 -0.1479555 0.9719386 0.2034702 -0.1180475 0.8570371 0.4963014 -0.1384651 0.9644699 0.1643767 -0.206829 0.8756475 0.4113029 -0.2531235 0.7942638 0.5400689 -0.2783356 0.980241 0.109075 -0.1650164 0.9016782 0.3841097 -0.1985859 0.812694 0.5429049 -0.2116196 0.9946666 0.09048801 -0.04950135 0.9236109 0.3739551 -0.08426427 0.8270443 0.5525226 -0.1035217 0.9941402 0.07700049 0.07587128 0.9240988 0.3809134 0.03076356 0.8324765 0.5531328 0.0320453 0.9040237 0.3768876 0.2017351 0.821204 0.4968485 0.2806523 0.7797151 0.3882706 0.4912132 0.8891277 0.311239 0.3355326 0.751854 0.2701303 0.6014527 0.8858337 0.2219086 0.4074988 0.8882733 0.110603 0.4458 0.03259414 0.9940614 0.1038252 0.010468 0.9904651 0.1373662 -0.02038693 0.3661721 0.9303239 0.03231996 0.6111194 -0.7908784 -0.0625633 0.3782488 0.9235875 0.1026356 0.5930159 -0.7986227 0.1070923 0.9918176 0.06949251 0.2266093 0.5673931 -0.7916523 0.3539966 0.5930261 -0.723192 -0.2260551 0.390309 0.8925011 0.5449548 0.6406943 -0.5408653 0.186194 0.9596883 0.2105479 -0.4757651 0.4907196 0.7299603 0.2383231 0.9703527 0.04022407 -0.2430272 0.9155258 0.3205469 -0.5923357 0.7898216 0.159124 -0.4056584 0.9140131 -0.00463885 0.08233928 0.996312 -0.02414023 -0.7925657 0.6095697 0.01626694 0.082767 0.9958595 -0.03759914 -0.8057727 0.592198 0.005646049 -0.475607 0.8795251 -0.01528996 0.3085207 -0.4461327 0.8401076 0.1441417 -0.8589301 0.4913883 0.7550985 -0.3448635 0.5575801 0.7680851 0.3431311 0.5406536 -0.5340882 -0.7450683 0.3995285 0.3214266 0.4641337 0.8253877 0.18397 0.8855773 0.4265066 -0.4609345 0.8105342 0.3613497 -0.424561 -0.5676989 0.7053127 -0.8714535 0.005432426 0.4904482 -0.470276 0.5213658 0.7120521 -0.3127294 -0.4416421 0.8409237 -0.7550985 -0.3448635 0.5575801 -0.1641312 -0.8562111 0.4898608 -0.7680851 0.3431311 0.5406536 0.5742769 -0.6549693 0.4911431 -0.328385 0.4568702 0.8267 -0.2108584 0.8806977 0.4241583 0.4669159 0.7698817 0.4350537 0.4106357 -0.5501999 0.7270891 0.8433685 0.02713155 0.5366503 0.4732608 0.4762822 0.7410665 0.4918804 0.6298583 -0.6011092 0.1937044 0.6167595 -0.7629458 0.5282862 0.5507482 -0.6462121 0.2125067 0.5555756 -0.8038512 0.4970026 -0.6267085 -0.6001874 0.1946214 -0.6455132 -0.738536 0.01425242 -0.9977611 -0.06534141 -0.01977622 -0.660551 -0.7505208 -0.002166807 -0.997652 -0.06845313 -0.02172946 0.5650888 -0.824744 -0.02456784 0.6016534 -0.7983794 -0.01141417 0.6115145 -0.7911509 -0.010468 -0.7090795 -0.705051 -2.44151e-4 -0.9979658 -0.06375384 0.006347894 -0.99775 -0.0667445 -0.009582877 0.5696345 -0.8218424 0.0513941 -0.6764249 -0.7347164 0.05664306 0.5779671 -0.8140919 0 -0.6736323 -0.7390667 0 0.5767431 -0.8169256 0 0.5909429 -0.8067135 0.06103861 0.5903655 -0.8048247 0.06012308 -0.5866122 -0.8076332 -0.009582877 -0.5718312 -0.8203154 0.6133745 0.6083083 0.503719 0.673753 0.5952564 0.4378662 0.6178277 0.6065967 0.5003293 0.6520777 0.6192083 0.4374652 0.4678848 0.6354639 0.6142228 0.4606613 0.6395056 0.6154868 0.5906761 0.6253158 0.5099823 0.4624306 0.6634317 0.5882317 0.2829447 0.6682513 0.6880279 0.2815396 0.6719107 0.685034 0.3951652 0.6618131 0.6370619 0.2334092 0.7066671 0.6679385 0.2454374 0.6914792 0.6794241 0.1190862 0.6823807 0.7212317 0.1213125 0.6821275 0.7211001 0 0.6833897 0.7300539 0.105627 0.7009044 0.7053907 0.1014446 0.7164297 0.6902445 0 0.6848543 0.7286801 0 0.7025908 0.7115941 0 0.7179033 0.696143 -0.1014446 0.7164297 0.6902445 -0.105627 0.7009044 0.7053907 -0.2334092 0.7066671 0.6679385 -0.1190862 0.6823807 0.7212317 -0.1213125 0.6821275 0.7211001 -0.2815396 0.6719107 0.685034 -0.2454374 0.6914792 0.6794241 -0.2829447 0.6682513 0.6880279 -0.4606613 0.6395056 0.6154868 -0.3951652 0.6618131 0.6370619 -0.4624306 0.6634317 0.5882317 -0.4678848 0.6354639 0.6142228 -0.6133745 0.6083083 0.503719 -0.5906761 0.6253158 0.5099823 -0.6520777 0.6192083 0.4374652 -0.6178277 0.6065967 0.5003293 -0.673753 0.5952564 0.4378662 -0.04269653 0.9839129 0.1734719 -0.6911972 0.7205261 0.05557531 -0.7032244 0.5400075 0.4624581 -0.1703285 0.6534804 0.7375307 0 0.9841103 0.1775586 -0.9097464 0.003204464 0.4151524 -0.7625502 -0.6409011 -0.08810859 -0.4035822 0.04577833 0.9137976 -0.7253217 -0.5710771 0.3844211 -0.02288931 -0.9949535 0.09769165 -0.4396955 -0.01394742 0.8980386 -0.1641622 -0.6973001 0.6977274 0 -0.9946905 0.1029117 0 -0.6984634 0.7156457 -0.1758495 0.3378435 0.9246291 0.1714866 -0.6942781 0.6989781 0.02288931 -0.9949535 0.09769165 0 0.361863 0.9322314 0.7250996 -0.5603583 0.4002864 0.7625502 -0.6409011 -0.08810859 0.2019148 0.3465756 0.9160327 0.8736923 -0.002990841 0.4864698 0.6911972 0.7205261 0.05557531 0.3826537 -0.01104801 0.9238258 0.7010886 0.5305775 0.4764057 0.04269653 0.9839129 0.1734719 0.3621066 0.02606308 0.9317723 0.1781083 0.6499612 0.7388017 0 0.6543332 0.7562065 0.1940399 -0.3640004 0.9109623 -0.193585 -0.3756033 0.9063372 0 -0.3839586 0.9233503 0.1553143 -0.4216895 0.8933395 -0.1625771 -0.410853 0.897089 0 -0.4125563 0.9109322 0.1462775 0.5591689 0.8160473 -0.1153014 0.5635364 0.8180052 -0.1622418 0.5027787 0.8490532 0 0.5582588 0.8296669 0.1915367 0.5086589 0.8393925 0 0.5268158 0.8499795 -0.1881525 -0.4488804 0.8735589 0.1926666 -0.4364526 0.8788565 0 -0.4567466 0.8895968 -0.1438984 -0.5515444 0.82164 0.1363914 -0.5609782 0.8165176 0 -0.5568183 0.8306344 -0.1315969 0.4237834 0.8961528 0 0.4136259 0.910447 0.1634323 0.4190032 0.8931553 0 -0.5908542 0.8067784 0 -0.6973041 0.7167754 0.4098752 -0.5641202 0.716778 -0.3472791 -0.4780238 0.8067778 -0.4098752 -0.5641202 0.716778 0.3472791 -0.4780238 0.8067778 0.663182 -0.2154654 0.7167736 -0.5619489 -0.1825655 0.8067734 -0.663182 -0.2154654 0.7167736 0.561928 -0.1825686 0.8067873 0.663182 0.2154654 0.7167736 -0.5619489 0.1825655 0.8067734 -0.663182 0.2154654 0.7167736 0.5619489 0.1825655 0.8067734 0.4098752 0.5641202 0.716778 -0.3472843 0.4780003 0.8067896 -0.4098752 0.5641202 0.716778 0.3472791 0.4780238 0.8067778 0 0.6973041 0.7167754 0 0.5908542 0.8067784 0.3011364 0.09784567 0.9485478 0.1861075 0.2561801 0.948544 0 0.3166397 0.9485459 0.3011364 -0.09784567 0.9485478 0.1861075 -0.2561801 0.948544 -0.1861075 0.2561801 0.948544 0 -0.3166397 0.9485459 -0.3011364 0.09784567 0.9485478 -0.1861075 -0.2561801 0.948544 -0.3011364 -0.09784567 0.9485478 -0.3472791 0.4780238 0.8067778 0.3472843 0.4780003 0.8067896 0.561928 0.1825686 0.8067873 0.5619489 -0.1825655 0.8067734 0.3011642 -0.09784477 0.9485391</float_array>
          <technique_common>
            <accessor source="#CarWiicm__M_CarWiicm_001-mesh-normals-array" count="1419" stride="3">
              <param name="X" type="float"/>
              <param name="Y" type="float"/>
              <param name="Z" type="float"/>
            </accessor>
          </technique_common>
        </source>
        <source id="CarWiicm__M_CarWiicm_001-mesh-map-0">
          <float_array id="CarWiicm__M_CarWiicm_001-mesh-map-0-array" count="13668">0.81738 0.1645838 0.8262455 0.1523461 0.8675212 0.158465 0.81738 0.2059205 0.8675364 0.21178 0.8262455 0.2176394 0.7973754 0.01033037 0.7875639 0.06788736 0.789517 0.06788736 0.742443 0.01033037 0.7502861 0.06788736 0.7610742 0.06788736 0.8675212 0.158465 0.8262455 0.1523461 0.81738 0.1645838 0.8262455 0.2176394 0.8675364 0.21178 0.81738 0.2059205 0.9910582 0.02865642 0.8771649 0.02865642 0.9341115 0.009719967 0.4762799 0.3923552 0.4300755 0.3934081 0.475349 0.3833677 0.4300755 0.3934081 0.4315099 0.4019226 0.4015259 0.4030823 0.6350042 0.3833677 0.680293 0.3934081 0.6340734 0.3923552 0.680293 0.3934081 0.7088273 0.4030823 0.6788434 0.4019226 0.8114748 0.1852445 0.8049134 0.2137483 0.8088502 0.161532 0.8088502 0.161532 0.7651789 0.1523461 0.7651789 0.1490654 0.7651789 0.1523461 0.7563134 0.1645838 0.7651789 0.1490654 0.7651789 0.1490654 0.7563134 0.1645838 0.7542077 0.1645838 0.7542077 0.2035859 0.7542077 0.1645838 0.7563134 0.1645838 0.7563134 0.2035859 0.7542077 0.2035859 0.7563134 0.1645838 0.7651789 0.218616 0.7542077 0.2035859 0.7563134 0.2035859 0.7651789 0.218616 0.7563134 0.2035859 0.7651789 0.2153048 0.8049134 0.2137483 0.7651789 0.218616 0.7651789 0.2153048 0.81738 0.2059205 0.81738 0.1645838 0.8707713 0.2059205 0.81738 0.1645838 0.8707408 0.1645838 0.8707713 0.2059205 0.8744793 0.8841077 0.7506218 0.8841077 0.8744793 0.7718014 0.7506218 0.8841077 0.7506218 0.7718014 0.8744793 0.7718014 0.7973754 0.01033037 0.8130617 0.01033037 0.7875639 0.06788736 0.789517 0.01033037 0.7973754 0.01033037 0.789517 0.06788736 0.789517 0.06788736 0.7875639 0.06788736 0.7816739 0.01033037 0.789517 0.01033037 0.789517 0.06788736 0.7816739 0.01033037 0.7816739 0.01033037 0.7610742 0.06788736 0.7738308 0.01033037 0.7610742 0.06788736 0.7581292 0.01033037 0.7738308 0.01033037 0.7610742 0.06788736 0.7345846 0.01033037 0.742443 0.01033037 0.7610742 0.06788736 0.7502861 0.06788736 0.7581292 0.01033037 0.742443 0.01033037 0.7502861 0.01033037 0.7502861 0.06788736 0.7581292 0.01033037 0.7502861 0.06788736 0.7502861 0.01033037 0.750576 0.9991302 0.750576 0.8868238 0.8745251 0.9991302 0.750576 0.8868238 0.8745251 0.8868238 0.8745251 0.9991302 0.8114748 0.1852445 0.8096284 0.1617151 0.8048676 0.2151064 0.8048676 0.2151064 0.7651789 0.2153048 0.7651789 0.218616 0.7651789 0.2153048 0.7563134 0.2035859 0.7651789 0.218616 0.7651789 0.218616 0.7563134 0.2035859 0.7542077 0.2035859 0.7563134 0.1645838 0.7542077 0.2035859 0.7563134 0.2035859 0.7563134 0.1645838 0.7542077 0.1645838 0.7542077 0.2035859 0.7651789 0.1490654 0.7542077 0.1645838 0.7563134 0.1645838 0.7651789 0.1490654 0.7563134 0.1645838 0.7651789 0.1523461 0.8096284 0.1617151 0.7651789 0.1490654 0.7651789 0.1523461 0.81738 0.2059205 0.8707713 0.2059205 0.81738 0.1645838 0.8707713 0.2059205 0.8707408 0.1645838 0.81738 0.1645838 0.8771649 0.009719967 0.9341115 0.009719967 0.8771649 0.02865642 0.9341115 0.009719967 0.9910582 0.009719967 0.9910582 0.02865642 0.8771649 0.02865642 0.9910582 0.02865642 0.8771649 0.0538491 0.9910582 0.02865642 0.9910582 0.0538491 0.8771649 0.0538491 0.8771649 0.0538491 0.9910582 0.0538491 0.8771496 0.1075456 0.9910582 0.0538491 0.9910582 0.1075456 0.8771496 0.1075456 0.8091401 0.07556265 0.8091401 0.1072251 0.7973754 0.1072251 0.8091401 0.07556265 0.7973754 0.1072251 0.7973754 0.07556265 0.7973754 0.1072251 0.7816739 0.1072251 0.7973754 0.07556265 0.7973754 0.07556265 0.7816739 0.1072251 0.7816739 0.07556265 0.7816739 0.1072251 0.7699092 0.1072251 0.7816739 0.07556265 0.7816739 0.07556265 0.7699092 0.1072251 0.7699092 0.07556265 0.7699092 0.1072251 0.7581292 0.1072251 0.7699092 0.07556265 0.7699092 0.07556265 0.7581292 0.1072251 0.7581292 0.07556265 0.7581292 0.1072251 0.742443 0.1072251 0.7581292 0.07556265 0.7581292 0.07556265 0.742443 0.1072251 0.742443 0.07556265 0.742443 0.1072251 0.7319295 0.1072251 0.742443 0.07556265 0.742443 0.07556265 0.7319295 0.1072251 0.7319295 0.07556265 0.8395972 0.4132296 0.8395972 0.4331273 0.8340582 0.4331273 0.8340582 0.4132296 0.8395972 0.4132296 0.8340582 0.4331273 0.8440833 0.4101778 0.8395972 0.4132296 0.8340582 0.4132296 0.8440833 0.4101778 0.8340582 0.4132296 0.829572 0.4101778 0.827863 0.4052186 0.8440833 0.4101778 0.829572 0.4101778 0.827863 0.4052186 0.8457924 0.4052186 0.8440833 0.4101778 0.827863 0.4052186 0.8077363 0.3990692 0.8094453 0.39411 0.829572 0.4002594 0.827863 0.4052186 0.8094453 0.39411 0.829572 0.4002594 0.8457924 0.4052186 0.827863 0.4052186 0.8340582 0.3972076 0.8395972 0.3972076 0.829572 0.4002594 0.8395972 0.3972076 0.8440833 0.4002594 0.829572 0.4002594 0.829572 0.4002594 0.8440833 0.4002594 0.8457924 0.4052186 0.8440833 0.4002594 0.865919 0.3990692 0.8457924 0.4052186 0.8440833 0.4002594 0.8642099 0.39411 0.865919 0.3990692 0.8348669 0.4535439 0.8348669 0.4734264 0.8404059 0.4734264 0.8404059 0.4535439 0.8348669 0.4535439 0.8404059 0.4734264 0.8303807 0.4504768 0.8348669 0.4535439 0.8404059 0.4535439 0.844892 0.4504768 0.8303807 0.4504768 0.8404059 0.4535439 0.8286717 0.4455177 0.8303807 0.4504768 0.844892 0.4504768 0.8466011 0.4455177 0.8286717 0.4455177 0.844892 0.4504768 0.8466011 0.4455177 0.8667277 0.4393682 0.8650187 0.4344243 0.844892 0.4405738 0.8466011 0.4455177 0.8650187 0.4344243 0.8303807 0.4405738 0.8286717 0.4455177 0.8466011 0.4455177 0.844892 0.4405738 0.8303807 0.4405738 0.8466011 0.4455177 0.8303807 0.4405738 0.8085451 0.4393682 0.8286717 0.4455177 0.8303807 0.4405738 0.810254 0.4344243 0.8085451 0.4393682 0.8348669 0.4375067 0.8303807 0.4405738 0.844892 0.4405738 0.8404059 0.4375067 0.8348669 0.4375067 0.844892 0.4405738 0.6629587 0.2594186 0.6624247 0.2441138 0.8585336 0.2440985 0.6629587 0.2594186 0.8585336 0.2440985 0.8580148 0.2594033 0.663447 0.2692912 0.6629587 0.2594186 0.8580148 0.2594033 0.663447 0.2692912 0.8580148 0.2594033 0.8575265 0.269276 0.6631113 0.3044938 0.663447 0.2692912 0.8575265 0.269276 0.6631113 0.3044938 0.8575265 0.269276 0.8578622 0.3044785 0.6628062 0.3131456 0.6631113 0.3044938 0.8578622 0.3044785 0.6628062 0.3131456 0.8578622 0.3044785 0.8581674 0.3131304 0.662501 0.3346151 0.6628062 0.3131456 0.8581674 0.3131304 0.662501 0.3346151 0.8581674 0.3131304 0.8584726 0.3345999 0.6619974 0.3428855 0.662501 0.3346151 0.8584726 0.3345999 0.6619974 0.3428855 0.8584726 0.3345999 0.8589761 0.342855 0.6619974 0.3428855 0.8589761 0.342855 0.8456855 0.3593042 0.6750591 0.3593347 0.6619974 0.3428855 0.8456855 0.3593042 0.6750591 0.3593347 0.8456855 0.3593042 0.6931105 0.3665675 0.8456855 0.3593042 0.8285954 0.3665675 0.6931105 0.3665675 0.6931105 0.3665675 0.8285954 0.3665675 0.7215992 0.3685969 0.8285954 0.3665675 0.7611048 0.3689936 0.7215992 0.3685969 0.8285954 0.3665675 0.7984283 0.3686274 0.7611048 0.3689936 0.04119932 0.149752 0.04922556 0.138674 0.04922556 0.1471428 0.01809716 0.13608 0.04922556 0.138674 0.04119932 0.149752 0.04119932 0.1734035 0.01809716 0.13608 0.04119932 0.149752 0.01809716 0.1870756 0.01809716 0.13608 0.04119932 0.1734035 0.01809716 0.1870756 0.04119932 0.1734035 0.04922556 0.1844816 0.04119932 0.1734035 0.04922556 0.1760128 0.04922556 0.1844816 0.04119932 0.149752 0.04922556 0.1471428 0.04922556 0.138674 0.01809716 0.13608 0.04119932 0.149752 0.04922556 0.138674 0.04119932 0.1734035 0.04119932 0.149752 0.01809716 0.13608 0.01809716 0.1870756 0.04119932 0.1734035 0.01809716 0.13608 0.01809716 0.1870756 0.04922556 0.1844816 0.04119932 0.1734035 0.04922556 0.1844816 0.04922556 0.1760128 0.04119932 0.1734035 0.60412 0.1048753 0.60412 0.1117876 0.5758449 0.1048753 0.60412 0.1117876 0.5758449 0.1117876 0.5758449 0.1048753 0.5758449 0.1048753 0.5758449 0.1117876 0.569131 0.1117876 0.5758449 0.1048753 0.569131 0.1117876 0.569131 0.1048753 0.569131 0.1117876 0.559411 0.1048753 0.569131 0.1048753 0.569131 0.1117876 0.559411 0.1117876 0.559411 0.1048753 0.559411 0.1048753 0.559411 0.1117876 0.5439536 0.1117876 0.559411 0.1048753 0.5439536 0.1117876 0.5439536 0.1048753 0.5439536 0.1117876 0.5175097 0.1048753 0.5439536 0.1048753 0.5439536 0.1117876 0.5175097 0.1117876 0.5175097 0.1048753 0.5175097 0.1048753 0.5175097 0.1117876 0.4910658 0.1117876 0.5175097 0.1048753 0.4910658 0.1117876 0.4910658 0.1048753 0.4910658 0.1117876 0.4756237 0.1048753 0.4910658 0.1048753 0.4910658 0.1117876 0.4756237 0.1117876 0.4756237 0.1048753 0.4756237 0.1048753 0.4756237 0.1117876 0.4658885 0.1117876 0.4756237 0.1048753 0.4658885 0.1117876 0.4658885 0.1048753 0.4658885 0.1117876 0.4591745 0.1048753 0.4658885 0.1048753 0.4658885 0.1117876 0.4591745 0.1117876 0.4591745 0.1048753 0.4591745 0.1048753 0.4591745 0.1117876 0.4308995 0.1117876 0.4591745 0.1048753 0.4308995 0.1117876 0.4308995 0.1048753 0.7752956 0.3910429 0.7869688 0.3910429 0.7752956 0.4237888 0.7869688 0.3910429 0.7869688 0.4237888 0.7752956 0.4237888 0.7752956 0.4237888 0.7869688 0.4237888 0.7869688 0.4323644 0.7752956 0.4237888 0.7869688 0.4323644 0.7752956 0.4323644 0.7869688 0.4323644 0.7869688 0.4376593 0.7752956 0.4323644 0.7752956 0.4323644 0.7869688 0.4376593 0.7752956 0.4376593 0.7869688 0.4376593 0.7752956 0.4720836 0.7752956 0.4376593 0.7869688 0.4376593 0.7869688 0.4720836 0.7752956 0.4720836 0.791516 0.3910887 0.8031892 0.3910887 0.791516 0.4238193 0.8031892 0.3910887 0.8031892 0.4238193 0.791516 0.4238193 0.791516 0.4238193 0.8031892 0.4238193 0.8031892 0.4311131 0.791516 0.4238193 0.8031892 0.4311131 0.791516 0.4311131 0.8031892 0.4311131 0.8031892 0.4401312 0.791516 0.4311131 0.791516 0.4311131 0.8031892 0.4401312 0.791516 0.4401312 0.8031892 0.4401312 0.8031892 0.4474251 0.791516 0.4401312 0.791516 0.4401312 0.8031892 0.4474251 0.791516 0.4474251 0.8031892 0.4474251 0.791516 0.4801556 0.791516 0.4474251 0.8031892 0.4474251 0.8031892 0.4801556 0.791516 0.4801556 0.7716182 0.4716106 0.7599451 0.4716106 0.7716182 0.4371862 0.7599451 0.4716106 0.7599451 0.4371862 0.7716182 0.4371862 0.7716182 0.4371862 0.7599451 0.4371862 0.7599451 0.4318914 0.7716182 0.4371862 0.7599451 0.4318914 0.7716182 0.4318914 0.7599451 0.4318914 0.7599451 0.4233158 0.7716182 0.4318914 0.7716182 0.4318914 0.7599451 0.4233158 0.7716182 0.4233158 0.7599451 0.4233158 0.7716182 0.3905852 0.7716182 0.4233158 0.7599451 0.4233158 0.7599451 0.3905852 0.7716182 0.3905852 0.4694896 0.3182727 0.4647593 0.2716869 0.4257877 0.3122606 0.5689021 0.2705272 0.4647593 0.2716869 0.4694896 0.3182727 0.5534142 0.3467918 0.5689021 0.2705272 0.4694896 0.3182727 0.5534142 0.3467918 0.4694896 0.3182727 0.4694896 0.3496758 0.5761501 0.3014267 0.5689021 0.2705272 0.5534142 0.3467918 0.5761501 0.3014267 0.5534142 0.3467918 0.5833524 0.3100328 0.5534142 0.3467918 0.6352178 0.3405661 0.5833524 0.3100328 0.5534142 0.3467918 0.6427253 0.3467918 0.6352178 0.3405661 0.5833524 0.3100328 0.6352178 0.3405661 0.61944 0.3102617 0.6352178 0.3405661 0.6269321 0.3159991 0.61944 0.3102617 0.6352178 0.3405661 0.61944 0.3102617 0.6269321 0.3159991 0.5833524 0.3100328 0.61944 0.3102617 0.6352178 0.3405661 0.5833524 0.3100328 0.6352178 0.3405661 0.5534142 0.3467918 0.5534142 0.3467918 0.6352178 0.3405661 0.6427253 0.3467918 0.5761501 0.3014267 0.5833524 0.3100328 0.5534142 0.3467918 0.5761501 0.3014267 0.5534142 0.3467918 0.5689021 0.2705272 0.5534142 0.3467918 0.4694896 0.3182727 0.5689021 0.2705272 0.5534142 0.3467918 0.4694896 0.3496758 0.4694896 0.3182727 0.5689021 0.2705272 0.4694896 0.3182727 0.4647593 0.2716869 0.4694896 0.3182727 0.4257877 0.3122606 0.4647593 0.2716869 0.06605631 0.172549 0.06605631 0.1857176 0.08552682 0.1834287 0.08194094 0.172549 0.06605631 0.172549 0.08552682 0.1834287 0.08194094 0.172549 0.07608145 0.1679255 0.06605631 0.172549 0.06605631 0.172549 0.07608145 0.1679255 0.06605631 0.1679255 0.07608145 0.1679255 0.07611197 0.1499656 0.06605631 0.1679255 0.06605631 0.1679255 0.07611197 0.1499656 0.06605631 0.1499656 0.07611197 0.1499656 0.06605631 0.1457542 0.06605631 0.1499656 0.07611197 0.1499656 0.08200198 0.1457542 0.06605631 0.1457542 0.06605631 0.1457542 0.08200198 0.1457542 0.08561837 0.1359274 0.06605631 0.1457542 0.08561837 0.1359274 0.06605631 0.1324483 0.06605631 0.1857176 0.06605631 0.172549 0.08552682 0.1834287 0.06605631 0.172549 0.08194094 0.172549 0.08552682 0.1834287 0.06605631 0.172549 0.07608145 0.1679255 0.08194094 0.172549 0.06605631 0.172549 0.06605631 0.1679255 0.07608145 0.1679255 0.06605631 0.1679255 0.07611197 0.1499656 0.07608145 0.1679255 0.06605631 0.1679255 0.06605631 0.1499656 0.07611197 0.1499656 0.06605631 0.1499656 0.06605631 0.1457542 0.07611197 0.1499656 0.07611197 0.1499656 0.06605631 0.1457542 0.08200198 0.1457542 0.06605631 0.1457542 0.08561837 0.1359274 0.08200198 0.1457542 0.06605631 0.1457542 0.06605631 0.1324483 0.08561837 0.1359274 0.01507586 0.3426871 0.01507586 0.3152667 0.03031963 0.3152667 0.01507586 0.3426871 0.03031963 0.3152667 0.03031963 0.3426871 0.01507586 0.3653773 0.01507586 0.3426871 0.03031963 0.3426871 0.03031963 0.3426871 0.03031963 0.3152667 0.05786216 0.3152667 0.03031963 0.3653773 0.01507586 0.3653773 0.03031963 0.3426871 0.05786216 0.3426871 0.03031963 0.3426871 0.05786216 0.3152667 0.03031963 0.3653773 0.03031963 0.4040741 0.01507586 0.3653773 0.01507586 0.4040741 0.01507586 0.3653773 0.03031963 0.4040741 0.01507586 0.4205081 0.01507586 0.4040741 0.03031963 0.4040741 0.05786216 0.3653773 0.03031963 0.3653773 0.03031963 0.3426871 0.05786216 0.3426871 0.05786216 0.3653773 0.03031963 0.3426871 0.03031963 0.4205081 0.01507586 0.4205081 0.03031963 0.4040741 0.03031963 0.4205081 0.01516747 0.4357977 0.01507586 0.4205081 0.05786216 0.4040741 0.03031963 0.4040741 0.03031963 0.3653773 0.03031963 0.4205081 0.03031963 0.4040741 0.05786216 0.4040741 0.05786216 0.3653773 0.05786216 0.4040741 0.03031963 0.3653773 0.03031963 0.4366064 0.01516747 0.4357977 0.03031963 0.4205081 0.03031963 0.4366064 0.01507586 0.4594797 0.01516747 0.4357977 0.03031963 0.4594797 0.01507586 0.4594797 0.03031963 0.4366064 0.05786216 0.4205081 0.03031963 0.4366064 0.03031963 0.4205081 0.05786216 0.4205081 0.03031963 0.4205081 0.05786216 0.4040741 0.05786216 0.4366064 0.03031963 0.4594797 0.03031963 0.4366064 0.05786216 0.4366064 0.03031963 0.4366064 0.05786216 0.4205081 0.05786216 0.4366064 0.05786216 0.4594797 0.03031963 0.4594797 0.07884335 0.4594797 0.05786216 0.4594797 0.05786216 0.4366064 0.07884335 0.4366064 0.05786216 0.4366064 0.05786216 0.4205081 0.07884335 0.4594797 0.05786216 0.4366064 0.07884335 0.4366064 0.07884335 0.4205081 0.05786216 0.4205081 0.05786216 0.4040741 0.07884335 0.4366064 0.05786216 0.4205081 0.07884335 0.4205081 0.07884335 0.4594797 0.07884335 0.4366064 0.1136034 0.4366064 0.1136034 0.4594797 0.07884335 0.4594797 0.1136034 0.4366064 0.1136034 0.4594797 0.1136034 0.4366064 0.1345846 0.4594797 0.07884335 0.4366064 0.07884335 0.4205081 0.1136034 0.4040741 0.1136034 0.4366064 0.07884335 0.4366064 0.1136034 0.4040741 0.07884335 0.4205081 0.05786216 0.4040741 0.07884335 0.4040741 0.1136034 0.4040741 0.07884335 0.4205081 0.07884335 0.4040741 0.1136034 0.4366064 0.1345846 0.4366064 0.1345846 0.4594797 0.1345846 0.4594797 0.1345846 0.4366064 0.1790951 0.4594797 0.1136034 0.4366064 0.1136034 0.4040741 0.1345846 0.4040741 0.1136034 0.4366064 0.1345846 0.4040741 0.1345846 0.4366064 0.1345846 0.4366064 0.1790951 0.4366064 0.1790951 0.4594797 0.1345846 0.4040741 0.1790951 0.4366064 0.1345846 0.4366064 0.1790951 0.4594797 0.1790951 0.4366064 0.2218814 0.4366064 0.1790951 0.4594797 0.2218814 0.4366064 0.2218814 0.4594797 0.1345846 0.4040741 0.1790951 0.4040741 0.1790951 0.4366064 0.2218814 0.4366064 0.2458076 0.4366064 0.2218814 0.4594797 0.2218814 0.4594797 0.2458076 0.4366064 0.2442054 0.4594797 0.1790951 0.4366064 0.2218814 0.4040741 0.2218814 0.4366064 0.2218814 0.4366064 0.2218814 0.4040741 0.2458076 0.4366064 0.1790951 0.4366064 0.1790951 0.4040741 0.2218814 0.4040741 0.2442054 0.4594797 0.2458076 0.4366064 0.2793469 0.4594797 0.1345846 0.4040741 0.1345846 0.3653773 0.1790951 0.4040741 0.1136034 0.4040741 0.1345846 0.3653773 0.1345846 0.4040741 0.2793469 0.4594797 0.2458076 0.4366064 0.2793469 0.4366064 0.1136034 0.4040741 0.1136034 0.3653773 0.1345846 0.3653773 0.1136034 0.4040741 0.07884335 0.4040741 0.1136034 0.3653773 0.2793469 0.4594797 0.2793469 0.4366064 0.3003128 0.4366064 0.2793469 0.4594797 0.3003128 0.4366064 0.3003128 0.4594797 0.3003128 0.4594797 0.3003128 0.4366064 0.3278706 0.4594797 0.3003128 0.4366064 0.3278706 0.4366064 0.3278706 0.4594797 0.3278706 0.4594797 0.3278706 0.4366064 0.3430991 0.4594797 0.3278706 0.4366064 0.3430228 0.4357977 0.3430991 0.4594797 0.3003128 0.4366064 0.3003128 0.4205081 0.3278706 0.4366064 0.2793469 0.4366064 0.3003128 0.4205081 0.3003128 0.4366064 0.3278706 0.4366064 0.3278706 0.4205081 0.3430228 0.4357977 0.3003128 0.4205081 0.3278706 0.4205081 0.3278706 0.4366064 0.3430228 0.4357977 0.3278706 0.4205081 0.3430991 0.4205081 0.2793469 0.4366064 0.2793469 0.4205081 0.3003128 0.4205081 0.3430991 0.4205081 0.3278706 0.4205081 0.3278706 0.4040741 0.3430991 0.4205081 0.3278706 0.4040741 0.3430991 0.4040741 0.3278706 0.4040741 0.3430991 0.3653773 0.3430991 0.4040741 0.3003128 0.4205081 0.3003128 0.4040741 0.3278706 0.4205081 0.3003128 0.4040741 0.3278706 0.4040741 0.3278706 0.4205081 0.2793469 0.4205081 0.3003128 0.4040741 0.3003128 0.4205081 0.3278706 0.4040741 0.3278706 0.3653773 0.3430991 0.3653773 0.3003128 0.4040741 0.3278706 0.3653773 0.3278706 0.4040741 0.3278706 0.3426871 0.3430991 0.3653773 0.3278706 0.3653773 0.3278706 0.3426871 0.3430991 0.3426871 0.3430991 0.3653773 0.3278706 0.3152667 0.3430991 0.3152667 0.3430991 0.3426871 0.3278706 0.3152667 0.3430991 0.3426871 0.3278706 0.3426871 0.3003128 0.3152667 0.3278706 0.3152667 0.3278706 0.3426871 0.3003128 0.3653773 0.3278706 0.3426871 0.3278706 0.3653773 0.3003128 0.3653773 0.3278706 0.3653773 0.3003128 0.4040741 0.3003128 0.3152667 0.3278706 0.3426871 0.3003128 0.3426871 0.3003128 0.3426871 0.3278706 0.3426871 0.3003128 0.3653773 0.2793469 0.3426871 0.3003128 0.3152667 0.3003128 0.3426871 0.2793469 0.3152667 0.3003128 0.3152667 0.2793469 0.3426871 0.2793469 0.3653773 0.3003128 0.3426871 0.3003128 0.3653773 0.2793469 0.3653773 0.3003128 0.3653773 0.3003128 0.4040741 0.2793469 0.3653773 0.2793469 0.3426871 0.3003128 0.3426871 0.2793469 0.4040741 0.2793469 0.3653773 0.3003128 0.4040741 0.2793469 0.4205081 0.2793469 0.4040741 0.3003128 0.4040741 0.2442054 0.3653773 0.2793469 0.3426871 0.2793469 0.3653773 0.2793469 0.4040741 0.2442054 0.3653773 0.2793469 0.3653773 0.2793469 0.3152667 0.2793469 0.3426871 0.2442054 0.3426871 0.2442054 0.3426871 0.2793469 0.3426871 0.2442054 0.3653773 0.2442054 0.3152667 0.2793469 0.3152667 0.2442054 0.3426871 0.2218814 0.3152667 0.2442054 0.3152667 0.2442054 0.3426871 0.2442054 0.4040741 0.2793469 0.4040741 0.2793469 0.4205081 0.2442054 0.4040741 0.2442054 0.3653773 0.2793469 0.4040741 0.2793469 0.4366064 0.2442054 0.4040741 0.2793469 0.4205081 0.2458076 0.4366064 0.2442054 0.4040741 0.2793469 0.4366064 0.2218814 0.4040741 0.2442054 0.4040741 0.2458076 0.4366064 0.2218814 0.3426871 0.2218814 0.3152667 0.2442054 0.3426871 0.2218814 0.3426871 0.2442054 0.3426871 0.2442054 0.3653773 0.1790951 0.3152667 0.2218814 0.3152667 0.2218814 0.3426871 0.2218814 0.3653773 0.2442054 0.3653773 0.2442054 0.4040741 0.2218814 0.4040741 0.2218814 0.3653773 0.2442054 0.4040741 0.2218814 0.3426871 0.2442054 0.3653773 0.2218814 0.3653773 0.1790951 0.4040741 0.2218814 0.3653773 0.2218814 0.4040741 0.1790951 0.3426871 0.1790951 0.3152667 0.2218814 0.3426871 0.1790951 0.3426871 0.2218814 0.3426871 0.2218814 0.3653773 0.1790951 0.4040741 0.1790951 0.3653773 0.2218814 0.3653773 0.1790951 0.3653773 0.1790951 0.3426871 0.2218814 0.3653773 0.1790951 0.4040741 0.1345846 0.3653773 0.1790951 0.3653773 0.1790951 0.3653773 0.1345846 0.3653773 0.1790951 0.3426871 0.1790951 0.3426871 0.1345846 0.3426871 0.1790951 0.3152667 0.1345846 0.3653773 0.1345846 0.3426871 0.1790951 0.3426871 0.1345846 0.3426871 0.1345846 0.3152667 0.1790951 0.3152667 0.1136034 0.3653773 0.1345846 0.3426871 0.1345846 0.3653773 0.1345846 0.3426871 0.1136034 0.3426871 0.1345846 0.3152667 0.1136034 0.3653773 0.1136034 0.3426871 0.1345846 0.3426871 0.1345846 0.3152667 0.1136034 0.3426871 0.1136034 0.3152667 0.1136034 0.3426871 0.07884335 0.3152667 0.1136034 0.3152667 0.1136034 0.3426871 0.07884335 0.3426871 0.07884335 0.3152667 0.1136034 0.3653773 0.07884335 0.3426871 0.1136034 0.3426871 0.05786216 0.3152667 0.07884335 0.3152667 0.07884335 0.3426871 0.05786216 0.3426871 0.05786216 0.3152667 0.07884335 0.3426871 0.07884335 0.3653773 0.07884335 0.3426871 0.1136034 0.3653773 0.07884335 0.3653773 0.05786216 0.3426871 0.07884335 0.3426871 0.07884335 0.4040741 0.07884335 0.3653773 0.1136034 0.3653773 0.07884335 0.3653773 0.05786216 0.3653773 0.05786216 0.3426871 0.07884335 0.4040741 0.05786216 0.4040741 0.07884335 0.3653773 0.07884335 0.3653773 0.05786216 0.4040741 0.05786216 0.3653773 0.05708396 0.9935454 0.03874266 0.9384756 0.03874266 0.9935454 0.05708396 0.9935454 0.05891507 0.9384756 0.03874266 0.9384756 0.09710842 0.9935454 0.05891507 0.9384756 0.05708396 0.9935454 0.03874266 0.9384756 0.05891507 0.9384756 0.03874266 0.9186236 0.09710842 0.9935454 0.09710842 0.9348745 0.05891507 0.9384756 0.1447318 0.9935454 0.09710842 0.9348745 0.09710842 0.9935454 0.05891507 0.9384756 0.05891507 0.9199817 0.03874266 0.9186236 0.05891507 0.9384756 0.09710842 0.9348745 0.05891507 0.9199817 0.1465629 0.9304341 0.09710842 0.9348745 0.1447318 0.9935454 0.1465629 0.9304341 0.1447318 0.9935454 0.2073701 0.9935454 0.09710842 0.9199817 0.05891507 0.9199817 0.09710842 0.9348745 0.1465629 0.9304341 0.09710842 0.9199817 0.09710842 0.9348745 0.2450599 0.9350118 0.2073701 0.9935454 0.2413977 0.9935454 0.2073548 0.9168994 0.2073701 0.9935454 0.2450599 0.9350118 0.2073548 0.9168994 0.1465629 0.9304341 0.2073701 0.9935454 0.2536812 0.9015641 0.2073548 0.9168994 0.2450599 0.9350118 0.1474784 0.9159533 0.09710842 0.9199817 0.1465629 0.9304341 0.1474784 0.9159533 0.1465629 0.9304341 0.2073548 0.9168994 0.2073243 0.9064622 0.2073548 0.9168994 0.2536812 0.9015641 0.2073243 0.9064622 0.1474784 0.9159533 0.2073548 0.9168994 0.2659495 0.8801709 0.2073243 0.9064622 0.2536812 0.9015641 0.1474784 0.9159533 0.09710842 0.8943618 0.09710842 0.9199817 0.09710842 0.8943618 0.05891507 0.9199817 0.09710842 0.9199817 0.2073243 0.9064622 0.1502251 0.8899214 0.1474784 0.9159533 0.1502251 0.8899214 0.09710842 0.8943618 0.1474784 0.9159533 0.2659495 0.8801709 0.2073243 0.884184 0.2073243 0.9064622 0.2073243 0.884184 0.1502251 0.8899214 0.2073243 0.9064622 0.2654612 0.8641642 0.2073243 0.884184 0.2659495 0.8801709 0.2774701 0.868513 0.2654612 0.8641642 0.2659495 0.8801709 0.2774701 0.868513 0.2839399 0.8641642 0.2654612 0.8641642 0.2073243 0.8559548 0.1502251 0.8899214 0.2073243 0.884184 0.2654612 0.8641642 0.2073243 0.8559548 0.2073243 0.884184 0.2839399 0.8641642 0.2627756 0.8399329 0.2654612 0.8641642 0.2654612 0.8641642 0.2627756 0.8399329 0.2073243 0.8559548 0.2073243 0.8559548 0.1502556 0.8511482 0.1502251 0.8899214 0.1502251 0.8899214 0.1502556 0.8511482 0.09710842 0.8943618 0.2627756 0.8399329 0.2073243 0.8269627 0.2073243 0.8559548 0.2073243 0.8559548 0.2073243 0.8269627 0.1502556 0.8511482 0.2839399 0.8641642 0.3737545 0.84654 0.2627756 0.8399329 0.2839399 0.8641642 0.3737545 0.8653849 0.3737545 0.84654 0.2627756 0.8399329 0.2627756 0.8214999 0.2073243 0.8269627 0.2627756 0.8399329 0.373724 0.8280613 0.2627756 0.8214999 0.3737545 0.84654 0.373724 0.8280613 0.2627756 0.8399329 0.2627756 0.8214999 0.2073243 0.8110781 0.2073243 0.8269627 0.3737545 0.84654 0.475227 0.8305944 0.373724 0.8280613 0.2073243 0.8110781 0.1501946 0.7988861 0.2073243 0.8269627 0.3737545 0.84654 0.3737545 0.8653849 0.475227 0.8484016 0.3737545 0.84654 0.475227 0.8484016 0.475227 0.8305944 0.3737545 0.8653849 0.475227 0.8678416 0.475227 0.8484016 0.1501946 0.7988861 0.1502251 0.8154269 0.2073243 0.8269627 0.2073243 0.8269627 0.1502251 0.8154269 0.1502556 0.8511482 0.1501946 0.7988861 0.09710842 0.7951324 0.1502251 0.8154269 0.09710842 0.7951324 0.09710842 0.8122072 0.1502251 0.8154269 0.1502251 0.8154269 0.09710842 0.8122072 0.1502556 0.8511482 0.09710842 0.7951324 0.05679404 0.7945373 0.09710842 0.8122072 0.1502556 0.8511482 0.09710842 0.8122072 0.09710842 0.8511482 0.1502556 0.8511482 0.09710842 0.8511482 0.09710842 0.8943618 0.05679404 0.7945373 0.0561074 0.8117952 0.09710842 0.8122072 0.09710842 0.8122072 0.0561074 0.8117952 0.09710842 0.8511482 0.05679404 0.7945373 0.04080259 0.7951629 0.03604179 0.8131227 0.05679404 0.7945373 0.03604179 0.8131227 0.0561074 0.8117952 0.03604179 0.8131227 0.03308153 0.8511482 0.0561074 0.8117952 0.0561074 0.8117952 0.05578696 0.8511482 0.09710842 0.8511482 0.0561074 0.8117952 0.03308153 0.8511482 0.05578696 0.8511482 0.05578696 0.8511482 0.05625998 0.8941939 0.09710842 0.8511482 0.05578696 0.8511482 0.03308153 0.8511482 0.05625998 0.8941939 0.09710842 0.8943618 0.09710842 0.8511482 0.05625998 0.8941939 0.05625998 0.8941939 0.03308153 0.8511482 0.03468376 0.8919356 0.09710842 0.8943618 0.05625998 0.8941939 0.05891507 0.9199817 0.03874266 0.9186236 0.05625998 0.8941939 0.03468376 0.8919356 0.03874266 0.9186236 0.05891507 0.9199817 0.05625998 0.8941939 0.475227 0.8484016 0.475227 0.8678416 0.5123064 0.8623331 0.475227 0.8678416 0.5123064 0.8812238 0.5123064 0.8623331 0.475227 0.8484016 0.5123064 0.8623331 0.5123064 0.8397345 0.475227 0.8484016 0.5123064 0.8397345 0.475227 0.8305944 0.475227 0.8305944 0.5123064 0.8397345 0.5123064 0.8200656 0.5123064 0.8623331 0.5123064 0.8812238 0.5533227 0.8623331 0.5123064 0.8623331 0.5533227 0.8623331 0.5123064 0.8397345 0.5123064 0.8397345 0.5533227 0.8355688 0.5123064 0.8200656 0.5123064 0.8397345 0.5533227 0.8623331 0.5533227 0.8355688 0.5123064 0.8200656 0.5533227 0.8355688 0.5533227 0.8139315 0.5123064 0.8812238 0.5533227 0.8873579 0.5533227 0.8623331 0.5123064 0.8812238 0.525124 0.8917983 0.5533227 0.8873579 0.5533227 0.8623331 0.5999695 0.8623331 0.5533227 0.8355688 0.5533227 0.8623331 0.5533227 0.8873579 0.5999695 0.8623331 0.5533227 0.8355688 0.5999695 0.8328679 0.5533227 0.8139315 0.5533227 0.8355688 0.5999695 0.8623331 0.5999695 0.8328679 0.5533227 0.8139315 0.5999695 0.8328679 0.5999695 0.8113527 0.5999695 0.8328679 0.6524758 0.8311132 0.5999695 0.8113527 0.5999695 0.8113527 0.6524758 0.8311132 0.6524758 0.8102999 0.6524758 0.8102999 0.6995651 0.8311132 0.6942703 0.8116426 0.6524758 0.8311132 0.6995651 0.8311132 0.6524758 0.8102999 0.5999695 0.8328679 0.6524758 0.8623331 0.6524758 0.8311132 0.6524758 0.8311132 0.6524758 0.8623331 0.6995651 0.8311132 0.5999695 0.8328679 0.5999695 0.8623331 0.6524758 0.8623331 0.6995651 0.8311132 0.6524758 0.8623331 0.7031662 0.8623331 0.6524758 0.8623331 0.6984054 0.8939193 0.7031662 0.8623331 0.6524758 0.8623331 0.6475929 0.8939193 0.6984054 0.8939193 0.6524758 0.8623331 0.5999695 0.8623331 0.6475929 0.8939193 0.6984054 0.8939193 0.6475929 0.8939193 0.6950332 0.9093462 0.5999695 0.8623331 0.5999695 0.8929732 0.6475929 0.8939193 0.5533227 0.8873579 0.5999695 0.8929732 0.5999695 0.8623331 0.6950332 0.9093462 0.6475929 0.8939193 0.6417792 0.9093462 0.5999695 0.8929732 0.6417792 0.9093462 0.6475929 0.8939193 0.6950332 0.9093462 0.6417792 0.9093462 0.6878309 0.9185016 0.5533227 0.8873579 0.5766537 0.9036698 0.5999695 0.8929732 0.5766537 0.9036698 0.6417792 0.9093462 0.5999695 0.8929732 0.5533227 0.8873579 0.525124 0.8917983 0.5766537 0.9036698 0.6417792 0.9093462 0.637705 0.9180133 0.6878309 0.9185016 0.5766537 0.9036698 0.637705 0.9180133 0.6417792 0.9093462 0.525124 0.8917983 0.5766537 0.9134356 0.5766537 0.9036698 0.5766537 0.9134356 0.637705 0.9180133 0.5766537 0.9036698 0.525124 0.8917983 0.5330434 0.9097124 0.5766537 0.9134356 0.5330434 0.9097124 0.538674 0.9494163 0.5766537 0.9134356 0.538674 0.9494163 0.5766537 0.9494163 0.5766537 0.9134356 0.5766537 0.9134356 0.5766537 0.9494163 0.637705 0.9180133 0.538674 0.9494163 0.5398947 0.9935454 0.5766537 0.9494163 0.5398947 0.9935454 0.5766537 0.9935454 0.5766537 0.9494163 0.5766537 0.9494163 0.637705 0.9494163 0.637705 0.9180133 0.5766537 0.9935454 0.637705 0.9494163 0.5766537 0.9494163 0.637705 0.9494163 0.6878309 0.9185016 0.637705 0.9180133 0.5766537 0.9935454 0.637705 0.9935454 0.637705 0.9494163 0.637705 0.9494163 0.6878309 0.9494163 0.6878309 0.9185016 0.637705 0.9494163 0.637705 0.9935454 0.6878309 0.9494163 0.637705 0.9935454 0.6878309 0.9935454 0.6878309 0.9494163 0.05708396 0.9935454 0.03874266 0.9935454 0.03874266 0.9384756 0.05891507 0.9384756 0.05708396 0.9935454 0.03874266 0.9384756 0.09710842 0.9935454 0.05708396 0.9935454 0.05891507 0.9384756 0.05891507 0.9384756 0.03874266 0.9384756 0.03874266 0.9186236 0.09710842 0.9348745 0.09710842 0.9935454 0.05891507 0.9384756 0.1447318 0.9935454 0.09710842 0.9935454 0.09710842 0.9348745 0.05891507 0.9384756 0.03874266 0.9186236 0.05891507 0.9199817 0.09710842 0.9348745 0.05891507 0.9384756 0.05891507 0.9199817 0.1465629 0.9304341 0.1447318 0.9935454 0.09710842 0.9348745 0.2073701 0.9935454 0.1447318 0.9935454 0.1465629 0.9304341 0.09710842 0.9199817 0.09710842 0.9348745 0.05891507 0.9199817 0.1465629 0.9304341 0.09710842 0.9348745 0.09710842 0.9199817 0.2450599 0.9350118 0.2413977 0.9935454 0.2073701 0.9935454 0.2450599 0.9350118 0.2073701 0.9935454 0.2073548 0.9168994 0.2073548 0.9168994 0.2073701 0.9935454 0.1465629 0.9304341 0.2536812 0.9015641 0.2450599 0.9350118 0.2073548 0.9168994 0.1474784 0.9159533 0.1465629 0.9304341 0.09710842 0.9199817 0.2073548 0.9168994 0.1465629 0.9304341 0.1474784 0.9159533 0.2536812 0.9015641 0.2073548 0.9168994 0.2073243 0.9064622 0.2073243 0.9064622 0.2073548 0.9168994 0.1474784 0.9159533 0.2659495 0.8801709 0.2536812 0.9015641 0.2073243 0.9064622 0.1474784 0.9159533 0.09710842 0.9199817 0.09710842 0.8943618 0.09710842 0.9199817 0.05891507 0.9199817 0.09710842 0.8943618 0.2073243 0.9064622 0.1474784 0.9159533 0.1502251 0.8899214 0.1502251 0.8899214 0.1474784 0.9159533 0.09710842 0.8943618 0.2659495 0.8801709 0.2073243 0.9064622 0.2073243 0.884184 0.2073243 0.884184 0.2073243 0.9064622 0.1502251 0.8899214 0.2654612 0.8641642 0.2659495 0.8801709 0.2073243 0.884184 0.2774701 0.868513 0.2659495 0.8801709 0.2654612 0.8641642 0.2774701 0.868513 0.2654612 0.8641642 0.2839399 0.8641642 0.2073243 0.884184 0.1502251 0.8899214 0.2073243 0.8559548 0.2654612 0.8641642 0.2073243 0.884184 0.2073243 0.8559548 0.2654612 0.8641642 0.2627756 0.8399329 0.2839399 0.8641642 0.2654612 0.8641642 0.2073243 0.8559548 0.2627756 0.8399329 0.2073243 0.8559548 0.1502251 0.8899214 0.1502556 0.8511482 0.1502251 0.8899214 0.09710842 0.8943618 0.1502556 0.8511482 0.2073243 0.8559548 0.2073243 0.8269627 0.2627756 0.8399329 0.2073243 0.8559548 0.1502556 0.8511482 0.2073243 0.8269627 0.2839399 0.8641642 0.2627756 0.8399329 0.3737545 0.84654 0.2839399 0.8641642 0.3737545 0.84654 0.3737545 0.8653849 0.2627756 0.8399329 0.373724 0.8280613 0.3737545 0.84654 0.2627756 0.8399329 0.2627756 0.8214999 0.373724 0.8280613 0.2627756 0.8399329 0.2073243 0.8269627 0.2627756 0.8214999 0.3737545 0.84654 0.373724 0.8280613 0.475227 0.8305944 0.2627756 0.8214999 0.2073243 0.8269627 0.2073243 0.8110781 0.2073243 0.8110781 0.2073243 0.8269627 0.1501946 0.7988861 0.3737545 0.84654 0.475227 0.8484016 0.3737545 0.8653849 0.3737545 0.84654 0.475227 0.8305944 0.475227 0.8484016 0.3737545 0.8653849 0.475227 0.8484016 0.475227 0.8678416 0.2073243 0.8269627 0.1502251 0.8154269 0.1501946 0.7988861 0.2073243 0.8269627 0.1502556 0.8511482 0.1502251 0.8154269 0.1501946 0.7988861 0.1502251 0.8154269 0.09710842 0.7951324 0.1502251 0.8154269 0.09710842 0.8122072 0.09710842 0.7951324 0.1502556 0.8511482 0.09710842 0.8122072 0.1502251 0.8154269 0.09710842 0.7951324 0.09710842 0.8122072 0.05679404 0.7945373 0.1502556 0.8511482 0.09710842 0.8511482 0.09710842 0.8122072 0.09710842 0.8943618 0.09710842 0.8511482 0.1502556 0.8511482 0.09710842 0.8122072 0.0561074 0.8117952 0.05679404 0.7945373 0.09710842 0.8511482 0.0561074 0.8117952 0.09710842 0.8122072 0.05679404 0.7945373 0.03604179 0.8131227 0.04080259 0.7951629 0.05679404 0.7945373 0.0561074 0.8117952 0.03604179 0.8131227 0.0561074 0.8117952 0.03308153 0.8511482 0.03604179 0.8131227 0.09710842 0.8511482 0.05578696 0.8511482 0.0561074 0.8117952 0.0561074 0.8117952 0.05578696 0.8511482 0.03308153 0.8511482 0.09710842 0.8943618 0.05625998 0.8941939 0.09710842 0.8511482 0.09710842 0.8511482 0.05625998 0.8941939 0.05578696 0.8511482 0.05578696 0.8511482 0.05625998 0.8941939 0.03308153 0.8511482 0.09710842 0.8943618 0.05891507 0.9199817 0.05625998 0.8941939 0.03468376 0.8919356 0.03308153 0.8511482 0.05625998 0.8941939 0.03874266 0.9186236 0.05625998 0.8941939 0.05891507 0.9199817 0.03874266 0.9186236 0.03468376 0.8919356 0.05625998 0.8941939 0.475227 0.8484016 0.5123064 0.8623331 0.475227 0.8678416 0.475227 0.8678416 0.5123064 0.8623331 0.5123064 0.8812238 0.475227 0.8484016 0.5123064 0.8397345 0.5123064 0.8623331 0.475227 0.8484016 0.475227 0.8305944 0.5123064 0.8397345 0.475227 0.8305944 0.5123064 0.8200656 0.5123064 0.8397345 0.5123064 0.8623331 0.5533227 0.8623331 0.5123064 0.8812238 0.5123064 0.8397345 0.5533227 0.8623331 0.5123064 0.8623331 0.5123064 0.8397345 0.5123064 0.8200656 0.5533227 0.8355688 0.5123064 0.8397345 0.5533227 0.8355688 0.5533227 0.8623331 0.5123064 0.8200656 0.5533227 0.8139315 0.5533227 0.8355688 0.5123064 0.8812238 0.5533227 0.8623331 0.5533227 0.8873579 0.5123064 0.8812238 0.5533227 0.8873579 0.525124 0.8917983 0.5533227 0.8623331 0.5533227 0.8355688 0.5999695 0.8623331 0.5533227 0.8623331 0.5999695 0.8623331 0.5533227 0.8873579 0.5533227 0.8139315 0.5999695 0.8328679 0.5533227 0.8355688 0.5999695 0.8328679 0.5999695 0.8623331 0.5533227 0.8355688 0.5533227 0.8139315 0.5999695 0.8113527 0.5999695 0.8328679 0.5999695 0.8113527 0.6524758 0.8311132 0.5999695 0.8328679 0.5999695 0.8113527 0.6524758 0.8102999 0.6524758 0.8311132 0.6524758 0.8102999 0.6942703 0.8116426 0.6995651 0.8311132 0.6524758 0.8102999 0.6995651 0.8311132 0.6524758 0.8311132 0.5999695 0.8328679 0.6524758 0.8311132 0.6524758 0.8623331 0.6524758 0.8311132 0.6995651 0.8311132 0.6524758 0.8623331 0.5999695 0.8328679 0.6524758 0.8623331 0.5999695 0.8623331 0.6995651 0.8311132 0.7031662 0.8623331 0.6524758 0.8623331 0.7031662 0.8623331 0.6984054 0.8939193 0.6524758 0.8623331 0.6524758 0.8623331 0.6984054 0.8939193 0.6475929 0.8939193 0.6524758 0.8623331 0.6475929 0.8939193 0.5999695 0.8623331 0.6984054 0.8939193 0.6950332 0.9093462 0.6475929 0.8939193 0.6475929 0.8939193 0.5999695 0.8929732 0.5999695 0.8623331 0.5999695 0.8623331 0.5999695 0.8929732 0.5533227 0.8873579 0.6475929 0.8939193 0.6950332 0.9093462 0.6417792 0.9093462 0.6475929 0.8939193 0.6417792 0.9093462 0.5999695 0.8929732 0.6950332 0.9093462 0.6878309 0.9185016 0.6417792 0.9093462 0.5999695 0.8929732 0.5766537 0.9036698 0.5533227 0.8873579 0.5999695 0.8929732 0.6417792 0.9093462 0.5766537 0.9036698 0.5533227 0.8873579 0.5766537 0.9036698 0.525124 0.8917983 0.6417792 0.9093462 0.6878309 0.9185016 0.637705 0.9180133 0.6417792 0.9093462 0.637705 0.9180133 0.5766537 0.9036698 0.5766537 0.9036698 0.5766537 0.9134356 0.525124 0.8917983 0.5766537 0.9036698 0.637705 0.9180133 0.5766537 0.9134356 0.525124 0.8917983 0.5766537 0.9134356 0.5330434 0.9097124 0.5766537 0.9134356 0.538674 0.9494163 0.5330434 0.9097124 0.5766537 0.9134356 0.5766537 0.9494163 0.538674 0.9494163 0.637705 0.9180133 0.5766537 0.9494163 0.5766537 0.9134356 0.5766537 0.9494163 0.5398947 0.9935454 0.538674 0.9494163 0.5766537 0.9494163 0.5766537 0.9935454 0.5398947 0.9935454 0.637705 0.9180133 0.637705 0.9494163 0.5766537 0.9494163 0.637705 0.9494163 0.5766537 0.9935454 0.5766537 0.9494163 0.6878309 0.9185016 0.637705 0.9494163 0.637705 0.9180133 0.637705 0.9494163 0.637705 0.9935454 0.5766537 0.9935454 0.6878309 0.9185016 0.6878309 0.9494163 0.637705 0.9494163 0.637705 0.9494163 0.6878309 0.9494163 0.637705 0.9935454 0.6878309 0.9494163 0.6878309 0.9935454 0.637705 0.9935454 0.6390326 0.2638896 0.6390326 0.2721447 0.6364538 0.2721447 0.6390326 0.2638896 0.6364538 0.2721447 0.6364538 0.2638896 0.6390326 0.2556344 0.6390326 0.2638896 0.6364538 0.2638896 0.6364538 0.2638896 0.6364538 0.2721447 0.633875 0.2721447 0.6390326 0.2556344 0.6364538 0.2638896 0.6364538 0.2556344 0.6390326 0.2473792 0.6390326 0.2556344 0.6364538 0.2556344 0.6364538 0.2638896 0.633875 0.2721447 0.633875 0.2638896 0.6364538 0.2556344 0.6364538 0.2638896 0.633875 0.2638896 0.633875 0.2638896 0.633875 0.2721447 0.6312963 0.2721447 0.6390326 0.2473792 0.6364538 0.2556344 0.6364538 0.2473792 0.6390326 0.2391241 0.6390326 0.2473792 0.6364538 0.2473792 0.6364538 0.2556344 0.633875 0.2638896 0.633875 0.2556344 0.6364538 0.2473792 0.6364538 0.2556344 0.633875 0.2556344 0.633875 0.2638896 0.6312963 0.2721447 0.6312963 0.2638896 0.633875 0.2556344 0.633875 0.2638896 0.6312963 0.2638896 0.6312963 0.2638896 0.6312963 0.2721447 0.6287175 0.2721447 0.6390326 0.2391241 0.6364538 0.2473792 0.6364538 0.2391241 0.6390326 0.2308689 0.6390326 0.2391241 0.6364538 0.2391241 0.6390326 0.2308689 0.6364538 0.2391241 0.6364538 0.2308689 0.6364538 0.2473792 0.633875 0.2556344 0.633875 0.2473792 0.6364538 0.2391241 0.6364538 0.2473792 0.633875 0.2473792 0.6364538 0.2391241 0.633875 0.2391241 0.6364538 0.2308689 0.6364538 0.2391241 0.633875 0.2473792 0.633875 0.2391241 0.6364538 0.2308689 0.633875 0.2391241 0.633875 0.2308689 0.633875 0.2473792 0.633875 0.2556344 0.6312963 0.2556344 0.633875 0.2556344 0.6312963 0.2638896 0.6312963 0.2556344 0.633875 0.2473792 0.6312963 0.2473792 0.633875 0.2391241 0.633875 0.2473792 0.6312963 0.2556344 0.6312963 0.2473792 0.633875 0.2391241 0.6312963 0.2391241 0.633875 0.2308689 0.633875 0.2391241 0.6312963 0.2473792 0.6312963 0.2391241 0.633875 0.2308689 0.6312963 0.2391241 0.6312963 0.2308689 0.6312963 0.2556344 0.6312963 0.2638896 0.6287175 0.2638896 0.6312963 0.2638896 0.6287175 0.2721447 0.6287175 0.2638896 0.6287175 0.2638896 0.6287175 0.2721447 0.6261387 0.2721447 0.6312963 0.2556344 0.6287175 0.2638896 0.6287175 0.2556344 0.6312963 0.2556344 0.6287175 0.2556344 0.6312963 0.2473792 0.6287175 0.2638896 0.6261387 0.2721447 0.6261387 0.2638896 0.6287175 0.2638896 0.6261387 0.2638896 0.6287175 0.2556344 0.6261387 0.2721447 0.62356 0.2721447 0.6261387 0.2638896 0.6312963 0.2473792 0.6287175 0.2556344 0.6287175 0.2473792 0.6312963 0.2473792 0.6287175 0.2473792 0.6312963 0.2391241 0.6287175 0.2556344 0.6261387 0.2638896 0.6261387 0.2556344 0.6287175 0.2556344 0.6261387 0.2556344 0.6287175 0.2473792 0.6261387 0.2638896 0.62356 0.2721447 0.62356 0.2638896 0.6261387 0.2638896 0.62356 0.2638896 0.6261387 0.2556344 0.62356 0.2721447 0.6209812 0.2721447 0.62356 0.2638896 0.6312963 0.2391241 0.6287175 0.2473792 0.6287175 0.2391241 0.6312963 0.2391241 0.6287175 0.2391241 0.6312963 0.2308689 0.6312963 0.2308689 0.6287175 0.2391241 0.6287175 0.2308689 0.6287175 0.2473792 0.6261387 0.2473792 0.6287175 0.2391241 0.6287175 0.2473792 0.6261387 0.2556344 0.6261387 0.2473792 0.6287175 0.2391241 0.6261387 0.2391241 0.6287175 0.2308689 0.6287175 0.2391241 0.6261387 0.2473792 0.6261387 0.2391241 0.6287175 0.2308689 0.6261387 0.2391241 0.6261387 0.2308689 0.6261387 0.2556344 0.62356 0.2556344 0.6261387 0.2473792 0.6261387 0.2556344 0.62356 0.2638896 0.62356 0.2556344 0.6261387 0.2473792 0.62356 0.2473792 0.6261387 0.2391241 0.6261387 0.2473792 0.62356 0.2556344 0.62356 0.2473792 0.6261387 0.2391241 0.62356 0.2391241 0.6261387 0.2308689 0.6261387 0.2391241 0.62356 0.2473792 0.62356 0.2391241 0.6261387 0.2308689 0.62356 0.2391241 0.62356 0.2308689 0.62356 0.2638896 0.6209812 0.2638896 0.62356 0.2556344 0.62356 0.2638896 0.6209812 0.2721447 0.6209812 0.2638896 0.6209812 0.2721447 0.6184024 0.2721447 0.6209812 0.2638896 0.62356 0.2556344 0.6209812 0.2638896 0.6209812 0.2556344 0.62356 0.2556344 0.6209812 0.2556344 0.62356 0.2473792 0.6209812 0.2638896 0.6184024 0.2721447 0.6184024 0.2638896 0.6209812 0.2638896 0.6184024 0.2638896 0.6209812 0.2556344 0.6184024 0.2721447 0.6158236 0.2721447 0.6184024 0.2638896 0.62356 0.2473792 0.6209812 0.2556344 0.6209812 0.2473792 0.62356 0.2473792 0.6209812 0.2473792 0.62356 0.2391241 0.6209812 0.2556344 0.6184024 0.2638896 0.6184024 0.2556344 0.6209812 0.2556344 0.6184024 0.2556344 0.6209812 0.2473792 0.6184024 0.2638896 0.6158236 0.2721447 0.6158236 0.2638896 0.6184024 0.2638896 0.6158236 0.2638896 0.6184024 0.2556344 0.6158236 0.2721447 0.6132448 0.2721447 0.6158236 0.2638896 0.62356 0.2391241 0.6209812 0.2473792 0.6209812 0.2391241 0.62356 0.2391241 0.6209812 0.2391241 0.62356 0.2308689 0.62356 0.2308689 0.6209812 0.2391241 0.6209812 0.2308689 0.6209812 0.2473792 0.6184024 0.2473792 0.6209812 0.2391241 0.6209812 0.2473792 0.6184024 0.2556344 0.6184024 0.2473792 0.6209812 0.2391241 0.6184024 0.2391241 0.6209812 0.2308689 0.6209812 0.2391241 0.6184024 0.2473792 0.6184024 0.2391241 0.6209812 0.2308689 0.6184024 0.2391241 0.6184024 0.2308689 0.6184024 0.2556344 0.6158236 0.2556344 0.6184024 0.2473792 0.6184024 0.2556344 0.6158236 0.2638896 0.6158236 0.2556344 0.6184024 0.2473792 0.6158236 0.2473792 0.6184024 0.2391241 0.6184024 0.2473792 0.6158236 0.2556344 0.6158236 0.2473792 0.6184024 0.2391241 0.6158236 0.2391241 0.6184024 0.2308689 0.6184024 0.2391241 0.6158236 0.2473792 0.6158236 0.2391241 0.6184024 0.2308689 0.6158236 0.2391241 0.6158236 0.2308689 0.6158236 0.2638896 0.6132448 0.2638896 0.6158236 0.2556344 0.6158236 0.2638896 0.6132448 0.2721447 0.6132448 0.2638896 0.6132448 0.2721447 0.610666 0.2721447 0.6132448 0.2638896 0.6158236 0.2556344 0.6132448 0.2638896 0.6132448 0.2556344 0.6158236 0.2556344 0.6132448 0.2556344 0.6158236 0.2473792 0.6132448 0.2638896 0.610666 0.2721447 0.610666 0.2638896 0.6132448 0.2638896 0.610666 0.2638896 0.6132448 0.2556344 0.610666 0.2721447 0.6080873 0.2721447 0.610666 0.2638896 0.6158236 0.2473792 0.6132448 0.2556344 0.6132448 0.2473792 0.6158236 0.2473792 0.6132448 0.2473792 0.6158236 0.2391241 0.6132448 0.2556344 0.610666 0.2638896 0.610666 0.2556344 0.6132448 0.2556344 0.610666 0.2556344 0.6132448 0.2473792 0.610666 0.2638896 0.6080873 0.2721447 0.6080873 0.2638896 0.610666 0.2638896 0.6080873 0.2638896 0.610666 0.2556344 0.6080873 0.2721447 0.6055085 0.2721447 0.6080873 0.2638896 0.6158236 0.2391241 0.6132448 0.2473792 0.6132448 0.2391241 0.6158236 0.2391241 0.6132448 0.2391241 0.6158236 0.2308689 0.6158236 0.2308689 0.6132448 0.2391241 0.6132448 0.2308689 0.6132448 0.2473792 0.610666 0.2473792 0.6132448 0.2391241 0.6132448 0.2473792 0.610666 0.2556344 0.610666 0.2473792 0.6132448 0.2391241 0.610666 0.2391241 0.6132448 0.2308689 0.6132448 0.2391241 0.610666 0.2473792 0.610666 0.2391241 0.6132448 0.2308689 0.610666 0.2391241 0.610666 0.2308689 0.610666 0.2556344 0.6080873 0.2556344 0.610666 0.2473792 0.610666 0.2556344 0.6080873 0.2638896 0.6080873 0.2556344 0.610666 0.2473792 0.6080873 0.2473792 0.610666 0.2391241 0.610666 0.2473792 0.6080873 0.2556344 0.6080873 0.2473792 0.610666 0.2391241 0.6080873 0.2391241 0.610666 0.2308689 0.610666 0.2391241 0.6080873 0.2473792 0.6080873 0.2391241 0.610666 0.2308689 0.6080873 0.2391241 0.6080873 0.2308689 0.6080873 0.2638896 0.6055085 0.2638896 0.6080873 0.2556344 0.6080873 0.2638896 0.6055085 0.2721447 0.6055085 0.2638896 0.6055085 0.2721447 0.6029297 0.2721447 0.6055085 0.2638896 0.6080873 0.2556344 0.6055085 0.2638896 0.6055085 0.2556344 0.6080873 0.2556344 0.6055085 0.2556344 0.6080873 0.2473792 0.6055085 0.2638896 0.6029297 0.2721447 0.6029297 0.2638896 0.6055085 0.2638896 0.6029297 0.2638896 0.6055085 0.2556344 0.6029297 0.2721447 0.600351 0.2721447 0.6029297 0.2638896 0.6080873 0.2473792 0.6055085 0.2556344 0.6055085 0.2473792 0.6080873 0.2473792 0.6055085 0.2473792 0.6080873 0.2391241 0.6055085 0.2556344 0.6029297 0.2638896 0.6029297 0.2556344 0.6055085 0.2556344 0.6029297 0.2556344 0.6055085 0.2473792 0.6029297 0.2638896 0.600351 0.2721447 0.600351 0.2638896 0.6029297 0.2638896 0.600351 0.2638896 0.6029297 0.2556344 0.600351 0.2721447 0.5977722 0.2721447 0.600351 0.2638896 0.600351 0.2638896 0.5977722 0.2721447 0.5977722 0.2638896 0.600351 0.2638896 0.5977722 0.2638896 0.600351 0.2556344 0.6029297 0.2556344 0.600351 0.2638896 0.600351 0.2556344 0.600351 0.2556344 0.5977722 0.2638896 0.5977722 0.2556344 0.6029297 0.2556344 0.600351 0.2556344 0.6029297 0.2473792 0.6055085 0.2473792 0.6029297 0.2556344 0.6029297 0.2473792 0.600351 0.2556344 0.5977722 0.2556344 0.600351 0.2473792 0.6029297 0.2473792 0.600351 0.2556344 0.600351 0.2473792 0.600351 0.2473792 0.5977722 0.2556344 0.5977722 0.2473792 0.6055085 0.2473792 0.6029297 0.2473792 0.6055085 0.2391241 0.6080873 0.2391241 0.6055085 0.2473792 0.6055085 0.2391241 0.6080873 0.2391241 0.6055085 0.2391241 0.6080873 0.2308689 0.6080873 0.2308689 0.6055085 0.2391241 0.6055085 0.2308689 0.6055085 0.2391241 0.6029297 0.2473792 0.6029297 0.2391241 0.6055085 0.2391241 0.6029297 0.2391241 0.6055085 0.2308689 0.6029297 0.2473792 0.600351 0.2473792 0.6029297 0.2391241 0.6055085 0.2308689 0.6029297 0.2391241 0.6029297 0.2308689 0.6029297 0.2391241 0.600351 0.2473792 0.600351 0.2391241 0.6029297 0.2391241 0.600351 0.2391241 0.6029297 0.2308689 0.600351 0.2473792 0.5977722 0.2473792 0.600351 0.2391241 0.6029297 0.2308689 0.600351 0.2391241 0.600351 0.2308689 0.600351 0.2391241 0.5977722 0.2473792 0.5977722 0.2391241 0.600351 0.2391241 0.5977722 0.2391241 0.600351 0.2308689 0.600351 0.2308689 0.5977722 0.2391241 0.5977722 0.2308689 0.4575875 0.1808804 0.4386359 0.1808804 0.4575875 0.1745937 0.4386359 0.1808804 0.4386359 0.1745937 0.4575875 0.1745937 0.4575875 0.1745937 0.4386359 0.1745937 0.4575875 0.1710536 0.4386359 0.1808804 0.4194247 0.1808804 0.4386359 0.1745937 0.4386359 0.1745937 0.4386359 0.1710536 0.4575875 0.1710536 0.4575875 0.1710536 0.4386359 0.1710536 0.4575875 0.1672541 0.4194247 0.1808804 0.4194247 0.1745937 0.4386359 0.1745937 0.4386359 0.1745937 0.4194247 0.1745937 0.4386359 0.1710536 0.4194247 0.1808804 0.4051118 0.1745937 0.4194247 0.1745937 0.4194247 0.1808804 0.4051118 0.1808804 0.4051118 0.1745937 0.4194247 0.1745937 0.4194247 0.1710536 0.4386359 0.1710536 0.4051118 0.1808804 0.39234 0.1745937 0.4051118 0.1745937 0.4051118 0.1808804 0.39234 0.1808804 0.39234 0.1745937 0.39234 0.1808804 0.3706874 0.1808804 0.39234 0.1745937 0.4051118 0.1745937 0.4051118 0.1710536 0.4194247 0.1745937 0.4194247 0.1745937 0.4051118 0.1710536 0.4194247 0.1710536 0.39234 0.1745937 0.3706874 0.1808804 0.3706874 0.1745937 0.3706874 0.1808804 0.3480735 0.1808804 0.3706874 0.1745937 0.4051118 0.1745937 0.39234 0.1745937 0.39234 0.1710536 0.39234 0.1745937 0.3706874 0.1745937 0.39234 0.1710536 0.4051118 0.1745937 0.39234 0.1710536 0.4051118 0.1710536 0.3706874 0.1745937 0.3480735 0.1808804 0.3480735 0.1745937 0.4051118 0.1710536 0.4194247 0.1672541 0.4194247 0.1710536 0.4386359 0.1710536 0.4194247 0.1710536 0.4194247 0.1672541 0.3706874 0.1745937 0.3480735 0.1745937 0.3706874 0.1710536 0.3706874 0.1745937 0.3706874 0.1710536 0.39234 0.1710536 0.3480735 0.1808804 0.330602 0.1745937 0.3480735 0.1745937 0.3480735 0.1808804 0.330602 0.1808804 0.330602 0.1745937 0.330602 0.1808804 0.3138171 0.1808804 0.330602 0.1745937 0.3706874 0.1710536 0.3480735 0.1745937 0.3480735 0.1710536 0.3480735 0.1745937 0.330602 0.1745937 0.3480735 0.1710536 0.330602 0.1745937 0.3138171 0.1808804 0.3138171 0.1745937 0.3138171 0.1808804 0.2814069 0.1808804 0.3138171 0.1745937 0.330602 0.1745937 0.330602 0.1710536 0.3480735 0.1710536 0.330602 0.1745937 0.3138171 0.1745937 0.330602 0.1710536 0.3706874 0.1710536 0.3480735 0.1710536 0.3706874 0.1672541 0.39234 0.1710536 0.3706874 0.1710536 0.3706874 0.1672541 0.3480735 0.1710536 0.330602 0.1710536 0.3480735 0.1672541 0.3706874 0.1672541 0.3480735 0.1710536 0.3480735 0.1672541 0.39234 0.1710536 0.3706874 0.1672541 0.39234 0.1672541 0.4051118 0.1672541 0.39234 0.1710536 0.39234 0.1672541 0.4051118 0.1710536 0.39234 0.1710536 0.4051118 0.1672541 0.4051118 0.1710536 0.4051118 0.1672541 0.4194247 0.1672541 0.39234 0.1672541 0.3706874 0.1672541 0.39234 0.1547112 0.4051118 0.1672541 0.39234 0.1672541 0.39234 0.1547112 0.39234 0.1547112 0.3706874 0.1672541 0.3706874 0.1547112 0.3706874 0.1672541 0.3480735 0.1672541 0.3706874 0.1547112 0.4051118 0.1672541 0.39234 0.1547112 0.4051118 0.1547112 0.4194247 0.1672541 0.4051118 0.1672541 0.4051118 0.1547112 0.39234 0.1547112 0.3706874 0.1547112 0.39234 0.1517205 0.39234 0.1547112 0.39234 0.1517205 0.4051118 0.1547112 0.3706874 0.1547112 0.3480735 0.1672541 0.3480735 0.1547112 0.3706874 0.1547112 0.3706874 0.1517205 0.39234 0.1517205 0.3480735 0.1672541 0.330602 0.1547112 0.3480735 0.1547112 0.3706874 0.1547112 0.3480735 0.1517205 0.3706874 0.1517205 0.3706874 0.1547112 0.3480735 0.1547112 0.3480735 0.1517205 0.3480735 0.1672541 0.330602 0.1672541 0.330602 0.1547112 0.3480735 0.1672541 0.330602 0.1710536 0.330602 0.1672541 0.3480735 0.1547112 0.330602 0.1547112 0.330602 0.1517205 0.3480735 0.1547112 0.330602 0.1517205 0.3480735 0.1517205 0.330602 0.1547112 0.330602 0.1672541 0.3138171 0.1547112 0.330602 0.1547112 0.3138171 0.1547112 0.330602 0.1517205 0.330602 0.1672541 0.330602 0.1710536 0.3138171 0.1672541 0.330602 0.1672541 0.3138171 0.1672541 0.3138171 0.1547112 0.330602 0.1710536 0.3138171 0.1710536 0.3138171 0.1672541 0.3138171 0.1745937 0.3138171 0.1710536 0.330602 0.1710536 0.3138171 0.1547112 0.3138171 0.1672541 0.2814069 0.1547112 0.3138171 0.1745937 0.2814069 0.1745937 0.3138171 0.1710536 0.2814069 0.1808804 0.2814069 0.1745937 0.3138171 0.1745937 0.3138171 0.1672541 0.3138171 0.1710536 0.2814069 0.1672541 0.3138171 0.1672541 0.2814069 0.1672541 0.2814069 0.1547112 0.3138171 0.1710536 0.2814069 0.1745937 0.2814069 0.1710536 0.3138171 0.1710536 0.2814069 0.1710536 0.2814069 0.1672541 0.2814069 0.1808804 0.2489967 0.1745937 0.2814069 0.1745937 0.2814069 0.1808804 0.2489967 0.1808804 0.2489967 0.1745937 0.2814069 0.1745937 0.2489967 0.1710536 0.2814069 0.1710536 0.2814069 0.1672541 0.2814069 0.1710536 0.2489967 0.1710536 0.2814069 0.1745937 0.2489967 0.1745937 0.2489967 0.1710536 0.2814069 0.1672541 0.2489967 0.1710536 0.2489967 0.1672541 0.2814069 0.1672541 0.2489967 0.1672541 0.2814069 0.1547112 0.2489967 0.1710536 0.2489967 0.1745937 0.2322118 0.1710536 0.2489967 0.1710536 0.2322118 0.1710536 0.2489967 0.1672541 0.2489967 0.1808804 0.2322118 0.1745937 0.2489967 0.1745937 0.2322118 0.1745937 0.2322118 0.1710536 0.2489967 0.1745937 0.2489967 0.1808804 0.2322118 0.1808804 0.2322118 0.1745937 0.2322118 0.1808804 0.2147402 0.1808804 0.2322118 0.1745937 0.2489967 0.1672541 0.2322118 0.1710536 0.2322118 0.1672541 0.2147402 0.1808804 0.2147402 0.1745937 0.2322118 0.1745937 0.2489967 0.1672541 0.2322118 0.1672541 0.2489967 0.1547112 0.2489967 0.1672541 0.2489967 0.1547112 0.2814069 0.1547112 0.2147402 0.1808804 0.1921263 0.1745937 0.2147402 0.1745937 0.2147402 0.1808804 0.1921263 0.1808804 0.1921263 0.1745937 0.2147402 0.1745937 0.2147402 0.1710536 0.2322118 0.1745937 0.2322118 0.1745937 0.2147402 0.1710536 0.2322118 0.1710536 0.2147402 0.1745937 0.1921263 0.1745937 0.1921263 0.1710536 0.2147402 0.1745937 0.1921263 0.1710536 0.2147402 0.1710536 0.1921263 0.1808804 0.1704738 0.1745937 0.1921263 0.1745937 0.1921263 0.1808804 0.1704738 0.1808804 0.1704738 0.1745937 0.1704738 0.1808804 0.157702 0.1808804 0.1704738 0.1745937 0.1921263 0.1745937 0.1704738 0.1710536 0.1921263 0.1710536 0.1921263 0.1745937 0.1704738 0.1745937 0.1704738 0.1710536 0.1704738 0.1745937 0.157702 0.1808804 0.157702 0.1745937 0.1704738 0.1745937 0.157702 0.1745937 0.1704738 0.1710536 0.157702 0.1808804 0.143389 0.1808804 0.157702 0.1745937 0.1921263 0.1710536 0.1704738 0.1710536 0.1921263 0.1672541 0.2147402 0.1710536 0.1921263 0.1710536 0.1921263 0.1672541 0.157702 0.1745937 0.143389 0.1808804 0.143389 0.1745937 0.2322118 0.1710536 0.2147402 0.1710536 0.2147402 0.1672541 0.2147402 0.1710536 0.1921263 0.1672541 0.2147402 0.1672541 0.2322118 0.1710536 0.2147402 0.1672541 0.2322118 0.1672541 0.1704738 0.1710536 0.157702 0.1745937 0.157702 0.1710536 0.157702 0.1745937 0.143389 0.1745937 0.157702 0.1710536 0.2322118 0.1672541 0.2147402 0.1672541 0.2322118 0.1547112 0.2322118 0.1672541 0.2322118 0.1547112 0.2489967 0.1547112 0.2147402 0.1672541 0.2147402 0.1547112 0.2322118 0.1547112 0.2322118 0.1547112 0.2322118 0.1517205 0.2489967 0.1547112 0.2322118 0.1547112 0.2147402 0.1547112 0.2322118 0.1517205 0.2147402 0.1672541 0.1921263 0.1547112 0.2147402 0.1547112 0.2147402 0.1672541 0.1921263 0.1672541 0.1921263 0.1547112 0.2147402 0.1547112 0.2147402 0.1517205 0.2322118 0.1517205 0.2147402 0.1547112 0.1921263 0.1547112 0.2147402 0.1517205 0.2489967 0.1547112 0.2322118 0.1517205 0.2489967 0.1517205 0.2814069 0.1547112 0.2489967 0.1547112 0.2489967 0.1517205 0.2322118 0.1517205 0.2147402 0.1517205 0.2147402 0.1485313 0.2814069 0.1547112 0.2489967 0.1517205 0.2814069 0.1517205 0.2322118 0.1517205 0.2322118 0.1485313 0.2489967 0.1517205 0.2322118 0.1517205 0.2147402 0.1485313 0.2322118 0.1485313 0.2814069 0.1517205 0.2489967 0.1517205 0.2489967 0.1485313 0.2489967 0.1485313 0.2489967 0.1517205 0.2322118 0.1485313 0.3138171 0.1517205 0.2814069 0.1547112 0.2814069 0.1517205 0.3138171 0.1547112 0.2814069 0.1547112 0.3138171 0.1517205 0.3138171 0.1547112 0.3138171 0.1517205 0.330602 0.1517205 0.2814069 0.1517205 0.2489967 0.1485313 0.2814069 0.1485313 0.3138171 0.1517205 0.2814069 0.1517205 0.3138171 0.1485313 0.3138171 0.1485313 0.2814069 0.1517205 0.2814069 0.1485313 0.2814069 0.1377432 0.2814069 0.1485313 0.2489967 0.1485313 0.3138171 0.1485313 0.2814069 0.1485313 0.2814069 0.1377432 0.2814069 0.1377432 0.2489967 0.1485313 0.2489967 0.1377432 0.2489967 0.1485313 0.2322118 0.1485313 0.2489967 0.1377432 0.3138171 0.1377432 0.3138171 0.1485313 0.2814069 0.1377432 0.2489967 0.1377432 0.2322118 0.1485313 0.2322118 0.1377432 0.2322118 0.1485313 0.2147402 0.1377432 0.2322118 0.1377432 0.2322118 0.1485313 0.2147402 0.1485313 0.2147402 0.1377432 0.2147402 0.1485313 0.1921263 0.1377432 0.2147402 0.1377432 0.330602 0.1485313 0.3138171 0.1485313 0.3138171 0.1377432 0.3138171 0.1517205 0.3138171 0.1485313 0.330602 0.1485313 0.330602 0.1485313 0.3138171 0.1377432 0.330602 0.1377432 0.330602 0.1517205 0.3138171 0.1517205 0.330602 0.1485313 0.3480735 0.1377432 0.330602 0.1485313 0.330602 0.1377432 0.330602 0.1517205 0.330602 0.1485313 0.3480735 0.1485313 0.3480735 0.1485313 0.330602 0.1485313 0.3480735 0.1377432 0.3480735 0.1517205 0.330602 0.1517205 0.3480735 0.1485313 0.3706874 0.1377432 0.3480735 0.1485313 0.3480735 0.1377432 0.3480735 0.1517205 0.3480735 0.1485313 0.3706874 0.1485313 0.3706874 0.1485313 0.3480735 0.1485313 0.3706874 0.1377432 0.3706874 0.1517205 0.3480735 0.1517205 0.3706874 0.1485313 0.3706874 0.1485313 0.3706874 0.1377432 0.39234 0.1485313 0.3706874 0.1517205 0.3706874 0.1485313 0.39234 0.1485313 0.3706874 0.1377432 0.39234 0.1377432 0.39234 0.1485313 0.39234 0.1517205 0.3706874 0.1517205 0.39234 0.1485313 0.39234 0.1485313 0.39234 0.1377432 0.4051118 0.1377432 0.39234 0.1517205 0.39234 0.1485313 0.4051118 0.1517205 0.4051118 0.1485313 0.39234 0.1485313 0.4051118 0.1377432 0.4051118 0.1517205 0.39234 0.1485313 0.4051118 0.1485313 0.4051118 0.1485313 0.4051118 0.1377432 0.4194247 0.1377432 0.39234 0.1517205 0.4051118 0.1517205 0.4051118 0.1547112 0.4194247 0.1485313 0.4051118 0.1485313 0.4194247 0.1377432 0.4051118 0.1517205 0.4051118 0.1485313 0.4194247 0.1485313 0.4051118 0.1547112 0.4051118 0.1517205 0.4194247 0.1517205 0.4051118 0.1517205 0.4194247 0.1485313 0.4194247 0.1517205 0.4386359 0.1485313 0.4194247 0.1485313 0.4194247 0.1377432 0.4194247 0.1517205 0.4194247 0.1485313 0.4386359 0.1485313 0.4386359 0.1485313 0.4194247 0.1377432 0.4386359 0.1377432 0.4575875 0.1377432 0.4386359 0.1485313 0.4386359 0.1377432 0.4575875 0.1485313 0.4386359 0.1485313 0.4575875 0.1377432 0.4575875 0.1517205 0.4386359 0.1485313 0.4575875 0.1485313 0.4386359 0.1517205 0.4194247 0.1517205 0.4386359 0.1485313 0.4575875 0.1517205 0.4386359 0.1517205 0.4386359 0.1485313 0.4194247 0.1547112 0.4051118 0.1547112 0.4194247 0.1517205 0.4194247 0.1547112 0.4194247 0.1517205 0.4386359 0.1517205 0.4194247 0.1672541 0.4051118 0.1547112 0.4194247 0.1547112 0.4386359 0.1547112 0.4386359 0.1517205 0.4575875 0.1517205 0.4194247 0.1547112 0.4386359 0.1517205 0.4386359 0.1547112 0.4575875 0.1547112 0.4386359 0.1547112 0.4575875 0.1517205 0.4194247 0.1672541 0.4194247 0.1547112 0.4386359 0.1672541 0.4386359 0.1672541 0.4194247 0.1547112 0.4386359 0.1547112 0.4386359 0.1672541 0.4386359 0.1547112 0.4575875 0.1547112 0.4386359 0.1710536 0.4194247 0.1672541 0.4386359 0.1672541 0.4575875 0.1672541 0.4386359 0.1672541 0.4575875 0.1547112 0.4386359 0.1710536 0.4386359 0.1672541 0.4575875 0.1672541 0.1241779 0.1808804 0.1052262 0.1808804 0.1052262 0.1745937 0.1241779 0.1745937 0.1241779 0.1808804 0.1052262 0.1745937 0.143389 0.1808804 0.1241779 0.1808804 0.1241779 0.1745937 0.1241779 0.1745937 0.1052262 0.1745937 0.1052262 0.1710536 0.143389 0.1745937 0.143389 0.1808804 0.1241779 0.1745937 0.1241779 0.1710536 0.1241779 0.1745937 0.1052262 0.1710536 0.143389 0.1745937 0.1241779 0.1745937 0.1241779 0.1710536 0.1241779 0.1710536 0.1052262 0.1710536 0.1052262 0.1672541 0.143389 0.1745937 0.1241779 0.1710536 0.143389 0.1710536 0.157702 0.1710536 0.143389 0.1745937 0.143389 0.1710536 0.1241779 0.1672541 0.1241779 0.1710536 0.1052262 0.1672541 0.1241779 0.1672541 0.1052262 0.1672541 0.1052262 0.1547112 0.143389 0.1672541 0.143389 0.1710536 0.1241779 0.1710536 0.157702 0.1710536 0.143389 0.1710536 0.143389 0.1672541 0.143389 0.1672541 0.1241779 0.1710536 0.1241779 0.1672541 0.1241779 0.1672541 0.1052262 0.1547112 0.1241779 0.1547112 0.1241779 0.1547112 0.1052262 0.1547112 0.1052262 0.1517205 0.143389 0.1672541 0.1241779 0.1672541 0.143389 0.1547112 0.143389 0.1547112 0.1241779 0.1672541 0.1241779 0.1547112 0.157702 0.1672541 0.157702 0.1710536 0.143389 0.1672541 0.1704738 0.1710536 0.157702 0.1710536 0.157702 0.1672541 0.143389 0.1672541 0.143389 0.1547112 0.157702 0.1547112 0.157702 0.1672541 0.143389 0.1672541 0.157702 0.1547112 0.1704738 0.1672541 0.1704738 0.1710536 0.157702 0.1672541 0.1921263 0.1672541 0.1704738 0.1710536 0.1704738 0.1672541 0.1704738 0.1672541 0.157702 0.1672541 0.1704738 0.1547112 0.1921263 0.1672541 0.1704738 0.1672541 0.1704738 0.1547112 0.1704738 0.1547112 0.157702 0.1672541 0.157702 0.1547112 0.1921263 0.1672541 0.1704738 0.1547112 0.1921263 0.1547112 0.1704738 0.1547112 0.157702 0.1547112 0.1704738 0.1517205 0.1704738 0.1547112 0.1704738 0.1517205 0.1921263 0.1547112 0.143389 0.1547112 0.143389 0.1517205 0.157702 0.1547112 0.1921263 0.1547112 0.1704738 0.1517205 0.1921263 0.1517205 0.2147402 0.1517205 0.1921263 0.1547112 0.1921263 0.1517205 0.1704738 0.1517205 0.157702 0.1547112 0.157702 0.1517205 0.157702 0.1547112 0.143389 0.1517205 0.157702 0.1517205 0.2147402 0.1517205 0.1921263 0.1517205 0.1921263 0.1485313 0.2147402 0.1517205 0.1921263 0.1485313 0.2147402 0.1485313 0.2147402 0.1485313 0.1921263 0.1485313 0.1921263 0.1377432 0.1704738 0.1517205 0.1704738 0.1485313 0.1921263 0.1517205 0.1921263 0.1485313 0.1921263 0.1517205 0.1704738 0.1485313 0.1921263 0.1485313 0.1704738 0.1485313 0.1921263 0.1377432 0.1704738 0.1517205 0.157702 0.1517205 0.1704738 0.1485313 0.1921263 0.1377432 0.1704738 0.1485313 0.1704738 0.1377432 0.1704738 0.1485313 0.157702 0.1377432 0.1704738 0.1377432 0.1704738 0.1485313 0.157702 0.1485313 0.157702 0.1377432 0.1704738 0.1485313 0.157702 0.1517205 0.157702 0.1485313 0.157702 0.1377432 0.157702 0.1485313 0.143389 0.1377432 0.157702 0.1485313 0.157702 0.1517205 0.143389 0.1485313 0.157702 0.1485313 0.143389 0.1485313 0.143389 0.1377432 0.143389 0.1517205 0.143389 0.1485313 0.157702 0.1517205 0.143389 0.1377432 0.143389 0.1485313 0.1241779 0.1485313 0.143389 0.1517205 0.1241779 0.1485313 0.143389 0.1485313 0.143389 0.1377432 0.1241779 0.1485313 0.1241779 0.1377432 0.1241779 0.1485313 0.1052262 0.1377432 0.1241779 0.1377432 0.1241779 0.1485313 0.1052262 0.1485313 0.1052262 0.1377432 0.1052262 0.1517205 0.1052262 0.1485313 0.1241779 0.1485313 0.1241779 0.1517205 0.1241779 0.1485313 0.143389 0.1517205 0.1241779 0.1517205 0.1052262 0.1517205 0.1241779 0.1485313 0.143389 0.1547112 0.1241779 0.1517205 0.143389 0.1517205 0.1241779 0.1547112 0.1052262 0.1517205 0.1241779 0.1517205 0.143389 0.1547112 0.1241779 0.1547112 0.1241779 0.1517205 0.3905852 0.1230792 0.4314183 0.1230792 0.4297398 0.09651333 0.3905852 0.1230792 0.4297398 0.09651333 0.425391 0.07780575 0.3891203 0.02531468 0.3905852 0.1230792 0.425391 0.07780575 0.3891203 0.02531468 0.425391 0.07780575 0.4303502 0.0631113 0.4336004 0.04411381 0.3891203 0.02531468 0.4303502 0.0631113 0.4336004 0.04411381 0.4320592 0.02531468 0.3891203 0.02531468 0.4320592 0.02531468 0.4270848 0.01286333 0.3891203 0.02531468 0.3891203 0.02531468 0.4270848 0.01286333 0.3891203 0.01121538 0.3891203 0.02531468 0.3286641 0.02531468 0.3905852 0.1230792 0.3891203 0.02531468 0.3891203 0.01121538 0.3286641 0.02531468 0.3891203 0.01121538 0.3286641 0.01121538 0.3286641 0.02531468 0.3286641 0.02531468 0.2951858 0.1230792 0.3905852 0.1230792 0.3286641 0.02531468 0.3286641 0.01121538 0.2951858 0.01562523 0.3286641 0.02531468 0.2951858 0.02531468 0.2951858 0.1230792 0.3286641 0.02531468 0.2951858 0.01562523 0.2951858 0.02531468 0.2951858 0.02531468 0.2804151 0.0273289 0.2951858 0.1230792 0.2951858 0.01562523 0.2804151 0.0273289 0.2951858 0.02531468 0.2951858 0.1230792 0.2804151 0.0273289 0.2804151 0.1230792 0.2951858 0.01562523 0.2804151 0.01951628 0.2804151 0.0273289 0.2804151 0.0273289 0.2202945 0.02696269 0.2804151 0.1230792 0.2804151 0.0273289 0.2804151 0.01951628 0.2202945 0.02696269 0.2804151 0.1230792 0.2202945 0.02696269 0.1551537 0.1230792 0.2804151 0.01951628 0.2203098 0.01814299 0.2202945 0.02696269 0.2202945 0.02696269 0.2203098 0.01814299 0.1551537 0.02659648 0.2202945 0.02696269 0.1551537 0.02659648 0.1551537 0.1230792 0.2203098 0.01814299 0.1551537 0.01594567 0.1551537 0.02659648 0.1551537 0.02659648 0.1551537 0.01594567 0.120531 0.01089495 0.1551537 0.1230792 0.1551537 0.02659648 0.1046769 0.02145415 0.1551537 0.02659648 0.120531 0.01089495 0.1046769 0.02145415 0.1046769 0.02145415 0.120531 0.01089495 0.08599984 0.00578314 0.1551537 0.1230792 0.1046769 0.02145415 0.05420005 0.1230792 0.1046769 0.02145415 0.08599984 0.00578314 0.05420005 0.01631188 0.1046769 0.02145415 0.05420005 0.01631188 0.05420005 0.1230792 0.08599984 0.00578314 0.05420005 0.004013121 0.05420005 0.01631188 0.05420005 0.01631188 0.05420005 0.004013121 0.02803081 0.005172789 0.05420005 0.01631188 0.02803081 0.005172789 0.02803081 0.01664757 0.02803081 0.005172789 0.01063549 0.007141232 0.02803081 0.01664757 0.02803081 0.01664757 0.01063549 0.007141232 0.007522642 0.0180667 0.02803081 0.01664757 0.007522642 0.0180667 0.02803081 0.03738462 0.05420005 0.01631188 0.02803081 0.01664757 0.02803081 0.03738462 0.02803081 0.03738462 0.007522642 0.0180667 0.005600035 0.03738462 0.02803081 0.03738462 0.005600035 0.03738462 0.007843136 0.0588693 0.05420005 0.01631188 0.02803081 0.03738462 0.02803081 0.0588693 0.02803081 0.0588693 0.02803081 0.03738462 0.007843136 0.0588693 0.05420005 0.1230792 0.05420005 0.01631188 0.02803081 0.0588693 0.02803081 0.0588693 0.007843136 0.0588693 0.01931792 0.07527273 0.05420005 0.1230792 0.02803081 0.0588693 0.02912944 0.09118789 0.02912944 0.09118789 0.02803081 0.0588693 0.01931792 0.07527273 0.05420005 0.1230792 0.02912944 0.09118789 0.02803081 0.1230792 0.02912944 0.09118789 0.01931792 0.07527273 0.01515215 0.09118789 0.02912944 0.09118789 0.01170367 0.1230792 0.02803081 0.1230792 0.02912944 0.09118789 0.01515215 0.09118789 0.01170367 0.1230792 0.3905852 0.1230792 0.4297398 0.09651333 0.4314183 0.1230792 0.3905852 0.1230792 0.425391 0.07780575 0.4297398 0.09651333 0.3891203 0.02531468 0.425391 0.07780575 0.3905852 0.1230792 0.3891203 0.02531468 0.4303502 0.0631113 0.425391 0.07780575 0.4336004 0.04411381 0.4303502 0.0631113 0.3891203 0.02531468 0.4336004 0.04411381 0.3891203 0.02531468 0.4320592 0.02531468 0.3891203 0.02531468 0.4270848 0.01286333 0.4320592 0.02531468 0.3891203 0.02531468 0.3891203 0.01121538 0.4270848 0.01286333 0.3891203 0.02531468 0.3905852 0.1230792 0.3286641 0.02531468 0.3891203 0.02531468 0.3286641 0.02531468 0.3891203 0.01121538 0.3891203 0.01121538 0.3286641 0.02531468 0.3286641 0.01121538 0.3905852 0.1230792 0.2951858 0.1230792 0.3286641 0.02531468 0.3286641 0.02531468 0.2951858 0.01562523 0.3286641 0.01121538 0.3286641 0.02531468 0.2951858 0.1230792 0.2951858 0.02531468 0.3286641 0.02531468 0.2951858 0.02531468 0.2951858 0.01562523 0.2951858 0.1230792 0.2804151 0.0273289 0.2951858 0.02531468 0.2951858 0.01562523 0.2951858 0.02531468 0.2804151 0.0273289 0.2951858 0.1230792 0.2804151 0.1230792 0.2804151 0.0273289 0.2951858 0.01562523 0.2804151 0.0273289 0.2804151 0.01951628 0.2804151 0.1230792 0.2202945 0.02696269 0.2804151 0.0273289 0.2804151 0.0273289 0.2202945 0.02696269 0.2804151 0.01951628 0.2804151 0.1230792 0.1551537 0.1230792 0.2202945 0.02696269 0.2804151 0.01951628 0.2202945 0.02696269 0.2203098 0.01814299 0.2202945 0.02696269 0.1551537 0.02659648 0.2203098 0.01814299 0.2202945 0.02696269 0.1551537 0.1230792 0.1551537 0.02659648 0.2203098 0.01814299 0.1551537 0.02659648 0.1551537 0.01594567 0.1551537 0.02659648 0.120531 0.01089495 0.1551537 0.01594567 0.1551537 0.1230792 0.1046769 0.02145415 0.1551537 0.02659648 0.1551537 0.02659648 0.1046769 0.02145415 0.120531 0.01089495 0.1046769 0.02145415 0.08599984 0.00578314 0.120531 0.01089495 0.1551537 0.1230792 0.05420005 0.1230792 0.1046769 0.02145415 0.1046769 0.02145415 0.05420005 0.01631188 0.08599984 0.00578314 0.1046769 0.02145415 0.05420005 0.1230792 0.05420005 0.01631188 0.08599984 0.00578314 0.05420005 0.01631188 0.05420005 0.004013121 0.05420005 0.01631188 0.02803081 0.005172789 0.05420005 0.004013121 0.05420005 0.01631188 0.02803081 0.01664757 0.02803081 0.005172789 0.02803081 0.01664757 0.01063549 0.007141232 0.02803081 0.005172789 0.02803081 0.01664757 0.007522642 0.0180667 0.01063549 0.007141232 0.02803081 0.01664757 0.02803081 0.03738462 0.007522642 0.0180667 0.05420005 0.01631188 0.02803081 0.03738462 0.02803081 0.01664757 0.02803081 0.03738462 0.005600035 0.03738462 0.007522642 0.0180667 0.02803081 0.03738462 0.007843136 0.0588693 0.005600035 0.03738462 0.05420005 0.01631188 0.02803081 0.0588693 0.02803081 0.03738462 0.02803081 0.0588693 0.007843136 0.0588693 0.02803081 0.03738462 0.05420005 0.1230792 0.02803081 0.0588693 0.05420005 0.01631188 0.02803081 0.0588693 0.01931792 0.07527273 0.007843136 0.0588693 0.05420005 0.1230792 0.02912944 0.09118789 0.02803081 0.0588693 0.02912944 0.09118789 0.01931792 0.07527273 0.02803081 0.0588693 0.05420005 0.1230792 0.02803081 0.1230792 0.02912944 0.09118789 0.02912944 0.09118789 0.01515215 0.09118789 0.01931792 0.07527273 0.02803081 0.1230792 0.01170367 0.1230792 0.02912944 0.09118789 0.02912944 0.09118789 0.01170367 0.1230792 0.01515215 0.09118789 0.8244602 0.09970247 0.8244602 0.1098497 0.8278019 0.1098497 0.8278019 0.09970247 0.8244602 0.09970247 0.8278019 0.1098497 0.8244602 0.0895552 0.8244602 0.09970247 0.8278019 0.09970247 0.8278019 0.09970247 0.8278019 0.1098497 0.8294194 0.09970247 0.8294194 0.09970247 0.8278019 0.1098497 0.8294194 0.1098497 0.8294194 0.09970247 0.8294194 0.1098497 0.8550698 0.1098497 0.8294194 0.09970247 0.8550698 0.1098497 0.8550698 0.09970247 0.8294194 0.0895552 0.8294194 0.09970247 0.8550698 0.09970247 0.8294194 0.0895552 0.8278019 0.09970247 0.8294194 0.09970247 0.8294194 0.0895552 0.8550698 0.09970247 0.8550698 0.0895552 0.8278019 0.0895552 0.8244602 0.0895552 0.8278019 0.09970247 0.8278019 0.0895552 0.8278019 0.09970247 0.8294194 0.0895552 0.8244602 0.07940793 0.8244602 0.0895552 0.8278019 0.0895552 0.8294194 0.07940793 0.8294194 0.0895552 0.8550698 0.0895552 0.8294194 0.07940793 0.8278019 0.0895552 0.8294194 0.0895552 0.8294194 0.07940793 0.8550698 0.0895552 0.8550698 0.07940793 0.8278019 0.07940793 0.8244602 0.07940793 0.8278019 0.0895552 0.8278019 0.07940793 0.8278019 0.0895552 0.8294194 0.07940793 0.8244602 0.06926071 0.8244602 0.07940793 0.8278019 0.07940793 0.8294194 0.06926071 0.8294194 0.07940793 0.8550698 0.07940793 0.8294194 0.06926071 0.8278019 0.07940793 0.8294194 0.07940793 0.8294194 0.06926071 0.8550698 0.07940793 0.8550698 0.06926071 0.8278019 0.06926071 0.8244602 0.06926071 0.8278019 0.07940793 0.8278019 0.06926071 0.8278019 0.07940793 0.8294194 0.06926071 0.8244602 0.05911344 0.8244602 0.06926071 0.8278019 0.06926071 0.8294194 0.05911344 0.8294194 0.06926071 0.8550698 0.06926071 0.8278019 0.06926071 0.8294194 0.06926071 0.8294194 0.05911344 0.8294194 0.05911344 0.8550698 0.06926071 0.8550698 0.05911344 0.8244602 0.05911344 0.8278019 0.06926071 0.8278019 0.05911344 0.8278019 0.05911344 0.8278019 0.06926071 0.8294194 0.05911344 0.8244602 0.05911344 0.8278019 0.05911344 0.8244602 0.04896622 0.8294194 0.05911344 0.8550698 0.05911344 0.8294194 0.04896622 0.8278019 0.05911344 0.8294194 0.05911344 0.8294194 0.04896622 0.8294194 0.04896622 0.8550698 0.05911344 0.8550698 0.04896622 0.8278019 0.05911344 0.8278019 0.04896622 0.8244602 0.04896622 0.8278019 0.05911344 0.8294194 0.04896622 0.8278019 0.04896622 0.8244602 0.04896622 0.8278019 0.04896622 0.8244602 0.03881895 0.8294194 0.04896622 0.8550698 0.04896622 0.8294194 0.03881895 0.8294194 0.04896622 0.8294194 0.03881895 0.8278019 0.04896622 0.8294194 0.03881895 0.8550698 0.04896622 0.8550698 0.03881895 0.8278019 0.04896622 0.8278019 0.03881895 0.8244602 0.03881895 0.8278019 0.04896622 0.8294194 0.03881895 0.8278019 0.03881895 0.8244602 0.03881895 0.8278019 0.03881895 0.8244602 0.02865642 0.8294194 0.03881895 0.8550698 0.03881895 0.8294194 0.02865642 0.8294194 0.03881895 0.8294194 0.02865642 0.8278019 0.03881895 0.8294194 0.02865642 0.8550698 0.03881895 0.8550698 0.02865642 0.8278019 0.03881895 0.8278019 0.02865642 0.8244602 0.02865642 0.8278019 0.03881895 0.8294194 0.02865642 0.8278019 0.02865642 0.8244602 0.02865642 0.8278019 0.02865642 0.8244602 0.0185092 0.8294194 0.02865642 0.8550698 0.02865642 0.8294194 0.0185092 0.8294194 0.02865642 0.8294194 0.0185092 0.8278019 0.02865642 0.8294194 0.0185092 0.8550698 0.02865642 0.8550698 0.0185092 0.8278019 0.02865642 0.8278019 0.0185092 0.8244602 0.0185092 0.8278019 0.02865642 0.8294194 0.0185092 0.8278019 0.0185092 0.8244602 0.0185092 0.8278019 0.0185092 0.8244602 0.008361935 0.8278019 0.0185092 0.8278019 0.008361935 0.8244602 0.008361935 0.8278019 0.0185092 0.8294194 0.008361935 0.8278019 0.008361935 0.8294194 0.0185092 0.8294194 0.008361935 0.8278019 0.0185092 0.8294194 0.0185092 0.8550698 0.0185092 0.8294194 0.008361935 0.8294194 0.008361935 0.8550698 0.0185092 0.8550698 0.008361935 0.3707332 0.50869 0.3523155 0.4917678 0.3718624 0.4981918 0.3523155 0.5014877 0.3523155 0.4917678 0.3707332 0.50869 0.3523155 0.5014877 0.3228504 0.4917678 0.3523155 0.4917678 0.3523155 0.514107 0.3523155 0.5014877 0.3707332 0.50869 0.3523155 0.514107 0.3707332 0.50869 0.3706874 0.5209583 0.3228504 0.5014877 0.3228504 0.4917678 0.3523155 0.5014877 0.3523155 0.514107 0.3228504 0.5014877 0.3523155 0.5014877 0.3228504 0.5014877 0.293019 0.5014877 0.3228504 0.4917678 0.293019 0.5014877 0.293019 0.4917678 0.3228504 0.4917678 0.3228504 0.514107 0.3228504 0.5014877 0.3523155 0.514107 0.293019 0.5014877 0.2718395 0.5011978 0.293019 0.4917678 0.293019 0.4917678 0.2718395 0.5011978 0.2718395 0.4917678 0.2718395 0.5011978 0.2411994 0.4917678 0.2718395 0.4917678 0.293019 0.514107 0.293019 0.5014877 0.3228504 0.5014877 0.3228504 0.514107 0.293019 0.514107 0.3228504 0.5014877 0.293019 0.5014877 0.2718395 0.514107 0.2718395 0.5011978 0.293019 0.514107 0.2718395 0.514107 0.293019 0.5014877 0.2718395 0.5011978 0.2411994 0.5009079 0.2411994 0.4917678 0.2718395 0.514107 0.2411994 0.5009079 0.2718395 0.5011978 0.2411994 0.5009079 0.1989624 0.4917678 0.2411994 0.4917678 0.293019 0.567773 0.2718395 0.514107 0.293019 0.514107 0.293019 0.567773 0.293019 0.514107 0.3228504 0.514107 0.2718395 0.514107 0.2411994 0.514107 0.2411994 0.5009079 0.1989624 0.5014877 0.1989624 0.4917678 0.2411994 0.5009079 0.2411994 0.514107 0.1989624 0.5014877 0.2411994 0.5009079 0.1989624 0.5014877 0.1596704 0.5009079 0.1989624 0.4917678 0.1596704 0.5009079 0.1596704 0.4917678 0.1989624 0.4917678 0.2720378 0.567773 0.2411994 0.514107 0.2718395 0.514107 0.293019 0.567773 0.2720378 0.567773 0.2718395 0.514107 0.1596704 0.5009079 0.1260853 0.5011978 0.1596704 0.4917678 0.1596704 0.4917678 0.1260853 0.5011978 0.1260853 0.4917678 0.1260853 0.5011978 0.1049058 0.4917678 0.1260853 0.4917678 0.1260853 0.5011978 0.1049058 0.5014877 0.1049058 0.4917678 0.1049058 0.4917678 0.1049058 0.5014877 0.07507437 0.4917678 0.1596704 0.5009079 0.1260853 0.514107 0.1260853 0.5011978 0.1260853 0.514107 0.1049058 0.5014877 0.1260853 0.5011978 0.1596704 0.514107 0.1596704 0.5009079 0.1989624 0.5014877 0.1596704 0.514107 0.1260853 0.514107 0.1596704 0.5009079 0.1989624 0.514107 0.1596704 0.514107 0.1989624 0.5014877 0.1989624 0.514107 0.1989624 0.5014877 0.2411994 0.514107 0.1596704 0.514107 0.1263599 0.567773 0.1260853 0.514107 0.2411994 0.5717555 0.1989624 0.514107 0.2411994 0.514107 0.2720378 0.567773 0.2411994 0.5717555 0.2411994 0.514107 0.1596704 0.5717555 0.1596704 0.514107 0.1989624 0.514107 0.1596704 0.5717555 0.1263599 0.567773 0.1596704 0.514107 0.2411994 0.5717555 0.1989624 0.5730678 0.1989624 0.514107 0.1989624 0.5730678 0.1596704 0.5717555 0.1989624 0.514107 0.1989624 0.5864195 0.1989624 0.5730678 0.2411994 0.5717555 0.1989624 0.5864195 0.1596704 0.5717555 0.1989624 0.5730678 0.2411994 0.5851072 0.2411994 0.5717555 0.2720378 0.567773 0.2411994 0.5851072 0.1989624 0.5864195 0.2411994 0.5717555 0.1989624 0.5864195 0.1596704 0.5851072 0.1596704 0.5717555 0.1596704 0.5851072 0.1263599 0.567773 0.1596704 0.5717555 0.2411994 0.5851072 0.1989624 0.595468 0.1989624 0.5864195 0.1989624 0.595468 0.1596704 0.5851072 0.1989624 0.5864195 0.2401311 0.5941558 0.1989624 0.595468 0.2411994 0.5851072 0.1989624 0.595468 0.1606775 0.5941558 0.1596704 0.5851072 0.2707714 0.5817655 0.2401311 0.5941558 0.2411994 0.5851072 0.2707714 0.5817655 0.2411994 0.5851072 0.2720378 0.567773 0.2689403 0.5907378 0.2401311 0.5941558 0.2707714 0.5817655 0.1606775 0.5941558 0.1276265 0.5817655 0.1596704 0.5851072 0.1596704 0.5851072 0.1276265 0.5817655 0.1263599 0.567773 0.1606775 0.5941558 0.1294423 0.5907378 0.1276265 0.5817655 0.2689403 0.5907378 0.2707714 0.5817655 0.2790723 0.589456 0.2790723 0.5996186 0.2689403 0.5907378 0.2790723 0.589456 0.2707714 0.5817655 0.2720378 0.567773 0.2814832 0.5792782 0.2790723 0.589456 0.2707714 0.5817655 0.2814832 0.5792782 0.2814832 0.5792782 0.2720378 0.567773 0.293019 0.567773 0.2790723 0.5996186 0.2790723 0.589456 0.293019 0.6089571 0.2790723 0.5996186 0.293019 0.6089571 0.293019 0.6152896 0.2790723 0.589456 0.2814832 0.5792782 0.293019 0.5976654 0.293019 0.5976654 0.2814832 0.5792782 0.293019 0.567773 0.293019 0.6089571 0.2790723 0.589456 0.293019 0.5976654 0.293019 0.5976654 0.293019 0.567773 0.3228504 0.567773 0.3228504 0.567773 0.293019 0.567773 0.3228504 0.514107 0.293019 0.6089571 0.293019 0.5976654 0.3228504 0.6054932 0.3228504 0.6054932 0.293019 0.5976654 0.3228504 0.567773 0.293019 0.6089571 0.3228504 0.6178988 0.293019 0.6152896 0.293019 0.6089571 0.3228504 0.6054932 0.3228504 0.6178988 0.293019 0.6152896 0.3228504 0.6178988 0.3228504 0.6246281 0.3228504 0.6178988 0.3523155 0.6152591 0.3228504 0.6246281 0.3228504 0.6178988 0.3523155 0.6080873 0.3523155 0.6152591 0.3228504 0.6178988 0.3228504 0.6054932 0.3523155 0.6080873 0.3523155 0.6080873 0.3706874 0.6005036 0.3523155 0.6152591 0.3523155 0.6080873 0.3706874 0.5931487 0.3706874 0.6005036 0.3228504 0.6054932 0.3523155 0.5942779 0.3523155 0.6080873 0.3523155 0.6080873 0.3523155 0.5942779 0.3706874 0.5931487 0.3228504 0.6054932 0.3228504 0.567773 0.3523155 0.5942779 0.3523155 0.5942779 0.3706874 0.5816892 0.3706874 0.5931487 0.3523155 0.5942779 0.3228504 0.567773 0.3523155 0.567773 0.3523155 0.5942779 0.3523155 0.567773 0.3706874 0.5816892 0.3228504 0.567773 0.3228504 0.514107 0.3523155 0.567773 0.3706874 0.5816892 0.3523155 0.567773 0.3706874 0.567773 0.3523155 0.567773 0.3228504 0.514107 0.3523155 0.514107 0.3523155 0.567773 0.3706874 0.5209583 0.3706874 0.567773 0.3523155 0.567773 0.3523155 0.514107 0.3706874 0.5209583 0.1294423 0.5907378 0.1193408 0.591104 0.1276265 0.5817655 0.1294423 0.5907378 0.1193408 0.6012665 0.1193408 0.591104 0.1276265 0.5817655 0.1193408 0.591104 0.1149462 0.5809262 0.1263599 0.567773 0.1276265 0.5817655 0.1149462 0.5809262 0.1193408 0.6012665 0.1049058 0.6089571 0.1193408 0.591104 0.1193408 0.6012665 0.1049058 0.6152896 0.1049058 0.6089571 0.1149462 0.5809262 0.1193408 0.591104 0.1049058 0.5976654 0.1049058 0.6089571 0.1049058 0.5976654 0.1193408 0.591104 0.1263599 0.567773 0.1149462 0.5809262 0.1049058 0.567773 0.1149462 0.5809262 0.1049058 0.5976654 0.1049058 0.567773 0.1260853 0.514107 0.1263599 0.567773 0.1049058 0.567773 0.1049058 0.6152896 0.07507437 0.6178988 0.1049058 0.6089571 0.1049058 0.6152896 0.07507437 0.6246281 0.07507437 0.6178988 0.07507437 0.6246281 0.04560917 0.6152591 0.07507437 0.6178988 0.1049058 0.6089571 0.07507437 0.6178988 0.07507437 0.6054932 0.1049058 0.6089571 0.07507437 0.6054932 0.1049058 0.5976654 0.07507437 0.6178988 0.04560917 0.6152591 0.04560917 0.6080873 0.07507437 0.6178988 0.04560917 0.6080873 0.07507437 0.6054932 0.04560917 0.6152591 0.02723735 0.6005036 0.04560917 0.6080873 0.04560917 0.6080873 0.02723735 0.6005036 0.02723735 0.5931487 0.04560917 0.6080873 0.02723735 0.5931487 0.04560917 0.5942779 0.07507437 0.6054932 0.04560917 0.6080873 0.04560917 0.5942779 0.04560917 0.5942779 0.02723735 0.5931487 0.02723735 0.5816892 0.07507437 0.6054932 0.07507437 0.567773 0.1049058 0.5976654 0.07507437 0.6054932 0.04560917 0.5942779 0.07507437 0.567773 0.1049058 0.567773 0.1049058 0.5976654 0.07507437 0.567773 0.04560917 0.5942779 0.02723735 0.5816892 0.04560917 0.567773 0.07507437 0.567773 0.04560917 0.5942779 0.04560917 0.567773 0.04560917 0.567773 0.02723735 0.5816892 0.02723735 0.567773 0.04560917 0.567773 0.02723735 0.567773 0.02723735 0.5209583 0.1049058 0.567773 0.07507437 0.567773 0.07507437 0.514107 0.07507437 0.567773 0.04560917 0.567773 0.07507437 0.514107 0.04560917 0.567773 0.02723735 0.5209583 0.04560917 0.514107 0.07507437 0.514107 0.04560917 0.567773 0.04560917 0.514107 0.04560917 0.514107 0.02723735 0.5209583 0.02720683 0.50869 0.1049058 0.567773 0.07507437 0.514107 0.1049058 0.514107 0.1260853 0.514107 0.1049058 0.567773 0.1049058 0.514107 0.1260853 0.514107 0.1049058 0.514107 0.1049058 0.5014877 0.07507437 0.514107 0.07507437 0.5014877 0.1049058 0.514107 0.1049058 0.5014877 0.1049058 0.514107 0.07507437 0.5014877 0.07507437 0.514107 0.04560917 0.514107 0.07507437 0.5014877 0.1049058 0.5014877 0.07507437 0.5014877 0.07507437 0.4917678 0.04560917 0.514107 0.04560917 0.5014877 0.07507437 0.5014877 0.07507437 0.4917678 0.07507437 0.5014877 0.04560917 0.5014877 0.04560917 0.514107 0.02720683 0.50869 0.04560917 0.5014877 0.07507437 0.4917678 0.04560917 0.5014877 0.04560917 0.4917678 0.04560917 0.5014877 0.02720683 0.50869 0.04560917 0.4917678 0.04560917 0.4917678 0.02720683 0.50869 0.02607762 0.4981918 0.8244602 0.09970247 0.8278019 0.1098497 0.8244602 0.1098497 0.8278019 0.09970247 0.8278019 0.1098497 0.8244602 0.09970247 0.8244602 0.0895552 0.8278019 0.09970247 0.8244602 0.09970247 0.8278019 0.09970247 0.8294194 0.09970247 0.8278019 0.1098497 0.8294194 0.09970247 0.8294194 0.1098497 0.8278019 0.1098497 0.8294194 0.09970247 0.8550698 0.1098497 0.8294194 0.1098497 0.8294194 0.09970247 0.8550698 0.09970247 0.8550698 0.1098497 0.8294194 0.0895552 0.8550698 0.09970247 0.8294194 0.09970247 0.8294194 0.0895552 0.8294194 0.09970247 0.8278019 0.09970247 0.8294194 0.0895552 0.8550698 0.0895552 0.8550698 0.09970247 0.8278019 0.0895552 0.8278019 0.09970247 0.8244602 0.0895552 0.8278019 0.0895552 0.8294194 0.0895552 0.8278019 0.09970247 0.8244602 0.07940793 0.8278019 0.0895552 0.8244602 0.0895552 0.8294194 0.07940793 0.8550698 0.0895552 0.8294194 0.0895552 0.8294194 0.07940793 0.8294194 0.0895552 0.8278019 0.0895552 0.8294194 0.07940793 0.8550698 0.07940793 0.8550698 0.0895552 0.8278019 0.07940793 0.8278019 0.0895552 0.8244602 0.07940793 0.8278019 0.07940793 0.8294194 0.07940793 0.8278019 0.0895552 0.8244602 0.06926071 0.8278019 0.07940793 0.8244602 0.07940793 0.8294194 0.06926071 0.8550698 0.07940793 0.8294194 0.07940793 0.8294194 0.06926071 0.8294194 0.07940793 0.8278019 0.07940793 0.8294194 0.06926071 0.8550698 0.06926071 0.8550698 0.07940793 0.8278019 0.06926071 0.8278019 0.07940793 0.8244602 0.06926071 0.8278019 0.06926071 0.8294194 0.06926071 0.8278019 0.07940793 0.8244602 0.05911344 0.8278019 0.06926071 0.8244602 0.06926071 0.8294194 0.05911344 0.8550698 0.06926071 0.8294194 0.06926071 0.8278019 0.06926071 0.8294194 0.05911344 0.8294194 0.06926071 0.8294194 0.05911344 0.8550698 0.05911344 0.8550698 0.06926071 0.8244602 0.05911344 0.8278019 0.05911344 0.8278019 0.06926071 0.8278019 0.05911344 0.8294194 0.05911344 0.8278019 0.06926071 0.8244602 0.05911344 0.8244602 0.04896622 0.8278019 0.05911344 0.8294194 0.05911344 0.8294194 0.04896622 0.8550698 0.05911344 0.8278019 0.05911344 0.8294194 0.04896622 0.8294194 0.05911344 0.8294194 0.04896622 0.8550698 0.04896622 0.8550698 0.05911344 0.8244602 0.04896622 0.8278019 0.04896622 0.8278019 0.05911344 0.8278019 0.05911344 0.8278019 0.04896622 0.8294194 0.04896622 0.8244602 0.04896622 0.8244602 0.03881895 0.8278019 0.04896622 0.8294194 0.04896622 0.8294194 0.03881895 0.8550698 0.04896622 0.8278019 0.04896622 0.8294194 0.03881895 0.8294194 0.04896622 0.8294194 0.03881895 0.8550698 0.03881895 0.8550698 0.04896622 0.8244602 0.03881895 0.8278019 0.03881895 0.8278019 0.04896622 0.8278019 0.04896622 0.8278019 0.03881895 0.8294194 0.03881895 0.8244602 0.03881895 0.8244602 0.02865642 0.8278019 0.03881895 0.8294194 0.03881895 0.8294194 0.02865642 0.8550698 0.03881895 0.8278019 0.03881895 0.8294194 0.02865642 0.8294194 0.03881895 0.8294194 0.02865642 0.8550698 0.02865642 0.8550698 0.03881895 0.8244602 0.02865642 0.8278019 0.02865642 0.8278019 0.03881895 0.8278019 0.03881895 0.8278019 0.02865642 0.8294194 0.02865642 0.8244602 0.02865642 0.8244602 0.0185092 0.8278019 0.02865642 0.8294194 0.02865642 0.8294194 0.0185092 0.8550698 0.02865642 0.8278019 0.02865642 0.8294194 0.0185092 0.8294194 0.02865642 0.8294194 0.0185092 0.8550698 0.0185092 0.8550698 0.02865642 0.8244602 0.0185092 0.8278019 0.0185092 0.8278019 0.02865642 0.8278019 0.02865642 0.8278019 0.0185092 0.8294194 0.0185092 0.8244602 0.0185092 0.8244602 0.008361935 0.8278019 0.0185092 0.8244602 0.008361935 0.8278019 0.008361935 0.8278019 0.0185092 0.8278019 0.0185092 0.8278019 0.008361935 0.8294194 0.008361935 0.8278019 0.0185092 0.8294194 0.008361935 0.8294194 0.0185092 0.8294194 0.0185092 0.8294194 0.008361935 0.8550698 0.0185092 0.8294194 0.008361935 0.8550698 0.008361935 0.8550698 0.0185092 0.8565194 0.5908141 0.4987259 0.611841 0.871931 0.611841 0.4220798 0.5908141 0.4066834 0.611841 0.4987259 0.611841 0.4987259 0.5908141 0.4987259 0.611841 0.8565194 0.5908141 0.4987259 0.5908141 0.4220798 0.5908141 0.4987259 0.611841 0.8554208 0.5022812 0.4987259 0.5908141 0.8565194 0.5908141 0.4987259 0.5908141 0.4231937 0.5022812 0.4220798 0.5908141 0.8554208 0.5022812 0.4987259 0.5022812 0.4987259 0.5908141 0.4987259 0.5022812 0.4231937 0.5022812 0.4987259 0.5908141 0.5424277 0.1384146 0.5906157 0.1384146 0.5424277 0.1459525 0.5906157 0.1384146 0.6387885 0.1384146 0.6387885 0.1459525 0.5906157 0.1384146 0.5906157 0.1459525 0.5424277 0.1459525 0.5906157 0.1384146 0.6387885 0.1459525 0.5906157 0.1459525 0.5424277 0.1459525 0.5906157 0.1459525 0.5424277 0.1570611 0.6387885 0.1459525 0.6387885 0.1570611 0.5906157 0.1459525 0.5906157 0.1459525 0.5906157 0.1570611 0.5424277 0.1570611 0.5906157 0.1459525 0.6387885 0.1570611 0.5906157 0.1570611 0.5424277 0.1570611 0.5906157 0.1570611 0.5424277 0.1732662 0.6387885 0.1570611 0.6387885 0.1732662 0.5906157 0.1570611 0.5906157 0.1570611 0.5906157 0.1732662 0.5424277 0.1732662 0.5906157 0.1570611 0.6387885 0.1732662 0.5906157 0.1732662 0.5424277 0.1732662 0.5906157 0.1732662 0.5911497 0.1774777 0.6387885 0.1732662 0.5911497 0.1774777 0.5906157 0.1732662 0.03953611 0.19411 0.01150524 0.2027466 0.01150524 0.19411 0.03953611 0.2027466 0.01150524 0.2027466 0.03953611 0.19411 0.05531394 0.19411 0.03953611 0.2027466 0.03953611 0.19411 0.03953611 0.2027466 0.03953611 0.2066072 0.01150524 0.2027466 0.03953611 0.2066072 0.01150524 0.2066072 0.01150524 0.2027466 0.05531394 0.19411 0.05531394 0.2027466 0.03953611 0.2027466 0.05531394 0.2027466 0.03953611 0.2066072 0.03953611 0.2027466 0.05531394 0.19411 0.07235825 0.19411 0.05531394 0.2027466 0.03953611 0.2066072 0.03953611 0.2108034 0.01150524 0.2066072 0.01150524 0.2066072 0.03953611 0.2108034 0.01150524 0.2108034 0.05531394 0.2027466 0.05531394 0.2066072 0.03953611 0.2066072 0.03953611 0.2108034 0.03953611 0.2283665 0.01150524 0.2108034 0.01150524 0.2108034 0.03953611 0.2283665 0.01150524 0.2283665 0.03953611 0.2283665 0.01150524 0.2324712 0.01150524 0.2283665 0.03953611 0.2066072 0.05531394 0.2108034 0.03953611 0.2108034 0.05531394 0.2066072 0.05531394 0.2108034 0.03953611 0.2066072 0.03953611 0.2108034 0.05531394 0.2283665 0.03953611 0.2283665 0.05531394 0.2108034 0.05531394 0.2283665 0.03953611 0.2108034 0.03953611 0.2283665 0.03953611 0.2324712 0.01150524 0.2324712 0.05531394 0.2283665 0.03953611 0.2324712 0.03953611 0.2283665 0.03953611 0.2324712 0.01150524 0.2363318 0.01150524 0.2324712 0.01150524 0.2363318 0.03953611 0.2466316 0.01150524 0.2466316 0.01150524 0.2363318 0.03953611 0.2363318 0.03953611 0.2466316 0.03953611 0.2324712 0.03953611 0.2363318 0.01150524 0.2363318 0.03953611 0.2466316 0.03953611 0.2363318 0.05531394 0.2466316 0.05531394 0.2283665 0.05531394 0.2324712 0.03953611 0.2324712 0.03953611 0.2324712 0.05531394 0.2324712 0.03953611 0.2363318 0.03953611 0.2363318 0.05531394 0.2363318 0.05531394 0.2466316 0.03953611 0.2363318 0.05531394 0.2324712 0.05531394 0.2363318 0.05531394 0.2466316 0.05531394 0.2363318 0.07235825 0.2466316 0.05531394 0.2324712 0.07235825 0.2363318 0.05531394 0.2363318 0.05531394 0.2363318 0.07235825 0.2363318 0.07235825 0.2466316 0.05531394 0.2283665 0.07235825 0.2283665 0.05531394 0.2324712 0.05531394 0.2108034 0.07235825 0.2283665 0.05531394 0.2283665 0.05531394 0.2324712 0.07235825 0.2324712 0.07235825 0.2363318 0.05531394 0.2324712 0.07235825 0.2283665 0.07235825 0.2324712 0.07235825 0.2466316 0.07235825 0.2363318 0.09198135 0.2363318 0.09198135 0.2363318 0.07235825 0.2363318 0.07235825 0.2324712 0.07235825 0.2466316 0.09198135 0.2363318 0.09198135 0.2466316 0.09198135 0.2324712 0.09198135 0.2363318 0.07235825 0.2324712 0.09198135 0.2324712 0.07235825 0.2324712 0.07235825 0.2283665 0.09198135 0.2363318 0.1200731 0.2363318 0.09198135 0.2466316 0.09198135 0.2324712 0.1200731 0.2363318 0.09198135 0.2363318 0.09198135 0.2466316 0.1200731 0.2363318 0.1200731 0.2466316 0.09198135 0.2283665 0.09198135 0.2324712 0.07235825 0.2283665 0.1200731 0.2363318 0.1699092 0.2363318 0.1200731 0.2466316 0.1200731 0.2466316 0.1699092 0.2363318 0.1699092 0.2466316 0.1699092 0.2363318 0.1973907 0.2466316 0.1699092 0.2466316 0.1200731 0.2324712 0.1200731 0.2363318 0.09198135 0.2324712 0.09198135 0.2283665 0.1200731 0.2324712 0.09198135 0.2324712 0.1699092 0.2324712 0.1699092 0.2363318 0.1200731 0.2363318 0.1699092 0.2324712 0.1200731 0.2363318 0.1200731 0.2324712 0.1699092 0.2363318 0.1973907 0.2363318 0.1973907 0.2466316 0.1973907 0.2466316 0.1973907 0.2363318 0.2359197 0.2466316 0.1699092 0.2324712 0.1973907 0.2324712 0.1699092 0.2363318 0.1973907 0.2324712 0.1973907 0.2363318 0.1699092 0.2363318 0.1200731 0.2283665 0.1699092 0.2324712 0.1200731 0.2324712 0.09198135 0.2283665 0.1200731 0.2283665 0.1200731 0.2324712 0.1973907 0.2363318 0.2359197 0.2363318 0.2359197 0.2466316 0.2359197 0.2466316 0.2359197 0.2363318 0.2744488 0.2363318 0.2359197 0.2466316 0.2744488 0.2363318 0.2744488 0.2466316 0.1973907 0.2363318 0.2359197 0.2324712 0.2359197 0.2363318 0.2359197 0.2324712 0.2744488 0.2363318 0.2359197 0.2363318 0.1973907 0.2324712 0.2359197 0.2324712 0.1973907 0.2363318 0.2744488 0.2363318 0.3019303 0.2363318 0.2744488 0.2466316 0.2744488 0.2466316 0.3019303 0.2363318 0.3019303 0.2466316 0.3019303 0.2363318 0.3517662 0.2466316 0.3019303 0.2466316 0.2359197 0.2324712 0.2744488 0.2324712 0.2744488 0.2363318 0.2744488 0.2363318 0.2744488 0.2324712 0.3019303 0.2363318 0.1973907 0.2324712 0.2359197 0.2283665 0.2359197 0.2324712 0.2359197 0.2283665 0.2744488 0.2324712 0.2359197 0.2324712 0.3019303 0.2363318 0.3517662 0.2363318 0.3517662 0.2466316 0.3517662 0.2363318 0.3798428 0.2466316 0.3517662 0.2466316 0.2744488 0.2324712 0.3019303 0.2324712 0.3019303 0.2363318 0.3019303 0.2324712 0.3517662 0.2363318 0.3019303 0.2363318 0.3517662 0.2363318 0.3798428 0.2363318 0.3798428 0.2466316 0.3994659 0.2466316 0.3798428 0.2466316 0.3798428 0.2363318 0.2744488 0.2283665 0.3019303 0.2324712 0.2744488 0.2324712 0.2359197 0.2283665 0.2744488 0.2283665 0.2744488 0.2324712 0.3517662 0.2324712 0.3517662 0.2363318 0.3019303 0.2324712 0.2744488 0.2283665 0.3019303 0.2283665 0.3019303 0.2324712 0.3798428 0.2324712 0.3517662 0.2363318 0.3517662 0.2324712 0.3798428 0.2324712 0.3798428 0.2363318 0.3517662 0.2363318 0.3517662 0.2283665 0.3517662 0.2324712 0.3019303 0.2324712 0.3019303 0.2283665 0.3517662 0.2283665 0.3019303 0.2324712 0.3798428 0.2283665 0.3798428 0.2324712 0.3517662 0.2324712 0.3517662 0.2283665 0.3798428 0.2283665 0.3517662 0.2324712 0.2744488 0.2283665 0.3019303 0.2108034 0.3019303 0.2283665 0.3019303 0.2108034 0.3517662 0.2283665 0.3019303 0.2283665 0.2744488 0.2108034 0.3019303 0.2108034 0.2744488 0.2283665 0.2359197 0.2283665 0.2744488 0.2108034 0.2744488 0.2283665 0.3019303 0.2108034 0.3517662 0.2108034 0.3517662 0.2283665 0.2744488 0.2108034 0.3019303 0.2066072 0.3019303 0.2108034 0.3019303 0.2066072 0.3517662 0.2108034 0.3019303 0.2108034 0.3517662 0.2108034 0.3798428 0.2108034 0.3517662 0.2283665 0.3517662 0.2283665 0.3798428 0.2108034 0.3798428 0.2283665 0.3019303 0.2066072 0.3517662 0.2066072 0.3517662 0.2108034 0.3517662 0.2066072 0.3798428 0.2108034 0.3517662 0.2108034 0.2744488 0.2066072 0.3019303 0.2066072 0.2744488 0.2108034 0.3517662 0.2066072 0.3798428 0.2066072 0.3798428 0.2108034 0.3517662 0.2027466 0.3517662 0.2066072 0.3019303 0.2066072 0.3517662 0.2027466 0.3798428 0.2066072 0.3517662 0.2066072 0.3798428 0.2108034 0.3994659 0.2108034 0.3798428 0.2283665 0.3798428 0.2066072 0.3994659 0.2108034 0.3798428 0.2108034 0.3019303 0.2027466 0.3517662 0.2027466 0.3019303 0.2066072 0.3019303 0.2027466 0.3019303 0.2066072 0.2744488 0.2066072 0.3517662 0.2027466 0.3798428 0.2027466 0.3798428 0.2066072 0.3019303 0.2027466 0.3517662 0.19411 0.3517662 0.2027466 0.3517662 0.19411 0.3798428 0.19411 0.3517662 0.2027466 0.3798428 0.19411 0.3798428 0.2027466 0.3517662 0.2027466 0.3019303 0.19411 0.3517662 0.19411 0.3019303 0.2027466 0.3798428 0.19411 0.3994659 0.19411 0.3798428 0.2027466 0.2744488 0.19411 0.3019303 0.19411 0.3019303 0.2027466 0.2744488 0.19411 0.3019303 0.2027466 0.2744488 0.2027466 0.2744488 0.2027466 0.3019303 0.2027466 0.2744488 0.2066072 0.2359197 0.19411 0.2744488 0.19411 0.2744488 0.2027466 0.3798428 0.2066072 0.3798428 0.2027466 0.3994659 0.2066072 0.3798428 0.2066072 0.3994659 0.2066072 0.3994659 0.2108034 0.3798428 0.2027466 0.3994659 0.2027466 0.3994659 0.2066072 0.3994659 0.19411 0.3994659 0.2027466 0.3798428 0.2027466 0.3994659 0.2066072 0.3994659 0.2027466 0.4165255 0.2066072 0.3994659 0.2066072 0.4165255 0.2066072 0.3994659 0.2108034 0.3994659 0.19411 0.4165255 0.2027466 0.3994659 0.2027466 0.3994659 0.2027466 0.4165255 0.2027466 0.4165255 0.2066072 0.3994659 0.19411 0.4165255 0.19411 0.4165255 0.2027466 0.4165255 0.19411 0.4322881 0.2027466 0.4165255 0.2027466 0.4165255 0.19411 0.4322881 0.19411 0.4322881 0.2027466 0.4165255 0.2066072 0.4165255 0.2027466 0.4322881 0.2066072 0.4322881 0.2027466 0.4322881 0.2066072 0.4165255 0.2027466 0.4322881 0.19411 0.4603189 0.2027466 0.4322881 0.2027466 0.4322881 0.19411 0.4603189 0.19411 0.4603189 0.2027466 0.4322881 0.2027466 0.4603189 0.2027466 0.4322881 0.2066072 0.4603189 0.2027466 0.4603189 0.2066072 0.4322881 0.2066072 0.4165255 0.2066072 0.4322881 0.2066072 0.4165255 0.2108034 0.3994659 0.2108034 0.4165255 0.2066072 0.4165255 0.2108034 0.4322881 0.2066072 0.4603189 0.2066072 0.4322881 0.2108034 0.4165255 0.2108034 0.4322881 0.2066072 0.4322881 0.2108034 0.4603189 0.2066072 0.4603189 0.2108034 0.4322881 0.2108034 0.3994659 0.2108034 0.4165255 0.2108034 0.3994659 0.2283665 0.3994659 0.2108034 0.3994659 0.2283665 0.3798428 0.2283665 0.3798428 0.2283665 0.3994659 0.2283665 0.3798428 0.2324712 0.4165255 0.2108034 0.4322881 0.2108034 0.4165255 0.2283665 0.4165255 0.2108034 0.4165255 0.2283665 0.3994659 0.2283665 0.4322881 0.2108034 0.4603189 0.2108034 0.4322881 0.2283665 0.4322881 0.2108034 0.4322881 0.2283665 0.4165255 0.2283665 0.4603189 0.2108034 0.4603189 0.2283665 0.4322881 0.2283665 0.4322881 0.2283665 0.4603189 0.2283665 0.4603189 0.2324712 0.4322881 0.2283665 0.4603189 0.2324712 0.4322881 0.2324712 0.4322881 0.2283665 0.4322881 0.2324712 0.4165255 0.2283665 0.4603189 0.2324712 0.4603189 0.2363318 0.4322881 0.2324712 0.4603189 0.2363318 0.4603189 0.2466316 0.4322881 0.2466316 0.4322881 0.2363318 0.4603189 0.2363318 0.4322881 0.2466316 0.4322881 0.2324712 0.4603189 0.2363318 0.4322881 0.2363318 0.4322881 0.2363318 0.4322881 0.2466316 0.4165255 0.2466316 0.4165255 0.2283665 0.4322881 0.2324712 0.4165255 0.2324712 0.4165255 0.2324712 0.4322881 0.2324712 0.4322881 0.2363318 0.3994659 0.2283665 0.4165255 0.2283665 0.4165255 0.2324712 0.4165255 0.2363318 0.4322881 0.2363318 0.4165255 0.2466316 0.4165255 0.2324712 0.4322881 0.2363318 0.4165255 0.2363318 0.4165255 0.2363318 0.4165255 0.2466316 0.3994659 0.2466316 0.3994659 0.2324712 0.3994659 0.2283665 0.4165255 0.2324712 0.3798428 0.2324712 0.3994659 0.2283665 0.3994659 0.2324712 0.3798428 0.2324712 0.3994659 0.2324712 0.3798428 0.2363318 0.3994659 0.2363318 0.4165255 0.2324712 0.4165255 0.2363318 0.3994659 0.2324712 0.4165255 0.2324712 0.3994659 0.2363318 0.3994659 0.2363318 0.4165255 0.2363318 0.3994659 0.2466316 0.3994659 0.2324712 0.3994659 0.2363318 0.3798428 0.2363318 0.3994659 0.2363318 0.3994659 0.2466316 0.3798428 0.2363318 0.475349 0.3833677 0.5551842 0.3799039 0.4762799 0.3923552 0.5551842 0.3799039 0.6350042 0.3833677 0.6340734 0.3923552 0.5551842 0.3799039 0.5551842 0.388983 0.4762799 0.3923552 0.5551842 0.3799039 0.6340734 0.3923552 0.5551842 0.388983 0.4762799 0.3923552 0.4315099 0.4019226 0.4300755 0.3934081 0.6340734 0.3923552 0.680293 0.3934081 0.6788434 0.4019226 0.4762799 0.3923552 0.4843824 0.471046 0.4315099 0.4019226 0.4762799 0.3923552 0.5551842 0.388983 0.4843824 0.471046 0.6340734 0.3923552 0.6259708 0.471046 0.5551842 0.388983 0.6340734 0.3923552 0.6788434 0.4019226 0.6259708 0.471046 0.5551842 0.388983 0.5551842 0.468513 0.4843824 0.471046 0.5551842 0.388983 0.6259708 0.471046 0.5551842 0.468513 0.4843824 0.471046 0.5551842 0.468513 0.4852064 0.4787366 0.5551842 0.468513 0.5551842 0.4762646 0.4852064 0.4787366 0.5551842 0.468513 0.6251621 0.4787366 0.5551842 0.4762646 0.5551842 0.468513 0.6259708 0.471046 0.6251621 0.4787366 0.4843824 0.471046 0.4852064 0.4787366 0.4450599 0.4823987 0.6251621 0.4787366 0.6259708 0.471046 0.6652933 0.4823987 0.4843824 0.471046 0.4450599 0.4823987 0.4439765 0.4748455 0.4843824 0.471046 0.4439765 0.4748455 0.4315099 0.4019226 0.4450599 0.4823987 0.4221256 0.4764782 0.4439765 0.4748455 0.4315099 0.4019226 0.4439765 0.4748455 0.4221256 0.4764782 0.4450599 0.4823987 0.4205539 0.4838026 0.4221256 0.4764782 0.6259708 0.471046 0.6663768 0.4748455 0.6652933 0.4823987 0.6259708 0.471046 0.6788434 0.4019226 0.6663768 0.4748455 0.6652933 0.4823987 0.6663768 0.4748455 0.6882277 0.4764782 0.6663768 0.4748455 0.6788434 0.4019226 0.6882277 0.4764782 0.6652933 0.4823987 0.6882277 0.4764782 0.6897994 0.4838026 0.6788434 0.4019226 0.7067063 0.4106813 0.6882277 0.4764782 0.6788434 0.4019226 0.7088273 0.4030823 0.7067063 0.4106813 0.7067063 0.4106813 0.7088273 0.4030823 0.7246051 0.412726 0.6882277 0.4764782 0.6972916 0.4733501 0.6897994 0.4838026 0.6897994 0.4838026 0.6972916 0.4733501 0.7035172 0.4793774 0.6882277 0.4764782 0.7067063 0.4106813 0.7219654 0.4188296 0.6882277 0.4764782 0.7219654 0.4188296 0.6972916 0.4733501 0.7067063 0.4106813 0.7246051 0.412726 0.7219654 0.4188296 0.6972916 0.4733501 0.7219654 0.4188296 0.7035172 0.4793774 0.7219654 0.4188296 0.7246051 0.412726 0.7336996 0.4181735 0.7219654 0.4188296 0.7336996 0.4181735 0.7035172 0.4793774 0.4221256 0.4764782 0.4205539 0.4838026 0.4130617 0.4733501 0.4205539 0.4838026 0.406836 0.4793774 0.4130617 0.4733501 0.4130617 0.4733501 0.406836 0.4793774 0.3883879 0.4188296 0.4221256 0.4764782 0.4130617 0.4733501 0.3883879 0.4188296 0.3883879 0.4188296 0.406836 0.4793774 0.3766537 0.4181735 0.3883879 0.4188296 0.3766537 0.4181735 0.3857481 0.412726 0.4221256 0.4764782 0.3883879 0.4188296 0.4036469 0.4106813 0.4036469 0.4106813 0.3883879 0.4188296 0.3857481 0.412726 0.4315099 0.4019226 0.4221256 0.4764782 0.4036469 0.4106813 0.4036469 0.4106813 0.3857481 0.412726 0.4015259 0.4030823 0.4315099 0.4019226 0.4036469 0.4106813 0.4015259 0.4030823 0.03155565 0.6598154 0.03155565 0.6419775 0.01486223 0.6598154 0.03155565 0.6598154 0.01486223 0.6598154 0.01120007 0.6934463 0.06106656 0.6356145 0.03155565 0.6419775 0.03155565 0.6598154 0.0301823 0.6934463 0.03155565 0.6598154 0.01120007 0.6934463 0.0301823 0.6934463 0.01120007 0.6934463 0.01750206 0.7310292 0.06106656 0.6598154 0.06106656 0.6356145 0.03155565 0.6598154 0.06106656 0.6598154 0.03155565 0.6598154 0.0301823 0.6934463 0.06106656 0.6598154 0.1054551 0.6598154 0.06106656 0.6356145 0.06106656 0.6356145 0.1054551 0.6598154 0.1054551 0.6335698 0.06106656 0.6932937 0.06106656 0.6598154 0.0301823 0.6934463 0.1594263 0.6598154 0.1054551 0.6335698 0.1054551 0.6598154 0.1593804 0.6333257 0.1054551 0.6335698 0.1594263 0.6598154 0.1054551 0.6923018 0.1054551 0.6598154 0.06106656 0.6598154 0.1054551 0.6923018 0.06106656 0.6598154 0.06106656 0.6932937 0.1594873 0.6914168 0.1594263 0.6598154 0.1054551 0.6598154 0.1054551 0.6923018 0.1594873 0.6914168 0.1054551 0.6598154 0.2179751 0.6598154 0.1593804 0.6333257 0.1594263 0.6598154 0.2179751 0.6333257 0.1593804 0.6333257 0.2179751 0.6598154 0.1594873 0.6914168 0.2179751 0.6899519 0.1594263 0.6598154 0.2179751 0.6598154 0.1594263 0.6598154 0.2179751 0.6899519 0.2743572 0.6598154 0.2179751 0.6333257 0.2179751 0.6598154 0.2743572 0.6333257 0.2179751 0.6333257 0.2743572 0.6598154 0.2743572 0.6879683 0.2179751 0.6598154 0.2179751 0.6899519 0.2743572 0.6598154 0.2179751 0.6598154 0.2743572 0.6879683 0.3871977 0.6598154 0.2743572 0.6333257 0.2743572 0.6598154 0.3872282 0.6333257 0.2743572 0.6333257 0.3871977 0.6598154 0.2743572 0.6598154 0.2743572 0.6879683 0.3871824 0.6860914 0.3871977 0.6598154 0.2743572 0.6598154 0.3871824 0.6860914 0.3872282 0.6333257 0.3871977 0.6598154 0.4925612 0.6598154 0.4925612 0.6333257 0.3872282 0.6333257 0.4925612 0.6598154 0.5188068 0.6336004 0.4925612 0.6333257 0.4925612 0.6598154 0.4925612 0.6860914 0.3871977 0.6598154 0.3871824 0.6860914 0.4925612 0.6860914 0.4925612 0.6598154 0.3871977 0.6598154 0.5188068 0.6336004 0.4925612 0.6598154 0.5219501 0.6598154 0.5710384 0.633341 0.5188068 0.6336004 0.5219501 0.6598154 0.5219501 0.6598154 0.4925612 0.6598154 0.5262532 0.6860914 0.4925612 0.6860914 0.5262532 0.6860914 0.4925612 0.6598154 0.5710384 0.633341 0.5219501 0.6598154 0.5710384 0.6598154 0.5710384 0.6598154 0.5219501 0.6598154 0.5262532 0.6860914 0.6724346 0.6598154 0.5710384 0.633341 0.5710384 0.6598154 0.6724346 0.6598154 0.6724346 0.633341 0.5710384 0.633341 0.5710384 0.6860914 0.5710384 0.6598154 0.5262532 0.6860914 0.6724346 0.6598154 0.7133593 0.6598154 0.6724346 0.633341 0.6724346 0.633341 0.7133593 0.6598154 0.7133593 0.633341 0.7133593 0.633341 0.7133593 0.6598154 0.7268788 0.6446937 0.7133593 0.6598154 0.7343709 0.657969 0.7268788 0.6446937 0.6724346 0.6860914 0.6724346 0.6598154 0.5710384 0.6598154 0.5710384 0.6860914 0.6724346 0.6860914 0.5710384 0.6598154 0.7249409 0.6717327 0.7343709 0.657969 0.7133593 0.6598154 0.7343709 0.7085832 0.7343709 0.657969 0.7249409 0.6717327 0.6724346 0.6598154 0.7133593 0.6860914 0.7133593 0.6598154 0.7133593 0.6860914 0.7249409 0.6717327 0.7133593 0.6598154 0.6724346 0.6860914 0.7133593 0.6860914 0.6724346 0.6598154 0.7249409 0.7085832 0.7343709 0.7085832 0.7249409 0.6717327 0.7249409 0.7085832 0.7249409 0.6717327 0.7133593 0.6860914 0.7331655 0.7236439 0.7343709 0.7085832 0.7249409 0.7085832 0.6724346 0.6860914 0.6724346 0.7085832 0.7133593 0.6860914 0.5710384 0.6860914 0.6724346 0.7085832 0.6724346 0.6860914 0.7133593 0.7085832 0.7249409 0.7085832 0.7133593 0.6860914 0.6724346 0.7085832 0.7133593 0.7085832 0.7133593 0.6860914 0.7262379 0.7225605 0.7331655 0.7236439 0.7249409 0.7085832 0.7262379 0.7225605 0.7249409 0.7085832 0.7133593 0.7085832 0.7276112 0.737377 0.7331655 0.7236439 0.7262379 0.7225605 0.7138781 0.726833 0.7262379 0.7225605 0.7133593 0.7085832 0.7138781 0.726833 0.7276112 0.737377 0.7262379 0.7225605 0.7138781 0.726833 0.7133593 0.7085832 0.6724346 0.7085832 0.7159075 0.7439841 0.7276112 0.737377 0.7138781 0.726833 0.6724346 0.7308614 0.7159075 0.7439841 0.7138781 0.726833 0.6724346 0.7308614 0.7138781 0.726833 0.6724346 0.7085832 0.6724346 0.7308614 0.6724346 0.7472649 0.7159075 0.7439841 0.5710384 0.7085832 0.6724346 0.7085832 0.5710384 0.6860914 0.5710384 0.7085832 0.5710384 0.6860914 0.5262532 0.6860914 0.6188296 0.7225147 0.6724346 0.7308614 0.6724346 0.7085832 0.5710384 0.7085832 0.6188296 0.7225147 0.6724346 0.7085832 0.6724346 0.7308614 0.6188296 0.7324636 0.6724346 0.7472649 0.6188296 0.7225147 0.6188296 0.7324636 0.6724346 0.7308614 0.6188296 0.7464408 0.6724346 0.7472649 0.6188296 0.7324636 0.5712215 0.7225147 0.6188296 0.7225147 0.5710384 0.7085832 0.5712215 0.7225147 0.6188296 0.7324636 0.6188296 0.7225147 0.5712215 0.7321889 0.6188296 0.7464408 0.6188296 0.7324636 0.5712215 0.7225147 0.5712215 0.7321889 0.6188296 0.7324636 0.5712215 0.7321889 0.5712215 0.7451133 0.6188296 0.7464408 0.5712215 0.7225147 0.5710384 0.7085832 0.5293202 0.7085832 0.5710384 0.7085832 0.5262532 0.6860914 0.5293202 0.7085832 0.5712215 0.7225147 0.5308461 0.7298085 0.5712215 0.7321889 0.5308461 0.7298085 0.5712215 0.7451133 0.5712215 0.7321889 0.5712215 0.7225147 0.5293202 0.7085832 0.5308461 0.7298085 0.5308461 0.7298085 0.5304036 0.7427634 0.5712215 0.7451133 0.5293202 0.7085832 0.5262532 0.6860914 0.4925612 0.6860914 0.5308461 0.7298085 0.4925612 0.72607 0.5304036 0.7427634 0.5293202 0.7085832 0.4925612 0.72607 0.5308461 0.7298085 0.5304036 0.7427634 0.4925612 0.72607 0.4925612 0.7401389 0.4925612 0.72607 0.3872282 0.7412375 0.4925612 0.7401389 0.5293202 0.7085832 0.4925612 0.6860914 0.4925612 0.7085832 0.5293202 0.7085832 0.4925612 0.7085832 0.4925612 0.72607 0.4925612 0.72607 0.3871977 0.7255512 0.3872282 0.7412375 0.4925612 0.7085832 0.3871977 0.7255512 0.4925612 0.72607 0.3872282 0.7412375 0.3871977 0.7255512 0.2743572 0.7440604 0.4925612 0.7085832 0.4925612 0.6860914 0.3871977 0.7085832 0.4925612 0.7085832 0.3871977 0.7085832 0.3871977 0.7255512 0.3871977 0.7085832 0.4925612 0.6860914 0.3871824 0.6860914 0.3871977 0.7085832 0.3871824 0.6860914 0.2743572 0.6879683 0.3871977 0.7085832 0.2743572 0.6879683 0.2743572 0.71075 0.3871977 0.7255512 0.3871977 0.7085832 0.2743572 0.71075 0.2743572 0.71075 0.2743572 0.6879683 0.2179751 0.6899519 0.3871977 0.7255512 0.2743572 0.71075 0.2743572 0.7286335 0.3871977 0.7255512 0.2743572 0.7286335 0.2743572 0.7440604 0.2179751 0.716701 0.2743572 0.71075 0.2179751 0.6899519 0.2743572 0.7286335 0.2743572 0.71075 0.2179751 0.716701 0.2179751 0.716701 0.2179751 0.6899519 0.1594873 0.6914168 0.2743572 0.7440604 0.2743572 0.7286335 0.2179751 0.7381399 0.2743572 0.7286335 0.2179751 0.716701 0.2179751 0.7381399 0.2743572 0.7440604 0.2179751 0.7381399 0.2179751 0.7567865 0.2179751 0.716701 0.1594873 0.6914168 0.1595483 0.722591 0.2179751 0.716701 0.1595483 0.722591 0.2179751 0.7381399 0.1595483 0.722591 0.1594873 0.6914168 0.1054551 0.6923018 0.2179751 0.7567865 0.2179751 0.7381399 0.1596094 0.7485466 0.2179751 0.7381399 0.1595483 0.722591 0.1596094 0.7485466 0.2179751 0.7567865 0.1596094 0.7485466 0.1596551 0.7684291 0.1595483 0.722591 0.1054551 0.6923018 0.1054551 0.7260395 0.1595483 0.722591 0.1054551 0.7260395 0.1596094 0.7485466 0.1054551 0.7260395 0.1054551 0.6923018 0.06106656 0.6932937 0.1596551 0.7684291 0.1596094 0.7485466 0.1054551 0.7554437 0.1596094 0.7485466 0.1054551 0.7260395 0.1054551 0.7554437 0.1596551 0.7684291 0.1054551 0.7554437 0.1054551 0.7775387 0.1054551 0.7260395 0.06106656 0.6932937 0.06295871 0.7279774 0.1054551 0.7554437 0.1054551 0.7260395 0.06295871 0.7279774 0.1054551 0.7775387 0.1054551 0.7554437 0.06430149 0.7603571 0.1054551 0.7554437 0.06295871 0.7279774 0.06430149 0.7603571 0.1054551 0.7775387 0.06430149 0.7603571 0.06430149 0.7813382 0.06430149 0.7603571 0.05493247 0.7591668 0.06430149 0.7813382 0.06430149 0.7603571 0.06295871 0.7279774 0.05493247 0.7591668 0.06430149 0.7813382 0.05493247 0.7591668 0.04797434 0.7783169 0.05493247 0.7591668 0.03285264 0.7654231 0.04797434 0.7783169 0.05493247 0.7591668 0.04597538 0.7520714 0.03285264 0.7654231 0.05493247 0.7591668 0.06295871 0.7279774 0.04597538 0.7520714 0.03285264 0.7654231 0.04597538 0.7520714 0.02371251 0.750042 0.04597538 0.7520714 0.0396887 0.7409629 0.02371251 0.750042 0.04597538 0.7520714 0.06295871 0.7279774 0.0396887 0.7409629 0.01750206 0.7310292 0.02371251 0.750042 0.0396887 0.7409629 0.03575187 0.7291371 0.0396887 0.7409629 0.06295871 0.7279774 0.03575187 0.7291371 0.01750206 0.7310292 0.0396887 0.7409629 0.06106656 0.6932937 0.03575187 0.7291371 0.06295871 0.7279774 0.0301823 0.6934463 0.01750206 0.7310292 0.03575187 0.7291371 0.06106656 0.6932937 0.0301823 0.6934463 0.03575187 0.7291371 0.6415503 0.08052188 0.6338598 0.1156176 0.6422827 0.1156176 0.6415503 0.08052188 0.6422827 0.1156176 0.6617685 0.1156176 0.6328679 0.08052188 0.6338598 0.1156176 0.6415503 0.08052188 0.6415503 0.08052188 0.6617685 0.1156176 0.6607919 0.08052188 0.6377661 0.0515297 0.6328679 0.08052188 0.6415503 0.08052188 0.6377661 0.0515297 0.6415503 0.08052188 0.6607919 0.08052188 0.6377661 0.0515297 0.6607919 0.08052188 0.656321 0.0458076 0.6377661 0.0515297 0.656321 0.0458076 0.6500038 0.03469902 0.6300297 0.05413901 0.6328679 0.08052188 0.6377661 0.0515297 0.64065 0.02629131 0.6377661 0.0515297 0.6500038 0.03469902 0.6281834 0.03358513 0.6300297 0.05413901 0.6377661 0.0515297 0.6281834 0.03358513 0.6377661 0.0515297 0.64065 0.02629131 0.6229648 0.03920042 0.6300297 0.05413901 0.6281834 0.03358513 0.6111696 0.01564049 0.6281834 0.03358513 0.64065 0.02629131 0.6111696 0.02211034 0.6229648 0.03920042 0.6281834 0.03358513 0.6111696 0.02211034 0.6281834 0.03358513 0.6111696 0.01564049 0.6076143 0.02671855 0.6229648 0.03920042 0.6111696 0.02211034 0.5291371 0.02041655 0.6111696 0.02211034 0.6111696 0.01564049 0.5291371 0.02041655 0.6076143 0.02671855 0.6111696 0.02211034 0.5291371 0.02041655 0.6111696 0.01564049 0.5291371 0.01368737 0.5291371 0.02041655 0.5291371 0.02420079 0.6076143 0.02671855 0.5291371 0.02041655 0.5291371 0.01368737 0.4576944 0.012726 0.4554208 0.02197301 0.5291371 0.02420079 0.5291371 0.02041655 0.5291371 0.02041655 0.4576944 0.012726 0.4554208 0.01800566 0.4554208 0.02197301 0.5291371 0.02041655 0.4554208 0.01800566 0.03155565 0.6598154 0.01486223 0.6598154 0.03155565 0.6419775 0.03155565 0.6598154 0.01120007 0.6934463 0.01486223 0.6598154 0.06106656 0.6356145 0.03155565 0.6598154 0.03155565 0.6419775 0.03155565 0.6598154 0.0301823 0.6934463 0.01120007 0.6934463 0.01750206 0.7310292 0.01120007 0.6934463 0.0301823 0.6934463 0.06106656 0.6356145 0.06106656 0.6598154 0.03155565 0.6598154 0.06106656 0.6598154 0.0301823 0.6934463 0.03155565 0.6598154 0.1054551 0.6598154 0.06106656 0.6598154 0.06106656 0.6356145 0.1054551 0.6335698 0.1054551 0.6598154 0.06106656 0.6356145 0.06106656 0.6932937 0.0301823 0.6934463 0.06106656 0.6598154 0.1594263 0.6598154 0.1054551 0.6598154 0.1054551 0.6335698 0.1593804 0.6333257 0.1594263 0.6598154 0.1054551 0.6335698 0.1054551 0.6598154 0.1054551 0.6923018 0.06106656 0.6598154 0.06106656 0.6932937 0.06106656 0.6598154 0.1054551 0.6923018 0.1594263 0.6598154 0.1594873 0.6914168 0.1054551 0.6598154 0.1594873 0.6914168 0.1054551 0.6923018 0.1054551 0.6598154 0.2179751 0.6598154 0.1594263 0.6598154 0.1593804 0.6333257 0.2179751 0.6333257 0.2179751 0.6598154 0.1593804 0.6333257 0.1594263 0.6598154 0.2179751 0.6899519 0.1594873 0.6914168 0.2179751 0.6598154 0.2179751 0.6899519 0.1594263 0.6598154 0.2743572 0.6598154 0.2179751 0.6598154 0.2179751 0.6333257 0.2743572 0.6598154 0.2179751 0.6333257 0.2743572 0.6333257 0.2743572 0.6879683 0.2179751 0.6899519 0.2179751 0.6598154 0.2743572 0.6879683 0.2179751 0.6598154 0.2743572 0.6598154 0.2743572 0.6598154 0.2743572 0.6333257 0.3871977 0.6598154 0.3871977 0.6598154 0.2743572 0.6333257 0.3872282 0.6333257 0.3871824 0.6860914 0.2743572 0.6879683 0.2743572 0.6598154 0.3871824 0.6860914 0.2743572 0.6598154 0.3871977 0.6598154 0.4925612 0.6598154 0.3871977 0.6598154 0.3872282 0.6333257 0.4925612 0.6598154 0.3872282 0.6333257 0.4925612 0.6333257 0.4925612 0.6598154 0.4925612 0.6333257 0.5188068 0.6336004 0.3871824 0.6860914 0.3871977 0.6598154 0.4925612 0.6860914 0.4925612 0.6860914 0.3871977 0.6598154 0.4925612 0.6598154 0.3871977 0.7085832 0.2743572 0.6879683 0.3871824 0.6860914 0.3871977 0.7085832 0.3871824 0.6860914 0.4925612 0.6860914 0.5219501 0.6598154 0.4925612 0.6598154 0.5188068 0.6336004 0.5219501 0.6598154 0.5188068 0.6336004 0.5710384 0.633341 0.5262532 0.6860914 0.4925612 0.6598154 0.5219501 0.6598154 0.4925612 0.6860914 0.4925612 0.6598154 0.5262532 0.6860914 0.5219501 0.6598154 0.5710384 0.633341 0.5710384 0.6598154 0.5262532 0.6860914 0.5219501 0.6598154 0.5710384 0.6598154 0.5710384 0.6598154 0.5710384 0.633341 0.6724346 0.6598154 0.5710384 0.633341 0.6724346 0.633341 0.6724346 0.6598154 0.5710384 0.6860914 0.5262532 0.6860914 0.5710384 0.6598154 0.6724346 0.6598154 0.6724346 0.633341 0.7133593 0.6598154 0.6724346 0.633341 0.7133593 0.633341 0.7133593 0.6598154 0.7133593 0.6598154 0.7133593 0.633341 0.7268788 0.6446937 0.7343709 0.657969 0.7133593 0.6598154 0.7268788 0.6446937 0.6724346 0.6860914 0.5710384 0.6598154 0.6724346 0.6598154 0.5710384 0.6860914 0.5710384 0.6598154 0.6724346 0.6860914 0.7249409 0.6717327 0.7133593 0.6598154 0.7343709 0.657969 0.7343709 0.7085832 0.7249409 0.6717327 0.7343709 0.657969 0.6724346 0.6598154 0.7133593 0.6598154 0.7133593 0.6860914 0.7249409 0.6717327 0.7133593 0.6860914 0.7133593 0.6598154 0.6724346 0.6860914 0.6724346 0.6598154 0.7133593 0.6860914 0.7249409 0.7085832 0.7249409 0.6717327 0.7343709 0.7085832 0.7249409 0.7085832 0.7133593 0.6860914 0.7249409 0.6717327 0.7331655 0.7236439 0.7249409 0.7085832 0.7343709 0.7085832 0.6724346 0.6860914 0.7133593 0.6860914 0.6724346 0.7085832 0.5710384 0.6860914 0.6724346 0.6860914 0.6724346 0.7085832 0.7133593 0.7085832 0.7133593 0.6860914 0.7249409 0.7085832 0.6724346 0.7085832 0.7133593 0.6860914 0.7133593 0.7085832 0.7262379 0.7225605 0.7249409 0.7085832 0.7331655 0.7236439 0.7133593 0.7085832 0.7249409 0.7085832 0.7262379 0.7225605 0.7276112 0.737377 0.7262379 0.7225605 0.7331655 0.7236439 0.7133593 0.7085832 0.7262379 0.7225605 0.7138781 0.726833 0.7276112 0.737377 0.7138781 0.726833 0.7262379 0.7225605 0.6724346 0.7085832 0.7133593 0.7085832 0.7138781 0.726833 0.7159075 0.7439841 0.7138781 0.726833 0.7276112 0.737377 0.6724346 0.7308614 0.7138781 0.726833 0.7159075 0.7439841 0.6724346 0.7308614 0.6724346 0.7085832 0.7138781 0.726833 0.6724346 0.7308614 0.7159075 0.7439841 0.6724346 0.7472649 0.5710384 0.7085832 0.5710384 0.6860914 0.6724346 0.7085832 0.5710384 0.7085832 0.5262532 0.6860914 0.5710384 0.6860914 0.6188296 0.7225147 0.6724346 0.7085832 0.6724346 0.7308614 0.5710384 0.7085832 0.6724346 0.7085832 0.6188296 0.7225147 0.6188296 0.7324636 0.6724346 0.7308614 0.6724346 0.7472649 0.6188296 0.7225147 0.6724346 0.7308614 0.6188296 0.7324636 0.6188296 0.7324636 0.6724346 0.7472649 0.6188296 0.7464408 0.5712215 0.7225147 0.5710384 0.7085832 0.6188296 0.7225147 0.5712215 0.7225147 0.6188296 0.7225147 0.6188296 0.7324636 0.6188296 0.7324636 0.6188296 0.7464408 0.5712215 0.7321889 0.5712215 0.7225147 0.6188296 0.7324636 0.5712215 0.7321889 0.5712215 0.7321889 0.6188296 0.7464408 0.5712215 0.7451133 0.5712215 0.7225147 0.5293202 0.7085832 0.5710384 0.7085832 0.5293202 0.7085832 0.5262532 0.6860914 0.5710384 0.7085832 0.5712215 0.7225147 0.5712215 0.7321889 0.5308461 0.7298085 0.5712215 0.7321889 0.5712215 0.7451133 0.5308461 0.7298085 0.5712215 0.7225147 0.5308461 0.7298085 0.5293202 0.7085832 0.5308461 0.7298085 0.5712215 0.7451133 0.5304036 0.7427634 0.5293202 0.7085832 0.4925612 0.6860914 0.5262532 0.6860914 0.5308461 0.7298085 0.5304036 0.7427634 0.4925612 0.72607 0.5293202 0.7085832 0.5308461 0.7298085 0.4925612 0.72607 0.5304036 0.7427634 0.4925612 0.7401389 0.4925612 0.72607 0.4925612 0.7401389 0.3872282 0.7412375 0.4925612 0.72607 0.5293202 0.7085832 0.4925612 0.7085832 0.4925612 0.6860914 0.5293202 0.7085832 0.4925612 0.72607 0.4925612 0.7085832 0.4925612 0.7085832 0.3871977 0.7085832 0.4925612 0.6860914 0.4925612 0.72607 0.3872282 0.7412375 0.3871977 0.7255512 0.4925612 0.7085832 0.4925612 0.72607 0.3871977 0.7255512 0.4925612 0.7085832 0.3871977 0.7255512 0.3871977 0.7085832 0.3872282 0.7412375 0.2743572 0.7440604 0.3871977 0.7255512 0.3871977 0.7085832 0.3871977 0.7255512 0.2743572 0.71075 0.3871977 0.7085832 0.2743572 0.71075 0.2743572 0.6879683 0.2743572 0.71075 0.2179751 0.6899519 0.2743572 0.6879683 0.3871977 0.7255512 0.2743572 0.7440604 0.2743572 0.7286335 0.3871977 0.7255512 0.2743572 0.7286335 0.2743572 0.71075 0.2743572 0.71075 0.2179751 0.716701 0.2179751 0.6899519 0.2743572 0.7286335 0.2179751 0.716701 0.2743572 0.71075 0.2179751 0.6899519 0.2179751 0.716701 0.1594873 0.6914168 0.2743572 0.7440604 0.2179751 0.7381399 0.2743572 0.7286335 0.2743572 0.7286335 0.2179751 0.7381399 0.2179751 0.716701 0.2743572 0.7440604 0.2179751 0.7567865 0.2179751 0.7381399 0.1595483 0.722591 0.1594873 0.6914168 0.2179751 0.716701 0.2179751 0.7381399 0.1595483 0.722591 0.2179751 0.716701 0.1595483 0.722591 0.1054551 0.6923018 0.1594873 0.6914168 0.2179751 0.7567865 0.1596094 0.7485466 0.2179751 0.7381399 0.1596094 0.7485466 0.1595483 0.722591 0.2179751 0.7381399 0.2179751 0.7567865 0.1596551 0.7684291 0.1596094 0.7485466 0.1054551 0.7260395 0.1054551 0.6923018 0.1595483 0.722591 0.1054551 0.7260395 0.1595483 0.722591 0.1596094 0.7485466 0.1054551 0.7260395 0.06106656 0.6932937 0.1054551 0.6923018 0.1596551 0.7684291 0.1054551 0.7554437 0.1596094 0.7485466 0.1054551 0.7554437 0.1054551 0.7260395 0.1596094 0.7485466 0.1596551 0.7684291 0.1054551 0.7775387 0.1054551 0.7554437 0.1054551 0.7260395 0.06295871 0.7279774 0.06106656 0.6932937 0.1054551 0.7554437 0.06295871 0.7279774 0.1054551 0.7260395 0.1054551 0.7554437 0.1054551 0.7775387 0.06430149 0.7603571 0.1054551 0.7554437 0.06430149 0.7603571 0.06295871 0.7279774 0.1054551 0.7775387 0.06430149 0.7813382 0.06430149 0.7603571 0.06430149 0.7603571 0.06430149 0.7813382 0.05493247 0.7591668 0.06430149 0.7603571 0.05493247 0.7591668 0.06295871 0.7279774 0.06430149 0.7813382 0.04797434 0.7783169 0.05493247 0.7591668 0.05493247 0.7591668 0.04797434 0.7783169 0.03285264 0.7654231 0.05493247 0.7591668 0.03285264 0.7654231 0.04597538 0.7520714 0.05493247 0.7591668 0.04597538 0.7520714 0.06295871 0.7279774 0.03285264 0.7654231 0.02371251 0.750042 0.04597538 0.7520714 0.04597538 0.7520714 0.02371251 0.750042 0.0396887 0.7409629 0.04597538 0.7520714 0.0396887 0.7409629 0.06295871 0.7279774 0.02371251 0.750042 0.01750206 0.7310292 0.0396887 0.7409629 0.06295871 0.7279774 0.0396887 0.7409629 0.03575187 0.7291371 0.0396887 0.7409629 0.01750206 0.7310292 0.03575187 0.7291371 0.06295871 0.7279774 0.03575187 0.7291371 0.06106656 0.6932937 0.03575187 0.7291371 0.01750206 0.7310292 0.0301823 0.6934463 0.03575187 0.7291371 0.0301823 0.6934463 0.06106656 0.6932937 0.6415503 0.08052188 0.6422827 0.1156176 0.6338598 0.1156176 0.6415503 0.08052188 0.6617685 0.1156176 0.6422827 0.1156176 0.6328679 0.08052188 0.6415503 0.08052188 0.6338598 0.1156176 0.6607919 0.08052188 0.6617685 0.1156176 0.6415503 0.08052188 0.6377661 0.0515297 0.6415503 0.08052188 0.6328679 0.08052188 0.6377661 0.0515297 0.6607919 0.08052188 0.6415503 0.08052188 0.6377661 0.0515297 0.656321 0.0458076 0.6607919 0.08052188 0.6377661 0.0515297 0.6500038 0.03469902 0.656321 0.0458076 0.6300297 0.05413901 0.6377661 0.0515297 0.6328679 0.08052188 0.64065 0.02629131 0.6500038 0.03469902 0.6377661 0.0515297 0.6281834 0.03358513 0.6377661 0.0515297 0.6300297 0.05413901 0.6281834 0.03358513 0.64065 0.02629131 0.6377661 0.0515297 0.6229648 0.03920042 0.6281834 0.03358513 0.6300297 0.05413901 0.6111696 0.01564049 0.64065 0.02629131 0.6281834 0.03358513 0.6111696 0.02211034 0.6281834 0.03358513 0.6229648 0.03920042 0.6111696 0.02211034 0.6111696 0.01564049 0.6281834 0.03358513 0.6076143 0.02671855 0.6111696 0.02211034 0.6229648 0.03920042 0.5291371 0.02041655 0.6111696 0.01564049 0.6111696 0.02211034 0.5291371 0.02041655 0.6111696 0.02211034 0.6076143 0.02671855 0.5291371 0.02041655 0.5291371 0.01368737 0.6111696 0.01564049 0.5291371 0.02041655 0.6076143 0.02671855 0.5291371 0.02420079 0.5291371 0.02041655 0.4576944 0.012726 0.5291371 0.01368737 0.4554208 0.02197301 0.5291371 0.02041655 0.5291371 0.02420079 0.4554208 0.01800566 0.4576944 0.012726 0.5291371 0.02041655 0.4554208 0.02197301 0.4554208 0.01800566 0.5291371 0.02041655 0.7651789 0.1645838 0.7651789 0.1490654 0.7542077 0.1645838 0.7542077 0.2035859 0.7651789 0.1645838 0.7542077 0.1645838 0.7651789 0.1645838 0.8088502 0.161532 0.7651789 0.1490654 0.7542077 0.2035859 0.7651789 0.2035859 0.7651789 0.1645838 0.7542077 0.2035859 0.7651789 0.218616 0.7651789 0.2035859 0.7651789 0.218616 0.8049134 0.2137483 0.7651789 0.2035859 0.7651789 0.1645838 0.8032349 0.1645838 0.8088502 0.161532 0.8032349 0.1645838 0.8114748 0.1852445 0.8088502 0.161532 0.7651789 0.2035859 0.8032349 0.2035859 0.7651789 0.1645838 0.7651789 0.1645838 0.8032349 0.2035859 0.8032349 0.1645838 0.7651789 0.2035859 0.8049134 0.2137483 0.8032349 0.2035859 0.8032349 0.2035859 0.8114748 0.1852445 0.8032349 0.1645838 0.8049134 0.2137483 0.8114748 0.1852445 0.8032349 0.2035859 0.7651789 0.1645838 0.7542077 0.1645838 0.7651789 0.1490654 0.7542077 0.2035859 0.7542077 0.1645838 0.7651789 0.1645838 0.7651789 0.1645838 0.7651789 0.1490654 0.8096284 0.1617151 0.7542077 0.2035859 0.7651789 0.1645838 0.7651789 0.2035859 0.7542077 0.2035859 0.7651789 0.2035859 0.7651789 0.218616 0.7651789 0.2035859 0.8048676 0.2151064 0.7651789 0.218616 0.7651789 0.1645838 0.8096284 0.1617151 0.8032349 0.1645838 0.8032349 0.1645838 0.8096284 0.1617151 0.8114748 0.1852445 0.7651789 0.2035859 0.7651789 0.1645838 0.8032349 0.2035859 0.7651789 0.1645838 0.8032349 0.1645838 0.8032349 0.2035859 0.7651789 0.2035859 0.8032349 0.2035859 0.8048676 0.2151064 0.8032349 0.2035859 0.8032349 0.1645838 0.8114748 0.1852445 0.8032349 0.2035859 0.8114748 0.1852445 0.8048676 0.2151064 0.07235825 0.2108034 0.07235825 0.2283665 0.05531394 0.2108034 0.07235825 0.2108034 0.09198135 0.2283665 0.07235825 0.2283665 0.05531394 0.2066072 0.07235825 0.2108034 0.05531394 0.2108034 0.07235825 0.2108034 0.09198135 0.2108034 0.09198135 0.2283665 0.09198135 0.2108034 0.1200731 0.2283665 0.09198135 0.2283665 0.05531394 0.2066072 0.07235825 0.2066072 0.07235825 0.2108034 0.09198135 0.2066072 0.09198135 0.2108034 0.07235825 0.2108034 0.09198135 0.2066072 0.07235825 0.2108034 0.07235825 0.2066072 0.07235825 0.2027466 0.07235825 0.2066072 0.05531394 0.2066072 0.05531394 0.2027466 0.07235825 0.2027466 0.05531394 0.2066072 0.07235825 0.19411 0.07235825 0.2027466 0.05531394 0.2027466 0.09198135 0.2027466 0.07235825 0.2066072 0.07235825 0.2027466 0.07235825 0.19411 0.09198135 0.2027466 0.07235825 0.2027466 0.09198135 0.2027466 0.09198135 0.2066072 0.07235825 0.2066072 0.07235825 0.19411 0.09198135 0.19411 0.09198135 0.2027466 0.09198135 0.19411 0.1200731 0.2027466 0.09198135 0.2027466 0.09198135 0.2027466 0.1200731 0.2027466 0.09198135 0.2066072 0.09198135 0.19411 0.1200731 0.19411 0.1200731 0.2027466 0.09198135 0.2066072 0.1200731 0.2066072 0.09198135 0.2108034 0.1200731 0.2027466 0.1200731 0.2066072 0.09198135 0.2066072 0.1200731 0.2066072 0.1200731 0.2108034 0.09198135 0.2108034 0.09198135 0.2108034 0.1200731 0.2108034 0.1200731 0.2283665 0.1200731 0.2027466 0.1699092 0.2066072 0.1200731 0.2066072 0.1200731 0.2066072 0.1699092 0.2066072 0.1200731 0.2108034 0.1200731 0.19411 0.1699092 0.2027466 0.1200731 0.2027466 0.1200731 0.2027466 0.1699092 0.2027466 0.1699092 0.2066072 0.1200731 0.19411 0.1699092 0.19411 0.1699092 0.2027466 0.1699092 0.19411 0.1973907 0.19411 0.1699092 0.2027466 0.1200731 0.2108034 0.1699092 0.2066072 0.1699092 0.2108034 0.1200731 0.2108034 0.1699092 0.2108034 0.1200731 0.2283665 0.1699092 0.2027466 0.1973907 0.19411 0.1973907 0.2027466 0.1973907 0.19411 0.2359197 0.19411 0.1973907 0.2027466 0.1699092 0.2027466 0.1973907 0.2066072 0.1699092 0.2066072 0.1699092 0.2027466 0.1973907 0.2027466 0.1973907 0.2066072 0.1973907 0.2027466 0.2359197 0.19411 0.2359197 0.2027466 0.2359197 0.19411 0.2744488 0.2027466 0.2359197 0.2027466 0.1973907 0.2027466 0.2359197 0.2027466 0.2359197 0.2066072 0.2359197 0.2066072 0.2359197 0.2027466 0.2744488 0.2027466 0.1973907 0.2027466 0.2359197 0.2066072 0.1973907 0.2066072 0.2359197 0.2066072 0.2744488 0.2027466 0.2744488 0.2066072 0.2359197 0.2066072 0.2744488 0.2066072 0.2359197 0.2108034 0.2359197 0.2066072 0.2359197 0.2108034 0.1973907 0.2066072 0.2359197 0.2108034 0.2744488 0.2066072 0.2744488 0.2108034 0.2359197 0.2108034 0.2744488 0.2108034 0.2359197 0.2283665 0.1973907 0.2066072 0.2359197 0.2108034 0.1973907 0.2108034 0.2359197 0.2108034 0.2359197 0.2283665 0.1973907 0.2108034 0.1699092 0.2066072 0.1973907 0.2066072 0.1973907 0.2108034 0.1699092 0.2066072 0.1973907 0.2108034 0.1699092 0.2108034 0.1973907 0.2108034 0.2359197 0.2283665 0.1973907 0.2283665 0.1699092 0.2108034 0.1973907 0.2108034 0.1973907 0.2283665 0.1973907 0.2283665 0.2359197 0.2283665 0.1973907 0.2324712 0.1973907 0.2283665 0.1973907 0.2324712 0.1699092 0.2324712 0.1699092 0.2108034 0.1973907 0.2283665 0.1699092 0.2283665 0.1699092 0.2283665 0.1973907 0.2283665 0.1699092 0.2324712 0.1699092 0.2108034 0.1699092 0.2283665 0.1200731 0.2283665 0.1699092 0.2283665 0.1699092 0.2324712 0.1200731 0.2283665 0.7246051 0.412726 0.7336996 0.4181735 0.7219654 0.4188296 0.7219654 0.4188296 0.7336996 0.4181735 0.7035172 0.4793774 0.7246051 0.412726 0.7219654 0.4188296 0.7067063 0.4106813 0.7246051 0.412726 0.7067063 0.4106813 0.7088273 0.4030823 0.7219654 0.4188296 0.7035172 0.4793774 0.6972916 0.4733501 0.7067063 0.4106813 0.7219654 0.4188296 0.6972916 0.4733501 0.6972916 0.4733501 0.7035172 0.4793774 0.6897994 0.4838026 0.7067063 0.4106813 0.6788434 0.4019226 0.7088273 0.4030823 0.7088273 0.4030823 0.6788434 0.4019226 0.680293 0.3934081 0.7067063 0.4106813 0.6972916 0.4733501 0.6882277 0.4764782 0.6972916 0.4733501 0.6897994 0.4838026 0.6882277 0.4764782 0.7067063 0.4106813 0.6882277 0.4764782 0.6788434 0.4019226 0.6882277 0.4764782 0.6897994 0.4838026 0.6652933 0.4823987 0.6882277 0.4764782 0.6663768 0.4748455 0.6788434 0.4019226 0.6882277 0.4764782 0.6652933 0.4823987 0.6663768 0.4748455 0.6788434 0.4019226 0.6340734 0.3923552 0.680293 0.3934081 0.6788434 0.4019226 0.6663768 0.4748455 0.6340734 0.3923552 0.680293 0.3934081 0.6340734 0.3923552 0.6350042 0.3833677 0.6340734 0.3923552 0.5551842 0.3799039 0.6350042 0.3833677 0.6652933 0.4823987 0.6259708 0.471046 0.6663768 0.4748455 0.6663768 0.4748455 0.6259708 0.471046 0.6340734 0.3923552 0.6652933 0.4823987 0.6251621 0.4787366 0.6259708 0.471046 0.6340734 0.3923552 0.5551842 0.388983 0.5551842 0.3799039 0.6340734 0.3923552 0.6259708 0.471046 0.5551842 0.388983 0.6251621 0.4787366 0.5551842 0.468513 0.6259708 0.471046 0.6259708 0.471046 0.5551842 0.468513 0.5551842 0.388983 0.6251621 0.4787366 0.5551842 0.4762646 0.5551842 0.468513 0.5551842 0.4762646 0.4852064 0.4787366 0.5551842 0.468513 0.5551842 0.468513 0.4852064 0.4787366 0.4843824 0.471046 0.5551842 0.388983 0.5551842 0.468513 0.4843824 0.471046 0.4843824 0.471046 0.4852064 0.4787366 0.4450599 0.4823987 0.5551842 0.388983 0.4762799 0.3923552 0.5551842 0.3799039 0.5551842 0.388983 0.4843824 0.471046 0.4762799 0.3923552 0.5551842 0.3799039 0.4762799 0.3923552 0.475349 0.3833677 0.4762799 0.3923552 0.4300755 0.3934081 0.475349 0.3833677 0.4843824 0.471046 0.4450599 0.4823987 0.4439765 0.4748455 0.4843824 0.471046 0.4439765 0.4748455 0.4762799 0.3923552 0.4762799 0.3923552 0.4315099 0.4019226 0.4300755 0.3934081 0.4762799 0.3923552 0.4439765 0.4748455 0.4315099 0.4019226 0.4315099 0.4019226 0.4015259 0.4030823 0.4300755 0.3934081 0.4450599 0.4823987 0.4221256 0.4764782 0.4439765 0.4748455 0.4439765 0.4748455 0.4221256 0.4764782 0.4315099 0.4019226 0.4450599 0.4823987 0.4205539 0.4838026 0.4221256 0.4764782 0.4315099 0.4019226 0.4036469 0.4106813 0.4015259 0.4030823 0.4315099 0.4019226 0.4221256 0.4764782 0.4036469 0.4106813 0.4036469 0.4106813 0.3857481 0.412726 0.4015259 0.4030823 0.4205539 0.4838026 0.4130617 0.4733501 0.4221256 0.4764782 0.4221256 0.4764782 0.4130617 0.4733501 0.4036469 0.4106813 0.4205539 0.4838026 0.406836 0.4793774 0.4130617 0.4733501 0.4036469 0.4106813 0.3883879 0.4188296 0.3857481 0.412726 0.4036469 0.4106813 0.4130617 0.4733501 0.3883879 0.4188296 0.406836 0.4793774 0.3883879 0.4188296 0.4130617 0.4733501 0.3883879 0.4188296 0.3766537 0.4181735 0.3857481 0.412726 0.406836 0.4793774 0.3766537 0.4181735 0.3883879 0.4188296 0.3224994 0.9728084 0.2950942 0.9728084 0.2992599 0.9607385 0.3224994 0.9728084 0.2992599 0.9607385 0.3224994 0.9607385 0.3955596 0.9728084 0.3224994 0.9728084 0.3224994 0.9607385 0.2950942 0.9728084 0.2974899 0.9419699 0.2992599 0.9607385 0.2950942 0.9728084 0.2951095 0.9111162 0.2974899 0.9419699 0.2992599 0.9607385 0.3039902 0.9495537 0.3224994 0.9607385 0.2992599 0.9607385 0.2974899 0.9419699 0.3039902 0.9495537 0.2951095 0.9111162 0.2992599 0.9232013 0.2974899 0.9419699 0.3224994 0.9111314 0.2992599 0.9232013 0.2951095 0.9111162 0.2992599 0.9232013 0.3043717 0.9373007 0.2974899 0.9419699 0.2974899 0.9419699 0.3043717 0.9373007 0.3039902 0.9495537 0.3224994 0.9111314 0.3224994 0.9232013 0.2992599 0.9232013 0.2992599 0.9232013 0.3224994 0.9232013 0.3043717 0.9373007 0.3955596 0.9111314 0.3224994 0.9232013 0.3224994 0.9111314 0.3955596 0.9111314 0.3955596 0.9232013 0.3224994 0.9232013 0.3224994 0.9232013 0.3223926 0.9328908 0.3043717 0.9373007 0.3955596 0.9232013 0.3223926 0.9328908 0.3224994 0.9232013 0.4686046 0.9232013 0.3955596 0.9232013 0.3955596 0.9111314 0.4686046 0.9111314 0.4686046 0.9232013 0.3955596 0.9111314 0.3955596 0.9232013 0.3955596 0.9328908 0.3223926 0.9328908 0.4918441 0.9232013 0.4686046 0.9232013 0.4686046 0.9111314 0.4960098 0.9111314 0.4918441 0.9232013 0.4686046 0.9111314 0.4686046 0.9232013 0.4687266 0.9328908 0.3955596 0.9232013 0.3955596 0.9232013 0.4687266 0.9328908 0.3955596 0.9328908 0.4936294 0.9419699 0.4918441 0.9232013 0.4960098 0.9111314 0.4936294 0.9419699 0.4960098 0.9111314 0.4960098 0.9728084 0.4918441 0.9232013 0.48719 0.9355764 0.4686046 0.9232013 0.4936294 0.9419699 0.48719 0.9355764 0.4918441 0.9232013 0.4686046 0.9232013 0.48719 0.9355764 0.4687266 0.9328908 0.4936294 0.9419699 0.4960098 0.9728084 0.4918441 0.9607385 0.4918441 0.9607385 0.4960098 0.9728084 0.4686046 0.9728084 0.4936294 0.9419699 0.4918441 0.9607385 0.48748 0.9477226 0.4936294 0.9419699 0.48748 0.9477226 0.48719 0.9355764 0.4918441 0.9607385 0.4686046 0.9728084 0.4686046 0.9607385 0.4918441 0.9607385 0.4686046 0.9607385 0.48748 0.9477226 0.4686046 0.9728084 0.3955596 0.9728084 0.4686046 0.9607385 0.4686046 0.9607385 0.3955596 0.9728084 0.3955596 0.9607385 0.3955596 0.9728084 0.3224994 0.9607385 0.3955596 0.9607385 0.4686046 0.9607385 0.3955596 0.9607385 0.4687572 0.9511254 0.4686046 0.9607385 0.4687572 0.9511254 0.48748 0.9477226 0.3955596 0.9607385 0.3224994 0.9607385 0.3223468 0.9511254 0.3224994 0.9607385 0.3039902 0.9495537 0.3223468 0.9511254 0.3955596 0.9607385 0.3955596 0.9511254 0.4687572 0.9511254 0.3955596 0.9607385 0.3223468 0.9511254 0.3955596 0.9511254 0.4687572 0.9511254 0.4686046 0.9495079 0.48748 0.9477226 0.4687572 0.9511254 0.3955596 0.9511254 0.4686046 0.9495079 0.3223468 0.9511254 0.3224994 0.9495079 0.3955596 0.9511254 0.3223468 0.9511254 0.3039902 0.9495537 0.3224994 0.9495079 0.4686046 0.9495079 0.3955596 0.9511254 0.3955596 0.9495232 0.3955596 0.9495232 0.3955596 0.9511254 0.3224994 0.9495079 0.4686046 0.9495079 0.4686046 0.9463187 0.48748 0.9477226 0.4686046 0.9495079 0.3955596 0.9495232 0.4686046 0.9463187 0.3224994 0.9463187 0.3224994 0.9495079 0.3039902 0.9495537 0.3955596 0.9495232 0.3224994 0.9495079 0.3224994 0.9463187 0.3224994 0.9463187 0.3039902 0.9495537 0.3224994 0.9450523 0.3955596 0.9463187 0.3955596 0.9495232 0.3224994 0.9463187 0.4686046 0.9463187 0.3955596 0.9495232 0.3955596 0.9463187 0.3955596 0.9463187 0.3224994 0.9463187 0.3224994 0.9450523 0.3043717 0.9373007 0.3224994 0.9450523 0.3039902 0.9495537 0.4686046 0.9463187 0.3955596 0.9463187 0.4686046 0.9450523 0.48748 0.9477226 0.4686046 0.9463187 0.4686046 0.9450523 0.48748 0.9477226 0.4686046 0.9450523 0.48719 0.9355764 0.3955596 0.9463187 0.3224994 0.9450523 0.3955596 0.9450523 0.4686046 0.9450523 0.3955596 0.9463187 0.3955596 0.9450523 0.3043717 0.9373007 0.3224994 0.9389639 0.3224994 0.9450523 0.3955596 0.9450523 0.3224994 0.9450523 0.3224994 0.9389639 0.4686046 0.9450523 0.3955596 0.9450523 0.4686046 0.9389791 0.48719 0.9355764 0.4686046 0.9450523 0.4686046 0.9389791 0.3955596 0.9450523 0.3224994 0.9389639 0.3955596 0.9389791 0.4686046 0.9389791 0.3955596 0.9450523 0.3955596 0.9389791 0.3224994 0.9376974 0.3224994 0.9389639 0.3043717 0.9373007 0.3955596 0.9389791 0.3224994 0.9389639 0.3224994 0.9376974 0.48719 0.9355764 0.4686046 0.9389791 0.4686046 0.9377127 0.4686046 0.9389791 0.3955596 0.9389791 0.4686046 0.9377127 0.3955596 0.9389791 0.3224994 0.9376974 0.3955596 0.9377127 0.4686046 0.9377127 0.3955596 0.9389791 0.3955596 0.9377127 0.3224994 0.9345083 0.3224994 0.9376974 0.3043717 0.9373007 0.3224994 0.9345083 0.3043717 0.9373007 0.3223926 0.9328908 0.3955596 0.9328908 0.3224994 0.9345083 0.3223926 0.9328908 0.3224994 0.9376974 0.3955596 0.9345083 0.3955596 0.9377127 0.3224994 0.9345083 0.3955596 0.9345083 0.3224994 0.9376974 0.4686046 0.9377127 0.3955596 0.9377127 0.3955596 0.9345083 0.3955596 0.9328908 0.3955596 0.9345083 0.3224994 0.9345083 0.4686046 0.9345083 0.4686046 0.9377127 0.3955596 0.9345083 0.3955596 0.9328908 0.4686046 0.9345083 0.3955596 0.9345083 0.4686046 0.9345083 0.48719 0.9355764 0.4686046 0.9377127 0.4687266 0.9328908 0.4686046 0.9345083 0.3955596 0.9328908 0.4687266 0.9328908 0.48719 0.9355764 0.4686046 0.9345083 0.8083772 0.6482185 0.8083772 0.6337987 0.8391089 0.6437781 0.8083772 0.6482185 0.7861143 0.6554513 0.8083772 0.6337987 0.8083772 0.6337987 0.7861143 0.6554513 0.7776455 0.6437781 0.8083772 0.6482185 0.8391089 0.6437781 0.8306249 0.6554513 0.8306249 0.6554513 0.8391089 0.6437781 0.8581064 0.6699169 0.7861143 0.6554513 0.7723659 0.6743724 0.7776455 0.6437781 0.7776455 0.6437781 0.7723659 0.6743724 0.758648 0.6699169 0.8306249 0.6554513 0.8581064 0.6699169 0.8443885 0.6743724 0.8443885 0.6743724 0.8581064 0.6699169 0.8581064 0.7022355 0.7723659 0.6977798 0.758648 0.6699169 0.7723659 0.6743724 0.758648 0.7022355 0.758648 0.6699169 0.7723659 0.6977798 0.8443885 0.6743724 0.8581064 0.7022355 0.8443885 0.6977798 0.8443885 0.6977798 0.8581064 0.7022355 0.8391089 0.7283741 0.7861143 0.7167163 0.758648 0.7022355 0.7723659 0.6977798 0.7861143 0.7167163 0.7776455 0.7283741 0.758648 0.7022355 0.8443885 0.6977798 0.8391089 0.7283741 0.8306249 0.7167163 0.8306249 0.7167163 0.8391089 0.7283741 0.8083772 0.7383688 0.8083772 0.7239491 0.8083772 0.7383688 0.7776455 0.7283741 0.8306249 0.7167163 0.8083772 0.7383688 0.8083772 0.7239491 0.8083772 0.7239491 0.7776455 0.7283741 0.7861143 0.7167163 0.8280919 0.692485 0.8443885 0.6977798 0.8306249 0.7167163 0.8205692 0.7028458 0.8306249 0.7167163 0.8083772 0.7239491 0.8280919 0.692485 0.8306249 0.7167163 0.8205692 0.7028458 0.8083772 0.7068132 0.8083772 0.7239491 0.7861143 0.7167163 0.8205692 0.7028458 0.8083772 0.7239491 0.8083772 0.7068132 0.8280919 0.6796674 0.8443885 0.6977798 0.8280919 0.692485 0.8280919 0.6796674 0.8443885 0.6743724 0.8443885 0.6977798 0.8083772 0.6860762 0.8280919 0.692485 0.8205692 0.7028458 0.8083772 0.6860762 0.8280919 0.6796674 0.8280919 0.692485 0.8083772 0.6860762 0.8205692 0.7028458 0.8083772 0.7068132 0.8205692 0.6693065 0.8443885 0.6743724 0.8280919 0.6796674 0.8083772 0.6860762 0.8205692 0.6693065 0.8280919 0.6796674 0.8205692 0.6693065 0.8306249 0.6554513 0.8443885 0.6743724 0.8083772 0.7068132 0.7861143 0.7167163 0.7961853 0.7028458 0.8083772 0.6860762 0.8083772 0.7068132 0.7961853 0.7028458 0.7861143 0.7167163 0.7723659 0.6977798 0.7961853 0.7028458 0.8083772 0.6653391 0.8306249 0.6554513 0.8205692 0.6693065 0.8083772 0.6860762 0.8083772 0.6653391 0.8205692 0.6693065 0.8083772 0.6653391 0.8083772 0.6482185 0.8306249 0.6554513 0.7886626 0.692485 0.7961853 0.7028458 0.7723659 0.6977798 0.8083772 0.6860762 0.7961853 0.7028458 0.7886626 0.692485 0.7886626 0.692485 0.7723659 0.6977798 0.7723659 0.6743724 0.7961853 0.6693065 0.8083772 0.6482185 0.8083772 0.6653391 0.8083772 0.6860762 0.7961853 0.6693065 0.8083772 0.6653391 0.7961853 0.6693065 0.7861143 0.6554513 0.8083772 0.6482185 0.8083772 0.6860762 0.7886626 0.692485 0.7886626 0.6796674 0.8083772 0.6860762 0.7886626 0.6796674 0.7961853 0.6693065 0.7886626 0.6796674 0.7886626 0.692485 0.7723659 0.6743724 0.7961853 0.6693065 0.7886626 0.6796674 0.7861143 0.6554513 0.7886626 0.6796674 0.7723659 0.6743724 0.7861143 0.6554513 0.8083772 0.7239491 0.7776455 0.7283741 0.8083772 0.7383688 0.8083772 0.7239491 0.8083772 0.7383688 0.8306249 0.7167163 0.8083772 0.7383688 0.8391089 0.7283741 0.8306249 0.7167163 0.8083772 0.7239491 0.7861143 0.7167163 0.7776455 0.7283741 0.7776455 0.7283741 0.7861143 0.7167163 0.758648 0.7022355 0.8306249 0.7167163 0.8391089 0.7283741 0.8443885 0.6977798 0.8391089 0.7283741 0.8581064 0.7022355 0.8443885 0.6977798 0.8083772 0.7239491 0.8306249 0.7167163 0.8205692 0.7028458 0.8443885 0.6977798 0.8581064 0.7022355 0.8443885 0.6743724 0.8581064 0.7022355 0.8581064 0.6699169 0.8443885 0.6743724 0.8306249 0.7167163 0.8443885 0.6977798 0.8280919 0.692485 0.8306249 0.7167163 0.8280919 0.692485 0.8205692 0.7028458 0.8443885 0.6977798 0.8280919 0.6796674 0.8280919 0.692485 0.8443885 0.6977798 0.8443885 0.6743724 0.8280919 0.6796674 0.8083772 0.7239491 0.8205692 0.7028458 0.8083772 0.7068132 0.8083772 0.7239491 0.8083772 0.7068132 0.7861143 0.7167163 0.8205692 0.7028458 0.8280919 0.692485 0.8083772 0.6860762 0.8205692 0.7028458 0.8083772 0.6860762 0.8083772 0.7068132 0.8280919 0.692485 0.8280919 0.6796674 0.8083772 0.6860762 0.7861143 0.7167163 0.8083772 0.7068132 0.7961853 0.7028458 0.8083772 0.7068132 0.8083772 0.6860762 0.7961853 0.7028458 0.7861143 0.7167163 0.7961853 0.7028458 0.7723659 0.6977798 0.7861143 0.7167163 0.7723659 0.6977798 0.758648 0.7022355 0.758648 0.7022355 0.7723659 0.6977798 0.758648 0.6699169 0.7723659 0.6977798 0.7961853 0.7028458 0.7886626 0.692485 0.7961853 0.7028458 0.8083772 0.6860762 0.7886626 0.692485 0.7723659 0.6977798 0.7723659 0.6743724 0.758648 0.6699169 0.7723659 0.6977798 0.7886626 0.692485 0.7723659 0.6743724 0.758648 0.6699169 0.7723659 0.6743724 0.7776455 0.6437781 0.7723659 0.6743724 0.7886626 0.692485 0.7886626 0.6796674 0.7886626 0.692485 0.8083772 0.6860762 0.7886626 0.6796674 0.7723659 0.6743724 0.7861143 0.6554513 0.7776455 0.6437781 0.7723659 0.6743724 0.7886626 0.6796674 0.7861143 0.6554513 0.7776455 0.6437781 0.7861143 0.6554513 0.8083772 0.6337987 0.7861143 0.6554513 0.7886626 0.6796674 0.7961853 0.6693065 0.7886626 0.6796674 0.8083772 0.6860762 0.7961853 0.6693065 0.7861143 0.6554513 0.8083772 0.6482185 0.8083772 0.6337987 0.7861143 0.6554513 0.7961853 0.6693065 0.8083772 0.6482185 0.8391089 0.6437781 0.8083772 0.6337987 0.8083772 0.6482185 0.8083772 0.6653391 0.7961853 0.6693065 0.8083772 0.6860762 0.8083772 0.6482185 0.7961853 0.6693065 0.8083772 0.6653391 0.8306249 0.6554513 0.8391089 0.6437781 0.8083772 0.6482185 0.8306249 0.6554513 0.8083772 0.6482185 0.8083772 0.6653391 0.8581064 0.6699169 0.8391089 0.6437781 0.8306249 0.6554513 0.8443885 0.6743724 0.8581064 0.6699169 0.8306249 0.6554513 0.8205692 0.6693065 0.8083772 0.6653391 0.8083772 0.6860762 0.8306249 0.6554513 0.8083772 0.6653391 0.8205692 0.6693065 0.8443885 0.6743724 0.8306249 0.6554513 0.8205692 0.6693065 0.8280919 0.6796674 0.8205692 0.6693065 0.8083772 0.6860762 0.8443885 0.6743724 0.8205692 0.6693065 0.8280919 0.6796674</float_array>
          <technique_common>
            <accessor source="#CarWiicm__M_CarWiicm_001-mesh-map-0-array" count="6834" stride="2">
              <param name="S" type="float"/>
              <param name="T" type="float"/>
            </accessor>
          </technique_common>
        </source>
        <source id="CarWiicm__M_CarWiicm_001-mesh-map-1">
          <float_array id="CarWiicm__M_CarWiicm_001-mesh-map-1-array" count="13668">0.6696422 0.9902037 0.6611734 0.9840543 0.6654154 0.9555047 0.5459526 0.9817502 0.5499962 0.9470512 0.5540551 0.9756161 0.6290684 0.9004654 0.6688792 0.9072404 0.6688792 0.9058824 0.6290684 0.9384604 0.6688792 0.9330282 0.6688792 0.9255665 0.2309453 0.9498436 0.235172 0.9783932 0.2267033 0.9845273 0.4307164 0.9416037 0.4347753 0.9130541 0.438819 0.9477379 0.7026017 0.87953 0.7026017 0.9583123 0.6895095 0.9189135 0.6792401 0.6196078 0.6799573 0.6515755 0.6730144 0.620264 0.6799573 0.6515755 0.6858473 0.6505836 0.686656 0.6713207 0.6730144 0.5098191 0.6799573 0.4785076 0.6792401 0.51046 0.6799573 0.4785076 0.686656 0.4587625 0.6858473 0.4794995 0.9143053 0.9328298 0.9188372 0.9525292 0.9161212 0.9164111 0.9161212 0.9164111 0.9463187 0.9100633 0.9463187 0.907805 0.9463187 0.9100633 0.9524529 0.9185321 0.9463187 0.907805 0.9463187 0.907805 0.9524529 0.9185321 0.9539177 0.9185321 0.9539177 0.94551 0.9539177 0.9185321 0.9524529 0.9185321 0.9524529 0.94551 0.9539177 0.94551 0.9524529 0.9185321 0.9463187 0.9559014 0.9539177 0.94551 0.9524529 0.94551 0.9463187 0.9559014 0.9524529 0.94551 0.9463187 0.9536126 0.9188372 0.9525292 0.9463187 0.9559014 0.9463187 0.9536126 0.805005 0.9739528 0.7764096 0.9739528 0.805005 0.937026 0.7764096 0.9739528 0.7764096 0.9370565 0.805005 0.937026 0.8729839 0.8301823 0.8729839 0.9158617 0.7953002 0.8301823 0.8729839 0.9158617 0.7953002 0.9158617 0.7953002 0.8301823 0.6290684 0.9004654 0.6290684 0.889601 0.6688792 0.9072404 0.6290684 0.9058824 0.6290684 0.9004654 0.6688792 0.9058824 0.6688792 0.9058824 0.6688792 0.9072404 0.6290684 0.9113145 0.6290684 0.9058824 0.6688792 0.9058824 0.6290684 0.9113145 0.6290684 0.9113145 0.6688792 0.9255665 0.6290684 0.9167468 0.6688792 0.9255665 0.6290684 0.927596 0.6290684 0.9167468 0.6688792 0.9255665 0.6290684 0.9438773 0.6290684 0.9384604 0.6688792 0.9255665 0.6688792 0.9330282 0.6290684 0.927596 0.6290684 0.9384604 0.6290684 0.9330282 0.6688792 0.9330282 0.6290684 0.927596 0.6688792 0.9330282 0.6290684 0.9330282 0.2590524 0.8670024 0.1813687 0.8670024 0.2590524 0.7812619 0.1813687 0.8670024 0.1813687 0.7812619 0.2590524 0.7812619 0.1057603 0.9365988 0.1044785 0.9203174 0.1011978 0.9572595 0.1011978 0.9572595 0.07373154 0.9573815 0.07373154 0.9596857 0.07373154 0.9573815 0.06759744 0.949279 0.07373154 0.9596857 0.07373154 0.9596857 0.06759744 0.949279 0.06614786 0.949279 0.06759744 0.9223011 0.06614786 0.949279 0.06759744 0.949279 0.06759744 0.9223011 0.06614786 0.9223011 0.06614786 0.949279 0.07373154 0.9115739 0.06614786 0.9223011 0.06759744 0.9223011 0.07373154 0.9115739 0.06759744 0.9223011 0.07373154 0.9138476 0.1044785 0.9203174 0.07373154 0.9115739 0.07373154 0.9138476 0.3249409 0.972076 0.3249409 0.9351339 0.353521 0.972076 0.3249409 0.9351339 0.353521 0.9351644 0.353521 0.972076 0.6895095 0.9583123 0.6895095 0.9189135 0.7026017 0.9583123 0.6895095 0.9189135 0.6895095 0.87953 0.7026017 0.87953 0.7026017 0.9583123 0.7026017 0.87953 0.7200274 0.9583123 0.7026017 0.87953 0.7200274 0.87953 0.7200274 0.9583123 0.7200274 0.9583123 0.7200274 0.87953 0.7571832 0.9583123 0.7200274 0.87953 0.7571832 0.87953 0.7571832 0.9583123 0.3891661 0.8808728 0.4110628 0.8808728 0.4110628 0.8890059 0.3891661 0.8808728 0.4110628 0.8890059 0.3891661 0.8890059 0.4110628 0.8890059 0.4110628 0.8998703 0.3891661 0.8890059 0.3891661 0.8890059 0.4110628 0.8998703 0.3891661 0.8998703 0.4110628 0.8998703 0.4110628 0.9080033 0.3891661 0.8998703 0.3891661 0.8998703 0.4110628 0.9080033 0.3891661 0.9080033 0.4110628 0.9080033 0.4110628 0.9161516 0.3891661 0.9080033 0.3891661 0.9080033 0.4110628 0.9161516 0.3891661 0.9161516 0.4110628 0.9161516 0.4110628 0.9270008 0.3891661 0.9161516 0.3891661 0.9161516 0.4110628 0.9270008 0.3891661 0.9270008 0.4110628 0.9270008 0.4110628 0.9342794 0.3891661 0.9270008 0.3891661 0.9270008 0.4110628 0.9342794 0.3891661 0.9342794 0.2909285 0.9528649 0.3046921 0.9528649 0.3046921 0.9566949 0.2909285 0.9566949 0.2909285 0.9528649 0.3046921 0.9566949 0.2888075 0.9497673 0.2909285 0.9528649 0.2909285 0.9566949 0.2888075 0.9497673 0.2909285 0.9566949 0.2888075 0.9597925 0.2853895 0.9609827 0.2888075 0.9497673 0.2888075 0.9597925 0.2853895 0.9609827 0.2853895 0.9485771 0.2888075 0.9497673 0.2853895 0.9609827 0.2811322 0.9748989 0.2777142 0.9737087 0.2819562 0.9597925 0.2853895 0.9609827 0.2777142 0.9737087 0.2819562 0.9597925 0.2853895 0.9485771 0.2853895 0.9609827 0.2798505 0.9566949 0.2798505 0.9528649 0.2819562 0.9597925 0.2798505 0.9528649 0.2819562 0.9497673 0.2819562 0.9597925 0.2819562 0.9597925 0.2819562 0.9497673 0.2853895 0.9485771 0.2819562 0.9497673 0.2811322 0.9346609 0.2853895 0.9485771 0.2819562 0.9497673 0.2777142 0.9358511 0.2811322 0.9346609 0.2442359 0.9109026 0.2304875 0.9109026 0.2304875 0.9070725 0.2442359 0.9070725 0.2442359 0.9109026 0.2304875 0.9070725 0.2463569 0.9140002 0.2442359 0.9109026 0.2442359 0.9070725 0.2463569 0.903975 0.2463569 0.9140002 0.2442359 0.9070725 0.2497902 0.9151903 0.2463569 0.9140002 0.2463569 0.903975 0.2497902 0.9027848 0.2497902 0.9151903 0.2463569 0.903975 0.2497902 0.9027848 0.2540322 0.8888686 0.2574655 0.8900588 0.2532082 0.903975 0.2497902 0.9027848 0.2574655 0.8900588 0.2532082 0.9140002 0.2497902 0.9151903 0.2497902 0.9027848 0.2532082 0.903975 0.2532082 0.9140002 0.2497902 0.9027848 0.2532082 0.9140002 0.2540322 0.9291066 0.2497902 0.9151903 0.2532082 0.9140002 0.2574655 0.9279317 0.2540322 0.9291066 0.2553292 0.9109026 0.2532082 0.9140002 0.2532082 0.903975 0.2553292 0.9070725 0.2553292 0.9109026 0.2532082 0.903975 0.2939651 0.9141833 0.2833906 0.9145495 0.2833753 0.7788968 0.2939651 0.9141833 0.2833753 0.7788968 0.2939651 0.779263 0.3008011 0.9138323 0.2939651 0.9141833 0.2939651 0.779263 0.3008011 0.9138323 0.2939651 0.779263 0.3007858 0.7795987 0.3251545 0.9140764 0.3008011 0.9138323 0.3007858 0.7795987 0.3251545 0.9140764 0.3007858 0.7795987 0.3251392 0.7793698 0.331136 0.9142901 0.3251545 0.9140764 0.3251392 0.7793698 0.331136 0.9142901 0.3251392 0.7793698 0.3311208 0.7791562 0.3459983 0.9144884 0.331136 0.9142901 0.3311208 0.7791562 0.3459983 0.9144884 0.3311208 0.7791562 0.3459831 0.7789426 0.3517052 0.9148394 0.3459983 0.9144884 0.3459831 0.7789426 0.3517052 0.9148394 0.3459831 0.7789426 0.3516899 0.7785916 0.3517052 0.9148394 0.3516899 0.7785916 0.3630579 0.7877775 0.3630884 0.9058061 0.3517052 0.9148394 0.3630579 0.7877775 0.3630884 0.9058061 0.3630579 0.7877775 0.3680934 0.8933242 0.3630579 0.7877775 0.3680934 0.7996033 0.3680934 0.8933242 0.3680934 0.8933242 0.3680934 0.7996033 0.3694972 0.8736248 0.3680934 0.7996033 0.3697719 0.8462959 0.3694972 0.8736248 0.3680934 0.7996033 0.3695125 0.8204776 0.3697719 0.8462959 0.02546727 0.9498283 0.03100633 0.9421683 0.03100633 0.9480278 0.009475827 0.9403678 0.03100633 0.9421683 0.02546727 0.9498283 0.02546727 0.966186 0.009475827 0.9403678 0.02546727 0.9498283 0.009475827 0.9756466 0.009475827 0.9403678 0.02546727 0.966186 0.009475827 0.9756466 0.02546727 0.966186 0.03100633 0.973846 0.02546727 0.966186 0.03100633 0.9679866 0.03100633 0.973846 0.8310674 0.9460441 0.8255131 0.9442436 0.8255131 0.9383841 0.8470588 0.9365835 0.8310674 0.9460441 0.8255131 0.9383841 0.8310674 0.962417 0.8310674 0.9460441 0.8470588 0.9365835 0.8470588 0.9718776 0.8310674 0.962417 0.8470588 0.9365835 0.8470588 0.9718776 0.8255131 0.970077 0.8310674 0.962417 0.8255131 0.970077 0.8255131 0.9642176 0.8310674 0.962417 0.9520867 0.5174792 0.9568627 0.5174792 0.9520867 0.5370413 0.9568627 0.5174792 0.9568627 0.5370413 0.9520867 0.5370413 0.9520867 0.5370413 0.9568627 0.5370413 0.9568627 0.54168 0.9520867 0.5370413 0.9568627 0.54168 0.9520867 0.54168 0.9568627 0.54168 0.9520867 0.5484092 0.9520867 0.54168 0.9568627 0.54168 0.9568627 0.5484092 0.9520867 0.5484092 0.9520867 0.5484092 0.9568627 0.5484092 0.9568627 0.5590906 0.9520867 0.5484092 0.9568627 0.5590906 0.9520867 0.5590906 0.9568627 0.5590906 0.9520867 0.5773861 0.9520867 0.5590906 0.9568627 0.5590906 0.9568627 0.5773861 0.9520867 0.5773861 0.9520867 0.5773861 0.9568627 0.5773861 0.9568627 0.5956664 0.9520867 0.5773861 0.9568627 0.5956664 0.9520867 0.5956664 0.9568627 0.5956664 0.9520867 0.606363 0.9520867 0.5956664 0.9568627 0.5956664 0.9568627 0.606363 0.9520867 0.606363 0.9520867 0.606363 0.9568627 0.606363 0.9568627 0.6130922 0.9520867 0.606363 0.9568627 0.6130922 0.9520867 0.6130922 0.9568627 0.6130922 0.9520867 0.617731 0.9520867 0.6130922 0.9568627 0.6130922 0.9568627 0.617731 0.9520867 0.617731 0.9520867 0.617731 0.9568627 0.617731 0.9568627 0.637293 0.9520867 0.617731 0.9568627 0.637293 0.9520867 0.637293 0.07747006 0.8371557 0.08554208 0.8371557 0.07747006 0.8598001 0.08554208 0.8371557 0.08554208 0.8598001 0.07747006 0.8598001 0.07747006 0.8598001 0.08554208 0.8598001 0.08554208 0.8657359 0.07747006 0.8598001 0.08554208 0.8657359 0.07747006 0.8657359 0.08554208 0.8657359 0.08554208 0.869398 0.07747006 0.8657359 0.07747006 0.8657359 0.08554208 0.869398 0.07747006 0.869398 0.08554208 0.869398 0.07747006 0.8932174 0.07747006 0.869398 0.08554208 0.869398 0.08554208 0.8932174 0.07747006 0.8932174 0.1095903 0.0910353 0.1176623 0.0910353 0.1095903 0.1136797 0.1176623 0.0910353 0.1176623 0.1136797 0.1095903 0.1136797 0.1095903 0.1136797 0.1176623 0.1136797 0.1176623 0.1187304 0.1095903 0.1136797 0.1176623 0.1187304 0.1095903 0.1187304 0.1176623 0.1187304 0.1176623 0.1249561 0.1095903 0.1187304 0.1095903 0.1187304 0.1176623 0.1249561 0.1095903 0.1249561 0.1176623 0.1249561 0.1176623 0.1300068 0.1095903 0.1249561 0.1095903 0.1249561 0.1176623 0.1300068 0.1095903 0.1300068 0.1176623 0.1300068 0.1095903 0.1526513 0.1095903 0.1300068 0.1176623 0.1300068 0.1176623 0.1526513 0.1095903 0.1526513 0.1176623 0.07118332 0.1095903 0.07118332 0.1176623 0.04736399 0.1095903 0.07118332 0.1095903 0.04736399 0.1176623 0.04736399 0.1176623 0.04736399 0.1095903 0.04736399 0.1095903 0.04370182 0.1176623 0.04736399 0.1095903 0.04370182 0.1176623 0.04370182 0.1095903 0.04370182 0.1095903 0.03778135 0.1176623 0.04370182 0.1176623 0.04370182 0.1095903 0.03778135 0.1176623 0.03778135 0.1095903 0.03778135 0.1176623 0.01513695 0.1176623 0.03778135 0.1095903 0.03778135 0.1095903 0.01513695 0.1176623 0.01513695 0.1275349 0.8486305 0.159762 0.8519112 0.1317006 0.8788739 0.1605707 0.7798734 0.159762 0.8519112 0.1275349 0.8486305 0.107805 0.7905852 0.1605707 0.7798734 0.1275349 0.8486305 0.107805 0.7905852 0.1275349 0.8486305 0.1058061 0.8486305 0.1391928 0.7748531 0.1605707 0.7798734 0.107805 0.7905852 0.1391928 0.7748531 0.107805 0.7905852 0.1332265 0.7698787 0.107805 0.7905852 0.112108 0.7340047 0.1332265 0.7698787 0.107805 0.7905852 0.107805 0.7288014 0.112108 0.7340047 0.1332265 0.7698787 0.112108 0.7340047 0.1330739 0.7449301 0.112108 0.7340047 0.1291066 0.7397422 0.1330739 0.7449301 0.5415122 0.7113298 0.5205463 0.7222553 0.5245136 0.7170672 0.5203937 0.7472038 0.5205463 0.7222553 0.5415122 0.7113298 0.5203937 0.7472038 0.5415122 0.7113298 0.5458152 0.7679255 0.5458152 0.7679255 0.5415122 0.7113298 0.5458152 0.7061418 0.5144274 0.7521935 0.5203937 0.7472038 0.5458152 0.7679255 0.5144274 0.7521935 0.5458152 0.7679255 0.4930495 0.7571985 0.5458152 0.7679255 0.5260853 0.8259709 0.4930495 0.7571985 0.5458152 0.7679255 0.5478141 0.8259709 0.5260853 0.8259709 0.4930495 0.7571985 0.5260853 0.8259709 0.4938582 0.8292515 0.5260853 0.8259709 0.5219196 0.856199 0.4938582 0.8292515 0.8938277 0.9637141 0.8938277 0.9728084 0.880354 0.9712368 0.8828412 0.9637141 0.8938277 0.9637141 0.880354 0.9712368 0.8828412 0.9637141 0.8869001 0.9605097 0.8938277 0.9637141 0.8938277 0.9637141 0.8869001 0.9605097 0.8938277 0.9605097 0.8869001 0.9605097 0.8868696 0.9480888 0.8938277 0.9605097 0.8938277 0.9605097 0.8868696 0.9480888 0.8938277 0.9480888 0.8868696 0.9480888 0.8938277 0.9451743 0.8938277 0.9480888 0.8868696 0.9480888 0.8827955 0.9451743 0.8938277 0.9451743 0.8938277 0.9451743 0.8827955 0.9451743 0.880293 0.9383688 0.8938277 0.9451743 0.880293 0.9383688 0.8938277 0.9359732 0.5950561 0.9690394 0.5950561 0.9599298 0.6085298 0.9674525 0.5950561 0.9599298 0.6060578 0.9599298 0.6085298 0.9674525 0.5950561 0.9599298 0.6019989 0.9567407 0.6060578 0.9599298 0.5950561 0.9599298 0.5950561 0.9567407 0.6019989 0.9567407 0.5950561 0.9567407 0.6020294 0.9443046 0.6019989 0.9567407 0.5950561 0.9567407 0.5950561 0.9443046 0.6020294 0.9443046 0.5950561 0.9443046 0.5950561 0.9414054 0.6020294 0.9443046 0.6020294 0.9443046 0.5950561 0.9414054 0.6060883 0.9414054 0.5950561 0.9414054 0.6085908 0.9345998 0.6060883 0.9414054 0.5950561 0.9414054 0.5950561 0.9321889 0.6085908 0.9345998 0.1984436 0.7591668 0.1794766 0.7591668 0.1794766 0.7486382 0.1984436 0.7591668 0.1794766 0.7486382 0.1984436 0.7486382 0.2141451 0.7591668 0.1984436 0.7591668 0.1984436 0.7486382 0.1984436 0.7486382 0.1794766 0.7486382 0.1794766 0.7295796 0.2141451 0.7486229 0.2141451 0.7591668 0.1984436 0.7486382 0.1984436 0.7295796 0.1984436 0.7486382 0.1794766 0.7295796 0.2141451 0.7486229 0.2409093 0.7486382 0.2141451 0.7591668 0.2409093 0.7591668 0.2141451 0.7591668 0.2409093 0.7486382 0.2522774 0.7591668 0.2409093 0.7591668 0.2409093 0.7486382 0.2141451 0.7295796 0.2141451 0.7486229 0.1984436 0.7486382 0.1984436 0.7295796 0.2141451 0.7295796 0.1984436 0.7486382 0.2522774 0.7486382 0.2522774 0.7591668 0.2409093 0.7486382 0.2522774 0.7486382 0.2628519 0.7591211 0.2522774 0.7591668 0.2409093 0.7295796 0.2409093 0.7486382 0.2141451 0.7486229 0.2522774 0.7486382 0.2409093 0.7486382 0.2409093 0.7295796 0.2141451 0.7295796 0.2409093 0.7295796 0.2141451 0.7486229 0.2634165 0.7486382 0.2628519 0.7591211 0.2522774 0.7486382 0.2634165 0.7486382 0.2792248 0.7591668 0.2628519 0.7591211 0.2792248 0.7486382 0.2792248 0.7591668 0.2634165 0.7486382 0.2522774 0.7295796 0.2634165 0.7486382 0.2522774 0.7486382 0.2522774 0.7295796 0.2522774 0.7486382 0.2409093 0.7295796 0.2634165 0.7295796 0.2792248 0.7486382 0.2634165 0.7486382 0.2634165 0.7295796 0.2634165 0.7486382 0.2522774 0.7295796 0.2634165 0.7295796 0.2792248 0.7295796 0.2792248 0.7486382 0.2792401 0.7150683 0.2792248 0.7295796 0.2634165 0.7295796 0.2634165 0.7150683 0.2634165 0.7295796 0.2522774 0.7295796 0.2792401 0.7150683 0.2634165 0.7295796 0.2634165 0.7150683 0.2522774 0.7150683 0.2522774 0.7295796 0.2409093 0.7295796 0.2634165 0.7150683 0.2522774 0.7295796 0.2522774 0.7150683 0.2792401 0.7150683 0.2634165 0.7150683 0.2634165 0.6910201 0.2792401 0.6910201 0.2792401 0.7150683 0.2634165 0.6910201 0.2792401 0.6910201 0.2634165 0.6910201 0.2792401 0.6765087 0.2634165 0.7150683 0.2522774 0.7150683 0.2409093 0.6910201 0.2634165 0.6910201 0.2634165 0.7150683 0.2409093 0.6910201 0.2522774 0.7150683 0.2409093 0.7295796 0.2409093 0.7150683 0.2409093 0.6910201 0.2522774 0.7150683 0.2409093 0.7150683 0.2634165 0.6910201 0.2634165 0.6765087 0.2792401 0.6765087 0.2792401 0.6765087 0.2634165 0.6765087 0.2792401 0.6457313 0.2634165 0.6910201 0.2409093 0.6910201 0.2409093 0.6765087 0.2634165 0.6910201 0.2409093 0.6765087 0.2634165 0.6765087 0.2634165 0.6765087 0.2634165 0.6457313 0.2792401 0.6457313 0.2409093 0.6765087 0.2634165 0.6457313 0.2634165 0.6765087 0.2792401 0.6457313 0.2634165 0.6457313 0.2634165 0.6161288 0.2792401 0.6457313 0.2634165 0.6161288 0.2792401 0.6161288 0.2409093 0.6765087 0.2409093 0.6457313 0.2634165 0.6457313 0.2634165 0.6161288 0.2634165 0.5995728 0.2792401 0.6161288 0.2792401 0.6161288 0.2634165 0.5995728 0.2792401 0.6006867 0.2634165 0.6457313 0.2409093 0.6161288 0.2634165 0.6161288 0.2634165 0.6161288 0.2409093 0.6161288 0.2634165 0.5995728 0.2634165 0.6457313 0.2409093 0.6457313 0.2409093 0.6161288 0.2792401 0.6006867 0.2634165 0.5995728 0.2792401 0.5763791 0.2409093 0.6765087 0.2141451 0.6765087 0.2409093 0.6457313 0.2409093 0.6910201 0.2141451 0.6765087 0.2409093 0.6765087 0.2792401 0.5763791 0.2634165 0.5995728 0.2634165 0.5763791 0.2409093 0.6910201 0.2141451 0.6910201 0.2141451 0.6765087 0.2409093 0.6910201 0.2409093 0.7150683 0.2141451 0.6910201 0.2792401 0.5763791 0.2634165 0.5763791 0.2634165 0.561883 0.2792401 0.5763791 0.2634165 0.561883 0.2792248 0.561883 0.2792248 0.561883 0.2634165 0.561883 0.2792248 0.5428244 0.2634165 0.561883 0.2634165 0.5428244 0.2792248 0.5428244 0.2792248 0.5428244 0.2634165 0.5428244 0.2792248 0.5322804 0.2634165 0.5428244 0.2628519 0.5323415 0.2792248 0.5322804 0.2634165 0.561883 0.2522774 0.561883 0.2634165 0.5428244 0.2634165 0.5763791 0.2522774 0.561883 0.2634165 0.561883 0.2634165 0.5428244 0.2522774 0.5428244 0.2628519 0.5323415 0.2522774 0.561883 0.2522774 0.5428244 0.2634165 0.5428244 0.2628519 0.5323415 0.2522774 0.5428244 0.2522774 0.5322804 0.2634165 0.5763791 0.2522774 0.5763791 0.2522774 0.561883 0.2522774 0.5322804 0.2522774 0.5428244 0.2409093 0.5428244 0.2522774 0.5322804 0.2409093 0.5428244 0.2409093 0.5322804 0.2409093 0.5428244 0.2141451 0.5322804 0.2409093 0.5322804 0.2522774 0.561883 0.2409093 0.561883 0.2522774 0.5428244 0.2409093 0.561883 0.2409093 0.5428244 0.2522774 0.5428244 0.2522774 0.5763791 0.2409093 0.561883 0.2522774 0.561883 0.2409093 0.5428244 0.2141451 0.5428244 0.2141451 0.5322804 0.2409093 0.561883 0.2141451 0.5428244 0.2409093 0.5428244 0.1984436 0.5428244 0.2141451 0.5322804 0.2141451 0.5428244 0.1984436 0.5428244 0.1984436 0.5322804 0.2141451 0.5322804 0.1794766 0.5428244 0.1794766 0.5322804 0.1984436 0.5322804 0.1794766 0.5428244 0.1984436 0.5322804 0.1984436 0.5428244 0.1794766 0.5618677 0.1794766 0.5428244 0.1984436 0.5428244 0.2141451 0.561883 0.1984436 0.5428244 0.2141451 0.5428244 0.2141451 0.561883 0.2141451 0.5428244 0.2409093 0.561883 0.1794766 0.5618677 0.1984436 0.5428244 0.1984436 0.5618677 0.1984436 0.5618677 0.1984436 0.5428244 0.2141451 0.561883 0.1984436 0.5763791 0.1794766 0.5618677 0.1984436 0.5618677 0.1794766 0.5763791 0.1794766 0.5618677 0.1984436 0.5763791 0.2141451 0.5763791 0.1984436 0.5618677 0.2141451 0.561883 0.2141451 0.5763791 0.2141451 0.561883 0.2409093 0.561883 0.2141451 0.5763791 0.1984436 0.5763791 0.1984436 0.5618677 0.2409093 0.5763791 0.2141451 0.5763791 0.2409093 0.561883 0.2522774 0.5763791 0.2409093 0.5763791 0.2409093 0.561883 0.2141451 0.6006867 0.1984436 0.5763791 0.2141451 0.5763791 0.2409093 0.5763791 0.2141451 0.6006867 0.2141451 0.5763791 0.1794766 0.5763791 0.1984436 0.5763791 0.1984436 0.6006867 0.1984436 0.6006867 0.1984436 0.5763791 0.2141451 0.6006867 0.1794766 0.6006867 0.1794766 0.5763791 0.1984436 0.6006867 0.1794766 0.6161288 0.1794766 0.6006867 0.1984436 0.6006867 0.2409093 0.6006867 0.2409093 0.5763791 0.2522774 0.5763791 0.2409093 0.6006867 0.2141451 0.6006867 0.2409093 0.5763791 0.2634165 0.5763791 0.2409093 0.6006867 0.2522774 0.5763791 0.2634165 0.5995728 0.2409093 0.6006867 0.2634165 0.5763791 0.2409093 0.6161288 0.2409093 0.6006867 0.2634165 0.5995728 0.1984436 0.6161288 0.1794766 0.6161288 0.1984436 0.6006867 0.1984436 0.6161288 0.1984436 0.6006867 0.2141451 0.6006867 0.1794766 0.6457313 0.1794766 0.6161288 0.1984436 0.6161288 0.2141451 0.6161288 0.2141451 0.6006867 0.2409093 0.6006867 0.2409093 0.6161288 0.2141451 0.6161288 0.2409093 0.6006867 0.1984436 0.6161288 0.2141451 0.6006867 0.2141451 0.6161288 0.2409093 0.6457313 0.2141451 0.6161288 0.2409093 0.6161288 0.1984436 0.6457313 0.1794766 0.6457313 0.1984436 0.6161288 0.1984436 0.6457313 0.1984436 0.6161288 0.2141451 0.6161288 0.2409093 0.6457313 0.2141451 0.6457313 0.2141451 0.6161288 0.2141451 0.6457313 0.1984436 0.6457313 0.2141451 0.6161288 0.2409093 0.6457313 0.2141451 0.6765087 0.2141451 0.6457313 0.2141451 0.6457313 0.2141451 0.6765087 0.1984436 0.6457313 0.1984436 0.6457313 0.1984436 0.6765087 0.1794766 0.6457313 0.2141451 0.6765087 0.1984436 0.6765087 0.1984436 0.6457313 0.1984436 0.6765087 0.1794766 0.6765087 0.1794766 0.6457313 0.2141451 0.6910201 0.1984436 0.6765087 0.2141451 0.6765087 0.1984436 0.6765087 0.1984436 0.6910201 0.1794766 0.6765087 0.2141451 0.6910201 0.1984436 0.6910201 0.1984436 0.6765087 0.1794766 0.6765087 0.1984436 0.6910201 0.1794766 0.6910201 0.1984436 0.6910201 0.1794766 0.7150683 0.1794766 0.6910201 0.1984436 0.6910201 0.1984436 0.7150683 0.1794766 0.7150683 0.2141451 0.6910201 0.1984436 0.7150683 0.1984436 0.6910201 0.1794766 0.7295796 0.1794766 0.7150683 0.1984436 0.7150683 0.1984436 0.7295796 0.1794766 0.7295796 0.1984436 0.7150683 0.2141451 0.7150683 0.1984436 0.7150683 0.2141451 0.6910201 0.2141451 0.7150683 0.1984436 0.7295796 0.1984436 0.7150683 0.2409093 0.7150683 0.2141451 0.7150683 0.2141451 0.6910201 0.2141451 0.7150683 0.2141451 0.7295796 0.1984436 0.7295796 0.2409093 0.7150683 0.2409093 0.7295796 0.2141451 0.7150683 0.2141451 0.7150683 0.2409093 0.7295796 0.2141451 0.7295796 0.4137179 0.4576181 0.4518196 0.4703135 0.4137179 0.4703135 0.4137179 0.4576181 0.4518196 0.4563516 0.4518196 0.4703135 0.4137179 0.4299382 0.4518196 0.4563516 0.4137179 0.4576181 0.4518196 0.4703135 0.4518196 0.4563516 0.4655527 0.4703135 0.4137179 0.4299382 0.4543069 0.4299382 0.4518196 0.4563516 0.4137179 0.396994 0.4543069 0.4299382 0.4137179 0.4299382 0.4518196 0.4563516 0.4646067 0.4563516 0.4655527 0.4703135 0.4518196 0.4563516 0.4543069 0.4299382 0.4646067 0.4563516 0.4573739 0.3957275 0.4543069 0.4299382 0.4137179 0.396994 0.4573739 0.3957275 0.4137179 0.396994 0.4137179 0.3536736 0.4646067 0.4299382 0.4646067 0.4563516 0.4543069 0.4299382 0.4573739 0.3957275 0.4646067 0.4299382 0.4543069 0.4299382 0.4542001 0.3275959 0.4137179 0.3536736 0.4137179 0.3301442 0.466743 0.3536889 0.4137179 0.3536736 0.4542001 0.3275959 0.466743 0.3536889 0.4573739 0.3957275 0.4137179 0.3536736 0.477348 0.3216449 0.466743 0.3536889 0.4542001 0.3275959 0.4673991 0.3950866 0.4646067 0.4299382 0.4573739 0.3957275 0.4673991 0.3950866 0.4573739 0.3957275 0.466743 0.3536889 0.4739605 0.3537042 0.466743 0.3536889 0.477348 0.3216449 0.4739605 0.3537042 0.4673991 0.3950866 0.466743 0.3536889 0.492134 0.3131609 0.4739605 0.3537042 0.477348 0.3216449 0.4673991 0.3950866 0.4823224 0.4299382 0.4646067 0.4299382 0.4823224 0.4299382 0.4646067 0.4563516 0.4646067 0.4299382 0.4739605 0.3537042 0.4853895 0.3931945 0.4673991 0.3950866 0.4853895 0.3931945 0.4823224 0.4299382 0.4673991 0.3950866 0.492134 0.3131609 0.4893721 0.3537042 0.4739605 0.3537042 0.4893721 0.3537042 0.4853895 0.3931945 0.4739605 0.3537042 0.503212 0.3134813 0.4893721 0.3537042 0.492134 0.3131609 0.500206 0.3051804 0.503212 0.3134813 0.492134 0.3131609 0.500206 0.3051804 0.503212 0.3007095 0.503212 0.3134813 0.5088884 0.3537042 0.4853895 0.3931945 0.4893721 0.3537042 0.503212 0.3134813 0.5088884 0.3537042 0.4893721 0.3537042 0.503212 0.3007095 0.5199664 0.315343 0.503212 0.3134813 0.503212 0.3134813 0.5199664 0.315343 0.5088884 0.3537042 0.5088884 0.3537042 0.5122148 0.3931792 0.4853895 0.3931945 0.4853895 0.3931945 0.5122148 0.3931792 0.4823224 0.4299382 0.5199664 0.315343 0.528954 0.3537042 0.5088884 0.3537042 0.5088884 0.3537042 0.528954 0.3537042 0.5122148 0.3931792 0.503212 0.3007095 0.515404 0.2385748 0.5199664 0.315343 0.503212 0.3007095 0.5023728 0.2385748 0.515404 0.2385748 0.5199664 0.315343 0.5327229 0.315343 0.528954 0.3537042 0.5199664 0.315343 0.528191 0.2386053 0.5327229 0.315343 0.515404 0.2385748 0.528191 0.2386053 0.5199664 0.315343 0.5327229 0.315343 0.5399252 0.3537042 0.528954 0.3537042 0.515404 0.2385748 0.5264363 0.1683833 0.528191 0.2386053 0.5399252 0.3537042 0.5483634 0.3932098 0.528954 0.3537042 0.515404 0.2385748 0.5023728 0.2385748 0.514107 0.1683833 0.515404 0.2385748 0.514107 0.1683833 0.5264363 0.1683833 0.5023728 0.2385748 0.5006638 0.1683833 0.514107 0.1683833 0.5483634 0.3932098 0.5369192 0.3931945 0.528954 0.3537042 0.528954 0.3537042 0.5369192 0.3931945 0.5122148 0.3931792 0.5483634 0.3932098 0.5509575 0.4299382 0.5369192 0.3931945 0.5509575 0.4299382 0.5391623 0.4299382 0.5369192 0.3931945 0.5369192 0.3931945 0.5391623 0.4299382 0.5122148 0.3931792 0.5509575 0.4299382 0.5513695 0.4578164 0.5391623 0.4299382 0.5122148 0.3931792 0.5391623 0.4299382 0.5122148 0.4299382 0.5122148 0.3931792 0.5122148 0.4299382 0.4823224 0.4299382 0.5513695 0.4578164 0.5394369 0.4583047 0.5391623 0.4299382 0.5391623 0.4299382 0.5394369 0.4583047 0.5122148 0.4299382 0.5513695 0.4578164 0.5509422 0.4688792 0.5385214 0.4721752 0.5513695 0.4578164 0.5385214 0.4721752 0.5394369 0.4583047 0.5385214 0.4721752 0.5122148 0.4742351 0.5394369 0.4583047 0.5394369 0.4583047 0.5122148 0.4585183 0.5122148 0.4299382 0.5394369 0.4583047 0.5122148 0.4742351 0.5122148 0.4585183 0.5122148 0.4585183 0.4824445 0.4581826 0.5122148 0.4299382 0.5122148 0.4585183 0.5122148 0.4742351 0.4824445 0.4581826 0.4823224 0.4299382 0.5122148 0.4299382 0.4824445 0.4581826 0.4824445 0.4581826 0.5122148 0.4742351 0.4840009 0.4731212 0.4823224 0.4299382 0.4824445 0.4581826 0.4646067 0.4563516 0.4655527 0.4703135 0.4824445 0.4581826 0.4840009 0.4731212 0.4655527 0.4703135 0.4646067 0.4563516 0.4824445 0.4581826 0.514107 0.1683833 0.5006638 0.1683833 0.5044785 0.1427482 0.5006638 0.1683833 0.4914168 0.1427482 0.5044785 0.1427482 0.514107 0.1683833 0.5044785 0.1427482 0.5201038 0.1427482 0.514107 0.1683833 0.5201038 0.1427482 0.5264363 0.1683833 0.5264363 0.1683833 0.5201038 0.1427482 0.5337148 0.1427482 0.5044785 0.1427482 0.4914168 0.1427482 0.5044785 0.1143816 0.5044785 0.1427482 0.5044785 0.1143816 0.5201038 0.1427482 0.5201038 0.1427482 0.5229877 0.1143816 0.5337148 0.1427482 0.5201038 0.1427482 0.5044785 0.1143816 0.5229877 0.1143816 0.5337148 0.1427482 0.5229877 0.1143816 0.5379568 0.1143816 0.4914168 0.1427482 0.4871748 0.1143816 0.5044785 0.1143816 0.4914168 0.1427482 0.4840925 0.1338826 0.4871748 0.1143816 0.5044785 0.1143816 0.5044785 0.08210879 0.5229877 0.1143816 0.5044785 0.1143816 0.4871748 0.1143816 0.5044785 0.08210879 0.5229877 0.1143816 0.5248646 0.08210879 0.5379568 0.1143816 0.5229877 0.1143816 0.5044785 0.08210879 0.5248646 0.08210879 0.5379568 0.1143816 0.5248646 0.08210879 0.5397421 0.08210879 0.5248646 0.08210879 0.5260701 0.04579234 0.5397421 0.08210879 0.5397421 0.08210879 0.5260701 0.04579234 0.5404745 0.04579234 0.5404745 0.04579234 0.5260701 0.01321429 0.5395437 0.01689171 0.5260701 0.04579234 0.5260701 0.01321429 0.5404745 0.04579234 0.5248646 0.08210879 0.5044785 0.04579234 0.5260701 0.04579234 0.5260701 0.04579234 0.5044785 0.04579234 0.5260701 0.01321429 0.5248646 0.08210879 0.5044785 0.08210879 0.5044785 0.04579234 0.5260701 0.01321429 0.5044785 0.04579234 0.5044785 0.0107271 0.5044785 0.04579234 0.4826276 0.01402306 0.5044785 0.0107271 0.5044785 0.04579234 0.4826276 0.04916459 0.4826276 0.01402306 0.5044785 0.04579234 0.5044785 0.08210879 0.4826276 0.04916459 0.4826276 0.01402306 0.4826276 0.04916459 0.4719616 0.01635766 0.5044785 0.08210879 0.4832837 0.08210879 0.4826276 0.04916459 0.4871748 0.1143816 0.4832837 0.08210879 0.5044785 0.08210879 0.4719616 0.01635766 0.4826276 0.04916459 0.4719616 0.05319297 0.4832837 0.08210879 0.4719616 0.05319297 0.4826276 0.04916459 0.4719616 0.01635766 0.4719616 0.05319297 0.465629 0.02134734 0.4871748 0.1143816 0.4758831 0.09823757 0.4832837 0.08210879 0.4758831 0.09823757 0.4719616 0.05319297 0.4832837 0.08210879 0.4871748 0.1143816 0.4840925 0.1338826 0.4758831 0.09823757 0.4719616 0.05319297 0.4659648 0.05600059 0.465629 0.02134734 0.4758831 0.09823757 0.4659648 0.05600059 0.4719616 0.05319297 0.4840925 0.1338826 0.4691386 0.09823757 0.4758831 0.09823757 0.4691386 0.09823757 0.4659648 0.05600059 0.4758831 0.09823757 0.4840925 0.1338826 0.4717022 0.1284047 0.4691386 0.09823757 0.4717022 0.1284047 0.4442511 0.1245136 0.4691386 0.09823757 0.4442511 0.1245136 0.4442511 0.09823757 0.4691386 0.09823757 0.4691386 0.09823757 0.4442511 0.09823757 0.4659648 0.05600059 0.4442511 0.1245136 0.4137179 0.1236591 0.4442511 0.09823757 0.4137179 0.1236591 0.4137179 0.09823757 0.4442511 0.09823757 0.4442511 0.09823757 0.4442511 0.05600059 0.4659648 0.05600059 0.4137179 0.09823757 0.4442511 0.05600059 0.4442511 0.09823757 0.4442511 0.05600059 0.465629 0.02134734 0.4659648 0.05600059 0.4137179 0.09823757 0.4137179 0.05600059 0.4442511 0.05600059 0.4442511 0.05600059 0.4442511 0.02134734 0.465629 0.02134734 0.4442511 0.05600059 0.4137179 0.05600059 0.4442511 0.02134734 0.4137179 0.05600059 0.4137179 0.02134734 0.4442511 0.02134734 0.3927062 0.4576181 0.3927062 0.4703135 0.3546044 0.4703135 0.3546044 0.4563516 0.3927062 0.4576181 0.3546044 0.4703135 0.3927062 0.4299382 0.3927062 0.4576181 0.3546044 0.4563516 0.3546044 0.4563516 0.3546044 0.4703135 0.3408713 0.4703135 0.3521172 0.4299382 0.3927062 0.4299382 0.3546044 0.4563516 0.3927062 0.396994 0.3927062 0.4299382 0.3521172 0.4299382 0.3546044 0.4563516 0.3408713 0.4703135 0.3418173 0.4563516 0.3521172 0.4299382 0.3546044 0.4563516 0.3418173 0.4563516 0.3490501 0.3957275 0.3927062 0.396994 0.3521172 0.4299382 0.3927062 0.3536736 0.3927062 0.396994 0.3490501 0.3957275 0.3418173 0.4299382 0.3521172 0.4299382 0.3418173 0.4563516 0.3490501 0.3957275 0.3521172 0.4299382 0.3418173 0.4299382 0.3522087 0.3275959 0.3927062 0.3301442 0.3927062 0.3536736 0.3522087 0.3275959 0.3927062 0.3536736 0.3396811 0.3536889 0.3396811 0.3536889 0.3927062 0.3536736 0.3490501 0.3957275 0.3290761 0.3216449 0.3522087 0.3275959 0.3396811 0.3536889 0.339025 0.3950866 0.3490501 0.3957275 0.3418173 0.4299382 0.3396811 0.3536889 0.3490501 0.3957275 0.339025 0.3950866 0.3290761 0.3216449 0.3396811 0.3536889 0.3324636 0.3537042 0.3324636 0.3537042 0.3396811 0.3536889 0.339025 0.3950866 0.3142748 0.3131609 0.3290761 0.3216449 0.3324636 0.3537042 0.339025 0.3950866 0.3418173 0.4299382 0.3241016 0.4299382 0.3418173 0.4299382 0.3418173 0.4563516 0.3241016 0.4299382 0.3324636 0.3537042 0.339025 0.3950866 0.3210193 0.3931945 0.3210193 0.3931945 0.339025 0.3950866 0.3241016 0.4299382 0.3142748 0.3131609 0.3324636 0.3537042 0.3170519 0.3537042 0.3170519 0.3537042 0.3324636 0.3537042 0.3210193 0.3931945 0.303212 0.3134813 0.3142748 0.3131609 0.3170519 0.3537042 0.3062028 0.3051804 0.3142748 0.3131609 0.303212 0.3134813 0.3062028 0.3051804 0.303212 0.3134813 0.303212 0.3007095 0.3170519 0.3537042 0.3210193 0.3931945 0.2975204 0.3537042 0.303212 0.3134813 0.3170519 0.3537042 0.2975204 0.3537042 0.303212 0.3134813 0.2864424 0.315343 0.303212 0.3007095 0.303212 0.3134813 0.2975204 0.3537042 0.2864424 0.315343 0.2975204 0.3537042 0.3210193 0.3931945 0.2942092 0.3931792 0.3210193 0.3931945 0.3241016 0.4299382 0.2942092 0.3931792 0.2975204 0.3537042 0.2774701 0.3537042 0.2864424 0.315343 0.2975204 0.3537042 0.2942092 0.3931792 0.2774701 0.3537042 0.303212 0.3007095 0.2864424 0.315343 0.2910048 0.2385748 0.303212 0.3007095 0.2910048 0.2385748 0.3040513 0.2385748 0.2864424 0.315343 0.278233 0.2386053 0.2910048 0.2385748 0.2864424 0.315343 0.2736858 0.315343 0.278233 0.2386053 0.2864424 0.315343 0.2774701 0.3537042 0.2736858 0.315343 0.2910048 0.2385748 0.278233 0.2386053 0.2799878 0.1683833 0.2736858 0.315343 0.2774701 0.3537042 0.2664835 0.3537042 0.2664835 0.3537042 0.2774701 0.3537042 0.2580453 0.3932098 0.2910048 0.2385748 0.2923018 0.1683833 0.3040513 0.2385748 0.2910048 0.2385748 0.2799878 0.1683833 0.2923018 0.1683833 0.3040513 0.2385748 0.2923018 0.1683833 0.305745 0.1683833 0.2774701 0.3537042 0.2694896 0.3931945 0.2580453 0.3932098 0.2774701 0.3537042 0.2942092 0.3931792 0.2694896 0.3931945 0.2580453 0.3932098 0.2694896 0.3931945 0.2554513 0.4299382 0.2694896 0.3931945 0.2672618 0.4299382 0.2554513 0.4299382 0.2942092 0.3931792 0.2672618 0.4299382 0.2694896 0.3931945 0.2554513 0.4299382 0.2672618 0.4299382 0.2550393 0.4578164 0.2942092 0.3931792 0.2942092 0.4299382 0.2672618 0.4299382 0.3241016 0.4299382 0.2942092 0.4299382 0.2942092 0.3931792 0.2672618 0.4299382 0.2669871 0.4583047 0.2550393 0.4578164 0.2942092 0.4299382 0.2669871 0.4583047 0.2672618 0.4299382 0.2550393 0.4578164 0.2679026 0.4721752 0.2554818 0.4688792 0.2550393 0.4578164 0.2669871 0.4583047 0.2679026 0.4721752 0.2669871 0.4583047 0.2942092 0.4742351 0.2679026 0.4721752 0.2942092 0.4299382 0.2942092 0.4585183 0.2669871 0.4583047 0.2669871 0.4583047 0.2942092 0.4585183 0.2942092 0.4742351 0.3241016 0.4299382 0.3239796 0.4581826 0.2942092 0.4299382 0.2942092 0.4299382 0.3239796 0.4581826 0.2942092 0.4585183 0.2942092 0.4585183 0.3239796 0.4581826 0.2942092 0.4742351 0.3241016 0.4299382 0.3418173 0.4563516 0.3239796 0.4581826 0.3224079 0.4731212 0.2942092 0.4742351 0.3239796 0.4581826 0.3408713 0.4703135 0.3239796 0.4581826 0.3418173 0.4563516 0.3408713 0.4703135 0.3224079 0.4731212 0.3239796 0.4581826 0.2923018 0.1683833 0.3019303 0.1427482 0.305745 0.1683833 0.305745 0.1683833 0.3019303 0.1427482 0.3150072 0.1427482 0.2923018 0.1683833 0.286305 0.1427482 0.3019303 0.1427482 0.2923018 0.1683833 0.2799878 0.1683833 0.286305 0.1427482 0.2799878 0.1683833 0.272694 0.1427482 0.286305 0.1427482 0.3019303 0.1427482 0.3019303 0.1143816 0.3150072 0.1427482 0.286305 0.1427482 0.3019303 0.1143816 0.3019303 0.1427482 0.286305 0.1427482 0.272694 0.1427482 0.2834363 0.1143816 0.286305 0.1427482 0.2834363 0.1143816 0.3019303 0.1143816 0.272694 0.1427482 0.268452 0.1143816 0.2834363 0.1143816 0.3150072 0.1427482 0.3019303 0.1143816 0.3192492 0.1143816 0.3150072 0.1427482 0.3192492 0.1143816 0.3223163 0.1338826 0.3019303 0.1143816 0.2834363 0.1143816 0.3019303 0.08210879 0.3019303 0.1143816 0.3019303 0.08210879 0.3192492 0.1143816 0.268452 0.1143816 0.2815595 0.08210879 0.2834363 0.1143816 0.2815595 0.08210879 0.3019303 0.08210879 0.2834363 0.1143816 0.268452 0.1143816 0.2666819 0.08210879 0.2815595 0.08210879 0.2666819 0.08210879 0.2803388 0.04579234 0.2815595 0.08210879 0.2666819 0.08210879 0.2659495 0.04579234 0.2803388 0.04579234 0.2659495 0.04579234 0.2668803 0.01689171 0.2803388 0.01321429 0.2659495 0.04579234 0.2803388 0.01321429 0.2803388 0.04579234 0.2815595 0.08210879 0.2803388 0.04579234 0.3019303 0.04579234 0.2803388 0.04579234 0.2803388 0.01321429 0.3019303 0.04579234 0.2815595 0.08210879 0.3019303 0.04579234 0.3019303 0.08210879 0.2803388 0.01321429 0.3019303 0.0107271 0.3019303 0.04579234 0.3019303 0.0107271 0.3237812 0.01402306 0.3019303 0.04579234 0.3019303 0.04579234 0.3237812 0.01402306 0.3237812 0.04916459 0.3019303 0.04579234 0.3237812 0.04916459 0.3019303 0.08210879 0.3237812 0.01402306 0.3344625 0.01635766 0.3237812 0.04916459 0.3237812 0.04916459 0.323125 0.08210879 0.3019303 0.08210879 0.3019303 0.08210879 0.323125 0.08210879 0.3192492 0.1143816 0.3237812 0.04916459 0.3344625 0.01635766 0.3344625 0.05319297 0.3237812 0.04916459 0.3344625 0.05319297 0.323125 0.08210879 0.3344625 0.01635766 0.340795 0.02134734 0.3344625 0.05319297 0.323125 0.08210879 0.3305409 0.09823757 0.3192492 0.1143816 0.323125 0.08210879 0.3344625 0.05319297 0.3305409 0.09823757 0.3192492 0.1143816 0.3305409 0.09823757 0.3223163 0.1338826 0.3344625 0.05319297 0.340795 0.02134734 0.340444 0.05600059 0.3344625 0.05319297 0.340444 0.05600059 0.3305409 0.09823757 0.3305409 0.09823757 0.3372854 0.09823757 0.3223163 0.1338826 0.3305409 0.09823757 0.340444 0.05600059 0.3372854 0.09823757 0.3223163 0.1338826 0.3372854 0.09823757 0.3347066 0.1284047 0.3372854 0.09823757 0.3621729 0.1245136 0.3347066 0.1284047 0.3372854 0.09823757 0.3621729 0.09823757 0.3621729 0.1245136 0.340444 0.05600059 0.3621729 0.09823757 0.3372854 0.09823757 0.3621729 0.09823757 0.3927062 0.1236591 0.3621729 0.1245136 0.3621729 0.09823757 0.3927062 0.09823757 0.3927062 0.1236591 0.340444 0.05600059 0.3621729 0.05600059 0.3621729 0.09823757 0.3621729 0.05600059 0.3927062 0.09823757 0.3621729 0.09823757 0.340795 0.02134734 0.3621729 0.05600059 0.340444 0.05600059 0.3621729 0.05600059 0.3927062 0.05600059 0.3927062 0.09823757 0.340795 0.02134734 0.3621729 0.02134734 0.3621729 0.05600059 0.3621729 0.05600059 0.3621729 0.02134734 0.3927062 0.05600059 0.3621729 0.02134734 0.3927062 0.02134734 0.3927062 0.05600059 0.3968872 0.9549401 0.402594 0.9549401 0.402594 0.9567254 0.3968872 0.9549401 0.402594 0.9567254 0.3968872 0.9567254 0.3911803 0.9549401 0.3968872 0.9549401 0.3968872 0.9567254 0.3968872 0.9567254 0.402594 0.9567254 0.402594 0.9585107 0.3911803 0.9549401 0.3968872 0.9567254 0.3911803 0.9567254 0.3854734 0.9549401 0.3911803 0.9549401 0.3911803 0.9567254 0.3968872 0.9567254 0.402594 0.9585107 0.3968872 0.9585107 0.3911803 0.9567254 0.3968872 0.9567254 0.3968872 0.9585107 0.3968872 0.9585107 0.402594 0.9585107 0.402594 0.9602808 0.3854734 0.9549401 0.3911803 0.9567254 0.3854734 0.9567254 0.3797513 0.9549401 0.3854734 0.9549401 0.3854734 0.9567254 0.3911803 0.9567254 0.3968872 0.9585107 0.3911803 0.9585107 0.3854734 0.9567254 0.3911803 0.9567254 0.3911803 0.9585107 0.3968872 0.9585107 0.402594 0.9602808 0.3968872 0.9602808 0.3911803 0.9585107 0.3968872 0.9585107 0.3968872 0.9602808 0.3968872 0.9602808 0.402594 0.9602808 0.402594 0.9620661 0.3797513 0.9549401 0.3854734 0.9567254 0.3797513 0.9567254 0.3740444 0.9549401 0.3797513 0.9549401 0.3797513 0.9567254 0.3740444 0.9549401 0.3797513 0.9567254 0.3740444 0.9567254 0.3854734 0.9567254 0.3911803 0.9585107 0.3854734 0.9585107 0.3797513 0.9567254 0.3854734 0.9567254 0.3854734 0.9585107 0.3797513 0.9567254 0.3797513 0.9585107 0.3740444 0.9567254 0.3797513 0.9567254 0.3854734 0.9585107 0.3797513 0.9585107 0.3740444 0.9567254 0.3797513 0.9585107 0.3740444 0.9585107 0.3854734 0.9585107 0.3911803 0.9585107 0.3911803 0.9602808 0.3911803 0.9585107 0.3968872 0.9602808 0.3911803 0.9602808 0.3854734 0.9585107 0.3854734 0.9602808 0.3797513 0.9585107 0.3854734 0.9585107 0.3911803 0.9602808 0.3854734 0.9602808 0.3797513 0.9585107 0.3797513 0.9602808 0.3740444 0.9585107 0.3797513 0.9585107 0.3854734 0.9602808 0.3797513 0.9602808 0.3740444 0.9585107 0.3797513 0.9602808 0.3740444 0.9602808 0.3911803 0.9602808 0.3968872 0.9602808 0.3968872 0.9620661 0.3968872 0.9602808 0.402594 0.9620661 0.3968872 0.9620661 0.3968872 0.9620661 0.402594 0.9620661 0.402594 0.9638514 0.3911803 0.9602808 0.3968872 0.9620661 0.3911803 0.9620661 0.3911803 0.9602808 0.3911803 0.9620661 0.3854734 0.9602808 0.3968872 0.9620661 0.402594 0.9638514 0.3968872 0.9638514 0.3968872 0.9620661 0.3968872 0.9638514 0.3911803 0.9620661 0.402594 0.9638514 0.402594 0.9656367 0.3968872 0.9638514 0.3854734 0.9602808 0.3911803 0.9620661 0.3854734 0.9620661 0.3854734 0.9602808 0.3854734 0.9620661 0.3797513 0.9602808 0.3911803 0.9620661 0.3968872 0.9638514 0.3911803 0.9638514 0.3911803 0.9620661 0.3911803 0.9638514 0.3854734 0.9620661 0.3968872 0.9638514 0.402594 0.9656367 0.3968872 0.9656367 0.3968872 0.9638514 0.3968872 0.9656367 0.3911803 0.9638514 0.402594 0.9656367 0.402594 0.967422 0.3968872 0.9656367 0.3797513 0.9602808 0.3854734 0.9620661 0.3797513 0.9620661 0.3797513 0.9602808 0.3797513 0.9620661 0.3740444 0.9602808 0.3740444 0.9602808 0.3797513 0.9620661 0.3740444 0.9620661 0.3854734 0.9620661 0.3854734 0.9638514 0.3797513 0.9620661 0.3854734 0.9620661 0.3911803 0.9638514 0.3854734 0.9638514 0.3797513 0.9620661 0.3797513 0.9638514 0.3740444 0.9620661 0.3797513 0.9620661 0.3854734 0.9638514 0.3797513 0.9638514 0.3740444 0.9620661 0.3797513 0.9638514 0.3740444 0.9638514 0.3911803 0.9638514 0.3911803 0.9656367 0.3854734 0.9638514 0.3911803 0.9638514 0.3968872 0.9656367 0.3911803 0.9656367 0.3854734 0.9638514 0.3854734 0.9656367 0.3797513 0.9638514 0.3854734 0.9638514 0.3911803 0.9656367 0.3854734 0.9656367 0.3797513 0.9638514 0.3797513 0.9656367 0.3740444 0.9638514 0.3797513 0.9638514 0.3854734 0.9656367 0.3797513 0.9656367 0.3740444 0.9638514 0.3797513 0.9656367 0.3740444 0.9656367 0.3968872 0.9656367 0.3968872 0.967422 0.3911803 0.9656367 0.3968872 0.9656367 0.402594 0.967422 0.3968872 0.967422 0.402594 0.967422 0.402594 0.9692073 0.3968872 0.967422 0.3911803 0.9656367 0.3968872 0.967422 0.3911803 0.967422 0.3911803 0.9656367 0.3911803 0.967422 0.3854734 0.9656367 0.3968872 0.967422 0.402594 0.9692073 0.3968872 0.9692073 0.3968872 0.967422 0.3968872 0.9692073 0.3911803 0.967422 0.402594 0.9692073 0.402594 0.9709926 0.3968872 0.9692073 0.3854734 0.9656367 0.3911803 0.967422 0.3854734 0.967422 0.3854734 0.9656367 0.3854734 0.967422 0.3797513 0.9656367 0.3911803 0.967422 0.3968872 0.9692073 0.3911803 0.9692073 0.3911803 0.967422 0.3911803 0.9692073 0.3854734 0.967422 0.3968872 0.9692073 0.402594 0.9709926 0.3968872 0.9709926 0.3968872 0.9692073 0.3968872 0.9709926 0.3911803 0.9692073 0.402594 0.9709926 0.402594 0.9727779 0.3968872 0.9709926 0.3797513 0.9656367 0.3854734 0.967422 0.3797513 0.967422 0.3797513 0.9656367 0.3797513 0.967422 0.3740444 0.9656367 0.3740444 0.9656367 0.3797513 0.967422 0.3740444 0.967422 0.3854734 0.967422 0.3854734 0.9692073 0.3797513 0.967422 0.3854734 0.967422 0.3911803 0.9692073 0.3854734 0.9692073 0.3797513 0.967422 0.3797513 0.9692073 0.3740444 0.967422 0.3797513 0.967422 0.3854734 0.9692073 0.3797513 0.9692073 0.3740444 0.967422 0.3797513 0.9692073 0.3740444 0.9692073 0.3911803 0.9692073 0.3911803 0.9709926 0.3854734 0.9692073 0.3911803 0.9692073 0.3968872 0.9709926 0.3911803 0.9709926 0.3854734 0.9692073 0.3854734 0.9709926 0.3797513 0.9692073 0.3854734 0.9692073 0.3911803 0.9709926 0.3854734 0.9709926 0.3797513 0.9692073 0.3797513 0.9709926 0.3740444 0.9692073 0.3797513 0.9692073 0.3854734 0.9709926 0.3797513 0.9709926 0.3740444 0.9692073 0.3797513 0.9709926 0.3740444 0.9709926 0.3968872 0.9709926 0.3968872 0.9727779 0.3911803 0.9709926 0.3968872 0.9709926 0.402594 0.9727779 0.3968872 0.9727779 0.402594 0.9727779 0.402594 0.9745633 0.3968872 0.9727779 0.3911803 0.9709926 0.3968872 0.9727779 0.3911803 0.9727779 0.3911803 0.9709926 0.3911803 0.9727779 0.3854734 0.9709926 0.3968872 0.9727779 0.402594 0.9745633 0.3968872 0.9745633 0.3968872 0.9727779 0.3968872 0.9745633 0.3911803 0.9727779 0.402594 0.9745633 0.402594 0.9763485 0.3968872 0.9745633 0.3854734 0.9709926 0.3911803 0.9727779 0.3854734 0.9727779 0.3854734 0.9709926 0.3854734 0.9727779 0.3797513 0.9709926 0.3911803 0.9727779 0.3968872 0.9745633 0.3911803 0.9745633 0.3911803 0.9727779 0.3911803 0.9745633 0.3854734 0.9727779 0.3968872 0.9745633 0.402594 0.9763485 0.3968872 0.9763485 0.3968872 0.9745633 0.3968872 0.9763485 0.3911803 0.9745633 0.402594 0.9763485 0.402594 0.9781338 0.3968872 0.9763485 0.3797513 0.9709926 0.3854734 0.9727779 0.3797513 0.9727779 0.3797513 0.9709926 0.3797513 0.9727779 0.3740444 0.9709926 0.3740444 0.9709926 0.3797513 0.9727779 0.3740444 0.9727779 0.3854734 0.9727779 0.3854734 0.9745633 0.3797513 0.9727779 0.3854734 0.9727779 0.3911803 0.9745633 0.3854734 0.9745633 0.3797513 0.9727779 0.3797513 0.9745633 0.3740444 0.9727779 0.3797513 0.9727779 0.3854734 0.9745633 0.3797513 0.9745633 0.3740444 0.9727779 0.3797513 0.9745633 0.3740444 0.9745633 0.3911803 0.9745633 0.3911803 0.9763485 0.3854734 0.9745633 0.3911803 0.9745633 0.3968872 0.9763485 0.3911803 0.9763485 0.3854734 0.9745633 0.3854734 0.9763485 0.3797513 0.9745633 0.3854734 0.9745633 0.3911803 0.9763485 0.3854734 0.9763485 0.3797513 0.9745633 0.3797513 0.9763485 0.3740444 0.9745633 0.3797513 0.9745633 0.3854734 0.9763485 0.3797513 0.9763485 0.3740444 0.9745633 0.3797513 0.9763485 0.3740444 0.9763485 0.3968872 0.9763485 0.3968872 0.9781338 0.3911803 0.9763485 0.3968872 0.9763485 0.402594 0.9781338 0.3968872 0.9781338 0.402594 0.9781338 0.402594 0.9799191 0.3968872 0.9781338 0.3911803 0.9763485 0.3968872 0.9781338 0.3911803 0.9781338 0.3911803 0.9763485 0.3911803 0.9781338 0.3854734 0.9763485 0.3968872 0.9781338 0.402594 0.9799191 0.3968872 0.9799191 0.3968872 0.9781338 0.3968872 0.9799191 0.3911803 0.9781338 0.402594 0.9799191 0.402594 0.9817044 0.3968872 0.9799191 0.3854734 0.9763485 0.3911803 0.9781338 0.3854734 0.9781338 0.3854734 0.9763485 0.3854734 0.9781338 0.3797513 0.9763485 0.3911803 0.9781338 0.3968872 0.9799191 0.3911803 0.9799191 0.3911803 0.9781338 0.3911803 0.9799191 0.3854734 0.9781338 0.3968872 0.9799191 0.402594 0.9817044 0.3968872 0.9817044 0.3968872 0.9799191 0.3968872 0.9817044 0.3911803 0.9799191 0.402594 0.9817044 0.402594 0.9834745 0.3968872 0.9817044 0.3968872 0.9817044 0.402594 0.9834745 0.3968872 0.9834745 0.3968872 0.9817044 0.3968872 0.9834745 0.3911803 0.9817044 0.3911803 0.9799191 0.3968872 0.9817044 0.3911803 0.9817044 0.3911803 0.9817044 0.3968872 0.9834745 0.3911803 0.9834745 0.3911803 0.9799191 0.3911803 0.9817044 0.3854734 0.9799191 0.3854734 0.9781338 0.3911803 0.9799191 0.3854734 0.9799191 0.3911803 0.9817044 0.3911803 0.9834745 0.3854734 0.9817044 0.3854734 0.9799191 0.3911803 0.9817044 0.3854734 0.9817044 0.3854734 0.9817044 0.3911803 0.9834745 0.3854734 0.9834745 0.3854734 0.9781338 0.3854734 0.9799191 0.3797513 0.9781338 0.3797513 0.9763485 0.3854734 0.9781338 0.3797513 0.9781338 0.3797513 0.9763485 0.3797513 0.9781338 0.3740444 0.9763485 0.3740444 0.9763485 0.3797513 0.9781338 0.3740444 0.9781338 0.3797513 0.9781338 0.3854734 0.9799191 0.3797513 0.9799191 0.3797513 0.9781338 0.3797513 0.9799191 0.3740444 0.9781338 0.3854734 0.9799191 0.3854734 0.9817044 0.3797513 0.9799191 0.3740444 0.9781338 0.3797513 0.9799191 0.3740444 0.9799191 0.3797513 0.9799191 0.3854734 0.9817044 0.3797513 0.9817044 0.3797513 0.9799191 0.3797513 0.9817044 0.3740444 0.9799191 0.3854734 0.9817044 0.3854734 0.9834745 0.3797513 0.9817044 0.3740444 0.9799191 0.3797513 0.9817044 0.3740444 0.9817044 0.3797513 0.9817044 0.3854734 0.9834745 0.3797513 0.9834745 0.3797513 0.9817044 0.3797513 0.9834745 0.3740444 0.9817044 0.3740444 0.9817044 0.3797513 0.9834745 0.3740444 0.9834745 0.7930266 0.4416724 0.7930266 0.4547799 0.7886626 0.4416724 0.7930266 0.4547799 0.7886626 0.4547799 0.7886626 0.4416724 0.7886626 0.4416724 0.7886626 0.4547799 0.7862211 0.4416724 0.7930266 0.4547799 0.7930266 0.4680705 0.7886626 0.4547799 0.7886626 0.4547799 0.7862211 0.4547799 0.7862211 0.4416724 0.7862211 0.4416724 0.7862211 0.4547799 0.7835966 0.4416724 0.7930266 0.4680705 0.7886626 0.4680705 0.7886626 0.4547799 0.7886626 0.4547799 0.7886626 0.4680705 0.7862211 0.4547799 0.7930266 0.4680705 0.7886626 0.4779736 0.7886626 0.4680705 0.7930266 0.4680705 0.7930266 0.4779736 0.7886626 0.4779736 0.7886626 0.4680705 0.7862211 0.4680705 0.7862211 0.4547799 0.7930266 0.4779736 0.7886626 0.4867933 0.7886626 0.4779736 0.7930266 0.4779736 0.7930266 0.4867933 0.7886626 0.4867933 0.7930266 0.4867933 0.7930266 0.5017776 0.7886626 0.4867933 0.7886626 0.4779736 0.7862211 0.4779736 0.7886626 0.4680705 0.7886626 0.4680705 0.7862211 0.4779736 0.7862211 0.4680705 0.7886626 0.4867933 0.7930266 0.5017776 0.7886626 0.5017776 0.7930266 0.5017776 0.7930266 0.5174181 0.7886626 0.5017776 0.7886626 0.4779736 0.7886626 0.4867933 0.7862211 0.4867933 0.7886626 0.4867933 0.7886626 0.5017776 0.7862211 0.4867933 0.7886626 0.4779736 0.7862211 0.4867933 0.7862211 0.4779736 0.7886626 0.5017776 0.7930266 0.5174181 0.7886626 0.5174181 0.7862211 0.4779736 0.7835966 0.4680705 0.7862211 0.4680705 0.7862211 0.4547799 0.7862211 0.4680705 0.7835966 0.4680705 0.7886626 0.5017776 0.7886626 0.5174181 0.7862211 0.5017776 0.7886626 0.5017776 0.7862211 0.5017776 0.7862211 0.4867933 0.7930266 0.5174181 0.7886626 0.5295033 0.7886626 0.5174181 0.7930266 0.5174181 0.7930266 0.5295033 0.7886626 0.5295033 0.7930266 0.5295033 0.7930266 0.5411154 0.7886626 0.5295033 0.7862211 0.5017776 0.7886626 0.5174181 0.7862211 0.5174181 0.7886626 0.5174181 0.7886626 0.5295033 0.7862211 0.5174181 0.7886626 0.5295033 0.7930266 0.5411154 0.7886626 0.5411154 0.7930266 0.5411154 0.7930266 0.5635309 0.7886626 0.5411154 0.7886626 0.5295033 0.7862211 0.5295033 0.7862211 0.5174181 0.7886626 0.5295033 0.7886626 0.5411154 0.7862211 0.5295033 0.7862211 0.5017776 0.7862211 0.5174181 0.7835966 0.5017776 0.7862211 0.4867933 0.7862211 0.5017776 0.7835966 0.5017776 0.7862211 0.5174181 0.7862211 0.5295033 0.7835966 0.5174181 0.7835966 0.5017776 0.7862211 0.5174181 0.7835966 0.5174181 0.7862211 0.4867933 0.7835966 0.5017776 0.7835966 0.4867933 0.7835966 0.4779736 0.7862211 0.4867933 0.7835966 0.4867933 0.7862211 0.4779736 0.7862211 0.4867933 0.7835966 0.4779736 0.7862211 0.4779736 0.7835966 0.4779736 0.7835966 0.4680705 0.7835966 0.4867933 0.7835966 0.5017776 0.7749141 0.4867933 0.7835966 0.4779736 0.7835966 0.4867933 0.7749141 0.4867933 0.7749141 0.4867933 0.7835966 0.5017776 0.7749141 0.5017776 0.7835966 0.5017776 0.7835966 0.5174181 0.7749141 0.5017776 0.7835966 0.4779736 0.7749141 0.4867933 0.7749141 0.4779736 0.7835966 0.4680705 0.7835966 0.4779736 0.7749141 0.4779736 0.7749141 0.4867933 0.7749141 0.5017776 0.7728542 0.4867933 0.7749141 0.4867933 0.7728542 0.4867933 0.7749141 0.4779736 0.7749141 0.5017776 0.7835966 0.5174181 0.7749141 0.5174181 0.7749141 0.5017776 0.7728542 0.5017776 0.7728542 0.4867933 0.7835966 0.5174181 0.7749141 0.5295033 0.7749141 0.5174181 0.7749141 0.5017776 0.7728542 0.5174181 0.7728542 0.5017776 0.7749141 0.5017776 0.7749141 0.5174181 0.7728542 0.5174181 0.7835966 0.5174181 0.7835966 0.5295033 0.7749141 0.5295033 0.7835966 0.5174181 0.7862211 0.5295033 0.7835966 0.5295033 0.7749141 0.5174181 0.7749141 0.5295033 0.7728542 0.5295033 0.7749141 0.5174181 0.7728542 0.5295033 0.7728542 0.5174181 0.7749141 0.5295033 0.7835966 0.5295033 0.7749141 0.5411154 0.7749141 0.5295033 0.7749141 0.5411154 0.7728542 0.5295033 0.7835966 0.5295033 0.7862211 0.5295033 0.7835966 0.5411154 0.7835966 0.5295033 0.7835966 0.5411154 0.7749141 0.5411154 0.7862211 0.5295033 0.7862211 0.5411154 0.7835966 0.5411154 0.7886626 0.5411154 0.7862211 0.5411154 0.7862211 0.5295033 0.7749141 0.5411154 0.7835966 0.5411154 0.7749141 0.5635309 0.7886626 0.5411154 0.7886626 0.5635309 0.7862211 0.5411154 0.7930266 0.5635309 0.7886626 0.5635309 0.7886626 0.5411154 0.7835966 0.5411154 0.7862211 0.5411154 0.7835966 0.5635309 0.7835966 0.5411154 0.7835966 0.5635309 0.7749141 0.5635309 0.7862211 0.5411154 0.7886626 0.5635309 0.7862211 0.5635309 0.7862211 0.5411154 0.7862211 0.5635309 0.7835966 0.5635309 0.7930266 0.5635309 0.7886626 0.5859464 0.7886626 0.5635309 0.7930266 0.5635309 0.7930266 0.5859464 0.7886626 0.5859464 0.7886626 0.5635309 0.7862211 0.5859464 0.7862211 0.5635309 0.7835966 0.5635309 0.7862211 0.5635309 0.7862211 0.5859464 0.7886626 0.5635309 0.7886626 0.5859464 0.7862211 0.5859464 0.7835966 0.5635309 0.7862211 0.5859464 0.7835966 0.5859464 0.7835966 0.5635309 0.7835966 0.5859464 0.7749141 0.5635309 0.7862211 0.5859464 0.7886626 0.5859464 0.7862211 0.5975586 0.7862211 0.5859464 0.7862211 0.5975586 0.7835966 0.5859464 0.7930266 0.5859464 0.7886626 0.5975586 0.7886626 0.5859464 0.7886626 0.5975586 0.7862211 0.5975586 0.7886626 0.5859464 0.7930266 0.5859464 0.7930266 0.5975586 0.7886626 0.5975586 0.7930266 0.5975586 0.7930266 0.6096437 0.7886626 0.5975586 0.7835966 0.5859464 0.7862211 0.5975586 0.7835966 0.5975586 0.7930266 0.6096437 0.7886626 0.6096437 0.7886626 0.5975586 0.7835966 0.5859464 0.7835966 0.5975586 0.7749141 0.5859464 0.7835966 0.5859464 0.7749141 0.5859464 0.7749141 0.5635309 0.7930266 0.6096437 0.7886626 0.6252995 0.7886626 0.6096437 0.7930266 0.6096437 0.7930266 0.6252995 0.7886626 0.6252995 0.7886626 0.6096437 0.7862211 0.6096437 0.7886626 0.5975586 0.7886626 0.5975586 0.7862211 0.6096437 0.7862211 0.5975586 0.7886626 0.6096437 0.7886626 0.6252995 0.7862211 0.6252995 0.7886626 0.6096437 0.7862211 0.6252995 0.7862211 0.6096437 0.7930266 0.6252995 0.7886626 0.6402686 0.7886626 0.6252995 0.7930266 0.6252995 0.7930266 0.6402686 0.7886626 0.6402686 0.7930266 0.6402686 0.7930266 0.6490883 0.7886626 0.6402686 0.7886626 0.6252995 0.7862211 0.6402686 0.7862211 0.6252995 0.7886626 0.6252995 0.7886626 0.6402686 0.7862211 0.6402686 0.7886626 0.6402686 0.7930266 0.6490883 0.7886626 0.6490883 0.7886626 0.6402686 0.7886626 0.6490883 0.7862211 0.6402686 0.7930266 0.6490883 0.7930266 0.6589913 0.7886626 0.6490883 0.7862211 0.6252995 0.7862211 0.6402686 0.7835966 0.6252995 0.7862211 0.6096437 0.7862211 0.6252995 0.7835966 0.6252995 0.7886626 0.6490883 0.7930266 0.6589913 0.7886626 0.6589913 0.7862211 0.5975586 0.7862211 0.6096437 0.7835966 0.6096437 0.7862211 0.6096437 0.7835966 0.6252995 0.7835966 0.6096437 0.7862211 0.5975586 0.7835966 0.6096437 0.7835966 0.5975586 0.7862211 0.6402686 0.7886626 0.6490883 0.7862211 0.6490883 0.7886626 0.6490883 0.7886626 0.6589913 0.7862211 0.6490883 0.7835966 0.5975586 0.7835966 0.6096437 0.7749141 0.5975586 0.7835966 0.5975586 0.7749141 0.5975586 0.7749141 0.5859464 0.7835966 0.6096437 0.7749141 0.6096437 0.7749141 0.5975586 0.7749141 0.5975586 0.7728542 0.5975586 0.7749141 0.5859464 0.7749141 0.5975586 0.7749141 0.6096437 0.7728542 0.5975586 0.7835966 0.6096437 0.7749141 0.6252995 0.7749141 0.6096437 0.7835966 0.6096437 0.7835966 0.6252995 0.7749141 0.6252995 0.7749141 0.6096437 0.7728542 0.6096437 0.7728542 0.5975586 0.7749141 0.6096437 0.7749141 0.6252995 0.7728542 0.6096437 0.7749141 0.5859464 0.7728542 0.5975586 0.7728542 0.5859464 0.7749141 0.5635309 0.7749141 0.5859464 0.7728542 0.5859464 0.7728542 0.5975586 0.7728542 0.6096437 0.7706416 0.6096437 0.7749141 0.5635309 0.7728542 0.5859464 0.7728542 0.5635309 0.7728542 0.5975586 0.7706416 0.5975586 0.7728542 0.5859464 0.7728542 0.5975586 0.7706416 0.6096437 0.7706416 0.5975586 0.7728542 0.5635309 0.7728542 0.5859464 0.7706416 0.5859464 0.7706416 0.5859464 0.7728542 0.5859464 0.7706416 0.5975586 0.7728542 0.5411154 0.7749141 0.5635309 0.7728542 0.5635309 0.7749141 0.5411154 0.7749141 0.5635309 0.7728542 0.5411154 0.7749141 0.5411154 0.7728542 0.5411154 0.7728542 0.5295033 0.7728542 0.5635309 0.7706416 0.5859464 0.7706416 0.5635309 0.7728542 0.5411154 0.7728542 0.5635309 0.7706416 0.5411154 0.7706416 0.5411154 0.7728542 0.5635309 0.7706416 0.5635309 0.76318 0.5635309 0.7706416 0.5635309 0.7706416 0.5859464 0.7706416 0.5411154 0.7706416 0.5635309 0.76318 0.5635309 0.76318 0.5635309 0.7706416 0.5859464 0.76318 0.5859464 0.7706416 0.5859464 0.7706416 0.5975586 0.76318 0.5859464 0.76318 0.5411154 0.7706416 0.5411154 0.76318 0.5635309 0.76318 0.5859464 0.7706416 0.5975586 0.76318 0.5975586 0.7706416 0.5975586 0.76318 0.6096437 0.76318 0.5975586 0.7706416 0.5975586 0.7706416 0.6096437 0.76318 0.6096437 0.7706416 0.6096437 0.76318 0.6252995 0.76318 0.6096437 0.7706416 0.5295033 0.7706416 0.5411154 0.76318 0.5411154 0.7728542 0.5411154 0.7706416 0.5411154 0.7706416 0.5295033 0.7706416 0.5295033 0.76318 0.5411154 0.76318 0.5295033 0.7728542 0.5295033 0.7728542 0.5411154 0.7706416 0.5295033 0.76318 0.5174181 0.7706416 0.5295033 0.76318 0.5295033 0.7728542 0.5295033 0.7706416 0.5295033 0.7706416 0.5174181 0.7706416 0.5174181 0.7706416 0.5295033 0.76318 0.5174181 0.7728542 0.5174181 0.7728542 0.5295033 0.7706416 0.5174181 0.76318 0.5017776 0.7706416 0.5174181 0.76318 0.5174181 0.7728542 0.5174181 0.7706416 0.5174181 0.7706416 0.5017776 0.7706416 0.5017776 0.7706416 0.5174181 0.76318 0.5017776 0.7728542 0.5017776 0.7728542 0.5174181 0.7706416 0.5017776 0.7706416 0.5017776 0.76318 0.5017776 0.7706416 0.4867933 0.7728542 0.5017776 0.7706416 0.5017776 0.7706416 0.4867933 0.76318 0.5017776 0.76318 0.4867933 0.7706416 0.4867933 0.7728542 0.4867933 0.7728542 0.5017776 0.7706416 0.4867933 0.7706416 0.4867933 0.76318 0.4867933 0.76318 0.4779736 0.7728542 0.4867933 0.7706416 0.4867933 0.7728542 0.4779736 0.7706416 0.4779736 0.7706416 0.4867933 0.76318 0.4779736 0.7728542 0.4779736 0.7706416 0.4867933 0.7706416 0.4779736 0.7706416 0.4779736 0.76318 0.4779736 0.76318 0.4680705 0.7728542 0.4867933 0.7728542 0.4779736 0.7749141 0.4779736 0.7706416 0.4680705 0.7706416 0.4779736 0.76318 0.4680705 0.7728542 0.4779736 0.7706416 0.4779736 0.7706416 0.4680705 0.7749141 0.4779736 0.7728542 0.4779736 0.7728542 0.4680705 0.7728542 0.4779736 0.7706416 0.4680705 0.7728542 0.4680705 0.7706416 0.4547799 0.7706416 0.4680705 0.76318 0.4680705 0.7728542 0.4680705 0.7706416 0.4680705 0.7706416 0.4547799 0.7706416 0.4547799 0.76318 0.4680705 0.76318 0.4547799 0.76318 0.4416724 0.7706416 0.4547799 0.76318 0.4547799 0.7706416 0.4416724 0.7706416 0.4547799 0.76318 0.4416724 0.7728542 0.4416724 0.7706416 0.4547799 0.7706416 0.4416724 0.7728542 0.4547799 0.7728542 0.4680705 0.7706416 0.4547799 0.7728542 0.4416724 0.7728542 0.4547799 0.7706416 0.4547799 0.7749141 0.4680705 0.7749141 0.4779736 0.7728542 0.4680705 0.7749141 0.4680705 0.7728542 0.4680705 0.7728542 0.4547799 0.7835966 0.4680705 0.7749141 0.4779736 0.7749141 0.4680705 0.7749141 0.4547799 0.7728542 0.4547799 0.7728542 0.4416724 0.7749141 0.4680705 0.7728542 0.4547799 0.7749141 0.4547799 0.7749141 0.4416724 0.7749141 0.4547799 0.7728542 0.4416724 0.7835966 0.4680705 0.7749141 0.4680705 0.7835966 0.4547799 0.7835966 0.4547799 0.7749141 0.4680705 0.7749141 0.4547799 0.7835966 0.4547799 0.7749141 0.4547799 0.7749141 0.4416724 0.7862211 0.4547799 0.7835966 0.4680705 0.7835966 0.4547799 0.7835966 0.4416724 0.7835966 0.4547799 0.7749141 0.4416724 0.7862211 0.4547799 0.7835966 0.4547799 0.7835966 0.4416724 0.7930266 0.6722972 0.7930266 0.6854048 0.7886626 0.6854048 0.7886626 0.6722972 0.7930266 0.6722972 0.7886626 0.6854048 0.7930266 0.6589913 0.7930266 0.6722972 0.7886626 0.6722972 0.7886626 0.6722972 0.7886626 0.6854048 0.7862211 0.6854048 0.7886626 0.6589913 0.7930266 0.6589913 0.7886626 0.6722972 0.7862211 0.6722972 0.7886626 0.6722972 0.7862211 0.6854048 0.7886626 0.6589913 0.7886626 0.6722972 0.7862211 0.6722972 0.7862211 0.6722972 0.7862211 0.6854048 0.7835966 0.6854048 0.7886626 0.6589913 0.7862211 0.6722972 0.7862211 0.6589913 0.7862211 0.6490883 0.7886626 0.6589913 0.7862211 0.6589913 0.7835966 0.6722972 0.7862211 0.6722972 0.7835966 0.6854048 0.7835966 0.6722972 0.7835966 0.6854048 0.7749141 0.6854048 0.7835966 0.6589913 0.7862211 0.6589913 0.7862211 0.6722972 0.7862211 0.6490883 0.7862211 0.6589913 0.7835966 0.6589913 0.7835966 0.6589913 0.7862211 0.6722972 0.7835966 0.6722972 0.7835966 0.6722972 0.7749141 0.6854048 0.7749141 0.6722972 0.7749141 0.6722972 0.7749141 0.6854048 0.7728542 0.6854048 0.7835966 0.6589913 0.7835966 0.6722972 0.7749141 0.6589913 0.7749141 0.6589913 0.7835966 0.6722972 0.7749141 0.6722972 0.7835966 0.6490883 0.7862211 0.6490883 0.7835966 0.6589913 0.7862211 0.6402686 0.7862211 0.6490883 0.7835966 0.6490883 0.7835966 0.6589913 0.7749141 0.6589913 0.7749141 0.6490883 0.7835966 0.6490883 0.7835966 0.6589913 0.7749141 0.6490883 0.7835966 0.6402686 0.7862211 0.6402686 0.7835966 0.6490883 0.7835966 0.6252995 0.7862211 0.6402686 0.7835966 0.6402686 0.7835966 0.6402686 0.7835966 0.6490883 0.7749141 0.6402686 0.7835966 0.6252995 0.7835966 0.6402686 0.7749141 0.6402686 0.7749141 0.6402686 0.7835966 0.6490883 0.7749141 0.6490883 0.7835966 0.6252995 0.7749141 0.6402686 0.7749141 0.6252995 0.7749141 0.6402686 0.7749141 0.6490883 0.7728542 0.6402686 0.7749141 0.6402686 0.7728542 0.6402686 0.7749141 0.6252995 0.7749141 0.6589913 0.7728542 0.6589913 0.7749141 0.6490883 0.7749141 0.6252995 0.7728542 0.6402686 0.7728542 0.6252995 0.7728542 0.6096437 0.7749141 0.6252995 0.7728542 0.6252995 0.7728542 0.6402686 0.7749141 0.6490883 0.7728542 0.6490883 0.7749141 0.6490883 0.7728542 0.6589913 0.7728542 0.6490883 0.7728542 0.6096437 0.7728542 0.6252995 0.7706416 0.6252995 0.7728542 0.6096437 0.7706416 0.6252995 0.7706416 0.6096437 0.7706416 0.6096437 0.7706416 0.6252995 0.76318 0.6252995 0.7728542 0.6402686 0.7706416 0.6402686 0.7728542 0.6252995 0.7706416 0.6252995 0.7728542 0.6252995 0.7706416 0.6402686 0.7706416 0.6252995 0.7706416 0.6402686 0.76318 0.6252995 0.7728542 0.6402686 0.7728542 0.6490883 0.7706416 0.6402686 0.76318 0.6252995 0.7706416 0.6402686 0.76318 0.6402686 0.7706416 0.6402686 0.76318 0.6490883 0.76318 0.6402686 0.7706416 0.6402686 0.7706416 0.6490883 0.76318 0.6490883 0.7706416 0.6402686 0.7728542 0.6490883 0.7706416 0.6490883 0.76318 0.6490883 0.7706416 0.6490883 0.76318 0.6589913 0.7706416 0.6490883 0.7728542 0.6490883 0.7706416 0.6589913 0.7706416 0.6490883 0.7706416 0.6589913 0.76318 0.6589913 0.7728542 0.6589913 0.7706416 0.6589913 0.7728542 0.6490883 0.76318 0.6589913 0.7706416 0.6589913 0.7706416 0.6722972 0.7728542 0.6589913 0.7706416 0.6722972 0.7706416 0.6589913 0.76318 0.6589913 0.7706416 0.6722972 0.76318 0.6722972 0.7706416 0.6722972 0.76318 0.6854048 0.76318 0.6722972 0.7706416 0.6722972 0.7706416 0.6854048 0.76318 0.6854048 0.7728542 0.6854048 0.7706416 0.6854048 0.7706416 0.6722972 0.7728542 0.6722972 0.7706416 0.6722972 0.7728542 0.6589913 0.7728542 0.6722972 0.7728542 0.6854048 0.7706416 0.6722972 0.7749141 0.6589913 0.7728542 0.6722972 0.7728542 0.6589913 0.7749141 0.6722972 0.7728542 0.6854048 0.7728542 0.6722972 0.7749141 0.6589913 0.7749141 0.6722972 0.7728542 0.6722972 0.8406348 0.3714656 0.8406348 0.3432212 0.8590066 0.3443809 0.8406348 0.3714656 0.8590066 0.3443809 0.8719463 0.3474022 0.9082475 0.372488 0.8406348 0.3714656 0.8719463 0.3474022 0.9082475 0.372488 0.8719463 0.3474022 0.8821088 0.3439536 0.8952621 0.3417105 0.9082475 0.372488 0.8821088 0.3439536 0.8952621 0.3417105 0.9082475 0.3427787 0.9082475 0.372488 0.9082475 0.3427787 0.9168689 0.3462272 0.9082475 0.372488 0.9082475 0.372488 0.9168689 0.3462272 0.917998 0.372488 0.9082475 0.372488 0.9082475 0.4142977 0.8406348 0.3714656 0.9082475 0.372488 0.917998 0.372488 0.9082475 0.4142977 0.917998 0.372488 0.917998 0.4142977 0.9082475 0.4142977 0.9082475 0.4142977 0.8406348 0.4374609 0.8406348 0.3714656 0.9082475 0.4142977 0.917998 0.4142977 0.9149615 0.4374609 0.9082475 0.4142977 0.9082475 0.4374609 0.8406348 0.4374609 0.9082475 0.4142977 0.9149615 0.4374609 0.9082475 0.4374609 0.9082475 0.4374609 0.9068742 0.4476692 0.8406348 0.4374609 0.9149615 0.4374609 0.9068742 0.4476692 0.9082475 0.4374609 0.8406348 0.4374609 0.9068742 0.4476692 0.8406348 0.4476692 0.9149615 0.4374609 0.9122759 0.4476692 0.9068742 0.4476692 0.9068742 0.4476692 0.9071183 0.4892653 0.8406348 0.4476692 0.9068742 0.4476692 0.9122759 0.4476692 0.9071183 0.4892653 0.8406348 0.4476692 0.9071183 0.4892653 0.8406348 0.5343099 0.9122759 0.4476692 0.9132067 0.48925 0.9071183 0.4892653 0.9071183 0.4892653 0.9132067 0.48925 0.9073777 0.5343099 0.9071183 0.4892653 0.9073777 0.5343099 0.8406348 0.5343099 0.9132067 0.48925 0.9147326 0.5343099 0.9073777 0.5343099 0.9073777 0.5343099 0.9147326 0.5343099 0.9182269 0.5582666 0.8406348 0.5343099 0.9073777 0.5343099 0.9109331 0.5692226 0.9073777 0.5343099 0.9182269 0.5582666 0.9109331 0.5692226 0.9109331 0.5692226 0.9182269 0.5582666 0.921767 0.5821469 0.8406348 0.5343099 0.9109331 0.5692226 0.8406348 0.6041504 0.9109331 0.5692226 0.921767 0.5821469 0.9144732 0.6041352 0.9109331 0.5692226 0.9144732 0.6041352 0.8406348 0.6041504 0.921767 0.5821469 0.9229877 0.6041352 0.9144732 0.6041352 0.9144732 0.6041352 0.9229877 0.6041352 0.9221942 0.6222477 0.9144732 0.6041352 0.9221942 0.6222477 0.9142443 0.6222477 0.9221942 0.6222477 0.920821 0.6342717 0.9142443 0.6222477 0.9142443 0.6222477 0.920821 0.6342717 0.9132677 0.6364233 0.9142443 0.6222477 0.9132677 0.6364233 0.8999161 0.6222477 0.9144732 0.6041352 0.9142443 0.6222477 0.8999161 0.6222477 0.8999161 0.6222477 0.9132677 0.6364233 0.8999161 0.6377661 0.8999161 0.6222477 0.8999161 0.6377661 0.8850386 0.6362097 0.9144732 0.6041352 0.8999161 0.6222477 0.8850386 0.6222477 0.8850386 0.6222477 0.8999161 0.6222477 0.8850386 0.6362097 0.8406348 0.6041504 0.9144732 0.6041352 0.8850386 0.6222477 0.8850386 0.6222477 0.8850386 0.6362097 0.8737011 0.628275 0.8406348 0.6041504 0.8850386 0.6222477 0.8626841 0.6214847 0.8626841 0.6214847 0.8850386 0.6222477 0.8737011 0.628275 0.8406348 0.6041504 0.8626841 0.6214847 0.8406348 0.6222477 0.8626841 0.6214847 0.8737011 0.628275 0.8626841 0.6311589 0.8626841 0.6214847 0.8406348 0.6335393 0.8406348 0.6222477 0.8626841 0.6214847 0.8626841 0.6311589 0.8406348 0.6335393 0.6509652 0.4697032 0.6325933 0.4426184 0.6509652 0.4414588 0.6509652 0.4697032 0.6196536 0.4456245 0.6325933 0.4426184 0.5833524 0.4707103 0.6196536 0.4456245 0.6509652 0.4697032 0.5833524 0.4707103 0.6094911 0.4421912 0.6196536 0.4456245 0.5963379 0.4399481 0.6094911 0.4421912 0.5833524 0.4707103 0.5963379 0.4399481 0.5833524 0.4707103 0.5833524 0.4410163 0.5833524 0.4707103 0.5747311 0.4444495 0.5833524 0.4410163 0.5833524 0.4707103 0.5736019 0.4707103 0.5747311 0.4444495 0.5833524 0.4707103 0.6509652 0.4697032 0.5833524 0.51252 0.5833524 0.4707103 0.5833524 0.51252 0.5736019 0.4707103 0.5736019 0.4707103 0.5833524 0.51252 0.5736019 0.51252 0.6509652 0.4697032 0.6509652 0.5356832 0.5833524 0.51252 0.5833524 0.51252 0.5766385 0.5356832 0.5736019 0.51252 0.5833524 0.51252 0.6509652 0.5356832 0.5833524 0.5356832 0.5833524 0.51252 0.5833524 0.5356832 0.5766385 0.5356832 0.6509652 0.5356832 0.584741 0.5459068 0.5833524 0.5356832 0.5766385 0.5356832 0.5833524 0.5356832 0.584741 0.5459068 0.6509652 0.5356832 0.6509652 0.5459068 0.584741 0.5459068 0.5766385 0.5356832 0.584741 0.5459068 0.579324 0.5459068 0.6509652 0.5459068 0.5844816 0.5874876 0.584741 0.5459068 0.584741 0.5459068 0.5844816 0.5874876 0.579324 0.5459068 0.6509652 0.5459068 0.6509652 0.6325475 0.5844816 0.5874876 0.579324 0.5459068 0.5844816 0.5874876 0.5783932 0.5874723 0.5844816 0.5874876 0.5842375 0.6325475 0.5783932 0.5874723 0.5844816 0.5874876 0.6509652 0.6325475 0.5842375 0.6325475 0.5783932 0.5874723 0.5842375 0.6325475 0.5768673 0.6325475 0.5842375 0.6325475 0.573373 0.6564889 0.5768673 0.6325475 0.6509652 0.6325475 0.5806821 0.6674601 0.5842375 0.6325475 0.5842375 0.6325475 0.5806821 0.6674601 0.573373 0.6564889 0.5806821 0.6674601 0.5698329 0.6803845 0.573373 0.6564889 0.6509652 0.6325475 0.6509652 0.7023728 0.5806821 0.6674601 0.5806821 0.6674601 0.5771267 0.7023728 0.5698329 0.6803845 0.5806821 0.6674601 0.6509652 0.7023728 0.5771267 0.7023728 0.5698329 0.6803845 0.5771267 0.7023728 0.5686122 0.7023728 0.5771267 0.7023728 0.5694057 0.72047 0.5686122 0.7023728 0.5771267 0.7023728 0.5773556 0.72047 0.5694057 0.72047 0.5773556 0.72047 0.570779 0.7325094 0.5694057 0.72047 0.5773556 0.72047 0.5783322 0.7346609 0.570779 0.7325094 0.5773556 0.72047 0.5916838 0.72047 0.5783322 0.7346609 0.5771267 0.7023728 0.5916838 0.72047 0.5773556 0.72047 0.5916838 0.72047 0.5916838 0.7359884 0.5783322 0.7346609 0.5916838 0.72047 0.6065614 0.7344472 0.5916838 0.7359884 0.5771267 0.7023728 0.6065614 0.72047 0.5916838 0.72047 0.6065614 0.72047 0.6065614 0.7344472 0.5916838 0.72047 0.6509652 0.7023728 0.6065614 0.72047 0.5771267 0.7023728 0.6065614 0.72047 0.6178988 0.7264973 0.6065614 0.7344472 0.6509652 0.7023728 0.6289158 0.719707 0.6065614 0.72047 0.6289158 0.719707 0.6178988 0.7264973 0.6065614 0.72047 0.6509652 0.7023728 0.6509652 0.72047 0.6289158 0.719707 0.6289158 0.719707 0.6289158 0.7293812 0.6178988 0.7264973 0.6509652 0.72047 0.6509652 0.7317617 0.6289158 0.719707 0.6289158 0.719707 0.6509652 0.7317617 0.6289158 0.7293812 0.1307698 0.2370642 0.1307698 0.2440833 0.1284505 0.2440833 0.1284505 0.2370642 0.1307698 0.2370642 0.1284505 0.2440833 0.1307698 0.230045 0.1307698 0.2370642 0.1284505 0.2370642 0.1284505 0.2370642 0.1284505 0.2440833 0.1273365 0.2370642 0.1273365 0.2370642 0.1284505 0.2440833 0.1273365 0.2440833 0.1273365 0.2370642 0.1273365 0.2440833 0.1095903 0.2440833 0.1273365 0.2370642 0.1095903 0.2440833 0.1095903 0.2370642 0.1273365 0.230045 0.1273365 0.2370642 0.1095903 0.2370642 0.1273365 0.230045 0.1284505 0.2370642 0.1273365 0.2370642 0.1273365 0.230045 0.1095903 0.2370642 0.1095903 0.230045 0.1284505 0.230045 0.1307698 0.230045 0.1284505 0.2370642 0.1284505 0.230045 0.1284505 0.2370642 0.1273365 0.230045 0.1307698 0.2230259 0.1307698 0.230045 0.1284505 0.230045 0.1273365 0.2230259 0.1273365 0.230045 0.1095903 0.230045 0.1273365 0.2230259 0.1284505 0.230045 0.1273365 0.230045 0.1273365 0.2230259 0.1095903 0.230045 0.1095903 0.2230259 0.1284505 0.2230259 0.1307698 0.2230259 0.1284505 0.230045 0.1284505 0.2230259 0.1284505 0.230045 0.1273365 0.2230259 0.1307698 0.2160066 0.1307698 0.2230259 0.1284505 0.2230259 0.1273365 0.2160066 0.1273365 0.2230259 0.1095903 0.2230259 0.1273365 0.2160066 0.1284505 0.2230259 0.1273365 0.2230259 0.1273365 0.2160066 0.1095903 0.2230259 0.1095903 0.2160066 0.1284505 0.2160066 0.1307698 0.2160066 0.1284505 0.2230259 0.1284505 0.2160066 0.1284505 0.2230259 0.1273365 0.2160066 0.1307698 0.2089876 0.1307698 0.2160066 0.1284505 0.2160066 0.1273365 0.2089876 0.1273365 0.2160066 0.1095903 0.2160066 0.1284505 0.2160066 0.1273365 0.2160066 0.1273365 0.2089876 0.1273365 0.2089876 0.1095903 0.2160066 0.1095903 0.2089876 0.1307698 0.2089876 0.1284505 0.2160066 0.1284505 0.2089876 0.1284505 0.2089876 0.1284505 0.2160066 0.1273365 0.2089876 0.1307698 0.2089876 0.1284505 0.2089876 0.1307698 0.2019684 0.1273365 0.2089876 0.1095903 0.2089876 0.1273365 0.2019684 0.1284505 0.2089876 0.1273365 0.2089876 0.1273365 0.2019684 0.1273365 0.2019684 0.1095903 0.2089876 0.1095903 0.2019684 0.1284505 0.2089876 0.1284505 0.2019684 0.1307698 0.2019684 0.1284505 0.2089876 0.1273365 0.2019684 0.1284505 0.2019684 0.1307698 0.2019684 0.1284505 0.2019684 0.1307698 0.1949493 0.1273365 0.2019684 0.1095903 0.2019684 0.1273365 0.1949493 0.1273365 0.2019684 0.1273365 0.1949493 0.1284505 0.2019684 0.1273365 0.1949493 0.1095903 0.2019684 0.1095903 0.1949493 0.1284505 0.2019684 0.1284505 0.1949493 0.1307698 0.1949493 0.1284505 0.2019684 0.1273365 0.1949493 0.1284505 0.1949493 0.1307698 0.1949493 0.1284505 0.1949493 0.1307698 0.1879301 0.1273365 0.1949493 0.1095903 0.1949493 0.1273365 0.1879301 0.1273365 0.1949493 0.1273365 0.1879301 0.1284505 0.1949493 0.1273365 0.1879301 0.1095903 0.1949493 0.1095903 0.1879301 0.1284505 0.1949493 0.1284505 0.1879301 0.1307698 0.1879301 0.1284505 0.1949493 0.1273365 0.1879301 0.1284505 0.1879301 0.1307698 0.1879301 0.1284505 0.1879301 0.1307698 0.1809109 0.1273365 0.1879301 0.1095903 0.1879301 0.1273365 0.1809109 0.1273365 0.1879301 0.1273365 0.1809109 0.1284505 0.1879301 0.1273365 0.1809109 0.1095903 0.1879301 0.1095903 0.1809109 0.1284505 0.1879301 0.1284505 0.1809109 0.1307698 0.1809109 0.1284505 0.1879301 0.1273365 0.1809109 0.1284505 0.1809109 0.1307698 0.1809109 0.1284505 0.1809109 0.1307698 0.1738918 0.1284505 0.1809109 0.1284505 0.1738918 0.1307698 0.1738918 0.1284505 0.1809109 0.1273365 0.1738918 0.1284505 0.1738918 0.1273365 0.1809109 0.1273365 0.1738918 0.1284505 0.1809109 0.1273365 0.1809109 0.1095903 0.1809109 0.1273365 0.1738918 0.1273365 0.1738918 0.1095903 0.1809109 0.1095903 0.1738918 0.4235294 0.4920729 0.4118257 0.5047989 0.4162661 0.4912947 0.418555 0.5047989 0.4118257 0.5047989 0.4235294 0.4920729 0.418555 0.5047989 0.4118257 0.525185 0.4118257 0.5047989 0.4272831 0.5047989 0.418555 0.5047989 0.4235294 0.4920729 0.4272831 0.5047989 0.4235294 0.4920729 0.4320134 0.4920882 0.418555 0.525185 0.4118257 0.525185 0.418555 0.5047989 0.4272831 0.5047989 0.418555 0.525185 0.418555 0.5047989 0.418555 0.525185 0.418555 0.5458152 0.4118257 0.525185 0.418555 0.5458152 0.4118257 0.5458152 0.4118257 0.525185 0.4272831 0.525185 0.418555 0.525185 0.4272831 0.5047989 0.418555 0.5458152 0.4183413 0.5604639 0.4118257 0.5458152 0.4118257 0.5458152 0.4183413 0.5604639 0.4118257 0.5604639 0.4183413 0.5604639 0.4118257 0.5816587 0.4118257 0.5604639 0.4272831 0.5458152 0.418555 0.5458152 0.418555 0.525185 0.4272831 0.525185 0.4272831 0.5458152 0.418555 0.525185 0.418555 0.5458152 0.4272831 0.5604639 0.4183413 0.5604639 0.4272831 0.5458152 0.4272831 0.5604639 0.418555 0.5458152 0.4183413 0.5604639 0.418143 0.5816587 0.4118257 0.5816587 0.4272831 0.5604639 0.418143 0.5816587 0.4183413 0.5604639 0.418143 0.5816587 0.4118257 0.6108797 0.4118257 0.5816587 0.4643931 0.5458152 0.4272831 0.5604639 0.4272831 0.5458152 0.4643931 0.5458152 0.4272831 0.5458152 0.4272831 0.525185 0.4272831 0.5604639 0.4272679 0.5816587 0.418143 0.5816587 0.418555 0.6108797 0.4118257 0.6108797 0.418143 0.5816587 0.4272679 0.5816587 0.418555 0.6108797 0.418143 0.5816587 0.418555 0.6108797 0.418143 0.638056 0.4118257 0.6108797 0.418143 0.638056 0.4118257 0.638056 0.4118257 0.6108797 0.4643931 0.5603266 0.4272679 0.5816587 0.4272831 0.5604639 0.4643931 0.5458152 0.4643931 0.5603266 0.4272831 0.5604639 0.418143 0.638056 0.4183413 0.6612955 0.4118257 0.638056 0.4118257 0.638056 0.4183413 0.6612955 0.4118257 0.6612955 0.4183413 0.6612955 0.4118257 0.6759441 0.4118257 0.6612955 0.4183413 0.6612955 0.418555 0.6759441 0.4118257 0.6759441 0.4118257 0.6759441 0.418555 0.6759441 0.4118257 0.6965743 0.418143 0.638056 0.4272831 0.6612955 0.4183413 0.6612955 0.4272831 0.6612955 0.418555 0.6759441 0.4183413 0.6612955 0.4272679 0.638056 0.418143 0.638056 0.418555 0.6108797 0.4272679 0.638056 0.4272831 0.6612955 0.418143 0.638056 0.4272831 0.6108797 0.4272679 0.638056 0.418555 0.6108797 0.4272831 0.6108797 0.418555 0.6108797 0.4272679 0.5816587 0.4272679 0.638056 0.4643931 0.6610971 0.4272831 0.6612955 0.4671549 0.5816587 0.4272831 0.6108797 0.4272679 0.5816587 0.4643931 0.5603266 0.4671549 0.5816587 0.4272679 0.5816587 0.4671549 0.638056 0.4272679 0.638056 0.4272831 0.6108797 0.4671549 0.638056 0.4643931 0.6610971 0.4272679 0.638056 0.4671549 0.5816587 0.4680552 0.6108797 0.4272831 0.6108797 0.4680552 0.6108797 0.4671549 0.638056 0.4272831 0.6108797 0.4773022 0.6108797 0.4680552 0.6108797 0.4671549 0.5816587 0.4773022 0.6108797 0.4671549 0.638056 0.4680552 0.6108797 0.4763867 0.5816587 0.4671549 0.5816587 0.4643931 0.5603266 0.4763867 0.5816587 0.4773022 0.6108797 0.4671549 0.5816587 0.4773022 0.6108797 0.4763867 0.638056 0.4671549 0.638056 0.4763867 0.638056 0.4643931 0.6610971 0.4671549 0.638056 0.4763867 0.5816587 0.4835432 0.6108797 0.4773022 0.6108797 0.4835432 0.6108797 0.4763867 0.638056 0.4773022 0.6108797 0.4826429 0.5824063 0.4835432 0.6108797 0.4763867 0.5816587 0.4835432 0.6108797 0.4826429 0.6373541 0.4763867 0.638056 0.4740673 0.5612116 0.4826429 0.5824063 0.4763867 0.5816587 0.4740673 0.5612116 0.4763867 0.5816587 0.4643931 0.5603266 0.4802777 0.5624781 0.4826429 0.5824063 0.4740673 0.5612116 0.4826429 0.6373541 0.4740673 0.6602274 0.4763867 0.638056 0.4763867 0.638056 0.4740673 0.6602274 0.4643931 0.6610971 0.4826429 0.6373541 0.4802777 0.6589608 0.4740673 0.6602274 0.4802777 0.5624781 0.4740673 0.5612116 0.4793927 0.5554742 0.4864271 0.5554742 0.4802777 0.5624781 0.4793927 0.5554742 0.4740673 0.5612116 0.4643931 0.5603266 0.4723583 0.5537957 0.4793927 0.5554742 0.4740673 0.5612116 0.4723583 0.5537957 0.4723583 0.5537957 0.4643931 0.5603266 0.4643931 0.5458152 0.4864271 0.5554742 0.4793927 0.5554742 0.4928817 0.5458152 0.4864271 0.5554742 0.4928817 0.5458152 0.497261 0.5458152 0.4793927 0.5554742 0.4723583 0.5537957 0.485069 0.5458152 0.485069 0.5458152 0.4723583 0.5537957 0.4643931 0.5458152 0.4928817 0.5458152 0.4793927 0.5554742 0.485069 0.5458152 0.485069 0.5458152 0.4643931 0.5458152 0.4643931 0.525185 0.4643931 0.525185 0.4643931 0.5458152 0.4272831 0.525185 0.4928817 0.5458152 0.485069 0.5458152 0.490486 0.525185 0.490486 0.525185 0.485069 0.5458152 0.4643931 0.525185 0.4928817 0.5458152 0.4990768 0.525185 0.497261 0.5458152 0.4928817 0.5458152 0.490486 0.525185 0.4990768 0.525185 0.497261 0.5458152 0.4990768 0.525185 0.5037308 0.525185 0.4990768 0.525185 0.4972458 0.5047989 0.5037308 0.525185 0.4990768 0.525185 0.4922866 0.5047989 0.4972458 0.5047989 0.4990768 0.525185 0.490486 0.525185 0.4922866 0.5047989 0.4922866 0.5047989 0.4870375 0.4920882 0.4972458 0.5047989 0.4922866 0.5047989 0.481941 0.4920882 0.4870375 0.4920882 0.490486 0.525185 0.4827192 0.5047989 0.4922866 0.5047989 0.4922866 0.5047989 0.4827192 0.5047989 0.481941 0.4920882 0.490486 0.525185 0.4643931 0.525185 0.4827192 0.5047989 0.4827192 0.5047989 0.4740215 0.4920882 0.481941 0.4920882 0.4827192 0.5047989 0.4643931 0.525185 0.4643931 0.5047989 0.4827192 0.5047989 0.4643931 0.5047989 0.4740215 0.4920882 0.4643931 0.525185 0.4272831 0.525185 0.4643931 0.5047989 0.4740215 0.4920882 0.4643931 0.5047989 0.4643931 0.4920882 0.4643931 0.5047989 0.4272831 0.525185 0.4272831 0.5047989 0.4643931 0.5047989 0.4320134 0.4920882 0.4643931 0.4920882 0.4643931 0.5047989 0.4272831 0.5047989 0.4320134 0.4920882 0.4802777 0.6589608 0.4805371 0.6659495 0.4740673 0.6602274 0.4802777 0.6589608 0.4875563 0.6659495 0.4805371 0.6659495 0.4740673 0.6602274 0.4805371 0.6659495 0.4734874 0.6689861 0.4643931 0.6610971 0.4740673 0.6602274 0.4734874 0.6689861 0.4875563 0.6659495 0.4928817 0.6759441 0.4805371 0.6659495 0.4875563 0.6659495 0.497261 0.6759441 0.4928817 0.6759441 0.4734874 0.6689861 0.4805371 0.6659495 0.485069 0.6759441 0.4928817 0.6759441 0.485069 0.6759441 0.4805371 0.6659495 0.4643931 0.6610971 0.4734874 0.6689861 0.4643931 0.6759441 0.4734874 0.6689861 0.485069 0.6759441 0.4643931 0.6759441 0.4272831 0.6612955 0.4643931 0.6610971 0.4643931 0.6759441 0.497261 0.6759441 0.4990768 0.6965743 0.4928817 0.6759441 0.497261 0.6759441 0.5037308 0.6965743 0.4990768 0.6965743 0.5037308 0.6965743 0.4972458 0.7169452 0.4990768 0.6965743 0.4928817 0.6759441 0.4990768 0.6965743 0.490486 0.6965743 0.4928817 0.6759441 0.490486 0.6965743 0.485069 0.6759441 0.4990768 0.6965743 0.4972458 0.7169452 0.4922866 0.7169452 0.4990768 0.6965743 0.4922866 0.7169452 0.490486 0.6965743 0.4972458 0.7169452 0.4870375 0.7296559 0.4922866 0.7169452 0.4922866 0.7169452 0.4870375 0.7296559 0.481941 0.7296559 0.4922866 0.7169452 0.481941 0.7296559 0.4827192 0.7169452 0.490486 0.6965743 0.4922866 0.7169452 0.4827192 0.7169452 0.4827192 0.7169452 0.481941 0.7296559 0.4740215 0.7296559 0.490486 0.6965743 0.4643931 0.6965743 0.485069 0.6759441 0.490486 0.6965743 0.4827192 0.7169452 0.4643931 0.6965743 0.4643931 0.6759441 0.485069 0.6759441 0.4643931 0.6965743 0.4827192 0.7169452 0.4740215 0.7296559 0.4643931 0.7169452 0.4643931 0.6965743 0.4827192 0.7169452 0.4643931 0.7169452 0.4643931 0.7169452 0.4740215 0.7296559 0.4643931 0.7296559 0.4643931 0.7169452 0.4643931 0.7296559 0.4320134 0.7296559 0.4643931 0.6759441 0.4643931 0.6965743 0.4272831 0.6965591 0.4643931 0.6965743 0.4643931 0.7169452 0.4272831 0.6965591 0.4643931 0.7169452 0.4320134 0.7296559 0.4272831 0.7169452 0.4272831 0.6965591 0.4643931 0.7169452 0.4272831 0.7169452 0.4272831 0.7169452 0.4320134 0.7296559 0.4235294 0.7296864 0.4643931 0.6759441 0.4272831 0.6965591 0.4272831 0.6759441 0.4272831 0.6612955 0.4643931 0.6759441 0.4272831 0.6759441 0.4272831 0.6612955 0.4272831 0.6759441 0.418555 0.6759441 0.4272831 0.6965591 0.418555 0.6965743 0.4272831 0.6759441 0.418555 0.6759441 0.4272831 0.6759441 0.418555 0.6965743 0.4272831 0.6965591 0.4272831 0.7169452 0.418555 0.6965743 0.418555 0.6759441 0.418555 0.6965743 0.4118257 0.6965743 0.4272831 0.7169452 0.418555 0.7169452 0.418555 0.6965743 0.4118257 0.6965743 0.418555 0.6965743 0.418555 0.7169452 0.4272831 0.7169452 0.4235294 0.7296864 0.418555 0.7169452 0.4118257 0.6965743 0.418555 0.7169452 0.4118257 0.7169452 0.418555 0.7169452 0.4235294 0.7296864 0.4118257 0.7169452 0.4118257 0.7169452 0.4235294 0.7296864 0.4162661 0.7304646 0.1114824 0.3296254 0.1137865 0.3366445 0.1114824 0.3366445 0.1137865 0.3296254 0.1137865 0.3366445 0.1114824 0.3296254 0.1114824 0.3226063 0.1137865 0.3296254 0.1114824 0.3296254 0.1137865 0.3296254 0.1149157 0.3296254 0.1137865 0.3366445 0.1149157 0.3296254 0.1149157 0.3366445 0.1137865 0.3366445 0.1149157 0.3296254 0.1326467 0.3366445 0.1149157 0.3366445 0.1149157 0.3296254 0.1326467 0.3296254 0.1326467 0.3366445 0.1149157 0.3226063 0.1326467 0.3296254 0.1149157 0.3296254 0.1149157 0.3226063 0.1149157 0.3296254 0.1137865 0.3296254 0.1149157 0.3226063 0.1326467 0.3226063 0.1326467 0.3296254 0.1137865 0.3226063 0.1137865 0.3296254 0.1114824 0.3226063 0.1137865 0.3226063 0.1149157 0.3226063 0.1137865 0.3296254 0.1114824 0.3155871 0.1137865 0.3226063 0.1114824 0.3226063 0.1149157 0.3155871 0.1326467 0.3226063 0.1149157 0.3226063 0.1149157 0.3155871 0.1149157 0.3226063 0.1137865 0.3226063 0.1149157 0.3155871 0.1326467 0.3155871 0.1326467 0.3226063 0.1137865 0.3155871 0.1137865 0.3226063 0.1114824 0.3155871 0.1137865 0.3155871 0.1149157 0.3155871 0.1137865 0.3226063 0.1114824 0.3085679 0.1137865 0.3155871 0.1114824 0.3155871 0.1149157 0.3085679 0.1326467 0.3155871 0.1149157 0.3155871 0.1149157 0.3085679 0.1149157 0.3155871 0.1137865 0.3155871 0.1149157 0.3085679 0.1326467 0.3085679 0.1326467 0.3155871 0.1137865 0.3085679 0.1137865 0.3155871 0.1114824 0.3085679 0.1137865 0.3085679 0.1149157 0.3085679 0.1137865 0.3155871 0.1114824 0.3015488 0.1137865 0.3085679 0.1114824 0.3085679 0.1149157 0.3015488 0.1326467 0.3085679 0.1149157 0.3085679 0.1137865 0.3085679 0.1149157 0.3015488 0.1149157 0.3085679 0.1149157 0.3015488 0.1326467 0.3015488 0.1326467 0.3085679 0.1114824 0.3015488 0.1137865 0.3015488 0.1137865 0.3085679 0.1137865 0.3015488 0.1149157 0.3015488 0.1137865 0.3085679 0.1114824 0.3015488 0.1114824 0.2945296 0.1137865 0.3015488 0.1149157 0.3015488 0.1149157 0.2945296 0.1326467 0.3015488 0.1137865 0.3015488 0.1149157 0.2945296 0.1149157 0.3015488 0.1149157 0.2945296 0.1326467 0.2945296 0.1326467 0.3015488 0.1114824 0.2945296 0.1137865 0.2945296 0.1137865 0.3015488 0.1137865 0.3015488 0.1137865 0.2945296 0.1149157 0.2945296 0.1114824 0.2945296 0.1114824 0.2875105 0.1137865 0.2945296 0.1149157 0.2945296 0.1149157 0.2875105 0.1326467 0.2945296 0.1137865 0.2945296 0.1149157 0.2875105 0.1149157 0.2945296 0.1149157 0.2875105 0.1326467 0.2875105 0.1326467 0.2945296 0.1114824 0.2875105 0.1137865 0.2875105 0.1137865 0.2945296 0.1137865 0.2945296 0.1137865 0.2875105 0.1149157 0.2875105 0.1114824 0.2875105 0.1114824 0.2804914 0.1137865 0.2875105 0.1149157 0.2875105 0.1149157 0.2804914 0.1326467 0.2875105 0.1137865 0.2875105 0.1149157 0.2804914 0.1149157 0.2875105 0.1149157 0.2804914 0.1326467 0.2804914 0.1326467 0.2875105 0.1114824 0.2804914 0.1137865 0.2804914 0.1137865 0.2875105 0.1137865 0.2875105 0.1137865 0.2804914 0.1149157 0.2804914 0.1114824 0.2804914 0.1114824 0.2734722 0.1137865 0.2804914 0.1149157 0.2804914 0.1149157 0.2734722 0.1326467 0.2804914 0.1137865 0.2804914 0.1149157 0.2734722 0.1149157 0.2804914 0.1149157 0.2734722 0.1326467 0.2734722 0.1326467 0.2804914 0.1114824 0.2734722 0.1137865 0.2734722 0.1137865 0.2804914 0.1137865 0.2804914 0.1137865 0.2734722 0.1149157 0.2734722 0.1114824 0.2734722 0.1114824 0.266453 0.1137865 0.2734722 0.1114824 0.266453 0.1137865 0.266453 0.1137865 0.2734722 0.1137865 0.2734722 0.1137865 0.266453 0.1149157 0.266453 0.1137865 0.2734722 0.1149157 0.266453 0.1149157 0.2734722 0.1149157 0.2734722 0.1149157 0.266453 0.1326467 0.2734722 0.1149157 0.266453 0.1326467 0.266453 0.1326467 0.2734722 0.813611 0.02159154 0.7990692 0.2690929 0.7990692 0.01094073 0.813611 0.3220874 0.7990692 0.3327535 0.7990692 0.2690929 0.813611 0.2690929 0.7990692 0.2690929 0.813611 0.02159154 0.813611 0.2690929 0.813611 0.3220874 0.7990692 0.2690929 0.8748455 0.02235448 0.813611 0.2690929 0.813611 0.02159154 0.813611 0.2690929 0.8748455 0.3213397 0.813611 0.3220874 0.8748455 0.02235448 0.8748455 0.2690929 0.813611 0.2690929 0.8748455 0.2690929 0.8748455 0.3213397 0.813611 0.2690929 0.3891661 0.8584726 0.3891661 0.8251621 0.3943694 0.8584726 0.3891661 0.8251621 0.3891661 0.7918364 0.3943694 0.7918364 0.3891661 0.8251621 0.3943694 0.8251621 0.3943694 0.8584726 0.3891661 0.8251621 0.3943694 0.7918364 0.3943694 0.8251621 0.3943694 0.8584726 0.3943694 0.8251621 0.40206 0.8584726 0.3943694 0.7918364 0.40206 0.7918364 0.3943694 0.8251621 0.3943694 0.8251621 0.40206 0.8251621 0.40206 0.8584726 0.3943694 0.8251621 0.40206 0.7918364 0.40206 0.8251621 0.40206 0.8584726 0.40206 0.8251621 0.4132601 0.8584726 0.40206 0.7918364 0.4132601 0.7918364 0.40206 0.8251621 0.40206 0.8251621 0.4132601 0.8251621 0.4132601 0.8584726 0.40206 0.8251621 0.4132601 0.7918364 0.4132601 0.8251621 0.4132601 0.8584726 0.4132601 0.8251621 0.4161746 0.8247806 0.4132601 0.7918364 0.4161746 0.8247806 0.4132601 0.8251621 0.8954147 0.3033494 0.901381 0.3227436 0.8954147 0.3227436 0.901381 0.3033494 0.901381 0.3227436 0.8954147 0.3033494 0.8954147 0.2924544 0.901381 0.3033494 0.8954147 0.3033494 0.901381 0.3033494 0.9040512 0.3033494 0.901381 0.3227436 0.9040512 0.3033494 0.9040512 0.3227436 0.901381 0.3227436 0.8954147 0.2924544 0.901381 0.2924544 0.901381 0.3033494 0.901381 0.2924544 0.9040512 0.3033494 0.901381 0.3033494 0.8954147 0.2924544 0.8954147 0.2806592 0.901381 0.2924544 0.9040512 0.3033494 0.9069657 0.3033494 0.9040512 0.3227436 0.9040512 0.3227436 0.9069657 0.3033494 0.9069657 0.3227436 0.901381 0.2924544 0.9040512 0.2924544 0.9040512 0.3033494 0.9069657 0.3033494 0.9191119 0.3033494 0.9069657 0.3227436 0.9069657 0.3227436 0.9191119 0.3033494 0.9191119 0.3227436 0.9191119 0.3033494 0.9219348 0.3227436 0.9191119 0.3227436 0.9040512 0.3033494 0.9069657 0.2924544 0.9069657 0.3033494 0.9040512 0.2924544 0.9069657 0.2924544 0.9040512 0.3033494 0.9069657 0.3033494 0.9191119 0.2924544 0.9191119 0.3033494 0.9069657 0.2924544 0.9191119 0.2924544 0.9069657 0.3033494 0.9191119 0.3033494 0.9219348 0.3033494 0.9219348 0.3227436 0.9191119 0.2924544 0.9219348 0.3033494 0.9191119 0.3033494 0.9219348 0.3033494 0.9246052 0.3227436 0.9219348 0.3227436 0.9246052 0.3227436 0.9317464 0.3033494 0.9317464 0.3227436 0.9246052 0.3227436 0.9246052 0.3033494 0.9317464 0.3033494 0.9219348 0.3033494 0.9246052 0.3033494 0.9246052 0.3227436 0.9317464 0.3033494 0.9246052 0.3033494 0.9317464 0.2924544 0.9191119 0.2924544 0.9219348 0.2924544 0.9219348 0.3033494 0.9219348 0.3033494 0.9219348 0.2924544 0.9246052 0.3033494 0.9246052 0.3033494 0.9246052 0.2924544 0.9317464 0.2924544 0.9246052 0.3033494 0.9219348 0.2924544 0.9246052 0.2924544 0.9317464 0.2924544 0.9246052 0.2924544 0.9317464 0.2806592 0.9219348 0.2924544 0.9246052 0.2806592 0.9246052 0.2924544 0.9246052 0.2924544 0.9246052 0.2806592 0.9317464 0.2806592 0.9191119 0.2924544 0.9191119 0.2806592 0.9219348 0.2924544 0.9069657 0.2924544 0.9191119 0.2806592 0.9191119 0.2924544 0.9219348 0.2924544 0.9219348 0.2806592 0.9246052 0.2806592 0.9219348 0.2924544 0.9191119 0.2806592 0.9219348 0.2806592 0.9317464 0.2806592 0.9246052 0.2806592 0.9246052 0.2670786 0.9246052 0.2670786 0.9246052 0.2806592 0.9219348 0.2806592 0.9317464 0.2806592 0.9246052 0.2670786 0.9317464 0.2670786 0.9219348 0.2670786 0.9246052 0.2670786 0.9219348 0.2806592 0.9219348 0.2670786 0.9219348 0.2806592 0.9191119 0.2806592 0.9246052 0.2670786 0.9246052 0.2476539 0.9317464 0.2670786 0.9219348 0.2670786 0.9246052 0.2476539 0.9246052 0.2670786 0.9317464 0.2670786 0.9246052 0.2476539 0.9317464 0.2476539 0.9191119 0.2670786 0.9219348 0.2670786 0.9191119 0.2806592 0.9246052 0.2476539 0.9246052 0.2131838 0.9317464 0.2476539 0.9317464 0.2476539 0.9246052 0.2131838 0.9317464 0.2131838 0.9246052 0.2131838 0.9317464 0.1941711 0.9317464 0.2131838 0.9219348 0.2476539 0.9246052 0.2476539 0.9219348 0.2670786 0.9191119 0.2670786 0.9219348 0.2476539 0.9219348 0.2670786 0.9219348 0.2131838 0.9246052 0.2131838 0.9246052 0.2476539 0.9219348 0.2131838 0.9246052 0.2476539 0.9219348 0.2476539 0.9246052 0.2131838 0.9246052 0.1941711 0.9317464 0.1941711 0.9317464 0.1941711 0.9246052 0.1941711 0.9317464 0.1675288 0.9219348 0.2131838 0.9219348 0.1941711 0.9246052 0.2131838 0.9219348 0.1941711 0.9246052 0.1941711 0.9246052 0.2131838 0.9191119 0.2476539 0.9219348 0.2131838 0.9219348 0.2476539 0.9191119 0.2670786 0.9191119 0.2476539 0.9219348 0.2476539 0.9246052 0.1941711 0.9246052 0.1675288 0.9317464 0.1675288 0.9317464 0.1675288 0.9246052 0.1675288 0.9246052 0.1408713 0.9317464 0.1675288 0.9246052 0.1408713 0.9317464 0.1408713 0.9246052 0.1941711 0.9219348 0.1675288 0.9246052 0.1675288 0.9219348 0.1675288 0.9246052 0.1408713 0.9246052 0.1675288 0.9219348 0.1941711 0.9219348 0.1675288 0.9246052 0.1941711 0.9246052 0.1408713 0.9246052 0.1218738 0.9317464 0.1408713 0.9317464 0.1408713 0.9246052 0.1218738 0.9317464 0.1218738 0.9246052 0.1218738 0.9317464 0.08738839 0.9317464 0.1218738 0.9219348 0.1675288 0.9219348 0.1408713 0.9246052 0.1408713 0.9246052 0.1408713 0.9219348 0.1408713 0.9246052 0.1218738 0.9219348 0.1941711 0.9191119 0.1675288 0.9219348 0.1675288 0.9191119 0.1675288 0.9219348 0.1408713 0.9219348 0.1675288 0.9246052 0.1218738 0.9246052 0.08738839 0.9317464 0.08738839 0.9246052 0.08738839 0.9317464 0.06796365 0.9317464 0.08738839 0.9219348 0.1408713 0.9219348 0.1218738 0.9246052 0.1218738 0.9219348 0.1218738 0.9246052 0.08738839 0.9246052 0.1218738 0.9246052 0.08738839 0.9246052 0.06796365 0.9317464 0.06796365 0.9317464 0.05439841 0.9317464 0.06796365 0.9246052 0.06796365 0.9191119 0.1408713 0.9219348 0.1218738 0.9219348 0.1408713 0.9191119 0.1675288 0.9191119 0.1408713 0.9219348 0.1408713 0.9219348 0.08738839 0.9246052 0.08738839 0.9219348 0.1218738 0.9191119 0.1408713 0.9191119 0.1218738 0.9219348 0.1218738 0.9219348 0.06796365 0.9246052 0.08738839 0.9219348 0.08738839 0.9219348 0.06796365 0.9246052 0.06796365 0.9246052 0.08738839 0.9191119 0.08738839 0.9219348 0.08738839 0.9219348 0.1218738 0.9191119 0.1218738 0.9191119 0.08738839 0.9219348 0.1218738 0.9191119 0.06796365 0.9219348 0.06796365 0.9219348 0.08738839 0.9191119 0.08738839 0.9191119 0.06796365 0.9219348 0.08738839 0.9191119 0.1408713 0.9069657 0.1218738 0.9191119 0.1218738 0.9069657 0.1218738 0.9191119 0.08738839 0.9191119 0.1218738 0.9069657 0.1408713 0.9069657 0.1218738 0.9191119 0.1408713 0.9191119 0.1675288 0.9069657 0.1408713 0.9191119 0.1408713 0.9069657 0.1218738 0.9069657 0.08738839 0.9191119 0.08738839 0.9069657 0.1408713 0.9040512 0.1218738 0.9069657 0.1218738 0.9040512 0.1218738 0.9069657 0.08738839 0.9069657 0.1218738 0.9069657 0.08738839 0.9069657 0.06796365 0.9191119 0.08738839 0.9191119 0.08738839 0.9069657 0.06796365 0.9191119 0.06796365 0.9040512 0.1218738 0.9040512 0.08738839 0.9069657 0.08738839 0.9040512 0.08738839 0.9069657 0.06796365 0.9069657 0.08738839 0.9040512 0.1408713 0.9040512 0.1218738 0.9069657 0.1408713 0.9040512 0.08738839 0.9040512 0.06796365 0.9069657 0.06796365 0.901381 0.08738839 0.9040512 0.08738839 0.9040512 0.1218738 0.901381 0.08738839 0.9040512 0.06796365 0.9040512 0.08738839 0.9069657 0.06796365 0.9069657 0.05439841 0.9191119 0.06796365 0.9040512 0.06796365 0.9069657 0.05439841 0.9069657 0.06796365 0.901381 0.1218738 0.901381 0.08738839 0.9040512 0.1218738 0.901381 0.1218738 0.9040512 0.1218738 0.9040512 0.1408713 0.901381 0.08738839 0.901381 0.06796365 0.9040512 0.06796365 0.901381 0.1218738 0.8954147 0.08738839 0.901381 0.08738839 0.8954147 0.08738839 0.8954147 0.06796365 0.901381 0.08738839 0.8954147 0.06796365 0.901381 0.06796365 0.901381 0.08738839 0.8954147 0.1218738 0.8954147 0.08738839 0.901381 0.1218738 0.8954147 0.06796365 0.8954147 0.05439841 0.901381 0.06796365 0.8954147 0.1408713 0.8954147 0.1218738 0.901381 0.1218738 0.8954147 0.1408713 0.901381 0.1218738 0.901381 0.1408713 0.901381 0.1408713 0.901381 0.1218738 0.9040512 0.1408713 0.8954147 0.1675288 0.8954147 0.1408713 0.901381 0.1408713 0.9040512 0.06796365 0.901381 0.06796365 0.9040512 0.05439841 0.9040512 0.06796365 0.9040512 0.05439841 0.9069657 0.05439841 0.901381 0.06796365 0.901381 0.05439841 0.9040512 0.05439841 0.8954147 0.05439841 0.901381 0.05439841 0.901381 0.06796365 0.9040512 0.05439841 0.901381 0.05439841 0.9040512 0.04260319 0.9040512 0.05439841 0.9040512 0.04260319 0.9069657 0.05439841 0.8954147 0.05439841 0.901381 0.04260319 0.901381 0.05439841 0.901381 0.05439841 0.901381 0.04260319 0.9040512 0.04260319 0.8954147 0.05439841 0.8954147 0.04260319 0.901381 0.04260319 0.8954147 0.04260319 0.901381 0.03169298 0.901381 0.04260319 0.8954147 0.04260319 0.8954147 0.03169298 0.901381 0.03169298 0.9040512 0.04260319 0.901381 0.04260319 0.9040512 0.03169298 0.901381 0.03169298 0.9040512 0.03169298 0.901381 0.04260319 0.8954147 0.03169298 0.901381 0.01229876 0.901381 0.03169298 0.8954147 0.03169298 0.8954147 0.01229876 0.901381 0.01229876 0.901381 0.03169298 0.901381 0.01229876 0.9040512 0.03169298 0.901381 0.01229876 0.9040512 0.01229876 0.9040512 0.03169298 0.9040512 0.04260319 0.9040512 0.03169298 0.9069657 0.04260319 0.9069657 0.05439841 0.9040512 0.04260319 0.9069657 0.04260319 0.9040512 0.03169298 0.9040512 0.01229876 0.9069657 0.03169298 0.9069657 0.04260319 0.9040512 0.03169298 0.9069657 0.03169298 0.9040512 0.01229876 0.9069657 0.01229876 0.9069657 0.03169298 0.9069657 0.05439841 0.9069657 0.04260319 0.9191119 0.05439841 0.9069657 0.05439841 0.9191119 0.05439841 0.9191119 0.06796365 0.9191119 0.06796365 0.9191119 0.05439841 0.9219348 0.06796365 0.9069657 0.04260319 0.9069657 0.03169298 0.9191119 0.04260319 0.9069657 0.04260319 0.9191119 0.04260319 0.9191119 0.05439841 0.9069657 0.03169298 0.9069657 0.01229876 0.9191119 0.03169298 0.9069657 0.03169298 0.9191119 0.03169298 0.9191119 0.04260319 0.9069657 0.01229876 0.9191119 0.01229876 0.9191119 0.03169298 0.9191119 0.03169298 0.9191119 0.01229876 0.9219348 0.01229876 0.9191119 0.03169298 0.9219348 0.01229876 0.9219348 0.03169298 0.9191119 0.03169298 0.9219348 0.03169298 0.9191119 0.04260319 0.9219348 0.01229876 0.9246052 0.01229876 0.9219348 0.03169298 0.9246052 0.01229876 0.9317464 0.01229876 0.9317464 0.03169298 0.9246052 0.03169298 0.9246052 0.01229876 0.9317464 0.03169298 0.9219348 0.03169298 0.9246052 0.01229876 0.9246052 0.03169298 0.9246052 0.03169298 0.9317464 0.03169298 0.9317464 0.04260319 0.9191119 0.04260319 0.9219348 0.03169298 0.9219348 0.04260319 0.9219348 0.04260319 0.9219348 0.03169298 0.9246052 0.03169298 0.9191119 0.05439841 0.9191119 0.04260319 0.9219348 0.04260319 0.9246052 0.04260319 0.9246052 0.03169298 0.9317464 0.04260319 0.9219348 0.04260319 0.9246052 0.03169298 0.9246052 0.04260319 0.9246052 0.04260319 0.9317464 0.04260319 0.9317464 0.05439841 0.9219348 0.05439841 0.9191119 0.05439841 0.9219348 0.04260319 0.9219348 0.06796365 0.9191119 0.05439841 0.9219348 0.05439841 0.9219348 0.06796365 0.9219348 0.05439841 0.9246052 0.06796365 0.9246052 0.05439841 0.9219348 0.04260319 0.9246052 0.04260319 0.9219348 0.05439841 0.9219348 0.04260319 0.9246052 0.05439841 0.9246052 0.05439841 0.9246052 0.04260319 0.9317464 0.05439841 0.9219348 0.05439841 0.9246052 0.05439841 0.9246052 0.06796365 0.9246052 0.05439841 0.9317464 0.05439841 0.9246052 0.06796365 0.6730144 0.620264 0.6706188 0.5650415 0.6792401 0.6196078 0.6706188 0.5650415 0.6730144 0.5098191 0.6792401 0.51046 0.6706188 0.5650415 0.6769055 0.5650415 0.6792401 0.6196078 0.6706188 0.5650415 0.6792401 0.51046 0.6769055 0.5650415 0.6792401 0.6196078 0.6858473 0.6505836 0.6799573 0.6515755 0.6792401 0.51046 0.6799573 0.4785076 0.6858473 0.4794995 0.6792401 0.6196078 0.733669 0.6140078 0.6858473 0.6505836 0.6792401 0.6196078 0.6769055 0.5650415 0.733669 0.6140078 0.6792401 0.51046 0.733669 0.5160754 0.6769055 0.5650415 0.6792401 0.51046 0.6858473 0.4794995 0.733669 0.5160754 0.6769055 0.5650415 0.7319142 0.5650415 0.733669 0.6140078 0.6769055 0.5650415 0.733669 0.5160754 0.7319142 0.5650415 0.733669 0.6140078 0.7319142 0.5650415 0.7389944 0.6134432 0.7319142 0.5650415 0.7372702 0.5650415 0.7389944 0.6134432 0.7319142 0.5650415 0.7389944 0.5166399 0.7372702 0.5650415 0.7319142 0.5650415 0.733669 0.5160754 0.7389944 0.5166399 0.733669 0.6140078 0.7389944 0.6134432 0.7415122 0.6412146 0.7389944 0.5166399 0.733669 0.5160754 0.7415122 0.4888685 0.733669 0.6140078 0.7415122 0.6412146 0.7362936 0.6419623 0.733669 0.6140078 0.7362936 0.6419623 0.6858473 0.6505836 0.7415122 0.6412146 0.7374228 0.6570687 0.7362936 0.6419623 0.6858473 0.6505836 0.7362936 0.6419623 0.7374228 0.6570687 0.7415122 0.6412146 0.7424887 0.6581521 0.7374228 0.6570687 0.733669 0.5160754 0.7362936 0.4881209 0.7415122 0.4888685 0.733669 0.5160754 0.6858473 0.4794995 0.7362936 0.4881209 0.7415122 0.4888685 0.7362936 0.4881209 0.7374228 0.4730144 0.7362936 0.4881209 0.6858473 0.4794995 0.7374228 0.4730144 0.7415122 0.4888685 0.7374228 0.4730144 0.7424887 0.471931 0.6858473 0.4794995 0.6919051 0.4602274 0.7374228 0.4730144 0.6858473 0.4794995 0.686656 0.4587625 0.6919051 0.4602274 0.6919051 0.4602274 0.686656 0.4587625 0.6933241 0.4478371 0.7374228 0.4730144 0.735256 0.4667429 0.7424887 0.471931 0.7424887 0.471931 0.735256 0.4667429 0.7394369 0.4624399 0.7374228 0.4730144 0.6919051 0.4602274 0.6975357 0.4496834 0.7374228 0.4730144 0.6975357 0.4496834 0.735256 0.4667429 0.6919051 0.4602274 0.6933241 0.4478371 0.6975357 0.4496834 0.735256 0.4667429 0.6975357 0.4496834 0.7394369 0.4624399 0.6975357 0.4496834 0.6933241 0.4478371 0.6970931 0.4415503 0.6975357 0.4496834 0.6970931 0.4415503 0.7394369 0.4624399 0.7374228 0.6570687 0.7424887 0.6581521 0.735256 0.6633402 0.7424887 0.6581521 0.7394369 0.6676432 0.735256 0.6633402 0.735256 0.6633402 0.7394369 0.6676432 0.6975357 0.6803998 0.7374228 0.6570687 0.735256 0.6633402 0.6975357 0.6803998 0.6975357 0.6803998 0.7394369 0.6676432 0.6970931 0.6885328 0.6975357 0.6803998 0.6970931 0.6885328 0.6933241 0.6822308 0.7374228 0.6570687 0.6975357 0.6803998 0.6919051 0.6698558 0.6919051 0.6698558 0.6975357 0.6803998 0.6933241 0.6822308 0.6858473 0.6505836 0.7374228 0.6570687 0.6919051 0.6698558 0.6919051 0.6698558 0.6933241 0.6822308 0.686656 0.6713207 0.6858473 0.6505836 0.6919051 0.6698558 0.686656 0.6713207 0.2163119 0.4967117 0.2286564 0.4967117 0.2163119 0.5082475 0.2163119 0.4967117 0.2163119 0.5082475 0.1930571 0.5107805 0.233051 0.4762951 0.2286564 0.4967117 0.2163119 0.4967117 0.1930571 0.4976577 0.2163119 0.4967117 0.1930571 0.5107805 0.1930571 0.4976577 0.1930571 0.5107805 0.1670558 0.5064317 0.2163119 0.4762951 0.233051 0.4762951 0.2163119 0.4967117 0.2163119 0.4762951 0.2163119 0.4967117 0.1930571 0.4976577 0.2163119 0.4762951 0.2163119 0.445594 0.233051 0.4762951 0.233051 0.4762951 0.2163119 0.445594 0.2344701 0.445594 0.1931487 0.4762951 0.2163119 0.4762951 0.1930571 0.4976577 0.2163119 0.4082552 0.2344701 0.445594 0.2163119 0.445594 0.234638 0.4082857 0.2344701 0.445594 0.2163119 0.4082552 0.1938506 0.445594 0.2163119 0.445594 0.2163119 0.4762951 0.1938506 0.445594 0.2163119 0.4762951 0.1931487 0.4762951 0.194461 0.4082094 0.2163119 0.4082552 0.2163119 0.445594 0.1938506 0.445594 0.194461 0.4082094 0.2163119 0.445594 0.2163119 0.3677577 0.234638 0.4082857 0.2163119 0.4082552 0.234638 0.3677577 0.234638 0.4082857 0.2163119 0.3677577 0.194461 0.4082094 0.1954681 0.3677577 0.2163119 0.4082552 0.2163119 0.3677577 0.2163119 0.4082552 0.1954681 0.3677577 0.2163119 0.3287556 0.234638 0.3677577 0.2163119 0.3677577 0.234638 0.3287556 0.234638 0.3677577 0.2163119 0.3287556 0.1968414 0.3287556 0.2163119 0.3677577 0.1954681 0.3677577 0.2163119 0.3287556 0.2163119 0.3677577 0.1968414 0.3287556 0.2163119 0.2507057 0.234638 0.3287556 0.2163119 0.3287556 0.234638 0.2506905 0.234638 0.3287556 0.2163119 0.2507057 0.2163119 0.3287556 0.1968414 0.3287556 0.1981384 0.250721 0.2163119 0.2507057 0.2163119 0.3287556 0.1981384 0.250721 0.234638 0.2506905 0.2163119 0.2507057 0.2163119 0.1778287 0.234638 0.1778287 0.234638 0.2506905 0.2163119 0.1778287 0.2344396 0.1596857 0.234638 0.1778287 0.2163119 0.1778287 0.1981384 0.1778287 0.2163119 0.2507057 0.1981384 0.250721 0.1981384 0.1778287 0.2163119 0.1778287 0.2163119 0.2507057 0.2344396 0.1596857 0.2163119 0.1778287 0.2163119 0.1574883 0.234638 0.1235523 0.2344396 0.1596857 0.2163119 0.1574883 0.2163119 0.1574883 0.2163119 0.1778287 0.1981384 0.1545129 0.1981384 0.1778287 0.1981384 0.1545129 0.2163119 0.1778287 0.234638 0.1235523 0.2163119 0.1574883 0.2163119 0.1235523 0.2163119 0.1235523 0.2163119 0.1574883 0.1981384 0.1545129 0.2163119 0.05340659 0.234638 0.1235523 0.2163119 0.1235523 0.2163119 0.05340659 0.2346227 0.05340659 0.234638 0.1235523 0.1981384 0.1235523 0.2163119 0.1235523 0.1981384 0.1545129 0.2163119 0.05340659 0.2163119 0.02510106 0.2346227 0.05340659 0.2346227 0.05340659 0.2163119 0.02510106 0.2346227 0.02510106 0.2346227 0.02510106 0.2163119 0.02510106 0.2267796 0.0157473 0.2163119 0.02510106 0.2175937 0.01055926 0.2267796 0.0157473 0.1981384 0.05340659 0.2163119 0.05340659 0.2163119 0.1235523 0.1981384 0.1235523 0.1981384 0.05340659 0.2163119 0.1235523 0.208072 0.01709008 0.2175937 0.01055926 0.2163119 0.02510106 0.1825895 0.01055926 0.2175937 0.01055926 0.208072 0.01709008 0.2163119 0.05340659 0.1981384 0.02510106 0.2163119 0.02510106 0.1981384 0.02510106 0.208072 0.01709008 0.2163119 0.02510106 0.1981384 0.05340659 0.1981384 0.02510106 0.2163119 0.05340659 0.1825895 0.01709008 0.1825895 0.01055926 0.208072 0.01709008 0.1825895 0.01709008 0.208072 0.01709008 0.1981384 0.02510106 0.1721675 0.01139849 0.1825895 0.01055926 0.1825895 0.01709008 0.1981384 0.05340659 0.1825895 0.05340659 0.1981384 0.02510106 0.1981384 0.1235523 0.1825895 0.05340659 0.1981384 0.05340659 0.1825895 0.02510106 0.1825895 0.01709008 0.1981384 0.02510106 0.1825895 0.05340659 0.1825895 0.02510106 0.1981384 0.02510106 0.1729152 0.01618981 0.1721675 0.01139849 0.1825895 0.01709008 0.1729152 0.01618981 0.1825895 0.01709008 0.1825895 0.02510106 0.1626611 0.01524376 0.1721675 0.01139849 0.1729152 0.01618981 0.169955 0.02473485 0.1729152 0.01618981 0.1825895 0.02510106 0.169955 0.02473485 0.1626611 0.01524376 0.1729152 0.01618981 0.169955 0.02473485 0.1825895 0.02510106 0.1825895 0.05340659 0.1580986 0.02333104 0.1626611 0.01524376 0.169955 0.02473485 0.1671625 0.05340659 0.1580986 0.02333104 0.169955 0.02473485 0.1671625 0.05340659 0.169955 0.02473485 0.1825895 0.05340659 0.1671625 0.05340659 0.1558251 0.05340659 0.1580986 0.02333104 0.1825895 0.1235523 0.1825895 0.05340659 0.1981384 0.1235523 0.1825895 0.1235523 0.1981384 0.1235523 0.1981384 0.1545129 0.1729457 0.09048599 0.1671625 0.05340659 0.1825895 0.05340659 0.1825895 0.1235523 0.1729457 0.09048599 0.1825895 0.05340659 0.1671625 0.05340659 0.1660639 0.09048599 0.1558251 0.05340659 0.1729457 0.09048599 0.1660639 0.09048599 0.1671625 0.05340659 0.1563897 0.09048599 0.1558251 0.05340659 0.1660639 0.09048599 0.1729457 0.1234303 0.1729457 0.09048599 0.1825895 0.1235523 0.1729457 0.1234303 0.1660639 0.09048599 0.1729457 0.09048599 0.166247 0.1234303 0.1563897 0.09048599 0.1660639 0.09048599 0.1729457 0.1234303 0.166247 0.1234303 0.1660639 0.09048599 0.166247 0.1234303 0.1573053 0.1234303 0.1563897 0.09048599 0.1729457 0.1234303 0.1825895 0.1235523 0.1825895 0.1524071 0.1825895 0.1235523 0.1981384 0.1545129 0.1825895 0.1524071 0.1729457 0.1234303 0.167895 0.1513543 0.166247 0.1234303 0.167895 0.1513543 0.1573053 0.1234303 0.166247 0.1234303 0.1729457 0.1234303 0.1825895 0.1524071 0.167895 0.1513543 0.167895 0.1513543 0.158938 0.1516594 0.1573053 0.1234303 0.1825895 0.1524071 0.1981384 0.1545129 0.1981384 0.1778287 0.167895 0.1513543 0.1704891 0.1778287 0.158938 0.1516594 0.1825895 0.1524071 0.1704891 0.1778287 0.167895 0.1513543 0.158938 0.1516594 0.1704891 0.1778287 0.1607538 0.1778287 0.1704891 0.1778287 0.1599908 0.2506905 0.1607538 0.1778287 0.1825895 0.1524071 0.1981384 0.1778287 0.1825895 0.1778287 0.1825895 0.1524071 0.1825895 0.1778287 0.1704891 0.1778287 0.1704891 0.1778287 0.17084 0.2507057 0.1599908 0.2506905 0.1825895 0.1778287 0.17084 0.2507057 0.1704891 0.1778287 0.1599908 0.2506905 0.17084 0.2507057 0.158053 0.3287556 0.1825895 0.1778287 0.1981384 0.1778287 0.1825895 0.2507057 0.1825895 0.1778287 0.1825895 0.2507057 0.17084 0.2507057 0.1825895 0.2507057 0.1981384 0.1778287 0.1981384 0.250721 0.1825895 0.2507057 0.1981384 0.250721 0.1968414 0.3287556 0.1825895 0.2507057 0.1968414 0.3287556 0.1810788 0.3287556 0.17084 0.2507057 0.1825895 0.2507057 0.1810788 0.3287556 0.1810788 0.3287556 0.1968414 0.3287556 0.1954681 0.3677577 0.17084 0.2507057 0.1810788 0.3287556 0.1687037 0.3287556 0.17084 0.2507057 0.1687037 0.3287556 0.158053 0.3287556 0.1769589 0.3677577 0.1810788 0.3287556 0.1954681 0.3677577 0.1687037 0.3287556 0.1810788 0.3287556 0.1769589 0.3677577 0.1769589 0.3677577 0.1954681 0.3677577 0.194461 0.4082094 0.158053 0.3287556 0.1687037 0.3287556 0.1621423 0.3677577 0.1687037 0.3287556 0.1769589 0.3677577 0.1621423 0.3677577 0.158053 0.3287556 0.1621423 0.3677577 0.1492332 0.3677577 0.1769589 0.3677577 0.194461 0.4082094 0.1729 0.4081788 0.1769589 0.3677577 0.1729 0.4081788 0.1621423 0.3677577 0.1729 0.4081788 0.194461 0.4082094 0.1938506 0.445594 0.1492332 0.3677577 0.1621423 0.3677577 0.1549401 0.408133 0.1621423 0.3677577 0.1729 0.4081788 0.1549401 0.408133 0.1492332 0.3677577 0.1549401 0.408133 0.1411765 0.4081025 0.1729 0.4081788 0.1938506 0.445594 0.1705043 0.445594 0.1729 0.4081788 0.1705043 0.445594 0.1549401 0.408133 0.1705043 0.445594 0.1938506 0.445594 0.1931487 0.4762951 0.1411765 0.4081025 0.1549401 0.408133 0.1501793 0.445594 0.1549401 0.408133 0.1705043 0.445594 0.1501793 0.445594 0.1411765 0.4081025 0.1501793 0.445594 0.1348898 0.445594 0.1705043 0.445594 0.1931487 0.4762951 0.1691614 0.4749829 0.1501793 0.445594 0.1705043 0.445594 0.1691614 0.4749829 0.1348898 0.445594 0.1501793 0.445594 0.1467612 0.474052 0.1501793 0.445594 0.1691614 0.4749829 0.1467612 0.474052 0.1348898 0.445594 0.1467612 0.474052 0.1322652 0.474052 0.1467612 0.474052 0.1476005 0.4805371 0.1322652 0.474052 0.1467612 0.474052 0.1691614 0.4749829 0.1476005 0.4805371 0.1322652 0.474052 0.1476005 0.4805371 0.1343557 0.4853437 0.1476005 0.4805371 0.143267 0.4958114 0.1343557 0.4853437 0.1476005 0.4805371 0.1524987 0.4867323 0.143267 0.4958114 0.1476005 0.4805371 0.1691614 0.4749829 0.1524987 0.4867323 0.143267 0.4958114 0.1524987 0.4867323 0.1539025 0.5021286 0.1524987 0.4867323 0.160174 0.4910811 0.1539025 0.5021286 0.1524987 0.4867323 0.1691614 0.4749829 0.160174 0.4910811 0.1670558 0.5064317 0.1539025 0.5021286 0.160174 0.4910811 0.1683528 0.4937972 0.160174 0.4910811 0.1691614 0.4749829 0.1683528 0.4937972 0.1670558 0.5064317 0.160174 0.4910811 0.1931487 0.4762951 0.1683528 0.4937972 0.1691614 0.4749829 0.1930571 0.4976577 0.1670558 0.5064317 0.1683528 0.4937972 0.1931487 0.4762951 0.1930571 0.4976577 0.1683528 0.4937972 0.40589 0.761471 0.3815976 0.7667811 0.3815976 0.7609674 0.40589 0.761471 0.3815976 0.7609674 0.3815976 0.7474785 0.40589 0.7674677 0.3815976 0.7667811 0.40589 0.761471 0.40589 0.761471 0.3815976 0.7474785 0.40589 0.7481499 0.4259403 0.7640803 0.40589 0.7674677 0.40589 0.761471 0.4259403 0.7640803 0.40589 0.761471 0.40589 0.7481499 0.4259403 0.7640803 0.40589 0.7481499 0.4298924 0.7512474 0.4259403 0.7640803 0.4298924 0.7512474 0.437583 0.7556115 0.4241245 0.7694362 0.40589 0.7674677 0.4259403 0.7640803 0.4433967 0.7620966 0.4259403 0.7640803 0.437583 0.7556115 0.4383459 0.7707179 0.4241245 0.7694362 0.4259403 0.7640803 0.4383459 0.7707179 0.4259403 0.7640803 0.4433967 0.7620966 0.4344701 0.7743191 0.4241245 0.7694362 0.4383459 0.7707179 0.4507515 0.7824826 0.4383459 0.7707179 0.4433967 0.7620966 0.4462806 0.7824826 0.4344701 0.7743191 0.4383459 0.7707179 0.4462806 0.7824826 0.4383459 0.7707179 0.4507515 0.7824826 0.4430915 0.7849393 0.4344701 0.7743191 0.4462806 0.7824826 0.4474556 0.8392157 0.4462806 0.7824826 0.4507515 0.7824826 0.4474556 0.8392157 0.4430915 0.7849393 0.4462806 0.7824826 0.4474556 0.8392157 0.4507515 0.7824826 0.4521095 0.8392157 0.4474556 0.8392157 0.4448463 0.8392157 0.4430915 0.7849393 0.4474556 0.8392157 0.4521095 0.8392157 0.452781 0.8886397 0.4463874 0.8902113 0.4448463 0.8392157 0.4474556 0.8392157 0.4474556 0.8392157 0.452781 0.8886397 0.4491188 0.8902113 0.4463874 0.8902113 0.4474556 0.8392157 0.4491188 0.8902113 0.02780193 0.4967117 0.02780193 0.5082475 0.01545739 0.4967117 0.02780193 0.4967117 0.05105668 0.5107805 0.02780193 0.5082475 0.01104748 0.4762951 0.02780193 0.4967117 0.01545739 0.4967117 0.02780193 0.4967117 0.05105668 0.4976577 0.05105668 0.5107805 0.07705801 0.5064317 0.05105668 0.5107805 0.05105668 0.4976577 0.01104748 0.4762951 0.02780193 0.4762951 0.02780193 0.4967117 0.02780193 0.4762951 0.05105668 0.4976577 0.02780193 0.4967117 0.02780193 0.445594 0.02780193 0.4762951 0.01104748 0.4762951 0.009643673 0.445594 0.02780193 0.445594 0.01104748 0.4762951 0.05094987 0.4762951 0.05105668 0.4976577 0.02780193 0.4762951 0.02780193 0.4082552 0.02780193 0.445594 0.009643673 0.445594 0.009475827 0.4082857 0.02780193 0.4082552 0.009643673 0.445594 0.02780193 0.445594 0.05026316 0.445594 0.02780193 0.4762951 0.05094987 0.4762951 0.02780193 0.4762951 0.05026316 0.445594 0.02780193 0.4082552 0.04965281 0.4082094 0.02780193 0.445594 0.04965281 0.4082094 0.05026316 0.445594 0.02780193 0.445594 0.02780193 0.3677577 0.02780193 0.4082552 0.009475827 0.4082857 0.009475827 0.3677577 0.02780193 0.3677577 0.009475827 0.4082857 0.02780193 0.4082552 0.04863047 0.3677577 0.04965281 0.4082094 0.02780193 0.3677577 0.04863047 0.3677577 0.02780193 0.4082552 0.02780193 0.3287556 0.02780193 0.3677577 0.009475827 0.3677577 0.02780193 0.3287556 0.009475827 0.3677577 0.009475827 0.3287556 0.04727244 0.3287556 0.04863047 0.3677577 0.02780193 0.3677577 0.04727244 0.3287556 0.02780193 0.3677577 0.02780193 0.3287556 0.02780193 0.3287556 0.009475827 0.3287556 0.02780193 0.2507057 0.02780193 0.2507057 0.009475827 0.3287556 0.009475827 0.2506905 0.04596012 0.250721 0.04727244 0.3287556 0.02780193 0.3287556 0.04596012 0.250721 0.02780193 0.3287556 0.02780193 0.2507057 0.02780193 0.1778287 0.02780193 0.2507057 0.009475827 0.2506905 0.02780193 0.1778287 0.009475827 0.2506905 0.009475827 0.1778287 0.02780193 0.1778287 0.009475827 0.1778287 0.009658932 0.1596857 0.04596012 0.250721 0.02780193 0.2507057 0.04596012 0.1778287 0.04596012 0.1778287 0.02780193 0.2507057 0.02780193 0.1778287 0.06152433 0.2507057 0.04727244 0.3287556 0.04596012 0.250721 0.06152433 0.2507057 0.04596012 0.250721 0.04596012 0.1778287 0.02780193 0.1574883 0.02780193 0.1778287 0.009658932 0.1596857 0.02780193 0.1574883 0.009658932 0.1596857 0.009475827 0.1235523 0.04596012 0.1545129 0.02780193 0.1778287 0.02780193 0.1574883 0.04596012 0.1778287 0.02780193 0.1778287 0.04596012 0.1545129 0.02780193 0.1574883 0.009475827 0.1235523 0.02780193 0.1235523 0.04596012 0.1545129 0.02780193 0.1574883 0.02780193 0.1235523 0.02780193 0.1235523 0.009475827 0.1235523 0.02780193 0.05340659 0.009475827 0.1235523 0.009475827 0.05340659 0.02780193 0.05340659 0.04596012 0.1235523 0.04596012 0.1545129 0.02780193 0.1235523 0.02780193 0.05340659 0.009475827 0.05340659 0.02780193 0.02510106 0.009475827 0.05340659 0.009475827 0.02510106 0.02780193 0.02510106 0.02780193 0.02510106 0.009475827 0.02510106 0.01733422 0.0157473 0.02652013 0.01055926 0.02780193 0.02510106 0.01733422 0.0157473 0.04596012 0.05340659 0.02780193 0.1235523 0.02780193 0.05340659 0.04596012 0.1235523 0.02780193 0.1235523 0.04596012 0.05340659 0.03602653 0.01709008 0.02780193 0.02510106 0.02652013 0.01055926 0.06152433 0.01055926 0.03602653 0.01709008 0.02652013 0.01055926 0.02780193 0.05340659 0.02780193 0.02510106 0.04596012 0.02510106 0.03602653 0.01709008 0.04596012 0.02510106 0.02780193 0.02510106 0.04596012 0.05340659 0.02780193 0.05340659 0.04596012 0.02510106 0.06152433 0.01709008 0.03602653 0.01709008 0.06152433 0.01055926 0.06152433 0.01709008 0.04596012 0.02510106 0.03602653 0.01709008 0.07194626 0.01139849 0.06152433 0.01709008 0.06152433 0.01055926 0.04596012 0.05340659 0.04596012 0.02510106 0.06152433 0.05340659 0.04596012 0.1235523 0.04596012 0.05340659 0.06152433 0.05340659 0.06152433 0.02510106 0.04596012 0.02510106 0.06152433 0.01709008 0.06152433 0.05340659 0.04596012 0.02510106 0.06152433 0.02510106 0.07119858 0.01618981 0.06152433 0.01709008 0.07194626 0.01139849 0.06152433 0.02510106 0.06152433 0.01709008 0.07119858 0.01618981 0.0814374 0.01524376 0.07119858 0.01618981 0.07194626 0.01139849 0.06152433 0.02510106 0.07119858 0.01618981 0.07414358 0.02473485 0.0814374 0.01524376 0.07414358 0.02473485 0.07119858 0.01618981 0.06152433 0.05340659 0.06152433 0.02510106 0.07414358 0.02473485 0.0860151 0.02333104 0.07414358 0.02473485 0.0814374 0.01524376 0.07693594 0.05340659 0.07414358 0.02473485 0.0860151 0.02333104 0.07693594 0.05340659 0.06152433 0.05340659 0.07414358 0.02473485 0.07693594 0.05340659 0.0860151 0.02333104 0.08828866 0.05340659 0.06152433 0.1235523 0.04596012 0.1235523 0.06152433 0.05340659 0.06152433 0.1235523 0.04596012 0.1545129 0.04596012 0.1235523 0.0711528 0.09048599 0.06152433 0.05340659 0.07693594 0.05340659 0.06152433 0.1235523 0.06152433 0.05340659 0.0711528 0.09048599 0.07803463 0.09048599 0.07693594 0.05340659 0.08828866 0.05340659 0.0711528 0.09048599 0.07693594 0.05340659 0.07803463 0.09048599 0.07803463 0.09048599 0.08828866 0.05340659 0.08772408 0.09048599 0.0711528 0.1234303 0.06152433 0.1235523 0.0711528 0.09048599 0.0711528 0.1234303 0.0711528 0.09048599 0.07803463 0.09048599 0.07803463 0.09048599 0.08772408 0.09048599 0.07785153 0.1234303 0.0711528 0.1234303 0.07803463 0.09048599 0.07785153 0.1234303 0.07785153 0.1234303 0.08772408 0.09048599 0.0867933 0.1234303 0.0711528 0.1234303 0.06152433 0.1524071 0.06152433 0.1235523 0.06152433 0.1524071 0.04596012 0.1545129 0.06152433 0.1235523 0.0711528 0.1234303 0.07785153 0.1234303 0.07620352 0.1513543 0.07785153 0.1234303 0.0867933 0.1234303 0.07620352 0.1513543 0.0711528 0.1234303 0.07620352 0.1513543 0.06152433 0.1524071 0.07620352 0.1513543 0.0867933 0.1234303 0.08516055 0.1516594 0.06152433 0.1524071 0.04596012 0.1778287 0.04596012 0.1545129 0.07620352 0.1513543 0.08516055 0.1516594 0.07362478 0.1778287 0.06152433 0.1524071 0.07620352 0.1513543 0.07362478 0.1778287 0.08516055 0.1516594 0.08336001 0.1778287 0.07362478 0.1778287 0.08336001 0.1778287 0.08410769 0.2506905 0.07362478 0.1778287 0.06152433 0.1524071 0.06152433 0.1778287 0.04596012 0.1778287 0.06152433 0.1524071 0.07362478 0.1778287 0.06152433 0.1778287 0.06152433 0.1778287 0.06152433 0.2507057 0.04596012 0.1778287 0.07362478 0.1778287 0.08410769 0.2506905 0.07325851 0.2507057 0.06152433 0.1778287 0.07362478 0.1778287 0.07325851 0.2507057 0.06152433 0.1778287 0.07325851 0.2507057 0.06152433 0.2507057 0.08410769 0.2506905 0.08606088 0.3287556 0.07325851 0.2507057 0.06152433 0.2507057 0.07325851 0.2507057 0.06301975 0.3287556 0.06152433 0.2507057 0.06301975 0.3287556 0.04727244 0.3287556 0.06301975 0.3287556 0.04863047 0.3677577 0.04727244 0.3287556 0.07325851 0.2507057 0.08606088 0.3287556 0.0753948 0.3287556 0.07325851 0.2507057 0.0753948 0.3287556 0.06301975 0.3287556 0.06301975 0.3287556 0.06713968 0.3677577 0.04863047 0.3677577 0.0753948 0.3287556 0.06713968 0.3677577 0.06301975 0.3287556 0.04863047 0.3677577 0.06713968 0.3677577 0.04965281 0.4082094 0.08606088 0.3287556 0.08197146 0.3677577 0.0753948 0.3287556 0.0753948 0.3287556 0.08197146 0.3677577 0.06713968 0.3677577 0.08606088 0.3287556 0.09486532 0.3677577 0.08197146 0.3677577 0.07121384 0.4081788 0.04965281 0.4082094 0.06713968 0.3677577 0.08197146 0.3677577 0.07121384 0.4081788 0.06713968 0.3677577 0.07121384 0.4081788 0.05026316 0.445594 0.04965281 0.4082094 0.09486532 0.3677577 0.08915847 0.408133 0.08197146 0.3677577 0.08915847 0.408133 0.07121384 0.4081788 0.08197146 0.3677577 0.09486532 0.3677577 0.1029221 0.4081025 0.08915847 0.408133 0.07359421 0.445594 0.05026316 0.445594 0.07121384 0.4081788 0.07359421 0.445594 0.07121384 0.4081788 0.08915847 0.408133 0.07359421 0.445594 0.05094987 0.4762951 0.05026316 0.445594 0.1029221 0.4081025 0.09393453 0.445594 0.08915847 0.408133 0.09393453 0.445594 0.07359421 0.445594 0.08915847 0.408133 0.1029221 0.4081025 0.1092241 0.445594 0.09393453 0.445594 0.07359421 0.445594 0.07493704 0.4749829 0.05094987 0.4762951 0.09393453 0.445594 0.07493704 0.4749829 0.07359421 0.445594 0.09393453 0.445594 0.1092241 0.445594 0.0973373 0.474052 0.09393453 0.445594 0.0973373 0.474052 0.07493704 0.4749829 0.1092241 0.445594 0.1118486 0.474052 0.0973373 0.474052 0.0973373 0.474052 0.1118486 0.474052 0.09651327 0.4805371 0.0973373 0.474052 0.09651327 0.4805371 0.07493704 0.4749829 0.1118486 0.474052 0.1097581 0.4853437 0.09651327 0.4805371 0.09651327 0.4805371 0.1097581 0.4853437 0.1008469 0.4958114 0.09651327 0.4805371 0.1008469 0.4958114 0.09159988 0.4867323 0.09651327 0.4805371 0.09159988 0.4867323 0.07493704 0.4749829 0.1008469 0.4958114 0.09019607 0.5021286 0.09159988 0.4867323 0.09159988 0.4867323 0.09019607 0.5021286 0.08392459 0.4910811 0.09159988 0.4867323 0.08392459 0.4910811 0.07493704 0.4749829 0.09019607 0.5021286 0.07705801 0.5064317 0.08392459 0.4910811 0.07493704 0.4749829 0.08392459 0.4910811 0.07574576 0.4937972 0.08392459 0.4910811 0.07705801 0.5064317 0.07574576 0.4937972 0.07493704 0.4749829 0.07574576 0.4937972 0.05094987 0.4762951 0.07574576 0.4937972 0.07705801 0.5064317 0.05105668 0.4976577 0.07574576 0.4937972 0.05105668 0.4976577 0.05094987 0.4762951 0.6495155 0.7633479 0.6737926 0.7628443 0.6737926 0.7686732 0.6495155 0.7633479 0.6737926 0.7493706 0.6737926 0.7628443 0.6495155 0.7693599 0.6495155 0.7633479 0.6737926 0.7686732 0.6495155 0.750042 0.6737926 0.7493706 0.6495155 0.7633479 0.6294652 0.7659724 0.6495155 0.7633479 0.6495155 0.7693599 0.6294652 0.7659724 0.6495155 0.750042 0.6495155 0.7633479 0.6294652 0.7659724 0.6254978 0.7531396 0.6495155 0.750042 0.6294652 0.7659724 0.6178225 0.7575036 0.6254978 0.7531396 0.6312658 0.7713131 0.6294652 0.7659724 0.6495155 0.7693599 0.6119936 0.7639735 0.6178225 0.7575036 0.6294652 0.7659724 0.6170443 0.7725948 0.6294652 0.7659724 0.6312658 0.7713131 0.6170443 0.7725948 0.6119936 0.7639735 0.6294652 0.7659724 0.6209354 0.7762112 0.6170443 0.7725948 0.6312658 0.7713131 0.6046388 0.7843748 0.6119936 0.7639735 0.6170443 0.7725948 0.6091096 0.7843748 0.6170443 0.7725948 0.6209354 0.7762112 0.6091096 0.7843748 0.6046388 0.7843748 0.6170443 0.7725948 0.6122988 0.7868315 0.6091096 0.7843748 0.6209354 0.7762112 0.6079347 0.8411078 0.6046388 0.7843748 0.6091096 0.7843748 0.6079347 0.8411078 0.6091096 0.7843748 0.6122988 0.7868315 0.6079347 0.8411078 0.6032807 0.8411078 0.6046388 0.7843748 0.6079347 0.8411078 0.6122988 0.7868315 0.6105592 0.8411078 0.6079347 0.8411078 0.6026245 0.8905165 0.6032807 0.8411078 0.6090181 0.8921034 0.6079347 0.8411078 0.6105592 0.8411078 0.6062714 0.8921034 0.6026245 0.8905165 0.6079347 0.8411078 0.6090181 0.8921034 0.6062714 0.8921034 0.6079347 0.8411078 0.9463187 0.9185321 0.9463187 0.907805 0.9539177 0.9185321 0.9539177 0.94551 0.9463187 0.9185321 0.9539177 0.9185321 0.9463187 0.9185321 0.9161212 0.9164111 0.9463187 0.907805 0.9539177 0.94551 0.9463187 0.94551 0.9463187 0.9185321 0.9539177 0.94551 0.9463187 0.9559014 0.9463187 0.94551 0.9463187 0.9559014 0.9188372 0.9525292 0.9463187 0.94551 0.9463187 0.9185321 0.919997 0.9185321 0.9161212 0.9164111 0.919997 0.9185321 0.9143053 0.9328298 0.9161212 0.9164111 0.9463187 0.94551 0.919997 0.94551 0.9463187 0.9185321 0.9463187 0.9185321 0.919997 0.94551 0.919997 0.9185321 0.9463187 0.94551 0.9188372 0.9525292 0.919997 0.94551 0.919997 0.94551 0.9143053 0.9328298 0.919997 0.9185321 0.9188372 0.9525292 0.9143053 0.9328298 0.919997 0.94551 0.07373154 0.9223011 0.06614786 0.9223011 0.07373154 0.9115739 0.06614786 0.949279 0.06614786 0.9223011 0.07373154 0.9223011 0.07373154 0.9223011 0.07373154 0.9115739 0.1044785 0.9203174 0.06614786 0.949279 0.07373154 0.9223011 0.07373154 0.949279 0.06614786 0.949279 0.07373154 0.949279 0.07373154 0.9596857 0.07373154 0.949279 0.1011978 0.9572595 0.07373154 0.9596857 0.07373154 0.9223011 0.1044785 0.9203174 0.1000687 0.9223011 0.1000687 0.9223011 0.1044785 0.9203174 0.1057603 0.9365988 0.07373154 0.949279 0.07373154 0.9223011 0.1000687 0.949279 0.07373154 0.9223011 0.1000687 0.9223011 0.1000687 0.949279 0.07373154 0.949279 0.1000687 0.949279 0.1011978 0.9572595 0.1000687 0.949279 0.1000687 0.9223011 0.1057603 0.9365988 0.1000687 0.949279 0.1057603 0.9365988 0.1011978 0.9572595 0.9069657 0.2806592 0.9191119 0.2806592 0.9069657 0.2924544 0.9069657 0.2806592 0.9191119 0.2670786 0.9191119 0.2806592 0.9040512 0.2924544 0.9069657 0.2806592 0.9069657 0.2924544 0.9069657 0.2806592 0.9069657 0.2670786 0.9191119 0.2670786 0.9069657 0.2670786 0.9191119 0.2476539 0.9191119 0.2670786 0.9040512 0.2924544 0.9040512 0.2806592 0.9069657 0.2806592 0.9040512 0.2670786 0.9069657 0.2670786 0.9069657 0.2806592 0.9040512 0.2670786 0.9069657 0.2806592 0.9040512 0.2806592 0.901381 0.2806592 0.9040512 0.2806592 0.9040512 0.2924544 0.901381 0.2924544 0.901381 0.2806592 0.9040512 0.2924544 0.8954147 0.2806592 0.901381 0.2806592 0.901381 0.2924544 0.901381 0.2670786 0.9040512 0.2806592 0.901381 0.2806592 0.8954147 0.2806592 0.901381 0.2670786 0.901381 0.2806592 0.901381 0.2670786 0.9040512 0.2670786 0.9040512 0.2806592 0.8954147 0.2806592 0.8954147 0.2670786 0.901381 0.2670786 0.8954147 0.2670786 0.901381 0.2476539 0.901381 0.2670786 0.901381 0.2670786 0.901381 0.2476539 0.9040512 0.2670786 0.8954147 0.2670786 0.8954147 0.2476539 0.901381 0.2476539 0.9040512 0.2670786 0.9040512 0.2476539 0.9069657 0.2670786 0.901381 0.2476539 0.9040512 0.2476539 0.9040512 0.2670786 0.9040512 0.2476539 0.9069657 0.2476539 0.9069657 0.2670786 0.9069657 0.2670786 0.9069657 0.2476539 0.9191119 0.2476539 0.901381 0.2476539 0.9040512 0.2131838 0.9040512 0.2476539 0.9040512 0.2476539 0.9040512 0.2131838 0.9069657 0.2476539 0.8954147 0.2476539 0.901381 0.2131838 0.901381 0.2476539 0.901381 0.2476539 0.901381 0.2131838 0.9040512 0.2131838 0.8954147 0.2476539 0.8954147 0.2131838 0.901381 0.2131838 0.8954147 0.2131838 0.8954147 0.1941711 0.901381 0.2131838 0.9069657 0.2476539 0.9040512 0.2131838 0.9069657 0.2131838 0.9069657 0.2476539 0.9069657 0.2131838 0.9191119 0.2476539 0.901381 0.2131838 0.8954147 0.1941711 0.901381 0.1941711 0.8954147 0.1941711 0.8954147 0.1675288 0.901381 0.1941711 0.901381 0.2131838 0.9040512 0.1941711 0.9040512 0.2131838 0.901381 0.2131838 0.901381 0.1941711 0.9040512 0.1941711 0.901381 0.1941711 0.8954147 0.1675288 0.901381 0.1675288 0.8954147 0.1675288 0.901381 0.1408713 0.901381 0.1675288 0.901381 0.1941711 0.901381 0.1675288 0.9040512 0.1675288 0.9040512 0.1675288 0.901381 0.1675288 0.901381 0.1408713 0.901381 0.1941711 0.9040512 0.1675288 0.9040512 0.1941711 0.9040512 0.1675288 0.901381 0.1408713 0.9040512 0.1408713 0.9040512 0.1675288 0.9040512 0.1408713 0.9069657 0.1675288 0.9040512 0.1675288 0.9069657 0.1675288 0.9040512 0.1941711 0.9069657 0.1675288 0.9040512 0.1408713 0.9069657 0.1408713 0.9069657 0.1675288 0.9069657 0.1408713 0.9191119 0.1675288 0.9040512 0.1941711 0.9069657 0.1675288 0.9069657 0.1941711 0.9069657 0.1675288 0.9191119 0.1675288 0.9069657 0.1941711 0.9040512 0.2131838 0.9040512 0.1941711 0.9069657 0.1941711 0.9040512 0.2131838 0.9069657 0.1941711 0.9069657 0.2131838 0.9069657 0.1941711 0.9191119 0.1675288 0.9191119 0.1941711 0.9069657 0.2131838 0.9069657 0.1941711 0.9191119 0.1941711 0.9191119 0.1941711 0.9191119 0.1675288 0.9219348 0.1941711 0.9191119 0.1941711 0.9219348 0.1941711 0.9219348 0.2131838 0.9069657 0.2131838 0.9191119 0.1941711 0.9191119 0.2131838 0.9191119 0.2131838 0.9191119 0.1941711 0.9219348 0.2131838 0.9069657 0.2131838 0.9191119 0.2131838 0.9191119 0.2476539 0.9191119 0.2131838 0.9219348 0.2131838 0.9191119 0.2476539 0.3419699 0.4969558 0.3457389 0.4906691 0.3461814 0.4987869 0.3461814 0.4987869 0.3457389 0.4906691 0.3880827 0.5115435 0.3419699 0.4969558 0.3461814 0.4987869 0.3405508 0.5093461 0.3419699 0.4969558 0.3405508 0.5093461 0.3353018 0.507866 0.3461814 0.4987869 0.3880827 0.5115435 0.3839017 0.5158617 0.3405508 0.5093461 0.3461814 0.4987869 0.3839017 0.5158617 0.3839017 0.5158617 0.3880827 0.5115435 0.3911345 0.5210346 0.3405508 0.5093461 0.334493 0.5286031 0.3353018 0.507866 0.3353018 0.507866 0.334493 0.5286031 0.328603 0.5276112 0.3405508 0.5093461 0.3839017 0.5158617 0.3860685 0.522118 0.3839017 0.5158617 0.3911345 0.5210346 0.3860685 0.522118 0.3405508 0.5093461 0.3860685 0.522118 0.334493 0.5286031 0.3860685 0.522118 0.3911345 0.5210346 0.3901579 0.5379874 0.3860685 0.522118 0.3849393 0.5372397 0.334493 0.5286031 0.3860685 0.522118 0.3901579 0.5379874 0.3849393 0.5372397 0.334493 0.5286031 0.3278859 0.5595789 0.328603 0.5276112 0.334493 0.5286031 0.3849393 0.5372397 0.3278859 0.5595789 0.328603 0.5276112 0.3278859 0.5595789 0.3216602 0.558938 0.3278859 0.5595789 0.3192645 0.6141604 0.3216602 0.558938 0.3901579 0.5379874 0.3823148 0.5651789 0.3849393 0.5372397 0.3849393 0.5372397 0.3823148 0.5651789 0.3278859 0.5595789 0.3901579 0.5379874 0.3876402 0.5657435 0.3823148 0.5651789 0.3278859 0.5595789 0.3255512 0.6141604 0.3192645 0.6141604 0.3278859 0.5595789 0.3823148 0.5651789 0.3255512 0.6141604 0.3876402 0.5657435 0.38056 0.6141604 0.3823148 0.5651789 0.3823148 0.5651789 0.38056 0.6141604 0.3255512 0.6141604 0.3876402 0.5657435 0.3859159 0.6141604 0.38056 0.6141604 0.3859159 0.6141604 0.3876402 0.662562 0.38056 0.6141604 0.38056 0.6141604 0.3876402 0.662562 0.3823148 0.6631266 0.3255512 0.6141604 0.38056 0.6141604 0.3823148 0.6631266 0.3823148 0.6631266 0.3876402 0.662562 0.3901579 0.6903181 0.3255512 0.6141604 0.3278859 0.6687266 0.3192645 0.6141604 0.3255512 0.6141604 0.3823148 0.6631266 0.3278859 0.6687266 0.3192645 0.6141604 0.3278859 0.6687266 0.3216602 0.6693676 0.3278859 0.6687266 0.328603 0.7006943 0.3216602 0.6693676 0.3823148 0.6631266 0.3901579 0.6903181 0.3849393 0.6910658 0.3823148 0.6631266 0.3849393 0.6910658 0.3278859 0.6687266 0.3278859 0.6687266 0.334493 0.6997024 0.328603 0.7006943 0.3278859 0.6687266 0.3849393 0.6910658 0.334493 0.6997024 0.334493 0.6997024 0.3353018 0.7204394 0.328603 0.7006943 0.3901579 0.6903181 0.3860685 0.7061875 0.3849393 0.6910658 0.3849393 0.6910658 0.3860685 0.7061875 0.334493 0.6997024 0.3901579 0.6903181 0.3911345 0.7072709 0.3860685 0.7061875 0.334493 0.6997024 0.3405508 0.7189593 0.3353018 0.7204394 0.334493 0.6997024 0.3860685 0.7061875 0.3405508 0.7189593 0.3405508 0.7189593 0.3419699 0.7313496 0.3353018 0.7204394 0.3911345 0.7072709 0.3839017 0.7124437 0.3860685 0.7061875 0.3860685 0.7061875 0.3839017 0.7124437 0.3405508 0.7189593 0.3911345 0.7072709 0.3880827 0.7167621 0.3839017 0.7124437 0.3405508 0.7189593 0.3461814 0.7295186 0.3419699 0.7313496 0.3405508 0.7189593 0.3839017 0.7124437 0.3461814 0.7295186 0.3880827 0.7167621 0.3461814 0.7295186 0.3839017 0.7124437 0.3461814 0.7295186 0.3457389 0.7376364 0.3419699 0.7313496 0.3880827 0.7167621 0.3457389 0.7376364 0.3461814 0.7295186 0.9550774 0.7776303 0.9550774 0.796582 0.9467307 0.793698 0.9550774 0.7776303 0.9467307 0.793698 0.9467307 0.7776303 0.9550927 0.7270924 0.9550774 0.7776303 0.9467307 0.7776303 0.9550774 0.796582 0.9337453 0.794934 0.9467307 0.793698 0.9550774 0.796582 0.9124132 0.796582 0.9337453 0.794934 0.9467307 0.793698 0.9389944 0.7904326 0.9467307 0.7776303 0.9467307 0.793698 0.9337453 0.794934 0.9389944 0.7904326 0.9124132 0.796582 0.9207599 0.793698 0.9337453 0.794934 0.9124132 0.7776303 0.9207599 0.793698 0.9124132 0.796582 0.9207599 0.793698 0.9305104 0.7901732 0.9337453 0.794934 0.9337453 0.794934 0.9305104 0.7901732 0.9389944 0.7904326 0.9124132 0.7776303 0.9207599 0.7776303 0.9207599 0.793698 0.9207599 0.793698 0.9207599 0.7776303 0.9305104 0.7901732 0.9124132 0.7270924 0.9207599 0.7776303 0.9124132 0.7776303 0.9124132 0.7270924 0.9207752 0.7270924 0.9207599 0.7776303 0.9207599 0.7776303 0.9274738 0.7777066 0.9305104 0.7901732 0.9207752 0.7270924 0.9274738 0.7777066 0.9207599 0.7776303 0.9207752 0.6765698 0.9207752 0.7270924 0.9124132 0.7270924 0.9124132 0.6765698 0.9207752 0.6765698 0.9124132 0.7270924 0.9207752 0.7270924 0.9274738 0.7270924 0.9274738 0.7777066 0.9207752 0.6604868 0.9207752 0.6765698 0.9124132 0.6765698 0.9124132 0.657618 0.9207752 0.6604868 0.9124132 0.6765698 0.9207752 0.6765698 0.9274738 0.6764935 0.9207752 0.7270924 0.9207752 0.7270924 0.9274738 0.6764935 0.9274738 0.7270924 0.9337453 0.6592661 0.9207752 0.6604868 0.9124132 0.657618 0.9337453 0.6592661 0.9124132 0.657618 0.9550927 0.657618 0.9207752 0.6604868 0.9293202 0.6637064 0.9207752 0.6765698 0.9337453 0.6592661 0.9293202 0.6637064 0.9207752 0.6604868 0.9207752 0.6765698 0.9293202 0.6637064 0.9274738 0.6764935 0.9337453 0.6592661 0.9550927 0.657618 0.9467307 0.6604868 0.9467307 0.6604868 0.9550927 0.657618 0.9550927 0.6765698 0.9337453 0.6592661 0.9467307 0.6604868 0.9377279 0.6635081 0.9337453 0.6592661 0.9377279 0.6635081 0.9293202 0.6637064 0.9467307 0.6604868 0.9550927 0.6765698 0.9467307 0.6765698 0.9467307 0.6604868 0.9467307 0.6765698 0.9377279 0.6635081 0.9550927 0.6765698 0.9550927 0.7270924 0.9467307 0.6765698 0.9467307 0.6765698 0.9550927 0.7270924 0.9467307 0.7270924 0.9550927 0.7270924 0.9467307 0.7776303 0.9467307 0.7270924 0.9467307 0.6765698 0.9467307 0.7270924 0.9400778 0.6764629 0.9467307 0.6765698 0.9400778 0.6764629 0.9377279 0.6635081 0.9467307 0.7270924 0.9467307 0.7776303 0.9400778 0.7777371 0.9467307 0.7776303 0.9389944 0.7904326 0.9400778 0.7777371 0.9467307 0.7270924 0.9400778 0.7270924 0.9400778 0.6764629 0.9467307 0.7270924 0.9400778 0.7777371 0.9400778 0.7270924 0.9400778 0.6764629 0.9389639 0.6765698 0.9377279 0.6635081 0.9400778 0.6764629 0.9400778 0.7270924 0.9389639 0.6765698 0.9400778 0.7777371 0.9389639 0.7776303 0.9400778 0.7270924 0.9400778 0.7777371 0.9389944 0.7904326 0.9389639 0.7776303 0.9389639 0.6765698 0.9400778 0.7270924 0.9389639 0.7270924 0.9389639 0.7270924 0.9400778 0.7270924 0.9389639 0.7776303 0.9389639 0.6765698 0.9367514 0.6765698 0.9377279 0.6635081 0.9389639 0.6765698 0.9389639 0.7270924 0.9367514 0.6765698 0.9367514 0.7776303 0.9389639 0.7776303 0.9389944 0.7904326 0.9389639 0.7270924 0.9389639 0.7776303 0.9367514 0.7776303 0.9367514 0.7776303 0.9389944 0.7904326 0.9358816 0.7776303 0.9367514 0.7270924 0.9389639 0.7270924 0.9367514 0.7776303 0.9367514 0.6765698 0.9389639 0.7270924 0.9367514 0.7270924 0.9367514 0.7270924 0.9367514 0.7776303 0.9358816 0.7776303 0.9305104 0.7901732 0.9358816 0.7776303 0.9389944 0.7904326 0.9367514 0.6765698 0.9367514 0.7270924 0.9358816 0.6765698 0.9377279 0.6635081 0.9367514 0.6765698 0.9358816 0.6765698 0.9377279 0.6635081 0.9358816 0.6765698 0.9293202 0.6637064 0.9367514 0.7270924 0.9358816 0.7776303 0.9358816 0.7270924 0.9358816 0.6765698 0.9367514 0.7270924 0.9358816 0.7270924 0.9305104 0.7901732 0.9316701 0.7776303 0.9358816 0.7776303 0.9358816 0.7270924 0.9358816 0.7776303 0.9316701 0.7776303 0.9358816 0.6765698 0.9358816 0.7270924 0.9316701 0.6765698 0.9293202 0.6637064 0.9358816 0.6765698 0.9316701 0.6765698 0.9358816 0.7270924 0.9316701 0.7776303 0.9316701 0.7270924 0.9316701 0.6765698 0.9358816 0.7270924 0.9316701 0.7270924 0.9308003 0.7776303 0.9316701 0.7776303 0.9305104 0.7901732 0.9316701 0.7270924 0.9316701 0.7776303 0.9308003 0.7776303 0.9293202 0.6637064 0.9316701 0.6765698 0.9308003 0.6765698 0.9316701 0.6765698 0.9316701 0.7270924 0.9308003 0.6765698 0.9316701 0.7270924 0.9308003 0.7776303 0.9308003 0.7270924 0.9308003 0.6765698 0.9316701 0.7270924 0.9308003 0.7270924 0.9285878 0.7776303 0.9308003 0.7776303 0.9305104 0.7901732 0.9285878 0.7776303 0.9305104 0.7901732 0.9274738 0.7777066 0.9274738 0.7270924 0.9285878 0.7776303 0.9274738 0.7777066 0.9308003 0.7776303 0.9285878 0.7270924 0.9308003 0.7270924 0.9285878 0.7776303 0.9285878 0.7270924 0.9308003 0.7776303 0.9308003 0.6765698 0.9308003 0.7270924 0.9285878 0.7270924 0.9274738 0.7270924 0.9285878 0.7270924 0.9285878 0.7776303 0.9285878 0.6765698 0.9308003 0.6765698 0.9285878 0.7270924 0.9274738 0.7270924 0.9285878 0.6765698 0.9285878 0.7270924 0.9285878 0.6765698 0.9293202 0.6637064 0.9308003 0.6765698 0.9274738 0.6764935 0.9285878 0.6765698 0.9274738 0.7270924 0.9274738 0.6764935 0.9293202 0.6637064 0.9285878 0.6765698 0.1761044 0.8979324 0.1761044 0.887953 0.1973602 0.8948653 0.1761044 0.8979324 0.160708 0.9029374 0.1761044 0.887953 0.1761044 0.887953 0.160708 0.9029374 0.1548333 0.8948653 0.1761044 0.8979324 0.1973602 0.8948653 0.1914855 0.9029374 0.1914855 0.9029374 0.1973602 0.8948653 0.2104982 0.9129473 0.160708 0.9029374 0.1511864 0.9160296 0.1548333 0.8948653 0.1548333 0.8948653 0.1511864 0.9160296 0.1416953 0.9129473 0.1914855 0.9029374 0.2104982 0.9129473 0.2010071 0.9160296 0.2010071 0.9160296 0.2104982 0.9129473 0.2104982 0.9353017 0.1511864 0.9322194 0.1416953 0.9129473 0.1511864 0.9160296 0.1416953 0.9353017 0.1416953 0.9129473 0.1511864 0.9322194 0.2010071 0.9160296 0.2104982 0.9353017 0.2010071 0.9322194 0.2010071 0.9322194 0.2104982 0.9353017 0.1973602 0.9533837 0.160708 0.9453117 0.1416953 0.9353017 0.1511864 0.9322194 0.160708 0.9453117 0.1548333 0.9533837 0.1416953 0.9353017 0.2010071 0.9322194 0.1973602 0.9533837 0.1914855 0.9453117 0.1914855 0.9453117 0.1973602 0.9533837 0.1761044 0.9602808 0.1761044 0.9503013 0.1761044 0.9602808 0.1548333 0.9533837 0.1914855 0.9453117 0.1761044 0.9602808 0.1761044 0.9503013 0.1761044 0.9503013 0.1548333 0.9533837 0.160708 0.9453117 0.1897307 0.9285573 0.2010071 0.9322194 0.1914855 0.9453117 0.1845273 0.935729 0.1914855 0.9453117 0.1761044 0.9503013 0.1897307 0.9285573 0.1914855 0.9453117 0.1845273 0.935729 0.1761044 0.9384604 0.1761044 0.9503013 0.160708 0.9453117 0.1845273 0.935729 0.1761044 0.9503013 0.1761044 0.9384604 0.1897307 0.9196918 0.2010071 0.9322194 0.1897307 0.9285573 0.1897307 0.9196918 0.2010071 0.9160296 0.2010071 0.9322194 0.1761044 0.9241169 0.1897307 0.9285573 0.1845273 0.935729 0.1761044 0.9241169 0.1897307 0.9196918 0.1897307 0.9285573 0.1761044 0.9241169 0.1845273 0.935729 0.1761044 0.9384604 0.1845273 0.9125201 0.2010071 0.9160296 0.1897307 0.9196918 0.1761044 0.9241169 0.1845273 0.9125201 0.1897307 0.9196918 0.1845273 0.9125201 0.1914855 0.9029374 0.2010071 0.9160296 0.1761044 0.9384604 0.160708 0.9453117 0.1676661 0.935729 0.1761044 0.9241169 0.1761044 0.9384604 0.1676661 0.935729 0.160708 0.9453117 0.1511864 0.9322194 0.1676661 0.935729 0.1761044 0.9097734 0.1914855 0.9029374 0.1845273 0.9125201 0.1761044 0.9241169 0.1761044 0.9097734 0.1845273 0.9125201 0.1761044 0.9097734 0.1761044 0.8979324 0.1914855 0.9029374 0.1624628 0.9285573 0.1676661 0.935729 0.1511864 0.9322194 0.1761044 0.9241169 0.1676661 0.935729 0.1624628 0.9285573 0.1624628 0.9285573 0.1511864 0.9322194 0.1511864 0.9160296 0.1676661 0.9125201 0.1761044 0.8979324 0.1761044 0.9097734 0.1761044 0.9241169 0.1676661 0.9125201 0.1761044 0.9097734 0.1676661 0.9125201 0.160708 0.9029374 0.1761044 0.8979324 0.1761044 0.9241169 0.1624628 0.9285573 0.1624628 0.9196918 0.1761044 0.9241169 0.1624628 0.9196918 0.1676661 0.9125201 0.1624628 0.9196918 0.1624628 0.9285573 0.1511864 0.9160296 0.1676661 0.9125201 0.1624628 0.9196918 0.160708 0.9029374 0.1624628 0.9196918 0.1511864 0.9160296 0.160708 0.9029374 0.4934463 0.9673152 0.5147021 0.9703822 0.4934463 0.9772793 0.4934463 0.9673152 0.4934463 0.9772793 0.4780499 0.9623102 0.4934463 0.9772793 0.4721904 0.9703822 0.4780499 0.9623102 0.4934463 0.9673152 0.5088426 0.9623102 0.5147021 0.9703822 0.5147021 0.9703822 0.5088426 0.9623102 0.5278401 0.9523003 0.4780499 0.9623102 0.4721904 0.9703822 0.4685435 0.949218 0.4721904 0.9703822 0.4590524 0.9523003 0.4685435 0.949218 0.4934463 0.9673152 0.4780499 0.9623102 0.4850233 0.9527276 0.4685435 0.949218 0.4590524 0.9523003 0.4685435 0.9330282 0.4590524 0.9523003 0.4590524 0.9299458 0.4685435 0.9330282 0.4780499 0.9623102 0.4685435 0.949218 0.4798047 0.9455558 0.4780499 0.9623102 0.4798047 0.9455558 0.4850233 0.9527276 0.4685435 0.949218 0.4798047 0.9366903 0.4798047 0.9455558 0.4685435 0.949218 0.4685435 0.9330282 0.4798047 0.9366903 0.4934463 0.9673152 0.4850233 0.9527276 0.4934463 0.9554589 0.4934463 0.9673152 0.4934463 0.9554589 0.5088426 0.9623102 0.4850233 0.9527276 0.4798047 0.9455558 0.4934463 0.9411154 0.4850233 0.9527276 0.4934463 0.9411154 0.4934463 0.9554589 0.4798047 0.9455558 0.4798047 0.9366903 0.4934463 0.9411154 0.5088426 0.9623102 0.4934463 0.9554589 0.5018845 0.9527276 0.4934463 0.9554589 0.4934463 0.9411154 0.5018845 0.9527276 0.5088426 0.9623102 0.5018845 0.9527276 0.518349 0.949218 0.5088426 0.9623102 0.518349 0.949218 0.5278401 0.9523003 0.5278401 0.9523003 0.518349 0.949218 0.5278401 0.9299458 0.518349 0.949218 0.5018845 0.9527276 0.5070878 0.9455558 0.5018845 0.9527276 0.4934463 0.9411154 0.5070878 0.9455558 0.518349 0.949218 0.518349 0.9330282 0.5278401 0.9299458 0.518349 0.949218 0.5070878 0.9455558 0.518349 0.9330282 0.5278401 0.9299458 0.518349 0.9330282 0.5147021 0.9118639 0.518349 0.9330282 0.5070878 0.9455558 0.5070878 0.9366903 0.5070878 0.9455558 0.4934463 0.9411154 0.5070878 0.9366903 0.518349 0.9330282 0.5088426 0.9199359 0.5147021 0.9118639 0.518349 0.9330282 0.5070878 0.9366903 0.5088426 0.9199359 0.5147021 0.9118639 0.5088426 0.9199359 0.4934463 0.9049516 0.5088426 0.9199359 0.5070878 0.9366903 0.5018845 0.9295186 0.5070878 0.9366903 0.4934463 0.9411154 0.5018845 0.9295186 0.5088426 0.9199359 0.4934463 0.9149309 0.4934463 0.9049516 0.5088426 0.9199359 0.5018845 0.9295186 0.4934463 0.9149309 0.4721904 0.9118639 0.4934463 0.9049516 0.4934463 0.9149309 0.4934463 0.9267719 0.5018845 0.9295186 0.4934463 0.9411154 0.4934463 0.9149309 0.5018845 0.9295186 0.4934463 0.9267719 0.4780499 0.9199359 0.4721904 0.9118639 0.4934463 0.9149309 0.4780499 0.9199359 0.4934463 0.9149309 0.4934463 0.9267719 0.4590524 0.9299458 0.4721904 0.9118639 0.4780499 0.9199359 0.4685435 0.9330282 0.4590524 0.9299458 0.4780499 0.9199359 0.4850233 0.9295186 0.4934463 0.9267719 0.4934463 0.9411154 0.4780499 0.9199359 0.4934463 0.9267719 0.4850233 0.9295186 0.4685435 0.9330282 0.4780499 0.9199359 0.4850233 0.9295186 0.4798047 0.9366903 0.4850233 0.9295186 0.4934463 0.9411154 0.4685435 0.9330282 0.4850233 0.9295186 0.4798047 0.9366903</float_array>
          <technique_common>
            <accessor source="#CarWiicm__M_CarWiicm_001-mesh-map-1-array" count="6834" stride="2">
              <param name="S" type="float"/>
              <param name="T" type="float"/>
            </accessor>
          </technique_common>
        </source>
        <vertices id="CarWiicm__M_CarWiicm_001-mesh-vertices">
          <input semantic="POSITION" source="#CarWiicm__M_CarWiicm_001-mesh-positions"/>
        </vertices>
        <triangles material="M_CarWiicm_001-material" count="2278">
          <input semantic="VERTEX" source="#CarWiicm__M_CarWiicm_001-mesh-vertices" offset="0"/>
          <input semantic="NORMAL" source="#CarWiicm__M_CarWiicm_001-mesh-normals" offset="1"/>
          <input semantic="TEXCOORD" source="#CarWiicm__M_CarWiicm_001-mesh-map-0" offset="2" set="0"/>
          <input semantic="TEXCOORD" source="#CarWiicm__M_CarWiicm_001-mesh-map-1" offset="2" set="1"/>
          <p>0 0 0 1 0 1 2 0 2 3 1 3 4 1 4 5 1 5 6 2 6 7 2 7 8 2 8 9 3 9 10 3 10 11 3 11 12 4 12 13 4 13 14 4 14 15 5 15 16 5 16 17 5 17 18 6 18 19 6 19 20 6 20 21 7 21 22 8 22 23 7 23 22 8 24 24 9 25 25 9 26 26 10 27 27 11 28 28 10 29 27 11 30 29 12 31 30 12 32 31 13 33 32 14 34 33 15 35 33 15 36 34 16 37 35 17 38 34 16 39 36 18 40 35 17 41 35 17 42 36 18 43 37 19 44 38 20 45 37 19 46 36 18 47 39 21 48 38 20 49 36 18 50 40 22 51 38 20 52 39 21 53 40 22 54 39 21 55 41 23 56 32 14 57 40 22 58 41 23 59 42 24 60 43 25 61 44 26 62 43 25 63 45 27 64 44 26 65 46 28 66 47 28 67 48 28 68 47 28 69 49 28 70 48 28 71 50 29 72 51 30 73 52 31 74 53 32 75 50 29 76 54 33 77 54 33 78 52 31 79 55 34 80 53 32 81 54 33 82 55 34 83 55 34 84 56 35 85 57 36 86 56 35 87 58 37 88 57 36 89 56 35 90 59 38 91 60 39 92 56 35 93 61 40 94 58 37 95 60 39 96 62 41 97 61 40 98 58 37 99 61 40 100 62 41 101 63 42 102 64 42 103 65 42 104 64 43 105 66 43 106 65 43 107 67 44 108 68 45 109 69 46 110 69 46 111 70 47 112 71 48 113 70 47 114 72 49 115 71 48 116 71 48 117 72 49 118 73 50 119 74 51 120 73 50 121 72 49 122 74 51 123 75 52 124 73 50 125 76 53 126 75 52 127 74 51 128 76 53 129 74 51 130 77 54 131 68 45 132 76 53 133 77 54 134 78 55 135 79 56 136 80 57 137 79 56 138 81 58 139 80 57 140 82 6 141 83 6 142 84 59 143 83 6 144 85 6 145 86 59 146 84 59 147 86 59 148 87 60 149 86 59 150 88 60 151 87 60 152 87 60 153 88 60 154 89 61 155 88 60 156 90 61 157 89 61 158 91 62 159 92 62 160 93 63 161 91 62 162 93 63 163 94 63 164 93 63 165 95 64 166 94 63 167 94 63 168 95 64 169 96 64 170 95 64 171 97 65 172 96 64 173 96 64 174 97 65 175 98 65 176 97 65 177 99 66 178 98 65 179 98 65 180 99 66 181 100 66 182 99 66 183 101 67 184 100 66 185 100 66 186 101 67 187 102 67 188 101 67 189 103 68 190 102 67 191 102 67 192 103 68 193 104 68 194 105 69 195 106 69 196 107 69 197 108 69 198 105 69 199 107 69 200 109 69 201 105 69 202 108 69 203 109 69 204 108 69 205 110 69 206 111 69 207 109 69 208 110 69 209 111 69 210 112 69 211 109 69 212 111 69 213 113 69 214 114 69 215 115 69 216 111 69 217 114 69 218 115 69 219 112 69 220 111 69 221 116 69 222 117 69 223 115 69 224 117 69 225 118 69 226 115 69 227 115 69 228 118 69 229 112 69 230 118 69 231 119 69 232 112 69 233 118 69 234 120 69 235 119 69 236 121 70 237 122 70 238 123 70 239 124 70 240 121 70 241 123 70 242 125 70 243 121 70 244 124 70 245 126 70 246 125 70 247 124 70 248 127 70 249 125 70 250 126 70 251 128 70 252 127 70 253 126 70 254 128 70 255 129 70 256 130 70 257 131 70 258 128 70 259 130 70 260 132 70 261 127 70 262 128 70 263 131 70 264 132 70 265 128 70 266 132 70 267 133 70 268 127 70 269 132 70 270 134 70 271 133 70 272 135 70 273 132 70 274 131 70 275 136 70 276 135 70 277 131 70 278 137 71 279 138 72 280 139 72 281 137 71 282 139 72 283 140 71 284 141 73 285 137 71 286 140 71 287 141 73 288 140 71 289 142 73 290 143 74 291 141 73 292 142 73 293 143 74 294 142 73 295 144 74 296 145 75 297 143 74 298 144 74 299 145 75 300 144 74 301 146 76 302 147 77 303 145 75 304 146 76 305 147 77 306 146 76 307 148 77 308 149 78 309 147 77 310 148 77 311 149 78 312 148 77 313 150 78 314 149 78 315 150 78 316 151 79 317 152 79 318 149 78 319 151 79 320 152 79 321 151 79 322 153 80 323 151 79 324 154 81 325 153 80 326 153 80 327 154 81 328 155 82 329 154 81 330 156 83 331 155 82 332 154 81 333 157 84 334 156 83 335 158 28 336 159 28 337 160 28 338 161 28 339 159 28 340 158 28 341 162 28 342 161 28 343 158 28 344 163 28 345 161 28 346 162 28 347 163 28 348 162 28 349 164 28 350 162 28 351 165 28 352 164 28 353 166 28 354 167 28 355 168 28 356 169 28 357 166 28 358 168 28 359 170 28 360 166 28 361 169 28 362 171 28 363 170 28 364 169 28 365 171 28 366 172 28 367 170 28 368 172 28 369 173 28 370 170 28 371 174 85 372 175 86 373 176 87 374 175 86 375 177 88 376 176 87 377 176 87 378 177 88 379 178 89 380 176 87 381 178 89 382 179 90 383 178 89 384 180 91 385 179 90 386 178 89 387 181 92 388 180 91 389 180 91 390 181 92 391 182 93 392 180 91 393 182 93 394 183 94 395 182 93 396 184 95 397 183 94 398 182 93 399 185 96 400 184 95 401 184 95 402 185 96 403 186 97 404 184 95 405 186 97 406 187 98 407 186 97 408 188 99 409 187 98 410 186 97 411 189 100 412 188 99 413 188 99 414 189 100 415 190 101 416 188 99 417 190 101 418 191 102 419 190 101 420 192 103 421 191 102 422 190 101 423 193 104 424 192 103 425 192 103 426 193 104 427 194 105 428 192 103 429 194 105 430 195 106 431 196 107 432 197 107 433 198 108 434 197 107 435 199 108 436 198 108 437 198 108 438 199 108 439 200 109 440 198 108 441 200 109 442 201 109 443 200 109 444 202 110 445 201 109 446 201 109 447 202 110 448 203 110 449 202 110 450 204 32 451 203 110 452 202 110 453 205 32 454 204 32 455 206 111 456 207 111 457 208 112 458 207 111 459 209 113 460 208 112 461 208 112 462 209 113 463 210 114 464 208 112 465 210 114 466 211 114 467 210 114 468 212 115 469 211 114 470 211 114 471 212 115 472 213 115 473 212 115 474 214 116 475 213 115 476 213 115 477 214 116 478 215 117 479 214 116 480 216 118 481 215 117 482 214 116 483 217 118 484 216 118 485 218 119 486 219 119 487 220 120 488 219 119 489 221 120 490 220 120 491 220 120 492 221 120 493 222 121 494 220 120 495 222 121 496 223 121 497 222 121 498 224 122 499 223 121 500 223 121 501 224 122 502 225 122 503 224 122 504 226 123 505 225 122 506 224 122 507 227 124 508 226 123 509 228 125 510 229 126 511 230 127 512 231 128 513 229 126 514 228 125 515 232 129 516 231 128 517 228 125 518 232 129 519 228 125 520 233 130 521 234 131 522 231 128 523 232 129 524 234 131 525 232 129 526 235 132 527 232 129 528 236 133 529 235 132 530 232 129 531 237 134 532 236 133 533 235 132 534 236 133 535 238 135 536 236 133 537 239 136 538 238 135 539 240 137 540 241 138 541 242 139 542 243 140 543 241 138 544 240 137 545 243 140 546 240 137 547 244 141 548 244 141 549 240 137 550 245 142 551 246 143 552 243 140 553 244 141 554 246 143 555 244 141 556 247 144 557 244 141 558 248 145 559 247 144 560 244 141 561 249 146 562 248 145 563 247 144 564 248 145 565 250 147 566 248 145 567 251 148 568 250 147 569 252 149 570 253 149 571 254 149 572 255 149 573 252 149 574 254 149 575 255 149 576 256 149 577 252 149 578 252 149 579 256 149 580 257 149 581 256 149 582 258 149 583 257 149 584 257 149 585 258 149 586 259 149 587 258 149 588 260 149 589 259 149 590 258 149 591 261 149 592 260 149 593 260 149 594 261 149 595 262 149 596 260 149 597 262 149 598 263 149 599 264 149 600 265 149 601 266 149 602 265 149 603 267 149 604 266 149 605 265 149 606 268 149 607 267 149 608 265 149 609 269 149 610 268 149 611 269 149 612 270 149 613 268 149 614 269 149 615 271 149 616 270 149 617 271 149 618 272 149 619 270 149 620 270 149 621 272 149 622 273 149 623 272 149 624 274 149 625 273 149 626 272 149 627 275 149 628 274 149 629 276 150 630 277 151 631 278 152 632 276 150 633 278 152 634 279 153 635 280 154 636 276 150 637 279 153 638 279 153 639 278 152 640 281 155 641 282 156 642 280 154 643 279 153 644 283 157 645 279 153 646 281 155 647 282 156 648 284 158 649 280 154 650 285 159 651 280 154 652 284 158 653 286 160 654 285 159 655 284 158 656 287 161 657 282 156 658 279 153 659 283 157 660 287 161 661 279 153 662 288 162 663 286 160 664 284 158 665 288 162 666 289 163 667 286 160 668 290 164 669 284 158 670 282 156 671 288 162 672 284 158 673 290 164 674 287 161 675 290 164 676 282 156 677 291 165 678 289 163 679 288 162 680 291 165 681 292 166 682 289 163 683 293 167 684 292 166 685 291 165 686 294 168 687 291 165 688 288 162 689 294 168 690 288 162 691 290 164 692 295 169 693 293 167 694 291 165 695 295 169 696 291 165 697 294 168 698 295 169 699 296 170 700 293 167 701 297 171 702 296 170 703 295 169 704 298 172 705 295 169 706 294 168 707 297 171 708 295 169 709 298 172 710 299 173 711 294 168 712 290 164 713 298 172 714 294 168 715 299 173 716 297 171 717 298 172 718 300 174 719 301 175 720 297 171 721 300 174 722 301 175 723 300 174 724 302 176 725 298 172 726 299 173 727 303 177 728 300 174 729 298 172 730 303 177 731 299 173 732 290 164 733 304 178 734 303 177 735 299 173 736 304 178 737 300 174 738 305 179 739 302 176 740 302 176 741 305 179 742 306 180 743 300 174 744 303 177 745 307 181 746 300 174 747 307 181 748 305 179 749 305 179 750 308 182 751 306 180 752 307 181 753 308 182 754 305 179 755 306 180 756 308 182 757 309 183 758 306 180 759 309 183 760 310 184 761 307 181 762 311 185 763 308 182 764 309 183 765 312 186 766 310 184 767 310 184 768 312 186 769 313 187 770 308 182 771 314 188 772 309 183 773 309 183 774 314 188 775 312 186 776 308 182 777 311 185 778 314 188 779 313 187 780 312 186 781 315 189 782 307 181 783 316 190 784 311 185 785 303 177 786 316 190 787 307 181 788 315 189 789 312 186 790 317 191 791 303 177 792 318 192 793 316 190 794 303 177 795 304 178 796 318 192 797 315 189 798 317 191 799 319 193 800 315 189 801 319 193 802 320 194 803 320 194 804 319 193 805 321 195 806 319 193 807 322 196 808 321 195 809 321 195 810 322 196 811 323 197 812 322 196 813 324 198 814 323 197 815 319 193 816 325 199 817 322 196 818 317 191 819 325 199 820 319 193 821 322 196 822 326 200 823 324 198 824 325 199 825 326 200 826 322 196 827 324 198 828 326 200 829 327 201 830 317 191 831 328 202 832 325 199 833 327 201 834 326 200 835 329 203 836 327 201 837 329 203 838 330 204 839 329 203 840 331 205 841 330 204 842 325 199 843 332 206 844 326 200 845 332 206 846 329 203 847 326 200 848 328 202 849 332 206 850 325 199 851 329 203 852 333 207 853 331 205 854 332 206 855 333 207 856 329 203 857 334 208 858 331 205 859 333 207 860 334 208 861 335 209 862 331 205 863 336 210 864 337 211 865 335 209 866 336 210 867 335 209 868 334 208 869 338 212 870 336 210 871 334 208 872 339 213 873 334 208 874 333 207 875 339 213 876 333 207 877 332 206 878 338 212 879 334 208 880 340 214 881 340 214 882 334 208 883 339 213 884 341 215 885 338 212 886 340 214 887 342 216 888 338 212 889 341 215 890 343 217 891 340 214 892 339 213 893 343 217 894 339 213 895 332 206 896 343 217 897 341 215 898 340 214 899 344 218 900 343 217 901 332 206 902 328 202 903 344 218 904 332 206 905 345 219 906 341 215 907 343 217 908 344 218 909 345 219 910 343 217 911 342 216 912 341 215 913 346 220 914 346 220 915 341 215 916 345 219 917 347 221 918 342 216 919 346 220 920 348 222 921 347 221 922 346 220 923 349 223 924 344 218 925 328 202 926 349 223 927 345 219 928 344 218 929 317 191 930 349 223 931 328 202 932 312 186 933 349 223 934 317 191 935 314 188 936 349 223 937 312 186 938 350 224 939 348 222 940 346 220 941 350 224 942 346 220 943 345 219 944 351 225 945 348 222 946 350 224 947 352 226 948 345 219 949 349 223 950 314 188 951 352 226 952 349 223 953 350 224 954 345 219 955 352 226 956 311 185 957 352 226 958 314 188 959 353 227 960 351 225 961 350 224 962 353 227 963 350 224 964 352 226 965 311 185 966 354 228 967 352 226 968 354 228 969 353 227 970 352 226 971 311 185 972 316 190 973 354 228 974 354 228 975 316 190 976 353 227 977 353 227 978 355 229 979 351 225 980 316 190 981 355 229 982 353 227 983 355 229 984 356 230 985 351 225 986 318 192 987 355 229 988 316 190 989 355 229 990 357 231 991 356 230 992 318 192 993 357 231 994 355 229 995 356 230 996 357 231 997 358 232 998 357 231 999 359 233 1000 358 232 1001 357 231 1002 360 234 1003 359 233 1004 318 192 1005 360 234 1006 357 231 1007 281 155 1008 359 233 1009 360 234 1010 283 157 1011 281 155 1012 360 234 1013 361 235 1014 360 234 1015 318 192 1016 361 235 1017 283 157 1018 360 234 1019 304 178 1020 361 235 1021 318 192 1022 361 235 1023 287 161 1024 283 157 1025 304 178 1026 290 164 1027 361 235 1028 361 235 1029 290 164 1030 287 161 1031 362 236 1032 363 237 1033 364 238 1034 362 236 1035 365 239 1036 363 237 1037 366 240 1038 365 239 1039 362 236 1040 363 237 1041 365 239 1042 367 241 1043 366 240 1044 368 242 1045 365 239 1046 369 243 1047 368 242 1048 366 240 1049 365 239 1050 370 244 1051 367 241 1052 365 239 1053 368 242 1054 370 244 1055 371 245 1056 368 242 1057 369 243 1058 371 245 1059 369 243 1060 372 246 1061 373 247 1062 370 244 1063 368 242 1064 371 245 1065 373 247 1066 368 242 1067 374 248 1068 372 246 1069 375 249 1070 376 250 1071 372 246 1072 374 248 1073 376 250 1074 371 245 1075 372 246 1076 377 251 1077 376 250 1078 374 248 1079 378 252 1080 373 247 1081 371 245 1082 378 252 1083 371 245 1084 376 250 1085 379 253 1086 376 250 1087 377 251 1088 379 253 1089 378 252 1090 376 250 1091 380 254 1092 379 253 1093 377 251 1094 378 252 1095 381 255 1096 373 247 1097 381 255 1098 370 244 1099 373 247 1100 379 253 1101 382 256 1102 378 252 1103 382 256 1104 381 255 1105 378 252 1106 380 254 1107 383 257 1108 379 253 1109 383 257 1110 382 256 1111 379 253 1112 384 258 1113 383 257 1114 380 254 1115 385 259 1116 384 258 1117 380 254 1118 385 259 1119 386 260 1120 384 258 1121 387 261 1122 382 256 1123 383 257 1124 384 258 1125 387 261 1126 383 257 1127 386 260 1128 388 262 1129 384 258 1130 384 258 1131 388 262 1132 387 261 1133 387 261 1134 389 263 1135 382 256 1136 382 256 1137 389 263 1138 381 255 1139 388 262 1140 390 264 1141 387 261 1142 387 261 1143 390 264 1144 389 263 1145 386 260 1146 391 265 1147 388 262 1148 386 260 1149 392 266 1150 391 265 1151 388 262 1152 393 267 1153 390 264 1154 388 262 1155 394 268 1156 393 267 1157 391 265 1158 394 268 1159 388 262 1160 393 267 1161 395 269 1162 390 264 1163 391 265 1164 396 270 1165 394 268 1166 395 269 1167 397 271 1168 390 264 1169 391 265 1170 392 266 1171 398 272 1172 391 265 1173 398 272 1174 396 270 1175 392 266 1176 399 273 1177 398 272 1178 397 271 1179 400 274 1180 390 264 1181 390 264 1182 400 274 1183 389 263 1184 397 271 1185 401 275 1186 400 274 1187 401 275 1188 402 276 1189 400 274 1190 400 274 1191 402 276 1192 389 263 1193 401 275 1194 403 277 1195 402 276 1196 389 263 1197 402 276 1198 404 278 1199 389 263 1200 404 278 1201 381 255 1202 403 277 1203 405 279 1204 402 276 1205 402 276 1206 405 279 1207 404 278 1208 403 277 1209 406 280 1210 407 281 1211 403 277 1212 407 281 1213 405 279 1214 407 281 1215 408 282 1216 405 279 1217 405 279 1218 409 283 1219 404 278 1220 405 279 1221 408 282 1222 409 283 1223 409 283 1224 410 284 1225 404 278 1226 409 283 1227 408 282 1228 410 284 1229 381 255 1230 404 278 1231 410 284 1232 410 284 1233 408 282 1234 411 285 1235 381 255 1236 410 284 1237 370 244 1238 367 241 1239 410 284 1240 411 285 1241 367 241 1242 370 244 1243 410 284 1244 398 272 1245 399 273 1246 412 286 1247 399 273 1248 413 287 1249 412 286 1250 398 272 1251 412 286 1252 414 288 1253 398 272 1254 414 288 1255 396 270 1256 396 270 1257 414 288 1258 415 289 1259 412 286 1260 413 287 1261 416 290 1262 412 286 1263 416 290 1264 414 288 1265 414 288 1266 417 291 1267 415 289 1268 414 288 1269 416 290 1270 417 291 1271 415 289 1272 417 291 1273 418 292 1274 413 287 1275 419 293 1276 416 290 1277 413 287 1278 420 294 1279 419 293 1280 416 290 1281 421 295 1282 417 291 1283 416 290 1284 419 293 1285 421 295 1286 417 291 1287 422 296 1288 418 292 1289 417 291 1290 421 295 1291 422 296 1292 418 292 1293 422 296 1294 423 297 1295 422 296 1296 424 298 1297 423 297 1298 423 297 1299 424 298 1300 425 299 1301 425 299 1302 426 300 1303 427 301 1304 424 298 1305 426 300 1306 425 299 1307 422 296 1308 428 302 1309 424 298 1310 424 298 1311 428 302 1312 426 300 1313 422 296 1314 421 295 1315 428 302 1316 426 300 1317 428 302 1318 429 303 1319 428 302 1320 430 304 1321 429 303 1322 428 302 1323 431 305 1324 430 304 1325 428 302 1326 421 295 1327 431 305 1328 430 304 1329 431 305 1330 432 306 1331 421 295 1332 433 307 1333 431 305 1334 419 293 1335 433 307 1336 421 295 1337 432 306 1338 431 305 1339 434 308 1340 433 307 1341 434 308 1342 431 305 1343 432 306 1344 434 308 1345 435 309 1346 419 293 1347 436 310 1348 433 307 1349 436 310 1350 434 308 1351 433 307 1352 419 293 1353 420 294 1354 436 310 1355 434 308 1356 437 311 1357 435 309 1358 436 310 1359 437 311 1360 434 308 1361 420 294 1362 438 312 1363 436 310 1364 438 312 1365 437 311 1366 436 310 1367 420 294 1368 439 313 1369 438 312 1370 439 313 1371 440 314 1372 438 312 1373 440 314 1374 441 315 1375 438 312 1376 438 312 1377 441 315 1378 437 311 1379 440 314 1380 442 316 1381 441 315 1382 442 316 1383 443 317 1384 441 315 1385 441 315 1386 444 318 1387 437 311 1388 443 317 1389 444 318 1390 441 315 1391 444 318 1392 435 309 1393 437 311 1394 443 317 1395 445 319 1396 444 318 1397 444 318 1398 446 320 1399 435 309 1400 444 318 1401 445 319 1402 446 320 1403 445 319 1404 447 321 1405 446 320 1406 448 322 1407 449 323 1408 450 324 1409 451 325 1410 448 322 1411 450 324 1412 452 326 1413 448 322 1414 451 325 1415 451 325 1416 450 324 1417 453 327 1418 454 328 1419 452 326 1420 451 325 1421 455 329 1422 452 326 1423 454 328 1424 451 325 1425 453 327 1426 456 330 1427 454 328 1428 451 325 1429 456 330 1430 457 331 1431 455 329 1432 454 328 1433 458 332 1434 455 329 1435 457 331 1436 459 333 1437 454 328 1438 456 330 1439 457 331 1440 454 328 1441 459 333 1442 460 334 1443 461 335 1444 458 332 1445 460 334 1446 458 332 1447 462 336 1448 462 336 1449 458 332 1450 457 331 1451 463 337 1452 460 334 1453 462 336 1454 464 338 1455 457 331 1456 459 333 1457 462 336 1458 457 331 1459 464 338 1460 463 337 1461 462 336 1462 465 339 1463 465 339 1464 462 336 1465 464 338 1466 466 340 1467 463 337 1468 465 339 1469 464 338 1470 459 333 1471 467 341 1472 459 333 1473 456 330 1474 467 341 1475 465 339 1476 464 338 1477 468 342 1478 468 342 1479 464 338 1480 467 341 1481 466 340 1482 465 339 1483 469 343 1484 469 343 1485 465 339 1486 468 342 1487 470 344 1488 466 340 1489 469 343 1490 471 345 1491 466 340 1492 470 344 1493 471 345 1494 470 344 1495 472 346 1496 469 343 1497 468 342 1498 473 347 1499 470 344 1500 469 343 1501 473 347 1502 470 344 1503 474 348 1504 472 346 1505 470 344 1506 473 347 1507 474 348 1508 473 347 1509 468 342 1510 475 349 1511 468 342 1512 467 341 1513 475 349 1514 473 347 1515 476 350 1516 474 348 1517 473 347 1518 475 349 1519 476 350 1520 472 346 1521 474 348 1522 477 351 1523 472 346 1524 477 351 1525 478 352 1526 474 348 1527 479 353 1528 477 351 1529 474 348 1530 480 354 1531 479 353 1532 474 348 1533 476 350 1534 480 354 1535 477 351 1536 479 353 1537 481 355 1538 480 354 1539 476 350 1540 482 356 1541 482 356 1542 476 350 1543 483 357 1544 477 351 1545 484 358 1546 478 352 1547 477 351 1548 481 355 1549 484 358 1550 478 352 1551 484 358 1552 485 359 1553 476 350 1554 486 360 1555 483 357 1556 476 350 1557 475 349 1558 486 360 1559 483 357 1560 486 360 1561 487 361 1562 486 360 1563 488 362 1564 487 361 1565 475 349 1566 488 362 1567 486 360 1568 487 361 1569 488 362 1570 489 363 1571 475 349 1572 490 364 1573 488 362 1574 467 341 1575 490 364 1576 475 349 1577 488 362 1578 491 365 1579 489 363 1580 490 364 1581 491 365 1582 488 362 1583 489 363 1584 492 366 1585 493 367 1586 489 363 1587 491 365 1588 492 366 1589 491 365 1590 494 368 1591 492 366 1592 490 364 1593 495 369 1594 491 365 1595 491 365 1596 495 369 1597 494 368 1598 467 341 1599 496 370 1600 490 364 1601 490 364 1602 496 370 1603 495 369 1604 495 369 1605 496 370 1606 494 368 1607 467 341 1608 456 330 1609 496 370 1610 497 371 1611 494 368 1612 496 370 1613 453 327 1614 496 370 1615 456 330 1616 453 327 1617 497 371 1618 496 370 1619 484 358 1620 498 372 1621 485 359 1622 485 359 1623 498 372 1624 499 373 1625 484 358 1626 500 374 1627 498 372 1628 484 358 1629 481 355 1630 500 374 1631 481 355 1632 501 375 1633 500 374 1634 498 372 1635 502 376 1636 499 373 1637 500 374 1638 502 376 1639 498 372 1640 500 374 1641 501 375 1642 503 377 1643 500 374 1644 503 377 1645 502 376 1646 501 375 1647 504 378 1648 503 377 1649 499 373 1650 502 376 1651 505 379 1652 499 373 1653 505 379 1654 506 380 1655 502 376 1656 503 377 1657 507 381 1658 502 376 1659 507 381 1660 505 379 1661 504 378 1662 508 382 1663 503 377 1664 508 382 1665 507 381 1666 503 377 1667 504 378 1668 509 383 1669 508 382 1670 509 383 1671 510 384 1672 508 382 1673 509 383 1674 511 385 1675 510 384 1676 511 385 1677 512 386 1678 513 387 1679 511 385 1680 513 387 1681 510 384 1682 508 382 1683 510 384 1684 514 388 1685 510 384 1686 513 387 1687 514 388 1688 508 382 1689 514 388 1690 507 381 1691 513 387 1692 515 389 1693 514 388 1694 515 389 1695 516 390 1696 514 388 1697 514 388 1698 516 390 1699 517 391 1700 514 388 1701 517 391 1702 507 381 1703 516 390 1704 518 392 1705 517 391 1706 517 391 1707 519 393 1708 507 381 1709 507 381 1710 519 393 1711 505 379 1712 517 391 1713 518 392 1714 520 394 1715 517 391 1716 520 394 1717 519 393 1718 518 392 1719 521 395 1720 520 394 1721 519 393 1722 522 396 1723 505 379 1724 519 393 1725 520 394 1726 522 396 1727 505 379 1728 522 396 1729 506 380 1730 520 394 1731 521 395 1732 523 397 1733 520 394 1734 523 397 1735 522 396 1736 522 396 1737 524 398 1738 506 380 1739 522 396 1740 523 397 1741 524 398 1742 506 380 1743 524 398 1744 525 399 1745 524 398 1746 526 400 1747 525 399 1748 524 398 1749 527 401 1750 526 400 1751 523 397 1752 527 401 1753 524 398 1754 527 401 1755 528 402 1756 526 400 1757 527 401 1758 529 403 1759 528 402 1760 523 397 1761 530 404 1762 527 401 1763 530 404 1764 529 403 1765 527 401 1766 521 395 1767 530 404 1768 523 397 1769 530 404 1770 531 405 1771 529 403 1772 521 395 1773 532 406 1774 530 404 1775 530 404 1776 532 406 1777 531 405 1778 532 406 1779 533 407 1780 531 405 1781 534 408 1782 535 409 1783 536 410 1784 534 408 1785 536 410 1786 537 411 1787 538 412 1788 534 408 1789 537 411 1790 537 411 1791 536 410 1792 539 413 1793 538 412 1794 537 411 1795 540 414 1796 541 415 1797 538 412 1798 540 414 1799 537 411 1800 539 413 1801 542 416 1802 540 414 1803 537 411 1804 542 416 1805 542 416 1806 539 413 1807 543 417 1808 541 415 1809 540 414 1810 544 418 1811 545 419 1812 541 415 1813 544 418 1814 540 414 1815 542 416 1816 546 420 1817 544 418 1818 540 414 1819 546 420 1820 542 416 1821 543 417 1822 547 421 1823 546 420 1824 542 416 1825 547 421 1826 547 421 1827 543 417 1828 548 422 1829 545 419 1830 544 418 1831 549 423 1832 550 424 1833 545 419 1834 549 423 1835 550 424 1836 549 423 1837 551 425 1838 544 418 1839 546 420 1840 552 426 1841 549 423 1842 544 418 1843 552 426 1844 549 423 1845 553 427 1846 551 425 1847 549 423 1848 552 426 1849 553 427 1850 551 425 1851 553 427 1852 554 428 1853 552 426 1854 546 420 1855 555 429 1856 546 420 1857 547 421 1858 555 429 1859 552 426 1860 556 430 1861 553 427 1862 552 426 1863 555 429 1864 556 430 1865 553 427 1866 557 431 1867 554 428 1868 553 427 1869 556 430 1870 557 431 1871 554 428 1872 557 431 1873 558 432 1874 555 429 1875 547 421 1876 559 433 1877 547 421 1878 548 422 1879 559 433 1880 559 433 1881 548 422 1882 560 434 1883 555 429 1884 559 433 1885 561 435 1886 555 429 1887 561 435 1888 556 430 1889 559 433 1890 560 434 1891 562 436 1892 559 433 1893 562 436 1894 561 435 1895 560 434 1896 563 437 1897 562 436 1898 556 430 1899 561 435 1900 564 438 1901 556 430 1902 564 438 1903 557 431 1904 561 435 1905 562 436 1906 565 439 1907 561 435 1908 565 439 1909 564 438 1910 562 436 1911 563 437 1912 566 440 1913 562 436 1914 566 440 1915 565 439 1916 563 437 1917 567 441 1918 566 440 1919 557 431 1920 564 438 1921 568 442 1922 557 431 1923 568 442 1924 558 432 1925 558 432 1926 568 442 1927 569 443 1928 564 438 1929 570 444 1930 568 442 1931 564 438 1932 565 439 1933 570 444 1934 568 442 1935 571 445 1936 569 443 1937 568 442 1938 570 444 1939 571 445 1940 569 443 1941 571 445 1942 572 446 1943 565 439 1944 573 447 1945 570 444 1946 565 439 1947 566 440 1948 573 447 1949 570 444 1950 574 448 1951 571 445 1952 570 444 1953 573 447 1954 574 448 1955 571 445 1956 575 449 1957 572 446 1958 571 445 1959 574 448 1960 575 449 1961 572 446 1962 575 449 1963 576 450 1964 566 440 1965 577 451 1966 573 447 1967 566 440 1968 567 441 1969 577 451 1970 567 441 1971 578 452 1972 577 451 1973 573 447 1974 577 451 1975 579 453 1976 573 447 1977 579 453 1978 574 448 1979 577 451 1980 578 452 1981 580 454 1982 577 451 1983 580 454 1984 579 453 1985 578 452 1986 581 455 1987 580 454 1988 574 448 1989 579 453 1990 582 456 1991 574 448 1992 582 456 1993 575 449 1994 579 453 1995 580 454 1996 583 457 1997 579 453 1998 583 457 1999 582 456 2000 580 454 2001 581 455 2002 584 458 2003 580 454 2004 584 458 2005 583 457 2006 581 455 2007 585 459 2008 584 458 2009 575 449 2010 582 456 2011 586 460 2012 575 449 2013 586 460 2014 576 450 2015 576 450 2016 586 460 2017 587 461 2018 582 456 2019 588 462 2020 586 460 2021 582 456 2022 583 457 2023 588 462 2024 586 460 2025 589 463 2026 587 461 2027 586 460 2028 588 462 2029 589 463 2030 587 461 2031 589 463 2032 590 464 2033 583 457 2034 591 465 2035 588 462 2036 583 457 2037 584 458 2038 591 465 2039 588 462 2040 592 466 2041 589 463 2042 588 462 2043 591 465 2044 592 466 2045 589 463 2046 593 467 2047 590 464 2048 589 463 2049 592 466 2050 593 467 2051 590 464 2052 593 467 2053 594 468 2054 584 458 2055 595 469 2056 591 465 2057 584 458 2058 585 459 2059 595 469 2060 585 459 2061 596 470 2062 595 469 2063 591 465 2064 595 469 2065 597 471 2066 591 465 2067 597 471 2068 592 466 2069 595 469 2070 596 470 2071 598 472 2072 595 469 2073 598 472 2074 597 471 2075 596 470 2076 599 473 2077 598 472 2078 592 466 2079 597 471 2080 600 474 2081 592 466 2082 600 474 2083 593 467 2084 597 471 2085 598 472 2086 601 475 2087 597 471 2088 601 475 2089 600 474 2090 598 472 2091 599 473 2092 602 476 2093 598 472 2094 602 476 2095 601 475 2096 599 473 2097 603 477 2098 602 476 2099 593 467 2100 600 474 2101 604 478 2102 593 467 2103 604 478 2104 594 468 2105 594 468 2106 604 478 2107 605 479 2108 600 474 2109 606 480 2110 604 478 2111 600 474 2112 601 475 2113 606 480 2114 604 478 2115 607 481 2116 605 479 2117 604 478 2118 606 480 2119 607 481 2120 605 479 2121 607 481 2122 608 482 2123 601 475 2124 609 483 2125 606 480 2126 601 475 2127 602 476 2128 609 483 2129 606 480 2130 610 484 2131 607 481 2132 606 480 2133 609 483 2134 610 484 2135 607 481 2136 611 485 2137 608 482 2138 607 481 2139 610 484 2140 611 485 2141 608 482 2142 611 485 2143 612 486 2144 602 476 2145 613 487 2146 609 483 2147 602 476 2148 603 477 2149 613 487 2150 603 477 2151 614 488 2152 613 487 2153 609 483 2154 613 487 2155 615 489 2156 609 483 2157 615 489 2158 610 484 2159 613 487 2160 614 488 2161 616 490 2162 613 487 2163 616 490 2164 615 489 2165 614 488 2166 617 491 2167 616 490 2168 610 484 2169 615 489 2170 618 492 2171 610 484 2172 618 492 2173 611 485 2174 615 489 2175 616 490 2176 619 493 2177 615 489 2178 619 493 2179 618 492 2180 616 490 2181 617 491 2182 620 494 2183 616 490 2184 620 494 2185 619 493 2186 617 491 2187 621 495 2188 620 494 2189 620 494 2190 621 495 2191 622 496 2192 620 494 2193 622 496 2194 623 497 2195 619 493 2196 620 494 2197 623 497 2198 623 497 2199 622 496 2200 624 498 2201 619 493 2202 623 497 2203 625 499 2204 618 492 2205 619 493 2206 625 499 2207 623 497 2208 624 498 2209 626 500 2210 625 499 2211 623 497 2212 626 500 2213 626 500 2214 624 498 2215 627 501 2216 618 492 2217 625 499 2218 628 502 2219 611 485 2220 618 492 2221 628 502 2222 611 485 2223 628 502 2224 612 486 2225 612 486 2226 628 502 2227 629 503 2228 628 502 2229 625 499 2230 630 504 2231 628 502 2232 630 504 2233 629 503 2234 625 499 2235 626 500 2236 630 504 2237 629 503 2238 630 504 2239 631 505 2240 630 504 2241 626 500 2242 632 506 2243 630 504 2244 632 506 2245 631 505 2246 626 500 2247 627 501 2248 632 506 2249 631 505 2250 632 506 2251 633 507 2252 632 506 2253 627 501 2254 634 508 2255 632 506 2256 634 508 2257 633 507 2258 633 507 2259 634 508 2260 635 509 2261 636 510 2262 637 511 2263 638 512 2264 637 511 2265 639 513 2266 638 512 2267 638 512 2268 639 513 2269 640 514 2270 637 511 2271 641 515 2272 639 513 2273 639 513 2274 642 516 2275 640 514 2276 640 514 2277 642 516 2278 643 517 2279 641 515 2280 644 518 2281 639 513 2282 639 513 2283 644 518 2284 642 516 2285 641 515 2286 645 519 2287 644 518 2288 641 515 2289 646 520 2290 645 519 2291 644 518 2292 647 521 2293 642 516 2294 646 520 2295 648 522 2296 645 519 2297 646 520 2298 649 523 2299 648 522 2300 649 523 2301 650 524 2302 648 522 2303 645 519 2304 651 525 2305 644 518 2306 644 518 2307 651 525 2308 647 521 2309 648 522 2310 650 524 2311 652 526 2312 650 524 2313 653 527 2314 652 526 2315 645 519 2316 648 522 2317 654 528 2318 648 522 2319 652 526 2320 654 528 2321 645 519 2322 654 528 2323 651 525 2324 652 526 2325 653 527 2326 655 529 2327 651 525 2328 656 530 2329 647 521 2330 642 516 2331 647 521 2332 656 530 2333 652 526 2334 655 529 2335 657 531 2336 652 526 2337 657 531 2338 654 528 2339 653 527 2340 658 532 2341 655 529 2342 653 527 2343 659 533 2344 658 532 2345 659 533 2346 660 534 2347 658 532 2348 657 531 2349 655 529 2350 661 535 2351 655 529 2352 658 532 2353 661 535 2354 658 532 2355 660 534 2356 662 536 2357 660 534 2358 663 537 2359 662 536 2360 658 532 2361 664 538 2362 661 535 2363 658 532 2364 662 536 2365 664 538 2366 657 531 2367 661 535 2368 665 539 2369 654 528 2370 657 531 2371 665 539 2372 661 535 2373 664 538 2374 666 540 2375 665 539 2376 661 535 2377 666 540 2378 654 528 2379 665 539 2380 667 541 2381 668 542 2382 654 528 2383 667 541 2384 651 525 2385 654 528 2386 668 542 2387 651 525 2388 668 542 2389 656 530 2390 667 541 2391 665 539 2392 669 543 2393 668 542 2394 667 541 2395 669 543 2396 669 543 2397 665 539 2398 670 544 2399 665 539 2400 666 540 2401 670 544 2402 668 542 2403 669 543 2404 671 545 2405 656 530 2406 668 542 2407 671 545 2408 669 543 2409 670 544 2410 672 546 2411 669 543 2412 672 546 2413 671 545 2414 670 544 2415 666 540 2416 673 547 2417 670 544 2418 674 548 2419 672 546 2420 666 540 2421 675 549 2422 673 547 2423 670 544 2424 676 550 2425 674 548 2426 670 544 2427 673 547 2428 676 550 2429 666 540 2430 677 551 2431 675 549 2432 666 540 2433 664 538 2434 677 551 2435 673 547 2436 675 549 2437 678 552 2438 673 547 2439 678 552 2440 676 550 2441 675 549 2442 677 551 2443 679 553 2444 675 549 2445 679 553 2446 678 552 2447 677 551 2448 664 538 2449 680 554 2450 677 551 2451 680 554 2452 679 553 2453 664 538 2454 681 555 2455 680 554 2456 662 536 2457 681 555 2458 664 538 2459 679 553 2460 680 554 2461 682 556 2462 662 536 2463 683 557 2464 681 555 2465 663 537 2466 683 557 2467 662 536 2468 680 554 2469 681 555 2470 684 558 2471 680 554 2472 684 558 2473 682 556 2474 681 555 2475 683 557 2476 685 559 2477 681 555 2478 685 559 2479 684 558 2480 663 537 2481 686 560 2482 683 557 2483 663 537 2484 687 561 2485 686 560 2486 683 557 2487 688 562 2488 685 559 2489 684 558 2490 685 559 2491 688 562 2492 683 557 2493 686 560 2494 688 562 2495 684 558 2496 688 562 2497 689 563 2498 684 558 2499 689 563 2500 682 556 2501 688 562 2502 686 560 2503 690 564 2504 688 562 2505 690 564 2506 689 563 2507 687 561 2508 691 565 2509 686 560 2510 691 565 2511 690 564 2512 686 560 2513 687 561 2514 692 566 2515 691 565 2516 692 566 2517 693 567 2518 691 565 2519 689 563 2520 690 564 2521 694 568 2522 693 567 2523 695 569 2524 691 565 2525 689 563 2526 694 568 2527 696 570 2528 689 563 2529 696 570 2530 682 556 2531 693 567 2532 697 571 2533 695 569 2534 693 567 2535 698 572 2536 697 571 2537 695 569 2538 699 573 2539 691 565 2540 691 565 2541 699 573 2542 690 564 2543 695 569 2544 697 571 2545 700 574 2546 695 569 2547 700 574 2548 699 573 2549 698 572 2550 701 575 2551 697 571 2552 698 572 2553 702 576 2554 701 575 2555 702 576 2556 703 577 2557 701 575 2558 697 571 2559 704 578 2560 700 574 2561 697 571 2562 701 575 2563 704 578 2564 701 575 2565 703 577 2566 705 579 2567 701 575 2568 705 579 2569 704 578 2570 703 577 2571 706 580 2572 705 579 2573 700 574 2574 704 578 2575 707 581 2576 699 573 2577 700 574 2578 707 581 2579 705 579 2580 706 580 2581 708 582 2582 690 564 2583 699 573 2584 709 583 2585 699 573 2586 707 581 2587 709 583 2588 690 564 2589 709 583 2590 694 568 2591 704 578 2592 705 579 2593 710 584 2594 705 579 2595 708 582 2596 710 584 2597 694 568 2598 709 583 2599 711 585 2600 694 568 2601 711 585 2602 696 570 2603 709 583 2604 712 586 2605 711 585 2606 711 585 2607 713 587 2608 696 570 2609 711 585 2610 712 586 2611 713 587 2612 709 583 2613 714 588 2614 712 586 2615 709 583 2616 707 581 2617 714 588 2618 712 586 2619 715 589 2620 713 587 2621 712 586 2622 714 588 2623 715 589 2624 696 570 2625 713 587 2626 716 590 2627 682 556 2628 696 570 2629 716 590 2630 713 587 2631 715 589 2632 717 591 2633 682 556 2634 716 590 2635 718 592 2636 713 587 2637 719 593 2638 716 590 2639 713 587 2640 717 591 2641 719 593 2642 718 592 2643 716 590 2644 720 594 2645 720 594 2646 716 590 2647 719 593 2648 721 595 2649 682 556 2650 718 592 2651 679 553 2652 682 556 2653 721 595 2654 679 553 2655 721 595 2656 678 552 2657 718 592 2658 720 594 2659 722 596 2660 721 595 2661 718 592 2662 723 597 2663 723 597 2664 718 592 2665 722 596 2666 724 598 2667 722 596 2668 720 594 2669 723 597 2670 722 596 2671 724 598 2672 724 598 2673 720 594 2674 725 599 2675 720 594 2676 719 593 2677 725 599 2678 726 600 2679 723 597 2680 724 598 2681 725 599 2682 719 593 2683 727 601 2684 719 593 2685 728 602 2686 727 601 2687 719 593 2688 717 591 2689 728 602 2690 717 591 2691 729 603 2692 728 602 2693 730 604 2694 723 597 2695 726 600 2696 721 595 2697 723 597 2698 730 604 2699 730 604 2700 726 600 2701 731 605 2702 678 552 2703 721 595 2704 730 604 2705 732 606 2706 730 604 2707 731 605 2708 678 552 2709 730 604 2710 733 607 2711 733 607 2712 730 604 2713 732 606 2714 676 550 2715 678 552 2716 733 607 2717 734 608 2718 733 607 2719 732 606 2720 676 550 2721 733 607 2722 735 609 2723 735 609 2724 733 607 2725 734 608 2726 674 548 2727 676 550 2728 735 609 2729 735 609 2730 734 608 2731 736 610 2732 674 548 2733 735 609 2734 736 610 2735 734 608 2736 737 611 2737 736 610 2738 672 546 2739 674 548 2740 736 610 2741 736 610 2742 737 611 2743 738 612 2744 672 546 2745 736 610 2746 739 613 2747 740 614 2748 736 610 2749 738 612 2750 739 613 2751 736 610 2752 740 614 2753 740 614 2754 738 612 2755 741 615 2756 672 546 2757 739 613 2758 671 545 2759 742 616 2760 740 614 2761 741 615 2762 739 613 2763 740 614 2764 742 616 2765 671 545 2766 739 613 2767 743 617 2768 739 613 2769 742 616 2770 743 617 2771 744 618 2772 742 616 2773 741 615 2774 743 617 2775 742 616 2776 744 618 2777 744 618 2778 741 615 2779 745 619 2780 746 620 2781 744 618 2782 745 619 2783 747 621 2784 744 618 2785 746 620 2786 748 622 2787 744 618 2788 747 621 2789 749 623 2790 743 617 2791 744 618 2792 748 622 2793 749 623 2794 744 618 2795 750 624 2796 671 545 2797 743 617 2798 750 624 2799 743 617 2800 749 623 2801 656 530 2802 671 545 2803 750 624 2804 751 625 2805 749 623 2806 748 622 2807 750 624 2808 749 623 2809 751 625 2810 752 626 2811 751 625 2812 748 622 2813 656 530 2814 750 624 2815 753 627 2816 753 627 2817 750 624 2818 751 625 2819 753 627 2820 751 625 2821 752 626 2822 642 516 2823 656 530 2824 753 627 2825 643 517 2826 753 627 2827 752 626 2828 642 516 2829 753 627 2830 643 517 2831 754 628 2832 755 629 2833 756 630 2834 757 631 2835 754 628 2836 756 630 2837 706 580 2838 754 628 2839 757 631 2840 757 631 2841 756 630 2842 758 632 2843 708 582 2844 706 580 2845 757 631 2846 759 633 2847 757 631 2848 758 632 2849 708 582 2850 757 631 2851 759 633 2852 759 633 2853 758 632 2854 760 634 2855 708 582 2856 759 633 2857 761 635 2858 710 584 2859 708 582 2860 761 635 2861 762 636 2862 759 633 2863 760 634 2864 762 636 2865 760 634 2866 763 637 2867 764 638 2868 761 635 2869 759 633 2870 710 584 2871 761 635 2872 764 638 2873 764 638 2874 759 633 2875 762 636 2876 762 636 2877 763 637 2878 765 639 2879 765 639 2880 763 637 2881 766 640 2882 764 638 2883 762 636 2884 767 641 2885 767 641 2886 762 636 2887 765 639 2888 768 642 2889 710 584 2890 764 638 2891 704 578 2892 710 584 2893 768 642 2894 764 638 2895 767 641 2896 769 643 2897 768 642 2898 764 638 2899 769 643 2900 770 644 2901 704 578 2902 768 642 2903 707 581 2904 704 578 2905 770 644 2906 770 644 2907 768 642 2908 771 645 2909 707 581 2910 770 644 2911 771 645 2912 771 645 2913 768 642 2914 769 643 2915 707 581 2916 771 645 2917 714 588 2918 771 645 2919 769 643 2920 772 646 2921 771 645 2922 772 646 2923 714 588 2924 767 641 2925 773 647 2926 769 643 2927 714 588 2928 772 646 2929 774 648 2930 715 589 2931 714 588 2932 774 648 2933 772 646 2934 769 643 2935 775 649 2936 769 643 2937 773 647 2938 775 649 2939 715 589 2940 774 648 2941 776 650 2942 715 589 2943 776 650 2944 717 591 2945 717 591 2946 776 650 2947 729 603 2948 772 646 2949 777 651 2950 774 648 2951 776 650 2952 774 648 2953 777 651 2954 776 650 2955 777 651 2956 729 603 2957 772 646 2958 775 649 2959 777 651 2960 729 603 2961 777 651 2962 778 652 2963 777 651 2964 779 653 2965 778 652 2966 777 651 2967 780 654 2968 779 653 2969 777 651 2970 775 649 2971 780 654 2972 779 653 2973 780 654 2974 781 655 2975 780 654 2976 775 649 2977 782 656 2978 780 654 2979 782 656 2980 781 655 2981 773 647 2982 782 656 2983 775 649 2984 781 655 2985 782 656 2986 783 657 2987 773 647 2988 783 657 2989 782 656 2990 781 655 2991 783 657 2992 784 658 2993 783 657 2994 785 659 2995 784 658 2996 783 657 2997 786 660 2998 785 659 2999 766 640 3000 786 660 3001 783 657 3002 787 661 3003 783 657 3004 773 647 3005 787 661 3006 766 640 3007 783 657 3008 767 641 3009 787 661 3010 773 647 3011 765 639 3012 766 640 3013 787 661 3014 767 641 3015 765 639 3016 787 661 3017 788 662 3018 789 662 3019 790 662 3020 788 662 3021 790 662 3022 791 662 3023 792 663 3024 788 662 3025 791 662 3026 792 663 3027 791 662 3028 793 662 3029 794 662 3030 792 663 3031 793 662 3032 794 662 3033 795 664 3034 792 663 3035 795 664 3036 796 665 3037 792 663 3038 792 663 3039 796 665 3040 797 666 3041 792 663 3042 798 667 3043 788 662 3044 792 663 3045 797 666 3046 798 667 3047 797 666 3048 799 668 3049 798 667 3050 798 667 3051 800 662 3052 788 662 3053 798 667 3054 799 668 3055 801 669 3056 798 667 3057 802 670 3058 800 662 3059 798 667 3060 801 669 3061 802 670 3062 802 670 3063 803 671 3064 800 662 3065 801 669 3066 803 671 3067 802 670 3068 800 662 3069 803 671 3070 804 662 3071 801 669 3072 805 672 3073 803 671 3074 803 671 3075 806 673 3076 804 662 3077 803 671 3078 805 672 3079 806 673 3080 804 662 3081 806 673 3082 807 674 3083 805 672 3084 808 675 3085 806 673 3086 806 673 3087 808 675 3088 809 676 3089 806 673 3090 809 676 3091 807 674 3092 808 675 3093 810 677 3094 809 676 3095 809 676 3096 810 677 3097 811 678 3098 807 674 3099 809 676 3100 812 679 3101 809 676 3102 811 678 3103 812 679 3104 812 679 3105 811 678 3106 813 680 3107 807 674 3108 812 679 3109 814 681 3110 812 679 3111 813 680 3112 815 682 3113 812 679 3114 815 682 3115 814 681 3116 813 680 3117 816 683 3118 815 682 3119 815 682 3120 816 683 3121 817 684 3122 815 682 3123 817 684 3124 818 685 3125 817 684 3126 819 686 3127 818 685 3128 818 685 3129 819 686 3130 820 687 3131 818 685 3132 820 687 3133 821 688 3134 815 682 3135 818 685 3136 821 688 3137 821 688 3138 820 687 3139 822 689 3140 821 688 3141 822 689 3142 823 690 3143 815 682 3144 821 688 3145 824 691 3146 824 691 3147 821 688 3148 823 690 3149 814 681 3150 815 682 3151 824 691 3152 824 691 3153 823 690 3154 825 692 3155 814 681 3156 824 691 3157 826 693 3158 826 693 3159 824 691 3160 825 692 3161 814 681 3162 826 693 3163 827 694 3164 826 693 3165 825 692 3166 828 695 3167 826 693 3168 829 696 3169 827 694 3170 826 693 3171 828 695 3172 829 696 3173 830 662 3174 831 662 3175 832 662 3176 830 662 3177 833 662 3178 831 662 3179 834 697 3180 833 662 3181 830 662 3182 834 697 3183 835 662 3184 833 662 3185 836 662 3186 835 662 3187 834 697 3188 836 662 3189 834 697 3190 837 698 3191 834 697 3192 838 699 3193 837 698 3194 834 697 3195 839 700 3196 838 699 3197 834 697 3198 830 662 3199 840 701 3200 834 697 3201 840 701 3202 839 700 3203 839 700 3204 840 701 3205 841 702 3206 830 662 3207 842 662 3208 840 701 3209 840 701 3210 843 703 3211 841 702 3212 840 701 3213 842 662 3214 844 704 3215 840 701 3216 844 704 3217 843 703 3218 842 662 3219 845 705 3220 844 704 3221 843 703 3222 844 704 3223 845 705 3224 842 662 3225 846 662 3226 845 705 3227 843 703 3228 845 705 3229 847 706 3230 846 662 3231 848 707 3232 845 705 3233 845 705 3234 848 707 3235 847 706 3236 846 662 3237 849 674 3238 848 707 3239 847 706 3240 848 707 3241 850 708 3242 848 707 3243 851 709 3244 850 708 3245 848 707 3246 849 674 3247 851 709 3248 850 708 3249 851 709 3250 852 710 3251 851 709 3252 853 711 3253 852 710 3254 849 674 3255 854 712 3256 851 709 3257 851 709 3258 854 712 3259 853 711 3260 854 712 3261 855 713 3262 853 711 3263 849 674 3264 856 714 3265 854 712 3266 854 712 3267 857 715 3268 855 713 3269 854 712 3270 856 714 3271 857 715 3272 855 713 3273 857 715 3274 858 716 3275 857 715 3276 859 717 3277 858 716 3278 857 715 3279 860 718 3280 859 717 3281 860 718 3282 861 719 3283 859 717 3284 860 718 3285 862 720 3286 861 719 3287 860 718 3288 863 721 3289 862 720 3290 857 715 3291 863 721 3292 860 718 3293 863 721 3294 864 722 3295 862 720 3296 863 721 3297 865 723 3298 864 722 3299 857 715 3300 866 724 3301 863 721 3302 866 724 3303 865 723 3304 863 721 3305 856 714 3306 866 724 3307 857 715 3308 866 724 3309 867 725 3310 865 723 3311 856 714 3312 868 726 3313 866 724 3314 868 726 3315 867 725 3316 866 724 3317 856 714 3318 869 727 3319 868 726 3320 868 726 3321 870 728 3322 867 725 3323 869 727 3324 871 729 3325 868 726 3326 868 726 3327 871 729 3328 870 728 3329 872 28 3330 873 28 3331 874 730 3332 875 731 3333 872 28 3334 874 730 3335 876 28 3336 872 28 3337 875 731 3338 875 731 3339 874 730 3340 877 732 3341 877 732 3342 874 730 3343 878 733 3344 877 732 3345 878 733 3346 879 734 3347 877 732 3348 879 734 3349 880 735 3350 881 736 3351 877 732 3352 880 735 3353 881 736 3354 875 731 3355 877 732 3356 881 736 3357 880 735 3358 882 737 3359 883 738 3360 876 28 3361 875 731 3362 883 738 3363 875 731 3364 881 736 3365 884 28 3366 876 28 3367 883 738 3368 885 739 3369 881 736 3370 882 737 3371 885 739 3372 883 738 3373 881 736 3374 885 739 3375 882 737 3376 886 740 3377 887 741 3378 884 28 3379 883 738 3380 887 741 3381 883 738 3382 885 739 3383 888 28 3384 884 28 3385 887 741 3386 889 742 3387 885 739 3388 886 740 3389 889 742 3390 887 741 3391 885 739 3392 889 742 3393 886 740 3394 890 743 3395 891 744 3396 888 28 3397 887 741 3398 891 744 3399 887 741 3400 889 742 3401 892 28 3402 888 28 3403 891 744 3404 893 745 3405 889 742 3406 890 743 3407 891 744 3408 889 742 3409 893 745 3410 893 745 3411 890 743 3412 894 746 3413 892 28 3414 891 744 3415 895 747 3416 895 747 3417 891 744 3418 893 745 3419 892 28 3420 895 747 3421 896 28 3422 893 745 3423 894 746 3424 897 748 3425 895 747 3426 893 745 3427 897 748 3428 897 748 3429 894 746 3430 898 749 3431 895 747 3432 899 750 3433 896 28 3434 895 747 3435 897 748 3436 899 750 3437 896 28 3438 899 750 3439 900 28 3440 897 748 3441 898 749 3442 901 751 3443 897 748 3444 901 751 3445 899 750 3446 901 751 3447 898 749 3448 902 752 3449 899 750 3450 903 753 3451 900 28 3452 899 750 3453 901 751 3454 903 753 3455 900 28 3456 903 753 3457 904 28 3458 901 751 3459 902 752 3460 905 754 3461 901 751 3462 905 754 3463 903 753 3464 905 754 3465 902 752 3466 906 755 3467 903 753 3468 907 756 3469 904 28 3470 903 753 3471 905 754 3472 907 756 3473 904 28 3474 907 756 3475 908 28 3476 905 754 3477 906 755 3478 909 757 3479 905 754 3480 909 757 3481 907 756 3482 909 757 3483 906 755 3484 910 758 3485 907 756 3486 911 759 3487 908 28 3488 907 756 3489 909 757 3490 911 759 3491 908 28 3492 911 759 3493 912 28 3494 911 759 3495 913 760 3496 912 28 3497 911 759 3498 914 761 3499 913 760 3500 909 757 3501 914 761 3502 911 759 3503 909 757 3504 910 758 3505 914 761 3506 914 761 3507 910 758 3508 915 762 3509 916 763 3510 917 764 3511 918 765 3512 919 766 3513 917 764 3514 916 763 3515 919 766 3516 920 767 3517 917 764 3518 921 768 3519 919 766 3520 916 763 3521 921 768 3522 916 763 3523 922 769 3524 923 770 3525 920 767 3526 919 766 3527 921 768 3528 923 770 3529 919 766 3530 923 770 3531 924 771 3532 920 767 3533 924 771 3534 925 772 3535 920 767 3536 926 773 3537 923 770 3538 921 768 3539 924 771 3540 927 774 3541 925 772 3542 925 772 3543 927 774 3544 928 775 3545 927 774 3546 929 776 3547 928 775 3548 930 777 3549 924 771 3550 923 770 3551 926 773 3552 930 777 3553 923 770 3554 924 771 3555 931 778 3556 927 774 3557 930 777 3558 931 778 3559 924 771 3560 927 774 3561 932 779 3562 929 776 3563 931 778 3564 932 779 3565 927 774 3566 932 779 3567 933 780 3568 929 776 3569 934 781 3570 931 778 3571 930 777 3572 934 781 3573 930 777 3574 926 773 3575 931 778 3576 935 782 3577 932 779 3578 936 783 3579 933 780 3580 932 779 3581 935 782 3582 936 783 3583 932 779 3584 936 783 3585 937 784 3586 933 780 3587 937 784 3588 938 785 3589 933 780 3590 939 786 3591 935 782 3592 931 778 3593 934 781 3594 939 786 3595 931 778 3596 937 784 3597 940 787 3598 938 785 3599 938 785 3600 940 787 3601 941 788 3602 940 787 3603 942 789 3604 941 788 3605 940 787 3606 943 790 3607 942 789 3608 942 789 3609 943 790 3610 944 791 3611 937 784 3612 945 792 3613 940 787 3614 945 792 3615 943 790 3616 940 787 3617 946 793 3618 937 784 3619 936 783 3620 946 793 3621 945 792 3622 937 784 3623 947 794 3624 946 793 3625 936 783 3626 947 794 3627 936 783 3628 935 782 3629 946 793 3630 948 795 3631 945 792 3632 949 796 3633 947 794 3634 935 782 3635 939 786 3636 949 796 3637 935 782 3638 950 797 3639 946 793 3640 947 794 3641 950 797 3642 948 795 3643 946 793 3644 949 796 3645 951 798 3646 947 794 3647 951 798 3648 950 797 3649 947 794 3650 952 799 3651 951 798 3652 949 796 3653 952 799 3654 950 797 3655 951 798 3656 953 800 3657 949 796 3658 939 786 3659 953 800 3660 952 799 3661 949 796 3662 952 799 3663 954 801 3664 950 797 3665 954 801 3666 948 795 3667 950 797 3668 953 800 3669 955 802 3670 952 799 3671 955 802 3672 954 801 3673 952 799 3674 956 803 3675 955 802 3676 953 800 3677 955 802 3678 957 804 3679 954 801 3680 958 805 3681 956 803 3682 953 800 3683 958 805 3684 953 800 3685 939 786 3686 959 806 3687 956 803 3688 958 805 3689 957 804 3690 960 807 3691 954 801 3692 954 801 3693 960 807 3694 948 795 3695 957 804 3696 961 808 3697 960 807 3698 959 806 3699 958 805 3700 962 809 3701 963 810 3702 959 806 3703 962 809 3704 958 805 3705 939 786 3706 964 811 3707 962 809 3708 958 805 3709 964 811 3710 964 811 3711 939 786 3712 934 781 3713 963 810 3714 962 809 3715 965 812 3716 963 810 3717 965 812 3718 966 813 3719 962 809 3720 964 811 3721 967 814 3722 967 814 3723 964 811 3724 934 781 3725 965 812 3726 962 809 3727 967 814 3728 967 814 3729 934 781 3730 968 815 3731 968 815 3732 934 781 3733 926 773 3734 965 812 3735 967 814 3736 969 816 3737 969 816 3738 967 814 3739 968 815 3740 965 812 3741 970 817 3742 966 813 3743 965 812 3744 969 816 3745 970 817 3746 966 813 3747 970 817 3748 971 818 3749 970 817 3750 972 819 3751 971 818 3752 970 817 3753 973 820 3754 972 819 3755 970 817 3756 969 816 3757 973 820 3758 973 820 3759 974 821 3760 972 819 3761 973 820 3762 975 822 3763 974 821 3764 969 816 3765 976 823 3766 973 820 3767 973 820 3768 976 823 3769 975 822 3770 969 816 3771 968 815 3772 976 823 3773 976 823 3774 977 824 3775 975 822 3776 976 823 3777 968 815 3778 978 825 3779 976 823 3780 978 825 3781 977 824 3782 968 815 3783 926 773 3784 978 825 3785 977 824 3786 978 825 3787 979 826 3788 978 825 3789 926 773 3790 921 768 3791 978 825 3792 922 769 3793 979 826 3794 978 825 3795 921 768 3796 922 769 3797 961 808 3798 980 827 3799 960 807 3800 961 808 3801 981 828 3802 980 827 3803 960 807 3804 980 827 3805 982 829 3806 948 795 3807 960 807 3808 982 829 3809 981 828 3810 983 830 3811 980 827 3812 981 828 3813 984 831 3814 983 830 3815 982 829 3816 980 827 3817 985 832 3818 983 830 3819 985 832 3820 980 827 3821 948 795 3822 982 829 3823 986 833 3824 982 829 3825 985 832 3826 986 833 3827 945 792 3828 948 795 3829 986 833 3830 984 831 3831 987 834 3832 983 830 3833 984 831 3834 988 835 3835 987 834 3836 988 835 3837 989 836 3838 987 834 3839 983 830 3840 987 834 3841 990 837 3842 983 830 3843 990 837 3844 985 832 3845 987 834 3846 989 836 3847 991 838 3848 987 834 3849 991 838 3850 990 837 3851 989 836 3852 992 839 3853 991 838 3854 991 838 3855 992 839 3856 993 840 3857 991 838 3858 993 840 3859 994 841 3860 990 837 3861 991 838 3862 994 841 3863 994 841 3864 993 840 3865 995 842 3866 990 837 3867 996 843 3868 985 832 3869 990 837 3870 994 841 3871 996 843 3872 986 833 3873 985 832 3874 996 843 3875 994 841 3876 995 842 3877 997 844 3878 996 843 3879 994 841 3880 997 844 3881 997 844 3882 995 842 3883 998 845 3884 997 844 3885 998 845 3886 999 846 3887 986 833 3888 996 843 3889 1000 847 3890 996 843 3891 997 844 3892 1000 847 3893 997 844 3894 999 846 3895 1001 848 3896 1000 847 3897 997 844 3898 1001 848 3899 1001 848 3900 999 846 3901 1002 849 3902 986 833 3903 1000 847 3904 1003 850 3905 945 792 3906 986 833 3907 1003 850 3908 945 792 3909 1003 850 3910 943 790 3911 1000 847 3912 1004 851 3913 1003 850 3914 943 790 3915 1003 850 3916 1004 851 3917 1000 847 3918 1001 848 3919 1004 851 3920 943 790 3921 1004 851 3922 944 791 3923 1001 848 3924 1005 852 3925 1004 851 3926 944 791 3927 1004 851 3928 1005 852 3929 1001 848 3930 1002 849 3931 1005 852 3932 944 791 3933 1005 852 3934 1006 853 3935 1005 852 3936 1002 849 3937 1006 853 3938 1006 853 3939 1002 849 3940 1007 854 3941 1008 28 3942 1009 760 3943 1010 28 3944 1011 855 3945 1009 760 3946 1008 28 3947 1012 28 3948 1011 855 3949 1008 28 3950 1011 855 3951 1013 856 3952 1009 760 3953 1013 856 3954 1014 857 3955 1009 760 3956 1013 856 3957 1015 762 3958 1014 857 3959 1013 856 3960 1016 758 3961 1015 762 3962 1017 858 3963 1016 758 3964 1013 856 3965 1017 858 3966 1013 856 3967 1011 855 3968 1017 858 3969 1018 755 3970 1016 758 3971 1019 756 3972 1011 855 3973 1012 28 3974 1019 756 3975 1017 858 3976 1011 855 3977 1020 28 3978 1019 756 3979 1012 28 3980 1021 751 3981 1018 755 3982 1017 858 3983 1021 751 3984 1017 858 3985 1019 756 3986 1021 751 3987 1022 752 3988 1018 755 3989 1023 753 3990 1019 756 3991 1020 28 3992 1023 753 3993 1021 751 3994 1019 756 3995 1024 28 3996 1023 753 3997 1020 28 3998 1025 859 3999 1022 752 4000 1021 751 4001 1025 859 4002 1021 751 4003 1023 753 4004 1025 859 4005 1026 749 4006 1022 752 4007 1027 860 4008 1023 753 4009 1024 28 4010 1027 860 4011 1025 859 4012 1023 753 4013 1028 28 4014 1027 860 4015 1024 28 4016 1029 745 4017 1026 749 4018 1025 859 4019 1027 860 4020 1029 745 4021 1025 859 4022 1029 745 4023 1030 746 4024 1026 749 4025 1028 28 4026 1031 747 4027 1027 860 4028 1031 747 4029 1029 745 4030 1027 860 4031 1028 28 4032 1032 28 4033 1031 747 4034 1029 745 4035 1033 861 4036 1030 746 4037 1031 747 4038 1033 861 4039 1029 745 4040 1033 861 4041 1034 743 4042 1030 746 4043 1032 28 4044 1035 862 4045 1031 747 4046 1031 747 4047 1035 862 4048 1033 861 4049 1032 28 4050 1036 28 4051 1035 862 4052 1033 861 4053 1037 739 4054 1034 743 4055 1035 862 4056 1037 739 4057 1033 861 4058 1037 739 4059 1038 740 4060 1034 743 4061 1036 28 4062 1039 741 4063 1035 862 4064 1035 862 4065 1039 741 4066 1037 739 4067 1036 28 4068 1040 28 4069 1039 741 4070 1037 739 4071 1041 863 4072 1038 740 4073 1039 741 4074 1041 863 4075 1037 739 4076 1041 863 4077 1042 737 4078 1038 740 4079 1040 28 4080 1043 738 4081 1039 741 4082 1039 741 4083 1043 738 4084 1041 863 4085 1040 28 4086 1044 28 4087 1043 738 4088 1041 863 4089 1045 864 4090 1042 737 4091 1043 738 4092 1045 864 4093 1041 863 4094 1045 864 4095 1046 735 4096 1042 737 4097 1044 28 4098 1047 865 4099 1043 738 4100 1043 738 4101 1047 865 4102 1045 864 4103 1044 28 4104 1048 28 4105 1047 865 4106 1048 28 4107 1049 730 4108 1047 865 4109 1047 865 4110 1049 730 4111 1050 866 4112 1047 865 4113 1050 866 4114 1045 864 4115 1045 864 4116 1050 866 4117 1046 735 4118 1050 866 4119 1051 734 4120 1046 735 4121 1052 149 4122 1053 149 4123 1054 149 4124 1055 149 4125 1056 149 4126 1053 149 4127 1057 149 4128 1053 149 4129 1052 149 4130 1057 149 4131 1055 149 4132 1053 149 4133 1058 149 4134 1057 149 4135 1052 149 4136 1057 149 4137 1059 149 4138 1055 149 4139 1058 149 4140 1060 149 4141 1057 149 4142 1060 149 4143 1059 149 4144 1057 149 4145 1061 867 4146 1062 867 4147 1063 868 4148 1062 867 4149 1064 869 4150 1065 868 4151 1062 867 4152 1066 870 4153 1063 868 4154 1062 867 4155 1065 868 4156 1066 870 4157 1063 868 4158 1066 870 4159 1067 871 4160 1065 868 4161 1068 871 4162 1066 870 4163 1066 870 4164 1069 872 4165 1067 871 4166 1066 870 4167 1068 871 4168 1069 872 4169 1067 871 4170 1069 872 4171 1070 873 4172 1068 871 4173 1071 873 4174 1069 872 4175 1069 872 4176 1072 872 4177 1070 873 4178 1069 872 4179 1071 873 4180 1072 872 4181 1070 873 4182 1072 872 4183 1073 746 4184 1071 873 4185 1073 746 4186 1072 872 4187 1074 874 4188 1075 875 4189 1076 876 4190 1077 877 4191 1075 875 4192 1074 874 4193 1078 878 4194 1077 877 4195 1074 874 4196 1077 877 4197 1079 879 4198 1075 875 4199 1079 879 4200 1080 880 4201 1075 875 4202 1078 878 4203 1081 881 4204 1077 877 4205 1081 881 4206 1079 879 4207 1077 877 4208 1078 878 4209 1082 882 4210 1081 881 4211 1079 879 4212 1083 883 4213 1080 880 4214 1080 880 4215 1083 883 4216 1084 884 4217 1081 881 4218 1085 885 4219 1079 879 4220 1083 883 4221 1086 886 4222 1084 884 4223 1084 884 4224 1086 886 4225 1087 887 4226 1086 886 4227 1088 888 4228 1087 887 4229 1079 879 4230 1089 889 4231 1083 883 4232 1085 885 4233 1089 889 4234 1079 879 4235 1083 883 4236 1090 890 4237 1086 886 4238 1089 889 4239 1090 890 4240 1083 883 4241 1086 886 4242 1091 891 4243 1088 888 4244 1090 890 4245 1091 891 4246 1086 886 4247 1091 891 4248 1092 892 4249 1088 888 4250 1092 892 4251 1093 893 4252 1094 894 4253 1092 892 4254 1095 895 4255 1093 893 4256 1091 891 4257 1095 895 4258 1092 892 4259 1093 893 4260 1095 895 4261 1096 896 4262 1090 890 4263 1097 897 4264 1091 891 4265 1091 891 4266 1097 897 4267 1095 895 4268 1095 895 4269 1098 898 4270 1096 896 4271 1095 895 4272 1097 897 4273 1098 898 4274 1096 896 4275 1098 898 4276 1099 899 4277 1097 897 4278 1100 900 4279 1098 898 4280 1098 898 4281 1100 900 4282 1099 899 4283 1090 890 4284 1101 901 4285 1097 897 4286 1089 889 4287 1101 901 4288 1090 890 4289 1097 897 4290 1102 902 4291 1100 900 4292 1097 897 4293 1101 901 4294 1102 902 4295 1099 899 4296 1100 900 4297 1103 903 4298 1103 903 4299 1100 900 4300 1102 902 4301 1099 899 4302 1103 903 4303 1104 904 4304 1105 905 4305 1103 903 4306 1102 902 4307 1105 905 4308 1102 902 4309 1101 901 4310 1103 903 4311 1106 906 4312 1104 904 4313 1105 905 4314 1106 906 4315 1103 903 4316 1104 904 4317 1106 906 4318 1107 907 4319 1108 908 4320 1105 905 4321 1101 901 4322 1106 906 4323 1109 909 4324 1107 907 4325 1107 907 4326 1109 909 4327 1110 910 4328 1109 909 4329 1111 911 4330 1110 910 4331 1112 912 4332 1106 906 4333 1105 905 4334 1108 908 4335 1112 912 4336 1105 905 4337 1113 913 4338 1109 909 4339 1106 906 4340 1113 913 4341 1106 906 4342 1112 912 4343 1109 909 4344 1114 914 4345 1111 911 4346 1111 911 4347 1114 914 4348 1115 915 4349 1113 913 4350 1116 916 4351 1109 909 4352 1116 916 4353 1114 914 4354 1109 909 4355 1117 917 4356 1113 913 4357 1112 912 4358 1108 908 4359 1117 917 4360 1112 912 4361 1114 914 4362 1118 918 4363 1115 915 4364 1115 915 4365 1118 918 4366 1119 919 4367 1115 915 4368 1119 919 4369 1120 920 4370 1114 914 4371 1121 921 4372 1118 918 4373 1121 921 4374 1119 919 4375 1118 918 4376 1116 916 4377 1121 921 4378 1114 914 4379 1119 919 4380 1122 922 4381 1120 920 4382 1120 920 4383 1122 922 4384 1123 923 4385 1122 922 4386 1124 924 4387 1123 923 4388 1121 921 4389 1125 925 4390 1119 919 4391 1119 919 4392 1125 925 4393 1122 922 4394 1116 916 4395 1126 926 4396 1121 921 4397 1126 926 4398 1125 925 4399 1121 921 4400 1122 922 4401 1127 927 4402 1124 924 4403 1127 927 4404 1128 928 4405 1124 924 4406 1125 925 4407 1129 929 4408 1122 922 4409 1129 929 4410 1127 927 4411 1122 922 4412 1127 927 4413 1130 930 4414 1128 928 4415 1131 931 4416 1128 928 4417 1130 930 4418 1132 932 4419 1129 929 4420 1125 925 4421 1126 926 4422 1132 932 4423 1125 925 4424 1133 933 4425 1127 927 4426 1129 929 4427 1132 932 4428 1134 934 4429 1129 929 4430 1135 935 4431 1127 927 4432 1133 933 4433 1135 935 4434 1130 930 4435 1127 927 4436 1136 936 4437 1133 933 4438 1129 929 4439 1134 934 4440 1136 936 4441 1129 929 4442 1137 937 4443 1135 935 4444 1133 933 4445 1136 936 4446 1137 937 4447 1133 933 4448 1132 932 4449 1138 938 4450 1134 934 4451 1138 938 4452 1136 936 4453 1134 934 4454 1139 939 4455 1138 938 4456 1132 932 4457 1126 926 4458 1139 939 4459 1132 932 4460 1138 938 4461 1140 940 4462 1136 936 4463 1139 939 4464 1141 941 4465 1138 938 4466 1141 941 4467 1140 940 4468 1138 938 4469 1140 940 4470 1142 942 4471 1136 936 4472 1136 936 4473 1142 942 4474 1137 937 4475 1141 941 4476 1143 943 4477 1140 940 4478 1143 943 4479 1142 942 4480 1140 940 4481 1144 944 4482 1141 941 4483 1139 939 4484 1143 943 4485 1145 945 4486 1142 942 4487 1146 946 4488 1143 943 4489 1141 941 4490 1146 946 4491 1145 945 4492 1143 943 4493 1142 942 4494 1147 947 4495 1137 937 4496 1145 945 4497 1147 947 4498 1142 942 4499 1148 948 4500 1146 946 4501 1141 941 4502 1148 948 4503 1141 941 4504 1144 944 4505 1146 946 4506 1149 949 4507 1145 945 4508 1148 948 4509 1150 950 4510 1146 946 4511 1150 950 4512 1151 951 4513 1146 946 4514 1151 951 4515 1149 949 4516 1146 946 4517 1152 952 4518 1150 950 4519 1148 948 4520 1151 951 4521 1153 953 4522 1149 949 4523 1154 954 4524 1152 952 4525 1148 948 4526 1154 954 4527 1148 948 4528 1155 955 4529 1155 955 4530 1148 948 4531 1144 944 4532 1156 956 4533 1154 954 4534 1155 955 4535 1145 945 4536 1149 949 4537 1157 957 4538 1145 945 4539 1157 957 4540 1147 947 4541 1149 949 4542 1158 958 4543 1157 957 4544 1153 953 4545 1158 958 4546 1149 949 4547 1157 957 4548 1158 958 4549 1159 959 4550 1157 957 4551 1159 959 4552 1147 947 4553 1153 953 4554 1160 960 4555 1158 958 4556 1158 958 4557 1160 960 4558 1159 959 4559 1153 953 4560 1161 961 4561 1160 960 4562 1161 961 4563 1162 962 4564 1160 960 4565 1161 961 4566 1163 963 4567 1162 962 4568 1159 959 4569 1160 960 4570 1164 964 4571 1162 962 4572 1164 964 4573 1160 960 4574 1163 963 4575 1165 965 4576 1162 962 4577 1163 963 4578 1166 966 4579 1165 965 4580 1162 962 4581 1165 965 4582 1164 964 4583 1165 965 4584 1167 967 4585 1164 964 4586 1159 959 4587 1164 964 4588 1168 968 4589 1147 947 4590 1159 959 4591 1168 968 4592 1164 964 4593 1167 967 4594 1169 969 4595 1168 968 4596 1164 964 4597 1169 969 4598 1167 967 4599 1170 970 4600 1169 969 4601 1147 947 4602 1168 968 4603 1171 971 4604 1147 947 4605 1171 971 4606 1137 937 4607 1137 937 4608 1171 971 4609 1135 935 4610 1168 968 4611 1169 969 4612 1172 972 4613 1168 968 4614 1172 972 4615 1171 971 4616 1169 969 4617 1170 970 4618 1173 973 4619 1169 969 4620 1173 973 4621 1172 972 4622 1170 970 4623 1174 974 4624 1173 973 4625 1173 973 4626 1174 974 4627 1175 975 4628 1173 973 4629 1175 975 4630 1176 976 4631 1173 973 4632 1176 976 4633 1172 972 4634 1175 975 4635 1177 977 4636 1176 976 4637 1177 977 4638 1178 978 4639 1179 979 4640 1180 980 4641 1177 977 4642 1179 979 4643 1176 976 4644 1177 977 4645 1180 980 4646 1180 980 4647 1179 979 4648 1181 981 4649 1172 972 4650 1176 976 4651 1182 982 4652 1182 982 4653 1176 976 4654 1180 980 4655 1171 971 4656 1172 972 4657 1182 982 4658 1183 983 4659 1180 980 4660 1181 981 4661 1182 982 4662 1180 980 4663 1183 983 4664 1183 983 4665 1181 981 4666 1131 931 4667 1184 984 4668 1171 971 4669 1182 982 4670 1135 935 4671 1171 971 4672 1184 984 4673 1135 935 4674 1184 984 4675 1130 930 4676 1185 985 4677 1182 982 4678 1183 983 4679 1184 984 4680 1182 982 4681 1185 985 4682 1185 985 4683 1183 983 4684 1131 931 4685 1184 984 4686 1185 985 4687 1130 930 4688 1185 985 4689 1131 931 4690 1130 930 4691 1186 986 4692 1187 987 4693 1188 988 4694 1187 987 4695 1189 989 4696 1190 990 4697 1187 987 4698 1191 991 4699 1188 988 4700 1187 987 4701 1190 990 4702 1191 991 4703 1188 988 4704 1192 992 4705 1193 993 4706 1190 990 4707 1194 994 4708 1195 995 4709 1188 988 4710 1196 996 4711 1192 992 4712 1188 988 4713 1191 991 4714 1196 996 4715 1190 990 4716 1197 997 4717 1191 991 4718 1190 990 4719 1195 995 4720 1197 997 4721 1191 991 4722 1198 998 4723 1196 996 4724 1191 991 4725 1197 997 4726 1198 998 4727 1196 996 4728 1198 998 4729 1199 999 4730 1198 998 4731 1200 1000 4732 1199 999 4733 1198 998 4734 1201 1001 4735 1200 1000 4736 1198 998 4737 1197 997 4738 1201 1001 4739 1196 996 4740 1199 999 4741 1202 1002 4742 1201 1001 4743 1197 997 4744 1203 1003 4745 1196 996 4746 1202 1002 4747 1204 1004 4748 1196 996 4749 1204 1004 4750 1192 992 4751 1202 1002 4752 1205 1005 4753 1204 1004 4754 1192 992 4755 1204 1004 4756 1205 1005 4757 1202 1002 4758 1206 1006 4759 1205 1005 4760 1197 997 4761 1207 1007 4762 1203 1003 4763 1197 997 4764 1195 995 4765 1207 1007 4766 1203 1003 4767 1207 1007 4768 1208 1008 4769 1207 1007 4770 1195 995 4771 1208 1008 4772 1203 1003 4773 1208 1008 4774 1209 1009 4775 1195 995 4776 1210 1010 4777 1208 1008 4778 1195 995 4779 1211 1011 4780 1210 1010 4781 1210 1010 4782 1211 1011 4783 1212 1012 4784 1208 1008 4785 1213 1013 4786 1209 1009 4787 1209 1009 4788 1213 1013 4789 1214 1014 4790 1208 1008 4791 1210 1010 4792 1215 1015 4793 1208 1008 4794 1215 1015 4795 1213 1013 4796 1210 1010 4797 1212 1012 4798 1215 1015 4799 1213 1013 4800 1215 1015 4801 1214 1014 4802 1215 1015 4803 1212 1012 4804 1216 1016 4805 1215 1015 4806 1216 1016 4807 1214 1014 4808 1205 1005 4809 1206 1006 4810 1217 1017 4811 1206 1006 4812 1218 1018 4813 1217 1017 4814 1217 1017 4815 1218 1018 4816 1219 1019 4817 1205 1005 4818 1217 1017 4819 1219 1019 4820 1219 1019 4821 1218 1018 4822 1220 1020 4823 1219 1019 4824 1220 1020 4825 1221 1021 4826 1205 1005 4827 1219 1019 4828 1222 1022 4829 1222 1022 4830 1219 1019 4831 1221 1021 4832 1192 992 4833 1205 1005 4834 1222 1022 4835 1222 1022 4836 1221 1021 4837 1223 1023 4838 1192 992 4839 1222 1022 4840 1223 1023 4841 1224 1024 4842 1225 1025 4843 1226 1026 4844 1224 1024 4845 1226 1026 4846 1227 1027 4847 1228 1028 4848 1225 1025 4849 1224 1024 4850 1229 1029 4851 1224 1024 4852 1227 1027 4853 1229 1029 4854 1227 1027 4855 1230 1030 4856 1231 1031 4857 1228 1028 4858 1224 1024 4859 1231 1031 4860 1224 1024 4861 1229 1029 4862 1231 1031 4863 1232 1032 4864 1228 1028 4865 1228 1028 4866 1232 1032 4867 1233 1033 4868 1234 1034 4869 1231 1031 4870 1229 1029 4871 1235 1035 4872 1233 1033 4873 1232 1032 4874 1236 1036 4875 1233 1033 4876 1235 1035 4877 1237 1037 4878 1232 1032 4879 1231 1031 4880 1237 1037 4881 1231 1031 4882 1234 1034 4883 1238 1038 4884 1235 1035 4885 1232 1032 4886 1237 1037 4887 1238 1038 4888 1232 1032 4889 1239 1039 4890 1236 1036 4891 1235 1035 4892 1240 1040 4893 1236 1036 4894 1239 1039 4895 1238 1038 4896 1241 1041 4897 1235 1035 4898 1239 1039 4899 1235 1035 4900 1241 1041 4901 1242 1042 4902 1240 1040 4903 1239 1039 4904 1243 1043 4905 1240 1040 4906 1242 1042 4907 1244 1044 4908 1239 1039 4909 1241 1041 4910 1242 1042 4911 1239 1039 4912 1244 1044 4913 1245 1045 4914 1243 1043 4915 1242 1042 4916 1246 1046 4917 1243 1043 4918 1245 1045 4919 1242 1042 4920 1244 1044 4921 1247 1047 4922 1245 1045 4923 1242 1042 4924 1247 1047 4925 1246 1046 4926 1245 1045 4927 1248 1048 4928 1249 1049 4929 1246 1046 4930 1248 1048 4931 1250 1050 4932 1249 1049 4933 1248 1048 4934 1251 1051 4935 1245 1045 4936 1247 1047 4937 1251 1051 4938 1248 1048 4939 1245 1045 4940 1250 1050 4941 1248 1048 4942 1252 1052 4943 1253 1053 4944 1250 1050 4945 1252 1052 4946 1252 1052 4947 1248 1048 4948 1254 1054 4949 1251 1051 4950 1254 1054 4951 1248 1048 4952 1253 1053 4953 1252 1052 4954 1255 1055 4955 1255 1055 4956 1252 1052 4957 1254 1054 4958 1256 1056 4959 1253 1053 4960 1255 1055 4961 1256 1056 4962 1257 1057 4963 1253 1053 4964 1258 1058 4965 1255 1055 4966 1254 1054 4967 1256 1056 4968 1259 1059 4969 1257 1057 4970 1257 1057 4971 1259 1059 4972 1260 1060 4973 1260 1060 4974 1259 1059 4975 1261 1061 4976 1259 1059 4977 1262 1062 4978 1261 1061 4979 1263 1063 4980 1256 1056 4981 1255 1055 4982 1258 1058 4983 1263 1063 4984 1255 1055 4985 1264 1064 4986 1262 1062 4987 1259 1059 4988 1265 1065 4989 1262 1062 4990 1264 1064 4991 1256 1056 4992 1266 1066 4993 1259 1059 4994 1266 1066 4995 1264 1064 4996 1259 1059 4997 1263 1063 4998 1266 1066 4999 1256 1056 5000 1267 1067 5001 1265 1065 5002 1264 1064 5003 1267 1067 5004 1264 1064 5005 1266 1066 5006 1268 1068 5007 1265 1065 5008 1267 1067 5009 1263 1063 5010 1269 1069 5011 1266 1066 5012 1258 1058 5013 1269 1069 5014 1263 1063 5015 1270 1070 5016 1267 1067 5017 1266 1066 5018 1269 1069 5019 1270 1070 5020 1266 1066 5021 1271 1071 5022 1268 1068 5023 1267 1067 5024 1271 1071 5025 1267 1067 5026 1270 1070 5027 1272 1072 5028 1268 1068 5029 1271 1071 5030 1273 1073 5031 1271 1071 5032 1270 1070 5033 1273 1073 5034 1272 1072 5035 1271 1071 5036 1273 1073 5037 1270 1070 5038 1269 1069 5039 1274 1074 5040 1272 1072 5041 1273 1073 5042 1275 1075 5043 1274 1074 5044 1273 1073 5045 1275 1075 5046 1273 1073 5047 1269 1069 5048 1275 1075 5049 1276 1076 5050 1274 1074 5051 1277 1077 5052 1269 1069 5053 1258 1058 5054 1277 1077 5055 1258 1058 5056 1254 1054 5057 1278 1078 5058 1275 1075 5059 1269 1069 5060 1277 1077 5061 1278 1078 5062 1269 1069 5063 1275 1075 5064 1279 1079 5065 1276 1076 5066 1278 1078 5067 1279 1079 5068 1275 1075 5069 1280 1080 5070 1276 1076 5071 1279 1079 5072 1281 1081 5073 1278 1078 5074 1277 1077 5075 1281 1081 5076 1279 1079 5077 1278 1078 5078 1282 1082 5079 1280 1080 5080 1279 1079 5081 1281 1081 5082 1282 1082 5083 1279 1079 5084 1282 1082 5085 1283 1083 5086 1280 1080 5087 1281 1081 5088 1277 1077 5089 1284 1084 5090 1277 1077 5091 1254 1054 5092 1284 1084 5093 1281 1081 5094 1285 1085 5095 1282 1082 5096 1285 1085 5097 1283 1083 5098 1282 1082 5099 1281 1081 5100 1284 1084 5101 1285 1085 5102 1285 1085 5103 1286 1086 5104 1283 1083 5105 1284 1084 5106 1254 1054 5107 1251 1051 5108 1285 1085 5109 1287 1087 5110 1286 1086 5111 1284 1084 5112 1287 1087 5113 1285 1085 5114 1286 1086 5115 1287 1087 5116 1288 1088 5117 1287 1087 5118 1289 1089 5119 1288 1088 5120 1284 1084 5121 1251 1051 5122 1290 1090 5123 1284 1084 5124 1290 1090 5125 1287 1087 5126 1287 1087 5127 1291 1091 5128 1289 1089 5129 1290 1090 5130 1291 1091 5131 1287 1087 5132 1289 1089 5133 1291 1091 5134 1292 1092 5135 1290 1090 5136 1251 1051 5137 1293 1093 5138 1290 1090 5139 1293 1093 5140 1291 1091 5141 1293 1093 5142 1251 1051 5143 1247 1047 5144 1293 1093 5145 1247 1047 5146 1244 1044 5147 1293 1093 5148 1244 1044 5149 1294 1094 5150 1291 1091 5151 1293 1093 5152 1294 1094 5153 1294 1094 5154 1244 1044 5155 1241 1041 5156 1291 1091 5157 1294 1094 5158 1295 1095 5159 1291 1091 5160 1295 1095 5161 1292 1092 5162 1296 1096 5163 1294 1094 5164 1241 1041 5165 1295 1095 5166 1294 1094 5167 1296 1096 5168 1296 1096 5169 1241 1041 5170 1238 1038 5171 1292 1092 5172 1295 1095 5173 1297 1097 5174 1295 1095 5175 1296 1096 5176 1297 1097 5177 1292 1092 5178 1297 1097 5179 1298 1098 5180 1296 1096 5181 1238 1038 5182 1299 1099 5183 1296 1096 5184 1299 1099 5185 1297 1097 5186 1299 1099 5187 1238 1038 5188 1237 1037 5189 1298 1098 5190 1297 1097 5191 1300 1100 5192 1297 1097 5193 1299 1099 5194 1300 1100 5195 1298 1098 5196 1300 1100 5197 1301 1101 5198 1299 1099 5199 1237 1037 5200 1302 1102 5201 1299 1099 5202 1302 1102 5203 1300 1100 5204 1302 1102 5205 1237 1037 5206 1234 1034 5207 1301 1101 5208 1300 1100 5209 1303 1103 5210 1300 1100 5211 1302 1102 5212 1303 1103 5213 1301 1101 5214 1303 1103 5215 1304 1104 5216 1302 1102 5217 1234 1034 5218 1305 1105 5219 1303 1103 5220 1302 1102 5221 1305 1105 5222 1304 1104 5223 1303 1103 5224 1306 1106 5225 1303 1103 5226 1305 1105 5227 1306 1106 5228 1304 1104 5229 1306 1106 5230 1307 1107 5231 1306 1106 5232 1308 1108 5233 1307 1107 5234 1306 1106 5235 1305 1105 5236 1308 1108 5237 1307 1107 5238 1308 1108 5239 1309 1109 5240 1308 1108 5241 1310 1110 5242 1309 1109 5243 1308 1108 5244 1311 1111 5245 1310 1110 5246 1308 1108 5247 1305 1105 5248 1311 1111 5249 1310 1110 5250 1311 1111 5251 1312 1112 5252 1311 1111 5253 1313 1113 5254 1312 1112 5255 1311 1111 5256 1305 1105 5257 1313 1113 5258 1230 1030 5259 1312 1112 5260 1313 1113 5261 1314 1114 5262 1313 1113 5263 1305 1105 5264 1314 1114 5265 1230 1030 5266 1313 1113 5267 1234 1034 5268 1314 1114 5269 1305 1105 5270 1229 1029 5271 1230 1030 5272 1314 1114 5273 1234 1034 5274 1229 1029 5275 1314 1114 5276 1315 1115 5277 1316 1116 5278 1317 1117 5279 1315 1115 5280 1317 1117 5281 1318 1118 5282 1319 1119 5283 1316 1116 5284 1315 1115 5285 1315 1115 5286 1318 1118 5287 1320 1120 5288 1321 1121 5289 1319 1119 5290 1315 1115 5291 1321 1121 5292 1315 1115 5293 1320 1120 5294 1321 1121 5295 1320 1120 5296 1322 1122 5297 1321 1121 5298 1322 1122 5299 1323 1123 5300 1324 1124 5301 1319 1119 5302 1321 1121 5303 1325 1125 5304 1321 1121 5305 1323 1123 5306 1326 1126 5307 1324 1124 5308 1321 1121 5309 1326 1126 5310 1321 1121 5311 1325 1125 5312 1327 1127 5313 1324 1124 5314 1326 1126 5315 1328 1128 5316 1326 1126 5317 1325 1125 5318 1329 1129 5319 1327 1127 5320 1326 1126 5321 1329 1129 5322 1326 1126 5323 1328 1128 5324 1330 1130 5325 1327 1127 5326 1329 1129 5327 1331 1131 5328 1329 1129 5329 1328 1128 5330 1331 1131 5331 1330 1130 5332 1329 1129 5333 1331 1131 5334 1328 1128 5335 1332 1132 5336 1331 1131 5337 1333 1133 5338 1330 1130 5339 1331 1131 5340 1332 1132 5341 1334 1134 5342 1335 1135 5343 1333 1133 5344 1331 1131 5345 1331 1131 5346 1334 1134 5347 1336 1136 5348 1335 1135 5349 1331 1131 5350 1336 1136 5351 1337 1137 5352 1338 1138 5353 1339 1139 5354 1337 1137 5355 1340 1140 5356 1338 1138 5357 1341 1141 5358 1337 1137 5359 1339 1139 5360 1337 1137 5361 1342 1142 5362 1340 1140 5363 1343 1143 5364 1340 1140 5365 1342 1142 5366 1341 1141 5367 1344 1144 5368 1337 1137 5369 1344 1144 5370 1342 1142 5371 1337 1137 5372 1345 1145 5373 1344 1144 5374 1341 1141 5375 1346 1146 5376 1345 1145 5377 1341 1141 5378 1347 1147 5379 1342 1142 5380 1344 1144 5381 1348 1148 5382 1345 1145 5383 1346 1146 5384 1349 1149 5385 1348 1148 5386 1346 1146 5387 1345 1145 5388 1350 1150 5389 1344 1144 5390 1347 1147 5391 1344 1144 5392 1350 1150 5393 1348 1148 5394 1351 1151 5395 1345 1145 5396 1351 1151 5397 1350 1150 5398 1345 1145 5399 1352 1152 5400 1348 1148 5401 1349 1149 5402 1353 1153 5403 1352 1152 5404 1349 1149 5405 1348 1148 5406 1354 1154 5407 1351 1151 5408 1352 1152 5409 1354 1154 5410 1348 1148 5411 1355 1155 5412 1352 1152 5413 1353 1153 5414 1355 1155 5415 1353 1153 5416 1356 1156 5417 1357 1157 5418 1354 1154 5419 1352 1152 5420 1357 1157 5421 1352 1152 5422 1355 1155 5423 1355 1155 5424 1356 1156 5425 1358 1158 5426 1358 1158 5427 1356 1156 5428 1359 1159 5429 1360 1160 5430 1357 1157 5431 1355 1155 5432 1360 1160 5433 1355 1155 5434 1358 1158 5435 1361 1161 5436 1358 1158 5437 1359 1159 5438 1361 1161 5439 1359 1159 5440 1362 1162 5441 1361 1161 5442 1362 1162 5443 1363 1163 5444 1360 1160 5445 1358 1158 5446 1364 1164 5447 1364 1164 5448 1358 1158 5449 1361 1161 5450 1365 1165 5451 1357 1157 5452 1360 1160 5453 1365 1165 5454 1360 1160 5455 1364 1164 5456 1366 1166 5457 1361 1161 5458 1363 1163 5459 1366 1166 5460 1363 1163 5461 1367 1167 5462 1368 1168 5463 1361 1161 5464 1366 1166 5465 1364 1164 5466 1361 1161 5467 1368 1168 5468 1366 1166 5469 1367 1167 5470 1369 1169 5471 1368 1168 5472 1366 1166 5473 1369 1169 5474 1369 1169 5475 1367 1167 5476 1370 1170 5477 1367 1167 5478 1371 1171 5479 1370 1170 5480 1372 1172 5481 1368 1168 5482 1369 1169 5483 1370 1170 5484 1371 1171 5485 1373 1173 5486 1371 1171 5487 1374 1174 5488 1373 1173 5489 1373 1173 5490 1374 1174 5491 1375 1175 5492 1376 1176 5493 1373 1173 5494 1375 1175 5495 1377 1177 5496 1369 1169 5497 1370 1170 5498 1372 1172 5499 1369 1169 5500 1377 1177 5501 1378 1178 5502 1373 1173 5503 1376 1176 5504 1379 1179 5505 1378 1178 5506 1376 1176 5507 1370 1170 5508 1373 1173 5509 1380 1180 5510 1378 1178 5511 1380 1180 5512 1373 1173 5513 1377 1177 5514 1370 1170 5515 1380 1180 5516 1381 1181 5517 1378 1178 5518 1379 1179 5519 1381 1181 5520 1380 1180 5521 1378 1178 5522 1382 1182 5523 1381 1181 5524 1379 1179 5525 1377 1177 5526 1380 1180 5527 1383 1183 5528 1372 1172 5529 1377 1177 5530 1383 1183 5531 1384 1184 5532 1380 1180 5533 1381 1181 5534 1383 1183 5535 1380 1180 5536 1384 1184 5537 1385 1185 5538 1381 1181 5539 1382 1182 5540 1384 1184 5541 1381 1181 5542 1385 1185 5543 1386 1186 5544 1385 1185 5545 1382 1182 5546 1384 1184 5547 1385 1185 5548 1387 1187 5549 1386 1186 5550 1387 1187 5551 1385 1185 5552 1383 1183 5553 1384 1184 5554 1387 1187 5555 1388 1188 5556 1387 1187 5557 1386 1186 5558 1389 1189 5559 1387 1187 5560 1388 1188 5561 1389 1189 5562 1383 1183 5563 1387 1187 5564 1389 1189 5565 1388 1188 5566 1390 1190 5567 1391 1191 5568 1372 1172 5569 1383 1183 5570 1391 1191 5571 1368 1168 5572 1372 1172 5573 1392 1192 5574 1383 1183 5575 1389 1189 5576 1391 1191 5577 1383 1183 5578 1392 1192 5579 1393 1193 5580 1389 1189 5581 1390 1190 5582 1392 1192 5583 1389 1189 5584 1393 1193 5585 1393 1193 5586 1390 1190 5587 1394 1194 5588 1395 1195 5589 1391 1191 5590 1392 1192 5591 1395 1195 5592 1392 1192 5593 1393 1193 5594 1393 1193 5595 1394 1194 5596 1396 1196 5597 1395 1195 5598 1393 1193 5599 1396 1196 5600 1396 1196 5601 1394 1194 5602 1397 1197 5603 1395 1195 5604 1398 1198 5605 1391 1191 5606 1398 1198 5607 1368 1168 5608 1391 1191 5609 1395 1195 5610 1396 1196 5611 1399 1199 5612 1396 1196 5613 1397 1197 5614 1399 1199 5615 1395 1195 5616 1399 1199 5617 1398 1198 5618 1399 1199 5619 1397 1197 5620 1400 1200 5621 1398 1198 5622 1364 1164 5623 1368 1168 5624 1399 1199 5625 1400 1200 5626 1401 1201 5627 1398 1198 5628 1399 1199 5629 1401 1201 5630 1400 1200 5631 1402 1202 5632 1401 1201 5633 1402 1202 5634 1403 1203 5635 1401 1201 5636 1398 1198 5637 1404 1204 5638 1364 1164 5639 1398 1198 5640 1401 1201 5641 1404 1204 5642 1404 1204 5643 1365 1165 5644 1364 1164 5645 1401 1201 5646 1403 1203 5647 1405 1205 5648 1404 1204 5649 1401 1201 5650 1405 1205 5651 1404 1204 5652 1405 1205 5653 1365 1165 5654 1403 1203 5655 1406 1206 5656 1405 1205 5657 1365 1165 5658 1405 1205 5659 1407 1207 5660 1365 1165 5661 1407 1207 5662 1357 1157 5663 1407 1207 5664 1354 1154 5665 1357 1157 5666 1405 1205 5667 1406 1206 5668 1408 1208 5669 1405 1205 5670 1408 1208 5671 1407 1207 5672 1407 1207 5673 1409 1209 5674 1354 1154 5675 1408 1208 5676 1409 1209 5677 1407 1207 5678 1354 1154 5679 1409 1209 5680 1351 1151 5681 1406 1206 5682 1410 1210 5683 1408 1208 5684 1408 1208 5685 1410 1210 5686 1409 1209 5687 1406 1206 5688 1411 1211 5689 1410 1210 5690 1412 1212 5691 1351 1151 5692 1409 1209 5693 1410 1210 5694 1412 1212 5695 1409 1209 5696 1412 1212 5697 1350 1150 5698 1351 1151 5699 1411 1211 5700 1413 1213 5701 1410 1210 5702 1413 1213 5703 1412 1212 5704 1410 1210 5705 1411 1211 5706 1414 1214 5707 1413 1213 5708 1415 1215 5709 1350 1150 5710 1412 1212 5711 1415 1215 5712 1412 1212 5713 1413 1213 5714 1415 1215 5715 1347 1147 5716 1350 1150 5717 1414 1214 5718 1416 1216 5719 1413 1213 5720 1416 1216 5721 1415 1215 5722 1413 1213 5723 1414 1214 5724 1417 1217 5725 1416 1216 5726 1415 1215 5727 1418 1218 5728 1347 1147 5729 1416 1216 5730 1418 1218 5731 1415 1215 5732 1416 1216 5733 1417 1217 5734 1419 1219 5735 1416 1216 5736 1419 1219 5737 1418 1218 5738 1417 1217 5739 1420 1220 5740 1419 1219 5741 1419 1219 5742 1420 1220 5743 1421 1221 5744 1419 1219 5745 1421 1221 5746 1418 1218 5747 1420 1220 5748 1422 1222 5749 1421 1221 5750 1421 1221 5751 1422 1222 5752 1423 1223 5753 1421 1221 5754 1423 1223 5755 1424 1224 5756 1421 1221 5757 1424 1224 5758 1418 1218 5759 1423 1223 5760 1425 1225 5761 1424 1224 5762 1424 1224 5763 1425 1225 5764 1426 1226 5765 1424 1224 5766 1426 1226 5767 1418 1218 5768 1425 1225 5769 1343 1143 5770 1426 1226 5771 1418 1218 5772 1426 1226 5773 1427 1227 5774 1426 1226 5775 1343 1143 5776 1427 1227 5777 1418 1218 5778 1427 1227 5779 1347 1147 5780 1427 1227 5781 1343 1143 5782 1342 1142 5783 1427 1227 5784 1342 1142 5785 1347 1147 5786 1428 1228 5787 1429 1229 5788 1430 1230 5789 1428 1228 5790 1431 1231 5791 1429 1229 5792 1432 1232 5793 1428 1228 5794 1430 1230 5795 1433 1233 5796 1431 1231 5797 1428 1228 5798 1434 1234 5799 1428 1228 5800 1432 1232 5801 1434 1234 5802 1433 1233 5803 1428 1228 5804 1434 1234 5805 1435 1235 5806 1433 1233 5807 1434 1234 5808 1436 1236 5809 1435 1235 5810 1437 1237 5811 1434 1234 5812 1432 1232 5813 1438 1238 5814 1436 1236 5815 1434 1234 5816 1439 1239 5817 1434 1234 5818 1437 1237 5819 1439 1239 5820 1438 1238 5821 1434 1234 5822 1440 1240 5823 1439 1239 5824 1437 1237 5825 1441 1241 5826 1438 1238 5827 1439 1239 5828 1442 1242 5829 1439 1239 5830 1440 1240 5831 1442 1242 5832 1441 1241 5833 1439 1239 5834 1443 1243 5835 1442 1242 5836 1440 1240 5837 1444 1244 5838 1441 1241 5839 1442 1242 5840 1444 1244 5841 1442 1242 5842 1443 1243 5843 1444 1244 5844 1445 1245 5845 1441 1241 5846 1444 1244 5847 1443 1243 5848 1446 1246 5849 1444 1244 5850 1447 1247 5851 1445 1245 5852 1448 1248 5853 1444 1244 5854 1446 1246 5855 1449 1249 5856 1447 1247 5857 1444 1244 5858 1448 1248 5859 1449 1249 5860 1444 1244 5861 1450 1250 5862 1451 1251 5863 1452 1252 5864 1453 1253 5865 1450 1250 5866 1452 1252 5867 1450 1250 5868 1454 1254 5869 1451 1251 5870 1453 1253 5871 1455 1255 5872 1450 1250 5873 1453 1253 5874 1456 1256 5875 1455 1255 5876 1456 1256 5877 1457 1257 5878 1455 1255 5879 1450 1250 5880 1458 1258 5881 1454 1254 5882 1458 1258 5883 1459 1259 5884 1454 1254 5885 1455 1255 5886 1460 1260 5887 1450 1250 5888 1450 1250 5889 1460 1260 5890 1458 1258 5891 1455 1255 5892 1457 1257 5893 1460 1260 5894 1460 1260 5895 1459 1259 5896 1458 1258 5897 1457 1257 5898 1459 1259 5899 1460 1260 5900 1461 1261 5901 1462 1262 5902 1463 1263 5903 1464 1264 5904 1462 1262 5905 1461 1261 5906 1461 1261 5907 1463 1263 5908 1465 1265 5909 1464 1264 5910 1461 1261 5911 1466 1266 5912 1464 1264 5913 1466 1266 5914 1467 1267 5915 1466 1266 5916 1468 1268 5917 1467 1267 5918 1461 1261 5919 1465 1265 5920 1469 1269 5921 1469 1269 5922 1465 1265 5923 1470 1270 5924 1466 1266 5925 1461 1261 5926 1471 1271 5927 1461 1261 5928 1469 1269 5929 1471 1271 5930 1466 1266 5931 1471 1271 5932 1468 1268 5933 1471 1271 5934 1469 1269 5935 1470 1270 5936 1471 1271 5937 1470 1270 5938 1468 1268 5939 1472 1272 5940 1101 901 5941 1089 889 5942 1472 1272 5943 1108 908 5944 1101 901 5945 1085 885 5946 1472 1272 5947 1089 889 5948 1472 1272 5949 1473 1273 5950 1108 908 5951 1473 1273 5952 1117 917 5953 1108 908 5954 1085 885 5955 1474 1274 5956 1472 1272 5957 1475 1275 5958 1473 1273 5959 1472 1272 5960 1475 1275 5961 1472 1272 5962 1474 1274 5963 1476 1276 5964 1474 1274 5965 1085 885 5966 1081 881 5967 1476 1276 5968 1085 885 5969 1082 882 5970 1476 1276 5971 1081 881 5972 1477 1277 5973 1474 1274 5974 1476 1276 5975 1082 882 5976 1477 1277 5977 1476 1276 5978 1477 1277 5979 1475 1275 5980 1474 1274 5981 1082 882 5982 1478 1278 5983 1477 1277 5984 1478 1278 5985 1479 1279 5986 1477 1277 5987 1477 1277 5988 1479 1279 5989 1475 1275 5990 1478 1278 5991 1480 1280 5992 1479 1279 5993 1475 1275 5994 1481 1281 5995 1473 1273 5996 1479 1279 5997 1481 1281 5998 1475 1275 5999 1481 1281 6000 1482 1282 6001 1473 1273 6002 1473 1273 6003 1482 1282 6004 1117 917 6005 1479 1279 6006 1483 1283 6007 1481 1281 6008 1481 1281 6009 1483 1283 6010 1482 1282 6011 1480 1280 6012 1484 1284 6013 1479 1279 6014 1479 1279 6015 1484 1284 6016 1483 1283 6017 1480 1280 6018 1485 1285 6019 1484 1284 6020 1485 1285 6021 1486 1286 6022 1484 1284 6023 1482 1282 6024 1483 1283 6025 1487 1287 6026 1482 1282 6027 1487 1287 6028 1117 917 6029 1484 1284 6030 1486 1286 6031 1488 1288 6032 1486 1286 6033 1156 956 6034 1488 1288 6035 1484 1284 6036 1489 1289 6037 1483 1283 6038 1484 1284 6039 1488 1288 6040 1489 1289 6041 1488 1288 6042 1156 956 6043 1490 1290 6044 1156 956 6045 1155 955 6046 1490 1290 6047 1488 1288 6048 1490 1290 6049 1491 1291 6050 1491 1291 6051 1490 1290 6052 1155 955 6053 1488 1288 6054 1491 1291 6055 1489 1289 6056 1491 1291 6057 1155 955 6058 1144 944 6059 1491 1291 6060 1144 944 6061 1492 1292 6062 1491 1291 6063 1492 1292 6064 1489 1289 6065 1492 1292 6066 1144 944 6067 1139 939 6068 1492 1292 6069 1139 939 6070 1126 926 6071 1489 1289 6072 1492 1292 6073 1493 1293 6074 1492 1292 6075 1126 926 6076 1493 1293 6077 1483 1283 6078 1489 1289 6079 1493 1293 6080 1483 1283 6081 1493 1293 6082 1487 1287 6083 1493 1293 6084 1126 926 6085 1494 1294 6086 1487 1287 6087 1493 1293 6088 1494 1294 6089 1494 1294 6090 1126 926 6091 1116 916 6092 1494 1294 6093 1116 916 6094 1113 913 6095 1487 1287 6096 1494 1294 6097 1495 1295 6098 1495 1295 6099 1494 1294 6100 1113 913 6101 1487 1287 6102 1495 1295 6103 1117 917 6104 1495 1295 6105 1113 913 6106 1117 917 6107 1496 1296 6108 1497 1297 6109 1498 1298 6110 1498 1298 6111 1497 1297 6112 1499 1299 6113 1496 1296 6114 1498 1298 6115 1500 1300 6116 1496 1296 6117 1500 1300 6118 1501 1301 6119 1498 1298 6120 1499 1299 6121 1502 1302 6122 1500 1300 6123 1498 1298 6124 1502 1302 6125 1502 1302 6126 1499 1299 6127 1503 1303 6128 1500 1300 6129 1504 1304 6130 1501 1301 6131 1501 1301 6132 1504 1304 6133 1505 1305 6134 1500 1300 6135 1502 1302 6136 1506 1306 6137 1502 1302 6138 1503 1303 6139 1506 1306 6140 1500 1300 6141 1506 1306 6142 1504 1304 6143 1506 1306 6144 1503 1303 6145 1507 1307 6146 1506 1306 6147 1508 1308 6148 1504 1304 6149 1506 1306 6150 1507 1307 6151 1508 1308 6152 1504 1304 6153 1509 1309 6154 1505 1305 6155 1504 1304 6156 1508 1308 6157 1509 1309 6158 1505 1305 6159 1509 1309 6160 1510 1310 6161 1509 1309 6162 1511 1311 6163 1510 1310 6164 1507 1307 6165 1512 1312 6166 1508 1308 6167 1508 1308 6168 1512 1312 6169 1509 1309 6170 1507 1307 6171 1513 1313 6172 1512 1312 6173 1509 1309 6174 1514 1314 6175 1511 1311 6176 1509 1309 6177 1512 1312 6178 1514 1314 6179 1513 1313 6180 1515 1315 6181 1512 1312 6182 1512 1312 6183 1515 1315 6184 1514 1314 6185 1513 1313 6186 1516 1316 6187 1515 1315 6188 1516 1316 6189 1517 1317 6190 1515 1315 6191 1515 1315 6192 1517 1317 6193 1518 1318 6194 1514 1314 6195 1515 1315 6196 1518 1318 6197 1518 1318 6198 1517 1317 6199 1519 1319 6200 1514 1314 6201 1520 1320 6202 1511 1311 6203 1514 1314 6204 1518 1318 6205 1520 1320 6206 1511 1311 6207 1520 1320 6208 1521 1321 6209 1520 1320 6210 1522 1322 6211 1521 1321 6212 1518 1318 6213 1519 1319 6214 1523 1323 6215 1518 1318 6216 1523 1323 6217 1520 1320 6218 1520 1320 6219 1524 1324 6220 1522 1322 6221 1520 1320 6222 1523 1323 6223 1524 1324 6224 1524 1324 6225 1525 1325 6226 1522 1322 6227 1519 1319 6228 1526 1326 6229 1523 1323 6230 1523 1323 6231 1526 1326 6232 1524 1324 6233 1519 1319 6234 1527 1327 6235 1526 1326 6236 1524 1324 6237 1528 1328 6238 1525 1325 6239 1524 1324 6240 1526 1326 6241 1528 1328 6242 1528 1328 6243 1529 1329 6244 1525 1325 6245 1527 1327 6246 1530 1330 6247 1526 1326 6248 1526 1326 6249 1530 1330 6250 1528 1328 6251 1527 1327 6252 1531 1331 6253 1530 1330 6254 1528 1328 6255 1532 1332 6256 1529 1329 6257 1528 1328 6258 1530 1330 6259 1532 1332 6260 1531 1331 6261 1532 1332 6262 1530 1330 6263 1532 1332 6264 1533 1333 6265 1529 1329 6266 1531 1331 6267 1533 1333 6268 1532 1332 6269 1534 1334 6270 1535 1335 6271 1536 1336 6272 1534 1334 6273 1536 1336 6274 1537 1337 6275 1538 1338 6276 1534 1334 6277 1537 1337 6278 1535 1335 6279 1539 1339 6280 1536 1336 6281 1535 1335 6282 1540 1340 6283 1539 1339 6284 1536 1336 6285 1541 1341 6286 1537 1337 6287 1536 1336 6288 1539 1339 6289 1541 1341 6290 1540 1340 6291 1542 1342 6292 1539 1339 6293 1543 1343 6294 1542 1342 6295 1540 1340 6296 1542 1342 6297 1544 1344 6298 1539 1339 6299 1539 1339 6300 1544 1344 6301 1541 1341 6302 1543 1343 6303 1545 1345 6304 1542 1342 6305 1542 1342 6306 1545 1345 6307 1544 1344 6308 1546 1346 6309 1545 1345 6310 1543 1343 6311 1546 1346 6312 1547 1347 6313 1545 1345 6314 1545 1345 6315 1548 1348 6316 1544 1344 6317 1547 1347 6318 1548 1348 6319 1545 1345 6320 1549 1349 6321 1547 1347 6322 1546 1346 6323 1550 1350 6324 1549 1349 6325 1546 1346 6326 1547 1347 6327 1551 1351 6328 1548 1348 6329 1552 1352 6330 1549 1349 6331 1550 1350 6332 1553 1353 6333 1552 1352 6334 1550 1350 6335 1549 1349 6336 1554 1354 6337 1547 1347 6338 1547 1347 6339 1554 1354 6340 1551 1351 6341 1555 1355 6342 1552 1352 6343 1553 1353 6344 1555 1355 6345 1553 1353 6346 1556 1356 6347 1552 1352 6348 1557 1357 6349 1549 1349 6350 1555 1355 6351 1557 1357 6352 1552 1352 6353 1549 1349 6354 1557 1357 6355 1554 1354 6356 1555 1355 6357 1556 1356 6358 1558 1358 6359 1558 1358 6360 1556 1356 6361 1559 1359 6362 1555 1355 6363 1558 1358 6364 1560 1360 6365 1555 1355 6366 1560 1360 6367 1557 1357 6368 1558 1358 6369 1559 1359 6370 1561 1361 6371 1558 1358 6372 1561 1361 6373 1560 1360 6374 1559 1359 6375 1538 1338 6376 1561 1361 6377 1561 1361 6378 1538 1338 6379 1562 1362 6380 1538 1338 6381 1537 1337 6382 1562 1362 6383 1561 1361 6384 1562 1362 6385 1563 1363 6386 1561 1361 6387 1563 1363 6388 1560 1360 6389 1562 1362 6390 1537 1337 6391 1564 1364 6392 1537 1337 6393 1541 1341 6394 1564 1364 6395 1562 1362 6396 1565 1365 6397 1563 1363 6398 1562 1362 6399 1564 1364 6400 1565 1365 6401 1563 1363 6402 1566 1366 6403 1560 1360 6404 1563 1363 6405 1565 1365 6406 1566 1366 6407 1564 1364 6408 1567 1367 6409 1565 1365 6410 1564 1364 6411 1541 1341 6412 1567 1367 6413 1566 1366 6414 1565 1365 6415 1568 1368 6416 1568 1368 6417 1565 1365 6418 1567 1367 6419 1566 1366 6420 1569 1369 6421 1560 1360 6422 1566 1366 6423 1568 1368 6424 1569 1369 6425 1570 1370 6426 1567 1367 6427 1541 1341 6428 1568 1368 6429 1567 1367 6430 1570 1370 6431 1570 1370 6432 1541 1341 6433 1571 1371 6434 1572 1372 6435 1568 1368 6436 1570 1370 6437 1569 1369 6438 1568 1368 6439 1572 1372 6440 1572 1372 6441 1570 1370 6442 1571 1371 6443 1544 1344 6444 1571 1371 6445 1541 1341 6446 1569 1369 6447 1572 1372 6448 1573 1373 6449 1560 1360 6450 1569 1369 6451 1573 1373 6452 1560 1360 6453 1573 1373 6454 1557 1357 6455 1572 1372 6456 1571 1371 6457 1574 1374 6458 1573 1373 6459 1572 1372 6460 1574 1374 6461 1544 1344 6462 1575 1375 6463 1571 1371 6464 1574 1374 6465 1571 1371 6466 1575 1375 6467 1573 1373 6468 1574 1374 6469 1576 1376 6470 1557 1357 6471 1573 1373 6472 1576 1376 6473 1574 1374 6474 1575 1375 6475 1577 1377 6476 1576 1376 6477 1574 1374 6478 1577 1377 6479 1578 1378 6480 1575 1375 6481 1544 1344 6482 1577 1377 6483 1575 1375 6484 1578 1378 6485 1557 1357 6486 1576 1376 6487 1579 1379 6488 1576 1376 6489 1577 1377 6490 1579 1379 6491 1577 1377 6492 1578 1378 6493 1580 1380 6494 1579 1379 6495 1577 1377 6496 1580 1380 6497 1581 1381 6498 1578 1378 6499 1544 1344 6500 1581 1381 6501 1544 1344 6502 1548 1348 6503 1551 1351 6504 1581 1381 6505 1548 1348 6506 1578 1378 6507 1582 1382 6508 1580 1380 6509 1581 1381 6510 1582 1382 6511 1578 1378 6512 1579 1379 6513 1580 1380 6514 1582 1382 6515 1551 1351 6516 1582 1382 6517 1581 1381 6518 1583 1383 6519 1579 1379 6520 1582 1382 6521 1551 1351 6522 1583 1383 6523 1582 1382 6524 1583 1383 6525 1557 1357 6526 1579 1379 6527 1554 1354 6528 1583 1383 6529 1551 1351 6530 1554 1354 6531 1557 1357 6532 1583 1383 6533 1584 1384 6534 1585 1385 6535 1586 1386 6536 1584 1384 6537 1587 1387 6538 1585 1385 6539 1585 1385 6540 1587 1387 6541 1588 1388 6542 1584 1384 6543 1586 1386 6544 1589 1389 6545 1589 1389 6546 1586 1386 6547 1590 1390 6548 1587 1387 6549 1591 1391 6550 1588 1388 6551 1588 1388 6552 1591 1391 6553 1592 1392 6554 1589 1389 6555 1590 1390 6556 1593 1393 6557 1593 1393 6558 1590 1390 6559 1594 1394 6560 1595 1395 6561 1592 1392 6562 1591 1391 6563 1596 1396 6564 1592 1392 6565 1595 1395 6566 1593 1393 6567 1594 1394 6568 1597 1397 6569 1597 1397 6570 1594 1394 6571 1598 1398 6572 1599 1399 6573 1596 1396 6574 1595 1395 6575 1599 1399 6576 1600 1400 6577 1596 1396 6578 1597 1397 6579 1598 1398 6580 1601 1401 6581 1601 1401 6582 1598 1398 6583 1602 1402 6584 1603 1403 6585 1602 1402 6586 1600 1400 6587 1601 1401 6588 1602 1402 6589 1603 1403 6590 1603 1403 6591 1600 1400 6592 1599 1399 6593 1604 1404 6594 1597 1397 6595 1601 1401 6596 1605 1405 6597 1601 1401 6598 1603 1403 6599 1604 1404 6600 1601 1401 6601 1605 1405 6602 1606 1406 6603 1603 1403 6604 1599 1399 6605 1605 1405 6606 1603 1403 6607 1606 1406 6608 1607 1407 6609 1597 1397 6610 1604 1404 6611 1607 1407 6612 1593 1393 6613 1597 1397 6614 1608 28 6615 1604 1404 6616 1605 1405 6617 1608 28 6618 1607 1407 6619 1604 1404 6620 1608 28 6621 1605 1405 6622 1606 1406 6623 1609 1408 6624 1593 1393 6625 1607 1407 6626 1608 28 6627 1609 1408 6628 1607 1407 6629 1609 1408 6630 1589 1389 6631 1593 1393 6632 1606 1406 6633 1599 1399 6634 1610 1409 6635 1608 28 6636 1606 1406 6637 1610 1409 6638 1599 1399 6639 1595 1395 6640 1610 1409 6641 1611 1410 6642 1589 1389 6643 1609 1408 6644 1608 28 6645 1611 1410 6646 1609 1408 6647 1611 1410 6648 1584 1384 6649 1589 1389 6650 1612 1411 6651 1610 1409 6652 1595 1395 6653 1608 28 6654 1610 1409 6655 1612 1411 6656 1612 1411 6657 1595 1395 6658 1591 1391 6659 1613 1412 6660 1584 1384 6661 1611 1410 6662 1608 28 6663 1613 1412 6664 1611 1410 6665 1613 1412 6666 1587 1387 6667 1584 1384 6668 1608 28 6669 1612 1411 6670 1614 1413 6671 1608 28 6672 1614 1413 6673 1613 1412 6674 1614 1413 6675 1612 1411 6676 1591 1391 6677 1613 1412 6678 1614 1413 6679 1587 1387 6680 1614 1413 6681 1591 1391 6682 1587 1387 6683 1615 1403 6684 1616 1398 6685 1617 1402 6686 1615 1403 6687 1617 1402 6688 1618 1414 6689 1617 1402 6690 1619 1400 6691 1618 1414 6692 1615 1403 6693 1620 1415 6694 1616 1398 6695 1616 1398 6696 1620 1415 6697 1621 1394 6698 1618 1414 6699 1619 1400 6700 1622 1395 6701 1619 1400 6702 1623 1396 6703 1622 1395 6704 1615 1403 6705 1618 1414 6706 1624 1409 6707 1622 1395 6708 1623 1396 6709 1625 1391 6710 1623 1396 6711 1626 1392 6712 1625 1391 6713 1618 1414 6714 1622 1395 6715 1627 1411 6716 1618 1414 6717 1627 1411 6718 1624 1409 6719 1622 1395 6720 1628 1413 6721 1627 1411 6722 1622 1395 6723 1625 1391 6724 1628 1413 6725 1615 1403 6726 1624 1409 6727 1629 1406 6728 1615 1403 6729 1629 1406 6730 1620 1415 6731 1624 1409 6732 1627 1411 6733 1630 28 6734 1624 1409 6735 1630 28 6736 1629 1406 6737 1627 1411 6738 1628 1413 6739 1630 28 6740 1620 1415 6741 1629 1406 6742 1631 1405 6743 1629 1406 6744 1630 28 6745 1631 1405 6746 1620 1415 6747 1631 1405 6748 1632 1416 6749 1620 1415 6750 1632 1416 6751 1621 1394 6752 1621 1394 6753 1632 1416 6754 1633 1390 6755 1632 1416 6756 1631 1405 6757 1634 1404 6758 1631 1405 6759 1630 28 6760 1634 1404 6761 1632 1416 6762 1635 1417 6763 1633 1390 6764 1632 1416 6765 1634 1404 6766 1635 1417 6767 1633 1390 6768 1635 1417 6769 1636 1386 6770 1635 1417 6771 1634 1404 6772 1637 1418 6773 1634 1404 6774 1630 28 6775 1637 1418 6776 1635 1417 6777 1638 1389 6778 1636 1386 6779 1635 1417 6780 1637 1418 6781 1638 1389 6782 1636 1386 6783 1638 1389 6784 1639 1385 6785 1638 1389 6786 1637 1418 6787 1640 1408 6788 1637 1418 6789 1630 28 6790 1640 1408 6791 1638 1389 6792 1641 1384 6793 1639 1385 6794 1638 1389 6795 1640 1408 6796 1641 1384 6797 1642 1388 6798 1639 1385 6799 1641 1384 6800 1643 1410 6801 1640 1408 6802 1630 28 6803 1641 1384 6804 1640 1408 6805 1643 1410 6806 1644 1387 6807 1642 1388 6808 1641 1384 6809 1644 1387 6810 1641 1384 6811 1643 1410 6812 1626 1392 6813 1642 1388 6814 1644 1387 6815 1625 1391 6816 1626 1392 6817 1644 1387 6818 1645 1412 6819 1643 1410 6820 1630 28 6821 1644 1387 6822 1643 1410 6823 1645 1412 6824 1625 1391 6825 1644 1387 6826 1645 1412 6827 1628 1413 6828 1645 1412 6829 1630 28 6830 1625 1391 6831 1645 1412 6832 1628 1413 6833</p>
        </triangles>
      </mesh>
    </geometry>
  </library_geometries>
  <library_controllers>
    <controller id="Armature_Tire_Rear__M_CarWiicm-skin" name="Armature">
      <skin source="#Tire_Rear__M_CarWiicm_001-mesh">
        <bind_shape_matrix>1 0 0 0 0 1 0 0 0 0 1 0 0 0 0 1</bind_shape_matrix>
        <source id="Armature_Tire_Rear__M_CarWiicm-skin-joints">
          <Name_array id="Armature_Tire_Rear__M_CarWiicm-skin-joints-array" count="1">Tire_Rear</Name_array>
          <technique_common>
            <accessor source="#Armature_Tire_Rear__M_CarWiicm-skin-joints-array" count="1" stride="1">
              <param name="JOINT" type="name"/>
            </accessor>
          </technique_common>
        </source>
        <source id="Armature_Tire_Rear__M_CarWiicm-skin-bind_poses">
          <float_array id="Armature_Tire_Rear__M_CarWiicm-skin-bind_poses-array" count="16">1 0 0 0 0 -1.62921e-7 1 -9.997155 0 -1 -1.62921e-7 29.06174 0 0 0 1</float_array>
          <technique_common>
            <accessor source="#Armature_Tire_Rear__M_CarWiicm-skin-bind_poses-array" count="1" stride="16">
              <param name="TRANSFORM" type="float4x4"/>
            </accessor>
          </technique_common>
        </source>
        <source id="Armature_Tire_Rear__M_CarWiicm-skin-weights">
          <float_array id="Armature_Tire_Rear__M_CarWiicm-skin-weights-array" count="269">1 1 1 1 1 1 1 1 1 1 1 1 1 1 1 1 1 1 1 1 1 1 1 1 1 1 1 1 1 1 1 1 1 1 1 1 1 1 1 1 1 1 1 1 1 1 1 1 1 1 1 1 1 1 1 1 1 1 1 1 1 1 1 1 1 1 1 1 1 1 1 1 1 1 1 1 1 1 1 1 1 1 1 1 1 1 1 1 1 1 1 1 1 1 1 1 1 1 1 1 1 1 1 1 1 1 1 1 1 1 1 1 1 1 1 1 1 1 1 1 1 1 1 1 1 1 1 1 1 1 1 1 1 1 1 1 1 1 1 1 1 1 1 1 1 1 1 1 1 1 1 1 1 1 1 1 1 1 1 1 1 1 1 1 1 1 1 1 1 1 1 1 1 1 1 1 1 1 1 1 1 1 1 1 1 1 1 1 1 1 1 1 1 1 1 1 1 1 1 1 1 1 1 1 1 1 1 1 1 1 1 1 1 1 1 1 1 1 1 1 1 1 1 1 1 1 1 1 1 1 1 1 1 1 1 1 1 1 1 1 1 1 1 1 1 1 1 1 1 1 1 1 1 1 1 1 1 1 1 1 1 1 1 1 1 1 1 1 1</float_array>
          <technique_common>
            <accessor source="#Armature_Tire_Rear__M_CarWiicm-skin-weights-array" count="269" stride="1">
              <param name="WEIGHT" type="float"/>
            </accessor>
          </technique_common>
        </source>
        <joints>
          <input semantic="JOINT" source="#Armature_Tire_Rear__M_CarWiicm-skin-joints"/>
          <input semantic="INV_BIND_MATRIX" source="#Armature_Tire_Rear__M_CarWiicm-skin-bind_poses"/>
        </joints>
        <vertex_weights count="269">
          <input semantic="JOINT" source="#Armature_Tire_Rear__M_CarWiicm-skin-joints" offset="0"/>
          <input semantic="WEIGHT" source="#Armature_Tire_Rear__M_CarWiicm-skin-weights" offset="1"/>
          <vcount>1 1 1 1 1 1 1 1 1 1 1 1 1 1 1 1 1 1 1 1 1 1 1 1 1 1 1 1 1 1 1 1 1 1 1 1 1 1 1 1 1 1 1 1 1 1 1 1 1 1 1 1 1 1 1 1 1 1 1 1 1 1 1 1 1 1 1 1 1 1 1 1 1 1 1 1 1 1 1 1 1 1 1 1 1 1 1 1 1 1 1 1 1 1 1 1 1 1 1 1 1 1 1 1 1 1 1 1 1 1 1 1 1 1 1 1 1 1 1 1 1 1 1 1 1 1 1 1 1 1 1 1 1 1 1 1 1 1 1 1 1 1 1 1 1 1 1 1 1 1 1 1 1 1 1 1 1 1 1 1 1 1 1 1 1 1 1 1 1 1 1 1 1 1 1 1 1 1 1 1 1 1 1 1 1 1 1 1 1 1 1 1 1 1 1 1 1 1 1 1 1 1 1 1 1 1 1 1 1 1 1 1 1 1 1 1 1 1 1 1 1 1 1 1 1 1 1 1 1 1 1 1 1 1 1 1 1 1 1 1 1 1 1 1 1 1 1 1 1 1 1 1 1 1 1 1 1 1 1 1 1 1 1 1 1 1 1 1 1 </vcount>
          <v>0 0 0 1 0 2 0 3 0 4 0 5 0 6 0 7 0 8 0 9 0 10 0 11 0 12 0 13 0 14 0 15 0 16 0 17 0 18 0 19 0 20 0 21 0 22 0 23 0 24 0 25 0 26 0 27 0 28 0 29 0 30 0 31 0 32 0 33 0 34 0 35 0 36 0 37 0 38 0 39 0 40 0 41 0 42 0 43 0 44 0 45 0 46 0 47 0 48 0 49 0 50 0 51 0 52 0 53 0 54 0 55 0 56 0 57 0 58 0 59 0 60 0 61 0 62 0 63 0 64 0 65 0 66 0 67 0 68 0 69 0 70 0 71 0 72 0 73 0 74 0 75 0 76 0 77 0 78 0 79 0 80 0 81 0 82 0 83 0 84 0 85 0 86 0 87 0 88 0 89 0 90 0 91 0 92 0 93 0 94 0 95 0 96 0 97 0 98 0 99 0 100 0 101 0 102 0 103 0 104 0 105 0 106 0 107 0 108 0 109 0 110 0 111 0 112 0 113 0 114 0 115 0 116 0 117 0 118 0 119 0 120 0 121 0 122 0 123 0 124 0 125 0 126 0 127 0 128 0 129 0 130 0 131 0 132 0 133 0 134 0 135 0 136 0 137 0 138 0 139 0 140 0 141 0 142 0 143 0 144 0 145 0 146 0 147 0 148 0 149 0 150 0 151 0 152 0 153 0 154 0 155 0 156 0 157 0 158 0 159 0 160 0 161 0 162 0 163 0 164 0 165 0 166 0 167 0 168 0 169 0 170 0 171 0 172 0 173 0 174 0 175 0 176 0 177 0 178 0 179 0 180 0 181 0 182 0 183 0 184 0 185 0 186 0 187 0 188 0 189 0 190 0 191 0 192 0 193 0 194 0 195 0 196 0 197 0 198 0 199 0 200 0 201 0 202 0 203 0 204 0 205 0 206 0 207 0 208 0 209 0 210 0 211 0 212 0 213 0 214 0 215 0 216 0 217 0 218 0 219 0 220 0 221 0 222 0 223 0 224 0 225 0 226 0 227 0 228 0 229 0 230 0 231 0 232 0 233 0 234 0 235 0 236 0 237 0 238 0 239 0 240 0 241 0 242 0 243 0 244 0 245 0 246 0 247 0 248 0 249 0 250 0 251 0 252 0 253 0 254 0 255 0 256 0 257 0 258 0 259 0 260 0 261 0 262 0 263 0 264 0 265 0 266 0 267 0 268</v>
        </vertex_weights>
      </skin>
    </controller>
    <controller id="Armature_Tire_Frontwe__M_CarWiicm-skin" name="Armature">
      <skin source="#Tire_Frontwe__M_CarWiicm_001-mesh">
        <bind_shape_matrix>1 0 0 0 0 1 0 0 0 0 1 0 0 0 0 1</bind_shape_matrix>
        <source id="Armature_Tire_Frontwe__M_CarWiicm-skin-joints">
          <Name_array id="Armature_Tire_Frontwe__M_CarWiicm-skin-joints-array" count="1">Tire_Frontwe</Name_array>
          <technique_common>
            <accessor source="#Armature_Tire_Frontwe__M_CarWiicm-skin-joints-array" count="1" stride="1">
              <param name="JOINT" type="name"/>
            </accessor>
          </technique_common>
        </source>
        <source id="Armature_Tire_Frontwe__M_CarWiicm-skin-bind_poses">
          <float_array id="Armature_Tire_Frontwe__M_CarWiicm-skin-bind_poses-array" count="16">1 0 0 3.8147e-6 0 -1.62921e-7 1 -9.997155 0 -1 -1.62921e-7 -31.07828 0 0 0 1</float_array>
          <technique_common>
            <accessor source="#Armature_Tire_Frontwe__M_CarWiicm-skin-bind_poses-array" count="1" stride="16">
              <param name="TRANSFORM" type="float4x4"/>
            </accessor>
          </technique_common>
        </source>
        <source id="Armature_Tire_Frontwe__M_CarWiicm-skin-weights">
          <float_array id="Armature_Tire_Frontwe__M_CarWiicm-skin-weights-array" count="262">1 1 1 1 1 1 1 1 1 1 1 1 1 1 1 1 1 1 1 1 1 1 1 1 1 1 1 1 1 1 1 1 1 1 1 1 1 1 1 1 1 1 1 1 1 1 1 1 1 1 1 1 1 1 1 1 1 1 1 1 1 1 1 1 1 1 1 1 1 1 1 1 1 1 1 1 1 1 1 1 1 1 1 1 1 1 1 1 1 1 1 1 1 1 1 1 1 1 1 1 1 1 1 1 1 1 1 1 1 1 1 1 1 1 1 1 1 1 1 1 1 1 1 1 1 1 1 1 1 1 1 1 1 1 1 1 1 1 1 1 1 1 1 1 1 1 1 1 1 1 1 1 1 1 1 1 1 1 1 1 1 1 1 1 1 1 1 1 1 1 1 1 1 1 1 1 1 1 1 1 1 1 1 1 1 1 1 1 1 1 1 1 1 1 1 1 1 1 1 1 1 1 1 1 1 1 1 1 1 1 1 1 1 1 1 1 1 1 1 1 1 1 1 1 1 1 1 1 1 1 1 1 1 1 1 1 1 1 1 1 1 1 1 1 1 1 1 1 1 1 1 1 1 1 1 1 1 1 1 1 1 1</float_array>
          <technique_common>
            <accessor source="#Armature_Tire_Frontwe__M_CarWiicm-skin-weights-array" count="262" stride="1">
              <param name="WEIGHT" type="float"/>
            </accessor>
          </technique_common>
        </source>
        <joints>
          <input semantic="JOINT" source="#Armature_Tire_Frontwe__M_CarWiicm-skin-joints"/>
          <input semantic="INV_BIND_MATRIX" source="#Armature_Tire_Frontwe__M_CarWiicm-skin-bind_poses"/>
        </joints>
        <vertex_weights count="262">
          <input semantic="JOINT" source="#Armature_Tire_Frontwe__M_CarWiicm-skin-joints" offset="0"/>
          <input semantic="WEIGHT" source="#Armature_Tire_Frontwe__M_CarWiicm-skin-weights" offset="1"/>
          <vcount>1 1 1 1 1 1 1 1 1 1 1 1 1 1 1 1 1 1 1 1 1 1 1 1 1 1 1 1 1 1 1 1 1 1 1 1 1 1 1 1 1 1 1 1 1 1 1 1 1 1 1 1 1 1 1 1 1 1 1 1 1 1 1 1 1 1 1 1 1 1 1 1 1 1 1 1 1 1 1 1 1 1 1 1 1 1 1 1 1 1 1 1 1 1 1 1 1 1 1 1 1 1 1 1 1 1 1 1 1 1 1 1 1 1 1 1 1 1 1 1 1 1 1 1 1 1 1 1 1 1 1 1 1 1 1 1 1 1 1 1 1 1 1 1 1 1 1 1 1 1 1 1 1 1 1 1 1 1 1 1 1 1 1 1 1 1 1 1 1 1 1 1 1 1 1 1 1 1 1 1 1 1 1 1 1 1 1 1 1 1 1 1 1 1 1 1 1 1 1 1 1 1 1 1 1 1 1 1 1 1 1 1 1 1 1 1 1 1 1 1 1 1 1 1 1 1 1 1 1 1 1 1 1 1 1 1 1 1 1 1 1 1 1 1 1 1 1 1 1 1 1 1 1 1 1 1 1 1 1 1 1 1 </vcount>
          <v>0 0 0 1 0 2 0 3 0 4 0 5 0 6 0 7 0 8 0 9 0 10 0 11 0 12 0 13 0 14 0 15 0 16 0 17 0 18 0 19 0 20 0 21 0 22 0 23 0 24 0 25 0 26 0 27 0 28 0 29 0 30 0 31 0 32 0 33 0 34 0 35 0 36 0 37 0 38 0 39 0 40 0 41 0 42 0 43 0 44 0 45 0 46 0 47 0 48 0 49 0 50 0 51 0 52 0 53 0 54 0 55 0 56 0 57 0 58 0 59 0 60 0 61 0 62 0 63 0 64 0 65 0 66 0 67 0 68 0 69 0 70 0 71 0 72 0 73 0 74 0 75 0 76 0 77 0 78 0 79 0 80 0 81 0 82 0 83 0 84 0 85 0 86 0 87 0 88 0 89 0 90 0 91 0 92 0 93 0 94 0 95 0 96 0 97 0 98 0 99 0 100 0 101 0 102 0 103 0 104 0 105 0 106 0 107 0 108 0 109 0 110 0 111 0 112 0 113 0 114 0 115 0 116 0 117 0 118 0 119 0 120 0 121 0 122 0 123 0 124 0 125 0 126 0 127 0 128 0 129 0 130 0 131 0 132 0 133 0 134 0 135 0 136 0 137 0 138 0 139 0 140 0 141 0 142 0 143 0 144 0 145 0 146 0 147 0 148 0 149 0 150 0 151 0 152 0 153 0 154 0 155 0 156 0 157 0 158 0 159 0 160 0 161 0 162 0 163 0 164 0 165 0 166 0 167 0 168 0 169 0 170 0 171 0 172 0 173 0 174 0 175 0 176 0 177 0 178 0 179 0 180 0 181 0 182 0 183 0 184 0 185 0 186 0 187 0 188 0 189 0 190 0 191 0 192 0 193 0 194 0 195 0 196 0 197 0 198 0 199 0 200 0 201 0 202 0 203 0 204 0 205 0 206 0 207 0 208 0 209 0 210 0 211 0 212 0 213 0 214 0 215 0 216 0 217 0 218 0 219 0 220 0 221 0 222 0 223 0 224 0 225 0 226 0 227 0 228 0 229 0 230 0 231 0 232 0 233 0 234 0 235 0 236 0 237 0 238 0 239 0 240 0 241 0 242 0 243 0 244 0 245 0 246 0 247 0 248 0 249 0 250 0 251 0 252 0 253 0 254 0 255 0 256 0 257 0 258 0 259 0 260 0 261</v>
        </vertex_weights>
      </skin>
    </controller>
    <controller id="Armature_CarWiicm__M_CarWiicm-skin" name="Armature">
      <skin source="#CarWiicm__M_CarWiicm_001-mesh">
        <bind_shape_matrix>1 0 0 0 0 1 0 0 0 0 1 0 0 0 0 1</bind_shape_matrix>
        <source id="Armature_CarWiicm__M_CarWiicm-skin-joints">
          <Name_array id="Armature_CarWiicm__M_CarWiicm-skin-joints-array" count="1">CarWiicm</Name_array>
          <technique_common>
            <accessor source="#Armature_CarWiicm__M_CarWiicm-skin-joints-array" count="1" stride="1">
              <param name="JOINT" type="name"/>
            </accessor>
          </technique_common>
        </source>
        <source id="Armature_CarWiicm__M_CarWiicm-skin-bind_poses">
          <float_array id="Armature_CarWiicm__M_CarWiicm-skin-bind_poses-array" count="16">1 0 0 0 0 -1.62921e-7 1 0 0 -1 -1.62921e-7 0 0 0 0 1</float_array>
          <technique_common>
            <accessor source="#Armature_CarWiicm__M_CarWiicm-skin-bind_poses-array" count="1" stride="16">
              <param name="TRANSFORM" type="float4x4"/>
            </accessor>
          </technique_common>
        </source>
        <source id="Armature_CarWiicm__M_CarWiicm-skin-weights">
          <float_array id="Armature_CarWiicm__M_CarWiicm-skin-weights-array" count="2708">1 1 1 1 1 1 1 1 1 1 1 1 1 1 1 1 1 1 1 1 1 1 1 1 1 1 1 1 1 1 1 1 1 1 1 1 1 1 1 1 1 1 1 1 1 1 1 1 1 1 1 1 1 1 1 1 1 1 1 1 1 1 1 1 1 1 1 1 1 1 1 1 1 1 1 1 1 1 1 1 1 1 1 1 1 1 1 1 1 1 1 1 1 1 1 1 1 1 1 1 1 1 1 1 1 1 1 1 1 1 1 1 1 1 1 1 1 1 1 1 1 1 1 1 1 1 1 1 1 1 1 1 1 1 1 1 1 1 1 1 1 1 1 1 1 1 1 1 1 1 1 1 1 1 1 1 1 1 1 1 1 1 1 1 1 1 1 1 1 1 1 1 1 1 1 1 1 1 1 1 1 1 1 1 1 1 1 1 1 1 1 1 1 1 1 1 1 1 1 1 1 1 1 1 1 1 1 1 1 1 1 1 1 1 1 1 1 1 1 1 1 1 1 1 1 1 1 1 1 1 1 1 1 1 1 1 1 1 1 1 1 1 1 1 1 1 1 1 1 1 1 1 1 1 1 1 1 1 1 1 1 1 1 1 1 1 1 1 1 1 1 1 1 1 1 1 1 1 1 1 1 1 1 1 1 1 1 1 1 1 1 1 1 1 1 1 1 1 1 1 1 1 1 1 1 1 1 1 1 1 1 1 1 1 1 1 1 1 1 1 1 1 1 1 1 1 1 1 1 1 1 1 1 1 1 1 1 1 1 1 1 1 1 1 1 1 1 1 1 1 1 1 1 1 1 1 1 1 1 1 1 1 1 1 1 1 1 1 1 1 1 1 1 1 1 1 1 1 1 1 1 1 1 1 1 1 1 1 1 1 1 1 1 1 1 1 1 1 1 1 1 1 1 1 1 1 1 1 1 1 1 1 1 1 1 1 1 1 1 1 1 1 1 1 1 1 1 1 1 1 1 1 1 1 1 1 1 1 1 1 1 1 1 1 1 1 1 1 1 1 1 1 1 1 1 1 1 1 1 1 1 1 1 1 1 1 1 1 1 1 1 1 1 1 1 1 1 1 1 1 1 1 1 1 1 1 1 1 1 1 1 1 1 1 1 1 1 1 1 1 1 1 1 1 1 1 1 1 1 1 1 1 1 1 1 1 1 1 1 1 1 1 1 1 1 1 1 1 1 1 1 1 1 1 1 1 1 1 1 1 1 1 1 1 1 1 1 1 1 1 1 1 1 1 1 1 1 1 1 1 1 1 1 1 1 1 1 1 1 1 1 1 1 1 1 1 1 1 1 1 1 1 1 1 1 1 1 1 1 1 1 1 1 1 1 1 1 1 1 1 1 1 1 1 1 1 1 1 1 1 1 1 1 1 1 1 1 1 1 1 1 1 1 1 1 1 1 1 1 1 1 1 1 1 1 1 1 1 1 1 1 1 1 1 1 1 1 1 1 1 1 1 1 1 1 1 1 1 1 1 1 1 1 1 1 1 1 1 1 1 1 1 1 1 1 1 1 1 1 1 1 1 1 1 1 1 1 1 1 1 1 1 1 1 1 1 1 1 1 1 1 1 1 1 1 1 1 1 1 1 1 1 1 1 1 1 1 1 1 1 1 1 1 1 1 1 1 1 1 1 1 1 1 1 1 1 1 1 1 1 1 1 1 1 1 1 1 1 1 1 1 1 1 1 1 1 1 1 1 1 1 1 1 1 1 1 1 1 1 1 1 1 1 1 1 1 1 1 1 1 1 1 1 1 1 1 1 1 1 1 1 1 1 1 1 1 1 1 1 1 1 1 1 1 1 1 1 1 1 1 1 1 1 1 1 1 1 1 1 1 1 1 1 1 1 1 1 1 1 1 1 1 1 1 1 1 1 1 1 1 1 1 1 1 1 1 1 1 1 1 1 1 1 1 1 1 1 1 1 1 1 1 1 1 1 1 1 1 1 1 1 1 1 1 1 1 1 1 1 1 1 1 1 1 1 1 1 1 1 1 1 1 1 1 1 1 1 1 1 1 1 1 1 1 1 1 1 1 1 1 1 1 1 1 1 1 1 1 1 1 1 1 1 1 1 1 1 1 1 1 1 1 1 1 1 1 1 1 1 1 1 1 1 1 1 1 1 1 1 1 1 1 1 1 1 1 1 1 1 1 1 1 1 1 1 1 1 1 1 1 1 1 1 1 1 1 1 1 1 1 1 1 1 1 1 1 1 1 1 1 1 1 1 1 1 1 1 1 1 1 1 1 1 1 1 1 1 1 1 1 1 1 1 1 1 1 1 1 1 1 1 1 1 1 1 1 1 1 1 1 1 1 1 1 1 1 1 1 1 1 1 1 1 1 1 1 1 1 1 1 1 1 1 1 1 1 1 1 1 1 1 1 1 1 1 1 1 1 1 1 1 1 1 1 1 1 1 1 1 1 1 1 1 1 1 1 1 1 1 1 1 1 1 1 1 1 1 1 1 1 1 1 1 1 1 1 1 1 1 1 1 1 1 1 1 1 1 1 1 1 1 1 1 1 1 1 1 1 1 1 1 1 1 1 1 1 1 1 1 1 1 1 1 1 1 1 1 1 1 1 1 1 1 1 1 1 1 1 1 1 1 1 1 1 1 1 1 1 1 1 1 1 1 1 1 1 1 1 1 1 1 1 1 1 1 1 1 1 1 1 1 1 1 1 1 1 1 1 1 1 1 1 1 1 1 1 1 1 1 1 1 1 1 1 1 1 1 1 1 1 1 1 1 1 1 1 1 1 1 1 1 1 1 1 1 1 1 1 1 1 1 1 1 1 1 1 1 1 1 1 1 1 1 1 1 1 1 1 1 1 1 1 1 1 1 1 1 1 1 1 1 1 1 1 1 1 1 1 1 1 1 1 1 1 1 1 1 1 1 1 1 1 1 1 1 1 1 1 1 1 1 1 1 1 1 1 1 1 1 1 1 1 1 1 1 1 1 1 1 1 1 1 1 1 1 1 1 1 1 1 1 1 1 1 1 1 1 1 1 1 1 1 1 1 1 1 1 1 1 1 1 1 1 1 1 1 1 1 1 1 1 1 1 1 1 1 1 1 1 1 1 1 1 1 1 1 1 1 1 1 1 1 1 1 1 1 1 1 1 1 1 1 1 1 1 1 1 1 1 1 1 1 1 1 1 1 1 1 1 1 1 1 1 1 1 1 1 1 1 1 1 1 1 1 1 1 1 1 1 1 1 1 1 1 1 1 1 1 1 1 1 1 1 1 1 1 1 1 1 1 1 1 1 1 1 1 1 1 1 1 1 1 1 1 1 1 1 1 1 1 1 1 1 1 1 1 1 1 1 1 1 1 1 1 1 1 1 1 1 1 1 1 1 1 1 1 1 1 1 1 1 1 1 1 1 1 1 1 1 1 1 1 1 1 1 1 1 1 1 1 1 1 1 1 1 1 1 1 1 1 1 1 1 1 1 1 1 1 1 1 1 1 1 1 1 1 1 1 1 1 1 1 1 1 1 1 1 1 1 1 1 1 1 1 1 1 1 1 1 1 1 1 1 1 1 1 1 1 1 1 1 1 1 1 1 1 1 1 1 1 1 1 1 1 1 1 1 1 1 1 1 1 1 1 1 1 1 1 1 1 1 1 1 1 1 1 1 1 1 1 1 1 1 1 1 1 1 1 1 1 1 1 1 1 1 1 1 1 1 1 1 1 1 1 1 1 1 1 1 1 1 1 1 1 1 1 1 1 1 1 1 1 1 1 1 1 1 1 1 1 1 1 1 1 1 1 1 1 1 1 1 1 1 1 1 1 1 1 1 1 1 1 1 1 1 1 1 1 1 1 1 1 1 1 1 1 1 1 1 1 1 1 1 1 1 1 1 1 1 1 1 1 1 1 1 1 1 1 1 1 1 1 1 1 1 1 1 1 1 1 1 1 1 1 1 1 1 1 1 1 1 1 1 1 1 1 1 1 1 1 1 1 1 1 1 1 1 1 1 1 1 1 1 1 1 1 1 1 1 1 1 1 1 1 1 1 1 1 1 1 1 1 1 1 1 1 1 1 1 1 1 1 1 1 1 1 1 1 1 1 1 1 1 1 1 1 1 1 1 1 1 1 1 1 1 1 1 1 1 1 1 1 1 1 1 1 1 1 1 1 1 1 1 1 1 1 1 1 1 1 1 1 1 1 1 1 1 1 1 1 1 1 1 1 1 1 1 1 1 1 1 1 1 1 1 1 1 1 1 1 1 1 1 1 1 1 1 1 1 1 1 1 1 1 1 1 1 1 1 1 1 1 1 1 1 1 1 1 1 1 1 1 1 1 1 1 1 1 1 1 1 1 1 1 1 1 1 1 1 1 1 1 1 1 1 1 1 1 1 1 1 1 1 1 1 1 1 1 1 1 1 1 1 1 1 1 1 1 1 1 1 1 1 1 1 1 1 1 1 1 1 1 1 1 1 1 1 1 1 1 1 1 1 1 1 1 1 1 1 1 1 1 1 1 1 1 1 1 1 1 1 1 1 1 1 1 1 1 1 1 1 1 1 1 1 1 1 1 1 1 1 1 1 1 1 1 1 1 1 1 1 1 1 1 1 1 1 1 1 1 1 1 1 1 1 1 1 1 1 1 1 1 1 1 1 1 1 1 1 1 1 1 1 1 1 1 1 1 1 1 1 1 1 1 1 1 1 1 1 1 1 1 1 1 1 1 1 1 1 1 1 1 1 1 1 1 1 1 1 1 1 1 1 1 1 1 1 1 1 1 1 1 1 1 1 1 1 1 1 1 1 1 1 1 1 1 1 1 1 1 1 1 1 1 1 1 1 1 1 1 1 1 1 1 1 1 1 1 1 1 1 1 1 1 1 1 1 1 1 1 1 1 1 1 1 1 1 1 1 1 1 1 1 1 1 1 1 1 1 1 1 1 1 1 1 1 1 1 1 1 1 1 1 1 1 1 1 1 1 1 1 1 1 1 1 1 1 1 1 1 1 1 1 1 1 1 1 1 1 1 1 1 1 1 1 1 1 1 1 1 1 1 1 1 1 1 1 1 1 1 1 1 1 1 1 1 1 1 1 1 1 1 1 1 1 1 1 1 1 1 1 1 1 1 1 1 1 1 1 1 1 1 1 1 1 1 1 1 1 1 1 1 1 1 1 1 1 1 1 1 1 1 1 1 1 1 1 1 1 1 1 1 1 1 1 1 1 1 1 1 1 1 1 1 1 1 1 1 1 1 1 1 1 1 1 1 1 1 1 1 1 1 1 1 1 1 1 1 1 1 1 1 1 1 1 1 1 1 1 1 1 1 1 1 1 1 1 1 1 1 1 1 1 1 1 1 1 1 1 1 1 1 1 1 1 1 1 1 1 1 1 1 1 1 1 1 1 1 1 1 1 1 1 1 1 1 1 1 1 1 1 1 1 1 1 1 1 1 1 1 1 1 1 1 1 1 1 1 1 1 1 1 1 1 1 1 1 1 1 1 1 1 1 1 1 1 1 1 1 1 1 1 1 1 1 1 1 1 1 1 1 1 1 1 1 1 1 1 1 1 1 1 1 1 1 1 1 1 1 1 1 1 1 1 1 1 1 1 1 1 1 1 1 1 1 1 1 1 1 1 1 1 1 1 1 1 1 1 1 1 1 1 1 1 1 1 1 1 1 1 1 1 1 1 1 1 1 1 1 1 1 1 1 1 1 1 1 1 1 1 1 1 1 1 1 1 1 1 1 1 1 1 1 1 1 1 1 1 1 1 1 1 1 1 1 1 1 1 1 1 1 1 1 1 1 1 1 1 1 1 1 1 1 1 1 1 1 1 1 1 1 1 1 1 1 1 1 1 1 1 1 1 1 1 1 1 1 1 1 1 1 1 1 1 1 1 1 1 1 1 1 1 1 1 1 1 1 1 1 1 1 1 1 1 1 1 1 1 1 1 1 1 1 1 1 1 1 1 1 1 1 1 1 1 1 1 1 1 1 1 1 1 1 1 1 1 1 1 1 1 1 1 1 1 1 1 1 1 1 1 1 1 1 1 1 1 1 1 1 1 1 1 1 1 1 1 1 1 1 1 1 1 1 1 1 1 1 1 1 1 1 1 1 1 1 1 1 1</float_array>
          <technique_common>
            <accessor source="#Armature_CarWiicm__M_CarWiicm-skin-weights-array" count="2708" stride="1">
              <param name="WEIGHT" type="float"/>
            </accessor>
          </technique_common>
        </source>
        <joints>
          <input semantic="JOINT" source="#Armature_CarWiicm__M_CarWiicm-skin-joints"/>
          <input semantic="INV_BIND_MATRIX" source="#Armature_CarWiicm__M_CarWiicm-skin-bind_poses"/>
        </joints>
        <vertex_weights count="2708">
          <input semantic="JOINT" source="#Armature_CarWiicm__M_CarWiicm-skin-joints" offset="0"/>
          <input semantic="WEIGHT" source="#Armature_CarWiicm__M_CarWiicm-skin-weights" offset="1"/>
          <vcount>1 1 1 1 1 1 1 1 1 1 1 1 1 1 1 1 1 1 1 1 1 1 1 1 1 1 1 1 1 1 1 1 1 1 1 1 1 1 1 1 1 1 1 1 1 1 1 1 1 1 1 1 1 1 1 1 1 1 1 1 1 1 1 1 1 1 1 1 1 1 1 1 1 1 1 1 1 1 1 1 1 1 1 1 1 1 1 1 1 1 1 1 1 1 1 1 1 1 1 1 1 1 1 1 1 1 1 1 1 1 1 1 1 1 1 1 1 1 1 1 1 1 1 1 1 1 1 1 1 1 1 1 1 1 1 1 1 1 1 1 1 1 1 1 1 1 1 1 1 1 1 1 1 1 1 1 1 1 1 1 1 1 1 1 1 1 1 1 1 1 1 1 1 1 1 1 1 1 1 1 1 1 1 1 1 1 1 1 1 1 1 1 1 1 1 1 1 1 1 1 1 1 1 1 1 1 1 1 1 1 1 1 1 1 1 1 1 1 1 1 1 1 1 1 1 1 1 1 1 1 1 1 1 1 1 1 1 1 1 1 1 1 1 1 1 1 1 1 1 1 1 1 1 1 1 1 1 1 1 1 1 1 1 1 1 1 1 1 1 1 1 1 1 1 1 1 1 1 1 1 1 1 1 1 1 1 1 1 1 1 1 1 1 1 1 1 1 1 1 1 1 1 1 1 1 1 1 1 1 1 1 1 1 1 1 1 1 1 1 1 1 1 1 1 1 1 1 1 1 1 1 1 1 1 1 1 1 1 1 1 1 1 1 1 1 1 1 1 1 1 1 1 1 1 1 1 1 1 1 1 1 1 1 1 1 1 1 1 1 1 1 1 1 1 1 1 1 1 1 1 1 1 1 1 1 1 1 1 1 1 1 1 1 1 1 1 1 1 1 1 1 1 1 1 1 1 1 1 1 1 1 1 1 1 1 1 1 1 1 1 1 1 1 1 1 1 1 1 1 1 1 1 1 1 1 1 1 1 1 1 1 1 1 1 1 1 1 1 1 1 1 1 1 1 1 1 1 1 1 1 1 1 1 1 1 1 1 1 1 1 1 1 1 1 1 1 1 1 1 1 1 1 1 1 1 1 1 1 1 1 1 1 1 1 1 1 1 1 1 1 1 1 1 1 1 1 1 1 1 1 1 1 1 1 1 1 1 1 1 1 1 1 1 1 1 1 1 1 1 1 1 1 1 1 1 1 1 1 1 1 1 1 1 1 1 1 1 1 1 1 1 1 1 1 1 1 1 1 1 1 1 1 1 1 1 1 1 1 1 1 1 1 1 1 1 1 1 1 1 1 1 1 1 1 1 1 1 1 1 1 1 1 1 1 1 1 1 1 1 1 1 1 1 1 1 1 1 1 1 1 1 1 1 1 1 1 1 1 1 1 1 1 1 1 1 1 1 1 1 1 1 1 1 1 1 1 1 1 1 1 1 1 1 1 1 1 1 1 1 1 1 1 1 1 1 1 1 1 1 1 1 1 1 1 1 1 1 1 1 1 1 1 1 1 1 1 1 1 1 1 1 1 1 1 1 1 1 1 1 1 1 1 1 1 1 1 1 1 1 1 1 1 1 1 1 1 1 1 1 1 1 1 1 1 1 1 1 1 1 1 1 1 1 1 1 1 1 1 1 1 1 1 1 1 1 1 1 1 1 1 1 1 1 1 1 1 1 1 1 1 1 1 1 1 1 1 1 1 1 1 1 1 1 1 1 1 1 1 1 1 1 1 1 1 1 1 1 1 1 1 1 1 1 1 1 1 1 1 1 1 1 1 1 1 1 1 1 1 1 1 1 1 1 1 1 1 1 1 1 1 1 1 1 1 1 1 1 1 1 1 1 1 1 1 1 1 1 1 1 1 1 1 1 1 1 1 1 1 1 1 1 1 1 1 1 1 1 1 1 1 1 1 1 1 1 1 1 1 1 1 1 1 1 1 1 1 1 1 1 1 1 1 1 1 1 1 1 1 1 1 1 1 1 1 1 1 1 1 1 1 1 1 1 1 1 1 1 1 1 1 1 1 1 1 1 1 1 1 1 1 1 1 1 1 1 1 1 1 1 1 1 1 1 1 1 1 1 1 1 1 1 1 1 1 1 1 1 1 1 1 1 1 1 1 1 1 1 1 1 1 1 1 1 1 1 1 1 1 1 1 1 1 1 1 1 1 1 1 1 1 1 1 1 1 1 1 1 1 1 1 1 1 1 1 1 1 1 1 1 1 1 1 1 1 1 1 1 1 1 1 1 1 1 1 1 1 1 1 1 1 1 1 1 1 1 1 1 1 1 1 1 1 1 1 1 1 1 1 1 1 1 1 1 1 1 1 1 1 1 1 1 1 1 1 1 1 1 1 1 1 1 1 1 1 1 1 1 1 1 1 1 1 1 1 1 1 1 1 1 1 1 1 1 1 1 1 1 1 1 1 1 1 1 1 1 1 1 1 1 1 1 1 1 1 1 1 1 1 1 1 1 1 1 1 1 1 1 1 1 1 1 1 1 1 1 1 1 1 1 1 1 1 1 1 1 1 1 1 1 1 1 1 1 1 1 1 1 1 1 1 1 1 1 1 1 1 1 1 1 1 1 1 1 1 1 1 1 1 1 1 1 1 1 1 1 1 1 1 1 1 1 1 1 1 1 1 1 1 1 1 1 1 1 1 1 1 1 1 1 1 1 1 1 1 1 1 1 1 1 1 1 1 1 1 1 1 1 1 1 1 1 1 1 1 1 1 1 1 1 1 1 1 1 1 1 1 1 1 1 1 1 1 1 1 1 1 1 1 1 1 1 1 1 1 1 1 1 1 1 1 1 1 1 1 1 1 1 1 1 1 1 1 1 1 1 1 1 1 1 1 1 1 1 1 1 1 1 1 1 1 1 1 1 1 1 1 1 1 1 1 1 1 1 1 1 1 1 1 1 1 1 1 1 1 1 1 1 1 1 1 1 1 1 1 1 1 1 1 1 1 1 1 1 1 1 1 1 1 1 1 1 1 1 1 1 1 1 1 1 1 1 1 1 1 1 1 1 1 1 1 1 1 1 1 1 1 1 1 1 1 1 1 1 1 1 1 1 1 1 1 1 1 1 1 1 1 1 1 1 1 1 1 1 1 1 1 1 1 1 1 1 1 1 1 1 1 1 1 1 1 1 1 1 1 1 1 1 1 1 1 1 1 1 1 1 1 1 1 1 1 1 1 1 1 1 1 1 1 1 1 1 1 1 1 1 1 1 1 1 1 1 1 1 1 1 1 1 1 1 1 1 1 1 1 1 1 1 1 1 1 1 1 1 1 1 1 1 1 1 1 1 1 1 1 1 1 1 1 1 1 1 1 1 1 1 1 1 1 1 1 1 1 1 1 1 1 1 1 1 1 1 1 1 1 1 1 1 1 1 1 1 1 1 1 1 1 1 1 1 1 1 1 1 1 1 1 1 1 1 1 1 1 1 1 1 1 1 1 1 1 1 1 1 1 1 1 1 1 1 1 1 1 1 1 1 1 1 1 1 1 1 1 1 1 1 1 1 1 1 1 1 1 1 1 1 1 1 1 1 1 1 1 1 1 1 1 1 1 1 1 1 1 1 1 1 1 1 1 1 1 1 1 1 1 1 1 1 1 1 1 1 1 1 1 1 1 1 1 1 1 1 1 1 1 1 1 1 1 1 1 1 1 1 1 1 1 1 1 1 1 1 1 1 1 1 1 1 1 1 1 1 1 1 1 1 1 1 1 1 1 1 1 1 1 1 1 1 1 1 1 1 1 1 1 1 1 1 1 1 1 1 1 1 1 1 1 1 1 1 1 1 1 1 1 1 1 1 1 1 1 1 1 1 1 1 1 1 1 1 1 1 1 1 1 1 1 1 1 1 1 1 1 1 1 1 1 1 1 1 1 1 1 1 1 1 1 1 1 1 1 1 1 1 1 1 1 1 1 1 1 1 1 1 1 1 1 1 1 1 1 1 1 1 1 1 1 1 1 1 1 1 1 1 1 1 1 1 1 1 1 1 1 1 1 1 1 1 1 1 1 1 1 1 1 1 1 1 1 1 1 1 1 1 1 1 1 1 1 1 1 1 1 1 1 1 1 1 1 1 1 1 1 1 1 1 1 1 1 1 1 1 1 1 1 1 1 1 1 1 1 1 1 1 1 1 1 1 1 1 1 1 1 1 1 1 1 1 1 1 1 1 1 1 1 1 1 1 1 1 1 1 1 1 1 1 1 1 1 1 1 1 1 1 1 1 1 1 1 1 1 1 1 1 1 1 1 1 1 1 1 1 1 1 1 1 1 1 1 1 1 1 1 1 1 1 1 1 1 1 1 1 1 1 1 1 1 1 1 1 1 1 1 1 1 1 1 1 1 1 1 1 1 1 1 1 1 1 1 1 1 1 1 1 1 1 1 1 1 1 1 1 1 1 1 1 1 1 1 1 1 1 1 1 1 1 1 1 1 1 1 1 1 1 1 1 1 1 1 1 1 1 1 1 1 1 1 1 1 1 1 1 1 1 1 1 1 1 1 1 1 1 1 1 1 1 1 1 1 1 1 1 1 1 1 1 1 1 1 1 1 1 1 1 1 1 1 1 1 1 1 1 1 1 1 1 1 1 1 1 1 1 1 1 1 1 1 1 1 1 1 1 1 1 1 1 1 1 1 1 1 1 1 1 1 1 1 1 1 1 1 1 1 1 1 1 1 1 1 1 1 1 1 1 1 1 1 1 1 1 1 1 1 1 1 1 1 1 1 1 1 1 1 1 1 1 1 1 1 1 1 1 1 1 1 1 1 1 1 1 1 1 1 1 1 1 1 1 1 1 1 1 1 1 1 1 1 1 1 1 1 1 1 1 1 1 1 1 1 1 1 1 1 1 1 1 1 1 1 1 1 1 1 1 1 1 1 1 1 1 1 1 1 1 1 1 1 1 1 1 1 1 1 1 1 1 1 1 1 1 1 1 1 1 1 1 1 1 1 1 1 1 1 1 1 1 1 1 1 1 1 1 1 1 1 1 1 1 1 1 1 1 1 1 1 1 1 1 1 1 1 1 1 1 1 1 1 1 1 1 1 1 1 1 1 1 1 1 1 1 1 1 1 1 1 1 1 1 1 1 1 1 1 1 1 1 1 1 1 1 1 1 1 1 1 1 1 1 1 1 1 1 1 1 1 1 1 1 1 1 1 1 1 1 1 1 1 1 1 1 1 1 1 1 1 1 1 1 1 1 1 1 1 1 1 1 1 1 1 1 1 1 1 1 1 1 1 1 1 1 1 1 1 1 1 1 1 1 1 1 1 1 1 1 1 1 1 1 1 1 1 1 1 1 1 1 1 1 1 1 1 1 1 1 1 1 1 1 1 1 1 1 1 1 1 1 1 1 1 1 1 1 1 1 1 1 1 1 1 1 1 1 1 1 1 1 1 1 1 1 1 1 1 1 1 1 1 1 1 1 1 1 1 1 1 1 1 1 1 1 1 1 1 1 1 1 1 1 1 1 1 1 1 1 1 1 1 1 1 1 1 1 1 1 1 1 1 1 1 1 1 1 1 1 1 1 1 1 1 1 1 1 1 1 1 1 1 1 1 1 1 1 1 1 1 1 1 1 1 1 1 1 1 1 1 1 1 1 1 1 1 1 1 1 1 1 1 1 1 1 1 1 1 1 1 1 1 1 1 1 1 1 1 1 1 1 1 1 1 1 1 1 1 1 1 1 1 1 1 1 1 1 1 1 1 1 1 1 1 1 1 1 1 1 1 1 1 1 1 1 1 1 1 1 1 1 1 1 1 1 1 1 1 1 1 1 1 1 1 1 1 1 1 1 1 1 1 1 1 1 1 1 1 1 1 1 1 1 1 1 1 1 1 1 1 1 1 1 1 1 1 1 1 1 1 1 1 1 1 1 1 1 1 1 1 1 1 1 1 1 1 1 1 1 1 1 1 1 1 1 1 1 1 1 1 1 1 1 1 1 1 1 1 1 1 1 1 1 1 1 1 1 1 1 1 1 1 1 1 1 1 1 1 1 1 1 1 1 1 1 1 1 1 1 1 1 1 1 1 1 1 1 1 1 1 1 1 1 1 1 1 1 1 1 1 1 1 1 1 </vcount>
          <v>0 0 0 1 0 2 0 3 0 4 0 5 0 6 0 7 0 8 0 9 0 10 0 11 0 12 0 13 0 14 0 15 0 16 0 17 0 18 0 19 0 20 0 21 0 22 0 23 0 24 0 25 0 26 0 27 0 28 0 29 0 30 0 31 0 32 0 33 0 34 0 35 0 36 0 37 0 38 0 39 0 40 0 41 0 42 0 43 0 44 0 45 0 46 0 47 0 48 0 49 0 50 0 51 0 52 0 53 0 54 0 55 0 56 0 57 0 58 0 59 0 60 0 61 0 62 0 63 0 64 0 65 0 66 0 67 0 68 0 69 0 70 0 71 0 72 0 73 0 74 0 75 0 76 0 77 0 78 0 79 0 80 0 81 0 82 0 83 0 84 0 85 0 86 0 87 0 88 0 89 0 90 0 91 0 92 0 93 0 94 0 95 0 96 0 97 0 98 0 99 0 100 0 101 0 102 0 103 0 104 0 105 0 106 0 107 0 108 0 109 0 110 0 111 0 112 0 113 0 114 0 115 0 116 0 117 0 118 0 119 0 120 0 121 0 122 0 123 0 124 0 125 0 126 0 127 0 128 0 129 0 130 0 131 0 132 0 133 0 134 0 135 0 136 0 137 0 138 0 139 0 140 0 141 0 142 0 143 0 144 0 145 0 146 0 147 0 148 0 149 0 150 0 151 0 152 0 153 0 154 0 155 0 156 0 157 0 158 0 159 0 160 0 161 0 162 0 163 0 164 0 165 0 166 0 167 0 168 0 169 0 170 0 171 0 172 0 173 0 174 0 175 0 176 0 177 0 178 0 179 0 180 0 181 0 182 0 183 0 184 0 185 0 186 0 187 0 188 0 189 0 190 0 191 0 192 0 193 0 194 0 195 0 196 0 197 0 198 0 199 0 200 0 201 0 202 0 203 0 204 0 205 0 206 0 207 0 208 0 209 0 210 0 211 0 212 0 213 0 214 0 215 0 216 0 217 0 218 0 219 0 220 0 221 0 222 0 223 0 224 0 225 0 226 0 227 0 228 0 229 0 230 0 231 0 232 0 233 0 234 0 235 0 236 0 237 0 238 0 239 0 240 0 241 0 242 0 243 0 244 0 245 0 246 0 247 0 248 0 249 0 250 0 251 0 252 0 253 0 254 0 255 0 256 0 257 0 258 0 259 0 260 0 261 0 262 0 263 0 264 0 265 0 266 0 267 0 268 0 269 0 270 0 271 0 272 0 273 0 274 0 275 0 276 0 277 0 278 0 279 0 280 0 281 0 282 0 283 0 284 0 285 0 286 0 287 0 288 0 289 0 290 0 291 0 292 0 293 0 294 0 295 0 296 0 297 0 298 0 299 0 300 0 301 0 302 0 303 0 304 0 305 0 306 0 307 0 308 0 309 0 310 0 311 0 312 0 313 0 314 0 315 0 316 0 317 0 318 0 319 0 320 0 321 0 322 0 323 0 324 0 325 0 326 0 327 0 328 0 329 0 330 0 331 0 332 0 333 0 334 0 335 0 336 0 337 0 338 0 339 0 340 0 341 0 342 0 343 0 344 0 345 0 346 0 347 0 348 0 349 0 350 0 351 0 352 0 353 0 354 0 355 0 356 0 357 0 358 0 359 0 360 0 361 0 362 0 363 0 364 0 365 0 366 0 367 0 368 0 369 0 370 0 371 0 372 0 373 0 374 0 375 0 376 0 377 0 378 0 379 0 380 0 381 0 382 0 383 0 384 0 385 0 386 0 387 0 388 0 389 0 390 0 391 0 392 0 393 0 394 0 395 0 396 0 397 0 398 0 399 0 400 0 401 0 402 0 403 0 404 0 405 0 406 0 407 0 408 0 409 0 410 0 411 0 412 0 413 0 414 0 415 0 416 0 417 0 418 0 419 0 420 0 421 0 422 0 423 0 424 0 425 0 426 0 427 0 428 0 429 0 430 0 431 0 432 0 433 0 434 0 435 0 436 0 437 0 438 0 439 0 440 0 441 0 442 0 443 0 444 0 445 0 446 0 447 0 448 0 449 0 450 0 451 0 452 0 453 0 454 0 455 0 456 0 457 0 458 0 459 0 460 0 461 0 462 0 463 0 464 0 465 0 466 0 467 0 468 0 469 0 470 0 471 0 472 0 473 0 474 0 475 0 476 0 477 0 478 0 479 0 480 0 481 0 482 0 483 0 484 0 485 0 486 0 487 0 488 0 489 0 490 0 491 0 492 0 493 0 494 0 495 0 496 0 497 0 498 0 499 0 500 0 501 0 502 0 503 0 504 0 505 0 506 0 507 0 508 0 509 0 510 0 511 0 512 0 513 0 514 0 515 0 516 0 517 0 518 0 519 0 520 0 521 0 522 0 523 0 524 0 525 0 526 0 527 0 528 0 529 0 530 0 531 0 532 0 533 0 534 0 535 0 536 0 537 0 538 0 539 0 540 0 541 0 542 0 543 0 544 0 545 0 546 0 547 0 548 0 549 0 550 0 551 0 552 0 553 0 554 0 555 0 556 0 557 0 558 0 559 0 560 0 561 0 562 0 563 0 564 0 565 0 566 0 567 0 568 0 569 0 570 0 571 0 572 0 573 0 574 0 575 0 576 0 577 0 578 0 579 0 580 0 581 0 582 0 583 0 584 0 585 0 586 0 587 0 588 0 589 0 590 0 591 0 592 0 593 0 594 0 595 0 596 0 597 0 598 0 599 0 600 0 601 0 602 0 603 0 604 0 605 0 606 0 607 0 608 0 609 0 610 0 611 0 612 0 613 0 614 0 615 0 616 0 617 0 618 0 619 0 620 0 621 0 622 0 623 0 624 0 625 0 626 0 627 0 628 0 629 0 630 0 631 0 632 0 633 0 634 0 635 0 636 0 637 0 638 0 639 0 640 0 641 0 642 0 643 0 644 0 645 0 646 0 647 0 648 0 649 0 650 0 651 0 652 0 653 0 654 0 655 0 656 0 657 0 658 0 659 0 660 0 661 0 662 0 663 0 664 0 665 0 666 0 667 0 668 0 669 0 670 0 671 0 672 0 673 0 674 0 675 0 676 0 677 0 678 0 679 0 680 0 681 0 682 0 683 0 684 0 685 0 686 0 687 0 688 0 689 0 690 0 691 0 692 0 693 0 694 0 695 0 696 0 697 0 698 0 699 0 700 0 701 0 702 0 703 0 704 0 705 0 706 0 707 0 708 0 709 0 710 0 711 0 712 0 713 0 714 0 715 0 716 0 717 0 718 0 719 0 720 0 721 0 722 0 723 0 724 0 725 0 726 0 727 0 728 0 729 0 730 0 731 0 732 0 733 0 734 0 735 0 736 0 737 0 738 0 739 0 740 0 741 0 742 0 743 0 744 0 745 0 746 0 747 0 748 0 749 0 750 0 751 0 752 0 753 0 754 0 755 0 756 0 757 0 758 0 759 0 760 0 761 0 762 0 763 0 764 0 765 0 766 0 767 0 768 0 769 0 770 0 771 0 772 0 773 0 774 0 775 0 776 0 777 0 778 0 779 0 780 0 781 0 782 0 783 0 784 0 785 0 786 0 787 0 788 0 789 0 790 0 791 0 792 0 793 0 794 0 795 0 796 0 797 0 798 0 799 0 800 0 801 0 802 0 803 0 804 0 805 0 806 0 807 0 808 0 809 0 810 0 811 0 812 0 813 0 814 0 815 0 816 0 817 0 818 0 819 0 820 0 821 0 822 0 823 0 824 0 825 0 826 0 827 0 828 0 829 0 830 0 831 0 832 0 833 0 834 0 835 0 836 0 837 0 838 0 839 0 840 0 841 0 842 0 843 0 844 0 845 0 846 0 847 0 848 0 849 0 850 0 851 0 852 0 853 0 854 0 855 0 856 0 857 0 858 0 859 0 860 0 861 0 862 0 863 0 864 0 865 0 866 0 867 0 868 0 869 0 870 0 871 0 872 0 873 0 874 0 875 0 876 0 877 0 878 0 879 0 880 0 881 0 882 0 883 0 884 0 885 0 886 0 887 0 888 0 889 0 890 0 891 0 892 0 893 0 894 0 895 0 896 0 897 0 898 0 899 0 900 0 901 0 902 0 903 0 904 0 905 0 906 0 907 0 908 0 909 0 910 0 911 0 912 0 913 0 914 0 915 0 916 0 917 0 918 0 919 0 920 0 921 0 922 0 923 0 924 0 925 0 926 0 927 0 928 0 929 0 930 0 931 0 932 0 933 0 934 0 935 0 936 0 937 0 938 0 939 0 940 0 941 0 942 0 943 0 944 0 945 0 946 0 947 0 948 0 949 0 950 0 951 0 952 0 953 0 954 0 955 0 956 0 957 0 958 0 959 0 960 0 961 0 962 0 963 0 964 0 965 0 966 0 967 0 968 0 969 0 970 0 971 0 972 0 973 0 974 0 975 0 976 0 977 0 978 0 979 0 980 0 981 0 982 0 983 0 984 0 985 0 986 0 987 0 988 0 989 0 990 0 991 0 992 0 993 0 994 0 995 0 996 0 997 0 998 0 999 0 1000 0 1001 0 1002 0 1003 0 1004 0 1005 0 1006 0 1007 0 1008 0 1009 0 1010 0 1011 0 1012 0 1013 0 1014 0 1015 0 1016 0 1017 0 1018 0 1019 0 1020 0 1021 0 1022 0 1023 0 1024 0 1025 0 1026 0 1027 0 1028 0 1029 0 1030 0 1031 0 1032 0 1033 0 1034 0 1035 0 1036 0 1037 0 1038 0 1039 0 1040 0 1041 0 1042 0 1043 0 1044 0 1045 0 1046 0 1047 0 1048 0 1049 0 1050 0 1051 0 1052 0 1053 0 1054 0 1055 0 1056 0 1057 0 1058 0 1059 0 1060 0 1061 0 1062 0 1063 0 1064 0 1065 0 1066 0 1067 0 1068 0 1069 0 1070 0 1071 0 1072 0 1073 0 1074 0 1075 0 1076 0 1077 0 1078 0 1079 0 1080 0 1081 0 1082 0 1083 0 1084 0 1085 0 1086 0 1087 0 1088 0 1089 0 1090 0 1091 0 1092 0 1093 0 1094 0 1095 0 1096 0 1097 0 1098 0 1099 0 1100 0 1101 0 1102 0 1103 0 1104 0 1105 0 1106 0 1107 0 1108 0 1109 0 1110 0 1111 0 1112 0 1113 0 1114 0 1115 0 1116 0 1117 0 1118 0 1119 0 1120 0 1121 0 1122 0 1123 0 1124 0 1125 0 1126 0 1127 0 1128 0 1129 0 1130 0 1131 0 1132 0 1133 0 1134 0 1135 0 1136 0 1137 0 1138 0 1139 0 1140 0 1141 0 1142 0 1143 0 1144 0 1145 0 1146 0 1147 0 1148 0 1149 0 1150 0 1151 0 1152 0 1153 0 1154 0 1155 0 1156 0 1157 0 1158 0 1159 0 1160 0 1161 0 1162 0 1163 0 1164 0 1165 0 1166 0 1167 0 1168 0 1169 0 1170 0 1171 0 1172 0 1173 0 1174 0 1175 0 1176 0 1177 0 1178 0 1179 0 1180 0 1181 0 1182 0 1183 0 1184 0 1185 0 1186 0 1187 0 1188 0 1189 0 1190 0 1191 0 1192 0 1193 0 1194 0 1195 0 1196 0 1197 0 1198 0 1199 0 1200 0 1201 0 1202 0 1203 0 1204 0 1205 0 1206 0 1207 0 1208 0 1209 0 1210 0 1211 0 1212 0 1213 0 1214 0 1215 0 1216 0 1217 0 1218 0 1219 0 1220 0 1221 0 1222 0 1223 0 1224 0 1225 0 1226 0 1227 0 1228 0 1229 0 1230 0 1231 0 1232 0 1233 0 1234 0 1235 0 1236 0 1237 0 1238 0 1239 0 1240 0 1241 0 1242 0 1243 0 1244 0 1245 0 1246 0 1247 0 1248 0 1249 0 1250 0 1251 0 1252 0 1253 0 1254 0 1255 0 1256 0 1257 0 1258 0 1259 0 1260 0 1261 0 1262 0 1263 0 1264 0 1265 0 1266 0 1267 0 1268 0 1269 0 1270 0 1271 0 1272 0 1273 0 1274 0 1275 0 1276 0 1277 0 1278 0 1279 0 1280 0 1281 0 1282 0 1283 0 1284 0 1285 0 1286 0 1287 0 1288 0 1289 0 1290 0 1291 0 1292 0 1293 0 1294 0 1295 0 1296 0 1297 0 1298 0 1299 0 1300 0 1301 0 1302 0 1303 0 1304 0 1305 0 1306 0 1307 0 1308 0 1309 0 1310 0 1311 0 1312 0 1313 0 1314 0 1315 0 1316 0 1317 0 1318 0 1319 0 1320 0 1321 0 1322 0 1323 0 1324 0 1325 0 1326 0 1327 0 1328 0 1329 0 1330 0 1331 0 1332 0 1333 0 1334 0 1335 0 1336 0 1337 0 1338 0 1339 0 1340 0 1341 0 1342 0 1343 0 1344 0 1345 0 1346 0 1347 0 1348 0 1349 0 1350 0 1351 0 1352 0 1353 0 1354 0 1355 0 1356 0 1357 0 1358 0 1359 0 1360 0 1361 0 1362 0 1363 0 1364 0 1365 0 1366 0 1367 0 1368 0 1369 0 1370 0 1371 0 1372 0 1373 0 1374 0 1375 0 1376 0 1377 0 1378 0 1379 0 1380 0 1381 0 1382 0 1383 0 1384 0 1385 0 1386 0 1387 0 1388 0 1389 0 1390 0 1391 0 1392 0 1393 0 1394 0 1395 0 1396 0 1397 0 1398 0 1399 0 1400 0 1401 0 1402 0 1403 0 1404 0 1405 0 1406 0 1407 0 1408 0 1409 0 1410 0 1411 0 1412 0 1413 0 1414 0 1415 0 1416 0 1417 0 1418 0 1419 0 1420 0 1421 0 1422 0 1423 0 1424 0 1425 0 1426 0 1427 0 1428 0 1429 0 1430 0 1431 0 1432 0 1433 0 1434 0 1435 0 1436 0 1437 0 1438 0 1439 0 1440 0 1441 0 1442 0 1443 0 1444 0 1445 0 1446 0 1447 0 1448 0 1449 0 1450 0 1451 0 1452 0 1453 0 1454 0 1455 0 1456 0 1457 0 1458 0 1459 0 1460 0 1461 0 1462 0 1463 0 1464 0 1465 0 1466 0 1467 0 1468 0 1469 0 1470 0 1471 0 1472 0 1473 0 1474 0 1475 0 1476 0 1477 0 1478 0 1479 0 1480 0 1481 0 1482 0 1483 0 1484 0 1485 0 1486 0 1487 0 1488 0 1489 0 1490 0 1491 0 1492 0 1493 0 1494 0 1495 0 1496 0 1497 0 1498 0 1499 0 1500 0 1501 0 1502 0 1503 0 1504 0 1505 0 1506 0 1507 0 1508 0 1509 0 1510 0 1511 0 1512 0 1513 0 1514 0 1515 0 1516 0 1517 0 1518 0 1519 0 1520 0 1521 0 1522 0 1523 0 1524 0 1525 0 1526 0 1527 0 1528 0 1529 0 1530 0 1531 0 1532 0 1533 0 1534 0 1535 0 1536 0 1537 0 1538 0 1539 0 1540 0 1541 0 1542 0 1543 0 1544 0 1545 0 1546 0 1547 0 1548 0 1549 0 1550 0 1551 0 1552 0 1553 0 1554 0 1555 0 1556 0 1557 0 1558 0 1559 0 1560 0 1561 0 1562 0 1563 0 1564 0 1565 0 1566 0 1567 0 1568 0 1569 0 1570 0 1571 0 1572 0 1573 0 1574 0 1575 0 1576 0 1577 0 1578 0 1579 0 1580 0 1581 0 1582 0 1583 0 1584 0 1585 0 1586 0 1587 0 1588 0 1589 0 1590 0 1591 0 1592 0 1593 0 1594 0 1595 0 1596 0 1597 0 1598 0 1599 0 1600 0 1601 0 1602 0 1603 0 1604 0 1605 0 1606 0 1607 0 1608 0 1609 0 1610 0 1611 0 1612 0 1613 0 1614 0 1615 0 1616 0 1617 0 1618 0 1619 0 1620 0 1621 0 1622 0 1623 0 1624 0 1625 0 1626 0 1627 0 1628 0 1629 0 1630 0 1631 0 1632 0 1633 0 1634 0 1635 0 1636 0 1637 0 1638 0 1639 0 1640 0 1641 0 1642 0 1643 0 1644 0 1645 0 1646 0 1647 0 1648 0 1649 0 1650 0 1651 0 1652 0 1653 0 1654 0 1655 0 1656 0 1657 0 1658 0 1659 0 1660 0 1661 0 1662 0 1663 0 1664 0 1665 0 1666 0 1667 0 1668 0 1669 0 1670 0 1671 0 1672 0 1673 0 1674 0 1675 0 1676 0 1677 0 1678 0 1679 0 1680 0 1681 0 1682 0 1683 0 1684 0 1685 0 1686 0 1687 0 1688 0 1689 0 1690 0 1691 0 1692 0 1693 0 1694 0 1695 0 1696 0 1697 0 1698 0 1699 0 1700 0 1701 0 1702 0 1703 0 1704 0 1705 0 1706 0 1707 0 1708 0 1709 0 1710 0 1711 0 1712 0 1713 0 1714 0 1715 0 1716 0 1717 0 1718 0 1719 0 1720 0 1721 0 1722 0 1723 0 1724 0 1725 0 1726 0 1727 0 1728 0 1729 0 1730 0 1731 0 1732 0 1733 0 1734 0 1735 0 1736 0 1737 0 1738 0 1739 0 1740 0 1741 0 1742 0 1743 0 1744 0 1745 0 1746 0 1747 0 1748 0 1749 0 1750 0 1751 0 1752 0 1753 0 1754 0 1755 0 1756 0 1757 0 1758 0 1759 0 1760 0 1761 0 1762 0 1763 0 1764 0 1765 0 1766 0 1767 0 1768 0 1769 0 1770 0 1771 0 1772 0 1773 0 1774 0 1775 0 1776 0 1777 0 1778 0 1779 0 1780 0 1781 0 1782 0 1783 0 1784 0 1785 0 1786 0 1787 0 1788 0 1789 0 1790 0 1791 0 1792 0 1793 0 1794 0 1795 0 1796 0 1797 0 1798 0 1799 0 1800 0 1801 0 1802 0 1803 0 1804 0 1805 0 1806 0 1807 0 1808 0 1809 0 1810 0 1811 0 1812 0 1813 0 1814 0 1815 0 1816 0 1817 0 1818 0 1819 0 1820 0 1821 0 1822 0 1823 0 1824 0 1825 0 1826 0 1827 0 1828 0 1829 0 1830 0 1831 0 1832 0 1833 0 1834 0 1835 0 1836 0 1837 0 1838 0 1839 0 1840 0 1841 0 1842 0 1843 0 1844 0 1845 0 1846 0 1847 0 1848 0 1849 0 1850 0 1851 0 1852 0 1853 0 1854 0 1855 0 1856 0 1857 0 1858 0 1859 0 1860 0 1861 0 1862 0 1863 0 1864 0 1865 0 1866 0 1867 0 1868 0 1869 0 1870 0 1871 0 1872 0 1873 0 1874 0 1875 0 1876 0 1877 0 1878 0 1879 0 1880 0 1881 0 1882 0 1883 0 1884 0 1885 0 1886 0 1887 0 1888 0 1889 0 1890 0 1891 0 1892 0 1893 0 1894 0 1895 0 1896 0 1897 0 1898 0 1899 0 1900 0 1901 0 1902 0 1903 0 1904 0 1905 0 1906 0 1907 0 1908 0 1909 0 1910 0 1911 0 1912 0 1913 0 1914 0 1915 0 1916 0 1917 0 1918 0 1919 0 1920 0 1921 0 1922 0 1923 0 1924 0 1925 0 1926 0 1927 0 1928 0 1929 0 1930 0 1931 0 1932 0 1933 0 1934 0 1935 0 1936 0 1937 0 1938 0 1939 0 1940 0 1941 0 1942 0 1943 0 1944 0 1945 0 1946 0 1947 0 1948 0 1949 0 1950 0 1951 0 1952 0 1953 0 1954 0 1955 0 1956 0 1957 0 1958 0 1959 0 1960 0 1961 0 1962 0 1963 0 1964 0 1965 0 1966 0 1967 0 1968 0 1969 0 1970 0 1971 0 1972 0 1973 0 1974 0 1975 0 1976 0 1977 0 1978 0 1979 0 1980 0 1981 0 1982 0 1983 0 1984 0 1985 0 1986 0 1987 0 1988 0 1989 0 1990 0 1991 0 1992 0 1993 0 1994 0 1995 0 1996 0 1997 0 1998 0 1999 0 2000 0 2001 0 2002 0 2003 0 2004 0 2005 0 2006 0 2007 0 2008 0 2009 0 2010 0 2011 0 2012 0 2013 0 2014 0 2015 0 2016 0 2017 0 2018 0 2019 0 2020 0 2021 0 2022 0 2023 0 2024 0 2025 0 2026 0 2027 0 2028 0 2029 0 2030 0 2031 0 2032 0 2033 0 2034 0 2035 0 2036 0 2037 0 2038 0 2039 0 2040 0 2041 0 2042 0 2043 0 2044 0 2045 0 2046 0 2047 0 2048 0 2049 0 2050 0 2051 0 2052 0 2053 0 2054 0 2055 0 2056 0 2057 0 2058 0 2059 0 2060 0 2061 0 2062 0 2063 0 2064 0 2065 0 2066 0 2067 0 2068 0 2069 0 2070 0 2071 0 2072 0 2073 0 2074 0 2075 0 2076 0 2077 0 2078 0 2079 0 2080 0 2081 0 2082 0 2083 0 2084 0 2085 0 2086 0 2087 0 2088 0 2089 0 2090 0 2091 0 2092 0 2093 0 2094 0 2095 0 2096 0 2097 0 2098 0 2099 0 2100 0 2101 0 2102 0 2103 0 2104 0 2105 0 2106 0 2107 0 2108 0 2109 0 2110 0 2111 0 2112 0 2113 0 2114 0 2115 0 2116 0 2117 0 2118 0 2119 0 2120 0 2121 0 2122 0 2123 0 2124 0 2125 0 2126 0 2127 0 2128 0 2129 0 2130 0 2131 0 2132 0 2133 0 2134 0 2135 0 2136 0 2137 0 2138 0 2139 0 2140 0 2141 0 2142 0 2143 0 2144 0 2145 0 2146 0 2147 0 2148 0 2149 0 2150 0 2151 0 2152 0 2153 0 2154 0 2155 0 2156 0 2157 0 2158 0 2159 0 2160 0 2161 0 2162 0 2163 0 2164 0 2165 0 2166 0 2167 0 2168 0 2169 0 2170 0 2171 0 2172 0 2173 0 2174 0 2175 0 2176 0 2177 0 2178 0 2179 0 2180 0 2181 0 2182 0 2183 0 2184 0 2185 0 2186 0 2187 0 2188 0 2189 0 2190 0 2191 0 2192 0 2193 0 2194 0 2195 0 2196 0 2197 0 2198 0 2199 0 2200 0 2201 0 2202 0 2203 0 2204 0 2205 0 2206 0 2207 0 2208 0 2209 0 2210 0 2211 0 2212 0 2213 0 2214 0 2215 0 2216 0 2217 0 2218 0 2219 0 2220 0 2221 0 2222 0 2223 0 2224 0 2225 0 2226 0 2227 0 2228 0 2229 0 2230 0 2231 0 2232 0 2233 0 2234 0 2235 0 2236 0 2237 0 2238 0 2239 0 2240 0 2241 0 2242 0 2243 0 2244 0 2245 0 2246 0 2247 0 2248 0 2249 0 2250 0 2251 0 2252 0 2253 0 2254 0 2255 0 2256 0 2257 0 2258 0 2259 0 2260 0 2261 0 2262 0 2263 0 2264 0 2265 0 2266 0 2267 0 2268 0 2269 0 2270 0 2271 0 2272 0 2273 0 2274 0 2275 0 2276 0 2277 0 2278 0 2279 0 2280 0 2281 0 2282 0 2283 0 2284 0 2285 0 2286 0 2287 0 2288 0 2289 0 2290 0 2291 0 2292 0 2293 0 2294 0 2295 0 2296 0 2297 0 2298 0 2299 0 2300 0 2301 0 2302 0 2303 0 2304 0 2305 0 2306 0 2307 0 2308 0 2309 0 2310 0 2311 0 2312 0 2313 0 2314 0 2315 0 2316 0 2317 0 2318 0 2319 0 2320 0 2321 0 2322 0 2323 0 2324 0 2325 0 2326 0 2327 0 2328 0 2329 0 2330 0 2331 0 2332 0 2333 0 2334 0 2335 0 2336 0 2337 0 2338 0 2339 0 2340 0 2341 0 2342 0 2343 0 2344 0 2345 0 2346 0 2347 0 2348 0 2349 0 2350 0 2351 0 2352 0 2353 0 2354 0 2355 0 2356 0 2357 0 2358 0 2359 0 2360 0 2361 0 2362 0 2363 0 2364 0 2365 0 2366 0 2367 0 2368 0 2369 0 2370 0 2371 0 2372 0 2373 0 2374 0 2375 0 2376 0 2377 0 2378 0 2379 0 2380 0 2381 0 2382 0 2383 0 2384 0 2385 0 2386 0 2387 0 2388 0 2389 0 2390 0 2391 0 2392 0 2393 0 2394 0 2395 0 2396 0 2397 0 2398 0 2399 0 2400 0 2401 0 2402 0 2403 0 2404 0 2405 0 2406 0 2407 0 2408 0 2409 0 2410 0 2411 0 2412 0 2413 0 2414 0 2415 0 2416 0 2417 0 2418 0 2419 0 2420 0 2421 0 2422 0 2423 0 2424 0 2425 0 2426 0 2427 0 2428 0 2429 0 2430 0 2431 0 2432 0 2433 0 2434 0 2435 0 2436 0 2437 0 2438 0 2439 0 2440 0 2441 0 2442 0 2443 0 2444 0 2445 0 2446 0 2447 0 2448 0 2449 0 2450 0 2451 0 2452 0 2453 0 2454 0 2455 0 2456 0 2457 0 2458 0 2459 0 2460 0 2461 0 2462 0 2463 0 2464 0 2465 0 2466 0 2467 0 2468 0 2469 0 2470 0 2471 0 2472 0 2473 0 2474 0 2475 0 2476 0 2477 0 2478 0 2479 0 2480 0 2481 0 2482 0 2483 0 2484 0 2485 0 2486 0 2487 0 2488 0 2489 0 2490 0 2491 0 2492 0 2493 0 2494 0 2495 0 2496 0 2497 0 2498 0 2499 0 2500 0 2501 0 2502 0 2503 0 2504 0 2505 0 2506 0 2507 0 2508 0 2509 0 2510 0 2511 0 2512 0 2513 0 2514 0 2515 0 2516 0 2517 0 2518 0 2519 0 2520 0 2521 0 2522 0 2523 0 2524 0 2525 0 2526 0 2527 0 2528 0 2529 0 2530 0 2531 0 2532 0 2533 0 2534 0 2535 0 2536 0 2537 0 2538 0 2539 0 2540 0 2541 0 2542 0 2543 0 2544 0 2545 0 2546 0 2547 0 2548 0 2549 0 2550 0 2551 0 2552 0 2553 0 2554 0 2555 0 2556 0 2557 0 2558 0 2559 0 2560 0 2561 0 2562 0 2563 0 2564 0 2565 0 2566 0 2567 0 2568 0 2569 0 2570 0 2571 0 2572 0 2573 0 2574 0 2575 0 2576 0 2577 0 2578 0 2579 0 2580 0 2581 0 2582 0 2583 0 2584 0 2585 0 2586 0 2587 0 2588 0 2589 0 2590 0 2591 0 2592 0 2593 0 2594 0 2595 0 2596 0 2597 0 2598 0 2599 0 2600 0 2601 0 2602 0 2603 0 2604 0 2605 0 2606 0 2607 0 2608 0 2609 0 2610 0 2611 0 2612 0 2613 0 2614 0 2615 0 2616 0 2617 0 2618 0 2619 0 2620 0 2621 0 2622 0 2623 0 2624 0 2625 0 2626 0 2627 0 2628 0 2629 0 2630 0 2631 0 2632 0 2633 0 2634 0 2635 0 2636 0 2637 0 2638 0 2639 0 2640 0 2641 0 2642 0 2643 0 2644 0 2645 0 2646 0 2647 0 2648 0 2649 0 2650 0 2651 0 2652 0 2653 0 2654 0 2655 0 2656 0 2657 0 2658 0 2659 0 2660 0 2661 0 2662 0 2663 0 2664 0 2665 0 2666 0 2667 0 2668 0 2669 0 2670 0 2671 0 2672 0 2673 0 2674 0 2675 0 2676 0 2677 0 2678 0 2679 0 2680 0 2681 0 2682 0 2683 0 2684 0 2685 0 2686 0 2687 0 2688 0 2689 0 2690 0 2691 0 2692 0 2693 0 2694 0 2695 0 2696 0 2697 0 2698 0 2699 0 2700 0 2701 0 2702 0 2703 0 2704 0 2705 0 2706 0 2707</v>
        </vertex_weights>
      </skin>
    </controller>
  </library_controllers>
  <library_visual_scenes>
    <visual_scene id="Scene" name="Scene">
      <node id="Armature" name="Armature" type="NODE">
        <matrix sid="transform">1 0 0 0 0 -1.62921e-7 -1 0 0 1 -1.62921e-7 0 0 0 0 1</matrix>
        <node id="Armature_CarWiicm" name="CarWiicm" sid="CarWiicm" type="JOINT">
          <matrix sid="transform">1 0 0 0 0 1 0 0 0 0 1 0 0 0 0 1</matrix>
          <node id="Armature_Heyho_Sit_locator" name="Heyho_Sit_locator" sid="Heyho_Sit_locator" type="JOINT">
            <matrix sid="transform">1 0 0 5.129088 0 0.9999999 0 19.76218 0 0 1 -5.513633 0 0 0 1</matrix>
            <extra>
              <technique profile="blender">
                <layer sid="layer" type="string">0</layer>
                <tip_x sid="tip_x" type="float">0</tip_x>
                <tip_y sid="tip_y" type="float">21.14832</tip_y>
                <tip_z sid="tip_z" type="float">0</tip_z>
              </technique>
            </extra>
          </node>
          <node id="Armature_Tire_Frontwe" name="Tire_Frontwe" sid="Tire_Frontwe" type="JOINT">
            <matrix sid="transform">1 0 0 -3.8147e-6 0 0.9999999 0 9.997153 0 0 1 31.07828 0 0 0 1</matrix>
            <extra>
              <technique profile="blender">
                <layer sid="layer" type="string">0</layer>
                <tip_x sid="tip_x" type="float">0</tip_x>
                <tip_y sid="tip_y" type="float">21.14832</tip_y>
                <tip_z sid="tip_z" type="float">0</tip_z>
              </technique>
            </extra>
          </node>
          <node id="Armature_Tire_Rear" name="Tire_Rear" sid="Tire_Rear" type="JOINT">
            <matrix sid="transform">1 0 0 0 0 0.9999999 0 9.997153 0 0 1 -29.06174 0 0 0 1</matrix>
            <extra>
              <technique profile="blender">
                <layer sid="layer" type="string">0</layer>
                <tip_x sid="tip_x" type="float">0</tip_x>
                <tip_y sid="tip_y" type="float">21.14832</tip_y>
                <tip_z sid="tip_z" type="float">0</tip_z>
              </technique>
            </extra>
          </node>
          <extra>
            <technique profile="blender">
              <layer sid="layer" type="string">0</layer>
              <tip_x sid="tip_x" type="float">0</tip_x>
              <tip_y sid="tip_y" type="float">21.14832</tip_y>
              <tip_z sid="tip_z" type="float">0</tip_z>
            </technique>
          </extra>
        </node>
        <node id="CarWiicm__M_CarWiicm" name="CarWiicm__M_CarWiicm" type="NODE">
          <matrix sid="transform">1 0 0 0 0 1 0 0 0 0 1 0 0 0 0 1</matrix>
          <instance_controller url="#Armature_CarWiicm__M_CarWiicm-skin">
            <skeleton>#Armature_CarWiicm</skeleton>
            <bind_material>
              <technique_common>
                <instance_material symbol="M_CarWiicm_001-material" target="#M_CarWiicm_001-material">
                  <bind_vertex_input semantic="CarWiicm__M_CarWiicm-texcoord" input_semantic="TEXCOORD" input_set="0"/>
                  <bind_vertex_input semantic="CarWiicm__M_CarWiicm-texcoord_1" input_semantic="TEXCOORD" input_set="1"/>
                </instance_material>
              </technique_common>
            </bind_material>
          </instance_controller>
        </node>
        <node id="Tire_Frontwe__M_CarWiicm" name="Tire_Frontwe__M_CarWiicm" type="NODE">
          <matrix sid="transform">1 0 0 0 0 1 0 0 0 0 1 0 0 0 0 1</matrix>
          <instance_controller url="#Armature_Tire_Frontwe__M_CarWiicm-skin">
            <skeleton>#Armature_CarWiicm</skeleton>
            <bind_material>
              <technique_common>
                <instance_material symbol="M_CarWiicm_001-material" target="#M_CarWiicm_001-material">
                  <bind_vertex_input semantic="Tire_Frontwe__M_CarWiicm-texcoord" input_semantic="TEXCOORD" input_set="0"/>
                  <bind_vertex_input semantic="Tire_Frontwe__M_CarWiicm-texcoord_1" input_semantic="TEXCOORD" input_set="1"/>
                </instance_material>
              </technique_common>
            </bind_material>
          </instance_controller>
        </node>
        <node id="Tire_Rear__M_CarWiicm" name="Tire_Rear__M_CarWiicm" type="NODE">
          <matrix sid="transform">1 0 0 0 0 1 0 0 0 0 1 0 0 0 0 1</matrix>
          <instance_controller url="#Armature_Tire_Rear__M_CarWiicm-skin">
            <skeleton>#Armature_CarWiicm</skeleton>
            <bind_material>
              <technique_common>
                <instance_material symbol="M_CarWiicm_001-material" target="#M_CarWiicm_001-material">
                  <bind_vertex_input semantic="Tire_Rear__M_CarWiicm-texcoord" input_semantic="TEXCOORD" input_set="0"/>
                  <bind_vertex_input semantic="Tire_Rear__M_CarWiicm-texcoord_1" input_semantic="TEXCOORD" input_set="1"/>
                </instance_material>
              </technique_common>
            </bind_material>
          </instance_controller>
        </node>
      </node>
    </visual_scene>
  </library_visual_scenes>
  <scene>
    <instance_visual_scene url="#Scene"/>
  </scene>
</COLLADA>