# Blender 3.6.3
# www.blender.org
mtllib farmerscar.mtl
o 2_2
v -65.285980 125.363235 279.974091
v -135.487411 34.079071 132.673080
v -130.004684 115.546112 309.875702
v 104.891846 130.332382 -158.667145
v -104.891846 130.332382 -158.667130
v 112.716621 124.863426 315.027985
v 132.133347 47.359047 -282.809082
v -138.045639 70.282669 264.170288
v 140.734695 58.225357 -125.825867
v -85.214897 131.783615 133.679565
v -85.214897 131.783615 133.679565
v -132.133347 47.359047 -282.809082
v 65.285980 125.363235 279.974060
v 65.285980 125.363235 279.974060
v -65.285980 125.363235 279.974091
v 115.525452 130.047363 109.190430
v 119.551453 121.597481 -55.746994
v 132.964966 97.855995 298.494446
v 105.668396 120.009941 -284.384216
v 104.891846 130.332382 -158.667145
v -102.183517 122.263885 313.331696
v 139.703400 82.205040 193.902771
v 123.428726 123.560913 -323.666504
v -136.456726 96.904579 245.100540
v -122.394691 83.727867 305.776764
v -104.891846 130.332382 -158.667130
v -105.668396 120.009949 -284.384247
v -119.211357 120.900787 -325.340820
v -116.361221 85.848259 -309.769714
v 59.324100 133.731888 140.106812
v -124.216309 127.283974 -157.175980
v -119.551453 121.597481 -55.746979
v -115.525452 130.047363 109.190445
v 130.004684 115.546104 309.875702
v 120.966881 127.272964 -157.151199
v -140.734695 58.225357 -125.825867
v -136.474640 47.012074 -225.900024
v 136.474640 47.012074 -225.900024
v -110.929443 53.974945 -302.693939
v -132.766693 100.505112 298.407684
v 54.986942 130.052872 279.974060
v -88.870499 108.707161 303.354828
v 88.870499 108.707161 303.354828
v -54.986942 130.052872 279.974091
v 119.504631 124.871689 -264.773376
v -59.263527 133.010406 154.599823
v -59.263527 133.010406 154.599823
v 131.924072 115.765030 -58.363060
v 117.656860 130.285568 83.573639
v -131.924072 115.765030 -58.363045
v -117.656860 130.285568 83.573654
v -131.924072 115.765030 -58.363045
v 133.566666 66.282837 -295.720062
v -111.610992 106.544098 -299.034210
v -111.610992 106.544098 -299.034210
v 116.361214 85.848251 -309.769714
v -59.954723 134.268875 -174.298813
v 136.320435 107.571236 -155.984985
v 88.012703 119.090187 295.857727
v 88.012703 119.090187 295.857727
v 138.428421 83.928894 247.320068
v -133.566666 66.282837 -295.720062
v 137.868027 96.519051 84.142296
v -139.703400 82.205048 193.902756
v -140.393234 89.150009 -111.180031
v -58.638420 120.427132 299.327454
v -58.638420 120.427132 299.327454
v -88.012703 119.090187 295.857727
v -88.870499 108.707161 303.354828
v -88.012703 119.090187 295.857727
v 59.613251 119.390350 73.668404
v 59.613251 126.764900 76.353317
v 63.611698 90.654930 175.785843
v 122.394691 83.727867 305.776764
v 110.929436 65.807816 -303.694916
v -110.929443 65.807823 -303.694916
v 104.218544 104.806473 -297.146484
v -112.920403 131.550919 237.958694
v 138.045639 70.282669 264.170288
v 54.181465 132.803879 176.757889
v 54.181465 132.803879 176.757889
v 124.768425 128.682892 238.823364
v 0.000001 92.884087 317.627563
v -138.701050 104.397537 -84.408043
v 58.638420 120.427132 299.327423
v 58.638420 120.427132 299.327423
v 114.304176 127.973793 -144.533508
v 119.211349 120.900787 -325.340790
v 55.613422 83.138557 173.049988
v 55.613422 83.138557 173.049988
v -136.320435 107.571228 -155.984985
v -136.320435 107.571228 -155.984985
v 138.701050 104.397537 -84.408058
v 131.924072 115.765030 -58.363060
v -106.075951 124.871696 -264.770630
v -106.075951 124.871696 -264.770630
v -114.304176 127.973785 -144.533493
v -122.675568 121.948586 313.331665
v 122.675568 121.948578 313.331665
v -123.574677 120.900787 -325.340820
v 59.954723 134.268875 -174.298828
v 127.494644 107.557472 -315.808655
v -127.494644 107.557472 -315.808685
v -138.428406 83.928894 247.320068
v 117.353958 125.828621 -69.960495
v -117.353958 125.828621 -69.960480
v -141.591110 67.026360 -73.723480
v 129.829834 122.749924 -211.247299
v 136.320435 107.571236 -155.984985
v 129.829834 122.749924 -211.247299
v 58.638420 120.427132 299.327423
v 54.211761 122.307938 279.974060
v 0.000001 124.044182 301.814148
v -54.211761 122.307938 279.974091
v -58.638420 120.427132 299.327454
v 89.338638 126.835121 237.204163
v 89.338638 126.835121 237.204163
v -133.660294 57.553440 -288.626404
v 133.660294 57.553440 -288.626404
v -67.479347 129.464951 237.509842
v -67.479347 129.464951 237.509842
v -131.717529 122.475922 -156.183258
v -123.574677 120.900787 -325.340820
v -131.717529 122.475922 -156.183258
v 140.393234 89.150009 -111.180031
v 140.393234 89.150009 -111.180031
v 67.479347 129.464951 237.509827
v 67.479347 129.464951 237.509827
v 132.766693 100.505104 298.407715
v -141.436905 63.826492 -144.421967
v 0.000001 122.112434 -287.297699
v -137.868027 96.519058 84.142281
v -132.964966 97.856003 298.494415
v 63.535973 123.077629 75.010857
v 141.436905 63.826492 -144.421967
v -124.071732 36.824566 -277.615509
v 124.071732 36.824566 -277.615509
v 110.929443 53.974941 -302.693939
v 132.930557 120.213715 83.573639
v -132.930557 120.213715 83.573654
v 131.924072 115.765030 -58.363060
v 119.551453 121.597481 -55.746994
v 118.374222 125.598686 -29.729534
v 118.374222 125.598686 -29.729534
v -131.924072 115.765030 -58.363045
v -118.374222 125.598686 -29.729519
v -119.551453 121.597481 -55.746979
v -118.374222 125.598686 -29.729519
v 55.689152 123.077629 75.010857
v -112.716621 124.863434 315.027985
v -131.030472 40.094646 -241.321045
v 131.030472 40.094646 -241.321045
v -80.885994 83.908249 -301.553894
v -80.885994 83.908249 -301.553894
v 137.489395 101.569427 83.977066
v -137.489395 101.569427 83.977081
v -80.171394 51.312065 -302.170715
v 85.214890 131.783600 133.679550
v 85.214890 131.783600 133.679550
v 129.551697 86.352196 299.748810
v -119.504631 124.871696 -264.773376
v 135.487411 34.079071 132.673080
v 138.330658 46.196964 -75.565742
v -113.570290 130.160278 82.616730
v 113.570290 130.160278 82.616730
v 102.183517 122.263885 313.331665
v 0.000001 132.522995 -218.486908
v 0.000001 132.522995 -218.486908
v 0.000001 111.705994 311.658813
v -124.768425 128.682892 238.823380
v 111.610992 106.544090 -299.034180
v 139.003967 93.283394 -32.115646
v 63.611698 83.138557 173.049988
v 63.611698 83.138557 173.049988
v 55.613422 90.654930 175.785843
v -129.551697 86.352196 299.748810
v 50.711742 130.426010 237.931152
v -89.338638 126.835114 237.204178
v -89.338638 126.835114 237.204178
v 128.987183 92.647278 305.162689
v -128.987183 92.647278 305.162689
v -50.711742 130.426010 237.931168
v 80.171387 51.312057 -302.170715
v -59.647675 134.239960 238.344223
v 59.647675 134.239960 238.344208
v 112.920403 131.550919 237.958679
v -104.218544 104.806480 -297.146515
v -104.218544 104.806480 -297.146515
v -0.000005 135.090866 144.636734
v 103.472275 84.120277 -299.925018
v 103.472275 84.120277 -299.925018
v -114.269745 119.964508 -288.074280
v 114.269745 119.964500 -288.074249
v -124.841415 125.195259 -69.968742
v 124.841415 125.195259 -69.968758
v 59.613251 123.967094 72.568275
v 137.642227 46.272690 -116.129898
v 124.216309 127.283981 -157.175980
v -101.953575 125.809341 291.224548
v 138.118622 47.415497 151.620285
v 135.487411 34.079071 132.673080
v 139.076935 87.780022 221.042374
v -139.076920 87.780022 221.042374
v -132.726761 71.923904 303.573730
v 132.726761 71.923904 303.573730
v 106.075951 124.871689 -264.770630
v 106.075951 124.871689 -264.770630
v -132.419739 120.162773 -73.152084
v -132.419739 120.162773 -73.152084
v 132.419739 120.162773 -73.152100
v 132.419739 120.162773 -73.152100
v -137.642227 46.272690 -116.129898
v 103.218925 89.119713 307.697510
v -103.218925 89.119713 307.697510
v -54.181477 132.803879 176.757904
v -54.181477 132.803879 176.757904
v 87.932854 132.192535 -167.856415
v -87.932854 132.192535 -167.856400
v -117.656860 130.285568 83.573654
v -124.991478 127.290855 120.578590
v -115.525452 130.047363 109.190445
v -124.991478 127.290855 120.578590
v 117.656860 130.285568 83.573639
v 115.525452 130.047363 109.190430
v 124.991478 127.290855 120.578575
v 124.991478 127.290855 120.578575
v 135.925247 101.953575 244.935333
v -135.925247 101.953583 244.935303
v 136.456741 96.904579 245.100540
v -138.727203 47.261288 132.666199
v -50.711742 130.426010 237.931168
v -52.766041 126.321533 279.974091
v 50.711742 130.426010 237.931152
v 52.766041 126.321533 279.974060
v -135.187256 34.065304 138.416031
v -139.498260 96.598907 -66.998817
v 139.498260 96.598907 -66.998833
v -101.751183 130.201584 127.242668
v 125.331581 123.896866 -29.729534
v 125.331581 123.896866 -29.729534
v -125.331581 123.896866 -29.729519
v -125.331581 123.896866 -29.729519
v 101.751175 130.201569 127.242653
v 101.953575 125.809341 291.224548
v -93.083740 115.029778 306.467957
v 93.083740 115.029778 306.467926
v 88.870499 108.707161 303.354828
v 114.273872 78.133614 -310.495300
v -114.273872 78.133614 -310.495300
v -140.323013 57.072910 -198.474014
v 140.323013 57.072910 -198.474014
v 64.345566 132.567062 176.661514
v 64.345566 132.567062 176.661514
v -134.158722 83.997734 287.285309
v 134.158722 83.997734 287.285309
v 0.000001 128.557587 -267.914032
v -140.098572 68.166412 84.756371
v 63.840260 129.375458 279.974060
v -63.840260 129.375458 279.974091
v -0.000008 51.312057 -303.799561
v -122.511726 88.438164 305.190216
v 122.511726 88.438164 305.190216
v -81.380295 106.348587 -298.365051
v -105.668396 120.009949 -284.384247
v -81.380295 106.348587 -298.365051
v 131.404968 117.300247 289.265259
v -131.404968 117.300255 289.265228
v 139.601517 68.030098 172.654816
v 140.782898 67.315498 -33.590282
v 128.583755 78.969383 304.456329
v -128.583755 78.969383 304.456329
v 55.613422 117.906082 77.526413
v 55.613422 117.906082 77.526413
v 55.613422 125.422447 80.262268
v 63.611702 117.906075 77.526413
v 63.611702 117.906075 77.526413
v 63.611702 125.422447 80.262268
v 137.439819 96.904572 176.543106
v 117.035889 122.043587 -54.459602
v -117.035889 122.043587 -54.459602
v -137.439819 96.904579 176.543091
v -64.345581 132.567062 176.661530
v -64.345581 132.567062 176.661530
v -0.000008 83.908234 -303.192352
v -0.000008 83.908234 -303.192352
v -102.793480 52.055580 -300.691956
v -110.765594 84.489281 -302.605835
v -110.765594 84.489281 -302.605835
v 110.765587 84.489281 -302.605804
v 111.610992 106.544090 -299.034180
v 110.765587 84.489281 -302.605804
v -59.004669 110.479195 308.012787
v -95.102242 91.618744 306.382568
v -59.004669 110.479195 308.012787
v 59.004669 110.479195 308.012756
v 95.102242 91.618744 306.382568
v 59.004669 110.479195 308.012756
v -59.324108 133.731888 140.106827
v -139.601517 68.030106 172.654800
v 0.000001 135.324936 -175.415451
v 58.935825 91.145103 313.231171
v 95.102242 91.618744 306.382568
v -58.935825 91.145103 313.231171
v -95.102242 91.618744 306.382568
v 0.000001 128.480484 276.998688
v 63.065079 121.630524 279.974060
v -63.065079 121.630524 279.974091
v 125.462372 121.251892 -322.687531
v 125.462372 121.251892 -322.687531
v 110.833054 73.244324 -303.893188
v -110.833061 73.244331 -303.893188
v -123.428726 123.560913 -323.666534
v 131.751938 99.253525 306.141632
v -131.751938 99.253532 306.141602
v -117.002846 121.094925 -323.115784
v -117.002846 121.094925 -323.115784
v 117.002838 121.094925 -323.115753
v 117.002838 121.094925 -323.115753
v -115.280373 123.662796 -264.773376
v 115.280373 123.662788 -264.773376
v -127.482254 123.138206 -264.652222
v -127.482254 123.138206 -264.652222
v 102.793472 64.897697 -300.861298
v 102.793472 64.897697 -300.861298
v 79.279175 126.884682 -266.537170
v 105.668396 120.009941 -284.384216
v 79.279175 126.884682 -266.537170
v -79.279175 126.884689 -266.537170
v -79.279175 126.884689 -266.537170
v 0.000001 97.050514 313.966461
v 124.745033 120.763092 -55.773155
v 124.745033 120.763092 -55.773155
v -124.745033 120.763092 -55.773140
v -124.745033 120.763092 -55.773140
v 116.475510 128.045395 -131.388474
v -116.475510 128.045380 -131.388458
v -141.047241 62.529476 -170.739594
v 141.047241 62.529476 -170.739594
v -136.068451 73.098373 -254.349060
v 136.068451 73.098373 -254.349060
v 132.258636 108.641068 306.922302
v -132.258636 108.641075 306.922302
v -88.530411 122.712746 275.974243
v -88.530411 122.712746 275.974243
v 53.442089 132.770828 238.322189
v 88.530411 122.712746 275.974243
v 88.530411 122.712746 275.974243
v 59.263519 133.010406 154.599808
v 59.263519 133.010406 154.599808
v 135.187256 34.065304 138.416031
v -56.669491 134.540115 176.800583
v -54.181477 132.803879 176.757904
v -54.042404 123.098274 291.563232
v 54.042404 123.098274 291.563202
v 65.268082 121.663574 78.895027
v 53.957039 121.663582 78.895027
v 59.613251 116.348824 76.960518
v 59.613251 116.348824 76.960518
v 59.613251 126.978317 80.829544
v 139.063156 46.896416 85.216278
v 139.063156 46.896416 85.216278
v 102.793480 52.055576 -300.691956
v -59.573318 131.318237 279.974091
v 59.573318 131.318237 279.974060
v 58.478703 120.365166 279.974060
v -58.478703 120.365166 279.974091
v 124.085495 124.980461 291.224548
v -124.085495 124.980469 291.224518
v 134.691574 34.588516 -76.519920
v -134.691574 34.588516 -76.519913
v -126.865410 36.836956 -250.145432
v 126.865410 36.836956 -250.145432
v 135.114273 71.402069 286.229248
v -135.114273 71.402069 286.229248
v -141.591110 67.026360 -73.723480
v -140.393234 89.150009 -111.180031
v -139.003952 93.283394 -32.115646
v 131.252151 107.539566 -261.530823
v -131.252136 107.539574 -261.530853
v -131.924072 115.765030 -58.363045
v -139.498260 96.598907 -66.998817
v -131.808411 118.127754 -30.273386
v -131.808411 118.127754 -30.273386
v -131.808411 118.127754 -30.273386
v 131.924072 115.765030 -58.363060
v 131.808411 118.127754 -30.273401
v 139.498260 96.598907 -66.998833
v 131.808411 118.127754 -30.273401
v 131.808411 118.127754 -30.273401
v 137.996094 107.473480 -100.103073
v -125.462372 121.251892 -322.687561
v -125.462372 121.251892 -322.687561
v -137.996094 107.473480 -100.103058
v -80.894257 121.520393 -286.329773
v -80.894257 121.520393 -286.329773
v 80.894249 121.520370 -286.329773
v 104.218544 104.806473 -297.146484
v 80.894249 121.520370 -286.329773
v -120.966881 127.272957 -157.151199
v 65.268082 86.897430 174.417221
v -103.503952 129.838089 176.795074
v 53.957039 86.897430 174.417221
v 59.613247 81.582687 172.482712
v 59.613247 92.210800 176.351746
v 103.503944 129.838074 176.795059
v 134.491928 34.676640 -112.291168
v -134.491928 34.676640 -112.291168
v -124.677559 107.498268 -319.369293
v 124.677559 107.498268 -319.369263
v 65.093224 132.257263 237.898102
v -65.093224 132.257263 237.898117
v -58.935825 91.145103 313.231171
v -58.957855 95.297760 309.503967
v -58.957855 95.297760 309.503967
v -53.442089 132.770828 238.322205
v 58.935825 91.145103 313.231171
v 58.957855 95.297760 309.503967
v 58.957855 95.297760 309.503967
v -113.241219 85.363602 -307.222504
v -113.241219 85.363602 -307.222504
v 113.241211 85.363594 -307.222504
v 113.241211 85.363594 -307.222504
v 54.181465 132.803879 176.757889
v 56.669479 134.540115 176.800568
v -141.551178 65.507660 -114.422577
v -141.551178 65.507660 -114.422577
v 123.880356 127.093971 -89.295975
v -123.880356 127.093971 -89.295959
v 81.380287 106.348564 -298.365051
v 81.380287 106.348564 -298.365051
v 63.376251 122.284538 290.745361
v 63.376251 122.284538 290.745361
v -63.376251 122.284538 290.745392
v -63.376251 122.284538 290.745392
v 91.153358 98.679367 304.819824
v -91.153358 98.679367 304.819824
v 0.000001 131.246628 237.958725
v 0.000001 107.319275 -298.365021
v 62.073719 134.334976 176.661514
v -62.073734 134.334976 176.661530
v 116.197388 127.352821 -89.327644
v -116.197388 127.352821 -89.327629
v 128.623688 40.094646 -278.291565
v -128.623688 40.094646 -278.291565
v 102.903625 129.944107 237.958679
v -103.472282 84.120277 -299.925049
v -103.472282 84.120277 -299.925049
v -119.065407 123.560913 -323.666534
v -0.000005 133.229324 176.990585
v -0.000005 133.229324 176.990585
v 119.065399 123.560913 -323.666504
v 62.387657 125.685432 75.959534
v 56.838844 125.685432 75.959534
v 62.387657 120.471199 74.062187
v 56.838844 120.471199 74.062187
v 112.450882 86.666122 307.318878
v -112.450882 86.666122 307.318878
v 80.885994 83.908241 -301.553864
v 80.885994 83.908241 -301.553864
v 123.574677 120.900787 -325.340790
v 123.574677 120.900787 -325.340790
v -138.330658 46.196964 -75.565735
v 141.551178 65.507660 -114.422577
v 141.551178 65.507660 -114.422577
v -112.843292 127.719070 291.224548
v 112.843292 127.719070 291.224548
v 127.482262 123.138199 -264.652191
v 127.482262 123.138199 -264.652191
v 140.342285 68.350906 133.127457
v 140.342285 68.350906 133.127457
v 139.003967 93.283394 -32.115646
v 140.782898 67.315498 -33.590282
v 141.591095 67.026352 -73.723480
v 138.330658 46.196964 -75.565742
v 141.591095 67.026352 -73.723480
v 140.782898 67.315498 -33.590282
v 141.591095 67.026352 -73.723480
v 141.591095 67.026352 -73.723480
v -138.118622 47.415497 151.620285
v 137.384750 101.953575 132.477539
v 137.489395 101.569427 83.977066
v 132.930557 120.213715 83.573639
v 137.384750 101.953575 132.477539
v -137.384750 101.953575 132.477554
v -132.930557 120.213715 83.573654
v -137.489395 101.569427 83.977081
v -137.384750 101.953575 132.477554
v -102.903625 129.944107 237.958694
v -116.401161 128.531433 23.321537
v 131.717529 122.475929 -156.183258
v 131.717529 122.475929 -156.183258
v 116.401161 128.531433 23.321522
v 132.583588 119.730431 176.990585
v -132.583588 119.730431 176.990601
v 136.829865 57.579597 -251.544357
v -136.829865 57.579597 -251.544357
v 112.449509 88.071915 306.834229
v -140.098572 68.166412 84.756371
v -138.727203 47.261288 132.666199
v -140.342285 68.350906 133.127457
v -137.868027 96.519058 84.142281
v -140.342285 68.350906 133.127457
v -113.701103 130.745453 176.990585
v -112.449509 88.071915 306.834229
v 113.701096 130.745438 176.990570
v -139.063156 46.896423 85.216248
v -135.487411 34.079071 132.673080
v -139.063156 46.896423 85.216248
v -80.171394 64.897705 -302.340057
v -80.171394 64.897705 -302.340057
v -139.003952 93.283394 -32.115646
v -141.591110 67.026360 -73.723480
v -140.782883 67.315498 -33.590282
v -138.330658 46.196964 -75.565735
v -140.782883 67.315498 -33.590282
v -141.591110 67.026360 -73.723480
v -140.782883 67.315498 -33.590282
v 106.097984 127.501518 -211.667252
v 106.097984 127.501518 -211.667252
v -132.244858 118.796921 241.332047
v 132.244858 118.796921 241.332031
v -132.611130 121.647049 -91.807381
v -132.611130 121.647049 -91.807381
v -102.793480 64.896332 -300.861298
v -102.793480 64.896332 -300.861298
v 132.611130 121.647049 -91.807396
v 132.611130 121.647049 -91.807396
v -106.097984 127.501518 -211.667236
v -106.097984 127.501518 -211.667236
v 125.025909 127.412025 176.990585
v -125.025909 127.412025 176.990601
v 0.000001 126.327049 289.039459
v 54.042404 123.098274 291.563202
v 52.766041 126.321533 279.974060
v -52.766041 126.321533 279.974091
v -54.042404 123.098274 291.563232
v -123.584320 124.871696 -264.773376
v 123.584328 124.871689 -264.773346
v 135.746262 34.193352 85.491653
v 135.746262 34.193352 85.491653
v -135.746262 34.193359 85.491623
v -135.746262 34.193359 85.491623
v -138.400894 79.659195 -203.629044
v 138.400894 79.659195 -203.629044
v 92.644516 89.137611 309.488800
v 92.644516 89.137611 309.488800
v -92.644516 89.137611 309.488800
v -92.644516 89.137611 309.488800
v 138.625320 98.332397 -31.891232
v 138.625320 98.332397 -31.891232
v 139.980148 91.343369 -68.959488
v 139.980148 91.343369 -68.959488
v -138.625320 98.332397 -31.891216
v -138.625320 98.332397 -31.891216
v -139.980164 91.343376 -68.959488
v -139.980164 91.343376 -68.959488
v 80.171387 64.897697 -302.340057
v 80.171387 64.897697 -302.340057
v 134.972458 47.167656 -250.517212
v -134.972458 47.167656 -250.517212
v 140.098572 68.166405 84.756401
v 137.868027 96.519051 84.142296
v 140.098572 68.166405 84.756401
v -139.894806 84.739868 -156.073090
v -116.701309 125.616577 -211.646576
v 138.727203 47.261288 132.666199
v 138.727203 47.261288 132.666199
v 139.894806 84.739868 -156.073090
v 133.635498 101.077888 287.148987
v 116.701309 125.616577 -211.646591
v 137.763397 96.904572 132.642792
v 137.763397 96.904572 132.642792
v -133.635498 101.077896 287.148956
v 102.928406 88.224747 308.468567
v -137.763397 96.904572 132.642792
v -137.763397 96.904572 132.642792
v -102.928406 88.224747 308.468567
v 125.302658 126.825478 83.573639
v 125.302658 126.825478 83.573639
v -125.302658 126.825478 83.573654
v -125.302658 126.825478 83.573654
v -133.938416 97.042267 287.281128
v 131.871750 119.764862 23.550083
v 133.938416 97.042259 287.281158
v -131.871750 119.764862 23.550098
v 114.963699 127.820961 -157.594559
v -114.963699 127.820953 -157.594559
v -0.000008 61.814873 -303.968903
v -0.000008 61.814873 -303.968903
v 123.834915 126.284370 23.321522
v 130.676605 40.005150 -250.228043
v 138.760269 46.418644 22.944271
v -138.760254 46.418644 22.944271
v -123.834915 126.284370 23.321537
v 137.979568 99.834572 24.062281
v -88.332138 121.320724 283.615906
v -88.332138 121.320724 283.615906
v -130.676605 40.005150 -250.228043
v 88.332138 121.320724 283.615906
v 88.332138 121.320724 283.615906
v -67.319633 130.856964 -216.005768
v -67.319633 130.856964 -216.005768
v 67.319633 130.856964 -216.005783
v 67.319633 130.856964 -216.005783
v -129.829819 122.749931 -211.247314
v -129.829819 122.749931 -211.247314
v 140.394623 67.725807 23.510168
v -140.394608 67.725807 23.510168
v -137.979568 99.834572 24.062296
v 135.406204 34.347569 22.624836
v -137.047424 101.953575 176.377884
v 137.047424 101.953575 176.377869
v 132.608353 120.263275 128.625046
v 132.608353 120.263275 128.625046
v -135.406189 34.347569 22.624836
v -123.962944 126.121902 -211.650742
v -134.691574 34.588516 -76.519913
v -138.585388 45.975288 -34.803310
v -138.585388 45.975288 -34.803310
v -132.608353 120.263275 128.625061
v -132.608353 120.263275 128.625061
v 133.719513 107.571236 -208.295273
v 134.691574 34.588516 -76.519920
v 138.585403 45.975288 -34.803310
v 138.585403 45.975288 -34.803310
v 123.962959 126.121895 -211.650726
v 138.358215 94.785561 24.227520
v -133.719498 107.571243 -208.295288
v 87.577614 129.687988 177.148911
v 87.577614 129.687988 177.148911
v -138.358200 94.785561 24.227520
v 134.943558 34.489384 -35.455952
v 134.943558 34.489384 -35.455952
v -134.943542 34.489384 -35.455952
v -134.943542 34.489384 -35.455952
v -120.205460 126.121887 -211.634186
v 59.613251 119.561081 76.164680
v 56.702534 122.295555 77.160164
v 59.613251 125.030037 78.154266
v 59.613251 119.292587 80.289803
v 59.613251 121.462547 71.977600
v 61.670303 124.228691 77.863747
v 61.670303 124.228691 77.863747
v 61.670303 120.362427 76.455200
v 59.613251 118.536682 80.015800
v 59.613251 118.536682 80.015800
v 57.554821 120.362419 76.455200
v 57.554821 124.228691 77.863747
v 62.522591 122.295555 77.160164
v -130.672470 70.658554 309.578308
v -130.004684 115.546104 309.875732
v 112.716629 124.863434 315.027985
v 95.102242 91.618744 306.382568
v 108.247292 59.357151 320.021912
v -116.361221 85.848259 -309.769714
v -132.133347 47.359047 -282.809082
v 137.130020 60.501335 267.042450
v 130.672470 70.658554 309.578308
v -95.102242 91.618744 306.382568
v 125.003876 103.731133 -317.726654
v 132.673080 57.479092 -331.054840
v 111.605484 66.168556 -317.387970
v 132.133347 47.359047 -282.809082
v -138.045639 70.282669 264.170288
v -126.221024 37.066898 280.986084
v 109.609024 36.897541 309.666412
v -108.247284 59.357151 320.021912
v -132.673080 57.479092 -331.054840
v -111.211700 60.388432 -332.338074
v 132.964966 97.855995 298.494446
v -106.047043 57.553440 -296.754089
v 131.179169 66.168556 -317.387970
v -131.179169 66.168556 -317.387970
v -102.183517 122.263885 313.331665
v 123.428726 123.560905 -323.666504
v -136.456726 96.904579 245.100540
v -122.394691 83.727867 305.776764
v 81.841545 60.833160 303.900085
v 80.932808 75.361961 318.830933
v -80.932808 75.361961 318.830933
v -81.841545 60.833160 303.900085
v 0.000001 76.463463 311.119049
v 118.980034 39.633392 -318.410980
v 59.324104 133.731888 140.106827
v 115.525452 130.047379 109.190445
v -85.214890 131.783615 133.679565
v -118.980042 39.633392 -318.410980
v 139.385345 68.801147 307.965973
v -111.605484 66.168556 -317.387939
v 0.000008 36.897541 319.610229
v 120.423004 69.409729 322.986328
v 111.536644 57.178932 322.986328
v 102.650284 69.409729 322.986328
v -102.650284 69.409729 322.986328
v -99.537163 70.421730 304.350311
v -117.029007 58.963364 322.986328
v -99.537163 70.421730 304.350311
v -0.000003 84.834869 318.007538
v 130.004684 115.546112 309.875702
v -99.878632 66.606407 305.294861
v 120.966873 127.272964 -157.151184
v 102.467155 82.589188 315.829315
v 59.613251 121.462547 71.977600
v 59.613251 122.218452 72.252975
v 59.613251 122.218452 72.252975
v 59.613251 119.292587 80.289803
v 33.343822 126.355965 64.827477
v 33.343822 126.355965 64.827477
v 114.344093 62.722233 -333.383148
v -132.766693 100.505104 298.407715
v -119.211357 120.900780 -325.340790
v -116.361221 85.848259 -309.769714
v -125.003876 103.731133 -317.726654
v 127.113243 94.581779 310.389282
v -111.536644 53.906097 304.350311
v -111.536644 53.906097 304.350311
v 74.743744 78.207962 304.599548
v -74.743744 78.207962 304.599548
v 121.585091 53.886818 -314.535065
v -121.585091 39.466789 -307.066895
v -121.585091 53.886818 -314.535065
v 111.536644 79.138741 304.350311
v 111.536644 79.138741 304.350311
v 95.843002 68.189812 302.638855
v -95.843002 68.189812 302.638855
v 120.975136 65.084961 319.917267
v -139.385345 68.801147 307.965973
v -88.870499 108.707161 303.354828
v 88.870499 108.707161 303.354828
v -132.341248 74.192993 -300.072357
v 121.585091 39.466789 -307.066895
v 119.504631 124.871689 -264.773346
v -120.975128 65.084961 319.917267
v 133.566666 66.282837 -295.720062
v 137.130020 60.501335 267.042450
v 99.537163 62.623104 304.350311
v 99.537163 62.623104 304.350311
v 85.881302 127.111870 65.102852
v 85.881302 127.111870 65.102852
v 0.000000 62.639626 311.119049
v 84.971184 136.705948 127.475357
v -127.113251 94.581787 310.389313
v -117.421402 36.897541 306.198059
v 117.656860 130.285583 83.573654
v 97.570984 131.332001 116.770142
v 116.361221 85.848259 -309.769684
v 116.361221 85.848259 -309.769684
v 133.566666 66.282837 -295.720062
v -115.525452 130.047379 109.190445
v -97.570984 131.332001 116.770149
v -117.656860 130.285568 83.573654
v 136.320419 107.571236 -155.984970
v 99.878639 66.606407 305.294830
v 0.000008 58.263912 312.511047
v 118.740471 37.251396 -283.297882
v -118.740471 37.251396 -283.297882
v -120.423004 69.409729 322.986328
v -102.467155 82.589188 315.829315
v -121.585091 64.576889 -304.618805
v -133.566666 66.282837 -295.720062
v 137.868027 96.519051 84.142303
v 139.662109 96.118378 -75.812202
v 121.585091 64.576889 -304.618805
v -124.091003 71.231339 303.993683
v 124.091003 71.231339 303.993683
v -140.393234 89.150002 -111.180031
v -118.952499 76.729202 304.350311
v -118.952499 76.729202 304.350311
v 123.536125 62.623104 304.350311
v 126.221024 37.066895 280.986084
v 106.047028 57.553440 -296.754089
v 132.341248 74.192993 -300.072357
v 132.341248 74.192993 -300.072357
v 122.394684 83.727859 305.776733
v 110.929436 65.807816 -303.694916
v -110.929443 65.807816 -303.694916
v 110.929436 65.807816 -303.694916
v 75.652481 62.715351 313.965057
v -75.652481 62.715351 313.965057
v 0.000008 47.763851 327.238129
v 137.868042 96.519051 84.142303
v 139.249054 90.506226 -155.993240
v -98.620163 108.031113 308.442383
v 98.620163 108.031113 308.442383
v 128.422668 52.235947 -330.382935
v -124.216301 127.283981 -157.175980
v -122.358894 126.678154 -325.998932
v -119.211357 120.900780 -325.340790
v -0.000001 135.005493 133.832397
v 130.034988 50.125195 -318.570709
v 138.045639 70.282669 264.170288
v -112.212692 90.985382 308.442413
v 112.212685 90.985374 308.442383
v -90.959221 49.140728 320.021912
v -114.081108 140.225235 89.342766
v -101.230721 177.299026 88.361053
v 114.081108 140.225250 89.342766
v 101.230721 177.299042 88.361053
v -130.034988 50.125195 -318.570709
v -0.000003 92.884087 317.627533
v 61.670303 126.276108 72.240585
v 61.670303 126.276108 72.240585
v 61.670303 126.276108 72.240585
v -128.422668 52.235947 -330.382935
v -126.437202 85.848259 -309.769714
v -126.437202 85.848259 -309.769714
v 119.211349 120.900780 -325.340790
v 119.211349 120.900780 -325.340790
v 110.093674 57.479088 -331.054840
v -136.320419 107.571236 -155.984970
v -138.701035 104.397537 -84.408043
v -112.492195 121.652550 322.328186
v 0.000001 183.351776 94.623085
v -100.557426 174.479187 91.739906
v 100.557426 174.479202 91.739906
v 90.959229 49.140728 320.021912
v -102.259247 80.219582 308.902252
v 102.259247 80.219582 308.902252
v 138.701050 104.397537 -84.408043
v -137.130020 60.501339 267.042450
v -122.675568 121.948578 313.331696
v 122.675575 121.948586 313.331665
v -123.574677 120.900780 -325.340790
v -123.574677 120.900780 -325.340790
v 112.492195 121.652557 322.328186
v 59.019814 134.014160 130.408112
v -121.392334 46.665100 -273.243927
v 121.392334 46.665100 -273.243927
v -88.047134 59.267654 305.294861
v 88.047142 59.267654 305.294830
v 127.494644 107.557472 -315.808655
v -127.494644 107.557472 -315.808655
v -84.971184 136.705948 127.475357
v 84.580147 66.500381 314.603943
v -84.580147 66.500381 314.603943
v 130.496231 44.957775 300.766296
v -111.211700 54.569752 -330.695465
v 111.536644 75.865906 322.986328
v -106.044281 58.963367 322.986328
v -111.536644 75.865906 322.986328
v 0.000001 73.744133 319.071899
v 112.731766 50.125191 -318.570709
v 0.000002 58.807774 -318.807526
v 0.000000 63.515320 319.071899
v -94.490913 108.692017 310.666046
v 94.490913 108.692017 310.666046
v 54.211761 122.307945 279.974091
v 65.285980 125.363235 279.974091
v 54.986946 130.052887 279.974091
v -54.211761 122.307945 279.974091
v -54.986946 130.052887 279.974091
v -65.285980 125.363235 279.974091
v -133.660294 57.553440 -288.626404
v 133.660294 57.553440 -288.626404
v -139.282074 100.926437 132.434860
v -139.282074 100.926437 132.434860
v 139.282074 100.926430 132.434875
v 139.282074 100.926430 132.434875
v -0.000003 87.214111 324.934601
v -127.494644 77.195969 -317.387970
v -59.019814 134.014160 130.408112
v 127.494644 77.195961 -317.387970
v 120.423004 63.635109 322.986328
v -119.700142 71.912895 312.060822
v 119.700150 71.912895 312.060822
v 140.393234 89.150002 -111.180031
v -112.751045 55.556973 315.318512
v -139.249054 90.506226 -155.993240
v -118.262680 117.490250 308.442413
v 118.262688 117.490257 308.442383
v -112.731773 50.125191 -318.570709
v 97.996437 93.874069 310.396149
v -97.996437 93.874069 310.396149
v 112.645027 133.994888 105.088730
v 132.766693 100.505104 298.407715
v -133.656158 68.801147 315.600769
v 133.656158 68.801147 315.600769
v -86.328781 181.959763 92.579803
v 86.328781 181.959778 92.579803
v -0.000002 39.466789 -311.337952
v -14.414521 166.805847 97.484238
v 15.734946 172.921936 100.120956
v 16.025467 167.641617 100.147118
v 110.651306 47.553185 -291.734009
v -110.651321 47.553185 -291.734009
v 124.252098 75.341309 311.788208
v -124.252098 75.341309 311.788208
v 111.536644 53.906097 304.350311
v 111.536644 53.906097 304.350311
v 123.536125 62.623104 304.350311
v -123.536125 62.623104 304.350311
v -123.536125 62.623104 304.350311
v -15.320506 172.921936 97.404381
v 122.938560 86.304008 -312.612946
v 122.938560 86.304008 -312.612946
v -137.868027 96.519058 84.142288
v -137.868027 96.519058 84.142288
v -118.871262 64.017876 -333.891205
v 69.639664 73.153450 305.194366
v -69.639664 73.153450 305.194366
v -108.726433 130.264923 102.651657
v 108.726433 130.264923 102.651657
v -132.964966 97.855995 298.494446
v 131.588104 30.007648 132.675827
v 130.741318 30.747032 -109.246895
v 135.487411 34.079071 132.673080
v 115.291389 77.195969 -317.387939
v -122.938560 86.304008 -312.612976
v -122.938560 86.304008 -312.612976
v 122.358894 126.678154 -325.998932
v -86.253052 178.958176 95.285362
v 86.253052 178.958191 95.285362
v -115.291389 77.195969 -317.387970
v 0.000002 61.495438 -308.891266
v -130.496216 44.957775 300.766266
v -121.585091 50.604343 -308.582825
v 57.554821 126.276108 72.240585
v 61.670303 126.276108 72.240585
v -131.588104 30.007648 132.675827
v -135.487411 34.079071 132.673080
v -130.741318 30.747032 -109.246895
v -112.716629 124.863426 315.027985
v -120.289452 121.670456 -329.132721
v -120.289452 121.670456 -329.132721
v 126.437202 85.848259 -309.769684
v 126.437202 85.848259 -309.769684
v 135.027542 68.257278 262.596527
v -135.027542 68.257278 262.596527
v -112.645027 133.994888 105.088730
v 95.779663 70.446510 306.682739
v -95.779663 70.446510 306.682739
v 121.585091 50.604343 -308.582825
v 130.039108 108.345047 310.660522
v -130.039108 108.345039 310.660553
v 120.289444 121.670456 -329.132721
v 120.289444 121.670456 -329.132721
v 137.489380 101.569427 83.977081
v 137.489380 101.569427 83.977081
v -137.489380 101.569435 83.977066
v -137.489380 101.569435 83.977066
v 131.555054 60.388432 -332.338104
v -131.555054 60.388432 -332.338104
v 85.214890 131.783615 133.679565
v 128.824707 40.456764 -281.769531
v -128.824707 40.456764 -281.769531
v 134.854050 50.337231 270.678772
v 112.751053 55.556973 315.318512
v -119.504631 124.871689 -264.773376
v 121.441895 119.417885 320.111420
v -121.441887 119.417877 320.111450
v -59.708256 124.603203 292.879547
v -59.978123 124.135063 281.823242
v -59.708256 126.965919 292.879547
v 58.343769 126.965919 292.879547
v 59.708256 124.603203 292.879547
v 58.073902 127.434059 281.823242
v -112.751045 55.556973 315.318512
v -119.138367 44.478622 311.971313
v -113.570290 130.160278 82.616722
v 113.570290 130.160294 82.616722
v -59.364037 135.743515 277.061981
v -59.364037 127.018242 289.009155
v -58.679726 127.018242 282.095856
v -59.364037 127.018242 289.009155
v -59.364037 135.743515 277.061981
v -58.679726 127.018242 282.095856
v 59.364037 135.743515 277.061981
v 58.679726 127.018242 282.095856
v 59.364037 127.018242 289.009155
v 59.364037 127.018242 289.009155
v 58.679726 127.018242 282.095856
v 59.364037 135.743515 277.061981
v -58.131729 124.867561 289.009155
v -50.575432 120.504242 277.061981
v -58.131729 124.867561 282.095856
v -50.575432 120.504242 277.061981
v -58.131729 124.867561 289.009155
v -58.131729 124.867561 282.095856
v -67.823563 121.105934 277.061981
v -59.925800 124.874451 289.009155
v -60.267265 125.467880 282.095856
v -59.925800 124.874451 289.009155
v -67.823563 121.105934 277.061981
v -60.267265 125.467880 282.095856
v 67.823563 121.105934 277.061981
v 59.925800 124.874451 282.095856
v 59.925800 124.874451 289.009155
v 59.925800 124.874451 289.009155
v 59.925800 124.874451 282.095856
v 67.823563 121.105934 277.061981
v 50.575432 120.504242 277.061981
v 58.131729 124.867561 282.095856
v 57.788887 125.460999 289.009155
v 57.788887 125.460999 289.009155
v 58.131729 124.867561 282.095856
v 50.575432 120.504242 277.061981
v -105.399902 57.553440 -317.631683
v 118.871277 50.940308 -330.166779
v 102.183525 122.263893 313.331665
v 0.000001 182.503616 100.214584
v 106.044281 58.963364 322.986328
v -130.242874 59.724777 310.396179
v 130.242874 59.724777 310.396179
v -106.162689 117.490257 308.442383
v 106.162689 117.490257 308.442383
v 132.254501 103.718735 -260.813477
v 125.003876 103.731133 -317.726654
v -132.254501 103.718735 -260.813477
v -125.003876 103.731133 -317.726654
v 69.605240 65.971664 305.194366
v -69.605240 65.971664 305.194366
v 89.698013 53.520573 319.612976
v -134.854050 50.337234 270.678772
v -137.130020 60.501339 267.042450
v -102.734268 85.648605 314.486847
v 102.734268 85.648605 314.486847
v -89.698006 53.520573 319.612976
v 139.003967 93.283386 -32.115646
v -69.605240 65.971664 305.194366
v -71.980354 66.560966 314.603943
v 71.980354 66.560966 314.603943
v 69.605240 65.971664 305.194366
v 121.447395 91.142342 310.396179
v -121.447403 91.142349 310.396210
v -121.585091 58.807774 -314.535065
v 128.987167 92.647270 305.162659
v -128.987183 92.647278 305.162689
v 105.399895 57.553440 -317.631683
v 75.713066 75.386742 318.830933
v -75.713066 75.386742 318.830933
v -98.168549 172.161911 89.353783
v 98.168549 172.161926 89.353783
v 110.729790 133.890244 92.359505
v -110.729790 133.890228 92.359505
v -125.806595 101.826912 308.442413
v 125.806587 101.826904 308.442383
v -139.316513 101.731903 -88.863617
v -139.662109 96.118378 -75.812202
v 139.316513 101.731903 -88.863617
v 139.662109 96.118378 -75.812202
v 59.026703 125.842400 283.527802
v -59.026703 125.842400 283.527802
v -142.173538 90.453903 -110.824799
v -119.675354 59.724781 315.019714
v -119.675354 59.724781 315.019714
v 119.675362 59.724781 315.019714
v 130.242874 59.724777 310.396179
v 112.751053 55.556973 315.318512
v 86.980042 73.070839 303.407135
v -86.980042 73.070839 303.407135
v 128.459824 71.912888 309.486053
v -128.459824 71.912888 309.486053
v -0.000001 135.090866 144.636749
v -140.826935 69.044861 285.733551
v 140.826935 69.044853 285.733551
v -0.000001 138.992935 136.829865
v -86.254425 71.925278 310.968994
v 86.254425 71.925278 310.968994
v 119.138390 44.478622 311.971313
v 119.675362 59.724781 315.019714
v 88.299110 58.394714 312.586761
v -88.299103 58.394714 312.586792
v 123.895493 64.017876 -333.891235
v 128.151428 42.344463 -318.410980
v -128.151428 42.344463 -318.410980
v -98.841843 175.082260 85.833107
v 98.841843 175.082275 85.833107
v -118.871262 50.940304 -330.166748
v 124.216301 127.283981 -157.175964
v 137.366852 57.553444 -317.631683
v 85.239670 180.168457 89.242256
v -85.239670 180.168442 89.242256
v 129.354797 105.606438 -314.665833
v -129.354797 105.606438 -314.665833
v 123.018417 36.897541 299.392181
v 103.373146 119.384842 320.104523
v -103.373138 119.384834 320.104523
v -124.556389 70.658554 308.832031
v 124.556389 70.658554 308.832031
v -137.366852 57.553444 -317.631683
v 117.029007 74.081474 322.986328
v -117.029007 74.081474 322.986328
v 106.044281 74.081474 322.986328
v -111.536644 57.178932 322.986328
v 117.029007 58.963367 322.986328
v 102.650284 63.635105 322.986328
v -102.650284 63.635109 322.986328
v -120.423004 63.635105 322.986328
v -106.044281 74.081474 322.986328
v -132.726776 71.923904 303.573761
v 132.726776 71.923904 303.573761
v 121.290428 81.358253 311.767517
v -59.978123 127.434059 281.823242
v 59.978123 124.135063 281.823242
v -121.290436 81.358261 311.767548
v 123.902374 81.037453 -314.015991
v -118.860252 81.037453 -314.015991
v 103.218933 89.119713 307.697479
v -103.218933 89.119713 307.697479
v 61.670303 122.408463 70.832039
v 57.554821 126.276108 72.240585
v 121.585091 58.807774 -314.535065
v 140.393234 89.150002 -111.180031
v 141.708160 85.980431 -156.192886
v -121.615379 128.808182 -158.482635
v 135.925247 101.953575 244.935333
v -135.925247 101.953583 244.935318
v 136.456726 96.904572 245.100555
v -85.099228 177.212280 91.892746
v 85.099228 177.212296 91.892746
v 139.485855 65.153801 265.160248
v -139.485855 65.153801 265.160248
v -52.766041 126.321541 279.974091
v 52.766041 126.321541 279.974091
v 109.498856 61.674431 -297.244263
v -109.498871 61.674431 -297.244263
v 114.634613 42.344463 -318.410980
v 80.872223 62.689190 313.965057
v 134.940796 72.909744 -297.460419
v -134.940796 72.909744 -297.460419
v -80.872223 62.689190 313.965057
v -57.662216 125.784561 292.879547
v -135.187256 34.065304 138.416031
v -139.498260 96.598907 -66.998817
v 139.498260 96.598907 -66.998817
v 139.498260 96.598907 -66.998817
v 100.469307 135.024780 119.763474
v -100.469307 135.024780 119.763481
v -101.751183 130.201584 127.242676
v 123.536125 70.421730 304.350311
v 123.536125 70.421730 304.350311
v -99.537163 62.623100 304.350311
v -99.537163 62.623100 304.350311
v 104.120789 76.729210 304.350311
v 104.120789 76.729210 304.350311
v -111.536644 79.138733 304.350311
v -111.536644 79.138733 304.350311
v -114.634621 42.344463 -318.410980
v -140.000824 105.734482 -101.071007
v 140.000824 105.734482 -101.071007
v 101.751183 130.201584 127.242668
v 25.330399 67.429779 317.134644
v 25.330399 67.429779 317.134644
v -96.589272 113.969582 315.172577
v 96.589272 113.969582 315.172577
v -92.501320 36.897541 312.159943
v 0.000002 50.604343 -312.855286
v -93.083740 115.029778 306.467957
v 93.083740 115.029778 306.467957
v -110.093674 57.479092 -331.054840
v 92.550896 43.963673 315.347412
v 100.571205 66.017105 312.586761
v -100.571198 66.017105 312.586792
v 70.362526 72.119415 311.826782
v -70.362526 72.119415 311.826782
v 0.000008 57.355175 319.802979
v 114.273880 78.133621 -310.495300
v -114.273880 78.133621 -310.495331
v -128.487366 78.133621 -310.495331
v 128.487381 78.133621 -310.495331
v 139.648346 97.876648 84.138176
v 139.648346 97.876648 84.138176
v -139.648331 97.876656 84.138161
v -139.648331 97.876656 84.138161
v -92.550888 43.963673 315.347412
v -141.497482 95.365227 -68.872749
v 63.840260 129.375458 279.974091
v 141.497482 95.365227 -68.872749
v 141.497482 95.365227 -68.872749
v 141.497482 95.365227 -68.872749
v -63.840260 129.375458 279.974091
v -66.738586 120.940712 282.749878
v -66.738586 120.940712 282.749878
v 67.823563 121.105934 277.061981
v 66.738586 120.940712 282.749847
v 66.738586 120.940712 282.749847
v 58.679729 134.885727 282.749847
v 59.364037 135.743515 277.061981
v 58.679729 134.885727 282.749847
v 50.575432 120.504242 277.061981
v 51.317570 120.933830 282.749847
v 51.317570 120.933830 282.749847
v -50.575432 120.504242 277.061981
v -51.317570 120.933830 282.749847
v -51.317570 120.933830 282.749847
v -59.364037 135.743515 277.061981
v -58.679729 134.885727 282.749847
v -58.679729 134.885727 282.749847
v -122.511726 88.438164 305.190247
v 122.511719 88.438156 305.190216
v -74.659752 60.867584 304.599548
v 74.659752 60.867584 304.599548
v 102.273018 80.375168 313.740601
v -102.273018 80.375168 313.740601
v -93.005257 67.745079 309.976227
v -86.254425 71.925278 310.968994
v 93.005257 67.745079 309.976227
v 86.254425 71.925278 310.968994
v -85.096481 132.399078 124.104767
v 85.096481 132.399078 124.104767
v -135.634735 68.364677 -294.838867
v 135.634735 68.364677 -294.838867
v 128.583740 78.969376 304.456299
v -128.583755 78.969383 304.456329
v 57.554821 122.408463 70.832039
v 57.554821 122.408463 70.832039
v 61.670303 122.408463 70.832039
v -104.102890 90.908272 310.396149
v 104.102890 90.908272 310.396149
v 133.660294 57.553440 -288.626404
v 136.719711 57.553440 -295.904572
v 137.439819 96.904572 176.543121
v -133.660294 57.553440 -288.626404
v -136.719711 57.553440 -295.904572
v -137.439819 96.904579 176.543106
v 0.000002 53.886818 -318.807526
v 137.472870 68.257278 262.041656
v -137.472870 68.257278 262.041656
v -123.018402 36.897541 299.392151
v -107.276588 165.022812 89.999535
v 107.276588 165.022827 89.999535
v -127.785156 113.950302 315.167084
v 127.785156 113.950310 315.167053
v -104.433334 62.731876 319.612976
v 104.433342 62.731876 319.612976
v 59.026703 125.784561 296.510376
v -57.121105 125.784561 281.823242
v 111.211700 54.569748 -330.695465
v 81.925529 78.173546 303.900055
v -81.925529 78.173546 303.900055
v -118.986923 76.419411 306.182922
v 118.986923 76.419411 306.182922
v -25.330399 67.429779 317.134644
v -25.330399 67.429779 317.134644
v 140.826935 65.330040 285.733551
v -140.826935 65.330048 285.733551
v -59.324100 133.731903 140.106827
v -140.638321 103.093636 -86.484375
v 140.638321 103.093636 -86.484375
v 95.859528 70.542892 302.638855
v 25.077053 66.085945 309.181793
v 25.077053 66.085945 309.181793
v 0.000001 180.351562 97.098709
v 0.000001 185.513474 97.682503
v -95.859528 70.542892 302.638855
v -128.086700 103.714607 -313.894775
v 128.086700 103.714607 -313.894775
v 109.257904 53.436581 -296.281830
v -109.257919 53.436581 -296.281830
v 121.615379 128.808182 -158.482620
v -59.128586 138.001602 133.413834
v 59.128586 138.001602 133.413834
v 0.000008 52.284138 326.829193
v -141.390091 89.440521 -156.129547
v 141.390091 89.440521 -156.129547
v 120.171036 126.679527 -325.998932
v -120.171036 126.679527 -325.998932
v 140.784271 94.639610 -32.119778
v 139.003967 93.283386 -32.115646
v 140.784271 94.639610 -32.119778
v 134.531845 59.724777 303.569611
v -134.531845 59.724777 303.569611
v 58.935825 91.145096 313.231140
v -58.935825 91.145096 313.231140
v 63.065079 121.630524 279.974091
v -63.065079 121.630524 279.974091
v -59.614620 179.402893 95.529076
v 59.614620 179.402908 95.529076
v 0.000008 42.903477 322.457611
v 119.053017 76.561226 311.021271
v -108.481354 166.249603 86.265442
v 108.481354 166.249619 86.265442
v -119.053017 76.561226 311.021271
v 118.860252 81.037453 -314.015991
v -123.902374 81.037453 -314.015991
v -105.030899 165.022812 85.115753
v 105.030899 165.022827 85.115753
v -0.000003 84.991829 322.845886
v -133.656158 65.084961 315.600769
v 133.267883 61.674431 -297.114838
v -133.267883 61.674431 -297.114838
v 133.656158 65.084961 315.600769
v 110.833054 73.244324 -303.893188
v -110.833061 73.244324 -303.893188
v -110.929443 65.807816 -303.694916
v 110.521881 139.492752 88.059517
v -110.521881 139.494110 88.059517
v -123.428726 123.560905 -323.666504
v 84.604935 71.850929 316.553589
v -59.026703 125.784561 296.510376
v -84.604935 71.850929 316.553589
v -118.262688 92.366394 308.442413
v 118.262680 92.366386 308.442383
v -118.952499 56.315632 304.350311
v -118.952499 56.315632 304.350311
v -104.120789 76.729202 304.350311
v -104.120789 76.729202 304.350311
v -104.120789 56.315628 304.350311
v -104.120789 56.315628 304.350311
v 104.120789 56.315632 304.350311
v 104.120789 56.315632 304.350311
v 118.952499 56.315632 304.350311
v 118.952499 56.315632 304.350311
v 99.537163 70.421738 304.350311
v 99.537163 70.421738 304.350311
v 118.952499 76.729202 304.350311
v 118.952499 76.729202 304.350311
v -123.536125 70.421730 304.350311
v -123.536125 70.421730 304.350311
v -114.506561 135.341461 92.979095
v 114.506561 135.341476 92.979095
v 58.343773 124.603203 292.879547
v 131.751938 99.253525 306.141632
v -131.751953 99.253532 306.141663
v -141.708145 85.980431 -156.192886
v -98.620163 101.826904 308.442383
v 101.311958 96.235413 308.442352
v -133.886108 61.674431 -318.570709
v -133.267883 61.674431 -297.114838
v -133.566666 66.282837 -295.720062
v 133.886108 61.674431 -318.570709
v 133.267883 61.674431 -297.114838
v -70.330856 67.298973 311.826782
v 70.330856 67.298973 311.826782
v 131.555054 54.569752 -330.695465
v 86.945625 65.887672 303.407166
v -86.945625 65.887672 303.407166
v 135.598938 70.282669 264.725189
v -122.477310 121.669083 -329.132721
v -122.477310 121.669083 -329.132721
v -135.598938 70.282669 264.725189
v 122.477303 121.669083 -329.132721
v 122.477303 121.669083 -329.132721
v 133.854431 46.917068 283.436920
v -133.854431 46.917072 283.436920
v -134.684692 60.501339 267.597321
v 134.684692 60.501335 267.597321
v 59.563675 184.524887 95.652992
v -59.563675 184.524872 95.652992
v 128.422653 62.722237 -333.383148
v -128.422653 62.722237 -333.383148
v 124.045578 37.251396 -282.119263
v -124.045578 37.251396 -282.119263
v 121.585091 41.369633 -308.706757
v 126.975563 70.658554 310.920746
v -126.975563 70.658554 310.920746
v -121.585091 41.369633 -308.706757
v 129.580612 99.717529 310.389282
v 111.211700 60.388428 -332.338104
v -59.000538 88.560699 319.261871
v -129.580612 99.717537 310.389313
v 123.570549 79.761086 -317.387970
v -123.570549 79.761086 -317.387970
v 59.000538 88.560699 319.261871
v -136.068451 73.098381 -254.349060
v 136.068451 73.098381 -254.349060
v 132.258636 108.641075 306.922302
v -132.258636 108.641068 306.922333
v -114.344093 52.235947 -330.382904
v 117.421425 36.897541 306.198059
v 109.615891 53.442085 -318.450928
v 109.257904 53.436581 -296.281830
v 59.000542 83.111023 313.677277
v -86.222763 67.104828 310.968994
v 86.222763 67.104828 310.968994
v -139.385345 65.084961 307.965973
v -134.531845 59.724777 303.569611
v -59.614620 182.597244 93.103020
v 59.614620 182.597260 93.103020
v 139.385345 65.084961 307.965973
v 134.531845 59.724777 303.569611
v -94.720856 61.063103 312.586792
v 94.720863 61.063103 312.586761
v -131.555054 54.569752 -330.695465
v -59.000542 83.111023 313.677277
v 113.959953 40.456764 -286.583099
v -113.959953 40.456764 -286.583099
v -133.164627 53.442089 -318.450928
v -137.074951 59.894138 286.091553
v -137.074951 59.894138 286.091553
v 137.074951 59.894131 286.091553
v 137.074951 59.894131 286.091553
v 133.164627 53.442089 -318.450928
v -25.077053 66.085945 309.181793
v -25.077053 66.085945 309.181793
v -123.555397 128.819199 -158.497787
v -94.932884 99.875870 310.396179
v -93.036926 71.172127 309.976227
v 135.187256 34.065304 138.416031
v 94.932884 99.875877 310.396149
v 93.036926 71.172127 309.976227
v -124.191528 49.292183 -325.773163
v 124.191528 49.292183 -325.773163
v 133.517090 53.436581 -297.219482
v -133.517090 53.436581 -297.219482
v -114.344093 62.722237 -333.383118
v -59.573318 131.318237 279.974091
v 59.573318 131.318237 279.974091
v 58.478703 120.365173 279.974091
v -58.478703 120.365173 279.974091
v -120.975128 68.801147 319.917267
v 120.975136 68.801147 319.917267
v 134.691574 34.588516 -76.519913
v 119.810295 86.304008 -312.612946
v 119.810295 86.304008 -312.612946
v -119.810295 86.304008 -312.612976
v -119.810295 86.304008 -312.612976
v -134.691574 34.588516 -76.519913
v 59.708252 126.965919 292.879547
v 135.114273 71.402069 286.229218
v 132.726776 71.923904 303.573761
v -85.064812 135.156967 124.769798
v 85.064812 135.156967 124.769798
v -0.000002 41.369633 -312.979187
v -135.114273 71.402077 286.229218
v -132.726776 71.923904 303.573761
v -103.742149 163.794632 88.845711
v 103.742149 163.794647 88.845711
v -72.005142 71.911507 316.553589
v 125.825867 44.617687 307.167389
v 72.005142 71.911507 316.553589
v -125.825851 44.617687 307.167358
v -130.242874 59.724777 310.396179
v -104.630226 48.522511 315.313019
v -142.173538 90.453903 -110.824799
v -140.393234 89.150002 -111.180031
v -139.003967 93.283386 -32.115646
v -139.003967 93.283386 -32.115646
v 119.215485 79.761086 -317.387970
v 131.252136 107.539574 -261.530792
v 59.000538 85.490265 320.604340
v -131.252136 107.539574 -261.530792
v -119.215485 79.761086 -317.387970
v -109.615898 53.442085 -318.450928
v -109.257919 53.436581 -296.281830
v -0.000001 137.339294 134.402420
v -59.000538 85.490265 320.604340
v -0.000003 90.284546 323.592133
v -109.609001 36.897541 309.666412
v -112.212685 118.871262 308.442383
v 137.996094 107.473480 -100.103065
v 112.212692 118.871262 308.442383
v -137.996094 107.473480 -100.103065
v -79.885010 52.306168 320.309662
v 133.762177 99.965370 298.384308
v 131.751938 99.253525 306.141632
v -133.762177 99.965370 298.384308
v -131.751953 99.253532 306.141663
v 137.821213 100.926422 244.891266
v -137.821213 100.926430 244.891251
v 34.304882 127.564865 63.859531
v 34.304882 127.564865 63.859531
v -120.966873 127.272964 -157.151199
v 79.885017 52.306168 320.309662
v -112.460533 90.244621 310.396210
v 84.920242 126.808960 63.585533
v 84.920242 126.808960 63.585533
v -138.084198 98.262177 245.095032
v -60.389809 125.784561 292.879547
v 134.491928 34.676636 -112.291168
v -58.343769 124.603203 292.879547
v -134.491928 34.676636 -112.291168
v 138.084198 98.262169 245.095047
v -58.343769 126.965919 292.879547
v 57.662216 125.784561 292.879547
v 60.389809 125.784561 292.879547
v 112.460526 90.244614 310.396179
v 133.899872 98.567841 298.491699
v -109.570457 132.600113 103.221687
v -133.899872 98.567841 298.491699
v 109.570457 132.600113 103.221687
v -133.201797 105.640854 -261.221039
v -124.677559 107.498268 -319.369263
v -124.677559 107.498268 -319.369263
v 124.677559 107.498268 -319.369263
v 124.677559 107.498268 -319.369263
v 133.201797 105.640854 -261.221039
v 60.930920 125.784561 281.823242
v 92.550896 43.963673 315.347412
v 104.630234 48.522511 315.313019
v 113.515213 50.929287 -325.934235
v 57.121105 125.784561 281.823242
v -137.197495 65.196480 262.566254
v 137.197495 65.196480 262.566254
v -137.552734 103.702209 -155.958817
v 117.739471 68.200829 -317.383850
v 112.731766 65.641212 -315.861023
v 137.552734 103.702209 -155.958817
v -79.885010 57.377201 313.283478
v -117.739471 68.200829 -317.383820
v -112.731766 65.641212 -315.860992
v 91.153358 98.679375 304.819794
v 79.885017 57.377201 313.283447
v 25.362066 73.287010 317.134644
v -91.153358 98.679367 304.819824
v 59.584328 181.320892 98.094200
v -59.584328 181.320877 98.094200
v -139.662109 96.118378 -75.812202
v -141.911926 93.171860 -110.095055
v -141.497482 95.365227 -68.872749
v -141.911926 93.171860 -110.095055
v 141.911926 93.171860 -110.095055
v 141.911926 93.171860 -110.095055
v 101.311951 113.622612 308.442383
v -101.311951 113.622612 308.442383
v 124.261742 105.522453 -320.404663
v 124.261742 105.522453 -320.404663
v 111.536644 78.128113 315.376343
v -124.261742 105.522453 -320.404663
v -124.261742 105.522453 -320.404663
v 122.575066 70.109184 315.376343
v 122.575066 62.935658 315.376343
v -124.471031 48.291195 -318.570709
v 104.714218 75.911339 315.376343
v 100.498222 70.109184 315.376343
v 104.714218 57.132118 315.376343
v 100.498222 62.935654 315.376343
v -130.034988 65.641212 -315.861023
v -125.027283 68.200829 -317.383850
v -130.034988 65.641212 -315.861023
v -122.575066 70.109184 315.376343
v -111.536644 54.916725 315.379089
v 111.536644 54.916725 315.379089
v 130.034988 65.641212 -315.861023
v 125.027283 68.200829 -317.383850
v 130.034988 65.641212 -315.861023
v -122.575066 62.935658 315.376343
v 118.359070 57.132118 315.376343
v -100.498222 62.935658 315.376343
v -111.536644 78.128113 315.376343
v 124.471031 48.291195 -318.570709
v -100.498222 70.109184 315.376343
v -104.714218 57.132118 315.376343
v -118.359070 57.132118 315.376343
v -104.714218 75.911339 315.376343
v -118.359070 75.911339 315.376343
v 118.359070 75.911339 315.376343
v 123.804611 39.633392 -318.410980
v -123.804619 39.633392 -318.410980
v -124.191513 65.810570 -327.550690
v 118.575233 65.810570 -327.550690
v 139.485855 68.257286 264.433258
v -139.485855 68.257286 264.433258
v 46.411758 120.643303 65.712814
v 45.487873 120.283943 65.582008
v 48.802013 115.621834 63.885696
v 45.487873 120.283943 65.582008
v 44.323036 125.781807 67.582611
v 54.144295 113.376152 63.067833
v 53.761524 112.507339 62.752529
v 48.802013 115.621834 63.885696
v 59.613251 111.414101 62.353233
v 53.761524 112.507339 62.752529
v 49.154495 115.782928 64.476379
v 45.487873 131.279678 69.584587
v 48.802013 135.940399 71.280899
v 45.487873 131.279678 69.584587
v 45.949127 130.928574 69.988014
v 48.802013 135.940399 71.280899
v 44.323036 125.781807 67.582611
v 70.423111 115.621834 63.885696
v 69.716766 116.286865 64.126648
v 73.737251 120.283943 65.582008
v 70.423111 115.621834 63.885696
v 65.463600 112.507339 62.752529
v 72.813370 120.643311 65.712814
v 74.902092 125.781815 67.582611
v 59.613251 112.354507 62.696075
v 59.613251 111.414101 62.353233
v 73.737251 131.279678 69.584587
v 74.402283 125.609703 68.053505
v 53.761524 139.054901 72.414070
v 54.144295 138.186096 72.098770
v 59.613251 139.507889 73.110771
v 53.761524 139.054901 72.414070
v 45.324024 125.781807 67.582611
v 49.508350 135.275375 71.038567
v 59.613251 139.507889 73.110771
v 65.272209 138.791916 71.786217
v 65.463600 139.054901 72.414070
v 70.423111 135.940399 71.280899
v 73.737251 131.279678 69.584587
v 73.276001 130.928574 69.988014
v 70.423111 135.940399 71.280899
v 65.272217 113.113167 62.439980
v 59.613251 139.209106 72.470520
v 59.613251 139.209106 72.470520
v 70.070633 135.436462 71.629250
v 65.463600 139.054901 72.414070
v -140.784271 94.639610 -32.119778
v -140.784271 94.639610 -32.119778
v -119.065407 123.560905 -323.666504
v 119.065399 123.560905 -323.666504
v -98.402618 133.371155 117.336044
v 118.575249 49.292187 -325.773163
v 98.402618 133.371155 117.336037
v 94.167358 61.783207 305.294830
v 112.450890 86.666122 307.318848
v -94.167351 61.783207 305.294861
v -45.102352 58.263908 309.250610
v -108.880646 61.674431 -318.570709
v -109.498871 61.674431 -297.244263
v 108.880638 61.674431 -318.570709
v 109.498856 61.674431 -297.244263
v -112.450890 86.666122 307.318848
v -59.072136 136.347961 130.989151
v 59.072136 136.347961 130.989151
v 123.574677 120.900780 -325.340790
v 123.574677 120.900780 -325.340790
v 142.173538 90.453903 -110.824799
v 142.173538 90.453903 -110.824799
v 75.039772 77.468582 311.784088
v -111.140099 44.478622 313.861786
v -104.630226 48.522511 315.313019
v -97.810570 57.041245 319.613007
v 111.140106 44.478622 313.861786
v 104.630234 48.522511 315.313019
v -75.039772 77.468582 311.784088
v 126.603806 77.315750 310.445740
v 97.810577 57.041245 319.612976
v -118.575233 65.810570 -327.550690
v -126.603806 77.315750 310.445740
v -95.764519 68.290321 306.682739
v 95.764519 68.290321 306.682739
v -129.251541 50.929291 -325.934235
v 111.626137 47.397602 -318.410980
v 122.419479 124.729874 -328.405701
v 129.251541 50.929291 -325.934235
v -111.626144 47.397602 -318.410980
v -131.158524 47.397602 -318.410980
v -133.517090 53.436581 -297.219482
v 130.209839 72.572411 -317.387970
v 112.574814 72.572418 -317.387939
v -122.550278 73.913490 309.699493
v -127.394135 38.976624 277.271271
v 131.158524 47.397602 -318.410980
v 133.517090 53.436581 -297.219482
v 127.394135 38.976624 277.271271
v 109.256531 66.386101 -305.052521
v 112.731766 65.641212 -315.861023
v 120.231621 124.731247 -328.405701
v -109.256538 66.386101 -305.052521
v -112.731766 65.641212 -315.860992
v -120.231621 124.731247 -328.405701
v -80.318726 64.576889 -306.641449
v 122.550278 73.913490 309.699493
v 113.515213 64.176216 -327.359314
v -112.574814 72.572418 -317.387970
v -122.419479 124.729874 -328.405701
v -130.209839 72.572418 -317.387970
v 119.992050 78.574219 313.109985
v 92.501328 36.897541 312.159943
v -45.088570 42.903477 319.281158
v 80.318726 64.576889 -306.641449
v 137.384735 101.953583 132.477554
v 137.384735 101.953583 132.477554
v -119.992050 78.574219 313.109985
v 81.622620 77.436913 311.432983
v -81.622620 77.436913 311.432983
v -25.362066 73.287010 317.134644
v -137.384735 101.953590 132.477539
v -137.384735 101.953590 132.477539
v 45.102360 47.763851 323.977661
v 137.552719 78.804153 -255.374832
v -137.552719 78.804153 -255.374832
v -112.002029 84.154701 313.315155
v 123.555397 128.819199 -158.497772
v 118.295723 48.291191 -318.570709
v -118.295731 48.291191 -318.570709
v 112.449509 88.071899 306.834198
v -118.575233 49.292183 -325.773132
v -124.471024 67.476593 -315.861023
v -124.471024 67.476593 -315.861023
v 124.471024 67.476593 -315.861023
v 124.471024 67.476593 -315.861023
v -112.449516 88.071907 306.834229
v 134.750778 65.196480 263.122498
v -134.750778 65.196480 263.122498
v 112.002029 84.154701 313.315155
v -25.362066 73.287010 317.134644
v -25.111475 74.813965 309.181793
v -70.362526 72.119415 311.826782
v -69.639664 73.153450 305.194366
v -138.355453 105.640854 -155.958817
v 138.355453 105.640854 -155.958817
v -118.295731 67.476593 -315.860992
v -118.295731 67.476593 -315.860992
v 45.088593 42.903477 319.281128
v -100.795639 53.271355 320.021942
v 139.204971 98.262169 176.538986
v 139.386719 100.540901 83.934395
v 139.386719 100.540901 83.934395
v -139.204971 98.262177 176.538971
v -139.386719 100.540909 83.934380
v -139.386719 100.540909 83.934380
v 100.795647 53.271355 320.021912
v -58.073902 127.434059 281.823242
v 118.295731 67.476593 -315.861023
v 118.295731 67.476593 -315.861023
v -106.162697 92.366386 308.442352
v 106.162697 92.366386 308.442352
v 59.000538 83.267982 318.515625
v -60.930920 125.784561 281.823242
v -58.073902 124.135063 281.823242
v -59.000538 83.267982 318.515625
v 45.102360 58.263908 309.250580
v 135.174850 79.938698 -255.760361
v 58.073902 124.135063 281.823242
v 59.978123 127.434059 281.823242
v -132.341248 74.192993 -300.072357
v -135.174850 79.938698 -255.760361
v -123.113419 113.622604 308.442413
v -110.012444 53.879936 -326.226135
v 110.012436 53.879932 -326.226135
v 56.702534 124.342972 71.537003
v 56.702534 124.342972 71.537003
v 59.613251 121.608498 70.541519
v 59.613251 121.608498 70.541519
v 62.522591 124.342972 71.537003
v 62.522591 124.342972 71.537003
v 59.613251 127.077454 72.531105
v 59.613251 127.077454 72.531105
v 123.113426 113.622612 308.442383
v 124.191513 65.810570 -327.550690
v -113.515221 50.929291 -325.934235
v 114.344093 52.235943 -330.382904
v 122.430489 73.812981 304.861115
v -122.430489 73.812981 304.861115
v -140.014587 94.200386 -109.580101
v -140.014587 94.200386 -109.580101
v 140.014587 94.200386 -109.580101
v 140.014587 94.200386 -109.580101
v -125.806587 108.031113 308.442413
v -123.895485 64.017876 -333.891205
v 93.272377 66.850113 302.859161
v 86.945625 65.887672 303.407166
v -45.240025 36.897541 316.519135
v -15.611027 167.641617 97.378220
v 132.754318 53.879936 -326.226135
v -132.754318 53.879936 -326.226135
v 16.825432 171.569839 100.217339
v 125.806587 108.031120 308.442383
v -93.272377 66.850113 302.859161
v -86.945625 65.887672 303.407166
v -137.771652 85.589394 -204.766342
v 81.545517 61.432102 309.557678
v 86.222763 67.104828 310.968994
v -113.515213 64.176216 -327.359314
v 137.771652 85.589394 -204.766342
v -81.545517 61.432102 309.557678
v -86.222763 67.104828 310.968994
v 131.913040 30.149467 85.621071
v -131.913040 30.149467 85.621071
v 118.871262 64.017876 -333.891205
v -123.584312 124.871689 -264.773346
v 123.584312 124.871689 -264.773346
v -45.102337 47.763851 323.977692
v 98.620163 101.826912 308.442352
v 135.746262 34.193356 85.491646
v 80.318726 58.807777 -316.557709
v 135.359360 98.127243 287.277039
v -123.113426 96.235413 308.442413
v -135.746262 34.193356 85.491646
v -16.410992 171.569839 97.309380
v 129.251541 64.176216 -327.359314
v -135.359360 98.127243 287.277039
v -138.400894 79.659187 -203.629044
v -129.251541 64.176216 -327.359314
v 138.400909 79.659187 -203.629044
v -80.318726 58.807777 -316.557709
v -101.311958 96.235413 308.442352
v 80.318726 50.604343 -310.606842
v 92.644524 89.137611 309.488800
v 80.318726 41.369633 -310.730774
v 121.585091 50.604343 -308.582825
v -80.318726 50.604343 -310.606842
v 123.113419 96.235405 308.442383
v -111.469177 81.129700 314.657623
v -92.644524 89.137611 309.488800
v 45.240047 36.897541 316.519104
v 45.088593 42.903477 319.281128
v 0.000008 42.903477 322.457611
v -80.318726 41.369633 -310.730774
v -121.585091 50.604343 -308.582825
v 111.056114 78.787636 307.623138
v 138.625320 98.332397 -31.891218
v 138.625320 98.332397 -31.891218
v 139.980179 91.343369 -68.959488
v 139.980179 91.343369 -68.959488
v 53.952908 113.113167 62.439976
v 53.952911 112.770325 63.380386
v 45.949127 120.633667 65.177208
v -111.083649 78.941841 312.568909
v 59.613251 140.148132 72.811989
v 59.613251 140.148132 72.811989
v 59.613251 140.148132 72.811989
v 59.613251 140.148132 72.811989
v 49.154495 135.779312 70.690216
v 53.952908 138.449081 72.726624
v 45.949127 120.292206 66.117615
v 73.276001 120.633667 65.177208
v 73.737251 120.283943 65.582008
v 74.902092 125.781815 67.582611
v 73.276001 131.270035 69.048981
v 70.070633 115.782928 64.476379
v 65.463600 112.507339 62.752529
v 49.154495 116.125771 63.535969
v 72.813370 130.920319 69.453789
v 73.901100 125.781815 67.582611
v 59.613251 112.055725 62.054451
v 46.411758 130.920319 69.453789
v 45.949127 131.270035 69.048981
v 44.822842 125.609695 68.053505
v 59.613251 111.712883 62.994858
v 70.070633 135.779312 70.690216
v 73.276001 120.292206 66.117615
v 44.822842 125.952538 67.113098
v 70.070625 116.125771 63.535969
v 74.402283 125.952545 67.113098
v 49.508354 116.286865 64.126648
v 65.080826 138.186096 72.098770
v 49.154495 135.436462 71.629250
v 65.272217 112.770325 63.380386
v -141.497482 95.365227 -68.872749
v -138.625320 98.332397 -31.891218
v -139.498260 96.598907 -66.998817
v -138.625320 98.332397 -31.891218
v 65.080833 113.376152 63.067837
v 108.763611 57.554817 -326.625427
v 109.615891 53.442085 -318.450928
v 65.272209 138.449081 72.726624
v 111.083649 78.941849 312.568878
v 53.952911 138.791916 71.786217
v 59.613251 139.849350 72.171738
v 59.613251 139.849350 72.171738
v -139.980179 91.343369 -68.959488
v -139.980179 91.343369 -68.959488
v 69.716774 135.275375 71.038567
v -108.763618 57.554821 -326.625427
v -109.615898 53.442085 -318.450928
v 111.469177 81.129707 314.657593
v -123.895500 50.940304 -330.166779
v 80.318726 39.466789 -309.089539
v 25.362066 73.287010 317.134644
v 25.111475 74.813965 309.181793
v 70.362526 72.119415 311.826782
v 69.639664 73.153450 305.194366
v 132.754318 61.229702 -327.031616
v -134.003143 57.554821 -326.625427
v -133.164627 53.442089 -318.450928
v -111.056114 78.787628 307.623169
v -139.821823 84.458977 -204.543289
v -80.318726 39.466789 -309.089539
v 139.821823 84.458977 -204.543289
v 123.895500 50.940304 -330.166779
v -132.754318 61.229706 -327.031616
v -133.886108 61.674431 -318.570709
v -134.003143 57.554821 -326.625427
v 74.962669 61.463772 309.557678
v 70.330856 67.298973 311.826782
v -74.962669 61.463772 309.557678
v -70.330856 67.298973 311.826782
v 95.915977 114.342712 314.844879
v -95.915977 114.342712 314.844879
v 134.003143 57.554821 -326.625427
v 134.003143 57.554821 -326.625427
v 133.886108 61.674431 -318.570709
v 133.164627 53.442089 -318.450928
v -140.211487 80.961716 -203.858978
v 140.211502 80.961716 -203.858978
v 80.318726 50.604343 -310.606842
v 80.318726 53.886822 -316.557709
v -135.151459 100.255898 287.114563
v 135.151459 100.255898 287.114563
v 79.885017 47.785881 320.718597
v -80.318726 50.604343 -310.606842
v -80.318726 53.886822 -316.557709
v 0.000002 50.604343 -312.855286
v -139.119629 103.967949 -102.246857
v 93.306801 71.956947 302.859161
v 86.980042 73.070839 303.407135
v 139.119629 103.967949 -102.246857
v -139.894806 84.739868 -156.073105
v -79.885010 47.785881 320.718597
v 139.894821 84.739868 -156.073105
v 133.635513 101.077896 287.148987
v 66.738586 120.940712 282.749847
v 67.482094 120.512497 277.061981
v 67.482094 120.512497 277.061981
v 67.482094 120.512497 277.061981
v -58.679729 127.018242 289.009155
v -58.679729 127.018242 289.009155
v 58.679729 127.018242 289.009155
v 58.679729 127.018242 289.009155
v 137.763382 96.904572 132.642792
v 137.763382 96.904572 132.642792
v -133.635513 101.077896 287.148987
v 50.232590 121.097679 277.061981
v 50.232590 121.097679 277.061981
v 50.232590 121.097679 277.061981
v 51.317570 120.933830 282.749847
v -51.317570 120.933830 282.749847
v -50.232590 121.097679 277.061981
v -50.232590 121.097679 277.061981
v -50.232590 121.097679 277.061981
v -138.055283 74.462868 -254.605164
v -66.738586 120.940712 282.749878
v -67.823563 121.105934 277.061981
v -67.482094 120.512497 277.061981
v -67.482094 120.512497 277.061981
v -67.482094 120.512497 277.061981
v -93.306801 71.956947 302.859161
v -86.980042 73.070839 303.407135
v 102.928413 88.224747 308.468536
v -137.763382 96.904579 132.642776
v -137.763382 96.904579 132.642776
v 138.055283 74.462868 -254.605164
v 60.267265 125.467888 289.009155
v 60.267265 125.467888 289.009155
v 110.012436 61.229702 -327.031616
v 108.763611 57.554817 -326.625427
v 108.880638 61.674431 -318.570709
v 79.885017 58.285938 305.991516
v -110.012444 61.229706 -327.031616
v -108.763618 57.554821 -326.625427
v -108.880646 61.674431 -318.570709
v -102.928413 88.224747 308.468536
v -57.788887 125.460999 289.009155
v -57.788887 125.460999 289.009155
v 58.679729 134.885727 282.749847
v 58.679729 135.743515 277.061981
v 58.679729 135.743515 277.061981
v 58.679729 135.743515 277.061981
v -60.267265 125.467888 289.009155
v -60.267265 125.467888 289.009155
v 102.961456 119.982407 319.764435
v 58.131729 124.867561 289.009155
v 58.131729 124.867561 289.009155
v -45.102337 52.284138 323.567383
v -58.679729 134.885727 282.749847
v -58.679729 135.743515 277.061981
v -58.679729 135.743515 277.061981
v -58.679729 135.743515 277.061981
v -140.522659 97.303871 -31.933901
v -140.522659 97.303871 -31.933901
v 112.434364 122.343750 321.983978
v 140.522659 97.303871 -31.933901
v 140.522659 97.303871 -31.933901
v -102.961449 119.982399 319.764435
v -79.885010 58.285938 305.991547
v -127.621315 94.154953 310.072632
v -133.938416 97.042267 287.281158
v 45.102360 52.284138 323.567352
v 133.938416 97.042267 287.281158
v -112.434364 122.343742 321.983978
v 127.621307 94.154945 310.072601
v 130.183685 99.502739 310.072601
v 94.194878 99.666595 310.079468
v -121.729652 120.016815 319.771362
v 59.978119 127.434059 289.060089
v 14.828961 166.805847 100.042480
v -60.930920 125.784561 289.060089
v 58.073906 124.135063 289.060089
v -58.073902 124.135063 289.060089
v -128.318008 114.324814 314.839386
v -59.978123 124.135063 289.060089
v -57.121105 125.784561 289.060089
v 59.978127 124.135063 289.060089
v 57.121109 125.784561 289.060089
v 58.073898 127.434059 289.060089
v 85.881302 127.111870 65.102852
v 85.881302 126.355965 64.827477
v 84.920242 126.808960 63.585533
v 85.881302 126.355965 64.827477
v 85.881302 126.355965 64.827477
v 60.930923 125.784561 289.060089
v 33.343822 126.355965 64.827477
v 33.343822 127.111870 65.102852
v 34.304882 127.564865 63.859531
v 33.343822 127.111870 65.102852
v 33.343822 127.111870 65.102852
v 84.920242 127.564865 63.859531
v 84.920242 127.564865 63.859531
v 84.920242 127.564865 63.859531
v 34.304882 126.808960 63.585533
v 34.304882 126.808960 63.585533
v 34.304882 126.808960 63.585533
v -58.073902 127.434059 289.060089
v -59.978123 127.434059 289.060089
v -94.194878 99.666588 310.079498
v -141.759109 92.700966 -69.190804
v -141.759109 92.700966 -69.190804
v 121.729660 120.016823 319.771332
v -93.736382 108.847603 310.349365
v 141.759109 92.700966 -69.190804
v 141.759109 92.700966 -69.190804
v 103.720116 90.328606 310.079468
v 137.979568 99.834572 24.062294
v -103.720116 90.328606 310.079468
v -59.364037 134.885727 282.749847
v -59.364037 134.885727 282.749847
v -59.364037 134.885727 282.749847
v 59.364037 134.885727 282.749847
v 59.364037 134.885727 282.749847
v 59.364037 134.885727 282.749847
v 121.736542 90.572311 310.079498
v 57.788887 125.460999 282.095856
v 57.788887 125.460999 282.095856
v -130.183685 99.502747 310.072632
v -112.399948 89.637421 310.079529
v 93.736382 108.847603 310.349365
v -67.081429 121.534149 282.749878
v -67.081429 121.534149 282.749878
v -67.081429 121.534149 282.749878
v 50.974728 121.527267 282.749847
v 50.974728 121.527267 282.749847
v 50.974728 121.527267 282.749847
v -50.974728 121.527267 282.749847
v -50.974728 121.527267 282.749847
v -50.974728 121.527267 282.749847
v 67.081429 121.534149 282.749847
v 67.081429 121.534149 282.749847
v 67.081429 121.534149 282.749847
v -121.736549 90.572319 310.079529
v 128.318008 114.324821 314.839355
v -137.979568 99.834572 24.062294
v 60.267265 125.467888 282.095856
v 60.267265 125.467888 282.095856
v -57.788887 125.460999 282.095856
v -57.788887 125.460999 282.095856
v -59.364033 127.018242 282.095856
v -59.364033 127.018242 282.095856
v 59.364033 127.018242 282.095856
v 59.364033 127.018242 282.095856
v 112.399940 89.637413 310.079498
v -59.925800 124.874443 282.095856
v -59.925800 124.874443 282.095856
v -97.378220 93.418320 310.079468
v 130.660080 108.485489 310.342468
v -130.660080 108.486855 310.342499
v 97.378220 93.418320 310.079468
v 123.186394 128.304245 -211.654846
v -92.482056 86.536690 315.611755
v -131.895142 30.340853 22.466496
v 131.895142 30.340853 22.466496
v 79.985527 42.914490 315.935333
v -138.943359 100.926430 176.333817
v 138.943359 100.926422 176.333832
v 0.206531 173.164261 98.763359
v 134.779709 103.700836 -207.971710
v 135.406174 34.347565 22.624836
v -137.047394 101.953583 176.377884
v 137.047394 101.953575 176.377899
v 45.102360 57.355171 316.542511
v -92.550888 43.963673 315.347412
v -79.985519 42.914490 315.935333
v -135.406174 34.347565 22.624836
v -123.962952 126.121895 -211.650696
v -45.102352 57.355171 316.541168
v 92.206673 81.254990 314.857239
v -121.236740 128.304245 -211.649353
v -134.779709 103.700836 -207.971710
v 121.236740 128.304245 -211.649338
v 139.876907 98.806046 24.018234
v 120.570335 127.570366 -264.831177
v -120.570335 127.570366 -264.831207
v -92.206673 81.254990 314.857239
v 0.206531 166.695694 98.763359
v -139.876907 98.806046 24.018234
v -79.985519 42.914490 315.935333
v -80.249878 36.897537 313.086578
v -45.088570 42.903477 319.281158
v -123.186394 128.304245 -211.654861
v 79.985527 42.914490 315.935333
v 80.249886 36.897537 313.086578
v 139.543686 98.262169 132.638657
v 139.543686 98.262169 132.638657
v -92.198410 81.098022 310.018890
v -92.322327 83.473137 316.950104
v 92.198410 81.098022 310.018890
v -139.543686 98.262177 132.638641
v -139.543686 98.262177 132.638641
v 133.719498 107.571236 -208.295273
v 92.322327 83.473137 316.950104
v 123.962952 126.121895 -211.650711
v 138.358215 94.785561 24.227522
v 131.096542 30.642387 -77.032112
v -131.096542 30.642387 -77.032112
v -133.719498 107.571236 -208.295273
v -140.138519 96.143166 24.223389
v 140.138519 96.143158 24.223391
v -138.358215 94.785568 24.227520
v 92.482048 86.536690 315.611786
v 134.943542 34.489380 -35.455944
v -134.943542 34.489380 -35.455944
v -135.743515 105.640854 -208.309052
v -120.205460 126.121895 -211.634201
v 135.743515 105.640854 -208.309052
v -113.399559 134.684692 92.040070
v 113.399559 134.684692 92.040070
v 99.935081 173.966980 90.162010
v -112.723511 134.508453 91.912018
v 99.555061 173.610367 89.680107
v 112.723511 134.508453 91.912018
v -99.555061 173.610367 89.680099
v -99.935081 173.966980 90.162010
v 59.354397 137.370972 132.858948
v 59.264900 136.933136 132.306824
v -100.012184 134.293655 119.069534
v -99.610138 133.946686 118.600014
v 100.012184 134.293655 119.069534
v 99.610138 133.946686 118.600014
v 85.461357 179.252808 93.735008
v -85.265839 178.835617 93.195267
v -59.354393 137.370972 132.858948
v -59.264900 136.933136 132.306824
v -85.461357 179.252808 93.735008
v 85.265839 178.835617 93.195274
v 0.000000 182.303970 99.345772
v 0.000000 181.846848 98.801910
v -111.593094 133.492325 104.575157
v 111.593094 133.492325 104.575157
v -110.990021 133.241730 104.295647
v 110.990021 133.241730 104.295647
v 0.000000 137.918976 135.769669
v 0.000000 138.370590 136.316284
v -106.270088 164.941559 87.916321
v 106.270088 164.941559 87.916321
v 105.700058 164.678574 87.583122
v -105.700058 164.678574 87.583115
v 112.303566 139.436295 88.205467
v -112.303566 139.436295 88.205467
v -112.969971 139.615295 88.369316
v 112.969971 139.615295 88.369316
v 84.599426 135.871552 126.719460
v -84.599426 135.871552 126.719460
v -84.375000 135.469513 126.179718
v 84.375000 135.469513 126.179718
v -59.618759 181.093689 97.184082
v 59.618759 181.093689 97.184082
v -59.549915 180.646210 96.638832
v 59.549915 180.646210 96.638840
v 126.002106 63.633728 309.095032
v -126.002106 77.907806 309.095032
v -126.002106 63.633728 309.095032
v 126.002106 77.907806 309.095032
v -0.000003 88.947601 320.262878
v -0.000003 54.213135 320.262878
v -125.089233 63.633728 299.237976
v 125.089233 63.633728 299.237976
v 125.089233 77.907806 299.237976
v -125.089233 77.907806 299.237976
v -0.000003 54.213135 310.405823
v -0.000003 88.947601 310.405823
v -90.115189 54.262707 302.625092
v 90.115189 54.262707 302.625092
v -91.028061 54.262707 312.482147
v 91.028061 54.262707 312.482147
v 91.028061 85.135033 312.482147
v -91.028061 85.135033 312.482147
v -90.115189 85.135033 302.625092
v 90.115189 85.135033 302.625092
v -138.045639 70.282669 264.170288
v -130.741333 30.747030 -109.246895
v 140.734695 58.225357 -125.825882
v 137.130020 60.501335 267.042450
v -126.221024 37.066898 280.986084
v 109.609016 36.897541 309.666412
v -97.000961 37.004936 -244.792145
v 97.000961 37.004940 -244.792114
v 85.320915 30.539122 143.459518
v -85.316772 35.382977 268.473022
v -85.316772 35.382977 268.473022
v -85.330544 76.708549 196.478897
v -85.330544 76.708549 196.478897
v 85.316780 35.382977 268.473022
v -97.968918 86.744598 -144.098389
v -97.968918 86.744598 -144.098389
v -97.000961 37.004936 -244.792145
v 97.968910 86.744606 -144.098404
v 97.000961 37.004940 -244.792114
v 97.968910 86.744606 -144.098404
v 139.703400 82.205040 193.902771
v -0.000002 36.897541 319.610229
v 130.741318 30.747030 -109.246910
v -140.734711 58.225357 -125.825867
v -136.474640 47.012074 -225.900024
v 136.474640 47.012077 -225.899994
v 85.320915 30.539122 143.459518
v 85.330544 76.708549 196.478912
v 85.316780 35.382977 268.473022
v 85.330544 76.708549 196.478912
v -85.320915 30.539125 143.459518
v -85.320915 30.539125 143.459518
v -81.194427 31.252340 -164.480286
v 81.194420 31.252348 -164.480301
v 85.327797 66.384727 257.328583
v 85.327797 66.384727 257.328583
v -85.327789 66.384727 257.328583
v -117.421402 36.897541 306.198059
v 138.428421 83.928894 247.320068
v -139.703400 82.205048 193.902756
v 126.221024 37.066895 280.986084
v 138.045639 70.282669 264.170288
v 97.258430 30.803482 -109.322639
v -97.258446 30.803482 -109.322624
v -97.895935 76.391869 -202.414642
v -97.895935 76.391869 -202.414642
v -81.194427 31.252340 -164.480286
v 97.895935 76.391869 -202.414612
v 97.895935 76.391869 -202.414612
v 81.194420 31.252348 -164.480301
v -137.130020 60.501339 267.042450
v 97.922096 72.138702 -126.265099
v -97.922104 72.138695 -126.265083
v -97.922104 72.138695 -126.265083
v -97.258446 30.803482 -109.322624
v -138.428406 83.928894 247.320068
v 78.550804 33.453972 216.984741
v 78.550804 33.453972 216.984741
v -78.550804 33.453972 216.984726
v -78.550804 33.453972 216.984726
v -141.436920 63.826492 -144.421967
v 131.588104 30.007647 132.675812
v 141.436905 63.826492 -144.421982
v -124.071732 36.824566 -277.615509
v 124.071732 36.824570 -277.615479
v -131.588104 30.007650 132.675812
v -131.030472 40.094646 -241.321045
v 131.030472 40.094650 -241.321014
v -80.171394 51.312057 -302.170715
v 134.854050 50.337231 270.678772
v 85.329170 78.201080 242.735062
v -85.329163 78.201080 242.735062
v -85.327789 66.384727 257.328583
v -134.854050 50.337234 270.678772
v 97.942749 87.493629 -172.829681
v 97.942749 87.493629 -172.829681
v -97.942757 87.493622 -172.829666
v -97.942757 87.493622 -172.829666
v 80.171394 51.312065 -302.170685
v -85.329163 81.535873 219.982178
v -85.329163 81.535873 219.982178
v 85.329170 81.535873 219.982178
v 85.329170 81.535873 219.982178
v 137.642227 46.272690 -116.129913
v 123.018417 36.897541 299.392151
v 138.118622 47.415497 151.620270
v 139.076935 87.780022 221.042374
v 85.329170 78.201080 242.735062
v -139.076920 87.780022 221.042374
v -85.329163 78.201080 242.735062
v -137.642242 46.272690 -116.129898
v -135.187256 34.065308 138.416016
v -92.501312 36.897541 312.159943
v -97.639832 56.355560 -226.647659
v -97.639832 56.355560 -226.647659
v 97.639832 56.355564 -226.647629
v 97.639832 56.355564 -226.647629
v -140.323013 57.072910 -198.474014
v 140.323013 57.072914 -198.473984
v 0.000000 51.312057 -303.799561
v 139.601517 68.030098 172.654816
v -85.330544 63.815475 177.071823
v -85.330544 63.815475 177.071823
v 85.330544 63.815475 177.071838
v 85.330544 63.815475 177.071838
v 97.922096 72.138702 -126.265099
v 97.716942 53.216286 -115.625977
v 97.716942 53.216286 -115.625977
v 97.258430 30.803482 -109.322639
v -97.716949 53.216278 -115.625961
v -97.716949 53.216278 -115.625961
v -123.018402 36.897541 299.392151
v -102.793480 52.055573 -300.691956
v -139.601517 68.030106 172.654800
v 0.000002 30.340851 22.466486
v -141.047256 62.529476 -170.739594
v 141.047241 62.529476 -170.739609
v 117.421417 36.897541 306.198059
v 135.187256 34.065304 138.416016
v 102.793480 52.055580 -300.691925
v -126.865417 36.836956 -250.145447
v 126.865417 36.836960 -250.145416
v -109.609001 36.897541 309.666412
v 134.491928 34.676636 -112.291183
v -134.491943 34.676636 -112.291168
v -0.000006 33.453972 216.984741
v -127.394119 38.976627 277.271271
v 127.394119 38.976624 277.271271
v -138.118622 47.415504 151.620270
v 92.501328 36.897541 312.159943
v -45.240036 36.897541 316.519135
v 131.913040 30.149466 85.621056
v -131.913040 30.149469 85.621056
v 45.240032 36.897541 316.519135
v -85.327797 45.224892 158.698792
v -85.327797 45.224892 158.698792
v 85.327797 45.224888 158.698792
v 85.327797 45.224888 158.698792
v -131.895142 30.340855 22.466480
v 131.895142 30.340851 22.466480
v -80.249863 36.897541 313.086578
v 80.249878 36.897541 313.086578
v 131.096558 30.642387 -77.032127
v -131.096573 30.642387 -77.032112
v -0.000014 31.252340 -164.480286
v -98.620163 108.031113 308.442383
v 98.620163 108.031113 308.442383
v 128.422653 52.235943 -330.382904
v 114.344093 62.722237 -333.383148
v 132.673080 57.479092 -331.054840
v -112.212685 90.985382 308.442383
v 112.212685 90.985382 308.442383
v -132.673080 57.479092 -331.054840
v -111.211700 60.388432 -332.338074
v -128.422653 52.235943 -330.382904
v 110.093674 57.479092 -331.054840
v 84.580154 66.500389 314.603912
v 80.932808 75.361961 318.830933
v 75.652489 62.715351 313.965057
v -84.580154 66.500389 314.603912
v -75.652489 62.715351 313.965057
v -80.932808 75.361961 318.830933
v -111.211700 54.569752 -330.695465
v -118.262680 117.490257 308.442413
v 118.262680 117.490257 308.442413
v -118.871262 64.017876 -333.891205
v -112.212692 104.929008 311.625732
v 112.212692 104.929008 311.625732
v 131.555054 60.388432 -332.338074
v -131.555054 60.388432 -332.338104
v 118.871262 50.940304 -330.166748
v -106.162689 117.490257 308.442383
v 106.162689 117.490257 308.442383
v -71.980362 66.560966 314.603943
v 71.980362 66.560966 314.603943
v 75.713066 75.386742 318.830933
v -75.713066 75.386742 318.830933
v -125.806595 101.826904 308.442383
v 125.806595 101.826904 308.442383
v 123.895493 64.017876 -333.891205
v -118.871262 50.940304 -330.166748
v 80.872223 62.689194 313.965057
v -80.872223 62.689194 313.965057
v -110.093674 57.479092 -331.054840
v 111.211700 54.569752 -330.695465
v 84.604935 71.850929 316.553558
v -84.604935 71.850929 316.553558
v -118.262680 92.366386 308.442383
v 118.262680 92.366386 308.442383
v -98.620163 101.826904 308.442383
v 101.311958 96.235413 308.442383
v 131.555054 54.569752 -330.695465
v 128.422653 62.722237 -333.383118
v -128.422653 62.722237 -333.383148
v 111.211700 60.388432 -332.338104
v -114.344093 52.235947 -330.382904
v -131.555054 54.569752 -330.695465
v -114.344093 62.722237 -333.383118
v -72.005135 71.911507 316.553589
v 72.005135 71.911507 316.553589
v -112.212685 118.871262 308.442383
v 112.212685 118.871262 308.442413
v 101.311951 113.622612 308.442383
v -101.311951 113.622612 308.442383
v -121.384064 57.479092 -330.535736
v 121.384064 57.479092 -330.535736
v -106.162689 92.366386 308.442383
v 106.162697 92.366386 308.442383
v -123.113419 113.622612 308.442413
v 123.113419 113.622612 308.442413
v 114.344093 52.235947 -330.382904
v -125.806595 108.031113 308.442383
v -123.895485 64.017876 -333.891205
v 125.806595 108.031113 308.442383
v 118.871262 64.017876 -333.891205
v 98.620163 101.826904 308.442383
v -123.113419 96.235413 308.442383
v -101.311951 96.235413 308.442383
v 123.113419 96.235413 308.442383
v -78.291962 69.135727 315.571899
v 78.291962 69.135727 315.571899
v -123.895485 50.940304 -330.166748
v 123.895485 50.940304 -330.166748
v 120.423004 69.409729 322.986328
v 102.650284 69.409729 322.986328
v 111.536644 57.178932 322.986328
v -117.029007 58.963364 322.986328
v -111.536644 66.522415 334.297394
v -102.650284 69.409729 322.986328
v 111.536644 66.522415 334.297363
v -120.423004 69.409729 322.986328
v 111.536644 75.865906 322.986328
v -106.044281 58.963367 322.986328
v -111.536644 75.865906 322.986328
v 120.423004 63.635109 322.986328
v 106.044281 58.963364 322.986328
v -111.536644 71.753166 329.757843
v 116.511299 64.905960 329.757812
v -116.511299 64.905960 329.757843
v 108.462082 62.291275 329.757812
v 117.029007 74.081474 322.986328
v -117.029007 74.081474 322.986328
v 106.044281 74.081474 322.986328
v -111.536644 57.178932 322.986328
v 117.029007 58.963367 322.986328
v 102.650284 63.635105 322.986328
v -102.650284 63.635109 322.986328
v -120.423004 63.635105 322.986328
v -106.044281 74.081474 322.986328
v -106.561989 68.138863 329.757843
v 108.462082 70.753555 329.757812
v -108.462082 62.291267 329.757843
v 114.611206 70.753555 329.757812
v -114.611206 70.753555 329.757843
v 114.611206 62.291271 329.757812
v 106.561989 64.905960 329.757812
v -114.611206 62.291271 329.757843
v 116.511299 68.138870 329.757812
v -106.561989 64.905952 329.757843
v -111.536644 61.291656 329.757843
v 111.536644 61.291660 329.757812
v -108.462082 70.753548 329.757843
v -116.511299 68.138870 329.757843
v 106.561989 68.138870 329.757812
v 111.536644 71.753166 329.757812
v 0.000000 73.744133 319.071869
v 0.000000 63.515316 319.071869
v 25.330399 67.429779 317.134613
v -25.330399 67.429779 317.134613
v 25.362066 73.287010 317.134613
v -25.362066 73.287010 317.134613
v -127.494644 77.195961 -317.387970
v -111.605484 66.168556 -317.387970
v -131.179169 66.168556 -317.387970
v 127.494644 77.195961 -317.387970
v 131.179169 66.168556 -317.387970
v 111.605484 66.168556 -317.387970
v 115.291389 77.195961 -317.387970
v -115.291382 77.195961 -317.387970
v 117.739471 68.200829 -317.383850
v -125.027283 68.200829 -317.383850
v -117.739471 68.200829 -317.383850
v 125.027283 68.200829 -317.383850
v 123.570549 79.761086 -317.387970
v -123.570541 79.761086 -317.387970
v 119.215485 79.761086 -317.387970
v -119.215485 79.761086 -317.387970
v 130.209839 72.572411 -317.387970
v 112.574814 72.572411 -317.387970
v -112.574806 72.572411 -317.387970
v -130.209839 72.572411 -317.387970
v 121.384064 73.680801 -317.383850
v 118.980042 39.633392 -318.410980
v 112.731773 50.125195 -318.570709
v 130.034973 50.125195 -318.570709
v -118.980042 39.633392 -318.410980
v -130.034973 50.125195 -318.570709
v -112.731773 50.125195 -318.570709
v 128.151413 42.344463 -318.410980
v -128.151413 42.344463 -318.410980
v 114.634613 42.344463 -318.410980
v -114.634613 42.344463 -318.410980
v 109.615898 53.442089 -318.450897
v -133.164627 53.442089 -318.450897
v 133.164627 53.442089 -318.450897
v -109.615898 53.442089 -318.450897
v -124.471016 48.291195 -318.570709
v 124.471016 48.291195 -318.570709
v 123.804619 39.633392 -318.410980
v -123.804619 39.633392 -318.410980
v 111.626144 47.397602 -318.410980
v -111.626144 47.397602 -318.410980
v -131.158508 47.397602 -318.410980
v 131.158508 47.397602 -318.410980
v 118.295731 48.291195 -318.570709
v -118.295731 48.291195 -318.570709
v 139.662109 96.118378 -75.812202
v 125.003876 103.731133 -317.726654
v -139.662109 96.118378 -75.812202
v -125.003876 103.731133 -317.726685
v -132.341248 74.192993 -300.072357
v 59.613251 153.407455 73.281502
v 83.782944 140.294083 68.509247
v 59.613251 153.407455 73.281502
v 132.341248 74.192993 -300.072357
v 139.249054 90.506226 -155.993240
v -126.437202 85.848259 -309.769714
v 73.566521 104.469139 55.470226
v 83.782944 114.068718 58.963364
v 59.613251 100.955345 54.191109
v 73.566521 104.469139 55.470226
v -139.249054 90.506226 -155.993240
v 73.566521 149.893661 72.002380
v 83.782944 140.294083 68.509247
v 87.521164 127.182083 63.735615
v 87.521164 127.182083 63.735615
v 73.566521 149.893661 72.002380
v 126.437202 85.848259 -309.769714
v 40.938671 145.242584 68.713028
v 35.442181 140.294083 68.509247
v 52.388779 152.513870 72.956558
v 132.254501 103.718735 -260.813477
v -132.254501 103.718735 -260.813477
v 31.703960 127.182091 63.735619
v 31.703960 127.182091 63.735619
v 32.654007 120.394089 61.265503
v 35.442181 140.294083 68.509247
v 45.658604 104.469139 55.470226
v 32.654007 120.394089 61.265503
v 78.286453 109.120232 58.758209
v 86.021744 127.694283 62.327068
v 83.782944 114.068718 58.963364
v -139.316513 101.731903 -88.863617
v 139.316513 101.731903 -88.863617
v 59.613251 152.511108 71.359383
v 59.613251 153.407455 73.281502
v 59.613251 152.511108 71.359383
v 40.938671 110.146004 55.939743
v 59.613247 100.955353 54.191109
v 59.613247 101.851700 56.113228
v 45.658604 104.469139 55.470226
v 66.448067 150.639923 73.870804
v 78.286453 144.216797 71.532867
v 34.103855 134.117416 64.665009
v 34.103859 120.245384 62.807606
v 66.448067 103.722870 53.601803
v 52.388779 152.513870 72.956558
v 46.407627 148.160187 72.967575
v 59.613251 153.407455 73.281502
v -128.487366 78.133614 -310.495300
v 128.487366 78.133614 -310.495300
v 84.522324 127.182083 63.735615
v 77.226257 110.630669 57.711784
v 47.158024 106.910339 56.358311
v 41.998867 143.732147 69.760834
v 82.483170 115.285873 57.810917
v 38.040348 115.478638 59.476940
v 86.021744 126.668510 65.145538
v 36.741951 139.076920 69.661690
v 52.777058 103.722870 53.601803
v 59.613251 151.485336 74.177849
v 59.613251 151.485336 74.177849
v 59.613247 103.773819 55.216881
v 130.588486 86.394882 -305.183350
v -130.588486 86.394882 -305.183350
v -128.086700 103.714607 -313.894836
v 128.086700 103.714607 -313.894806
v 46.407623 105.176857 57.323502
v 72.817497 149.185944 70.149101
v 33.203381 127.694290 62.327072
v 78.286453 145.242569 68.713028
v 66.059784 149.790390 71.965210
v 59.613251 150.588989 72.255730
v 59.613251 150.588989 72.255730
v 35.552330 133.238968 65.941376
v 81.184776 138.885529 67.995674
v 36.741955 114.260101 60.629387
v 79.348022 108.636948 56.986168
v 79.348022 108.636948 56.986168
v 85.121269 134.117416 64.665009
v 36.741955 115.285873 57.810921
v 66.448059 102.697105 56.421650
v 85.121269 133.091644 67.483475
v 82.483170 114.260101 60.629383
v 38.040344 138.885529 67.995667
v 72.067101 106.910347 56.358315
v 83.672791 121.123825 61.531235
v 35.552334 121.123833 61.531242
v -137.552734 103.702209 -155.958817
v 137.552734 103.702209 -155.958817
v 39.878475 108.636948 56.986168
v 39.878475 108.636948 56.986168
v 35.442184 114.068718 58.963367
v 35.442184 114.068718 58.963367
v 32.654003 133.968719 66.207108
v 32.654003 133.968719 66.207108
v 79.348022 145.725861 70.486443
v 79.348022 145.725861 70.486443
v 66.836349 101.848938 54.516048
v 66.836349 101.848938 54.516048
v 39.878475 145.725861 70.486443
v 39.878475 145.725861 70.486443
v 86.571121 133.968719 66.207108
v 86.571121 133.968719 66.207108
v 86.571121 120.394081 61.265499
v 86.571121 120.394081 61.265499
v 45.658607 149.893677 72.002388
v 45.658607 149.893677 72.002388
v 52.388779 101.848938 54.516048
v 52.388779 101.848938 54.516048
v 66.836349 152.513855 72.956558
v 66.836349 152.513855 72.956558
v 52.777058 151.665710 71.050964
v 66.448067 151.665695 71.050964
v 72.817497 148.160172 72.967567
v 34.103859 121.271156 59.989140
v 85.121262 121.271149 59.989132
v 36.741951 140.102692 66.843224
v 33.203381 126.668518 65.145538
v 78.286453 110.146011 55.939743
v 34.103855 133.091644 67.483475
v 46.407623 106.202629 54.503658
v 40.938671 109.120232 58.758209
v 46.407627 149.185959 70.149109
v 72.817497 106.202629 54.503658
v 85.121262 120.245377 62.807598
v 72.817497 105.176857 57.323502
v 82.483170 140.102692 66.843231
v 52.777058 102.697098 56.421646
v 59.613247 102.877472 53.294762
v 52.777058 150.639938 73.870804
v 82.483170 139.076920 69.661697
v 40.938671 144.216797 71.532867
v 77.226257 143.732132 69.760826
v 53.165337 149.790405 71.965210
v 72.067101 147.452454 71.114288
v 53.165337 104.572403 55.507401
v 34.702801 127.182091 63.735619
v 47.158024 147.452469 71.114296
v 83.672798 133.238968 65.941376
v 81.184776 115.478638 59.476936
v 41.998867 110.630661 57.711784
v 66.059776 104.572411 55.507404
v 135.174850 79.938698 -255.760345
v -135.174850 79.938698 -255.760345
v -140.014587 94.200386 -109.580101
v 140.014587 94.200386 -109.580101
v -137.771667 85.589401 -204.766342
v 137.771667 85.589401 -204.766342
v -139.119614 103.967949 -102.246857
v 139.119614 103.967949 -102.246857
v 134.779709 103.700836 -207.971710
v -134.779709 103.700836 -207.971710
v 100.337128 55.245796 -10.538613
v -100.337128 55.245796 -10.538613
v 101.766327 139.154037 -117.301628
v 104.258476 37.017326 -108.804916
v -104.258476 37.017326 -108.804916
v -5.500622 77.449310 1.524202
v 0.000000 130.529282 -25.520409
v 0.000000 130.529282 -25.520409
v -101.766327 139.154037 -117.301620
v 99.972260 80.266396 -40.857437
v -104.258476 37.017326 -108.804916
v 104.258476 37.017326 -108.804916
v 97.844978 134.816879 -18.261515
v -97.844978 134.816879 -18.261515
v -99.972260 80.266396 -40.857437
v -5.500622 77.449310 1.524202
v 0.000000 55.579002 53.172222
v 100.337128 55.245796 -10.538613
v -100.337128 55.245796 -10.538613
v -98.800537 55.559723 55.913582
v 0.000000 55.579002 53.172222
v 96.050911 88.451927 59.852825
v -102.721886 37.329876 -44.079327
v 102.721886 37.329876 -44.079327
v 0.000000 83.603951 57.744831
v 0.000000 83.603951 57.744831
v -96.050911 88.451927 59.852825
v 98.800537 55.559723 55.913582
v 0.000000 55.232029 -11.830125
v -99.972260 72.847786 -98.434280
v -99.972260 72.847786 -98.434280
v 105.471504 67.438042 -104.403046
v 105.471504 67.438042 -104.403046
v 105.471504 134.891220 -134.540131
v -105.471504 134.891220 -134.540115
v 96.050911 77.449310 1.524203
v 96.050911 77.449310 1.524203
v -96.050911 77.449310 1.524203
v -96.050911 77.449310 1.524203
v 0.000000 130.720673 -17.062256
v 5.500622 77.449310 1.524202
v 5.500622 77.449310 1.524202
v 99.972260 82.947182 -96.766891
v 101.550156 130.552689 -25.590630
v -101.550156 130.552689 -25.590630
v 0.000000 70.668190 -4.083816
v 0.000000 70.668190 -4.083816
v 0.000000 70.668190 -4.083816
v 0.000000 70.668190 -4.083816
v 0.000000 141.979385 -133.891602
v 5.500622 83.923386 63.675037
v 105.471504 75.419792 -42.953045
v 101.550156 83.605324 57.757217
v -101.550156 83.605324 57.757217
v 0.000000 137.614685 -110.926674
v -105.471504 75.419792 -42.953045
v 101.550156 70.668190 -4.083816
v 101.550156 70.668190 -4.083816
v -101.550156 70.668190 -4.083816
v -101.550156 70.668190 -4.083816
v -105.471504 67.438034 -104.403038
v -105.471504 67.438034 -104.403038
v 5.500622 87.128754 35.190216
v -5.500622 87.128754 35.190216
v -5.500622 83.923386 63.675037
v 99.972260 75.736473 -37.035229
v 3.705175 134.816879 -18.261515
v 0.000000 130.720673 -17.062256
v 96.050911 87.128754 35.190208
v -96.050911 87.128754 35.190208
v -2.426057 134.597946 -24.940744
v -99.972260 134.571793 -110.926682
v 99.972260 134.571793 -110.926689
v -99.972260 79.214462 -64.008240
v 96.050911 130.233261 -11.886576
v -96.050911 130.233261 -11.886576
v 5.500622 55.609295 58.759586
v 105.471504 81.060860 -101.579079
v -5.500622 130.233261 -11.886577
v 2.426056 134.597946 -24.940744
v 0.000000 137.489395 -136.475998
v 5.500622 88.451935 59.852829
v -5.500622 88.451935 59.852829
v 0.000000 142.196930 -117.301613
v -105.471504 81.060852 -101.579063
v 99.972260 72.847794 -98.434288
v 99.972260 72.847794 -98.434288
v -5.500622 86.505028 2.431564
v 5.500622 86.505028 2.431564
v 101.550156 84.617332 -2.381996
v -101.550156 84.617332 -2.381996
v 0.000000 84.709579 -2.432941
v 0.000000 84.709579 -2.432941
v -5.500622 55.609295 58.759586
v 96.050911 83.923378 63.675034
v -96.050911 83.923378 63.675034
v -0.000006 37.380821 -41.233322
v 0.000000 82.447372 35.903439
v 0.000000 82.447372 35.903439
v -99.972260 75.736473 -37.035229
v -99.972260 82.947174 -96.766876
v -101.550156 82.436356 35.962635
v 101.550156 82.436356 35.962635
v 99.124100 134.597946 -24.940744
v -99.124100 134.597946 -24.940744
v 5.500622 130.233261 -11.886577
v -103.045448 138.936478 -133.891602
v 103.045448 138.936478 -133.891617
v 99.972260 79.214462 -64.008240
v -3.705175 134.816879 -18.261515
v 2.426056 130.107956 -27.525141
v -105.471504 135.115662 -116.050041
v 105.471504 135.115662 -116.050049
v -96.050911 86.505028 2.431564
v 96.050911 86.505028 2.431564
v 101.550156 130.777130 -17.009933
v -101.550156 130.777130 -17.009933
v -0.000006 75.736473 -37.035225
v -2.426057 130.107956 -27.525141
v -105.471504 74.522064 -63.234436
v 105.471504 74.522064 -63.234436
v -99.124100 130.107956 -27.525141
v 99.124100 130.107956 -27.525141
v -103.045448 134.446487 -136.475998
v 103.045448 134.446487 -136.476013
v 0.000000 37.003563 -110.096420
v 0.000000 82.947174 -96.766876
v -106.742355 35.080063 123.607719
v -117.035889 122.043587 -54.459602
v -113.570290 130.160278 82.616730
v 85.096481 132.399078 124.104774
v -113.570290 130.160278 82.616730
v -97.570984 131.332001 116.770149
v 106.742355 90.935814 148.457596
v 113.570290 130.160278 82.616730
v 117.035889 122.043587 -54.459602
v -106.544090 35.936478 -103.207916
v -104.891838 130.332382 -158.667130
v 106.544090 35.936478 -103.207916
v 104.891838 130.332382 -158.667130
v 32.290508 130.212601 98.453560
v 100.531265 130.581604 -134.566284
v -106.742355 90.935814 148.457596
v -83.493797 123.896866 110.666458
v -100.531265 130.581604 -134.566284
v 106.742355 35.080059 123.607727
v 113.570290 130.160278 82.616730
v 89.611259 128.346924 97.900063
v -0.000002 135.005508 133.832397
v 59.954716 134.268875 -174.298813
v -111.948326 133.244476 -141.373566
v -117.035889 122.043587 -54.459602
v 117.035889 122.043587 -54.459602
v 111.948326 133.244476 -141.373566
v -22.434828 188.493027 73.647751
v -85.468239 183.113571 82.531364
v -24.498766 182.839569 94.358734
v 22.434828 188.493027 73.647751
v 24.498766 182.839569 94.358734
v 82.792969 182.197952 86.422417
v -111.814774 126.243057 -56.736958
v 111.814774 126.243057 -56.736958
v -104.447105 125.858917 95.657127
v 82.598831 185.331726 70.927048
v -59.954716 134.268875 -174.298813
v 32.809589 140.347794 101.456528
v 108.726440 130.264908 102.650284
v -82.598831 185.331726 70.927048
v 104.447105 125.860283 95.657127
v 83.493797 123.896858 110.666458
v 88.844337 138.640457 100.949844
v -0.000001 134.102280 -135.567276
v -114.304161 127.973793 -144.533493
v 114.304161 127.973793 -144.533493
v -101.066872 127.636467 92.793221
v -117.353951 125.828621 -69.960480
v 117.353951 125.828621 -69.960480
v -14.414521 166.805847 97.484238
v 16.025467 167.641617 100.147118
v 15.734946 172.921936 100.120956
v -15.320506 172.921936 97.404381
v 108.357437 126.658882 80.620262
v 108.357437 126.658882 80.620262
v -108.357437 126.658882 80.620262
v -108.357437 126.658882 80.620262
v -66.727570 180.252426 92.674812
v 36.258667 134.120178 120.158646
v 109.512634 134.012772 -132.875488
v -109.512634 134.012772 -132.875488
v -59.019817 134.014160 130.408112
v 112.391685 121.423996 -53.987335
v -112.391685 121.423996 -53.987335
v 58.470444 139.473465 -165.292664
v -108.726433 130.264923 102.651657
v -101.373917 134.507080 -139.684128
v 101.373917 134.507080 -139.684128
v 101.066872 127.636452 92.793221
v 66.727570 180.252426 92.674812
v -0.000002 133.851685 99.897903
v 109.094063 122.880722 -57.399235
v -109.094063 122.880722 -57.399235
v 97.570984 131.332001 116.770149
v 115.295517 129.984039 -70.216576
v -115.295517 129.984039 -70.216576
v -0.042683 169.929977 101.620377
v 0.006884 169.899689 103.965202
v -0.764167 182.652313 96.294617
v -0.764167 169.099716 101.284424
v -0.764167 182.652313 96.294617
v 0.006884 169.899689 103.965202
v -0.764167 169.099716 101.284424
v -58.470444 139.473465 -165.292664
v -103.512207 134.991730 -150.977280
v 103.512207 134.991730 -150.977280
v -89.611259 128.346939 97.900055
v 59.019814 134.014160 130.408112
v -0.000001 139.276581 -142.070267
v -110.948715 129.766495 -70.362526
v 110.948715 129.766495 -70.362526
v -87.932846 132.192535 -167.856400
v 87.932846 132.192535 -167.856400
v -85.096481 132.399078 124.104774
v 110.404854 129.513153 81.037453
v 110.404854 129.513153 81.037453
v -110.404854 129.513153 81.037453
v -110.404854 129.513153 81.037453
v -118.374214 125.598679 -29.729521
v 118.374214 125.598679 -29.729521
v 109.396980 117.257568 -55.114998
v -109.396980 117.257568 -55.114998
v -105.273232 35.775387 23.453714
v 105.273232 35.775383 23.453722
v 0.777935 177.293503 100.594604
v 0.777935 177.293503 100.594604
v -19.765064 187.687561 77.125740
v 19.765064 187.687561 77.125740
v -90.068382 131.136490 100.204948
v 85.446205 185.428101 73.910736
v -85.446205 185.428101 73.910736
v -21.341587 183.818527 91.267647
v 21.341587 183.818527 91.267647
v 85.468239 183.113571 82.531364
v -82.792969 182.197952 86.422417
v -0.000002 130.997421 98.025352
v -0.000002 123.409454 112.694595
v -116.665512 126.614815 -57.119728
v 116.665512 126.614815 -57.119728
v 89.543793 131.837311 114.488663
v -0.000001 140.546066 -166.368011
v -107.317894 122.748550 23.444084
v 107.317894 122.748550 23.444084
v 84.533340 141.848587 101.901268
v -97.235023 125.069969 104.127670
v 97.235023 125.069954 104.127678
v 107.433548 128.436417 -131.717529
v -107.433548 128.436417 -131.717529
v -119.551445 121.597481 -55.746983
v 119.551445 121.597481 -55.746983
v 0.777935 181.778000 94.992088
v 0.777935 181.778000 94.992088
v -0.764167 182.652313 96.294617
v 101.906769 130.051498 94.119156
v -101.906769 130.051514 94.119156
v 90.068382 131.136475 100.204956
v 0.777935 170.713425 102.760437
v -0.764167 169.099716 101.284424
v 0.777935 170.713425 102.760437
v 14.733956 166.805847 101.126076
v 14.733956 166.805847 101.126076
v 15.639942 172.921936 101.204559
v 32.463997 134.128433 114.608459
v 0.777935 169.099716 101.284424
v 0.777935 169.099716 101.284424
v -0.000001 135.324951 -175.415466
v -16.505997 171.569839 98.392975
v -16.505997 171.569839 98.392975
v 85.406281 137.516922 -159.088455
v -85.406281 137.516922 -159.088455
v 37.495102 143.226837 102.310188
v 114.502434 132.527115 -131.994293
v -114.502434 132.527115 -131.994293
v -116.197372 127.352829 -89.327621
v 116.197372 127.352829 -89.327621
v 108.727814 126.397278 -70.169762
v -108.727814 126.397278 -70.169762
v 31.604824 132.978745 100.666199
v -14.509525 166.805847 98.566460
v -0.764167 177.293503 100.594604
v -0.764167 177.293503 100.594604
v 116.475494 128.045380 -131.388474
v -116.475494 128.045380 -131.388474
v 85.739479 132.323349 120.008568
v 110.795883 127.383118 23.415171
v -110.795883 127.383118 23.415171
v -0.764167 176.523834 99.191566
v -0.764167 176.523834 99.191566
v -56.180698 137.788162 -141.749451
v 56.180698 137.788162 -141.749451
v -0.764167 170.713425 102.760437
v 0.006884 169.899689 103.965202
v 0.777935 170.713425 102.760437
v -0.764167 170.713425 102.760437
v 0.006884 169.899689 103.965202
v 116.401146 128.531433 23.321543
v -116.401146 128.531433 23.321543
v -54.630337 132.679947 -135.194138
v 54.630337 132.679947 -135.194138
v 16.730429 171.569839 101.299561
v 16.730429 171.569839 101.299561
v 112.632637 124.742264 -29.611109
v -112.632637 124.742264 -29.611109
v -22.389391 187.533340 73.390274
v 22.389391 187.533340 73.390274
v 0.777935 176.523834 99.191566
v 0.777935 176.523834 99.191566
v 66.773010 181.212112 92.932289
v -82.747528 181.236893 86.164940
v 82.747528 181.236893 86.164940
v 82.644272 186.292786 71.184525
v -82.644272 186.292786 71.184525
v -66.773010 181.212112 92.932289
v 0.777935 182.652313 96.294617
v 0.777935 182.652313 96.294617
v 0.777935 181.778000 94.992088
v 0.777935 182.652313 96.294617
v -0.764167 181.778000 94.992088
v -0.764167 181.778000 94.992088
v -0.764167 181.778000 94.992088
v -110.243752 131.611511 -88.362434
v 110.243752 131.611511 -88.362434
v -15.415510 172.921936 98.487984
v 60.118565 123.505829 112.205803
v -60.118565 123.505836 112.205803
v -15.611027 167.641617 97.378220
v 15.639942 172.921936 101.204559
v 16.825434 171.569839 100.217339
v 85.400764 184.468414 73.653259
v -24.453329 181.878510 94.101257
v -85.400764 184.468414 73.653259
v 21.296150 182.858841 91.010170
v -21.296150 182.858841 91.010170
v 24.453329 181.878510 94.101257
v 0.777935 169.099716 102.826523
v 0.777935 170.713425 102.760437
v 0.777935 169.099716 102.826523
v -0.764167 169.099716 102.826523
v -0.764167 170.713425 102.760437
v -0.764167 169.099716 102.826523
v -0.764167 169.099716 102.826523
v -0.764167 169.099716 102.826523
v 0.777935 169.099716 102.826523
v -16.410992 171.569839 97.309372
v -32.203770 132.978745 100.671707
v -114.550621 131.555054 -88.862244
v 114.550621 131.555054 -88.862244
v -79.257141 131.205322 -134.764557
v 15.930463 167.641617 101.230721
v 15.930463 167.641617 101.230721
v -15.706031 167.641617 98.461823
v -15.706031 167.641617 98.461823
v 79.257141 131.205322 -134.764557
v 85.422798 182.153885 82.273888
v -85.422798 182.153885 82.273888
v -19.719627 186.726501 76.868263
v 19.719627 186.726501 76.868263
v 109.252403 119.150764 -29.604225
v -109.252403 119.150764 -29.604225
v 14.828960 166.805847 100.042473
v -32.290512 130.212601 98.453560
v 0.777935 170.751984 101.263771
v 0.777935 170.751984 101.263771
v 0.777935 169.099716 101.284424
v 0.777935 169.099716 102.826523
v 0.112904 173.164261 99.846962
v -15.415510 172.921936 98.487984
v 81.300423 136.331436 -141.186310
v -81.300423 136.331436 -141.186310
v 108.415260 127.871918 -87.507393
v -108.415260 127.871918 -87.507393
v -0.764167 170.751984 101.263771
v -0.764167 170.751984 101.263771
v -0.764167 170.713425 102.760437
v 0.112904 173.164261 99.846962
v 0.206531 173.164261 98.763359
v 32.996845 134.449249 131.908905
v 0.206531 166.695694 98.763359
v 0.112904 166.695694 99.846962
v 0.112904 166.695694 99.846962
v -14.509525 166.805847 98.566460
v -32.996849 134.449249 131.908905
v 106.742355 90.935814 148.457596
v -106.742355 35.080063 123.607712
v 106.742355 90.935814 148.457596
v -106.544090 35.936478 -103.207916
v 106.544090 35.936478 -103.207916
v 106.742355 90.935814 148.457596
v -106.742355 35.080063 123.607712
v -106.742355 90.935814 148.457581
v -106.742355 90.935814 148.457581
v -106.742355 90.935814 148.457581
v 106.742355 35.080059 123.607727
v 106.742355 35.080059 123.607727
v 83.416695 112.578934 103.640259
v -83.416695 112.578941 103.640259
v -0.000002 90.806389 157.835495
v -0.000002 90.806389 157.835495
v 108.357437 126.658882 80.620262
v -108.357437 126.658882 80.620262
v -0.000002 35.067669 132.985626
v -0.000002 35.067669 132.985626
v 97.268074 116.359848 98.828072
v -97.268074 116.359848 98.828072
v -105.273232 35.775387 23.453707
v 105.273232 35.775383 23.453722
v -104.547623 120.551064 92.265877
v 104.547623 120.551064 92.265877
v -60.186031 111.577950 104.635742
v -60.186031 111.577950 104.635742
v 60.186031 111.577942 104.635742
v 60.186031 111.577942 104.635742
v -0.000002 111.166260 104.938652
v -0.000002 35.936478 -103.207916
v 83.416695 112.578941 103.640259
v -83.416695 112.578941 103.640259
v -83.493797 123.896866 110.666458
v -104.447105 125.860291 95.657127
v 83.493797 123.896866 110.666458
v 104.447105 125.860291 95.657127
v 108.357437 126.658882 80.620255
v 97.268074 116.359840 98.828072
v -108.357437 126.658882 80.620255
v -97.268074 116.359840 98.828072
v -104.547615 120.551056 92.265877
v 104.547615 120.551056 92.265877
v 0.000000 123.409454 112.694595
v -97.235031 125.069962 104.127670
v 97.235031 125.069962 104.127670
v -60.186031 111.577950 104.635742
v 60.186031 111.577950 104.635742
v 60.118565 123.505829 112.205811
v -60.118565 123.505829 112.205811
v 0.000000 111.166267 104.938652
v 32.290512 130.212601 98.453560
v 32.809593 140.347794 101.456528
v 89.611259 128.346924 97.900055
v 88.844337 138.640457 100.949837
v 84.533340 141.848587 101.901260
v 37.495106 143.226837 102.310188
v -100.000053 79.238968 238.499969
v -126.999825 -0.346798 224.466980
v -126.999825 27.293312 257.406799
v -126.999825 41.999985 174.000061
v -100.000053 56.706657 176.593201
v 126.999809 4.761002 238.499969
v 126.999809 41.999985 174.000061
v 126.999809 69.639587 249.939804
v -126.999825 84.346771 224.466980
v -100.000046 4.761005 195.500031
v 100.000038 14.359873 249.939804
v 100.000038 56.706657 257.406799
v 100.000038 56.706657 176.593201
v 126.999809 84.346771 209.533020
v -100.000046 14.359873 249.939804
v 100.000038 4.761002 195.500031
v 100.000038 84.346771 224.466980
v -126.999825 56.706657 257.406799
v 126.999809 -0.346798 209.533020
v -126.999825 14.359873 184.060196
v -100.000053 79.238968 195.500031
v -126.999825 79.238968 195.500031
v 126.999809 41.999985 259.999939
v -100.000053 56.706657 257.406799
v 126.999809 69.640099 184.060196
v 126.077789 33.906006 194.631882
v 128.676575 41.999985 246.827408
v -128.676605 16.168512 202.086044
v -125.772514 62.494812 205.257446
v -125.679131 33.906002 194.839676
v -126.040863 26.788431 235.254181
v 125.841766 18.694452 221.010300
v 125.984406 62.494820 205.049637
v -126.040863 57.211540 235.254181
v 100.000038 -0.346798 224.466980
v 126.999809 14.359875 184.060196
v -100.000053 27.293312 176.593201
v -100.000046 -0.346802 224.466980
v 100.000038 79.238968 195.500031
v 100.000038 27.293312 176.593201
v 125.716057 57.211540 235.045853
v 130.087067 41.999985 217.000000
v -130.087067 41.999985 217.000000
v -128.676605 67.831451 202.086044
v -125.772514 62.494812 205.257446
v 128.676575 12.625633 222.179642
v 125.841766 18.694452 221.010300
v -98.323280 80.564278 210.200027
v 128.676575 67.831459 202.086548
v 125.984406 62.494820 205.049637
v -128.676605 61.172585 239.848892
v -126.040863 57.211540 235.254181
v -128.676605 22.827383 239.848892
v -126.040863 26.788431 235.254181
v 128.676575 31.798233 188.971481
v 126.077789 33.906006 194.631882
v 126.999809 79.238968 238.499969
v 126.999809 14.359873 249.939804
v -126.999825 56.706657 176.593201
v -126.999825 79.238968 238.499969
v -126.999825 14.359873 249.939819
v -126.999825 -0.346798 209.533020
v -100.000046 27.293310 257.406799
v 100.000038 41.999985 259.999939
v 100.000038 79.238968 238.499969
v 125.666290 41.999985 240.589264
v 125.716057 57.211540 235.045853
v -100.000053 84.346771 224.466980
v -125.772514 21.505152 205.257446
v -125.679131 33.906002 194.839676
v 98.323265 16.828857 246.997757
v -128.676605 31.798233 188.971481
v 128.676575 61.172585 239.848877
v -126.999825 4.761002 195.500031
v -126.999825 69.639587 184.060196
v 126.999809 27.293312 257.406799
v 126.999809 84.346771 224.466980
v 126.999809 4.761002 195.500031
v 126.999809 79.238968 195.500031
v 126.999809 27.293312 176.593201
v -126.999825 69.640099 249.939804
v 126.999809 56.706657 176.593201
v -100.000053 69.639587 184.060196
v 100.000038 -0.346798 209.533020
v -100.000053 -0.346798 209.533020
v 100.000038 41.999985 174.000061
v -100.000053 41.999985 259.999939
v -100.000053 14.359873 184.060196
v 100.000038 14.359873 184.060196
v -100.000053 41.999985 174.000061
v -100.000053 69.640099 249.939804
v 100.000038 4.761002 238.499969
v 100.000038 69.640099 184.060196
v 128.676575 22.827383 239.848877
v -128.676605 52.201736 188.971481
v 126.999809 -0.346798 224.466980
v -126.999825 41.999985 259.999939
v -126.999825 27.293310 176.593201
v -126.999825 4.761002 238.499969
v 126.999809 56.706657 257.406799
v -126.999825 84.346771 209.533020
v -128.676605 12.625635 222.179642
v 128.676575 71.374336 222.179626
v -100.000046 4.761002 238.499969
v 100.000038 69.639587 249.939804
v 100.000038 84.346771 209.533020
v 128.676575 16.168514 202.086044
v -128.676605 71.374336 222.179642
v -128.676605 41.999985 246.827408
v 128.676575 52.201736 188.971481
v 125.716057 26.788431 235.045853
v 100.000038 27.293310 257.406799
v -100.000053 84.346771 209.533005
v -125.679131 50.093964 194.839676
v -125.915154 18.694454 221.218109
v 125.984406 21.505154 205.049637
v 125.841766 65.305519 221.010300
v -125.915154 65.305511 221.218109
v -126.090630 41.999985 240.797073
v 126.077789 50.093964 194.631882
v 128.676575 75.912613 236.579483
v -128.676605 75.912613 236.579483
v 128.676575 80.564278 210.200027
v -128.676605 16.828857 187.002243
v -128.676605 75.912613 197.420517
v -128.676605 55.393150 253.797211
v 128.676575 16.828859 187.002243
v -128.676605 55.393150 180.202271
v 128.676575 67.171112 187.002243
v 128.676575 16.828857 246.997757
v 128.676575 41.999985 256.158966
v 128.676575 3.435696 210.200027
v -128.676605 16.828857 246.997757
v 128.676575 41.999985 177.841034
v -128.676605 3.435696 210.200027
v -98.323280 55.393150 253.797211
v 98.323265 55.393150 180.202271
v 98.323265 8.087357 197.420517
v -98.323280 55.393150 180.202271
v -98.323273 8.087360 197.420517
v 98.323265 41.999985 256.158966
v 98.323265 75.912613 236.579483
v 98.323265 28.606819 180.202271
v -98.323280 75.912613 236.579483
v -98.323273 28.606819 253.797729
v -98.323273 3.435692 223.799973
v -98.323280 28.606819 180.202271
v 98.323265 3.435696 223.799973
v 98.323265 75.912613 197.420517
v -98.323280 75.912613 197.420517
v -128.676605 28.606819 180.202271
v 128.676575 3.435696 223.799973
v -128.676605 41.999985 256.158966
v 128.676575 55.393150 253.797729
v -128.676605 8.087357 236.579483
v -128.676605 80.564270 210.200027
v 98.323265 67.171112 246.997757
v -98.323273 8.087357 236.579483
v 98.323265 80.564278 210.200027
v 128.676575 80.564270 223.799973
v 128.676575 67.171112 246.997757
v -128.676605 67.171112 246.997757
v 98.323265 41.999985 177.841034
v -98.323280 41.999985 256.158966
v -128.676605 28.606819 253.797211
v 128.676575 28.606819 180.202271
v 128.676575 8.087357 236.579483
v -128.676605 41.999985 177.841034
v 128.676575 28.606819 253.797729
v 128.676575 75.912613 197.420517
v 128.676575 8.087357 197.420517
v -98.323280 67.171112 246.997757
v -98.323280 67.171112 187.002243
v 98.323265 3.435696 210.200027
v 98.323265 55.393150 253.797729
v -98.323280 16.828857 187.002243
v -98.323280 80.564278 223.799973
v 98.323265 28.606819 253.797211
v 98.323265 16.828857 187.002243
v -98.323280 41.999985 177.841034
v -98.323280 3.435696 210.200027
v 98.323265 80.564278 223.799973
v -128.676605 8.087357 197.420517
v -128.676605 67.171112 187.002243
v -98.323273 16.828857 246.997757
v 98.323265 8.087357 236.579483
v 98.323265 67.171112 187.002243
v -128.676605 80.564270 223.799973
v 128.676575 55.393150 180.202271
v -128.676605 3.435696 223.799973
v -128.676605 41.999985 187.172592
v 128.676575 31.798233 245.028519
v 128.676575 52.201736 245.028519
v -128.676605 22.827383 194.151123
v 128.676575 67.831459 231.913956
v -128.676605 61.172585 194.150604
v -128.676605 71.374336 211.820374
v 128.676575 16.168510 231.913956
v -128.676605 12.625635 211.820374
v 128.676575 12.625635 211.820358
v 128.676575 71.374336 211.820358
v -128.676605 16.168510 231.913971
v -128.676605 67.831451 231.913452
v 128.676575 22.827385 194.151123
v 128.676575 61.172588 194.151123
v -128.676605 52.201736 245.028519
v -128.676605 31.798233 245.028519
v 128.676575 41.999985 187.172592
v -125.666306 41.999985 193.410736
v -125.666306 41.999985 193.410736
v 125.679115 50.093967 239.160324
v 125.679115 50.093967 239.160324
v 125.666290 41.999985 240.589264
v 125.679115 33.906002 239.160324
v 125.679115 33.906002 239.160324
v -125.716072 26.788431 198.954147
v -125.716072 26.788431 198.954147
v -125.716072 57.211540 198.954147
v -125.716072 57.211540 198.954147
v -125.679131 50.093964 194.839676
v 125.716057 26.788431 235.045853
v 125.772499 21.505150 228.742554
v 125.772499 21.505150 228.742554
v 125.772499 62.494820 228.742554
v 125.772499 62.494820 228.742554
v -125.841782 65.305511 212.989700
v -125.841782 65.305511 212.989700
v -125.772514 21.505152 205.257446
v -125.841782 18.694454 212.989700
v -125.841782 18.694454 212.989700
v 125.915138 18.694454 212.781891
v 125.915138 18.694454 212.781891
v 125.915138 65.305519 212.781891
v 125.915138 65.305519 212.781891
v 125.841766 65.305519 221.010300
v -125.915154 18.694454 221.218109
v -125.984421 21.505150 228.950363
v -125.984421 21.505150 228.950363
v -125.984421 62.494816 228.950363
v -125.984421 62.494816 228.950363
v -125.915154 65.305511 221.218109
v 125.984406 21.505154 205.049637
v 126.040840 26.788433 198.745834
v 126.040840 26.788433 198.745834
v 126.040840 57.211540 198.745834
v 126.040840 57.211540 198.745834
v -126.077805 33.906002 239.368118
v -126.077805 33.906002 239.368118
v -126.090630 41.999985 240.797073
v -126.077805 50.093967 239.368118
v -126.077805 50.093967 239.368118
v 126.090614 41.999985 193.202927
v 126.090614 41.999985 193.202927
v 126.077789 50.093964 194.631882
v -98.320717 41.999985 216.949203
v 98.320702 41.999985 217.050797
v 100.000038 56.706657 176.593201
v 126.999809 69.639587 249.939804
v 126.999809 4.761002 238.499969
v -100.000053 79.238968 238.499969
v -126.999825 -0.346798 224.466980
v -126.999825 41.999985 174.000061
v 100.000031 56.706657 257.406799
v -126.999825 27.293312 257.406799
v -100.000046 56.706657 176.593201
v 126.999817 41.999985 174.000061
v -126.999832 84.346771 224.466980
v -100.000053 4.761002 195.500031
v 100.000031 14.359873 249.939804
v 126.999809 84.346771 209.533020
v -100.000046 14.359875 249.939804
v 100.000038 4.761002 195.500031
v 100.000031 84.346771 224.466980
v -126.999825 56.706661 257.406799
v 126.999809 -0.346802 209.533020
v -126.999825 14.359873 184.060196
v -100.000046 79.238968 195.500031
v -126.999825 79.238968 195.500031
v 126.999809 41.999985 259.999939
v -100.000046 56.706661 257.406799
v 126.999809 69.640099 184.060196
v 100.000031 -0.346802 224.466980
v 126.999809 14.359871 184.060196
v -100.000046 27.293312 176.593201
v -100.000046 -0.346798 224.466980
v 100.000038 79.238968 195.500031
v 100.000038 27.293312 176.593201
v 126.999809 79.238968 238.499969
v 126.999809 14.359873 249.939804
v -126.999825 56.706657 176.593201
v -126.999832 79.238968 238.499969
v -126.999825 14.359875 249.939804
v -126.999825 -0.346798 209.533020
v -100.000046 27.293312 257.406799
v 100.000031 41.999985 259.999939
v 100.000031 79.238968 238.499969
v -100.000053 84.346771 224.466980
v -126.999825 4.761002 195.500031
v -126.999825 69.639587 184.060196
v 126.999809 27.293312 257.406799
v 126.999809 84.346771 224.466980
v 126.999809 4.760998 195.500031
v 126.999809 79.238968 195.500031
v 126.999817 27.293312 176.593201
v -126.999832 69.640099 249.939804
v 126.999817 56.706657 176.593201
v -100.000046 69.639587 184.060196
v 100.000038 -0.346802 209.533020
v -100.000053 -0.346802 209.533020
v 100.000038 41.999985 174.000061
v -100.000046 41.999989 259.999939
v -100.000053 14.359873 184.060196
v 100.000038 14.359873 184.060196
v -100.000046 41.999985 174.000061
v -100.000053 69.640099 249.939804
v 100.000031 4.761002 238.499969
v 100.000038 69.640099 184.060181
v 126.999809 -0.346802 224.466980
v -126.999825 41.999985 259.999939
v -126.999825 27.293312 176.593201
v -126.999825 4.761002 238.499969
v 126.999809 56.706657 257.406799
v -126.999825 84.346771 209.533020
v -100.000046 4.761002 238.499969
v 100.000031 69.639587 249.939804
v 100.000038 84.346771 209.533020
v 100.000031 27.293312 257.406799
v -100.000046 84.346771 209.533020
v -126.999809 4.761021 -140.500031
v -126.999809 84.346779 -154.533020
v -100.000038 56.706673 -202.406799
v -126.999809 14.359892 -194.939804
v -100.000038 14.359890 -129.060196
v 126.999794 79.238983 -183.499969
v 126.999794 56.706673 -121.593208
v 126.999794 14.359892 -194.939804
v -100.000038 79.238976 -140.500031
v 126.999794 4.761021 -140.500031
v 100.000023 56.706673 -121.593208
v 100.000023 84.346779 -154.533020
v 100.000023 -0.346779 -169.466980
v 100.000023 42.000000 -204.999939
v -126.999809 56.706673 -121.593208
v -100.000038 4.761021 -183.499969
v -126.999809 42.000000 -204.999939
v -126.999809 79.238976 -183.499969
v 126.999794 84.346786 -154.533020
v 126.999794 42.000000 -204.999939
v -100.000038 79.238983 -183.499969
v 100.000023 4.761021 -140.500031
v 100.000023 79.238976 -183.499969
v -100.000038 56.706669 -121.593208
v 125.772484 21.505169 -150.257446
v 128.676575 71.374352 -167.179642
v -126.040848 26.788448 -143.745834
v -128.676575 16.168531 -176.913971
v 125.716042 57.211552 -143.954147
v -125.772499 62.494827 -173.742554
v -125.679115 33.906021 -184.160324
v -126.040848 57.211552 -143.745834
v 126.090599 42.000000 -185.797073
v 100.000023 27.293327 -121.593208
v -126.999809 -0.346779 -169.466995
v 126.999794 27.293327 -121.593208
v 126.999794 -0.346783 -169.466980
v -126.999809 27.293327 -121.593208
v -100.000038 27.293327 -202.406799
v 100.000023 14.359894 -194.939804
v -100.000038 -0.346783 -154.533020
v 130.087036 42.000000 -162.000000
v -130.087067 42.000000 -162.000000
v 128.676575 31.798248 -133.971481
v 125.984390 62.494831 -173.950363
v 128.676575 16.168530 -147.086044
v 125.772484 21.505169 -150.257446
v 125.716042 57.211552 -143.954147
v 125.666275 42.000000 -138.410736
v 128.676575 22.827400 -184.848877
v -128.676575 67.831467 -176.913956
v -125.772499 62.494827 -173.742554
v -98.323265 80.564285 -168.799973
v -128.676575 61.172600 -139.151123
v -126.040848 57.211552 -143.745834
v -128.676575 22.827400 -139.151123
v -126.040848 26.788448 -143.745834
v -126.999809 56.706673 -202.406799
v 126.999794 69.640106 -194.939804
v -126.999809 79.238976 -140.500031
v 126.999794 69.640106 -129.060196
v 100.000023 79.238976 -140.500031
v -100.000038 27.293327 -121.593216
v 100.000023 56.706673 -202.406799
v -125.772499 21.505171 -173.742554
v -125.679115 33.906021 -184.160324
v -100.000038 84.346786 -154.533020
v 98.323250 28.606836 -125.202278
v -128.676575 31.798250 -190.028519
v 125.915123 18.694468 -166.218109
v 125.915123 18.694468 -166.218109
v 128.676575 52.201748 -133.971481
v 128.676575 61.172600 -184.848877
v 125.984390 62.494831 -173.950363
v -126.999809 4.761021 -183.499969
v -126.999809 14.359892 -129.060196
v -126.999809 69.640106 -194.939804
v 126.999794 4.761021 -183.499969
v -126.999809 -0.346779 -154.533020
v 126.999794 56.706673 -202.406799
v -126.999809 69.640106 -129.060196
v 126.999794 -0.346779 -154.533020
v 126.999794 14.359892 -129.060196
v -126.999809 42.000000 -119.000061
v 126.999794 27.293327 -202.406799
v 126.999794 79.238983 -140.500031
v 100.000023 69.640106 -129.060196
v -100.000038 69.640106 -194.939804
v 100.000023 4.761021 -183.499969
v -100.000038 -0.346779 -169.466980
v 100.000023 14.359892 -129.060196
v 100.000023 -0.346779 -154.533020
v -100.000038 14.359892 -194.939804
v -100.000038 42.000000 -119.000061
v -100.000038 42.000000 -204.999939
v -100.000038 69.640106 -129.060196
v 100.000023 69.640106 -194.939804
v -128.676575 52.201752 -190.028519
v -126.999809 27.293327 -202.406799
v 126.999794 42.000000 -119.000061
v 126.999794 84.346779 -169.466980
v -126.999809 84.346779 -169.466980
v 128.676575 67.831467 -147.086044
v 128.676575 12.625650 -167.179626
v -128.676575 12.625652 -156.820374
v 100.000023 27.293329 -202.406799
v -100.000038 4.761021 -140.500031
v 100.000023 84.346779 -169.466980
v -128.676575 71.374344 -156.820358
v -128.676575 42.000000 -132.172592
v 128.676575 42.000000 -191.827408
v 126.090599 42.000000 -185.797073
v -100.000038 84.346786 -169.466980
v 100.000023 42.000000 -119.000061
v -125.679115 50.093979 -184.160324
v -125.915138 18.694469 -157.781891
v 125.841751 65.305534 -157.989700
v 126.040825 26.788448 -180.254166
v -125.915138 65.305527 -157.781891
v -126.090614 42.000000 -138.202927
v -128.676575 55.393166 -125.202789
v -128.676575 75.912621 -142.420517
v -128.676575 16.828876 -191.997757
v -128.676575 75.912621 -181.579483
v -128.676575 55.393166 -198.797729
v -128.676575 8.087376 -142.420517
v 128.676575 8.087376 -142.420517
v 128.676575 42.000000 -201.158966
v 128.676575 28.606834 -125.202278
v 128.676575 3.435711 -168.799973
v -128.676575 28.606834 -125.202789
v 128.676575 67.171127 -191.997757
v 128.676575 16.828876 -191.997757
v -128.676575 3.435715 -168.799973
v 128.676575 80.564285 -155.200027
v 128.676575 67.171127 -132.002243
v -98.323265 28.606834 -125.202286
v -98.323265 55.393166 -198.797729
v 98.323250 55.393166 -125.202278
v 98.323250 75.912621 -142.420517
v -98.323265 8.087376 -181.579483
v 98.323250 3.435715 -168.799973
v 98.323250 16.828878 -191.997757
v 98.323250 8.087376 -142.420517
v -98.323265 55.393162 -125.202278
v 98.323250 55.393166 -198.797729
v -98.323265 3.435711 -155.200027
v -98.323265 28.606836 -198.797729
v 98.323250 75.912621 -181.579483
v -98.323265 75.912621 -142.420517
v -98.323265 75.912628 -181.579483
v -128.676575 28.606836 -198.797729
v -128.676575 80.564285 -168.799973
v 128.676575 80.564285 -168.799973
v 128.676575 42.000000 -122.841042
v 98.323250 80.564285 -168.799973
v 98.323250 28.606838 -198.797729
v -98.323265 8.087376 -142.420517
v 125.716042 26.788448 -143.954147
v 126.040825 57.211552 -180.254166
v -128.676575 67.171127 -132.002243
v -128.676575 16.828876 -132.002243
v -98.323265 16.828875 -132.002243
v 98.323250 67.171127 -132.002243
v 98.323250 16.828876 -132.002243
v 128.676575 3.435715 -155.200027
v -128.676575 42.000000 -201.158966
v -128.676575 42.000000 -122.841042
v -98.323265 67.171127 -191.997757
v 98.323250 42.000000 -201.158966
v -98.323265 16.828876 -191.997757
v 98.323250 8.087376 -181.579483
v -98.323265 80.564285 -155.200027
v -98.323265 42.000000 -201.158966
v 98.323250 3.435715 -155.200027
v 98.323250 80.564285 -155.200027
v -98.323265 3.435715 -168.799973
v -98.323265 67.171127 -132.002243
v 128.676575 55.393166 -125.202278
v 128.676575 55.393166 -198.797729
v -128.676575 8.087376 -181.579483
v -128.676575 67.171127 -191.997757
v 128.676575 28.606836 -198.797729
v 128.676575 8.087376 -181.579483
v 128.676575 16.828876 -132.002243
v -98.323265 42.000000 -122.841042
v 98.323250 67.171127 -191.997757
v -128.676575 80.564285 -155.200027
v 128.676575 75.912628 -181.579483
v -128.676575 3.435715 -155.200027
v 98.323250 42.000000 -122.841042
v 128.676575 75.912628 -142.420517
v -128.676575 42.000000 -191.827408
v 128.676575 42.000000 -132.172592
v 128.676575 22.827400 -139.151123
v -128.676575 22.827400 -184.848877
v 128.676575 61.172600 -139.151123
v -128.676575 61.172600 -184.849396
v 128.676575 71.374352 -156.820374
v -128.676575 71.374344 -167.179642
v -128.676575 12.625652 -167.179642
v 128.676575 12.625652 -156.820358
v 128.676575 67.831467 -176.913452
v -128.676575 16.168528 -147.086044
v -128.676575 67.831467 -147.086548
v 128.676575 16.168528 -176.913956
v -128.676575 52.201752 -133.971481
v 128.676575 52.201752 -190.028519
v -128.676575 31.798248 -133.971481
v 128.676575 31.798250 -190.028519
v -125.666290 42.000000 -185.589264
v -125.666290 42.000000 -185.589264
v 125.679100 33.906017 -139.839676
v 125.679100 33.906017 -139.839676
v 125.716042 26.788448 -143.954147
v 125.679100 50.093979 -139.839676
v 125.679100 50.093979 -139.839676
v 125.666275 42.000000 -138.410736
v -125.716057 26.788448 -180.045853
v -125.716057 26.788448 -180.045853
v -125.716057 57.211552 -180.046371
v -125.716057 57.211552 -180.046371
v -125.679115 50.093979 -184.160324
v 125.772484 62.494827 -150.257446
v 125.772484 62.494827 -150.257446
v -125.841766 65.305527 -166.010300
v -125.841766 65.305527 -166.010300
v 125.841751 18.694469 -157.989700
v 125.841751 18.694469 -157.989700
v -125.772499 21.505171 -173.742554
v -125.841766 18.694469 -166.010315
v -125.841766 18.694469 -166.010315
v 125.984390 21.505167 -173.950363
v 125.984390 21.505167 -173.950363
v -125.915138 18.694469 -157.781891
v -125.984406 21.505167 -150.049637
v -125.984406 21.505167 -150.049637
v -125.984406 62.494827 -150.049637
v -125.984406 62.494827 -150.049637
v -125.915138 65.305527 -157.781891
v 125.915123 65.305534 -166.218109
v 125.915123 65.305534 -166.218109
v 125.841751 65.305534 -157.989700
v 126.040825 26.788448 -180.254166
v 126.077774 33.906021 -184.368118
v 126.077774 33.906021 -184.368118
v -126.077789 33.906021 -139.631882
v -126.077789 33.906021 -139.631882
v -126.090614 42.000000 -138.202927
v -126.077789 50.093979 -139.631882
v -126.077789 50.093979 -139.631882
v 126.077774 50.093979 -184.368118
v 126.077774 50.093979 -184.368118
v 126.040825 57.211552 -180.254166
v -98.320702 42.000000 -162.050797
v 98.320686 42.000000 -161.949203
v 100.000023 -0.346779 -169.466980
v 126.999794 79.238983 -183.499969
v 126.999794 56.706673 -121.593208
v 100.000023 84.346786 -154.533020
v -100.000038 56.706673 -202.406799
v -126.999809 14.359892 -194.939804
v -126.999809 84.346779 -154.533020
v -126.999809 4.761021 -140.500031
v -100.000038 14.359890 -129.060196
v 126.999794 14.359894 -194.939804
v -100.000038 79.238976 -140.500031
v 126.999794 4.761024 -140.500031
v 100.000023 56.706673 -121.593208
v 100.000023 42.000000 -204.999939
v -126.999809 56.706669 -121.593208
v -100.000038 4.761021 -183.499969
v -126.999809 42.000000 -204.999939
v -126.999809 79.238976 -183.499969
v 126.999794 84.346786 -154.533020
v 126.999794 42.000000 -204.999939
v -100.000038 79.238976 -183.499969
v 100.000023 4.761024 -140.500031
v 100.000023 79.238983 -183.499969
v -100.000038 56.706669 -121.593208
v 100.000023 27.293327 -121.593208
v -126.999809 -0.346779 -169.466980
v 126.999794 27.293327 -121.593208
v 126.999794 -0.346779 -169.466980
v -126.999809 27.293325 -121.593208
v -100.000038 27.293327 -202.406799
v 100.000023 14.359894 -194.939804
v -100.000038 -0.346783 -154.533020
v -126.999809 56.706673 -202.406799
v 126.999794 69.640106 -194.939804
v -126.999809 79.238976 -140.500031
v 126.999794 69.640106 -129.060196
v 100.000023 79.238983 -140.500031
v -100.000038 27.293327 -121.593216
v 100.000023 56.706673 -202.406799
v -100.000038 84.346779 -154.533020
v -126.999809 4.761021 -183.499969
v -126.999809 14.359890 -129.060196
v -126.999809 69.640106 -194.939804
v 126.999794 4.761024 -183.499969
v -126.999809 -0.346783 -154.533020
v 126.999794 56.706673 -202.406799
v -126.999809 69.640106 -129.060196
v 126.999794 -0.346779 -154.533020
v 126.999794 14.359894 -129.060196
v -126.999809 41.999996 -119.000061
v 126.999794 27.293331 -202.406799
v 126.999794 79.238983 -140.500031
v 100.000023 69.640106 -129.060196
v -100.000038 69.640106 -194.939804
v 100.000023 4.761024 -183.499969
v -100.000038 -0.346783 -169.466980
v 100.000023 14.359894 -129.060196
v 100.000023 -0.346779 -154.533020
v -100.000038 14.359890 -194.939804
v -100.000038 42.000000 -119.000061
v -100.000038 42.000000 -204.999939
v -100.000038 69.640106 -129.060196
v 100.000023 69.640106 -194.939804
v -126.999809 27.293327 -202.406799
v 126.999794 42.000000 -119.000061
v 126.999794 84.346786 -169.466980
v -126.999809 84.346779 -169.466980
v 100.000023 27.293331 -202.406799
v -100.000038 4.761021 -140.500031
v 100.000023 84.346786 -169.466980
v -100.000038 84.346779 -169.466980
v 100.000023 42.000000 -119.000061
vn 0.0549 0.9965 -0.0626
vn -0.0000 0.9974 -0.0714
vn 0.0543 0.9851 -0.1630
vn 0.0002 0.9807 -0.1954
vn -0.0001 0.9974 -0.0714
vn 0.1946 0.9801 0.0386
vn 0.1001 0.9868 0.1273
vn 0.0463 0.9969 0.0634
vn 0.0417 0.9987 0.0292
vn 0.0004 0.9993 0.0374
vn 0.0100 0.9997 0.0228
vn -0.5383 0.8422 0.0301
vn -0.8740 0.4860 0.0039
vn -0.9043 0.4261 0.0276
vn 0.5383 0.8422 0.0301
vn 0.9032 0.4283 0.0277
vn 0.8739 0.4862 0.0036
vn -0.0216 0.9978 0.0621
vn 0.0005 0.9986 0.0530
vn -0.0091 0.9997 0.0222
vn 0.9780 0.2074 0.0240
vn 0.9703 0.2417 0.0065
vn 1.0000 0.0001 0.0042
vn 0.9999 0.0156 0.0023
vn 0.9884 -0.1518 0.0029
vn -0.9872 -0.1585 0.0151
vn -0.9992 0.0409 -0.0036
vn -0.9999 0.0073 0.0079
vn 0.0009 0.4065 -0.9137
vn 0.0420 0.3955 -0.9175
vn 0.0399 0.0929 -0.9949
vn 0.7930 0.6090 -0.0168
vn 0.3779 0.9258 -0.0122
vn 0.2942 0.9548 0.0427
vn -0.7947 0.6068 -0.0172
vn -0.9565 0.2900 -0.0314
vn -0.9371 0.3490 0.0028
vn 0.0561 0.9974 0.0458
vn 0.1068 0.9936 0.0362
vn 0.1200 0.9900 0.0737
vn 0.9968 0.0727 -0.0336
vn 0.9976 0.0441 -0.0533
vn 0.9962 0.0700 -0.0526
vn -0.9807 0.0208 0.1945
vn -0.9893 0.0953 0.1103
vn -0.9746 0.1129 0.1935
vn -0.9846 -0.1751 -0.0015
vn -0.9998 -0.0199 0.0064
vn -0.9794 -0.2017 -0.0065
vn -0.9967 0.0730 -0.0341
vn -0.9974 0.0676 -0.0244
vn -0.9963 0.0684 -0.0526
vn 1.0000 0.0002 0.0042
vn 0.9967 0.0806 0.0022
vn 0.9968 0.0727 -0.0337
vn 0.9974 0.0673 -0.0240
vn -0.8739 0.4860 0.0039
vn -0.5382 0.8422 0.0301
vn -0.5125 0.8587 -0.0047
vn -0.9977 0.0425 -0.0537
vn -0.0001 0.8118 -0.5840
vn -0.0421 0.3958 -0.9174
vn -0.0542 0.8340 -0.5491
vn 0.1108 0.3969 0.9112
vn 0.1030 0.8034 0.5865
vn -0.0005 0.8578 0.5140
vn -0.4257 0.2979 0.8544
vn -0.1826 0.8657 0.4660
vn 0.1031 0.8034 0.5865
vn 0.9756 0.2190 0.0169
vn 0.9950 0.0987 -0.0159
vn 0.9853 0.1586 0.0641
vn -0.1114 0.3969 0.9111
vn -0.0001 0.3983 0.9172
vn 0.4254 0.2981 0.8545
vn -0.1025 0.8036 0.5862
vn 0.1819 0.8660 0.4658
vn 0.8738 0.4862 0.0036
vn 0.5126 0.8586 -0.0048
vn 0.7930 0.6089 -0.0168
vn 0.7754 0.6310 0.0237
vn 0.9374 0.3483 0.0028
vn 0.9702 0.2420 0.0069
vn -0.7947 0.6068 -0.0173
vn -0.7751 0.6314 0.0239
vn -0.9706 0.2408 0.0067
vn -0.9043 0.4261 0.0275
vn 0.9805 0.0222 0.1955
vn 0.9745 0.1132 0.1938
vn 0.9894 0.0945 0.1102
vn 0.0425 0.0140 -0.9990
vn 0.0006 0.0111 -0.9999
vn 0.0004 0.1182 -0.9930
vn -0.8703 0.2565 -0.4205
vn -0.8041 -0.0282 -0.5939
vn -0.6786 0.0692 -0.7312
vn -0.5360 0.8007 -0.2677
vn -0.3077 0.9487 -0.0732
vn -0.7722 0.1475 -0.6180
vn -0.8041 -0.0282 -0.5938
vn -0.0254 0.9944 0.1024
vn -0.5141 0.8519 0.0995
vn 0.9848 0.1515 0.0850
vn 0.4972 0.8675 -0.0176
vn 0.7985 0.6011 -0.0334
vn 0.7680 0.6391 -0.0418
vn -0.9845 0.1536 0.0841
vn -0.4354 0.2000 0.8777
vn -0.8404 -0.0823 0.5356
vn -0.8278 0.3324 0.4519
vn -0.1663 0.9858 -0.0216
vn -0.1383 0.9892 -0.0475
vn -0.0164 0.9994 -0.0307
vn 0.8702 0.2564 -0.4207
vn 0.5359 0.8007 -0.2678
vn 0.7874 0.3265 -0.5228
vn 0.0562 0.9974 0.0458
vn 0.0824 0.9964 0.0203
vn -0.0974 0.9952 0.0001
vn -0.3784 0.9256 -0.0115
vn -0.2936 0.9550 0.0416
vn -0.0527 0.9983 -0.0260
vn 0.0506 0.9985 0.0209
vn 0.0462 0.9969 0.0634
vn -0.0827 0.9964 0.0209
vn -0.0001 0.3983 0.9173
vn 0.0261 0.9943 0.1031
vn 0.5142 0.8519 0.0995
vn 0.9989 -0.0458 0.0079
vn 0.9748 -0.2232 -0.0075
vn 0.9745 -0.2242 0.0081
vn -0.8684 -0.4957 -0.0088
vn -0.9751 -0.2215 0.0091
vn -0.9024 -0.4308 -0.0072
vn -0.9947 -0.0769 -0.0675
vn -0.8334 -0.4514 -0.3189
vn -0.9317 -0.3568 -0.0686
vn 0.9946 -0.0773 -0.0686
vn 0.9317 -0.3568 -0.0680
vn 0.8334 -0.4514 -0.3189
vn 0.7721 0.1474 -0.6182
vn 0.1491 0.1034 -0.9834
vn 0.1306 -0.0024 -0.9914
vn -0.9706 0.2407 0.0066
vn -0.9779 0.2076 0.0240
vn -0.9025 0.2758 -0.3307
vn -0.9747 0.2187 -0.0456
vn -0.7686 0.6384 -0.0426
vn 0.0611 0.9972 0.0438
vn 0.3513 0.9350 -0.0479
vn -0.2888 0.9561 -0.0499
vn -0.0006 0.9830 0.1835
vn 0.0586 0.9611 0.2700
vn 0.0405 0.9827 0.1806
vn -0.1039 0.4046 0.9086
vn 0.1048 0.4056 0.9080
vn 0.1559 0.9719 0.1762
vn -0.1248 0.9543 0.2714
vn 0.2883 0.9562 -0.0506
vn -0.0610 0.9971 0.0454
vn 0.4592 0.8875 0.0396
vn 0.0541 0.9958 -0.0736
vn 0.1358 0.9896 -0.0470
vn 0.2113 0.9768 -0.0353
vn 0.1661 0.9859 -0.0213
vn -0.1200 0.9901 0.0729
vn -0.1080 0.9935 0.0352
vn -0.0424 0.9986 0.0301
vn -0.0008 0.9984 0.0567
vn -0.0606 0.9969 0.0501
vn 0.4698 0.8823 -0.0286
vn 0.5400 0.8416 -0.0116
vn 0.8298 0.5578 -0.0162
vn -0.4698 0.8823 -0.0286
vn -0.8298 0.5579 -0.0159
vn -0.5399 0.8416 -0.0116
vn 0.6784 0.0692 -0.7314
vn 0.8040 -0.0272 -0.5941
vn 0.8040 -0.0272 -0.5940
vn 0.6784 0.0691 -0.7314
vn -0.0541 0.9959 -0.0731
vn -0.1383 0.9893 -0.0475
vn -0.1121 0.9919 -0.0602
vn 0.7680 0.6390 -0.0418
vn 0.7985 0.6010 -0.0333
vn 0.9704 0.2372 -0.0463
vn 0.0381 0.9989 0.0268
vn -0.1945 0.9802 0.0381
vn -0.2908 0.9442 0.1548
vn 0.9923 0.1214 -0.0253
vn 0.9977 -0.0678 0.0098
vn 0.9986 0.0526 -0.0004
vn 0.9981 0.0594 0.0137
vn -0.9960 0.0890 0.0077
vn -0.9950 0.0983 -0.0152
vn 0.0005 0.1181 -0.9930
vn 0.0425 0.0139 -0.9990
vn -0.0216 0.9978 0.0620
vn 0.0012 0.9919 0.1269
vn 0.6076 0.7942 -0.0075
vn -0.1064 0.9942 -0.0177
vn -0.0955 0.9951 -0.0239
vn 0.2910 0.9441 0.1545
vn -0.0384 0.9989 0.0263
vn 0.7431 0.5726 0.3462
vn 0.4255 0.2981 0.8545
vn 0.1819 0.8660 0.4657
vn 0.9821 0.0652 -0.1768
vn 0.6950 0.7165 0.0603
vn 0.7071 0.6645 0.2417
vn -0.9821 0.0647 -0.1770
vn -0.6950 -0.5877 -0.4143
vn -0.7071 -0.6643 -0.2422
vn 0.4354 0.2000 0.8777
vn 0.8278 0.3324 0.4519
vn 0.8408 -0.0814 0.5352
vn -0.7875 0.3267 -0.5227
vn 0.1946 0.9801 0.0385
vn -0.5125 0.8586 -0.0047
vn -0.0989 0.9951 -0.0027
vn -0.4593 0.8874 0.0394
vn 0.0612 0.9972 0.0438
vn 0.0003 0.9993 0.0375
vn 0.0005 0.9986 0.0531
vn 0.0993 0.9950 -0.0028
vn -0.0517 0.9984 0.0219
vn 0.4923 0.8704 0.0028
vn 0.2129 0.9769 0.0165
vn 0.0993 0.9951 -0.0028
vn -0.9413 0.3315 0.0637
vn -0.9378 0.3418 0.0615
vn -0.8213 0.5659 0.0728
vn -0.6076 0.7942 -0.0079
vn 0.0955 0.9951 -0.0239
vn 0.1059 0.9942 -0.0161
vn -0.1557 0.9719 0.1765
vn 0.1240 0.9548 0.2701
vn 0.1030 0.8033 0.5865
vn 0.0974 0.9952 0.0002
vn 0.0159 0.9995 -0.0288
vn 0.0524 0.9983 -0.0263
vn -0.0000 -0.8584 -0.5129
vn 0.7075 -0.6642 -0.2412
vn -0.0000 -0.9397 -0.3419
vn -0.0001 0.9873 0.1588
vn -0.7070 0.6649 0.2411
vn -0.0003 0.9396 0.3422
vn -0.7972 0.6028 -0.0321
vn -0.9704 0.2373 -0.0454
vn 0.9411 0.3322 0.0630
vn 0.8214 0.5658 0.0718
vn 0.9373 0.3427 0.0629
vn -0.0959 0.9869 -0.1295
vn 0.0742 0.9925 -0.0969
vn 0.0002 0.9807 -0.1955
vn -0.0539 0.9854 -0.1618
vn -0.2116 0.9767 -0.0368
vn 0.9032 0.4283 0.0278
vn 0.1116 0.9920 -0.0589
vn 0.9025 0.2756 -0.3309
vn 0.9613 0.0044 -0.2754
vn 0.7763 -0.1897 -0.6012
vn -0.7764 -0.1898 -0.6010
vn -0.9614 0.0053 -0.2752
vn -0.9950 0.0983 -0.0151
vn -0.9921 0.1227 -0.0264
vn -0.9759 0.2178 0.0160
vn -0.9852 0.1582 0.0656
vn 0.7962 0.5922 0.1237
vn 0.3508 0.9181 0.1843
vn 0.3926 0.9177 0.0609
vn -0.7960 0.5925 0.1234
vn -0.3921 0.9179 0.0605
vn -0.3518 0.9178 0.1839
vn -0.9992 0.0410 -0.0036
vn -0.9960 0.0891 0.0078
vn -0.9999 0.0072 0.0079
vn -0.9978 -0.0660 0.0103
vn -0.9987 0.0513 0.0002
vn -0.9989 0.0445 -0.0139
vn 0.9566 0.2900 -0.0304
vn -0.0742 0.9919 0.1036
vn 0.5679 0.8230 -0.0143
vn 0.7249 0.6879 -0.0357
vn -0.0403 0.9827 0.1807
vn -0.0602 0.9611 0.2697
vn 0.0738 0.9917 0.1050
vn -0.7249 0.6879 -0.0357
vn -0.5679 0.8230 -0.0143
vn -0.1000 0.9868 0.1275
vn -0.2908 0.9442 0.1549
vn -0.1944 0.9802 0.0381
vn 0.1464 0.9651 0.2171
vn -0.0999 0.9868 0.1275
vn -0.0469 0.9969 0.0629
vn -0.7366 0.6734 0.0632
vn -0.0821 0.9939 0.0730
vn -0.4973 0.8674 -0.0185
vn -0.4135 0.9099 -0.0332
vn 0.0812 0.9941 0.0723
vn 0.7366 0.6734 0.0631
vn 0.1201 0.9900 0.0738
vn 0.9714 0.0770 0.2248
vn 0.9299 -0.2437 0.2754
vn 0.9957 -0.0307 0.0876
vn -0.9883 -0.1501 0.0261
vn 0.0540 0.8340 -0.5491
vn -0.0001 0.8117 -0.5840
vn -0.9975 0.0691 0.0129
vn -1.0000 0.0022 0.0044
vn -0.9968 0.0805 0.0023
vn -0.9714 0.0768 0.2247
vn -0.9957 -0.0304 0.0876
vn -0.9298 -0.2429 0.2764
vn -0.5639 -0.3219 -0.7605
vn -0.7964 0.2067 -0.5683
vn 0.0008 0.3429 -0.9394
vn 0.0001 -0.8584 -0.5130
vn 0.6949 -0.5877 -0.4144
vn 0.7075 -0.6643 -0.2412
vn 0.9977 -0.0677 0.0098
vn 0.9989 0.0442 -0.0135
vn -0.6561 -0.6781 -0.3312
vn -0.8334 -0.4514 -0.3190
vn 0.0650 -0.4902 -0.8692
vn -0.7578 -0.6508 -0.0474
vn -0.8334 -0.4513 -0.3189
vn -0.6562 -0.6781 -0.3311
vn 0.6561 -0.6781 -0.3312
vn -0.0641 -0.4905 -0.8691
vn 0.8334 -0.4514 -0.3190
vn 0.7578 -0.6508 -0.0474
vn 0.6562 -0.6781 -0.3311
vn 0.8334 -0.4513 -0.3189
vn 0.8540 0.5202 -0.0103
vn 0.8540 0.5202 -0.0104
vn 0.9694 0.2454 -0.0080
vn -0.8539 0.5203 -0.0100
vn -0.9701 0.2427 -0.0073
vn -0.8539 0.5203 -0.0101
vn 0.8208 0.5666 0.0728
vn 0.3926 0.9177 0.0610
vn 0.4593 0.8860 -0.0635
vn -0.8211 0.5660 0.0730
vn -0.4592 0.8860 -0.0635
vn -0.3920 0.9180 0.0605
vn -0.0002 0.9873 0.1588
vn -0.6942 0.7172 0.0608
vn -0.7070 0.6649 0.2410
vn -0.5628 0.7365 -0.3754
vn 0.0003 0.9553 -0.2957
vn 0.0008 0.3428 -0.9394
vn -0.9896 -0.1397 0.0344
vn 0.4977 0.8329 0.2420
vn 0.2910 0.9441 0.1546
vn 0.9317 -0.3569 -0.0680
vn 0.0004 0.1181 -0.9930
vn -0.0391 0.0930 -0.9949
vn 0.9548 0.2973 -0.0035
vn 0.9422 0.3350 -0.0054
vn 0.8294 0.5580 -0.0273
vn -0.9547 0.2975 -0.0041
vn -0.8294 0.5581 -0.0269
vn -0.9427 0.3337 -0.0059
vn 0.0402 -0.2774 -0.9599
vn -0.0432 0.0126 -0.9990
vn -0.0432 -0.0121 -0.9990
vn 0.7371 -0.5142 0.4385
vn 0.9401 -0.2171 0.2628
vn 0.3075 0.9487 -0.0742
vn 0.9870 -0.1601 0.0161
vn 0.8682 -0.4961 -0.0095
vn -0.2773 0.9606 -0.0166
vn 0.0226 0.9993 -0.0288
vn -0.2806 0.9592 -0.0354
vn 0.2775 0.9606 -0.0159
vn 0.2808 0.9591 -0.0347
vn -0.0227 0.9993 -0.0288
vn -0.0549 0.9966 -0.0621
vn -0.0001 0.9974 -0.0715
vn -0.0001 0.4249 0.9052
vn -0.1491 0.1025 -0.9835
vn -0.1227 0.3994 -0.9085
vn -0.7874 0.3267 -0.5227
vn -0.0536 0.8694 -0.4912
vn 0.9977 0.0657 0.0136
vn 0.9821 0.0653 -0.1768
vn 1.0000 -0.0002 -0.0000
vn -0.9821 0.0647 -0.1771
vn -1.0000 -0.0008 -0.0002
vn -0.9972 0.0172 0.0726
vn -0.7372 -0.5147 0.4377
vn -0.9401 -0.2162 0.2637
vn -0.8405 -0.0823 0.5356
vn 0.0212 0.9978 0.0626
vn -0.4592 0.8874 0.0394
vn -0.1466 0.9651 0.2171
vn -0.1200 0.9901 0.0730
vn 0.4253 -0.4533 0.7833
vn 0.1086 -0.3613 0.9261
vn 0.1435 0.3074 0.9407
vn 0.8408 -0.0815 0.5353
vn 0.4253 -0.4534 0.7833
vn -0.4256 -0.4527 0.7836
vn -0.1435 0.3074 0.9407
vn -0.1074 -0.3618 0.9260
vn -0.0821 0.9939 0.0731
vn -0.1307 -0.0027 -0.9914
vn -0.0396 -0.2768 -0.9601
vn -0.0610 0.9971 0.0453
vn -0.5798 0.8135 0.0454
vn -0.3514 0.9350 -0.0479
vn 0.5798 0.8135 0.0454
vn 0.0533 0.8695 -0.4911
vn 0.1240 0.3985 -0.9087
vn 0.0004 0.9993 0.0375
vn -0.1492 0.1025 -0.9835
vn -0.7722 0.1474 -0.6180
vn -0.6819 -0.3700 -0.6309
vn -0.5360 0.8007 -0.2676
vn 0.0952 0.9870 -0.1294
vn -0.0331 0.9984 0.0458
vn -0.1370 0.9902 0.0281
vn -0.0774 0.9816 0.1748
vn 0.0331 0.9984 0.0458
vn 0.3508 0.9181 0.1844
vn 0.0771 0.9816 0.1748
vn 0.1368 0.9902 0.0281
vn 0.5638 -0.3219 -0.7606
vn 0.0001 -0.5417 -0.8406
vn 0.5636 0.7357 -0.3756
vn 0.7968 0.2065 -0.5679
vn 0.9026 -0.4305 -0.0079
vn 0.7431 0.5727 0.3462
vn 0.8759 -0.4819 0.0225
vn 0.9895 -0.1407 0.0338
vn 0.9240 -0.3794 0.0470
vn -0.9758 0.2179 0.0160
vn -0.0743 0.9926 -0.0964
vn -0.8213 0.5658 0.0728
vn -0.7960 0.5925 0.1233
vn -0.9413 0.3315 0.0636
vn -0.3921 0.9180 0.0605
vn 0.9411 0.3321 0.0630
vn 0.8214 0.5658 0.0717
vn -0.3513 0.9350 -0.0479
vn 0.1117 0.9920 -0.0589
vn 0.2116 0.9767 -0.0362
vn -0.4922 0.8705 0.0028
vn -0.2128 0.9770 0.0159
vn 0.4922 0.8704 0.0028
vn 0.8942 0.4435 0.0617
vn 0.9927 0.1115 0.0457
vn -0.8942 0.4433 0.0620
vn -0.9927 0.1117 0.0457
vn 0.9972 0.0171 0.0727
vn -0.8788 -0.4771 -0.0050
vn -0.8757 -0.4824 0.0215
vn 0.6614 0.7493 0.0319
vn 0.5991 0.7958 0.0876
vn 0.0737 0.9917 0.1050
vn -0.6609 0.7498 0.0315
vn -0.0741 0.9919 0.1035
vn -0.5992 0.7958 0.0873
vn -0.0989 0.9951 -0.0028
vn 0.0505 0.9985 0.0209
vn 0.2284 0.9698 -0.0854
vn -0.2275 0.9701 -0.0847
vn 0.0262 0.9996 -0.0041
vn -0.4978 0.8326 0.2427
vn -0.7428 0.5726 0.3470
vn -0.4250 0.2979 0.8548
vn -0.8423 0.3760 -0.3863
vn 0.8423 0.3760 -0.3863
vn -0.9672 -0.2455 -0.0651
vn 0.9976 0.0441 -0.0534
vn 0.9671 -0.2460 -0.0645
vn 0.0229 0.9941 -0.1058
vn -0.9401 -0.2162 0.2636
vn 0.8407 -0.0814 0.5353
vn 0.9401 -0.2171 0.2627
vn -0.9998 -0.0198 0.0064
vn 0.7366 0.6734 0.0632
vn 0.2673 0.9618 0.0596
vn -0.5798 0.8135 0.0455
vn -0.2674 0.9617 0.0604
vn -0.7372 -0.5147 0.4376
vn -0.4256 -0.4527 0.7835
vn 0.8408 -0.0815 0.5352
vn -0.0391 0.0931 -0.9949
vn 0.1241 0.3985 -0.9087
vn 0.5185 0.8232 0.2313
vn 0.8582 0.4580 0.2318
vn -0.9714 0.0767 0.2247
vn -0.8942 0.4433 0.0621
vn -0.5191 0.8229 0.2311
vn -0.8587 0.4567 0.2325
vn 0.9923 0.1214 -0.0254
vn 0.9992 0.0409 -0.0036
vn -0.6950 -0.5876 -0.4143
vn -0.0000 -0.9398 -0.3418
vn -0.5638 -0.3219 -0.7606
vn -0.6950 -0.5876 -0.4144
vn 0.0003 0.9553 -0.2958
vn -0.5627 0.7365 -0.3754
vn 0.5638 -0.3218 -0.7606
vn 0.6949 -0.5878 -0.4143
vn -0.0003 0.9397 0.3421
vn 0.7967 0.2065 -0.5680
vn 0.5635 0.7357 -0.3757
vn 0.6950 0.7165 0.0602
vn 0.9963 0.0861 0.0080
vn 0.1366 0.9903 0.0271
vn 0.0994 0.9842 -0.1469
vn -0.1371 0.9901 0.0286
vn -0.0994 0.9842 -0.1469
vn -0.0227 0.9942 -0.1053
vn -0.0826 0.9964 0.0209
vn 0.6817 -0.3701 -0.6311
vn 0.0402 -0.2773 -0.9599
vn -0.4815 -0.7905 -0.3786
vn 0.8702 0.2563 -0.4207
vn -0.6786 0.0691 -0.7312
vn 0.3766 0.0319 0.9258
vn 0.4254 0.2982 0.8545
vn 0.1047 0.4056 0.9080
vn -0.3762 0.0371 0.9258
vn -0.0542 0.9959 -0.0731
vn 0.0977 0.6643 0.7411
vn -0.2347 0.1977 0.9517
vn 0.1316 0.7179 0.6836
vn 0.1323 0.6373 0.7592
vn -0.0977 0.6643 0.7411
vn -0.0001 0.4250 0.9052
vn 0.2347 0.1977 0.9517
vn -0.1323 0.6373 0.7592
vn -0.1316 0.7179 0.6836
vn -0.0006 0.9830 0.1834
vn 0.1059 0.9943 -0.0161
vn -0.4969 0.8670 -0.0374
vn 0.4973 0.8667 -0.0390
vn 0.8067 0.0822 -0.5852
vn 0.9025 0.2756 -0.3310
vn 0.7681 0.6390 -0.0418
vn 0.4130 0.9101 -0.0340
vn 0.4971 0.8675 -0.0177
vn -0.6819 -0.3701 -0.6309
vn 0.7720 0.1475 -0.6182
vn -0.7685 0.6384 -0.0426
vn -0.9299 -0.2429 0.2764
vn 0.7629 0.5706 -0.3040
vn 0.9008 0.0248 -0.4335
vn -0.3078 0.9487 -0.0731
vn -0.7630 0.5705 -0.3039
vn -0.9007 0.0247 -0.4337
vn 0.1427 0.9896 -0.0204
vn 0.0742 0.9925 -0.0968
vn -0.3078 0.9486 -0.0732
vn -0.3077 0.9486 -0.0732
vn -0.7972 0.6028 -0.0322
vn 0.0550 0.9965 -0.0626
vn 0.0543 0.9851 -0.1631
vn -0.0544 0.8693 -0.4913
vn 0.0541 0.8692 -0.4915
vn -0.0976 0.6643 0.7411
vn 0.0001 0.6600 0.7513
vn 0.0002 0.6600 0.7513
vn 0.0976 0.6643 0.7411
vn 0.1367 0.9902 0.0281
vn -0.1371 0.9902 0.0281
vn 0.1059 0.9943 -0.0129
vn -0.1058 0.9943 -0.0130
vn -0.0973 0.9953 0.0001
vn -0.9968 0.0730 -0.0340
vn -0.9973 0.0325 -0.0657
vn -0.9965 -0.0004 -0.0833
vn 0.9966 0.0004 -0.0824
vn 0.9974 0.0296 -0.0659
vn 0.2910 0.9442 0.1546
vn -0.1024 0.8036 0.5862
vn 0.1559 0.9719 0.1763
vn -0.5723 0.8179 -0.0601
vn -0.6609 0.7498 0.0316
vn -0.1557 0.9719 0.1766
vn 0.0599 0.9970 0.0492
vn -0.0226 0.9942 -0.1054
vn 0.5721 0.8180 -0.0598
vn -0.1025 0.8036 0.5863
vn 0.6949 -0.5877 -0.4143
vn 0.7967 0.2065 -0.5679
vn -0.7964 0.2067 -0.5684
vn -0.6942 0.7172 0.0607
vn 0.9849 -0.1733 -0.0010
vn 0.9794 -0.2016 -0.0056
vn 0.9997 -0.0209 0.0079
vn 0.9849 -0.1733 -0.0009
vn 0.8792 -0.4765 -0.0036
vn 0.4815 -0.7905 -0.3786
vn -0.0395 -0.2768 -0.9601
vn 0.5991 0.7959 0.0876
vn 0.0811 0.9941 0.0723
vn 0.7249 0.6880 -0.0357
vn 0.0167 0.9690 0.2464
vn 0.5184 0.8232 0.2313
vn -0.0167 0.9689 0.2469
vn 0.8701 -0.4929 -0.0074
vn -0.8696 -0.4938 -0.0069
vn -0.7578 -0.6507 -0.0474
vn -0.4814 -0.7905 -0.3787
vn -0.6380 -0.7686 -0.0468
vn 0.7578 -0.6507 -0.0474
vn 0.6380 -0.7686 -0.0468
vn 0.4814 -0.7905 -0.3787
vn 0.9745 0.1132 0.1939
vn 0.8628 0.4950 0.1029
vn -0.8629 0.4948 0.1033
vn -0.9981 0.0598 0.0135
vn -0.9987 0.0514 0.0003
vn 0.9748 0.2187 -0.0445
vn 0.9613 0.0045 -0.2754
vn -0.8214 0.5658 0.0727
vn -0.8294 0.5581 -0.0270
vn -0.8211 0.5661 0.0730
vn 0.8207 0.5667 0.0731
vn 0.8294 0.5580 -0.0272
vn -0.8065 0.0823 -0.5855
vn -0.7755 0.5650 -0.2816
vn 0.0542 0.8692 -0.4916
vn 0.0541 0.8692 -0.4916
vn -0.0543 0.8693 -0.4913
vn 1.0000 -0.0002 -0.0002
vn -0.0261 0.9996 -0.0045
vn -0.0261 0.9997 -0.0045
vn -0.0003 0.9397 0.3420
vn 0.7072 0.6645 0.2417
vn 0.7604 0.6482 0.0406
vn 0.7604 0.6482 0.0405
vn -0.7604 0.6482 0.0406
vn -0.2674 0.9617 0.0603
vn 0.2339 0.1976 0.9520
vn 0.2338 0.1976 0.9520
vn 0.3773 0.0384 0.9253
vn 0.4592 0.8874 0.0396
vn 0.6615 0.7493 0.0319
vn -0.2341 0.1972 0.9520
vn 0.6359 -0.0341 -0.7710
vn -0.6362 -0.0341 -0.7708
vn -0.9007 0.0247 -0.4338
vn -0.8041 -0.0283 -0.5938
vn -0.5723 0.8179 -0.0600
vn -0.9989 -0.0459 0.0064
vn -0.9989 -0.0473 0.0064
vn 0.0771 0.9816 0.1747
vn 0.0421 0.3955 -0.9175
vn -0.1228 0.3994 -0.9085
vn -0.4969 0.8670 -0.0375
vn 0.1463 0.9651 0.2171
vn 0.6076 0.7942 -0.0058
vn 0.1001 0.9868 0.1272
vn -0.1248 0.9544 0.2714
vn 0.3773 0.0385 0.9253
vn 0.0229 0.9941 -0.1057
vn 0.6136 0.7879 -0.0530
vn -0.0227 0.9942 -0.1054
vn -0.6136 0.7878 -0.0530
vn -0.0641 -0.4906 -0.8691
vn 0.6562 -0.6781 -0.3312
vn 0.4815 -0.7905 -0.3787
vn 0.0649 -0.4902 -0.8692
vn -0.4814 -0.7905 -0.3786
vn -0.6562 -0.6781 -0.3312
vn -0.0470 0.9969 0.0629
vn 0.0003 0.9993 0.0374
vn 0.5635 0.7358 -0.3756
vn 0.7967 0.2064 -0.5680
vn -0.5638 -0.3219 -0.7605
vn 0.7762 0.5641 -0.2816
vn -0.9751 -0.2214 0.0091
vn -0.8684 -0.4958 -0.0088
vn -0.9754 -0.2204 -0.0065
vn 0.9884 -0.1500 0.0251
vn 0.9884 -0.1501 0.0251
vn 0.4977 0.8329 0.2421
vn 0.0166 0.9690 0.2463
vn -0.4978 0.8327 0.2427
vn 0.9748 0.2187 -0.0446
vn 1.0000 0.0061 0.0079
vn 0.9992 0.0409 -0.0037
vn 0.9976 0.0679 0.0137
vn 0.9997 -0.0210 0.0079
vn -0.9240 -0.3793 0.0479
vn 0.9676 0.2524 0.0065
vn 0.9699 0.2435 -0.0069
vn -0.9679 0.2514 0.0065
vn -0.9698 0.2437 -0.0069
vn -0.4593 0.8860 -0.0635
vn 0.7985 0.6011 -0.0333
vn 0.8573 0.5149 0.0035
vn 0.5126 0.8586 -0.0047
vn -0.8573 0.5147 0.0039
vn -0.9706 0.2407 0.0065
vn -0.8574 0.5147 0.0038
vn 0.9974 0.0297 -0.0659
vn 0.1080 -0.3612 0.9262
vn -0.0624 -0.1414 0.9880
vn -0.9999 0.0113 0.0022
vn -0.9968 0.0803 0.0023
vn 0.0631 -0.1415 0.9879
vn -0.1075 -0.3618 0.9260
vn -0.9872 -0.1585 0.0150
vn -0.9885 -0.1510 0.0024
vn -0.8756 -0.4825 0.0226
vn -0.0432 0.0125 -0.9990
vn -0.8574 0.5147 0.0039
vn -0.5126 0.8586 -0.0047
vn -0.4922 0.8705 0.0029
vn -0.9025 0.2758 -0.3308
vn -0.7756 0.5650 -0.2817
vn 0.8742 -0.4856 0.0002
vn -0.8756 -0.4824 0.0226
vn -0.9885 -0.1510 0.0025
vn -0.8738 -0.4862 -0.0012
vn 0.9374 0.3426 0.0621
vn -0.9373 0.3432 0.0613
vn 0.0425 -0.0131 -0.9990
vn 0.8182 -0.5734 -0.0427
vn -0.8182 -0.5734 -0.0427
vn -0.9672 -0.2454 -0.0651
vn 0.9999 0.0157 0.0023
vn 0.9986 0.0527 -0.0004
vn -0.0742 0.9926 -0.0964
vn 0.9963 0.0860 0.0080
vn -0.0623 -0.1414 0.9880
vn -0.2347 0.1977 0.9518
vn -0.9960 0.0891 0.0077
vn 0.0631 -0.1416 0.9879
vn 0.2348 0.1978 0.9517
vn -0.5399 0.8416 -0.0115
vn 0.9548 0.2972 -0.0035
vn 0.8294 0.5581 -0.0272
vn -0.8293 0.5581 -0.0269
vn -0.9547 0.2974 -0.0041
vn -0.8293 0.5581 -0.0270
vn 0.1660 0.9859 -0.0213
vn -0.1662 0.9858 -0.0216
vn 0.0009 -0.0156 -0.9999
vn 0.8181 -0.5734 -0.0427
vn -0.8739 -0.4862 -0.0012
vn 0.9694 0.2455 -0.0080
vn -0.8181 -0.5734 -0.0427
vn -0.7686 0.6383 -0.0426
vn -0.7973 0.6028 -0.0321
vn -0.9999 0.0131 0.0025
vn -0.9999 0.0130 0.0025
vn -0.9678 0.2515 0.0066
vn 0.9676 0.2525 0.0065
vn 0.8539 0.5203 -0.0104
vn 0.8572 0.5149 0.0035
vn -0.4973 0.8674 -0.0186
vn -0.8682 -0.4961 -0.0088
vn -0.9754 -0.2203 -0.0065
vn -0.9794 -0.2016 -0.0065
vn -0.9678 0.2515 0.0065
vn 0.8688 -0.4951 -0.0094
vn 0.9748 -0.2231 -0.0075
vn 0.9967 0.0806 0.0021
vn 0.1201 0.9900 0.0737
vn -0.0469 0.9969 0.0630
vn 0.9794 -0.2017 -0.0056
vn 0.8688 -0.4951 -0.0093
vn 0.1426 0.9895 -0.0214
vn -0.7071 0.6650 0.2405
vn -1.0000 -0.0000 -0.0000
vn -0.7071 0.6650 0.2406
vn 0.0012 -0.9395 -0.3427
vn -0.0692 -0.9232 -0.3781
vn 0.0597 -0.9253 -0.3744
vn -0.7071 -0.6647 -0.2412
vn 0.0001 -0.9398 -0.3418
vn -0.7071 -0.6647 -0.2411
vn 0.0001 -0.9397 -0.3420
vn 0.7071 -0.6650 -0.2406
vn 0.0015 -0.3421 0.9397
vn 0.0015 -0.3420 0.9397
vn 0.5421 -0.2877 0.7895
vn 0.0014 -0.3420 0.9397
vn -0.5421 -0.2867 0.7899
vn -0.0001 0.9397 0.3420
vn 0.7071 -0.6650 -0.2405
vn 1.0000 -0.0000 -0.0000
vn -0.0952 0.7065 0.7013
vn 0.0003 0.9169 0.3992
vn -0.0783 0.9167 0.3919
vn -0.8323 0.5532 0.0359
vn -0.9178 -0.3969 0.0126
vn -0.9267 -0.3739 0.0373
vn 0.4230 0.0759 0.9029
vn -0.0530 -0.0620 0.9967
vn 0.3238 0.3210 0.8900
vn -0.4227 0.0769 0.9030
vn -0.3235 0.3209 0.8902
vn 0.0535 -0.0613 0.9967
vn -0.0960 -0.4052 0.9092
vn -0.2215 -0.4946 0.8404
vn -0.1042 -0.4116 0.9054
vn 0.5365 -0.5152 -0.6684
vn 0.9400 -0.3325 0.0769
vn 0.8159 -0.5167 0.2595
vn 0.8911 -0.4520 0.0413
vn 0.8143 -0.4974 0.2992
vn 0.6730 -0.6792 0.2928
vn 0.7275 -0.2623 -0.6340
vn 0.6989 0.0071 -0.7151
vn 0.3471 -0.0790 -0.9345
vn -0.5366 -0.5155 -0.6681
vn -0.8159 -0.5166 0.2596
vn -0.9400 -0.3329 0.0753
vn -0.9737 -0.2276 0.0060
vn -0.8911 -0.4520 0.0415
vn -0.9624 -0.2604 0.0778
vn -0.0000 0.9268 0.3755
vn -0.0715 0.4916 0.8679
vn -0.0003 0.4874 0.8732
vn 0.3499 -0.4256 0.8346
vn 0.3026 -0.1970 0.9325
vn 0.1683 -0.1774 0.9697
vn -0.3503 -0.4250 0.8347
vn -0.6525 -0.3007 0.6956
vn -0.6312 -0.4899 0.6013
vn -0.1542 0.9659 -0.2080
vn 0.1572 0.9771 -0.1433
vn 0.1566 0.9652 -0.2095
vn 0.9888 -0.0405 -0.1433
vn 0.7747 -0.6320 0.0181
vn 0.7052 -0.6964 -0.1331
vn 0.2564 0.6758 0.6911
vn 0.2626 0.8817 0.3919
vn 0.1596 0.9050 0.3943
vn -0.3191 0.8931 -0.3171
vn 0.4570 0.6159 -0.6418
vn 0.3178 0.8929 -0.3190
vn 0.9688 -0.2475 -0.0092
vn 0.9205 -0.3249 0.2168
vn 0.6659 -0.3085 -0.6793
vn 0.4830 0.8516 -0.2037
vn 0.1553 0.9657 -0.2080
vn 0.1577 0.9771 -0.1427
vn -0.9689 -0.2473 -0.0099
vn -0.6656 -0.3083 -0.6796
vn -0.9205 -0.3249 0.2168
vn -0.4522 0.8500 -0.2704
vn -0.1428 0.9507 -0.2752
vn -0.9888 -0.0407 -0.1436
vn -0.7054 -0.6962 -0.1331
vn -0.7744 -0.6324 0.0179
vn -0.3980 -0.8876 0.2318
vn -0.0137 -0.3017 0.9533
vn -0.0088 -0.9793 0.2023
vn 0.5425 -0.0599 -0.8379
vn 0.0434 -0.9985 0.0342
vn 0.0005 -0.9032 0.4291
vn 0.0024 -0.9098 0.4150
vn 0.0884 -0.6351 0.7673
vn 0.1103 0.6451 0.7561
vn 0.1070 0.6230 0.7749
vn -0.0892 -0.6356 0.7669
vn -0.1084 0.6231 0.7746
vn -0.1096 0.6455 0.7559
vn -0.7551 -0.5785 -0.3084
vn -0.4106 -0.8477 -0.3359
vn -0.4575 -0.8594 -0.2283
vn 0.7141 -0.6898 -0.1192
vn 0.9898 -0.0468 -0.1342
vn 0.9767 0.0090 0.2143
vn 0.1058 0.8375 0.5362
vn 0.0371 0.9992 0.0121
vn -0.0007 0.9990 -0.0446
vn -0.7137 -0.6901 -0.1201
vn -0.9768 0.0099 0.2141
vn -0.9898 -0.0463 -0.1348
vn 0.4580 -0.8591 -0.2284
vn 0.1573 -0.9776 -0.1398
vn 0.1427 -0.9596 -0.2426
vn 0.6524 -0.3016 0.6953
vn 0.3498 -0.4256 0.8346
vn 0.4893 0.7207 -0.4911
vn 0.3861 0.9222 0.0210
vn 0.8397 0.5430 0.0102
vn 0.6086 0.7891 -0.0829
vn 0.9174 0.3908 -0.0753
vn 0.7269 0.6809 -0.0894
vn 0.0779 -0.4259 0.9014
vn 0.0764 -0.4160 0.9061
vn 0.0754 -0.4145 0.9069
vn -0.5851 0.8058 0.0913
vn -0.9469 0.3084 0.0912
vn -0.9343 0.3045 0.1854
vn 0.0001 0.9827 0.1854
vn -0.5853 0.8056 0.0912
vn -0.5781 0.7947 0.1854
vn 0.5772 -0.7953 0.1855
vn 0.9469 -0.3084 0.0912
vn 0.9343 -0.3045 0.1854
vn 0.0954 0.7068 0.7009
vn 0.0780 0.9170 0.3911
vn 0.3980 -0.8876 0.2318
vn 0.0088 -0.9793 0.2024
vn 0.0136 -0.3025 0.9530
vn -0.0302 0.9294 0.3679
vn -0.5345 0.8452 -0.0056
vn -0.5636 0.8260 -0.0078
vn -0.9297 0.3684 0.0024
vn -0.0421 -0.9986 0.0325
vn -0.0015 -0.9098 0.4151
vn 0.0004 -0.9033 0.4291
vn 0.4332 0.5875 0.6835
vn -0.0007 0.3412 -0.9400
vn 0.3584 0.3195 -0.8772
vn 0.0025 0.9395 0.3427
vn 0.0599 0.9252 0.3746
vn 0.0005 0.9393 0.3430
vn -0.6077 0.7899 -0.0820
vn -0.7269 0.6809 -0.0894
vn -0.9173 0.3909 -0.0760
vn -0.1561 0.9773 -0.1430
vn 0.1576 0.9771 -0.1427
vn -0.7246 -0.2038 0.6583
vn -0.9714 0.0775 0.2243
vn -0.9301 -0.2437 0.2749
vn -0.5424 -0.0603 -0.8380
vn -0.3470 -0.0795 -0.9345
vn -0.7275 -0.2621 -0.6340
vn 0.0089 -0.7273 0.6863
vn 0.1072 -0.3619 0.9260
vn 0.4256 -0.4530 0.7834
vn 0.7245 -0.2041 0.6584
vn 0.9299 -0.2427 0.2764
vn 0.9715 0.0774 0.2240
vn -0.9473 -0.3073 0.0906
vn -0.9344 0.3042 0.1853
vn -0.9470 0.3081 0.0912
vn 0.9469 -0.3084 0.0913
vn 0.5861 -0.8051 0.0914
vn 0.1580 0.9779 0.1366
vn 0.1806 0.6098 0.7717
vn 0.4485 0.5636 0.6937
vn -0.8397 -0.4298 0.3319
vn -0.8712 0.3817 0.3087
vn -0.8501 0.4389 0.2912
vn -0.1580 0.9779 0.1366
vn -0.4485 0.5636 0.6937
vn -0.1806 0.6098 0.7717
vn 0.8389 -0.4291 0.3348
vn 0.8501 0.4389 0.2911
vn 0.8713 0.3817 0.3086
vn 0.0377 0.0117 -0.9992
vn -0.0004 -0.3401 -0.9404
vn 0.0011 0.0126 -0.9999
vn 0.9343 -0.3045 0.1856
vn 0.5777 -0.7949 0.1855
vn 0.5850 -0.8059 0.0913
vn -0.0004 0.9826 0.1857
vn 0.5778 0.7948 0.1855
vn 0.5851 0.8058 0.0913
vn 0.1838 -0.6141 0.7676
vn 0.1628 -0.9718 0.1709
vn 0.3161 -0.9383 0.1403
vn -0.1837 -0.6141 0.7676
vn -0.3161 -0.9383 0.1402
vn -0.1627 -0.9718 0.1709
vn 0.5015 0.5216 0.6902
vn 0.1999 0.9323 0.3015
vn 0.1157 0.9263 0.3585
vn -0.5015 0.5216 0.6902
vn -0.1157 0.9263 0.3585
vn -0.1999 0.9323 0.3015
vn -0.4897 0.7203 -0.4913
vn -0.8397 0.5430 0.0102
vn -0.3861 0.9222 0.0210
vn -0.9146 -0.4041 0.0131
vn -0.8175 0.5651 -0.1113
vn -0.9146 -0.4041 0.0130
vn -0.8465 0.3879 -0.3646
vn -0.9363 0.3150 -0.1551
vn -0.9820 0.1224 -0.1440
vn 0.0365 -0.3419 -0.9390
vn -0.0004 -0.3400 -0.9404
vn -0.3027 -0.1975 0.9324
vn 0.3191 0.8931 -0.3171
vn 0.4562 0.6183 -0.6400
vn 0.8466 0.3879 -0.3645
vn 0.7421 0.6580 -0.1278
vn 0.5520 0.8217 -0.1414
vn 0.9351 -0.2824 -0.2141
vn -0.0001 -0.9958 0.0913
vn 0.5850 -0.8059 0.0914
vn -0.5768 -0.7956 0.1854
vn -0.9343 -0.3045 0.1856
vn -0.9472 -0.3075 0.0908
vn -0.3584 0.3195 -0.8772
vn -0.0007 0.3411 -0.9400
vn -0.0677 0.9232 0.3784
vn 0.0854 -0.6271 0.7743
vn -0.1083 0.6231 0.7746
vn -0.0879 -0.6271 0.7739
vn -0.1006 0.5828 -0.8064
vn 0.0002 0.5789 -0.8154
vn 0.2653 0.7713 0.5785
vn 0.1303 0.9873 0.0909
vn -0.0088 -0.7273 0.6863
vn -0.4252 -0.4537 0.7832
vn -0.1071 -0.3619 0.9261
vn -0.5622 -0.5031 0.6564
vn -0.7376 -0.5142 0.4377
vn -0.8140 -0.4977 0.2995
vn -0.9399 0.3370 0.0549
vn -0.6352 0.7384 -0.2264
vn 0.3159 0.9457 0.0768
vn 0.1691 0.9820 0.0837
vn -0.4139 0.7076 -0.5726
vn -0.3178 0.8929 -0.3189
vn -0.4573 0.6154 -0.6420
vn -0.9366 0.3153 -0.1529
vn -0.7716 0.1483 -0.6186
vn -0.8420 0.3762 -0.3867
vn -0.1698 0.9818 0.0846
vn -0.2649 0.7713 0.5787
vn -0.1293 0.9874 0.0908
vn 0.9399 0.3370 0.0549
vn -0.3158 0.9458 0.0761
vn 0.6353 0.7383 -0.2264
vn 0.6881 0.7251 -0.0273
vn 0.9775 0.2073 -0.0390
vn 0.9843 0.1696 -0.0486
vn 0.0715 0.4916 0.8679
vn 0.0302 0.9294 0.3679
vn -0.0002 0.4874 0.8732
vn 0.0716 0.4916 0.8679
vn -0.4969 0.8333 0.2425
vn -0.7426 0.5727 0.3471
vn -0.7611 0.1446 0.6324
vn -0.1120 -0.4991 0.8593
vn 0.6659 -0.3086 -0.6792
vn 0.7025 -0.5955 0.3897
vn 0.1121 -0.4991 0.8593
vn -0.6657 -0.3083 -0.6796
vn -0.7025 -0.5955 0.3897
vn -0.9344 -0.3043 0.1853
vn -0.2627 0.8817 0.3919
vn -0.4335 0.5884 0.6825
vn -0.2561 0.6743 0.6926
vn -0.2561 0.6743 0.6927
vn -0.1593 0.9058 0.3925
vn -0.0175 0.8683 -0.4958
vn 0.0011 0.5931 -0.8051
vn -0.0331 0.5002 -0.8653
vn -0.7421 0.6580 -0.1278
vn -0.9352 -0.2823 -0.2140
vn -0.5517 0.8221 -0.1408
vn -0.6943 -0.6341 -0.3403
vn -0.9965 -0.0007 -0.0834
vn 0.8348 0.5504 0.0113
vn 0.4772 0.8788 -0.0018
vn 0.4761 0.8790 0.0269
vn 0.0175 0.8683 -0.4958
vn -0.0013 0.9652 -0.2615
vn 0.2251 -0.9738 0.0318
vn 0.0606 -0.9070 0.4168
vn 0.1354 -0.8963 0.4221
vn -0.2252 -0.9738 0.0318
vn -0.1354 -0.8965 0.4218
vn -0.0621 -0.9068 0.4169
vn -0.6092 -0.7930 0.0075
vn -0.9065 -0.4215 0.0240
vn -0.8288 0.5581 -0.0390
vn -0.8222 0.5650 -0.0688
vn -0.0000 0.9958 0.0913
vn 0.5768 0.7956 0.1854
vn 0.5856 0.8054 0.0912
vn -0.0000 -0.0000 -1.0000
vn 0.0005 -0.0000 -1.0000
vn 0.9469 0.3084 0.0913
vn 0.5851 0.8058 0.0914
vn 0.5778 0.7949 0.1855
vn 0.0001 0.0003 -1.0000
vn -0.0001 0.0011 -1.0000
vn 0.4265 -0.6223 0.6564
vn 0.6318 -0.4894 0.6011
vn 0.9153 -0.4025 0.0128
vn 0.9109 -0.4124 0.0109
vn 0.8180 0.5644 -0.1112
vn 0.9820 0.1222 -0.1438
vn 0.9966 -0.0001 -0.0826
vn 0.6944 -0.6342 -0.3400
vn 0.5626 -0.5022 0.6568
vn 0.7365 -0.5149 0.4387
vn -0.9829 0.1116 -0.1466
vn 0.9368 0.3144 -0.1534
vn 0.8423 0.3760 -0.3861
vn 0.7720 0.1479 -0.6182
vn 0.9828 0.1109 -0.1479
vn 0.0206 -0.9815 0.1904
vn 0.0853 -0.6271 0.7742
vn 0.8520 -0.4564 0.2564
vn 0.3992 -0.8954 0.1974
vn 0.4227 -0.8959 0.1364
vn -0.0181 -0.9814 0.1914
vn -0.0881 -0.6271 0.7739
vn -0.8522 -0.4562 0.2563
vn -0.4223 -0.8960 0.1373
vn -0.3986 -0.8957 0.1972
vn 0.0779 -0.3311 0.9404
vn 0.0602 -0.6940 0.7175
vn 0.0794 -0.6970 0.7127
vn 0.0001 -0.3301 0.9439
vn -0.0606 -0.6947 0.7167
vn 0.0002 -0.7006 0.7135
vn 0.9435 0.3312 0.0011
vn 0.9168 -0.3979 0.0335
vn 0.9132 -0.4066 0.0278
vn 0.1361 -0.4421 0.8866
vn -0.6424 -0.6443 0.4149
vn 0.0971 -0.5587 0.8237
vn 0.0772 -0.3626 0.9288
vn -0.4351 0.0789 0.8969
vn 0.0208 -0.0173 0.9996
vn -0.1360 -0.4423 0.8865
vn -0.0970 -0.5587 0.8237
vn 0.6425 -0.6443 0.4148
vn -0.0771 -0.3627 0.9287
vn -0.0207 -0.0157 0.9997
vn 0.4352 0.0789 0.8969
vn 0.4693 -0.8534 -0.2268
vn 0.8013 -0.5682 -0.1870
vn 0.8483 -0.4928 -0.1937
vn -0.9423 0.3346 -0.0119
vn -0.5448 0.7872 -0.2890
vn -0.9596 0.2810 -0.0121
vn 0.5342 0.8453 -0.0056
vn 0.9296 0.3686 0.0022
vn 0.5633 0.8262 -0.0079
vn -0.1050 0.8373 0.5366
vn -0.0006 0.9990 -0.0446
vn -0.0367 0.9992 0.0132
vn 0.0004 0.8946 0.4469
vn 0.1581 -0.9772 -0.1419
vn -0.1562 -0.9778 -0.1398
vn -0.1430 -0.9595 -0.2427
vn 0.2243 -0.9024 0.3679
vn 0.2062 -0.7146 -0.6684
vn 0.5338 -0.5171 -0.6691
vn 0.8291 -0.5577 0.0404
vn 0.5348 -0.7035 -0.4681
vn 0.8855 -0.3071 -0.3486
vn -0.0684 0.0788 0.9945
vn 0.0477 0.9157 0.3989
vn 0.0384 0.2938 0.9551
vn -0.2117 0.6301 0.7471
vn 0.0149 -0.0518 0.9985
vn -0.3327 0.2746 0.9022
vn 0.0685 0.0787 0.9945
vn -0.0383 0.2937 0.9551
vn -0.0481 0.9157 0.3989
vn 0.2113 0.6301 0.7472
vn 0.3328 0.2741 0.9023
vn -0.0149 -0.0519 0.9985
vn -0.1759 -0.3543 0.9184
vn 0.4819 0.7928 0.3730
vn 0.3007 0.3517 0.8865
vn 0.2451 0.3910 0.8872
vn 0.3497 -0.0595 -0.9350
vn 0.9233 -0.0414 0.3818
vn 0.4477 -0.0188 -0.8940
vn 0.9399 0.3371 0.0549
vn 0.8758 0.3445 -0.3381
vn -0.8082 0.3016 -0.5058
vn -0.3159 0.9458 0.0760
vn -0.5518 0.7099 0.4377
vn -0.4634 0.1393 0.8751
vn -0.5637 0.3703 0.7383
vn -0.3499 -0.0588 -0.9349
vn -0.4477 -0.0190 -0.8940
vn -0.9233 -0.0414 0.3818
vn -0.4477 -0.0189 -0.8940
vn -0.8758 0.3443 -0.3382
vn 0.8080 0.3016 -0.5062
vn 0.5518 0.7099 0.4377
vn 0.4634 0.1393 0.8751
vn 0.5637 0.3703 0.7383
vn -0.1581 -0.9772 -0.1420
vn 0.1428 -0.9596 -0.2426
vn -0.2243 -0.9024 0.3679
vn -0.5335 -0.5173 -0.6692
vn -0.2060 -0.7145 -0.6686
vn -0.0953 0.7064 0.7013
vn -0.0001 0.7030 0.7112
vn 0.7071 0.6639 0.2434
vn -0.4686 -0.8540 -0.2261
vn -0.8481 -0.4935 -0.1928
vn -0.8011 -0.5682 -0.1881
vn 0.6357 -0.0344 -0.7711
vn 0.3505 -0.0788 -0.9332
vn 0.5381 -0.0713 -0.8399
vn -0.9660 0.2394 -0.0976
vn -0.9297 0.3684 0.0025
vn -0.5636 0.8260 -0.0079
vn 0.9564 -0.0487 -0.2880
vn 0.5425 -0.0598 -0.8379
vn 0.9680 0.0355 -0.2485
vn -0.4839 0.8511 -0.2037
vn -0.6881 0.7251 -0.0273
vn -0.9843 0.1695 -0.0486
vn -0.9775 0.2072 -0.0390
vn -0.5191 0.8230 0.2306
vn 0.0086 0.7456 0.6664
vn -0.0164 0.9689 0.2469
vn 0.7609 0.1435 0.6328
vn 0.4972 0.8328 0.2434
vn 0.5307 0.5383 0.6547
vn 0.0001 0.1411 -0.9900
vn 0.0671 -0.9910 -0.1159
vn 0.0753 0.1583 -0.9845
vn -0.0008 -0.1227 0.9924
vn -0.0609 0.9869 0.1497
vn -0.0661 -0.1235 0.9901
vn -0.8150 0.4209 -0.3982
vn 0.8201 -0.3762 0.4312
vn 0.0001 0.1412 -0.9900
vn -0.0756 0.1594 -0.9843
vn -0.0671 -0.9910 -0.1158
vn 0.0664 -0.1224 0.9903
vn 0.0608 0.9868 0.1498
vn 0.8159 0.4202 -0.3972
vn -0.8201 -0.3762 0.4312
vn -0.3500 -0.0587 -0.9349
vn 0.1749 -0.3559 0.9180
vn 0.1683 -0.1773 0.9697
vn 0.0998 -0.1887 0.9770
vn -0.4823 0.7933 0.3716
vn -0.2451 0.3912 0.8870
vn -0.3007 0.3519 0.8864
vn 0.1355 -0.8963 0.4222
vn 0.4679 -0.8832 0.0322
vn -0.1353 -0.8965 0.4218
vn -0.4678 -0.8832 0.0321
vn -0.8291 -0.5577 0.0406
vn -0.8855 -0.3069 -0.3488
vn -0.5346 -0.7036 -0.4682
vn -0.1759 -0.4292 0.8859
vn -0.0138 -0.3017 0.9533
vn 0.1761 -0.4291 0.8859
vn 0.0137 -0.3025 0.9531
vn 0.0088 -0.9793 0.2023
vn 0.9660 0.2392 -0.0978
vn 0.5575 0.4332 -0.7082
vn 0.5495 0.7817 -0.2950
vn 0.5380 -0.0712 -0.8399
vn 0.9004 0.0252 -0.4343
vn 0.6357 -0.0344 -0.7712
vn -0.7610 0.1447 0.6324
vn -0.5309 0.5385 0.6543
vn -0.4969 0.8333 0.2424
vn 0.5191 0.8228 0.2314
vn 0.0158 0.9689 0.2470
vn -0.0081 0.7455 0.6664
vn -0.1006 0.5828 -0.8063
vn -0.2436 0.6118 -0.7526
vn -0.3673 0.2144 -0.9051
vn -0.9206 -0.3249 0.2168
vn 0.9206 -0.3249 0.2168
vn -0.1120 -0.4990 0.8593
vn 0.2238 0.9033 0.3660
vn 0.4819 0.7928 0.3731
vn -0.2451 0.3912 0.8871
vn -0.2234 0.9034 0.3661
vn 0.1009 0.5828 -0.8063
vn 0.3673 0.2157 -0.9047
vn 0.2436 0.6120 -0.7524
vn -0.1294 0.9874 0.0909
vn 0.4139 0.7076 -0.5727
vn -0.1698 0.9818 0.0847
vn 0.4126 0.8883 0.2019
vn 0.8718 0.4265 0.2409
vn 0.7375 0.6626 0.1310
vn -0.4126 0.8883 0.2019
vn -0.7375 0.6626 0.1309
vn -0.8718 0.4265 0.2408
vn 0.9627 -0.2593 0.0778
vn 0.8605 -0.4804 -0.1696
vn 0.8092 -0.5564 -0.1889
vn 0.9778 -0.0203 -0.2085
vn -0.5778 0.7949 0.1854
vn -0.5851 0.8058 0.0912
vn -0.5775 -0.7950 0.1855
vn -0.0004 -0.9958 0.0910
vn -0.0008 -0.9826 0.1858
vn 0.9344 0.3038 0.1858
vn 0.5856 0.8054 0.0913
vn 0.0477 0.9819 0.1832
vn -0.0476 0.9819 0.1833
vn -0.1097 0.6455 0.7558
vn -0.5366 -0.5154 -0.6681
vn -0.2054 -0.7145 -0.6688
vn 0.0327 0.4954 -0.8680
vn 0.0334 -0.5090 -0.8601
vn 0.0008 -0.8756 -0.4830
vn 0.0003 -0.5022 -0.8648
vn 0.0853 -0.6271 0.7743
vn 0.0124 -0.9860 0.1662
vn -0.0880 -0.6272 0.7739
vn -0.0180 -0.9814 0.1913
vn -0.0124 -0.9860 0.1662
vn 0.4254 0.2982 0.8544
vn 0.7431 0.5726 0.3463
vn 0.3774 0.0381 0.9253
vn 0.6852 -0.1789 0.7060
vn 0.6461 -0.1672 0.7447
vn -0.7611 0.1446 0.6323
vn -0.4254 0.2972 0.8548
vn -0.3768 0.0379 0.9255
vn -0.6466 -0.1664 0.7445
vn -0.6854 -0.1765 0.7064
vn -0.0000 -0.0004 1.0000
vn 0.3835 0.3408 0.8583
vn 0.0445 0.5407 0.8401
vn -0.0445 0.5407 0.8401
vn -0.3835 0.3408 0.8583
vn -0.9980 -0.0602 -0.0182
vn 0.9351 -0.2824 -0.2142
vn 0.9981 -0.0596 -0.0174
vn -0.8347 0.5507 0.0115
vn -0.4765 0.8788 0.0262
vn -0.4792 0.8777 0.0069
vn -0.9174 -0.3965 0.0327
vn -0.8288 0.5595 -0.0076
vn -0.8288 0.5595 -0.0075
vn 0.9168 -0.3979 0.0336
vn 0.8289 0.5593 -0.0076
vn 0.6095 -0.7927 0.0073
vn 0.9179 -0.3966 0.0115
vn 0.9263 -0.3749 0.0376
vn -0.0002 -0.1562 0.9877
vn 0.0005 -0.9033 0.4291
vn -0.0001 -0.1562 0.9877
vn -0.0015 -0.9098 0.4150
vn -0.6943 -0.6341 -0.3402
vn -0.0368 0.9992 0.0132
vn 0.0001 0.5789 -0.8154
vn 0.9364 0.3149 -0.1548
vn 0.9343 0.3045 0.1854
vn 0.9472 -0.3075 0.0908
vn -0.2726 0.5331 0.8010
vn 0.2726 0.5331 0.8010
vn 0.8346 0.5435 -0.0898
vn 0.9153 -0.4025 0.0129
vn 0.9072 -0.4199 0.0238
vn 0.8218 0.5656 -0.0686
vn 0.8284 0.5587 -0.0388
vn -0.3271 -0.5243 0.7862
vn -0.1104 -0.3185 0.9415
vn -0.1616 -0.2722 0.9486
vn -0.9146 -0.4042 0.0130
vn -0.8342 0.5439 -0.0913
vn -0.0628 -0.0234 0.9978
vn 0.4528 -0.1160 0.8840
vn -0.0292 -0.2986 0.9539
vn -0.0953 -0.5745 0.8130
vn 0.3643 -0.8888 0.2780
vn -0.1760 -0.4292 0.8859
vn 0.0614 -0.0223 0.9979
vn 0.0278 -0.2985 0.9540
vn -0.4542 -0.1157 0.8833
vn 0.0954 -0.5747 0.8128
vn 0.1761 -0.4290 0.8860
vn -0.3643 -0.8888 0.2780
vn 0.2054 -0.7141 -0.6692
vn 0.1072 -0.3620 0.9260
vn 0.0089 -0.7272 0.6863
vn -0.1848 -0.6828 0.7069
vn -0.6466 -0.1664 0.7444
vn -0.2347 0.1976 0.9518
vn -0.1071 -0.3619 0.9260
vn 0.1849 -0.6828 0.7068
vn 0.2339 0.1978 0.9519
vn 0.3774 0.0382 0.9253
vn 0.6099 0.7399 0.2838
vn 0.3159 0.9457 0.0769
vn 0.8324 0.5530 0.0359
vn -0.8845 -0.3171 0.3421
vn -0.8002 0.5174 0.3033
vn -0.5015 0.5216 0.6903
vn 0.9626 -0.2593 0.0778
vn 0.8847 -0.3170 0.3418
vn 0.5015 0.5216 0.6903
vn 0.8002 0.5174 0.3033
vn 0.1202 0.2387 -0.9636
vn 0.6001 -0.7843 0.1570
vn 0.1150 0.1159 -0.9866
vn -0.5826 0.8012 -0.1365
vn -0.1597 -0.1278 0.9789
vn -0.2359 0.9589 0.1577
vn -0.1203 0.2387 -0.9636
vn -0.1150 0.1159 -0.9866
vn -0.6001 -0.7844 0.1569
vn 0.5826 0.8012 -0.1365
vn 0.2359 0.9589 0.1577
vn 0.1591 -0.1287 0.9788
vn -0.0377 0.0117 -0.9992
vn -0.0365 -0.3419 -0.9390
vn 0.0871 0.0001 -0.9962
vn 0.0863 -0.0000 -0.9963
vn 0.0867 -0.0000 -0.9962
vn -0.6660 -0.3123 -0.6775
vn -0.9643 -0.2630 -0.0319
vn 0.6657 -0.3121 -0.6778
vn 0.9643 -0.2629 -0.0316
vn 0.6088 0.4091 0.6797
vn 0.7313 0.5591 0.3908
vn 0.4860 0.7776 0.3990
vn -0.7446 -0.5350 0.3992
vn 0.0078 -0.1445 0.9895
vn 0.0535 -0.2209 0.9738
vn -0.6088 0.4091 0.6797
vn -0.4857 0.7779 0.3987
vn -0.7313 0.5591 0.3908
vn 0.7439 -0.5360 0.3991
vn -0.0542 -0.2204 0.9739
vn -0.0069 -0.1450 0.9894
vn -0.5857 -0.8054 0.0913
vn -0.5769 -0.7955 0.1854
vn -0.0001 0.0009 -1.0000
vn -0.5848 -0.8060 0.0914
vn 0.0006 -0.0000 -1.0000
vn 0.0003 -0.0000 -1.0000
vn 0.0872 -0.0000 -0.9962
vn -0.8420 0.3762 -0.3866
vn -0.6356 -0.0347 -0.7712
vn -0.5382 -0.0709 -0.8398
vn -0.3504 -0.0789 -0.9333
vn -0.9148 -0.4033 0.0211
vn -0.6053 -0.7948 0.0426
vn -0.6070 -0.7942 0.0288
vn 0.4846 0.8506 -0.2039
vn -0.3960 0.8957 0.2023
vn -0.8500 0.4389 0.2912
vn 0.3960 0.8957 0.2022
vn 0.8712 0.3817 0.3086
vn 0.6353 0.7384 -0.2264
vn -0.6352 0.7384 -0.2265
vn -0.4139 0.7076 -0.5727
vn -0.8307 0.5497 0.0876
vn -0.9267 -0.3739 0.0374
vn -0.9133 -0.3957 0.0965
vn 0.7521 -0.6590 -0.0052
vn 0.7394 -0.6732 -0.0071
vn 0.8677 -0.4970 -0.0092
vn -0.6865 -0.6304 -0.3624
vn -0.3192 0.8931 -0.3172
vn -0.4563 0.6182 -0.6400
vn -0.3470 -0.0794 -0.9345
vn -0.6990 0.0061 -0.7151
vn 0.5585 0.4511 -0.6961
vn 0.9425 0.3340 -0.0121
vn 0.9595 0.2814 -0.0123
vn 0.5753 0.8179 -0.0141
vn 0.6002 -0.7843 0.1570
vn 0.2251 -0.9634 -0.1453
vn -0.1597 -0.1278 0.9788
vn -0.5825 0.8013 -0.1365
vn -0.3247 0.1006 0.9405
vn -0.6002 -0.7843 0.1569
vn -0.2250 -0.9635 -0.1453
vn -0.1202 0.2387 -0.9636
vn 0.1590 -0.1286 0.9789
vn 0.3247 0.1006 0.9405
vn 0.5825 0.8013 -0.1365
vn 0.7720 0.1478 -0.6182
vn 0.6866 -0.6306 -0.3618
vn -0.6729 -0.6792 0.2931
vn -0.4257 -0.6227 0.6565
vn -0.3503 -0.4249 0.8347
vn -0.7520 -0.6591 -0.0053
vn -0.8677 -0.4970 -0.0092
vn -0.7394 -0.6732 -0.0071
vn -0.0164 0.9689 0.2470
vn 0.4972 0.8328 0.2433
vn -0.9563 -0.0486 -0.2883
vn -0.9679 0.0351 -0.2487
vn -0.5424 -0.0602 -0.8380
vn -0.5583 0.4513 -0.6962
vn -0.5424 -0.0603 -0.8379
vn 0.8466 0.3879 -0.3644
vn 0.9820 0.1222 -0.1437
vn 0.2592 -0.4140 -0.8726
vn -0.2592 -0.4140 -0.8726
vn -0.3672 0.8100 0.4572
vn -0.6099 0.7399 0.2838
vn -0.3159 0.9458 0.0761
vn 0.4340 -0.5767 0.6922
vn 0.1837 -0.6141 0.7676
vn 0.3242 0.9418 0.0893
vn -0.1837 -0.6141 0.7675
vn -0.4340 -0.5767 0.6921
vn -0.3242 0.9418 0.0892
vn 0.0333 -0.5090 -0.8601
vn 0.0242 -0.8754 -0.4828
vn 0.5354 0.5716 0.6218
vn 0.7845 0.1268 0.6071
vn 0.8584 0.4574 0.2324
vn 0.7810 -0.0959 0.6171
vn 0.7245 -0.2040 0.6584
vn -0.5364 0.5710 0.6215
vn -0.8586 0.4574 0.2317
vn -0.7844 0.1265 0.6072
vn -0.7811 -0.0956 0.6170
vn -0.5498 0.7815 -0.2950
vn -0.5576 0.4332 -0.7081
vn -0.9007 0.0253 -0.4338
vn 0.4784 0.8778 -0.0238
vn -0.4756 0.8793 -0.0247
vn 0.5520 0.8218 -0.1414
vn 0.8189 0.5349 -0.2081
vn -0.5516 0.8221 -0.1408
vn -0.8189 0.5349 -0.2081
vn 0.3676 0.8097 0.4574
vn -0.3841 -0.8580 0.3410
vn -0.1119 -0.4991 0.8593
vn 0.2062 -0.7147 -0.6684
vn -0.3840 -0.8580 0.3410
vn 0.3841 -0.8580 0.3410
vn 0.1121 -0.4990 0.8593
vn -0.2060 -0.7146 -0.6686
vn 0.9737 -0.2276 0.0059
vn 0.1619 -0.2716 0.9487
vn 0.3274 -0.5242 0.7861
vn 0.3997 -0.4764 0.7831
vn 0.8583 0.4574 0.2324
vn 0.5353 0.5716 0.6218
vn 0.0086 0.7455 0.6664
vn -0.8585 0.4574 0.2317
vn -0.5364 0.5710 0.6214
vn 0.9976 0.0008 0.0691
vn 0.5001 0.8660 0.0002
vn 0.4981 0.8643 0.0691
vn -0.4989 0.8639 0.0689
vn -1.0000 -0.0003 -0.0000
vn -0.9976 -0.0011 0.0689
vn 0.4985 0.8641 0.0689
vn 0.9976 0.0001 0.0689
vn 1.0000 -0.0008 -0.0000
vn -0.4985 -0.8641 0.0689
vn -0.9976 -0.0001 0.0689
vn -1.0000 0.0008 -0.0000
vn -0.0995 -0.1893 0.9769
vn -0.1758 -0.3543 0.9184
vn -0.1680 -0.1779 0.9696
vn -0.8150 0.4210 -0.3982
vn -0.8082 0.3017 -0.5058
vn 0.8159 0.4201 -0.3972
vn 0.8080 0.3015 -0.5062
vn 0.5001 0.8660 -0.0000
vn -0.5001 -0.8660 -0.0000
vn -0.4999 0.8661 -0.0000
vn 0.4999 -0.8661 -0.0000
vn 0.4999 0.8661 -0.0000
vn -0.4999 -0.8661 -0.0000
vn 0.5001 -0.8660 -0.0000
vn -0.5001 0.8660 -0.0000
vn 0.9331 -0.0855 -0.3494
vn 0.9888 -0.0405 -0.1434
vn 0.1483 -0.9578 -0.2462
vn 0.0158 0.9689 0.2471
vn -0.0000 0.1411 -0.9900
vn -0.0001 -0.9919 -0.1272
vn -0.0672 -0.9910 -0.1158
vn -0.0000 -0.9919 -0.1273
vn -0.0608 0.9869 0.1497
vn -0.0008 -0.1228 0.9924
vn -0.0001 0.9899 0.1414
vn -0.0000 0.9899 0.1414
vn -0.0007 -0.1227 0.9924
vn -0.0002 -0.9827 0.1854
vn -0.5768 -0.7955 0.1854
vn -0.6715 -0.7165 0.1892
vn -0.5427 -0.3952 0.7412
vn -0.8588 -0.3902 0.3322
vn -0.4311 -0.7450 0.5090
vn -0.3171 -0.3781 0.8697
vn 0.6707 -0.7168 0.1906
vn 0.8589 -0.3901 0.3318
vn 0.5421 -0.3942 0.7421
vn 0.4306 -0.7451 0.5094
vn 0.3167 -0.3778 0.8700
vn -0.5395 -0.2923 0.7896
vn 0.5391 -0.2918 0.7901
vn 0.8923 -0.4493 -0.0438
vn 0.9843 0.1695 -0.0486
vn 0.9850 0.1612 -0.0619
vn 0.8909 -0.4508 -0.0546
vn 0.7450 -0.6086 -0.2730
vn -0.9775 0.2072 -0.0389
vn -0.8923 -0.4493 -0.0438
vn -0.9850 0.1612 -0.0618
vn -0.7450 -0.6086 -0.2730
vn -0.8909 -0.4508 -0.0546
vn -0.7148 -0.6760 0.1792
vn -0.3571 -0.9250 0.1296
vn -0.3853 -0.8961 0.2203
vn 0.7149 -0.6756 0.1802
vn 0.3861 -0.8958 0.2203
vn 0.3569 -0.9251 0.1293
vn 0.0867 -0.3430 0.9353
vn -0.0914 0.4602 0.8831
vn 0.1105 -0.3185 0.9414
vn 0.1618 -0.2717 0.9487
vn -0.6729 -0.6792 0.2932
vn -0.7914 -0.6101 0.0382
vn -0.0831 -0.1658 0.9827
vn -0.1407 -0.1885 0.9720
vn -0.1138 -0.1699 0.9789
vn 0.0826 -0.1644 0.9829
vn 0.0954 0.7069 0.7009
vn 0.1156 -0.1737 0.9780
vn 0.1408 -0.1872 0.9722
vn -0.0865 -0.3430 0.9353
vn -0.0778 -0.3311 0.9404
vn 0.0898 0.4608 0.8829
vn -0.1103 -0.3185 0.9415
vn 0.9156 -0.4015 0.0212
vn 0.6074 -0.7939 0.0291
vn 0.6057 -0.7946 0.0429
vn 0.8260 -0.4210 0.3748
vn -0.8264 -0.4194 0.3757
vn 0.7365 -0.5148 0.4387
vn 0.5625 -0.5022 0.6568
vn 0.2427 -0.7001 0.6716
vn -0.0457 -0.0118 0.9989
vn 0.0535 -0.0614 0.9967
vn -0.2430 -0.7008 0.6707
vn 0.0458 -0.0117 0.9989
vn 0.3237 0.3210 0.8900
vn -0.0529 -0.0620 0.9967
vn 0.0003 -0.5022 -0.8647
vn -0.0334 -0.5090 -0.8601
vn -0.8161 0.5417 -0.2013
vn -0.9888 -0.0407 -0.1437
vn -0.9332 -0.0870 -0.3486
vn 0.4125 0.8883 0.2019
vn -0.3474 0.8912 0.2918
vn -0.4125 0.8883 0.2019
vn 0.3479 0.8909 0.2921
vn 0.8201 -0.3761 0.4312
vn -0.3246 0.1006 0.9405
vn 0.6002 -0.7843 0.1569
vn -0.8201 -0.3761 0.4312
vn -0.2251 -0.9634 -0.1453
vn 0.3246 0.1006 0.9405
vn 0.5637 0.3704 0.7383
vn -0.3158 0.9458 0.0760
vn 0.5787 -0.6282 0.5200
vn -0.0293 -0.2985 0.9539
vn -0.5787 -0.6282 0.5200
vn -0.8923 -0.4492 -0.0438
vn -0.9228 -0.3834 -0.0373
vn -0.6793 0.6835 0.2670
vn -0.6922 0.6894 0.2136
vn -0.9801 0.1983 -0.0072
vn 0.9228 -0.3834 -0.0373
vn 0.8923 -0.4492 -0.0438
vn 0.6803 0.6826 0.2669
vn 0.9804 0.1968 -0.0072
vn 0.6918 0.6899 0.2134
vn -0.0444 -0.5405 0.8402
vn 0.3229 -0.4089 0.8535
vn -0.4901 0.0451 0.8705
vn -0.3832 -0.3408 0.8585
vn -0.3229 -0.4089 0.8535
vn 0.0444 -0.5405 0.8402
vn 0.3832 -0.3408 0.8585
vn 0.4901 0.0451 0.8705
vn -0.5678 -0.8200 0.0723
vn -0.5864 -0.8069 0.0718
vn -0.9174 -0.3965 0.0328
vn -0.3171 -0.3782 0.8697
vn -0.2935 -0.6827 0.6692
vn 0.2929 -0.6827 0.6694
vn 0.7375 0.6625 0.1310
vn 0.4123 0.9048 0.1063
vn -0.7375 0.6625 0.1309
vn -0.4123 0.9048 0.1063
vn 0.7312 0.5591 0.3908
vn 0.6905 0.3319 0.6427
vn -0.6905 0.3319 0.6427
vn 0.1058 0.8375 0.5361
vn -0.9536 -0.3009 0.0107
vn -0.8587 -0.3902 0.3322
vn -0.8001 0.5175 0.3034
vn 0.9536 -0.3009 0.0105
vn 0.8001 0.5175 0.3034
vn 0.0372 0.9992 0.0120
vn -0.1805 0.6098 0.7717
vn -0.4339 -0.5767 0.6922
vn -0.8712 0.4013 0.2827
vn 0.1805 0.6098 0.7717
vn 0.8521 -0.4564 0.2564
vn 0.8718 0.4265 0.2410
vn 0.8715 0.4005 0.2830
vn 0.4265 -0.6222 0.6564
vn 0.2212 -0.4948 0.8404
vn 0.0970 -0.4030 0.9101
vn -0.0255 0.9299 0.3669
vn -0.0526 0.9909 0.1242
vn 0.0108 0.9924 0.1227
vn -0.2495 0.9605 0.1235
vn 0.0255 0.9299 0.3669
vn -0.0110 0.9923 0.1231
vn 0.0524 0.9909 0.1243
vn 0.2496 0.9606 0.1223
vn 0.1425 0.9510 -0.2745
vn -0.1455 0.9509 -0.2730
vn -0.1553 0.9655 -0.2091
vn 0.6659 -0.3086 -0.6793
vn 0.8483 -0.4928 -0.1938
vn -0.9689 -0.2472 -0.0099
vn 0.3497 -0.0594 -0.9350
vn -0.2360 0.9589 0.1576
vn 0.1150 0.1160 -0.9866
vn 0.2360 0.9589 0.1576
vn -0.1483 -0.9578 -0.2463
vn 0.4651 0.8283 0.3123
vn 0.4916 0.6791 0.5451
vn 0.9754 -0.0232 -0.2193
vn 0.9898 -0.0468 -0.1343
vn 0.9334 -0.0857 -0.3486
vn 0.0609 0.9868 0.1498
vn -0.0757 0.1594 -0.9843
vn -0.1151 0.1159 -0.9866
vn 0.0754 0.1583 -0.9845
vn 0.6881 0.7251 -0.0274
vn 0.9843 0.1696 -0.0487
vn 0.7679 0.4354 -0.4699
vn 0.9421 -0.0011 -0.3353
vn 0.7599 -0.1080 -0.6410
vn -0.9843 0.1695 -0.0487
vn -0.7681 0.4350 -0.4700
vn -0.7599 -0.1084 -0.6409
vn -0.9421 -0.0011 -0.3352
vn 0.7919 -0.6095 0.0381
vn 0.0136 -0.3025 0.9531
vn -0.1361 -0.4423 0.8865
vn 0.3981 -0.8876 0.2318
vn 0.1362 -0.4422 0.8865
vn 0.7487 -0.6621 0.0329
vn 0.3011 -0.8469 0.4383
vn 0.5913 -0.6895 0.4182
vn -0.7485 -0.6624 0.0323
vn -0.5913 -0.6896 0.4181
vn -0.3011 -0.8474 0.4374
vn -0.9754 -0.0232 -0.2193
vn -0.9898 -0.0462 -0.1347
vn -0.9334 -0.0857 -0.3486
vn 0.5778 0.7948 0.1854
vn 0.9469 0.3084 0.0912
vn -0.5780 0.7947 0.1854
vn -0.0004 0.9826 0.1856
vn -0.0002 0.9957 0.0922
vn 0.9470 0.3077 0.0917
vn -0.9344 -0.3043 0.1854
vn -0.5848 -0.8060 0.0913
vn -0.8001 0.5174 0.3034
vn -0.3594 0.9264 0.1125
vn 0.8001 0.5174 0.3034
vn 0.3594 0.9264 0.1125
vn 0.0534 -0.2209 0.9738
vn 0.0078 -0.1444 0.9895
vn 0.4331 0.5876 0.6835
vn 1.0000 -0.0001 0.0002
vn 0.4985 -0.8641 0.0689
vn 0.5005 -0.8657 -0.0000
vn -0.5000 -0.8660 -0.0000
vn -0.9976 -0.0012 0.0689
vn 0.5005 0.8657 -0.0000
vn -0.5005 -0.8657 -0.0000
vn -0.1407 -0.1885 0.9719
vn -0.2560 0.6743 0.6926
vn 0.8466 0.3878 -0.3645
vn -0.8465 0.3880 -0.3646
vn -0.3471 -0.0795 -0.9345
vn 0.8423 0.3760 -0.3862
vn 0.1671 0.6973 0.6971
vn 0.1109 0.9129 0.3928
vn -0.4391 -0.4705 0.7654
vn -0.0634 -0.1414 0.9879
vn -0.1678 0.6974 0.6968
vn -0.1094 0.9138 0.3912
vn -0.1594 0.9058 0.3925
vn 0.4392 -0.4705 0.7653
vn 0.0634 -0.1414 0.9879
vn 0.2339 0.1977 0.9520
vn 0.0006 0.3426 -0.9395
vn 0.0003 0.3420 -0.9397
vn 0.7071 -0.6649 -0.2405
vn 0.0327 0.4954 -0.8681
vn 0.5813 -0.8112 0.0633
vn 0.5667 -0.8209 0.0711
vn 0.5860 -0.8071 0.0724
vn -0.9421 0.3352 -0.0116
vn -0.5758 0.8174 -0.0142
vn 0.9044 0.4268 0.0022
vn 0.4622 0.8270 0.3201
vn 0.4859 0.6805 0.5485
vn 0.8309 0.5496 0.0876
vn -0.8307 0.5497 0.0877
vn -0.8323 0.5532 0.0360
vn 0.8309 0.5495 0.0876
vn 0.9134 -0.3954 0.0963
vn -0.0000 -0.9919 -0.1272
vn -0.0660 -0.1235 0.9901
vn 0.0672 -0.9910 -0.1159
vn -0.3247 0.1005 0.9404
vn 0.2250 -0.9635 -0.1453
vn 0.3247 0.1005 0.9404
vn -0.2250 -0.9634 -0.1453
vn 0.9045 0.2093 -0.3716
vn 0.2757 0.2513 -0.9278
vn -0.2757 0.2513 -0.9278
vn -0.9045 0.2093 -0.3716
vn 0.4901 0.0452 0.8705
vn 0.3245 0.4092 0.8528
vn -0.3245 0.4092 0.8528
vn -0.4901 0.0452 0.8705
vn -0.9992 -0.0266 0.0303
vn -0.7651 0.6435 0.0222
vn -0.7729 0.6211 -0.1300
vn 0.9992 -0.0259 0.0300
vn 0.7724 0.6217 -0.1298
vn 0.7650 0.6436 0.0226
vn -0.8602 -0.4810 -0.1692
vn -0.6660 -0.3122 -0.6775
vn -0.3571 -0.9251 0.1295
vn 0.4453 0.8856 -0.1319
vn 0.7417 0.3512 -0.5714
vn 0.8378 0.2746 -0.4718
vn -0.8342 0.5439 -0.0914
vn -0.4451 0.8858 -0.1317
vn -0.8175 0.5651 -0.1112
vn -0.8379 0.2744 -0.4719
vn -0.7415 0.3513 -0.5716
vn 0.3570 -0.9251 0.1293
vn -0.4996 -0.8635 0.0690
vn 0.4986 -0.8641 0.0690
vn 0.4854 -0.8406 0.2403
vn 0.0001 0.0013 1.0000
vn -0.4855 -0.8408 0.2394
vn -0.9240 -0.3794 0.0468
vn -0.7223 -0.6914 0.0137
vn -0.6794 0.6835 0.2670
vn -0.7969 0.5667 0.2093
vn 0.7972 0.5661 0.2098
vn -0.5853 0.8056 0.0913
vn 0.0001 0.9958 0.0913
vn 0.6658 -0.3120 -0.6778
vn -0.6664 0.7438 0.0526
vn -0.6664 0.7438 0.0525
vn -0.9713 0.2370 -0.0186
vn 0.6664 0.7438 0.0526
vn 0.6664 0.7438 0.0525
vn 0.9804 0.1969 -0.0072
vn 0.9713 0.2371 -0.0186
vn 0.3677 0.8097 0.4574
vn 0.1580 -0.9760 0.1497
vn 0.1624 -0.9737 0.1598
vn -0.0004 -0.9928 0.1202
vn 0.4255 0.2982 0.8544
vn 0.6853 -0.1789 0.7060
vn -0.4254 0.2973 0.8548
vn -0.0970 -0.5588 0.8236
vn -0.0763 -0.4150 0.9066
vn 0.0001 -0.4281 0.9037
vn -0.0333 -0.5090 -0.8601
vn -0.0242 -0.8754 -0.4828
vn 0.9778 -0.0203 -0.2084
vn 0.8159 0.5419 -0.2015
vn 0.1619 -0.2717 0.9487
vn 0.1105 -0.3185 0.9415
vn -0.5142 0.8487 0.1235
vn -0.2495 0.9605 0.1236
vn 0.4819 0.7929 0.3730
vn 0.5143 0.8489 0.1220
vn 0.1102 0.6451 0.7561
vn 0.0499 0.9876 0.1487
vn -0.3599 0.9237 0.1317
vn -0.6806 0.7090 0.1847
vn -0.0501 0.9876 0.1485
vn 0.3599 0.9237 0.1316
vn 0.6806 0.7090 0.1847
vn -0.0001 0.9922 0.1245
vn 0.8424 0.3760 -0.3861
vn 0.6990 0.0071 -0.7151
vn 0.9179 -0.3966 0.0116
vn 0.8348 0.5504 0.0114
vn 0.8324 0.5530 0.0358
vn 0.9156 -0.4015 0.0211
vn -0.8347 0.5506 0.0115
vn -0.0792 -0.6968 0.7129
vn -0.1765 -0.6369 0.7504
vn -0.4394 0.8938 -0.0901
vn -0.4626 0.8846 -0.0590
vn -0.7969 0.5667 0.2094
vn -0.8103 -0.5217 -0.2669
vn 0.4904 -0.0453 0.8703
vn 0.4397 0.8936 -0.0902
vn 0.4628 0.8845 -0.0591
vn 0.8103 -0.5217 -0.2669
vn -0.4904 -0.0453 0.8703
vn 0.5002 -0.8659 -0.0002
vn -0.5000 0.8660 -0.0000
vn -0.5002 -0.8659 -0.0002
vn -0.4999 -0.8661 0.0001
vn 0.5000 0.8660 -0.0000
vn -0.4998 0.8661 -0.0002
vn 0.4998 -0.8661 0.0002
vn 0.4998 0.8661 -0.0002
vn -0.4998 -0.8661 0.0002
vn -0.4996 -0.8662 -0.0002
vn -0.4251 -0.4537 0.7832
vn -0.3986 -0.8957 0.1971
vn -0.3570 -0.9251 0.1296
vn 0.0979 -0.1674 0.9810
vn -0.0621 -0.9068 0.4170
vn -0.0831 -0.1658 0.9826
vn -0.0986 -0.1669 0.9810
vn 0.1354 -0.8963 0.4222
vn -0.4339 -0.5768 0.6922
vn -0.4484 0.5636 0.6937
vn -0.8442 -0.5310 0.0735
vn -0.4339 -0.5767 0.6921
vn -0.7894 -0.5502 0.2721
vn 0.4484 0.5636 0.6937
vn 0.8442 -0.5309 0.0736
vn 0.7894 -0.5502 0.2723
vn 0.4339 -0.5767 0.6922
vn 0.5573 0.4140 -0.7197
vn -0.5571 0.4140 -0.7199
vn -0.3673 0.2144 -0.9050
vn -0.8379 0.2743 -0.4719
vn -0.9351 -0.2823 -0.2140
vn -0.8904 -0.3660 -0.2707
vn 0.9109 -0.4125 0.0108
vn 0.8378 0.2747 -0.4718
vn 0.8909 -0.3648 -0.2705
vn 0.9351 -0.2823 -0.2142
vn 0.8197 0.4354 0.3722
vn 0.7313 0.5590 0.3908
vn -0.7313 0.5590 0.3908
vn -0.8197 0.4354 0.3722
vn 0.0635 -0.1414 0.9879
vn -0.0634 -0.1415 0.9879
vn -0.0148 -0.0519 0.9985
vn 0.2113 0.6300 0.7473
vn 0.7440 0.6573 0.1196
vn 0.9767 0.0090 0.2144
vn 0.7711 -0.6294 0.0961
vn 0.6095 -0.7927 0.0072
vn -0.7440 0.6573 0.1196
vn -0.9768 0.0099 0.2139
vn -0.9768 0.0099 0.2140
vn -0.7704 -0.6303 0.0956
vn -0.6092 -0.7930 0.0076
vn 0.0328 0.4954 -0.8681
vn -0.1617 -0.6790 -0.7161
vn -0.1967 -0.4571 -0.8674
vn -0.2103 0.3102 -0.9271
vn 0.1626 -0.6795 -0.7154
vn -0.2592 -0.4139 -0.8726
vn 0.1967 -0.4571 -0.8674
vn 0.2103 0.3102 -0.9271
vn -0.6077 0.7900 -0.0819
vn -0.3247 0.1005 0.9405
vn 0.3247 0.1005 0.9405
vn -0.0292 -0.2985 0.9540
vn -0.0953 -0.5745 0.8129
vn 0.7844 0.1269 0.6071
vn 0.7810 -0.0958 0.6171
vn 0.0954 -0.5748 0.8127
vn -0.2099 -0.2582 0.9430
vn 0.2102 -0.2577 0.9431
vn -0.4996 0.8635 0.0690
vn 0.4986 0.8641 0.0690
vn -0.9710 -0.0001 0.2392
vn -0.4854 -0.8406 0.2403
vn -0.0010 -0.0006 1.0000
vn -0.4993 0.8664 -0.0001
vn 0.4981 0.8644 0.0691
vn -0.9778 -0.0205 -0.2087
vn -0.8092 -0.5564 -0.1886
vn 0.3960 0.8957 0.2023
vn 0.3011 -0.8469 0.4382
vn 0.4678 -0.8832 0.0322
vn -0.8416 -0.5395 0.0254
vn -0.1576 0.9771 -0.1427
vn -0.4828 0.8517 -0.2039
vn -0.1580 -0.9760 0.1496
vn -0.0003 -0.9928 0.1202
vn -0.1623 -0.9738 0.1595
vn 0.8589 -0.3900 0.3318
vn -0.9536 -0.3010 0.0107
vn -0.9713 0.2370 -0.0185
vn -0.8388 -0.5206 -0.1592
vn -0.8389 -0.5206 -0.1592
vn 0.8388 -0.5206 -0.1592
vn 0.9713 0.2371 -0.0187
vn 0.8389 -0.5206 -0.1592
vn 0.8442 -0.5309 0.0737
vn 0.8692 0.4935 0.0299
vn 0.8349 0.4673 0.2907
vn -0.0003 -0.9940 0.1092
vn -0.0001 -0.9919 -0.1273
vn -0.8442 -0.5310 0.0734
vn -0.8350 0.4673 0.2905
vn -0.8692 0.4935 0.0298
vn -0.6230 -0.5681 -0.5377
vn -0.7450 -0.6087 -0.2730
vn 0.9421 -0.0011 -0.3352
vn 0.7450 -0.6087 -0.2730
vn 0.6230 -0.5681 -0.5377
vn -0.4863 0.6805 0.5481
vn 0.4915 0.6792 0.5451
vn -0.4864 0.6805 0.5481
vn -0.1293 0.9874 0.0909
vn -0.1051 0.8373 0.5366
vn 0.0372 0.9992 0.0121
vn 0.0779 -0.3312 0.9404
vn -0.4451 0.8858 -0.1318
vn -0.4885 0.8653 -0.1123
vn -0.8222 0.5650 -0.0687
vn 0.4453 0.8856 -0.1318
vn 0.4888 0.8651 -0.1124
vn -0.5498 0.7815 -0.2949
vn 0.5753 0.8178 -0.0142
vn 0.6092 -0.7912 0.0528
vn -0.5426 -0.3952 0.7412
vn -0.0672 -0.9910 -0.1159
vn -0.3011 -0.8474 0.4373
vn -0.3010 -0.8474 0.4374
vn 0.1156 -0.1738 0.9780
vn -0.3500 -0.0588 -0.9349
vn -0.1407 -0.1884 0.9720
vn -0.1407 -0.1884 0.9719
vn 0.4569 0.6159 -0.6418
vn -0.4563 0.6182 -0.6401
vn 0.0004 -0.9032 0.4291
vn 0.0007 -0.9995 0.0324
vn -0.5016 0.5216 0.6902
vn -0.8587 -0.3901 0.3322
vn -0.5427 -0.3951 0.7412
vn 0.9215 0.0288 0.3874
vn 0.9941 -0.1066 0.0204
vn -0.9215 0.0293 0.3872
vn -0.9940 -0.1072 0.0197
vn 0.5016 0.5216 0.6902
vn -0.6865 -0.6304 -0.3623
vn -0.8835 -0.4101 0.2266
vn 0.8838 -0.4094 0.2263
vn 0.9233 -0.0415 0.3818
vn -0.9679 0.0351 -0.2488
vn -0.9638 0.2537 -0.0818
vn 0.3611 0.8896 0.2795
vn 0.8715 0.4005 0.2829
vn 0.4856 0.8409 0.2387
vn -0.0000 0.0013 1.0000
vn 0.9707 0.0004 0.2405
vn -0.9708 -0.0000 0.2397
vn -0.4855 0.8408 0.2395
vn -0.3611 0.8896 0.2795
vn 0.1811 0.7055 0.6851
vn 0.0385 0.2938 0.9551
vn 0.6086 0.7891 -0.0830
vn -0.1800 0.7053 0.6857
vn -0.0384 0.2937 0.9551
vn 0.9470 0.3078 0.0916
vn -0.0004 -0.9959 0.0910
vn -0.9469 0.3084 0.0913
vn -0.5854 0.8056 0.0913
vn 0.5518 0.7098 0.4377
vn 0.4989 -0.8639 0.0689
vn -0.4986 -0.8641 0.0690
vn 0.4855 -0.8408 0.2394
vn 0.5521 0.8217 -0.1414
vn 0.9007 -0.3827 0.2056
vn 0.8163 0.5481 0.1822
vn 0.9447 0.0788 0.3184
vn -0.9002 -0.3840 0.2054
vn -0.9447 0.0798 0.3182
vn -0.8165 0.5482 0.1810
vn -0.5817 -0.8110 0.0627
vn -0.9141 -0.4044 0.0281
vn 0.0771 -0.3626 0.9288
vn 0.4352 0.0790 0.8969
vn -0.7720 0.6221 -0.1309
vn -0.9898 -0.0462 -0.1348
vn 0.7720 0.6221 -0.1309
vn 0.3801 -0.8761 0.2965
vn -0.3790 -0.8759 0.2986
vn -0.8397 -0.4298 0.3320
vn 0.7010 -0.6905 0.1782
vn -0.4223 -0.8960 0.1372
vn -0.7009 -0.6909 0.1774
vn -0.1497 0.7361 -0.6602
vn 0.5380 -0.0713 -0.8399
vn 0.1497 0.7361 -0.6602
vn 0.5586 0.4511 -0.6961
vn 0.3472 -0.0790 -0.9345
vn 0.9457 -0.3249 -0.0110
vn 0.9737 -0.2276 0.0058
vn -0.9457 -0.3249 -0.0107
vn -0.9737 -0.2275 0.0061
vn 0.1623 -0.6797 -0.7153
vn -0.5345 -0.7036 -0.4682
vn 0.5348 -0.7034 -0.4681
vn -0.1623 -0.6797 -0.7153
vn 0.0608 0.9869 0.1498
vn 0.2360 0.9589 0.1577
vn 0.0665 -0.1224 0.9903
vn -0.0609 0.9868 0.1497
vn -0.2360 0.9589 0.1577
vn -0.0609 0.9868 0.1498
vn 0.2242 -0.9024 0.3679
vn -0.1119 -0.4990 0.8593
vn -0.2242 -0.9024 0.3679
vn -0.5334 -0.5173 -0.6692
vn 0.0273 -0.6553 -0.7549
vn 0.0012 -0.6528 -0.7575
vn 0.6906 0.3318 0.6427
vn 0.6087 0.4092 0.6797
vn -0.6087 0.4092 0.6797
vn -0.6906 0.3318 0.6427
vn -0.0273 -0.6553 -0.7549
vn 0.0613 -0.0223 0.9979
vn -0.4227 0.0768 0.9030
vn -0.7269 0.6809 -0.0895
vn -0.1282 0.7038 0.6988
vn -0.0782 0.9167 0.3919
vn -0.0627 -0.0234 0.9978
vn 0.7100 0.6769 -0.1944
vn -0.3191 0.8931 -0.3172
vn -0.7100 0.6768 -0.1946
vn 0.1282 0.7028 0.6997
vn 0.0827 -0.1644 0.9829
vn -0.5749 -0.8139 0.0835
vn -0.8904 -0.3660 -0.2706
vn -0.9351 -0.2823 -0.2141
vn 0.5745 -0.8142 0.0842
vn 0.7844 0.1268 0.6071
vn -0.9714 0.0775 0.2244
vn 0.8091 -0.5564 -0.1889
vn 0.5225 -0.8441 -0.1207
vn -0.5225 -0.8440 -0.1208
vn -0.0713 -0.9969 0.0321
vn -0.0206 -0.9099 0.4142
vn -0.8521 -0.4562 0.2564
vn -0.8398 -0.4325 0.3281
vn -0.8522 -0.4562 0.2564
vn 0.8397 -0.4327 0.3282
vn -0.8588 -0.3901 0.3322
vn -0.5015 0.5215 0.6903
vn -0.8002 0.5175 0.3033
vn -0.8001 0.5175 0.3033
vn 0.0608 0.9869 0.1497
vn 0.8002 0.5175 0.3033
vn 0.5015 0.5215 0.6903
vn 0.8001 0.5175 0.3033
vn 0.6006 0.7083 0.3710
vn 0.5144 0.8489 0.1220
vn -0.5997 0.7091 0.3709
vn -0.4824 0.7932 0.3716
vn -0.5997 0.7090 0.3709
vn 0.0213 -0.9107 0.4124
vn 0.0704 -0.9970 0.0327
vn 0.8159 -0.5167 0.2596
vn 0.8159 -0.5166 0.2595
vn -0.5361 -0.8309 -0.1490
vn -0.8855 -0.3069 -0.3489
vn 0.5372 -0.8300 -0.1503
vn 0.4693 -0.8534 -0.2267
vn -0.5758 0.8175 -0.0141
vn -0.4642 0.8287 0.3126
vn 0.4859 0.6805 0.5484
vn 0.0208 -0.0174 0.9996
vn -0.7894 -0.5503 0.2721
vn -0.4339 -0.5768 0.6921
vn -0.3242 0.9418 0.0893
vn -0.8350 0.4673 0.2906
vn 0.9240 -0.3794 0.0468
vn 0.7223 -0.6914 0.0137
vn 0.8757 -0.4824 0.0215
vn -0.2348 0.1977 0.9517
vn 0.8350 0.4673 0.2907
vn 0.1224 -0.9264 -0.3561
vn -0.1343 -0.9284 -0.3466
vn 0.5371 -0.8300 -0.1504
vn -0.1225 -0.9263 -0.3562
vn 0.1347 -0.9281 -0.3470
vn 0.9214 0.0288 0.3874
vn 0.3244 0.4092 0.8528
vn -0.0445 0.5406 0.8401
vn 0.0445 0.5406 0.8401
vn -0.3244 0.4092 0.8528
vn -0.3833 -0.3408 0.8585
vn -0.0445 -0.5405 0.8402
vn 0.0445 -0.5405 0.8402
vn 0.3833 -0.3408 0.8585
vn -0.3172 -0.3781 0.8697
vn 0.8790 -0.4769 -0.0040
vn 0.4562 0.6184 -0.6400
vn -0.7521 -0.6590 -0.0052
vn -0.8790 -0.4769 -0.0040
vn 0.4854 0.8406 0.2403
vn 0.9710 0.0001 0.2392
vn -0.0010 -0.0007 1.0000
vn 0.3860 0.9222 0.0210
vn 0.2437 0.6120 -0.7524
vn -0.4139 0.7077 -0.5726
vn -0.3860 0.9222 0.0210
vn -0.6001 -0.7843 0.1570
vn 0.3478 0.8909 0.2921
vn 0.6729 -0.6793 0.2928
vn 0.8143 -0.4974 0.2993
vn -0.6312 -0.4900 0.6013
vn -0.8140 -0.4977 0.2996
vn -0.3986 -0.4775 0.7830
vn -0.0995 -0.1892 0.9769
vn -0.5810 -0.8115 0.0630
vn -0.6089 -0.7915 0.0525
vn -0.3179 0.8929 -0.3189
vn -0.7094 0.6765 -0.1978
vn 0.7018 0.7112 -0.0425
vn 0.0978 -0.1674 0.9810
vn -0.7018 0.7112 -0.0425
vn -0.7680 0.4350 -0.4700
vn -0.9422 -0.0011 -0.3352
vn 0.7093 0.6767 -0.1973
vn 0.0002 0.2378 -0.9713
vn 0.0001 0.2380 -0.9713
vn -0.1007 0.5828 -0.8064
vn -0.0985 -0.1669 0.9810
vn 0.3642 -0.8888 0.2780
vn -0.3642 -0.8888 0.2780
vn 0.1762 -0.4291 0.8859
vn -0.0415 0.4848 0.8736
vn 0.4762 0.8770 0.0635
vn 0.8163 0.5481 0.1821
vn 0.4738 0.8689 0.1435
vn -0.4767 0.8768 0.0627
vn -0.8307 0.5498 0.0876
vn -0.9447 0.0798 0.3181
vn -0.4742 0.8686 0.1441
vn 0.4762 0.8770 0.0636
vn 0.0006 0.9393 0.3430
vn -0.0671 -0.9191 -0.3882
vn 0.0012 -0.9394 -0.3427
vn -0.4905 0.6795 0.5456
vn 0.0411 0.4866 0.8727
vn -0.0254 0.9299 0.3669
vn 0.0411 0.4865 0.8727
vn 0.1812 0.7055 0.6852
vn 0.0458 -0.0116 0.9989
vn 0.0597 -0.9253 -0.3745
vn -0.0656 0.9191 0.3885
vn -0.0677 0.9231 0.3784
vn -0.6400 -0.7679 0.0251
vn -0.6400 -0.7679 0.0250
vn -0.4996 -0.8635 0.0689
vn -0.4855 -0.8408 0.2395
vn -0.9708 -0.0000 0.2398
vn 0.9026 -0.4305 -0.0078
vn 0.9707 0.0004 0.2404
vn -0.9026 -0.4305 -0.0078
vn 0.6404 -0.7676 0.0244
vn -0.4993 0.8664 -0.0000
vn -0.4855 0.8408 0.2394
vn 0.4857 0.8409 0.2387
vn -0.4996 0.8635 0.0689
vn -0.9710 -0.0000 0.2392
vn 0.4993 -0.8664 -0.0001
vn 0.4855 -0.8408 0.2395
vn 0.9710 0.0001 0.2393
vn -0.0009 -0.0005 1.0000
vn 0.4255 -0.4530 0.7834
vn 0.2427 -0.7000 0.6716
vn 0.6039 -0.7936 0.0745
vn 0.5975 -0.7829 0.1735
vn 0.9402 0.3362 0.0548
vn -0.6044 -0.7931 0.0750
vn -0.5971 -0.7831 0.1737
vn -0.9002 -0.3840 0.2055
vn -0.8759 0.3443 -0.3382
vn -0.7017 0.7112 -0.0425
vn -0.9421 -0.0012 -0.3352
vn -0.7450 -0.6086 -0.2731
vn -0.7729 0.1592 -0.6142
vn -0.7599 -0.1085 -0.6409
vn -0.7276 -0.2621 -0.6340
vn 0.7729 0.1592 -0.6142
vn 0.9563 -0.0487 -0.2883
vn 0.7017 0.7112 -0.0425
vn 0.9421 -0.0010 -0.3353
vn 0.9850 0.1612 -0.0618
vn 0.7450 -0.6086 -0.2731
vn 0.4993 -0.8664 -0.0000
vn 0.1773 -0.6372 0.7500
vn 0.0997 -0.1887 0.9770
vn -0.1562 -0.9778 -0.1397
vn -0.5225 -0.8440 -0.1209
vn -0.2757 0.2514 -0.9278
vn 0.1966 -0.4571 -0.8674
vn 0.2757 0.2514 -0.9278
vn 0.2592 -0.4139 -0.8726
vn -0.9055 -0.4219 -0.0443
vn 0.1176 -0.8800 -0.4601
vn -0.0673 -0.9585 -0.2770
vn -0.6865 -0.6305 -0.3623
vn 0.9055 -0.4219 -0.0443
vn 0.0525 0.9909 0.1243
vn -0.1177 -0.8801 -0.4600
vn 0.6867 -0.6306 -0.3617
vn 0.0672 -0.9585 -0.2770
vn 0.0673 -0.9585 -0.2770
vn 0.6866 -0.6306 -0.3617
vn -0.2234 0.9034 0.3660
vn 0.0001 0.9548 0.2972
vn 0.0001 0.9464 0.3229
vn 0.0720 0.9742 0.2141
vn -0.0671 -0.9910 -0.1159
vn -0.1596 -0.1278 0.9789
vn -0.5062 0.8614 -0.0407
vn -0.8288 0.5581 -0.0389
vn -0.9437 0.3309 0.0016
vn -0.9134 -0.4060 0.0288
vn 0.5065 0.8612 -0.0410
vn 0.9436 0.3312 0.0011
vn 0.8284 0.5587 -0.0389
vn 0.9132 -0.4066 0.0279
vn 0.8285 0.5587 -0.0388
vn -0.1360 -0.4422 0.8865
vn 0.1362 -0.4421 0.8866
vn 0.9510 -0.0586 -0.3035
vn -0.5399 0.7430 0.3954
vn 0.0011 0.9181 0.3963
vn -0.9513 -0.0584 -0.3027
vn 0.5398 0.7431 0.3954
vn 0.8733 0.2837 0.3960
vn 0.9342 -0.3045 0.1856
vn 0.8730 -0.2842 0.3963
vn -0.8733 0.2837 0.3960
vn -0.5400 0.7430 0.3954
vn -0.8730 -0.2842 0.3963
vn -0.0004 -0.9181 0.3964
vn -0.5395 -0.7426 0.3969
vn -0.5395 -0.7425 0.3969
vn -0.0750 -0.9588 -0.2739
vn 0.1602 -0.8677 -0.4706
vn -0.5399 0.7426 0.3963
vn -0.9344 0.3041 0.1853
vn -0.8735 0.2836 0.3957
vn 0.0003 -0.9181 0.3963
vn -0.5399 -0.7427 0.3961
vn -0.0005 -0.9181 0.3964
vn 0.5399 -0.7429 0.3957
vn 0.0746 -0.9584 -0.2756
vn -0.1602 -0.8677 -0.4706
vn -0.8732 -0.2837 0.3963
vn 0.8730 -0.2841 0.3963
vn 0.5396 -0.7427 0.3965
vn 0.8733 -0.2837 0.3960
vn 0.9344 0.3039 0.1858
vn 0.8734 -0.2837 0.3960
vn 0.5395 0.7424 0.3971
vn 0.0002 0.9183 0.3958
vn 0.5396 -0.7427 0.3964
vn -0.5399 -0.7428 0.3961
vn 0.5395 0.7425 0.3971
vn 0.5398 0.7432 0.3953
vn 0.2061 -0.7147 -0.6684
vn 0.3842 -0.8580 0.3410
vn -0.4828 0.8517 -0.2038
vn -0.1542 0.9659 -0.2079
vn -0.1575 0.9771 -0.1427
vn 0.9045 0.2092 -0.3716
vn -0.9045 0.2092 -0.3716
vn 0.9239 0.3596 0.1304
vn -0.0812 0.3101 -0.9472
vn -0.0881 0.3406 -0.9361
vn 0.7071 0.6643 0.2423
vn -0.0812 0.3100 -0.9473
vn -0.9239 -0.3597 -0.1304
vn -0.0815 -0.3733 0.9241
vn -0.0884 -0.3410 0.9359
vn -0.7072 -0.6645 -0.2417
vn -0.9239 -0.3596 -0.1304
vn -0.0337 0.2646 -0.9638
vn -0.3831 -0.8682 -0.3154
vn -0.7072 -0.6645 -0.2416
vn -0.0003 0.2567 -0.9665
vn -0.0335 -0.4171 0.9082
vn 0.3832 0.8682 0.3154
vn 0.7071 0.6642 0.2423
vn 0.0006 -0.4240 0.9056
vn 0.3831 0.8682 0.3154
vn -0.0334 -0.4171 0.9082
vn -0.0619 0.2848 -0.9566
vn 0.7071 0.6643 0.2424
vn -0.0624 -0.3987 0.9150
vn -0.0815 -0.3732 0.9242
vn -0.3832 -0.8682 -0.3154
vn -0.0624 -0.3987 0.9149
vn 0.9239 -0.3593 -0.1318
vn -0.0815 0.3732 -0.9242
vn -0.0624 0.3987 -0.9150
vn 1.0000 -0.0001 0.0005
vn -0.0815 0.3731 -0.9242
vn -0.9239 0.3596 0.1304
vn -0.0817 -0.3092 0.9475
vn -0.0618 -0.2828 0.9572
vn -1.0000 0.0001 -0.0000
vn -0.0816 -0.3092 0.9475
vn -0.9239 0.3596 0.1305
vn 0.7071 -0.6645 -0.2416
vn 0.0622 -0.3990 0.9148
vn 0.0331 -0.4174 0.9081
vn 0.9239 -0.3596 -0.1304
vn 0.0622 -0.3990 0.9149
vn 0.7071 -0.6645 -0.2417
vn -0.7072 0.6645 0.2416
vn 0.0619 0.2833 -0.9570
vn 0.0337 0.2645 -0.9638
vn -0.9239 0.3595 0.1309
vn -0.7071 0.6645 0.2417
vn -0.9239 0.3596 0.1310
vn 0.0812 0.3086 -0.9477
vn -1.0000 0.0002 -0.0003
vn 0.0812 0.3087 -0.9477
vn -0.9239 0.3596 0.1309
vn 0.9240 -0.3596 -0.1304
vn 0.0809 -0.3715 0.9249
vn 1.0000 0.0002 -0.0005
vn 0.0809 -0.3714 0.9249
vn 0.9239 -0.3597 -0.1304
vn -0.0002 -0.9397 -0.3420
vn 0.0337 0.2646 -0.9638
vn -0.0001 -0.9397 -0.3420
vn 0.0007 -0.4241 0.9056
vn -0.0000 0.9398 0.3417
vn 0.0001 0.9398 0.3418
vn 0.0007 -0.4240 0.9056
vn 0.0882 0.3413 -0.9358
vn -0.9242 -0.3590 -0.1303
vn 0.0878 -0.3409 0.9360
vn 0.9239 0.3592 0.1315
vn -0.3832 0.8682 0.3154
vn -0.0341 -0.2657 0.9634
vn -0.0001 -0.2582 0.9661
vn -0.0341 -0.2658 0.9634
vn -0.3831 0.8682 0.3154
vn 0.3831 -0.8682 -0.3154
vn -0.0334 0.4170 -0.9083
vn 0.0004 0.4213 -0.9069
vn 0.7071 -0.6643 -0.2423
vn -0.0335 0.4170 -0.9083
vn 0.3832 -0.8682 -0.3154
vn -1.0000 -0.0001 -0.0000
vn -0.0884 -0.3411 0.9359
vn -0.0816 -0.3091 0.9475
vn 1.0000 -0.0002 0.0005
vn -0.0880 0.3406 -0.9361
vn -0.0880 0.3405 -0.9361
vn 0.7071 -0.6642 -0.2424
vn 0.7071 -0.6643 -0.2424
vn -0.9240 0.3596 0.1304
vn 0.0336 -0.2668 0.9632
vn -0.3827 -0.8681 -0.3160
vn -0.7071 -0.6645 -0.2418
vn -0.0000 -0.2582 0.9661
vn -0.3828 -0.8681 -0.3160
vn 0.0337 -0.2668 0.9632
vn 0.0333 0.4169 -0.9084
vn 0.0005 0.4213 -0.9069
vn -0.9242 -0.3590 -0.1304
vn 0.0814 0.3718 -0.9247
vn -0.7071 -0.6644 -0.2418
vn 0.0813 0.3718 -0.9247
vn 0.9239 0.3593 0.1316
vn 0.0808 -0.3084 0.9478
vn 0.7070 0.6647 0.2414
vn 0.9239 0.3593 0.1315
vn -0.3828 0.8683 0.3156
vn -0.0000 0.9398 0.3418
vn 0.0622 -0.3989 0.9149
vn -0.3828 0.8682 0.3156
vn 0.0620 0.2834 -0.9570
vn -0.0340 -0.2657 0.9634
vn -0.0000 -0.2583 0.9661
vn -0.3827 -0.8681 -0.3161
vn 0.0619 0.3990 -0.9149
vn 0.0619 0.3991 -0.9148
vn -0.7072 -0.6644 -0.2418
vn 0.7071 0.6647 0.2414
vn 0.0623 -0.2824 0.9573
vn 0.3827 0.8679 0.3165
vn 0.0622 -0.2824 0.9573
vn 0.7071 0.6646 0.2414
vn -0.9175 -0.3965 0.0327
vn -0.9437 0.3309 0.0017
vn 0.9004 0.0252 -0.4342
vn -0.5577 0.4332 -0.7081
vn -0.9007 0.0253 -0.4337
vn 0.8758 0.3445 -0.3380
vn -0.4576 -0.8594 -0.2283
vn -0.4106 -0.8477 -0.3358
vn -0.5572 0.4140 -0.7199
vn -0.6404 0.7583 0.1221
vn 0.5144 0.8490 0.1206
vn 0.6404 0.7583 0.1221
vn -0.0110 0.9924 0.1228
vn 0.9331 -0.0856 -0.3494
vn -0.9332 -0.0871 -0.3486
vn -0.9992 -0.0266 0.0304
vn 0.1359 0.2420 -0.9607
vn 0.0002 0.2380 -0.9713
vn -0.1360 0.2427 -0.9605
vn -0.1360 0.2429 -0.9605
vn 0.9637 0.2541 -0.0819
vn 0.9073 -0.4199 0.0239
vn -0.3598 0.9237 0.1316
vn -0.3599 0.9237 0.1316
vn -0.3959 0.8957 0.2023
vn 0.4332 0.5876 0.6835
vn 0.1451 0.9509 -0.2732
vn -0.4335 0.5885 0.6825
vn 0.8349 0.4673 0.2906
vn -0.4205 -0.8521 -0.3117
vn 0.5452 0.7874 -0.2877
vn -0.5498 0.7814 -0.2950
vn 0.8013 -0.5682 -0.1871
vn 0.4211 -0.8515 -0.3123
vn 0.9399 -0.3326 0.0769
vn 0.5364 -0.5153 -0.6684
vn 0.8416 -0.5395 0.0261
vn -0.0542 -0.2205 0.9739
vn 0.5913 -0.6895 0.4183
vn -0.9457 -0.3250 -0.0107
vn -0.8287 -0.5591 -0.0257
vn 0.8287 -0.5591 -0.0257
vn -0.7716 0.1484 -0.6186
vn -0.8834 -0.4101 0.2266
vn -0.6815 -0.3704 -0.6312
vn -0.0673 -0.9585 -0.2771
vn -0.6814 -0.3703 -0.6313
vn -0.5382 -0.0708 -0.8398
vn -0.5576 0.4332 -0.7080
vn 0.6807 -0.3708 -0.6318
vn 0.8839 -0.4094 0.2263
vn 0.5381 -0.0712 -0.8399
vn 0.9004 0.0251 -0.4342
vn -0.0246 0.8641 -0.5027
vn -0.0175 0.8682 -0.4958
vn -0.8416 -0.5396 0.0254
vn 0.0535 -0.2208 0.9738
vn -0.4503 0.8523 -0.2659
vn 0.0534 -0.2208 0.9738
vn 0.1038 -0.4114 0.9055
vn -0.0779 -0.4249 0.9019
vn 0.0175 0.8682 -0.4958
vn 0.0250 0.8641 -0.5027
vn 0.8329 0.5535 0.0009
vn 0.4772 0.8787 -0.0129
vn 0.4773 0.8788 -0.0018
vn -0.0543 -0.2204 0.9739
vn 0.3611 0.8897 0.2795
vn -0.3611 0.8897 0.2795
vn -0.0718 0.9742 0.2141
vn -0.8327 0.5537 0.0010
vn -0.4745 0.8802 -0.0028
vn -0.4757 0.8795 -0.0137
vn 0.0001 -0.3301 0.9440
vn 0.8379 0.2747 -0.4718
vn 0.7418 0.3512 -0.5713
vn -0.1678 0.6973 0.6968
vn -0.2560 0.6743 0.6927
vn 0.4651 0.8284 0.3123
vn -0.4629 0.8270 0.3192
vn -0.4863 0.6806 0.5480
vn -0.0635 -0.1415 0.9879
vn 0.1071 -0.3619 0.9260
vn 0.4102 -0.8479 -0.3357
vn 0.1224 -0.9264 -0.3562
vn -0.0750 -0.9588 -0.2738
vn 0.1170 -0.8792 -0.4618
vn -0.1611 -0.8668 -0.4719
vn 0.1171 -0.8792 -0.4618
vn -0.1178 -0.8791 -0.4619
vn 0.1610 -0.8668 -0.4720
vn -0.1179 -0.8791 -0.4619
vn 0.2564 0.6758 0.6910
vn 0.1671 0.6972 0.6971
vn -0.0475 0.9819 0.1833
vn -0.1610 -0.8668 -0.4719
vn -0.2100 -0.2582 0.9430
vn 0.6064 -0.7950 0.0176
vn 0.8329 0.5535 0.0010
vn -0.6060 -0.7952 0.0179
vn -0.9178 -0.3969 0.0125
vn -0.4745 0.8803 -0.0027
vn -0.8327 0.5537 0.0011
vn 0.2102 -0.2576 0.9431
vn 0.5001 0.8660 0.0001
vn 1.0000 -0.0001 -0.0000
vn 0.1177 -0.8800 -0.4601
vn 0.0478 0.9157 0.3989
vn 0.0213 -0.9108 0.4124
vn 0.0024 -0.9098 0.4151
vn 0.0214 -0.9108 0.4124
vn 0.0106 0.9924 0.1229
vn 0.4989 -0.8639 0.0688
vn 0.9549 -0.0271 -0.2957
vn 0.7552 -0.5789 -0.3075
vn 0.7552 -0.5788 -0.3075
vn -0.9550 -0.0269 -0.2955
vn -0.4576 -0.8594 -0.2282
vn -0.8092 -0.5564 -0.1885
vn -1.0000 -0.0001 0.0002
vn -0.0001 0.3423 -0.9396
vn 0.0003 0.3425 -0.9395
vn 0.0005 0.3426 -0.9395
vn 0.0001 -0.9397 -0.3419
vn -0.0004 0.3422 -0.9396
vn 0.0005 0.3425 -0.9395
vn -0.0000 0.3411 -0.9400
vn 1.0000 -0.0000 0.0001
vn -0.3643 -0.8888 0.2781
vn 0.4518 0.8497 -0.2719
vn 0.4102 -0.8480 -0.3357
vn 0.8416 -0.5395 0.0260
vn 0.7487 -0.6620 0.0329
vn -0.8289 0.5581 -0.0390
vn -0.5061 0.8615 -0.0407
vn 0.8285 0.5587 -0.0389
vn 0.4629 0.8845 -0.0591
vn 0.5065 0.8613 -0.0410
vn 0.4230 0.0760 0.9029
vn 0.7594 -0.5858 -0.2831
vn -0.7592 -0.5858 -0.2835
vn -0.7592 -0.5858 -0.2836
vn 0.0873 -0.0006 -0.9962
vn -0.4554 -0.1157 0.8827
vn -0.8442 -0.5311 0.0732
vn 0.3573 -0.8822 0.3067
vn 0.8397 -0.4327 0.3281
vn 0.4501 0.8523 -0.2666
vn -0.3560 -0.8828 0.3065
vn 0.7244 -0.6894 -0.0013
vn 0.8740 -0.4860 -0.0002
vn -0.8740 -0.4860 -0.0002
vn -0.7244 -0.6894 -0.0013
vn -0.5448 0.7872 -0.2889
vn -0.0605 -0.6947 0.7167
vn -0.0000 -0.3301 0.9440
vn -0.0778 -0.3312 0.9404
vn 0.7223 -0.6914 0.0136
vn 0.0333 -0.5091 -0.8601
vn 0.0431 0.5053 -0.8618
vn 0.0246 0.8641 -0.5027
vn 0.0431 0.5053 -0.8619
vn 0.1812 0.7055 0.6851
vn -0.7223 -0.6914 0.0136
vn 0.0864 -0.0000 -0.9963
vn 0.0871 -0.0002 -0.9962
vn 0.7842 0.5599 -0.2676
vn 0.4519 0.8496 -0.2719
vn 0.4519 0.8497 -0.2719
vn -0.9133 -0.3958 0.0965
vn -0.8165 0.5482 0.1811
vn -0.5864 -0.8068 0.0718
vn -0.9146 -0.4042 0.0127
vn -0.7842 0.5599 -0.2676
vn -0.4521 0.8500 -0.2704
vn -0.0333 -0.5091 -0.8601
vn -0.0426 0.5049 -0.8621
vn -0.0427 0.5049 -0.8621
vn 0.0378 0.0117 -0.9992
vn 0.0490 0.0134 -0.9987
vn 0.0417 -0.5151 -0.8561
vn 0.0237 -0.8754 -0.4828
vn 0.1283 0.7028 0.6997
vn 0.0469 -0.3453 -0.9373
vn -0.0490 0.0134 -0.9987
vn -0.0378 0.0117 -0.9992
vn -0.0417 -0.5151 -0.8561
vn -0.0237 -0.8754 -0.4828
vn -0.3235 0.3209 0.8901
vn -0.0457 -0.0117 0.9989
vn -0.1137 -0.1699 0.9789
vn -0.1281 0.7038 0.6988
vn 0.0763 -0.4161 0.9061
vn -0.0469 -0.3453 -0.9373
vn -0.1226 -0.9919 0.0325
vn 0.9435 0.3312 0.0010
vn 0.5037 0.8634 -0.0296
vn 0.4783 0.8778 -0.0238
vn -0.0620 0.2848 -0.9566
vn -0.0337 0.2645 -0.9638
vn -0.0335 -0.4171 0.9083
vn -0.0623 -0.3987 0.9149
vn -0.9239 -0.3596 -0.1305
vn -0.0812 0.3100 -0.9472
vn -0.0001 0.9398 0.3418
vn 0.0336 -0.2667 0.9632
vn -0.0624 0.3986 -0.9150
vn -0.7072 0.6645 0.2417
vn -0.0617 -0.2828 0.9572
vn 0.9239 0.3597 0.1304
vn -0.0814 -0.3733 0.9241
vn 0.9239 -0.3596 -0.1309
vn 0.9239 -0.3595 -0.1309
vn 0.0623 -0.3990 0.9149
vn -0.7071 -0.6645 -0.2417
vn -0.0619 0.2847 -0.9566
vn -0.9242 -0.3589 -0.1303
vn 0.0878 -0.3410 0.9360
vn 0.0808 -0.3083 0.9478
vn -0.0002 0.2567 -0.9665
vn -0.0336 0.2646 -0.9638
vn -0.3827 0.8683 0.3156
vn -0.0002 0.2568 -0.9665
vn 0.3828 -0.8682 -0.3156
vn 0.0333 0.4169 -0.9083
vn 0.0808 -0.3715 0.9249
vn -0.0881 0.3405 -0.9361
vn 0.0620 0.2833 -0.9570
vn 0.7072 -0.6645 -0.2417
vn 0.0814 0.3718 -0.9248
vn 0.7071 0.6642 0.2424
vn 0.0619 0.3990 -0.9148
vn 0.0332 0.4169 -0.9083
vn 0.3832 -0.8681 -0.3154
vn 0.3828 -0.8683 -0.3156
vn -0.9435 0.3314 0.0010
vn -0.5043 0.8630 -0.0301
vn -0.3828 0.8683 0.3157
vn -0.7786 0.5647 -0.2739
vn -0.9778 -0.0206 -0.2087
vn 0.3828 0.8679 0.3165
vn -0.3010 -0.8474 0.4373
vn 0.0337 -0.2667 0.9632
vn 0.9549 -0.0272 -0.2957
vn 0.7783 0.5649 -0.2740
vn 0.1157 -0.1737 0.9780
vn 0.0379 -0.6526 -0.7567
vn 0.0720 0.9742 0.2140
vn 0.9611 -0.0174 -0.2757
vn 0.7842 0.5599 -0.2675
vn -0.9611 -0.0174 -0.2757
vn 0.1225 -0.9920 0.0314
vn -0.0379 -0.6526 -0.7568
vn 0.8346 0.5435 -0.0897
vn 0.9073 -0.4199 0.0238
vn -0.7842 0.5599 -0.2675
vn -0.3790 -0.8759 0.2987
vn -0.3560 -0.8828 0.3064
vn -0.0771 -0.3626 0.9287
vn -0.7610 0.1446 0.6324
vn 0.7594 -0.5859 -0.2831
vn 0.9072 -0.4199 0.0239
vn 0.0237 -0.8754 -0.4829
vn 0.0430 0.5053 -0.8619
vn 0.0334 -0.5091 -0.8601
vn -0.9133 -0.3957 0.0964
vn 0.8163 0.5482 0.1822
vn 0.8309 0.5496 0.0875
vn 0.8309 0.5495 0.0875
vn 0.1104 -0.3186 0.9414
vn 0.0866 -0.3431 0.9353
vn 0.0867 -0.3431 0.9353
vn 0.1104 -0.3185 0.9415
vn -0.0237 -0.8754 -0.4829
vn -0.0334 -0.5091 -0.8601
vn 0.8350 0.4673 0.2906
vn -0.0866 -0.3430 0.9353
vn 0.5667 -0.8208 0.0711
vn 0.8563 -0.4943 0.1498
vn 0.8564 -0.4941 0.1497
vn 0.8563 -0.4944 0.1496
vn -0.4332 0.2493 -0.8662
vn -0.4333 0.2501 -0.8659
vn 0.0008 0.6226 0.7826
vn 0.0007 0.6226 0.7826
vn -0.8562 -0.4944 0.1497
vn 0.4327 0.2499 -0.8662
vn 0.8562 -0.4947 0.1491
vn -0.4327 0.2499 -0.8662
vn -0.8904 -0.3659 -0.2706
vn -0.5749 -0.8139 0.0836
vn -0.8563 -0.4944 0.1498
vn -0.8563 -0.4942 0.1498
vn -0.8563 -0.4943 0.1498
vn 0.4329 0.2497 -0.8662
vn 0.4330 0.2496 -0.8662
vn 0.8909 -0.3648 -0.2706
vn 0.5391 -0.3110 0.7827
vn 0.5388 -0.3112 0.7828
vn -0.4503 0.8524 -0.2659
vn -0.7785 0.5647 -0.2739
vn -0.8161 0.5417 -0.2014
vn -0.2495 0.9604 0.1235
vn 0.4501 0.8522 -0.2666
vn 0.7784 0.5649 -0.2740
vn 0.8159 0.5419 -0.2014
vn 0.5388 -0.3113 0.7828
vn -0.0000 0.9888 0.1491
vn -0.0000 0.9887 0.1499
vn 0.0011 -0.4998 -0.8662
vn -0.0000 -0.4997 -0.8662
vn -0.5396 -0.3105 0.7826
vn -0.0082 0.7455 0.6664
vn -0.5391 -0.3114 0.7826
vn -0.5388 -0.3113 0.7828
vn -0.0005 -0.4997 -0.8662
vn -0.9435 0.3314 0.0011
vn -0.9435 0.3313 0.0011
vn 0.0137 -0.3025 0.9530
vn 0.8290 0.5593 -0.0076
vn 0.9435 0.3313 0.0011
vn 0.0085 0.7455 0.6664
vn 0.1361 -0.4422 0.8865
vn 0.0971 -0.5586 0.8237
vn -0.1759 -0.4291 0.8859
vn 0.4985 0.8641 0.0690
vn 0.4854 0.8406 0.2402
vn 0.0865 -0.0000 -0.9963
vn -0.9708 0.0001 0.2397
vn -0.4985 -0.8641 0.0690
vn -0.4854 -0.8406 0.2402
vn 0.4854 -0.8406 0.2402
vn 0.4985 -0.8641 0.0690
vn 0.4986 -0.8641 0.0689
vn 0.4982 0.8643 0.0691
vn -0.4986 -0.8641 0.0689
vn -0.9710 -0.0001 0.2393
vn 0.4986 0.8641 0.0689
vn 0.8091 0.2012 -0.5522
vn 0.5421 -0.2876 0.7895
vn -0.8090 0.2011 -0.5523
vn -0.8093 0.2008 -0.5520
vn -0.8091 0.2010 -0.5522
vn -0.5421 -0.2876 0.7896
vn 0.0014 -0.3421 0.9397
vn 0.8091 0.2009 -0.5522
vn 0.8089 0.2004 -0.5528
vn -0.3584 0.3197 -0.8771
vn -0.3584 0.3198 -0.8771
vn -0.8092 0.2008 -0.5521
vn -0.8092 0.2007 -0.5522
vn 0.3583 0.3194 -0.8773
vn 0.3583 0.3193 -0.8773
vn 0.4981 0.8643 0.0690
vn 0.4857 0.8409 0.2386
vn 0.0207 -0.0173 0.9996
vn 0.6853 -0.1790 0.7060
vn 0.0772 -0.3626 0.9287
vn 0.4783 0.8779 -0.0238
vn 0.0009 0.6226 0.7826
vn 0.0005 0.6226 0.7826
vn -0.0000 0.9887 0.1500
vn 0.0003 0.9888 0.1490
vn 0.4327 0.2500 -0.8662
vn -0.5391 -0.3115 0.7825
vn -0.8562 -0.4945 0.1493
vn -0.8562 -0.4947 0.1490
vn -0.8562 -0.4944 0.1496
vn 0.5391 -0.3114 0.7826
vn 0.5387 -0.3113 0.7829
vn 0.5395 -0.3106 0.7826
vn 0.8562 -0.4947 0.1490
vn 0.0954 -0.5747 0.8127
vn 0.7845 0.1269 0.6071
vn -0.4333 0.2503 -0.8658
vn -0.4329 0.2497 -0.8662
vn -0.4327 0.2500 -0.8662
vn -0.0007 -0.4997 -0.8662
vn 0.0007 -0.4997 -0.8662
vn 0.4332 0.2492 -0.8662
vn -0.0293 -0.2986 0.9539
vn -0.7811 -0.0956 0.6171
vn 0.5452 0.7874 -0.2876
vn 0.5753 0.8178 -0.0141
vn 0.5453 0.7874 -0.2877
vn -0.1282 0.7038 0.6987
vn -0.7243 -0.6894 -0.0013
vn -0.7521 -0.6590 -0.0053
vn 0.7243 -0.6894 -0.0013
vn 0.7521 -0.6590 -0.0053
vn 0.0866 -0.3430 0.9353
vn -0.4793 0.8776 0.0069
vn -0.8347 0.5506 0.0114
vn 0.4773 0.8788 -0.0019
vn 0.0861 -0.0000 -0.9963
vn 0.0862 -0.0000 -0.9963
vn 0.8909 -0.4508 -0.0547
vn 0.8740 -0.4860 -0.0001
vn -0.4792 0.8777 0.0068
vn 0.0110 0.9923 0.1237
vn -0.0865 -0.3431 0.9353
vn -0.1041 -0.4116 0.9054
vn -0.7244 -0.6894 -0.0014
vn -0.8740 -0.4860 -0.0001
vn -0.9421 0.3352 -0.0115
vn -0.0110 0.9923 0.1237
vn 0.4622 0.8270 0.3200
vn 0.9041 0.4273 0.0024
vn 0.5342 0.8453 -0.0057
vn -0.8909 -0.4508 -0.0547
vn -0.4629 0.8269 0.3192
vn -0.5345 0.8452 -0.0057
vn -0.5499 0.7814 -0.2950
vn 0.5633 0.8262 -0.0078
vn 0.5634 0.8262 -0.0079
vn 0.0214 -0.9107 0.4124
vn -0.4905 0.6795 0.5457
vn -0.4643 0.8287 0.3126
vn -0.4643 0.8287 0.3125
vn 0.1037 -0.4114 0.9055
vn 0.4915 0.6791 0.5451
vn 0.9425 0.3339 -0.0121
vn 0.6064 -0.7950 0.0182
vn 0.6074 -0.7938 0.0292
vn 0.7394 -0.6733 -0.0071
vn 0.7194 -0.6945 -0.0102
vn -0.7394 -0.6733 -0.0071
vn -0.7194 -0.6945 -0.0102
vn -0.9850 0.1612 -0.0619
vn -0.6071 -0.7941 0.0289
vn 0.6074 -0.7939 0.0292
vn -0.6881 0.7251 -0.0274
vn 0.9296 0.3686 0.0023
vn 0.9041 0.4273 0.0019
vn -0.0983 0.6327 0.7681
vn -0.0000 0.6359 0.7718
vn -0.0000 0.6444 0.7647
vn -0.0000 -0.6444 -0.7647
vn -0.0989 -0.6309 -0.7695
vn -0.0000 -0.6359 -0.7718
vn 0.1257 -0.6176 -0.7764
vn 0.0990 -0.6318 -0.7688
vn -0.1258 0.6165 0.7772
vn 0.5489 0.4957 0.6730
vn 0.8295 0.3644 0.4232
vn 0.7892 0.3765 0.4852
vn -0.8292 -0.3652 -0.4233
vn -0.5484 -0.4945 -0.6743
vn -0.7903 -0.3749 -0.4847
vn -0.5488 0.4953 0.6735
vn -0.7892 0.3765 0.4852
vn -0.8295 0.3644 0.4232
vn 0.8292 -0.3652 -0.4233
vn 0.7903 -0.3749 -0.4847
vn 0.5482 -0.4954 -0.6738
vn 0.1257 0.6166 0.7772
vn 0.3095 0.5684 0.7623
vn 0.2757 0.5893 0.7594
vn -0.3089 -0.5674 -0.7633
vn -0.1256 -0.6166 -0.7772
vn -0.2752 -0.5884 -0.7603
vn 0.5361 0.5031 0.6779
vn 0.2752 -0.5890 -0.7598
vn 0.3090 -0.5681 -0.7627
vn 0.5354 -0.5027 -0.6787
vn -0.1257 0.6165 0.7772
vn -0.2754 0.5897 0.7592
vn -0.3092 0.5688 0.7621
vn -0.5359 0.5026 0.6784
vn -0.3092 0.5689 0.7621
vn -0.2753 -0.5890 -0.7598
vn -0.5359 -0.5032 -0.6779
vn -0.3090 -0.5674 -0.7633
vn 0.0990 0.6309 0.7696
vn -0.9524 0.2485 0.1767
vn -0.8295 0.3644 0.4231
vn 0.9524 0.2485 0.1767
vn 0.8295 0.3644 0.4231
vn 0.7903 -0.3748 -0.4846
vn 0.9531 -0.2469 -0.1748
vn -0.7903 -0.3748 -0.4846
vn -0.9531 -0.2469 -0.1748
vn -0.1257 -0.6166 -0.7772
vn -0.5488 0.4953 0.6734
vn -0.5359 0.5027 0.6783
vn 0.5361 0.5030 0.6779
vn 0.5490 0.4957 0.6730
vn -0.5359 -0.5033 -0.6779
vn -0.7903 -0.3749 -0.4846
vn 0.5353 -0.5028 -0.6787
vn 0.7903 -0.3749 -0.4846
vn -0.9406 -0.2517 -0.2280
vn 0.9406 -0.2517 -0.2280
vn -0.9398 0.2527 0.2300
vn -0.9524 0.2485 0.1768
vn -0.7892 0.3764 0.4852
vn 0.9399 0.2528 0.2295
vn 0.7892 0.3764 0.4852
vn 0.9524 0.2485 0.1768
vn -0.5359 0.5026 0.6783
vn 0.5353 -0.5027 -0.6787
vn -0.5360 -0.5032 -0.6779
vn 0.0989 0.6309 0.7696
vn 0.1257 -0.6175 -0.7764
vn 0.2753 -0.5890 -0.7598
vn -0.2752 -0.5883 -0.7603
vn -0.0000 0.7268 0.6869
vn 0.0259 -0.7199 0.6936
vn 0.0330 0.7286 0.6841
vn -0.0261 -0.7199 0.6936
vn -0.0001 -0.7361 0.6769
vn 0.0001 0.7268 0.6869
vn -0.0001 -0.7361 0.6768
vn -0.0329 0.7286 0.6842
vn -0.0000 1.0000 -0.0000
vn 0.1300 0.9915 0.0111
vn 0.5680 -0.5109 0.6452
vn 0.7891 0.6101 0.0721
vn 0.5803 0.4907 0.6500
vn -0.1299 0.9915 0.0117
vn -0.0330 0.7286 0.6842
vn -0.5680 -0.5109 0.6452
vn -0.5803 0.4907 0.6500
vn -0.7891 0.6101 0.0721
vn -0.1217 -0.9925 0.0117
vn -0.7890 0.6101 0.0731
vn -0.7710 -0.6327 0.0721
vn -0.5680 -0.5108 0.6453
vn -0.0002 -0.7361 0.6768
vn 0.1217 -0.9925 0.0117
vn 0.7891 0.6101 0.0722
vn 0.5680 -0.5108 0.6453
vn 0.7711 -0.6327 0.0714
vn 0.0330 0.7286 0.6842
vn -0.0004 0.7268 0.6869
vn 0.1218 -0.9925 0.0117
vn -0.0000 -1.0000 -0.0000
vn -0.1218 -0.9925 0.0117
vn 0.5802 0.4907 0.6500
vn 0.1299 0.9915 0.0117
vn -0.5802 0.4907 0.6500
vn -0.0330 0.7286 0.6841
vn 0.7887 0.6101 0.0755
vn -0.1299 0.9915 0.0115
vn -0.7891 0.6101 0.0722
vn -0.7709 -0.6327 0.0740
vn 0.7710 -0.6327 0.0722
vn 0.0258 -0.7199 0.6936
vn 0.1218 -0.9925 0.0109
vn 0.5680 -0.5109 0.6453
vn 0.0331 0.7286 0.6841
vn -0.7710 -0.6327 0.0722
vn -0.5680 -0.5109 0.6453
vn -0.0000 -1.0000 0.0007
vn 0.0157 -0.9562 -0.2924
vn 0.0008 -0.9992 -0.0388
vn -0.0175 -0.9561 -0.2924
vn -0.0278 -0.9763 0.2146
vn -0.0020 -0.9995 0.0307
vn -0.0006 -0.9991 0.0413
vn -0.0019 -0.9995 0.0307
vn -0.0388 -0.9945 0.0974
vn 0.0390 -0.9945 0.0976
vn 0.0015 -0.9712 -0.2383
vn 0.1335 -0.9079 -0.3974
vn 0.1134 -0.9931 0.0313
vn -0.0383 -0.9558 -0.2916
vn -0.1326 -0.9082 -0.3970
vn -0.1140 -0.9930 0.0311
vn -0.1152 -0.9929 0.0311
vn 0.4803 -0.8686 0.1220
vn 0.4440 -0.8457 0.2963
vn 0.3605 -0.8342 0.4172
vn 0.1173 -0.9765 -0.1806
vn 0.0390 -0.9557 -0.2918
vn -0.4802 -0.8686 0.1221
vn -0.3613 -0.8333 0.4183
vn -0.4445 -0.8454 0.2962
vn -0.1175 -0.9765 -0.1805
vn 0.1185 -0.7102 0.6940
vn 0.1104 -0.7742 0.6233
vn 0.1156 -0.7676 0.6305
vn -0.0555 -0.9642 -0.2594
vn -0.1692 -0.4326 -0.8856
vn -0.1456 -0.3221 -0.9354
vn -0.9906 -0.0992 0.0947
vn -0.9946 -0.1040 -0.0016
vn -0.9905 -0.1050 0.0892
vn -0.1179 -0.7102 0.6940
vn -0.1193 -0.7690 0.6280
vn -0.1110 -0.7743 0.6230
vn 0.0550 -0.9643 -0.2589
vn 0.1702 -0.4324 -0.8855
vn 0.1969 -0.7393 -0.6440
vn 0.4914 -0.8648 0.1033
vn -0.9555 -0.1265 -0.2665
vn -0.9762 -0.2143 -0.0341
vn -0.9553 -0.0980 -0.2790
vn 0.9553 -0.1271 -0.2669
vn 0.9553 -0.0980 -0.2790
vn 0.9760 -0.2152 -0.0335
vn -0.4914 -0.8648 0.1033
vn -0.4802 -0.8686 0.1220
vn 0.1479 -0.5607 -0.8147
vn 0.1426 -0.5732 -0.8069
vn -0.1420 -0.5747 -0.8059
vn -0.1474 -0.5623 -0.8137
vn -0.2181 -0.7773 -0.5902
vn -0.0853 -0.4656 -0.8809
vn -0.1055 -0.4046 -0.9084
vn 0.0852 -0.4656 -0.8809
vn 0.1054 -0.4046 -0.9084
vn -0.0254 -0.9846 0.1727
vn 0.0256 -0.9847 0.1725
vn -0.0388 -0.9945 0.0975
vn 0.9905 -0.0993 0.0950
vn 0.9907 -0.1035 0.0888
vn 0.9945 -0.1052 -0.0015
vn -0.0277 -0.9763 0.2146
vn -0.9611 -0.2394 0.1381
vn -0.9762 -0.2142 -0.0341
vn -0.9592 -0.2792 0.0450
vn 0.9612 -0.2388 0.1379
vn 0.9594 -0.2786 0.0448
vn 0.9902 -0.1397 0.0024
vn 0.9916 -0.1176 -0.0541
vn 0.1447 -0.3224 -0.9355
vn 0.0551 -0.9643 -0.2589
vn -0.9901 -0.1401 0.0022
vn -0.9946 -0.1040 -0.0017
vn -0.9913 -0.1199 -0.0544
vn -0.1026 -0.9734 -0.2050
vn -0.0321 -0.9994 0.0138
vn 0.1116 -0.9162 0.3848
vn -0.1113 -0.9164 0.3845
vn 0.0311 -0.9994 0.0120
vn 0.0181 -0.9995 0.0249
vn 0.0550 -0.9643 -0.2590
vn -0.0176 -0.9561 -0.2924
vn -0.1054 -0.4046 -0.9084
vn 0.0158 -0.9562 -0.2924
vn 0.0321 -0.3974 -0.9171
vn -0.9647 -0.1965 0.1753
vn -0.9762 -0.2142 -0.0342
vn -0.9639 -0.2025 0.1727
vn 0.1401 -0.7540 0.6418
vn 0.0815 -0.8677 0.4904
vn 0.0389 -0.9945 0.0976
vn 0.9646 -0.1967 0.1758
vn 0.9638 -0.2034 0.1723
vn -0.1402 -0.7539 0.6418
vn -0.0813 -0.8686 0.4888
vn -0.1474 -0.5622 -0.8137
vn -0.1456 -0.3221 -0.9355
vn 0.9621 -0.2560 -0.0938
vn 0.9575 -0.1925 -0.2147
vn -0.2829 -0.6692 -0.6871
vn -0.4640 -0.8418 -0.2759
vn -0.4020 -0.8991 -0.1731
vn -0.9620 -0.2562 -0.0946
vn -0.9577 -0.1916 -0.2145
vn 0.2829 -0.6691 -0.6873
vn 0.4020 -0.8991 -0.1731
vn 0.4636 -0.8421 -0.2757
vn 0.9916 -0.0759 -0.1046
vn 0.9906 -0.0465 -0.1284
vn 0.9944 -0.1052 -0.0015
vn -0.0007 -0.9991 0.0416
vn -0.9917 -0.0754 -0.1043
vn -0.9906 -0.0465 -0.1284
vn 0.2828 -0.6691 -0.6873
vn 0.2180 -0.7771 -0.5903
vn 0.1191 -0.7690 0.6280
vn -0.4020 -0.8991 -0.1730
vn -0.2180 -0.7773 -0.5902
vn -0.2828 -0.6692 -0.6871
vn 0.0814 -0.8677 0.4904
vn 0.2825 -0.8381 0.4667
vn -0.2838 -0.8381 0.4659
vn 0.0391 -0.9557 -0.2918
vn -0.0644 -0.8041 -0.5910
vn 0.9916 -0.1176 -0.0542
vn 0.9916 -0.0759 -0.1047
vn 0.9944 -0.1052 -0.0016
vn 0.1336 -0.9079 -0.3974
vn -0.1326 -0.9082 -0.3969
vn -0.1320 -0.9083 -0.3970
vn -0.1981 -0.7391 -0.6439
vn -0.4913 -0.8648 0.1033
vn 0.4636 -0.8420 -0.2757
vn 0.4914 -0.8648 0.1032
vn 0.0658 -0.8043 -0.5906
vn -0.9901 -0.1295 0.0541
vn -0.1107 -0.9177 0.3816
vn 0.9901 -0.1289 0.0550
vn 0.9902 -0.1397 0.0023
vn -0.0321 -0.3974 -0.9171
vn 0.1023 -0.9734 -0.2048
vn 0.1122 -0.9932 0.0313
vn 0.2181 -0.7771 -0.5903
vn 0.1054 -0.4047 -0.9084
vn -0.0532 -0.9598 0.2756
vn -0.0020 -0.9995 0.0306
vn -0.9639 -0.2026 0.1727
vn -0.9611 -0.2393 0.1380
vn 0.2825 -0.8381 0.4666
vn -0.3614 -0.8333 0.4183
vn -0.4445 -0.8454 0.2961
vn -0.3614 -0.8334 0.4183
vn 0.1096 -0.7742 0.6233
vn 0.9553 -0.1272 -0.2669
vn -0.9555 -0.1266 -0.2665
vn -0.0196 -0.9995 0.0230
vn 0.0286 -0.9765 0.2137
vn 0.0181 -0.9995 0.0248
vn 0.0091 -0.9995 0.0312
vn 0.0524 -0.9599 0.2753
vn 0.0814 -0.8677 0.4903
vn -0.0812 -0.8686 0.4888
vn -0.0195 -0.9995 0.0230
vn -0.0000 -0.8586 -0.5127
vn 0.0321 -0.3975 -0.9171
vn 0.0003 -0.8588 -0.5124
vn -0.1981 -0.7391 -0.6438
vn -0.1025 -0.9734 -0.2050
vn 0.1969 -0.7392 -0.6440
vn 0.1023 -0.9735 -0.2048
vn -0.1180 -0.7102 0.6940
vn 0.9905 -0.0992 0.0951
vn 0.1185 -0.7102 0.6939
vn 0.0285 -0.9765 0.2137
vn 0.0001 -0.8586 -0.5127
vn 0.0002 -0.8588 -0.5124
vn 0.0012 -0.9992 -0.0391
vn 0.0002 -0.0002 1.0000
vn 0.0966 0.1999 0.9750
vn -0.0003 0.2230 0.9748
vn -0.0002 -0.0002 1.0000
vn 0.0003 0.2230 0.9748
vn -0.0966 0.1999 0.9750
vn 0.0359 -0.0761 -0.9965
vn 0.0435 -0.0967 -0.9944
vn 0.0004 -0.2625 -0.9649
vn 0.0425 -0.0972 -0.9944
vn -0.0004 -0.2625 -0.9649
vn 0.0349 -0.0765 -0.9965
vn 0.0374 -0.4267 -0.9036
vn 0.0295 -0.4453 -0.8949
vn -0.0023 -0.3527 0.9357
vn -0.0437 -0.4203 0.9063
vn -0.0337 -0.2799 0.9594
vn 0.0023 -0.3527 0.9357
vn 0.0337 -0.2799 0.9594
vn 0.0437 -0.4203 0.9063
vn -0.0168 -0.0619 -0.9979
vn -0.0345 -0.0767 -0.9965
vn 0.0157 -0.4525 -0.8916
vn 0.0299 -0.4465 -0.8943
vn -0.2166 -0.0506 0.9749
vn -0.1740 -0.1390 0.9749
vn 0.0964 -0.2000 0.9750
vn 0.1730 -0.1379 0.9752
vn 0.1740 -0.1390 0.9749
vn 0.2166 -0.0506 0.9749
vn -0.1738 -0.1383 0.9750
vn -0.0964 -0.2000 0.9751
vn -0.0152 -0.4515 -0.8922
vn -0.0301 -0.4471 -0.8940
vn 0.0379 -0.4279 -0.9031
vn -0.0004 -0.2624 -0.9650
vn 0.0448 -0.2674 -0.9625
vn -0.0167 -0.0641 -0.9978
vn 0.0164 -0.0637 -0.9978
vn 0.0004 -0.2624 -0.9650
vn 0.2173 0.0498 0.9748
vn 0.1730 0.1374 0.9753
vn -0.1730 0.1374 0.9753
vn -0.2173 0.0498 0.9748
vn 0.0302 -0.2311 0.9725
vn 0.0337 -0.2800 0.9594
vn -0.0337 -0.2800 0.9594
vn -0.0302 -0.2311 0.9725
vn 0.0330 -0.4746 0.8796
vn -0.0386 -0.4743 0.8795
vn 0.0386 -0.4743 0.8795
vn -0.0330 -0.4746 0.8796
vn -0.1736 0.1387 0.9750
vn -0.2177 0.0496 0.9748
vn 0.2177 0.0496 0.9748
vn 0.1736 0.1387 0.9750
vn 0.0153 -0.4513 -0.8922
vn -0.0153 -0.4516 -0.8921
vn 0.0167 -0.0641 -0.9978
vn 0.0282 -0.2314 0.9725
vn -0.0282 -0.2314 0.9725
vn -0.0308 -0.4457 -0.8947
vn -0.0004 -0.2624 -0.9649
vn -0.0166 -0.4517 -0.8920
vn 0.0443 -0.2674 -0.9626
vn 0.0406 -0.4203 0.9065
vn -0.0406 -0.4203 0.9065
vn 0.0002 -0.0003 1.0000
vn -0.0969 -0.2009 0.9748
vn 0.0001 -0.2225 0.9749
vn -0.0002 -0.0003 1.0000
vn -0.0001 -0.2225 0.9749
vn 0.0969 -0.2009 0.9748
vn 0.2173 -0.0496 0.9748
vn -0.2178 -0.0498 0.9747
vn -0.0439 -0.0966 -0.9944
vn -0.0349 -0.0765 -0.9965
vn -0.0302 -0.4471 -0.8940
vn -0.0375 -0.4271 -0.9034
vn 0.0379 -0.4279 -0.9030
vn -0.0346 -0.0768 -0.9965
vn 0.0426 -0.0971 -0.9944
vn -0.0965 0.2005 0.9749
vn 0.0965 0.2005 0.9749
vn -0.0443 -0.2674 -0.9626
vn -0.0443 -0.2675 -0.9625
vn -0.0448 -0.2674 -0.9625
vn 0.0002 -0.2225 0.9749
vn -0.0964 -0.2000 0.9750
vn -0.0002 -0.2225 0.9749
vn 0.0165 -0.0638 -0.9978
vn -0.2178 -0.0499 0.9747
vn 0.0023 -0.3527 0.9358
vn -0.0405 -0.4203 0.9065
vn -0.0314 -0.2800 0.9595
vn -0.0023 -0.3527 0.9358
vn 0.0314 -0.2800 0.9595
vn 0.0405 -0.4203 0.9065
vn 0.4563 -0.6282 0.6302
vn 0.0013 -0.7765 0.6302
vn -0.5396 0.7428 0.3962
vn 0.0001 0.7764 0.6302
vn 0.0001 0.9181 0.3962
vn 0.4557 -0.6287 0.6301
vn 0.5396 -0.7428 0.3964
vn 0.5396 0.7428 0.3962
vn -0.0001 0.9181 0.3962
vn -0.0001 0.7764 0.6302
vn -0.8733 -0.2837 0.3960
vn -0.4566 -0.6281 0.6301
vn -0.8729 -0.2845 0.3963
vn -0.7382 0.2407 0.6301
vn -0.5397 0.7429 0.3960
vn -0.7387 0.2392 0.6302
vn -0.0000 -0.9179 0.3967
vn -0.4562 -0.6282 0.6303
vn 0.5397 0.7429 0.3960
vn 0.7387 0.2392 0.6302
vn 0.4558 0.6285 0.6302
vn 0.0013 -0.7765 0.6301
vn -0.4558 0.6285 0.6302
vn -0.8735 0.2836 0.3958
vn -0.7383 0.2407 0.6301
vn 0.4560 0.6284 0.6302
vn 0.7387 0.2393 0.6302
vn 0.5395 -0.7424 0.3973
vn 0.7387 -0.2392 0.6302
vn -0.4562 -0.6282 0.6302
vn -0.0000 -0.7764 0.6303
vn 0.0005 -0.0000 1.0000
vn -0.7387 -0.2392 0.6302
vn 0.0012 -0.7765 0.6301
vn -0.0009 -0.0000 1.0000
vn -0.0001 0.9181 0.3963
vn -0.4560 0.6284 0.6302
vn 0.5397 -0.7427 0.3963
vn 0.0001 -0.7764 0.6303
vn -0.7379 -0.2400 0.6308
vn -0.8729 -0.2846 0.3963
vn 0.0001 0.9181 0.3963
vn -0.7387 0.2393 0.6302
vn -0.0008 0.0001 1.0000
vn 0.0005 -0.0001 1.0000
vn -0.0008 -0.0000 1.0000
vn -0.5396 0.7428 0.3963
vn -0.4558 0.6286 0.6302
vn -0.0009 0.0001 1.0000
vn 0.0005 0.0001 1.0000
vn 0.4558 0.6286 0.6302
vn -0.0005 -0.0001 1.0000
vn -0.0005 -0.0000 1.0000
vn 0.0765 -0.0002 0.9971
vn -0.0765 -0.0002 0.9971
vn 0.0766 -0.0003 0.9971
vn 0.0765 -0.0004 0.9971
vn -0.0766 -0.0003 0.9971
vn -0.0765 -0.0004 0.9971
vn 0.0004 -0.0003 -1.0000
vn -0.0004 -0.0003 -1.0000
vn 0.0004 -0.0002 -1.0000
vn -0.0005 -0.0003 -1.0000
vn -0.0000 -0.0007 -1.0000
vn 0.0006 0.0001 -1.0000
vn -0.0005 -0.0000 -1.0000
vn -0.0007 0.0002 -1.0000
vn 0.0007 -0.0001 -1.0000
vn 0.0004 -0.0001 -1.0000
vn -0.0002 -0.0001 -1.0000
vn -0.0004 -0.0001 -1.0000
vn -0.0004 -0.0005 -1.0000
vn 0.0004 -0.0005 -1.0000
vn -0.0005 -0.0001 -1.0000
vn -0.0003 -0.0004 -1.0000
vn 0.0003 -0.0004 -1.0000
vn 0.0004 -0.0004 -1.0000
vn 0.0005 -0.0003 -1.0000
vn -0.0003 -0.0001 -1.0000
vn 0.0003 -0.0001 -1.0000
vn 0.0003 -0.0002 -1.0000
vn -0.2054 -0.7144 -0.6689
vn -0.0089 -0.0230 -0.9997
vn 0.0102 -0.0222 -0.9997
vn 0.2054 -0.7144 -0.6689
vn -0.0102 -0.0222 -0.9997
vn 0.0089 -0.0230 -0.9997
vn 0.5339 -0.5174 -0.6687
vn 0.2063 -0.7149 -0.6681
vn -0.5339 -0.5174 -0.6687
vn -0.2063 -0.7149 -0.6681
vn -0.0090 -0.0230 -0.9997
vn -0.5369 -0.5156 -0.6677
vn 0.0090 -0.0230 -0.9997
vn 0.5369 -0.5156 -0.6677
vn -0.8607 -0.4803 -0.1689
vn -0.0461 -0.0395 -0.9982
vn -0.6663 -0.3125 -0.6771
vn -0.8479 -0.4935 -0.1937
vn -0.0462 -0.0393 -0.9982
vn -0.6662 -0.3086 -0.6790
vn 0.8479 -0.4935 -0.1937
vn 0.6662 -0.3086 -0.6790
vn 0.0462 -0.0393 -0.9982
vn 0.8607 -0.4803 -0.1689
vn 0.6663 -0.3125 -0.6771
vn 0.0461 -0.0395 -0.9982
vn -0.0461 -0.0393 -0.9982
vn -0.6661 -0.3087 -0.6790
vn 0.0461 -0.0393 -0.9982
vn 0.6661 -0.3087 -0.6790
vn -0.6663 -0.3124 -0.6771
vn 0.6663 -0.3124 -0.6771
vn 0.9875 0.1501 -0.0483
vn 0.9913 0.1110 -0.0704
vn -0.9875 0.1501 -0.0483
vn -0.9907 0.1296 -0.0408
vn -0.8864 -0.1065 -0.4505
vn -0.6994 0.0068 -0.7147
vn -0.9417 0.0487 -0.3328
vn 0.0014 0.3964 -0.9181
vn 0.2589 0.9076 0.3305
vn 0.0117 0.4001 -0.9164
vn 0.0117 0.4000 -0.9164
vn -0.2584 -0.9077 -0.3305
vn 0.9907 0.1296 -0.0408
vn -0.9951 0.0983 -0.0081
vn -0.9945 0.1037 -0.0177
vn 0.9951 0.0983 -0.0081
vn 0.9945 0.1037 -0.0177
vn 0.9417 0.0493 -0.3327
vn 0.8863 -0.1066 -0.4506
vn -0.9913 0.1110 -0.0704
vn -0.9418 0.0487 -0.3328
vn 0.5002 -0.8138 -0.2960
vn 0.0295 -0.3894 0.9206
vn 0.0152 -0.3957 0.9183
vn 0.0295 -0.3895 0.9206
vn -0.2588 0.9079 0.3297
vn 0.0153 -0.3956 0.9183
vn -0.4999 -0.8138 -0.2962
vn 0.0415 0.3789 -0.9245
vn -0.7071 -0.6644 -0.2419
vn 0.8661 0.4698 0.1708
vn 0.0505 -0.3141 0.9480
vn 0.0559 -0.3279 0.9430
vn -0.8660 -0.4701 -0.1704
vn 0.0501 0.3725 -0.9267
vn 0.0564 0.3567 -0.9325
vn 0.0293 0.3883 -0.9211
vn 0.0414 0.3790 -0.9245
vn 0.9417 0.0493 -0.3328
vn 0.6989 0.0066 -0.7152
vn -0.0425 0.3804 -0.9238
vn -0.7071 0.6644 0.2421
vn -0.5000 0.8137 0.2966
vn -0.0504 -0.3150 0.9478
vn 0.7073 -0.6644 -0.2416
vn -0.0416 -0.3053 0.9513
vn 0.9659 0.2434 0.0883
vn -0.0589 0.3416 -0.9380
vn -0.0581 -0.3411 0.9382
vn -0.0559 -0.3288 0.9427
vn 0.8663 0.4693 0.1713
vn -0.0573 0.3270 -0.9433
vn -0.0515 0.3131 -0.9483
vn -0.9660 -0.2433 -0.0878
vn -0.7067 0.6650 0.2417
vn 0.0411 0.3027 -0.9522
vn 0.0291 0.2933 -0.9556
vn -0.9659 0.2435 0.0880
vn 0.0516 0.3136 -0.9481
vn -0.8660 0.4699 0.1710
vn 0.7072 -0.6642 -0.2421
vn 0.5001 -0.8138 -0.2960
vn 0.9659 -0.2435 -0.0878
vn 0.0571 -0.3549 0.9332
vn 0.0510 -0.3684 0.9283
vn -0.9659 -0.2430 -0.0892
vn 0.0559 -0.3279 0.9431
vn 0.0570 -0.3549 0.9332
vn -0.8660 0.4698 0.1710
vn 0.0564 0.3568 -0.9325
vn 0.9659 0.2435 0.0878
vn 1.0000 0.0003 -0.0005
vn 0.0587 0.3422 -0.9378
vn -0.0310 -0.2944 0.9552
vn 0.5000 -0.8139 -0.2960
vn 0.2587 -0.9077 -0.3304
vn -0.0156 -0.2881 0.9575
vn -0.0142 0.3971 -0.9177
vn -0.2584 0.9077 0.3307
vn 0.0001 0.9397 0.3420
vn -0.0292 0.3882 -0.9211
vn -0.0408 -0.3803 0.9240
vn -0.0517 -0.3697 0.9277
vn -0.0288 -0.3903 0.9202
vn 0.5002 0.8137 0.2961
vn -0.0411 0.3022 -0.9524
vn -0.7072 -0.6643 -0.2422
vn -0.8661 -0.4698 -0.1708
vn -0.0156 0.2886 -0.9573
vn -0.5002 -0.8138 -0.2960
vn -0.0292 0.2926 -0.9558
vn 0.2587 0.9077 0.3304
vn -0.0157 0.2887 -0.9573
vn -0.2588 -0.9073 -0.3313
vn -0.0156 -0.3939 0.9190
vn -0.0287 -0.3903 0.9202
vn 0.2588 -0.9076 -0.3305
vn -0.0003 -0.3967 0.9179
vn -0.0003 -0.2852 0.9585
vn -0.2584 -0.9077 -0.3306
vn 0.2588 0.9076 0.3305
vn 0.0296 -0.2903 0.9565
vn 0.5000 0.8138 0.2961
vn 0.0504 -0.3141 0.9480
vn 0.8660 0.4699 0.1708
vn 0.4999 0.8139 0.2961
vn 0.0296 -0.2902 0.9565
vn 0.0414 -0.2998 0.9531
vn -0.0559 -0.3287 0.9428
vn 0.9659 -0.2435 -0.0876
vn 0.8661 -0.4698 -0.1707
vn -0.0559 -0.3288 0.9428
vn -0.0506 0.3697 -0.9278
vn -0.0567 0.3561 -0.9327
vn -0.9659 0.2434 0.0878
vn -0.8660 0.4699 0.1708
vn -0.7072 -0.6642 -0.2422
vn -0.9660 -0.2432 -0.0877
vn -0.0581 -0.3410 0.9383
vn 0.0151 0.2869 -0.9578
vn 0.2589 -0.9076 -0.3305
vn 0.0001 -0.9398 -0.3417
vn 0.0292 0.2934 -0.9556
vn -0.7070 0.6644 0.2422
vn -0.5000 0.8136 0.2966
vn -0.8466 0.3877 -0.3648
vn -0.9418 0.0486 -0.3327
vn 0.8466 0.3877 -0.3648
vn 0.6989 0.0065 -0.7152
vn 0.0570 0.3274 -0.9432
vn 0.0516 0.3137 -0.9481
vn -0.4999 0.8139 0.2962
vn -0.0157 -0.3939 0.9190
vn 0.2588 0.9077 0.3304
vn 0.8661 -0.4699 -0.1707
vn -0.0425 0.3805 -0.9238
vn -0.0293 0.3882 -0.9211
vn 0.7072 -0.6643 -0.2422
vn 0.0570 0.3273 -0.9432
vn 0.8661 -0.4698 -0.1708
vn 0.0516 0.3136 -0.9482
vn 0.8663 0.4692 0.1713
vn -0.0515 0.3130 -0.9483
vn -0.0410 0.3022 -0.9524
vn 0.7070 0.6644 0.2423
vn 0.9659 -0.2434 -0.0877
vn 0.9659 0.2434 0.0878
vn 0.0595 -0.3422 0.9377
vn -0.8661 0.4699 0.1708
vn -0.0504 -0.3150 0.9477
vn -0.0416 -0.3053 0.9514
vn -0.9659 0.2435 0.0878
vn -0.2589 -0.9073 -0.3313
vn -0.0003 0.2857 -0.9583
vn -0.2589 0.9076 0.3304
vn 0.0002 0.9397 0.3420
vn 0.0150 -0.2882 0.9575
vn 0.0152 0.2869 -0.9578
vn -0.2588 0.9079 0.3296
vn 0.9820 0.1220 -0.1441
vn 0.8465 0.3877 -0.3648
vn -0.8465 0.3877 -0.3648
vn -0.9820 0.1230 -0.1435
vn -0.7610 -0.2118 -0.6132
vn 0.7610 -0.2118 -0.6132
vn 0.0294 0.3882 -0.9211
vn 0.7070 0.6644 0.2424
vn 0.0295 -0.2902 0.9565
vn -0.5000 -0.8138 -0.2962
vn 0.2588 -0.9077 -0.3304
vn 0.9659 -0.2434 -0.0876
vn -0.8661 -0.4700 -0.1704
vn -0.9659 -0.2431 -0.0892
vn 0.0415 -0.2998 0.9531
vn -0.0559 -0.3555 0.9330
vn 0.9659 0.2433 0.0883
vn 1.0000 0.0001 -0.0005
vn 0.8660 -0.4699 -0.1708
vn 0.8661 -0.4699 -0.1708
vn 0.0417 -0.3802 0.9240
vn 0.0587 0.3423 -0.9378
vn -0.0410 0.3021 -0.9524
vn -0.8661 -0.4699 -0.1708
vn 0.0152 -0.3956 0.9183
vn -1.0000 0.0004 -0.0000
vn 0.0594 -0.3421 0.9378
vn 0.0510 -0.3685 0.9282
vn -0.7066 0.6650 0.2418
vn 0.7072 -0.6644 -0.2416
vn 0.7072 -0.6645 -0.2416
vn -0.7066 0.6650 0.2417
vn 0.0292 0.2933 -0.9556
vn -1.0000 0.0005 -0.0001
vn 0.0595 -0.3422 0.9378
vn -0.9659 0.2434 0.0880
vn -0.0559 -0.3556 0.9330
vn -0.5001 -0.8138 -0.2960
vn -0.9660 -0.2432 -0.0878
vn -0.8660 -0.4699 -0.1708
vn -0.0558 -0.3288 0.9428
vn 0.0293 0.3882 -0.9211
vn 0.5000 0.8139 0.2961
vn 0.2589 -0.9076 -0.3304
vn -0.8661 0.4698 0.1708
vn 0.0501 0.3724 -0.9267
vn 0.8661 0.4699 0.1708
vn 0.0510 -0.3684 0.9282
vn -0.2585 0.9076 0.3307
vn -0.0157 -0.2881 0.9575
vn 0.0150 -0.2881 0.9575
vn -0.2583 -0.9077 -0.3306
vn 0.0116 0.4000 -0.9164
vn -0.0573 0.3271 -0.9433
vn -0.0566 0.3562 -0.9327
vn -0.0582 -0.3411 0.9382
vn -0.0558 -0.3287 0.9428
vn -0.0426 0.3804 -0.9238
vn 0.0151 0.2870 -0.9578
vn -0.4999 0.8138 0.2962
vn 0.0594 -0.3422 0.9377
vn 0.7072 -0.6642 -0.2422
vn 0.0414 0.3789 -0.9245
vn -0.0004 -0.3967 0.9179
vn -0.0004 0.2857 -0.9583
vn 0.0505 -0.3142 0.9480
vn -0.0311 -0.2944 0.9552
vn -0.7070 0.6645 0.2421
vn -0.8660 -0.4700 -0.1704
vn -0.4999 -0.8139 -0.2962
vn -0.0582 -0.3410 0.9383
vn 1.0000 0.0001 -0.0004
vn -1.0000 0.0004 -0.0001
vn -1.0000 0.0005 -0.0000
vn -0.0516 0.3131 -0.9483
vn 0.7071 0.6644 0.2423
vn 0.9820 0.1219 -0.1441
vn -0.9418 0.0487 -0.3327
vn -0.9971 0.0756 0.0061
vn 0.9971 0.0756 0.0061
vn -0.9875 0.1502 -0.0483
vn 0.9875 0.1502 -0.0483
vn -0.9971 0.0757 0.0059
vn 0.9971 0.0757 0.0059
vn 0.3575 -0.1980 -0.9127
vn -0.0046 -0.2045 -0.9789
vn -0.3048 0.1352 -0.9428
vn -0.3011 0.5000 0.8120
vn -0.0000 0.0477 0.9989
vn -0.0004 0.5692 0.8222
vn 0.2550 -0.2575 -0.9320
vn -0.0000 -0.2534 -0.9674
vn 0.0008 0.1352 -0.9908
vn 0.3469 0.1073 0.9317
vn -0.2910 0.5258 0.7993
vn -0.3476 0.1070 0.9315
vn 0.2910 0.5259 0.7992
vn -0.2933 0.5271 0.7976
vn -0.3475 0.1077 0.9315
vn -0.3011 0.4999 0.8120
vn -0.3463 0.0551 0.9365
vn -0.2550 -0.2575 -0.9320
vn -0.3033 0.0982 -0.9478
vn -0.0000 0.2836 0.9589
vn -0.0004 -0.1084 0.9941
vn 0.7227 -0.1485 0.6750
vn 0.3443 0.9327 -0.1069
vn 0.3928 0.9053 -0.1617
vn -0.3936 0.9050 -0.1616
vn -0.3474 0.1076 0.9315
vn 0.3475 0.1069 0.9316
vn 0.3013 0.1273 -0.9450
vn 0.3574 -0.1980 -0.9127
vn 0.2927 0.5277 0.7974
vn 0.3038 0.1361 -0.9430
vn -0.3574 -0.1980 -0.9127
vn -0.3013 0.1273 -0.9450
vn -0.7227 -0.1484 0.6750
vn -0.3534 0.2407 0.9040
vn -0.3444 0.9328 -0.1065
vn -0.3414 0.9268 -0.1563
vn -0.3410 0.8628 0.3733
vn 0.3412 0.8628 0.3732
vn 0.3411 0.9269 -0.1562
vn -0.3409 0.8630 0.3728
vn 0.3409 0.8628 0.3733
vn -0.3414 0.9270 -0.1554
vn 0.4289 0.8682 -0.2496
vn -0.4258 0.8689 -0.2524
vn 0.7294 -0.2146 0.6496
vn 0.3488 0.2054 0.9144
vn -0.3566 0.2286 0.9059
vn 0.3408 0.9271 -0.1560
vn 0.4289 0.8681 -0.2498
vn -0.4292 0.8680 -0.2497
vn -0.7227 -0.1485 0.6750
vn -0.9150 0.4015 -0.0406
vn -0.9986 -0.0508 0.0156
vn 0.9986 -0.0508 0.0156
vn 0.9150 0.4015 -0.0406
vn -0.3854 -0.1545 0.9097
vn 0.7294 -0.2145 0.6496
vn 0.3566 0.2277 0.9061
vn -0.7303 -0.2140 0.6488
vn 0.3853 -0.1545 0.9097
vn -0.7303 -0.2139 0.6488
vn -0.9158 0.3963 -0.0647
vn -0.9959 -0.0869 0.0252
vn -0.3486 0.2051 0.9145
vn 0.7293 -0.2146 0.6496
vn 0.9959 -0.0871 0.0254
vn 0.9158 0.3963 -0.0647
vn -0.3575 -0.1980 -0.9127
vn -0.9913 -0.0518 0.1208
vn -0.8679 0.2024 -0.4536
vn -0.9742 0.2222 -0.0391
vn -0.9150 0.4015 -0.0407
vn 0.8677 0.2032 -0.4536
vn 0.9913 -0.0518 0.1208
vn 0.9742 0.2222 -0.0391
vn 0.9150 0.4015 -0.0407
vn 0.0009 0.8650 -0.5018
vn -0.3613 0.8858 0.2913
vn -0.0000 0.9544 0.2987
vn 0.8539 0.3854 0.3497
vn 0.8864 -0.0046 0.4629
vn -0.4245 0.8001 -0.4239
vn -0.8679 0.2024 -0.4535
vn -0.8864 -0.0046 0.4629
vn -0.8539 0.3854 0.3497
vn 0.9034 0.0205 0.4283
vn 0.3575 -0.1979 -0.9127
vn 0.8670 0.2152 -0.4495
vn 0.9907 0.1306 -0.0383
vn 0.9959 -0.0872 0.0254
vn -0.9034 0.0205 0.4283
vn -0.8672 0.2141 -0.4495
vn -0.3575 -0.1979 -0.9127
vn -0.9907 0.1306 -0.0383
vn -0.9959 -0.0872 0.0254
vn -0.4210 0.8051 -0.4178
vn -0.3283 0.8954 0.3008
vn 0.3289 0.8950 0.3013
vn 0.4208 0.8048 -0.4186
vn 0.3326 0.8935 0.3017
vn -0.6516 0.7475 -0.1291
vn -0.3415 0.9268 -0.1563
vn -0.6657 0.7172 -0.2063
vn -0.6748 0.0548 0.7360
vn -0.6960 0.5318 0.4825
vn -0.4261 -0.1471 0.8926
vn 0.4261 -0.1474 0.8926
vn 0.3455 0.0551 0.9368
vn 0.4187 0.8060 -0.4183
vn -0.4210 0.8051 -0.4177
vn 0.8546 0.3843 0.3491
vn 0.9034 0.0205 0.4282
vn -0.4185 0.8061 -0.4184
vn -0.9034 0.0205 0.4282
vn -0.8546 0.3843 0.3491
vn 0.6532 0.7462 -0.1286
vn 0.6657 0.7170 -0.2065
vn 0.6747 0.0549 0.7361
vn 0.6961 0.5317 0.4825
vn 0.3032 0.0968 -0.9480
vn 0.3607 0.8856 0.2925
vn 0.4244 0.8005 -0.4232
vn -0.3566 0.2286 0.9058
vn -0.8005 0.4308 0.4166
vn 0.8974 0.3230 0.3006
vn 0.3534 0.2408 0.9039
vn 0.3443 0.9328 -0.1069
vn 0.4289 0.8682 -0.2498
vn 0.9015 0.3076 0.3043
vn 0.3489 0.2055 0.9144
vn 0.7293 -0.2145 0.6496
vn -0.9015 0.3076 0.3043
vn -0.7302 -0.2139 0.6488
vn -0.3486 0.2052 0.9145
vn 0.3010 0.4988 0.8128
vn -0.8974 0.3230 0.3007
vn -0.3534 0.2408 0.9039
vn 0.2911 0.5259 0.7992
vn 0.4289 0.8682 -0.2497
vn -0.2911 0.5258 0.7993
vn -0.3463 0.0550 0.9365
vn -0.8864 -0.0047 0.4629
vn -0.4292 0.8680 -0.2498
vn 0.6657 0.7171 -0.2065
vn 0.3412 0.9269 -0.1562
vn 0.3409 0.8628 0.3734
vn 0.3853 -0.1546 0.9098
vn 0.8009 0.4305 0.4163
vn 0.3413 0.8613 0.3763
vn -0.3413 0.8613 0.3763
vn 0.3534 0.2407 0.9040
vn 0.3413 0.8613 0.3764
vn -0.2933 0.5270 0.7976
vn -0.3475 0.1076 0.9315
vn -0.3284 0.8954 0.3008
vn -0.6960 0.5317 0.4825
vn 0.3412 0.8627 0.3732
vn -0.3414 0.9268 -0.1562
vn -0.3410 0.8630 0.3728
vn 0.6961 0.5316 0.4826
vn 0.7706 0.2860 -0.5696
vn -0.3614 0.8857 0.2913
vn 0.8864 -0.0047 0.4629
vn 0.3009 0.4989 0.8128
vn -0.3413 0.8613 0.3764
vn -0.2934 0.5271 0.7976
vn -0.7074 -0.1138 0.6976
vn -0.8005 0.4308 0.4167
vn 0.3009 0.4988 0.8128
vn 0.8864 -0.0046 0.4628
vn 0.3326 0.8935 0.3018
vn -0.7706 0.2860 -0.5696
vn 0.0008 0.8650 -0.5018
vn 0.3031 0.0968 -0.9480
vn 0.3411 0.8628 0.3732
vn 0.3408 0.8628 0.3734
vn 0.3566 0.2278 0.9061
vn 0.8008 0.4305 0.4163
vn 0.3408 0.8628 0.3733
vn 0.3608 0.8856 0.2925
vn -0.8864 -0.0046 0.4628
vn 0.3455 0.0550 0.9368
vn 0.4163 -0.0959 0.9041
vn 0.6747 0.0549 0.7360
vn -0.3476 0.1069 0.9315
vn -0.4169 -0.0965 0.9038
vn 0.3475 0.1070 0.9316
vn -0.4168 -0.0965 0.9038
vn 0.9989 0.0071 -0.0455
vn 0.3574 -0.1981 -0.9127
vn -0.9989 0.0071 -0.0455
vn -0.3574 -0.1981 -0.9127
vn 0.6557 -0.0885 0.7498
vn -0.6558 -0.0878 0.7498
vn -0.4168 -0.0965 0.9039
vn 0.7077 -0.1138 0.6973
vn 0.3853 -0.1545 0.9098
vn 0.9015 0.3076 0.3044
vn 0.3489 0.2054 0.9144
vn -0.3410 0.8630 0.3729
vn -0.9015 0.3076 0.3044
vn 0.8008 0.4305 0.4164
vn -0.6516 0.7475 -0.1290
vn -0.3534 0.2408 0.9040
vn -0.4261 -0.1472 0.8926
vn -0.7302 -0.2140 0.6488
vn 0.4187 0.8061 -0.4183
vn 0.8547 0.3843 0.3491
vn -0.8547 0.3843 0.3491
vn -0.4185 0.8062 -0.4183
vn -0.4245 0.8001 -0.4240
vn -0.8680 0.2024 -0.4535
vn -0.4244 0.8001 -0.4240
vn 0.4244 0.8004 -0.4233
vn 0.6960 0.5316 0.4826
vn -0.7706 0.2859 -0.5696
vn -0.4211 0.8051 -0.4177
vn -0.8539 0.3854 0.3496
vn -0.3613 0.8857 0.2914
vn 0.8539 0.3854 0.3496
vn -0.4254 -0.0908 0.9004
vn -0.9989 0.0070 -0.0455
vn 0.4163 -0.0960 0.9041
vn -0.4254 -0.0909 0.9004
vn 0.4253 -0.0905 0.9005
vn 0.9989 0.0070 -0.0455
vn 0.4253 -0.0906 0.9005
vn 0.3534 0.2408 0.9040
vn 0.7227 -0.1484 0.6750
vn 0.7706 0.2859 -0.5696
vn -0.0046 -0.2045 -0.9788
vn -0.3444 0.9328 -0.1066
vn 0.8974 0.3231 0.3006
vn -0.8679 0.2025 -0.4536
vn 0.4244 0.8005 -0.4233
vn 0.9996 0.0285 -0.0019
vn 0.9575 0.2860 -0.0376
vn 0.9456 0.3243 -0.0276
vn -0.0232 0.8917 -0.4521
vn 0.0312 0.9221 -0.3857
vn -0.0307 0.9980 -0.0555
vn -0.9998 0.0179 -0.0003
vn -0.9461 0.2724 -0.1749
vn -0.9996 0.0288 -0.0023
vn 0.9984 0.0396 0.0410
vn 0.7488 0.3742 0.5471
vn 0.9679 0.2483 0.0401
vn 0.9984 0.0395 0.0410
vn -0.9460 0.3229 -0.0271
vn -0.9573 0.2866 -0.0389
vn -0.7490 0.3740 0.5470
vn -0.9984 0.0399 0.0410
vn -0.9679 0.2482 0.0401
vn -0.0252 -0.9230 -0.3840
vn 0.0005 -0.8917 -0.4526
vn -0.1155 -0.5795 -0.8068
vn -0.0430 0.9889 0.1423
vn 0.0177 0.9996 -0.0199
vn 0.0342 0.9977 -0.0589
vn -0.0725 0.9697 -0.2335
vn 0.0013 0.9350 0.3546
vn -0.0001 0.9719 -0.2352
vn -0.7489 0.3740 0.5470
vn -0.0668 0.7001 0.7109
vn -0.9984 0.0400 0.0410
vn 0.9461 0.2726 -0.1746
vn 0.6976 -0.6420 -0.3182
vn 0.9998 0.0176 -0.0000
vn -0.0076 -0.2215 -0.9751
vn 0.0257 -0.9230 -0.3839
vn 0.2154 -0.2837 -0.9344
vn 0.0668 0.7001 0.7109
vn 0.0013 0.9350 0.3547
vn -0.0334 0.9330 0.3584
vn -0.9461 0.2724 -0.1750
vn -0.6976 -0.6420 -0.3182
vn 0.0139 0.9988 -0.0463
vn -0.4513 0.8817 -0.1376
vn -0.2300 0.9084 -0.3493
vn -0.0429 0.9889 0.1423
vn 0.1368 0.9795 0.1477
vn 0.3142 0.8493 0.4241
vn -0.0589 0.9974 -0.0421
vn 0.1725 0.9628 -0.2079
vn 0.0729 0.9698 -0.2329
vn 0.0340 0.9326 0.3592
vn -0.1730 0.9624 -0.2093
vn -0.0725 0.9697 -0.2334
vn -0.9302 0.3669 -0.0088
vn -0.6863 0.7245 -0.0638
vn -0.9092 0.4088 -0.0795
vn -0.1423 -0.6205 -0.7712
vn -0.1535 -0.9355 -0.3182
vn -0.0293 -0.9393 -0.3417
vn -0.1423 -0.6204 -0.7712
vn 0.9302 0.3670 -0.0088
vn 0.9091 0.4089 -0.0796
vn 0.6863 0.7245 -0.0639
vn 0.1726 0.9628 -0.2079
vn 0.2465 0.8581 -0.4505
vn 0.3327 0.7955 -0.5064
vn -0.1818 0.4498 0.8744
vn 0.2646 0.4316 0.8624
vn 0.3893 -0.4039 -0.8278
vn 0.3228 -0.7792 0.5372
vn -0.1204 -0.8404 0.5284
vn -0.3327 0.7955 -0.5064
vn -0.2646 0.4316 0.8624
vn 0.1820 0.4492 0.8747
vn -0.3893 -0.4039 -0.8278
vn 0.1211 -0.8403 0.5285
vn -0.3228 -0.7794 0.5371
vn 0.2340 0.9496 0.2086
vn -0.5643 0.8248 0.0364
vn 0.5188 0.8519 0.0712
vn 0.1503 0.9842 -0.0936
vn 0.5364 0.8425 -0.0492
vn 0.5413 0.8367 -0.0833
vn -0.2340 0.9496 0.2086
vn -0.5188 0.8519 0.0712
vn 0.5639 0.8250 0.0363
vn -0.1503 0.9842 -0.0936
vn -0.5413 0.8367 -0.0833
vn -0.5364 0.8425 -0.0492
vn -0.0135 0.9989 -0.0451
vn 0.2299 0.9085 -0.3490
vn 0.4513 0.8817 -0.1376
vn 0.3189 0.7795 -0.5391
vn 0.1210 -0.8403 0.5285
vn -0.3892 -0.4040 -0.8279
vn 0.2615 -0.4306 -0.8638
vn -0.2460 0.8589 -0.4491
vn -0.0045 0.8690 -0.4948
vn -0.0054 0.9994 -0.0340
vn -0.2887 0.9496 0.1219
vn 0.6327 0.6777 -0.3748
vn 0.3625 0.9256 0.1088
vn 0.0680 0.9968 -0.0409
vn -0.1819 0.4498 0.8744
vn -0.3189 0.7795 -0.5391
vn -0.1203 -0.8404 0.5285
vn -0.2615 -0.4306 -0.8638
vn 0.3892 -0.4040 -0.8279
vn -0.6498 -0.3611 -0.6689
vn -0.2933 -0.9278 -0.2306
vn 0.3625 0.9256 0.1089
vn 0.6327 0.6777 -0.3747
vn 0.8398 0.5104 0.1852
vn 0.0341 0.9327 0.3592
vn -0.7563 0.5734 -0.3150
vn -0.3575 0.9119 -0.2017
vn -0.4413 0.8029 -0.4007
vn 0.7562 0.5735 -0.3150
vn 0.4416 0.8030 -0.4002
vn 0.3574 0.9119 -0.2017
vn 0.1537 -0.9356 -0.3180
vn 0.2155 -0.2837 -0.9344
vn 0.0281 -0.9395 -0.3415
vn 0.6491 -0.3611 -0.6695
vn 0.2925 -0.9281 -0.2303
vn 0.9462 0.2726 -0.1746
vn -0.4835 0.8678 0.1147
vn -0.7247 0.5286 0.4420
vn -0.4271 0.7720 0.4708
vn 0.4837 0.8677 0.1147
vn 0.4273 0.7719 0.4707
vn 0.7248 0.5286 0.4418
vn -0.0879 0.0015 0.9961
vn 0.0154 -0.0567 0.9983
vn 0.0174 0.0222 0.9996
vn -0.0878 0.0015 0.9961
vn -0.0760 0.4822 0.8728
vn -0.1754 0.1216 0.9770
vn -0.6497 -0.3611 -0.6689
vn 0.6492 -0.3611 -0.6695
vn 0.9461 0.2726 -0.1747
vn -0.4516 -0.7987 0.3977
vn -0.3190 0.7795 -0.5391
vn -0.5106 0.4503 0.7325
vn -0.6084 0.6247 -0.4895
vn -0.2888 0.9496 0.1219
vn -0.8184 0.5419 0.1915
vn 0.3142 0.8494 0.4241
vn -0.2438 0.8714 0.4257
vn 0.6863 0.7245 -0.0640
vn -0.2340 0.9496 0.2087
vn -0.2339 0.9496 0.2087
vn 0.5640 0.8035 -0.1906
vn 0.0180 0.9490 0.3146
vn 0.2340 0.9496 0.2087
vn 0.2339 0.9496 0.2087
vn -0.0180 0.9490 0.3146
vn -0.5637 0.8038 -0.1904
vn -0.0141 0.9988 -0.0474
vn -0.9783 0.1690 0.1201
vn -0.8800 0.2942 0.3730
vn -0.3877 0.7253 0.5689
vn -0.5347 0.7229 0.4377
vn 0.2437 0.5007 0.8306
vn 0.9783 0.1691 0.1200
vn 0.8800 0.2940 0.3730
vn 0.3877 0.7253 0.5689
vn -0.2437 0.5007 0.8306
vn 0.5347 0.7229 0.4377
vn -0.1021 0.8687 -0.4847
vn -0.0000 0.8668 -0.4987
vn 0.1020 0.8683 -0.4855
vn -0.0003 0.7824 0.6228
vn -0.0238 0.7867 0.6168
vn 0.0669 0.7001 0.7109
vn -0.0180 0.9490 0.3147
vn 0.0238 0.7856 0.6183
vn -0.7489 0.3739 0.5471
vn 0.0180 0.9490 0.3147
vn -0.0669 0.7001 0.7109
vn 0.3190 0.7795 -0.5391
vn 0.5107 0.4496 0.7328
vn 0.4517 -0.7983 0.3983
vn 0.1211 -0.8403 0.5284
vn 0.2155 -0.2836 -0.9344
vn -0.2888 0.9496 0.1218
vn -0.6085 0.6247 -0.4894
vn -0.7505 0.3709 0.5470
vn -0.5188 0.8520 0.0712
vn -0.8800 0.2941 0.3730
vn 0.5188 0.8520 0.0712
vn 0.5639 0.8251 0.0363
vn 0.8984 0.4391 -0.0048
vn -0.5643 0.8248 0.0363
vn -0.8985 0.4390 -0.0047
vn -0.1902 0.0221 0.9815
vn -0.1886 -0.0569 0.9804
vn -0.1692 -0.1670 0.9713
vn -0.0773 -0.4825 0.8725
vn -0.0000 -0.4877 -0.8730
vn 0.0004 -0.1778 -0.9841
vn -0.1020 0.8687 -0.4847
vn -0.5637 0.8037 -0.1904
vn 0.3574 0.9119 -0.2016
vn 0.2154 -0.2836 -0.9344
vn 0.0341 0.9327 0.3591
vn 0.4879 0.8567 0.1675
vn -0.4835 0.8678 0.1148
vn 0.3878 0.7253 0.5689
vn 0.9459 0.3124 0.0875
vn 0.4273 0.7719 0.4708
vn 0.4836 0.8677 0.1147
vn -0.4879 0.8567 0.1675
vn -0.3878 0.7253 0.5689
vn -0.9460 0.3123 0.0875
vn -0.2460 0.8589 -0.4492
vn 0.4416 0.8030 -0.4003
vn 0.1726 0.9628 -0.2078
vn -0.2021 0.9781 -0.0501
vn 0.0140 0.9988 -0.0463
vn -0.1772 0.9830 -0.0473
vn 0.2021 0.9781 -0.0501
vn 0.1770 0.9830 -0.0479
vn 0.1455 0.9805 -0.1318
vn -0.1455 0.9805 -0.1318
vn -0.5347 0.7229 0.4376
vn 0.5347 0.7229 0.4376
vn 0.9783 0.1691 0.1201
vn -0.9984 0.0399 0.0411
vn 1.0000 -0.0005 0.0001
vn 0.7237 -0.6716 0.1590
vn 0.3892 -0.4039 -0.8279
vn 0.7751 -0.5242 -0.3527
vn 0.6642 0.5644 0.4902
vn 0.7165 0.6971 -0.0254
vn -0.7236 -0.6718 0.1584
vn -0.7744 -0.5251 -0.3530
vn -0.3892 -0.4039 -0.8279
vn -0.6642 0.5644 0.4902
vn -0.7165 0.6971 -0.0254
vn 0.5107 0.4497 0.7328
vn 0.7456 0.6535 -0.1302
vn 0.2616 -0.4306 -0.8638
vn 0.6875 -0.5650 -0.4561
vn -0.7456 0.6535 -0.1302
vn -0.2616 -0.4306 -0.8638
vn -0.4515 -0.7987 0.3977
vn -0.6875 -0.5650 -0.4561
vn 0.3892 -0.4040 -0.8278
vn 0.7236 -0.6716 0.1590
vn 0.2645 0.4316 0.8624
vn 0.3326 0.7955 -0.5064
vn -0.3227 -0.7794 0.5371
vn -0.7235 -0.6719 0.1584
vn -0.3892 -0.4040 -0.8278
vn -0.2645 0.4316 0.8624
vn -0.3326 0.7955 -0.5064
vn 0.6875 -0.5650 -0.4562
vn 0.6997 -0.7135 0.0376
vn 0.4518 -0.7983 0.3983
vn 0.7591 0.5346 0.3716
vn -0.6875 -0.5650 -0.4562
vn -0.6999 -0.7132 0.0379
vn -0.7591 0.5346 0.3716
vn -0.5105 0.4503 0.7325
vn -0.0000 -0.2386 -0.9711
vn -0.6084 0.6247 -0.4894
vn 0.1369 0.9795 0.1477
vn 0.3626 0.9256 0.1088
vn 0.0728 0.9698 -0.2329
vn -0.0001 0.9719 -0.2353
vn 0.8398 0.5104 0.1851
vn 0.6492 -0.3611 -0.6694
vn 0.1538 -0.9355 -0.3180
vn -0.6498 -0.3612 -0.6689
vn -0.5188 0.8519 0.0711
vn -0.2339 0.9496 0.2086
vn 0.5188 0.8519 0.0711
vn 0.2339 0.9496 0.2086
vn 0.4272 0.7719 0.4708
vn -0.0000 -0.4878 -0.8730
vn -0.0000 -0.6243 -0.7811
vn -0.2299 0.9084 -0.3493
vn -0.1424 -0.6204 -0.7712
vn 0.4513 0.8817 -0.1377
vn -0.0000 0.3126 0.9499
vn 0.0002 0.4762 0.8793
vn 0.9679 0.2370 0.0840
vn 0.8321 -0.5499 0.0722
vn 0.3015 -0.9531 0.0273
vn 0.9679 0.2370 0.0839
vn -0.4360 0.8991 -0.0390
vn -0.2887 0.9496 0.1218
vn -0.0000 -0.1778 -0.9841
vn 0.0001 0.8668 -0.4987
vn -0.9678 0.2370 -0.0846
vn -0.9678 0.2370 -0.0849
vn -0.8320 -0.5499 -0.0734
vn 0.0530 0.9308 0.3616
vn -0.0523 0.9311 0.3609
vn -0.9302 0.3669 -0.0087
vn -0.1156 -0.5795 -0.8067
vn -0.8184 0.5418 0.1915
vn -0.1155 -0.5794 -0.8068
vn -0.9678 0.2370 -0.0847
vn -0.8320 -0.5499 -0.0733
vn -0.3015 -0.9531 -0.0273
vn 0.0001 0.6261 0.7798
vn 0.7563 0.5735 -0.3150
vn 0.0667 0.9977 -0.0078
vn -0.0522 0.9311 0.3609
vn -0.0238 0.7868 0.6168
vn 0.0529 0.9308 0.3616
vn 0.0341 0.9326 0.3592
vn 0.1725 0.9628 -0.2078
vn -0.8351 0.0225 0.5497
vn -0.0000 0.8287 0.5597
vn -0.1830 0.9825 -0.0357
vn 0.1830 0.9825 -0.0354
vn -0.0300 0.7777 0.6279
vn 0.0299 0.7765 0.6294
vn 0.0530 0.9308 0.3617
vn 0.4360 0.8991 0.0390
vn 0.0037 0.1211 0.9926
vn -0.1453 0.9806 -0.1319
vn 0.1453 0.9806 -0.1319
vn 0.3893 -0.4040 -0.8278
vn 0.7751 -0.5243 -0.3527
vn -0.3893 -0.4040 -0.8278
vn -0.7743 -0.5251 -0.3531
vn 0.4517 -0.7983 0.3984
vn -0.3228 -0.7793 0.5371
vn -0.6999 -0.7132 0.0378
vn 0.6996 -0.7135 0.0376
vn -0.3326 0.7956 -0.5064
vn 0.3326 0.7956 -0.5064
vn -0.1203 -0.8404 0.5284
vn 0.0002 0.6262 0.7797
vn -0.0000 0.8303 -0.5573
vn -0.9678 0.2370 -0.0845
vn -0.1424 -0.6205 -0.7712
vn -0.3016 -0.9531 -0.0273
vn 0.6876 -0.5650 -0.4561
vn 0.7457 0.6535 -0.1302
vn 0.6875 -0.5651 -0.4561
vn 0.3229 -0.7792 0.5372
vn 0.6642 0.5644 0.4901
vn -0.6876 -0.5650 -0.4561
vn -0.7457 0.6535 -0.1302
vn -0.6875 -0.5651 -0.4561
vn -0.6642 0.5644 0.4901
vn -0.6642 0.5645 0.4901
vn 0.7751 -0.5243 -0.3526
vn 0.6642 0.5645 0.4901
vn 0.8351 0.0225 0.5497
vn -0.0014 -0.8179 0.5753
vn -0.0008 -0.8181 0.5751
vn -0.4360 0.8991 -0.0389
vn -0.9678 0.2371 -0.0846
vn 0.8984 0.4391 -0.0047
vn -0.0300 0.7777 0.6280
vn -0.0019 -0.1663 0.9861
vn 0.7590 0.5345 0.3716
vn 0.7591 0.5345 0.3716
vn -0.7590 0.5345 0.3716
vn -0.7591 0.5345 0.3716
vn -0.7743 -0.5251 -0.3530
vn -0.9573 0.2866 -0.0390
vn 0.3016 -0.9531 0.0273
vn -0.0077 -0.2215 -0.9751
vn 0.0001 -0.2386 -0.9711
vn 0.0003 -0.1778 -0.9841
vn 0.0006 -0.0124 -0.9999
vn 0.0300 0.7765 0.6294
vn -0.9459 0.3123 0.0875
vn -0.0000 -0.0125 -0.9999
vn 0.4360 0.8991 0.0391
vn -0.0055 0.9994 -0.0340
vn -0.0772 -0.4825 0.8725
vn -0.0134 0.9988 -0.0474
vn -0.0000 1.0000 0.0064
vn -0.0005 1.0000 0.0068
vn -0.0000 1.0000 0.0069
vn -0.0002 -0.9335 -0.3586
vn -0.0096 -0.9175 -0.3976
vn -0.0002 -0.9265 -0.3763
vn 0.6974 -0.6419 -0.3188
vn 0.0094 -0.9166 -0.3997
vn -0.0002 -0.9265 -0.3764
vn 0.0458 -0.8901 -0.4535
vn 0.0824 -0.8808 -0.4663
vn -0.6976 -0.6420 -0.3181
vn -0.0000 0.4076 -0.9132
vn 0.0797 0.4053 -0.9107
vn 0.0797 0.4051 -0.9108
vn -0.0453 -0.8901 -0.4535
vn 0.6974 -0.6419 -0.3187
vn -0.0833 -0.8806 -0.4665
vn 0.0800 0.4059 -0.9104
vn 0.9464 0.2723 -0.1739
vn -0.0136 -0.8850 -0.4654
vn -0.9460 0.2726 -0.1754
vn -0.6976 -0.6419 -0.3182
vn 0.0144 -0.8840 -0.4672
vn -0.0805 0.4052 -0.9107
vn -0.0808 0.4057 -0.9104
vn 0.0004 1.0000 0.0061
vn -0.0006 1.0000 0.0067
vn -0.0800 0.4059 -0.9104
vn -0.0002 1.0000 0.0066
vn -0.0005 1.0000 0.0069
vn -0.0834 -0.8806 -0.4665
vn -0.0331 0.5367 -0.8431
vn -0.0000 0.5359 -0.8443
vn 0.5772 0.4249 -0.6974
vn 0.2287 0.5127 -0.8276
vn 0.2317 0.5156 -0.8249
vn -0.5772 0.4251 -0.6973
vn -0.2317 0.5156 -0.8249
vn -0.2287 0.5127 -0.8276
vn -0.9605 0.1367 -0.2425
vn -0.8722 0.2508 -0.4200
vn -0.8309 0.2883 -0.4759
vn -0.2286 0.5127 -0.8276
vn -0.5531 0.4326 -0.7120
vn -0.5772 0.4249 -0.6973
vn 0.9605 0.1364 -0.2426
vn 0.8309 0.2883 -0.4759
vn 0.8722 0.2508 -0.4200
vn 0.2286 0.5127 -0.8276
vn 0.5772 0.4249 -0.6973
vn 0.5531 0.4326 -0.7120
vn 0.5772 0.4252 -0.6971
vn -0.8721 0.2491 -0.4211
vn 0.0331 0.5367 -0.8431
vn 0.0001 0.5359 -0.8443
vn -0.0000 0.2841 -0.9588
vn -0.0000 0.2843 -0.9587
vn 1.0000 0.0005 0.0013
vn 0.9741 -0.1960 0.1128
vn 0.9742 -0.2223 0.0395
vn -1.0000 -0.0000 -0.0096
vn -0.9853 0.1520 0.0785
vn -0.9848 0.1724 0.0216
vn 0.9741 0.0004 0.2263
vn 0.9741 -0.0773 0.2124
vn 1.0000 -0.0011 0.0089
vn 0.9862 -0.0000 -0.1654
vn 0.9861 0.0599 -0.1550
vn -0.9833 0.1124 -0.1434
vn -0.9829 0.0597 -0.1743
vn -1.0000 0.0002 -0.0010
vn -0.9742 0.2224 -0.0391
vn -0.9743 0.1954 -0.1124
vn 0.9740 0.1454 0.1734
vn 0.9800 -0.0675 -0.1870
vn 0.9805 -0.1266 -0.1503
vn -1.0000 0.0002 -0.0009
vn -0.9740 -0.0004 -0.2264
vn -0.9741 -0.0772 -0.2125
vn -0.9743 0.1447 0.1727
vn -0.9741 0.1958 0.1135
vn -0.9862 -0.0595 0.1546
vn -0.9861 0.0011 0.1664
vn 1.0000 -0.0011 0.0088
vn 0.9847 -0.1729 -0.0215
vn 0.9852 -0.1525 -0.0785
vn -0.9741 -0.2229 0.0389
vn -0.9832 0.1584 -0.0912
vn -0.9825 0.1831 -0.0327
vn 0.9743 -0.1443 -0.1730
vn 0.9739 -0.0781 -0.2130
vn -0.9743 0.2220 0.0392
vn -0.9814 -0.1893 0.0324
vn -0.9821 -0.1853 -0.0338
vn 0.9742 0.0774 0.2118
vn 0.9742 -0.0003 0.2258
vn 0.9800 -0.0013 -0.1989
vn 1.0000 0.0006 0.0014
vn 0.9744 0.1444 0.1723
vn 0.9741 0.0773 0.2124
vn 0.9847 0.1730 -0.0213
vn 0.9840 0.1737 0.0392
vn 0.9740 -0.1959 -0.1133
vn 0.9740 -0.1465 -0.1728
vn 0.9835 0.1156 0.1389
vn 0.9743 0.0770 -0.2115
vn 0.9832 -0.1170 0.1404
vn 0.9837 -0.0615 0.1692
vn 0.9741 -0.1446 0.1737
vn 0.9813 0.1671 -0.0953
vn 0.9807 0.1261 -0.1493
vn 0.9743 -0.0763 0.2119
vn 0.9741 -0.1447 0.1737
vn -0.9741 -0.1957 -0.1134
vn -0.9742 -0.2221 -0.0391
vn -0.9817 0.1876 0.0325
vn -0.9741 -0.0771 -0.2128
vn -0.9742 -0.1453 -0.1730
vn -0.9805 0.1265 0.1502
vn -0.9741 0.1451 -0.1737
vn -0.9742 0.0771 -0.2120
vn -0.9801 -0.0680 0.1863
vn -0.9742 0.2223 -0.0395
vn -0.9741 0.1963 -0.1123
vn -0.9809 -0.1687 0.0966
vn -0.9742 0.0770 -0.2120
vn -0.9799 -0.0001 0.1993
vn -0.9801 -0.0679 0.1863
vn -0.9803 0.0675 0.1855
vn -0.9741 -0.1957 0.1134
vn -0.9742 -0.1452 0.1730
vn -0.9834 0.1159 -0.1393
vn -0.9742 -0.0004 0.2256
vn -0.9836 -0.0617 -0.1694
vn -0.9837 0.0004 -0.1799
vn 0.9831 0.1581 0.0918
vn 0.9743 -0.2219 0.0388
vn 0.9742 -0.2222 -0.0392
vn 0.9825 0.1836 0.0326
vn 0.9743 0.1950 -0.1128
vn 0.9744 0.2214 -0.0392
vn 0.9821 -0.1853 0.0339
vn 0.9742 0.1451 -0.1730
vn 0.9832 -0.1169 0.1404
vn -0.9743 0.1445 0.1727
vn -0.9741 0.1956 0.1136
vn -0.9829 -0.1592 -0.0927
vn -0.9743 0.0765 0.2117
vn -1.0000 0.0002 -0.0008
vn -0.9740 -0.2232 -0.0391
vn -0.9742 -0.2223 0.0389
vn 0.9744 -0.0767 -0.2115
vn 0.9743 0.0001 -0.2255
vn 0.9838 0.0009 0.1791
vn 0.9740 -0.0000 -0.2264
vn 0.9741 0.0776 -0.2125
vn 0.9743 -0.2221 -0.0389
vn 0.9741 -0.1955 -0.1135
vn -0.9740 0.1456 -0.1737
vn -0.9742 0.0776 -0.2121
vn -1.0000 0.0001 -0.0007
vn -0.9741 -0.1450 -0.1734
vn -0.9743 -0.1947 -0.1130
vn 0.9741 0.2228 0.0396
vn 0.9741 0.1957 0.1130
vn 0.9809 -0.1685 -0.0970
vn 0.9816 -0.1879 -0.0326
vn 0.9830 -0.0600 0.1735
vn 0.9832 -0.1135 0.1432
vn 0.9830 0.0589 0.1739
vn 0.9828 -0.0004 0.1844
vn -0.9844 -0.1719 -0.0389
vn -0.9847 -0.1728 0.0216
vn -1.0000 -0.0000 -0.0097
vn -0.9832 -0.1128 -0.1433
vn -0.9836 -0.1525 -0.0964
vn -0.9803 -0.1276 0.1509
vn -0.9017 -0.1498 0.4055
vn -0.9034 -0.2785 0.3260
vn -0.9095 -0.4104 0.0664
vn 0.9140 0.3491 0.2065
vn 0.9106 0.4059 0.0775
vn 0.9807 0.1261 -0.1494
vn 0.9049 0.3713 -0.2081
vn 0.9743 0.2219 0.0394
vn 0.5212 0.8405 -0.1482
vn 0.5208 0.8407 0.1483
vn 0.9741 0.1958 -0.1131
vn 0.5217 0.5483 -0.6536
vn 0.5211 0.7391 -0.4269
vn 0.9099 -0.4094 -0.0672
vn 0.9125 -0.4018 0.0771
vn 0.9837 -0.0614 0.1692
vn 0.9832 -0.1170 0.1405
vn 0.9179 -0.2524 0.3063
vn -0.9129 -0.4010 -0.0760
vn -0.9153 -0.3460 -0.2059
vn -0.9837 0.0004 -0.1800
vn -0.9189 -0.1327 -0.3714
vn -0.9836 0.0624 -0.1695
vn -0.9188 0.0008 -0.3946
vn -0.9180 0.1344 -0.3731
vn -0.9832 0.1584 -0.0911
vn -0.9137 0.3494 -0.2073
vn 0.9187 -0.1334 0.3717
vn 0.9191 0.0003 0.3941
vn 0.9835 0.1155 0.1389
vn 0.9164 0.2547 0.3088
vn 0.9738 -0.1973 0.1130
vn 0.9743 -0.2219 0.0391
vn 0.9818 0.1870 -0.0320
vn -0.9740 -0.0002 -0.2267
vn -0.9739 -0.0775 0.2135
vn -0.9741 -0.2229 0.0390
vn 1.0000 0.0005 0.0014
vn 0.9744 -0.1445 0.1723
vn 0.9741 -0.1959 0.1128
vn -0.9745 0.0765 0.2107
vn -0.9742 0.2222 0.0390
vn 0.9804 0.0681 -0.1850
vn 0.9026 0.2800 -0.3268
vn 0.9015 0.1503 -0.4059
vn 0.9008 -0.0010 -0.4342
vn 0.9013 -0.1495 -0.4065
vn 0.9743 0.1948 0.1126
vn 0.9743 0.2220 0.0394
vn -0.9111 0.4049 -0.0769
vn -0.9077 0.4142 0.0668
vn -0.9049 0.3709 0.2086
vn -0.9027 0.2798 0.3270
vn -0.9743 0.0004 0.2253
vn -0.9744 -0.0773 0.2109
vn -0.5208 -0.2919 0.8022
vn -0.9741 -0.1455 0.1728
vn -0.5212 -0.7391 0.4267
vn -0.5218 -0.5484 0.6534
vn -0.9008 0.0006 0.4343
vn 0.9072 -0.3666 -0.2065
vn 0.9013 -0.1496 -0.4064
vn -0.5210 -0.7389 -0.4273
vn -0.9742 -0.2221 -0.0392
vn -0.9741 -0.1958 -0.1134
vn -0.5218 0.5484 -0.6534
vn 0.5213 -0.2918 0.8019
vn 0.5216 0.8402 0.1485
vn 0.9741 0.1957 0.1129
vn 0.5210 -0.7389 -0.4273
vn 0.9740 -0.1464 -0.1728
vn 0.9740 -0.1959 -0.1134
vn 0.5210 0.7389 -0.4273
vn 0.9744 0.2214 -0.0393
vn 0.5212 -0.2918 -0.8020
vn -0.5218 0.5484 0.6534
vn 0.5213 0.2918 -0.8019
vn 0.9742 0.1452 -0.1729
vn 0.9743 0.1447 -0.1724
vn 0.5217 0.5483 -0.6535
vn -0.9742 -0.2223 0.0390
vn -0.5215 -0.8402 -0.1485
vn 0.5216 -0.8402 -0.1485
vn -0.9741 -0.0773 -0.2125
vn -0.5221 -0.0000 -0.8529
vn 0.9741 -0.0774 0.2124
vn 0.9741 0.0005 0.2263
vn 0.5221 -0.0000 0.8529
vn 0.5218 -0.5484 -0.6534
vn -0.9741 -0.1450 -0.1733
vn -0.5218 -0.5484 -0.6534
vn 0.5221 -0.0000 -0.8529
vn 0.9744 0.1444 0.1724
vn 0.5218 0.5484 0.6534
vn -0.9742 -0.1455 0.1728
vn -0.9740 -0.1960 0.1132
vn -0.5211 -0.7391 0.4268
vn -0.9742 0.0776 -0.2120
vn 0.9800 -0.0014 -0.1989
vn 0.9015 0.1503 -0.4058
vn 0.5210 -0.7389 0.4273
vn 0.9743 -0.2219 0.0389
vn -0.5212 -0.2918 0.8020
vn -0.9742 -0.0004 0.2255
vn -0.9739 -0.0776 0.2135
vn -0.5216 -0.8402 0.1485
vn 0.9740 0.1454 0.1735
vn -0.5222 0.8398 0.1483
vn -0.9812 0.1677 0.0959
vn 0.9827 -0.1598 0.0931
vn 0.9821 -0.1853 0.0340
vn 0.9744 -0.1444 0.1723
vn 0.5216 -0.5485 0.6535
vn -0.9745 0.0765 0.2108
vn -0.5212 0.2918 0.8020
vn -0.9742 0.2225 -0.0391
vn -0.5219 0.8401 0.1480
vn 0.9819 0.1869 -0.0320
vn 0.9106 0.4059 0.0774
vn -0.9832 -0.1162 -0.1408
vn -0.9153 -0.3460 -0.2060
vn -0.9829 -0.1593 -0.0927
vn 0.9837 0.0606 0.1692
vn 0.9836 -0.1522 0.0967
vn 0.9843 -0.1721 0.0393
vn 0.9079 0.4136 -0.0677
vn -0.9745 -0.0773 0.2109
vn 0.9742 0.2222 -0.0396
vn 0.5212 0.8405 -0.1483
vn -0.9829 -0.0010 -0.1842
vn -0.9830 -0.0602 -0.1735
vn -0.9010 0.1511 0.4067
vn -0.9008 0.0005 0.4343
vn -0.9852 -0.1524 0.0785
vn -0.9857 -0.1122 0.1257
vn -0.9165 0.2538 -0.3092
vn 0.9858 -0.1123 -0.1251
vn 0.9861 -0.0588 -0.1551
vn 0.9182 0.1344 0.3727
vn 0.9836 0.1523 0.0969
vn 0.9831 0.1136 0.1434
vn 0.9809 -0.1685 -0.0969
vn 0.9038 -0.2777 -0.3256
vn -0.9844 0.1715 -0.0389
vn -0.9837 0.1524 -0.0955
vn -0.9067 -0.3678 0.2067
vn -0.9862 0.0592 0.1546
vn -0.9858 0.1124 0.1247
vn -0.9176 -0.2519 -0.3074
vn -0.9189 -0.1327 -0.3715
vn 0.9858 0.1124 -0.1249
vn 0.9855 0.1509 -0.0780
vn 0.9156 -0.3455 0.2059
vn 0.5224 0.7386 0.4262
vn 0.9740 0.1455 0.1735
vn 0.5215 0.8402 0.1485
vn 0.5224 0.7385 0.4263
vn -0.5217 0.7389 0.4265
vn -0.5222 0.8398 0.1484
vn -0.5217 0.7389 0.4264
vn 0.5224 0.8397 -0.1484
vn 0.5224 0.8397 -0.1483
vn -0.5210 -0.5485 -0.6540
vn -0.5211 -0.2920 -0.8020
vn -0.5213 0.7390 -0.4267
vn -0.5214 0.8403 -0.1483
vn -0.5213 0.7391 -0.4266
vn -0.9741 0.1964 -0.1123
vn -0.5213 0.2917 0.8020
vn -0.5219 0.0001 0.8530
vn 0.5213 -0.5485 -0.6537
vn 0.5210 -0.7389 -0.4274
vn -0.5208 0.2919 -0.8022
vn 0.5221 0.5481 -0.6534
vn 0.5221 0.5482 -0.6534
vn 0.5212 -0.5485 0.6538
vn 0.5212 -0.2918 0.8020
vn 0.5208 0.2919 0.8022
vn 0.5215 -0.8402 -0.1485
vn 0.5221 -0.8399 0.1482
vn 0.9742 -0.2221 -0.0393
vn -0.5214 -0.5485 0.6537
vn 0.5212 0.2918 -0.8020
vn 0.9743 0.0001 -0.2254
vn -0.5221 -0.8399 -0.1482
vn -0.5215 -0.8402 0.1485
vn 0.5209 0.2920 0.8021
vn 0.9741 0.0773 0.2123
vn 0.5209 0.2921 0.8021
vn -0.5213 0.2918 -0.8020
vn -0.9740 -0.2232 -0.0392
vn -0.5216 -0.8402 -0.1484
vn -0.9743 -0.1946 -0.1130
vn 0.5215 0.2915 -0.8019
vn 0.9741 0.0776 -0.2124
vn 0.5215 0.2916 -0.8019
vn 0.5216 -0.7390 -0.4264
vn -0.5221 -0.0000 0.8529
vn -0.5222 0.7385 0.4265
vn -0.5219 0.8400 0.1480
vn -0.9741 0.1958 0.1136
vn -0.5212 0.5487 0.6537
vn -0.5209 -0.2921 -0.8021
vn -0.5210 -0.2921 -0.8020
vn 0.5210 0.7389 0.4274
vn 0.5210 0.7389 0.4273
vn 0.5219 -0.2916 0.8016
vn 0.9741 -0.0774 0.2123
vn 0.5225 -0.8397 0.1481
vn 0.9742 -0.2224 0.0393
vn 0.5224 -0.7385 0.4263
vn 0.5226 -0.8396 0.1481
vn 0.5214 -0.2918 -0.8018
vn 0.5215 -0.2918 -0.8018
vn -0.5211 -0.7391 0.4267
vn -0.9743 0.1953 -0.1124
vn -0.5212 0.8405 -0.1481
vn -0.5211 -0.2919 -0.8020
vn -0.9742 -0.1452 -0.1730
vn -0.5219 -0.0000 0.8530
vn -0.5213 -0.2918 0.8020
vn -0.5212 0.5486 0.6537
vn 0.5216 -0.5484 0.6536
vn 0.5224 -0.7385 0.4264
vn 0.9742 -0.2224 0.0392
vn 0.9741 0.2229 0.0394
vn 0.9740 0.1455 0.1734
vn 0.9741 0.1958 0.1129
vn -0.5212 0.2918 -0.8020
vn -0.9835 0.0624 -0.1695
vn 0.9744 -0.0768 -0.2115
vn -0.9799 -0.0002 0.1993
vn 0.9743 -0.0763 0.2118
vn 0.9743 0.1951 -0.1127
vn 0.9742 -0.2222 -0.0393
vn 0.9743 0.1949 0.1126
vn 0.9743 0.1447 -0.1725
vn -0.9740 -0.2231 -0.0391
vn -0.5209 -0.2920 -0.8021
vn -0.9741 -0.1451 -0.1733
vn 0.9740 -0.0002 -0.2264
vn 0.9742 -0.2223 0.0393
vn 0.5225 -0.8396 0.1482
vn -0.5221 0.7385 0.4265
vn -0.5210 -0.5486 -0.6539
vn -0.9741 0.1451 -0.1736
vn -0.5213 0.7391 -0.4267
vn -0.9741 0.1964 -0.1124
vn 0.9744 -0.1444 0.1724
vn -0.9741 -0.1961 0.1129
vn -0.9743 0.2220 0.0391
vn -0.9800 -0.0002 0.1992
vn 0.9807 0.1262 -0.1493
vn 0.9742 0.0774 0.2119
vn 0.9800 -0.0675 -0.1871
vn 0.9805 -0.1267 -0.1503
vn -0.9803 -0.1275 0.1509
vn -0.9801 -0.0680 0.1862
vn -0.9017 -0.1499 0.4055
vn -0.9802 -0.0680 0.1862
vn 0.9818 0.1869 -0.0320
vn 0.9079 0.4136 -0.0678
vn 0.9140 0.3491 0.2066
vn 0.9825 0.1836 0.0325
vn -0.9834 0.1160 -0.1393
vn -0.9129 -0.4010 -0.0761
vn -0.9829 -0.1592 -0.0926
vn -0.9836 -0.0617 -0.1693
vn 0.9187 -0.1335 0.3717
vn 0.9038 -0.2777 -0.3257
vn -0.9833 0.1124 -0.1433
vn 0.9840 0.1737 0.0393
vn 0.9855 0.1510 -0.0780
vn 0.9125 -0.4018 0.0770
vn -0.9153 -0.3461 -0.2059
vn 0.9832 0.1581 0.0918
vn -0.9862 -0.0596 0.1546
vn -0.9165 0.2539 -0.3092
vn -0.9741 -0.1960 0.1132
vn -0.9742 -0.1456 0.1727
vn -0.5213 0.2918 -0.8019
vn 0.5220 0.2916 -0.8015
vn -0.5211 -0.8406 0.1481
vn -0.5220 -0.8400 -0.1481
vn 0.5219 -0.8401 -0.1482
vn 0.5209 -0.2920 -0.8021
vn 0.5212 0.5485 0.6538
vn -0.5220 0.7387 0.4265
vn -0.5228 0.5480 0.6530
vn -0.5213 -0.2918 0.8019
vn 0.5211 -0.2919 0.8021
vn -0.5214 0.7390 -0.4266
vn -0.5214 0.8403 -0.1482
vn 0.5208 0.8407 0.1482
vn 0.5214 0.8403 -0.1484
vn -0.5209 0.8406 -0.1481
vn -0.5226 -0.7382 -0.4265
vn 0.5219 -0.5485 -0.6533
vn 0.5208 -0.7393 -0.4269
vn 0.5218 0.5483 -0.6535
vn -0.5210 0.5486 -0.6539
vn 0.5210 -0.2921 -0.8021
vn 0.5212 -0.5485 -0.6538
vn 0.5223 -0.8398 0.1479
vn 0.5222 -0.7386 0.4264
vn -0.5209 0.0001 0.8536
vn -0.5213 -0.2919 0.8019
vn -0.5222 0.8399 0.1478
vn 0.5223 0.7386 0.4263
vn 0.5223 0.8398 0.1480
vn -0.5222 -0.5482 0.6533
vn 0.5209 -0.0002 0.8536
vn -0.5211 0.0002 0.8535
vn -0.5216 -0.2917 -0.8018
vn -0.5222 0.0002 -0.8528
vn 0.5216 -0.0002 -0.8532
vn -0.5209 0.7393 0.4267
vn -0.5221 0.5483 0.6533
vn -0.5221 0.2917 0.8014
vn -0.5211 0.0001 0.8535
vn 0.5210 -0.8406 0.1481
vn -0.5220 -0.7386 -0.4266
vn 0.5212 0.7391 -0.4268
vn 0.5218 0.5484 -0.6534
vn 0.5213 0.8404 -0.1483
vn -0.5209 0.7393 -0.4267
vn -0.5218 0.2926 0.8013
vn 0.5224 -0.0002 0.8527
vn 0.5228 0.2915 0.8011
vn 0.5210 0.2921 0.8021
vn -0.5227 0.5481 0.6530
vn -0.5214 0.7390 -0.4267
vn 0.5221 0.7386 -0.4266
vn -0.5212 -0.5484 0.6539
vn -0.5218 -0.7388 0.4266
vn 0.5210 -0.7389 0.4274
vn 0.5220 -0.2918 -0.8015
vn 0.5216 0.2917 -0.8018
vn 0.5222 0.0001 -0.8528
vn 0.5215 -0.8403 -0.1482
vn -0.5222 0.5482 -0.6533
vn -0.5218 -0.5483 -0.6536
vn 0.5223 0.7386 0.4262
vn -0.5212 -0.5485 0.6539
vn -0.5215 0.8404 0.1478
vn -0.5220 0.7387 0.4264
vn 0.5214 -0.5490 0.6532
vn -0.5220 -0.2924 0.8013
vn -0.5215 -0.8402 0.1484
vn -0.5220 -0.8399 -0.1482
vn -0.5220 -0.2925 0.8013
vn -0.5218 0.2925 0.8013
vn 0.5212 0.7391 -0.4267
vn -0.5214 0.8404 -0.1483
vn -0.5221 0.5482 -0.6533
vn 0.5219 -0.2918 -0.8015
vn -0.5221 0.2918 0.8014
vn -0.5223 0.0002 -0.8528
vn 0.5220 0.2916 -0.8016
vn 0.5216 -0.0001 -0.8532
vn 0.5219 0.5484 -0.6534
vn 0.5216 0.2916 -0.8018
vn 0.5208 -0.7392 -0.4270
vn 0.5210 0.2920 0.8021
vn -0.5217 -0.5484 -0.6535
vn -0.5217 -0.2917 -0.8018
vn 0.5222 -0.0000 -0.8528
vn -0.5218 -0.7387 0.4266
vn 0.5223 -0.8398 0.1478
vn -0.5221 0.5482 0.6534
vn -0.5210 0.8406 -0.1481
vn -0.5215 0.8404 0.1477
vn 0.5214 -0.5490 0.6533
vn -0.5220 0.5483 0.6534
vn 0.5227 0.2915 0.8011
vn -0.5214 0.8404 -0.1482
vn -0.5222 0.8399 0.1479
vn -0.9999 0.0006 -0.0101
vn -0.9862 -0.0593 0.1549
vn -0.9863 -0.0001 0.1651
vn 1.0000 -0.0002 0.0004
vn 0.9740 -0.0000 0.2267
vn 0.9741 -0.0769 0.2128
vn 1.0000 -0.0009 0.0093
vn 0.9852 -0.1526 -0.0785
vn 0.9857 -0.1125 -0.1251
vn 0.9830 -0.0594 0.1738
vn 0.9833 -0.1129 0.1428
vn -1.0000 -0.0002 0.0010
vn -0.9743 0.1448 -0.1723
vn -0.9742 0.0768 -0.2124
vn -1.0000 -0.0003 0.0010
vn -0.9739 -0.0780 -0.2130
vn -0.9742 -0.1444 -0.1733
vn -0.9740 -0.0002 0.2267
vn -0.9835 -0.0612 -0.1703
vn -0.9836 0.0006 -0.1802
vn 0.9743 -0.1949 0.1130
vn 0.9742 -0.2224 0.0391
vn -0.9832 0.1130 -0.1434
vn -0.9829 0.0598 -0.1744
vn -0.9999 0.0006 -0.0100
vn -0.9853 0.1518 0.0788
vn -0.9847 0.1730 0.0216
vn 0.9740 0.0779 -0.2127
vn 0.9742 0.1452 -0.1730
vn 0.9831 -0.1176 0.1404
vn 0.9742 -0.2221 -0.0392
vn 0.9832 0.1580 0.0918
vn 0.9826 0.1828 0.0328
vn 0.9741 -0.1450 -0.1733
vn 0.9743 -0.0770 -0.2117
vn -0.9742 -0.2224 0.0391
vn -0.9743 -0.1953 0.1125
vn -1.0000 -0.0002 0.0008
vn -0.9741 0.2226 -0.0394
vn -0.9742 0.1956 -0.1126
vn 0.9740 0.1460 0.1734
vn 0.9740 0.0774 0.2128
vn 0.9743 -0.0769 0.2117
vn 0.9806 0.1261 -0.1500
vn 0.9802 0.0682 -0.1859
vn 0.9743 -0.2217 0.0392
vn 0.9741 0.1957 0.1134
vn 0.9803 -0.1274 -0.1511
vn 0.9809 -0.1686 -0.0968
vn 0.9742 0.2224 -0.0391
vn 0.9741 0.2227 0.0391
vn 0.9815 -0.1888 -0.0323
vn -0.9742 -0.2222 0.0390
vn -0.9829 0.1591 -0.0925
vn -0.9825 0.1834 -0.0328
vn -0.9740 -0.1454 0.1737
vn -0.9740 -0.0776 0.2128
vn -0.9835 0.0620 -0.1698
vn -0.9741 -0.1956 -0.1135
vn -0.9742 -0.2225 -0.0392
vn -0.9817 0.1879 0.0324
vn -0.9740 -0.0778 -0.2128
vn -0.9742 -0.1451 -0.1731
vn -0.9807 0.1262 0.1497
vn 0.9025 0.2799 -0.3272
vn 0.9013 0.1506 -0.4062
vn 0.9742 0.1452 0.1730
vn -0.9740 0.1460 -0.1733
vn -0.9742 0.0772 -0.2123
vn -0.9800 -0.0683 0.1871
vn -0.9741 0.2227 -0.0397
vn -0.9741 0.1957 -0.1130
vn -0.9809 -0.1685 0.0975
vn -0.9802 0.0004 0.1982
vn -0.9807 0.1262 0.1496
vn -0.9801 0.0684 0.1864
vn -0.9741 0.2228 0.0392
vn -0.9814 -0.1889 0.0330
vn -0.9822 -0.1849 -0.0332
vn -0.9742 0.1451 0.1730
vn -0.9742 0.1957 0.1125
vn -0.9829 -0.1593 -0.0925
vn 0.9741 -0.0005 -0.2261
vn 0.9836 -0.0614 0.1699
vn 0.9837 0.0004 0.1797
vn 0.9742 -0.0774 -0.2121
vn -1.0000 -0.0002 0.0007
vn -0.9740 0.1454 0.1736
vn -0.9743 0.1953 0.1121
vn -0.9742 -0.1950 0.1133
vn 0.9741 -0.1450 0.1733
vn 0.9742 -0.1958 0.1120
vn 0.9814 0.1669 -0.0953
vn 0.9741 -0.1453 -0.1730
vn 0.9833 0.1170 0.1390
vn -0.9741 0.0768 0.2128
vn 1.0000 -0.0000 -0.0001
vn 0.9742 -0.0001 -0.2256
vn 0.9741 0.0775 -0.2126
vn -0.9741 -0.1959 -0.1129
vn -0.9742 -0.2223 -0.0395
vn 0.9742 -0.2222 -0.0390
vn 0.9741 -0.1956 -0.1136
vn 0.9862 0.0598 -0.1546
vn 0.9858 0.1126 -0.1249
vn -0.9844 -0.1718 -0.0389
vn -0.9832 -0.1127 -0.1434
vn -0.9836 -0.1525 -0.0965
vn 0.9743 0.0768 0.2116
vn 0.9799 0.0006 -0.1996
vn 0.9802 -0.0680 -0.1859
vn 0.9742 -0.0000 0.2256
vn 0.9743 -0.0770 0.2117
vn 0.9828 -0.1598 0.0930
vn 0.9831 -0.1177 0.1403
vn 0.9822 -0.1848 0.0338
vn 0.9099 -0.4096 -0.0663
vn 0.9128 -0.4012 0.0768
vn 0.9832 0.1580 0.0919
vn 0.9141 0.3488 0.2068
vn 0.9007 0.0006 -0.4344
vn 0.9829 0.0601 0.1738
vn 0.9830 0.0003 0.1836
vn 0.9837 0.0003 0.1798
vn 0.9836 -0.0613 0.1699
vn 0.9189 -0.1328 0.3714
vn 0.9165 0.2547 0.3084
vn -0.9804 -0.1271 0.1504
vn -0.9018 -0.1488 0.4058
vn -0.9042 -0.2769 0.3252
vn -0.9096 -0.4101 0.0663
vn 0.9745 0.2210 0.0384
vn 0.5210 0.8406 -0.1481
vn 0.5218 0.8401 0.1481
vn 0.9741 0.1957 -0.1133
vn 0.5216 0.5485 -0.6536
vn 0.5209 0.7392 -0.4269
vn -0.9829 -0.1594 -0.0926
vn -0.9129 -0.4007 -0.0774
vn -0.9156 -0.3456 -0.2054
vn -0.9836 0.0005 -0.1802
vn -0.9190 -0.1327 -0.3711
vn -0.9835 0.0621 -0.1698
vn -0.9189 0.0001 -0.3944
vn -0.9181 0.1342 -0.3728
vn -0.9142 0.3486 -0.2067
vn -0.9741 0.0004 -0.2262
vn -0.9740 -0.0778 -0.2129
vn 0.9745 0.1942 -0.1122
vn 0.9742 0.2224 -0.0392
vn 0.9742 -0.0001 0.2256
vn 0.9799 0.0006 -0.1997
vn -0.9742 0.2224 0.0388
vn -0.9741 0.2226 -0.0393
vn 0.9741 -0.1452 0.1733
vn -0.9741 -0.0000 -0.2263
vn -0.9112 0.4048 -0.0770
vn -0.9075 0.4146 0.0671
vn -0.9050 0.3711 0.2081
vn -0.9029 0.2795 0.3266
vn 0.9741 0.1957 0.1131
vn 0.9745 0.2210 0.0383
vn -0.9742 0.0774 0.2120
vn -0.9741 -0.0003 0.2259
vn -0.9741 -0.0781 0.2120
vn -0.5212 -0.5485 0.6538
vn -0.5209 -0.2920 0.8021
vn -0.9802 0.0005 0.1983
vn -0.9008 0.0006 0.4342
vn -0.9029 0.2794 0.3267
vn 0.9845 -0.1713 0.0386
vn 0.9848 -0.1725 -0.0219
vn 0.9818 0.1873 -0.0324
vn 0.9112 0.4046 0.0771
vn 0.9076 0.4145 -0.0670
vn 0.9038 -0.2776 -0.3258
vn 0.9015 -0.1497 -0.4062
vn 0.9836 -0.0614 0.1698
vn 0.9172 -0.2530 0.3077
vn 0.9155 -0.3461 0.2052
vn -0.9742 -0.2225 -0.0391
vn -0.9740 -0.0776 0.2129
vn 0.9741 -0.1454 -0.1730
vn 0.5215 -0.8402 0.1485
vn 0.5218 -0.5484 0.6534
vn 0.9742 -0.1957 0.1120
vn -0.9740 -0.0001 0.2267
vn -0.9740 0.1455 0.1737
vn 0.9739 0.1461 -0.1736
vn 0.5215 0.5485 -0.6536
vn -0.9742 -0.2223 -0.0394
vn -0.9741 -0.0780 0.2120
vn -0.9740 -0.1452 0.1737
vn -0.9743 -0.1954 0.1124
vn 0.9740 0.0775 -0.2126
vn -0.9741 0.0003 -0.2262
vn 0.5212 0.2918 0.8020
vn 0.9742 -0.0000 0.2255
vn 0.9743 0.0768 0.2117
vn -0.5215 0.8402 0.1485
vn -0.9741 0.2228 -0.0397
vn 0.9815 -0.1888 -0.0324
vn -0.9813 0.1673 0.0954
vn -0.9816 0.1879 0.0324
vn -0.9739 -0.0780 -0.2129
vn -0.5209 -0.0004 -0.8536
vn 0.9741 -0.1453 0.1734
vn 0.5216 -0.5491 0.6530
vn -0.9832 -0.1171 -0.1399
vn -0.9834 0.1156 -0.1395
vn -0.9181 0.1342 -0.3729
vn 0.9834 0.1170 0.1390
vn 0.9835 0.0621 0.1698
vn 0.9180 0.1341 0.3732
vn 0.9742 0.2221 -0.0398
vn 0.5209 0.8406 -0.1482
vn -0.5218 -0.0000 0.8530
vn -0.9829 0.0001 -0.1843
vn -0.9830 -0.0596 -0.1739
vn -0.9801 0.0005 0.1983
vn -0.9012 0.1499 0.4067
vn -0.9008 0.0005 0.4342
vn -0.9853 -0.1516 0.0788
vn -0.9858 -0.1121 0.1254
vn -0.9165 0.2551 -0.3082
vn 0.9833 0.1129 0.1426
vn 0.9809 -0.1685 -0.0968
vn 0.9069 -0.3673 -0.2066
vn 0.9862 -0.0591 -0.1546
vn 0.9862 -0.0000 -0.1656
vn 0.9188 -0.0000 0.3947
vn -0.9843 0.1721 -0.0389
vn -0.9836 0.1528 -0.0964
vn -0.9066 -0.3676 0.2070
vn -0.9861 0.0596 0.1549
vn -0.9859 0.1121 0.1242
vn -0.9176 -0.2531 -0.3066
vn -0.5213 0.2918 0.8019
vn -0.9741 0.0767 0.2128
vn -0.5212 0.7391 0.4267
vn -0.5216 0.8402 0.1484
vn -0.5211 0.7391 0.4268
vn -0.5215 -0.5481 -0.6539
vn -0.5215 -0.2918 -0.8018
vn -0.5209 0.7394 -0.4266
vn -0.5211 0.8405 -0.1482
vn -0.5210 -0.7389 0.4274
vn -0.5210 -0.7389 0.4273
vn 0.5209 -0.7394 0.4265
vn 0.5216 -0.8402 0.1484
vn 0.5209 -0.7395 0.4265
vn 0.5224 0.0002 -0.8527
vn 0.5213 -0.2918 -0.8020
vn 0.9741 -0.0005 -0.2260
vn 0.5213 -0.2917 0.8020
vn 0.5219 -0.0001 0.8530
vn 0.5226 -0.8396 -0.1480
vn 0.5226 -0.8396 -0.1481
vn -0.5209 -0.2921 0.8021
vn 0.5212 0.5485 -0.6538
vn -0.5223 -0.8398 -0.1480
vn -0.5223 -0.8399 -0.1479
vn 0.5218 0.8401 0.1482
vn 0.9741 0.2227 0.0390
vn 0.5214 0.5485 0.6537
vn 0.5222 -0.2917 0.8014
vn 0.5215 0.5484 -0.6536
vn 0.9740 0.0776 -0.2126
vn -0.9740 0.1455 0.1736
vn -0.9742 -0.2225 0.0391
vn -0.9742 -0.2223 -0.0393
vn -0.5214 -0.5485 -0.6537
vn -0.5213 -0.2918 -0.8019
vn -0.5213 -0.5485 -0.6537
vn -0.5212 -0.5486 0.6538
vn -0.9743 -0.1953 0.1124
vn 0.5209 -0.8406 0.1484
vn 0.9742 -0.2225 0.0391
vn 0.5208 -0.7393 0.4269
vn 0.5216 0.7391 0.4262
vn 0.9741 0.1956 0.1132
vn -0.9740 -0.0779 -0.2128
vn -0.5215 -0.2919 -0.8017
vn 0.5219 -0.0000 0.8530
vn -0.9742 0.1955 -0.1126
vn -0.5208 -0.0003 -0.8537
vn 0.5208 -0.7393 0.4270
vn 0.9837 -0.1523 0.0957
vn 0.9051 0.3712 -0.2073
vn 0.9858 0.1127 -0.1249
vn 0.9854 0.1514 -0.0784
vn 0.9172 -0.2531 0.3077
vn 0.9741 -0.1452 0.1734
vn -1.0000 -0.0001 0.0004
vn -1.0000 -0.0002 0.0009
vn -0.9740 -0.1453 0.1737
vn 0.9743 -0.2217 0.0391
vn -0.9741 0.0772 -0.2123
vn 0.9741 0.0776 -0.2126
vn 0.9739 0.1461 -0.1737
vn -0.9741 -0.0001 -0.2263
vn 0.5209 -0.2921 -0.8021
vn -0.9742 0.2224 0.0389
vn -0.5211 0.7391 0.4267
vn 0.9742 -0.2222 -0.0391
vn -0.9740 0.1461 -0.1733
vn -0.5209 0.7394 -0.4267
vn 0.9742 -0.0772 -0.2122
vn 0.9741 -0.1959 -0.1134
vn 0.5213 -0.2918 0.8020
vn 1.0000 -0.0001 0.0004
vn -0.9741 0.2228 0.0393
vn 0.9745 0.1942 -0.1123
vn 0.5213 0.5485 -0.6538
vn 0.9745 0.1943 -0.1122
vn -0.9742 -0.0780 0.2120
vn 0.5219 0.8401 0.1482
vn 0.9013 0.1507 -0.4062
vn 0.9806 0.1261 -0.1501
vn -0.9740 0.1461 -0.1734
vn 0.9112 0.4046 0.0770
vn -0.9834 0.1156 -0.1396
vn -0.9129 -0.4008 -0.0774
vn 0.9165 0.2548 0.3084
vn 0.9833 0.1170 0.1391
vn 0.9836 -0.0613 0.1698
vn -0.9189 0.0002 -0.3944
vn 0.9837 0.0004 0.1798
vn 0.9833 0.1129 0.1425
vn -0.9066 -0.3677 0.2070
vn 0.9076 0.4144 -0.0671
vn 0.9852 -0.1526 -0.0784
vn -0.9853 -0.1515 0.0788
vn -0.9859 0.1120 0.1242
vn 0.9180 0.1340 0.3732
vn -0.9862 -0.0594 0.1549
vn 0.9862 0.0001 -0.1656
vn 1.0000 0.0001 -0.0000
vn -0.9742 -0.0003 0.2259
vn -0.9742 0.0773 0.2121
vn -0.9742 -0.0781 0.2120
vn -0.5211 -0.8405 0.1482
vn 0.5225 -0.8397 -0.1480
vn 0.5212 -0.8405 0.1482
vn -0.5215 0.5483 -0.6537
vn -0.5214 -0.2918 0.8019
vn -0.5216 -0.5485 0.6535
vn 0.5214 -0.5485 0.6537
vn 0.5214 0.5485 0.6536
vn 0.5221 0.7386 0.4265
vn -0.5211 0.2919 -0.8020
vn -0.5212 0.5486 -0.6537
vn 0.5214 -0.5485 -0.6536
vn -0.5219 -0.5484 -0.6534
vn 0.5223 -0.2917 0.8014
vn 0.5213 -0.0000 0.8534
vn -0.5221 0.0001 0.8529
vn 0.5215 -0.7392 -0.4262
vn -0.5209 -0.8406 -0.1484
vn -0.5222 -0.7387 -0.4263
vn -0.5213 0.2917 -0.8020
vn 0.5209 0.2920 -0.8021
vn 0.5215 0.5485 0.6536
vn -0.5216 0.5484 0.6536
vn 0.5220 0.8400 0.1481
vn 0.5212 0.8405 -0.1481
vn -0.5211 0.7392 0.4268
vn -0.5213 -0.2919 -0.8019
vn 0.5209 -0.2918 -0.8022
vn 0.5218 -0.5488 0.6531
vn -0.5210 -0.2921 0.8021
vn 0.5208 -0.7392 0.4270
vn -0.5228 -0.2915 -0.8011
vn -0.5213 0.8404 -0.1482
vn -0.5213 0.5485 -0.6537
vn -0.5209 -0.7393 0.4267
vn 0.5213 0.2920 0.8019
vn 0.5215 0.5484 0.6537
vn -0.5217 0.5484 0.6536
vn -0.5214 0.2919 0.8018
vn -0.5217 -0.8402 0.1481
vn -0.5216 -0.5485 0.6536
vn -0.5211 -0.7391 -0.4267
vn 0.5216 -0.5485 -0.6535
vn 0.5224 -0.7386 -0.4262
vn -0.5215 0.2919 0.8018
vn 0.5213 0.2918 -0.8020
vn 0.5219 -0.0000 -0.8530
vn -0.5224 0.0002 -0.8527
vn -0.5211 -0.7391 -0.4268
vn 0.5214 -0.7392 -0.4262
vn 0.5217 -0.8402 -0.1481
vn -0.5211 0.2919 -0.8021
vn -0.5215 0.5483 -0.6538
vn 0.5210 0.7389 -0.4274
vn 0.5218 0.7391 0.4261
vn -0.5219 0.8401 0.1476
vn -0.5210 0.7392 0.4268
vn 0.5220 0.7386 0.4265
vn 0.5222 -0.2916 0.8014
vn 0.5209 0.2919 -0.8022
vn 0.5218 0.7391 0.4260
vn 0.5221 0.8399 0.1482
vn -0.5215 0.8402 0.1484
vn -0.5222 -0.7386 -0.4263
vn 0.5208 -0.7392 0.4269
vn -0.5213 0.5486 -0.6537
vn -0.5215 -0.8402 -0.1484
vn 0.5225 -0.8397 -0.1479
vn -0.5217 -0.8402 0.1480
vn 0.5209 0.2920 -0.8022
vn 0.5212 0.2919 0.8019
vn -0.5209 -0.7394 0.4266
vn -0.5214 -0.2918 0.8018
vn 0.5223 -0.2916 0.8014
vn -0.5213 -0.5486 -0.6537
vn 0.5217 -0.5485 -0.6535
vn 0.5213 0.2918 0.8019
vn 0.5210 -0.8406 0.1484
vn 0.5214 -0.5485 -0.6537
vn -0.5215 0.2918 0.8018
vn 0.5213 0.2918 0.8020
vn -0.5208 -0.0004 -0.8536
vn -0.5212 0.8404 -0.1483
vn 0.5211 0.8405 -0.1481
vt 0.767395 0.653870
vt 0.750977 0.937256
vt 0.100464 0.937256
vt 0.785156 0.765747
vt 0.763306 0.786194
vt 0.750244 0.776733
vt 0.600403 0.684753
vt 0.594360 0.666443
vt 0.604370 0.679443
vt 0.333862 0.625854
vt 0.659729 0.988586
vt 0.499695 0.527283
vt 0.594055 0.688843
vt 0.608276 0.699585
vt 0.591309 0.682617
vt 0.663818 0.629395
vt 0.665222 0.619629
vt 0.682373 0.636414
vt 0.614990 0.672729
vt 0.629150 0.661255
vt 0.630249 0.690674
vt 0.665283 0.605347
vt 0.683777 0.622314
vt 0.725281 0.634460
vt 0.708923 0.619507
vt 0.708557 0.603882
vt 0.618286 0.658386
vt 0.607483 0.663940
vt 0.617737 0.674316
vt 0.771423 0.778076
vt 0.794128 0.757996
vt 0.794861 0.742249
vt 0.770508 0.722290
vt 0.768677 0.727844
vt 0.750610 0.710754
vt 0.771606 0.711670
vt 0.757324 0.695862
vt 0.642273 0.184570
vt 0.626770 0.624695
vt 0.645813 0.575012
vt 0.776978 0.679199
vt 0.784119 0.682312
vt 0.784973 0.700806
vt 0.578552 0.645752
vt 0.583618 0.642273
vt 0.578613 0.636902
vt 0.647400 0.685303
vt 0.661865 0.715454
vt 0.662781 0.699402
vt 0.698120 0.746399
vt 0.694580 0.758911
vt 0.707581 0.766724
vt 0.724548 0.654846
vt 0.772766 0.692322
vt 0.610413 0.703491
vt 0.705688 0.749146
vt 0.768494 0.786255
vt 0.748657 0.796753
vt 0.745605 0.804871
vt 0.627075 0.614197
vt 0.629272 0.623840
vt 0.612244 0.639832
vt 0.702393 0.173584
vt 0.677979 0.185791
vt 0.650574 0.745850
vt 0.672546 0.600098
vt 0.683838 0.618408
vt 0.665405 0.601440
vt 0.594116 0.642273
vt 0.609619 0.628235
vt 0.702332 0.175293
vt 0.650513 0.747559
vt 0.677917 0.187439
vt 0.680298 0.643921
vt 0.753662 0.705261
vt 0.607178 0.687622
vt 0.653564 0.581848
vt 0.654114 0.572510
vt 0.660767 0.576538
vt 0.190063 0.473267
vt 0.185120 0.900757
vt 0.506897 0.900757
vt 0.810669 0.766663
vt 0.805420 0.737061
vt 0.803467 0.735840
vt 0.800598 0.757690
vt 0.795898 0.754211
vt 0.803833 0.727783
vt 0.583496 0.672119
vt 0.580383 0.672791
vt 0.665344 0.590820
vt 0.783081 0.740723
vt 0.784607 0.736755
vt 0.798096 0.750977
vt 0.588013 0.656738
vt 0.576965 0.638123
vt 0.576538 0.643250
vt 0.575562 0.636353
vt 0.701965 0.785339
vt 0.718750 0.796570
vt 0.715820 0.797668
vt 0.745300 0.822388
vt 0.736755 0.812073
vt 0.740417 0.804260
vt 0.090149 0.208496
vt 0.694580 0.779297
vt 0.699219 0.787048
vt 0.681335 0.769775
vt 0.700134 0.786255
vt 0.616455 0.700195
vt 0.632996 0.708069
vt 0.646545 0.618347
vt 0.649719 0.613647
vt 0.751404 0.658081
vt 0.750977 0.643860
vt 0.761536 0.654236
vt 0.674927 0.700500
vt 0.684631 0.719849
vt 0.684448 0.709534
vt 0.720764 0.762024
vt 0.730347 0.761169
vt 0.721008 0.753601
vt 0.797241 0.696838
vt 0.796448 0.689270
vt 0.804199 0.698242
vt 0.741882 0.780579
vt 0.742920 0.785889
vt 0.743347 0.771729
vt 0.589294 0.670105
vt 0.812927 0.764648
vt 0.798340 0.737976
vt 0.645752 0.649170
vt 0.662781 0.664124
vt 0.661194 0.665527
vt 0.615601 0.644775
vt 0.630066 0.628845
vt 0.632751 0.634460
vt 0.593689 0.630615
vt 0.626648 0.602539
vt 0.673096 0.180481
vt 0.650208 0.656372
vt 0.629517 0.692505
vt 0.612366 0.677551
vt 0.614136 0.674988
vt 0.123291 0.743408
vt 0.778076 0.746033
vt 0.763672 0.735107
vt 0.766235 0.730591
vt 0.090088 0.209595
vt 0.645752 0.576660
vt 0.626648 0.626404
vt 0.333801 0.626953
vt 0.128601 0.985962
vt 0.132690 0.628540
vt 0.720703 0.681946
vt 0.705139 0.666870
vt 0.722900 0.675110
vt 0.696899 0.785034
vt 0.679565 0.768433
vt 0.651489 0.740906
vt 0.649170 0.737915
vt 0.635071 0.726563
vt 0.742126 0.791016
vt 0.741577 0.788574
vt 0.123291 0.745728
vt 0.799316 0.184631
vt 0.113831 0.405518
vt 0.784973 0.724426
vt 0.660706 0.634583
vt 0.657898 0.635742
vt 0.643555 0.619568
vt 0.679871 0.602600
vt 0.762207 0.667175
vt 0.760986 0.684204
vt 0.750366 0.675964
vt 0.618591 0.695007
vt 0.607056 0.683899
vt 0.468262 0.464539
vt 0.618835 0.649353
vt 0.600403 0.658569
vt 0.596497 0.651794
vt 0.601685 0.656555
vt 0.586548 0.668091
vt 0.597595 0.688354
vt 0.584961 0.654175
vt 0.586975 0.649231
vt 0.589233 0.658630
vt 0.689575 0.678467
vt 0.688782 0.681335
vt 0.663452 0.631592
vt 0.686401 0.681213
vt 0.687256 0.678345
vt 0.661926 0.628601
vt 0.645386 0.579773
vt 0.647461 0.575134
vt 0.648987 0.581543
vt 0.802795 0.751099
vt 0.613525 0.703247
vt 0.643982 0.649536
vt 0.660522 0.664856
vt 0.645325 0.677979
vt 0.677124 0.649048
vt 0.674316 0.650879
vt 0.695251 0.657959
vt 0.695618 0.665161
vt 0.752808 0.689697
vt 0.749756 0.680664
vt 0.744629 0.692688
vt 0.635620 0.628540
vt 0.634338 0.628662
vt 0.673157 0.178833
vt 0.650269 0.654663
vt 0.759705 0.723816
vt 0.781006 0.742065
vt 0.767761 0.728638
vt 0.688538 0.676392
vt 0.664185 0.626648
vt 0.663208 0.626587
vt 0.687500 0.683289
vt 0.661194 0.633484
vt 0.662170 0.633545
vt 0.775513 0.715271
vt 0.732849 0.807922
vt 0.730286 0.809204
vt 0.740784 0.803467
vt 0.705017 0.785095
vt 0.113831 0.403198
vt 0.799316 0.182312
vt 0.811646 0.752136
vt 0.811951 0.753601
vt 0.601807 0.669189
vt 0.594788 0.666382
vt 0.589111 0.666443
vt 0.748718 0.699524
vt 0.745728 0.704285
vt 0.741943 0.697449
vt 0.674683 0.762634
vt 0.672180 0.756897
vt 0.675964 0.763733
vt 0.683044 0.734619
vt 0.682495 0.751038
vt 0.691040 0.740845
vt 0.633179 0.631165
vt 0.603271 0.659607
vt 0.599854 0.654602
vt 0.602844 0.656982
vt 0.643799 0.624268
vt 0.649109 0.617737
vt 0.670105 0.174438
vt 0.661377 0.164978
vt 0.661316 0.166626
vt 0.600159 0.664490
vt 0.601379 0.664917
vt 0.726868 0.811707
vt 0.713745 0.799805
vt 0.727966 0.812134
vt 0.634644 0.636536
vt 0.635864 0.634094
vt 0.647827 0.595642
vt 0.647888 0.588989
vt 0.650208 0.591614
vt 0.686340 0.731873
vt 0.790833 0.766357
vt 0.661926 0.733948
vt 0.646790 0.701355
vt 0.647156 0.720764
vt 0.573914 0.658630
vt 0.576050 0.654846
vt 0.574280 0.651733
vt 0.688538 0.680847
vt 0.687927 0.682800
vt 0.689697 0.683167
vt 0.689514 0.676453
vt 0.770081 0.673462
vt 0.730164 0.753784
vt 0.741577 0.765991
vt 0.722107 0.747192
vt 0.802063 0.692505
vt 0.803589 0.713135
vt 0.795166 0.684937
vt 0.707275 0.660095
vt 0.708435 0.645081
vt 0.632935 0.723450
vt 0.631592 0.710632
vt 0.198608 0.957642
vt 0.239868 0.978882
vt 0.654785 0.992249
vt 0.686523 0.683228
vt 0.687988 0.684204
vt 0.688660 0.684265
vt 0.613464 0.653625
vt 0.580627 0.659973
vt 0.772705 0.761902
vt 0.468262 0.466858
vt 0.184631 0.200500
vt 0.467468 0.192200
vt 0.724487 0.658752
vt 0.739502 0.671509
vt 0.737122 0.687439
vt 0.647339 0.724487
vt 0.663452 0.750183
vt 0.661987 0.737549
vt 0.743286 0.762146
vt 0.750061 0.766724
vt 0.750000 0.756592
vt 0.680664 0.667480
vt 0.669739 0.654480
vt 0.647400 0.585022
vt 0.650269 0.589600
vt 0.729126 0.811157
vt 0.719910 0.637878
vt 0.006104 0.636536
vt -0.000854 0.715027
vt 0.750244 0.636353
vt 0.637207 0.727295
vt 0.638611 0.726440
vt 0.653564 0.740784
vt 0.703003 0.671265
vt 0.718628 0.685364
vt 0.702087 0.672363
vt 0.767395 0.656189
vt 0.609009 0.616760
vt 0.800720 0.736633
vt 0.800232 0.751099
vt 0.797241 0.758789
vt 0.739624 0.667725
vt 0.664246 0.628723
vt 0.661072 0.631409
vt 0.578674 0.655396
vt 0.575256 0.646423
vt 0.575928 0.652954
vt 0.643372 0.648560
vt 0.648987 0.619385
vt 0.670044 0.176147
vt 0.645569 0.583435
vt 0.642334 0.585144
vt 0.642212 0.583984
vt 0.577087 0.641785
vt 0.579346 0.637512
vt 0.579468 0.638672
vt 0.794861 0.728516
vt 0.800781 0.722717
vt 0.800781 0.713196
vt 0.610962 0.677490
vt 0.628052 0.693665
vt 0.647400 0.646484
vt 0.738159 0.809143
vt 0.741943 0.800720
vt 0.803833 0.722168
vt 0.792175 0.757385
vt 0.683472 0.768188
vt 0.673645 0.756287
vt 0.678040 0.762451
vt 0.748474 0.712830
vt 0.743652 0.706543
vt 0.740479 0.699280
vt 0.690063 0.679504
vt 0.689392 0.679443
vt 0.689575 0.682922
vt 0.690125 0.680908
vt 0.759644 0.645447
vt 0.720032 0.589294
vt 0.690674 0.587830
vt 0.693359 0.581909
vt 0.694946 0.583313
vt 0.794739 0.754333
vt 0.670898 0.755554
vt 0.038452 0.196960
vt 0.038452 0.199280
vt -0.018616 0.944153
vt 0.538086 0.933105
vt 0.366760 0.943237
vt 0.652283 0.606689
vt 0.653442 0.594666
vt 0.578857 0.669312
vt 0.578735 0.658325
vt 0.653503 0.591553
vt 0.648438 0.675659
vt 0.619202 0.647827
vt 0.602661 0.662903
vt 0.633362 0.636719
vt 0.654785 0.999512
vt 0.686951 0.664001
vt 0.637756 0.611328
vt 0.637024 0.609802
vt 0.638428 0.616699
vt 0.636658 0.606934
vt 0.806580 0.732239
vt 0.742676 0.786682
vt 0.714050 0.747681
vt 0.790344 0.682617
vt 0.667847 0.669373
vt 0.636292 0.630737
vt 0.599792 0.661865
vt 0.772888 0.747986
vt 0.963013 0.190674
vt 0.962036 0.468384
vt 0.921204 0.491089
vt 0.643433 0.606201
vt 0.646423 0.600586
vt 0.574890 0.664612
vt 0.573730 0.662476
vt 0.685486 0.597473
vt 0.695618 0.629395
vt 0.240295 0.982483
vt 0.260803 0.984375
vt 0.634705 0.697571
vt 0.190063 0.475586
vt 0.749634 0.780762
vt 0.741821 0.775024
vt 0.731201 0.750122
vt 0.673584 0.744568
vt 0.727173 0.135742
vt 0.708191 0.751587
vt 0.673645 0.742859
vt 0.708313 0.749878
vt 0.727234 0.134094
vt 0.625671 0.598572
vt 0.637573 0.591980
vt 0.636108 0.589966
vt 0.639221 0.587097
vt 0.592712 0.626648
vt 0.584412 0.637329
vt 0.581665 0.636108
vt 0.584290 0.634094
vt 0.632874 0.626221
vt 0.597473 0.656433
vt 0.813110 0.765503
vt 0.797058 0.753235
vt 0.742798 0.824402
vt 0.744873 0.824829
vt 0.745239 0.823303
vt 0.811401 0.768127
vt 0.811890 0.766541
vt 0.714783 0.798889
vt 0.712036 0.798584
vt 0.184631 0.198181
vt 0.886597 0.508423
vt 0.887634 0.182556
vt 0.921204 0.187500
vt 0.886597 0.510742
vt 0.921204 0.189819
vt 0.887634 0.184875
vt 0.608032 0.612793
vt 0.762573 0.727539
vt 0.698669 0.782043
vt 0.731445 0.770569
vt 0.721680 0.774048
vt 0.733398 0.778809
vt 0.806213 0.706848
vt 0.808044 0.715149
vt 0.797791 0.709229
vt 0.592346 0.663452
vt 0.641724 0.621338
vt 0.132751 0.627441
vt 0.724976 0.619202
vt 0.740234 0.633423
vt 0.740540 0.648438
vt 0.724121 0.611145
vt 0.800598 0.691040
vt 0.640198 0.610291
vt 0.577209 0.664001
vt 0.739380 0.625916
vt 0.663940 0.690186
vt 0.723145 0.743896
vt 0.794067 0.683472
vt 0.648865 0.569153
vt 0.574646 0.632385
vt 0.640686 0.883362
vt 0.646118 0.967651
vt 0.743652 0.825867
vt 0.744019 0.824341
vt 0.921204 0.488770
vt 0.963013 0.188354
vt 0.630066 0.712463
vt 0.648132 0.643921
vt 0.610413 0.676086
vt 0.750183 0.111145
vt 0.746582 0.063232
vt 0.750244 0.109436
vt 0.746643 0.061523
vt 0.742249 0.792419
vt 0.806580 0.737610
vt 0.672241 0.725525
vt 0.962036 0.466064
vt 0.663391 0.662292
vt 0.627441 0.692932
vt 0.654358 0.636841
vt 0.499634 0.528137
vt 0.467468 0.189880
vt 0.812622 0.767090
vt 0.673645 0.709778
vt 0.764954 0.664856
vt 0.695862 0.592285
vt 0.696167 0.607422
vt 0.624146 0.861877
vt 0.593262 0.751221
vt -0.046143 0.750000
vt -0.075500 0.661316
vt 0.617798 0.646301
vt 0.717102 0.839661
vt -0.012573 0.838196
vt -0.018616 0.906982
vt 0.665161 0.752808
vt 0.667053 0.752441
vt 0.735168 0.693115
vt 0.733276 0.696045
vt 0.695251 0.648926
vt 0.621094 0.712097
vt 0.639526 0.587891
vt 0.726868 0.715698
vt -0.010071 0.819580
vt 0.631042 0.720154
vt 0.625366 0.717529
vt 0.581787 0.637085
vt 0.010254 0.589722
vt 0.717773 0.752014
vt 0.717712 0.753662
vt 0.055725 0.881836
vt 0.028748 0.853577
vt 0.794800 0.718384
vt 0.792908 0.682678
vt 0.719666 0.745117
vt 0.719604 0.820984
vt -0.018616 0.931396
vt 0.772827 0.737915
vt 0.707520 0.595154
vt 0.630798 0.670105
vt 0.631653 0.659851
vt 0.730774 0.790894
vt 0.768372 0.758850
vt 0.630615 0.686218
vt 0.618713 0.698669
vt 0.695557 0.633240
vt 0.659119 0.907166
vt -0.090698 0.611877
vt 0.573975 0.660339
vt 0.708496 0.641235
vt 0.631409 0.706909
vt 0.563538 0.611450
vt 0.125000 0.000000
vt 0.250000 0.333313
vt 0.125000 0.333313
vt 0.500000 0.000000
vt 0.000000 0.000000
vt 0.500000 1.000000
vt 1.000000 1.000000
vt 0.375000 0.000000
vt 0.500000 0.333313
vt 0.375000 0.333313
vt 0.625000 0.333313
vt 0.250000 0.000000
vt 0.000000 0.333313
vt 0.625000 0.000000
vt 0.750000 0.333313
vt 0.081299 0.273193
vt 0.150024 0.236267
vt 0.087891 0.285278
vt 0.071960 0.438049
vt 0.143982 0.492920
vt 0.071411 0.431091
vt 0.017151 0.373901
vt 0.013550 0.354248
vt 0.020203 0.356934
vt 0.302734 0.161865
vt 0.299683 0.149475
vt 0.302124 0.140015
vt 0.047424 0.187866
vt 0.034180 0.188721
vt 0.050903 0.172119
vt 0.705017 0.764893
vt 0.680847 0.751526
vt 0.671509 0.731140
vt 0.338806 0.033142
vt 0.316345 0.015442
vt 0.309326 0.001831
vt 0.979004 0.730713
vt 0.970825 0.667236
vt 0.968933 0.674622
vt 0.965271 0.571716
vt 0.930237 0.539063
vt 0.932007 0.565063
vt 0.048889 0.311707
vt 0.034912 0.258728
vt 0.028381 0.293152
vt 0.147705 0.141052
vt 0.092468 0.162415
vt 0.140137 0.121521
vt 0.291382 0.013855
vt 0.288696 0.050659
vt 0.280518 0.045288
vt 0.020874 0.214600
vt 0.010010 0.265381
vt 0.018494 0.224854
vt 0.704041 0.842651
vt 0.698120 0.831665
vt 0.710388 0.837952
vt 0.714661 0.796326
vt 0.687317 0.769836
vt 0.710754 0.789856
vt 0.281799 0.122803
vt 0.288757 0.134338
vt 0.276733 0.145447
vt 0.693787 0.869751
vt 0.695496 0.866150
vt 0.698730 0.866089
vt 0.963928 0.566101
vt 0.946777 0.538513
vt 0.984070 0.571045
vt 0.991516 0.624634
vt 0.985962 0.633362
vt 0.973694 0.627136
vt 0.660767 0.791138
vt 0.686279 0.792114
vt 0.646851 0.761169
vt 0.705505 0.843323
vt 0.711182 0.843323
vt 0.953979 0.618713
vt 0.959656 0.605103
vt 0.935364 0.585693
vt 0.039429 0.398438
vt 0.017273 0.402344
vt 0.032532 0.407166
vt 0.985718 0.782837
vt 0.087341 0.263794
vt 0.144409 0.210876
vt 0.082092 0.259949
vt 0.236145 0.114990
vt 0.236145 0.127625
vt 0.179382 0.163879
vt 0.076477 0.233521
vt 0.121765 0.206604
vt 0.076416 0.246216
vt 0.974670 0.617615
vt 0.977844 0.608521
vt 0.972107 0.601868
vt 0.986389 0.585266
vt 0.990234 0.591797
vt 0.966125 0.573059
vt 0.408630 0.451111
vt 0.415588 0.468384
vt 0.344788 0.517761
vt 0.684021 0.809692
vt 0.655701 0.803467
vt 0.678406 0.823303
vt 0.714417 0.793152
vt 0.701050 0.783752
vt 0.708496 0.792969
vt 0.305664 0.045898
vt 0.364319 0.108093
vt 0.337219 0.093872
vt 0.344238 0.083313
vt 0.704468 0.822205
vt 0.688049 0.792542
vt 0.711731 0.810913
vt 0.246033 0.025696
vt 0.242676 0.039185
vt 0.199463 0.065613
vt 0.282532 0.117920
vt 0.277344 0.105225
vt 0.266541 0.093811
vt 0.025879 0.293518
vt 0.029297 0.305847
vt 0.018127 0.293457
vt 0.033569 0.232666
vt 0.051331 0.252502
vt 0.038391 0.244324
vt 0.215271 0.173706
vt 0.221680 0.185913
vt 0.280457 0.219543
vt 0.287292 0.218079
vt 0.272644 0.212769
vt 0.099976 0.181946
vt 0.857788 0.696960
vt 0.914307 0.742859
vt 0.913025 0.736572
vt 0.221252 0.164368
vt 0.216064 0.160522
vt 0.294006 0.109009
vt 1.000000 0.000000
vt 0.960388 0.632202
vt 0.958923 0.627441
vt 0.936646 0.607971
vt 0.966675 0.632324
vt 0.010376 0.369995
vt 0.011414 0.398560
vt 0.012878 0.374207
vt 0.285767 0.139709
vt 0.289307 0.138428
vt 0.302490 0.132385
vt 0.305969 0.150635
vt 0.311951 0.152161
vt 0.311707 0.175659
vt 0.024109 0.272705
vt 0.013306 0.281738
vt 0.024109 0.293152
vt 0.046143 0.239807
vt 0.264099 0.123596
vt 0.255127 0.114441
vt 0.263916 0.107666
vt 0.234985 0.109192
vt 0.232910 0.121460
vt 0.066589 0.270142
vt 0.052673 0.264465
vt 0.059326 0.259827
vt 0.071594 0.230469
vt 0.069458 0.242859
vt 0.917908 0.615356
vt 0.829285 0.660950
vt 0.829163 0.685059
vt 0.291626 0.056335
vt 0.286804 0.044678
vt 0.299377 0.051819
vt 0.279053 0.105530
vt 0.286804 0.093933
vt 0.299377 0.105408
vt 0.255066 0.101868
vt 0.264038 0.104736
vt 0.271790 0.102417
vt 0.059326 0.247131
vt 0.060059 0.259644
vt 0.066650 0.251282
vt 0.303955 0.062195
vt 0.304626 0.080200
vt 0.291931 0.085266
vt 0.000488 0.287476
vt 0.020142 0.286987
vt 0.013000 0.296692
vt 0.050903 0.340698
vt 0.024536 0.320679
vt 0.030457 0.321594
vt 0.552612 0.786133
vt 0.611145 0.823975
vt 0.609741 0.812317
vt 0.680786 0.863464
vt 0.686279 0.856445
vt 0.665161 0.847107
vt 0.918091 0.591248
vt 0.016968 0.252380
vt 0.974304 0.661499
vt 0.971069 0.661560
vt 0.972473 0.646973
vt 0.987305 0.606384
vt 0.980042 0.617615
vt 0.962341 0.598450
vt 0.290955 0.051758
vt 0.271301 0.056152
vt 0.266541 0.074951
vt 0.277344 0.084717
vt 0.000000 1.000000
vt 0.179321 0.148560
vt 0.121826 0.191223
vt 0.418152 0.466248
vt 0.347412 0.515625
vt 0.444885 0.429871
vt 0.451294 0.448486
vt 0.030579 0.329163
vt 0.024353 0.338867
vt 0.033997 0.327942
vt 0.013306 0.353821
vt 0.017029 0.355408
vt 0.020081 0.235413
vt 0.518372 0.450562
vt 0.505371 0.438538
vt 0.506836 0.437927
vt 0.477234 0.437866
vt 0.477478 0.437439
vt 0.969360 0.665161
vt 0.965332 0.665833
vt 0.961853 0.651855
vt 0.945313 0.643127
vt 0.956360 0.658936
vt 0.249146 0.607178
vt 0.251465 0.573486
vt 0.258423 0.591675
vt 0.267029 0.637207
vt 0.251099 0.627747
vt 0.256592 0.623169
vt 0.865540 0.920105
vt 0.865540 0.918335
vt 0.878235 0.918335
vt 0.194824 0.086426
vt 0.202393 0.105957
vt 0.270630 0.231079
vt 0.267700 0.225830
vt 0.261902 0.214233
vt 0.924316 0.537231
vt 0.941956 0.522278
vt 0.648743 0.741821
vt 0.649475 0.739380
vt 0.013306 0.262939
vt 0.033508 0.323853
vt 0.018677 0.313416
vt 0.027527 0.311523
vt 0.043091 0.318909
vt 0.731323 0.783875
vt 0.835571 0.711853
vt 0.742004 0.777527
vt 0.683350 0.832031
vt 0.659119 0.823547
vt 0.684814 0.836792
vt 0.685181 0.840454
vt 0.459961 0.265747
vt 0.457764 0.269958
vt 0.382629 0.210083
vt 0.913635 0.648560
vt 0.824890 0.718201
vt 0.034729 0.301697
vt 0.038147 0.293030
vt 0.029419 0.297729
vt 0.286865 0.114563
vt 0.281555 0.110535
vt 0.270325 0.120667
vt 0.192932 0.527100
vt 0.145996 0.487854
vt 0.499573 0.758240
vt 0.449707 0.736328
vt 0.499878 0.766968
vt 0.037720 0.305969
vt 0.033569 0.281921
vt 0.046143 0.293396
vt 0.037720 0.239685
vt 0.304565 0.084961
vt 0.304565 0.064514
vt 0.295654 0.000488
vt 0.304138 0.012817
vt 0.870911 0.549805
vt 0.923157 0.579651
vt 0.923401 0.592102
vt 0.965637 0.624084
vt 0.982971 0.619385
vt 0.303040 0.138733
vt 0.309875 0.138000
vt 0.945251 0.623352
vt 0.706299 0.841614
vt 0.696899 0.851501
vt 0.693726 0.829895
vt 0.693420 0.810303
vt 0.242432 0.117981
vt 0.251282 0.092163
vt 0.257751 0.095337
vt 0.084412 0.235291
vt 0.071899 0.233276
vt 0.066162 0.229553
vt 0.194397 0.074158
vt 0.139709 0.109314
vt 0.097046 0.141602
vt 0.144836 0.100769
vt 0.729614 0.468872
vt 0.730225 0.461853
vt 0.772949 0.490479
vt 0.030029 0.390686
vt 0.044922 0.384216
vt 0.043030 0.375183
vt 0.050293 0.363525
vt 0.047974 0.350952
vt 0.050049 0.341003
vt 0.264709 0.216492
vt 0.262329 0.212402
vt 0.274902 0.213440
vt 0.264771 0.204285
vt 0.265564 0.181030
vt 0.271851 0.184753
vt 0.989990 0.588623
vt 0.994263 0.593628
vt 0.579468 0.897888
vt 0.704468 0.999512
vt 0.637085 0.941406
vt 0.582520 0.901306
vt 0.641724 0.937988
vt 0.640564 0.946045
vt 0.273926 0.551086
vt 0.281372 0.568054
vt 0.336365 0.500610
vt 0.976624 0.579163
vt 0.969604 0.584351
vt 0.977722 0.593140
vt 0.936890 0.518188
vt 0.975708 0.556885
vt 0.980652 0.560303
vt 0.339600 0.062134
vt 0.360168 0.080627
vt 0.364868 0.092529
vt 0.039673 0.325195
vt 0.032532 0.333984
vt 0.030151 0.330505
vt 0.039429 0.332520
vt 0.046570 0.327820
vt 0.044922 0.338562
vt 0.276001 0.149780
vt 0.285461 0.140991
vt 0.287292 0.144836
vt 0.280457 0.153564
vt 0.274902 0.167847
vt 0.269043 0.162720
vt 0.027954 0.206177
vt 0.047913 0.237000
vt 0.029358 0.243347
vt 0.036865 0.222839
vt 0.281250 0.720520
vt 0.271851 0.655518
vt 0.274292 0.638428
vt 0.258179 0.616821
vt 0.268616 0.641357
vt 0.262024 0.643616
vt 0.273438 0.718079
vt 0.266418 0.659302
vt 0.519714 0.543518
vt 0.532104 0.447021
vt 0.522766 0.469299
vt 0.505005 0.433594
vt 0.535706 0.443054
vt 0.522034 0.450684
vt 0.517029 0.537292
vt 0.525452 0.467041
vt 0.694031 0.788940
vt 0.655273 0.727234
vt 0.689697 0.776306
vt 0.694641 0.765503
vt 0.143616 0.224121
vt 0.750000 0.000000
vt 0.875000 0.333313
vt -0.125000 0.000000
vt -0.125000 0.333313
vt 0.696533 0.806458
vt 0.692871 0.817383
vt 0.956543 0.677795
vt 0.964478 0.677917
vt 0.983276 0.784668
vt 0.976013 0.785828
vt 0.978149 0.733459
vt 0.982910 0.776489
vt 0.973633 0.637878
vt 0.015381 0.419739
vt 0.017700 0.404419
vt 0.024902 0.417480
vt 0.044128 0.375854
vt 0.038696 0.403259
vt 0.030884 0.392212
vt 0.390259 0.671692
vt 0.321594 0.710754
vt 0.324219 0.721313
vt 0.384216 0.664490
vt 0.321533 0.724060
vt 0.318909 0.713501
vt 0.276123 0.725647
vt 0.278748 0.712891
vt 0.459595 0.620850
vt 0.456970 0.610291
vt 0.454163 0.613098
vt 0.456787 0.623657
vt 0.522400 0.542786
vt 0.514221 0.538086
vt 0.280273 0.018860
vt 0.271301 0.033691
vt 0.263000 0.077393
vt 0.258911 0.057983
vt 0.266418 0.067322
vt 0.027283 0.303467
vt 0.297424 0.102905
vt 0.048218 0.327576
vt 0.009521 0.406006
vt 0.285217 0.201355
vt 0.705688 0.986450
vt 0.709473 0.994751
vt 0.706909 0.997681
vt 0.977966 0.780212
vt 0.264587 0.218689
vt 0.293945 0.212952
vt 0.280762 0.227539
vt 0.272949 0.214966
vt 0.454346 0.446777
vt 0.455078 0.440063
vt 0.055237 0.224609
vt 0.255676 0.075806
vt 0.283997 0.565796
vt 0.261902 0.583496
vt 0.261230 0.590088
vt 0.254089 0.603271
vt 0.249390 0.132446
vt 0.064026 0.269958
vt 0.718689 0.798218
vt 0.720581 0.807190
vt 0.271301 0.105469
vt 0.018127 0.244141
vt 0.025818 0.232544
vt 0.038391 0.263123
vt 0.187622 0.175171
vt 0.130615 0.217468
vt 0.970215 0.560913
vt 0.924316 0.642212
vt 0.924316 0.629272
vt 0.835571 0.698975
vt 0.187622 0.152283
vt 0.130676 0.194519
vt 0.064514 0.365356
vt 0.056396 0.382690
vt 0.060364 0.339661
vt 0.051453 0.363586
vt 0.051270 0.340149
vt 0.266296 0.215576
vt 0.267273 0.186035
vt 0.265076 0.181396
vt 0.264282 0.205627
vt 0.253784 0.303284
vt 0.263062 0.311646
vt 0.258240 0.320374
vt 0.119751 0.402771
vt 0.122986 0.420776
vt 0.118103 0.419250
vt 0.660950 0.812439
vt 0.963501 0.587830
vt 0.144531 0.499878
vt 0.074036 0.439148
vt 0.146606 0.500916
vt 0.366943 0.669983
vt 0.307556 0.630371
vt 0.367065 0.676636
vt 0.686584 0.432739
vt 0.686096 0.439819
vt 0.625061 0.394592
vt 0.458008 0.256226
vt 0.460022 0.258301
vt 0.384888 0.198425
vt 0.142151 0.214905
vt 0.981873 0.637024
vt 0.291626 0.075195
vt 0.010254 0.272949
vt 0.284912 0.069092
vt 0.871216 0.559937
vt 0.821289 0.519409
vt 0.820862 0.528687
vt 0.771851 0.497192
vt 0.033752 0.210022
vt 0.044189 0.195984
vt 0.033020 0.215088
vt 0.553772 0.795593
vt 0.010742 0.369812
vt 0.017151 0.390198
vt 0.009949 0.392578
vt 0.007629 0.401428
vt 0.025696 0.408630
vt 0.304932 0.151428
vt 0.305176 0.173462
vt 0.302734 0.178162
vt 0.297729 0.186035
vt 0.294189 0.209351
vt 0.700134 0.761475
vt 0.275879 0.148865
vt 0.270081 0.162781
vt 0.040405 0.323669
vt 0.054199 0.323059
vt 0.505676 0.421509
vt 0.384827 0.205811
vt 0.012451 0.275085
vt 0.002197 0.299072
vt 0.317871 0.048340
vt 0.318665 0.064148
vt 0.299316 0.739929
vt 0.284485 0.729736
vt 0.287537 0.741089
vt 0.282104 0.746643
vt 0.291626 0.732239
vt 0.294495 0.742615
vt 0.492798 0.596313
vt 0.511902 0.574524
vt 0.507385 0.564270
vt 0.511902 0.576050
vt 0.490479 0.597107
vt 0.487427 0.586914
vt 0.735596 0.750732
vt 0.735718 0.726624
vt 0.386047 0.624146
vt 0.403320 0.621643
vt 0.402527 0.612061
vt 0.961853 0.587524
vt 0.708435 0.775635
vt 0.301514 0.095093
vt 0.310181 0.103088
vt 0.301758 0.119629
vt 0.300903 0.080750
vt 0.301392 0.076843
vt 0.297363 0.090698
vt 0.014038 0.308472
vt 0.023865 0.325867
vt 0.018250 0.319763
vt 0.018127 0.290649
vt 0.015259 0.300110
vt 0.013123 0.290833
vt 0.282532 0.064331
vt 0.029297 0.252258
vt 0.369873 0.654785
vt 0.386047 0.641113
vt 0.307007 0.623413
vt 0.368958 0.664917
vt 0.309021 0.618347
vt 0.715942 0.829224
vt 0.241516 0.137756
vt 0.071167 0.264221
vt 0.029480 0.396545
vt 0.029053 0.390991
vt 0.723206 0.609009
vt 0.749329 0.634399
vt 0.960754 0.635864
vt 0.689758 0.870361
vt 0.984924 0.790283
vt 0.860901 0.688965
vt 0.917664 0.733154
vt 0.859985 0.695313
vt 0.296570 0.729736
vt 0.279236 0.735718
vt 0.489807 0.586304
vt 0.507507 0.566223
vt 0.707397 0.823975
vt 0.030029 0.209167
vt 0.029053 0.198364
vt 0.649475 0.671875
vt 0.676086 0.696838
vt 0.702332 0.984802
vt 0.706970 0.996582
vt 0.707703 0.989258
vt 0.365051 0.096863
vt 0.053589 0.328064
vt 0.239624 0.588989
vt 0.243408 0.616211
vt 0.263855 0.098694
vt 0.271851 0.115784
vt 0.052673 0.255432
vt 0.059998 0.273071
vt 0.285889 0.203003
vt 0.298706 0.186890
vt 0.305969 0.193054
vt 0.306213 0.173584
vt 0.009521 0.408142
vt 0.010803 0.412170
vt 0.007385 0.403137
vt 0.009583 0.393738
vt 0.979736 0.795166
vt 0.982422 0.792114
vt 0.622864 0.398865
vt 0.309631 0.631409
vt 0.995117 0.613647
vt 0.693787 0.837402
vt 0.470642 0.417480
vt 0.932129 0.523682
vt 0.662537 0.723816
vt 0.261841 0.045227
vt 0.115967 0.396118
vt 0.122681 0.407654
vt 0.114868 0.401245
vt 0.112732 0.402832
vt 0.119446 0.405762
vt 0.111633 0.399292
vt 0.248901 0.301758
vt 0.250000 0.296631
vt 0.257751 0.303040
vt 0.246704 0.294678
vt 0.245667 0.299805
vt 0.253418 0.306274
vt 0.024536 0.235352
vt 0.127136 0.434204
vt 0.114258 0.400696
vt 0.121704 0.406860
vt 0.113464 0.401245
vt 0.126343 0.434753
vt 0.120911 0.407410
vt 0.260315 0.335327
vt 0.254944 0.307922
vt 0.247498 0.301819
vt 0.248230 0.301208
vt 0.255676 0.307373
vt 0.261108 0.334717
vt 0.115295 0.395874
vt 0.136719 0.388672
vt 0.122742 0.401978
vt 0.136353 0.387390
vt 0.114868 0.394592
vt 0.122314 0.400696
vt 0.116760 0.403503
vt 0.112427 0.397949
vt 0.119873 0.404114
vt 0.112854 0.396118
vt 0.117126 0.401672
vt 0.120300 0.402283
vt 0.270752 0.289185
vt 0.256714 0.302551
vt 0.249268 0.296387
vt 0.248901 0.295105
vt 0.256348 0.301270
vt 0.270325 0.287903
vt 0.251160 0.302124
vt 0.254272 0.302734
vt 0.246826 0.296631
vt 0.246460 0.298462
vt 0.253906 0.304626
vt 0.250732 0.304016
vt 0.984070 0.588440
vt 0.387573 0.661621
vt 0.386963 0.674622
vt 0.279053 0.044617
vt 0.000488 0.277710
vt 0.002197 0.289307
vt 0.010254 0.263184
vt 0.318665 0.054382
vt 0.303955 0.052429
vt 0.284912 0.059326
vt 0.047974 0.367249
vt 0.271851 0.201050
vt 0.878113 0.916443
vt 0.891052 0.918335
vt 0.890930 0.916504
vt 0.903809 0.916504
vt 0.248840 0.100891
vt 0.243835 0.097778
vt 0.073608 0.224121
vt 0.079346 0.226685
vt 0.237366 0.047791
vt 0.249695 0.055603
vt 0.250732 0.042664
vt 0.046204 0.228638
vt 0.079834 0.263916
vt 0.018677 0.303833
vt 0.026672 0.301941
vt 0.213806 0.164490
vt 0.279785 0.114075
vt 0.291138 0.101563
vt 0.056030 0.182434
vt 0.091980 0.150208
vt 0.046082 0.206726
vt 0.625183 0.387207
vt 0.623108 0.385132
vt 0.684570 0.430664
vt 0.296326 0.134277
vt 0.295654 0.135742
vt 0.019958 0.339478
vt 0.019958 0.340454
vt 0.742004 0.764648
vt 0.969360 0.632813
vt 0.967468 0.623901
vt 0.234680 0.125427
vt 0.062805 0.253052
vt 0.020203 0.402588
vt 0.299683 0.195068
vt 0.865540 0.916504
vt 0.843994 0.909729
vt 0.848206 0.917114
vt 0.848694 0.915894
vt 0.256958 0.292542
vt 0.262207 0.291992
vt 0.250488 0.312988
vt 0.252136 0.301208
vt 0.119019 0.398254
vt 0.124207 0.391113
vt 0.129028 0.392578
vt 0.130676 0.401917
vt 0.501526 0.753357
vt 0.554443 0.780945
vt 0.257813 0.140808
vt 0.071838 0.278870
vt 0.307007 0.074951
vt 0.010376 0.295166
vt 0.024536 0.310913
vt 0.344238 0.073547
vt 0.055176 0.253296
vt 0.247253 0.110718
vt 0.283020 0.004028
vt 0.257568 0.031860
vt 0.245422 0.079590
vt 0.253235 0.088440
vt 0.210266 0.114807
vt 0.263245 0.084778
vt 0.064026 0.214233
vt 0.107849 0.190796
vt 0.071899 0.223083
vt 0.063354 0.233154
vt 0.992493 0.634521
vt 0.986755 0.638794
vt 0.979614 0.638123
vt 0.702148 0.797729
vt 0.803162 0.649170
vt 0.802490 0.643433
vt 0.996155 0.602600
vt 0.878235 0.920105
vt 0.904236 0.920105
vt 0.903992 0.918274
vt 0.905396 0.918213
vt 0.332764 0.015930
vt 0.024841 0.300720
vt 0.022034 0.299561
vt 0.019470 0.296753
vt 0.302734 0.094360
vt 0.297668 0.090210
vt 0.292297 0.098938
vt 0.691895 0.828430
vt 0.290955 0.117981
vt 0.051331 0.272949
vt 0.014526 0.305542
vt 0.315857 0.081848
vt 0.123779 0.402527
vt 0.114868 0.392578
vt 0.122681 0.398987
vt 0.120544 0.400574
vt 0.256714 0.308167
vt 0.254517 0.301147
vt 0.688904 0.882446
vt 0.693359 0.879150
vt 0.270020 0.133484
vt 0.263977 0.155579
vt 0.268677 0.162292
vt 0.277893 0.148193
vt 0.036804 0.306641
vt 0.053650 0.311707
vt 0.047607 0.326416
vt 0.043579 0.322144
vt 0.875000 0.000000
vt 0.771301 0.488892
vt 0.819092 0.517578
vt 0.868652 0.547729
vt 0.580322 0.902954
vt 0.583679 0.894714
vt 0.524841 0.855713
vt 0.524170 0.849976
vt 0.336304 0.168823
vt 0.336365 0.162903
vt 0.365662 0.101318
vt 0.365967 0.105103
vt 0.053833 0.336792
vt 0.049011 0.336365
vt 0.128174 0.413574
vt 0.252991 0.320923
vt 0.932190 0.599609
vt 0.691467 0.778381
vt 0.921143 0.597473
vt 0.965759 0.616211
vt 0.614258 0.825256
vt 0.659424 0.843628
vt 0.112732 0.394165
vt 0.110474 0.390625
vt 0.105774 0.391113
vt 0.108948 0.391785
vt 0.620300 0.643860
vt 0.369202 0.677673
vt 0.844421 0.908569
vt 0.683899 0.444031
vt 0.851990 0.920044
vt 0.852234 0.918396
vt 0.148499 0.164734
vt 0.099854 0.128418
vt 0.719543 0.818237
vt 0.270203 0.086243
vt 0.056396 0.244934
vt 0.242493 0.136841
vt 0.248901 0.146301
vt 0.084351 0.254211
vt 0.079224 0.272278
vt 0.155518 0.149902
vt 0.695190 0.871826
vt 0.680908 0.882446
vt 0.061035 0.174011
vt 0.502136 0.767822
vt 0.451294 0.737000
vt 0.846130 0.909302
vt 0.264709 0.299927
vt 0.818298 0.533203
vt 0.769165 0.501038
vt 0.116516 0.409912
vt 0.111877 0.397095
vt 0.111450 0.398926
vt 0.263367 0.284607
vt 0.263733 0.285889
vt 0.254211 0.328003
vt 0.255005 0.327454
vt 0.245483 0.299438
vt 0.245850 0.297607
vt 0.129761 0.385376
vt 0.129333 0.384094
vt 0.120972 0.426880
vt 0.120239 0.427490
vt 0.268311 0.124451
vt 0.035645 0.297180
vt 0.057373 0.265503
vt 0.053101 0.262085
vt 0.274963 0.104004
vt 0.270508 0.100708
vt 0.255615 0.597717
vt 0.477173 0.433289
vt 0.655823 0.829956
vt 0.963745 0.601379
vt 0.505676 0.294983
vt 0.356812 0.082153
vt 0.361694 0.098450
vt 0.362610 0.106689
vt 0.051025 0.309143
vt 0.055786 0.325500
vt 0.056030 0.334229
vt 0.024597 0.237366
vt 0.270325 0.054932
vt 0.246704 0.303345
vt 0.242126 0.295959
vt 0.242920 0.292297
vt 0.239807 0.291626
vt 0.120544 0.409241
vt 0.968445 0.612793
vt 0.305603 0.086975
vt 0.691101 0.836914
vt 0.698059 0.842468
vt 0.849304 0.914612
vt 0.274963 0.110168
vt 0.270569 0.106384
vt 0.157043 0.170715
vt 0.053101 0.267761
vt 0.057373 0.271667
vt 0.904724 0.916504
vt 0.798767 0.646118
vt 0.556335 0.796997
vt 0.869141 0.564819
vt 0.728149 0.459778
vt 0.202576 0.052185
vt 0.147888 0.087524
vt 0.149597 0.214783
vt 0.954834 0.569153
vt 0.651367 0.794434
vt 0.944824 0.627502
vt 0.696777 0.811584
vt 0.700745 0.990173
vt 0.240601 0.120972
vt 0.110474 0.396851
vt 0.111267 0.393188
vt 0.108154 0.395447
vt 0.108948 0.398010
vt 0.056885 0.257385
vt 0.025696 0.342712
vt 0.294189 0.143372
vt 0.248901 0.293091
vt 0.244446 0.291138
vt 0.322632 0.155334
vt 0.322632 0.159180
vt 0.018677 0.380981
vt 0.018921 0.384644
vt 0.452576 0.725464
vt 0.450195 0.730103
vt 0.068115 0.224060
vt 0.239868 0.096558
vt 0.360962 0.109619
vt 0.053101 0.338135
vt 0.353699 0.052612
vt 0.047546 0.279907
vt 0.916321 0.584778
vt 0.827576 0.654480
vt 0.733948 0.720154
vt 0.047241 0.299316
vt 0.978760 0.651428
vt 0.689331 0.866333
vt 0.257202 0.143433
vt 0.611694 0.806824
vt 0.920593 0.577515
vt 0.707397 0.783875
vt 0.963318 0.593872
vt 0.262878 0.134399
vt 0.257690 0.130493
vt 0.057312 0.240967
vt 0.249329 0.098389
vt 0.041321 0.254944
vt 0.269653 0.085449
vt 0.048340 0.285889
vt 0.053589 0.289734
vt 0.687744 0.798462
vt 0.982971 0.579285
vt 0.522644 0.857422
vt 0.693848 0.581177
vt 0.712891 0.801453
vt 0.707214 0.805725
vt 0.982788 0.601135
vt 0.988464 0.596924
vt 0.244446 0.297363
vt 0.242920 0.298523
vt 0.245239 0.293701
vt 0.964966 0.661743
vt 0.891113 0.920105
vt 0.255554 0.134338
vt 0.703186 0.856018
vt 0.348022 0.510010
vt 0.045959 0.289917
vt 0.056458 0.194702
vt 0.334534 0.172180
vt 0.321472 0.161438
vt 0.031189 0.397400
vt 0.020020 0.385193
vt 0.520508 0.852783
vt 0.237854 0.060059
vt 0.073242 0.426208
vt 0.383057 0.196228
vt 0.254517 0.309814
vt 0.256714 0.299500
vt 0.334778 0.161255
vt 0.321594 0.154236
vt 0.030701 0.386963
vt 0.019714 0.378296
vt 0.905090 0.920044
vt 0.852539 0.916748
vt 0.157043 0.196045
vt 0.148499 0.187927
vt 0.733398 0.477112
vt 0.977051 0.723511
vt 0.262024 0.090637
vt 0.268250 0.090698
vt 0.274475 0.081360
vt 0.278320 0.066223
vt 0.278320 0.051086
vt 0.258179 0.081238
vt 0.258179 0.066040
vt 0.268250 0.041626
vt 0.262024 0.050964
vt 0.692139 0.840637
vt 0.008789 0.278625
vt 0.004944 0.269226
vt 0.015015 0.229614
vt 0.008789 0.238892
vt 0.274475 0.041687
vt 0.976013 0.629883
vt 0.004944 0.254028
vt 0.021301 0.229675
vt 0.025146 0.239075
vt 0.021301 0.269348
vt 0.015015 0.278625
vt 0.025146 0.254211
vt 0.500000 0.687500
vt 0.750000 0.687500
vt 0.750000 0.750000
vt 0.500000 0.625000
vt 0.000000 0.687500
vt 0.250000 0.687500
vt 0.250000 0.750000
vt 0.000000 0.625000
vt 0.750000 0.562500
vt 1.000000 0.562500
vt 1.000000 0.625000
vt 0.750000 0.500000
vt 0.250000 0.562500
vt 0.500000 0.562500
vt 0.250000 0.500000
vt 0.750000 0.625000
vt 0.250000 0.625000
vt 0.000000 0.562500
vt 0.500000 0.812500
vt 0.750000 0.812500
vt 0.750000 0.875000
vt 0.500000 0.750000
vt 0.000000 0.812500
vt 0.250000 0.812500
vt 0.250000 0.875000
vt 0.000000 0.750000
vt 0.000000 0.375000
vt 0.250000 0.375000
vt 0.250000 0.437500
vt 0.000000 0.312500
vt 0.500000 0.375000
vt 0.750000 0.375000
vt 0.750000 0.437500
vt 0.500000 0.312500
vt 0.750000 0.312500
vt 0.500000 0.250000
vt 0.250000 0.312500
vt 0.000000 0.250000
vt 1.000000 0.500000
vt 0.500000 0.500000
vt 0.750000 0.250000
vt 0.500000 0.187500
vt 0.250000 0.250000
vt 0.000000 0.187500
vt 0.000000 0.937500
vt 0.250000 0.937500
vt 0.250000 1.000000
vt 0.000000 0.875000
vt 0.500000 0.937500
vt 0.750000 0.937500
vt 0.750000 1.000000
vt 0.500000 0.875000
vt 0.250000 0.062500
vt 0.500000 0.062500
vt 0.500000 0.125000
vt 0.750000 0.062500
vt 1.000000 0.062500
vt 1.000000 0.125000
vt 0.750000 0.187500
vt 0.250000 0.187500
vt 0.000000 0.125000
vt 0.500000 0.437500
vt 1.000000 0.437500
vt 0.750000 0.125000
vt 0.250000 0.125000
vt 0.000000 0.062500
vt 0.707336 0.981079
vt 0.276672 0.094055
vt 0.049927 0.262390
vt 0.284729 0.560181
vt 0.418701 0.460693
vt 0.980957 0.782104
vt 0.716919 0.839111
vt 0.702271 0.813110
vt 0.982239 0.793274
vt 0.993835 0.596680
vt 0.023865 0.296082
vt 0.048889 0.237915
vt 0.338135 0.023254
vt 0.710144 0.987366
vt 0.682312 0.816895
vt 0.981079 0.638733
vt 0.260925 0.016235
vt 0.063843 0.160950
vt 0.958313 0.611938
vt 0.559998 0.346375
vt 0.557800 0.350647
vt 0.505432 0.308655
vt 0.243530 0.581299
vt 0.193542 0.540222
vt 0.245667 0.582336
vt 0.800964 0.650757
vt 0.718262 0.801270
vt 0.700439 0.834473
vt 0.967712 0.636047
vt 0.558044 0.336914
vt 0.560059 0.338989
vt 0.507690 0.296997
vt 0.507629 0.304443
vt 0.245056 0.569275
vt 0.190918 0.532166
vt 0.243042 0.574341
vt 0.191406 0.539124
vt 0.723816 0.812012
vt 0.722168 0.804993
vt 0.973755 0.626465
vt 0.997070 0.626892
vt 0.369568 0.641174
vt 0.368713 0.652222
vt 0.997742 0.600464
vt 0.699097 0.822144
vt 0.402222 0.626160
vt 0.245789 0.092102
vt 0.721497 0.831421
vt 0.062195 0.228394
vt 0.706421 0.593018
vt 0.632690 0.655884
vt 0.968994 0.605652
vt 0.999512 0.617188
vt 0.700806 0.838867
vt 0.692993 0.810547
vt 0.962585 0.578796
vt 0.968994 0.592712
vt 0.962708 0.554688
vt 0.686584 0.783691
vt 0.692993 0.797607
vt 0.686707 0.759583
vt 0.275513 0.124573
vt 0.722717 0.469971
vt 0.000000 0.500000
vt 1.000000 0.687500
vt 1.000000 0.750000
vt 1.000000 0.875000
vt 1.000000 0.937500
vt 1.000000 0.312500
vt 1.000000 0.375000
vt 1.000000 0.187500
vt 1.000000 0.250000
vt 1.000000 0.812500
vt 0.000000 0.437500
vt 0.976379 0.634338
vt 0.723938 0.821716
vt 0.960938 0.548218
vt 0.999390 0.607483
vt 0.698181 0.831055
vt 0.043335 0.296936
vt 0.684937 0.753113
vt 0.401245 0.610962
vt 0.370789 0.637878
vt 0.757813 0.642639
vt 0.684692 0.704956
vt 0.319824 0.713745
vt 0.345337 0.516602
vt 0.385193 0.664734
vt 0.385742 0.664063
vt 0.455688 0.612610
vt 0.345947 0.515930
vt 0.282410 0.566345
vt 0.320496 0.712952
vt 0.281677 0.567078
vt 0.477478 0.436951
vt 0.506226 0.437927
vt 0.518127 0.539795
vt 0.505798 0.438049
vt 0.477478 0.436768
vt 0.517822 0.539856
vt 0.250366 0.605530
vt 0.276855 0.718872
vt 0.252869 0.626038
vt 0.253845 0.625122
vt 0.277832 0.718018
vt 0.251343 0.604675
vt 0.416443 0.467041
vt 0.451721 0.447266
vt 0.488220 0.589722
vt 0.452026 0.446899
vt 0.416931 0.466431
vt 0.488586 0.589233
vt 0.508484 0.566833
vt 0.294983 0.732971
vt 0.260498 0.589111
vt 0.282593 0.734375
vt 0.294189 0.733765
vt 0.259644 0.589844
vt 0.281616 0.735229
vt 0.508606 0.566650
vt 0.455200 0.613281
vt 0.264343 0.641785
vt 0.521790 0.450684
vt 0.265198 0.640869
vt 0.521118 0.450928
vt 0.524658 0.467468
vt 0.269714 0.656738
vt 0.268738 0.657654
vt 0.525208 0.467285
vt 0.999207 0.000488
vt 0.284851 0.889832
vt 0.284851 0.001892
vt 0.285095 0.889832
vt 0.999207 0.999512
vt 0.285095 0.001892
vt 0.277649 0.001892
vt 0.007751 0.682007
vt 0.000488 0.271423
vt 0.007751 0.271423
vt 0.277832 0.001892
vt 0.007935 0.682007
vt 0.007935 0.271423
vt 0.000671 0.271423
vt 0.277832 0.889832
vt 0.000671 0.682007
vt 0.277649 0.889832
vt 0.000488 0.682007
vt 0.476685 0.500000
vt 0.687866 0.843506
vt 0.776245 0.500000
vt 0.776245 0.213257
vt 0.687866 0.156494
vt 0.282776 0.801331
vt 0.164978 0.500000
vt 0.164978 0.777405
vt 0.636108 0.963013
vt 0.476685 0.965820
vt 0.904968 0.157410
vt 0.904968 0.842590
vt 0.999512 0.500000
vt 0.123718 0.198669
vt 0.160156 0.198669
vt 0.158447 0.008850
vt 0.996887 0.216858
vt 0.123718 0.801331
vt 0.158447 0.991150
vt 0.160156 0.801331
vt 0.789612 0.845886
vt 0.830688 0.995544
vt 0.837036 0.845703
vt 0.957520 0.938171
vt 0.996887 0.783142
vt 0.789612 0.154114
vt 0.837036 0.154297
vt 0.830688 0.004456
vt 0.957520 0.061829
vt 0.269714 0.012207
vt 0.236023 0.006958
vt 0.228943 0.198669
vt 0.636108 0.036987
vt 0.476685 0.034180
vt 0.016418 0.887085
vt 0.082458 0.801331
vt 0.012451 0.826660
vt 0.078918 0.976257
vt 0.084717 0.984314
vt 0.258362 0.801331
vt 0.228943 0.801331
vt 0.269714 0.987793
vt 0.236023 0.993042
vt 0.005432 0.659790
vt 0.082458 0.198669
vt 0.078918 0.023743
vt 0.068359 0.050110
vt 0.786255 0.998108
vt 0.697937 0.845093
vt 0.776245 0.786743
vt 0.697937 0.154907
vt 0.786255 0.001892
vt 0.116333 0.011108
vt 0.089355 0.012451
vt 0.100281 0.198669
vt 0.116333 0.988892
vt 0.100281 0.801331
vt 0.089355 0.987549
vt 0.005432 0.340210
vt 0.010925 0.216614
vt 0.714294 0.002991
vt 0.698792 0.013916
vt 0.698792 0.986084
vt 0.913513 0.948059
vt 0.913513 0.051941
vt 0.258362 0.198669
vt 0.164978 0.222595
vt 0.375488 0.965881
vt 0.084717 0.015686
vt 0.062378 0.945740
vt 0.032898 0.934448
vt 0.201965 0.006653
vt 0.201965 0.993408
vt 0.032898 0.065552
vt 0.021973 0.085327
vt 0.692627 0.974976
vt 0.875854 0.844849
vt 0.899353 0.962769
vt 0.875854 0.155151
vt 0.899353 0.037231
vt 0.743591 0.153992
vt 0.715027 0.154175
vt 0.744080 0.000488
vt 0.743591 0.846008
vt 0.715027 0.845825
vt 0.744080 0.999512
vt 0.714294 0.997009
vt 0.290833 0.022583
vt 0.874695 0.981995
vt 0.874695 0.018005
vt 0.994507 0.863037
vt 0.068359 0.949890
vt 0.994507 0.136963
vt 0.197815 0.801331
vt 0.197815 0.198669
vt 0.692627 0.025024
vt 0.062378 0.054260
vt 0.300049 0.964722
vt 0.290833 0.977417
vt 0.000488 0.500000
vt 0.021973 0.914673
vt 0.282776 0.198669
vt 0.375488 0.034119
vt 0.016418 0.112915
vt 0.300049 0.035278
vt 0.687744 0.038269
vt 0.687744 0.961731
vt 0.012451 0.173340
vt 0.010925 0.783386
vt 0.500061 0.500000
vt 0.720886 0.950012
vt 0.500061 0.999512
vt 0.496277 0.500000
vt 0.496277 0.999512
vt 0.275452 0.950012
vt 0.211548 0.337708
vt 0.083496 0.409973
vt 0.499268 0.500000
vt 0.079407 0.409973
vt 0.495178 0.500000
vt 0.207458 0.337708
vt 0.083496 0.590027
vt 0.211548 0.662292
vt 0.497620 0.507019
vt 0.042664 0.707703
vt 0.040833 0.320923
vt 0.500488 0.507019
vt 0.957336 0.320984
vt 0.955505 0.707764
vt 0.597900 0.297668
vt 0.782898 0.337708
vt 0.392517 0.702332
vt 0.207458 0.662292
vt 0.003906 0.388855
vt 0.102173 0.188538
vt 0.720886 0.049988
vt 0.897949 0.188538
vt 0.894165 0.188538
vt 0.992432 0.388855
vt 0.098389 0.188538
vt 0.275452 0.049988
vt 0.601929 0.702332
vt 0.786987 0.662292
vt 0.079407 0.590027
vt 0.033752 0.500000
vt 0.601929 0.297668
vt 0.396545 0.297668
vt 0.996216 0.611145
vt 0.897949 0.811462
vt 0.098389 0.811462
vt 0.000061 0.611145
vt 0.691589 0.042908
vt 0.306580 0.042908
vt 0.688721 0.957092
vt 0.310974 0.958923
vt 0.687134 0.958923
vt 0.309448 0.957092
vt 0.102173 0.811462
vt 0.003906 0.611145
vt 0.992432 0.611145
vt 0.894165 0.811462
vt 0.396545 0.702332
vt 0.392517 0.297668
vt 0.684265 0.041077
vt 0.313843 0.041077
vt 0.782898 0.662292
vt 0.597900 0.702332
vt 0.037781 0.500000
vt 0.954468 0.703308
vt 0.043701 0.703308
vt 0.279236 0.049988
vt 0.500061 0.000488
vt 0.496277 0.000488
vt 0.717041 0.049988
vt 0.996216 0.388855
vt 0.000061 0.388855
vt 0.915039 0.409973
vt 0.786987 0.337708
vt 0.915039 0.590027
vt 0.910950 0.409973
vt 0.910950 0.590027
vt 0.279236 0.950012
vt 0.717041 0.950012
vt 0.956665 0.500000
vt 0.960754 0.500000
vt 0.045532 0.316528
vt 0.952637 0.316528
vt 0.348145 0.273804
vt 0.348145 0.220398
vt 0.999512 0.000488
vt 0.999512 0.904114
vt 0.348145 0.779602
vt 0.999512 0.999512
vt 0.999512 0.345642
vt 0.999512 0.095886
vt 0.348145 0.586426
vt 0.999512 0.654358
vt 0.348145 0.726196
vt 0.348145 0.413574
vt 0.500000 0.949646
vt 0.500000 0.101990
vt 0.982300 0.471252
vt 0.017700 0.471252
vt 0.982910 0.936890
vt 0.017090 0.936890
vt 0.054382 0.318237
vt 0.950500 0.318237
vt 0.317749 0.470947
vt 0.947510 0.318237
vt 0.684143 0.470947
vt 0.498962 0.279541
vt 0.388794 0.067139
vt 0.610107 0.067139
vt 0.688049 0.470947
vt 0.313782 0.470947
vt 0.002136 0.541931
vt 0.051392 0.318237
vt 0.005127 0.541931
vt 0.999695 0.541931
vt 0.996765 0.541931
vt 0.809509 0.156738
vt 0.192322 0.156738
vt 0.391785 0.067139
vt 0.189392 0.156738
vt 0.613098 0.067139
vt 0.812500 0.156738
vt 0.625366 0.075378
vt 0.660828 0.753113
vt 0.341309 0.753113
vt 0.623901 0.075378
vt 0.339905 0.753052
vt 0.659363 0.753052
vt 0.151001 0.287598
vt 0.375854 0.075378
vt 0.149536 0.287598
vt 0.374390 0.075378
vt 0.850220 0.287598
vt 0.848755 0.287598
vt 1.109802 1.156311
vt 0.948669 0.896667
vt 1.005859 0.683105
vt -0.109863 1.156311
vt 0.052063 0.896667
vt -0.006104 0.683105
vt -0.108398 1.156311
vt -0.004639 0.683105
vt 0.053467 0.896667
vt 1.108398 1.156311
vt 1.004395 0.683105
vt 0.947205 0.896667
vt 0.469482 0.339233
vt 0.258850 0.233826
vt 0.237976 1.000000
vt 0.456238 1.000000
vt 0.703613 0.365417
vt 0.671021 1.000000
vt 0.029846 1.000000
vt 0.015503 0.506958
vt 0.054749 0.525330
vt 0.749084 0.001831
vt 0.998169 0.043335
vt 0.749084 0.043335
vt 0.500000 0.001831
vt 0.500000 0.043335
vt 0.892822 1.000000
vt 0.917847 0.388916
vt 0.001831 0.416992
vt 0.250916 0.416992
vt 0.250916 0.458496
vt 0.500000 0.458496
vt 0.500000 0.084900
vt 0.749084 0.126404
vt 0.500000 0.126404
vt 0.001831 0.167908
vt 0.250916 0.167908
vt 0.250916 0.209412
vt 0.500000 0.167908
vt 0.749084 0.167908
vt 0.749084 0.209412
vt 0.749084 0.084900
vt 0.749084 0.873596
vt 0.998169 0.873596
vt 0.998169 0.915100
vt 0.250916 0.832092
vt 0.500000 0.873596
vt 0.250916 0.873596
vt 0.500000 0.707581
vt 0.749084 0.749084
vt 0.500000 0.749084
vt 0.001831 0.749084
vt 0.250916 0.749084
vt 0.250916 0.790588
vt 0.500000 0.666077
vt 0.749084 0.707581
vt 0.749084 0.666077
vt 0.998169 0.707581
vt 0.500000 0.375488
vt 0.749084 0.375488
vt 0.749084 0.416992
vt 0.500000 0.292419
vt 0.749084 0.333923
vt 0.500000 0.333923
vt 0.001831 0.375488
vt 0.001831 0.292419
vt 0.250916 0.292419
vt 0.250916 0.333923
vt 0.500000 0.209412
vt 0.998169 0.209412
vt 0.998169 0.250916
vt 0.749084 0.250916
vt 0.998169 0.292419
vt 0.250916 0.915100
vt 0.500000 0.915100
vt 0.500000 0.956665
vt 0.250916 0.956665
vt 0.749084 0.956665
vt 0.998169 0.956665
vt 0.998169 0.998169
vt 0.749084 0.915100
vt 0.250916 0.624512
vt 0.250916 0.666077
vt 0.250916 0.583008
vt 0.500000 0.583008
vt 0.500000 0.624512
vt 0.749084 0.624512
vt 0.998169 0.624512
vt 0.998169 0.666077
vt 0.749084 0.541504
vt 0.998169 0.583008
vt 0.749084 0.583008
vt 0.500000 0.541504
vt 0.001831 0.541504
vt 0.250916 0.541504
vt 0.001831 0.458496
vt 0.250916 0.500000
vt 0.001831 0.500000
vt 0.250916 0.001831
vt 0.001831 0.043335
vt 0.250916 0.084900
vt 0.001831 0.084900
vt 0.001831 0.126404
vt 0.250916 0.126404
vt 0.500000 0.790588
vt 0.500000 0.832092
vt 0.749084 0.832092
vt 0.749084 0.790588
vt 0.998169 0.790588
vt 0.998169 0.832092
vt 0.001831 0.624512
vt 0.001831 0.666077
vt 0.001831 0.707581
vt 0.749084 0.458496
vt 0.998169 0.458496
vt 0.998169 0.500000
vt 0.998169 0.416992
vt 0.001831 0.915100
vt 0.001831 0.873596
vt 0.012512 0.173279
vt 0.749084 0.292419
vt 0.500000 0.416992
vt 0.998169 0.375488
vt 0.998169 0.333923
vt 0.001831 0.250916
vt 0.001831 0.209412
vt 0.250916 0.250916
vt 0.001831 0.832092
vt 0.001831 0.790588
vt 0.998169 0.541504
vt 0.749084 0.500000
vt 0.001831 0.956665
vt 0.250916 0.998169
vt 0.001831 0.998169
vt 0.001831 0.001831
vt 0.250916 0.043335
vt 0.075867 0.122131
vt 0.002991 1.000000
vt 0.001831 0.583008
vt 0.998169 0.126404
vt 0.998169 0.084900
vt 0.998169 0.749084
vt 0.998169 0.167908
vt 0.250916 0.707581
vt 0.001831 0.333923
vt 0.250916 0.375488
vt 0.500000 0.250916
vt 0.998169 0.001831
vt 0.749084 0.998169
vt 0.500000 0.998169
vt 1.001953 1.000000
vt 0.948059 1.000000
vt 1.968689 -0.237244
vt 0.999268 -0.224365
vt 1.022217 0.965515
vt 0.021606 0.759399
vt 0.999268 0.100830
vt 0.999268 0.762695
vt 1.986328 0.012268
vt 0.999268 0.022766
vt 0.999268 0.972046
vt 0.947205 0.115906
vt 0.036682 0.808533
vt 0.036682 0.115906
vt 1.949341 0.808533
vt 1.051331 0.808533
vt 1.051331 0.115906
vt 0.021606 0.100830
vt 0.005188 0.012268
vt 0.009827 0.968750
vt 0.999268 0.973206
vt 0.999268 0.081848
vt 1.979431 0.037720
vt 1.967041 0.493042
vt 1.967041 0.024170
vt 0.021606 0.024170
vt 1.949341 0.115906
vt 1.963196 0.965515
vt 0.947205 0.808533
vt 0.976257 0.965515
vt 0.020203 -0.237244
vt 0.024902 0.965515
vt 0.011047 0.037720
vt 0.021606 0.973206
vt 0.021606 0.493042
vt 1.051331 0.447571
vt 1.051331 0.867981
vt 1.949341 0.867981
vt 0.947205 0.447571
vt 0.036682 0.867981
vt 0.947205 0.867981
vt 0.036682 0.447571
vt 0.947205 0.028625
vt 0.036682 0.028625
vt 1.961731 0.072266
vt 1.949341 0.986877
vt 1.051331 0.986877
vt 1.949341 0.447571
vt 1.949341 0.028625
vt 1.051331 0.028625
vt 0.000488 0.597229
vt 0.005188 0.609009
vt 1.986328 0.609009
vt 1.991760 0.597229
vt 1.051331 0.119873
vt 0.947205 0.986877
vt 0.026123 0.072266
vt 0.947205 0.119873
vt 0.015564 0.559937
vt 0.020203 0.338806
vt 0.036682 0.986877
vt 1.968689 0.338806
vt 1.974121 0.559937
vt 0.000488 0.005920
vt 0.000488 0.957336
vt 0.000488 0.035461
vt 1.991760 0.957336
vt 1.991760 0.005920
vt 1.991760 0.035461
vt 0.999268 0.996460
vt 0.014709 0.858643
vt 0.999268 0.861938
vt 1.991760 0.807190
vt 1.991760 0.121338
vt 0.009827 0.993164
vt 0.000488 0.121338
vt 0.000488 0.807190
vt 1.974121 0.141052
vt 1.974121 0.951477
vt 1.974121 0.075928
vt 0.015564 0.141052
vt 0.015564 0.951477
vt 0.015564 0.075928
vt 1.022217 0.995544
vt 1.034363 0.930542
vt 1.957458 0.930542
vt 0.976257 0.995544
vt 0.029785 0.930542
vt 0.964172 0.930542
vt 0.999268 0.558655
vt 0.999268 0.075928
vt 0.999268 0.142761
vt 0.999268 0.867065
vt 0.021606 0.011780
vt 1.967041 0.011780
vt 1.967041 0.100830
vt 1.963196 0.995544
vt 1.974121 0.867249
vt 0.024902 0.995544
vt 0.015564 0.867249
vt 1.980835 0.968750
vt 1.975098 0.858643
vt 1.980835 0.993164
vt 0.999268 0.934326
vt 1.991760 0.927734
vt 1.967041 0.973206
vt 1.974121 0.934509
vt 0.015564 0.934509
vt 1.967041 0.759399
vt 0.000488 0.927734
vt 1.967041 0.866028
vt 0.021606 0.866028
vt 0.999268 0.950439
vt 0.999268 0.024902
vt 0.947205 0.011719
vt 1.051331 0.011719
vt 1.974121 -0.016357
vt 0.015564 -0.016357
vt 0.999268 -0.016357
vt 0.036682 0.011719
vt 1.949341 0.011719
vt 0.485107 0.037354
vt 0.839844 0.867615
vt 0.485168 0.871521
vt 0.358337 0.969543
vt 0.103882 0.973450
vt 0.240417 0.722900
vt -0.345703 0.008423
vt 0.002747 0.870911
vt 0.485107 0.037415
vt 1.331909 0.084656
vt 1.502258 0.933044
vt 1.226929 0.955566
vt 0.764404 0.873901
vt 0.500000 0.869812
vt 0.642029 0.987976
vt 0.659485 0.807922
vt 0.645142 0.710449
vt 0.759583 0.722900
vt 1.723206 0.991577
vt 1.569580 0.992859
vt 1.763123 0.994629
vt 1.524475 0.929871
vt -0.438782 0.507690
vt 0.357971 0.987976
vt 0.235596 0.873901
vt 0.105896 0.992554
vt 1.567444 0.987976
vt 0.978210 0.910706
vt 0.985596 0.976685
vt 0.948181 0.976624
vt 0.877075 0.809143
vt 0.871765 0.959351
vt 0.125732 0.775146
vt 1.684204 0.986755
vt 1.239136 0.950012
vt 1.504089 0.976501
vt 1.500061 0.928894
vt 0.894104 0.992554
vt 0.927673 0.940857
vt 0.867188 0.886658
vt 1.742859 0.930176
vt 0.047668 0.984497
vt 0.283813 0.680847
vt 0.029114 0.682190
vt 0.047363 0.984985
vt 0.028870 0.682678
vt 0.283569 0.681335
vt 0.048523 0.984497
vt 0.029968 0.682190
vt 0.284729 0.680847
vt 0.048218 0.984985
vt 0.284424 0.681335
vt 0.029724 0.682678
vt 1.509949 0.992310
vt 1.236023 0.994690
vt 1.232666 0.995300
vt 0.840698 0.998840
vt 0.485352 0.933716
vt 0.839905 0.939941
vt 0.021790 0.909912
vt 0.051819 0.975769
vt 0.014404 0.976685
vt 0.412415 0.961792
vt 0.412109 0.962280
vt 0.500000 0.975952
vt 0.500000 0.694458
vt 0.642761 0.853943
vt 0.896118 0.973450
vt 0.893860 0.854919
vt 0.929138 0.835999
vt 0.411560 0.961792
vt 0.411255 0.962280
vt 0.944519 0.992493
vt 0.976563 0.992371
vt 0.959351 0.968750
vt 0.890747 0.967224
vt 1.592773 0.920654
vt 1.622437 0.990173
vt 1.658752 0.919678
vt 0.072327 0.940857
vt 0.132813 0.886658
vt 0.055481 0.991699
vt 0.040649 0.967896
vt 0.023438 0.992371
vt 1.111328 0.983032
vt 1.065002 0.911804
vt 1.058228 0.969055
vt 0.711182 0.874512
vt 0.527588 0.876526
vt 0.518372 0.864136
vt 0.709351 0.837097
vt 0.887817 0.817749
vt 0.433960 0.685242
vt 0.434265 0.684753
vt 0.638977 0.969604
vt 0.644287 0.963013
vt 0.664917 0.955994
vt 1.571655 0.987549
vt 1.560364 0.990051
vt 0.354858 0.710449
vt 1.010376 0.860413
vt 1.067688 0.913452
vt 1.055664 0.965149
vt 1.002869 0.934143
vt 1.005981 0.995361
vt 1.785095 0.939636
vt 1.820251 0.950867
vt 0.070862 0.835999
vt 1.526123 0.937866
vt 1.523621 0.933716
vt 0.435120 0.684753
vt 0.434875 0.685242
vt 1.109619 0.938904
vt 0.900391 0.820923
vt 0.891174 0.835449
vt 0.877441 0.839844
vt 0.709351 0.859253
vt 0.719482 0.834045
vt 0.719482 0.815796
vt 0.719482 0.866394
vt 0.701721 0.815796
vt 0.701721 0.866394
vt 1.112366 0.980713
vt 1.111023 0.944946
vt 0.485962 0.995728
vt 0.999512 0.963562
vt 0.000488 0.963562
vt 0.701721 0.834045
vt 0.701721 0.735474
vt 0.719482 0.888733
vt 0.010437 0.728760
vt 0.008850 0.937439
vt 0.010681 0.728271
vt 0.009094 0.936951
vt 0.011292 0.728760
vt 0.009705 0.937439
vt 0.011536 0.728271
vt 0.009949 0.936951
vt 0.428772 0.921204
vt 0.428528 0.921692
vt 0.427917 0.921204
vt 0.427673 0.921692
vt 0.450500 0.742188
vt 0.450745 0.741699
vt 0.449646 0.742188
vt 0.449890 0.741699
vt 0.500000 0.991516
vt 0.719482 0.735474
vt 0.701721 0.751831
vt 0.701721 0.888733
vt 0.701721 0.895264
vt 0.526489 0.860474
vt 0.541321 0.877869
vt 0.708313 0.843140
vt 0.540222 0.861755
vt 0.517273 0.848022
vt 0.708313 0.820984
vt 0.886719 0.801636
vt 0.701721 0.872375
vt 0.719482 0.895264
vt 0.899292 0.804871
vt 0.890076 0.819336
vt 1.568726 0.990967
vt 0.874268 0.775146
vt 0.002808 0.934509
vt 0.719482 0.751831
vt 0.710571 0.909424
vt 0.002197 0.991211
vt 1.525818 0.936523
vt 0.530945 0.858093
vt 0.876343 0.823792
vt 0.529846 0.841980
vt 0.719482 0.872375
vt 0.000000 0.563660
vt 0.664429 0.679688
vt 0.681335 0.665771
vt 0.650391 0.651306
vt 0.623047 0.679199
vt 0.647705 0.694458
vt 0.688110 0.661194
vt 0.693237 0.661926
vt 0.682739 0.628357
vt 1.000000 0.732483
vt 0.000000 0.432495
vt 0.000000 0.732483
vt 0.641479 0.700989
vt 0.638855 0.708252
vt 1.000000 0.432495
vt 0.640625 0.723145
vt 0.638611 0.714783
vt 0.701172 0.671509
vt 0.697021 0.664978
vt 0.689514 0.080505
vt 0.009033 0.031860
vt 0.009033 0.970825
vt 0.869080 0.444214
vt 0.792114 0.979919
vt 0.791626 0.239258
vt 0.689087 0.980042
vt 0.867859 0.444214
vt 0.790466 0.239258
vt 0.790894 0.979919
vt 0.991882 0.881348
vt 0.941895 0.655457
vt 0.941284 0.979431
vt 0.867676 0.979614
vt 0.993042 0.881348
vt 0.942444 0.979431
vt 0.943054 0.655457
vt 0.868835 0.979614
vt 0.690674 0.080505
vt 0.690308 0.980042
vt 1.245422 0.053223
vt 1.231934 0.736633
vt -0.243591 0.053467
vt -0.223694 0.747559
vt 1.110229 0.967896
vt -0.111694 0.963928
vt 0.499390 0.500000
vt 0.727417 0.108826
vt 0.578979 0.055176
vt 0.621277 0.706299
vt 0.542908 0.734558
vt 0.954895 0.500000
vt 0.927429 0.345520
vt 0.741394 0.500000
vt 0.726929 0.581482
vt 0.317200 0.653137
vt 0.275513 0.581482
vt 0.578979 0.944824
vt 0.727417 0.891174
vt 0.151550 0.790344
vt 0.174438 0.617676
vt 0.234558 0.721130
vt 0.272583 0.891174
vt 0.726929 0.418518
vt 0.542908 0.265442
vt 0.621277 0.293701
vt 0.673218 0.202087
vt 0.560181 0.161194
vt 0.151550 0.209656
vt 0.072571 0.345520
vt 0.439819 0.838806
vt 0.560181 0.838806
vt 0.072571 0.654480
vt 0.045105 0.500000
vt 0.153503 0.500000
vt 0.848450 0.790344
vt 0.927429 0.654480
vt 0.459473 0.734558
vt 0.848450 0.209656
vt 0.765442 0.278870
vt 0.765442 0.721130
vt 0.825562 0.617676
vt 0.326782 0.202087
vt 0.234558 0.278870
vt 0.272583 0.108826
vt 0.421021 0.055176
vt 0.439819 0.161194
vt 0.421021 0.944824
vt 0.326782 0.797913
vt 0.174438 0.382324
vt 0.846497 0.500000
vt 0.673218 0.797913
vt 0.275513 0.418518
vt 0.317200 0.346863
vt 0.261047 0.500000
vt 0.459473 0.265442
vt 0.381104 0.293701
vt 0.413269 0.988403
vt 0.586731 0.988403
vt 0.117371 0.818787
vt 0.250244 0.929504
vt 0.685181 0.653137
vt 0.825562 0.382324
vt 0.685181 0.346863
vt 0.030640 0.330383
vt 0.250244 0.070496
vt 0.117371 0.181213
vt 0.381104 0.706299
vt 0.749756 0.070496
vt 0.749756 0.929504
vt 0.969360 0.330383
vt 0.882629 0.818787
vt 0.969360 0.669617
vt 0.586731 0.011597
vt 0.413269 0.011597
vt 0.882629 0.181213
vt 0.030640 0.669617
vt 0.000488 2.500000
vt 0.999512 3.000000
vt 0.999512 2.500000
vt 0.000488 0.000000
vt 0.999512 0.000000
vt 0.000488 1.500000
vt 0.999512 1.000000
vt 0.999512 1.500000
vt 0.000488 3.000000
vt 0.999512 3.500000
vt 0.000488 3.500000
vt 0.000488 4.000000
vt 0.999512 4.000000
vt 0.000488 1.000000
vt 0.000488 2.000000
vt 0.999512 2.000000
s 0
usemtl blue
f 603/1/1 167/2/2 300/3/2
f 327/4/3 256/5/4 168/6/5
f 488/7/6 343/8/7 179/9/8
f 348/10/9 449/11/10 81/12/11
f 170/13/12 494/14/13 520/15/14
f 82/16/15 521/17/16 493/18/17
f 182/19/18 437/20/19 215/21/20
f 521/17/16 227/22/21 612/23/22
f 607/24/23 563/25/24 360/26/25
f 230/27/26 299/28/27 502/29/28
f 438/30/29 430/31/30 459/32/31
f 491/33/32 198/34/33 427/35/34
f 124/33/35 92/36/36 393/37/37
f 630/38/38 253/39/39 128/40/40
f 338/41/41 251/42/42 544/43/43
f 254/44/44 8/45/45 374/46/46
f 593/47/47 517/48/48 619/49/49
f 337/50/50 564/51/51 543/52/52
f 563/25/24 607/24/53 627/53/54
f 338/41/55 544/43/43 568/54/56
f 494/14/57 170/13/58 531/55/59
f 337/50/50 543/52/52 250/56/60
f 131/57/61 265/58/62 395/59/63
f 297/60/64 85/61/65 113/62/66
f 43/63/67 60/64/68 86/65/69
f 202/66/70 278/67/71 229/68/72
f 113/62/66 294/69/73 169/70/74
f 42/71/75 67/72/76 70/73/77
f 493/18/78 530/74/79 82/16/15
f 490/33/80 526/75/81 390/37/82
f 612/23/83 493/18/17 521/17/16
f 124/33/84 393/37/37 522/75/85
f 611/76/86 520/15/87 494/14/57
f 255/77/88 373/78/89 79/79/90
f 558/80/91 589/81/92 284/82/93
f 318/83/94 422/84/95 289/85/96
f 193/86/97 45/87/98 317/83/94
f 310/88/99 291/85/96 421/84/100
f 465/89/101 170/13/12 368/90/102
f 255/77/88 79/79/90 61/91/103
f 626/92/104 108/93/105 468/94/106
f 254/44/44 104/95/107 8/45/45
f 25/96/108 176/97/109 271/98/110
f 587/99/111 528/100/112 565/101/113
f 315/102/114 192/103/115 55/104/116
f 253/39/39 630/38/117 159/105/118
f 336/106/119 31/107/120 428/108/121
f 565/101/113 399/109/122 587/99/111
f 401/110/123 179/9/124 10/111/125
f 113/62/66 169/70/126 297/60/64
f 466/112/127 367/113/128 82/16/15
f 477/114/129 163/115/130 197/116/131
f 370/117/132 212/118/133 407/119/134
f 496/120/135 12/121/136 560/122/137
f 495/123/138 559/124/139 7/125/140
f 311/126/141 447/127/142 524/128/143
f 520/15/14 611/76/144 228/129/145
f 391/130/146 379/131/147 321/94/148
f 185/132/149 439/133/150 424/134/151
f 532/135/152 533/136/153 234/137/154
f 414/138/155 169/70/74 294/69/73
f 418/139/156 297/60/64 169/70/74
f 597/140/157 67/72/76 434/141/158
f 351/142/159 184/143/160 415/144/161
f 300/3/5 101/145/162 603/1/1
f 518/146/163 20/147/164 586/148/165
f 11/149/125 120/150/166 283/151/167
f 46/152/168 189/153/169 298/154/170
f 427/35/34 527/75/81 491/33/80
f 590/155/171 579/156/172 583/157/173
f 428/108/121 122/158/84 523/159/85
f 594/160/174 585/161/175 581/162/176
f 316/83/114 287/85/177 420/84/178
f 311/126/141 419/163/179 288/164/180
f 57/165/181 529/166/182 218/167/183
f 467/94/184 110/93/185 622/168/186
f 186/169/187 445/170/188 244/171/189
f 278/67/71 202/66/70 22/172/190
f 464/173/191 126/174/192 552/175/193
f 576/176/194 299/28/27 281/177/195
f 284/82/196 458/178/31 558/80/197
f 182/19/198 305/179/199 437/20/19
f 307/180/200 115/181/201 366/182/202
f 199/183/203 78/184/204 465/89/101
f 245/185/205 69/186/206 68/187/207
f 355/188/208 277/189/209 73/190/210
f 356/191/211 273/192/212 90/193/213
f 74/194/214 270/195/215 160/196/216
f 430/31/30 438/30/29 131/57/61
f 317/83/94 171/197/217 193/86/97
f 179/9/124 401/110/123 488/7/218
f 531/55/219 78/184/204 503/198/220
f 424/134/151 345/199/221 185/132/222
f 80/200/11 450/201/223 437/20/224
f 505/202/225 405/203/226 445/170/188
f 226/204/227 16/205/228 505/202/229
f 84/206/230 236/207/231 52/208/232
f 306/209/233 365/210/234 111/61/235
f 600/211/236 432/212/237 86/65/238
f 335/213/239 427/35/34 198/34/33
f 570/214/240 586/148/165 35/215/241
f 358/216/242 174/217/243 403/218/244
f 359/219/245 175/220/246 404/221/247
f 91/222/36 605/93/248 628/168/249
f 93/206/250 94/208/251 237/207/252
f 95/223/253 192/103/115 319/224/254
f 256/5/255 395/59/63 329/225/256
f 528/100/112 587/99/111 26/226/257
f 520/15/14 368/90/102 170/13/12
f 521/17/258 82/16/15 367/113/128
f 101/145/162 217/227/259 519/228/163
f 308/130/260 102/229/261 409/230/262
f 391/130/146 408/230/263 103/229/264
f 281/177/265 64/231/266 203/232/267
f 254/44/44 24/233/268 104/95/107
f 211/234/269 195/235/270 331/236/271
f 209/237/272 333/238/273 194/239/274
f 299/28/275 576/176/276 502/29/277
f 426/240/278 65/241/279 130/242/280
f 490/33/80 390/37/82 109/36/281
f 58/222/281 622/168/186 110/93/105
f 534/137/282 354/136/283 112/243/284
f 532/135/152 232/244/285 536/245/286
f 294/69/73 113/62/66 66/181/76
f 535/244/287 114/246/288 353/245/289
f 346/247/290 244/171/291 445/170/292
f 14/248/293 347/249/294 117/250/295
f 543/52/52 496/120/135 250/56/60
f 544/43/43 251/42/42 495/123/138
f 120/150/166 11/149/125 178/251/124
f 184/143/160 259/252/296 363/253/297
f 322/254/148 616/255/298 537/256/299
f 122/158/84 428/108/121 31/107/120
f 185/132/149 364/257/300 258/258/301
f 117/250/295 128/40/302 14/248/293
f 341/259/303 313/260/304 129/261/305
f 36/262/306 426/240/278 130/242/280
f 256/5/255 327/4/3 398/263/307
f 131/57/308 398/263/307 430/31/30
f 377/264/309 608/265/310 631/266/311
f 342/267/312 40/268/313 314/269/314
f 455/270/315 149/271/316 196/272/317
f 358/216/318 276/273/319 174/217/320
f 463/173/321 135/274/322 125/174/192
f 444/275/323 12/121/324 39/276/325
f 598/277/326 12/121/327 444/275/328
f 443/278/329 138/279/330 7/125/331
f 591/280/332 443/278/333 7/125/334
f 579/156/172 139/281/335 583/157/173
f 583/157/173 139/281/336 155/282/337
f 581/162/176 585/161/175 140/283/338
f 585/161/175 156/284/339 140/283/340
f 141/285/341 332/286/342 240/287/343
f 145/285/344 242/287/345 334/286/346
f 359/219/347 274/288/348 175/220/349
f 453/289/350 72/290/351 196/272/352
f 299/28/27 230/27/26 479/291/353
f 465/89/101 21/292/354 199/183/355
f 12/121/324 598/277/326 560/122/137
f 7/125/331 559/124/356 591/280/332
f 459/32/31 285/293/357 438/30/29
f 154/294/358 525/295/143 446/296/142
f 595/297/359 550/298/360 389/299/361
f 609/300/362 384/301/363 554/302/364
f 286/303/365 510/304/366 157/305/367
f 158/306/118 629/307/38 405/203/226
f 255/77/88 61/91/103 229/68/72
f 180/308/368 160/196/216 18/309/369
f 192/103/115 315/102/114 161/310/370
f 567/311/371 361/312/25 561/313/24
f 197/116/131 163/115/130 369/314/372
f 51/315/373 164/316/374 489/317/375
f 49/318/376 492/319/377 165/320/378
f 244/171/189 466/112/127 186/169/187
f 601/321/379 300/3/5 167/2/5
f 329/225/256 168/6/380 256/5/255
f 169/70/126 414/138/155 330/322/381
f 169/70/126 330/322/381 418/139/156
f 78/184/204 531/55/59 170/13/12
f 170/13/12 465/89/101 78/184/204
f 291/85/96 190/323/382 77/324/383
f 171/197/384 77/324/383 19/325/385
f 172/326/386 627/53/54 607/24/53
f 355/188/387 73/190/210 400/327/388
f 356/191/389 90/193/213 402/328/390
f 24/233/268 254/44/44 582/329/391
f 181/330/392 133/331/393 176/97/394
f 305/179/199 234/137/154 177/332/395
f 364/257/300 185/132/149 345/199/396
f 178/251/8 15/333/397 120/150/398
f 15/333/397 178/251/8 344/334/7
f 262/335/399 497/336/400 456/337/401
f 160/196/402 262/335/403 74/194/214
f 261/338/404 457/339/405 504/340/406
f 176/97/109 25/96/108 261/338/404
f 305/179/199 182/19/198 232/244/285
f 363/253/407 415/144/161 184/143/160
f 557/341/91 324/342/408 362/343/409
f 259/252/296 184/143/410 411/344/411
f 440/345/412 411/344/411 184/143/410
f 258/258/301 410/346/413 185/132/222
f 439/133/150 185/132/222 410/346/413
f 186/169/187 82/16/15 530/74/79
f 82/16/15 186/169/187 466/112/127
f 447/127/142 311/126/141 288/164/177
f 55/104/116 27/347/414 187/348/415
f 449/11/416 348/10/9 189/153/169
f 190/323/417 291/85/96 310/88/418
f 324/342/408 75/349/419 138/279/330
f 27/347/414 55/104/116 192/103/115
f 192/103/115 95/223/253 27/347/414
f 19/325/385 193/86/97 171/197/217
f 193/86/420 19/325/385 206/350/421
f 428/108/121 442/351/422 336/106/119
f 194/239/274 32/352/423 106/353/424
f 427/35/34 335/213/239 441/354/425
f 195/235/426 105/355/427 17/356/428
f 454/357/429 71/358/430 196/272/352
f 452/359/431 134/360/432 196/272/352
f 369/314/372 406/361/433 197/116/131
f 198/34/33 35/215/241 335/213/239
f 343/8/7 488/7/6 199/183/355
f 68/187/77 199/183/355 245/185/434
f 361/312/25 567/311/371 162/362/435
f 200/363/436 350/364/437 201/365/435
f 229/68/72 61/91/103 202/66/70
f 24/233/268 203/232/438 104/95/107
f 586/148/165 570/214/240 518/146/163
f 206/350/421 320/366/439 193/86/97
f 52/208/440 208/234/441 84/206/442
f 333/238/443 209/237/272 50/367/232
f 94/208/251 93/206/444 210/234/269
f 331/236/342 48/208/445 211/234/269
f 212/118/133 426/240/278 36/262/306
f 184/143/160 351/142/159 440/345/446
f 449/11/416 189/153/169 46/152/168
f 217/227/447 4/368/448 519/228/163
f 218/167/183 529/166/112 5/369/257
f 581/162/176 51/315/373 594/160/174
f 219/370/373 220/371/449 221/372/450
f 579/156/172 590/155/171 49/318/376
f 223/370/376 224/372/228 225/371/451
f 266/373/452 569/374/453 227/22/21
f 267/375/454 228/129/145 573/376/455
f 229/68/72 584/377/456 255/77/88
f 619/49/49 615/378/457 593/47/47
f 2/379/458 479/291/353 230/27/26
f 231/19/459 44/380/460 535/244/461
f 233/332/462 534/137/463 41/381/464
f 503/198/465 488/7/6 401/110/466
f 492/319/377 49/318/376 590/155/171
f 143/382/467 240/287/343 332/286/342
f 489/317/375 594/160/174 51/315/373
f 146/382/468 334/286/346 242/287/345
f 505/202/229 16/205/228 243/383/469
f 166/384/470 244/171/189 246/385/471
f 466/112/127 244/171/189 166/384/470
f 21/292/354 245/185/434 199/183/203
f 246/385/471 59/386/68 247/387/472
f 59/386/68 246/385/471 244/171/189
f 248/388/473 310/88/99 421/84/95
f 249/389/474 419/163/179 311/126/141
f 496/120/135 37/390/475 250/56/60
f 495/123/138 251/42/476 38/391/477
f 349/392/478 424/134/151 439/133/150
f 159/105/118 348/10/9 253/39/39
f 254/44/44 271/98/110 176/97/394
f 133/331/479 254/44/44 176/97/394
f 255/77/88 160/196/480 270/195/215
f 18/309/481 160/196/480 255/77/88
f 395/59/63 256/5/255 131/57/61
f 398/263/307 131/57/61 256/5/4
f 517/48/48 593/47/47 608/265/310
f 608/265/310 377/264/309 517/48/482
f 410/346/413 258/258/483 13/393/484
f 411/344/485 1/394/486 259/252/296
f 588/395/92 157/305/367 510/304/366
f 181/330/487 176/97/394 261/338/488
f 180/308/368 262/335/399 160/196/489
f 154/294/490 188/396/491 263/397/62
f 188/396/491 394/398/63 263/397/62
f 341/259/303 569/374/453 266/373/452
f 99/399/492 34/400/493 266/373/452
f 342/267/494 267/375/495 573/376/455
f 98/401/496 267/375/495 3/402/497
f 22/172/498 268/403/499 278/67/71
f 552/175/193 478/114/129 464/173/321
f 197/116/131 463/173/321 477/114/129
f 270/195/215 373/78/89 255/77/88
f 271/98/110 254/44/44 374/46/46
f 272/192/500 358/216/318 403/218/501
f 149/271/316 455/270/502 273/192/503
f 274/288/348 356/191/211 402/328/390
f 72/290/504 453/289/505 274/288/348
f 275/273/319 355/188/208 400/327/388
f 71/358/430 454/357/506 275/273/507
f 277/189/209 359/219/347 404/221/508
f 134/360/509 452/359/510 277/189/511
f 572/404/512 278/67/71 268/403/499
f 142/405/513 279/406/514 143/382/467
f 147/405/515 146/382/468 280/406/516
f 203/232/267 24/233/268 281/177/265
f 47/407/517 440/345/446 351/142/159
f 11/149/518 283/151/167 46/152/168
f 509/408/366 284/82/93 589/81/92
f 153/409/490 438/30/29 285/293/93
f 524/128/143 39/276/325 76/410/519
f 39/276/325 286/303/520 136/411/521
f 287/85/180 316/83/522 54/197/116
f 187/348/491 288/164/177 55/104/116
f 289/85/523 290/197/384 318/83/94
f 77/324/383 171/197/384 291/85/96
f 292/412/73 436/413/524 413/414/155
f 67/72/76 42/71/525 292/412/73
f 295/415/64 417/416/526 435/417/527
f 86/65/238 295/415/64 43/63/67
f 11/149/125 46/152/168 298/154/170
f 64/231/266 281/177/265 299/28/27
f 300/3/5 601/321/379 57/165/528
f 301/418/529 418/139/156 330/322/381
f 302/419/530 546/420/531 574/421/532
f 303/422/533 330/322/534 414/138/155
f 304/423/535 577/424/536 548/425/537
f 536/245/286 113/62/66 532/135/152
f 533/136/153 532/135/538 113/62/66
f 111/61/539 431/426/540 306/209/233
f 115/181/201 307/180/200 433/427/541
f 409/230/262 461/428/542 308/130/543
f 468/94/544 538/429/545 626/92/546
f 324/342/408 310/88/99 75/349/547
f 524/128/143 76/410/519 311/126/548
f 537/256/299 392/430/146 322/254/549
f 18/309/481 313/260/304 180/308/368
f 133/331/393 181/330/487 314/269/550
f 315/102/522 448/431/551 161/310/370
f 419/163/179 28/432/552 315/102/522
f 317/83/94 45/87/553 451/433/554
f 421/84/95 317/83/94 88/434/555
f 399/109/122 565/101/113 636/435/556
f 161/310/370 319/224/557 192/103/115
f 570/214/240 35/215/241 45/87/558
f 45/87/559 193/86/420 320/366/439
f 605/93/560 92/36/36 124/33/84
f 31/107/120 606/436/560 122/158/84
f 323/437/408 558/80/197 458/178/31
f 310/88/99 324/342/408 190/323/382
f 519/228/163 603/1/561 101/145/162
f 325/438/562 207/439/421 326/440/563
f 529/166/112 57/165/181 601/321/379
f 328/441/256 264/442/564 96/443/253
f 330/322/381 303/422/565 83/444/566
f 330/322/381 83/444/567 301/418/568
f 17/356/569 331/236/342 195/235/270
f 332/286/271 142/405/513 143/382/467
f 32/352/570 194/239/274 333/238/273
f 334/286/273 146/382/468 147/405/515
f 87/445/571 335/213/239 35/215/241
f 97/446/572 399/109/122 336/106/573
f 130/242/280 564/51/51 337/50/574
f 135/274/322 338/41/55 568/54/56
f 118/447/135 339/448/575 62/449/576
f 119/450/138 53/451/577 340/452/578
f 266/373/452 34/400/493 341/259/303
f 267/375/454 342/267/312 3/402/497
f 199/183/579 68/187/77 596/453/157
f 67/72/580 597/140/581 70/73/77
f 423/200/582 233/332/462 345/199/221
f 41/381/464 345/199/396 233/332/583
f 244/171/189 599/454/584 59/386/68
f 86/65/238 60/64/68 600/211/584
f 348/10/9 30/455/585 189/153/169
f 159/105/118 30/455/585 348/10/9
f 47/407/586 351/142/159 352/21/587
f 415/144/161 352/21/587 351/142/159
f 353/245/289 366/182/202 115/181/201
f 113/62/66 536/245/286 66/181/588
f 354/136/283 111/61/235 365/210/234
f 113/62/66 85/61/238 533/136/153
f 454/357/506 355/188/208 275/273/589
f 134/360/590 277/189/511 355/188/208
f 453/289/350 356/191/389 274/288/348
f 149/271/591 273/192/503 356/191/389
f 455/270/315 357/216/318 273/192/503
f 71/358/430 275/273/589 357/216/318
f 452/359/431 359/219/245 277/189/511
f 72/290/504 274/288/592 359/219/347
f 592/456/593 625/457/594 269/458/595
f 625/457/594 592/456/596 610/459/597
f 138/279/330 137/460/598 362/343/599
f 138/279/330 362/343/409 324/342/408
f 415/144/161 363/253/407 44/380/600
f 345/199/396 41/381/464 364/257/601
f 365/210/234 112/243/602 354/136/283
f 366/182/202 353/245/289 114/246/288
f 6/461/603 99/399/604 367/113/128
f 266/373/452 367/113/128 99/399/492
f 150/462/605 368/90/102 98/401/496
f 267/375/495 98/401/496 368/90/102
f 610/459/597 633/463/606 625/457/594
f 615/378/457 619/49/49 635/464/607
f 598/277/608 136/411/609 371/465/610
f 591/280/611 372/466/612 137/460/613
f 373/78/614 270/195/215 205/467/615
f 374/46/46 204/468/616 271/98/110
f 425/173/278 556/175/617 376/174/618
f 308/130/543 378/131/619 102/229/620
f 391/130/146 103/229/264 379/131/147
f 380/285/621 553/469/364 382/470/622
f 242/287/345 145/285/623 383/470/622
f 385/285/624 386/470/361 549/469/360
f 240/287/343 388/470/625 141/285/341
f 526/75/81 93/206/444 390/37/82
f 408/230/263 391/130/146 100/428/626
f 312/471/627 123/472/626 392/430/146
f 522/75/85 393/37/37 84/206/442
f 394/398/63 188/396/491 264/442/628
f 264/442/629 328/441/256 394/398/63
f 396/473/307 326/440/563 397/474/383
f 326/440/630 396/473/307 325/438/3
f 31/107/120 336/106/119 399/109/122
f 275/273/319 400/327/631 173/217/320
f 401/110/466 10/111/518 238/475/632
f 238/475/633 503/198/220 401/110/123
f 274/288/348 402/328/390 175/220/349
f 272/192/503 403/218/244 89/193/213
f 277/189/209 404/221/634 73/190/635
f 405/203/226 243/383/469 158/306/118
f 243/383/469 405/203/226 505/202/225
f 439/133/150 410/346/413 127/476/636
f 13/393/484 127/476/637 410/346/413
f 440/345/446 121/477/638 411/344/411
f 1/394/639 411/344/411 121/477/638
f 547/478/537 413/414/155 293/479/640
f 293/479/641 413/414/155 436/413/642
f 352/21/587 415/144/643 231/19/459
f 44/380/460 231/19/644 415/144/643
f 545/480/531 296/481/645 417/416/156
f 296/481/645 435/417/527 417/416/156
f 419/163/179 249/389/474 29/482/646
f 28/432/552 419/163/179 29/482/646
f 421/84/100 56/483/647 248/388/473
f 88/434/648 56/483/647 421/84/649
f 349/392/478 423/200/650 424/134/151
f 345/199/396 424/134/151 423/200/582
f 556/175/617 425/173/278 375/114/651
f 212/118/133 107/484/652 426/240/278
f 527/75/81 427/35/34 195/235/270
f 105/355/653 195/235/270 427/35/34
f 523/159/85 194/239/274 428/108/121
f 106/353/424 428/108/121 194/239/274
f 458/178/31 429/485/654 397/474/383
f 397/474/655 429/485/30 396/473/307
f 13/393/484 306/209/233 431/426/656
f 347/249/294 14/248/657 432/212/237
f 1/394/486 433/427/541 307/180/658
f 344/334/659 434/141/660 15/333/397
f 435/417/527 43/63/67 295/415/64
f 436/413/661 292/412/73 42/71/525
f 177/332/395 80/200/11 437/20/224
f 177/332/395 437/20/224 305/179/199
f 438/30/29 153/409/490 265/58/62
f 265/58/62 131/57/61 438/30/29
f 349/392/662 439/133/150 252/486/663
f 127/476/637 252/486/663 439/133/150
f 47/407/664 282/487/665 440/345/412
f 121/477/638 440/345/446 282/487/665
f 427/35/34 441/354/425 105/355/653
f 428/108/121 106/353/424 442/351/422
f 138/279/666 443/278/667 137/460/668
f 137/460/598 443/278/667 591/280/611
f 39/276/669 136/411/670 444/275/671
f 136/411/521 598/277/608 444/275/671
f 116/488/295 445/170/188 405/203/226
f 445/170/188 116/488/672 346/247/294
f 188/396/415 154/294/358 446/296/142
f 288/164/177 187/348/415 447/127/142
f 315/102/114 28/432/552 448/431/551
f 46/152/168 216/489/20 449/11/416
f 215/21/20 437/20/19 450/201/673
f 317/83/94 451/433/554 88/434/648
f 72/290/504 452/359/510 196/272/352
f 452/359/674 72/290/504 359/219/245
f 149/271/316 453/289/350 196/272/352
f 453/289/505 149/271/591 356/191/211
f 134/360/675 454/357/429 196/272/317
f 454/357/506 134/360/509 355/188/208
f 71/358/430 455/270/676 196/272/317
f 455/270/502 71/358/430 357/216/318
f 456/337/401 74/194/214 262/335/399
f 457/339/405 261/338/488 25/96/108
f 397/474/383 191/490/382 458/178/31
f 458/178/31 191/490/417 323/437/408
f 23/491/677 309/130/543 460/428/542
f 212/118/678 370/117/679 462/492/680
f 107/484/652 212/118/133 462/492/680
f 9/493/681 135/274/322 463/173/321
f 197/116/131 9/493/682 463/173/191
f 368/90/102 150/462/605 465/89/101
f 21/292/683 465/89/101 150/462/605
f 367/113/128 466/112/127 6/461/684
f 166/384/685 6/461/603 466/112/127
f 308/130/543 467/94/184 378/131/686
f 538/429/545 468/94/184 309/130/543
f 566/494/371 469/495/687 268/403/499
f 268/403/688 469/495/687 572/404/512
f 471/496/689 472/497/690 473/498/129
f 474/499/130 475/498/129 476/497/690
f 479/291/353 2/379/458 235/500/691
f 480/501/692 481/502/693 482/503/336
f 484/501/694 485/503/340 486/502/695
f 488/7/6 503/198/465 78/184/204
f 78/184/204 199/183/355 488/7/6
f 241/504/696 489/317/375 148/505/468
f 110/93/697 490/33/80 109/36/281
f 198/34/33 491/33/80 108/93/105
f 239/506/343 144/507/467 492/319/377
f 614/508/698 493/18/17 612/23/22
f 530/74/699 493/18/78 614/508/698
f 621/509/700 611/76/701 494/14/13
f 531/55/59 621/509/702 494/14/13
f 340/452/703 495/123/138 119/450/138
f 7/125/140 119/450/138 495/123/138
f 339/448/575 118/447/135 496/120/135
f 12/121/136 496/120/135 118/447/135
f 456/337/401 497/336/704 213/510/705
f 498/313/706 499/311/26 500/511/28
f 500/511/28 501/512/707 498/313/706
f 503/198/465 238/475/633 33/513/450
f 222/514/449 503/198/220 33/513/450
f 457/339/405 214/515/708 504/340/709
f 530/74/79 505/202/229 186/169/187
f 445/170/188 186/169/187 505/202/229
f 499/311/710 498/313/706 506/312/711
f 506/312/711 507/362/712 499/311/26
f 284/82/357 509/408/713 154/294/490
f 525/295/143 154/294/490 509/408/713
f 511/496/309 512/498/651 513/497/482
f 514/499/680 515/497/48 516/498/651
f 320/366/439 206/350/421 518/146/163
f 603/1/1 519/228/163 207/439/421
f 228/129/145 267/375/454 520/15/87
f 368/90/102 520/15/14 267/375/495
f 227/22/21 521/17/16 266/373/452
f 367/113/128 266/373/452 521/17/16
f 522/75/85 84/206/442 208/234/272
f 194/239/274 523/159/85 209/237/272
f 39/276/325 524/128/143 286/303/520
f 510/304/366 286/303/365 524/128/143
f 526/75/81 210/234/269 93/206/250
f 195/235/270 211/234/269 527/75/81
f 319/224/254 528/100/112 95/223/253
f 601/321/379 96/443/253 529/166/112
f 614/508/698 226/204/227 530/74/79
f 505/202/229 530/74/79 226/204/227
f 621/509/714 531/55/715 222/514/449
f 503/198/220 222/514/716 531/55/59
f 232/244/285 532/135/152 305/179/199
f 234/137/154 305/179/199 532/135/538
f 392/430/717 537/256/299 312/471/718
f 309/130/260 23/491/677 538/429/545
f 162/362/435 539/516/719 361/312/25
f 507/362/720 506/312/721 541/516/722
f 496/120/135 543/52/52 339/448/575
f 495/123/138 340/452/703 544/43/43
f 417/416/156 416/517/568 545/480/531
f 413/414/155 547/478/537 412/518/565
f 549/469/360 387/519/723 385/285/624
f 473/498/129 551/520/193 471/496/689
f 553/469/364 380/285/621 381/519/724
f 512/498/651 511/496/309 555/520/617
f 588/395/92 557/341/197 183/521/725
f 362/343/409 183/521/725 557/341/91
f 559/124/356 38/391/477 152/522/726
f 38/391/477 559/124/356 495/123/138
f 560/122/137 151/523/727 37/390/728
f 37/390/475 496/120/135 560/122/137
f 561/313/24 470/511/687 567/311/371
f 470/511/687 561/313/729 562/512/54
f 564/51/51 130/242/280 65/241/279
f 161/310/370 565/101/113 319/224/557
f 528/100/182 319/224/254 565/101/113
f 201/365/435 566/494/371 200/363/436
f 268/403/688 200/363/436 566/494/371
f 568/54/56 125/174/730 135/274/322
f 569/374/453 341/259/303 129/261/305
f 45/87/98 320/366/731 570/214/240
f 518/146/163 570/214/240 320/366/439
f 562/512/54 571/524/732 470/511/687
f 573/376/455 40/268/313 342/267/494
f 213/510/705 574/421/532 456/337/401
f 574/421/532 213/510/733 302/419/734
f 501/512/707 500/511/28 575/524/735
f 214/515/736 457/339/405 577/424/536
f 577/424/536 304/423/737 214/515/708
f 482/503/336 578/525/172 225/371/227
f 225/371/227 578/525/172 223/370/376
f 485/503/338 220/371/449 580/525/176
f 220/371/449 219/370/373 580/525/738
f 254/44/44 133/331/479 582/329/391
f 389/299/625 583/157/173 595/297/739
f 590/155/171 583/157/173 389/299/740
f 255/77/88 584/377/456 18/309/481
f 384/301/741 609/300/742 585/161/175
f 594/160/174 384/301/743 585/161/175
f 586/148/165 87/445/571 35/215/241
f 20/147/164 87/445/571 586/148/744
f 587/99/745 399/109/122 97/446/572
f 26/226/257 587/99/111 97/446/572
f 157/305/367 588/395/92 260/526/746
f 183/521/725 260/526/746 588/395/92
f 389/299/740 239/506/343 590/155/171
f 492/319/377 590/155/171 239/506/343
f 152/522/747 591/280/611 559/124/356
f 152/522/726 372/466/612 591/280/611
f 360/26/25 592/456/593 607/24/23
f 592/456/593 360/26/25 540/527/719
f 508/528/711 608/265/310 593/47/47
f 593/47/47 542/529/748 508/528/711
f 384/301/743 594/160/174 241/504/345
f 489/317/375 241/504/345 594/160/174
f 155/282/749 595/297/739 583/157/173
f 199/183/355 596/453/581 343/8/7
f 434/141/158 344/334/7 597/140/581
f 151/523/750 560/122/137 598/277/608
f 151/523/727 598/277/608 371/465/610
f 244/171/189 346/247/294 599/454/584
f 432/212/237 600/211/584 347/249/290
f 96/443/253 601/321/379 328/441/256
f 168/6/5 329/225/256 602/530/379
f 207/439/421 325/438/562 603/1/1
f 168/6/2 604/531/1 327/4/562
f 321/94/148 628/168/249 605/93/560
f 616/255/298 322/254/751 606/436/752
f 269/458/595 607/24/23 592/456/593
f 607/24/23 269/458/690 172/326/386
f 608/265/310 508/528/711 257/532/753
f 257/532/754 631/266/311 608/265/310
f 156/284/339 585/161/175 609/300/742
f 540/527/719 610/459/597 592/456/593
f 611/76/144 621/509/702 487/533/755
f 612/23/22 483/534/756 614/508/698
f 225/371/227 613/535/698 482/503/757
f 482/503/336 613/535/758 480/501/756
f 542/529/722 593/47/47 615/378/457
f 606/436/248 31/107/120 616/255/759
f 617/536/760 618/537/49 514/499/761
f 515/497/48 514/499/761 618/537/762
f 220/371/449 485/503/340 620/535/702
f 485/503/340 484/501/763 620/535/714
f 467/94/184 622/168/186 378/131/619
f 623/536/764 474/499/765 624/537/594
f 476/497/595 624/537/594 474/499/765
f 108/93/697 626/92/546 198/34/33
f 627/53/766 63/538/766 563/25/729
f 321/94/751 379/131/147 628/168/249
f 405/203/226 629/307/38 116/488/295
f 128/40/767 117/250/768 630/38/38
f 631/266/311 257/532/754 132/539/311
f 624/537/769 632/540/606 623/536/770
f 618/537/762 617/536/760 634/540/607
f 565/101/113 161/310/370 636/435/771
usemtl crome
f 917/541/772 638/542/773 648/543/774
f 646/544/775 707/545/776 641/546/775
f 641/546/775 1456/547/777 646/544/775
f 1205/548/778 637/549/779 647/550/780
f 1717/544/781 644/551/782 637/549/781
f 640/546/783 645/544/784 739/547/785
f 645/544/786 640/546/786 708/545/787
f 1715/552/773 647/550/778 638/542/773
f 1721/545/788 648/543/774 639/553/788
f 1100/554/789 649/555/790 644/551/789
f 1350/556/791 800/557/792 1264/558/793
f 1450/559/794 1693/560/795 1458/561/796
f 1035/562/797 742/563/798 1762/564/799
f 1036/565/800 1777/566/801 714/567/802
f 1165/568/803 1439/569/804 1146/570/805
f 1138/571/806 885/572/807 1377/573/808
f 1334/574/809 836/575/810 1075/576/811
f 1507/577/812 926/578/813 895/579/814
f 1117/580/815 1376/581/816 884/582/817
f 1014/583/818 1335/584/819 1380/585/820
f 1156/586/821 1939/587/822 1253/588/823
f 1059/589/824 1046/590/825 947/591/826
f 958/592/827 1002/593/828 1422/594/829
f 1540/595/830 1687/596/831 1621/597/832
f 997/598/833 1435/599/834 1840/600/835
f 1679/601/836 1598/602/837 1914/603/838
f 1353/604/839 1097/605/840 1433/606/841
f 1637/607/842 663/608/843 1636/609/844
f 1765/610/845 1724/611/846 1675/612/847
f 1631/613/848 1630/614/849 656/615/850
f 1341/616/851 1540/595/830 1734/617/852
f 1028/618/853 1830/619/854 1362/620/855
f 1004/621/856 812/622/857 1440/623/858
f 1333/624/859 1507/577/812 895/579/814
f 1375/625/860 1278/626/861 1705/627/862
f 1860/628/863 1846/629/864 1494/630/865
f 1862/631/866 1660/632/867 1682/633/868
f 1228/634/869 1726/635/870 1481/636/871
f 1868/637/872 1070/638/873 1211/639/874
f 684/640/875 1252/641/876 1056/642/877
f 1850/643/878 1214/644/879 1080/645/880
f 1725/646/881 1669/647/882 1671/648/883
f 1003/649/884 1046/590/825 1059/589/885
f 791/650/886 1410/651/887 1055/652/888
f 1491/653/889 1116/654/890 1926/655/891
f 2075/656/892 2074/657/893 1781/658/894
f 1135/659/895 1304/660/896 1515/661/897
f 1530/662/898 767/663/899 1536/664/900
f 1533/665/901 1133/666/902 1529/667/903
f 1354/668/904 1263/669/905 800/557/792
f 1005/670/906 1442/671/907 825/672/908
f 1939/587/822 1156/586/821 2059/673/909
f 2063/674/910 2065/675/911 732/676/912
f 1363/677/913 1702/678/914 1278/626/915
f 1598/602/837 1679/601/836 1092/679/916
f 703/544/917 1986/680/918 704/546/917
f 705/546/919 1451/547/920 706/544/921
f 1487/681/922 1922/682/923 1115/683/924
f 1699/684/925 1675/612/926 1724/611/846
f 2009/685/927 1358/686/928 1314/687/929
f 1330/624/930 909/579/931 1510/577/932
f 2035/688/933 1670/689/934 1190/690/935
f 1957/691/936 1313/692/937 1357/693/938
f 891/694/939 1521/695/940 1308/696/941
f 1133/666/942 1533/665/901 1298/697/943
f 1881/698/944 1198/699/945 1391/700/946
f 1021/701/947 1421/702/948 1154/629/949
f 1913/703/950 1388/704/951 1196/705/952
f 1020/706/953 1155/633/954 1419/707/955
f 1772/708/956 1414/709/957 1878/710/958
f 1512/711/959 1528/712/960 1302/713/961
f 1508/714/962 1537/715/963 1306/716/964
f 1747/717/965 1736/718/966 1735/719/967
f 1751/720/968 1743/721/969 1744/722/970
f 877/723/971 1051/724/972 865/725/973
f 876/726/974 864/727/975 1052/728/976
f 664/729/977 1054/730/978 1415/731/979
f 1869/732/980 1665/733/981 1906/734/982
f 1159/735/983 1650/736/984 730/737/985
f 1772/708/956 1774/738/986 1414/709/987
f 1002/593/828 958/592/827 1045/739/988
f 1352/740/989 1096/741/990 1160/742/991
f 1867/743/992 1526/744/993 748/745/994
f 888/746/995 1302/713/996 1528/712/960
f 1516/747/997 1517/748/998 737/749/999
f 704/546/917 1983/750/1000 703/544/1001
f 706/544/921 738/545/1002 705/546/919
f 1494/630/865 1143/751/1003 1860/628/863
f 1660/632/1004 1862/631/866 1234/752/1005
f 1252/641/876 1607/753/1006 1436/754/1007
f 684/640/875 943/755/1008 741/756/1009
f 2010/757/1010 1189/758/1011 1676/759/1012
f 1951/760/1013 1314/687/929 1027/761/1014
f 915/762/1015 1380/585/820 1335/584/819
f 1033/763/1016 1471/764/1017 874/765/1018
f 741/756/1009 1127/766/1019 1596/767/1020
f 1352/740/989 1429/768/1021 1274/769/1022
f 1633/770/1023 1283/771/1024 1157/772/1025
f 1128/773/1026 686/774/1027 833/775/1028
f 1034/776/1029 929/777/1030 1469/778/1031
f 752/779/1032 1685/780/1033 2098/781/1034
f 1953/782/1035 2054/783/1036 1156/586/821
f 1156/586/821 1253/588/1037 1953/782/1038
f 999/784/1039 1149/785/1040 1863/786/1041
f 884/582/817 1376/581/816 828/787/1042
f 1636/609/1043 663/608/843 944/788/1044
f 885/572/807 827/789/1045 1377/573/808
f 1630/614/1046 945/790/1047 656/615/850
f 1521/695/940 891/694/939 1527/791/1048
f 1605/792/1049 1095/793/1050 1666/794/1051
f 1666/794/1052 1927/795/1053 1605/792/1049
f 1645/796/1054 843/797/1055 1770/798/1056
f 1857/799/1057 1320/800/1058 1520/801/1059
f 730/737/985 673/802/1060 760/800/1061
f 2048/803/1062 2053/804/1063 1106/805/1064
f 1654/806/1065 843/797/1055 914/807/1066
f 1851/808/1067 1194/809/1068 1793/810/1069
f 1785/811/1070 1832/812/1071 1193/813/1072
f 1693/560/795 1916/814/1073 1215/815/1073
f 1315/816/1074 1501/817/1075 1254/818/1076
f 1136/819/1077 1535/820/1078 1296/821/1079
f 1297/821/1080 715/822/1081 768/663/1081
f 1130/823/1082 1306/716/1083 1537/715/1084
f 1307/716/1085 890/824/1086 889/746/1086
f 1360/825/1087 1075/576/811 1420/826/1088
f 1870/827/1089 1917/828/1090 1664/829/1091
f 772/830/1092 734/745/1093 672/831/1094
f 1956/832/1095 1026/833/1096 1313/692/937
f 1115/683/924 775/834/1097 1487/681/922
f 1648/835/1098 1158/836/1099 1284/837/1100
f 1116/654/890 1491/653/889 776/838/1101
f 1010/839/1102 1860/628/863 1143/751/1103
f 1365/717/1104 1746/840/1105 678/841/1106
f 1011/842/1107 1234/752/1108 1862/631/866
f 1364/720/1109 681/843/1110 1750/844/1111
f 1663/845/1112 1688/658/1113 2046/657/1114
f 780/846/1115 2072/847/1116 1782/848/1117
f 1168/849/1118 1996/850/1119 1611/851/1120
f 1077/852/1121 1505/853/1122 1144/854/1123
f 845/855/1124 1316/856/1125 1387/857/1126
f 1076/858/1127 1145/859/1128 1504/860/1129
f 846/861/1130 1390/862/1131 1758/863/1132
f 1628/864/1133 1739/865/1134 1383/637/1135
f 2058/866/1136 787/867/1137 1755/868/1138
f 2061/869/1139 948/870/1140 2066/871/1141
f 1237/872/1142 1056/642/1143 1251/873/1144
f 1056/642/877 1237/872/1142 1053/874/1145
f 1531/875/1146 1668/876/1147 1595/877/1148
f 1342/878/1149 1538/879/1150 1064/880/1151
f 1381/881/1152 735/882/1153 1111/883/1154
f 1208/884/1155 792/885/1156 1455/886/1157
f 1700/887/1158 873/888/1159 1771/889/1160
f 1209/890/1161 1467/891/1162 793/892/1163
f 1701/893/1164 1317/894/1165 872/895/1166
f 1439/569/804 1165/568/803 1613/896/1167
f 1372/897/1168 1224/898/1169 1615/899/1170
f 1276/900/1171 1287/901/1172 959/902/1173
f 1034/776/1174 901/903/1175 959/902/1173
f 751/904/1176 929/777/1177 1310/905/1178
f 1220/906/1179 751/904/1176 795/907/1180
f 1277/908/1181 960/909/1182 1286/910/1183
f 1033/763/1016 960/909/1184 902/911/1185
f 744/912/1186 1311/913/1187 874/765/1018
f 1221/914/1188 797/915/1189 744/912/1186
f 1513/916/1190 1671/648/1191 1669/647/882
f 1343/917/1192 1065/918/1193 1539/919/1194
f 800/557/792 1350/556/1195 1438/920/1196
f 800/557/792 1438/920/1196 1354/668/904
f 1720/921/790 643/922/1197 649/555/790
f 802/923/1197 639/553/788 642/924/1197
f 1625/925/1198 1378/643/1199 1740/926/1200
f 1158/836/1099 1433/606/841 1097/605/840
f 712/927/1201 1406/928/1202 923/929/1203
f 1593/930/1204 732/676/1205 2065/675/1206
f 1476/931/1207 1333/624/1208 1609/932/1209
f 1922/682/923 1487/681/922 1647/933/1210
f 810/779/1211 2096/781/1212 1684/780/1213
f 821/934/1214 1955/935/1215 922/936/1216
f 1864/937/1217 674/938/1218 1949/939/1219
f 813/940/1220 1267/941/1221 1368/942/1222
f 1000/943/1223 1339/944/1224 1497/945/1225
f 751/904/1176 1220/906/1179 1271/946/1226
f 1287/901/1172 1276/900/1171 1417/947/1227
f 813/940/1228 1369/948/1229 1268/949/1230
f 1000/943/1223 1496/950/1231 1338/951/1232
f 744/912/1186 1272/952/1233 1221/914/1188
f 1286/910/1183 1418/953/1234 1277/908/1235
f 1616/954/1236 947/591/1237 1617/955/1238
f 1373/956/1239 1620/957/1240 1225/958/1241
f 1793/810/1242 1231/959/1243 1851/808/1067
f 1832/812/1244 1785/811/1070 1232/960/1245
f 1379/585/1246 1112/961/1247 820/583/1248
f 950/962/1249 1440/623/858 812/622/1250
f 949/963/1251 825/672/1252 1442/671/1253
f 1592/964/1254 1644/965/1255 1257/966/1256
f 923/929/1257 711/967/1258 712/927/1259
f 1863/786/1260 1936/968/1261 999/784/1262
f 822/969/1263 652/970/1264 1946/971/1265
f 1607/753/1266 1413/972/1267 1200/973/1268
f 945/790/1047 827/789/1045 656/615/1269
f 944/788/1044 663/608/1270 828/787/1271
f 1615/899/1170 1062/974/1272 1372/897/1273
f 1620/957/1274 1373/956/1239 1061/975/1275
f 1606/976/1276 1199/977/1277 1412/978/1278
f 833/775/1279 1594/979/1280 1128/773/1281
f 1658/980/1282 1058/699/1283 1049/698/1284
f 1659/981/1285 1050/703/1286 1057/705/1287
f 1059/589/824 1420/826/1088 1003/649/884
f 836/575/810 1334/574/809 1382/881/1288
f 1434/600/1289 1713/982/1290 1839/983/1291
f 1515/661/897 1514/984/1292 1135/659/1293
f 1534/985/1294 716/822/1295 1522/986/1296
f 1532/987/1297 1296/821/1298 1535/820/1078
f 1845/988/1299 1494/630/865 1846/629/864
f 1681/989/1300 1682/633/1301 1660/632/1004
f 1376/581/816 1117/580/1302 683/990/1303
f 1654/806/1065 1760/991/1304 843/797/1055
f 1872/992/1305 1147/710/1306 1216/993/1307
f 1143/751/1308 1242/994/1309 1010/839/1102
f 1234/752/1310 1011/842/1311 1385/995/1312
f 1864/937/1217 728/996/1313 1148/997/1314
f 1495/998/1315 1994/999/1316 1990/1000/1317
f 1863/786/1318 1149/785/1040 729/1001/1319
f 1492/1002/1320 1958/1003/1321 2011/1004/1322
f 1041/1005/1323 1167/1006/1324 1398/1007/1325
f 1042/1008/1323 1397/1009/1326 1171/1010/1327
f 1320/800/1058 1857/799/1057 1281/1011/1328
f 748/745/1329 1280/1012/1330 1867/743/992
f 2047/1013/1331 1107/1014/1332 2052/1015/1333
f 1591/1016/1334 2069/1017/1335 1945/1018/1336
f 1260/1019/1337 1948/1020/1338 2064/1021/1338
f 1212/1022/1339 1690/1023/1340 1463/1024/1341
f 859/1025/1342 1705/627/862 1278/626/1343
f 859/1025/1344 1278/626/915 1702/678/1345
f 673/802/1346 730/737/985 1650/736/984
f 1251/873/1347 1436/754/1348 1606/976/1276
f 672/831/1094 1632/1026/1349 772/830/1092
f 1511/1027/1350 1512/711/959 769/824/1351
f 864/727/975 876/726/974 1401/1028/1352
f 865/725/973 1402/1029/1353 877/723/971
f 1664/829/1091 1854/1030/1354 1870/827/1355
f 1104/1031/1356 1255/1032/1357 1503/1033/1358
f 1424/1034/1359 794/1035/1360 1689/1036/1361
f 1665/733/981 1869/732/1362 1852/1037/1363
f 1351/1038/1364 1733/1039/1365 934/1040/1366
f 1222/1041/1367 869/1042/1368 950/962/1369
f 1348/1043/1370 933/1044/1371 1742/1045/1372
f 1223/1046/1373 949/963/1374 870/1047/1375
f 1377/573/808 687/1048/1376 1138/571/806
f 1670/689/1377 2035/688/1378 1997/1049/1379
f 1958/1003/1380 1492/1002/1320 653/1050/1381
f 1676/759/1382 1999/1051/1383 2010/757/1010
f 1990/1000/1317 659/1052/1384 1495/998/1385
f 1127/766/1019 741/756/1009 943/755/1008
f 685/1053/1386 744/912/1186 874/765/1387
f 1449/1054/1388 1463/1024/1341 1690/1023/1340
f 1380/585/820 915/762/1015 1262/1055/1389
f 1052/728/976 727/1056/1390 876/726/1391
f 1382/881/1392 1261/1057/1393 836/575/810
f 1051/724/972 877/723/1394 688/1058/1395
f 1072/1059/1396 1031/1060/1397 1066/1061/1398
f 796/1062/1399 911/1063/1400 878/1064/1401
f 1071/1065/1402 1067/1066/1403 1032/1067/1404
f 798/1068/1405 879/1069/1406 912/1070/1407
f 1776/1071/1408 1414/709/957 1783/1072/1409
f 2068/1073/1410 1741/1074/1411 883/1075/1412
f 1626/1076/1413 884/582/817 1248/620/1414
f 1629/1077/1415 1249/599/1416 885/572/807
f 1619/1078/1417 1203/1079/1418 774/1080/1419
f 1079/1081/1420 1345/1082/1421 886/1083/1422
f 1622/1084/1423 677/1085/1424 1204/1086/1425
f 1078/1087/1426 887/1088/1427 1346/1089/1428
f 737/749/999 1300/1090/1429 1516/747/1430
f 736/749/1431 1134/659/1431 889/746/1431
f 716/822/1295 1534/985/1294 1294/1091/1432
f 768/663/1433 715/822/1433 892/694/1434
f 2068/1073/1435 893/1092/1435 2049/1093/1435
f 1157/772/1436 1274/769/1022 1429/768/1021
f 746/927/1437 936/929/1438 1404/928/1439
f 2090/1094/1440 1428/1095/1441 2092/1096/1442
f 1621/597/832 1491/653/889 1748/1097/1443
f 1612/1098/1444 1154/629/1445 1421/702/948
f 1618/1099/1446 1419/707/1447 1155/633/954
f 1469/778/1448 1128/773/1281 1594/979/1280
f 1471/764/1449 1596/767/1450 1127/766/1019
f 1873/1100/1451 1458/561/1452 1766/1101/1453
f 2045/1102/1454 2087/1103/1455 2094/463/1456
f 1283/771/1024 1633/770/1023 662/1104/1457
f 1353/604/1458 1159/735/983 1275/1105/1459
f 1510/577/932 909/579/1460 806/578/1461
f 1608/932/1209 1332/624/859 1627/1106/1462
f 2085/1107/1463 1756/1108/1464 2042/1109/1465
f 1031/1060/1466 1072/1059/1396 1109/1110/1467
f 911/1063/1468 796/1062/1469 814/1111/1470
f 1032/1067/1471 1110/1112/1472 1071/1065/1473
f 912/1070/1474 815/1113/1475 798/1068/1476
f 1284/837/1477 689/1114/1478 1648/835/1098
f 1645/796/1054 914/807/1066 843/797/1055
f 1335/584/819 1219/1115/1479 915/762/1015
f 1422/594/829 743/1116/1480 958/592/1481
f 1776/1071/1408 1878/710/958 1414/709/957
f 1205/548/780 1717/544/781 637/549/781
f 803/923/1197 1721/545/788 639/553/788
f 2044/1117/1482 2095/464/1483 2088/1118/1484
f 922/936/1485 1949/939/1219 674/938/1486
f 1474/931/1487 824/932/1488 1330/624/1489
f 823/1119/1488 1649/1120/1490 1329/1121/1491
f 1160/742/1492 772/830/1493 1632/1026/1349
f 735/882/1153 1484/1122/1494 1111/883/1154
f 820/583/1248 1112/961/1247 1483/1123/1495
f 686/774/1027 1128/773/1026 1129/1124/1496
f 749/1125/1497 929/777/1498 751/904/1176
f 1735/719/967 1197/1126/1499 1747/717/1500
f 1391/700/946 1880/1127/1501 1881/698/944
f 1743/721/969 1751/720/1502 1195/1128/1503
f 1388/704/951 1913/703/950 1912/1129/1504
f 1872/992/1505 1871/708/1506 1147/710/1306
f 1993/1130/1507 2025/1131/1508 699/1132/1509
f 1357/693/938 2039/1133/1510 1957/691/1511
f 1959/1134/1512 651/1135/1513 1965/1136/1514
f 1358/686/928 2009/685/927 2040/1137/1515
f 1593/930/1204 1256/1138/1516 1641/1139/1517
f 936/929/1438 746/927/1437 808/967/1518
f 1998/1140/1519 2064/1021/1338 1948/1020/1338
f 2026/1141/1520 1945/1018/1335 2069/1017/1336
f 1526/744/1521 1867/743/992 1848/1142/1522
f 1520/801/1523 1856/1143/1524 1857/799/1057
f 943/755/1008 1141/1144/1525 1127/766/1019
f 755/1145/1526 1342/878/1149 828/787/1527
f 1538/879/1528 1342/878/1149 755/1145/1529
f 756/1146/1530 827/789/1531 1343/917/1192
f 1539/919/1532 756/1146/1530 1343/917/1192
f 657/882/1533 1382/881/1288 1334/574/809
f 1696/1147/1534 1480/955/1535 1048/591/1536
f 1592/964/1254 2066/871/1141 948/870/1140
f 1946/971/1265 1993/1130/1507 822/969/1263
f 699/1132/1537 822/969/1263 1993/1130/1538
f 1955/935/1539 821/934/1214 1959/1134/1512
f 651/1135/1540 1959/1134/1541 821/934/1214
f 1967/1148/1542 1697/1149/1543 1988/1150/1544
f 1989/1151/1545 1703/1152/1546 1962/1153/1547
f 1960/1154/1548 1976/1155/1549 1478/1156/1550
f 1963/1157/1551 1969/1158/1552 1482/1159/1553
f 1614/1034/1554 1613/896/1555 1165/568/803
f 958/592/1481 957/1160/1556 1045/739/988
f 1271/946/1557 959/902/1173 751/904/1558
f 1272/952/1559 744/912/1560 960/909/1184
f 1943/1161/790 1892/1162/790 963/1163/790
f 964/1164/773 965/1165/773 2032/1166/773
f 1933/1167/773 968/1168/773 1894/1169/773
f 970/1170/790 2034/1171/790 972/1172/790
f 1929/1173/1561 1905/1174/1561 2030/1175/1561
f 976/1176/1562 977/1177/1562 978/1178/1562
f 979/1179/1563 1935/1180/1563 981/1181/1563
f 982/1182/1564 1911/1183/1564 2037/1184/1564
f 985/1185/1565 2028/1186/1565 1919/1187/1565
f 988/1188/1566 989/1189/1566 1890/1190/1566
f 991/1191/1567 992/1192/1567 1938/1193/1567
f 994/1194/1568 2008/1195/1568 1900/1196/1568
f 1840/600/835 1925/983/1569 997/598/1570
f 1926/655/891 1748/1097/1443 1491/653/889
f 1595/877/1148 1393/1197/1571 1531/875/1146
f 652/970/1572 999/784/1262 1936/968/1261
f 1267/941/1221 813/940/1573 1243/1198/1574
f 1268/949/1575 1243/1198/1576 813/940/1220
f 1339/944/1577 1000/943/1578 1244/1199/1579
f 1338/951/1232 1244/1199/1580 1000/943/1581
f 1523/1200/1582 1516/747/1583 1300/1090/1429
f 1367/1055/1584 1279/1201/1585 1366/1202/1586
f 1423/593/1587 733/1203/1588 1279/1201/1585
f 1371/1057/1589 1370/1204/1590 1282/1205/1591
f 1047/649/1592 1282/1205/1591 726/1206/1593
f 783/1207/1594 1144/854/1123 1505/853/1122
f 784/1208/1595 1504/860/1129 1145/859/1128
f 1685/780/1033 2050/1209/1596 2098/781/1597
f 1477/1210/1598 1006/1211/1599 1247/1212/1600
f 1684/780/1601 2096/781/1212 2062/1209/1602
f 1472/1210/1603 1246/1212/1604 1008/1211/1605
f 1022/839/1606 1192/1213/1607 1859/1214/1608
f 1019/842/1609 1861/1215/1610 1191/1216/1611
f 1953/782/1035 1663/845/1112 1875/1217/1612
f 1012/1218/1613 816/1219/1614 1696/1147/1615
f 1219/1115/1616 1335/584/819 665/1220/1617
f 1437/1221/1618 1438/920/1196 1350/556/791
f 1666/794/1052 1657/1222/1619 1778/1223/1620
f 1431/1224/1621 1354/668/1622 1438/920/1196
f 1679/601/836 1841/1225/1623 1651/1226/1624
f 1939/587/822 1884/1227/1625 1757/1228/1626
f 1017/1229/1627 1689/1036/1361 794/1035/1628
f 2091/1230/1629 2086/1231/1630 1018/1232/1631
f 1861/1215/1610 1019/842/1609 1323/631/1632
f 1859/1214/1608 1324/628/1633 1022/839/1606
f 1026/833/1634 1956/832/1635 2006/1233/1636
f 1023/1234/1637 714/567/1638 1777/566/801
f 1027/761/1014 2024/1235/1639 1951/760/1013
f 1024/1236/1640 1762/564/1641 742/563/1642
f 1770/798/1056 1216/993/1643 1877/1237/1644
f 1647/933/1210 1920/1238/1645 1922/682/923
f 1830/619/854 1028/618/1646 1921/1239/1647
f 1658/980/1648 1612/1098/1444 1029/1240/1649
f 1659/981/1650 1030/1241/1651 1618/1099/1446
f 795/907/1180 1417/947/1652 1220/906/1179
f 1109/1110/1467 814/1111/1653 1031/1060/1654
f 797/915/1189 1221/914/1188 1418/953/1655
f 1110/1112/1656 1032/1067/1471 815/1113/1657
f 1418/953/1655 1286/910/1183 797/915/1658
f 874/765/1387 1311/913/1187 1033/763/1016
f 1417/947/1652 795/907/1180 1287/901/1172
f 929/777/1659 1034/776/1029 1310/905/1178
f 1712/1242/1660 934/1040/1661 1733/1039/1365
f 1723/1243/1662 1742/1045/1372 933/1044/1371
f 1684/780/1213 2062/1209/1663 1485/1244/1664
f 1124/1245/1665 811/1246/1666 1238/1247/1667
f 1685/780/1033 1488/1244/1668 2050/1209/1669
f 1126/1245/1670 1239/1247/1671 819/1246/1672
f 1041/1005/1323 1399/1248/1673 1265/1249/1674
f 1041/1005/1323 1114/1250/1675 847/1251/1676
f 1042/1008/1323 1266/1252/1677 1400/1253/1678
f 1042/1008/1323 850/1254/1679 1113/1255/1680
f 1883/1256/1681 1869/732/982 1767/1257/1682
f 1428/1095/1441 2090/1094/1440 1591/1016/1683
f 733/1203/1684 1423/593/1587 1044/739/1685
f 726/1206/1593 1060/590/1686 1047/649/1592
f 1049/698/1687 1229/1258/1688 1658/980/1648
f 1050/703/1689 1659/981/1650 1230/1259/1690
f 1203/1079/1691 1619/1078/1417 658/1260/1692
f 1204/1086/1425 650/1261/1693 1622/1084/1423
f 1056/642/877 1053/874/1145 684/640/1694
f 1236/1262/1695 1367/1055/1584 1366/1202/1696
f 727/1056/1697 1415/731/979 1054/730/978
f 1235/1263/1698 1370/1204/1590 1371/1057/1589
f 688/1058/1699 1055/652/888 1410/651/887
f 1436/754/1348 1251/873/1144 1056/642/1143
f 1436/754/1348 1056/642/877 1252/641/1700
f 1196/705/1701 1195/1128/1702 1751/720/1502
f 1364/720/1109 1291/1264/1703 1057/705/1287
f 1198/699/1704 1747/717/965 1197/1126/1499
f 1365/717/1705 1058/699/1706 1289/1265/1707
f 1420/826/1088 1059/589/885 1360/825/1708
f 666/1266/1709 1616/954/1236 1151/1267/1710
f 1493/1268/1711 1923/1269/1712 1706/1270/1713
f 830/1271/1714 1061/975/1275 1373/956/1239
f 1489/1272/1715 1600/1273/1716 1950/1274/1717
f 829/1275/1718 1372/897/1168 1062/974/1272
f 1063/1276/1719 1754/1277/1720 1541/1278/1721
f 1636/609/1722 1383/637/1723 1637/607/842
f 1630/614/849 1631/613/1724 1378/643/1199
f 959/902/1173 1271/946/1226 1276/900/1725
f 878/1064/1726 1066/1061/1727 796/1062/1399
f 960/909/1184 1277/908/1235 1272/952/1233
f 879/1069/1728 798/1068/1405 1067/1066/1403
f 1671/648/1191 1513/916/1190 1392/1279/1729
f 2042/1109/1465 1667/1280/1730 1069/1281/1731
f 1848/1142/1522 1867/743/992 1865/1282/1732
f 1070/638/1733 1868/637/872 1866/1282/1734
f 1244/1199/1580 1338/951/1735 1369/948/1736
f 1067/1066/1737 1071/1065/1473 879/1069/1406
f 1244/1199/1580 1368/942/1738 1339/944/1224
f 1066/1061/1398 878/1064/1401 1072/1059/1396
f 752/779/1739 2098/781/1740 2083/1283/1032
f 831/1284/1741 1073/1285/1742 1506/1286/1743
f 810/779/1211 2089/1283/1211 2096/781/1744
f 832/1284/1745 1509/1286/1746 1074/1285/1747
f 1075/576/811 770/1287/1748 1334/574/809
f 1936/968/1261 1946/971/1265 652/970/1264
f 825/672/1749 1076/858/1750 1005/670/1751
f 1949/939/1219 922/936/1485 1955/935/1539
f 812/622/857 1004/621/856 1077/852/1752
f 1728/1288/1753 1273/1289/1754 1634/1290/1755
f 1727/1291/1756 1646/1292/1757 1270/1293/1758
f 1856/1143/1524 1858/1294/1759 1857/799/1057
f 1080/645/1760 1849/1294/1761 1850/643/878
f 1537/715/1762 1511/1027/1350 1130/823/1763
f 1536/664/1764 1308/696/941 1521/695/940
f 1514/984/1292 1508/714/1765 723/1295/1766
f 1522/986/1296 1298/697/943 1533/665/901
f 1528/712/960 1523/1200/1582 888/746/995
f 1517/748/998 1515/661/897 1304/660/896
f 1529/667/903 697/1296/1767 1532/987/1297
f 1527/791/1768 1294/1091/1769 1534/985/1294
f 1535/820/1078 1136/819/1077 1530/662/898
f 727/1056/1770 1052/728/976 1416/1297/1771
f 688/1058/1772 1411/1298/1773 1051/724/972
f 1619/1078/1417 886/1083/1774 1345/1082/1775
f 1651/1226/1624 1092/679/1776 1679/601/836
f 1227/1299/1777 1964/1300/1778 1704/1301/1779
f 952/1302/1780 1962/1153/1781 1703/1152/1546
f 1478/1156/1550 1709/1303/1782 1960/1154/1548
f 1482/1159/1553 1708/1304/1783 1963/1157/1551
f 1622/1084/1423 1346/1089/1428 887/1088/1427
f 1657/1222/1784 1666/794/1785 1095/793/1050
f 1405/928/1439 1274/769/1022 1157/772/1436
f 1160/742/1786 1096/741/990 894/579/814
f 1159/735/1787 908/1305/1788 1275/1105/1459
f 1407/1306/1202 1158/836/1789 1097/605/840
f 1016/1307/1790 1914/603/838 1773/1308/1791
f 2041/1309/1792 653/1050/734 1098/1310/1793
f 1015/1311/1794 1779/1312/1795 1927/795/1796
f 2038/1313/1797 1099/1314/1798 659/1052/1799
f 801/1315/1800 1718/544/1800 1206/548/1801
f 1100/554/1802 1720/921/790 649/555/790
f 1760/991/1803 1872/992/1305 1216/993/1307
f 1103/1316/1804 1611/851/1120 1996/850/1337
f 1885/1317/1805 1769/1318/1806 1870/827/1089
f 787/867/1137 2058/866/1807 2073/1319/1808
f 2097/1320/1809 1105/1321/1810 1453/1322/1811
f 1463/1024/1341 1449/1054/1388 1874/1323/1812
f 1458/561/796 1873/1100/1813 1450/559/1814
f 1874/1323/1815 1761/1324/1816 1463/1024/1341
f 1243/1198/1817 1497/945/1818 1267/941/1819
f 814/1111/1820 1109/1110/1821 911/1063/1400
f 1243/1198/1817 1268/949/1230 1496/950/1231
f 815/1113/1822 912/1070/1407 1110/1112/1823
f 791/650/886 1542/1325/1824 1217/1326/1825
f 1055/652/888 1542/1325/1824 791/650/886
f 664/729/977 1218/1327/1826 1543/1328/1827
f 1054/730/978 664/729/977 1543/1328/1827
f 1042/1008/1323 1113/1255/1828 851/1329/1829
f 1041/1005/1323 849/1330/1830 1114/1250/1831
f 771/1331/1832 1604/683/1833 1603/682/1834
f 671/1332/1835 1601/655/1836 1602/654/1837
f 1248/620/1414 1361/619/1838 1626/1076/1839
f 1746/840/1105 1859/1214/1608 1192/1213/1840
f 1854/1030/1354 1664/829/1091 1707/1333/1841
f 748/745/1329 773/830/1842 1119/1334/1843
f 1852/1037/1844 1711/1335/1845 1665/733/1846
f 1320/800/1058 1120/1336/1847 1710/737/1848
f 1750/844/1111 1191/1216/1849 1861/1215/1610
f 1966/1337/1850 1704/1301/1779 1964/1300/1851
f 1461/1338/1852 1290/1339/1853 951/1340/1854
f 1123/500/1855 920/379/458 919/1341/1856
f 1945/1018/1336 2026/1141/1520 1827/1342/1520
f 1124/1245/1857 1238/1247/1667 1166/1343/1858
f 1948/1020/1338 1787/1344/1519 1998/1140/1519
f 1126/1245/1670 1169/1343/1859 1239/1247/1671
f 1127/766/1019 874/765/1387 1471/764/1449
f 874/765/1018 1127/766/1019 1141/1144/1525
f 1128/773/1281 1469/778/1031 929/777/1030
f 929/777/1030 1129/1124/1496 1128/773/1281
f 1129/1124/1496 929/777/1030 749/1125/1497
f 769/824/1351 1130/823/1763 1511/1027/1350
f 1307/716/1080 1131/823/1080 890/824/1431
f 1132/666/1434 715/822/1433 1297/821/1434
f 697/1296/1767 1529/667/903 1133/666/902
f 1134/659/1431 1307/716/1080 889/746/1431
f 723/1295/1766 1135/659/1293 1514/984/1292
f 767/663/1860 1530/662/898 1136/819/1861
f 1297/821/1080 768/663/1081 1137/819/1080
f 1249/599/1416 1629/1077/1862 1434/600/1289
f 1443/1345/1863 810/779/1211 1684/780/1213
f 1443/1345/1864 1139/1346/1865 1238/1247/1667
f 1441/1345/1866 1685/780/1033 752/779/1032
f 1441/1345/1867 1239/1247/1868 1140/1346/1869
f 1141/1144/1870 685/1053/1386 874/765/1018
f 1241/994/1871 1142/751/1872 844/1347/1873
f 728/996/1874 1864/937/1217 1994/999/1875
f 1144/854/1123 783/1207/1594 845/855/1124
f 729/1001/1876 2011/1004/1322 1863/786/1041
f 1145/859/1877 846/861/1130 784/1208/1595
f 1737/1348/1878 1269/848/1879 1653/847/1878
f 1877/1237/1644 1216/993/1643 1147/710/1306
f 1877/1237/1880 1147/710/1306 1876/1071/1881
f 674/938/1486 1864/937/1217 1148/997/1314
f 1839/983/1882 1924/1349/1883 1926/655/891
f 1480/955/1535 1696/1147/1884 816/1219/1885
f 2046/657/1114 1875/1217/1612 1663/845/1112
f 1373/956/1239 1597/1350/1886 830/1271/1887
f 1372/897/1888 829/1275/1718 1599/1351/1889
f 1846/629/1890 1847/1352/1891 1845/988/1299
f 717/1353/1892 899/1352/1893 1154/629/1445
f 1682/633/868 1681/989/1300 1683/1354/1894
f 718/1355/1895 1155/633/954 900/1354/1896
f 754/1356/1897 2059/673/909 1156/586/821
f 754/1356/1897 1156/586/821 2054/783/1036
f 1157/772/1436 747/927/1437 1405/928/1439
f 1158/836/1898 1407/1306/1202 655/1357/1259
f 908/1305/1788 1159/735/1787 805/1358/1461
f 894/579/814 925/578/1899 1160/742/1492
f 1690/1023/1900 2048/803/1901 1449/1054/1902
f 2064/1021/1338 2091/1230/1903 1260/1019/1337
f 1693/560/795 1450/559/794 2047/1013/1904
f 2069/1017/1336 1591/1016/1683 2090/1094/1440
f 2056/1359/1905 1757/1228/1626 1884/1227/1625
f 794/1035/1628 1424/1034/1359 2055/568/1906
f 868/1360/1907 1501/817/1075 1730/1361/1908
f 1166/1343/1909 1238/1247/1667 1038/1362/1910
f 1041/1005/1323 848/1363/1911 1167/1006/1324
f 782/1364/1912 1732/1365/1913 1503/1033/1358
f 1169/1343/1859 1040/1362/1914 1239/1247/1671
f 1042/1008/1323 1171/1010/1327 852/1366/1915
f 1911/1183/1916 982/1182/1916 1172/1367/1916
f 1935/1180/1917 979/1179/1917 2014/1368/1917
f 1890/1190/1918 1175/1369/1919 988/1188/1919
f 1919/1187/1920 2023/1370/1920 985/1185/1920
f 1894/1169/773 1177/1371/773 1933/1167/773
f 972/1172/790 2005/1372/790 970/1170/790
f 1900/1196/1921 2017/1373/1921 994/1194/1921
f 1938/1193/1922 1182/1374/1922 991/1191/1922
f 1905/1174/1923 1929/1173/1923 2020/1375/1923
f 977/1177/1924 976/1176/1924 1185/1376/1925
f 1892/1162/790 1943/1161/790 1187/1377/790
f 965/1165/773 964/1164/773 2002/1378/773
f 2024/1235/1639 1027/761/1014 1189/758/1926
f 2006/1233/1636 1190/690/935 1026/833/1096
f 1191/1216/1849 1750/844/1927 681/843/1110
f 1192/1213/1928 678/841/1106 1746/840/1105
f 1702/678/914 1431/1224/1621 859/1025/1344
f 702/1379/1929 1193/813/1930 1832/812/1071
f 1705/627/862 859/1025/1342 1437/1221/1931
f 758/1380/1932 1793/810/1933 1194/809/1068
f 1195/1128/1934 1196/705/952 1388/704/1935
f 725/1381/1936 1195/1128/1937 1623/1382/1938
f 1197/1126/1499 1391/700/1939 1198/699/945
f 724/1383/1940 1624/1384/1941 1197/1126/1942
f 750/1385/1943 1412/978/1278 1199/977/1277
f 745/1386/1944 1200/973/1945 1413/972/1267
f 1906/734/982 1767/1257/1682 1869/732/982
f 1120/1336/1946 1320/800/1947 1201/1387/1948
f 1917/828/1949 1870/827/1355 1769/1318/1806
f 1119/1334/1950 1202/1388/1951 748/745/1952
f 658/1260/1692 1091/1298/1953 1203/1079/1954
f 650/1261/1693 1204/1086/1955 1090/1297/1956
f 917/541/774 1715/552/773 638/542/773
f 801/1315/1800 1716/552/1800 1101/541/1800
f 1099/1314/1957 2038/1313/1797 1999/1051/1383
f 873/888/1159 1700/887/1158 1208/884/1155
f 1098/1310/1958 1997/1049/1379 2041/1309/1792
f 872/895/1959 1209/890/1161 1701/893/1960
f 1322/1012/1961 1211/639/874 1070/638/1733
f 1211/639/1962 1394/607/1963 1868/637/872
f 1690/1023/1900 1212/1022/1964 1896/1389/1964
f 1319/1011/1965 1080/645/880 1214/644/1966
f 1214/644/1967 1850/643/878 1395/613/1968
f 1215/815/1969 1458/561/796 1693/560/795
f 1770/798/1056 843/797/1055 1216/993/1643
f 1760/991/1970 1216/993/1307 843/797/1055
f 1337/1390/1971 1677/1391/1972 1484/1122/1494
f 791/650/886 1217/1326/1825 927/1392/1973
f 1336/1393/1974 1483/1123/1975 1678/1394/1976
f 664/729/977 928/1395/1977 1218/1327/1826
f 1541/1278/1721 1647/933/1210 1487/681/1978
f 743/1116/1480 1422/594/829 1219/1115/1479
f 1220/906/1179 1031/1060/1654 814/1111/1979
f 814/1111/1470 1271/946/1557 1220/906/1179
f 1221/914/1188 815/1113/1980 1032/1067/1471
f 815/1113/1475 1221/914/1188 1272/952/1559
f 1965/1136/1514 1358/686/928 2040/1137/1515
f 934/1040/1981 1712/1242/1660 1222/1041/1982
f 2025/1131/1983 2039/1133/1984 1357/693/938
f 933/1044/1371 1223/1046/1985 1723/1243/1662
f 667/1396/1986 1615/899/1170 1224/898/1169
f 654/1397/1987 1225/958/1241 1620/957/1274
f 1970/1398/1988 1960/1154/1989 1709/1303/1782
f 1465/1399/1990 1312/1400/1991 1226/1401/1992
f 1093/1402/1993 1988/1150/1994 1697/1149/1561
f 1361/619/1838 1829/1239/1995 1714/1403/1996
f 1612/1098/1444 1658/980/1648 1229/1258/1688
f 1618/1099/1997 1230/1259/1690 1659/981/1650
f 1273/1289/1998 1728/1288/1753 1231/959/1999
f 1646/1292/1757 1727/1291/1756 765/1404/2000
f 1673/1405/2001 1768/1406/2002 1520/801/1523
f 1384/995/2003 844/1347/2004 1233/752/2005
f 1370/1204/2006 1235/1263/1698 1055/652/888
f 1542/1325/1824 1055/652/888 1235/1263/1698
f 1366/1202/1696 1054/730/978 1236/1262/1695
f 1543/1328/1827 1236/1262/2007 1054/730/978
f 1237/872/1142 833/775/1028 686/774/1027
f 1238/1247/1667 1139/1346/2008 1037/1407/2009
f 1238/1247/1667 1037/1407/2010 1038/1362/1910
f 1239/1247/1671 1039/1407/2011 1140/1346/2012
f 1239/1247/1868 1040/1362/1914 1039/1407/2013
f 724/1383/2014 1240/1408/2015 930/1409/2016
f 844/1347/1873 740/1410/2017 1241/994/1871
f 1497/945/1225 1243/1198/1576 1000/943/1581
f 1496/950/1231 1000/943/1223 1243/1198/2018
f 1368/942/1222 1244/1199/1580 813/940/1220
f 1369/948/1736 813/940/1220 1244/1199/1580
f 725/1381/2019 931/1411/2020 1245/1412/2021
f 1074/1285/1747 1009/1413/2022 1246/1212/2023
f 1073/1285/2024 1247/1212/2025 1007/1413/2026
f 1362/620/855 771/1331/1832 1028/618/1646
f 1435/599/834 997/598/1570 671/1332/1835
f 701/1414/2027 1069/1281/2028 1667/1280/1730
f 732/676/1205 701/1414/2029 2063/674/910
f 1412/978/1278 1251/873/1347 1606/976/1276
f 833/775/2030 1237/872/2031 1251/873/1347
f 1413/972/1267 1607/753/1006 1252/641/876
f 741/756/1009 1252/641/2032 684/640/875
f 1663/845/2033 1953/782/1035 1253/588/1037
f 1757/1228/1626 1253/588/823 1939/587/822
f 1711/1335/2034 1852/1037/1363 1745/1415/2035
f 1501/817/1075 868/1360/1907 1254/818/2036
f 1707/1333/2037 1749/1416/2038 1854/1030/1354
f 1503/1033/1358 1255/1032/1357 782/1364/1912
f 1627/1106/1462 1641/1139/1517 1256/1138/2039
f 2042/1109/2040 2065/675/1206 2063/674/910
f 1649/1120/1490 1257/966/1256 1644/965/1255
f 787/867/1137 2061/869/1139 2066/871/1141
f 1996/850/1337 1789/1417/2041 1103/1316/1804
f 1018/1232/1631 1260/1019/1337 2091/1230/1903
f 1261/1057/1393 1003/649/884 1420/826/1088
f 1282/1205/1591 1047/649/1592 1371/1057/1589
f 1262/1055/1389 1422/594/829 1002/593/828
f 1279/1201/2042 1367/1055/1584 1423/593/1587
f 1041/1005/1323 1265/1249/1674 848/1363/1911
f 1042/1008/1323 852/1366/1915 1266/1252/1677
f 1267/941/1221 911/1063/1400 1109/1110/1467
f 1109/1110/1821 1368/942/1738 1267/941/1221
f 1268/949/2043 1110/1112/1656 912/1070/1407
f 1110/1112/1472 1268/949/2043 1369/948/1229
f 1781/658/894 1780/1418/893 2075/656/892
f 1269/848/1879 1737/1348/1878 690/1419/1879
f 1651/1226/1624 1270/1293/2044 1646/1292/1757
f 1270/1293/2045 1651/1226/1624 1841/1225/2046
f 796/1062/1399 1276/900/1725 1271/946/1557
f 1271/946/1557 814/1111/1470 796/1062/1399
f 798/1068/1405 1272/952/1233 1277/908/2047
f 1272/952/1559 798/1068/1405 815/1113/1475
f 1657/1222/2048 1634/1290/1755 1273/1289/1754
f 1273/1289/1998 1778/1223/1620 1657/1222/2049
f 1274/769/1022 1096/741/990 1352/740/989
f 1096/741/990 1274/769/1022 1405/928/1439
f 1097/605/2050 1353/604/839 1275/1105/2051
f 1275/1105/1459 1407/1306/1202 1097/605/2050
f 1066/1061/1398 1417/947/1652 1276/900/1171
f 1276/900/1725 796/1062/1399 1066/1061/1398
f 1067/1066/1403 1277/908/2047 1418/953/1655
f 1277/908/1235 1067/1066/1403 798/1068/1405
f 1278/626/2052 1375/625/860 698/1420/2053
f 1278/626/1343 698/1420/2053 1363/677/913
f 1279/1201/2042 1401/1028/1352 876/726/974
f 876/726/2054 1366/1202/2055 1279/1201/2056
f 1322/1012/1961 1210/1421/2057 1211/639/874
f 748/745/1329 854/1421/2058 1280/1012/1330
f 1319/1011/1965 1214/644/1967 1213/1422/2059
f 1320/800/1058 1281/1011/1328 853/1422/2060
f 1282/1205/1591 877/723/971 1402/1029/1353
f 877/723/2061 1282/1205/1591 1370/1204/2006
f 662/1104/2062 1639/1423/2063 1283/771/1024
f 689/1114/1478 1284/837/1477 1642/1424/2064
f 1033/763/1016 1286/910/1183 960/909/1184
f 1286/910/1183 1033/763/1016 1311/913/1187
f 1034/776/1174 959/902/1173 1287/901/1172
f 1287/901/2065 1310/905/1178 1034/776/1029
f 1649/1120/1490 823/1119/2066 1288/1425/2067
f 679/1426/2068 1289/1265/2069 1058/699/1706
f 1464/1427/2070 1290/1339/2071 1122/1428/2072
f 1459/1429/2073 1290/1339/2071 953/1430/2074
f 680/1431/2075 1057/705/1287 1291/1264/1703
f 1292/1432/2076 1455/886/2077 792/885/1156
f 1491/653/2078 1621/597/832 1687/596/831
f 1293/1433/2079 793/892/1163 1467/891/2080
f 1294/1091/1432 1527/791/1048 891/694/939
f 892/694/1080 715/822/1081 1295/1091/1080
f 1296/821/1298 1532/987/1297 697/1296/2081
f 1132/666/1080 1297/821/1080 695/1296/1081
f 1298/697/943 1522/986/1296 716/822/2082
f 1299/697/1080 715/822/1081 1132/666/1080
f 1300/1090/1429 888/746/995 1523/1200/1582
f 1301/1090/1080 736/749/1431 889/746/1431
f 1302/713/996 769/824/1351 1512/711/959
f 890/824/1431 1303/713/1080 889/746/1431
f 1304/660/2083 737/749/999 1517/748/998
f 736/749/1431 1305/660/1080 1134/659/1431
f 1306/716/964 723/1295/1766 1508/714/962
f 1134/659/1431 722/1295/1431 1307/716/1080
f 1308/696/941 1536/664/1764 767/663/2084
f 768/663/1081 892/694/1080 1309/696/1080
f 1310/905/1178 1287/901/1172 795/907/1180
f 751/904/1176 1310/905/1178 795/907/1180
f 1311/913/2085 797/915/1189 1286/910/1183
f 744/912/1560 797/915/1189 1311/913/1187
f 1968/1434/2086 1963/1157/2087 1708/1304/1783
f 1312/1400/1991 955/1435/2088 1226/1401/1992
f 1675/612/847 1526/744/2089 1765/610/845
f 1468/1436/2090 1445/1437/2091 1446/692/2092
f 1470/1438/2093 1448/687/2094 1447/1439/2095
f 1315/816/1074 766/1440/2096 1043/1441/2097
f 1501/817/1075 1315/816/1074 1043/1441/2097
f 1316/856/1125 845/855/2098 783/1207/1594
f 1317/894/1165 1758/863/2099 1390/862/1131
f 1318/799/2100 1849/1294/1761 1080/645/880
f 1080/645/2101 1319/1011/1965 1318/799/2100
f 1321/743/2102 1070/638/873 1866/1282/1734
f 1070/638/873 1321/743/2102 1322/1012/1961
f 779/1442/2103 1323/631/1632 1020/706/953
f 1155/633/954 1020/706/953 1323/631/1632
f 778/1443/2104 1021/701/2105 1324/628/1633
f 1154/629/949 1324/628/1633 1021/701/2105
f 1865/1282/1732 1383/637/1723 1739/865/1134
f 678/841/1106 1326/718/2106 1365/717/1104
f 681/843/2107 1364/720/1109 1327/722/2108
f 927/1392/1973 1328/1444/2109 791/650/886
f 1644/965/1255 1329/1121/930 1649/1120/1490
f 923/929/2110 909/579/1460 1330/624/930
f 928/1395/1977 664/729/977 1331/1445/2111
f 1641/1139/1517 1627/1106/2112 1332/624/1208
f 936/929/1438 1333/624/859 895/579/2113
f 946/1446/2114 1334/574/809 770/1287/1748
f 1334/574/809 946/1446/2114 657/882/2115
f 1013/1447/2116 665/1220/1617 1335/584/819
f 1335/584/819 1014/583/2117 1013/1447/2116
f 1483/1123/1975 1336/1393/2118 820/583/2119
f 1484/1122/1494 735/882/2120 1337/1390/2121
f 1338/951/2122 879/1069/1406 1071/1065/1473
f 879/1069/2123 1338/951/1735 1496/950/2124
f 1339/944/2125 1072/1059/1396 878/1064/1401
f 878/1064/2126 1497/945/1225 1339/944/2127
f 1848/1142/1522 1765/610/845 1526/744/1521
f 1856/1143/1524 1520/801/1523 1768/1406/2002
f 1342/878/2128 944/788/1044 828/787/2129
f 1064/880/1151 944/788/1044 1342/878/1149
f 1343/917/2130 827/789/1531 945/790/1047
f 1065/918/2131 1343/917/1192 945/790/1047
f 1774/738/986 1843/1448/2132 880/1449/2133
f 1345/1082/1775 658/1260/2134 1619/1078/2135
f 1346/1089/1428 1622/1084/2136 650/1261/2137
f 1783/1072/1409 880/1449/2133 1853/1450/2138
f 1313/692/937 1957/691/936 1956/832/1635
f 714/567/1638 1348/1043/2139 1036/565/2140
f 1829/1239/1995 1922/682/2141 1920/1238/1645
f 2043/1451/2142 1437/1221/1618 1350/556/791
f 1264/558/2143 2043/1451/2142 1350/556/791
f 1314/687/929 1951/760/1013 2009/685/927
f 742/563/798 1035/562/797 1351/1038/2144
f 1160/742/991 862/1452/2145 1352/740/989
f 1159/735/983 1353/604/2146 860/1453/2147
f 2093/1454/2148 1354/668/904 1431/1224/2149
f 1263/669/905 1354/668/904 2093/1454/2148
f 1355/1455/2150 1201/1387/2151 1320/800/2152
f 1356/1456/2153 748/745/1329 1202/1388/1951
f 1357/693/938 699/1132/1509 2025/1131/2154
f 1358/686/2155 1965/1136/1514 651/1135/1513
f 1713/982/2156 871/1457/2157 1725/646/881
f 1616/954/1236 666/1266/1709 1360/825/1708
f 842/1458/2158 1361/619/1838 1714/1403/1996
f 1363/677/913 2080/1459/2159 2060/1460/2160
f 1291/1264/1703 1364/720/2161 835/1461/2162
f 1750/844/1111 835/1461/2162 1364/720/2163
f 1289/1265/2069 834/1462/2164 1365/717/1104
f 1746/840/1105 1365/717/1104 834/1462/2164
f 1366/1202/2165 876/726/2166 727/1056/2167
f 1054/730/978 1366/1202/1696 727/1056/2168
f 1368/942/1222 1109/1110/1821 1072/1059/1396
f 1072/1059/1396 1339/944/2125 1368/942/1738
f 1369/948/1229 1071/1065/1473 1110/1112/1472
f 1071/1065/1473 1369/948/1736 1338/951/2169
f 1370/1204/2006 688/1058/2170 877/723/2171
f 1055/652/888 688/1058/2172 1370/1204/2006
f 1224/898/1169 1372/897/1168 1153/1463/2173
f 1599/1351/2174 1153/1463/2173 1372/897/1888
f 1225/958/1241 1152/1464/2175 1373/956/2176
f 1597/1350/1886 1373/956/1239 1152/1464/2177
f 1858/1294/1759 1740/926/1200 1378/643/1199
f 1375/625/860 2067/1465/2178 2078/1466/2179
f 1376/581/816 755/1145/1529 828/787/1271
f 683/990/1303 755/1145/1529 1376/581/816
f 1377/573/2180 827/789/1531 756/1146/1530
f 687/1048/1376 1377/573/2181 756/1146/1530
f 1378/643/1199 1625/925/1198 799/1467/2182
f 1367/1055/1584 1236/1262/2007 1379/585/1246
f 1112/961/2183 1379/585/1246 1236/1262/1695
f 1371/1057/1589 1381/881/1152 1235/1263/1698
f 1111/883/1154 1235/1263/1698 1381/881/1152
f 1383/637/1723 790/1468/2184 1628/864/2185
f 844/1347/1873 1384/995/2003 740/1410/2017
f 2061/869/1139 787/867/1137 2073/1319/2186
f 1386/1469/2187 1453/1322/2188 1105/1321/1810
f 659/1052/1799 1990/1000/1317 2038/1313/1797
f 1387/857/2189 1771/889/1160 873/888/1159
f 1388/704/951 1623/1382/2190 1195/1128/2191
f 1912/1129/2192 931/1411/2193 1388/704/951
f 1389/364/2194 904/1470/2195 906/365/2196
f 653/1050/2197 2041/1309/1792 1958/1003/1380
f 1390/862/1131 872/895/1959 1317/894/1165
f 1391/700/946 1197/1126/1499 1624/1384/1941
f 1880/1127/1501 1391/700/946 930/1409/2198
f 1392/1279/1729 799/1467/2182 1625/925/1198
f 1068/1471/2199 1392/1279/1729 1842/1472/2200
f 1393/1197/1571 1628/864/2185 790/1468/2201
f 998/1473/2202 1855/1474/2203 1393/1197/1571
f 663/608/843 1637/607/842 854/1421/2058
f 1211/639/874 1210/1421/2204 1394/607/1963
f 656/615/850 853/1422/2060 1631/613/848
f 1214/644/1967 1395/613/1968 1213/1422/2059
f 1748/1097/1443 1926/655/891 1924/1349/1883
f 1042/1008/1323 851/1329/2205 1397/1009/2206
f 1041/1005/1323 1398/1007/2207 849/1330/2208
f 1041/1005/1323 847/1251/2209 1399/1248/2210
f 1042/1008/1323 1400/1253/2211 850/1254/2212
f 1401/1028/1352 1279/1201/2056 733/1203/2213
f 1402/1029/1353 726/1206/1593 1282/1205/1591
f 2094/463/1456 2051/459/2214 2045/1102/1454
f 895/579/814 1404/928/1439 936/929/1438
f 1405/928/1439 894/579/814 1096/741/2215
f 909/579/931 923/929/1257 1406/928/1202
f 1407/1306/1202 1275/1105/1459 908/1305/931
f 2095/464/1483 2044/1117/2216 2057/378/2217
f 1409/1475/2218 954/1476/2074 1226/1401/1992
f 1466/1477/2219 1409/1475/2218 1226/1401/2220
f 1410/651/2221 1411/1298/1773 688/1058/1395
f 1251/873/1144 1412/978/2222 833/775/1028
f 1594/979/1280 833/775/2030 1412/978/1278
f 1252/641/876 741/756/1009 1413/972/1267
f 1596/767/2223 1413/972/1267 741/756/1009
f 1783/1072/1409 1414/709/987 880/1449/2133
f 1774/738/986 880/1449/2133 1414/709/987
f 1415/731/2224 727/1056/1390 1416/1297/1771
f 1031/1060/1397 1220/906/1179 1417/947/1227
f 1417/947/1652 1066/1061/1398 1031/1060/1466
f 1032/1067/2225 1418/953/1234 1221/914/1188
f 1418/953/1655 1032/1067/1471 1067/1066/1403
f 1419/707/955 1618/1099/1997 1030/1241/2226
f 836/575/810 1420/826/1088 1075/576/2227
f 1420/826/1088 836/575/2228 1261/1057/1393
f 1421/702/948 1029/1240/1649 1612/1098/1444
f 915/762/1015 1219/1115/1616 1422/594/2229
f 1422/594/829 1262/1055/1389 915/762/2230
f 1689/1036/1361 867/1160/2231 1424/1034/1359
f 1613/896/1167 1614/1034/2232 957/1160/1556
f 1992/850/1683 1426/1316/2233 1837/1417/2234
f 1429/768/2235 907/1478/2236 1157/772/1025
f 1430/1479/2237 1073/1285/1742 831/1284/1741
f 2084/1480/1929 1431/1224/1621 1702/678/914
f 1431/1224/1621 2084/1480/2238 2093/1454/2148
f 1432/1479/2239 832/1284/2240 1074/1285/2241
f 1433/606/841 1158/836/1898 913/1481/2242
f 871/1457/2157 1713/982/2156 1434/600/1289
f 789/1482/2243 1606/976/1276 1436/754/1348
f 789/1482/2244 1436/754/1007 1607/753/2245
f 2079/1483/2246 1705/627/862 1437/1221/1618
f 1437/1221/1931 2043/1451/2142 2079/1483/1932
f 1438/920/1196 1437/1221/1931 859/1025/1344
f 1438/920/1196 859/1025/1344 1431/1224/1621
f 1613/896/1167 743/1116/1480 1439/569/804
f 1440/623/858 950/962/1369 869/1042/2247
f 819/1246/1672 1239/1247/1671 1441/1345/1867
f 1442/671/1253 870/1047/2248 949/963/2249
f 811/1246/1666 1443/1345/1864 1238/1247/1667
f 794/1035/1628 1444/1484/2250 1017/1229/1627
f 1489/1272/1715 1017/1229/1627 1444/1484/2250
f 1886/1485/2251 1874/1323/1812 1449/1054/1388
f 1445/1437/2252 875/1486/2253 1446/692/2092
f 1897/1487/2254 1450/559/1814 1873/1100/2255
f 1447/1439/2095 1448/687/2256 710/1488/2257
f 1449/1054/1902 1106/805/1064 1886/1485/2258
f 1106/805/1064 1449/1054/1388 2048/803/1901
f 1450/559/1814 1897/1487/2254 1107/1014/1332
f 1107/1014/1332 2047/1013/1331 1450/559/794
f 1981/680/920 706/544/2259 1451/547/920
f 1987/750/2260 641/546/2261 707/545/776
f 1453/1322/1811 1386/1469/2187 786/1489/2262
f 816/1219/1885 1012/1218/1613 1454/1490/2263
f 1493/1268/2264 1454/1490/2265 1012/1218/1613
f 1189/758/1011 2010/757/1010 2024/1235/1639
f 1455/886/2077 1292/1432/2266 1024/1236/2267
f 1975/680/2268 646/544/775 1456/547/2268
f 1984/750/2269 705/546/919 738/545/2270
f 676/1491/2271 1766/1101/1453 1458/561/1452
f 1458/561/796 1215/815/1073 676/1491/2272
f 1962/1153/1781 952/1302/1780 1966/1337/2273
f 951/1340/2274 1290/1339/2071 1459/1429/2275
f 1460/361/2276 1403/314/1456 2087/1103/1455
f 1964/1300/1778 1227/1299/1777 1967/1148/1542
f 1122/1428/2277 1290/1339/2071 1461/1338/1852
f 1462/119/2278 2088/1118/1484 1408/117/1483
f 1108/1492/2279 1463/1024/1341 1761/1324/1816
f 1463/1024/1341 1108/1492/2279 1212/1022/1964
f 1988/1150/1994 1093/1402/2280 1989/1151/1545
f 953/1430/2281 1290/1339/1853 1464/1427/2282
f 1969/1158/1552 1970/1398/2283 956/1493/1917
f 954/1476/2074 1465/1399/2284 1226/1401/1992
f 1976/1155/1549 1968/1434/2086 1094/1494/2285
f 955/1435/2286 1466/1477/2287 1226/1401/2288
f 1190/690/2289 2006/1233/2290 2035/688/1378
f 1467/891/2080 1023/1234/1637 1293/1433/2079
f 1761/1324/1816 1954/1495/2291 1108/1492/2279
f 670/1496/2292 1468/1436/2090 1446/692/2092
f 901/903/1175 1034/776/2293 1469/778/1031
f 1594/979/1280 901/903/1175 1469/778/1031
f 1766/1101/1453 676/1491/2271 1952/1497/2294
f 903/1498/2295 1448/687/2094 1470/1438/2296
f 902/911/1185 1471/764/1449 1033/763/1016
f 1596/767/1450 1471/764/1449 902/911/2297
f 1432/1479/2298 1074/1285/2299 1472/1210/1603
f 1472/1210/1603 1074/1285/2299 1246/1212/2300
f 832/1284/1745 1473/1499/2301 1509/1286/2302
f 1510/577/2303 1474/931/1487 1330/624/930
f 831/1284/1741 1506/1286/1743 1475/1499/2304
f 1507/577/812 1333/624/859 1476/931/2305
f 1430/1479/2306 1477/1210/1598 1073/1285/2307
f 1477/1210/2308 1247/1212/2309 1073/1285/2024
f 1094/1494/2310 1478/1156/1550 1976/1155/1549
f 816/1219/1885 1479/1267/2311 1480/955/1535
f 1617/955/2312 1151/1267/1710 1616/954/1236
f 1481/636/871 1595/877/1148 1668/876/2313
f 1714/1403/1996 1481/636/871 842/1458/2314
f 956/1493/1917 1482/1159/1553 1969/1158/1552
f 1218/1327/2315 1678/1394/2316 1483/1123/1495
f 1483/1123/1975 1543/1328/1827 1218/1327/1826
f 1217/1326/2317 1484/1122/1494 1677/1391/1972
f 1484/1122/2318 1217/1326/1825 1542/1325/1824
f 1139/1346/1865 1485/1244/1664 1879/1500/2319
f 1698/684/2320 1640/681/2321 662/1104/2322
f 1639/1423/2063 662/1104/2062 1640/681/2321
f 1140/1346/1869 1882/1500/2323 1488/1244/1668
f 1017/1229/1627 1489/1272/1715 1062/974/1272
f 1950/1274/2324 1062/974/1272 1489/1272/1715
f 1686/596/2325 689/1114/2326 1643/653/2327
f 1642/1424/2064 1643/653/2328 689/1114/2329
f 2011/1004/1322 729/1001/1876 1492/1002/1320
f 1012/1218/1613 1061/975/2330 1493/1268/1711
f 1923/1269/1712 1493/1268/1711 1061/975/1275
f 682/1501/2331 841/1502/2332 1844/630/2333
f 1994/999/1875 1495/998/1385 728/996/75
f 912/1070/1407 1496/950/1231 1268/949/2334
f 1496/950/1231 912/1070/1407 879/1069/1406
f 911/1063/1400 1267/941/1221 1497/945/1225
f 1497/945/1818 878/1064/1401 911/1063/2335
f 1498/1503/2336 1499/1033/2337 1500/849/2338
f 1425/851/2339 1500/849/2338 1499/1033/1075
f 762/1503/2340 1168/849/2341 1502/1033/2342
f 1611/851/2343 1502/1033/2344 1168/849/2341
f 1504/860/1129 1005/670/1751 1076/858/2345
f 1505/853/1122 1077/852/2346 1004/621/856
f 1073/1285/1742 1007/1413/2026 1506/1286/1743
f 926/578/813 1507/577/812 660/1504/2347
f 1083/1505/2348 838/1506/2349 1508/714/1765
f 1537/715/963 1508/714/962 838/1506/2349
f 1074/1285/2299 1509/1286/1746 1009/1413/2022
f 806/578/1461 713/1504/2350 1510/577/932
f 1081/1507/2351 691/1508/2352 1511/1027/1350
f 1512/711/2353 1511/1027/1350 691/1508/2352
f 691/1508/2352 863/1509/2354 1512/711/959
f 1528/712/960 1512/711/959 863/1509/2354
f 799/1467/2182 1392/1279/1729 1513/916/1190
f 693/1510/2355 1083/1505/2356 1514/984/1292
f 1508/714/962 1514/984/1292 1083/1505/2348
f 1086/1511/2357 693/1510/2355 1515/661/897
f 1514/984/1292 1515/661/897 693/1510/2355
f 692/1512/2358 1001/1513/2359 1516/747/997
f 1517/748/998 1516/747/1583 1001/1513/2360
f 1001/1513/2359 1086/1511/2357 1517/748/998
f 1515/661/897 1517/748/998 1086/1511/2357
f 760/800/1061 673/802/1060 1518/801/2361
f 1519/1514/2362 1518/801/2361 673/802/1060
f 1082/1515/2363 1521/695/2364 757/1516/2365
f 1527/791/1048 757/1516/2365 1521/695/940
f 1533/665/901 1084/1517/2366 1522/986/1296
f 696/1518/2367 1522/986/1296 1084/1517/2366
f 1516/747/1583 1523/1200/1582 692/1512/2368
f 1085/1519/2369 692/1512/2358 1523/1200/1582
f 734/745/1093 1524/744/2370 672/831/1094
f 1525/1520/2371 672/831/1094 1524/744/2370
f 757/1516/2365 1527/791/1048 1088/1521/2372
f 1534/985/1294 1088/1521/2372 1527/791/1048
f 863/1509/2373 1085/1519/2369 1528/712/960
f 1523/1200/1582 1528/712/960 1085/1519/2369
f 839/1522/2374 1529/667/903 1087/1523/2375
f 1532/987/2376 1087/1523/2377 1529/667/903
f 1089/1524/2378 1530/662/898 840/1525/2379
f 1536/664/900 840/1525/2379 1530/662/898
f 790/1468/2184 1531/875/1146 1393/1197/1571
f 1087/1523/2377 1532/987/2376 694/1526/2352
f 1535/820/1078 694/1526/2352 1532/987/2376
f 1084/1517/2366 1533/665/901 839/1522/2380
f 1529/667/903 839/1522/2374 1533/665/901
f 1088/1521/2372 1534/985/1294 696/1518/2367
f 1522/986/1296 696/1518/2381 1534/985/1294
f 694/1526/2352 1535/820/1078 1089/1524/2378
f 1530/662/898 1089/1524/2382 1535/820/1078
f 840/1525/2379 1536/664/1764 1082/1515/2363
f 1521/695/940 1082/1515/2363 1536/664/1764
f 838/1506/2349 1081/1507/2383 1537/715/963
f 1511/1027/1350 1537/715/963 1081/1507/2383
f 755/1145/1529 683/990/1303 1538/879/2384
f 756/1146/2385 1539/919/1532 687/1048/1376
f 1768/1406/2386 1673/1405/2001 1540/595/830
f 1687/596/831 1540/595/2387 1673/1405/2388
f 1724/611/846 1541/1278/1721 1699/684/925
f 1487/681/922 1699/684/925 1541/1278/1721
f 1542/1325/2389 1111/883/1154 1484/1122/1494
f 1235/1263/1698 1111/883/1154 1542/1325/1824
f 1543/1328/2390 1483/1123/1975 1112/961/2183
f 1236/1262/1695 1543/1328/1827 1112/961/2183
f 1544/1527/2391 1792/1528/2392 1817/1529/2393
f 1820/1530/2394 1792/1528/2395 1544/1527/2391
f 1547/1531/2396 1800/1532/2397 1813/1533/2398
f 1546/1534/2399 1800/1532/2397 1547/1531/2400
f 1790/1535/2401 1550/1536/2402 1551/1537/2403
f 1810/1538/2404 1550/1536/2402 1790/1535/2401
f 1791/1539/2405 1549/1540/2406 1820/1530/2407
f 1814/1541/2408 1549/1540/2409 1791/1539/2410
f 1820/1530/2394 1807/1542/2411 1792/1528/2392
f 1549/1540/2409 1807/1542/2411 1820/1530/2412
f 1546/1534/2399 1554/1543/2413 1800/1532/2414
f 1553/1544/2415 1554/1543/2416 1546/1534/2403
f 1811/1545/2417 1812/1546/2418 1798/1547/2419
f 1576/1548/2420 1812/1546/2421 1811/1545/2417
f 1557/1549/2422 1558/1550/2423 1822/1551/2424
f 1560/1552/2425 1558/1550/2426 1557/1549/2427
f 1561/1553/2428 1805/1554/2429 1823/1555/2430
f 1563/1556/2431 1805/1554/2432 1561/1553/2433
f 1562/1557/2434 1818/1558/2435 1585/1559/2436
f 1566/1560/2437 1818/1558/2435 1562/1557/2438
f 1566/1560/2439 1801/1561/2440 1818/1558/2435
f 1809/1562/2441 1801/1561/2442 1566/1560/2443
f 1563/1556/2444 1816/1563/2445 1805/1554/2432
f 1567/1564/2446 1816/1563/2447 1563/1556/2448
f 1810/1538/2404 1569/1565/2449 1550/1536/2402
f 1585/1559/2450 1569/1565/2451 1810/1538/2404
f 1814/1541/2452 1568/1566/2453 1549/1540/2409
f 1823/1555/2430 1568/1566/2454 1814/1541/2455
f 1809/1562/2441 1819/1567/2456 1801/1561/2440
f 1808/1568/2457 1819/1567/2456 1809/1562/2441
f 1567/1564/2446 1571/1569/2458 1816/1563/2445
f 1570/1570/2459 1571/1569/2458 1567/1564/2446
f 1572/1571/2460 1799/1572/2461 1574/1573/2462
f 1559/1574/2438 1799/1572/2463 1572/1571/2464
f 1573/1575/2465 1833/1576/2466 1834/1577/2467
f 1577/1578/2468 1833/1576/2469 1573/1575/2470
f 1560/1552/2471 1813/1533/2472 1558/1550/2473
f 1547/1531/2396 1813/1533/2472 1560/1552/773
f 1576/1548/2474 1817/1529/2475 1812/1546/2418
f 1544/1527/2391 1817/1529/2476 1576/1548/2474
f 1577/1578/2477 1798/1547/2419 1833/1576/2469
f 1811/1545/2417 1798/1547/2419 1577/1578/2478
f 1559/1574/2438 1822/1551/2424 1799/1572/2463
f 1557/1549/2479 1822/1551/2424 1559/1574/2438
f 1831/1579/2480 1821/1580/2481 1838/1581/2482
f 1578/552/2483 1821/1580/2484 1831/1579/2485
f 1579/1582/2486 1580/1583/2409 1581/1584/210
f 1835/921/2487 1580/1583/2409 1579/1582/2486
f 1808/1568/2488 1804/1585/2489 1819/1567/2456
f 1838/1581/2490 1804/1585/2491 1808/1568/2457
f 1570/1570/2492 1583/1586/2493 1571/1569/2458
f 1584/1587/2494 1583/1586/2493 1570/1570/2495
f 1823/1555/2430 1828/1588/2496 1568/1566/2497
f 1805/1554/2498 1828/1588/2499 1823/1555/2430
f 1585/1559/2436 1565/1589/2470 1569/1565/2449
f 1818/1558/2500 1565/1589/2470 1585/1559/2450
f 1833/1576/2469 1797/547/2453 1834/1577/2467
f 1835/921/2487 1796/680/2497 1580/1583/2409
f 1799/1572/2501 1586/546/779 1574/1573/2483
f 1578/552/2502 1587/544/779 1821/1580/2503
f 1838/1581/2482 1815/1590/2504 1804/1585/2491
f 1821/1580/2484 1815/1590/2505 1838/1581/2506
f 1584/1587/2507 1588/1591/2508 1583/1586/2493
f 1589/1592/2509 1588/1591/2510 1584/1587/2511
f 1426/1316/2233 1992/850/2512 1425/851/2339
f 1500/849/2513 1425/851/2339 1992/850/1683
f 1644/965/1255 1592/964/1254 788/1593/2514
f 1641/1139/2515 807/967/2516 1593/930/1204
f 1594/979/1280 1412/978/1278 750/1385/1943
f 901/903/2517 1594/979/1280 750/1385/1943
f 1595/877/1148 1481/636/2518 1726/635/2519
f 1393/1197/1571 1595/877/1148 998/1473/2202
f 1596/767/1450 745/1386/2520 1413/972/1267
f 902/911/1185 745/1386/1944 1596/767/1450
f 1152/1464/2175 753/1594/2521 1597/1350/1886
f 1092/679/916 774/1080/1419 1598/602/837
f 1153/1463/2173 1599/1351/2522 700/1595/2523
f 2059/673/909 754/1356/1897 1600/1273/2524
f 1925/983/2525 1601/655/1836 997/598/1570
f 1601/655/1836 671/1332/1835 997/598/1570
f 1921/1239/2526 1028/618/853 1603/682/1834
f 1603/682/1834 1028/618/853 771/1331/2527
f 1095/793/1050 1605/792/1049 677/1085/1424
f 1199/977/1277 1606/976/1276 861/1596/2528
f 1606/976/1276 789/1482/2529 861/1596/2528
f 1200/973/1945 826/1597/2530 1607/753/1266
f 1607/753/2245 826/1597/2531 789/1482/2529
f 1627/1106/1462 675/1598/2532 1608/932/1209
f 1104/1031/2533 1610/851/1120 866/1316/1804
f 1503/1033/1358 1610/851/2343 1104/1031/1356
f 1154/629/1445 1612/1098/1444 717/1353/2534
f 1229/1258/1688 717/1353/2535 1612/1098/2536
f 743/1116/1480 1613/896/1167 958/592/1481
f 957/1160/1556 958/592/1481 1613/896/1555
f 1689/1036/1361 1017/1229/1627 1615/899/1170
f 1062/974/1272 1615/899/1170 1017/1229/1627
f 1360/825/1087 1059/589/885 1616/954/1236
f 947/591/1237 1616/954/1236 1059/589/824
f 1155/633/954 718/1355/1895 1618/1099/1446
f 1230/1259/1690 1618/1099/1446 718/1355/1895
f 886/1083/1422 1619/1078/1417 1092/679/916
f 774/1080/1419 1092/679/2537 1619/1078/2135
f 1696/1147/1884 1620/957/1274 1012/1218/1613
f 1061/975/1275 1012/1218/1613 1620/957/1274
f 1621/597/832 1734/617/852 1540/595/830
f 1748/1097/1443 898/1599/2538 1621/597/832
f 887/1088/1427 1095/793/1050 1622/1084/1423
f 677/1085/1424 1622/1084/2136 1095/793/2539
f 1623/1382/2190 1388/704/951 931/1411/2020
f 931/1411/2020 725/1381/2019 1623/1382/2190
f 1624/1384/1941 930/1409/2198 1391/700/946
f 930/1409/2540 1624/1384/1941 724/1383/1940
f 1625/925/1198 1842/1472/2200 1392/1279/1729
f 1740/926/1200 804/1600/2541 1625/925/1198
f 884/582/817 1626/1076/1413 1117/580/815
f 675/1598/2532 1627/1106/1462 910/1601/2542
f 1256/1138/2543 910/1601/2542 1627/1106/1462
f 1628/864/1133 1393/1197/1571 1855/1474/2203
f 1739/865/2544 1628/864/1133 785/1602/2545
f 885/572/2546 1138/571/2547 1629/1077/1862
f 945/790/1047 1630/614/849 1065/918/1193
f 1632/1026/1349 862/1452/2145 1160/742/1786
f 1157/772/1436 907/1478/2236 1633/770/1023
f 764/1603/2548 1634/1290/1755 1078/1087/1426
f 887/1088/2549 1078/1087/1426 1634/1290/2550
f 665/1220/1617 1013/1447/2551 1635/1604/2552
f 944/788/1044 1064/880/1151 1636/609/1722
f 770/1287/1748 1638/1605/2553 946/1446/2114
f 1283/771/2554 1639/1423/2555 777/834/2556
f 1640/681/2557 777/834/2558 1639/1423/2063
f 1332/624/1208 935/929/2559 1641/1139/1517
f 807/967/1518 1641/1139/2560 935/929/1438
f 1284/837/1477 1285/838/2561 1642/1424/2562
f 1643/653/2327 1642/1424/2562 1285/838/2561
f 1329/1121/930 1644/965/1255 924/1606/2563
f 788/1593/2564 924/1606/1203 1644/965/1255
f 1770/798/1056 759/1607/2565 1645/796/2566
f 765/1404/2567 1079/1081/1420 1646/1292/1757
f 886/1083/2568 1646/1292/1757 1079/1081/1420
f 1647/933/1210 1541/1278/1721 1754/1277/1720
f 1920/1238/1645 1647/933/1210 709/1608/2569
f 1158/836/1099 1648/835/1098 913/1481/2242
f 1288/1425/2067 787/867/1137 1649/1120/1490
f 1257/966/1256 1649/1120/1490 787/867/1137
f 1650/736/984 1159/735/1787 860/1453/2147
f 1646/1292/1757 886/1083/1774 1651/1226/1624
f 1092/679/2537 1651/1226/1624 886/1083/2570
f 1151/1267/1710 1652/1609/2571 666/1266/1709
f 1757/1228/1626 2056/1359/1905 2072/847/1116
f 2071/1610/2572 1653/847/1878 2070/1359/1878
f 1760/991/1304 1654/806/2573 763/1611/2574
f 1691/1612/2575 938/1613/2576 1655/1614/2577
f 1634/1290/2550 1657/1222/1784 887/1088/1427
f 1095/793/1050 887/1088/2578 1657/1222/2048
f 1029/1240/1649 679/1426/2068 1658/980/1648
f 1058/699/1706 1658/980/1648 679/1426/2579
f 1030/1241/2226 1659/981/1650 680/1431/2075
f 1057/705/1287 680/1431/2580 1659/981/1650
f 682/1501/2331 1680/632/2581 841/1502/2332
f 1694/1615/2582 1661/1616/2583 940/1617/2584
f 1688/658/1113 1663/845/2033 780/846/2585
f 1253/588/1037 780/846/2585 1663/845/1112
f 1664/829/1091 1119/1334/2586 773/830/2587
f 1119/1334/1950 1664/829/1091 1917/828/1949
f 1665/733/981 1710/737/1848 1120/1336/1847
f 1120/1336/1847 1906/734/982 1665/733/981
f 1778/1223/1620 1015/1311/2588 1666/794/2589
f 1927/795/1053 1666/794/1052 1015/1311/2588
f 1667/1280/1730 2042/1109/2040 2063/674/910
f 1667/1280/2590 1250/1618/2591 701/1414/2592
f 1668/876/1147 842/1458/2314 1481/636/871
f 1669/647/882 1725/646/881 871/1457/2157
f 1997/1049/1379 1098/1310/2593 1670/689/2594
f 1359/1619/2595 1671/648/883 1068/1471/2596
f 1392/1279/1729 1068/1471/2596 1671/648/1191
f 1518/801/2597 1519/1514/2362 1672/1405/2598
f 1490/1620/2599 1672/1405/2600 1519/1514/2362
f 1524/744/2370 1674/612/2601 1525/1520/2371
f 1486/1621/2602 1525/1520/2371 1674/612/2603
f 1999/1051/1383 1676/759/1382 1099/1314/1957
f 1677/1391/1972 927/1392/1973 1217/1326/1825
f 1678/1394/2316 1218/1327/1826 928/1395/1977
f 1841/1225/1623 1679/601/2604 1016/1307/1790
f 1914/603/838 1016/1307/2605 1679/601/2604
f 1680/632/2581 682/1501/2331 1681/989/2606
f 1443/1345/1864 1684/780/1213 1139/1346/1865
f 1139/1346/1865 1684/780/1601 1485/1244/1664
f 1441/1345/1867 1140/1346/1869 1685/780/1033
f 1140/1346/1869 1488/1244/1668 1685/780/1033
f 1672/1405/2600 1490/1620/2599 1686/596/2325
f 689/1114/2329 1686/596/2325 1490/1620/2607
f 780/846/2585 1782/848/1117 1688/658/1113
f 1780/1418/893 1781/658/894 1269/848/1879
f 867/1160/2231 1689/1036/1361 667/1396/2608
f 1615/899/1170 667/1396/1986 1689/1036/1361
f 761/1622/2609 1161/1623/1900 2077/1624/1340
f 857/1625/2575 2077/1624/1340 1161/1623/1340
f 1655/1614/2577 857/1625/2575 1691/1612/2610
f 1161/1623/1900 1691/1612/2575 857/1625/2575
f 897/1626/2611 2082/1627/795 1163/1628/2612
f 856/1629/2582 1163/1628/795 2082/1627/2612
f 1661/1616/2613 1694/1615/2614 856/1629/2582
f 1163/1628/2612 856/1629/2582 1694/1615/2582
f 1048/591/1536 654/1397/2615 1696/1147/1615
f 1620/957/1240 1696/1147/1534 654/1397/2615
f 1697/1149/2616 1967/1148/1542 1227/1299/2617
f 1674/612/2603 1698/684/2320 1486/1621/2602
f 662/1104/1457 1486/1621/2602 1698/684/2618
f 792/885/2619 1208/884/1155 1700/887/1158
f 793/892/1163 1701/893/1960 1209/890/1161
f 2060/1460/2160 1702/678/914 1363/677/913
f 1702/678/914 2060/1460/2160 2084/1480/2238
f 1703/1152/1546 1989/1151/1545 1093/1402/2280
f 1704/1301/1779 1966/1337/2273 952/1302/1780
f 2067/1465/2620 1375/625/860 1705/627/862
f 1705/627/2621 2079/1483/1932 2067/1465/2622
f 2054/783/1036 1706/1270/2623 754/1356/1897
f 773/830/2587 1707/1333/2037 1664/829/1091
f 1708/1304/1783 1094/1494/2285 1968/1434/2624
f 1709/1303/1782 956/1493/1917 1970/1398/2283
f 1710/737/1848 1665/733/981 1711/1335/2034
f 869/1042/2247 1222/1041/1982 1712/1242/1660
f 1150/1630/2625 1713/982/1290 837/1631/2626
f 1725/646/881 837/1631/2627 1713/982/1290
f 809/1632/2628 1228/634/869 1714/1403/1996
f 1481/636/2629 1714/1403/2630 1228/634/869
f 1715/552/2631 1205/548/780 647/550/778
f 801/1315/2632 1206/548/2633 1716/552/2634
f 1717/544/2635 1100/554/789 644/551/782
f 801/1315/2636 1207/554/2636 1718/544/2636
f 801/1315/2637 1719/921/2638 1207/554/1800
f 1720/921/2639 918/1315/1197 643/922/1197
f 1721/545/788 917/541/772 648/543/774
f 801/1315/2634 1101/541/2634 1722/545/2634
f 870/1047/2640 1723/1243/1662 1223/1046/1373
f 1340/1633/2641 1063/1276/1719 1724/611/846
f 1541/1278/1721 1724/611/846 1063/1276/1719
f 837/1631/2626 1725/646/881 1359/1619/2595
f 1671/648/883 1359/1619/2642 1725/646/881
f 1726/635/2519 998/1473/2202 1595/877/1148
f 1270/1293/2045 1232/960/1245 1727/1291/1756
f 1634/1290/1755 764/1603/2643 1728/1288/2644
f 1499/1033/2645 1498/1503/2646 1729/1365/1908
f 1502/1033/2647 1731/1365/2648 762/1503/2649
f 1733/1039/1365 1351/1038/2144 1035/562/2650
f 1734/617/852 1621/597/832 898/1599/2538
f 1197/1126/1942 1735/719/967 724/1383/1940
f 1653/847/1878 2071/1610/2572 1737/1348/1878
f 2068/1073/1411 1738/1634/1411 1764/1635/1411
f 785/1602/2545 1325/1636/2651 1739/865/1134
f 1865/1282/1732 1739/865/1134 1325/1636/2651
f 804/1600/2541 1740/926/1200 1374/1637/2652
f 1858/1294/1759 1374/1637/2653 1740/926/1200
f 2068/1073/2654 882/1638/2654 1741/1074/2654
f 1742/1045/2655 1036/565/800 1348/1043/2139
f 1195/1128/1937 725/1381/2656 1743/721/969
f 1745/1415/2035 1254/818/1076 868/1360/1907
f 1859/1214/1608 1746/840/1105 1118/1639/2657
f 834/1462/2658 1118/1639/2657 1746/840/1105
f 898/1599/2538 1748/1097/1443 1396/1640/2659
f 1924/1349/1883 1396/1640/2659 1748/1097/1443
f 1749/1416/2038 782/1364/1912 1255/1032/1357
f 1861/1215/1610 1121/1641/2660 1750/844/1927
f 835/1461/2162 1750/844/1927 1121/1641/2660
f 904/1470/2195 1752/1642/2661 1759/527/2662
f 919/1341/1856 1763/529/2663 1753/1643/2664
f 1754/1277/1720 709/1608/2569 1647/933/1210
f 1755/868/1138 787/867/2665 1288/1425/2067
f 1756/1108/1464 675/1598/2532 910/1601/2542
f 2072/847/2666 780/846/2667 1757/1228/2668
f 1253/588/1037 1757/1228/1626 780/846/2585
f 1758/863/2099 784/1208/1595 846/861/1130
f 1759/527/2662 906/365/2196 904/1470/2669
f 1872/992/2670 1760/991/1304 1102/1644/2671
f 763/1611/2672 1102/1644/2673 1760/991/1304
f 1954/1495/2291 1761/1324/1816 1468/1436/2090
f 1445/1437/2252 1468/1436/2090 1761/1324/1816
f 1762/564/799 1024/1236/2267 1292/1432/2674
f 1763/529/2663 919/1341/2675 920/379/458
f 2068/1073/2676 1764/1635/2677 893/1092/2677
f 941/1645/2678 1340/1633/2679 1765/610/845
f 1724/611/846 1765/610/845 1340/1633/2680
f 1952/1497/2294 1470/1438/2093 1766/1101/2681
f 1447/1439/2682 1766/1101/1453 1470/1438/2093
f 1767/1257/2683 1906/734/2684 1355/1455/2150
f 942/1646/2685 1768/1406/2002 1341/616/2686
f 1540/595/2387 1341/616/2686 1768/1406/2386
f 1769/1318/1806 1356/1456/2153 1917/828/1949
f 1877/1237/2687 1025/1647/2688 1770/798/1056
f 759/1607/2565 1770/798/1056 1025/1647/2689
f 1771/889/1160 1387/857/1126 1316/856/1125
f 1774/738/986 1772/708/2690 932/1648/2691
f 719/1649/2692 1775/1648/2693 1871/708/2693
f 2093/1454/2694 1773/1308/1791 1263/669/905
f 1843/1448/2132 1774/738/986 1344/1650/2695
f 932/1648/2691 1344/1650/2695 1774/738/986
f 1783/1072/1409 916/1651/2696 1776/1071/2697
f 721/1652/2698 1876/1071/2699 1784/1651/2699
f 1777/566/2700 1293/1433/2079 1023/1234/2701
f 1793/810/1933 758/1380/1932 1778/1223/1620
f 1015/1311/2588 1778/1223/2702 758/1380/1932
f 2043/1451/2703 1264/558/793 1779/1312/1795
f 1269/848/1879 690/1419/1879 1780/1418/2704
f 1853/1450/2138 1347/1653/2705 1783/1072/1409
f 916/1651/2696 1783/1072/1409 1347/1653/2705
f 1193/813/1930 818/1654/2706 1785/811/1070
f 1170/849/2707 1125/1655/2708 1786/1344/2709
f 1258/1019/1337 1259/1232/1631 1788/1417/2041
f 1549/1540/2409 1790/1535/2401 1807/1542/2710
f 1568/1566/2454 1790/1535/2711 1549/1540/2409
f 1553/1544/2402 1791/1539/2712 1554/1543/2713
f 1552/1656/2451 1791/1539/2410 1553/1544/2415
f 1792/1528/2392 1545/1657/2714 1548/1658/773
f 1807/1542/2710 1545/1657/2714 1792/1528/2715
f 1231/959/1999 1793/810/1933 1273/1289/1998
f 1778/1223/2702 1273/1289/1998 1793/810/1933
f 1572/1571/2460 1574/1573/2462 1794/750/2716
f 1795/545/2497 1578/552/2483 1831/1579/2717
f 1798/1547/2718 1556/1659/2434 1575/1660/2460
f 1812/1546/2418 1556/1659/2719 1798/1547/2419
f 1799/1572/2463 1573/1575/2465 1586/546/779
f 1822/1551/2720 1573/1575/2470 1799/1572/2461
f 1800/1532/2397 1544/1527/2391 1576/1548/2420
f 1554/1543/2413 1544/1527/2721 1800/1532/2722
f 1801/1561/2440 1802/1661/2723 1564/1662/2433
f 1819/1567/2456 1802/1661/2724 1801/1561/2440
f 1804/1585/2489 1582/1663/2495 1803/1664/2617
f 1815/1590/2505 1582/1663/2495 1804/1585/2491
f 1805/1554/2725 1562/1557/2438 1828/1588/2496
f 1816/1563/2447 1562/1557/2438 1805/1554/2498
f 1807/1542/2411 1551/1537/2399 1545/1657/2400
f 1790/1535/2711 1551/1537/2726 1807/1542/2727
f 1583/1586/2493 1808/1568/2728 1809/1562/2441
f 1588/1591/2510 1808/1568/2728 1583/1586/2493
f 1571/1569/2729 1809/1562/2441 1566/1560/2443
f 1583/1586/2730 1809/1562/2441 1571/1569/2458
f 1568/1566/2454 1810/1538/2731 1790/1535/2732
f 1828/1588/2733 1810/1538/2734 1568/1566/2454
f 1558/1550/2473 1811/1545/2417 1577/1578/2478
f 1813/1533/2398 1811/1545/2417 1558/1550/2473
f 1812/1546/2421 1555/1665/2422 1556/1659/2438
f 1817/1529/2476 1555/1665/2479 1812/1546/2418
f 1813/1533/2398 1576/1548/2474 1811/1545/2417
f 1800/1532/2397 1576/1548/2420 1813/1533/2398
f 1552/1656/2451 1814/1541/2452 1791/1539/2405
f 1806/1666/2735 1814/1541/2452 1552/1656/2451
f 1815/1590/2505 1581/1584/210 1582/1663/2492
f 1579/1582/2736 1581/1584/210 1815/1590/2505
f 1816/1563/2737 1566/1560/2443 1562/1557/2434
f 1571/1569/2729 1566/1560/2443 1816/1563/2447
f 1817/1529/2738 1548/1658/773 1555/1665/2422
f 1792/1528/2392 1548/1658/2425 1817/1529/2738
f 1818/1558/2739 1564/1662/2740 1565/1589/2465
f 1801/1561/2440 1564/1662/2433 1818/1558/2435
f 1819/1567/2456 1803/1664/2639 1802/1661/2723
f 1804/1585/2741 1803/1664/790 1819/1567/2456
f 1554/1543/2413 1820/1530/2412 1544/1527/2391
f 1791/1539/2410 1820/1530/2742 1554/1543/2416
f 1821/1580/2484 1579/1582/2486 1815/1590/2743
f 1587/544/779 1579/1582/2744 1821/1580/2484
f 1822/1551/2424 1577/1578/2478 1573/1575/2745
f 1558/1550/2423 1577/1578/2478 1822/1551/2424
f 1806/1666/2746 1823/1555/2430 1814/1541/2452
f 1561/1553/2433 1823/1555/2430 1806/1666/2735
f 1824/849/2747 1825/1344/1520 1826/1655/2748
f 1828/1588/2733 1585/1559/2450 1810/1538/2731
f 1562/1557/2438 1585/1559/2436 1828/1588/2749
f 1714/1403/1996 1829/1239/1995 809/1632/2628
f 1349/1667/2750 809/1632/2628 1829/1239/2751
f 1589/1592/2752 1831/1579/2717 1588/1591/2508
f 1795/545/2497 1831/1579/2717 1589/1592/2752
f 1232/960/1245 1270/1293/2045 1832/812/1244
f 1841/1225/2046 1832/812/1244 1270/1293/2753
f 1833/1576/2469 1575/1660/2460 1797/547/2716
f 1798/1547/2718 1575/1660/2464 1833/1576/2469
f 1573/1575/2470 1834/1577/2487 1586/546/779
f 1587/544/779 1835/921/2467 1579/1582/2486
f 1590/1019/1683 1836/1417/2234 1427/1232/1441
f 1588/1591/2510 1838/1581/2506 1808/1568/2728
f 1831/1579/2754 1838/1581/2490 1588/1591/2510
f 1713/982/1290 1150/1630/2755 1839/983/1882
f 669/1668/2756 1839/983/1882 1150/1630/2625
f 1832/812/1244 1841/1225/2757 702/1379/1929
f 1016/1307/1790 702/1379/2238 1841/1225/1623
f 1842/1472/2200 1625/925/1198 804/1600/2541
f 1344/1650/2695 731/1669/2758 1843/1448/2132
f 1844/630/2759 1845/988/1299 682/1501/2331
f 661/1670/2760 941/1645/2761 1848/1142/1522
f 1765/610/845 1848/1142/1522 941/1645/2678
f 1374/1637/2653 1858/1294/1759 668/1671/2762
f 1856/1143/1524 668/1671/2762 1858/1294/1759
f 1194/809/1068 1851/808/1067 817/1672/2763
f 1254/818/2036 1745/1415/2035 1852/1037/1844
f 1852/1037/1844 1315/816/1074 1254/818/2036
f 1347/1653/2705 1853/1450/2138 720/1673/2764
f 1255/1032/1357 1854/1030/1354 1749/1416/2038
f 1854/1030/2765 1255/1032/1357 1104/1031/2766
f 1855/1474/2203 785/1602/2545 1628/864/1133
f 668/1671/2762 1856/1143/1524 942/1646/2767
f 1768/1406/2002 942/1646/2685 1856/1143/1524
f 1118/1639/2657 778/1443/2768 1859/1214/1608
f 1324/628/1633 1859/1214/1608 778/1443/2768
f 1121/1641/2769 1861/1215/1610 779/1442/2103
f 1323/631/1632 779/1442/2103 1861/1215/1610
f 846/861/2770 1145/859/1877 1863/786/2771
f 1936/968/1261 1863/786/1318 1145/859/1128
f 845/855/1124 1864/937/1217 1144/854/1123
f 1949/939/1219 1144/854/1123 1864/937/1217
f 1325/1636/2772 661/1670/2760 1865/1282/1732
f 1848/1142/1522 1865/1282/1732 661/1670/2760
f 1869/732/982 1883/1256/1681 1315/816/1074
f 1315/816/1074 1852/1037/1844 1869/732/982
f 1870/827/1089 1104/1031/1356 1885/1317/1805
f 1104/1031/2773 1870/827/1355 1854/1030/1354
f 1871/708/2774 1872/992/1305 719/1649/2692
f 1102/1644/2775 719/1649/2692 1872/992/2776
f 710/1488/2257 1873/1100/1451 1447/1439/2682
f 1766/1101/2777 1447/1439/2095 1873/1100/1451
f 875/1486/2253 1445/1437/2778 1874/1323/2779
f 1761/1324/1816 1874/1323/2780 1445/1437/2091
f 1479/1267/2311 816/1219/2781 1875/1217/2782
f 1454/1490/2265 1875/1217/2783 816/1219/2784
f 1876/1071/2785 721/1652/2698 1877/1237/1644
f 1025/1647/2688 1877/1237/2786 721/1652/2698
f 1139/1346/2008 1879/1500/2319 1037/1407/2010
f 930/1409/2787 1240/1408/2015 1880/1127/1501
f 1140/1346/1869 1039/1407/2013 1882/1500/2323
f 766/1440/2096 1315/816/1074 1883/1256/1681
f 2055/568/1906 1884/1227/1625 794/1035/1628
f 1444/1484/2250 794/1035/1360 1884/1227/2788
f 866/1316/1804 1885/1317/2789 1104/1031/2766
f 1874/1323/2780 1886/1485/2251 875/1486/2253
f 1887/1369/2790 1888/1190/2791 990/1185/2792
f 2027/1186/2793 1174/1185/2794 1889/1190/2794
f 1188/1377/2795 962/1164/2795 1891/1162/2796
f 1179/1371/2796 1893/1169/2796 969/1170/2796
f 2077/1624/1340 1895/1389/1964 761/1622/2609
f 1873/1100/1451 710/1488/2257 1897/1487/2254
f 2016/1373/2797 1898/1196/2797 1180/1191/2797
f 995/1192/2798 996/1191/2798 1899/1196/2798
f 2019/1375/2799 1183/1176/2799 1903/1174/2799
f 975/1178/2800 1904/1174/2800 974/1176/2800
f 1201/1387/2801 1355/1455/2802 1906/734/1362
f 1906/734/982 1120/1336/1946 1201/1387/1948
f 1907/1367/2803 1908/1179/2804 1909/1183/2805
f 984/1181/2806 1910/1183/2807 983/1179/2806
f 931/1411/2020 1912/1129/1504 1245/1412/2021
f 2082/1627/795 897/1626/2611 1915/814/1073
f 1202/1388/1951 1917/828/1949 1356/1456/2153
f 1917/828/1949 1202/1388/2808 1119/1334/1950
f 2021/1370/2809 1918/1187/2810 987/1188/2810
f 709/1608/2811 1349/1667/2812 1920/1238/2813
f 1829/1239/1995 1920/1238/1645 1349/1667/2812
f 1061/975/1275 830/1271/2814 1923/1269/1712
f 1396/1640/2815 1924/1349/1883 669/1668/2816
f 1839/983/1882 669/1668/2816 1924/1349/2817
f 1184/1376/2818 1928/1173/2818 973/1177/2818
f 2004/1372/2819 967/1172/2819 1931/1167/2820
f 971/1168/2821 1932/1167/2822 1178/1172/2822
f 2012/1368/2823 980/1182/2823 1934/1180/2823
f 1946/971/2824 1936/968/1261 1076/858/1750
f 1145/859/1128 1076/858/1750 1936/968/1261
f 1901/1374/2825 1937/1193/2826 993/1194/2826
f 1884/1227/1625 1939/587/822 1444/1484/2250
f 2059/673/909 1444/1484/2250 1939/587/822
f 2001/1378/2819 1941/1161/2820 961/1165/2819
f 966/1163/2827 1186/1165/2822 1942/1161/2822
f 1825/1344/1520 1824/849/2828 1944/1020/1335
f 1991/850/1334 1944/1020/1336 1824/849/2829
f 1993/1130/1538 1946/971/1265 825/672/1252
f 1076/858/1750 825/672/2830 1946/971/1265
f 1786/1344/1519 1947/1020/2831 1170/849/1118
f 1995/850/1337 1170/849/2832 1947/1020/1338
f 1955/935/2833 1077/852/2834 1949/939/1219
f 1144/854/2835 1949/939/1219 1077/852/2834
f 1062/974/1272 1950/1274/1717 829/1275/1718
f 2024/1235/1639 742/563/798 1951/760/1013
f 1351/1038/2144 1951/760/1013 742/563/798
f 1470/1438/2093 1952/1497/2294 903/1498/2295
f 1875/1217/1612 1454/1490/2265 1953/782/1038
f 2054/783/1036 1953/782/1035 1454/1490/2263
f 1468/1436/2090 670/1496/2292 1954/1495/2291
f 1959/1134/1512 812/622/857 1955/935/1539
f 1077/852/1752 1955/935/1539 812/622/857
f 2006/1233/2290 1956/832/1095 714/567/1638
f 1348/1043/2139 714/567/1638 1956/832/1095
f 1956/832/1095 1957/691/936 1348/1043/1370
f 933/1044/1371 1348/1043/1370 1957/691/1511
f 872/895/1959 1390/862/1131 1958/1003/1380
f 2011/1004/1322 1958/1003/1380 1390/862/1131
f 812/622/857 1959/1134/1512 950/962/1249
f 1965/1136/1514 950/962/2836 1959/1134/1512
f 954/1476/2074 1409/1475/2218 1960/1154/1989
f 1976/1155/1549 1960/1154/2837 1409/1475/2838
f 2068/1073/1411 883/1075/2839 1961/1674/1411
f 1966/1337/2273 1459/1429/2840 1962/1153/1547
f 953/1430/2281 1962/1153/1781 1459/1429/2073
f 955/1435/2286 1312/1400/1991 1963/1157/2087
f 1969/1158/1552 1963/1157/2841 1312/1400/2842
f 951/1340/2274 1964/1300/1851 1461/1338/1852
f 1967/1148/1542 1461/1338/2843 1964/1300/2844
f 2040/1137/1515 1222/1041/1367 1965/1136/1514
f 950/962/2836 1965/1136/1514 1222/1041/1982
f 1459/1429/2073 1966/1337/1850 951/1340/1854
f 1964/1300/2845 951/1340/1854 1966/1337/1850
f 1461/1338/1852 1967/1148/1542 1122/1428/2277
f 1988/1150/2846 1122/1428/2277 1967/1148/1542
f 1466/1477/2287 955/1435/2088 1968/1434/2086
f 1963/1157/2847 1968/1434/2086 955/1435/2088
f 1312/1400/1991 1465/1399/1990 1969/1158/1552
f 1970/1398/2283 1969/1158/1552 1465/1399/1990
f 1465/1399/2848 954/1476/2281 1970/1398/1988
f 1960/1154/2849 1970/1398/1988 954/1476/2281
f 1971/680/2850 1972/545/2850 1982/547/2850
f 1974/680/2851 739/547/2851 645/544/783
f 1968/1434/2624 1976/1155/1549 1466/1477/2219
f 1409/1475/2218 1466/1477/2219 1976/1155/1549
f 1977/680/2852 1978/545/2853 1985/547/2854
f 1980/750/2855 708/545/2855 640/546/2856
f 1973/750/2857 1982/547/2857 1972/545/2858
f 1457/545/2859 703/544/1001 1983/750/2860
f 1979/750/2861 1985/547/2861 1978/545/2862
f 1452/547/2863 704/546/917 1986/680/2864
f 1122/1428/2277 1988/1150/2865 1464/1427/2866
f 1989/1151/1545 1464/1427/2282 1988/1150/2865
f 1464/1427/2282 1989/1151/1545 953/1430/2281
f 1962/1153/1781 953/1430/2074 1989/1151/1545
f 873/888/1159 1990/1000/1317 1387/857/2867
f 1994/999/2868 1387/857/2867 1990/1000/1317
f 1836/1417/2234 1590/1019/1683 1991/850/1683
f 1944/1020/1336 1991/850/1683 1590/1019/1683
f 825/672/2830 949/963/2249 1993/1130/1538
f 2025/1131/1983 1993/1130/1538 949/963/2249
f 1387/857/1126 1994/999/1316 845/855/2869
f 1864/937/1217 845/855/1124 1994/999/1875
f 1788/1417/2041 1995/850/1337 1258/1019/1337
f 1947/1020/1338 1258/1019/1337 1995/850/1119
f 1467/891/2080 1209/890/1161 1997/1049/1379
f 2041/1309/1792 1997/1049/1379 1209/890/1161
f 2064/1021/1338 1998/1140/2870 937/1613/2576
f 1455/886/1157 1999/1051/1383 1208/884/1155
f 2038/1313/1797 1208/884/1155 1999/1051/1383
f 962/1164/2871 1188/1377/2872 2000/1378/2872
f 1941/1161/2873 2001/1378/2874 1940/1377/2873
f 969/1170/2872 2003/1372/2872 1179/1371/2871
f 1931/1167/2873 1930/1371/2873 2004/1372/2874
f 714/567/802 1023/1234/1637 2006/1233/2290
f 2035/688/1378 2006/1233/2290 1023/1234/2701
f 1899/1196/2875 2007/1195/2875 995/1192/2875
f 1951/760/1013 1351/1038/2144 2009/685/927
f 934/1040/1366 2009/685/927 1351/1038/2144
f 1024/1236/1640 2010/757/1010 1455/886/1157
f 1999/1051/1383 1455/886/2077 2010/757/1010
f 1390/862/1131 846/861/1130 2011/1004/1322
f 1863/786/1318 2011/1004/1322 846/861/1130
f 980/1182/2876 2012/1368/2876 1173/1367/2876
f 1908/1179/2797 1907/1367/2877 2013/1368/2878
f 993/1194/2826 2015/1373/2825 1901/1374/2825
f 1180/1191/2797 1181/1374/2879 2016/1373/2879
f 1928/1173/2880 1184/1376/2880 2018/1375/2880
f 1183/1176/2799 2019/1375/2799 1902/1376/2799
f 987/1188/2881 1176/1369/2882 2021/1370/2881
f 990/1185/2883 2022/1370/2883 1887/1369/2883
f 742/563/798 2024/1235/1639 1024/1236/2267
f 2010/757/1010 1024/1236/2267 2024/1235/1639
f 2039/1133/1510 2025/1131/1983 1223/1046/1373
f 949/963/1251 1223/1046/2884 2025/1131/2885
f 2069/1017/1336 939/1617/2584 2026/1141/1520
f 1889/1190/2886 986/1189/2887 2027/1186/2887
f 1904/1174/2888 975/1178/2888 2029/1175/2888
f 1186/1165/2822 966/1163/2822 2031/1166/2889
f 1178/1172/2822 2033/1171/2890 971/1168/2890
f 1023/1234/1637 1467/891/2080 2035/688/933
f 1997/1049/1379 2035/688/933 1467/891/2080
f 1910/1183/2806 984/1181/2806 2036/1184/2891
f 1208/884/1155 2038/1313/1797 873/888/1159
f 1990/1000/1317 873/888/1159 2038/1313/1797
f 1957/691/1511 2039/1133/1984 933/1044/1371
f 1223/1046/1373 933/1044/1371 2039/1133/1510
f 2009/685/927 934/1040/2892 2040/1137/2893
f 1222/1041/1367 2040/1137/1515 934/1040/1366
f 1209/890/1161 872/895/1959 2041/1309/1792
f 1958/1003/1380 2041/1309/1792 872/895/1959
f 910/1601/2894 2042/1109/2895 1756/1108/1464
f 2065/675/1206 2042/1109/2895 910/1601/2896
f 758/1380/1932 2043/1451/2897 1015/1311/2588
f 1779/1312/1795 1015/1311/2588 2043/1451/2142
f 1753/1643/2898 2057/378/2217 2044/1117/2899
f 1752/1642/2900 2045/1102/2901 2051/459/2214
f 1875/1217/2902 2046/657/1114 1479/1267/2311
f 1652/1609/2571 1151/1267/1710 2074/657/893
f 2052/1015/2903 855/1629/2582 2047/1013/2904
f 2081/1627/795 2047/1013/1904 855/1629/2582
f 2053/804/2905 2048/803/1901 858/1625/2575
f 2076/1624/1340 858/1625/2575 2048/803/1901
f 2068/1073/2906 2049/1093/2906 882/1638/2907
f 2098/781/1740 2050/1209/1596 1006/1211/2908
f 2051/459/2214 1759/527/2909 1752/1642/2661
f 855/1629/2582 2052/1015/2910 1662/1616/2613
f 858/1625/2610 1656/1614/1063 2053/804/1063
f 1454/1490/2263 1493/1268/2264 2054/783/1036
f 1706/1270/2911 2054/783/1036 1493/1268/1711
f 1884/1227/2912 2055/568/1906 2056/1359/1905
f 1146/570/2913 2070/1359/1878 1165/568/803
f 2057/378/2217 1753/1643/2914 1763/529/2915
f 786/1489/2262 2073/1319/1808 2058/866/2916
f 1444/1484/2250 2059/673/909 1489/1272/1715
f 1600/1273/2917 1489/1272/1715 2059/673/909
f 1193/813/1072 2060/1460/2160 2080/1459/2159
f 2060/1460/2160 1193/813/1072 702/1379/2238
f 1105/1321/2918 2097/1320/2919 2061/869/1139
f 2061/869/2920 1386/1469/2187 1105/1321/1810
f 2096/781/1744 1008/1211/2921 2062/1209/1602
f 1250/1618/2922 2063/674/910 701/1414/2592
f 2063/674/2923 1250/1618/2922 1667/1280/1730
f 937/1613/2576 1692/1612/2575 2064/1021/1338
f 2091/1230/1903 2064/1021/2831 1692/1612/2575
f 2065/675/911 1256/1138/1516 1593/930/1204
f 910/1601/2542 1256/1138/2924 2065/675/1206
f 2066/871/2925 1592/964/1254 1257/966/1256
f 787/867/1137 2066/871/2926 1257/966/1256
f 1194/809/1068 2078/1466/2179 2067/1465/2178
f 2067/1465/2927 758/1380/1932 1194/809/1068
f 2068/1073/1411 881/1675/1411 1738/1634/1411
f 939/1617/2584 2069/1017/1336 1695/1615/2582
f 2090/1094/1440 1695/1615/2582 2069/1017/1336
f 2070/1359/1878 1146/570/2913 2071/1610/2572
f 2073/1319/1808 786/1489/2928 1386/1469/2929
f 1386/1469/2930 2061/869/2920 2073/1319/1808
f 2074/657/893 2075/656/892 1652/1609/2931
f 1896/1389/1964 2076/1624/1340 1690/1023/1900
f 2048/803/1901 1690/1023/1340 2076/1624/1340
f 2078/1466/2179 1194/809/1068 817/1672/2763
f 758/1380/1932 2067/1465/2620 2079/1483/1932
f 2043/1451/2142 758/1380/1932 2079/1483/1932
f 2080/1459/2159 818/1654/2706 1193/813/1072
f 1916/814/1073 1693/560/795 2081/1627/795
f 2047/1013/1904 2081/1627/2612 1693/560/795
f 2083/1283/1032 1477/1210/2308 1430/1479/2306
f 702/1379/1929 2084/1480/2238 2060/1460/2160
f 2093/1454/2694 2084/1480/1929 702/1379/2238
f 1069/1281/2932 2085/1107/2933 2042/1109/2895
f 1162/1623/1340 781/1622/2934 2086/1231/2935
f 2087/1103/2936 905/1676/2937 1460/361/2276
f 2088/1118/2938 1462/119/2278 921/1677/2939
f 2089/1283/1211 1432/1479/2298 1472/1210/2940
f 2092/1096/2941 1164/1628/795 2090/1094/1440
f 1695/1615/2582 2090/1094/1440 1164/1628/795
f 2086/1231/2942 2091/1230/1629 1162/1623/1340
f 1692/1612/2575 1162/1623/1340 2091/1230/1903
f 1164/1628/795 2092/1096/2941 896/1626/2611
f 702/1379/2238 1016/1307/2605 2093/1454/2694
f 1773/1308/1791 2093/1454/2694 1016/1307/2605
f 2087/1103/1455 1403/314/1456 2094/463/1456
f 2088/1118/1484 2095/464/1483 1408/117/1483
f 2089/1283/2943 1472/1210/2940 2096/781/1212
f 2096/781/1744 1472/1210/2940 1008/1211/2921
f 948/870/2944 2061/869/1139 2097/1320/2945
f 2083/1283/1739 2098/781/1597 1477/1210/1598
f 2098/781/1740 1006/1211/2908 1477/1210/1598
usemtl window
f 2139/1678/2946 2126/1679/2947 2119/1680/2948
f 2120/1681/2949 2142/1682/2950 2125/1683/2951
f 2116/1684/2952 2141/1685/2953 2125/1683/2951
f 2126/1679/2947 2139/1678/2946 2115/1686/2954
f 2111/1687/2955 2122/1688/2956 2128/1689/2957
f 2124/1690/2958 2112/1691/2959 2129/1692/2960
f 2109/1693/2961 2127/1694/2962 2121/1695/2963
f 2123/1696/2964 2130/1697/2965 2110/1698/2966
f 2107/1699/2967 2135/1700/2968 2113/1701/2969
f 2138/1702/2970 2108/1703/2971 2118/1704/2972
f 2101/1705/2973 2113/1701/2969 2135/1700/2968
f 2114/1706/2974 2137/1707/2975 2105/1708/2976
f 2115/1686/2977 2117/1709/2978 2136/1710/2979
f 2137/1707/2975 2114/1706/2974 2116/1684/2952
f 2106/1711/2980 2136/1710/2981 2117/1709/2978
f 2118/1704/2982 2103/1712/2983 2138/1702/2984
f 2140/1713/2985 2119/1680/2948 2126/1679/2947
f 2120/1681/2949 2125/1683/2951 2141/1685/2953
f 2099/1714/2986 2121/1695/2987 2127/1694/2962
f 2100/1715/2988 2128/1689/2957 2122/1688/2989
f 2130/1697/2990 2123/1696/2964 2102/1716/2991
f 2129/1692/2992 2104/1717/2993 2124/1690/2958
f 2108/1703/2994 2125/1683/2951 2142/1682/2950
f 2126/1679/2947 2107/1699/2967 2140/1713/2985
f 2127/1694/2962 2109/1693/2995 2106/1711/2996
f 2128/1689/2957 2101/1705/2997 2111/1687/2998
f 2103/1712/2999 2129/1692/3000 2112/1691/2959
f 2105/1708/3001 2110/1698/2966 2130/1697/3002
f 2129/1692/3000 2131/1718/3003 2104/1717/2993
f 2130/1697/3002 2102/1716/2991 2132/1719/3004
f 2133/1720/3005 2099/1714/3006 2127/1694/3007
f 2134/1721/3008 2128/1689/3009 2100/1715/3010
f 2135/1700/2968 2111/1687/2998 2101/1705/2997
f 2136/1710/2979 2106/1711/3011 2109/1693/2995
f 2110/1698/2966 2105/1708/3012 2137/1707/2975
f 2112/1691/2959 2138/1702/2984 2103/1712/3013
f 2117/1709/2978 2115/1686/2954 2139/1678/2946
f 2113/1701/2969 2140/1713/3014 2107/1699/2967
f 2141/1685/2953 2116/1684/3015 2114/1706/3016
f 2142/1682/2950 2118/1704/3017 2108/1703/2994
usemtl grill.001
f 2153/1722/3018 2161/1723/3019 2155/1724/3020
f 2162/1725/3021 2154/1726/3022 2153/1722/3018
f 2161/1723/3019 2153/1722/3023 2154/1726/3024
f 2153/1722/3018 2156/1727/3025 2162/1725/3021
f 2148/1722/3026 2155/1724/3020 2157/1728/3027
f 2152/1729/3028 2145/1730/3029 2149/1731/3030
f 2148/1722/3026 2158/1732/3031 2156/1727/3032
f 2151/1733/3033 2150/1734/3034 2143/1735/3035
f 2154/1726/3022 2162/1725/3021 2159/1736/3036
f 2143/1735/3037 2146/1737/3038 2151/1733/3039
f 2154/1726/3040 2160/1738/3041 2161/1723/3019
f 2145/1730/3042 2152/1729/3043 2144/1739/3044
f 2155/1724/3045 2148/1722/3026 2153/1722/3018
f 2156/1727/3032 2153/1722/3046 2148/1722/3026
f 2160/1738/3047 2154/1726/3022 2147/1726/3048
f 2159/1736/3049 2147/1726/3048 2154/1726/3022
f 2149/1731/3050 2157/1728/3051 2155/1724/3045
f 2155/1724/3020 2152/1729/3043 2149/1731/3030
f 2150/1734/3052 2156/1727/3053 2158/1732/3031
f 2156/1727/3032 2150/1734/3034 2151/1733/3039
f 2157/1728/3051 2149/1731/3030 2145/1730/3054
f 2158/1732/3055 2143/1735/3056 2150/1734/3034
f 2146/1737/3057 2159/1736/3036 2162/1725/3021
f 2144/1739/3058 2161/1723/3059 2160/1738/3060
f 2161/1723/3059 2144/1739/3058 2152/1729/3043
f 2152/1729/3061 2155/1724/3062 2161/1723/3019
f 2162/1725/3021 2151/1733/3039 2146/1737/3063
f 2151/1733/3064 2162/1725/3021 2156/1727/3025
usemtl underbody
f 2277/1740/3065 2206/1741/3066 2307/1742/3067
f 2212/1743/3067 2205/1744/3068 2307/1742/3067
f 2193/1745/3069 2288/1746/3070 2221/1747/3071
f 2277/1740/3065 2288/1746/3072 2193/1745/3069
f 2277/1740/3065 2307/1742/3067 2205/1744/3068
f 2306/1748/3065 2277/1740/3065 2301/1749/3065
f 2170/1750/3073 2169/1751/3074 2262/1752/3075
f 2250/1753/3076 2245/1754/3077 2249/1755/3077
f 2262/1752/3075 2241/1756/3078 2170/1750/3073
f 2252/1757/3079 2251/1758/3080 2243/1759/3081
f 2240/1760/3082 2260/1761/3083 2208/1762/3084
f 2226/1763/3085 2231/1764/3086 2169/1751/3074
f 2238/1765/3087 2211/1766/3088 2261/1767/3089
f 2227/1768/3090 2170/1750/3073 2241/1756/3078
f 2248/1769/3091 2263/1770/3092 2267/1771/3093
f 2305/1772/3065 2302/1773/3065 2277/1740/3065
f 2285/1774/3072 2172/1775/3094 2255/1776/3072
f 2172/1775/3094 2236/1777/3095 2213/1778/3096
f 2297/1779/3097 2222/1747/3098 2264/1780/3099
f 2291/1781/3100 2265/1780/3101 2276/1782/3102
f 2293/1783/3070 2172/1775/3094 2288/1746/3070
f 2176/1784/3103 2232/1785/3104 2290/1786/3105
f 2260/1761/3083 2240/1760/3082 2278/1787/3106
f 2272/1788/3107 2195/1789/3108 2217/1741/3109
f 2269/1790/3110 2271/1744/3111 2196/1743/3112
f 2261/1767/3089 2279/1791/3113 2238/1765/3114
f 2201/1792/3076 2204/1793/3115 2198/1794/3116
f 2218/1795/3079 2199/1796/3117 2163/1797/3118
f 2296/1798/3070 2176/1784/3103 2304/1799/3070
f 2165/1800/3119 2246/1801/3120 2270/1790/3121
f 2206/1741/3066 2253/1802/3122 2273/1788/3123
f 2226/1763/3085 2169/1751/3074 2283/1803/3124
f 2227/1768/3090 2284/1804/3125 2170/1750/3126
f 2299/1805/3127 2266/1771/3128 2220/1806/3129
f 2267/1771/3093 2300/1805/3091 2248/1769/3091
f 2265/1780/3101 2291/1781/3100 2298/1779/3100
f 2193/1745/3130 2295/1807/3065 2277/1740/3065
f 2207/1762/3131 2195/1789/3132 2239/1760/3133
f 2307/1742/3067 2169/1751/3074 2170/1750/3073
f 2210/1766/3134 2237/1765/3135 2196/1743/3112
f 2170/1750/3073 2212/1743/3067 2307/1742/3067
f 2244/1754/3136 2233/1753/3137 2220/1806/3129
f 2166/1808/3138 2176/1784/3139 2198/1794/3116
f 2242/1759/3140 2222/1747/3141 2234/1757/3142
f 2213/1778/3096 2199/1796/3117 2172/1775/3094
f 2167/1809/3143 2172/1775/3094 2274/1810/3144
f 2183/1811/3145 2249/1755/3077 2245/1754/3077
f 2202/1812/3146 2243/1759/3080 2251/1758/3080
f 2247/1813/3147 2280/1814/3148 2176/1784/3149
f 2204/1793/3115 2166/1808/3138 2198/1794/3116
f 2205/1744/3150 2270/1790/3151 2246/1801/3120
f 2277/1740/3065 2205/1744/3068 2305/1772/3065
f 2253/1802/3122 2206/1741/3152 2287/1815/3153
f 2277/1740/3065 2306/1748/3065 2206/1741/3152
f 2179/1751/3154 2195/1789/3155 2256/1816/3156
f 2257/1816/3157 2229/1817/3158 2169/1751/3159
f 2181/1750/3160 2258/1818/3161 2196/1743/3112
f 2259/1818/3162 2170/1750/3073 2230/1819/3163
f 2163/1797/3164 2199/1796/3117 2213/1778/3165
f 2180/1820/3166 2268/1821/3167 2196/1743/3112
f 2214/1821/3168 2182/1820/3169 2225/1822/3170
f 2178/1823/3171 2195/1789/3108 2215/1824/3172
f 2216/1824/3173 2223/1825/3174 2177/1823/3175
f 2296/1798/3070 2288/1746/3070 2176/1784/3103
f 2197/1794/3176 2191/1784/3177 2220/1806/3178
f 2221/1747/3179 2288/1746/3070 2172/1775/3094
f 2235/1796/3180 2222/1747/3141 2173/1775/3181
f 2223/1825/3174 2216/1824/3182 2186/1826/3183
f 2281/1827/3184 2248/1769/3091 2300/1805/3091
f 2225/1822/3185 2165/1800/3186 2214/1821/3187
f 2229/1817/3188 2257/1816/3157 2187/1828/3189
f 2230/1819/3163 2188/1829/3190 2259/1818/3162
f 2231/1764/3191 2226/1763/3085 2275/1830/3192
f 2176/1784/3103 2166/1808/3138 2232/1785/3104
f 2233/1753/3193 2197/1794/3194 2220/1806/3195
f 2198/1794/3116 2250/1753/3076 2201/1792/3196
f 2234/1757/3142 2222/1747/3141 2235/1796/3180
f 2199/1796/3117 2218/1795/3197 2252/1757/3198
f 2172/1775/3094 2289/1831/3199 2236/1777/3095
f 2237/1765/3135 2180/1820/3166 2196/1743/3112
f 2182/1820/3169 2238/1765/3114 2279/1791/3200
f 2239/1760/3133 2195/1789/3132 2178/1823/3171
f 2177/1823/3201 2278/1787/3202 2240/1760/3082
f 2241/1756/3078 2282/1832/3203 2227/1768/3090
f 2174/1833/3204 2222/1747/3141 2242/1759/3140
f 2243/1759/3080 2202/1812/3146 2175/1833/3205
f 2190/1834/3206 2244/1754/3207 2220/1806/3178
f 2245/1754/3077 2192/1834/3145 2183/1811/3145
f 2246/1801/3120 2286/1835/3208 2205/1744/3150
f 2203/1836/3209 2247/1813/3147 2176/1784/3149
f 2249/1755/3210 2201/1792/3076 2250/1753/3196
f 2251/1758/3080 2252/1757/3079 2218/1795/3079
f 2186/1826/3211 2273/1788/3212 2253/1802/3122
f 2228/1837/3213 2193/1745/3069 2254/1838/3101
f 2184/1839/3214 2293/1783/3214 2288/1746/3214
f 2256/1816/3215 2195/1789/3132 2207/1762/3216
f 2208/1762/3084 2187/1828/3217 2257/1816/3157
f 2258/1818/3161 2210/1766/3134 2196/1743/3112
f 2211/1766/3218 2259/1818/3162 2188/1829/3190
f 2187/1828/3189 2208/1762/3084 2260/1761/3083
f 2188/1829/3190 2261/1767/3219 2211/1766/3220
f 2262/1752/3075 2169/1751/3074 2231/1764/3191
f 2263/1770/3221 2183/1811/3145 2192/1834/3145
f 2264/1780/3099 2222/1747/3141 2174/1833/3204
f 2175/1833/3205 2276/1782/3102 2265/1780/3101
f 2266/1771/3128 2190/1834/3206 2220/1806/3195
f 2192/1834/3145 2267/1771/3093 2263/1770/3092
f 2268/1821/3167 2269/1790/3222 2196/1743/3112
f 2270/1790/3151 2214/1821/3168 2165/1800/3119
f 2215/1824/3172 2195/1789/3108 2272/1788/3223
f 2273/1788/3123 2186/1826/3183 2216/1824/3173
f 2274/1810/3144 2172/1775/3094 2200/1840/3224
f 2276/1782/3102 2175/1833/3205 2202/1812/3146
f 2277/1740/3065 2171/1841/3225 2288/1746/3070
f 2171/1841/3225 2277/1740/3065 2294/1842/3065
f 2278/1787/3202 2177/1823/3201 2223/1825/3174
f 2279/1791/3200 2225/1822/3185 2182/1820/3169
f 2280/1814/3226 2168/1843/3227 2176/1784/3103
f 2224/1844/3228 2281/1827/3184 2171/1841/3225
f 2283/1803/3124 2169/1751/3074 2229/1817/3229
f 2284/1804/3125 2230/1819/3230 2170/1750/3073
f 2200/1840/3231 2172/1775/3094 2285/1774/3070
f 2286/1835/3208 2185/1845/3232 2205/1744/3068
f 2287/1815/3233 2206/1741/3152 2164/1846/3234
f 2219/1806/3179 2176/1784/3149 2288/1746/3070
f 2171/1841/3225 2219/1806/3179 2288/1746/3070
f 2289/1831/3235 2172/1775/3094 2167/1809/3236
f 2290/1786/3237 2203/1836/3238 2176/1784/3149
f 2254/1838/3101 2298/1779/3239 2291/1781/3239
f 2168/1843/3227 2292/1847/3227 2176/1784/3149
f 2293/1783/3214 2303/1848/3214 2172/1775/3094
f 2294/1842/3065 2224/1844/3228 2171/1841/3225
f 2295/1807/3065 2193/1745/3069 2228/1837/3213
f 2184/1839/3070 2288/1746/3070 2296/1798/3070
f 2194/1745/3097 2222/1747/3098 2297/1779/3097
f 2298/1779/3100 2254/1838/3101 2193/1745/3069
f 2189/1841/3240 2299/1805/3240 2220/1806/3178
f 2300/1805/3241 2171/1841/3242 2281/1827/3184
f 2301/1749/3065 2277/1740/3065 2295/1807/3065
f 2302/1773/3065 2294/1842/3065 2277/1740/3065
f 2172/1775/3094 2303/1848/3070 2255/1776/3070
f 2176/1784/3103 2292/1847/3227 2304/1799/3072
f 2185/1845/3243 2305/1772/3065 2205/1744/3068
f 2164/1846/3244 2206/1741/3152 2306/1748/3065
f 2209/1789/3245 2307/1742/3067 2206/1741/3152
f 2169/1751/3074 2307/1742/3067 2209/1789/3245
usemtl headlight
f 2329/1849/3246 2334/1850/3247 2363/1851/3248
f 2330/1852/3249 2364/1853/3250 2335/1854/3251
f 2373/1855/3252 2347/1856/3253 2368/1857/3254
f 2359/1858/3255 2367/1859/3256 2317/1860/3257
f 2357/1861/3258 2311/1862/3259 2368/1857/3254
f 2383/1863/3260 2362/1864/3261 2337/1865/3262
f 2382/1866/3263 2336/1867/3264 2361/1868/3265
f 2343/1869/3266 2367/1859/3256 2358/1870/3267
f 2375/1871/3268 2367/1859/3256 2356/1872/3269
f 2329/1849/3246 2340/1873/3270 2379/1874/3271
f 2329/1849/3246 2369/1875/3272 2380/1876/3273
f 2330/1852/3249 2381/1877/3274 2341/1878/3275
f 2330/1852/3249 2353/1879/3276 2370/1880/3277
f 2342/1881/3278 2355/1882/3279 2368/1857/3254
f 2332/1883/3280 2367/1859/3281 2315/1884/3282
f 2385/1885/3283 2333/1886/3284 2368/1857/3285
f 2329/1849/3246 2308/1887/3286 2366/1888/3287
f 2330/1852/3249 2365/1889/3288 2309/1890/3289
f 2382/1866/3263 2323/1891/3290 2336/1867/3291
f 2383/1863/3260 2337/1865/3292 2321/1892/3293
f 2383/1863/3260 2320/1893/3294 2338/1894/3295
f 2382/1866/3263 2339/1895/3296 2324/1896/3297
f 2329/1849/3246 2371/1897/3298 2374/1898/3299
f 2330/1852/3249 2376/1899/3300 2372/1900/3301
f 2377/1901/3302 2342/1881/3303 2368/1857/3285
f 2384/1902/3304 2367/1859/3281 2343/1869/3266
f 2383/1863/3260 2321/1892/3293 2344/1903/3305
f 2382/1866/3263 2345/1904/3306 2323/1891/3290
f 2360/1905/3307 2367/1859/3308 2328/1906/3309
f 2347/1856/3253 2318/1907/3310 2368/1857/3285
f 2383/1863/3260 2348/1908/3311 2320/1893/3294
f 2382/1866/3263 2324/1896/3297 2349/1909/3312
f 2329/1849/3313 2350/1910/3314 2313/1911/3315
f 2330/1852/3316 2314/1912/3317 2351/1913/3318
f 2329/1849/3246 2352/1914/3319 2308/1887/3286
f 2330/1852/3316 2378/1915/3320 2353/1879/3276
f 2354/1916/3321 2310/1917/3322 2368/1857/3254
f 2355/1882/3323 2331/1918/3324 2368/1857/3254
f 2356/1872/3269 2367/1859/3256 2332/1883/3325
f 2318/1907/3310 2357/1861/3258 2368/1857/3254
f 2358/1870/3326 2367/1859/3256 2325/1919/3321
f 2315/1884/3282 2367/1859/3281 2359/1858/3327
f 2316/1920/3324 2367/1859/3256 2360/1905/3307
f 2382/1866/3263 2361/1868/3265 2339/1895/3296
f 2383/1863/3260 2338/1894/3295 2362/1864/3261
f 2329/1849/3313 2363/1851/3248 2326/1921/3328
f 2330/1852/3249 2327/1922/3329 2364/1853/3250
f 2330/1852/3249 2335/1854/3251 2365/1889/3288
f 2329/1849/3246 2366/1888/3287 2334/1850/3247
f 2325/1919/3321 2367/1859/3281 2346/1923/3330
f 2346/1923/3331 2367/1859/3308 2316/1920/3324
f 2312/1924/3332 2354/1916/3321 2368/1857/3285
f 2331/1918/3324 2312/1924/3332 2368/1857/3254
f 2329/1849/3246 2313/1911/3333 2369/1875/3272
f 2330/1852/3249 2370/1880/3334 2314/1912/3335
f 2329/1849/3246 2326/1921/3328 2371/1897/3298
f 2330/1852/3249 2372/1900/3301 2327/1922/3329
f 2333/1886/3336 2373/1855/3252 2368/1857/3254
f 2329/1849/3246 2374/1898/3299 2340/1873/3270
f 2328/1906/3309 2367/1859/3281 2375/1871/3268
f 2330/1852/3249 2341/1878/3275 2376/1899/3300
f 2311/1862/3259 2377/1901/3302 2368/1857/3285
f 2330/1852/3249 2309/1890/3289 2378/1915/3337
f 2329/1849/3246 2379/1874/3271 2350/1910/3314
f 2329/1849/3313 2380/1876/3273 2352/1914/3319
f 2330/1852/3249 2351/1913/3318 2381/1877/3274
f 2382/1866/3338 2349/1909/3339 2322/1925/3340
f 2382/1866/3263 2322/1925/3340 2345/1904/3306
f 2383/1863/3341 2319/1926/3342 2348/1908/3343
f 2383/1863/3260 2344/1903/3305 2319/1926/3342
f 2317/1860/3257 2367/1859/3281 2384/1902/3304
f 2310/1917/3322 2385/1885/3283 2368/1857/3285
usemtl cap
f 2417/1927/3344 2423/1928/3345 2388/1929/2358
f 2404/1930/3346 2399/1931/3347 2396/1932/3348
f 2409/1933/2375 2414/1927/3349 2395/1934/3350
f 2403/1930/3351 2394/1932/3352 2427/1931/3353
f 2408/1933/3354 2398/1934/2359 2402/1927/3355
f 2410/1933/3356 2425/1935/3357 2393/1936/2365
f 2405/1930/3358 2387/1936/2355 2426/1935/3359
f 2406/1929/3360 2419/1927/3361 2389/1934/2367
f 2411/1930/3362 2412/1935/3363 2391/1936/2352
f 2415/1937/3364 2420/1935/3363 2386/1936/2352
f 2398/1934/2359 2388/1929/2358 2423/1928/3365
f 2416/1937/3366 2393/1936/3367 2425/1935/3368
f 2412/1935/3363 2411/1930/3362 2424/1937/3369
f 2397/1933/2375 2386/1936/2352 2420/1935/3370
f 2407/1934/3371 2397/1933/2375 2400/1938/3372
f 2419/1927/3373 2406/1929/3360 2422/1928/3374
f 2425/1935/3357 2390/1839/3375 2416/1937/3366
f 2418/1938/3376 2426/1935/3359 2387/1936/2355
f 2423/1928/3377 2417/1927/3344 2392/1839/3378
f 2386/1936/2352 2403/1930/3351 2415/1937/3364
f 2393/1936/2365 2416/1937/3366 2404/1930/3346
f 2394/1932/3379 2405/1930/3358 2413/1937/3380
f 2395/1934/3381 2422/1928/3382 2406/1929/3360
f 2388/1929/2358 2407/1934/3371 2417/1927/3344
f 2387/1936/2355 2408/1933/3354 2418/1938/3376
f 2391/1936/2352 2421/1938/3372 2409/1933/2375
f 2389/1934/2367 2401/1938/3383 2410/1933/3384
f 2396/1932/3385 2424/1937/3369 2411/1930/3362
f 2414/1927/3349 2409/1933/2375 2421/1938/3372
f 2424/1937/3369 2390/1839/3375 2412/1935/3363
f 2413/1937/3380 2427/1931/3353 2394/1932/3379
f 2426/1935/3386 2418/1938/3376 2392/1839/3387
f 2422/1928/3374 2390/1839/3375 2419/1927/3373
f 2421/1938/3372 2390/1839/3388 2414/1927/3349
f 2427/1931/3353 2413/1937/3380 2392/1839/3378
f 2420/1935/3370 2415/1937/3364 2392/1839/3389
f 2416/1937/3366 2390/1839/3375 2399/1931/3347
f 2399/1931/3347 2404/1930/3390 2416/1937/3391
f 2417/1927/3344 2400/1938/3372 2392/1839/3389
f 2400/1938/3372 2417/1927/3344 2407/1934/3371
f 2418/1938/3376 2402/1927/3355 2392/1839/3389
f 2402/1927/3355 2418/1938/3376 2408/1933/3354
f 2419/1927/3361 2390/1839/3375 2401/1938/3383
f 2401/1938/3383 2389/1934/2367 2419/1927/3361
f 2400/1938/3372 2420/1935/3370 2392/1839/3392
f 2420/1935/3363 2400/1938/3372 2397/1933/2375
f 2412/1935/3370 2390/1839/3388 2421/1938/3372
f 2421/1938/3372 2391/1936/2352 2412/1935/3363
f 2414/1927/3349 2390/1839/3375 2422/1928/3374
f 2422/1928/3374 2395/1934/3381 2414/1927/3349
f 2402/1927/3355 2423/1928/3365 2392/1839/3392
f 2423/1928/3345 2402/1927/3355 2398/1934/2359
f 2399/1931/3347 2390/1839/3375 2424/1937/3369
f 2424/1937/3369 2396/1932/3385 2399/1931/3347
f 2401/1938/3383 2390/1839/3393 2425/1935/3357
f 2425/1935/3368 2410/1933/3356 2401/1938/3383
f 2413/1937/3380 2426/1935/3386 2392/1839/3389
f 2426/1935/3359 2413/1937/3380 2405/1930/3358
f 2415/1937/3364 2427/1931/3353 2392/1839/3378
f 2427/1931/3353 2415/1937/3394 2403/1930/3351
usemtl emblem
f 2428/1939/3395 2429/1940/3396 2430/1941/3397
f 2428/1939/3395 2431/1942/3398 2429/1940/3396
f 2430/1941/3399 2432/1943/3400 2428/1939/3395
f 2431/1942/3401 2428/1939/3395 2433/1944/3402
usemtl stoplight
f 2453/1945/3403 2452/1946/3404 2443/1947/3405
f 2450/1948/3406 2445/1949/3406 2454/1950/3406
f 2448/1951/3407 2446/1952/3407 2454/1950/3407
f 2443/1947/3408 2452/1946/3409 2444/1953/3410
f 2442/1954/3411 2439/1955/3412 2451/1956/3412
f 2443/1947/3411 2436/1957/3411 2453/1945/3411
f 2444/1953/3413 2452/1946/3414 2435/1958/3413
f 2445/1949/3413 2450/1948/3414 2438/1959/3413
f 2437/1960/3415 2454/1950/3415 2446/1952/3415
f 2434/1961/3403 2447/1962/3416 2452/1946/3417
f 2440/1963/3416 2448/1951/3416 2454/1950/3416
f 2449/1964/3418 2452/1946/3417 2447/1962/3419
f 2454/1950/3420 2437/1960/3406 2450/1948/3406
f 2454/1950/3421 2451/1956/3421 2440/1963/3421
f 2441/1965/3417 2452/1946/3417 2449/1964/3418
f 2452/1946/3422 2453/1945/3423 2434/1961/3421
f 2445/1949/3422 2442/1954/3423 2454/1950/3424
f 2451/1956/3421 2454/1950/3421 2442/1954/3421
usemtl exaust
f 2455/1966/3425 2477/1967/3426 2470/1968/3427
f 2458/1969/3428 2469/1970/3429 2478/1971/3430
f 2461/1972/3431 2471/1973/3432 2470/1968/3427
f 2462/1974/3433 2469/1970/3429 2472/1975/3434
f 2477/1967/3435 2455/1966/3425 2463/1976/3436
f 2478/1971/3437 2464/1977/3438 2458/1969/3428
f 2465/1978/3439 2456/1979/3440 2473/1980/3441
f 2466/1981/3442 2459/1982/3443 2475/1983/3444
f 2467/1984/3445 2476/1985/3446 2457/1986/3447
f 2468/1987/3448 2474/1988/3449 2460/1989/3450
f 2459/1982/3451 2469/1970/3429 2475/1983/3452
f 2457/1986/3453 2476/1985/3454 2470/1968/3427
f 2470/1968/3427 2471/1973/3432 2455/1966/3425
f 2469/1970/3429 2458/1969/3428 2472/1975/3434
f 2463/1976/3436 2473/1980/3455 2477/1967/3435
f 2464/1977/3438 2478/1971/3437 2474/1988/3456
f 2469/1970/3429 2462/1974/3433 2475/1983/3444
f 2470/1968/3427 2476/1985/3446 2461/1972/3431
f 2473/1980/3441 2456/1979/3440 2477/1967/3426
f 2474/1988/3449 2478/1971/3430 2460/1989/3450
usemtl white
f 2631/1990/3457 2626/1991/3458 2504/1992/3458
f 2635/1993/3459 2494/1994/3460 2571/1995/3460
f 2548/1996/3461 2489/1997/3462 2547/1998/3463
f 2519/1999/3464 2593/2000/3465 2596/2001/3466
f 2556/2002/501 2596/2001/3467 2554/2003/3468
f 2634/1993/3457 2572/1995/3469 2488/1994/3469
f 2632/2004/3470 2494/1994/3460 2628/2005/3471
f 2633/2004/3472 2629/2005/3473 2488/1994/3469
f 2504/1992/3458 2546/1998/3474 2549/1996/3475
f 2505/1992/3476 2548/1996/3461 2547/1998/3477
f 2490/2006/3478 2609/2007/3479 2564/2008/3480
f 2609/2007/3481 2625/2009/3482 2564/2008/3483
f 2630/1990/3459 2505/1992/3476 2627/1991/3476
f 2618/2010/3484 2553/2011/3485 2616/2012/3486
f 2496/2013/3487 2614/2014/3488 2565/2015/3489
f 2558/2016/3490 2610/2017/3491 2562/2018/3492
f 2618/2010/3484 2551/2019/3493 2553/2011/3494
f 2549/1996/3475 2546/1998/3495 2500/1997/3496
f 2501/2020/3497 2583/2021/3498 2589/2022/3499
f 2541/2023/3500 2537/2024/3501 2615/2025/3502
f 2570/2026/3503 2552/2027/3504 2620/2028/2446
f 2507/2029/773 2601/2030/3505 2603/2031/3506
f 2539/2032/3507 2598/2033/3508 2570/2026/3503
f 2563/2034/3509 2511/2035/3510 2598/2033/3508
f 2535/2036/3511 2602/2037/3512 2607/2038/3513
f 2569/2039/3514 2538/2040/3515 2623/2041/3516
f 2561/2042/3517 2609/2007/3479 2490/2006/3518
f 2588/2043/3519 2608/2044/3520 2566/2045/3521
f 2614/2014/3488 2622/2046/3522 2565/2015/3523
f 2608/2044/3524 2569/2039/3514 2623/2041/3525
f 2562/2018/3526 2585/2047/3527 2498/2048/3528
f 2513/2049/3529 2498/2048/2446 2587/2050/3519
f 2530/2051/3530 2621/2052/3531 2617/2053/3532
f 2530/2051/3530 2617/2053/3532 2613/2054/3533
f 2595/2055/3534 2503/2056/3535 2518/2057/3536
f 2606/2058/3537 2503/2056/3535 2595/2055/3534
f 2605/2059/3538 2539/2032/3507 2559/2060/3539
f 2550/2061/3540 2536/2062/3541 2624/2063/2394
f 2520/2064/3542 2573/2065/3543 2575/2066/3544
f 2542/2067/3545 2510/2068/3546 2604/2069/3547
f 2619/2070/3548 2542/2067/3549 2604/2069/3547
f 2545/1566/2497 2542/2067/3545 2619/2070/3548
f 2592/2071/3550 2611/2072/3551 2550/2061/3552
f 2582/2073/3553 2522/2074/3554 2492/2075/781
f 2544/2076/3555 2556/2002/501 2554/2003/3556
f 2594/2077/3557 2597/2078/3558 2495/2079/3559
f 2580/2080/2412 2614/2014/3560 2496/2013/3561
f 2495/2079/3562 2597/2078/3563 2525/2081/3564
f 2603/2031/3565 2557/2082/3566 2567/2083/3567
f 2601/2030/3505 2557/2082/3566 2603/2031/3568
f 2600/2084/3569 2583/2021/3498 2501/2020/3497
f 2526/2085/3570 2577/2086/3571 2502/2087/3572
f 2574/2088/3573 2559/2060/3539 2576/2089/3544
f 2508/2090/3574 2601/2030/3575 2507/2029/773
f 2528/2091/3576 2581/2092/3577 2521/2093/3578
f 2602/2037/3512 2493/2094/3518 2607/2038/3579
f 2590/2095/3499 2530/2051/3530 2613/2054/3533
f 2584/2096/3580 2530/2051/3530 2590/2095/3581
f 2532/2097/3582 2547/1998/3583 2489/1997/3462
f 2533/2097/3584 2500/1997/3585 2546/1998/3495
f 2558/2016/3490 2562/2018/3526 2622/2046/3522
f 2569/2039/3514 2599/2098/3586 2538/2040/3587
f 2608/2044/3524 2623/2041/3516 2566/2045/3521
f 2609/2007/3479 2568/2099/3588 2625/2009/3482
f 2611/2072/3589 2536/2062/3541 2550/2061/3540
f 2522/2074/3554 2545/1566/2497 2619/2070/3590
f 2567/2083/3591 2600/2084/3569 2501/2020/3592
f 2621/2052/3531 2606/2058/3593 2595/2055/3534
f 2602/2037/3512 2560/2100/3594 2493/2094/3478
f 2599/2098/3595 2514/2101/3596 2538/2040/3597
f 2539/2032/3598 2563/2034/3599 2598/2033/3508
f 2536/2062/3541 2520/2064/3600 2624/2063/3601
f 2497/2102/3528 2608/2044/3524 2588/2043/3602
f 2586/2103/3603 2540/2104/3604 2497/2102/2446
f 2509/2105/3605 2541/2023/3606 2615/2025/3607
f 2578/2106/3608 2541/2023/3606 2509/2105/3605
f 2542/2067/3545 2591/2107/3609 2510/2068/3546
f 2528/2091/3576 2521/2093/779 2612/2108/3610
f 2529/2109/3611 2543/2110/3555 2531/2111/3612
f 2486/2112/3536 2544/2076/3555 2524/2113/3613
f 2625/2009/3482 2528/2091/3614 2612/2108/3610
f 2568/2099/3588 2528/2091/3576 2625/2009/3615
f 2626/1991/3458 2546/1998/3495 2504/1992/3458
f 2546/1998/3495 2487/2114/3616 2533/2097/3617
f 2627/1991/3476 2505/1992/3476 2547/1998/3477
f 2547/1998/3477 2532/2097/3618 2483/2114/3619
f 2489/1997/3462 2548/1996/3461 2482/2115/3620
f 2500/1997/3585 2480/2115/3621 2549/1996/3475
f 2574/2088/3573 2605/2059/3538 2559/2060/3539
f 2592/2071/3550 2550/2061/3540 2523/2116/3546
f 2551/2019/3622 2579/2117/3623 2553/2011/3494
f 2596/2001/3466 2593/2000/3465 2499/2118/3559
f 2552/2027/3504 2577/2086/3608 2526/2085/3570
f 2598/2033/3508 2511/2035/3510 2506/2119/2425
f 2610/2017/3491 2585/2047/3527 2562/2018/3492
f 2553/2011/3485 2579/2117/2412 2485/2120/3487
f 2597/2078/3624 2618/2010/3625 2616/2012/3486
f 2544/2076/3555 2554/2003/3468 2524/2113/3613
f 2621/2052/3531 2595/2055/3534 2617/2053/3626
f 2556/2002/501 2519/1999/3464 2596/2001/3467
f 2557/2082/3627 2600/2084/3569 2567/2083/3591
f 2620/2028/2446 2552/2027/3504 2526/2085/3570
f 2614/2014/3488 2558/2016/3628 2622/2046/3629
f 2597/2078/3563 2616/2012/2506 2525/2081/3630
f 2527/2121/3631 2570/2026/3632 2620/2028/3633
f 2576/2089/3544 2559/2060/3539 2527/2121/3631
f 2538/2040/3597 2514/2101/3634 2560/2100/3594
f 2491/2122/3635 2512/2123/3636 2561/2042/3594
f 2562/2018/3492 2498/2048/3528 2513/2049/3529
f 2622/2046/3522 2562/2018/3492 2513/2049/3637
f 2520/2064/3638 2575/2066/3639 2563/2034/3599
f 2624/2063/3601 2520/2064/3600 2563/2034/3599
f 2564/2008/3640 2545/1566/2497 2522/2074/3554
f 2582/2073/3577 2564/2008/3640 2522/2074/3554
f 2565/2015/3523 2534/2124/3641 2540/2104/3642
f 2586/2103/3527 2565/2015/3489 2540/2104/3604
f 2566/2045/3643 2535/2036/3644 2512/2123/3636
f 2491/2122/3596 2566/2045/3521 2512/2123/3636
f 2567/2083/3591 2501/2020/3497 2537/2024/3645
f 2541/2023/3606 2567/2083/3591 2537/2024/3646
f 2535/2036/3647 2607/2038/3648 2568/2099/3588
f 2512/2123/3636 2535/2036/3647 2568/2099/3588
f 2534/2124/3649 2599/2098/3586 2569/2039/3514
f 2540/2104/3650 2534/2124/3649 2569/2039/3651
f 2559/2060/3539 2539/2032/3507 2570/2026/3503
f 2559/2060/3539 2570/2026/3632 2527/2121/3652
f 2494/1994/3460 2632/2004/3470 2571/1995/3460
f 2488/1994/3469 2572/1995/3469 2633/2004/3472
f 2604/2069/3547 2510/2068/3653 2573/2065/213
f 2523/2116/3653 2605/2059/3538 2574/2088/3573
f 2563/2034/3599 2575/2066/3639 2511/2035/3654
f 2576/2089/3655 2527/2121/3652 2508/2090/3654
f 2552/2027/3504 2506/2119/773 2577/2086/3571
f 2507/2029/773 2603/2031/3656 2578/2106/3571
f 2551/2019/3657 2499/2118/3559 2579/2117/2412
f 2495/2079/3658 2525/2081/3564 2580/2080/2412
f 2607/2038/3579 2493/2094/3478 2581/2092/3659
f 2490/2006/3518 2564/2008/3483 2582/2073/3577
f 2600/2084/3569 2502/2087/3660 2583/2021/3580
f 2509/2105/3660 2615/2025/3607 2584/2096/3580
f 2610/2017/3661 2485/2120/3662 2585/2047/3527
f 2496/2013/3662 2565/2015/3523 2586/2103/3527
f 2599/2098/3586 2587/2050/3519 2514/2101/3635
f 2588/2043/3519 2566/2045/3663 2491/2122/3635
f 2606/2058/3593 2589/2022/3581 2503/2056/3664
f 2590/2095/3499 2613/2054/3665 2529/2109/3611
f 2612/2108/3610 2521/2093/3578 2591/2107/3550
f 2492/2075/781 2611/2072/3551 2592/2071/3550
f 2519/1999/3464 2484/2125/3536 2593/2000/3557
f 2486/2112/3612 2524/2113/3666 2594/2077/3465
f 2595/2055/3534 2518/2057/3536 2517/2126/3464
f 2617/2053/3626 2595/2055/3534 2517/2126/3464
f 2596/2001/3466 2499/2118/3559 2551/2019/3657
f 2554/2003/3667 2596/2001/3668 2551/2019/3622
f 2524/2113/3613 2618/2010/3484 2597/2078/3563
f 2594/2077/3557 2524/2113/3666 2597/2078/3563
f 2598/2033/3669 2506/2119/773 2552/2027/3504
f 2570/2026/3632 2598/2033/3508 2552/2027/3504
f 2513/2049/3529 2587/2050/3519 2599/2098/3586
f 2534/2124/3641 2513/2049/3637 2599/2098/3586
f 2526/2085/3670 2502/2087/3660 2600/2084/3569
f 2557/2082/3566 2526/2085/3670 2600/2084/3569
f 2527/2121/3652 2620/2028/3633 2601/2030/3575
f 2508/2090/3510 2527/2121/3652 2601/2030/3671
f 2538/2040/3597 2560/2100/3594 2602/2037/3512
f 2623/2041/3525 2538/2040/3515 2602/2037/3512
f 2603/2031/3506 2567/2083/3591 2541/2023/3606
f 2578/2106/3608 2603/2031/3672 2541/2023/3606
f 2604/2069/3547 2573/2065/3543 2520/2064/3542
f 2536/2062/3541 2604/2069/3547 2520/2064/3542
f 2550/2061/3552 2624/2063/2394 2605/2059/3538
f 2523/2116/3546 2550/2061/3540 2605/2059/3538
f 2501/2020/3592 2589/2022/3499 2606/2058/3537
f 2537/2024/3645 2501/2020/3673 2606/2058/3537
f 2607/2038/3579 2581/2092/3577 2528/2091/3674
f 2568/2099/3675 2607/2038/3579 2528/2091/3576
f 2540/2104/3676 2569/2039/3651 2608/2044/3524
f 2497/2102/2446 2540/2104/3642 2608/2044/3524
f 2512/2123/3636 2568/2099/3588 2609/2007/3479
f 2561/2042/3677 2512/2123/3636 2609/2007/3479
f 2553/2011/3485 2485/2120/3487 2610/2017/3661
f 2616/2012/2506 2553/2011/3678 2610/2017/3661
f 2522/2074/3679 2619/2070/3590 2611/2072/3589
f 2492/2075/781 2522/2074/3554 2611/2072/3589
f 2612/2108/3680 2591/2107/3550 2542/2067/3549
f 2545/1566/2497 2612/2108/3610 2542/2067/3545
f 2613/2054/3533 2555/2127/501 2543/2110/3555
f 2529/2109/3611 2613/2054/3533 2543/2110/3555
f 2525/2081/3564 2558/2016/3490 2614/2014/3681
f 2580/2080/2412 2525/2081/3630 2614/2014/3488
f 2615/2025/3502 2621/2052/3531 2530/2051/3682
f 2584/2096/3683 2615/2025/3502 2530/2051/3530
f 2616/2012/2506 2610/2017/3661 2558/2016/3684
f 2525/2081/3564 2616/2012/2506 2558/2016/3490
f 2617/2053/3532 2517/2126/3464 2555/2127/501
f 2613/2054/3665 2617/2053/3532 2555/2127/501
f 2554/2003/3468 2551/2019/3622 2618/2010/3685
f 2524/2113/3666 2554/2003/3468 2618/2010/3685
f 2619/2070/3590 2604/2069/3547 2536/2062/3541
f 2611/2072/3589 2619/2070/3590 2536/2062/3541
f 2620/2028/3633 2526/2085/3570 2557/2082/3566
f 2601/2030/3686 2620/2028/3687 2557/2082/3566
f 2537/2024/3645 2606/2058/3593 2621/2052/3531
f 2615/2025/3607 2537/2024/3645 2621/2052/3531
f 2622/2046/3522 2513/2049/3529 2534/2124/3688
f 2565/2015/3523 2622/2046/3522 2534/2124/3689
f 2623/2041/3516 2602/2037/3512 2535/2036/3647
f 2566/2045/3643 2623/2041/3525 2535/2036/3647
f 2624/2063/2394 2563/2034/3690 2539/2032/3507
f 2605/2059/3538 2624/2063/3691 2539/2032/3507
f 2625/2009/3482 2612/2108/3610 2545/1566/2497
f 2564/2008/3480 2625/2009/3482 2545/1566/2497
f 2546/1998/3474 2626/1991/3458 2487/2114/3692
f 2547/1998/3693 2483/2114/3619 2627/1991/3476
f 2628/2005/3471 2481/2128/3694 2515/2129/3694
f 2629/2005/3473 2516/2129/3695 2479/2128/3695
f 2494/1994/3460 2635/1993/3696 2630/1990/3696
f 2488/1994/3469 2631/1990/3697 2634/1993/3697
f 2628/2005/3471 2515/2129/3698 2632/2004/3470
f 2629/2005/3473 2633/2004/3472 2516/2129/3699
f 2504/1992/3458 2634/1993/3457 2631/1990/3457
f 2505/1992/3476 2630/1990/3459 2635/1993/3459
usemtl seat
f 2636/2130/3700 2664/2131/3701 2746/2132/3702
f 2707/2133/3703 2762/2134/3704 2690/2135/3705
f 2639/2136/3706 2761/2137/3707 2716/2138/3708
f 2723/2139/3709 2711/2140/3710 2749/2141/3711
f 2710/2142/3712 2741/2143/3713 2724/2144/3714
f 2762/2134/3704 2707/2133/3715 2736/2145/3716
f 2716/2138/3708 2640/2146/3717 2759/2147/3718
f 2753/2148/3719 2732/2149/3720 2659/2150/3721
f 2744/2151/3722 2722/2152/3723 2666/2153/3724
f 2724/2144/3725 2750/2154/3726 2710/2142/3712
f 2746/2132/3702 2758/2155/3727 2636/2130/3728
f 2711/2140/3710 2723/2139/3709 2714/2156/3729
f 2754/2157/3730 2637/2158/3731 2757/2159/3732
f 2658/2160/3733 2753/2148/3719 2735/2161/3734
f 2666/2153/3724 2709/2162/3735 2744/2151/3722
f 2698/2163/3736 2717/2164/3737 2657/2165/3738
f 2699/2166/3739 2662/2167/3740 2718/2168/3741
f 2705/2169/3742 2651/2170/3743 2674/2171/3744
f 2663/2172/3745 2730/2173/3746 2686/2174/3747
f 2704/2175/3748 2672/2176/3749 2676/2177/3750
f 2658/2160/3751 2755/2178/3752 2646/2179/3753
f 2659/2150/3721 2647/2180/3754 2756/2181/3755
f 2686/2174/3747 2712/2182/3756 2663/2172/3757
f 2700/2183/3758 2655/2184/3759 2729/2185/3760
f 2655/2184/3761 2737/2186/3762 2654/2187/3763
f 2655/2184/3761 2700/2183/3758 2731/2188/3764
f 2663/2172/3765 2653/2189/3766 2738/2190/3767
f 2637/2158/3768 2754/2157/3730 2664/2131/3701
f 2696/2191/3769 2670/2192/3770 2640/2146/3717
f 2697/2193/3771 2646/2179/3753 2755/2178/3772
f 2639/2136/3706 2669/2194/3773 2667/2195/3774
f 2668/2196/3775 2756/2181/3776 2647/2180/3754
f 2685/2197/3777 2644/2198/3778 2719/2199/3779
f 2669/2194/3773 2748/2200/3780 2713/2201/3781
f 2644/2198/3778 2685/2197/3777 2742/2202/3782
f 2670/2192/3783 2720/2203/3784 2747/2204/3785
f 2725/2205/3786 2636/2130/3787 2679/2206/3788
f 2693/2207/3789 2738/2190/3767 2653/2189/3790
f 2726/2208/3791 2680/2209/3792 2637/2158/3793
f 2695/2210/3794 2654/2187/3795 2737/2186/3762
f 2715/2211/3796 2702/2212/3797 2648/2213/3798
f 2706/2214/3799 2649/2215/3797 2745/2216/3800
f 2734/2217/3801 2698/2163/3802 2684/2218/3803
f 2728/2219/3804 2724/2144/3725 2675/2220/3805
f 2713/2201/3781 2667/2195/3774 2669/2194/3773
f 2665/2221/3806 2721/2222/3807 2678/2223/3808
f 2648/2213/3798 2739/2224/3809 2715/2211/3810
f 2679/2206/3788 2751/2225/3811 2725/2205/3812
f 2649/2215/3797 2706/2214/3799 2740/2226/3813
f 2680/2209/3792 2726/2208/3814 2752/2227/3815
f 2733/2217/3816 2681/2218/3817 2699/2166/3739
f 2727/2219/3818 2703/2220/3819 2723/2139/3709
f 2716/2138/3708 2760/2228/3820 2639/2136/3706
f 2638/2229/3821 2743/2230/3822 2685/2197/3777
f 2698/2163/3802 2734/2217/3801 2717/2164/3737
f 2686/2174/3823 2661/2231/3824 2712/2182/3756
f 2687/2232/3825 2701/2233/3826 2659/2150/3721
f 2744/2151/3827 2756/2181/3755 2722/2152/3723
f 2704/2175/3748 2738/2190/3767 2672/2176/3828
f 2688/2234/3829 2730/2173/3830 2663/2172/3831
f 2705/2169/3742 2674/2171/3744 2737/2186/3762
f 2689/2235/3832 2655/2184/3833 2731/2188/3834
f 2708/2236/3835 2690/2135/3705 2762/2134/3704
f 2685/2197/3777 2719/2199/3779 2638/2229/3821
f 2709/2162/3735 2666/2153/3724 2755/2178/3752
f 2691/2237/3836 2658/2160/3751 2735/2161/3837
f 2750/2154/3726 2725/2205/3812 2710/2142/3838
f 2693/2207/3789 2672/2176/3839 2738/2190/3767
f 2749/2141/3711 2711/2140/3840 2726/2208/3814
f 2695/2210/3794 2737/2186/3762 2674/2171/3744
f 2736/2145/3841 2707/2133/3715 2720/2203/3842
f 2697/2193/3771 2755/2178/3752 2666/2153/3724
f 2676/2177/3843 2684/2218/3803 2698/2163/3736
f 2676/2177/3843 2698/2163/3736 2704/2175/3748
f 2651/2170/3839 2699/2166/3739 2681/2218/3844
f 2651/2170/3828 2705/2169/3742 2699/2166/3739
f 2699/2166/3845 2718/2168/3846 2733/2217/3816
f 2700/2183/3758 2729/2185/3847 2660/2231/3848
f 2645/2238/3849 2650/2239/3850 2753/2148/3719
f 2701/2233/3851 2687/2232/3825 2645/2238/3852
f 2741/2143/3853 2675/2220/3805 2724/2144/3854
f 2702/2212/3855 2715/2211/3810 2675/2220/3856
f 2657/2165/3857 2688/2234/3829 2704/2175/3748
f 2657/2165/3738 2704/2175/3748 2698/2163/3858
f 2662/2167/3859 2705/2169/3742 2689/2235/3832
f 2662/2167/3859 2699/2166/3739 2705/2169/3742
f 2754/2157/3730 2757/2159/3732 2706/2214/3799
f 2706/2214/3799 2703/2220/3860 2642/2240/3861
f 2747/2204/3785 2720/2203/3842 2707/2133/3703
f 2707/2133/3703 2690/2135/3705 2644/2198/3862
f 2748/2200/3780 2708/2236/3835 2713/2201/3863
f 2708/2236/3864 2638/2229/3821 2690/2135/3705
f 2709/2162/3735 2650/2239/3865 2645/2238/3852
f 2650/2239/3865 2709/2162/3735 2691/2237/3836
f 2751/2225/3811 2710/2142/3712 2725/2205/3812
f 2710/2142/3838 2648/2213/3798 2741/2143/3866
f 2752/2227/3815 2726/2208/3814 2711/2140/3840
f 2711/2140/3710 2714/2156/3729 2649/2215/3797
f 2652/2241/3867 2712/2182/3756 2661/2231/3868
f 2678/2223/3808 2713/2201/3863 2708/2236/3869
f 2713/2201/3870 2678/2223/3808 2667/2195/3774
f 2745/2216/3871 2649/2215/3797 2714/2156/3729
f 2714/2156/3729 2723/2139/3709 2703/2220/3860
f 2746/2132/3702 2715/2211/3810 2758/2155/3727
f 2715/2211/3810 2643/2240/3872 2675/2220/3805
f 2716/2138/3708 2759/2147/3718 2685/2197/3777
f 2716/2138/3708 2685/2197/3873 2760/2228/3874
f 2717/2164/3737 2661/2231/3868 2686/2174/3823
f 2717/2164/3737 2686/2174/3747 2657/2165/3875
f 2718/2168/3876 2700/2183/3877 2660/2231/3878
f 2718/2168/3879 2662/2167/3859 2700/2183/3758
f 2719/2199/3779 2644/2198/3778 2690/2135/3705
f 2719/2199/3779 2690/2135/3705 2638/2229/3880
f 2720/2203/3881 2696/2191/3769 2736/2145/3841
f 2670/2192/3783 2696/2191/3769 2720/2203/3784
f 2721/2222/3807 2667/2195/3774 2678/2223/3882
f 2668/2196/3775 2722/2152/3723 2756/2181/3755
f 2723/2139/3709 2641/2242/3883 2727/2219/3884
f 2749/2141/3885 2641/2242/3883 2723/2139/3709
f 2724/2144/3854 2728/2219/3804 2677/2243/3886
f 2750/2154/3887 2724/2144/3725 2677/2243/3888
f 2725/2205/3786 2750/2154/3887 2692/2244/3889
f 2636/2130/3890 2725/2205/3786 2692/2244/3889
f 2726/2208/3791 2694/2245/3891 2749/2141/3711
f 2637/2158/3892 2694/2245/3891 2726/2208/3791
f 2682/2246/3893 2727/2219/3818 2641/2242/3883
f 2683/2246/3894 2677/2243/3895 2728/2219/3804
f 2656/2241/3896 2660/2231/3878 2729/2185/3897
f 2730/2173/3830 2688/2234/3898 2657/2165/3857
f 2730/2173/3899 2657/2165/3738 2686/2174/3747
f 2731/2188/3764 2662/2167/3900 2689/2235/3901
f 2731/2188/3764 2700/2183/3758 2662/2167/3859
f 2753/2148/3719 2658/2160/3751 2732/2149/3720
f 2660/2231/3902 2733/2217/3816 2718/2168/3876
f 2661/2231/3868 2717/2164/3737 2734/2217/3903
f 2735/2161/3734 2650/2239/3865 2691/2237/3836
f 2735/2161/3904 2753/2148/3719 2650/2239/3865
f 2736/2145/3841 2665/2221/3905 2762/2134/3704
f 2665/2221/3905 2736/2145/3841 2696/2191/3769
f 2737/2186/3762 2689/2235/3832 2705/2169/3742
f 2737/2186/3762 2655/2184/3906 2689/2235/3832
f 2738/2190/3767 2704/2175/3748 2688/2234/3829
f 2738/2190/3767 2688/2234/3829 2663/2172/3757
f 2739/2224/3809 2758/2155/3727 2715/2211/3796
f 2679/2206/3788 2739/2224/3907 2751/2225/3908
f 2740/2226/3813 2706/2214/3799 2757/2159/3732
f 2680/2209/3792 2752/2227/3909 2740/2226/3910
f 2675/2220/3856 2741/2143/3853 2702/2212/3855
f 2702/2212/3855 2741/2143/3713 2648/2213/3798
f 2742/2202/3911 2685/2197/3777 2759/2147/3718
f 2670/2192/3912 2747/2204/3785 2742/2202/3913
f 2743/2230/3822 2760/2228/3820 2685/2197/3777
f 2669/2194/3773 2743/2230/3914 2748/2200/3780
f 2645/2238/3852 2687/2232/3825 2744/2151/3722
f 2645/2238/3852 2744/2151/3722 2709/2162/3735
f 2745/2216/3871 2703/2220/3915 2706/2214/3799
f 2703/2220/3860 2745/2216/3871 2714/2156/3729
f 2746/2132/3702 2643/2240/3916 2715/2211/3917
f 2643/2240/3916 2746/2132/3702 2664/2131/3701
f 2707/2133/3715 2644/2198/3778 2747/2204/3918
f 2644/2198/3919 2742/2202/3913 2747/2204/3785
f 2708/2236/3864 2748/2200/3920 2638/2229/3880
f 2638/2229/3821 2748/2200/3780 2743/2230/3914
f 2673/2247/3921 2749/2141/3711 2694/2245/3922
f 2641/2242/3923 2749/2141/3711 2673/2247/3924
f 2671/2248/3925 2692/2244/3926 2750/2154/3726
f 2677/2243/3888 2671/2248/3927 2750/2154/3726
f 2710/2142/3838 2751/2225/3811 2648/2213/3798
f 2648/2213/3798 2751/2225/3811 2739/2224/3809
f 2711/2140/3710 2649/2215/3855 2752/2227/3815
f 2649/2215/3797 2740/2226/3813 2752/2227/3815
f 2701/2233/3928 2645/2238/3852 2753/2148/3719
f 2659/2150/3929 2701/2233/3851 2753/2148/3719
f 2754/2157/3730 2706/2214/3799 2642/2240/3930
f 2642/2240/3930 2664/2131/3931 2754/2157/3730
f 2755/2178/3752 2691/2237/3836 2709/2162/3932
f 2755/2178/3752 2658/2160/3733 2691/2237/3836
f 2756/2181/3755 2744/2151/3827 2687/2232/3933
f 2756/2181/3755 2687/2232/3825 2659/2150/3929
f 2740/2226/3813 2757/2159/3732 2680/2209/3792
f 2757/2159/3732 2637/2158/3731 2680/2209/3792
f 2739/2224/3809 2679/2206/3788 2758/2155/3727
f 2758/2155/3727 2679/2206/3788 2636/2130/3728
f 2742/2202/3911 2759/2147/3718 2670/2192/3912
f 2759/2147/3718 2640/2146/3717 2670/2192/3934
f 2743/2230/3935 2669/2194/3773 2760/2228/3874
f 2760/2228/3820 2669/2194/3773 2639/2136/3706
f 2640/2146/3717 2716/2138/3708 2761/2137/3707
f 2762/2134/3704 2678/2223/3808 2708/2236/3869
f 2678/2223/3882 2762/2134/3704 2665/2221/3905
usemtl door
f 2866/2249/3936 3002/2250/3937 2885/2251/3938
f 2988/2252/3939 2872/2253/3940 2825/2254/3941
f 2781/2255/3942 2817/2256/3943 2867/2257/3944
f 3002/2250/3937 2866/2249/3936 2772/2258/3945
f 2891/2259/3946 3014/2260/3947 2772/2258/3948
f 2867/2257/3944 2886/2251/3949 3001/2250/3950
f 2890/2259/3951 2774/2258/3952 3013/2260/3953
f 2967/2261/3954 2880/2262/3955 2776/2263/3956
f 2822/2264/3957 3020/2265/3958 2851/2266/3959
f 2847/2267/3960 2852/2268/3961 2884/2269/3962
f 2890/2259/3963 2777/2270/3964 2774/2258/3965
f 2819/2256/3966 2778/2271/3967 2763/2255/3968
f 3004/2272/3969 2968/2273/3970 2850/2274/3971
f 2891/2259/3946 2772/2258/3945 2780/2270/3972
f 2852/2268/3973 2847/2267/3960 2932/2275/3974
f 2817/2256/3975 2781/2255/3942 2769/2271/3976
f 2802/2276/3977 2859/2277/3978 2897/2278/3979
f 2822/2264/3980 2927/2279/3981 2887/2280/3982
f 2825/2254/3941 2872/2253/3940 2857/2281/3983
f 2912/2282/3984 2828/2267/3985 2933/2275/3986
f 2913/2282/3987 2932/2275/3974 2847/2267/3988
f 2917/2283/3989 2916/2284/3990 2926/2285/3991
f 2776/2263/3956 2783/2286/3992 2967/2261/3954
f 2889/2287/3993 2805/2288/3994 2783/2286/3995
f 2918/2283/3996 2925/2285/3997 2915/2284/3998
f 2828/2267/3985 2912/2282/3999 2856/2289/4000
f 2790/2290/4001 2956/2291/4002 2792/2292/4003
f 2947/2293/4004 2973/2294/4005 2821/2295/4006
f 2793/2296/4007 2794/2297/4008 2951/2298/4009
f 2948/2299/4010 2833/2300/4011 2977/2301/4012
f 2824/2302/4013 2989/2303/4014 2964/2304/4015
f 2862/2305/4016 2929/2306/4017 2946/2307/4018
f 2823/2302/4019 2965/2304/4020 2990/2303/4021
f 2863/2305/4022 2945/2307/4023 2928/2306/4024
f 2829/2308/4025 2898/2309/4026 2861/2310/4027
f 2951/2298/4009 2954/2311/4028 2793/2296/4007
f 2833/2300/4029 2948/2299/4030 2799/2312/4031
f 2847/2267/3960 2855/2289/4032 2913/2282/3987
f 2834/2313/4033 2784/2314/4034 2906/2315/4035
f 2899/2316/4036 2883/2317/4037 2837/2318/4038
f 2956/2291/4039 2790/2290/4001 2955/2319/4040
f 2821/2295/4041 2803/2320/4042 2947/2293/4043
f 2832/2321/4044 2818/2322/3975 2804/2323/4045
f 2883/2317/4046 2899/2316/4047 2806/2324/4048
f 2852/2268/3973 2933/2275/4049 2828/2267/3985
f 2808/2325/4050 2848/2326/4051 2773/2327/4052
f 2809/2325/4053 2775/2327/4054 2849/2326/4055
f 2888/2328/4056 2850/2274/4057 2779/2329/4058
f 2810/2330/4059 2798/2331/4060 2820/2332/4061
f 2839/2333/4062 2892/2334/4063 2881/2335/4064
f 2838/2333/4065 2882/2335/4066 2893/2334/4067
f 2840/2336/4068 2993/2337/4069 2944/2338/4070
f 2840/2336/4071 3009/2339/4072 2966/2340/4073
f 2886/2251/3949 2928/2306/4024 2945/2307/4023
f 2859/2277/3978 2818/2322/3975 2832/2321/4074
f 2885/2251/3938 2946/2307/4018 2929/2306/4017
f 2861/2310/4027 2810/2330/4075 2820/2332/4076
f 2803/2320/4042 2821/2295/4041 2952/2341/4077
f 2955/2319/4078 2878/2342/4079 2956/2291/4002
f 2921/2343/4080 2906/2315/4081 2801/2344/4082
f 2887/2280/4083 2914/2345/4084 2822/2264/3957
f 2990/2303/4021 2915/2284/4085 2823/2302/4086
f 2823/2302/4087 2789/2346/4088 2831/2347/4089
f 2989/2303/4014 2824/2302/4090 2916/2284/3990
f 2824/2302/4091 2830/2347/4092 2786/2346/4093
f 2988/2252/3939 3025/2348/4094 2784/2314/4034
f 2864/2349/4095 2835/2350/4096 2774/2258/3952
f 2797/2351/4097 2826/2352/4098 2788/2353/4099
f 2865/2349/4100 2772/2258/3945 2836/2350/4101
f 2796/2351/4102 2787/2353/4103 2827/2352/4104
f 2800/2354/4105 2884/2269/3962 2909/2355/4106
f 2856/2289/4000 2785/2354/4107 2828/2267/3985
f 2898/2309/4026 2829/2308/4025 2768/2356/3983
f 2807/2357/4108 2932/2275/3974 2941/2358/4109
f 2891/2259/3946 2780/2270/4110 2830/2347/4111
f 2807/2357/4108 2942/2358/4112 2933/2275/4049
f 2890/2259/4113 2831/2347/4114 2777/2270/4115
f 2837/2318/4038 2897/2278/3979 2899/2316/4036
f 2783/2286/3995 2832/2321/4044 2889/2287/3993
f 2954/2311/4116 2951/2298/4009 2795/2359/4117
f 2799/2312/4031 2953/2360/4118 2833/2300/4119
f 3004/2272/3969 2850/2274/4120 2988/2252/3939
f 2834/2313/4033 2906/2315/4121 2921/2343/4122
f 2890/2259/4123 3013/2260/3953 2965/2304/4124
f 2826/2352/4098 2797/2351/4097 2835/2350/4125
f 2891/2259/3946 2964/2304/4126 3014/2260/3947
f 2827/2352/4104 2836/2350/4101 2796/2351/4102
f 2897/2278/3979 2837/2318/4038 2802/2276/3977
f 2915/2284/3998 2990/2303/4127 2918/2283/3996
f 2893/2334/4067 2812/2361/4128 2838/2333/4065
f 2916/2284/3990 2917/2283/3989 2989/2303/4129
f 2892/2334/4063 2839/2333/4062 2811/2361/4130
f 2840/2336/4068 2910/2362/4131 2995/2363/4132
f 2840/2336/4071 2922/2364/4133 3023/2365/4134
f 2924/2366/773 2930/2367/773 3015/2368/773
f 2931/2367/4135 2950/2369/4135 3005/2370/4136
f 2855/2289/4032 2847/2267/3960 2800/2354/4137
f 2884/2269/3962 2800/2354/4137 2847/2267/3960
f 2848/2326/4051 2786/2346/4138 2830/2347/4111
f 2848/2326/4051 2808/2325/4050 2786/2346/4138
f 2849/2326/4055 2831/2347/4114 2789/2346/4088
f 2849/2326/4139 2789/2346/4088 2809/2325/4053
f 2768/2356/3983 2872/2253/3940 2898/2309/4026
f 2850/2274/4140 2888/2328/4056 2810/2330/4059
f 2927/2279/3981 2822/2264/3957 2851/2266/3959
f 2932/2275/3974 2807/2357/4108 2852/2268/3961
f 2933/2275/4141 2852/2268/3973 2807/2357/4108
f 2881/2335/4064 2853/2371/4142 2839/2333/4143
f 2796/2351/4144 2920/2372/4145 2853/2371/4142
f 2882/2335/4146 2838/2333/4147 2854/2371/4148
f 2797/2351/4149 2854/2371/4148 2919/2372/4150
f 2773/2327/4052 2913/2282/3987 2855/2289/4151
f 2775/2327/4152 2856/2289/4000 2912/2282/4153
f 2872/2253/3940 2768/2356/3983 2857/2281/3983
f 2928/2306/4024 2939/2373/4154 2863/2305/4022
f 2859/2277/3978 2802/2276/4155 2782/2374/4156
f 2929/2306/4017 2862/2305/4016 2940/2373/4157
f 2861/2310/4027 2767/2375/4158 2829/2308/4025
f 2946/2307/4018 2764/2353/4159 2862/2305/4016
f 2945/2307/4023 2863/2305/4022 2771/2353/4160
f 2945/2307/4023 3001/2250/3950 2886/2251/3949
f 2826/2352/4161 2835/2350/4125 2864/2349/4095
f 2946/2307/4018 2885/2251/3938 3002/2250/3937
f 2827/2352/4162 2865/2349/4163 2836/2350/4101
f 2763/2255/3968 2866/2249/3936 2819/2256/3966
f 3001/2250/3950 2774/2258/4164 2867/2257/3944
f 2868/2376/4165 2949/2369/4165 2895/2377/4165
f 3015/2368/773 2934/2378/773 2924/2366/773
f 2976/2379/4166 2947/2293/4167 2999/2380/4168
f 2875/2381/4169 2870/2382/4170 2790/2290/4001
f 2975/2383/4171 3000/2384/4172 2948/2299/4173
f 2876/2385/4174 2793/2296/4007 2871/2386/4175
f 2850/2274/4120 2872/2253/3940 2988/2252/3939
f 2850/2274/4120 2898/2309/4026 2872/2253/3940
f 2954/2311/4116 2795/2359/4176 2873/2387/4177
f 2799/2312/4178 2972/2388/4179 2953/2360/4118
f 2955/2319/4078 2874/2389/4180 2878/2342/4079
f 2803/2320/4181 2952/2341/4182 2974/2390/4183
f 2973/2294/4005 2947/2293/4184 2976/2379/4185
f 2792/2292/4186 2875/2381/4169 2790/2290/4187
f 2977/2301/4188 2975/2383/4189 2948/2299/4190
f 2794/2297/4191 2793/2296/4192 2876/2385/4174
f 2972/2388/4193 2997/2391/4194 2953/2360/4195
f 2873/2387/4177 2795/2359/4117 2877/2392/4196
f 2974/2390/4197 2952/2341/4182 2998/2393/4198
f 2874/2389/4180 2791/2394/4199 2878/2342/4200
f 2879/2395/4201 2834/2313/4033 2921/2343/4202
f 2879/2395/4201 2776/2263/3956 2880/2262/3955
f 2968/2273/3970 3004/2272/3969 2880/2262/3955
f 2787/2353/4103 2796/2351/4144 2881/2335/4064
f 2853/2371/4142 2881/2335/4064 2796/2351/4102
f 2788/2353/4099 2882/2335/4066 2797/2351/4149
f 2854/2371/4148 2797/2351/4097 2882/2335/4146
f 2927/2279/4203 2883/2317/4037 2806/2324/4048
f 2883/2317/4204 2927/2279/3981 2837/2318/4038
f 2828/2267/4205 2884/2269/3962 2852/2268/3961
f 2884/2269/4206 2828/2267/3985 2785/2354/4107
f 2929/2306/4017 2819/2256/4061 2885/2251/3938
f 2866/2249/3936 2885/2251/3938 2819/2256/3966
f 2928/2306/4024 2886/2251/3949 2817/2256/3975
f 2867/2257/3944 2817/2256/3943 2886/2251/3949
f 2806/2324/4207 2887/2280/4083 2927/2279/3981
f 2798/2331/4060 2810/2330/4208 2888/2328/4209
f 2804/2323/4045 2889/2287/3993 2832/2321/4210
f 2831/2347/4114 2890/2259/3963 2823/2302/4019
f 2965/2304/4211 2823/2302/4212 2890/2259/3963
f 2830/2347/4111 2824/2302/4013 2891/2259/3946
f 2964/2304/4213 2891/2259/3946 2824/2302/4214
f 2881/2335/4064 2892/2334/4063 2787/2353/4103
f 2882/2335/4215 2788/2353/4099 2893/2334/4067
f 2950/2369/4216 2931/2367/4216 2961/2396/4217
f 2895/2377/4165 2960/2397/4165 2868/2376/4165
f 2897/2278/4218 2832/2321/4044 2783/2286/4219
f 2832/2321/4044 2897/2278/3979 2859/2277/3978
f 2898/2309/4026 2850/2274/4120 2810/2330/4059
f 2810/2330/4059 2861/2310/4220 2898/2309/4026
f 2783/2286/4219 2806/2324/4207 2899/2316/4036
f 2783/2286/4219 2899/2316/4036 2897/2278/3979
f 2937/2378/4221 2936/2398/4221 2869/2376/4222
f 3006/2370/4165 2900/2398/4165 2978/2399/4165
f 2943/2338/4223 2992/2337/4224 2814/2400/4224
f 2904/2401/4225 3021/2402/3048 3003/2403/4225
f 2943/2338/4226 2814/2400/4224 2971/2404/4226
f 3018/2339/3026 3019/2405/3026 2816/2406/4227
f 2906/2315/4081 2822/2264/3980 2914/2345/4084
f 3020/2265/3958 2822/2264/3980 2906/2315/4228
f 3007/2407/3048 3008/2399/3048 2983/2408/3048
f 3005/2370/4136 3016/2368/4229 2931/2367/4135
f 2785/2354/4107 2909/2355/4230 2884/2269/3962
f 3018/2339/3026 2816/2406/4227 3010/2340/4227
f 2911/2362/4231 2987/2409/4232 2969/2410/4233
f 2849/2326/4055 2912/2282/4153 3011/2411/4234
f 2912/2282/4153 2849/2326/4055 2775/2327/4152
f 2848/2326/4051 3012/2411/4235 2913/2282/3987
f 2913/2282/3987 2773/2327/4052 2848/2326/4051
f 2914/2345/4084 2801/2344/4082 2906/2315/4081
f 2915/2284/4085 2789/2346/4088 2823/2302/4212
f 2789/2346/4088 2915/2284/3998 2925/2285/3997
f 2916/2284/3990 2824/2302/4214 2786/2346/4093
f 2786/2346/4138 2926/2285/3991 2916/2284/3990
f 2811/2361/4130 2989/2303/4129 2917/2283/4236
f 2812/2361/4128 2918/2283/3996 2990/2303/4127
f 2835/2350/4125 2919/2372/4150 2774/2258/3952
f 2919/2372/4150 2835/2350/4096 2797/2351/4149
f 2836/2350/4101 2772/2258/3948 2920/2372/4145
f 2920/2372/4145 2796/2351/4144 2836/2350/4101
f 2776/2263/4237 2921/2343/4080 2801/2344/4238
f 2921/2343/4080 2776/2263/4239 2879/2395/4201
f 2911/2362/4240 2969/2410/4233 2994/2363/4241
f 3024/2364/4242 3021/2402/3048 3022/2365/3048
f 2923/2366/4222 2869/2376/4222 2957/2397/4243
f 2869/2376/4222 2923/2366/4222 2937/2378/4221
f 2925/2285/3997 2809/2325/4244 2789/2346/4088
f 2926/2285/3991 2786/2346/4093 2808/2325/4050
f 2927/2279/3981 2851/2266/3959 2766/2412/4245
f 2927/2279/3981 2766/2412/4245 2837/2318/4038
f 2817/2256/3975 2858/2413/3978 2928/2306/4024
f 2939/2373/4154 2928/2306/4024 2858/2413/3978
f 2819/2256/4076 2929/2306/4017 2860/2413/4027
f 2940/2373/4157 2860/2413/4027 2929/2306/4017
f 2842/2414/773 2963/2396/773 2930/2367/773
f 2930/2367/773 2924/2366/773 2842/2414/773
f 3012/2411/4246 2941/2358/4247 2932/2275/3974
f 2932/2275/3974 2913/2282/3987 3012/2411/4246
f 3011/2411/4248 2933/2275/4249 2942/2358/4112
f 2933/2275/4049 3011/2411/4248 2912/2282/4250
f 2982/2378/4251 2984/2408/4251 2841/2415/4251
f 2902/2398/4252 3017/2378/4252 2938/2415/4252
f 2858/2413/3978 2770/2416/4253 2939/2373/4154
f 2860/2413/4027 2940/2373/4157 2765/2416/4254
f 2941/2358/4109 3012/2411/4235 2991/2417/4255
f 2942/2358/4112 2996/2417/4256 3011/2411/4257
f 2970/2418/4258 2943/2338/4223 2971/2404/4226
f 2840/2336/4068 2944/2338/4070 2905/2418/4259
f 2945/2307/4023 2826/2352/4161 2864/2349/4095
f 2771/2353/4260 2826/2352/4098 2945/2307/4023
f 2946/2307/4018 2865/2349/4100 2827/2352/4162
f 2764/2353/4261 2946/2307/4018 2827/2352/4104
f 2947/2293/4262 2790/2290/4001 2999/2380/4263
f 2803/2320/4181 2790/2290/4187 2947/2293/4004
f 2948/2299/4264 3000/2384/4265 2793/2296/4007
f 2799/2312/4178 2948/2299/4010 2793/2296/4192
f 2949/2369/4165 2868/2376/4165 2900/2398/4165
f 2900/2398/4165 3006/2370/4165 2949/2369/4165
f 2833/2300/4029 2953/2360/4266 2951/2298/4009
f 2977/2301/4267 2833/2300/4029 2951/2298/4009
f 2952/2341/4182 2878/2342/4079 2998/2393/4268
f 2878/2342/4200 2952/2341/4077 2956/2291/4039
f 2953/2360/4266 2997/2391/4269 2795/2359/4176
f 2795/2359/4176 2951/2298/4009 2953/2360/4266
f 2954/2311/4116 2873/2387/4177 2799/2312/4031
f 2793/2296/4270 2954/2311/4028 2799/2312/4178
f 2955/2319/4078 2803/2320/4042 2874/2389/4180
f 2790/2290/4271 2803/2320/4181 2955/2319/4040
f 2821/2295/4272 2956/2291/4039 2952/2341/4182
f 2973/2294/4005 2956/2291/4002 2821/2295/4041
f 2957/2397/4273 2896/2414/4273 2923/2366/4222
f 2844/2414/4274 2958/2397/4274 2959/2377/4274
f 2961/2396/4217 2894/2377/4217 2950/2369/4216
f 2959/2377/4274 2962/2396/4274 2844/2414/4274
f 2853/2371/4142 3014/2260/3947 2964/2304/4213
f 2964/2304/4126 2839/2333/4062 2853/2371/4142
f 2854/2371/4148 2965/2304/4211 3013/2260/3953
f 2965/2304/4124 2854/2371/4148 2838/2333/4065
f 3010/2340/4227 2987/2409/4240 2911/2362/4275
f 2840/2336/4068 2966/2340/4073 2910/2362/4131
f 2805/2288/3994 2967/2261/3954 2783/2286/4276
f 2779/2329/4058 2850/2274/4120 2968/2273/3970
f 2994/2363/4233 2969/2410/4233 2813/2419/4277
f 2970/2418/4258 2971/2404/4223 2815/2420/4258
f 2972/2388/4278 2799/2312/4178 2873/2387/4279
f 2997/2391/4269 2972/2388/4280 2873/2387/4177
f 2792/2292/4003 2973/2294/4281 2875/2381/4282
f 2956/2291/4039 2973/2294/4005 2792/2292/4003
f 2974/2390/4283 2874/2389/4284 2803/2320/4181
f 2998/2393/4268 2874/2389/4180 2974/2390/4285
f 2975/2383/4189 2977/2301/4188 2876/2385/4286
f 3000/2384/4172 2975/2383/4189 2876/2385/4287
f 2976/2379/4185 2875/2381/4282 2973/2294/4005
f 2999/2380/4288 2875/2381/4289 2976/2379/4166
f 2794/2297/4008 2876/2385/4286 2977/2301/4188
f 2951/2298/4009 2794/2297/4008 2977/2301/4188
f 2986/2399/4290 2979/2398/4290 2845/2415/4290
f 2985/2408/4291 2980/2399/4292 2935/2415/4291
f 2843/2421/773 2981/2408/773 2934/2378/773
f 2983/2408/3048 2901/2421/3048 3007/2407/3048
f 3010/2340/4227 2816/2406/4293 2987/2409/4294
f 2879/2395/4201 2988/2252/3939 2834/2313/4033
f 2834/2313/4033 2988/2252/3939 2784/2314/4034
f 2839/2333/4143 2964/2304/4015 2989/2303/4014
f 2989/2303/4014 2811/2361/4130 2839/2333/4062
f 2838/2333/4065 2990/2303/4127 2965/2304/4020
f 2990/2303/4127 2838/2333/4147 2812/2361/4295
f 2991/2417/4296 2830/2347/4111 2780/2270/4110
f 2992/2337/4224 2904/2401/4225 3003/2403/4225
f 2840/2336/4068 2903/2401/4297 2993/2337/4069
f 2994/2363/4233 2813/2419/4242 3024/2364/4242
f 2840/2336/4071 2995/2363/4132 2922/2364/4133
f 2996/2417/4256 2777/2270/4115 2831/2347/4114
f 2877/2392/4298 2795/2359/4176 2997/2391/4194
f 2873/2387/4177 2877/2392/4299 2997/2391/4269
f 2791/2394/4300 2998/2393/4268 2878/2342/4200
f 2874/2389/4180 2998/2393/4198 2791/2394/4301
f 2870/2382/4170 2999/2380/4263 2790/2290/4001
f 2875/2381/4169 2999/2380/4168 2870/2382/4170
f 2871/2386/4175 2793/2296/4007 3000/2384/4172
f 2876/2385/4174 2871/2386/4175 3000/2384/4302
f 2864/2349/4095 3001/2250/4303 2945/2307/4023
f 2774/2258/4164 3001/2250/3950 2864/2349/4095
f 2865/2349/4100 2946/2307/4018 3002/2250/3937
f 2772/2258/3945 2865/2349/4163 3002/2250/3937
f 2992/2337/4224 3003/2403/4304 2814/2400/4224
f 2879/2395/4201 2880/2262/3955 3004/2272/4305
f 2988/2252/3939 2879/2395/4306 3004/2272/3969
f 3016/2368/4307 3005/2370/4229 2908/2407/4308
f 2978/2399/4165 2907/2407/4165 3006/2370/4165
f 3018/2339/3026 2970/2418/4258 2815/2420/4258
f 2840/2336/4068 2905/2418/4259 3009/2339/4072
f 2831/2347/4114 3011/2411/4257 2996/2417/4309
f 3011/2411/4234 2831/2347/4089 2849/2326/4055
f 2830/2347/4111 2991/2417/4255 3012/2411/4235
f 3012/2411/4246 2848/2326/4051 2830/2347/4092
f 2919/2372/4310 3013/2260/3953 2774/2258/3952
f 3013/2260/3953 2919/2372/4150 2854/2371/4148
f 2920/2372/4145 2772/2258/3945 3014/2260/3947
f 3014/2260/3947 2853/2371/4142 2920/2372/4145
f 2934/2378/773 3015/2368/773 2843/2421/773
f 2908/2407/4311 2846/2421/4311 3016/2368/4136
f 3018/2339/3026 2815/2420/4312 3019/2405/3026
f 2906/2315/4081 2784/2314/4313 3020/2265/3958
f 3024/2364/4242 2813/2419/4242 3021/2402/3048
f 2904/2401/4225 3022/2365/3048 3021/2402/3048
f 2840/2336/4068 3023/2365/4314 2903/2401/4297
f 2988/2252/3939 2825/2254/3941 3025/2348/4315
usemtl carpet
f 3057/680/4316 3048/2422/4316 3049/2422/4316
f 3037/750/4317 3049/2422/4318 3048/2422/4318
f 3056/2423/4319 3055/2424/4320 3041/2425/4321
f 3034/2426/4322 3053/2427/4323 3041/2425/4324
f 3038/2428/4325 3046/2429/4326 3028/2430/4327
f 3040/2431/4328 3032/2432/4329 3033/2433/4330
f 3039/2434/4331 3035/2426/4332 3047/2435/4333
f 3032/2432/4334 3040/2431/4328 3045/2436/4328
f 3043/2437/4335 3050/2438/4336 3035/2426/4322
f 3042/2439/4337 3028/2430/4338 3051/2440/4339
f 3040/2431/4328 3031/2433/4340 3036/2432/4341
f 3026/2430/3976 3041/2425/4321 3055/2424/4320
f 3048/2422/4342 3044/547/4342 3037/750/4343
f 3036/2432/4344 3045/2436/4328 3040/2431/4328
f 3048/2422/4345 3027/750/4346 3044/547/4345
f 3049/2422/4316 3030/545/4343 3057/680/4316
f 3047/2435/4347 3035/2426/4322 3050/2438/4336
f 3046/2429/4326 3051/2440/4339 3028/2430/3976
f 3052/2427/4323 3035/2426/4322 3039/2434/4331
f 3054/2424/4320 3038/2428/4325 3028/2430/3976
f 3056/2423/4319 3041/2425/4321 3053/2427/4323
f 3048/2422/4316 3057/680/4316 3029/545/4343
usemtl dash
f 3074/2441/4348 3077/2442/4349 3070/2443/4349
f 3067/2444/4350 3060/2445/4351 3059/2446/4352
f 3070/2443/4349 3075/2447/4348 3074/2441/4348
f 3065/2448/4353 3058/2449/4354 3062/2450/4355
f 3064/2451/4356 3069/2452/4357 3063/2453/4358
f 3062/2450/4359 3072/2454/4360 3065/2448/4361
f 3066/2455/4362 3061/2456/4363 3068/2457/4364
f 3060/2445/4365 3067/2444/4366 3071/2458/4367
f 3068/2457/4364 3071/2458/4367 3067/2444/4368
f 3069/2452/4369 3065/2448/4361 3072/2454/4360
f 3070/2443/4349 3073/2459/4370 3076/2460/4370
f 3071/2458/4367 3068/2457/4364 3061/2456/4363
f 3072/2454/4360 3063/2453/4358 3069/2452/4357
f 3059/2446/4352 3076/2460/4370 3073/2459/4370
f 3058/2449/4354 3074/2441/4348 3075/2447/4348
f 3075/2447/4348 3062/2450/4359 3058/2449/4354
f 3076/2460/4370 3059/2446/4352 3060/2445/4365
f 3073/2459/4370 3070/2443/4349 3077/2442/4371
usemtl guage
f 3078/2461/4372 3079/2462/4372 3080/2463/4372
f 3079/2462/4372 3081/2464/4372 3080/2463/4372
f 3081/2464/4373 3083/2465/4373 3082/2466/4373
f 3083/2465/4373 3081/2464/4373 3079/2462/4373
usemtl tire
f 3338/2467/4374 3241/2468/4375 3229/2469/4376
f 3126/1566/4377 3322/2470/4378 3324/2471/4379
f 3338/2467/4374 3247/2472/4380 3228/2473/4381
f 3125/1566/4382 3335/2474/4383 3337/2475/4384
f 3126/1566/4377 3301/2476/4385 3303/2477/4386
f 3339/2467/4387 3242/2478/4388 3232/2479/4389
f 3244/2480/4390 3276/2481/4391 3156/2482/4392
f 3339/2467/4393 3246/2472/4394 3226/2473/4395
f 3339/2467/4387 3240/2480/4396 3225/2483/4397
f 3126/1566/4377 3330/2484/4398 3332/2474/4399
f 3125/1566/4400 3314/2485/4401 3325/2486/4402
f 3273/2469/4403 3285/2487/4404 3185/2488/4405
f 3338/2467/4374 3259/2489/4406 3230/2490/4407
f 3271/2478/4408 3280/2491/4409 3191/2492/4410
f 3237/2493/4411 3214/2494/4412 3110/2495/4413
f 3338/2467/4414 3255/2496/4415 3219/2497/4416
f 3125/1566/4400 3316/2471/4417 3318/2498/4418
f 3254/2468/4419 3210/2499/4420 3287/2500/4421
f 3272/2497/4422 3288/2501/4423 3193/2502/4424
f 3213/2489/4425 3281/2503/4426 3177/2504/4427
f 3252/2490/4428 3213/2489/4429 3177/2504/4427
f 3266/2505/4430 3218/2506/4431 3282/2507/4432
f 3234/2490/4433 3207/2489/4434 3277/2504/4435
f 3267/2480/4436 3211/2493/4437 3178/2481/4438
f 3239/2508/4439 3208/2483/4440 3127/2509/4441
f 3211/2493/4442 3274/2495/4443 3178/2481/4444
f 3234/2490/4433 3277/2504/4435 3155/2510/4445
f 3238/2468/4446 3216/2499/4447 3136/2500/4448
f 3236/2472/4449 3289/2502/4450 3192/2511/4451
f 3254/2468/4419 3287/2500/4421 3190/2487/4452
f 3235/2506/4453 3215/2469/4454 3283/2488/4455
f 3253/2479/4456 3206/2478/4457 3284/2492/4458
f 3272/2497/4422 3212/2496/4459 3288/2501/4460
f 3245/2496/4461 3205/2479/4462 3286/2512/4463
f 3236/2472/4449 3209/2497/4464 3289/2502/4450
f 3339/2467/4465 3257/2469/4466 3231/2506/4467
f 3249/2473/4468 3217/2472/4469 3291/2511/4470
f 3338/2467/4414 3263/2494/4471 3222/2493/4472
f 3338/2467/4374 3264/2506/4473 3223/2505/4474
f 3339/2467/4393 3270/2496/4475 3220/2497/4476
f 3339/2467/4477 3262/2499/4478 3221/2468/4479
f 3243/2508/4480 3204/2483/4481 3278/2509/4482
f 3243/2508/4480 3278/2509/4482 3186/2491/4483
f 3125/1566/4400 3297/2513/4484 3304/2514/4485
f 3125/1566/4400 3294/2477/4486 3296/2515/4487
f 3126/1566/4377 3312/2516/4488 3319/2485/4489
f 3126/1566/4490 3299/2514/4491 3311/2517/4492
f 3279/2482/4493 3197/2477/4494 3302/2476/4495
f 3191/2492/4410 3280/2491/4409 3310/2498/4496
f 3283/2488/4455 3199/2486/4497 3315/2485/4498
f 3177/2504/4499 3281/2503/4426 3306/2517/4500
f 3260/2478/4501 3196/2518/4502 3151/2519/4503
f 3233/2483/4504 3166/2520/4505 3104/2521/4506
f 3284/2492/4458 3200/2498/4507 3317/2471/4508
f 3193/2502/4509 3288/2501/4510 3329/2522/4511
f 3286/2512/4463 3201/2471/4512 3323/2470/4513
f 3192/2511/4514 3289/2502/4450 3334/2475/4515
f 3290/2523/4516 3202/2474/4517 3331/2484/4518
f 3185/2488/4405 3285/2487/4519 3321/2486/4520
f 3291/2511/4470 3203/2475/4521 3336/2474/4522
f 3190/2487/4452 3287/2500/4523 3327/2524/4524
f 3244/2480/4390 3237/2493/4411 3276/2481/4391
f 3250/2505/4525 3235/2506/4526 3129/2507/4527
f 3251/2494/4528 3234/2490/4433 3155/2510/4445
f 3271/2478/4408 3239/2508/4439 3280/2491/4409
f 3248/2473/4529 3236/2472/4449 3192/2511/4451
f 3273/2469/4530 3238/2468/4446 3285/2487/4404
f 3338/2467/4531 3268/2499/4532 3241/2468/4533
f 3339/2467/4387 3258/2493/4534 3240/2480/4396
f 3339/2467/4393 3265/2508/4535 3242/2478/4388
f 3275/2510/4536 3194/2514/4537 3298/2513/4538
f 3276/2481/4391 3149/2515/4539 3295/2477/4540
f 3227/2479/4541 3260/2478/4542 3151/2519/4503
f 3282/2507/4432 3198/2485/4543 3313/2516/4544
f 3277/2504/4435 3152/2517/4545 3300/2514/4546
f 3224/2494/4547 3261/2490/4548 3195/2525/4549
f 3154/2489/4550 3175/2526/4551 3094/2527/4552
f 3178/2481/4438 3274/2495/4443 3293/2515/4553
f 3155/2510/4445 3277/2504/4435 3300/2514/4546
f 3186/2491/4483 3278/2509/4482 3308/2528/4554
f 3156/2482/4392 3276/2481/4391 3295/2477/4555
f 3157/2526/4556 3218/2506/4557 3266/2505/4558
f 3158/2520/4559 3211/2493/4437 3267/2480/4436
f 3159/2525/4560 3213/2489/4429 3252/2490/4428
f 3160/2518/4561 3204/2483/4562 3243/2508/4480
f 3161/2529/4563 3210/2499/4564 3254/2468/4565
f 3162/2530/4566 3206/2478/4567 3253/2479/4456
f 3163/2531/4568 3217/2472/4469 3249/2473/4468
f 3164/2532/4569 3205/2479/4462 3245/2496/4461
f 3165/2533/4570 3212/2496/4571 3272/2497/4422
f 3233/2483/4504 3256/2480/4572 3166/2520/4573
f 3231/2506/4574 3257/2469/4466 3167/2534/4575
f 3223/2505/4474 3264/2506/4473 3168/2535/4576
f 3226/2473/4577 3246/2472/4394 3169/1752/4578
f 3228/2473/4579 3247/2472/4580 3170/1752/4581
f 3230/2490/4407 3259/2489/4406 3171/2527/4582
f 3221/2468/4479 3262/2499/4583 3172/2536/4584
f 3222/2493/4472 3263/2494/4471 3173/1839/4585
f 3219/2497/4416 3255/2496/4586 3174/2532/4587
f 3154/2489/4588 3269/2505/4589 3175/2526/4590
f 3220/2497/4591 3270/2496/4475 3176/2532/4559
f 3110/2495/4592 3275/2510/4536 3298/2513/4593
f 3214/2494/4412 3275/2510/4536 3110/2495/4592
f 3127/2509/4441 3279/2482/4493 3302/2476/4495
f 3208/2483/4440 3279/2482/4493 3127/2509/4441
f 3089/2526/4594 3235/2506/4595 3250/2505/4525
f 3086/2531/4596 3236/2472/4597 3248/2473/4598
f 3087/1839/4578 3234/2490/4433 3251/2494/4528
f 3085/2534/4599 3238/2468/4446 3273/2469/4403
f 3091/2520/4587 3237/2493/4411 3244/2480/4600
f 3092/2519/4601 3239/2508/4439 3271/2478/4408
f 3111/2503/4602 3282/2507/4432 3313/2516/4544
f 3266/2505/4558 3282/2507/4432 3111/2503/4602
f 3132/2512/4603 3284/2492/4458 3317/2471/4508
f 3253/2479/4456 3284/2492/4604 3132/2512/4603
f 3241/2468/4533 3268/2499/4605 3098/2536/4606
f 3240/2480/4396 3258/2493/4607 3095/2537/4608
f 3242/2478/4609 3265/2508/4535 3100/2518/4610
f 3129/2507/4611 3283/2488/4455 3315/2485/4612
f 3235/2506/4595 3283/2488/4455 3129/2507/4527
f 3134/2501/4613 3286/2512/4463 3323/2470/4614
f 3245/2496/4461 3286/2512/4615 3134/2501/4613
f 3136/2500/4448 3290/2523/4516 3331/2484/4518
f 3216/2499/4447 3290/2523/4516 3136/2500/4448
f 3138/2523/4616 3291/2511/4470 3336/2474/4522
f 3249/2473/4468 3291/2511/4470 3138/2523/4616
f 3125/1566/4400 3305/2517/4617 3115/2516/4618
f 3281/2503/4426 3130/2516/4619 3306/2517/4500
f 3261/2490/4620 3094/2527/4552 3195/2525/4549
f 3131/2508/4621 3104/2521/4506 3196/2518/4622
f 3126/1566/4490 3292/2515/4623 3113/2513/4624
f 3274/2495/4443 3153/2513/4625 3293/2515/4626
f 3126/1566/4377 3320/2486/4627 3114/2524/4628
f 3285/2487/4519 3137/2524/4629 3321/2486/4520
f 3125/1566/4400 3326/2524/4630 3109/2484/4631
f 3287/2500/4421 3139/2484/4632 3327/2524/4524
f 3125/1566/4400 3307/2528/4633 3124/2476/4634
f 3278/2509/4635 3150/2476/4636 3308/2528/4554
f 3126/1566/4377 3309/2498/4637 3112/2528/4638
f 3280/2491/4409 3128/2528/4639 3310/2498/4496
f 3126/1566/4377 3333/2475/4640 3117/2522/4641
f 3289/2502/4450 3135/2522/4642 3334/2475/4643
f 3125/1566/4400 3328/2522/4644 3116/2470/4645
f 3288/2501/4510 3133/2470/4646 3329/2522/4511
f 3140/2521/4647 3091/2520/4587 3244/2480/4648
f 3160/2518/4649 3140/2521/4650 3204/2483/4562
f 3143/2530/4651 3092/2519/4652 3271/2478/4408
f 3164/2532/4569 3143/2530/4653 3205/2479/4462
f 3097/2519/4654 3160/2518/4649 3243/2508/4480
f 3162/2530/4566 3097/2519/4655 3206/2478/4567
f 3103/2527/4656 3157/2526/4556 3266/2505/4430
f 3181/2525/4657 3103/2527/4656 3207/2489/4434
f 3105/2521/4658 3158/2520/4559 3267/2480/4436
f 3184/2518/4659 3105/2521/4660 3208/2483/4661
f 3101/2533/4662 3164/2532/4569 3245/2496/4461
f 3180/1752/4663 3101/2533/4608 3209/2497/4464
f 3119/2536/4664 3163/2531/4568 3249/2473/4468
f 3161/2529/4665 3119/2536/4664 3210/2499/4564
f 3142/2537/4666 3087/1839/4578 3251/2494/4528
f 3158/2520/4559 3142/2537/4666 3211/2493/4437
f 3108/2532/4667 3162/2530/4566 3253/2479/4456
f 3165/2533/4570 3108/2532/4668 3212/2496/4571
f 3141/2527/4669 3089/2526/4594 3250/2505/4525
f 3159/2525/4560 3141/2527/4669 3213/2489/4425
f 3106/1839/4581 3159/2525/4670 3252/2490/4428
f 3183/2537/4671 3106/1839/4581 3214/2494/4412
f 3102/2534/4672 3161/2529/4563 3254/2468/4565
f 3179/2535/4673 3102/2534/4672 3215/2469/4674
f 3144/2536/4675 3086/2531/4596 3248/2473/4529
f 3182/2529/4551 3144/2536/4675 3216/2499/4447
f 3090/1752/4585 3165/2533/4676 3272/2497/4422
f 3163/2531/4568 3090/1752/4585 3217/2472/4677
f 3145/2535/4678 3085/2534/4679 3273/2469/4403
f 3157/2526/4556 3145/2535/4678 3218/2506/4557
f 3247/2472/4580 3107/2533/4680 3170/1752/4581
f 3219/2497/4681 3174/2532/4587 3107/2533/4682
f 3246/2472/4394 3096/2533/4683 3169/1752/4578
f 3220/2497/4591 3176/2532/4559 3096/2533/4683
f 3257/2469/4684 3099/2529/4556 3167/2534/4685
f 3221/2468/4686 3172/2536/4584 3099/2529/4556
f 3256/2480/4572 3088/2537/4687 3166/2520/4505
f 3222/2493/4688 3173/1839/4585 3088/2537/4689
f 3259/2489/4406 3093/2526/4690 3171/2527/4582
f 3223/2505/4474 3168/2535/4672 3093/2526/4690
f 3258/2493/4534 3147/1839/4691 3095/2537/4608
f 3224/2494/4547 3195/2525/4549 3147/1839/4691
f 3265/2508/4535 3148/2521/4692 3100/2518/4693
f 3225/2483/4694 3188/2520/4695 3148/2521/4692
f 3262/2499/4478 3123/2531/4696 3172/2536/4584
f 3226/2473/4577 3169/1752/4578 3123/2531/4697
f 3255/2496/4415 3084/2530/4698 3174/2532/4587
f 3227/2479/4541 3151/2519/4503 3084/2530/4699
f 3268/2499/4532 3146/2531/4700 3098/2536/4606
f 3228/2473/4701 3170/1752/4581 3146/2531/4700
f 3264/2506/4473 3121/2534/4702 3168/2535/4672
f 3229/2469/4703 3187/2529/4704 3121/2534/4705
f 3263/2494/4471 3120/2525/4706 3173/1839/4585
f 3230/2490/4407 3171/2527/4582 3120/2525/4707
f 3269/2505/4589 3118/2535/4679 3175/2526/4708
f 3231/2506/4574 3167/2534/4575 3118/2535/4679
f 3270/2496/4475 3122/2530/4660 3176/2532/4559
f 3232/2479/4709 3189/2519/4710 3122/2530/4660
f 3338/2467/4374 3260/2478/4501 3227/2479/4541
f 3131/2508/4621 3233/2483/4504 3104/2521/4506
f 3181/2525/4711 3207/2489/4712 3234/2490/4433
f 3087/1839/4578 3181/2525/4711 3234/2490/4433
f 3179/2535/4673 3215/2469/4674 3235/2506/4453
f 3089/2526/4594 3179/2535/4673 3235/2506/4453
f 3180/1752/4713 3209/2497/4464 3236/2472/4597
f 3086/2531/4714 3180/1752/4713 3236/2472/4449
f 3183/2537/4671 3214/2494/4412 3237/2493/4411
f 3091/2520/4587 3183/2537/4671 3237/2493/4411
f 3182/2529/4590 3216/2499/4447 3238/2468/4446
f 3085/2534/4679 3182/2529/4708 3238/2468/4446
f 3184/2518/4659 3208/2483/4661 3239/2508/4439
f 3092/2519/4652 3184/2518/4659 3239/2508/4439
f 3240/2480/4396 3095/2537/4608 3188/2520/4715
f 3225/2483/4694 3240/2480/4396 3188/2520/4695
f 3241/2468/4533 3098/2536/4716 3187/2529/4717
f 3229/2469/4718 3241/2468/4533 3187/2529/4704
f 3242/2478/4609 3100/2518/4610 3189/2519/4710
f 3232/2479/4389 3242/2478/4388 3189/2519/4710
f 3206/2478/4457 3243/2508/4719 3186/2491/4483
f 3097/2519/4655 3243/2508/4480 3206/2478/4457
f 3204/2483/4562 3244/2480/4720 3156/2482/4392
f 3140/2521/4647 3244/2480/4648 3204/2483/4721
f 3209/2497/4464 3245/2496/4461 3134/2501/4613
f 3101/2533/4608 3245/2496/4461 3209/2497/4464
f 3246/2472/4394 3220/2497/4476 3096/2533/4722
f 3339/2467/4393 3220/2497/4476 3246/2472/4394
f 3247/2472/4580 3219/2497/4681 3107/2533/4682
f 3338/2467/4414 3219/2497/4416 3247/2472/4380
f 3216/2499/4447 3248/2473/4598 3290/2523/4723
f 3144/2536/4675 3248/2473/4529 3216/2499/4447
f 3210/2499/4564 3249/2473/4724 3138/2523/4616
f 3119/2536/4664 3249/2473/4468 3210/2499/4564
f 3213/2489/4429 3250/2505/4525 3281/2503/4426
f 3141/2527/4669 3250/2505/4525 3213/2489/4425
f 3211/2493/4442 3251/2494/4528 3274/2495/4725
f 3142/2537/4666 3251/2494/4528 3211/2493/4437
f 3214/2494/4412 3252/2490/4428 3275/2510/4536
f 3106/1839/4581 3252/2490/4726 3214/2494/4412
f 3212/2496/4571 3253/2479/4727 3132/2512/4603
f 3108/2532/4668 3253/2479/4456 3212/2496/4571
f 3215/2469/4728 3254/2468/4419 3190/2487/4452
f 3102/2534/4672 3254/2468/4565 3215/2469/4728
f 3255/2496/4415 3227/2479/4541 3084/2530/4699
f 3338/2467/4414 3227/2479/4729 3255/2496/4415
f 3256/2480/4730 3222/2493/4472 3088/2537/4689
f 3338/2467/4374 3222/2493/4688 3256/2480/4730
f 3257/2469/4684 3221/2468/4479 3099/2529/4556
f 3339/2467/4393 3221/2468/4479 3257/2469/4731
f 3258/2493/4607 3224/2494/4547 3147/1839/4691
f 3339/2467/4387 3224/2494/4547 3258/2493/4534
f 3259/2489/4406 3223/2505/4474 3093/2526/4690
f 3338/2467/4374 3223/2505/4474 3259/2489/4406
f 3260/2478/4501 3131/2508/4621 3196/2518/4502
f 3338/2467/4414 3131/2508/4621 3260/2478/4501
f 3339/2467/4387 3261/2490/4620 3224/2494/4547
f 3261/2490/4548 3154/2489/4550 3094/2527/4552
f 3262/2499/4583 3226/2473/4395 3123/2531/4732
f 3339/2467/4393 3226/2473/4577 3262/2499/4733
f 3263/2494/4471 3230/2490/4407 3120/2525/4707
f 3338/2467/4414 3230/2490/4407 3263/2494/4734
f 3264/2506/4473 3229/2469/4735 3121/2534/4736
f 3338/2467/4531 3229/2469/4703 3264/2506/4473
f 3265/2508/4535 3225/2483/4694 3148/2521/4737
f 3339/2467/4465 3225/2483/4694 3265/2508/4535
f 3207/2489/4434 3266/2505/4430 3111/2503/4602
f 3103/2527/4738 3266/2505/4430 3207/2489/4434
f 3208/2483/4661 3267/2480/4739 3279/2482/4493
f 3105/2521/4740 3267/2480/4436 3208/2483/4741
f 3268/2499/4532 3228/2473/4579 3146/2531/4700
f 3338/2467/4531 3228/2473/4701 3268/2499/4742
f 3269/2505/4589 3231/2506/4574 3118/2535/4599
f 3339/2467/4465 3231/2506/4574 3269/2505/4743
f 3270/2496/4475 3232/2479/4709 3122/2530/4660
f 3339/2467/4393 3232/2479/4389 3270/2496/4475
f 3205/2479/4462 3271/2478/4744 3191/2492/4410
f 3143/2530/4651 3271/2478/4408 3205/2479/4462
f 3217/2472/4469 3272/2497/4422 3193/2502/4424
f 3090/1752/4585 3272/2497/4422 3217/2472/4677
f 3218/2506/4557 3273/2469/4403 3185/2488/4405
f 3145/2535/4678 3273/2469/4403 3218/2506/4557
f 3274/2495/4745 3155/2510/4445 3153/2513/4625
f 3251/2494/4528 3155/2510/4445 3274/2495/4443
f 3275/2510/4536 3177/2504/4746 3194/2514/4537
f 3252/2490/4726 3177/2504/4427 3275/2510/4536
f 3276/2481/4391 3110/2495/4413 3149/2515/4539
f 3237/2493/4747 3110/2495/4413 3276/2481/4748
f 3277/2504/4435 3111/2503/4602 3152/2517/4545
f 3207/2489/4434 3111/2503/4602 3277/2504/4435
f 3278/2509/4482 3156/2482/4749 3150/2476/4636
f 3204/2483/4562 3156/2482/4392 3278/2509/4482
f 3279/2482/4750 3178/2481/4751 3197/2477/4752
f 3267/2480/4436 3178/2481/4753 3279/2482/4493
f 3280/2491/4409 3127/2509/4441 3128/2528/4639
f 3239/2508/4439 3127/2509/4441 3280/2491/4409
f 3281/2503/4426 3129/2507/4754 3130/2516/4755
f 3250/2505/4525 3129/2507/4527 3281/2503/4426
f 3282/2507/4432 3185/2488/4405 3198/2485/4543
f 3218/2506/4557 3185/2488/4405 3282/2507/4432
f 3283/2488/4455 3190/2487/4452 3199/2486/4756
f 3215/2469/4728 3190/2487/4452 3283/2488/4757
f 3284/2492/4604 3186/2491/4483 3200/2498/4507
f 3206/2478/4457 3186/2491/4483 3284/2492/4458
f 3285/2487/4519 3136/2500/4758 3137/2524/4629
f 3238/2468/4446 3136/2500/4448 3285/2487/4404
f 3286/2512/4463 3191/2492/4410 3201/2471/4759
f 3205/2479/4462 3191/2492/4410 3286/2512/4760
f 3287/2500/4421 3138/2523/4616 3139/2484/4632
f 3210/2499/4564 3138/2523/4616 3287/2500/4421
f 3288/2501/4510 3132/2512/4603 3133/2470/4646
f 3212/2496/4571 3132/2512/4603 3288/2501/4460
f 3289/2502/4761 3134/2501/4613 3135/2522/4642
f 3209/2497/4464 3134/2501/4613 3289/2502/4450
f 3290/2523/4516 3192/2511/4514 3202/2474/4517
f 3248/2473/4529 3192/2511/4451 3290/2523/4723
f 3291/2511/4470 3193/2502/4424 3203/2475/4762
f 3217/2472/4469 3193/2502/4424 3291/2511/4470
f 3126/1566/4377 3303/2477/4386 3292/2515/4623
f 3178/2481/4438 3293/2515/4626 3197/2477/4494
f 3125/1566/4400 3124/2476/4634 3294/2477/4486
f 3156/2482/4749 3295/2477/4540 3150/2476/4763
f 3125/1566/4400 3296/2515/4487 3297/2513/4484
f 3110/2495/4413 3298/2513/4538 3149/2515/4539
f 3126/1566/4377 3113/2513/4624 3299/2514/4491
f 3155/2510/4445 3300/2514/4546 3153/2513/4625
f 3126/1566/4377 3112/2528/4638 3301/2476/4764
f 3127/2509/4441 3302/2476/4495 3128/2528/4639
f 3125/1566/4400 3304/2514/4485 3305/2517/4617
f 3177/2504/4427 3306/2517/4500 3194/2514/4537
f 3125/1566/4400 3318/2498/4765 3307/2528/4633
f 3186/2491/4483 3308/2528/4554 3200/2498/4507
f 3126/1566/4377 3324/2471/4379 3309/2498/4637
f 3191/2492/4410 3310/2498/4496 3201/2471/4512
f 3126/1566/4377 3311/2517/4492 3312/2516/4488
f 3111/2503/4602 3313/2516/4544 3152/2517/4545
f 3125/1566/4400 3115/2516/4618 3314/2485/4401
f 3129/2507/4527 3315/2485/4498 3130/2516/4619
f 3125/1566/4400 3116/2470/4766 3316/2471/4417
f 3132/2512/4603 3317/2471/4767 3133/2470/4646
f 3126/1566/4377 3319/2485/4489 3320/2486/4627
f 3185/2488/4405 3321/2486/4520 3198/2485/4543
f 3126/1566/4377 3117/2522/4641 3322/2470/4378
f 3134/2501/4613 3323/2470/4768 3135/2522/4642
f 3125/1566/4400 3325/2486/4402 3326/2524/4630
f 3190/2487/4769 3327/2524/4524 3199/2486/4756
f 3125/1566/4400 3337/2475/4384 3328/2522/4644
f 3193/2502/4509 3329/2522/4511 3203/2475/4762
f 3126/1566/4377 3114/2524/4628 3330/2484/4770
f 3136/2500/4448 3331/2484/4518 3137/2524/4771
f 3126/1566/4377 3332/2474/4399 3333/2475/4640
f 3192/2511/4514 3334/2475/4515 3202/2474/4517
f 3125/1566/4400 3109/2484/4631 3335/2474/4383
f 3138/2523/4616 3336/2474/4522 3139/2484/4632
f 3338/2467/4414 3256/2480/4572 3233/2483/4504
f 3338/2467/4374 3233/2483/4504 3131/2508/4621
f 3339/2467/4387 3269/2505/4772 3154/2489/4773
f 3339/2467/4387 3154/2489/4588 3261/2490/4620
f 3454/1566/4871 3658/2484/4872 3660/2474/4873
f 3666/2467/4874 3597/2472/4875 3548/2473/4876
f 3453/1566/4877 3644/2486/4878 3655/2524/4879
f 3453/1566/4877 3624/2513/4880 3626/2514/4881
f 3667/2467/4882 3598/2496/4883 3557/2497/4884
f 3667/2467/4885 3568/2473/4886 3554/2499/4887
f 3579/2472/4888 3618/2502/4889 3521/2511/4890
f 3666/2467/2474 3569/2468/4891 3558/2469/4892
f 3454/1566/4871 3632/2476/4893 3634/2477/4894
f 3454/1566/4895 3649/2470/4896 3651/2471/4897
f 3591/2497/4898 3543/2496/4899 3484/2501/4900
f 3541/2469/4901 3617/2487/4902 3515/2488/4903
f 3666/2467/4874 3582/2489/4904 3559/2490/4905
f 3667/2467/4882 3586/2506/4906 3555/2505/4907
f 3667/2467/4908 3567/2478/4909 3560/2479/4910
f 3666/2467/2474 3589/2496/4911 3556/2497/4912
f 3540/2490/4913 3606/2504/4914 3455/2510/4915
f 3577/2506/4916 3541/2469/4901 3515/2488/4903
f 3603/2483/4917 3608/2482/4918 3514/2509/4919
f 3565/2478/4920 3546/2508/4921 3610/2491/4922
f 3601/2469/4923 3615/2487/4924 3516/2488/4925
f 3573/2499/4926 3542/2473/4927 3620/2523/4928
f 3592/2505/4929 3545/2506/4930 3612/2507/4931
f 3563/2490/4932 3534/2489/4933 3607/2504/4934
f 3455/2510/4915 3570/2514/4935 3625/2513/4936
f 3603/2483/4917 3547/2480/4937 3608/2482/4918
f 3593/2480/4938 3536/2493/4939 3509/2481/4940
f 3564/2508/4941 3535/2483/4942 3462/2509/4943
f 3536/2493/4939 3604/2495/4944 3509/2481/4940
f 3563/2490/4932 3607/2504/4945 3480/2510/4946
f 3599/2478/4947 3611/2491/4948 3520/2492/4949
f 3572/2496/4950 3533/2479/4951 3616/2512/4952
f 3539/2472/4953 3619/2502/4954 3522/2511/4955
f 3594/2473/4956 3539/2472/4953 3522/2511/4955
f 3667/2467/4957 3575/2480/4958 3551/2483/4959
f 3601/2469/4923 3537/2468/4960 3615/2487/4924
f 3596/2489/4961 3538/2505/4962 3457/2503/4963
f 3595/2468/4565 3544/2499/4964 3461/2500/4965
f 3579/2472/4888 3532/2497/4966 3618/2502/4889
f 3666/2467/4967 3585/2494/4968 3549/2493/4969
f 3667/2467/4908 3583/2468/4970 3553/2469/4971
f 3666/2467/4874 3588/2506/4972 3552/2505/4973
f 3453/1566/4877 3663/2475/4974 3665/2522/4975
f 3453/1566/4877 3652/2471/4417 3654/2498/4418
f 3454/1566/4895 3642/2516/4976 3646/2485/4489
f 3454/1566/4871 3630/2514/4977 3641/2517/4978
f 3590/2493/4979 3605/2495/4980 3483/2481/4981
f 3566/2494/4982 3540/2490/4983 3455/2510/4915
f 3543/2496/4899 3614/2512/4984 3484/2501/4985
f 3437/2492/4986 3528/2498/4987 3653/2471/4988
f 3515/2488/4903 3617/2487/4989 3645/2486/4990
f 3455/2510/4915 3606/2504/4914 3570/2514/4935
f 3483/2481/4981 3605/2495/4980 3460/2515/4991
f 3453/1566/4877 3627/2477/4992 3629/2515/4993
f 3522/2511/4994 3619/2502/4995 3664/2475/4996
f 3617/2487/4989 3529/2524/4997 3645/2486/4990
f 3609/2482/4998 3526/2477/4999 3633/2476/5000
f 3520/2492/4949 3611/2491/4948 3638/2498/5001
f 3584/2478/5002 3524/2518/5003 3478/2519/5004
f 3562/2483/5005 3499/2520/5006 3432/2521/5007
f 3616/2512/5008 3530/2471/5009 3650/2470/5010
f 3521/2511/5011 3618/2502/4889 3662/2475/5012
f 3620/2523/5013 3531/2474/5014 3659/2484/5015
f 3516/2488/4925 3615/2487/4924 3648/2486/5016
f 3578/2494/5017 3563/2490/5018 3480/2510/4946
f 3600/2479/5019 3565/2478/5020 3437/2492/4986
f 3599/2478/4947 3564/2508/4941 3611/2491/4948
f 3590/2493/4979 3566/2494/5021 3605/2495/5022
f 3667/2467/4908 3587/2508/5023 3567/2478/5024
f 3666/2467/2474 3574/2499/5025 3569/2468/4891
f 3667/2467/4882 3581/2472/5026 3568/2473/4886
f 3612/2507/4931 3527/2485/5027 3643/2516/5028
f 3607/2504/4945 3476/2517/5029 3631/2514/5030
f 3561/2479/5031 3584/2478/5032 3478/2519/5004
f 3550/2493/5033 3602/2494/5034 3525/1839/4713
f 3479/2490/5035 3502/2527/5036 3445/2525/5037
f 3509/2481/4940 3604/2495/5038 3623/2515/5039
f 3480/2510/4946 3607/2504/4945 3631/2514/5040
f 3453/1566/4877 3639/2516/5041 3481/2485/5042
f 3613/2507/5043 3482/2485/5044 3640/2516/5045
f 3514/2509/4919 3608/2482/4918 3459/2476/5046
f 3483/2481/4981 3460/2515/4991 3628/2477/5047
f 3619/2502/5048 3571/2522/5049 3664/2475/4996
f 3484/2501/4900 3614/2512/4984 3485/2470/5050
f 3486/2526/4556 3545/2506/5051 3592/2505/4929
f 3487/2536/4552 3542/2473/5052 3573/2499/4926
f 3488/2520/4559 3536/2493/4939 3593/2480/4938
f 3489/2529/4563 3544/2499/5053 3595/2468/4565
f 3490/2534/4599 3537/2468/4960 3601/2469/4923
f 3491/2533/4676 3543/2496/4899 3591/2497/4898
f 3492/2532/4569 3533/2479/4951 3572/2496/4950
f 3493/2535/5054 3541/2469/4901 3577/2506/4916
f 3494/2527/5055 3538/2505/5056 3596/2489/4961
f 3495/1752/4691 3532/2497/4966 3579/2472/5057
f 3496/2531/4568 3539/2472/4953 3594/2473/4956
f 3497/2521/4699 3547/2480/4937 3603/2483/4917
f 3551/2483/4959 3575/2480/5058 3498/2520/4569
f 3562/2483/5005 3580/2480/5059 3499/2520/5060
f 3553/2469/5061 3583/2468/4970 3500/2529/4556
f 3552/2505/4973 3588/2506/4972 3501/2535/4576
f 3479/2490/5062 3576/2489/5063 3502/2527/5036
f 3555/2505/5064 3586/2506/4906 3503/2535/4599
f 3559/2490/4905 3582/2489/4904 3504/2527/4582
f 3548/2473/4876 3597/2472/4875 3505/1752/4581
f 3549/2493/5065 3585/2494/4968 3506/1839/4585
f 3556/2497/4912 3589/2496/4911 3507/2532/4587
f 3557/2497/4884 3598/2496/4883 3508/2532/4559
f 3462/2509/4943 3609/2482/4998 3633/2476/5000
f 3535/2483/4942 3609/2482/4998 3462/2509/4943
f 3428/1839/4578 3563/2490/4932 3578/2494/5066
f 3418/2537/5067 3566/2494/5068 3590/2493/5069
f 3417/2530/4566 3565/2478/4920 3600/2479/5019
f 3413/2519/5070 3564/2508/5071 3599/2478/4947
f 3437/2492/4986 3610/2491/5072 3528/2498/4987
f 3565/2478/4920 3610/2491/5072 3437/2492/4986
f 3457/2503/4963 3613/2507/5043 3640/2516/5045
f 3538/2505/4962 3613/2507/5043 3457/2503/4963
f 3439/2503/5073 3612/2507/5074 3643/2516/5028
f 3592/2505/4929 3612/2507/4931 3439/2503/5073
f 3568/2473/5075 3581/2472/5026 3425/1752/5076
f 3569/2468/4891 3574/2499/5077 3416/2536/5078
f 3567/2478/5024 3587/2508/5023 3423/2518/5070
f 3465/2501/5079 3616/2512/4952 3650/2470/5010
f 3572/2496/4950 3616/2512/4952 3465/2501/5079
f 3467/2500/5080 3620/2523/5013 3659/2484/5081
f 3573/2499/4926 3620/2523/4928 3467/2500/5080
f 3461/2500/5082 3621/2523/5083 3657/2484/5084
f 3544/2499/5053 3621/2523/5083 3461/2500/4965
f 3464/2508/5085 3432/2521/5007 3524/2518/5086
f 3602/2494/5034 3445/2525/5037 3525/1839/5087
f 3454/1566/4871 3622/2515/5088 3442/2513/5089
f 3604/2495/5090 3477/2513/5091 3623/2515/5092
f 3454/1566/4895 3647/2486/5093 3438/2524/5094
f 3615/2487/4924 3468/2524/5095 3648/2486/5016
f 3453/1566/4877 3635/2528/4633 3440/2476/5096
f 3514/2509/5097 3459/2476/5046 3636/2528/5098
f 3453/1566/4877 3656/2484/5099 3444/2474/5100
f 3621/2523/5083 3523/2474/5101 3657/2484/5084
f 3454/1566/4895 3637/2498/5102 3441/2528/5103
f 3611/2491/4948 3463/2528/5104 3638/2498/5001
f 3454/1566/4895 3661/2475/5105 3443/2522/5106
f 3618/2502/4889 3466/2522/5107 3662/2475/5012
f 3426/2533/5108 3492/2532/4569 3572/2496/4950
f 3495/1752/4691 3426/2533/4608 3532/2497/5109
f 3471/2530/5110 3413/2519/5111 3599/2478/4947
f 3492/2532/4569 3471/2530/5112 3533/2479/4951
f 3415/2527/5113 3486/2526/4556 3592/2505/4929
f 3510/2525/5114 3415/2527/5113 3534/2489/4933
f 3429/2521/5115 3488/2520/4559 3593/2480/4938
f 3513/2518/5116 3429/2521/4819 3535/2483/4942
f 3469/2537/4666 3428/1839/4578 3578/2494/5066
f 3488/2520/4559 3469/2537/4666 3536/2493/4939
f 3412/2529/5117 3487/2536/4552 3573/2499/4926
f 3490/2534/4679 3412/2529/5118 3537/2468/4960
f 3421/2526/5119 3493/2535/5120 3577/2506/4916
f 3494/2527/5055 3421/2526/5121 3538/2505/5056
f 3431/1752/5122 3491/2533/4676 3591/2497/4898
f 3496/2531/5123 3431/1752/5122 3539/2472/5124
f 3447/2525/5125 3494/2527/5055 3596/2489/4961
f 3511/1839/5126 3447/2525/4670 3540/2490/4913
f 3448/2534/5127 3489/2529/4563 3595/2468/4565
f 3493/2535/5054 3448/2534/5128 3541/2469/4901
f 3449/2531/5037 3495/1752/4691 3579/2472/5057
f 3487/2536/4552 3449/2531/5129 3542/2473/4927
f 3470/2532/5130 3417/2530/4566 3600/2479/5019
f 3491/2533/4570 3470/2532/5130 3543/2496/4899
f 3419/2536/4582 3496/2531/4568 3594/2473/4956
f 3489/2529/4665 3419/2536/4582 3544/2499/5053
f 3446/2535/5131 3490/2534/4679 3601/2469/4923
f 3486/2526/4556 3446/2535/5132 3545/2506/4930
f 3430/2518/5133 3497/2521/4699 3603/2483/4917
f 3512/2519/5003 3430/2518/5133 3546/2508/5134
f 3472/2520/5135 3418/2537/5067 3590/2493/4979
f 3497/2521/4698 3472/2520/5135 3547/2480/4937
f 3574/2499/5077 3474/2531/5136 3416/2536/5078
f 3548/2473/4876 3505/1752/4581 3474/2531/5136
f 3580/2480/5059 3414/2537/4570 3499/2520/5137
f 3549/2493/5138 3506/1839/4585 3414/2537/4676
f 3575/2480/5139 3422/2537/5108 3498/2520/4569
f 3550/2493/5033 3525/1839/4713 3422/2537/4608
f 3587/2508/5023 3473/2521/5110 3423/2518/5111
f 3551/2483/4959 3498/2520/4569 3473/2521/5112
f 3582/2489/4904 3427/2526/4665 3504/2527/4582
f 3552/2505/4973 3501/2535/4672 3427/2526/4563
f 3586/2506/5140 3424/2534/4575 3503/2535/4679
f 3553/2469/5141 3500/2529/4556 3424/2534/4685
f 3583/2468/4970 3451/2536/5142 3500/2529/4556
f 3554/2499/4887 3517/2531/5143 3451/2536/5144
f 3576/2489/5063 3433/2526/5117 3502/2527/5145
f 3555/2505/5146 3503/2535/4679 3433/2526/5118
f 3597/2472/4875 3435/2533/4682 3505/1752/4581
f 3556/2497/4912 3507/2532/4587 3435/2533/4682
f 3581/2472/5026 3475/2533/4774 3425/1752/5076
f 3557/2497/4884 3508/2532/4559 3475/2533/4683
f 3588/2506/4972 3452/2534/5147 3501/2535/4672
f 3558/2469/5148 3518/2529/5149 3452/2534/5147
f 3585/2494/4968 3450/2525/4779 3506/1839/4585
f 3559/2490/4905 3504/2527/4582 3450/2525/4779
f 3598/2496/4883 3434/2530/5115 3508/2532/4559
f 3560/2479/4910 3519/2519/5116 3434/2530/4819
f 3589/2496/4911 3420/2530/5150 3507/2532/4587
f 3561/2479/5031 3478/2519/5004 3420/2530/5150
f 3666/2467/4874 3584/2478/5002 3561/2479/5151
f 3464/2508/5085 3562/2483/5005 3432/2521/5007
f 3510/2525/5114 3534/2489/4933 3563/2490/5152
f 3428/1839/4578 3510/2525/5153 3563/2490/4932
f 3513/2518/5116 3535/2483/4942 3564/2508/5071
f 3413/2519/5070 3513/2518/5116 3564/2508/5071
f 3512/2519/5003 3546/2508/5134 3565/2478/4920
f 3417/2530/4566 3512/2519/5003 3565/2478/4920
f 3418/2537/5067 3511/1839/5154 3566/2494/4982
f 3511/1839/5154 3540/2490/4913 3566/2494/5021
f 3567/2478/5024 3423/2518/5070 3519/2519/5116
f 3560/2479/5155 3567/2478/4909 3519/2519/5116
f 3568/2473/4886 3425/1752/5156 3517/2531/5143
f 3554/2499/4887 3568/2473/4886 3517/2531/5143
f 3569/2468/4891 3416/2536/5078 3518/2529/5157
f 3558/2469/4892 3569/2468/4891 3518/2529/5149
f 3453/1566/4877 3626/2514/4881 3436/2517/5158
f 3606/2504/4914 3458/2517/5159 3570/2514/4935
f 3453/1566/4877 3665/2522/5160 3456/2470/5161
f 3484/2501/4900 3485/2470/5050 3571/2522/5162
f 3532/2497/5109 3572/2496/4950 3465/2501/5079
f 3426/2533/4608 3572/2496/4950 3532/2497/5109
f 3537/2468/4960 3573/2499/4926 3467/2500/5080
f 3412/2529/5118 3573/2499/4926 3537/2468/4960
f 3574/2499/5163 3548/2473/4876 3474/2531/5136
f 3666/2467/4874 3548/2473/4876 3574/2499/5163
f 3575/2480/4958 3550/2493/5033 3422/2537/4608
f 3667/2467/5164 3550/2493/5033 3575/2480/4958
f 3576/2489/5063 3555/2505/5064 3433/2526/5118
f 3667/2467/5165 3555/2505/5064 3576/2489/5166
f 3538/2505/4962 3577/2506/5167 3613/2507/5043
f 3421/2526/5121 3577/2506/4916 3538/2505/5056
f 3536/2493/4939 3578/2494/5066 3604/2495/4944
f 3469/2537/4666 3578/2494/5066 3536/2493/5168
f 3542/2473/4927 3579/2472/5057 3521/2511/4890
f 3449/2531/5129 3579/2472/5057 3542/2473/5052
f 3580/2480/5059 3549/2493/5169 3414/2537/4676
f 3666/2467/4967 3549/2493/4969 3580/2480/5170
f 3581/2472/5171 3557/2497/4884 3475/2533/4683
f 3667/2467/4882 3557/2497/4884 3581/2472/5171
f 3582/2489/4904 3552/2505/4973 3427/2526/4563
f 3666/2467/4874 3552/2505/4973 3582/2489/4904
f 3583/2468/4970 3554/2499/4887 3451/2536/5144
f 3667/2467/4885 3554/2499/4887 3583/2468/4970
f 3584/2478/5002 3464/2508/5085 3524/2518/5003
f 3666/2467/4874 3464/2508/5085 3584/2478/5032
f 3585/2494/4968 3559/2490/4905 3450/2525/5172
f 3666/2467/4967 3559/2490/4905 3585/2494/4968
f 3586/2506/5140 3553/2469/5061 3424/2534/4575
f 3667/2467/5165 3553/2469/5141 3586/2506/4906
f 3587/2508/5173 3551/2483/4959 3473/2521/5174
f 3667/2467/5165 3551/2483/4959 3587/2508/5023
f 3588/2506/4972 3558/2469/4892 3452/2534/5147
f 3666/2467/2474 3558/2469/4892 3588/2506/5175
f 3589/2496/4911 3561/2479/5031 3420/2530/5150
f 3666/2467/2474 3561/2479/5031 3589/2496/4911
f 3547/2480/4937 3590/2493/4979 3483/2481/4981
f 3472/2520/5135 3590/2493/4979 3547/2480/4937
f 3539/2472/4953 3591/2497/4898 3619/2502/4954
f 3431/1752/5122 3591/2497/4898 3539/2472/4953
f 3534/2489/4933 3592/2505/4430 3439/2503/5073
f 3415/2527/5113 3592/2505/4929 3534/2489/4933
f 3535/2483/4942 3593/2480/5176 3609/2482/4998
f 3429/2521/5177 3593/2480/5176 3535/2483/4942
f 3544/2499/5053 3594/2473/5178 3621/2523/5083
f 3419/2536/4582 3594/2473/4956 3544/2499/5053
f 3541/2469/4901 3595/2468/4565 3617/2487/4902
f 3448/2534/5128 3595/2468/5179 3541/2469/4901
f 3540/2490/4913 3596/2489/4961 3606/2504/4914
f 3447/2525/5180 3596/2489/4961 3540/2490/4913
f 3597/2472/4875 3556/2497/4912 3435/2533/4682
f 3666/2467/5181 3556/2497/4912 3597/2472/4875
f 3598/2496/4883 3560/2479/4910 3434/2530/5177
f 3667/2467/4882 3560/2479/4910 3598/2496/4883
f 3533/2479/4951 3599/2478/5182 3520/2492/4949
f 3471/2530/5174 3599/2478/5182 3533/2479/4951
f 3543/2496/4899 3600/2479/5183 3614/2512/4984
f 3470/2532/5184 3600/2479/5185 3543/2496/4899
f 3545/2506/5051 3601/2469/4923 3516/2488/4925
f 3446/2535/5131 3601/2469/4923 3545/2506/4930
f 3667/2467/5165 3576/2489/5166 3479/2490/5186
f 3602/2494/5034 3479/2490/5035 3445/2525/5129
f 3546/2508/5134 3603/2483/4917 3514/2509/4919
f 3430/2518/5187 3603/2483/4917 3546/2508/5134
f 3604/2495/5090 3480/2510/4946 3477/2513/5091
f 3578/2494/5066 3480/2510/4946 3604/2495/4944
f 3605/2495/4980 3455/2510/4915 3625/2513/5188
f 3566/2494/4982 3455/2510/4915 3605/2495/5022
f 3606/2504/4914 3457/2503/4963 3458/2517/5159
f 3596/2489/4961 3457/2503/4963 3606/2504/5189
f 3607/2504/4945 3439/2503/5073 3476/2517/5029
f 3534/2489/4933 3439/2503/5073 3607/2504/4934
f 3608/2482/4918 3483/2481/4981 3628/2477/5047
f 3547/2480/4937 3483/2481/4981 3608/2482/4918
f 3609/2482/4998 3509/2481/4940 3526/2477/4999
f 3593/2480/5190 3509/2481/4940 3609/2482/4998
f 3610/2491/4922 3514/2509/5097 3636/2528/5098
f 3546/2508/5134 3514/2509/4919 3610/2491/4922
f 3611/2491/4948 3462/2509/4943 3463/2528/5104
f 3564/2508/4941 3462/2509/4943 3611/2491/4948
f 3612/2507/5074 3516/2488/4925 3527/2485/5027
f 3545/2506/5051 3516/2488/4925 3612/2507/4931
f 3613/2507/5043 3515/2488/4903 3482/2485/5191
f 3577/2506/4916 3515/2488/4903 3613/2507/5043
f 3614/2512/4984 3437/2492/4986 3653/2471/4988
f 3600/2479/5019 3437/2492/4986 3614/2512/4984
f 3615/2487/4924 3467/2500/5192 3468/2524/5095
f 3537/2468/4960 3467/2500/5080 3615/2487/4924
f 3616/2512/4952 3520/2492/4949 3530/2471/5193
f 3533/2479/4951 3520/2492/4949 3616/2512/4952
f 3617/2487/4989 3461/2500/5082 3529/2524/5194
f 3595/2468/4565 3461/2500/5195 3617/2487/4902
f 3618/2502/4889 3465/2501/5079 3466/2522/5107
f 3532/2497/4966 3465/2501/5079 3618/2502/4889
f 3619/2502/5196 3484/2501/4900 3571/2522/5049
f 3591/2497/4898 3484/2501/4900 3619/2502/5048
f 3620/2523/4928 3521/2511/4890 3531/2474/5197
f 3542/2473/4927 3521/2511/4890 3620/2523/4928
f 3621/2523/5083 3522/2511/5198 3523/2474/5101
f 3594/2473/4956 3522/2511/4955 3621/2523/5083
f 3454/1566/4895 3634/2477/4894 3622/2515/5088
f 3509/2481/4940 3623/2515/5039 3526/2477/4999
f 3453/1566/4877 3629/2515/4993 3624/2513/4880
f 3605/2495/4980 3625/2513/4936 3460/2515/4991
f 3453/1566/4877 3440/2476/5199 3627/2477/4992
f 3608/2482/4918 3628/2477/5047 3459/2476/5046
f 3454/1566/4895 3442/2513/5089 3630/2514/4977
f 3480/2510/4946 3631/2514/5030 3477/2513/5091
f 3454/1566/4871 3441/2528/5103 3632/2476/4893
f 3462/2509/4943 3633/2476/5000 3463/2528/5200
f 3453/1566/4877 3654/2498/4765 3635/2528/4633
f 3610/2491/4922 3636/2528/5098 3528/2498/4987
f 3454/1566/4871 3651/2471/4897 3637/2498/5102
f 3520/2492/4949 3638/2498/5001 3530/2471/5193
f 3453/1566/4877 3436/2517/5158 3639/2516/5041
f 3457/2503/4963 3640/2516/5201 3458/2517/5159
f 3454/1566/4871 3641/2517/4978 3642/2516/4976
f 3439/2503/5073 3643/2516/5028 3476/2517/5029
f 3453/1566/4877 3481/2485/5042 3644/2486/5202
f 3515/2488/4903 3645/2486/4990 3482/2485/5044
f 3454/1566/4895 3646/2485/4489 3647/2486/5203
f 3516/2488/4925 3648/2486/5016 3527/2485/5027
f 3454/1566/4895 3443/2522/5204 3649/2470/4896
f 3465/2501/5079 3650/2470/5010 3466/2522/5107
f 3453/1566/4877 3456/2470/5161 3652/2471/4417
f 3614/2512/4984 3653/2471/4988 3485/2470/5050
f 3453/1566/4877 3655/2524/4879 3656/2484/5099
f 3461/2500/5195 3657/2484/5205 3529/2524/4997
f 3454/1566/4895 3438/2524/5094 3658/2484/5206
f 3467/2500/5192 3659/2484/5081 3468/2524/5095
f 3454/1566/4895 3660/2474/4873 3661/2475/5105
f 3521/2511/4890 3662/2475/5012 3531/2474/5014
f 3453/1566/4877 3444/2474/5207 3663/2475/4974
f 3522/2511/4955 3664/2475/4996 3523/2474/5101
f 3666/2467/5208 3580/2480/5059 3562/2483/5005
f 3666/2467/5208 3562/2483/5005 3464/2508/5085
f 3667/2467/5165 3602/2494/5209 3550/2493/5210
f 3667/2467/5165 3479/2490/5211 3602/2494/5209
usemtl tread
f 3340/2538/4774 3364/2539/4668 3389/2540/4775
f 3365/2541/4776 3391/2541/4777 3358/2542/4778
f 3367/2543/4779 3359/2544/4738 3403/2545/4711
f 3398/2546/4780 3374/2547/4781 3388/2539/4782
f 3410/2543/4783 3372/2544/4669 3383/2545/4784
f 3369/2548/4785 3409/2549/4786 3353/2550/4655
f 3380/2549/4787 3411/2549/4788 3406/2550/4789
f 3355/1839/4790 3366/2544/4791 3385/1752/4792
f 3390/2546/4793 3373/2540/4666 3382/2539/4794
f 3367/2543/4795 3395/2551/4796 3359/2544/4656
f 3368/2541/4797 3407/1839/4798 3404/1752/4708
f 3378/2552/4799 3410/2543/4800 3383/2545/4784
f 3356/2549/4801 3371/2547/4802 3384/2550/4803
f 3407/1839/4798 3375/2544/4804 3404/1752/4708
f 3377/2543/4700 3394/2552/4805 3402/2553/4806
f 3370/2543/4807 3393/2552/4808 3349/2553/4809
f 3379/2548/4810 3408/2546/4811 3341/2539/4587
f 3394/2552/4805 3357/2540/4812 3402/2553/4813
f 3365/2541/4776 3358/2542/4778 3401/2542/4814
f 3351/1839/4563 3376/2542/4678 3381/1752/4815
f 3360/2548/4816 3390/2546/4817 3382/2539/4794
f 3411/2549/4818 3361/2547/4819 3406/2550/4789
f 3346/2538/4820 3362/2553/4821 3405/2540/4822
f 3363/2538/4823 3398/2546/4780 3388/2539/4824
f 3369/2548/4825 3353/2550/4655 3386/2547/4826
f 3352/2551/4827 3399/1839/4828 3342/1752/4829
f 3370/2543/4807 3349/2553/4809 3387/2545/4830
f 3348/2538/4831 3397/2552/4832 3345/2553/4578
f 3351/1839/4563 3392/2541/4833 3376/2542/4678
f 3340/2538/4722 3400/2546/4834 3364/2539/4668
f 3355/1839/4790 3396/2551/4835 3366/2544/4791
f 3379/2548/4810 3341/2539/4587 3371/2547/4836
f 3352/2551/4837 3342/1752/4829 3372/2544/4669
f 3348/2538/4831 3345/2553/4578 3373/2540/4666
f 3343/2548/4699 3350/2550/4838 3374/2547/4839
f 3354/2551/4840 3347/2545/4841 3375/2544/4804
f 3392/2541/4833 3344/2542/4842 3376/2542/4843
f 3354/2551/4840 3377/2543/4700 3347/2545/4844
f 3346/2538/4845 3378/2552/4799 3362/2553/4821
f 3356/2549/4801 3379/2548/4810 3371/2547/4836
f 3343/2548/4699 3380/2549/4787 3350/2550/4838
f 3395/2551/4796 3381/1752/4815 3359/2544/4656
f 3360/2548/4846 3382/2539/4794 3361/2547/4819
f 3378/2552/4799 3383/2545/4784 3362/2553/4821
f 3409/2549/4847 3384/2550/4803 3353/2550/4655
f 3391/2541/4777 3385/1752/4792 3358/2542/4778
f 3400/2546/4848 3386/2547/4826 3364/2539/4668
f 3396/2551/4835 3387/2545/4849 3366/2544/4791
f 3363/2538/4680 3388/2539/4824 3357/2540/4850
f 3393/2552/4851 3389/2540/4852 3349/2553/4853
f 3390/2546/4854 3348/2538/4855 3373/2540/4666
f 3391/2541/4777 3355/1839/4790 3385/1752/4856
f 3392/2541/4833 3368/2541/4797 3344/2542/4679
f 3393/2552/4851 3340/2538/4683 3389/2540/4852
f 3394/2552/4805 3363/2538/4857 3357/2540/4850
f 3395/2551/4796 3351/1839/4563 3381/1752/4815
f 3396/2551/4858 3370/2543/4859 3387/2545/4849
f 3397/2552/4860 3367/2543/4779 3403/2545/4711
f 3398/2546/4780 3343/2548/4699 3374/2547/4781
f 3399/1839/4828 3365/2541/4776 3401/2542/4814
f 3400/2546/4848 3369/2548/4785 3386/2547/4826
f 3399/1839/4861 3401/2542/4814 3342/1752/4594
f 3377/2543/4700 3402/2553/4813 3347/2545/4841
f 3397/2552/4860 3403/2545/4711 3345/2553/4578
f 3368/2541/4862 3404/1752/4551 3344/2542/4679
f 3408/2546/4863 3405/2540/4822 3341/2539/4587
f 3380/2549/4503 3406/2550/4864 3350/2550/4865
f 3407/1839/4798 3354/2551/4866 3375/2544/4804
f 3408/2546/4867 3346/2538/4845 3405/2540/4868
f 3409/2549/4869 3356/2549/4870 3384/2550/4803
f 3410/2543/4800 3352/2551/4837 3372/2544/4669
f 3411/2549/4788 3360/2548/4816 3361/2547/4819
f 3725/2541/5212 3695/2542/5213 3715/2542/5214
f 3706/2538/4774 3730/2546/5215 3701/2539/5130
f 3692/2543/5216 3724/2551/5217 3716/2544/5218
f 3704/2548/5112 3703/2539/5219 3719/2547/5220
f 3721/2546/5060 3700/2540/5221 3710/2539/5222
f 3697/2543/4568 3726/2551/5223 3673/2544/5224
f 3705/2543/5225 3727/2552/5226 3717/2553/5227
f 3683/1839/5228 3693/2542/5229 3708/1752/5230
f 3706/2538/5231 3701/2539/5130 3713/2540/5232
f 3729/2546/5233 3702/2547/5174 3714/2539/5234
f 3707/2549/5235 3738/2549/5236 3734/2550/5116
f 3739/2552/4691 3694/2545/5180 3732/2553/5154
f 3704/2548/5237 3720/2546/5234 3703/2539/5135
f 3698/2551/5144 3735/2543/5238 3718/2545/5239
f 3676/2551/5240 3696/2545/5241 3709/2544/5036
f 3699/2541/5147 3736/1839/5242 3675/1752/5118
f 3697/2543/4568 3673/2544/4584 3731/2545/5243
f 3738/2549/5236 3685/2547/4819 3734/2550/5116
f 3737/2549/5244 3686/2550/5187 3733/2550/5003
f 3735/2543/5143 3687/2553/4832 3718/2545/5239
f 3688/2548/5007 3721/2546/5060 3710/2539/5245
f 3689/1839/5246 3725/2541/5212 3715/2542/5214
f 3690/2548/4660 3737/2549/5244 3733/2550/5003
f 3691/2538/5247 3729/2546/5248 3714/2539/5249
f 3680/2538/5250 3739/2552/4691 3732/2553/5154
f 3699/2541/5147 3675/1752/5118 3712/2542/5251
f 3724/2551/5252 3679/1752/5121 3716/2544/5218
f 3722/1839/5253 3677/2544/5254 3711/1752/5255
f 3727/2552/5226 3682/2540/5256 3717/2553/4691
f 3672/2538/5257 3728/2552/5258 3684/2553/5259
f 3668/2541/4575 3722/1839/5260 3711/1752/5255
f 3683/1839/5261 3723/2541/5262 3693/2542/5229
f 3672/2538/4676 3684/2553/5259 3700/2540/5263
f 3730/2546/5264 3669/2547/5265 3701/2539/5130
f 3678/2548/5266 3674/2550/5070 3702/2547/5112
f 3720/2546/5234 3670/2540/5067 3703/2539/5219
f 3671/2549/5267 3704/2548/5268 3719/2547/5269
f 3676/2551/5240 3705/2543/5270 3696/2545/5037
f 3681/2552/5076 3706/2538/4774 3713/2540/5271
f 3678/2548/5272 3707/2549/5273 3674/2550/5274
f 3726/2551/5223 3708/1752/5275 3673/2544/4584
f 3736/1839/5276 3709/2544/5036 3675/1752/5118
f 3688/2548/5007 3710/2539/5277 3685/2547/4819
f 3668/2541/5278 3711/1752/5255 3695/2542/5279
f 3723/2541/5262 3712/2542/5280 3693/2542/5229
f 3681/2552/5076 3713/2540/5281 3687/2553/4832
f 3691/2538/5282 3714/2539/5249 3682/2540/5250
f 3689/1839/5283 3715/2542/5214 3679/1752/5121
f 3692/2543/5284 3716/2544/5218 3694/2545/4670
f 3705/2543/5285 3717/2553/4691 3696/2545/5037
f 3698/2551/5286 3718/2545/5239 3677/2544/5287
f 3671/2549/5267 3719/2547/5269 3686/2550/5187
f 3720/2546/5234 3680/2538/5250 3670/2540/5288
f 3721/2546/5137 3672/2538/4676 3700/2540/5263
f 3722/1839/5253 3698/2551/5144 3677/2544/5254
f 3723/2541/5262 3699/2541/5289 3712/2542/5251
f 3724/2551/5217 3689/1839/5246 3679/1752/5121
f 3725/2541/5212 3668/2541/4575 3695/2542/5213
f 3726/2551/5290 3683/1839/5228 3708/1752/5275
f 3727/2552/5226 3691/2538/5247 3682/2540/5291
f 3728/2552/5258 3697/2543/5123 3731/2545/5243
f 3729/2546/5248 3678/2548/5272 3702/2547/5174
f 3730/2546/5215 3690/2548/4660 3669/2547/5265
f 3728/2552/5258 3731/2545/5243 3684/2553/5259
f 3680/2538/5250 3732/2553/5154 3670/2540/5292
f 3690/2548/4660 3733/2550/5003 3669/2547/4566
f 3707/2549/5235 3734/2550/5116 3674/2550/5070
f 3735/2543/5238 3681/2552/5293 3687/2553/4832
f 3736/1839/5149 3676/2551/5240 3709/2544/5036
f 3737/2549/5294 3671/2549/5267 3686/2550/5187
f 3738/2549/5295 3688/2548/5007 3685/2547/5115
f 3739/2552/4691 3692/2543/5284 3694/2545/4670
