# Blender v2.79 (sub 0) OBJ File: 'minions.blend'
# www.blender.org
mtllib jerry.mtl
o jerry
v 0.210908 1.117206 0.257437
v 0.202579 1.115474 0.250428
v 0.229957 1.268944 0.301144
v 0.199445 1.116876 0.262303
v 0.210908 1.117206 0.257437
v 0.045893 1.152666 -0.145986
v 0.042677 1.277355 -0.181282
v 0.036492 1.150852 -0.151594
v 0.046965 1.151099 -0.158274
v 0.045893 1.152666 -0.145986
v 0.018597 1.169407 -0.066984
v 0.028081 1.164624 -0.069870
v 0.021071 1.273561 -0.088178
v 0.020494 1.167840 -0.079106
v 0.018597 1.169407 -0.066984
v 0.266902 1.134689 0.107102
v 0.304837 1.269686 0.103226
v 0.256594 1.137823 0.104463
v 0.264676 1.136998 0.095227
v 0.266902 1.134689 0.107102
v 0.037482 1.136420 0.179260
v 0.045646 1.131803 0.173322
v 0.039049 1.291787 0.194104
v 0.035173 1.134441 0.167137
v 0.037482 1.136420 0.179260
v 0.133802 1.133369 0.226430
v 0.130916 1.262841 0.232038
v 0.122752 1.133122 0.226430
v 0.128277 1.135596 0.215627
v 0.133802 1.133369 0.226430
v 0.083086 1.173613 0.025048
v 0.090013 1.168830 0.032140
v 0.096528 1.283870 0.014410
v 0.094383 1.170809 0.020842
v 0.083086 1.173613 0.025048
v 0.198950 1.153244 -0.060469
v 0.219649 1.280489 -0.073004
v 0.188725 1.155305 -0.056593
v 0.190374 1.155718 -0.068963
v 0.198950 1.153244 -0.060469
v -0.170168 1.095682 0.292733
v -0.158045 1.096672 0.295372
v -0.197794 1.244781 0.340646
v -0.163158 1.094775 0.284239
v -0.170168 1.095682 0.292733
v -0.059746 1.156377 0.164581
v -0.073847 1.285189 0.167467
v -0.063044 1.158109 0.152788
v -0.051499 1.157449 0.157159
v -0.059746 1.156377 0.164581
v -0.007050 1.187220 0.023894
v -0.011008 1.185158 0.012348
v -0.025110 1.290137 0.004597
v -0.016451 1.181282 0.022739
v -0.007050 1.187220 0.023894
v -0.254283 1.105248 0.155262
v -0.307144 1.235132 0.159798
v -0.254530 1.107640 0.143222
v -0.245047 1.109537 0.150891
v -0.254283 1.105248 0.155262
v -0.009359 1.132792 0.268323
v -0.009276 1.131968 0.256036
v -0.024533 1.285767 0.295702
v -0.018018 1.127679 0.263705
v -0.009359 1.132792 0.268323
v -0.151695 1.125123 -0.091641
v -0.176517 1.250801 -0.111351
v -0.148644 1.125782 -0.103681
v -0.140975 1.126854 -0.093950
v -0.151695 1.125123 -0.091641
v -0.094134 1.163552 0.041294
v -0.105597 1.159511 0.039232
v -0.121513 1.271582 0.034532
v -0.098999 1.158192 0.049623
v -0.094134 1.163552 0.041294
v -0.220637 1.129576 -0.021628
v -0.257417 1.253605 -0.028967
v -0.214040 1.132874 -0.031606
v -0.210246 1.132792 -0.019731
v -0.220637 1.129576 -0.021628
v -0.096279 0.631605 0.443522
v -0.105144 0.692918 0.440182
v -0.178085 0.687311 0.400598
v -0.171282 0.611854 0.398124
v -0.112277 0.624966 0.374869
v -0.132853 0.605834 0.418246
v -0.098382 0.617421 0.437667
v -0.096279 0.631605 0.443522
v -0.105144 0.692918 0.440182
v -0.119205 0.693289 0.378209
v -0.178828 0.625296 0.398743
v -0.132853 0.605834 0.418246
v -0.098382 0.617421 0.437667
v -0.171282 0.611854 0.398124
v 0.095166 0.554499 0.419112
v 0.053933 0.571487 0.421875
v 0.098093 0.535367 0.419813
v 0.005113 0.547820 0.422906
v 0.012988 0.565467 0.421875
v 0.095166 0.554499 0.419112
v 0.052119 0.558458 0.366870
v 0.053933 0.571487 0.421875
v 0.012988 0.565467 0.421875
v 0.005113 0.547820 0.422906
v -0.000495 0.469683 0.402207
v 0.039872 0.470631 0.355283
v 0.081600 0.458674 0.399526
v -0.000495 0.469683 0.402207
v 0.176683 0.558045 0.368849
v 0.136687 0.563571 0.393135
v 0.184188 0.543408 0.367488
v 0.097392 0.534625 0.418947
v 0.099990 0.550252 0.414329
v 0.176683 0.558045 0.368849
v 0.111535 0.549221 0.345594
v 0.136687 0.563571 0.393135
v 0.099990 0.550252 0.414329
v 0.097392 0.534625 0.418947
v 0.103866 0.469807 0.403402
v 0.116071 0.475827 0.340398
v 0.180683 0.477270 0.361097
v 0.103866 0.469807 0.403402
v -0.012988 0.565467 0.421875
v -0.053933 0.571487 0.421875
v -0.005113 0.547820 0.422906
v -0.098093 0.535367 0.419813
v -0.095166 0.554499 0.419112
v 0.000495 0.469683 0.402207
v -0.052119 0.558458 0.366870
v -0.005113 0.547820 0.422906
v -0.012988 0.565467 0.421875
v -0.053933 0.571487 0.421875
v -0.095166 0.554499 0.419112
v -0.039872 0.470631 0.355283
v -0.081600 0.458674 0.399526
v 0.000495 0.469683 0.402207
v -0.165798 0.659314 0.290671
v -0.106546 0.662901 0.377879
v -0.235729 0.659396 0.294465
v -0.200599 0.663808 0.398166
v -0.092609 0.666488 0.457418
v -0.000000 0.663313 0.407938
v 0.203567 0.759056 0.402578
v 0.200599 0.663808 0.398166
v 0.235729 0.659396 0.294465
v 0.106546 0.662901 0.377879
v 0.092609 0.666488 0.457418
v -0.000000 0.665375 0.452470
v -0.000000 0.761448 0.454779
v -0.087414 0.761942 0.449583
v -0.203567 0.759056 0.402578
v -0.245872 0.753325 0.279373
v -0.239687 0.749160 0.184166
v -0.223112 0.653500 0.193774
v -0.160520 0.653665 0.197155
v -0.159860 0.749449 0.189485
v -0.137718 0.755551 0.321885
v -0.000000 0.757819 0.374952
v 0.137718 0.755551 0.321885
v 0.165798 0.659314 0.290671
v 0.159860 0.749449 0.189485
v 0.160520 0.653665 0.197155
v 0.223112 0.653500 0.193774
v 0.239687 0.749160 0.184166
v 0.245872 0.753325 0.279373
v 0.087414 0.761942 0.449583
v -0.168148 0.512112 0.251624
v -0.234286 0.511947 0.255293
v -0.113020 0.505143 0.339038
v -0.192187 0.502876 0.365509
v -0.105886 0.388042 0.390620
v 0.000000 0.388207 0.398702
v -0.098712 0.498051 0.422617
v 0.000000 0.499866 0.412061
v 0.000000 0.504401 0.358211
v 0.098712 0.498051 0.422617
v 0.113020 0.505143 0.339038
v 0.192187 0.502876 0.365509
v 0.234286 0.511947 0.255293
v 0.241749 0.401896 0.237233
v 0.236306 0.409895 0.141779
v 0.226410 0.521719 0.154644
v 0.177096 0.521430 0.157983
v 0.168148 0.512112 0.251624
v 0.160767 0.409442 0.147222
v 0.139491 0.397938 0.280074
v 0.000000 0.393484 0.335945
v -0.195898 0.392701 0.345181
v -0.241749 0.401896 0.237233
v -0.236306 0.409895 0.141779
v -0.226410 0.521719 0.154644
v -0.177096 0.521430 0.157983
v -0.160767 0.409442 0.147222
v -0.139491 0.397938 0.280074
v 0.105886 0.388042 0.390620
v 0.195898 0.392701 0.345181
v 0.047171 0.602577 0.453088
v 0.091537 0.610535 0.452428
v 0.098011 0.625874 0.454985
v 0.006474 0.614163 0.450779
v 0.001814 0.629956 0.452222
v 0.095248 0.693867 0.449006
v 0.047088 0.618039 0.402536
v 0.050469 0.693743 0.401629
v 0.010185 0.697536 0.447728
v 0.001814 0.629956 0.452222
v 0.006474 0.614163 0.450779
v 0.047171 0.602577 0.453088
v 0.091537 0.610535 0.452428
v 0.010185 0.697536 0.447728
v 0.224844 0.606741 0.309556
v 0.159283 0.615235 0.330626
v 0.230163 0.621627 0.304855
v 0.207567 0.599072 0.352480
v 0.191197 0.610494 0.392146
v 0.192022 0.625832 0.398207
v 0.191197 0.691558 0.388930
v 0.160809 0.688795 0.328317
v 0.224844 0.687805 0.306340
v 0.192022 0.625832 0.398207
v 0.207567 0.599072 0.352480
v 0.191197 0.610494 0.392146
v 0.224844 0.606741 0.309556
v 0.191197 0.691558 0.388930
v 0.206660 0.599690 0.208947
v 0.161262 0.617008 0.258674
v 0.211360 0.613833 0.201855
v 0.210742 0.592269 0.255046
v 0.217215 0.603649 0.297433
v 0.223359 0.618369 0.302010
v 0.228761 0.683888 0.292857
v 0.173344 0.689496 0.254304
v 0.218164 0.679930 0.204371
v 0.223359 0.618369 0.302010
v 0.210742 0.592269 0.255046
v 0.217215 0.603649 0.297433
v 0.206660 0.599690 0.208947
v 0.228761 0.683888 0.292857
v 0.171282 0.611854 0.398124
v 0.112277 0.624966 0.374869
v 0.178828 0.625296 0.398743
v 0.132853 0.605834 0.418246
v 0.098382 0.617421 0.437667
v 0.096279 0.631605 0.443522
v 0.105144 0.692918 0.440182
v 0.119205 0.693289 0.378209
v 0.178085 0.687311 0.400598
v 0.096279 0.631605 0.443522
v 0.132853 0.605834 0.418246
v 0.098382 0.617421 0.437667
v 0.171282 0.611854 0.398124
v 0.105144 0.692918 0.440182
v 0.213381 0.568395 0.269766
v 0.221380 0.554623 0.265437
v 0.149717 0.548809 0.290506
v 0.194166 0.574291 0.312360
v 0.179446 0.561385 0.352356
v 0.183033 0.546665 0.358953
v 0.194249 0.481476 0.351449
v 0.164602 0.476569 0.290548
v 0.228142 0.488485 0.269065
v 0.183033 0.546665 0.358953
v 0.194249 0.481476 0.351449
v 0.213381 0.568395 0.269766
v 0.194166 0.574291 0.312360
v 0.179446 0.561385 0.352356
v -0.091537 0.610535 0.452428
v -0.098011 0.625874 0.454985
v -0.047088 0.618039 0.402536
v -0.047171 0.602577 0.453088
v -0.006474 0.614163 0.450779
v -0.001814 0.629956 0.452222
v -0.010185 0.697536 0.447728
v -0.050469 0.693743 0.401629
v -0.095248 0.693867 0.449006
v -0.001814 0.629956 0.452222
v -0.047171 0.602577 0.453088
v -0.006474 0.614163 0.450779
v -0.091537 0.610535 0.452428
v -0.010185 0.697536 0.447728
v -0.224844 0.606741 0.309556
v -0.230163 0.621627 0.304855
v -0.159283 0.615235 0.330626
v -0.207567 0.599072 0.352480
v -0.191197 0.610494 0.392146
v -0.192022 0.625832 0.398207
v -0.191197 0.691558 0.388930
v -0.160809 0.688795 0.328317
v -0.224844 0.687805 0.306340
v -0.192022 0.625832 0.398207
v -0.207567 0.599072 0.352480
v -0.191197 0.610494 0.392146
v -0.224844 0.606741 0.309556
v -0.191197 0.691558 0.388930
v -0.210742 0.592269 0.255046
v -0.211360 0.613833 0.201855
v -0.206660 0.599690 0.208947
v -0.217215 0.603649 0.297433
v -0.223359 0.618369 0.302010
v -0.218164 0.679930 0.204371
v -0.161262 0.617008 0.258674
v -0.173344 0.689496 0.254304
v -0.228761 0.683888 0.292857
v -0.223359 0.618369 0.302010
v -0.217215 0.603649 0.297433
v -0.210742 0.592269 0.255046
v -0.206660 0.599690 0.208947
v -0.228761 0.683888 0.292857
v -0.103866 0.469807 0.403402
v -0.116071 0.475827 0.340398
v -0.111535 0.549221 0.345594
v -0.097392 0.534625 0.418947
v -0.099990 0.550252 0.414329
v -0.136687 0.563571 0.393135
v -0.176683 0.558045 0.368849
v -0.184188 0.543408 0.367488
v -0.180683 0.477270 0.361097
v -0.097392 0.534625 0.418947
v -0.103866 0.469807 0.403402
v -0.099990 0.550252 0.414329
v -0.136687 0.563571 0.393135
v -0.176683 0.558045 0.368849
v -0.194249 0.481476 0.351449
v -0.164602 0.476569 0.290548
v -0.149717 0.548809 0.290506
v -0.183033 0.546665 0.358953
v -0.179446 0.561385 0.352356
v -0.194166 0.574291 0.312360
v -0.213381 0.568395 0.269766
v -0.221380 0.554623 0.265437
v -0.228142 0.488485 0.269065
v -0.183033 0.546665 0.358953
v -0.194249 0.481476 0.351449
v -0.179446 0.561385 0.352356
v -0.194166 0.574291 0.312360
v -0.213381 0.568395 0.269766
v -0.079332 0.347798 0.382250
v 0.000000 0.342191 0.400021
v 0.000000 0.369157 0.398619
v 0.079332 0.347798 0.382250
v 0.000000 0.426058 0.306340
v -0.103660 0.443459 0.312319
v -0.079374 0.377403 0.382250
v -0.154335 0.380578 0.309556
v -0.121844 0.465395 0.227420
v -0.183363 0.419255 0.219751
v -0.110175 0.413153 0.128749
v 0.000000 0.409235 0.125244
v 0.000000 0.445850 0.224369
v 0.121844 0.465395 0.227420
v 0.103660 0.443459 0.312319
v 0.079374 0.377403 0.382250
v 0.154335 0.380578 0.309556
v 0.183363 0.419255 0.219751
v 0.110175 0.413153 0.128749
v 0.220225 0.574332 0.172209
v 0.227235 0.577713 0.218678
v 0.222122 0.560025 0.164045
v 0.236719 0.546665 0.263375
v 0.233090 0.562457 0.260076
v 0.173962 0.561921 0.222967
v 0.220225 0.574332 0.172209
v 0.227235 0.577713 0.218678
v 0.233090 0.562457 0.260076
v 0.236719 0.546665 0.263375
v 0.229956 0.481888 0.249603
v 0.172808 0.488774 0.213277
v 0.217092 0.493722 0.161818
v 0.229956 0.481888 0.249603
v -0.110175 0.413153 0.128749
v 0.000000 0.409235 0.125244
v -0.183363 0.419255 0.219751
v 0.000000 0.380455 0.299000
v -0.154335 0.380578 0.309556
v 0.000000 0.342191 0.400021
v -0.079332 0.347798 0.382250
v 0.079332 0.347798 0.382250
v 0.154335 0.380578 0.309556
v 0.183363 0.419255 0.219751
v 0.110175 0.413153 0.128749
v -0.220225 0.574332 0.172209
v -0.222122 0.560025 0.164045
v -0.227235 0.577713 0.218678
v -0.236719 0.546665 0.263375
v -0.233090 0.562457 0.260076
v -0.229956 0.481888 0.249603
v -0.217092 0.493722 0.161818
v -0.172808 0.488774 0.213277
v -0.173962 0.561921 0.222967
v -0.229956 0.481888 0.249603
v -0.236719 0.546665 0.263375
v -0.233090 0.562457 0.260076
v -0.227235 0.577713 0.218678
v -0.220225 0.574332 0.172209
v -0.246903 0.912690 0.498857
v -0.256758 0.913309 0.467066
v -0.205464 0.838017 0.547388
v -0.213669 0.804825 0.512958
v -0.131987 0.823833 0.564541
v -0.134461 0.780910 0.525741
v -0.055706 0.841770 0.545450
v -0.057355 0.805196 0.519432
v -0.016205 0.918092 0.506361
v -0.009566 0.914711 0.482817
v -0.243481 0.923246 0.595136
v -0.127616 0.918875 0.514896
v -0.228225 0.982374 0.592786
v -0.186909 1.025421 0.591054
v -0.125678 1.042162 0.590435
v -0.063870 1.023483 0.591136
v -0.032574 0.991981 0.592373
v -0.018307 0.920896 0.595259
v -0.032615 0.853851 0.597898
v -0.064076 0.821153 0.599218
v -0.126792 0.802722 0.599960
v -0.186950 0.820493 0.599218
v -0.228183 0.864035 0.597527
v 0.228183 0.864035 0.597527
v 0.243481 0.923246 0.595136
v 0.127616 0.918875 0.514896
v 0.228225 0.982374 0.592786
v 0.186909 1.025421 0.591054
v 0.125678 1.042162 0.590435
v 0.063870 1.023483 0.591136
v 0.032574 0.991981 0.592373
v 0.018307 0.920896 0.595259
v 0.032615 0.853851 0.597898
v 0.064076 0.821153 0.599218
v 0.126792 0.802722 0.599960
v 0.186950 0.820493 0.599218
v 0.009566 0.914711 0.482817
v 0.057355 0.805196 0.519432
v 0.016205 0.918092 0.506361
v 0.055706 0.841770 0.545450
v 0.134461 0.780910 0.525741
v 0.131987 0.823833 0.564541
v 0.213669 0.804825 0.512958
v 0.205464 0.838017 0.547388
v 0.256758 0.913309 0.467066
v 0.246903 0.912690 0.498857
v 0.256758 0.913309 0.467066
v 0.199155 1.028184 0.498115
v 0.246903 0.912690 0.498857
v 0.191033 0.992352 0.551429
v 0.122874 1.047770 0.503763
v 0.120854 1.007444 0.568128
v 0.056366 1.025545 0.493703
v 0.058386 0.991198 0.544873
v 0.016205 0.918092 0.506361
v 0.009566 0.914711 0.482817
v 0.194249 0.849728 0.542729
v 0.194249 0.976766 0.537657
v 0.067498 0.849728 0.542729
v 0.067498 0.976725 0.537657
v -0.009566 0.914711 0.482817
v -0.056366 1.025545 0.493703
v -0.016205 0.918092 0.506361
v -0.058386 0.991198 0.544873
v -0.120854 1.007444 0.568128
v -0.122874 1.047770 0.503763
v -0.191033 0.992352 0.551429
v -0.199155 1.028184 0.498115
v -0.246903 0.912690 0.498857
v -0.256758 0.913309 0.467066
v -0.284838 0.967159 0.432636
v -0.205134 1.056387 0.589858
v -0.197217 1.046203 0.431028
v -0.125101 1.078158 0.588951
v -0.097434 1.062737 0.435811
v -0.044614 1.053831 0.589940
v -0.000000 1.005300 0.591837
v -0.000000 1.001506 0.446862
v 0.097434 1.062737 0.435811
v 0.044614 1.053831 0.589940
v 0.125101 1.078158 0.588951
v 0.197217 1.046203 0.431028
v 0.205134 1.056387 0.589858
v 0.284838 0.967159 0.432636
v 0.259438 0.999898 0.592085
v 0.279147 0.923246 0.595136
v 0.284343 0.864695 0.435399
v 0.259479 0.846676 0.598187
v 0.191569 0.758149 0.471643
v 0.205588 0.789898 0.600455
v 0.126915 0.766643 0.601403
v 0.045315 0.794352 0.496754
v 0.044655 0.790806 0.600414
v -0.000000 0.842099 0.509371
v 0.064076 0.821153 0.599218
v 0.126792 0.802722 0.599960
v 0.186950 0.820493 0.599218
v 0.228183 0.864035 0.597527
v 0.243481 0.923246 0.595136
v 0.228225 0.982374 0.592786
v 0.186909 1.025421 0.591054
v 0.125678 1.042162 0.590435
v 0.063870 1.023483 0.591136
v 0.032574 0.991981 0.592373
v 0.018307 0.920896 0.595259
v -0.000000 0.920854 0.595218
v -0.018307 0.920896 0.595259
v -0.032574 0.991981 0.592373
v -0.063870 1.023483 0.591136
v -0.125678 1.042162 0.590435
v -0.186909 1.025421 0.591054
v -0.259438 0.999898 0.592085
v -0.279147 0.923246 0.595136
v -0.284343 0.864695 0.435399
v -0.259479 0.846676 0.598187
v -0.191569 0.758149 0.471643
v -0.205588 0.789898 0.600455
v -0.126915 0.766643 0.601403
v -0.186950 0.820493 0.599218
v -0.126792 0.802722 0.599960
v -0.044655 0.790806 0.600414
v -0.064076 0.821153 0.599218
v -0.000000 0.840862 0.598434
v -0.032615 0.853851 0.597898
v -0.000000 0.920854 0.595218
v -0.018307 0.920896 0.595259
v -0.045315 0.794352 0.496754
v 0.032615 0.853851 0.597898
v 0.018307 0.920896 0.595259
v -0.228183 0.864035 0.597527
v -0.243481 0.923246 0.595136
v -0.228225 0.982374 0.592786
v -0.067498 0.976725 0.537657
v -0.194249 0.976766 0.537657
v -0.067498 0.849728 0.542729
v -0.194249 0.849728 0.542729
v 0.207691 0.628636 0.470736
v -0.216968 0.628760 0.474900
v -0.196022 0.602147 0.483518
v -0.184270 0.624660 0.481869
v -0.145594 0.616407 0.496300
v -0.180807 0.629856 0.475643
v -0.139244 0.627292 0.490899
v -0.178663 0.624001 0.468922
v -0.136440 0.622798 0.479931
v 0.000000 0.622218 0.497826
v 0.000000 0.624197 0.516298
v 0.139244 0.627292 0.490899
v 0.000000 0.602591 0.523308
v 0.145594 0.616407 0.496300
v 0.000000 0.572573 0.533616
v 0.184270 0.624660 0.481869
v 0.180807 0.629856 0.475643
v 0.209670 0.629873 0.458819
v 0.178663 0.624001 0.468922
v 0.136440 0.622798 0.479931
v -0.159036 0.574885 0.504093
v -0.208268 0.629048 0.464716
v -0.209670 0.629873 0.458819
v 0.204062 0.103740 0.056591
v 0.272839 0.142499 0.101535
v 0.220844 0.115244 0.171755
v 0.193383 0.055910 0.128254
v 0.234451 0.026181 0.087970
v 0.156685 0.057806 0.079723
v 0.198619 0.054838 0.051520
v 0.189837 0.030716 0.008802
v 0.176518 0.090710 0.096711
v 0.143202 0.091782 0.109741
v 0.057602 0.102421 0.077249
v 0.106546 0.044612 0.055190
v 0.023874 0.105389 -0.026988
v 0.082342 0.033190 -0.008887
v 0.050675 0.105431 -0.079642
v 0.000000 0.139654 -0.065417
v 0.174745 0.023047 0.167962
v 0.140233 0.040406 0.147675
v 0.000000 0.106420 0.173652
v 0.070550 0.036613 -0.071767
v 0.099536 -0.008208 0.022863
v 0.144357 -0.011259 0.147634
v 0.175776 -0.008290 0.168539
v 0.212845 0.025439 0.165158
v 0.234904 0.022470 0.131553
v 0.235440 -0.008290 0.137284
v 0.227936 -0.011259 0.087970
v 0.174045 -0.008208 -0.008515
v 0.181302 0.034221 -0.029338
v 0.204722 0.109265 -0.017133
v 0.271025 0.150704 -0.007278
v 0.207196 0.141674 -0.114278
v 0.142295 0.109801 -0.099517
v 0.213711 -0.008290 0.167838
v 0.127245 0.037602 -0.098939
v 0.072900 -0.008125 -0.061541
v 0.115205 -0.008125 -0.088590
v -0.133760 0.114172 0.180002
v -0.057603 0.102421 0.077249
v -0.023874 0.105389 -0.026988
v -0.050675 0.105431 -0.079642
v -0.115205 -0.008125 -0.088590
v -0.072900 -0.008125 -0.061541
v -0.070550 0.036613 -0.071767
v -0.082342 0.033190 -0.008887
v -0.106546 0.044612 0.055190
v -0.143202 0.091782 0.109741
v -0.175776 -0.008290 0.168539
v -0.144357 -0.011259 0.147634
v -0.140233 0.040406 0.147675
v -0.099536 -0.008208 0.022863
v -0.156685 0.057806 0.079723
v -0.193383 0.055910 0.128254
v -0.174746 0.023047 0.167962
v -0.212845 0.025439 0.165158
v -0.213711 -0.008290 0.167838
v -0.235440 -0.008290 0.137284
v -0.234904 0.022470 0.131553
v -0.234451 0.026181 0.087970
v -0.198619 0.054838 0.051520
v -0.176518 0.090710 0.096711
v -0.204062 0.103740 0.056591
v -0.272839 0.142499 0.101535
v -0.204722 0.109265 -0.017133
v -0.271025 0.150704 -0.007278
v -0.142295 0.109801 -0.099517
v -0.181302 0.034221 -0.029338
v -0.127245 0.037602 -0.098939
v -0.174045 -0.008208 -0.008515
v -0.189837 0.030716 0.008802
v -0.227936 -0.011259 0.087970
v 0.439832 0.934874 0.104834
v 0.452161 0.865396 0.106525
v 0.415670 0.861809 -0.118195
v 0.389734 0.926957 -0.122236
v 0.241007 0.854428 -0.332978
v 0.226452 0.914422 -0.339946
v 0.105969 0.852820 -0.387900
v 0.107494 0.912484 -0.392560
v 0.000000 0.911783 -0.408393
v 0.000000 1.092631 -0.287333
v -0.107494 0.912484 -0.392560
v -0.203444 1.072138 -0.272654
v -0.226452 0.914422 -0.339946
v -0.105969 0.852820 -0.387900
v 0.000000 0.853232 -0.403363
v 0.116071 0.782394 -0.380561
v 0.261046 0.787425 -0.331576
v 0.414474 0.783342 -0.120216
v 0.453316 0.781569 0.107061
v 0.393858 0.747923 0.337306
v 0.398063 0.867664 0.325596
v 0.386807 0.949181 0.320441
v 0.343265 1.097744 0.116297
v 0.320339 1.091312 -0.116463
v 0.203444 1.072138 -0.272654
v 0.159654 1.172499 -0.111268
v 0.000000 1.190931 -0.107392
v 0.000000 1.202641 0.119389
v -0.159654 1.172499 -0.111268
v -0.173467 1.185323 0.111844
v 0.000000 1.165943 0.287043
v 0.173467 1.185323 0.111844
v 0.235276 1.118608 0.300773
v 0.098382 0.661911 -0.401796
v 0.069436 0.601093 -0.414042
v 0.000000 0.661994 -0.408806
v 0.000000 0.601216 -0.421175
v -0.069436 0.601093 -0.414042
v -0.067663 0.470384 -0.415362
v -0.294486 0.556066 -0.332731
v -0.311763 0.457684 -0.322587
v -0.392032 0.464859 -0.143347
v -0.367881 0.352416 -0.150481
v -0.404164 0.342067 0.045459
v -0.327547 0.182784 -0.158645
v -0.368252 0.187732 0.035315
v -0.370355 0.186330 0.213277
v -0.283766 0.161013 0.329307
v -0.220844 0.115244 0.171755
v -0.131245 0.142458 0.378786
v 0.000000 0.135036 0.389301
v 0.131245 0.142458 0.378786
v 0.145759 0.306277 0.491435
v 0.283766 0.161013 0.329307
v 0.326022 0.322440 0.401588
v 0.370355 0.186330 0.213277
v 0.402275 0.337284 0.233728
v 0.404164 0.342067 0.045459
v 0.392032 0.464859 -0.143347
v 0.409763 0.586579 -0.137039
v 0.294486 0.556066 -0.332731
v 0.411150 0.643192 -0.131514
v 0.301949 0.611690 -0.331123
v 0.290445 0.667601 -0.332277
v 0.115205 0.736378 -0.387406
v 0.000000 0.739017 -0.404600
v 0.000000 0.781817 -0.399817
v -0.115205 0.736378 -0.387406
v -0.116071 0.782394 -0.380561
v -0.272385 0.738192 -0.335906
v -0.261046 0.787425 -0.331576
v -0.414392 0.742398 -0.123349
v -0.414474 0.783342 -0.120216
v -0.454305 0.737161 0.108545
v -0.453316 0.781569 0.107061
v -0.399548 0.698196 0.326255
v -0.393858 0.747923 0.337306
v -0.246780 0.701907 0.455356
v -0.155325 0.730111 0.497414
v -0.134420 0.663963 0.506609
v -0.000000 0.742151 0.523555
v 0.155325 0.730111 0.497414
v 0.246780 0.701907 0.455356
v 0.399548 0.698196 0.326255
v 0.454305 0.737161 0.108545
v 0.414392 0.742398 -0.123349
v 0.272385 0.738192 -0.335906
v -0.241007 0.854428 -0.332978
v -0.389734 0.926957 -0.122236
v -0.320339 1.091312 -0.116463
v -0.343265 1.097744 0.116297
v -0.235276 1.118608 0.300773
v -0.097434 1.062737 0.435811
v -0.000000 1.001506 0.446862
v 0.097434 1.062737 0.435811
v 0.197217 1.046203 0.431028
v 0.284838 0.967159 0.432636
v 0.284343 0.864695 0.435399
v 0.191569 0.758149 0.471643
v 0.175158 0.744295 0.487023
v 0.045315 0.794352 0.496754
v -0.045315 0.794352 0.496754
v -0.191569 0.758149 0.471643
v -0.175158 0.744295 0.487023
v -0.284343 0.864695 0.435399
v -0.398063 0.867664 0.325596
v -0.284838 0.967159 0.432636
v -0.386807 0.949181 0.320441
v -0.197217 1.046203 0.431028
v -0.000000 0.768705 0.516381
v -0.297001 0.380042 -0.314052
v -0.290445 0.667601 -0.332277
v 0.409232 0.694815 -0.128957
v 0.368252 0.187732 0.035315
v -0.439832 0.934874 0.104834
v -0.452161 0.865396 0.106525
v -0.415670 0.861809 -0.118195
v -0.301949 0.611690 -0.331123
v -0.098382 0.661911 -0.401796
v -0.409232 0.694815 -0.128957
v -0.454914 0.680466 0.117987
v -0.409635 0.653829 0.314257
v -0.249707 0.610782 0.453500
v 0.133760 0.114172 0.180002
v 0.327547 0.182784 -0.158645
v 0.367881 0.352416 -0.150481
v 0.412205 0.423600 0.247665
v -0.071993 0.137221 -0.130070
v -0.207196 0.141674 -0.114278
v 0.198042 0.657555 0.482693
v 0.216968 0.628760 0.474900
v 0.283436 0.253952 -0.298177
v 0.069065 0.172063 -0.223257
v 0.071993 0.137221 -0.130070
v -0.411150 0.643192 -0.131514
v -0.409763 0.586579 -0.137039
v -0.430212 0.464923 0.079393
v -0.402275 0.337284 0.233728
v -0.326022 0.322440 0.401588
v -0.145759 0.306277 0.491435
v -0.083291 0.323718 0.512505
v -0.151408 0.518998 0.522854
v 0.000000 0.509679 0.543595
v -0.155036 0.555217 0.513288
v 0.000000 0.549648 0.542110
v 0.159036 0.574885 0.504093
v 0.155036 0.555217 0.513288
v 0.196022 0.602147 0.483518
v 0.233915 0.557427 0.476632
v 0.249707 0.610782 0.453500
v 0.409635 0.653829 0.314257
v 0.454914 0.680466 0.117987
v 0.265458 0.526749 0.459232
v 0.416041 0.600639 0.294465
v 0.274900 0.474672 0.439687
v 0.151408 0.518998 0.522854
v 0.083291 0.323718 0.512505
v 0.408784 0.542356 0.261066
v 0.459872 0.622245 0.102278
v 0.452415 0.557071 0.098855
v 0.000000 0.434140 0.535678
v -0.459872 0.622245 0.102278
v -0.416041 0.600639 0.294465
v -0.233915 0.557427 0.476632
v -0.265458 0.526749 0.459232
v -0.274900 0.474672 0.439687
v -0.408784 0.542356 0.261066
v 0.067663 0.470384 -0.415362
v 0.000000 0.471250 -0.423814
v -0.067828 0.261168 -0.370418
v -0.283436 0.253952 -0.298177
v -0.069065 0.172063 -0.223257
v 0.000000 0.173877 -0.226885
v 0.067828 0.261168 -0.370418
v 0.297001 0.380042 -0.314052
v 0.311763 0.457684 -0.322587
v 0.000000 0.263023 -0.377551
v 0.449399 0.524715 0.194733
v 0.449399 0.482421 0.231770
v 0.523016 0.516686 0.194733
v 0.523016 0.482421 0.215650
v 0.449399 0.445898 0.194733
v 0.523016 0.451251 0.194733
v 0.558802 0.482421 0.213152
v 0.558802 0.516686 0.194733
v 0.523016 0.516686 0.154149
v 0.558802 0.516686 0.154149
v 0.558802 0.482421 0.136856
v 0.523016 0.482421 0.136277
v 0.449399 0.524715 0.154149
v 0.405542 0.484940 0.250387
v 0.414818 0.423737 0.131842
v 0.523016 0.451251 0.154149
v 0.558802 0.451251 0.154149
v 0.558802 0.451251 0.194733
v 0.619247 0.451251 0.194733
v 0.619247 0.482421 0.208414
v 0.619247 0.516686 0.194733
v 0.619247 0.516686 0.154149
v 0.619247 0.482421 0.139577
v 0.619247 0.451251 0.154149
v 0.449399 0.482421 0.118709
v 0.449399 0.445898 0.154149
v 0.430212 0.464923 0.079393
v 0.676628 0.519428 0.145284
v 0.632560 0.525025 0.145284
v 0.632560 0.525025 0.195480
v 0.619247 0.516686 0.194733
v 0.619247 0.482421 0.208414
v 0.632560 0.482421 0.225372
v 0.676628 0.445414 0.195480
v 0.676628 0.482421 0.216122
v 0.708996 0.507648 0.217083
v 0.734889 0.504625 0.274738
v 0.767411 0.482421 0.286833
v 0.761654 0.513496 0.276462
v 0.779182 0.504916 0.257961
v 0.774255 0.482421 0.202783
v 0.773865 0.502023 0.198707
v 0.839405 0.508662 0.190859
v 0.855435 0.515621 0.164739
v 0.843261 0.507636 0.140893
v 0.778492 0.517637 0.166439
v 0.780865 0.502808 0.136428
v 0.761321 0.515745 0.123293
v 0.826436 0.501690 0.105245
v 0.822491 0.509832 0.081990
v 0.803476 0.503174 0.067472
v 0.806823 0.482421 0.058748
v 0.731436 0.482421 0.093806
v 0.731161 0.506350 0.102784
v 0.676628 0.519428 0.195480
v 0.619247 0.516686 0.154149
v 0.632560 0.482421 0.115392
v 0.741455 0.520303 0.215152
v 0.746527 0.528445 0.161960
v 0.715337 0.531093 0.160952
v 0.837582 0.482421 0.107029
v 0.676628 0.482421 0.124642
v 0.632560 0.439817 0.145284
v 0.676628 0.445414 0.145284
v 0.741455 0.444539 0.215152
v 0.761654 0.451346 0.276462
v 0.708996 0.457194 0.217083
v 0.734889 0.460217 0.274738
v 0.702083 0.482421 0.224264
v 0.733540 0.482421 0.283349
v 0.779182 0.459926 0.257961
v 0.788525 0.482421 0.266772
v 0.773865 0.462819 0.198707
v 0.852430 0.482421 0.195757
v 0.839405 0.456180 0.190859
v 0.867086 0.482421 0.167226
v 0.855435 0.449221 0.164739
v 0.850728 0.482421 0.134344
v 0.843261 0.457206 0.140893
v 0.785430 0.482421 0.137195
v 0.780865 0.462034 0.136428
v 0.826436 0.463152 0.105245
v 0.835084 0.482421 0.079025
v 0.822491 0.455010 0.081990
v 0.803476 0.461668 0.067472
v 0.731161 0.458492 0.102784
v 0.715337 0.433749 0.160952
v 0.619247 0.451251 0.194733
v 0.619247 0.451251 0.154149
v 0.619247 0.482421 0.139577
v 0.778492 0.447205 0.166439
v 0.761321 0.449097 0.123293
v 0.746527 0.436397 0.161960
v 0.213711 -0.008290 0.167838
v 0.175776 -0.008290 0.168539
v 0.235440 -0.008290 0.137284
v 0.227936 -0.011259 0.087970
v 0.144357 -0.011259 0.147634
v 0.099536 -0.008208 0.022863
v 0.174045 -0.008208 -0.008515
v 0.072900 -0.008125 -0.061541
v 0.115205 -0.008125 -0.088590
v -0.676628 0.445414 0.145284
v -0.632560 0.439817 0.145284
v -0.619247 0.451251 0.194733
v -0.619247 0.451251 0.154149
v -0.741455 0.444539 0.215152
v -0.773865 0.462819 0.198707
v -0.746527 0.436397 0.161960
v -0.778492 0.447205 0.166439
v -0.761321 0.449097 0.123293
v -0.780865 0.462034 0.136428
v -0.822491 0.455010 0.081990
v -0.826436 0.463152 0.105245
v -0.835084 0.482421 0.079025
v -0.837582 0.482421 0.107029
v -0.843261 0.457206 0.140893
v -0.850728 0.482421 0.134344
v -0.855435 0.449221 0.164739
v -0.839405 0.456180 0.190859
v -0.852430 0.482421 0.195757
v -0.774255 0.482421 0.202783
v -0.788525 0.482421 0.266772
v -0.779182 0.459926 0.257961
v -0.767411 0.482421 0.286833
v -0.761654 0.451346 0.276462
v -0.733540 0.482421 0.283349
v -0.734889 0.460217 0.274738
v -0.702083 0.482421 0.224264
v -0.708996 0.457194 0.217083
v -0.715337 0.433749 0.160952
v -0.731161 0.458492 0.102784
v -0.731436 0.482421 0.093806
v -0.803476 0.461668 0.067472
v -0.806823 0.482421 0.058748
v -0.180683 0.640980 0.469540
v 0.208268 0.629048 0.464716
v 0.180683 0.640980 0.469540
v 0.181302 0.635990 0.475313
v 0.182910 0.635990 0.481003
v 0.116071 0.636172 0.499434
v 0.121225 0.639801 0.506567
v -0.000000 0.641503 0.532709
v -0.000000 0.662367 0.530565
v -0.121225 0.639801 0.506567
v -0.182910 0.635990 0.481003
v -0.198042 0.657555 0.482693
v -0.207691 0.628636 0.470736
v -0.181302 0.635990 0.475313
v -0.116071 0.636172 0.499434
v -0.112442 0.642151 0.487311
v -0.000000 0.637792 0.518690
v -0.000000 0.642823 0.499970
v 0.112442 0.642151 0.487311
v 0.134420 0.663963 0.506609
v -0.619247 0.451251 0.194733
v -0.558802 0.451251 0.154149
v -0.452415 0.557071 0.098855
v -0.449399 0.524715 0.194733
v -0.449399 0.482421 0.231770
v -0.405542 0.484940 0.250387
v -0.412205 0.423600 0.247665
v -0.449399 0.445898 0.194733
v -0.414818 0.423737 0.131842
v -0.449399 0.445898 0.154149
v -0.523016 0.451251 0.194733
v -0.523016 0.451251 0.154149
v -0.558802 0.451251 0.194733
v -0.558802 0.482421 0.213152
v -0.558802 0.516686 0.194733
v -0.619247 0.482421 0.208414
v -0.619247 0.516686 0.194733
v -0.619247 0.516686 0.154149
v -0.558802 0.516686 0.154149
v -0.619247 0.482421 0.139577
v -0.558802 0.482421 0.136856
v -0.619247 0.451251 0.154149
v -0.523016 0.482421 0.136277
v -0.449399 0.482421 0.118709
v -0.449399 0.524715 0.154149
v -0.523016 0.516686 0.154149
v -0.523016 0.516686 0.194733
v -0.523016 0.482421 0.215650
v -0.867086 0.482421 0.167226
v -0.839405 0.508662 0.190859
v -0.619247 0.482421 0.139577
v -0.632560 0.482421 0.115392
v -0.632560 0.525025 0.145284
v -0.676628 0.482421 0.124642
v -0.676628 0.519428 0.145284
v -0.731161 0.506350 0.102784
v -0.803476 0.503174 0.067472
v -0.761321 0.515745 0.123293
v -0.822491 0.509832 0.081990
v -0.826436 0.501690 0.105245
v -0.785430 0.482421 0.137195
v -0.780865 0.502808 0.136428
v -0.843261 0.507636 0.140893
v -0.855435 0.515621 0.164739
v -0.773865 0.502023 0.198707
v -0.779182 0.504916 0.257961
v -0.761654 0.513496 0.276462
v -0.734889 0.504625 0.274738
v -0.708996 0.507648 0.217083
v -0.676628 0.482421 0.216122
v -0.676628 0.445414 0.195480
v -0.619247 0.482421 0.208414
v -0.619247 0.516686 0.194733
v -0.632560 0.482421 0.225372
v -0.632560 0.525025 0.195480
v -0.619247 0.516686 0.154149
v -0.676628 0.519428 0.195480
v -0.741455 0.520303 0.215152
v -0.778492 0.517637 0.166439
v -0.746527 0.528445 0.161960
v -0.715337 0.531093 0.160952
v -0.037811 0.298813 0.517948
v 0.000000 0.296917 0.524297
v 0.037811 0.298813 0.517948
v -0.101103 0.441686 0.521411
v 0.101103 0.441686 0.521411
v -0.115205 -0.008125 -0.088590
v -0.072900 -0.008125 -0.061541
v -0.174045 -0.008208 -0.008515
v -0.099536 -0.008208 0.022863
v -0.227936 -0.011259 0.087970
v -0.144357 -0.011259 0.147634
v -0.175776 -0.008290 0.168539
v -0.235440 -0.008290 0.137284
v -0.213711 -0.008290 0.167838
v 0.280756 0.622286 0.249892
v 0.102175 0.599237 -0.010825
v 0.227647 0.725946 0.124956
v 0.223112 0.694609 0.261767
v -0.000000 0.741903 0.301887
v -0.223112 0.694609 0.261767
v 0.000000 0.602701 0.002453
v -0.227647 0.725946 0.124956
v 0.000000 0.772745 0.150726
v -0.280756 0.622286 0.249892
v -0.243110 0.518091 0.261973
v 0.000000 0.483950 0.284404
v 0.243110 0.518091 0.261973
v 0.268633 0.492815 0.121781
v 0.306073 0.632718 0.108586
v 0.000000 0.443789 0.148417
v -0.102175 0.599237 -0.010825
v -0.268633 0.492815 0.121781
v -0.306073 0.632718 0.108586
v 0.632560 0.439817 0.195480
v -0.632560 0.439817 0.195480
v -0.000000 0.842099 0.509371
vt 0.004883 -0.925293
vt 0.010254 -0.925293
vt 0.014160 -0.799316
vt 0.017090 -0.925293
vt 0.023926 -0.925293
vt 0.004883 -0.925293
vt 0.014160 -0.997070
vt 0.010254 -0.925293
vt 0.017090 -0.925293
vt 0.023926 -0.925293
vt 0.004883 -0.925293
vt 0.010254 -0.925293
vt 0.014160 -0.799316
vt 0.017090 -0.925293
vt 0.023926 -0.925293
vt 0.004883 -0.925293
vt 0.014160 -0.997070
vt 0.010254 -0.925293
vt 0.017090 -0.925293
vt 0.023926 -0.925293
vt 0.004883 -0.925293
vt 0.010254 -0.925293
vt 0.014160 -0.799316
vt 0.017090 -0.925293
vt 0.023926 -0.925293
vt 0.004883 -0.925293
vt 0.014160 -0.997070
vt 0.010254 -0.925293
vt 0.017090 -0.925293
vt 0.023926 -0.925293
vt 0.004883 -0.925293
vt 0.010254 -0.925293
vt 0.014160 -0.799316
vt 0.017090 -0.925293
vt 0.023926 -0.925293
vt 0.004883 -0.925293
vt 0.014160 -0.997070
vt 0.010254 -0.925293
vt 0.017090 -0.925293
vt 0.023926 -0.925293
vt 0.023926 -0.925293
vt 0.017090 -0.925293
vt 0.014160 -0.799316
vt 0.010254 -0.925293
vt 0.004883 -0.925293
vt 0.023926 -0.925293
vt 0.014160 -0.997070
vt 0.017090 -0.925293
vt 0.010254 -0.925293
vt 0.004883 -0.925293
vt 0.023926 -0.925293
vt 0.017090 -0.925293
vt 0.014160 -0.799316
vt 0.010254 -0.925293
vt 0.004883 -0.925293
vt 0.023926 -0.925293
vt 0.014160 -0.997070
vt 0.017090 -0.925293
vt 0.010254 -0.925293
vt 0.004883 -0.925293
vt 0.023926 -0.925293
vt 0.017090 -0.925293
vt 0.014160 -0.799316
vt 0.010254 -0.925293
vt 0.004883 -0.925293
vt 0.023926 -0.925293
vt 0.014160 -0.997070
vt 0.017090 -0.925293
vt 0.010254 -0.925293
vt 0.004883 -0.925293
vt 0.023926 -0.925293
vt 0.017090 -0.925293
vt 0.014160 -0.799316
vt 0.010254 -0.925293
vt 0.004883 -0.925293
vt 0.023926 -0.925293
vt 0.014160 -0.997070
vt 0.017090 -0.925293
vt 0.010254 -0.925293
vt 0.004883 -0.925293
vt 0.349609 -0.956543
vt 0.349609 -0.996582
vt 0.296387 -0.996582
vt 0.286621 -0.943848
vt 0.256348 -0.963867
vt 0.256348 -0.936035
vt 0.226074 -0.943848
vt 0.216797 -0.956543
vt 0.216797 -0.996582
vt 0.256348 -0.996582
vt 0.296387 -0.956543
vt 0.324219 -0.942871
vt 0.348145 -0.948730
vt 0.298340 -0.947266
vt 0.810059 -0.059570
vt 0.835938 -0.064453
vt 0.808105 -0.050293
vt 0.861328 -0.050293
vt 0.859863 -0.058594
vt 0.798340 -0.062988
vt 0.768066 -0.042480
vt 0.768066 -0.070801
vt 0.737305 -0.062500
vt 0.728516 -0.050293
vt 0.728516 -0.010254
vt 0.768066 -0.010254
vt 0.808105 -0.010254
vt 0.861328 -0.010254
vt 0.426758 -0.019531
vt 0.400879 -0.014648
vt 0.428711 -0.028809
vt 0.375488 -0.028809
vt 0.376953 -0.020508
vt 0.438477 -0.016113
vt 0.468750 -0.036621
vt 0.468750 -0.008301
vt 0.499512 -0.017090
vt 0.508301 -0.028809
vt 0.508301 -0.068848
vt 0.468750 -0.068848
vt 0.428711 -0.068848
vt 0.375488 -0.068848
vt 0.859863 -0.058594
vt 0.835938 -0.064453
vt 0.861328 -0.050293
vt 0.808105 -0.050293
vt 0.810059 -0.059570
vt 0.728516 -0.010254
vt 0.768066 -0.042480
vt 0.728516 -0.050293
vt 0.737305 -0.062500
vt 0.768066 -0.070801
vt 0.798340 -0.062988
vt 0.768066 -0.010254
vt 0.808105 -0.010254
vt 0.861328 -0.010254
vt 0.659668 -0.155762
vt 0.597168 -0.155762
vt 0.675293 -0.120605
vt 0.625977 -0.120605
vt 0.576660 -0.120605
vt 0.527344 -0.155762
vt 0.625977 -0.059570
vt 0.625977 -0.120605
vt 0.675293 -0.120605
vt 0.597168 -0.155762
vt 0.576660 -0.120605
vt 0.527344 -0.120605
vt 0.527344 -0.059570
vt 0.576660 -0.059570
vt 0.625977 -0.059570
vt 0.675293 -0.059570
vt 0.724609 -0.059570
vt 0.724609 -0.120605
vt 0.724609 -0.155762
vt 0.724609 -0.218750
vt 0.628418 -0.218750
vt 0.527344 -0.218750
vt 0.628418 -0.218750
vt 0.659668 -0.155762
vt 0.724609 -0.218750
vt 0.724609 -0.155762
vt 0.724609 -0.120605
vt 0.724609 -0.059570
vt 0.675293 -0.059570
vt 0.576660 -0.059570
vt 0.926270 -0.442383
vt 0.891113 -0.458008
vt 0.926270 -0.379883
vt 0.891113 -0.408691
vt 0.829590 -0.359375
vt 0.829590 -0.310059
vt 0.891113 -0.359375
vt 0.891113 -0.310059
vt 0.926270 -0.310059
vt 0.891113 -0.359375
vt 0.926270 -0.379883
vt 0.891113 -0.408691
vt 0.891113 -0.458008
vt 0.829590 -0.458008
vt 0.829590 -0.507324
vt 0.891113 -0.507324
vt 0.926270 -0.507324
vt 0.926270 -0.442383
vt 0.989258 -0.507324
vt 0.989258 -0.411133
vt 0.989258 -0.310059
vt 0.829590 -0.408691
vt 0.829590 -0.458008
vt 0.829590 -0.507324
vt 0.891113 -0.507324
vt 0.926270 -0.507324
vt 0.989258 -0.507324
vt 0.989258 -0.411133
vt 0.829590 -0.359375
vt 0.829590 -0.408691
vt 0.030762 -0.062012
vt 0.056641 -0.057129
vt 0.058594 -0.048340
vt 0.006348 -0.056152
vt 0.005371 -0.048340
vt 0.058594 -0.008301
vt 0.098633 -0.040527
vt 0.098633 -0.008301
vt 0.138184 -0.008301
vt 0.138184 -0.048340
vt 0.128906 -0.060547
vt 0.098633 -0.068848
vt 0.068359 -0.060547
vt 0.005371 -0.008301
vt 0.941406 -0.072754
vt 0.961426 -0.103027
vt 0.954102 -0.062988
vt 0.933105 -0.103027
vt 0.941406 -0.133301
vt 0.954102 -0.142578
vt 0.994141 -0.142578
vt 0.994141 -0.103027
vt 0.994141 -0.062988
vt 0.954102 -0.009766
vt 0.940430 -0.035156
vt 0.946289 -0.011230
vt 0.944824 -0.061035
vt 0.994141 -0.009766
vt 0.941895 -0.715820
vt 0.961914 -0.746094
vt 0.954590 -0.706055
vt 0.934082 -0.746094
vt 0.941895 -0.776367
vt 0.954590 -0.785645
vt 0.994629 -0.785645
vt 0.994629 -0.746094
vt 0.994629 -0.706055
vt 0.954590 -0.652832
vt 0.940918 -0.678223
vt 0.946777 -0.654297
vt 0.945312 -0.704102
vt 0.994629 -0.652832
vt 0.286621 -0.943848
vt 0.256348 -0.963867
vt 0.296387 -0.956543
vt 0.256348 -0.936035
vt 0.226074 -0.943848
vt 0.216797 -0.956543
vt 0.216797 -0.996582
vt 0.256348 -0.996582
vt 0.296387 -0.996582
vt 0.349609 -0.956543
vt 0.324219 -0.942871
vt 0.348145 -0.948730
vt 0.298340 -0.947266
vt 0.349609 -0.996582
vt 0.874512 -0.076660
vt 0.886719 -0.086914
vt 0.894531 -0.046387
vt 0.866211 -0.046387
vt 0.875000 -0.016113
vt 0.886719 -0.006836
vt 0.927246 -0.006836
vt 0.927246 -0.046387
vt 0.927246 -0.086914
vt 0.886719 -0.139648
vt 0.927246 -0.139648
vt 0.877930 -0.088379
vt 0.873047 -0.114258
vt 0.878418 -0.138672
vt 0.068359 -0.060547
vt 0.058594 -0.048340
vt 0.098633 -0.040527
vt 0.098633 -0.068848
vt 0.128906 -0.060547
vt 0.138184 -0.048340
vt 0.138184 -0.008301
vt 0.098633 -0.008301
vt 0.058594 -0.008301
vt 0.005371 -0.048340
vt 0.030762 -0.062012
vt 0.006348 -0.056152
vt 0.056641 -0.057129
vt 0.005371 -0.008301
vt 0.941406 -0.072754
vt 0.954102 -0.062988
vt 0.961426 -0.103027
vt 0.933105 -0.103027
vt 0.941406 -0.133301
vt 0.954102 -0.142578
vt 0.994141 -0.142578
vt 0.994141 -0.103027
vt 0.994141 -0.062988
vt 0.954102 -0.009766
vt 0.940430 -0.035156
vt 0.946289 -0.011230
vt 0.944824 -0.061035
vt 0.994141 -0.009766
vt 0.940918 -0.678223
vt 0.954590 -0.706055
vt 0.945312 -0.704102
vt 0.946777 -0.654297
vt 0.954590 -0.652832
vt 0.994629 -0.706055
vt 0.961914 -0.746094
vt 0.994629 -0.746094
vt 0.994629 -0.785645
vt 0.954590 -0.785645
vt 0.941895 -0.776367
vt 0.934082 -0.746094
vt 0.941895 -0.715820
vt 0.994629 -0.652832
vt 0.508301 -0.068848
vt 0.468750 -0.068848
vt 0.468750 -0.036621
vt 0.508301 -0.028809
vt 0.499512 -0.017090
vt 0.468750 -0.008301
vt 0.438477 -0.016113
vt 0.428711 -0.028809
vt 0.428711 -0.068848
vt 0.375488 -0.028809
vt 0.375488 -0.068848
vt 0.376953 -0.020508
vt 0.400879 -0.014648
vt 0.426758 -0.019531
vt 0.927246 -0.006836
vt 0.927246 -0.046387
vt 0.894531 -0.046387
vt 0.886719 -0.006836
vt 0.875000 -0.016113
vt 0.866211 -0.046387
vt 0.874512 -0.076660
vt 0.886719 -0.086914
vt 0.927246 -0.086914
vt 0.886719 -0.139648
vt 0.927246 -0.139648
vt 0.878418 -0.138672
vt 0.873047 -0.114258
vt 0.877930 -0.088379
vt 0.621094 -0.405273
vt 0.573242 -0.422363
vt 0.573242 -0.407715
vt 0.621094 -0.405273
vt 0.573242 -0.342285
vt 0.619629 -0.342285
vt 0.613770 -0.391113
vt 0.660645 -0.353027
vt 0.627441 -0.294922
vt 0.667969 -0.291016
vt 0.625488 -0.234375
vt 0.573242 -0.234375
vt 0.573242 -0.294922
vt 0.627441 -0.294922
vt 0.619629 -0.342285
vt 0.613770 -0.391113
vt 0.660645 -0.353027
vt 0.667969 -0.291016
vt 0.625488 -0.234375
vt 0.015137 -0.158203
vt 0.010254 -0.184082
vt 0.024414 -0.156738
vt 0.024414 -0.209473
vt 0.016113 -0.208496
vt 0.031738 -0.116211
vt 0.011719 -0.146484
vt 0.003906 -0.116211
vt 0.012207 -0.085938
vt 0.024414 -0.077148
vt 0.064453 -0.077148
vt 0.064453 -0.116211
vt 0.064453 -0.156738
vt 0.064453 -0.209473
vt 0.003418 -0.582031
vt 0.003418 -0.556641
vt 0.023926 -0.599609
vt 0.044434 -0.556641
vt 0.046387 -0.592773
vt 0.069336 -0.556641
vt 0.064941 -0.575195
vt 0.064941 -0.575195
vt 0.046387 -0.592773
vt 0.023926 -0.599609
vt 0.003418 -0.582031
vt 0.015137 -0.158203
vt 0.024414 -0.156738
vt 0.010254 -0.184082
vt 0.024414 -0.209473
vt 0.016113 -0.208496
vt 0.064453 -0.209473
vt 0.064453 -0.156738
vt 0.064453 -0.116211
vt 0.031738 -0.116211
vt 0.064453 -0.077148
vt 0.024414 -0.077148
vt 0.012207 -0.085938
vt 0.003906 -0.116211
vt 0.011719 -0.146484
vt 0.517578 -0.048828
vt 0.517578 -0.039551
vt 0.570801 -0.048828
vt 0.570801 -0.007324
vt 0.610352 -0.048828
vt 0.610352 -0.007324
vt 0.647949 -0.048828
vt 0.647949 -0.007324
vt 0.700684 -0.048828
vt 0.700684 -0.039551
vt 0.853027 -0.923340
vt 0.925293 -0.923340
vt 0.862793 -0.886230
vt 0.888672 -0.859863
vt 0.925293 -0.850098
vt 0.963867 -0.861328
vt 0.983887 -0.881836
vt 0.993164 -0.923340
vt 0.983398 -0.964355
vt 0.962891 -0.985352
vt 0.925293 -0.996094
vt 0.887695 -0.985352
vt 0.862305 -0.958496
vt 0.986328 -0.958496
vt 0.995605 -0.923340
vt 0.923828 -0.923340
vt 0.985840 -0.886230
vt 0.960449 -0.859863
vt 0.923828 -0.850098
vt 0.885254 -0.861328
vt 0.864746 -0.881836
vt 0.855469 -0.923340
vt 0.865234 -0.964355
vt 0.885742 -0.985352
vt 0.923828 -0.996094
vt 0.960938 -0.985352
vt 0.700684 -0.039551
vt 0.647949 -0.007324
vt 0.700684 -0.048828
vt 0.647949 -0.048828
vt 0.610352 -0.007324
vt 0.610352 -0.048828
vt 0.570801 -0.007324
vt 0.570801 -0.048828
vt 0.517578 -0.039551
vt 0.517578 -0.048828
vt 0.331543 -0.035645
vt 0.278320 -0.010742
vt 0.331543 -0.045410
vt 0.278320 -0.045410
vt 0.238770 -0.010742
vt 0.238770 -0.045410
vt 0.201172 -0.010742
vt 0.201172 -0.045410
vt 0.148926 -0.045410
vt 0.148926 -0.035645
vt 0.411133 -0.995605
vt 0.411133 -0.942383
vt 0.357910 -0.995605
vt 0.357910 -0.942383
vt 0.148926 -0.035645
vt 0.201172 -0.010742
vt 0.148926 -0.045410
vt 0.201172 -0.045410
vt 0.238770 -0.045410
vt 0.238770 -0.010742
vt 0.278320 -0.045410
vt 0.278320 -0.010742
vt 0.331543 -0.045410
vt 0.331543 -0.035645
vt 0.730469 -0.334961
vt 0.808105 -0.369141
vt 0.730469 -0.369141
vt 0.808105 -0.403320
vt 0.730469 -0.423828
vt 0.808105 -0.437988
vt 0.808105 -0.472656
vt 0.730469 -0.472168
vt 0.730469 -0.423828
vt 0.808105 -0.437988
vt 0.808105 -0.403320
vt 0.730469 -0.369141
vt 0.808105 -0.369141
vt 0.730469 -0.334961
vt 0.808105 -0.334473
vt 0.808105 -0.300293
vt 0.730469 -0.266113
vt 0.808105 -0.265625
vt 0.730469 -0.216797
vt 0.808105 -0.231445
vt 0.808105 -0.196777
vt 0.730469 -0.162598
vt 0.808105 -0.162598
vt 0.730469 -0.127930
vt 0.823730 -0.162598
vt 0.823730 -0.196777
vt 0.823730 -0.231445
vt 0.823730 -0.265625
vt 0.823730 -0.300293
vt 0.823730 -0.334473
vt 0.823730 -0.369141
vt 0.823730 -0.403320
vt 0.823730 -0.437988
vt 0.823730 -0.472656
vt 0.823730 -0.506836
vt 0.808105 -0.506836
vt 0.823730 -0.506836
vt 0.823730 -0.472656
vt 0.823730 -0.437988
vt 0.823730 -0.403320
vt 0.823730 -0.369141
vt 0.808105 -0.334473
vt 0.808105 -0.300293
vt 0.730469 -0.266113
vt 0.808105 -0.265625
vt 0.730469 -0.216797
vt 0.808105 -0.231445
vt 0.808105 -0.196777
vt 0.823730 -0.231445
vt 0.823730 -0.196777
vt 0.808105 -0.162598
vt 0.823730 -0.162598
vt 0.808105 -0.127930
vt 0.823730 -0.127930
vt 0.808105 -0.093750
vt 0.823730 -0.093750
vt 0.730469 -0.162598
vt 0.823730 -0.127930
vt 0.823730 -0.093750
vt 0.823730 -0.265625
vt 0.823730 -0.300293
vt 0.823730 -0.334473
vt 0.411133 -0.942383
vt 0.357910 -0.942383
vt 0.411133 -0.995605
vt 0.357910 -0.995605
vt 0.792480 -0.871094
vt 0.774414 -0.867676
vt 0.774414 -0.871582
vt 0.774414 -0.867676
vt 0.792480 -0.871094
vt 0.774414 -0.871582
vt 0.783203 -0.881836
vt 0.795898 -0.897949
vt 0.779785 -0.884277
vt 0.791504 -0.903809
vt 0.774902 -0.885742
vt 0.786133 -0.907227
vt 0.811035 -0.970215
vt 0.821777 -0.965332
vt 0.791504 -0.903809
vt 0.833496 -0.958984
vt 0.795898 -0.897949
vt 0.855957 -0.947266
vt 0.809082 -0.883789
vt 0.783203 -0.881836
vt 0.770996 -0.871582
vt 0.779785 -0.884277
vt 0.766602 -0.870117
vt 0.774902 -0.885742
vt 0.786133 -0.907227
vt 0.809082 -0.883789
vt 0.770996 -0.871582
vt 0.766602 -0.870117
vt 0.842285 -0.743652
vt 0.834961 -0.711914
vt 0.812988 -0.708496
vt 0.783691 -0.815430
vt 0.812500 -0.820312
vt 0.783203 -0.780762
vt 0.814941 -0.783691
vt 0.849609 -0.793457
vt 0.815918 -0.747070
vt 0.787109 -0.745117
vt 0.799316 -0.708496
vt 0.740723 -0.727539
vt 0.740234 -0.774414
vt 0.680664 -0.726074
vt 0.698730 -0.767578
vt 0.654297 -0.736328
vt 0.656250 -0.707031
vt 0.627930 -0.728027
vt 0.766602 -0.838867
vt 0.757812 -0.825195
vt 0.762207 -0.679688
vt 0.589844 -0.757324
vt 0.612305 -0.763672
vt 0.673828 -0.771973
vt 0.715820 -0.782715
vt 0.744141 -0.840332
vt 0.758789 -0.853027
vt 0.782227 -0.843262
vt 0.798828 -0.838379
vt 0.803223 -0.854004
vt 0.823242 -0.838379
vt 0.867188 -0.812012
vt 0.878906 -0.793945
vt 0.882812 -0.746582
vt 0.885254 -0.721191
vt 0.930176 -0.739258
vt 0.921875 -0.761719
vt 0.916016 -0.804199
vt 0.911621 -0.826660
vt 0.781250 -0.860352
vt 0.649902 -0.784668
vt 0.680664 -0.794922
vt 0.658203 -0.806641
vt 0.799316 -0.708496
vt 0.740723 -0.727539
vt 0.680664 -0.726074
vt 0.654297 -0.736328
vt 0.627930 -0.728027
vt 0.612305 -0.763672
vt 0.589844 -0.757324
vt 0.658203 -0.806641
vt 0.649902 -0.784668
vt 0.680664 -0.794922
vt 0.673828 -0.771973
vt 0.698730 -0.767578
vt 0.740234 -0.774414
vt 0.787109 -0.745117
vt 0.812988 -0.708496
vt 0.758789 -0.853027
vt 0.744141 -0.840332
vt 0.757812 -0.825195
vt 0.715820 -0.782715
vt 0.783203 -0.780762
vt 0.783691 -0.815430
vt 0.766602 -0.838867
vt 0.782227 -0.843262
vt 0.781250 -0.860352
vt 0.803223 -0.854004
vt 0.798828 -0.838379
vt 0.812500 -0.820312
vt 0.814941 -0.783691
vt 0.815918 -0.747070
vt 0.842285 -0.743652
vt 0.834961 -0.711914
vt 0.882812 -0.746582
vt 0.885254 -0.721191
vt 0.930176 -0.739258
vt 0.921875 -0.761719
vt 0.878906 -0.793945
vt 0.916016 -0.804199
vt 0.867188 -0.812012
vt 0.911621 -0.826660
vt 0.849609 -0.793457
vt 0.823242 -0.838379
vt 0.293945 -0.303223
vt 0.291504 -0.333496
vt 0.369629 -0.336914
vt 0.368652 -0.308594
vt 0.433594 -0.332031
vt 0.431641 -0.301758
vt 0.501465 -0.321289
vt 0.495117 -0.286133
vt 0.547852 -0.268555
vt 0.492188 -0.147461
vt 0.495117 -0.286133
vt 0.443848 -0.190430
vt 0.431641 -0.301758
vt 0.501465 -0.321289
vt 0.555664 -0.312500
vt 0.505371 -0.407715
vt 0.435059 -0.414062
vt 0.374023 -0.416504
vt 0.287598 -0.414062
vt 0.186035 -0.415527
vt 0.206543 -0.321777
vt 0.211426 -0.280273
vt 0.288086 -0.194824
vt 0.372559 -0.204590
vt 0.443848 -0.190430
vt 0.393555 -0.132324
vt 0.415527 -0.081055
vt 0.305176 -0.053223
vt 0.393555 -0.132324
vt 0.300781 -0.114258
vt 0.220215 -0.065918
vt 0.300781 -0.114258
vt 0.222168 -0.182617
vt 0.517578 -0.568848
vt 0.536621 -0.670410
vt 0.569336 -0.567383
vt 0.575195 -0.670898
vt 0.536621 -0.670410
vt 0.534668 -0.751953
vt 0.443359 -0.695312
vt 0.430176 -0.747070
vt 0.377930 -0.732910
vt 0.377930 -0.796875
vt 0.320801 -0.796875
vt 0.399414 -0.899414
vt 0.326660 -0.881836
vt 0.335938 -0.930664
vt 0.240723 -0.873535
vt 0.258789 -0.931641
vt 0.181152 -0.877930
vt 0.207031 -0.941895
vt 0.168457 -0.959473
vt 0.134766 -0.900391
vt 0.068359 -0.931152
vt 0.047852 -0.833984
vt 0.028320 -0.840332
vt 0.047852 -0.833984
vt 0.134766 -0.900391
vt 0.104980 -0.816895
vt 0.181152 -0.877930
vt 0.145020 -0.796875
vt 0.240723 -0.873535
vt 0.220215 -0.796875
vt 0.320801 -0.796875
vt 0.274414 -0.746582
vt 0.302246 -0.717285
vt 0.377930 -0.732910
vt 0.377930 -0.667969
vt 0.443359 -0.695312
vt 0.377441 -0.638184
vt 0.447754 -0.665527
vt 0.437500 -0.569824
vt 0.508789 -0.474609
vt 0.564453 -0.472168
vt 0.561523 -0.403320
vt 0.508789 -0.474609
vt 0.505371 -0.407715
vt 0.435547 -0.478027
vt 0.435059 -0.414062
vt 0.376465 -0.478516
vt 0.374023 -0.416504
vt 0.291016 -0.475586
vt 0.287598 -0.414062
vt 0.197754 -0.486328
vt 0.186035 -0.415527
vt 0.144531 -0.517090
vt 0.099609 -0.486816
vt 0.083496 -0.538086
vt 0.024414 -0.475098
vt 0.018555 -0.529785
vt 0.083496 -0.538086
vt 0.099609 -0.486816
vt 0.144531 -0.517090
vt 0.197754 -0.486328
vt 0.291016 -0.475586
vt 0.376465 -0.478516
vt 0.435547 -0.478027
vt 0.433594 -0.332031
vt 0.368652 -0.308594
vt 0.372559 -0.204590
vt 0.288086 -0.194824
vt 0.222168 -0.182617
vt 0.164551 -0.138184
vt 0.123535 -0.094727
vt 0.164551 -0.138184
vt 0.177246 -0.197266
vt 0.174316 -0.266113
vt 0.168457 -0.324707
vt 0.119629 -0.381348
vt 0.106445 -0.444824
vt 0.057129 -0.370605
vt 0.057129 -0.370605
vt 0.119629 -0.381348
vt 0.106445 -0.444824
vt 0.168457 -0.324707
vt 0.206543 -0.321777
vt 0.174316 -0.266113
vt 0.211426 -0.280273
vt 0.177246 -0.197266
vt 0.027832 -0.438477
vt 0.430664 -0.788086
vt 0.437500 -0.569824
vt 0.379883 -0.565918
vt 0.326660 -0.881836
vt 0.293945 -0.303223
vt 0.291504 -0.333496
vt 0.369629 -0.336914
vt 0.447754 -0.665527
vt 0.517578 -0.568848
vt 0.379883 -0.565918
vt 0.294434 -0.562012
vt 0.202148 -0.565430
vt 0.151855 -0.567871
vt 0.120605 -0.568848
vt 0.113770 -0.553223
vt 0.111816 -1.000000
vt 0.168457 -0.959473
vt 0.207031 -0.941895
vt 0.258789 -0.931641
vt 0.335938 -0.930664
vt 0.399414 -0.899414
vt 0.377930 -0.796875
vt 0.214355 -0.742676
vt 0.212402 -0.703613
vt 0.459961 -0.952148
vt 0.403320 -0.933594
vt 0.113770 -0.553223
vt 0.120605 -0.568848
vt 0.432617 -0.828613
vt 0.485840 -0.912598
vt 0.403320 -0.933594
vt 0.459961 -0.952148
vt 0.489746 -0.985352
vt 0.377441 -0.638184
vt 0.377930 -0.667969
vt 0.302246 -0.717285
vt 0.274414 -0.746582
vt 0.220215 -0.796875
vt 0.145020 -0.796875
vt 0.104980 -0.816895
vt 0.070312 -0.813965
vt 0.088867 -0.688477
vt 0.067871 -0.737793
vt 0.004883 -0.701660
vt 0.099609 -0.634277
vt 0.005859 -0.663086
vt 0.082520 -0.595215
vt 0.004395 -0.611816
vt 0.082520 -0.595215
vt 0.099609 -0.634277
vt 0.104980 -0.584473
vt 0.129883 -0.612793
vt 0.151855 -0.567871
vt 0.202148 -0.565430
vt 0.294434 -0.562012
vt 0.135254 -0.682617
vt 0.204590 -0.645020
vt 0.145020 -0.712402
vt 0.088867 -0.688477
vt 0.070312 -0.813965
vt 0.206055 -0.682129
vt 0.294922 -0.630859
vt 0.296387 -0.667969
vt 0.013184 -0.750977
vt 0.067871 -0.737793
vt 0.294922 -0.630859
vt 0.204590 -0.645020
vt 0.129883 -0.612793
vt 0.135254 -0.682617
vt 0.145020 -0.712402
vt 0.212402 -0.703613
vt 0.214355 -0.742676
vt 0.104980 -0.584473
vt 0.206055 -0.682129
vt 0.296387 -0.667969
vt 0.534668 -0.751953
vt 0.572266 -0.755859
vt 0.521484 -0.841797
vt 0.432617 -0.828613
vt 0.485840 -0.912598
vt 0.521484 -0.926270
vt 0.521484 -0.841797
vt 0.430664 -0.788086
vt 0.430176 -0.747070
vt 0.557129 -0.849609
vt 0.862793 -0.540527
vt 0.824707 -0.543457
vt 0.862793 -0.608398
vt 0.839355 -0.609375
vt 0.791504 -0.548340
vt 0.817383 -0.613281
vt 0.842285 -0.641113
vt 0.862793 -0.640625
vt 0.887207 -0.611328
vt 0.883301 -0.643066
vt 0.902832 -0.647461
vt 0.908203 -0.617188
vt 0.902344 -0.541016
vt 0.833984 -0.515137
vt 0.808105 -0.515137
vt 0.781250 -0.515137
vt 0.737793 -0.555664
vt 0.764160 -0.566406
vt 0.797363 -0.622559
vt 0.801758 -0.649414
vt 0.821777 -0.644043
vt 0.827148 -0.703613
vt 0.845215 -0.703613
vt 0.862793 -0.703613
vt 0.879883 -0.703613
vt 0.897461 -0.703613
vt 0.915527 -0.703613
vt 0.923340 -0.649414
vt 0.928711 -0.622559
vt 0.936523 -0.551758
vt 0.913086 -0.515137
vt 0.808594 -0.703613
vt 0.959961 -0.566406
vt 0.958496 -0.515137
vt 0.985840 -0.555664
vt 0.869141 -0.199219
vt 0.843750 -0.199219
vt 0.843750 -0.224121
vt 0.831543 -0.224121
vt 0.831543 -0.249023
vt 0.843750 -0.249023
vt 0.869141 -0.268066
vt 0.890137 -0.268066
vt 0.869141 -0.249023
vt 0.898926 -0.249023
vt 0.890137 -0.297363
vt 0.898926 -0.287109
vt 0.914551 -0.306152
vt 0.914551 -0.289551
vt 0.929688 -0.287109
vt 0.939453 -0.256836
vt 0.929688 -0.249023
vt 0.969238 -0.237793
vt 0.980957 -0.248047
vt 0.991699 -0.224121
vt 0.973145 -0.224121
vt 0.969238 -0.210449
vt 0.929688 -0.224121
vt 0.929688 -0.199219
vt 0.914551 -0.199219
vt 0.929688 -0.160645
vt 0.914551 -0.158691
vt 0.914551 -0.141602
vt 0.898926 -0.160645
vt 0.890137 -0.150391
vt 0.890137 -0.179688
vt 0.898926 -0.199219
vt 0.869141 -0.224121
vt 0.831543 -0.199219
vt 0.831543 -0.179688
vt 0.843750 -0.179688
vt 0.869141 -0.179688
vt 0.939453 -0.297363
vt 0.914551 -0.249023
vt 0.914551 -0.224121
vt 0.898926 -0.224121
vt 0.939453 -0.150391
vt 0.939453 -0.191406
vt 0.980957 -0.199707
vt 0.021484 -0.311523
vt 0.046875 -0.311523
vt 0.021484 -0.286621
vt 0.046875 -0.286621
vt 0.091797 -0.261719
vt 0.091797 -0.221191
vt 0.076172 -0.261719
vt 0.076172 -0.223633
vt 0.067383 -0.242188
vt 0.067383 -0.213379
vt 0.091797 -0.204102
vt 0.106934 -0.223633
vt 0.117188 -0.213379
vt 0.106934 -0.261719
vt 0.117188 -0.253906
vt 0.158203 -0.262207
vt 0.146484 -0.272949
vt 0.169434 -0.286621
vt 0.150391 -0.286621
vt 0.158203 -0.311035
vt 0.146484 -0.300293
vt 0.117188 -0.319336
vt 0.106934 -0.311523
vt 0.117188 -0.359863
vt 0.106934 -0.349609
vt 0.091797 -0.369141
vt 0.091797 -0.352051
vt 0.067383 -0.359863
vt 0.076172 -0.349609
vt 0.067383 -0.331055
vt 0.076172 -0.311523
vt 0.076172 -0.286621
vt 0.046875 -0.261719
vt 0.021484 -0.261719
vt 0.008789 -0.261719
vt 0.008789 -0.286621
vt 0.008789 -0.311523
vt 0.106934 -0.286621
vt 0.091797 -0.311523
vt 0.091797 -0.286621
vt 0.698730 -0.371582
vt 0.717773 -0.361816
vt 0.679688 -0.361816
vt 0.671875 -0.340332
vt 0.725098 -0.340332
vt 0.721191 -0.271973
vt 0.676270 -0.271973
vt 0.714355 -0.232422
vt 0.686035 -0.232422
vt 0.046875 -0.286621
vt 0.021484 -0.286621
vt 0.046875 -0.261719
vt 0.021484 -0.261719
vt 0.008789 -0.261719
vt 0.008789 -0.286621
vt 0.091797 -0.261719
vt 0.106934 -0.261719
vt 0.091797 -0.286621
vt 0.106934 -0.286621
vt 0.091797 -0.311523
vt 0.106934 -0.311523
vt 0.091797 -0.352051
vt 0.106934 -0.349609
vt 0.091797 -0.369141
vt 0.117188 -0.359863
vt 0.117188 -0.319336
vt 0.146484 -0.300293
vt 0.158203 -0.311035
vt 0.150391 -0.286621
vt 0.169434 -0.286621
vt 0.146484 -0.272949
vt 0.158203 -0.262207
vt 0.117188 -0.253906
vt 0.117188 -0.213379
vt 0.106934 -0.223633
vt 0.091797 -0.204102
vt 0.091797 -0.221191
vt 0.067383 -0.213379
vt 0.076172 -0.223633
vt 0.067383 -0.242188
vt 0.076172 -0.261719
vt 0.076172 -0.286621
vt 0.046875 -0.311523
vt 0.021484 -0.311523
vt 0.008789 -0.311523
vt 0.076172 -0.311523
vt 0.067383 -0.331055
vt 0.076172 -0.349609
vt 0.067383 -0.359863
vt 0.609375 -0.621582
vt 0.608398 -0.617676
vt 0.623047 -0.624512
vt 0.608398 -0.617676
vt 0.609375 -0.621582
vt 0.623047 -0.624512
vt 0.622070 -0.628906
vt 0.609863 -0.625488
vt 0.621094 -0.631836
vt 0.652344 -0.645508
vt 0.648926 -0.648926
vt 0.703613 -0.674805
vt 0.693848 -0.695801
vt 0.648926 -0.648926
vt 0.634277 -0.666016
vt 0.621094 -0.631836
vt 0.609863 -0.640625
vt 0.605469 -0.625000
vt 0.609863 -0.625488
vt 0.622070 -0.628906
vt 0.652344 -0.645508
vt 0.656250 -0.638672
vt 0.705566 -0.666992
vt 0.708984 -0.656250
vt 0.656250 -0.638672
vt 0.605469 -0.625000
vt 0.609863 -0.640625
vt 0.634277 -0.666016
vt 0.827148 -0.703613
vt 0.808594 -0.703613
vt 0.801758 -0.649414
vt 0.913086 -0.515137
vt 0.862793 -0.540527
vt 0.833984 -0.515137
vt 0.824707 -0.543457
vt 0.808105 -0.515137
vt 0.781250 -0.515137
vt 0.791504 -0.548340
vt 0.737793 -0.555664
vt 0.764160 -0.566406
vt 0.817383 -0.613281
vt 0.797363 -0.622559
vt 0.821777 -0.644043
vt 0.842285 -0.641113
vt 0.862793 -0.640625
vt 0.845215 -0.703613
vt 0.862793 -0.703613
vt 0.879883 -0.703613
vt 0.883301 -0.643066
vt 0.897461 -0.703613
vt 0.902832 -0.647461
vt 0.915527 -0.703613
vt 0.923340 -0.649414
vt 0.928711 -0.622559
vt 0.908203 -0.617188
vt 0.936523 -0.551758
vt 0.902344 -0.541016
vt 0.887207 -0.611328
vt 0.862793 -0.608398
vt 0.839355 -0.609375
vt 0.958496 -0.515137
vt 0.959961 -0.566406
vt 0.985840 -0.555664
vt 0.991699 -0.224121
vt 0.980957 -0.248047
vt 0.969238 -0.237793
vt 0.939453 -0.256836
vt 0.831543 -0.179688
vt 0.843750 -0.179688
vt 0.843750 -0.199219
vt 0.869141 -0.179688
vt 0.869141 -0.199219
vt 0.890137 -0.179688
vt 0.898926 -0.199219
vt 0.898926 -0.160645
vt 0.914551 -0.199219
vt 0.914551 -0.158691
vt 0.929688 -0.160645
vt 0.914551 -0.141602
vt 0.939453 -0.150391
vt 0.939453 -0.191406
vt 0.929688 -0.199219
vt 0.980957 -0.199707
vt 0.969238 -0.210449
vt 0.973145 -0.224121
vt 0.929688 -0.249023
vt 0.929688 -0.287109
vt 0.939453 -0.297363
vt 0.914551 -0.306152
vt 0.914551 -0.289551
vt 0.898926 -0.287109
vt 0.890137 -0.297363
vt 0.898926 -0.249023
vt 0.890137 -0.268066
vt 0.869141 -0.249023
vt 0.869141 -0.268066
vt 0.831543 -0.249023
vt 0.831543 -0.224121
vt 0.843750 -0.249023
vt 0.843750 -0.224121
vt 0.831543 -0.199219
vt 0.890137 -0.150391
vt 0.869141 -0.224121
vt 0.914551 -0.249023
vt 0.929688 -0.224121
vt 0.914551 -0.224121
vt 0.898926 -0.224121
vt 0.578125 -0.211426
vt 0.601074 -0.224609
vt 0.623535 -0.225586
vt 0.645996 -0.224609
vt 0.668945 -0.211426
vt 0.622559 -0.140137
vt 0.562988 -0.140137
vt 0.682129 -0.140137
vt 0.686035 -0.232422
vt 0.714355 -0.232422
vt 0.676270 -0.271973
vt 0.721191 -0.271973
vt 0.671875 -0.340332
vt 0.725098 -0.340332
vt 0.717773 -0.361816
vt 0.679688 -0.361816
vt 0.698730 -0.371582
vt 0.578125 -0.574219
vt 0.645020 -0.385254
vt 0.569336 -0.485352
vt 0.625488 -0.498047
vt 0.625488 -0.567871
vt 0.731934 -0.591309
vt 0.625488 -0.567871
vt 0.578125 -0.574219
vt 0.696777 -0.377441
vt 0.625488 -0.498047
vt 0.569336 -0.485352
vt 0.645020 -0.385254
vt 0.733398 -0.500000
vt 0.727539 -0.831055
vt 0.718750 -0.879883
vt 0.733398 -0.996582
vt 0.718750 -0.879883
vt 0.727539 -0.831055
vt 0.651855 -0.875000
vt 0.635742 -0.809570
vt 0.541016 -0.899902
vt 0.645020 -0.999023
vt 0.527832 -0.953613
vt 0.541016 -0.899902
vt 0.651855 -0.875000
vt 0.635742 -0.809570
vt 0.843750 -0.268066
vt 0.831543 -0.268066
vt 0.843750 -0.268066
vt 0.831543 -0.268066
vt 0.033691 -0.345215
vn 0.6194 0.1445 -0.7717
vn -0.2645 0.3448 -0.9006
vn 0.3390 0.4773 -0.8107
vn -0.6724 -0.0536 0.7383
vn 0.3800 -0.2998 0.8750
vn -0.5306 0.2182 0.8190
vn -0.4663 0.7279 0.5028
vn -0.9989 0.0458 -0.0129
vn 0.5238 -0.1355 -0.8410
vn 0.9956 0.0485 0.0807
vn 0.3672 0.1771 0.9131
vn 0.9681 0.1008 0.2293
vn 0.6640 0.5195 0.5378
vn -0.2722 -0.0808 -0.9588
vn -0.9881 -0.0078 -0.1536
vn -0.2212 0.0900 0.9711
vn -0.0105 0.6309 0.7758
vn -0.8930 0.3296 0.3064
vn 0.2428 -0.0150 -0.9700
vn 0.9357 -0.2695 -0.2278
vn 0.5543 -0.0847 0.8280
vn 0.9990 0.0425 -0.0100
vn 0.4948 0.1833 0.8495
vn -0.5653 0.1529 -0.8106
vn -0.9821 -0.0081 0.1884
vn 0.0010 -0.0432 0.9991
vn -0.0076 0.5439 0.8391
vn -0.8475 0.0304 0.5298
vn -0.0020 0.1280 -0.9918
vn 0.8929 0.0393 -0.4486
vn -0.6542 0.1513 0.7410
vn 0.2425 0.1343 0.9608
vn -0.3724 0.4980 0.7832
vn 0.7078 -0.0535 -0.7044
vn -0.3586 -0.0462 -0.9324
vn 0.3601 0.0333 0.9323
vn 0.4512 0.5921 0.6677
vn -0.5811 0.2453 0.7760
vn -0.3355 0.0482 -0.9408
vn 0.6656 -0.1796 -0.7244
vn -0.1749 -0.3305 0.9275
vn 0.7993 0.0311 0.6002
vn -0.5457 0.4242 -0.7227
vn 0.0504 0.3617 -0.9309
vn -0.7664 0.0634 -0.6392
vn -0.9612 -0.1109 0.2526
vn 0.4778 0.6510 0.5898
vn -0.6684 0.0290 -0.7432
vn 0.9685 0.1831 -0.1688
vn 0.6639 0.0560 0.7457
vn 0.9355 0.1007 -0.3387
vn 0.0994 -0.0600 -0.9932
vn -0.6248 0.4660 0.6264
vn -0.9160 -0.0060 0.4010
vn -0.2100 0.1445 0.9670
vn -0.9255 -0.3747 -0.0554
vn 0.0450 0.6100 0.7911
vn -0.4121 -0.0518 -0.9096
vn 0.8909 0.4302 0.1457
vn 0.3778 0.1217 0.9178
vn 0.9951 0.0987 0.0001
vn 0.3806 0.2662 -0.8856
vn -0.2856 0.0828 0.9548
vn -0.9811 -0.0764 0.1780
vn -0.3671 -0.1990 0.9086
vn -0.9414 -0.2253 -0.2509
vn 0.0601 0.7151 0.6964
vn -0.1903 -0.1023 -0.9764
vn 0.8962 0.3025 0.3245
vn 0.1780 0.1867 0.9662
vn 0.1822 -0.0154 -0.9831
vn -0.8146 -0.1393 -0.5630
vn 0.4949 0.5636 0.6613
vn -0.0690 0.1181 0.9906
vn 0.7675 0.2319 0.5976
vn -0.7632 -0.2613 -0.5910
vn -0.3207 0.5322 0.7835
vn 0.1538 0.0768 -0.9851
vn 0.6806 0.3163 0.6609
vn -0.1809 0.0045 0.9835
vn -0.4523 -0.1382 0.8811
vn -0.4756 -0.0209 0.8794
vn -0.9975 0.0002 -0.0706
vn -0.1632 -0.6228 -0.7652
vn 0.4687 -0.3467 -0.8125
vn 0.2376 -0.9253 -0.2954
vn 0.8017 -0.5461 -0.2430
vn 0.9724 0.0369 -0.2302
vn 0.9665 0.1179 -0.2282
vn 0.4676 0.0904 -0.8793
vn -0.9097 -0.2821 0.3047
vn -0.4417 -0.2717 0.8551
vn -0.3890 -0.3016 0.8704
vn -0.4788 -0.3066 0.8227
vn 0.0872 0.0498 0.9949
vn 0.0363 0.0309 0.9989
vn 0.9216 -0.0483 0.3851
vn 0.0042 -0.1184 0.9930
vn -0.0092 0.0624 0.9980
vn 0.6513 0.5770 -0.4929
vn -0.1191 0.5938 -0.7958
vn 0.1117 0.9661 -0.2325
vn -0.5141 0.7252 -0.4581
vn -0.7635 0.2599 -0.5912
vn -0.7574 0.2017 -0.6210
vn 0.3465 0.0915 -0.9336
vn 0.4754 -0.3195 0.8197
vn -0.0028 -0.2559 0.9667
vn 0.5286 0.1942 0.8264
vn 0.4910 0.1561 0.8571
vn 0.9672 0.2265 -0.1147
vn 0.4912 0.0017 0.8710
vn 0.4397 0.1865 0.8786
vn 0.1543 0.6995 -0.6978
vn -0.6120 0.4934 -0.6180
vn -0.2102 0.9611 -0.1789
vn -0.7874 0.6001 -0.1412
vn -0.9826 0.0319 -0.1831
vn -0.9793 -0.0485 -0.1965
vn -0.1797 0.0536 -0.9823
vn 0.8579 -0.1253 0.4983
vn 0.4881 -0.1571 0.8585
vn 0.0092 0.0624 0.9980
vn -0.0363 0.0309 0.9989
vn -0.0042 -0.1184 0.9930
vn -0.9216 -0.0483 0.3851
vn -0.0872 0.0498 0.9949
vn 0.7574 0.2017 -0.6210
vn 0.1191 0.5938 -0.7958
vn 0.7635 0.2599 -0.5912
vn 0.5141 0.7252 -0.4581
vn -0.1117 0.9661 -0.2325
vn -0.6513 0.5770 -0.4929
vn -0.3464 0.0910 -0.9337
vn -0.4754 -0.3195 0.8197
vn 0.0028 -0.2559 0.9667
vn 0.7639 -0.6274 -0.1512
vn 0.2602 -0.8806 -0.3961
vn -0.6559 -0.7460 0.1155
vn -0.5172 -0.5745 0.6343
vn -0.1213 -0.6819 0.7213
vn -0.0000 -0.9428 -0.3334
vn 0.8196 -0.0538 0.5704
vn 0.5172 -0.5745 0.6343
vn 0.6559 -0.7460 0.1156
vn -0.2602 -0.8806 -0.3961
vn 0.1213 -0.6819 0.7213
vn -0.0000 -0.6996 0.7145
vn 0.0000 0.0306 0.9995
vn -0.3104 0.0435 0.9496
vn -0.8196 -0.0538 0.5704
vn -0.9870 -0.0847 0.1363
vn -0.9851 -0.1488 -0.0858
vn -0.6380 -0.7693 -0.0349
vn 0.4461 -0.8916 0.0782
vn 0.9918 -0.1184 -0.0473
vn 0.7790 -0.2546 -0.5730
vn 0.0000 -0.3781 -0.9258
vn -0.7790 -0.2546 -0.5730
vn -0.7639 -0.6274 -0.1512
vn -0.9918 -0.1185 -0.0474
vn -0.4460 -0.8915 0.0790
vn 0.6380 -0.7693 -0.0349
vn 0.9851 -0.1488 -0.0858
vn 0.9870 -0.0847 0.1363
vn 0.3104 0.0435 0.9496
vn 0.7467 0.6479 -0.1507
vn -0.5706 0.8130 0.1161
vn 0.2591 0.8859 -0.3847
vn -0.6852 0.5244 0.5055
vn -0.2658 -0.2532 0.9302
vn -0.0000 -0.1976 0.9803
vn -0.2070 0.4859 0.8491
vn 0.0000 0.6341 0.7732
vn 0.0000 0.9395 -0.3425
vn 0.2070 0.4859 0.8491
vn -0.2591 0.8859 -0.3847
vn 0.6852 0.5244 0.5055
vn 0.5706 0.8130 0.1161
vn 0.9715 0.0136 0.2366
vn 0.9946 0.0857 -0.0593
vn 0.6729 0.7394 0.0191
vn -0.4182 0.9070 0.0492
vn -0.7467 0.6479 -0.1507
vn -0.9777 0.1802 -0.1081
vn -0.7941 0.2461 -0.5558
vn -0.0000 0.3017 -0.9534
vn -0.6633 -0.1406 0.7350
vn -0.9715 0.0136 0.2366
vn -0.9946 0.0857 -0.0593
vn -0.6729 0.7394 0.0191
vn 0.4182 0.9070 0.0492
vn 0.9777 0.1802 -0.1081
vn 0.7941 0.2461 -0.5558
vn 0.2658 -0.2532 0.9302
vn 0.6633 -0.1406 0.7350
vn -0.0238 -0.1063 0.9940
vn 0.0475 -0.1837 0.9818
vn 0.6553 -0.1546 0.7394
vn -0.0894 -0.1168 0.9891
vn -0.0391 0.0052 0.9992
vn 0.9155 0.0532 0.3988
vn -0.0297 -0.4351 -0.8999
vn -0.0188 -0.0111 -0.9998
vn -0.7425 0.0355 -0.6689
vn -0.7448 -0.0585 -0.6647
vn -0.5718 -0.6249 -0.5316
vn -0.0423 -0.9554 -0.2922
vn 0.5112 -0.6569 -0.5542
vn -0.0121 0.0678 0.9976
vn -0.3066 -0.6566 -0.6891
vn -0.8453 -0.4246 -0.3244
vn 0.9173 -0.2010 -0.3437
vn -0.2887 -0.9550 -0.0685
vn -0.7215 -0.6103 0.3272
vn -0.8967 -0.0404 0.4407
vn -0.8981 0.0411 0.4378
vn -0.9255 0.0073 -0.3787
vn 0.7200 0.0615 -0.6913
vn 0.9188 -0.0508 0.3915
vn 0.9067 -0.1856 0.3789
vn 0.8793 -0.2152 0.4248
vn 0.9173 -0.2238 0.3292
vn 0.9252 0.0644 0.3740
vn -0.6987 -0.5625 -0.4420
vn -0.9538 -0.2714 0.1289
vn 0.5989 -0.3198 -0.7342
vn -0.4393 -0.8930 0.0978
vn -0.5689 -0.5095 0.6456
vn -0.5719 0.0720 0.8172
vn -0.5616 0.1510 0.8135
vn -0.9793 0.1699 0.1102
vn 0.3047 -0.0070 -0.9524
vn 0.9725 -0.2135 -0.0935
vn 0.9344 -0.3433 -0.0950
vn 0.9265 -0.3739 -0.0411
vn 0.9160 -0.3754 -0.1416
vn 0.9887 -0.0974 -0.1140
vn 0.1632 -0.6228 -0.7652
vn -0.4687 -0.3467 -0.8125
vn 0.9097 -0.2821 0.3047
vn -0.2376 -0.9253 -0.2954
vn -0.8017 -0.5461 -0.2430
vn -0.9724 0.0369 -0.2302
vn -0.9665 0.1179 -0.2282
vn -0.4676 0.0904 -0.8793
vn 0.9975 0.0002 -0.0707
vn 0.4523 -0.1382 0.8811
vn 0.4417 -0.2717 0.8551
vn 0.3890 -0.3016 0.8704
vn 0.4788 -0.3066 0.8227
vn 0.4756 -0.0209 0.8794
vn -0.4078 0.5722 -0.7115
vn 0.6661 0.2977 -0.6839
vn -0.9370 0.3024 -0.1746
vn -0.4549 0.8842 -0.1059
vn -0.8258 0.4777 0.2998
vn -0.8948 -0.1125 0.4320
vn -0.8810 -0.1910 0.4328
vn -0.7120 -0.1565 -0.6845
vn 0.9890 0.0937 -0.1149
vn 0.8878 0.2300 0.3986
vn 0.9154 0.1130 0.3862
vn 0.8572 0.3935 0.3322
vn 0.8513 0.3602 0.3816
vn 0.8162 0.3899 0.4262
vn -0.5112 -0.6569 -0.5542
vn -0.6553 -0.1546 0.7394
vn 0.0297 -0.4351 -0.8999
vn 0.0423 -0.9554 -0.2922
vn 0.5718 -0.6249 -0.5316
vn 0.7448 -0.0585 -0.6647
vn 0.7424 0.0357 -0.6690
vn 0.0188 -0.0111 -0.9998
vn -0.9155 0.0533 0.3987
vn 0.0391 0.0051 0.9992
vn 0.0238 -0.1063 0.9940
vn 0.0894 -0.1168 0.9891
vn -0.0475 -0.1837 0.9818
vn 0.0121 0.0678 0.9976
vn 0.3066 -0.6566 -0.6891
vn -0.9173 -0.2010 -0.3437
vn 0.8453 -0.4246 -0.3244
vn 0.2887 -0.9550 -0.0685
vn 0.7215 -0.6103 0.3272
vn 0.8967 -0.0404 0.4407
vn 0.8981 0.0411 0.4378
vn 0.9255 0.0073 -0.3787
vn -0.7201 0.0614 -0.6911
vn -0.9188 -0.0508 0.3915
vn -0.9067 -0.1856 0.3789
vn -0.8793 -0.2152 0.4248
vn -0.9173 -0.2238 0.3292
vn -0.9252 0.0644 0.3740
vn -0.9344 -0.3433 -0.0950
vn -0.5989 -0.3198 -0.7342
vn -0.9160 -0.3754 -0.1416
vn -0.9265 -0.3739 -0.0411
vn -0.9725 -0.2135 -0.0935
vn -0.3047 -0.0070 -0.9524
vn 0.9538 -0.2714 0.1289
vn 0.9793 0.1698 0.1099
vn 0.5616 0.1510 0.8135
vn 0.5719 0.0720 0.8172
vn 0.5689 -0.5095 0.6456
vn 0.4393 -0.8930 0.0977
vn 0.6987 -0.5625 -0.4420
vn -0.9887 -0.0974 -0.1140
vn 0.9793 -0.0485 -0.1965
vn 0.1797 0.0536 -0.9823
vn 0.6120 0.4934 -0.6180
vn 0.9826 0.0319 -0.1831
vn 0.7874 0.6001 -0.1412
vn 0.2105 0.9611 -0.1787
vn -0.1544 0.6995 -0.6978
vn -0.9672 0.2265 -0.1147
vn -0.8579 -0.1253 0.4983
vn -0.4912 0.0017 0.8711
vn -0.4881 -0.1571 0.8585
vn -0.4397 0.1865 0.8786
vn -0.4910 0.1561 0.8571
vn -0.5286 0.1942 0.8264
vn 0.8810 -0.1910 0.4328
vn 0.7120 -0.1565 -0.6845
vn 0.9370 0.3024 -0.1746
vn 0.8948 -0.1125 0.4320
vn 0.8258 0.4777 0.2998
vn 0.4549 0.8842 -0.1059
vn 0.4078 0.5722 -0.7115
vn -0.6661 0.2977 -0.6839
vn -0.9890 0.0937 -0.1149
vn -0.8878 0.2300 0.3986
vn -0.9154 0.1130 0.3862
vn -0.8162 0.3900 0.4262
vn -0.8513 0.3602 0.3816
vn -0.8572 0.3935 0.3322
vn -0.5286 0.1256 0.8395
vn 0.0000 0.0519 0.9987
vn 0.0000 0.4511 0.8925
vn 0.5287 0.1254 0.8395
vn 0.0000 0.9445 0.3286
vn -0.3998 0.7156 0.5728
vn -0.4967 0.2903 0.8179
vn -0.6342 0.5704 0.5219
vn -0.2243 0.9745 -0.0054
vn -0.6010 0.7992 0.0129
vn -0.2503 0.8431 -0.4760
vn -0.0000 0.9132 -0.4076
vn 0.0000 0.9983 -0.0589
vn 0.2243 0.9745 -0.0054
vn 0.3998 0.7156 0.5728
vn 0.4967 0.2904 0.8179
vn 0.6342 0.5704 0.5219
vn 0.6010 0.7992 0.0129
vn 0.2503 0.8431 -0.4760
vn 0.9622 0.2195 -0.1611
vn 0.9763 0.1823 -0.1170
vn 0.2608 0.2742 -0.9256
vn 0.9910 0.0470 -0.1254
vn 0.9755 0.2116 -0.0600
vn -0.8170 0.4550 0.3543
vn -0.6009 0.7059 -0.3751
vn -0.2671 0.9480 0.1728
vn -0.4461 0.5541 0.7028
vn -0.5464 -0.0311 0.8369
vn -0.5502 -0.1094 0.8279
vn -0.9772 0.0346 -0.2094
vn 0.7851 -0.0392 -0.6181
vn 0.9856 -0.0702 -0.1539
vn -0.0343 -0.9986 0.0394
vn 0.0000 -0.9981 -0.0618
vn -0.0673 -0.9826 -0.1731
vn -0.0000 -0.9527 -0.3039
vn -0.0056 -0.9188 -0.3948
vn -0.0000 -0.9173 -0.3981
vn 0.0354 -0.8968 -0.4409
vn -0.0354 -0.8968 -0.4409
vn 0.0056 -0.9188 -0.3948
vn 0.0673 -0.9826 -0.1731
vn 0.0343 -0.9986 0.0394
vn -0.9622 0.2195 -0.1611
vn -0.2608 0.2742 -0.9256
vn -0.9763 0.1823 -0.1170
vn -0.9910 0.0470 -0.1254
vn -0.9755 0.2116 -0.0600
vn -0.9856 -0.0702 -0.1539
vn -0.7851 -0.0392 -0.6181
vn 0.9772 0.0346 -0.2094
vn 0.8170 0.4550 0.3543
vn 0.5502 -0.1094 0.8279
vn 0.5464 -0.0311 0.8369
vn 0.4461 0.5541 0.7028
vn 0.2671 0.9480 0.1730
vn 0.6009 0.7059 -0.3751
vn -0.9054 -0.3241 0.2743
vn -0.9056 -0.2577 0.3368
vn -0.7583 -0.4227 0.4963
vn -0.5390 -0.5312 0.6537
vn -0.0941 -0.6720 0.7346
vn 0.0915 -0.6407 0.7623
vn 0.5267 -0.5400 0.6565
vn 0.7443 -0.4191 0.5200
vn 0.9009 -0.2911 0.3219
vn 0.9073 -0.2962 0.2984
vn 0.5699 0.0330 0.8211
vn -0.0039 0.0406 0.9992
vn 0.4943 -0.2412 0.8351
vn 0.2859 -0.4469 0.8477
vn -0.0076 -0.5223 0.8527
vn -0.2861 -0.4444 0.8489
vn -0.5029 -0.2294 0.8334
vn -0.5924 0.0360 0.8048
vn -0.5055 0.2960 0.8105
vn -0.2895 0.5105 0.8097
vn 0.0004 0.5908 0.8068
vn 0.2953 0.5128 0.8061
vn 0.4984 0.3074 0.8106
vn -0.4983 0.3075 0.8106
vn -0.5699 0.0331 0.8211
vn 0.0039 0.0406 0.9992
vn -0.4943 -0.2413 0.8352
vn -0.2859 -0.4469 0.8477
vn 0.0076 -0.5223 0.8527
vn 0.2860 -0.4444 0.8489
vn 0.5029 -0.2294 0.8334
vn 0.5924 0.0360 0.8048
vn 0.5055 0.2960 0.8105
vn 0.2895 0.5104 0.8097
vn -0.0004 0.5908 0.8068
vn -0.2954 0.5127 0.8061
vn -0.9073 -0.2962 0.2984
vn -0.7443 -0.4191 0.5200
vn -0.9009 -0.2911 0.3219
vn -0.5267 -0.5402 0.6564
vn -0.0915 -0.6407 0.7623
vn 0.0941 -0.6720 0.7346
vn 0.5390 -0.5312 0.6537
vn 0.7583 -0.4227 0.4963
vn 0.9056 -0.2577 0.3368
vn 0.9054 -0.3241 0.2743
vn 0.8860 0.3681 0.2818
vn 0.7152 0.5442 0.4385
vn 0.8727 0.3629 0.3265
vn 0.4984 0.6955 0.5175
vn 0.0688 0.8340 0.5475
vn -0.1538 0.8297 0.5366
vn -0.6793 0.6138 0.4023
vn -0.6800 0.5960 0.4269
vn -0.8991 0.3646 0.2422
vn -0.9089 0.3637 0.2040
vn 0.0000 0.0399 0.9992
vn 0.9089 0.3637 0.2040
vn 0.6793 0.6138 0.4023
vn 0.8991 0.3646 0.2422
vn 0.6800 0.5960 0.4269
vn 0.1538 0.8297 0.5366
vn -0.0689 0.8343 0.5470
vn -0.4984 0.6955 0.5175
vn -0.7152 0.5442 0.4385
vn -0.8727 0.3629 0.3265
vn -0.8860 0.3681 0.2818
vn -0.8940 0.4479 0.0074
vn -0.4011 0.6099 0.6835
vn -0.3740 0.9223 -0.0971
vn -0.0314 0.7387 0.6733
vn 0.3728 0.9216 -0.1080
vn 0.2982 0.5095 0.8072
vn 0.0000 0.5060 0.8625
vn 0.0000 0.9997 -0.0262
vn -0.3728 0.9216 -0.1080
vn -0.2982 0.5095 0.8072
vn 0.0314 0.7387 0.6733
vn 0.3740 0.9223 -0.0976
vn 0.4011 0.6099 0.6835
vn 0.8940 0.4479 0.0074
vn 0.4598 0.2903 0.8392
vn 0.6683 0.0284 0.7434
vn 0.9479 -0.3111 0.0692
vn 0.5666 -0.3364 0.7522
vn 0.4228 -0.9030 0.0765
vn 0.2676 -0.4006 0.8763
vn -0.0604 -0.6612 0.7478
vn -0.4343 -0.8997 -0.0427
vn -0.4332 -0.5401 0.7215
vn -0.0000 -0.9996 -0.0276
vn 0.0001 0.0402 0.9992
vn 0.0001 0.0399 0.9992
vn 0.0002 0.0401 0.9992
vn -0.0002 0.0397 0.9992
vn 0.0001 0.0398 0.9992
vn -0.0000 0.0388 0.9992
vn -0.0003 0.0402 0.9992
vn -0.0006 0.0405 0.9992
vn -0.0001 0.0399 0.9992
vn -0.0013 0.0402 0.9992
vn 0.0000 0.0400 0.9992
vn 0.0007 0.0404 0.9992
vn 0.0001 0.0396 0.9992
vn 0.0006 0.0408 0.9992
vn -0.4598 0.2903 0.8392
vn -0.6683 0.0284 0.7434
vn -0.9479 -0.3111 0.0692
vn -0.5666 -0.3364 0.7522
vn -0.4228 -0.9030 0.0765
vn -0.2675 -0.4006 0.8763
vn 0.0604 -0.6612 0.7478
vn 0.0004 0.0401 0.9992
vn 0.4332 -0.5401 0.7215
vn 0.0000 -0.1796 0.9837
vn 0.0004 0.0399 0.9992
vn 0.0000 0.0392 0.9992
vn 0.0023 0.0388 0.9992
vn 0.4343 -0.8997 -0.0427
vn -0.0003 0.0400 0.9992
vn -0.0023 0.0388 0.9992
vn -0.0007 0.0397 0.9992
vn -0.0001 0.0398 0.9992
vn 0.2292 0.2912 0.9288
vn 0.2645 -0.0470 0.9632
vn -0.3271 -0.4415 0.8355
vn -0.2645 -0.0470 0.9632
vn -0.2292 0.2912 0.9288
vn 0.3270 -0.4415 0.8355
vn -0.1905 0.6982 0.6901
vn -0.1999 0.4229 0.8839
vn -0.0136 0.9788 0.2043
vn -0.0123 0.9725 0.2327
vn 0.2372 0.8313 -0.5027
vn 0.1128 0.8859 -0.4498
vn -0.0000 0.9384 -0.3455
vn -0.0000 0.8419 0.5396
vn 0.0123 0.9725 0.2327
vn 0.0000 0.3787 0.9255
vn 0.1999 0.4229 0.8839
vn -0.0000 0.3043 0.9526
vn 0.2061 0.3245 0.9232
vn 0.1905 0.6982 0.6901
vn -0.9605 0.2413 -0.1388
vn 0.0136 0.9788 0.2043
vn -0.7718 0.3542 -0.5281
vn -0.2372 0.8313 -0.5027
vn -0.1128 0.8859 -0.4498
vn -0.2061 0.3245 0.9232
vn 0.9605 0.2413 -0.1388
vn 0.7718 0.3542 -0.5281
vn 0.8517 -0.5236 0.0200
vn 0.4817 -0.8762 -0.0141
vn 0.2758 -0.9478 0.1600
vn 0.1592 0.9404 0.3007
vn 0.8949 0.3936 -0.2104
vn 0.2508 0.5899 0.7675
vn 0.9002 -0.0223 0.4349
vn 0.9484 -0.0187 -0.3166
vn 0.4622 -0.7760 0.4292
vn 0.0140 -0.8186 0.5741
vn 0.0283 -0.9810 0.1919
vn -0.4587 -0.8454 0.2737
vn -0.8294 -0.1378 0.5414
vn -0.7818 -0.6217 0.0482
vn -0.9111 -0.3818 0.1553
vn -0.5951 -0.6247 -0.5055
vn 0.0000 -0.9613 -0.2756
vn -0.1112 -0.8227 -0.5575
vn -0.1209 0.4418 0.8889
vn -0.5660 0.4108 0.7148
vn 0.0000 -0.9997 0.0249
vn 0.2960 -0.8607 -0.4142
vn 0.2379 -0.4845 -0.8418
vn -0.8650 -0.1806 -0.4682
vn -0.9495 -0.1092 0.2942
vn -0.8475 -0.0699 0.5262
vn -0.2535 0.0144 0.9672
vn 0.4623 0.3599 0.8104
vn 0.8489 0.4643 0.2524
vn 0.9660 0.0073 0.2583
vn 0.9343 -0.1626 -0.3174
vn 0.8393 -0.2612 -0.4767
vn 0.8911 -0.2312 -0.3904
vn 0.6766 -0.6981 -0.2341
vn 0.4340 -0.8959 -0.0943
vn 0.1881 -0.2372 -0.9531
vn 0.1521 -0.2561 -0.9546
vn 0.4653 0.0820 0.8813
vn -0.7977 -0.1058 -0.5937
vn -0.0283 -0.9810 0.1919
vn 0.4587 -0.8454 0.2737
vn 0.7818 -0.6217 0.0482
vn 0.5951 -0.6247 -0.5055
vn 0.1112 -0.8227 -0.5575
vn -0.2379 -0.4845 -0.8418
vn -0.2960 -0.8607 -0.4142
vn -0.1521 -0.2561 -0.9546
vn -0.1881 -0.2372 -0.9531
vn 0.7977 -0.1058 -0.5937
vn 0.8650 -0.1806 -0.4682
vn 0.9111 -0.3818 0.1553
vn 0.8294 -0.1378 0.5414
vn -0.0140 -0.8186 0.5741
vn -0.2758 -0.9478 0.1600
vn 0.2535 0.0144 0.9672
vn 0.8475 -0.0699 0.5262
vn 0.5660 0.4108 0.7148
vn 0.9495 -0.1092 0.2942
vn -0.2508 0.5899 0.7675
vn -0.1592 0.9403 0.3007
vn 0.1209 0.4418 0.8889
vn -0.4623 0.3599 0.8104
vn -0.4653 0.0820 0.8813
vn -0.9660 0.0073 0.2583
vn -0.8489 0.4643 0.2524
vn -0.8949 0.3936 -0.2104
vn -0.9002 -0.0223 0.4349
vn -0.4622 -0.7760 0.4292
vn -0.8517 -0.5236 0.0200
vn -0.4817 -0.8762 -0.0141
vn -0.6766 -0.6981 -0.2341
vn -0.4341 -0.8959 -0.0942
vn -0.8911 -0.2312 -0.3904
vn -0.8393 -0.2612 -0.4767
vn -0.9484 -0.0188 -0.3166
vn -0.9343 -0.1626 -0.3174
vn 0.9359 0.3504 -0.0362
vn 0.9950 0.0728 0.0677
vn 0.8970 0.1699 -0.4081
vn 0.8371 0.3415 -0.4274
vn 0.5839 0.1059 -0.8049
vn 0.5627 0.1657 -0.8099
vn 0.2674 -0.0651 -0.9614
vn 0.2424 0.2858 -0.9271
vn 0.0000 0.1370 -0.9906
vn -0.0000 0.6804 -0.7329
vn -0.2424 0.2858 -0.9271
vn -0.3959 0.6478 -0.6509
vn -0.5627 0.1657 -0.8099
vn -0.2674 -0.0651 -0.9614
vn 0.0000 -0.0727 -0.9974
vn 0.2566 0.0479 -0.9653
vn 0.6645 0.1259 -0.7366
vn 0.9493 0.0128 -0.3140
vn 0.9959 0.0260 0.0861
vn 0.7600 0.0361 0.6489
vn 0.8432 0.0712 0.5328
vn 0.8137 0.4344 0.3863
vn 0.7026 0.7108 0.0328
vn 0.6798 0.6618 -0.3161
vn 0.3959 0.6478 -0.6509
vn 0.2772 0.9392 -0.2026
vn -0.0000 0.9345 -0.3560
vn -0.0000 0.9994 0.0332
vn -0.2772 0.9392 -0.2026
vn -0.2635 0.9590 0.1048
vn 0.0000 0.8996 0.4368
vn 0.2635 0.9590 0.1048
vn 0.3870 0.8309 0.3997
vn 0.2186 0.0942 -0.9713
vn 0.2166 0.0656 -0.9741
vn -0.0000 0.1399 -0.9902
vn -0.0000 0.0765 -0.9971
vn -0.2166 0.0656 -0.9741
vn -0.2474 -0.0829 -0.9654
vn -0.6949 -0.0164 -0.7189
vn -0.7354 -0.1014 -0.6701
vn -0.9450 -0.1085 -0.3086
vn -0.9230 -0.1912 -0.3341
vn -0.9771 -0.1970 -0.0799
vn -0.5662 -0.7526 -0.3362
vn -0.7561 -0.6497 -0.0782
vn -0.7741 -0.6179 0.1376
vn -0.3841 -0.8344 0.3953
vn -0.1901 -0.8029 0.5650
vn 0.0000 -0.8738 0.4863
vn -0.1870 -0.4472 0.8746
vn 0.0000 -0.2849 0.9586
vn 0.1870 -0.4472 0.8746
vn 0.1901 -0.8029 0.5650
vn 0.3300 -0.3551 0.8746
vn 0.3889 -0.8348 0.3897
vn 0.7377 -0.1815 0.6503
vn 0.7728 -0.6196 0.1375
vn 0.9670 -0.2033 0.1532
vn 0.9772 -0.1967 -0.0798
vn 0.8528 -0.5204 -0.0434
vn 0.9381 -0.2706 -0.2161
vn 0.9450 -0.1085 -0.3086
vn 0.9456 -0.0818 -0.3150
vn 0.6949 -0.0164 -0.7189
vn 0.9369 0.0280 -0.3484
vn 0.5870 0.0265 -0.8091
vn 0.6656 0.0843 -0.7415
vn 0.2366 0.1134 -0.9650
vn -0.0000 0.1074 -0.9942
vn -0.0000 0.0688 -0.9976
vn -0.2366 0.1134 -0.9650
vn -0.2566 0.0479 -0.9653
vn -0.5389 0.1548 -0.8280
vn -0.6645 0.1259 -0.7366
vn -0.9004 0.0594 -0.4310
vn -0.9493 0.0128 -0.3140
vn -0.9997 0.0212 0.0079
vn -0.9959 0.0260 0.0861
vn -0.8463 0.0151 0.5325
vn -0.7600 0.0361 0.6489
vn -0.5169 0.0802 0.8523
vn -0.3489 0.1643 0.9226
vn -0.2871 -0.0373 0.9572
vn -0.0000 0.1444 0.9895
vn 0.0000 0.0301 0.9995
vn 0.2871 -0.0373 0.9572
vn 0.3489 0.1643 0.9227
vn 0.5169 0.0802 0.8523
vn 0.8463 0.0151 0.5325
vn 0.9997 0.0212 0.0079
vn 0.9004 0.0594 -0.4310
vn 0.5389 0.1548 -0.8280
vn -0.5839 0.1059 -0.8049
vn -0.8371 0.3415 -0.4274
vn -0.6798 0.6618 -0.3161
vn -0.7026 0.7108 0.0328
vn -0.3870 0.8309 0.3997
vn 0.0100 0.8120 0.5835
vn -0.0000 0.6970 0.7171
vn -0.0100 0.8120 0.5835
vn 0.4701 0.7258 0.5023
vn 0.7151 0.2922 0.6350
vn 0.6475 -0.0422 0.7609
vn 0.4779 0.2152 0.8516
vn 0.3731 0.2795 0.8847
vn 0.2819 0.3363 0.8986
vn -0.2819 0.3363 0.8986
vn -0.4779 0.2152 0.8516
vn -0.3731 0.2795 0.8847
vn -0.6475 -0.0422 0.7609
vn -0.8432 0.0712 0.5328
vn -0.7151 0.2922 0.6350
vn -0.8137 0.4344 0.3863
vn -0.4701 0.7258 0.5023
vn 0.0000 0.2771 0.9608
vn -0.5958 -0.1895 -0.7805
vn -0.6656 0.0843 -0.7415
vn 0.9495 -0.0078 -0.3137
vn 0.7561 -0.6497 -0.0782
vn -0.9359 0.3504 -0.0362
vn -0.9950 0.0728 0.0677
vn -0.8970 0.1700 -0.4082
vn -0.5870 0.0265 -0.8091
vn -0.2186 0.0942 -0.9713
vn -0.9495 -0.0078 -0.3137
vn -0.9987 0.0471 -0.0193
vn -0.8818 0.0267 0.4708
vn -0.6199 0.0528 0.7829
vn -0.3228 -0.0615 0.9445
vn 0.5662 -0.7526 -0.3362
vn 0.9230 -0.1912 -0.3341
vn 0.8787 -0.2571 0.4022
vn 0.6739 -0.0513 0.7370
vn 0.3228 -0.0615 0.9445
vn 0.5657 -0.5165 -0.6428
vn 0.0166 -0.9124 -0.4089
vn -0.9369 0.0280 -0.3484
vn -0.9456 -0.0818 -0.3150
vn -0.9381 -0.2706 -0.2161
vn -0.8522 -0.5208 -0.0514
vn -0.9673 -0.2022 0.1529
vn -0.7380 -0.1825 0.6497
vn -0.3301 -0.3553 0.8745
vn -0.1873 -0.1270 0.9741
vn -0.3347 -0.0496 0.9410
vn -0.1367 -0.1004 0.9855
vn -0.0000 0.0167 0.9999
vn -0.2888 0.1984 0.9366
vn -0.0000 0.2644 0.9644
vn 0.2888 0.1984 0.9366
vn 0.5434 0.0918 0.8344
vn 0.6199 0.0528 0.7829
vn 0.8818 0.0267 0.4708
vn 0.9987 0.0471 -0.0193
vn 0.5744 0.0069 0.8185
vn 0.8530 -0.0998 0.5123
vn 0.7259 -0.0854 0.6825
vn 0.3352 -0.0495 0.9409
vn 0.1873 -0.1270 0.9741
vn 0.8738 -0.0037 0.4864
vn 0.9954 -0.0451 0.0840
vn 0.9983 -0.0014 -0.0586
vn -0.0000 -0.0948 0.9955
vn 0.1367 -0.1004 0.9855
vn -0.9954 -0.0451 0.0840
vn -0.8530 -0.0998 0.5123
vn -0.5434 0.0918 0.8344
vn -0.5744 0.0069 0.8185
vn -0.7253 -0.0876 0.6829
vn -0.6739 -0.0513 0.7370
vn -0.8737 -0.2570 0.4130
vn -0.8738 -0.0037 0.4864
vn -0.9983 -0.0014 -0.0586
vn 0.2474 -0.0829 -0.9654
vn 0.0000 -0.1364 -0.9906
vn -0.1617 -0.5225 -0.8372
vn -0.5657 -0.5165 -0.6428
vn -0.0166 -0.9124 -0.4089
vn 0.0000 -0.9091 -0.4165
vn 0.1617 -0.5225 -0.8372
vn 0.5958 -0.1895 -0.7805
vn 0.7354 -0.1014 -0.6701
vn -0.0000 -0.5879 -0.8089
vn 0.5899 0.7513 0.2960
vn 0.4970 0.0407 0.8668
vn 0.0793 0.7787 0.6223
vn 0.0972 -0.2538 0.9624
vn 0.4107 -0.8332 0.3703
vn 0.0345 -0.9505 0.3089
vn 0.0495 0.0093 0.9987
vn 0.0116 0.8923 0.4512
vn 0.0470 0.8946 -0.4445
vn 0.0094 0.7726 -0.6348
vn 0.0176 -0.0849 -0.9962
vn 0.1055 0.1328 -0.9855
vn 0.6772 0.5701 -0.4652
vn 0.4375 -0.8606 -0.2605
vn 0.0638 -0.7813 -0.6209
vn 0.0000 -0.9433 -0.3319
vn 0.0137 -0.8139 0.5809
vn 0.0210 -0.8536 0.5205
vn 0.0509 0.1603 0.9858
vn 0.0000 0.8279 0.5609
vn 0.0000 0.9333 -0.3591
vn 0.0294 0.1521 -0.9879
vn 0.0156 -0.7312 -0.6819
vn 0.7184 -0.2254 -0.6581
vn -0.0904 0.8593 -0.5035
vn -0.3444 0.7304 -0.5898
vn -0.2158 0.9275 0.3053
vn -0.6201 0.6011 0.5042
vn -0.6643 -0.1905 0.7228
vn -0.3052 0.1824 0.9347
vn -0.1001 -0.8651 0.4915
vn -0.6666 -0.1351 0.7331
vn -0.1017 -0.0501 0.9936
vn -0.4173 0.7630 0.4937
vn -0.5838 0.0071 0.8118
vn -0.4309 0.5295 0.7308
vn 0.4121 0.0616 0.9090
vn 0.1657 0.9099 0.3803
vn 0.8552 0.4815 0.1919
vn 0.7892 0.1384 0.5984
vn 0.4515 0.8289 0.3303
vn 0.4013 0.5248 0.7507
vn 0.4429 -0.0498 0.8952
vn 0.9932 0.0594 0.1004
vn 0.4198 0.9020 0.1011
vn 0.4069 0.6527 -0.6391
vn 0.3023 0.9526 -0.0333
vn 0.4216 0.8035 -0.4203
vn 0.2018 0.9733 -0.1096
vn 0.6552 0.6205 0.4309
vn 0.4998 0.8252 -0.2630
vn 0.8982 0.0668 -0.4345
vn 0.0045 0.6426 -0.7662
vn 0.1798 -0.0831 -0.9802
vn -0.4635 0.0636 -0.8838
vn -0.2282 0.8315 -0.5065
vn -0.0515 0.8999 0.4330
vn -0.6301 0.7328 -0.2569
vn -0.8128 0.1384 -0.5658
vn -0.5517 -0.0795 -0.8302
vn -0.1165 -0.1689 -0.9787
vn 0.9838 -0.0041 0.1790
vn 0.1475 0.9705 0.1909
vn 0.0654 0.9972 -0.0370
vn -0.1074 0.9942 -0.0095
vn 0.8166 -0.0438 0.5755
vn 0.9509 0.0592 -0.3037
vn 0.4926 -0.0607 -0.8682
vn -0.2725 -0.8762 -0.3975
vn 0.0300 -0.8598 -0.5097
vn 0.1500 -0.9789 0.1388
vn 0.0483 -0.8000 0.5981
vn -0.4052 -0.8031 0.4368
vn -0.6316 -0.5346 0.5615
vn 0.7104 -0.6686 0.2197
vn 0.4859 -0.7677 0.4177
vn 0.4755 -0.5967 0.6464
vn 0.4444 -0.8913 -0.0899
vn 0.2307 -0.4712 -0.8514
vn 0.4231 -0.9049 0.0462
vn 0.7218 -0.6348 0.2756
vn 0.4999 -0.8278 -0.2547
vn -0.1290 -0.6807 -0.7211
vn -0.2677 -0.7710 -0.5778
vn -0.1128 -0.9847 -0.1326
vn -0.2810 -0.7254 0.6284
vn -0.6276 -0.7099 0.3196
vn -0.7906 -0.4890 -0.3687
vn 0.2844 -0.9587 -0.0043
vn 0.1902 -0.9643 -0.1844
vn 0.2182 -0.9758 -0.0164
vn 0.0000 -1.0000 0.0000
vn 0.0260 -0.9988 0.0413
vn 0.0146 -0.9995 0.0278
vn 0.0133 -0.9997 0.0197
vn 0.0175 -0.9995 0.0245
vn -0.0083 -0.9998 -0.0153
vn -0.0039 -1.0000 -0.0090
vn -0.0004 -1.0000 -0.0008
vn -0.0004 -1.0000 -0.0007
vn -0.0300 -0.8598 -0.5097
vn 0.2725 -0.8762 -0.3975
vn 0.1001 -0.8651 0.4915
vn 0.2810 -0.7254 0.6284
vn 0.6276 -0.7099 0.3196
vn 0.7906 -0.4890 -0.3687
vn -0.1500 -0.9789 0.1388
vn -0.4859 -0.7677 0.4177
vn -0.2182 -0.9758 -0.0164
vn -0.2844 -0.9587 -0.0043
vn -0.1902 -0.9643 -0.1844
vn -0.4231 -0.9049 0.0462
vn -0.4999 -0.8278 -0.2547
vn -0.7218 -0.6348 0.2756
vn -0.8982 0.0668 -0.4345
vn -0.8166 -0.0438 0.5755
vn -0.9509 0.0592 -0.3037
vn -0.2307 -0.4711 -0.8514
vn -0.4926 -0.0607 -0.8682
vn -0.4444 -0.8913 -0.0899
vn -0.9932 0.0594 0.1004
vn -0.4755 -0.5966 0.6465
vn -0.4429 -0.0498 0.8952
vn -0.7892 0.1384 0.5984
vn -0.9838 -0.0042 0.1790
vn -0.7104 -0.6686 0.2197
vn -0.4121 0.0616 0.9090
vn -0.0483 -0.8000 0.5981
vn 0.5838 0.0071 0.8118
vn 0.6316 -0.5347 0.5614
vn 0.6666 -0.1351 0.7331
vn 0.4052 -0.8031 0.4368
vn 0.1128 -0.9847 -0.1326
vn 0.1165 -0.1689 -0.9787
vn 0.5517 -0.0795 -0.8302
vn 0.8128 0.1384 -0.5658
vn 0.2677 -0.7710 -0.5778
vn 0.4635 0.0636 -0.8838
vn 0.1290 -0.6807 -0.7211
vn -0.1798 -0.0831 -0.9802
vn 0.3638 -0.8531 -0.3740
vn -0.3638 -0.8531 -0.3740
vn -0.2515 -0.9328 -0.2583
vn 0.0906 -0.7770 0.6230
vn -0.0361 -0.9974 -0.0624
vn 0.2175 -0.4722 0.8542
vn -0.0000 -0.7354 0.6776
vn -0.2175 -0.4722 0.8542
vn -0.0906 -0.7770 0.6230
vn 0.2515 -0.9328 -0.2583
vn 0.0361 -0.9974 -0.0624
vn 0.1062 -0.9276 -0.3582
vn -0.0000 -0.9890 -0.1481
vn 0.0000 -0.9348 -0.3552
vn -0.1062 -0.9276 -0.3582
vn -0.0210 -0.8536 0.5205
vn -0.0176 -0.7312 -0.6819
vn -0.5899 0.7513 0.2960
vn -0.4970 0.0407 0.8668
vn -0.4107 -0.8332 0.3703
vn -0.4375 -0.8606 -0.2605
vn -0.0345 -0.9505 0.3089
vn -0.0638 -0.7813 -0.6209
vn -0.0137 -0.8139 0.5809
vn -0.0495 0.0093 0.9987
vn -0.0116 0.8923 0.4512
vn -0.0509 0.1603 0.9858
vn -0.0094 0.7726 -0.6348
vn -0.0294 0.1521 -0.9879
vn -0.0176 -0.0849 -0.9962
vn -0.1072 0.1327 -0.9853
vn -0.7184 -0.2254 -0.6581
vn -0.6772 0.5701 -0.4652
vn -0.0470 0.8946 -0.4445
vn -0.0793 0.7787 0.6223
vn -0.0972 -0.2538 0.9624
vn -0.4013 0.5248 0.7507
vn 0.3444 0.7304 -0.5898
vn 0.0904 0.8593 -0.5035
vn 0.2282 0.8315 -0.5065
vn -0.0045 0.6426 -0.7662
vn -0.2018 0.9733 -0.1096
vn -0.4998 0.8252 -0.2630
vn -0.6552 0.6205 0.4309
vn -0.4216 0.8035 -0.4203
vn -0.4069 0.6527 -0.6391
vn -0.4198 0.9020 0.1010
vn -0.4515 0.8289 0.3303
vn -0.8552 0.4815 0.1919
vn -0.1657 0.9099 0.3803
vn 0.4309 0.5295 0.7308
vn 0.4173 0.7630 0.4937
vn 0.1017 -0.0501 0.9935
vn 0.6643 -0.1905 0.7228
vn 0.6201 0.6010 0.5042
vn 0.3052 0.1824 0.9347
vn 0.2158 0.9275 0.3053
vn 0.6301 0.7328 -0.2569
vn 0.0515 0.8999 0.4330
vn -0.1475 0.9705 0.1909
vn -0.3023 0.9526 -0.0333
vn -0.0654 0.9972 -0.0369
vn 0.1073 0.9942 -0.0095
vn 0.0004 -1.0000 -0.0007
vn 0.0004 -1.0000 -0.0008
vn 0.0039 -1.0000 -0.0090
vn 0.0083 -0.9998 -0.0153
vn -0.0133 -0.9997 0.0197
vn -0.0175 -0.9995 0.0245
vn -0.0260 -0.9988 0.0413
vn -0.0146 -0.9995 0.0278
vn -0.9196 -0.3101 -0.2414
vn -0.2110 0.1059 0.9717
vn -0.8793 -0.2075 0.4287
vn -0.4182 -0.8731 0.2507
vn -0.4545 -0.8472 -0.2751
vn 0.0000 -0.9512 -0.3087
vn 0.4545 -0.8472 -0.2750
vn 0.9196 -0.3101 -0.2414
vn -0.0000 -0.3278 0.9447
vn 0.4182 -0.8731 0.2507
vn 0.8793 -0.2075 0.4287
vn 0.2110 0.1059 0.9717
vn -0.0000 -0.9451 0.3269
vn 0.4484 0.7990 -0.4008
vn -0.0000 0.8952 -0.4456
vn -0.4484 0.7990 -0.4007
vn -0.7124 0.6577 0.2446
vn -0.0000 0.9637 0.2670
vn 0.7124 0.6577 0.2446
vn 0.0000 0.0951 0.9955
usemtl minion
s 1
f 1/1/1 2/2/2 3/3/3
f 2/2/2 4/4/4 3/3/3
f 3/3/3 4/4/4 5/5/5
f 6/6/6 7/7/7 8/8/8
f 8/8/8 7/7/7 9/9/9
f 7/7/7 10/10/10 9/9/9
f 11/11/11 12/12/12 13/13/13
f 12/12/12 14/14/14 13/13/13
f 13/13/13 14/14/14 15/15/15
f 16/16/16 17/17/17 18/18/18
f 18/18/18 17/17/17 19/19/19
f 17/17/17 20/20/20 19/19/19
f 21/21/21 22/22/22 23/23/23
f 22/22/22 24/24/24 23/23/23
f 23/23/23 24/24/24 25/25/25
f 26/26/26 27/27/27 28/28/28
f 28/28/28 27/27/27 29/29/29
f 27/27/27 30/30/30 29/29/29
f 31/31/31 32/32/32 33/33/33
f 32/32/32 34/34/34 33/33/33
f 33/33/33 34/34/34 35/35/35
f 36/36/36 37/37/37 38/38/38
f 38/38/38 37/37/37 39/39/39
f 37/37/37 40/40/40 39/39/39
f 41/41/41 42/42/42 43/43/43
f 42/42/42 44/44/44 43/43/43
f 43/43/43 44/44/44 45/45/45
f 46/46/46 47/47/47 48/48/48
f 48/48/48 47/47/47 49/49/49
f 47/47/47 50/50/50 49/49/49
f 51/51/51 52/52/52 53/53/53
f 52/52/52 54/54/54 53/53/53
f 53/53/53 54/54/54 55/55/55
f 56/56/56 57/57/57 58/58/58
f 58/58/58 57/57/57 59/59/59
f 57/57/57 60/60/60 59/59/59
f 61/61/61 62/62/62 63/63/63
f 62/62/62 64/64/64 63/63/63
f 63/63/63 64/64/64 65/65/65
f 66/66/66 67/67/67 68/68/68
f 68/68/68 67/67/67 69/69/69
f 67/67/67 70/70/70 69/69/69
f 71/71/71 72/72/72 73/73/73
f 72/72/72 74/74/74 73/73/73
f 73/73/73 74/74/74 75/75/75
f 76/76/76 77/77/77 78/78/78
f 78/78/78 77/77/77 79/79/79
f 77/77/77 80/80/80 79/79/79
f 81/81/81 82/82/82 83/83/83
f 84/84/84 85/85/85 86/86/86
f 86/86/86 85/85/85 87/87/87
f 87/87/87 85/85/85 88/88/88
f 88/88/88 85/85/85 89/89/89
f 89/89/89 85/85/85 90/90/90
f 90/90/90 85/85/85 83/83/83
f 85/85/85 91/91/91 83/83/83
f 83/83/83 91/91/91 81/81/81
f 91/91/91 92/92/92 81/81/81
f 81/81/81 92/92/92 93/93/93
f 84/84/84 91/91/91 85/85/85
f 92/92/92 91/91/91 94/94/94
f 95/95/95 96/96/96 97/97/97
f 97/97/97 96/96/96 98/98/98
f 96/96/96 99/99/99 98/98/98
f 100/100/100 97/97/97 101/101/101
f 100/100/100 101/101/101 102/102/102
f 102/102/102 101/101/101 103/103/103
f 103/103/103 101/101/101 104/104/104
f 104/104/104 101/101/101 105/105/105
f 105/105/105 101/101/101 106/106/106
f 101/101/101 97/97/97 106/106/106
f 106/106/106 97/97/97 107/107/107
f 97/97/97 98/98/98 107/107/107
f 107/107/107 98/98/98 108/108/108
f 109/109/109 110/110/110 111/111/111
f 111/111/111 110/110/110 112/112/112
f 110/110/110 113/113/113 112/112/112
f 114/114/114 111/111/111 115/115/115
f 114/114/114 115/115/115 116/116/116
f 116/116/116 115/115/115 117/117/117
f 117/117/117 115/115/115 118/118/118
f 118/118/118 115/115/115 119/119/119
f 119/119/119 115/115/115 120/120/120
f 115/115/115 111/111/111 120/120/120
f 120/120/120 111/111/111 121/121/121
f 111/111/111 112/112/112 121/121/121
f 121/121/121 112/112/112 122/122/122
f 123/123/123 124/124/124 125/125/125
f 125/125/125 124/124/124 126/126/126
f 124/124/124 127/127/127 126/126/126
f 128/128/128 129/129/129 130/130/130
f 130/130/130 129/129/129 131/131/131
f 131/131/131 129/129/129 132/132/132
f 132/132/132 129/129/129 133/133/133
f 133/133/133 129/129/129 126/126/126
f 129/129/129 134/134/134 126/126/126
f 134/134/134 135/135/135 126/126/126
f 126/126/126 135/135/135 125/125/125
f 135/135/135 136/136/136 125/125/125
f 128/128/128 134/134/134 129/129/129
f 137/137/137 138/138/138 139/139/139
f 139/139/139 138/138/138 140/140/140
f 140/140/140 138/138/138 141/141/141
f 138/138/138 142/142/142 141/141/141
f 143/143/143 144/144/144 145/145/145
f 145/145/145 144/144/144 146/146/146
f 144/144/144 147/147/147 146/146/146
f 146/146/146 147/147/147 142/142/142
f 147/147/147 148/148/148 142/142/142
f 142/142/142 148/148/148 141/141/141
f 148/148/148 149/149/149 141/141/141
f 149/149/149 150/150/150 141/141/141
f 141/141/141 150/150/150 140/140/140
f 150/150/150 151/151/151 140/140/140
f 140/140/140 151/151/151 139/139/139
f 151/151/151 152/152/152 139/139/139
f 152/152/152 153/153/153 139/139/139
f 153/153/153 154/154/154 139/139/139
f 154/154/154 155/155/155 139/139/139
f 139/139/139 155/155/155 137/137/137
f 155/155/155 156/156/156 137/137/137
f 156/156/156 157/157/157 137/137/137
f 137/137/137 157/157/157 138/138/138
f 157/157/157 158/158/158 138/138/138
f 138/138/138 158/158/158 142/142/142
f 142/142/142 158/158/158 146/146/146
f 158/158/158 159/159/159 146/146/146
f 146/146/146 159/159/159 160/160/160
f 159/159/159 161/161/161 160/160/160
f 161/161/161 162/162/162 160/160/160
f 160/160/160 162/162/162 145/145/145
f 162/162/162 163/163/163 145/145/145
f 163/163/163 164/164/164 145/145/145
f 164/164/164 165/165/165 145/145/145
f 145/145/145 165/165/165 143/143/143
f 146/146/146 160/160/160 145/145/145
f 148/148/148 147/147/147 149/149/149
f 149/149/149 147/147/147 166/166/166
f 147/147/147 144/144/144 166/166/166
f 166/166/166 144/144/144 143/143/143
f 167/167/167 168/168/168 169/169/169
f 169/169/169 168/168/168 170/170/170
f 171/171/171 172/172/172 173/173/173
f 172/172/172 174/174/174 173/173/173
f 173/173/173 174/174/174 175/175/175
f 174/174/174 176/176/176 175/175/175
f 175/175/175 176/176/176 177/177/177
f 176/176/176 178/178/178 177/177/177
f 177/177/177 178/178/178 179/179/179
f 178/178/178 180/180/180 179/179/179
f 180/180/180 181/181/181 179/179/179
f 181/181/181 182/182/182 179/179/179
f 182/182/182 183/183/183 179/179/179
f 179/179/179 183/183/183 184/184/184
f 183/183/183 185/185/185 184/184/184
f 185/185/185 186/186/186 184/184/184
f 184/184/184 186/186/186 177/177/177
f 186/186/186 187/187/187 177/177/177
f 177/177/177 187/187/187 175/175/175
f 187/187/187 169/169/169 175/175/175
f 175/175/175 169/169/169 173/173/173
f 169/169/169 170/170/170 173/173/173
f 173/173/173 170/170/170 188/188/188
f 188/188/188 170/170/170 189/189/189
f 170/170/170 168/168/168 189/189/189
f 189/189/189 168/168/168 190/190/190
f 190/190/190 168/168/168 191/191/191
f 191/191/191 168/168/168 192/192/192
f 168/168/168 167/167/167 192/192/192
f 192/192/192 167/167/167 193/193/193
f 193/193/193 167/167/167 194/194/194
f 167/167/167 169/169/169 194/194/194
f 194/194/194 169/169/169 187/187/187
f 188/188/188 171/171/171 173/173/173
f 179/179/179 184/184/184 177/177/177
f 174/174/174 172/172/172 176/176/176
f 172/172/172 195/195/195 176/176/176
f 195/195/195 196/196/196 176/176/176
f 176/176/176 196/196/196 178/178/178
f 196/196/196 180/180/180 178/178/178
f 197/197/197 198/198/198 199/199/199
f 200/200/200 197/197/197 201/201/201
f 197/197/197 199/199/199 201/201/201
f 201/201/201 199/199/199 202/202/202
f 199/199/199 203/203/203 202/202/202
f 202/202/202 203/203/203 204/204/204
f 204/204/204 203/203/203 205/205/205
f 205/205/205 203/203/203 206/206/206
f 206/206/206 203/203/203 207/207/207
f 207/207/207 203/203/203 208/208/208
f 208/208/208 203/203/203 209/209/209
f 203/203/203 199/199/199 209/209/209
f 202/202/202 210/210/210 201/201/201
f 211/211/211 212/212/212 213/213/213
f 211/211/211 214/214/214 212/212/212
f 214/214/214 215/215/215 212/212/212
f 215/215/215 216/216/216 212/212/212
f 216/216/216 217/217/217 212/212/212
f 217/217/217 218/218/218 212/212/212
f 218/218/218 219/219/219 212/212/212
f 212/212/212 219/219/219 213/213/213
f 219/219/219 220/220/220 213/213/213
f 213/213/213 220/220/220 221/221/221
f 220/220/220 222/222/222 221/221/221
f 221/221/221 223/223/223 213/213/213
f 219/219/219 224/224/224 220/220/220
f 225/225/225 226/226/226 227/227/227
f 225/225/225 228/228/228 226/226/226
f 228/228/228 229/229/229 226/226/226
f 229/229/229 230/230/230 226/226/226
f 230/230/230 231/231/231 226/226/226
f 231/231/231 232/232/232 226/226/226
f 232/232/232 233/233/233 226/226/226
f 226/226/226 233/233/233 227/227/227
f 233/233/233 234/234/234 227/227/227
f 227/227/227 234/234/234 235/235/235
f 234/234/234 236/236/236 235/235/235
f 235/235/235 237/237/237 227/227/227
f 233/233/233 238/238/238 234/234/234
f 239/239/239 240/240/240 241/241/241
f 239/239/239 242/242/242 240/240/240
f 242/242/242 243/243/243 240/240/240
f 243/243/243 244/244/244 240/240/240
f 244/244/244 245/245/245 240/240/240
f 245/245/245 246/246/246 240/240/240
f 246/246/246 247/247/247 240/240/240
f 240/240/240 247/247/247 241/241/241
f 247/247/247 248/248/248 241/241/241
f 241/241/241 248/248/248 249/249/249
f 248/248/248 250/250/250 249/249/249
f 249/249/249 251/251/251 241/241/241
f 247/247/247 252/252/252 248/248/248
f 253/253/253 254/254/254 255/255/255
f 253/253/253 255/255/255 256/256/256
f 256/256/256 255/255/255 257/257/257
f 257/257/257 255/255/255 258/258/258
f 258/258/258 255/255/255 259/259/259
f 259/259/259 255/255/255 260/260/260
f 255/255/255 254/254/254 260/260/260
f 260/260/260 254/254/254 261/261/261
f 254/254/254 262/262/262 261/261/261
f 261/261/261 262/262/262 263/263/263
f 264/264/264 265/265/265 254/254/254
f 254/254/254 265/265/265 262/262/262
f 265/265/265 266/266/266 262/262/262
f 267/267/267 268/268/268 269/269/269
f 267/267/267 269/269/269 270/270/270
f 270/270/270 269/269/269 271/271/271
f 271/271/271 269/269/269 272/272/272
f 272/272/272 269/269/269 273/273/273
f 273/273/273 269/269/269 274/274/274
f 274/274/274 269/269/269 275/275/275
f 269/269/269 268/268/268 275/275/275
f 275/275/275 268/268/268 276/276/276
f 268/268/268 277/277/277 276/276/276
f 276/276/276 277/277/277 278/278/278
f 277/277/277 268/268/268 279/279/279
f 276/276/276 280/280/280 275/275/275
f 281/281/281 282/282/282 283/283/283
f 281/281/281 283/283/283 284/284/284
f 284/284/284 283/283/283 285/285/285
f 285/285/285 283/283/283 286/286/286
f 286/286/286 283/283/283 287/287/287
f 287/287/287 283/283/283 288/288/288
f 288/288/288 283/283/283 289/289/289
f 283/283/283 282/282/282 289/289/289
f 289/289/289 282/282/282 290/290/290
f 282/282/282 291/291/291 290/290/290
f 290/290/290 291/291/291 292/292/292
f 291/291/291 282/282/282 293/293/293
f 290/290/290 294/294/294 289/289/289
f 295/295/295 296/296/296 297/297/297
f 298/298/298 299/299/299 295/295/295
f 295/295/295 299/299/299 296/296/296
f 299/299/299 300/300/300 296/296/296
f 296/296/296 300/300/300 301/301/301
f 300/300/300 302/302/302 301/301/301
f 302/302/302 303/303/303 301/301/301
f 303/303/303 304/304/304 301/301/301
f 304/304/304 305/305/305 301/301/301
f 305/305/305 306/306/306 301/301/301
f 306/306/306 307/307/307 301/301/301
f 301/301/301 307/307/307 296/296/296
f 299/299/299 308/308/308 300/300/300
f 309/309/309 310/310/310 311/311/311
f 309/309/309 311/311/311 312/312/312
f 312/312/312 311/311/311 313/313/313
f 313/313/313 311/311/311 314/314/314
f 314/314/314 311/311/311 315/315/315
f 315/315/315 311/311/311 316/316/316
f 311/311/311 310/310/310 316/316/316
f 310/310/310 317/317/317 316/316/316
f 316/316/316 317/317/317 318/318/318
f 317/317/317 319/319/319 318/318/318
f 320/320/320 321/321/321 318/318/318
f 318/318/318 321/321/321 316/316/316
f 321/321/321 322/322/322 316/316/316
f 323/323/323 324/324/324 325/325/325
f 323/323/323 325/325/325 326/326/326
f 326/326/326 325/325/325 327/327/327
f 327/327/327 325/325/325 328/328/328
f 328/328/328 325/325/325 329/329/329
f 329/329/329 325/325/325 330/330/330
f 325/325/325 324/324/324 330/330/330
f 324/324/324 331/331/331 330/330/330
f 330/330/330 331/331/331 332/332/332
f 331/331/331 333/333/333 332/332/332
f 334/334/334 335/335/335 332/332/332
f 332/332/332 335/335/335 330/330/330
f 335/335/335 336/336/336 330/330/330
f 337/337/337 338/338/338 339/339/339
f 338/338/338 340/340/340 339/339/339
f 341/341/341 342/342/342 339/339/339
f 342/342/342 343/343/343 339/339/339
f 339/339/339 343/343/343 337/337/337
f 343/343/343 342/342/342 337/337/337
f 337/337/337 342/342/342 344/344/344
f 342/342/342 345/345/345 344/344/344
f 344/344/344 345/345/345 346/346/346
f 346/346/346 345/345/345 347/347/347
f 347/347/347 345/345/345 348/348/348
f 345/345/345 349/349/349 348/348/348
f 348/348/348 349/349/349 350/350/350
f 349/349/349 341/341/341 350/350/350
f 350/350/350 341/341/341 351/351/351
f 341/341/341 339/339/339 351/351/351
f 351/351/351 339/339/339 352/352/352
f 339/339/339 340/340/340 352/352/352
f 352/352/352 340/340/340 351/351/351
f 340/340/340 353/353/353 351/351/351
f 351/351/351 353/353/353 350/350/350
f 353/353/353 354/354/354 350/350/350
f 354/354/354 355/355/355 350/350/350
f 350/350/350 355/355/355 348/348/348
f 349/349/349 345/345/345 341/341/341
f 341/341/341 345/345/345 342/342/342
f 356/356/356 357/357/357 358/358/358
f 358/358/358 357/357/357 359/359/359
f 357/357/357 360/360/360 359/359/359
f 358/358/358 361/361/361 362/362/362
f 362/362/362 361/361/361 363/363/363
f 363/363/363 361/361/361 364/364/364
f 364/364/364 361/361/361 365/365/365
f 365/365/365 361/361/361 366/366/366
f 366/366/366 361/361/361 367/367/367
f 361/361/361 358/358/358 367/367/367
f 367/367/367 358/358/358 368/368/368
f 358/358/358 359/359/359 368/368/368
f 368/368/368 359/359/359 369/369/369
f 370/370/370 371/371/371 372/372/372
f 371/371/371 373/373/373 372/372/372
f 372/372/372 373/373/373 374/374/374
f 373/373/373 375/375/375 374/374/374
f 374/374/374 375/375/375 376/376/376
f 377/377/377 375/375/375 378/378/378
f 375/375/375 373/373/373 378/378/378
f 378/378/378 373/373/373 379/379/379
f 373/373/373 371/371/371 379/379/379
f 379/379/379 371/371/371 380/380/380
f 381/381/381 382/382/382 383/383/383
f 382/382/382 384/384/384 383/383/383
f 383/383/383 384/384/384 385/385/385
f 386/386/386 384/384/384 387/387/387
f 384/384/384 382/382/382 387/387/387
f 387/387/387 382/382/382 388/388/388
f 382/382/382 389/389/389 388/388/388
f 388/388/388 389/389/389 390/390/390
f 390/390/390 389/389/389 391/391/391
f 391/391/391 389/389/389 392/392/392
f 392/392/392 389/389/389 393/393/393
f 393/393/393 389/389/389 394/394/394
f 389/389/389 382/382/382 394/394/394
f 395/395/395 396/396/396 397/397/397
f 396/396/396 398/398/398 397/397/397
f 397/397/397 398/398/398 399/399/399
f 398/398/398 400/400/400 399/399/399
f 399/399/399 400/400/400 401/401/401
f 400/400/400 402/402/402 401/401/401
f 401/401/401 402/402/402 403/403/403
f 402/402/402 404/404/404 403/403/403
f 405/405/405 406/406/406 407/407/407
f 407/407/407 406/406/406 408/408/408
f 408/408/408 406/406/406 409/409/409
f 409/409/409 406/406/406 410/410/410
f 410/410/410 406/406/406 411/411/411
f 411/411/411 406/406/406 412/412/412
f 412/412/412 406/406/406 413/413/413
f 413/413/413 406/406/406 414/414/414
f 414/414/414 406/406/406 415/415/415
f 415/415/415 406/406/406 416/416/416
f 416/416/416 406/406/406 417/417/417
f 406/406/406 405/405/405 417/417/417
f 418/418/418 419/419/419 420/420/420
f 419/419/419 421/421/421 420/420/420
f 421/421/421 422/422/422 420/420/420
f 422/422/422 423/423/423 420/420/420
f 423/423/423 424/424/424 420/420/420
f 424/424/424 425/425/425 420/420/420
f 425/425/425 426/426/426 420/420/420
f 426/426/426 427/427/427 420/420/420
f 427/427/427 428/428/428 420/420/420
f 428/428/428 429/429/429 420/420/420
f 429/429/429 430/430/430 420/420/420
f 420/420/420 430/430/430 418/418/418
f 431/431/431 432/432/432 433/433/433
f 433/433/433 432/432/432 434/434/434
f 432/432/432 435/435/435 434/434/434
f 434/434/434 435/435/435 436/436/436
f 435/435/435 437/437/437 436/436/436
f 436/436/436 437/437/437 438/438/438
f 437/437/437 439/439/439 438/438/438
f 438/438/438 439/439/439 440/440/440
f 441/441/441 442/442/442 443/443/443
f 443/443/443 442/442/442 444/444/444
f 442/442/442 445/445/445 444/444/444
f 444/444/444 445/445/445 446/446/446
f 445/445/445 447/447/447 446/446/446
f 446/446/446 447/447/447 448/448/448
f 448/448/448 447/447/447 449/449/449
f 447/447/447 450/450/450 449/449/449
f 451/451/451 452/452/451 453/453/451
f 453/453/451 452/452/451 454/454/451
f 455/455/452 456/456/453 457/457/454
f 457/457/454 456/456/453 458/458/455
f 458/458/455 456/456/453 459/459/456
f 456/456/453 460/460/457 459/459/456
f 459/459/456 460/460/457 461/461/458
f 460/460/457 462/462/459 461/461/458
f 461/461/458 462/462/459 463/463/460
f 462/462/459 464/464/461 463/463/460
f 465/465/462 466/466/463 467/467/464
f 466/466/463 468/468/465 467/467/464
f 467/467/464 468/468/465 469/469/466
f 468/468/465 470/470/467 469/469/466
f 470/470/467 471/471/468 469/469/466
f 469/469/466 471/471/468 472/472/469
f 472/472/469 471/471/468 473/473/470
f 471/471/468 474/474/471 473/473/470
f 474/474/471 475/475/472 473/473/470
f 473/473/470 475/475/472 476/476/473
f 475/475/472 477/477/474 476/476/473
f 476/476/473 477/477/474 478/478/475
f 477/477/474 479/479/476 478/478/475
f 479/479/476 480/480/477 478/478/475
f 478/478/475 480/480/477 481/481/478
f 480/480/477 482/482/479 481/481/478
f 481/481/478 482/482/479 483/483/480
f 482/482/479 484/484/481 483/483/480
f 484/484/481 485/485/482 483/483/480
f 483/483/480 485/485/482 486/486/483
f 485/485/482 487/487/484 486/486/483
f 486/486/483 487/487/484 488/488/485
f 489/489/486 487/487/484 490/490/487
f 487/487/484 485/485/482 490/490/487
f 490/490/487 485/485/482 491/491/488
f 485/485/482 484/484/481 491/491/488
f 491/491/488 484/484/481 492/492/489
f 484/484/481 482/482/479 492/492/489
f 492/492/489 482/482/479 493/493/490
f 482/482/479 480/480/477 493/493/490
f 493/493/490 480/480/477 494/494/451
f 480/480/477 479/479/476 494/494/451
f 494/494/451 479/479/476 495/495/491
f 479/479/476 477/477/474 495/495/491
f 495/495/491 477/477/474 496/496/492
f 477/477/474 475/475/472 496/496/492
f 496/496/492 475/475/472 497/497/493
f 475/475/472 474/474/471 497/497/493
f 497/497/493 474/474/471 498/498/494
f 474/474/471 471/471/468 498/498/494
f 498/498/494 471/471/468 499/499/495
f 499/499/495 471/471/468 500/500/496
f 500/500/496 471/471/468 501/501/497
f 501/501/497 471/471/468 502/502/498
f 471/471/468 470/470/467 502/502/498
f 502/502/498 470/470/467 503/503/498
f 470/470/467 468/468/465 503/503/498
f 503/503/498 468/468/465 504/504/499
f 468/468/465 466/466/463 504/504/499
f 504/504/499 466/466/463 505/505/491
f 505/505/491 466/466/463 506/506/500
f 466/466/463 465/465/462 506/506/500
f 506/506/500 465/465/462 507/507/501
f 465/465/462 508/508/502 507/507/501
f 507/507/501 508/508/502 509/509/503
f 508/508/502 510/510/504 509/509/503
f 509/509/503 510/510/504 511/511/505
f 510/510/504 512/512/506 511/511/505
f 511/511/505 512/512/506 513/513/507
f 513/513/507 512/512/506 514/514/494
f 512/512/506 515/515/508 514/514/494
f 514/514/494 515/515/508 516/516/498
f 515/515/508 517/517/509 516/516/498
f 516/516/498 517/517/509 518/518/510
f 517/517/509 519/519/511 518/518/510
f 518/518/510 519/519/511 520/520/512
f 510/510/504 521/521/513 512/512/506
f 512/512/506 521/521/513 515/515/508
f 521/521/513 488/488/485 515/515/508
f 515/515/508 488/488/485 517/517/509
f 488/488/485 487/487/484 517/517/509
f 487/487/484 489/489/486 517/517/509
f 489/489/486 522/522/514 517/517/509
f 517/517/509 522/522/514 519/519/511
f 522/522/514 523/523/515 519/519/511
f 513/513/507 524/524/516 511/511/505
f 511/511/505 524/524/516 509/509/503
f 524/524/516 525/525/517 509/509/503
f 509/509/503 525/525/517 507/507/501
f 525/525/517 526/526/451 507/507/501
f 507/507/501 526/526/451 506/506/500
f 526/526/451 505/505/491 506/506/500
f 527/527/451 528/528/451 529/529/451
f 529/529/451 528/528/451 530/530/451
f 772/531/518 755/532/519 531/533/520
f 532/534/521 533/535/522 949/536/523
f 949/536/523 533/535/522 534/537/524
f 533/535/522 535/538/525 534/537/524
f 534/537/524 535/538/525 536/539/526
f 535/538/525 537/540/527 536/539/526
f 536/539/526 537/540/527 538/541/528
f 538/541/528 537/540/527 539/542/529
f 539/542/529 537/540/527 540/543/530
f 537/540/527 541/544/531 540/543/530
f 540/543/530 541/544/531 542/545/532
f 541/544/531 543/546/533 542/545/532
f 542/545/532 543/546/533 544/547/534
f 543/546/533 545/548/535 544/547/534
f 545/548/535 770/549/536 544/547/534
f 770/549/536 772/531/518 544/547/534
f 544/547/534 772/531/518 546/550/537
f 772/531/518 531/533/520 546/550/537
f 531/533/520 938/551/538 546/550/537
f 546/550/537 938/551/538 547/552/539
f 938/551/538 548/553/540 547/552/539
f 548/553/540 549/554/541 547/552/539
f 547/552/539 549/554/541 542/545/532
f 549/554/541 550/555/542 542/545/532
f 542/545/532 550/555/542 540/543/530
f 546/550/537 547/552/539 544/547/534
f 544/547/534 547/552/539 542/545/532
f 533/535/522 551/556/543 535/538/525
f 551/556/543 545/548/535 535/538/525
f 545/548/535 543/546/533 535/538/525
f 535/538/525 543/546/533 537/540/527
f 543/546/533 541/544/531 537/540/527
f 949/536/523 534/537/524 552/557/544
f 534/537/524 536/539/526 552/557/544
f 552/557/544 536/539/526 553/558/545
f 536/539/526 538/541/528 553/558/545
f 554/559/546 555/560/547 556/561/548
f 557/562/549 558/563/550 559/564/551
f 559/564/551 558/563/550 560/565/552
f 558/563/550 561/566/553 560/565/552
f 561/566/553 554/559/546 560/565/552
f 560/565/552 554/559/546 562/567/554
f 554/559/546 556/561/548 562/567/554
f 562/567/554 556/561/548 563/568/555
f 556/561/548 748/569/556 563/568/555
f 748/569/556 564/570/557 563/568/555
f 563/568/555 564/570/557 565/571/558
f 564/570/557 566/572/559 565/571/558
f 565/571/558 566/572/559 567/573/560
f 567/573/560 566/572/559 568/574/561
f 566/572/559 569/575/562 568/574/561
f 568/574/561 569/575/562 758/576/563
f 570/577/564 557/562/549 571/578/565
f 571/578/565 557/562/549 565/571/558
f 557/562/549 559/564/551 565/571/558
f 565/571/558 559/564/551 563/568/555
f 559/564/551 560/565/552 563/568/555
f 563/568/555 560/565/552 562/567/554
f 748/569/556 572/579/566 564/570/557
f 572/579/566 569/575/562 564/570/557
f 569/575/562 566/572/559 564/570/557
f 585/580/567 586/581/568 758/576/563
f 758/576/563 586/581/568 568/574/561
f 586/581/568 573/582/569 568/574/561
f 568/574/561 573/582/569 567/573/560
f 573/582/569 574/583/570 567/573/560
f 567/573/560 574/583/570 565/571/558
f 574/583/570 575/584/571 565/571/558
f 565/571/558 575/584/571 571/578/565
f 575/584/571 576/585/572 571/578/565
f 571/578/565 576/585/572 570/577/564
f 576/585/572 577/586/573 570/577/564
f 570/577/564 577/586/573 557/562/549
f 577/586/573 578/587/574 557/562/549
f 557/562/549 578/587/574 558/563/550
f 578/587/574 579/588/575 558/563/550
f 579/588/575 580/589/576 558/563/550
f 580/589/576 581/590/577 558/563/550
f 558/563/550 581/590/577 561/566/553
f 581/590/577 582/591/578 561/566/553
f 561/566/553 582/591/578 554/559/546
f 582/591/578 583/592/579 554/559/546
f 554/559/546 583/592/579 555/560/547
f 555/560/547 583/592/579 584/593/580
f 584/593/580 583/592/579 585/594/567
f 585/594/567 583/592/579 586/595/568
f 583/592/579 582/591/578 586/595/568
f 586/595/568 582/591/578 588/596/581
f 582/591/578 581/590/577 588/596/581
f 588/596/581 581/590/577 590/597/582
f 576/585/572 587/598/583 577/586/573
f 587/598/583 579/588/575 577/586/573
f 577/586/573 579/588/575 578/587/574
f 586/581/568 588/599/581 573/582/569
f 588/599/581 589/600/584 573/582/569
f 573/582/569 589/600/584 574/583/570
f 588/599/581 590/601/582 589/600/584
f 591/602/585 592/603/586 572/579/566
f 572/579/566 592/603/586 569/575/562
f 592/603/586 593/604/587 569/575/562
f 593/604/587 594/605/588 569/575/562
f 569/575/562 594/605/588 752/606/589
f 594/605/588 619/607/590 752/606/589
f 752/606/589 619/607/590 753/608/591
f 595/609/592 621/610/593 596/611/594
f 596/611/594 621/610/593 597/612/595
f 621/610/593 619/607/590 597/612/595
f 619/607/590 594/605/588 597/612/595
f 597/612/595 594/605/588 598/613/596
f 594/605/588 593/604/587 598/613/596
f 598/613/596 593/604/587 599/614/597
f 593/604/587 592/603/586 599/614/597
f 599/614/597 592/603/586 600/615/598
f 592/603/586 591/602/585 600/615/598
f 600/615/598 591/602/585 673/616/599
f 601/617/600 602/618/601 603/619/602
f 603/619/602 602/618/601 599/614/597
f 602/618/601 604/620/603 599/614/597
f 599/614/597 604/620/603 598/613/596
f 598/613/596 604/620/603 597/612/595
f 604/620/603 596/611/594 597/612/595
f 600/615/598 605/621/604 599/614/597
f 605/621/604 606/622/605 599/614/597
f 599/614/597 606/622/605 603/619/602
f 606/622/605 607/623/606 603/619/602
f 603/619/602 607/623/606 601/617/600
f 607/623/606 608/624/607 601/617/600
f 601/617/600 608/624/607 609/625/608
f 609/625/608 608/624/607 610/626/609
f 608/624/607 611/627/610 610/626/609
f 610/626/609 611/627/610 612/628/611
f 611/627/610 606/622/605 612/628/611
f 606/622/605 605/621/604 612/628/611
f 612/628/611 605/621/604 613/629/612
f 605/621/604 600/615/598 613/629/612
f 613/629/612 600/615/598 614/630/613
f 600/615/598 673/616/599 614/630/613
f 614/630/613 673/616/599 615/631/614
f 673/616/599 616/632/615 615/631/614
f 615/631/614 616/632/615 617/633/616
f 616/632/615 618/634/617 617/633/616
f 618/634/617 753/635/591 617/633/616
f 753/635/591 619/636/590 617/633/616
f 617/633/616 619/636/590 620/637/618
f 619/636/590 621/638/593 620/637/618
f 620/637/618 621/638/593 622/639/619
f 621/638/593 595/640/592 622/639/619
f 611/627/610 608/624/607 606/622/605
f 608/624/607 607/623/606 606/622/605
f 614/630/613 615/631/614 613/629/612
f 615/631/614 623/641/620 613/629/612
f 613/629/612 623/641/620 612/628/611
f 623/641/620 622/639/619 612/628/611
f 622/639/619 624/642/621 612/628/611
f 612/628/611 624/642/621 610/626/609
f 622/639/619 623/641/620 620/637/618
f 623/641/620 615/631/614 620/637/618
f 620/637/618 615/631/614 617/633/616
f 625/643/622 626/644/623 627/645/624
f 625/643/622 627/645/624 628/646/625
f 627/645/624 629/647/626 628/646/625
f 628/646/625 629/647/626 630/648/627
f 629/647/626 631/649/628 630/648/627
f 630/648/627 631/649/628 632/650/629
f 631/649/628 633/651/630 632/650/629
f 632/650/629 633/651/630 634/652/631
f 633/651/630 635/653/632 634/652/631
f 634/652/631 635/653/632 636/654/633
f 636/654/633 635/653/632 637/655/634
f 637/655/634 635/653/632 638/656/635
f 635/653/632 633/651/630 638/656/635
f 638/656/635 633/651/630 639/657/636
f 633/651/630 631/649/628 639/657/636
f 639/657/636 631/649/628 640/658/637
f 631/649/628 629/647/626 640/658/637
f 640/658/637 629/647/626 641/659/638
f 629/647/626 627/645/624 641/659/638
f 641/659/638 627/645/624 642/660/639
f 627/645/624 626/644/623 642/660/639
f 642/660/639 626/644/623 643/661/640
f 643/661/640 626/644/623 644/662/641
f 644/662/641 626/644/623 645/663/642
f 645/663/642 626/644/623 646/664/643
f 626/644/623 625/643/622 646/664/643
f 646/664/643 625/643/622 647/665/644
f 625/643/622 628/646/625 647/665/644
f 647/665/644 628/646/625 648/666/645
f 628/646/625 649/667/646 648/666/645
f 648/666/645 649/667/646 650/668/647
f 649/667/646 651/669/648 650/668/647
f 650/668/647 651/669/648 652/670/649
f 651/669/648 653/671/650 652/670/649
f 653/671/650 654/672/651 652/670/649
f 654/672/651 655/673/652 652/670/649
f 652/670/649 655/673/652 656/674/653
f 655/673/652 657/675/654 656/674/653
f 656/674/653 657/675/654 647/665/644
f 657/675/654 646/664/643 647/665/644
f 653/671/650 651/669/648 636/654/633
f 636/654/633 651/669/648 634/652/631
f 651/669/648 649/667/646 634/652/631
f 634/652/631 649/667/646 632/650/629
f 632/650/629 649/667/646 630/648/627
f 649/667/646 628/646/625 630/648/627
f 652/670/649 656/674/653 650/668/647
f 656/674/653 647/665/644 650/668/647
f 650/668/647 647/665/644 648/666/645
f 658/676/655 659/677/656 660/678/657
f 659/677/656 661/679/658 660/678/657
f 660/678/657 661/679/658 662/680/659
f 661/679/658 663/681/660 662/680/659
f 662/680/659 663/681/660 664/682/661
f 663/681/660 665/683/662 664/682/661
f 664/682/661 665/683/662 666/684/663
f 665/683/662 667/685/664 666/684/663
f 666/684/663 667/685/664 668/686/665
f 667/685/664 669/687/666 668/686/665
f 668/686/665 669/687/666 670/688/667
f 669/687/666 618/689/617 670/688/667
f 670/688/667 618/689/617 671/690/668
f 618/689/617 616/691/615 671/690/668
f 671/690/668 616/691/615 672/692/669
f 616/691/615 673/693/599 672/692/669
f 673/693/599 591/694/585 672/692/669
f 672/692/669 591/694/585 674/695/670
f 591/694/585 675/696/671 674/695/670
f 674/695/670 675/696/671 1018/697/672
f 1018/697/672 675/696/671 1019/698/673
f 1019/698/673 675/696/671 1020/699/674
f 675/696/671 676/700/675 1020/699/674
f 1020/699/674 676/700/675 677/701/676
f 676/700/675 678/702/677 677/701/676
f 677/701/676 678/702/677 679/703/678
f 678/702/677 680/704/679 679/703/678
f 679/703/678 680/704/679 681/705/680
f 680/704/679 682/706/681 681/705/680
f 681/705/680 682/706/681 816/707/682
f 816/707/682 682/706/681 828/708/683
f 682/706/681 683/709/684 828/708/683
f 828/708/683 683/709/684 684/710/685
f 683/709/684 685/711/686 684/710/685
f 684/710/685 685/711/686 686/712/687
f 685/711/686 687/713/688 686/712/687
f 686/712/687 687/713/688 688/714/689
f 687/713/688 658/676/655 688/714/689
f 688/714/689 658/676/655 689/715/690
f 658/676/655 690/716/691 689/715/690
f 689/715/690 690/716/691 691/717/692
f 690/716/691 692/718/693 691/717/692
f 691/717/692 692/718/693 693/719/694
f 692/718/693 694/720/695 693/719/694
f 693/719/694 694/720/695 695/721/696
f 694/720/695 696/722/697 695/721/696
f 695/721/696 696/722/697 697/723/698
f 696/722/697 698/724/699 697/723/698
f 697/723/698 698/724/699 699/725/700
f 698/724/699 700/726/701 699/725/700
f 699/725/700 700/726/701 701/727/702
f 700/726/701 702/728/703 701/727/702
f 701/727/702 702/728/703 703/729/704
f 702/728/703 704/730/705 703/729/704
f 703/729/704 704/730/705 705/731/706
f 704/730/705 945/732/707 705/731/706
f 945/732/707 956/733/708 705/731/706
f 705/731/706 956/733/708 706/734/709
f 956/733/708 707/735/710 706/734/709
f 706/734/709 707/735/710 644/662/641
f 707/735/710 708/736/711 644/662/641
f 644/662/641 708/736/711 643/661/640
f 708/736/711 709/737/712 643/661/640
f 643/661/640 709/737/712 642/660/639
f 709/737/712 710/738/713 642/660/639
f 642/660/639 710/738/713 641/659/638
f 710/738/713 711/739/714 641/659/638
f 641/659/638 711/739/714 640/658/637
f 711/739/714 689/715/690 640/658/637
f 689/715/690 691/717/692 640/658/637
f 640/658/637 691/717/692 639/657/636
f 691/717/692 693/719/694 639/657/636
f 639/657/636 693/719/694 638/656/635
f 693/719/694 712/740/715 638/656/635
f 638/656/635 712/740/715 637/655/634
f 712/740/715 713/741/716 637/655/634
f 637/655/634 713/741/716 636/654/633
f 713/741/716 714/742/717 636/654/633
f 636/654/633 714/742/717 653/671/650
f 714/742/717 715/743/718 653/671/650
f 653/671/650 715/743/718 654/672/651
f 715/743/718 716/744/719 654/672/651
f 654/672/651 716/744/719 655/673/652
f 716/744/719 717/745/720 655/673/652
f 717/745/720 718/746/721 655/673/652
f 718/746/721 719/747/722 655/673/652
f 655/673/652 719/747/722 657/675/654
f 719/747/722 720/748/723 657/675/654
f 657/675/654 720/748/723 646/664/643
f 720/748/723 721/749/724 646/664/643
f 646/664/643 721/749/724 645/663/642
f 721/749/724 722/750/725 645/663/642
f 645/663/642 722/750/725 644/662/641
f 722/750/725 723/751/726 644/662/641
f 644/662/641 723/751/726 724/752/727
f 723/751/726 725/753/728 724/752/727
f 726/754/729 727/755/730 728/756/731
f 728/756/731 727/755/730 701/727/702
f 727/755/730 729/757/732 701/727/702
f 701/727/702 729/757/732 730/758/733
f 729/757/732 731/759/734 730/758/733
f 730/758/733 731/759/734 732/760/735
f 731/759/734 733/761/736 732/760/735
f 732/760/735 733/761/736 716/744/719
f 733/761/736 717/745/720 716/744/719
f 701/727/702 703/729/704 728/756/731
f 728/756/731 703/729/704 734/762/737
f 703/729/704 705/731/706 734/762/737
f 705/731/706 706/734/709 734/762/737
f 734/762/737 706/734/709 724/752/727
f 706/734/709 644/662/641 724/752/727
f 668/686/665 670/688/667 671/690/668
f 715/743/718 732/760/735 716/744/719
f 663/681/660 735/763/738 665/683/662
f 665/683/662 735/763/738 667/685/664
f 736/764/739 694/720/695 692/718/693
f 737/765/740 710/738/713 709/737/712
f 680/704/679 738/766/741 682/706/681
f 714/742/717 713/741/716 715/743/718
f 713/741/716 739/767/742 715/743/718
f 715/743/718 739/767/742 732/760/735
f 739/767/742 740/768/743 732/760/735
f 732/760/735 740/768/743 730/758/733
f 730/758/733 740/768/743 701/727/702
f 701/727/702 740/768/743 699/725/700
f 699/725/700 740/768/743 697/723/698
f 740/768/743 741/769/744 697/723/698
f 697/723/698 741/769/744 695/721/696
f 741/769/744 712/740/715 695/721/696
f 695/721/696 712/740/715 693/719/694
f 712/740/715 741/769/744 713/741/716
f 713/741/716 741/769/744 739/767/742
f 741/769/744 740/768/743 739/767/742
f 664/682/661 742/770/745 662/680/659
f 742/770/745 743/771/746 662/680/659
f 662/680/659 743/771/746 660/678/657
f 696/722/697 744/772/747 698/724/699
f 744/772/747 745/773/748 698/724/699
f 745/773/748 746/774/749 698/724/699
f 698/724/699 746/774/749 700/726/701
f 746/774/749 747/775/750 700/726/701
f 700/726/701 747/775/750 702/728/703
f 747/775/750 532/776/521 702/728/703
f 532/776/521 948/777/751 702/728/703
f 702/728/703 948/777/751 704/730/705
f 591/694/585 572/778/566 675/696/671
f 572/778/566 748/779/556 675/696/671
f 675/696/671 748/779/556 676/700/675
f 676/700/675 748/779/556 678/702/677
f 748/779/556 556/780/548 678/702/677
f 556/780/548 555/781/547 678/702/677
f 678/702/677 555/781/547 680/704/679
f 555/781/547 584/782/580 680/704/679
f 680/704/679 584/782/580 738/766/741
f 584/782/580 749/783/752 738/766/741
f 738/766/741 749/783/752 682/706/681
f 749/783/752 750/784/753 682/706/681
f 682/706/681 750/784/753 683/709/684
f 816/707/682 751/785/754 681/705/680
f 681/705/680 751/785/754 679/703/678
f 751/785/754 815/786/755 679/703/678
f 752/787/589 753/788/591 669/687/666
f 753/788/591 618/689/617 669/687/666
f 956/733/708 754/789/756 707/735/710
f 754/789/756 755/790/519 707/735/710
f 750/784/753 749/783/752 756/791/757
f 756/791/757 749/783/752 757/792/758
f 584/782/580 585/793/567 749/783/752
f 585/793/567 758/794/563 749/783/752
f 749/783/752 758/794/563 757/792/758
f 758/794/563 569/795/562 757/792/758
f 658/676/655 660/678/657 690/716/691
f 660/678/657 743/771/746 690/716/691
f 690/716/691 743/771/746 692/718/693
f 692/718/693 743/771/746 736/764/739
f 743/771/746 742/770/745 736/764/739
f 736/764/739 742/770/745 759/796/759
f 742/770/745 664/682/661 759/796/759
f 759/796/759 664/682/661 760/797/760
f 664/682/661 666/684/663 760/797/760
f 760/797/760 666/684/663 761/798/761
f 666/684/663 668/686/665 761/798/761
f 761/798/761 668/686/665 965/799/762
f 965/799/762 668/686/665 762/800/763
f 668/686/665 671/690/668 762/800/763
f 762/800/763 671/690/668 763/801/764
f 671/690/668 672/692/669 763/801/764
f 763/801/764 672/692/669 764/802/765
f 672/692/669 674/695/670 764/802/765
f 674/695/670 1018/697/672 764/802/765
f 1018/697/672 765/803/766 764/802/765
f 764/802/765 765/803/766 766/804/767
f 765/803/766 1021/805/768 766/804/767
f 1021/805/768 767/806/769 766/804/767
f 766/804/767 767/806/769 768/807/770
f 767/806/769 769/808/771 768/807/770
f 768/807/770 769/808/771 551/809/543
f 551/809/543 769/808/771 545/810/535
f 545/810/535 769/808/771 770/811/536
f 769/808/771 771/812/772 770/811/536
f 770/811/536 771/812/772 772/813/518
f 771/812/772 773/814/773 772/813/518
f 772/813/518 773/814/773 755/790/519
f 773/814/773 774/815/774 755/790/519
f 755/790/519 774/815/774 707/735/710
f 707/735/710 774/815/774 708/736/711
f 774/815/774 775/816/775 708/736/711
f 708/736/711 775/816/775 709/737/712
f 775/816/775 776/817/776 709/737/712
f 709/737/712 776/817/776 737/765/740
f 776/817/776 686/712/687 737/765/740
f 686/712/687 688/714/689 737/765/740
f 737/765/740 688/714/689 710/738/713
f 710/738/713 688/714/689 711/739/714
f 688/714/689 689/715/690 711/739/714
f 763/801/764 764/802/765 766/804/767
f 773/814/773 771/812/772 777/818/777
f 774/815/774 773/814/773 775/816/775
f 775/816/775 773/814/773 778/819/778
f 773/814/773 777/818/777 778/819/778
f 778/819/778 777/818/777 779/820/779
f 779/820/779 777/818/777 780/821/780
f 777/818/777 771/812/772 780/821/780
f 780/821/780 771/812/772 767/806/769
f 771/812/772 769/808/771 767/806/769
f 1020/699/674 677/701/676 781/822/781
f 781/822/781 677/701/676 780/821/780
f 677/701/676 679/703/678 780/821/780
f 780/821/780 679/703/678 779/820/779
f 679/703/678 815/786/755 779/820/779
f 815/786/755 782/823/782 779/820/779
f 779/820/779 782/823/782 778/819/778
f 782/823/782 783/824/783 778/819/778
f 778/819/778 783/824/783 775/816/775
f 775/816/775 783/824/783 776/817/776
f 776/817/776 783/824/783 686/712/687
f 783/824/783 784/825/784 686/712/687
f 686/712/687 784/825/784 684/710/685
f 784/825/784 828/708/683 684/710/685
f 782/823/782 784/825/784 783/824/783
f 1021/805/768 785/826/785 767/806/769
f 785/826/785 1022/827/786 767/806/769
f 767/806/769 1022/827/786 780/821/780
f 1022/827/786 781/822/781 780/821/780
f 694/720/695 736/764/739 696/722/697
f 696/722/697 736/764/739 744/772/747
f 736/764/739 759/796/759 744/772/747
f 744/772/747 759/796/759 745/773/748
f 759/796/759 786/828/787 745/773/748
f 745/773/748 786/828/787 746/774/749
f 786/828/787 787/829/788 746/774/749
f 746/774/749 787/829/788 788/830/789
f 787/829/788 789/831/790 788/830/789
f 788/830/789 789/831/790 768/807/770
f 768/807/770 789/831/790 766/804/767
f 789/831/790 790/832/791 766/804/767
f 766/804/767 790/832/791 763/801/764
f 790/832/791 962/833/792 763/801/764
f 962/833/792 963/834/793 763/801/764
f 763/801/764 963/834/793 762/800/763
f 963/834/793 965/799/762 762/800/763
f 551/809/543 533/835/522 768/807/770
f 768/807/770 533/835/522 788/830/789
f 533/835/522 532/776/521 788/830/789
f 532/776/521 747/775/750 788/830/789
f 788/830/789 747/775/750 746/774/749
f 791/836/794 962/833/792 790/832/791
f 789/831/790 787/829/788 790/832/791
f 790/832/791 787/829/788 791/836/794
f 787/829/788 786/828/787 791/836/794
f 791/836/794 786/828/787 959/837/795
f 786/828/787 759/796/759 959/837/795
f 759/796/759 760/797/760 959/837/795
f 959/837/795 760/797/760 761/798/761
f 658/676/655 687/713/688 659/677/656
f 687/713/688 685/711/686 659/677/656
f 685/711/686 792/838/796 659/677/656
f 659/677/656 792/838/796 661/679/658
f 792/838/796 793/839/797 661/679/658
f 661/679/658 793/839/797 663/681/660
f 793/839/797 794/840/798 663/681/660
f 663/681/660 794/840/798 735/763/738
f 794/840/798 795/841/799 735/763/738
f 735/763/738 795/841/799 667/685/664
f 667/685/664 795/841/799 669/687/666
f 795/841/799 796/842/800 669/687/666
f 669/687/666 796/842/800 752/787/589
f 752/787/589 796/842/800 569/795/562
f 796/842/800 797/843/801 569/795/562
f 569/795/562 797/843/801 757/792/758
f 797/843/801 798/844/802 757/792/758
f 757/792/758 798/844/802 756/791/757
f 798/844/802 799/845/803 756/791/757
f 756/791/757 799/845/803 750/784/753
f 799/845/803 800/846/804 750/784/753
f 750/784/753 800/846/804 683/709/684
f 683/709/684 800/846/804 685/711/686
f 685/711/686 800/846/804 792/838/796
f 800/846/804 799/845/803 792/838/796
f 799/845/803 798/844/802 792/838/796
f 792/838/796 798/844/802 793/839/797
f 798/844/802 801/847/805 793/839/797
f 793/839/797 801/847/805 794/840/798
f 801/847/805 797/843/801 794/840/798
f 797/843/801 796/842/800 794/840/798
f 794/840/798 796/842/800 795/841/799
f 797/843/801 801/847/805 798/844/802
f 802/848/806 803/849/807 804/850/808
f 804/850/808 803/849/807 805/851/809
f 803/849/807 806/852/810 805/851/809
f 806/852/810 807/853/811 805/851/809
f 805/851/809 808/854/812 804/850/808
f 808/854/812 809/855/813 804/850/808
f 804/850/808 809/855/813 810/856/814
f 809/855/813 811/857/815 810/856/814
f 811/857/815 812/858/816 810/856/814
f 812/858/816 813/859/817 810/856/814
f 813/859/817 814/860/818 810/856/814
f 814/860/818 802/848/806 810/856/814
f 810/856/814 802/848/806 804/850/808
f 802/848/806 782/861/782 803/849/807
f 782/861/782 815/862/755 803/849/807
f 815/862/755 751/863/754 803/849/807
f 803/849/807 751/863/754 806/852/810
f 751/863/754 816/864/682 806/852/810
f 816/864/682 827/865/819 806/852/810
f 806/852/810 827/865/819 807/853/811
f 827/865/819 817/866/820 807/853/811
f 817/866/820 818/867/821 807/853/811
f 807/853/811 818/867/821 819/868/822
f 818/867/821 820/869/823 819/868/822
f 808/854/812 821/870/824 809/855/813
f 821/870/824 822/871/825 809/855/813
f 822/871/825 823/872/826 809/855/813
f 809/855/813 823/872/826 811/857/815
f 823/872/826 824/873/827 811/857/815
f 811/857/815 824/873/827 812/858/816
f 824/873/827 825/874/828 812/858/816
f 825/874/828 818/875/821 812/858/816
f 818/875/821 817/876/820 812/858/816
f 812/858/816 817/876/820 813/859/817
f 817/876/820 826/877/829 813/859/817
f 813/859/817 826/877/829 814/860/818
f 826/877/829 784/878/784 814/860/818
f 814/860/818 784/878/784 802/848/806
f 784/878/784 782/861/782 802/848/806
f 818/867/821 825/879/828 820/869/823
f 817/876/820 827/880/819 826/877/829
f 827/880/819 828/881/683 826/877/829
f 826/877/829 828/881/683 784/878/784
f 827/880/819 816/882/682 828/881/683
f 829/883/830 830/884/831 831/885/832
f 832/886/833 833/887/834 834/888/835
f 835/889/836 870/890/837 836/891/838
f 836/891/838 870/890/837 837/892/839
f 870/890/837 871/893/840 837/892/839
f 837/892/839 871/893/840 838/894/841
f 871/893/840 839/895/842 838/894/841
f 838/894/841 839/895/842 840/896/843
f 839/895/842 841/897/844 840/896/843
f 841/897/844 842/898/845 843/899/846
f 843/899/846 842/898/845 844/900/847
f 842/898/845 875/901/848 844/900/847
f 875/901/848 877/902/849 844/900/847
f 844/900/847 877/902/849 845/903/850
f 877/902/849 846/904/851 845/903/850
f 845/903/850 846/904/851 847/905/852
f 846/904/851 848/906/853 847/905/852
f 847/905/852 848/906/853 849/907/854
f 848/906/853 850/908/855 849/907/854
f 849/907/854 850/908/855 851/909/856
f 850/908/855 884/910/857 851/909/856
f 851/909/856 884/910/857 852/911/858
f 884/910/857 853/912/859 852/911/858
f 853/912/859 854/913/860 852/911/858
f 852/911/858 854/913/860 855/914/861
f 854/913/860 829/883/830 855/914/861
f 855/914/861 829/883/830 856/915/862
f 829/883/830 831/885/832 856/915/862
f 856/915/862 831/885/832 834/888/835
f 834/888/835 831/885/832 832/886/833
f 832/886/833 831/885/832 857/916/863
f 831/885/832 830/884/831 857/916/863
f 857/916/863 830/884/831 891/917/864
f 891/917/864 830/884/831 858/918/865
f 858/918/865 830/884/831 863/919/866
f 830/884/831 829/883/830 863/919/866
f 863/919/866 829/883/830 854/913/860
f 834/888/835 836/891/838 856/915/862
f 836/891/838 837/892/839 856/915/862
f 855/914/861 849/907/854 852/911/858
f 852/911/858 849/907/854 851/909/856
f 839/895/842 873/920/867 841/897/844
f 873/920/867 842/898/845 841/897/844
f 844/900/847 845/903/850 843/899/846
f 845/903/850 847/905/852 843/899/846
f 843/899/846 847/905/852 859/921/868
f 847/905/852 860/922/869 859/921/868
f 859/921/868 860/922/869 837/892/839
f 860/922/869 861/923/870 837/892/839
f 837/892/839 861/923/870 856/915/862
f 856/915/862 861/923/870 855/914/861
f 861/923/870 860/922/869 855/914/861
f 855/914/861 860/922/869 849/907/854
f 860/922/869 847/905/852 849/907/854
f 884/910/857 850/908/855 862/924/871
f 862/924/871 850/908/855 881/925/872
f 850/908/855 848/906/853 881/925/872
f 881/925/872 848/906/853 879/926/873
f 848/906/853 846/904/851 879/926/873
f 879/926/873 846/904/851 877/902/849
f 858/927/865 863/928/866 864/929/874
f 864/929/874 863/928/866 865/930/875
f 866/931/876 867/932/877 868/933/878
f 867/932/877 869/934/879 868/933/878
f 868/933/878 869/934/879 870/935/837
f 870/935/837 869/934/879 871/936/840
f 869/934/879 867/932/877 871/936/840
f 871/936/840 867/932/877 839/937/842
f 867/932/877 872/938/880 839/937/842
f 839/937/842 872/938/880 873/939/867
f 872/938/880 874/940/881 873/939/867
f 873/939/867 874/940/881 842/941/845
f 842/941/845 874/940/881 875/942/848
f 874/940/881 876/943/882 875/942/848
f 875/942/848 876/943/882 877/944/849
f 876/943/882 878/945/883 877/944/849
f 877/944/849 878/945/883 879/946/873
f 878/945/883 880/947/884 879/946/873
f 879/946/873 880/947/884 881/948/872
f 880/947/884 882/949/885 881/948/872
f 881/948/872 882/949/885 862/950/871
f 882/949/885 883/951/886 862/950/871
f 862/950/871 883/951/886 884/952/857
f 883/951/886 885/953/887 884/952/857
f 884/952/857 885/953/887 853/954/859
f 885/953/887 886/955/888 853/954/859
f 853/954/859 886/955/888 854/956/860
f 886/955/888 887/957/889 854/956/860
f 854/956/860 887/957/889 863/928/866
f 887/957/889 888/958/890 863/928/866
f 863/928/866 888/958/890 865/930/875
f 888/958/890 835/959/836 865/930/875
f 865/930/875 835/959/836 864/929/874
f 835/959/836 1051/960/891 864/929/874
f 1051/960/891 889/961/892 864/929/874
f 889/961/892 890/962/893 864/929/874
f 864/929/874 890/962/893 858/927/865
f 890/962/893 891/963/864 858/927/865
f 880/947/884 878/945/883 882/949/885
f 882/949/885 878/945/883 892/964/894
f 892/964/894 878/945/883 874/940/881
f 878/945/883 876/943/882 874/940/881
f 883/951/886 882/949/885 885/953/887
f 885/953/887 882/949/885 893/965/895
f 882/949/885 892/964/894 893/965/895
f 893/965/895 892/964/894 894/966/896
f 892/964/894 874/940/881 894/966/896
f 874/940/881 866/931/876 894/966/896
f 894/966/896 866/931/876 888/958/890
f 866/931/876 868/933/878 888/958/890
f 888/958/890 868/933/878 835/959/836
f 868/933/878 870/935/837 835/959/836
f 888/958/890 887/957/889 894/966/896
f 894/966/896 887/957/889 893/965/895
f 887/957/889 886/955/888 893/965/895
f 893/965/895 886/955/888 885/953/887
f 895/967/897 896/968/898 897/969/899
f 897/969/899 896/968/898 898/970/900
f 896/968/898 899/971/901 898/970/900
f 899/971/901 900/972/902 898/970/900
f 898/970/900 900/972/902 901/973/903
f 900/972/902 902/974/904 901/973/903
f 901/973/903 902/974/904 903/975/905
f 904/976/906 905/977/907 1007/978/908
f 1007/978/908 905/977/907 1052/979/909
f 1052/979/909 905/977/907 906/980/910
f 905/977/907 907/981/911 906/980/910
f 908/982/912 909/983/913 910/984/914
f 909/983/913 911/985/915 910/984/914
f 910/984/914 911/985/915 912/986/916
f 911/985/915 913/987/917 912/986/916
f 912/986/916 913/987/917 914/988/918
f 913/987/917 915/989/919 914/988/918
f 914/988/918 915/989/919 916/990/920
f 916/990/920 915/989/919 917/991/921
f 915/989/919 913/987/917 917/991/921
f 917/991/921 913/987/917 997/992/922
f 913/987/917 918/993/923 997/992/922
f 997/992/922 918/993/923 919/994/924
f 918/993/923 920/995/925 919/994/924
f 919/994/924 920/995/925 985/996/926
f 920/995/925 921/997/927 985/996/926
f 985/996/926 921/997/927 922/998/928
f 921/997/927 909/983/913 922/998/928
f 922/998/928 909/983/913 923/999/929
f 923/999/929 909/983/913 924/1000/930
f 909/983/913 925/1001/931 924/1000/930
f 924/1000/930 925/1001/931 926/1002/932
f 925/1001/931 927/1003/933 926/1002/932
f 926/1002/932 927/1003/933 928/1004/934
f 927/1003/933 929/1005/935 928/1004/934
f 928/1004/934 929/1005/935 930/1006/936
f 929/1005/935 931/1007/937 930/1006/936
f 930/1006/936 931/1007/937 1007/978/908
f 931/1007/937 932/1008/938 1007/978/908
f 1007/978/908 932/1008/938 904/976/906
f 932/1008/938 990/1009/939 904/976/906
f 904/976/906 990/1009/939 905/977/907
f 990/1009/939 988/1010/940 905/977/907
f 905/977/907 988/1010/940 907/981/911
f 988/1010/940 987/1011/941 907/981/911
f 918/993/923 913/987/917 920/995/925
f 913/987/917 911/985/915 920/995/925
f 911/985/915 909/983/913 920/995/925
f 920/995/925 909/983/913 921/997/927
f 929/1005/935 927/1003/933 931/1007/937
f 927/1003/933 908/982/912 931/1007/937
f 931/1007/937 908/982/912 932/1008/938
f 908/982/912 910/984/914 932/1008/938
f 910/984/914 933/1012/942 932/1008/938
f 932/1008/938 933/1012/942 990/1009/939
f 990/1009/939 933/1012/942 934/1013/943
f 933/1012/942 935/1014/944 934/1013/943
f 934/1013/943 935/1014/944 936/1015/945
f 935/1014/944 914/988/918 936/1015/945
f 936/1015/945 914/988/918 916/990/920
f 914/988/918 935/1014/944 912/986/916
f 935/1014/944 933/1012/942 912/986/916
f 933/1012/942 910/984/914 912/986/916
f 552/1016/544 553/1017/545 937/1018/946
f 548/1019/540 938/1020/538 939/1021/947
f 939/1021/947 938/1020/538 940/1022/948
f 938/1020/538 531/1023/520 940/1022/948
f 531/1023/520 941/1024/949 940/1022/948
f 940/1022/948 941/1024/949 942/1025/950
f 941/1024/949 943/1026/951 942/1025/950
f 942/1025/950 943/1026/951 944/1027/952
f 943/1026/951 945/1028/707 944/1027/952
f 944/1027/952 945/1028/707 946/1029/953
f 945/1028/707 704/1030/705 946/1029/953
f 946/1029/953 704/1030/705 947/1031/954
f 704/1030/705 948/1032/751 947/1031/954
f 948/1032/751 532/1033/521 947/1031/954
f 532/1033/521 949/1034/523 947/1031/954
f 947/1031/954 949/1034/523 950/1035/955
f 949/1034/523 552/1016/544 950/1035/955
f 552/1016/544 937/1018/946 950/1035/955
f 950/1035/955 937/1018/946 951/1036/956
f 937/1018/946 952/1037/957 951/1036/956
f 951/1036/956 952/1037/957 953/1038/958
f 952/1037/957 954/1039/959 953/1038/958
f 953/1038/958 954/1039/959 955/1040/960
f 940/1022/948 942/1025/950 939/1021/947
f 939/1021/947 942/1025/950 955/1040/960
f 955/1040/960 942/1025/950 953/1038/958
f 942/1025/950 944/1027/952 953/1038/958
f 953/1038/958 944/1027/952 951/1036/956
f 944/1027/952 946/1029/953 951/1036/956
f 946/1029/953 947/1031/954 951/1036/956
f 951/1036/956 947/1031/954 950/1035/955
f 531/1023/520 755/1041/519 941/1024/949
f 755/1041/519 754/1042/756 941/1024/949
f 754/1042/756 956/1043/708 941/1024/949
f 941/1024/949 956/1043/708 943/1026/951
f 956/1043/708 945/1028/707 943/1026/951
f 957/1044/961 978/1045/962 958/1046/821
f 959/1047/795 960/1048/963 791/1049/794
f 960/1048/963 961/1050/964 791/1049/794
f 791/1049/794 961/1050/964 962/1051/792
f 962/1051/792 961/1050/964 963/1052/793
f 961/1050/964 964/1053/965 963/1052/793
f 963/1052/793 964/1053/965 965/1054/762
f 965/1054/762 964/1053/965 966/1055/966
f 964/1053/965 967/1056/967 966/1055/966
f 966/1055/966 967/1056/967 968/1057/968
f 968/1057/968 967/1056/967 958/1046/821
f 967/1056/967 969/1058/969 958/1046/821
f 958/1046/821 969/1058/969 957/1044/961
f 970/1059/970 971/1060/971 972/1061/972
f 972/1061/972 971/1060/971 973/1062/825
f 973/1062/825 971/1060/971 974/1063/826
f 971/1060/971 975/1064/973 974/1063/826
f 974/1063/826 975/1064/973 976/1065/974
f 975/1064/973 977/1066/975 976/1065/974
f 976/1065/974 977/1066/975 978/1067/962
f 978/1067/962 977/1066/975 958/1068/821
f 958/1068/821 977/1066/975 968/1069/968
f 977/1066/975 979/1070/976 968/1069/968
f 968/1069/968 979/1070/976 980/1071/977
f 979/1070/976 981/1072/978 980/1071/977
f 980/1071/977 981/1072/978 959/1047/795
f 959/1047/795 981/1072/978 960/1048/963
f 981/1072/978 982/1073/979 960/1048/963
f 960/1048/963 982/1073/979 983/1074/980
f 982/1073/979 971/1060/971 983/1074/980
f 971/1060/971 970/1059/970 983/1074/980
f 983/1074/980 970/1059/970 984/1075/981
f 967/1056/967 964/1053/965 984/1075/981
f 964/1053/965 961/1050/964 984/1075/981
f 984/1075/981 961/1050/964 983/1074/980
f 961/1050/964 960/1048/963 983/1074/980
f 981/1072/978 979/1070/976 982/1073/979
f 979/1070/976 977/1066/975 982/1073/979
f 977/1066/975 975/1064/973 982/1073/979
f 982/1073/979 975/1064/973 971/1060/971
f 959/1047/795 761/1076/761 980/1071/977
f 761/1076/761 966/1077/966 980/1071/977
f 980/1071/977 966/1077/966 968/1069/968
f 761/1076/761 965/1078/762 966/1077/966
f 985/1079/926 922/1080/928 986/1081/982
f 922/1080/928 923/1082/929 986/1081/982
f 987/1083/941 988/1084/940 989/1085/983
f 988/1084/940 990/1086/939 989/1085/983
f 989/1085/983 990/1086/939 991/1087/984
f 990/1086/939 934/1088/943 991/1087/984
f 991/1087/984 934/1088/943 992/1089/985
f 934/1088/943 993/1090/986 992/1089/985
f 992/1089/985 993/1090/986 994/1091/987
f 993/1090/986 995/1092/988 994/1091/987
f 994/1091/987 995/1092/988 996/1093/989
f 995/1092/988 916/1094/920 996/1093/989
f 916/1094/920 917/1095/921 996/1093/989
f 917/1095/921 997/1096/922 996/1093/989
f 996/1093/989 997/1096/922 998/1097/990
f 997/1096/922 919/1098/924 998/1097/990
f 998/1097/990 919/1098/924 999/1099/991
f 919/1098/924 985/1079/926 999/1099/991
f 999/1099/991 985/1079/926 1000/1100/992
f 985/1079/926 986/1081/982 1000/1100/992
f 1000/1100/992 986/1081/982 1001/1101/993
f 986/1081/982 923/1082/929 1001/1101/993
f 1001/1101/993 923/1082/929 1002/1102/994
f 923/1082/929 924/1103/930 1002/1102/994
f 924/1103/930 926/1104/932 1002/1102/994
f 1002/1102/994 926/1104/932 1003/1105/995
f 926/1104/932 1004/1106/996 1003/1105/995
f 1004/1106/996 928/1107/934 1005/1108/997
f 928/1107/934 930/1109/936 1005/1108/997
f 1005/1108/997 930/1109/936 1006/1110/998
f 930/1109/936 1007/1111/908 1006/1110/998
f 1008/1112/999 1009/1113/1000 1010/1114/1001
f 1010/1114/1001 1009/1113/1000 1011/1115/1002
f 1009/1113/1000 1012/1116/1003 1011/1115/1002
f 1011/1115/1002 1012/1116/1003 989/1085/983
f 1012/1116/1003 987/1083/941 989/1085/983
f 926/1104/932 928/1107/934 1004/1106/996
f 996/1093/989 998/1097/990 994/1091/987
f 934/1088/943 936/1117/945 993/1090/986
f 936/1117/945 916/1094/920 993/1090/986
f 993/1090/986 916/1094/920 995/1092/988
f 1013/1118/1004 991/1087/984 992/1089/985
f 1014/1119/1005 1015/1120/1006 1001/1101/993
f 1001/1101/993 1015/1120/1006 1000/1100/992
f 1000/1100/992 1015/1120/1006 999/1099/991
f 999/1099/991 1015/1120/1006 998/1097/990
f 998/1097/990 1015/1120/1006 994/1091/987
f 1015/1120/1006 1016/1121/1007 994/1091/987
f 994/1091/987 1016/1121/1007 992/1089/985
f 1016/1121/1007 1017/1122/1008 992/1089/985
f 992/1089/985 1017/1122/1008 1013/1118/1004
f 1017/1122/1008 1005/1108/997 1013/1118/1004
f 1005/1108/997 1006/1110/998 1013/1118/1004
f 1006/1110/998 1010/1114/1001 1013/1118/1004
f 1010/1114/1001 1011/1115/1002 1013/1118/1004
f 1013/1118/1004 1011/1115/1002 991/1087/984
f 1011/1115/1002 989/1085/983 991/1087/984
f 1017/1122/1008 1016/1121/1007 1005/1108/997
f 1016/1121/1007 1014/1119/1005 1005/1108/997
f 1014/1119/1005 1016/1121/1007 1015/1120/1006
f 765/1123/766 1018/1124/672 1019/1125/673
f 1020/1126/674 781/1127/781 1019/1125/673
f 781/1127/781 785/1128/785 1019/1125/673
f 1019/1125/673 785/1128/785 765/1123/766
f 785/1128/785 1021/1129/768 765/1123/766
f 785/1128/785 781/1127/781 1022/1130/786
f 1023/1131/1009 1024/1132/1010 1025/1133/1011
f 1024/1132/1010 1026/1134/1012 1025/1133/1011
f 1025/1133/1011 1026/1134/1012 1027/1135/1013
f 1026/1134/1012 1028/1136/1014 1027/1135/1013
f 1028/1136/1014 1029/1137/1015 1027/1135/1013
f 1027/1135/1013 1029/1137/1015 1030/1138/1016
f 1030/1138/1016 1029/1137/1015 1031/1139/897
f 1032/1140/1017 548/1019/540 939/1021/947
f 1033/1141/1018 1046/1142/1019 1034/1143/1020
f 1046/1142/1019 1032/1140/1017 1034/1143/1020
f 1034/1143/1020 1032/1140/1017 1035/1144/1021
f 1032/1140/1017 939/1021/947 1035/1144/1021
f 939/1021/947 955/1040/960 1035/1144/1021
f 1035/1144/1021 955/1040/960 1036/1145/1022
f 955/1040/960 954/1039/959 1036/1145/1022
f 954/1039/959 952/1037/957 1036/1145/1022
f 1036/1145/1022 952/1037/957 1037/1146/1023
f 952/1037/957 937/1018/946 1037/1146/1023
f 1037/1146/1023 937/1018/946 1041/1147/1024
f 937/1018/946 553/1017/545 1041/1147/1024
f 1038/1148/1025 1033/1141/1018 1034/1143/1020
f 1036/1145/1022 1037/1146/1023 1039/1149/1026
f 1037/1146/1023 1041/1147/1024 1039/1149/1026
f 1041/1147/1024 1050/1150/1027 1039/1149/1026
f 1050/1150/1027 1048/1151/1028 1039/1149/1026
f 1048/1151/1028 1038/1148/1025 1039/1149/1026
f 1039/1149/1026 1038/1148/1025 1040/1152/1029
f 1038/1148/1025 1034/1143/1020 1040/1152/1029
f 1040/1152/1029 1034/1143/1020 1036/1145/1022
f 1034/1143/1020 1035/1144/1021 1036/1145/1022
f 1039/1149/1026 1040/1152/1029 1036/1145/1022
f 1041/1153/1024 553/558/545 1042/1154/1030
f 553/558/545 538/541/528 1042/1154/1030
f 538/541/528 539/542/529 1042/1154/1030
f 1042/1154/1030 539/542/529 1043/1155/1031
f 539/542/529 540/543/530 1043/1155/1031
f 540/543/530 550/555/542 1043/1155/1031
f 1043/1155/1031 550/555/542 1044/1156/1032
f 550/555/542 549/554/541 1044/1156/1032
f 549/554/541 548/553/540 1044/1156/1032
f 548/553/540 1032/1157/1017 1044/1156/1032
f 1044/1156/1032 1032/1157/1017 1045/1158/1033
f 1032/1157/1017 1046/1159/1019 1045/1158/1033
f 1046/1159/1019 1033/1160/1018 1045/1158/1033
f 1045/1158/1033 1033/1160/1018 1047/1161/1034
f 1033/1160/1018 1038/1162/1025 1047/1161/1034
f 1038/1162/1025 1048/1163/1028 1047/1161/1034
f 1047/1161/1034 1048/1163/1028 1049/1164/1035
f 1048/1163/1028 1050/1165/1027 1049/1164/1035
f 1050/1165/1027 1041/1153/1024 1049/1164/1035
f 1041/1153/1024 1042/1154/1030 1049/1164/1035
f 1049/1164/1035 1042/1154/1030 1047/1161/1034
f 1042/1154/1030 1043/1155/1031 1047/1161/1034
f 1043/1155/1031 1044/1156/1032 1047/1161/1034
f 1047/1161/1034 1044/1156/1032 1045/1158/1033
f 807/853/811 819/868/822 805/851/809
f 819/868/822 808/854/812 805/851/809
f 819/868/822 820/869/823 808/854/812
f 820/869/823 821/870/824 808/854/812
f 833/887/834 1051/1166/891 834/888/835
f 834/888/835 1051/1166/891 836/891/838
f 1051/1166/891 835/889/836 836/891/838
f 840/896/843 841/897/844 843/899/846
f 843/899/846 859/921/868 840/896/843
f 859/921/868 837/892/839 840/896/843
f 840/896/843 837/892/839 838/894/841
f 833/887/834 889/1167/892 1051/1166/891
f 874/940/881 872/938/880 866/931/876
f 872/938/880 867/932/877 866/931/876
f 927/1003/933 925/1001/931 908/982/912
f 925/1001/931 909/983/913 908/982/912
f 969/1058/969 970/1059/970 957/1044/961
f 957/1044/961 970/1059/970 972/1061/972
f 970/1059/970 969/1058/969 984/1075/981
f 969/1058/969 967/1056/967 984/1075/981
f 1003/1105/995 1004/1106/996 1005/1108/997
f 1007/1111/908 1052/1168/909 1006/1110/998
f 1006/1110/998 1052/1168/909 1010/1114/1001
f 1052/1168/909 1008/1112/999 1010/1114/1001
f 1001/1101/993 1002/1102/994 1003/1105/995
f 1003/1105/995 1014/1119/1005 1001/1101/993
f 1005/1108/997 1014/1119/1005 1003/1105/995
f 1052/1168/909 906/1169/910 1008/1112/999
f 724/752/727 725/753/728 734/762/737
f 725/753/728 1053/1170/1036 734/762/737
f 1053/1170/1036 726/754/729 734/762/737
f 734/762/737 726/754/729 728/756/731
