# Blender v2.76 (sub 0) OBJ File: 'mc_alarm.blend'
# www.blender.org
mtllib mc_alarm.mtl
o mc_001_alarm_0_8_mesh8
v 0.000000 0.768693 -0.117438
v 0.034990 0.768693 -0.110478
v 0.035977 0.722312 -0.112861
v 0.000000 0.722312 -0.120017
v 0.064653 0.768693 -0.090657
v 0.066477 0.722312 -0.092481
v 0.084474 0.768693 -0.060994
v 0.086857 0.722312 -0.061981
v 0.091434 0.768693 -0.026003
v 0.094013 0.722312 -0.026003
v 0.000000 0.829116 -0.108643
v 0.031624 0.829116 -0.102353
v 0.058434 0.829116 -0.084438
v 0.076348 0.829116 -0.057628
v 0.082639 0.829116 -0.026003
v 0.000000 0.885774 -0.083967
v 0.022181 0.885774 -0.079555
v 0.040986 0.885774 -0.066990
v 0.053551 0.885774 -0.048185
v 0.057964 0.885774 -0.026003
v -0.091434 0.768693 -0.026003
v -0.084474 0.768693 -0.060994
v -0.086857 0.722312 -0.061981
v -0.094013 0.722312 -0.026003
v -0.064653 0.768693 -0.090657
v -0.066477 0.722312 -0.092481
v -0.034990 0.768693 -0.110478
v -0.035977 0.722312 -0.112861
v -0.082639 0.829116 -0.026003
v -0.076348 0.829116 -0.057628
v -0.058434 0.829116 -0.084438
v -0.031624 0.829116 -0.102353
v -0.057964 0.885774 -0.026003
v -0.053551 0.885774 -0.048185
v -0.040986 0.885774 -0.066990
v -0.022181 0.885774 -0.079555
v 0.084474 0.768693 0.008986
v 0.086857 0.722312 0.009973
v 0.064653 0.768693 0.038650
v 0.066477 0.722312 0.040473
v 0.034990 0.768693 0.058470
v 0.035977 0.722312 0.060853
v 0.000000 0.768693 0.065430
v 0.000000 0.722312 0.068009
v 0.076348 0.829116 0.005621
v 0.058434 0.829116 0.032431
v 0.031624 0.829116 0.050345
v 0.000000 0.829116 0.056635
v 0.053551 0.885774 -0.003821
v 0.040986 0.885774 0.014983
v 0.022181 0.885774 0.027548
v 0.000000 0.768693 0.065430
v -0.034990 0.768693 0.058470
v -0.035977 0.722312 0.060853
v 0.000000 0.722312 0.068009
v -0.064653 0.768693 0.038650
v -0.066477 0.722312 0.040473
v -0.084474 0.768693 0.008986
v -0.086857 0.722312 0.009973
v 0.000000 0.829116 0.056635
v -0.031624 0.829116 0.050345
v -0.058434 0.829116 0.032431
v -0.076348 0.829116 0.005621
v 0.000000 0.885774 0.031960
v -0.022181 0.885774 0.027548
v -0.040986 0.885774 0.014983
v -0.053551 0.885774 -0.003821
v 0.000000 0.885774 0.031960
v 0.241132 0.540974 -0.117438
v 0.244874 0.506185 -0.110478
v 0.198865 0.500244 -0.112861
v 0.195018 0.536015 -0.120017
v 0.248046 0.476691 -0.090657
v 0.202127 0.469918 -0.092481
v 0.250165 0.456984 -0.060994
v 0.204306 0.449656 -0.061981
v 0.250910 0.450064 -0.026003
v 0.205071 0.442540 -0.026003
v 0.301209 0.547436 -0.108643
v 0.304590 0.515992 -0.102353
v 0.307458 0.489336 -0.084438
v 0.309373 0.471525 -0.057628
v 0.310046 0.465270 -0.026003
v 0.357542 0.553495 -0.083967
v 0.359914 0.531440 -0.079555
v 0.361925 0.512743 -0.066990
v 0.363269 0.500250 -0.048185
v 0.363741 0.495863 -0.026003
v 0.231355 0.631885 -0.026003
v 0.232099 0.624964 -0.060994
v 0.185730 0.622374 -0.061981
v 0.184964 0.629489 -0.026003
v 0.234218 0.605258 -0.090657
v 0.187909 0.602111 -0.092481
v 0.237390 0.575764 -0.110478
v 0.191170 0.571786 -0.112861
v 0.292372 0.629601 -0.026003
v 0.293044 0.623347 -0.057628
v 0.294960 0.605536 -0.084438
v 0.297827 0.578879 -0.102353
v 0.351344 0.611126 -0.026003
v 0.351816 0.606739 -0.048185
v 0.353159 0.594246 -0.066990
v 0.355170 0.575550 -0.079555
v 0.250165 0.456984 0.008986
v 0.204306 0.449656 0.009973
v 0.248046 0.476691 0.038650
v 0.202127 0.469918 0.040473
v 0.244874 0.506185 0.058470
v 0.198865 0.500244 0.060853
v 0.241132 0.540974 0.065430
v 0.195018 0.536015 0.068009
v 0.309373 0.471525 0.005621
v 0.307458 0.489336 0.032431
v 0.304591 0.515992 0.050345
v 0.301209 0.547436 0.056635
v 0.363269 0.500250 -0.003821
v 0.361925 0.512743 0.014983
v 0.359914 0.531440 0.027548
v 0.241132 0.540974 0.065430
v 0.237390 0.575764 0.058470
v 0.191170 0.571786 0.060853
v 0.195018 0.536015 0.068009
v 0.234218 0.605258 0.038650
v 0.187909 0.602111 0.040473
v 0.232099 0.624964 0.008986
v 0.185730 0.622374 0.009973
v 0.301209 0.547436 0.056635
v 0.297827 0.578879 0.050345
v 0.294960 0.605536 0.032431
v 0.293044 0.623347 0.005621
v 0.357542 0.553495 0.031960
v 0.355170 0.575549 0.027548
v 0.353159 0.594247 0.014983
v 0.351816 0.606739 -0.003821
v 0.357542 0.553495 0.031960
v -0.240322 0.541436 -0.117438
v -0.237376 0.576302 -0.110478
v -0.191077 0.573380 -0.112861
v -0.194107 0.537531 -0.120017
v -0.234878 0.605860 -0.090657
v -0.188509 0.603772 -0.092481
v -0.233209 0.625610 -0.060994
v -0.186793 0.624079 -0.061981
v -0.232623 0.632546 -0.026003
v -0.186191 0.631210 -0.026003
v -0.300531 0.546523 -0.108643
v -0.297868 0.578036 -0.102353
v -0.295611 0.604751 -0.084438
v -0.294102 0.622601 -0.057628
v -0.293572 0.628870 -0.026003
v -0.356988 0.551294 -0.083967
v -0.355120 0.573398 -0.079555
v -0.353537 0.592136 -0.066990
v -0.352479 0.604656 -0.048185
v -0.352107 0.609053 -0.026003
v -0.248021 0.450326 -0.026003
v -0.247435 0.457261 -0.060994
v -0.201420 0.450982 -0.061981
v -0.202023 0.443851 -0.026003
v -0.245766 0.477012 -0.090657
v -0.199704 0.471289 -0.092481
v -0.243269 0.506570 -0.110478
v -0.197136 0.501681 -0.112861
v -0.307489 0.464177 -0.026003
v -0.306959 0.470446 -0.057628
v -0.305451 0.488296 -0.084438
v -0.303194 0.515011 -0.102353
v -0.361869 0.493536 -0.026003
v -0.361497 0.497932 -0.048185
v -0.360439 0.510453 -0.066990
v -0.358856 0.529191 -0.079555
v -0.233209 0.625610 0.008986
v -0.186793 0.624079 0.009973
v -0.234878 0.605860 0.038650
v -0.188509 0.603772 0.040473
v -0.237376 0.576302 0.058470
v -0.191077 0.573380 0.060853
v -0.240322 0.541436 0.065430
v -0.194107 0.537530 0.068009
v -0.294102 0.622601 0.005621
v -0.295610 0.604751 0.032431
v -0.297868 0.578036 0.050345
v -0.300531 0.546523 0.056635
v -0.352479 0.604656 -0.003821
v -0.353537 0.592136 0.014983
v -0.355120 0.573398 0.027548
v -0.240322 0.541436 0.065430
v -0.243269 0.506570 0.058470
v -0.197136 0.501681 0.060853
v -0.194107 0.537530 0.068009
v -0.245766 0.477012 0.038650
v -0.199704 0.471289 0.040473
v -0.247435 0.457261 0.008986
v -0.201420 0.450982 0.009973
v -0.300531 0.546523 0.056635
v -0.303194 0.515011 0.050345
v -0.305451 0.488296 0.032431
v -0.306959 0.470446 0.005621
v -0.356988 0.551294 0.031960
v -0.358856 0.529191 0.027548
v -0.360439 0.510453 0.014983
v -0.361497 0.497932 -0.003821
v -0.356988 0.551294 0.031960
vt 0.499849 0.728808
vt 0.563216 0.999584
vt 0.563216 0.728808
vt 0.499849 0.999584
vt 0.626582 0.999584
vt 0.626582 0.728808
vt 0.689931 0.999584
vt 0.689931 0.728808
vt 0.753215 0.999584
vt 0.753215 0.728808
vt 0.499849 0.366850
vt 0.563216 0.366850
vt 0.626582 0.366850
vt 0.689931 0.366850
vt 0.753215 0.366850
vt 0.499849 0.000270
vt 0.563216 0.000270
vt 0.626582 0.000270
vt 0.689931 0.000270
vt 0.753215 0.000270
vt 0.246485 0.728808
vt 0.309770 0.999584
vt 0.309770 0.728808
vt 0.246485 0.999584
vt 0.373118 0.999584
vt 0.373118 0.728808
vt 0.436482 0.999584
vt 0.436482 0.728808
vt 0.246485 0.366850
vt 0.309770 0.366850
vt 0.373118 0.366850
vt 0.436482 0.366850
vt 0.246485 0.000270
vt 0.309770 0.000270
vt 0.373118 0.000270
vt 0.436482 0.000270
vt 0.816298 0.999584
vt 0.816298 0.728808
vt 0.878839 0.999584
vt 0.878839 0.728808
vt 0.940192 0.999584
vt 0.940192 0.728808
vt 0.999701 0.999584
vt 0.999701 0.728808
vt 0.816298 0.366850
vt 0.878839 0.366850
vt 0.940192 0.366850
vt 0.999701 0.366850
vt 0.816298 0.000270
vt 0.878839 0.000270
vt 0.940192 0.000270
vt 0.000000 0.728808
vt 0.059509 0.999584
vt 0.059509 0.728808
vt 0.000000 0.999584
vt 0.120862 0.999584
vt 0.120862 0.728808
vt 0.183403 0.999584
vt 0.183403 0.728808
vt 0.000000 0.366850
vt 0.059509 0.366850
vt 0.120862 0.366850
vt 0.183403 0.366850
vt 0.000000 0.000270
vt 0.059509 0.000270
vt 0.120862 0.000270
vt 0.183403 0.000270
vt 0.999701 0.000270
vn -0.194800 -0.054500 0.979300
vn -0.554800 -0.054500 0.830200
vn -0.830200 -0.054500 0.554800
vn -0.979300 -0.054500 0.194800
vn -0.193100 -0.141300 0.970900
vn -0.550000 -0.141300 0.823100
vn -0.823100 -0.141300 0.550000
vn -0.970900 -0.141300 0.193100
vn -0.179400 -0.392800 0.901900
vn -0.510900 -0.392800 0.764600
vn -0.764600 -0.392800 0.510900
vn -0.901900 -0.392800 0.179400
vn 0.979300 -0.054500 0.194800
vn 0.830200 -0.054500 0.554800
vn 0.554800 -0.054500 0.830200
vn 0.194800 -0.054500 0.979300
vn 0.970900 -0.141300 0.193100
vn 0.823100 -0.141300 0.550000
vn 0.550000 -0.141300 0.823100
vn 0.193100 -0.141300 0.970900
vn 0.901900 -0.392800 0.179400
vn 0.764600 -0.392800 0.510900
vn 0.510900 -0.392800 0.764600
vn 0.179400 -0.392800 0.901900
vn -0.979300 -0.054500 -0.194800
vn -0.830200 -0.054500 -0.554700
vn -0.830200 -0.054500 -0.554800
vn -0.554700 -0.054500 -0.830200
vn -0.554800 -0.054400 -0.830200
vn -0.194800 -0.054500 -0.979300
vn -0.970900 -0.141300 -0.193100
vn -0.823100 -0.141300 -0.550000
vn -0.550000 -0.141300 -0.823100
vn -0.193100 -0.141300 -0.970900
vn -0.901900 -0.392800 -0.179400
vn -0.764600 -0.392800 -0.510900
vn -0.510900 -0.392800 -0.764600
vn 0.194800 -0.054500 -0.979300
vn 0.554700 -0.054400 -0.830200
vn 0.554800 -0.054500 -0.830200
vn 0.830200 -0.054500 -0.554700
vn 0.830200 -0.054500 -0.554800
vn 0.979300 -0.054500 -0.194800
vn 0.193100 -0.141300 -0.970900
vn 0.550000 -0.141300 -0.823100
vn 0.823100 -0.141300 -0.550000
vn 0.970900 -0.141300 -0.193100
vn 0.179400 -0.392800 -0.902000
vn 0.510900 -0.392800 -0.764600
vn 0.764600 -0.392800 -0.510900
vn 0.901900 -0.392800 -0.179400
vn -0.179400 -0.392800 -0.902000
vn -0.075000 0.187900 0.979300
vn -0.113500 0.545700 0.830200
vn -0.142900 0.819600 0.554800
vn -0.142900 0.819700 0.554700
vn -0.158900 0.967900 0.194800
vn -0.161200 0.176900 0.970900
vn -0.199300 0.531700 0.823100
vn -0.199300 0.531800 0.823100
vn -0.228500 0.803300 0.550000
vn -0.244400 0.950300 0.193100
vn -0.244300 0.950300 0.193100
vn -0.409800 0.136400 0.901900
vn -0.445200 0.466000 0.764600
vn -0.472300 0.718300 0.510900
vn -0.472300 0.718200 0.510900
vn -0.487000 0.854800 0.179400
vn 0.050600 -0.979500 0.194800
vn 0.034600 -0.831300 0.554700
vn 0.034600 -0.831300 0.554800
vn 0.005200 -0.557400 0.830200
vn -0.033300 -0.199500 0.979300
vn -0.036700 -0.980500 0.193200
vn -0.036700 -0.980500 0.193100
vn -0.052500 -0.833500 0.550000
vn -0.081700 -0.562000 0.823100
vn -0.119900 -0.207100 0.970900
vn -0.294100 -0.938800 0.179400
vn -0.308800 -0.802300 0.510900
vn -0.308800 -0.802200 0.510900
vn -0.335900 -0.550000 0.764600
vn -0.371400 -0.220400 0.901900
vn -0.158900 0.967900 -0.194800
vn -0.142900 0.819700 -0.554700
vn -0.113500 0.545700 -0.830200
vn -0.075000 0.187900 -0.979300
vn -0.244300 0.950300 -0.193100
vn -0.244400 0.950300 -0.193200
vn -0.228500 0.803300 -0.550000
vn -0.199300 0.531700 -0.823100
vn -0.161200 0.176900 -0.970900
vn -0.487000 0.854800 -0.179400
vn -0.472300 0.718300 -0.510900
vn -0.472300 0.718200 -0.510900
vn -0.445200 0.466000 -0.764600
vn -0.033300 -0.199500 -0.979300
vn 0.005200 -0.557400 -0.830200
vn 0.034600 -0.831300 -0.554700
vn 0.034700 -0.831300 -0.554800
vn 0.050600 -0.979500 -0.194800
vn -0.119900 -0.207100 -0.970900
vn -0.081700 -0.561900 -0.823100
vn -0.052500 -0.833500 -0.550000
vn -0.036700 -0.980500 -0.193200
vn -0.036700 -0.980500 -0.193100
vn -0.371400 -0.220400 -0.902000
vn -0.371400 -0.220400 -0.901900
vn -0.335900 -0.550000 -0.764600
vn -0.308800 -0.802300 -0.510900
vn -0.294100 -0.938800 -0.179400
vn -0.409700 0.136400 -0.902000
vn 0.037900 -0.198700 0.979300
vn 0.007600 -0.557400 0.830200
vn -0.015600 -0.831900 0.554700
vn -0.028200 -0.980400 0.194800
vn 0.124600 -0.204300 0.970900
vn 0.094500 -0.560000 0.823100
vn 0.071500 -0.832100 0.550000
vn 0.059100 -0.979400 0.193200
vn 0.376300 -0.211800 0.901900
vn 0.348400 -0.542200 0.764600
vn 0.327000 -0.795000 0.510900
vn 0.315500 -0.931800 0.179400
vn 0.136700 0.971300 0.194800
vn 0.124200 0.822700 0.554800
vn 0.124200 0.822700 0.554700
vn 0.101000 0.548200 0.830200
vn 0.070700 0.189500 0.979300
vn 0.222600 0.955600 0.193100
vn 0.222600 0.955600 0.193200
vn 0.210100 0.808300 0.550000
vn 0.187100 0.536200 0.823100
vn 0.157100 0.180500 0.970900
vn 0.467400 0.865700 0.179400
vn 0.467300 0.865700 0.179400
vn 0.455800 0.728900 0.510900
vn 0.455800 0.728800 0.510900
vn 0.434400 0.476000 0.764600
vn 0.406500 0.145700 0.901900
vn -0.028200 -0.980400 -0.194800
vn -0.015700 -0.831900 -0.554700
vn -0.015600 -0.831900 -0.554700
vn 0.007600 -0.557400 -0.830200
vn 0.007500 -0.557400 -0.830200
vn 0.037900 -0.198700 -0.979300
vn 0.059100 -0.979400 -0.193200
vn 0.071500 -0.832100 -0.550000
vn 0.094500 -0.559900 -0.823100
vn 0.124600 -0.204300 -0.970900
vn 0.315500 -0.931800 -0.179400
vn 0.327000 -0.795000 -0.510900
vn 0.348400 -0.542200 -0.764600
vn 0.070700 0.189500 -0.979300
vn 0.101000 0.548200 -0.830200
vn 0.124200 0.822700 -0.554800
vn 0.124200 0.822700 -0.554700
vn 0.136700 0.971300 -0.194800
vn 0.157100 0.180500 -0.970900
vn 0.187100 0.536100 -0.823100
vn 0.210100 0.808300 -0.550000
vn 0.222600 0.955600 -0.193100
vn 0.222600 0.955600 -0.193200
vn 0.406500 0.145700 -0.902000
vn 0.434400 0.476000 -0.764600
vn 0.455800 0.728900 -0.510900
vn 0.455800 0.728800 -0.511000
vn 0.467300 0.865700 -0.179400
vn 0.467400 0.865700 -0.179400
vn 0.376300 -0.211800 -0.902000
usemtl mc_001_alarm_alarm_FX
s off
f 1/1/1 3/2/1 2/3/1
f 3/2/1 1/1/1 4/4/1
f 2/3/2 6/5/2 5/6/2
f 6/5/2 2/3/2 3/2/2
f 5/6/3 8/7/3 7/8/3
f 8/7/3 5/6/3 6/5/3
f 7/8/4 10/9/4 9/10/4
f 10/9/4 7/8/4 8/7/4
f 2/3/5 11/11/5 1/1/5
f 11/11/5 2/3/5 12/12/5
f 5/6/6 12/12/6 2/3/6
f 12/12/6 5/6/6 13/13/6
f 7/8/7 13/13/7 5/6/7
f 13/13/7 7/8/7 14/14/7
f 9/10/8 14/14/8 7/8/8
f 14/14/8 9/10/8 15/15/8
f 12/12/9 16/16/9 11/11/9
f 16/16/9 12/12/9 17/17/9
f 13/13/10 17/17/10 12/12/10
f 17/17/10 13/13/10 18/18/10
f 14/14/11 18/18/11 13/13/11
f 18/18/11 14/14/11 19/19/11
f 15/15/12 19/19/12 14/14/12
f 19/19/12 15/15/12 20/20/12
f 21/21/13 23/22/13 22/23/13
f 23/22/13 21/21/13 24/24/13
f 22/23/14 26/25/14 25/26/14
f 26/25/14 22/23/14 23/22/14
f 25/26/15 28/27/15 27/28/15
f 28/27/15 25/26/15 26/25/15
f 27/28/16 4/4/16 1/1/16
f 4/4/16 27/28/16 28/27/16
f 22/23/17 29/29/17 21/21/17
f 29/29/17 22/23/17 30/30/17
f 25/26/18 30/30/18 22/23/18
f 30/30/18 25/26/18 31/31/18
f 27/28/19 31/31/19 25/26/19
f 31/31/19 27/28/19 32/32/19
f 1/1/20 32/32/20 27/28/20
f 32/32/20 1/1/20 11/11/20
f 30/30/21 33/33/21 29/29/21
f 33/33/21 30/30/21 34/34/21
f 31/31/22 34/34/22 30/30/22
f 34/34/22 31/31/22 35/35/22
f 32/32/23 35/35/23 31/31/23
f 35/35/23 32/32/23 36/36/23
f 11/11/24 36/36/24 32/32/24
f 36/36/24 11/11/24 16/16/24
f 9/10/25 38/37/25 37/38/25
f 38/37/25 9/10/25 10/9/25
f 37/38/26 40/39/26 39/40/26
f 40/39/27 37/38/27 38/37/27
f 39/40/28 42/41/28 41/42/28
f 42/41/29 39/40/29 40/39/29
f 41/42/30 44/43/30 43/44/30
f 44/43/30 41/42/30 42/41/30
f 37/38/31 15/15/31 9/10/31
f 15/15/31 37/38/31 45/45/31
f 39/40/32 45/45/32 37/38/32
f 45/45/32 39/40/32 46/46/32
f 41/42/33 46/46/33 39/40/33
f 46/46/33 41/42/33 47/47/33
f 43/44/34 47/47/34 41/42/34
f 47/47/34 43/44/34 48/48/34
f 45/45/35 20/20/35 15/15/35
f 20/20/35 45/45/35 49/49/35
f 46/46/36 49/49/36 45/45/36
f 49/49/36 46/46/36 50/50/36
f 47/47/37 50/50/37 46/46/37
f 50/50/37 47/47/37 51/51/37
f 52/52/38 54/53/38 53/54/38
f 54/53/38 52/52/38 55/55/38
f 53/54/39 57/56/39 56/57/39
f 57/56/40 53/54/40 54/53/40
f 56/57/41 59/58/41 58/59/41
f 59/58/42 56/57/42 57/56/42
f 58/59/43 24/24/43 21/21/43
f 24/24/43 58/59/43 59/58/43
f 53/54/44 60/60/44 52/52/44
f 60/60/44 53/54/44 61/61/44
f 56/57/45 61/61/45 53/54/45
f 61/61/45 56/57/45 62/62/45
f 58/59/46 62/62/46 56/57/46
f 62/62/46 58/59/46 63/63/46
f 21/21/47 63/63/47 58/59/47
f 63/63/47 21/21/47 29/29/47
f 61/61/48 64/64/48 60/60/48
f 64/64/48 61/61/48 65/65/48
f 62/62/49 65/65/49 61/61/49
f 65/65/49 62/62/49 66/66/49
f 63/63/50 66/66/50 62/62/50
f 66/66/50 63/63/50 67/67/50
f 29/29/51 67/67/51 63/63/51
f 67/67/51 29/29/51 33/33/51
f 48/48/52 51/51/52 47/47/52
f 51/51/52 48/48/52 68/68/52
f 69/1/53 71/2/53 70/3/53
f 71/2/53 69/1/53 72/4/53
f 70/3/54 74/5/54 73/6/54
f 74/5/54 70/3/54 71/2/54
f 73/6/55 76/7/55 75/8/55
f 76/7/56 73/6/56 74/5/56
f 75/8/57 78/9/57 77/10/57
f 78/9/57 75/8/57 76/7/57
f 70/3/58 79/11/58 69/1/58
f 79/11/58 70/3/58 80/12/58
f 73/6/59 80/12/59 70/3/59
f 80/12/60 73/6/60 81/13/60
f 75/8/61 81/13/61 73/6/61
f 81/13/61 75/8/61 82/14/61
f 77/10/62 82/14/62 75/8/62
f 82/14/63 77/10/63 83/15/63
f 80/12/64 84/16/64 79/11/64
f 84/16/64 80/12/64 85/17/64
f 81/13/65 85/17/65 80/12/65
f 85/17/65 81/13/65 86/18/65
f 82/14/66 86/18/66 81/13/66
f 86/18/67 82/14/67 87/19/67
f 83/15/68 87/19/68 82/14/68
f 87/19/68 83/15/68 88/20/68
f 89/21/69 91/22/69 90/23/69
f 91/22/69 89/21/69 92/24/69
f 90/23/70 94/25/70 93/26/70
f 94/25/71 90/23/71 91/22/71
f 93/26/72 96/27/72 95/28/72
f 96/27/72 93/26/72 94/25/72
f 95/28/73 72/4/73 69/1/73
f 72/4/73 95/28/73 96/27/73
f 90/23/74 97/29/74 89/21/74
f 97/29/75 90/23/75 98/30/75
f 93/26/76 98/30/76 90/23/76
f 98/30/76 93/26/76 99/31/76
f 95/28/77 99/31/77 93/26/77
f 99/31/77 95/28/77 100/32/77
f 69/1/78 100/32/78 95/28/78
f 100/32/78 69/1/78 79/11/78
f 98/30/79 101/33/79 97/29/79
f 101/33/79 98/30/79 102/34/79
f 99/31/80 102/34/80 98/30/80
f 102/34/81 99/31/81 103/35/81
f 100/32/82 103/35/82 99/31/82
f 103/35/82 100/32/82 104/36/82
f 79/11/83 104/36/83 100/32/83
f 104/36/83 79/11/83 84/16/83
f 77/10/84 106/37/84 105/38/84
f 106/37/84 77/10/84 78/9/84
f 105/38/85 108/39/85 107/40/85
f 108/39/85 105/38/85 106/37/85
f 107/40/86 110/41/86 109/42/86
f 110/41/86 107/40/86 108/39/86
f 109/42/87 112/43/87 111/44/87
f 112/43/87 109/42/87 110/41/87
f 105/38/88 83/15/88 77/10/88
f 83/15/89 105/38/89 113/45/89
f 107/40/90 113/45/90 105/38/90
f 113/45/90 107/40/90 114/46/90
f 109/42/91 114/46/91 107/40/91
f 114/46/91 109/42/91 115/47/91
f 111/44/92 115/47/92 109/42/92
f 115/47/92 111/44/92 116/48/92
f 113/45/93 88/20/93 83/15/93
f 88/20/93 113/45/93 117/49/93
f 114/46/94 117/49/94 113/45/94
f 117/49/95 114/46/95 118/50/95
f 115/47/96 118/50/96 114/46/96
f 118/50/96 115/47/96 119/51/96
f 120/52/97 122/53/97 121/54/97
f 122/53/97 120/52/97 123/55/97
f 121/54/98 125/56/98 124/57/98
f 125/56/98 121/54/98 122/53/98
f 124/57/99 127/58/99 126/59/99
f 127/58/100 124/57/100 125/56/100
f 126/59/101 92/24/101 89/21/101
f 92/24/101 126/59/101 127/58/101
f 121/54/102 128/60/102 120/52/102
f 128/60/102 121/54/102 129/61/102
f 124/57/103 129/61/103 121/54/103
f 129/61/103 124/57/103 130/62/103
f 126/59/104 130/62/104 124/57/104
f 130/62/104 126/59/104 131/63/104
f 89/21/105 131/63/105 126/59/105
f 131/63/106 89/21/106 97/29/106
f 129/61/107 132/64/107 128/60/107
f 132/64/108 129/61/108 133/65/108
f 130/62/109 133/65/109 129/61/109
f 133/65/109 130/62/109 134/66/109
f 131/63/110 134/66/110 130/62/110
f 134/66/110 131/63/110 135/67/110
f 97/29/111 135/67/111 131/63/111
f 135/67/111 97/29/111 101/33/111
f 116/48/112 119/51/112 115/47/112
f 119/51/112 116/48/112 136/68/112
f 137/1/113 139/2/113 138/3/113
f 139/2/113 137/1/113 140/4/113
f 138/3/114 142/5/114 141/6/114
f 142/5/114 138/3/114 139/2/114
f 141/6/115 144/7/115 143/8/115
f 144/7/115 141/6/115 142/5/115
f 143/8/116 146/9/116 145/10/116
f 146/9/116 143/8/116 144/7/116
f 138/3/117 147/11/117 137/1/117
f 147/11/117 138/3/117 148/12/117
f 141/6/118 148/12/118 138/3/118
f 148/12/118 141/6/118 149/13/118
f 143/8/119 149/13/119 141/6/119
f 149/13/119 143/8/119 150/14/119
f 145/10/120 150/14/120 143/8/120
f 150/14/120 145/10/120 151/15/120
f 148/12/121 152/16/121 147/11/121
f 152/16/121 148/12/121 153/17/121
f 149/13/122 153/17/122 148/12/122
f 153/17/122 149/13/122 154/18/122
f 150/14/123 154/18/123 149/13/123
f 154/18/123 150/14/123 155/19/123
f 151/15/124 155/19/124 150/14/124
f 155/19/124 151/15/124 156/20/124
f 157/21/125 159/22/125 158/23/125
f 159/22/125 157/21/125 160/24/125
f 158/23/126 162/25/126 161/26/126
f 162/25/127 158/23/127 159/22/127
f 161/26/128 164/27/128 163/28/128
f 164/27/128 161/26/128 162/25/128
f 163/28/129 140/4/129 137/1/129
f 140/4/129 163/28/129 164/27/129
f 158/23/130 165/29/130 157/21/130
f 165/29/131 158/23/131 166/30/131
f 161/26/132 166/30/132 158/23/132
f 166/30/132 161/26/132 167/31/132
f 163/28/133 167/31/133 161/26/133
f 167/31/133 163/28/133 168/32/133
f 137/1/134 168/32/134 163/28/134
f 168/32/134 137/1/134 147/11/134
f 166/30/135 169/33/135 165/29/135
f 169/33/136 166/30/136 170/34/136
f 167/31/137 170/34/137 166/30/137
f 170/34/138 167/31/138 171/35/138
f 168/32/139 171/35/139 167/31/139
f 171/35/139 168/32/139 172/36/139
f 147/11/140 172/36/140 168/32/140
f 172/36/140 147/11/140 152/16/140
f 145/10/141 174/37/141 173/38/141
f 174/37/141 145/10/141 146/9/141
f 173/38/142 176/39/142 175/40/142
f 176/39/143 173/38/143 174/37/143
f 175/40/144 178/41/144 177/42/144
f 178/41/145 175/40/145 176/39/145
f 177/42/146 180/43/146 179/44/146
f 180/43/146 177/42/146 178/41/146
f 173/38/147 151/15/147 145/10/147
f 151/15/147 173/38/147 181/45/147
f 175/40/148 181/45/148 173/38/148
f 181/45/148 175/40/148 182/46/148
f 177/42/149 182/46/149 175/40/149
f 182/46/149 177/42/149 183/47/149
f 179/44/150 183/47/150 177/42/150
f 183/47/150 179/44/150 184/48/150
f 181/45/151 156/20/151 151/15/151
f 156/20/151 181/45/151 185/49/151
f 182/46/152 185/49/152 181/45/152
f 185/49/152 182/46/152 186/50/152
f 183/47/153 186/50/153 182/46/153
f 186/50/153 183/47/153 187/51/153
f 188/52/154 190/53/154 189/54/154
f 190/53/154 188/52/154 191/55/154
f 189/54/155 193/56/155 192/57/155
f 193/56/155 189/54/155 190/53/155
f 192/57/156 195/58/156 194/59/156
f 195/58/157 192/57/157 193/56/157
f 194/59/158 160/24/158 157/21/158
f 160/24/158 194/59/158 195/58/158
f 189/54/159 196/60/159 188/52/159
f 196/60/159 189/54/159 197/61/159
f 192/57/160 197/61/160 189/54/160
f 197/61/160 192/57/160 198/62/160
f 194/59/161 198/62/161 192/57/161
f 198/62/161 194/59/161 199/63/161
f 157/21/162 199/63/162 194/59/162
f 199/63/163 157/21/163 165/29/163
f 197/61/164 200/64/164 196/60/164
f 200/64/164 197/61/164 201/65/164
f 198/62/165 201/65/165 197/61/165
f 201/65/165 198/62/165 202/66/165
f 199/63/166 202/66/166 198/62/166
f 202/66/167 199/63/167 203/67/167
f 165/29/168 203/67/168 199/63/168
f 203/67/169 165/29/169 169/33/169
f 184/48/170 187/51/170 183/47/170
f 187/51/170 184/48/170 204/68/170
o mc_001_alarm_0_7_mesh7
v 0.003753 0.810992 -0.044876
v 0.015999 0.810992 -0.036694
v 0.023146 0.734748 -0.041469
v 0.005430 0.734748 -0.053306
v 0.018872 0.810992 -0.022249
v 0.027302 0.734748 -0.020572
v 0.000000 0.815586 -0.026003
v -0.018872 0.810992 -0.029757
v -0.010690 0.810992 -0.042003
v -0.015465 0.734748 -0.049150
v -0.027302 0.734748 -0.031434
v 0.010690 0.810992 -0.010004
v 0.015465 0.734748 -0.002857
v -0.003753 0.810992 -0.007131
v -0.005430 0.734748 0.001299
v -0.003753 0.810992 -0.007131
v -0.015999 0.810992 -0.015313
v -0.023146 0.734748 -0.010537
v -0.005430 0.734748 0.001299
v 0.283591 0.541765 -0.044876
v 0.284900 0.529590 -0.036694
v 0.209857 0.514331 -0.041469
v 0.207963 0.531945 -0.053306
v 0.285208 0.526733 -0.022249
v 0.210302 0.510198 -0.020572
v 0.287757 0.545989 -0.026003
v 0.281171 0.564262 -0.029757
v 0.282046 0.556127 -0.042003
v 0.205729 0.552722 -0.049150
v 0.204463 0.564491 -0.031434
v 0.284333 0.534869 -0.010004
v 0.209036 0.521967 -0.002857
v 0.282788 0.549230 -0.007131
v 0.206802 0.542744 0.001299
v 0.282788 0.549230 -0.007131
v 0.281479 0.561405 -0.015313
v 0.204907 0.560358 -0.010537
v 0.206802 0.542744 0.001299
v -0.282156 0.548738 -0.044876
v -0.281125 0.560940 -0.036694
v -0.204549 0.561642 -0.041469
v -0.206041 0.543989 -0.053306
v -0.280883 0.563803 -0.022249
v -0.204199 0.565783 -0.020572
v -0.287050 0.545384 -0.026003
v -0.284061 0.526192 -0.029757
v -0.283372 0.534345 -0.042003
v -0.207800 0.523166 -0.049150
v -0.208797 0.511371 -0.031434
v -0.281572 0.555650 -0.010004
v -0.205196 0.553988 -0.002857
v -0.282788 0.541257 -0.007131
v -0.206955 0.533166 0.001299
v -0.282788 0.541257 -0.007131
v -0.283819 0.529055 -0.015313
v -0.208447 0.515513 -0.010537
v -0.206955 0.533166 0.001299
vt 0.666606 0.666802
vt 0.653337 0.600547
vt 0.653337 0.666802
vt 0.666606 0.600547
vt 0.640090 0.600547
vt 0.640090 0.666802
vt 0.667016 0.705188
vt 0.693141 0.666802
vt 0.679877 0.600547
vt 0.679877 0.666802
vt 0.693141 0.600547
vt 0.627027 0.600547
vt 0.627027 0.666802
vt 0.617583 0.600547
vt 0.617583 0.666802
vt 0.719149 0.666802
vt 0.706334 0.600547
vt 0.706334 0.666802
vt 0.719149 0.600547
vn -0.552600 -0.103600 0.827000
vn -0.975500 -0.103600 0.194000
vn -0.139000 -0.968200 0.208000
vn -0.245400 -0.968200 0.048800
vn 0.827000 -0.103600 0.552600
vn 0.194000 -0.103600 0.975500
vn 0.208000 -0.968200 0.139000
vn 0.048800 -0.968200 0.245400
vn -0.827000 -0.103600 -0.552600
vn -0.194000 -0.103600 -0.975500
vn -0.208000 -0.968200 -0.139000
vn 0.552600 -0.103600 -0.827000
vn 0.552500 -0.103600 -0.827000
vn 0.975500 -0.103600 -0.194000
vn 0.139000 -0.968200 -0.208000
vn 0.245400 -0.968200 -0.048800
vn -0.048800 -0.968200 -0.245400
vn -0.162100 0.538300 0.827000
vn -0.207300 0.958800 0.194100
vn -0.977500 0.034700 0.208000
vn -0.988900 0.140400 0.048900
vn -0.014600 -0.833400 0.552500
vn -0.014600 -0.833300 0.552600
vn -0.082200 -0.204000 0.975500
vn -0.082300 -0.204000 0.975500
vn -0.940400 -0.310400 0.139000
vn -0.957400 -0.152100 0.245400
vn -0.191400 0.811100 -0.552600
vn -0.191400 0.811200 -0.552600
vn -0.123700 0.181800 -0.975500
vn -0.984900 0.103300 -0.139000
vn -0.043900 -0.560500 -0.827000
vn 0.001300 -0.981000 -0.194100
vn 0.001300 -0.981000 -0.194000
vn -0.947800 -0.241700 -0.208000
vn -0.936400 -0.347500 -0.048800
vn -0.967900 -0.055000 -0.245400
vn 0.056700 -0.559300 0.827000
vn 0.021100 -0.980800 0.194000
vn 0.953100 -0.220000 0.208000
vn 0.944100 -0.326000 0.048800
vn 0.172900 0.815400 0.552600
vn 0.172900 0.815300 0.552600
vn 0.119600 0.184600 0.975500
vn 0.982300 0.125800 0.139000
vn 0.968900 -0.032900 0.245400
vn 0.033600 -0.832800 -0.552600
vn 0.086900 -0.202100 -0.975500
vn 0.086900 -0.202000 -0.975500
vn 0.947200 -0.288800 -0.139000
vn 0.149800 0.541900 -0.827000
vn 0.149700 0.541800 -0.827000
vn 0.185400 0.963300 -0.194000
vn 0.976500 0.057000 -0.208100
vn 0.985400 0.163000 -0.048800
vn 0.960600 -0.130100 -0.245400
usemtl mc_001_alarm_alarm_solidinterior
s off
f 205/69/171 207/70/171 206/71/171
f 207/70/171 205/69/171 208/72/171
f 206/71/172 210/73/172 209/74/172
f 210/73/172 206/71/172 207/70/172
f 206/71/173 211/75/173 205/69/173
f 209/74/174 211/75/174 206/71/174
f 212/76/175 214/77/175 213/78/175
f 214/77/175 212/76/175 215/79/175
f 213/78/176 208/72/176 205/69/176
f 208/72/176 213/78/176 214/77/176
f 213/78/177 211/75/177 212/76/177
f 205/69/178 211/75/178 213/78/178
f 209/74/179 217/80/179 216/81/179
f 217/80/179 209/74/179 210/73/179
f 216/81/180 219/82/180 218/83/180
f 219/82/180 216/81/180 217/80/180
f 216/81/181 211/75/181 209/74/181
f 220/84/182 222/85/182 221/86/182
f 222/85/183 220/84/183 223/87/183
f 221/86/184 215/79/184 212/76/184
f 215/79/184 221/86/184 222/85/184
f 221/86/185 211/75/185 220/84/185
f 212/76/186 211/75/186 221/86/186
f 218/83/187 211/75/187 216/81/187
f 224/69/188 226/70/188 225/71/188
f 226/70/188 224/69/188 227/72/188
f 225/71/189 229/73/189 228/74/189
f 229/73/189 225/71/189 226/70/189
f 225/71/190 230/75/190 224/69/190
f 228/74/191 230/75/191 225/71/191
f 231/76/192 233/77/192 232/78/192
f 233/77/193 231/76/193 234/79/193
f 232/78/194 227/72/194 224/69/194
f 227/72/195 232/78/195 233/77/195
f 232/78/196 230/75/196 231/76/196
f 224/69/197 230/75/197 232/78/197
f 228/74/198 236/80/198 235/81/198
f 236/80/199 228/74/199 229/73/199
f 235/81/200 238/82/200 237/83/200
f 238/82/200 235/81/200 236/80/200
f 235/81/201 230/75/201 228/74/201
f 239/84/202 241/85/202 240/86/202
f 241/85/202 239/84/202 242/87/202
f 240/86/203 234/79/203 231/76/203
f 234/79/204 240/86/204 241/85/204
f 240/86/205 230/75/205 239/84/205
f 231/76/206 230/75/206 240/86/206
f 237/83/207 230/75/207 235/81/207
f 243/69/208 245/70/208 244/71/208
f 245/70/208 243/69/208 246/72/208
f 244/71/209 248/73/209 247/74/209
f 248/73/209 244/71/209 245/70/209
f 244/71/210 249/75/210 243/69/210
f 247/74/211 249/75/211 244/71/211
f 250/76/212 252/77/212 251/78/212
f 252/77/213 250/76/213 253/79/213
f 251/78/214 246/72/214 243/69/214
f 246/72/214 251/78/214 252/77/214
f 251/78/215 249/75/215 250/76/215
f 243/69/216 249/75/216 251/78/216
f 247/74/217 255/80/217 254/81/217
f 255/80/217 247/74/217 248/73/217
f 254/81/218 257/82/218 256/83/218
f 257/82/219 254/81/219 255/80/219
f 254/81/220 249/75/220 247/74/220
f 258/84/221 260/85/221 259/86/221
f 260/85/222 258/84/222 261/87/222
f 259/86/223 253/79/223 250/76/223
f 253/79/223 259/86/223 260/85/223
f 259/86/224 249/75/224 258/84/224
f 250/76/225 249/75/225 259/86/225
f 256/83/226 249/75/226 254/81/226
o mc_001_alarm_0_6_mesh6
v 0.250735 0.543440 -0.107751
v 0.212149 0.540065 -0.110057
v 0.209346 0.572108 -0.103659
v 0.248009 0.574605 -0.101528
v 0.206969 0.599273 -0.085438
v 0.245697 0.601025 -0.083807
v 0.205381 0.617424 -0.058169
v 0.244153 0.618678 -0.057287
v 0.204824 0.623798 -0.026003
v 0.243610 0.624877 -0.026003
v 0.298538 0.576005 -0.094263
v 0.301003 0.547838 -0.099888
v 0.296449 0.599883 -0.078247
v 0.295053 0.615839 -0.054278
v 0.294563 0.621441 -0.026003
v 0.346410 0.571719 -0.073882
v 0.348139 0.551962 -0.077826
v 0.344945 0.588467 -0.062648
v 0.343966 0.599658 -0.045835
v 0.343622 0.603588 -0.026003
v 0.257860 0.462004 -0.026003
v 0.219475 0.456331 -0.026003
v 0.218918 0.462705 -0.058169
v 0.257318 0.468203 -0.057287
v 0.217330 0.480856 -0.085438
v 0.255773 0.485856 -0.083807
v 0.214953 0.508021 -0.103659
v 0.253462 0.512276 -0.101528
v 0.212149 0.540065 -0.110057
v 0.250735 0.543440 -0.107751
v 0.306952 0.479838 -0.054278
v 0.307442 0.474235 -0.026003
v 0.305556 0.495793 -0.078247
v 0.303467 0.519672 -0.094263
v 0.301003 0.547838 -0.099888
v 0.352312 0.504266 -0.045835
v 0.352656 0.500336 -0.026003
v 0.351333 0.515457 -0.062648
v 0.349867 0.532206 -0.073882
v 0.348139 0.551962 -0.077826
v 0.243610 0.624877 -0.026003
v 0.204824 0.623798 -0.026003
v 0.205381 0.617424 0.006162
v 0.244153 0.618678 0.005279
v 0.206969 0.599273 0.033430
v 0.245697 0.601025 0.031800
v 0.209346 0.572108 0.051651
v 0.248009 0.574605 0.049521
v 0.212149 0.540065 0.058049
v 0.250735 0.543440 0.055743
v 0.295053 0.615839 0.002270
v 0.294563 0.621441 -0.026003
v 0.296449 0.599883 0.026240
v 0.298538 0.576005 0.042256
v 0.301003 0.547838 0.047880
v 0.343966 0.599658 -0.006171
v 0.343622 0.603588 -0.026003
v 0.344945 0.588467 0.010640
v 0.346410 0.571719 0.021874
v 0.343966 0.599658 -0.006171
v 0.349776 0.592704 -0.009251
v 0.349486 0.596023 -0.026003
v 0.343622 0.603588 -0.026003
v 0.344945 0.588467 0.010640
v 0.350603 0.583250 0.004950
v 0.346410 0.571719 0.021874
v 0.351841 0.569102 0.014440
v 0.348139 0.551962 0.025819
v 0.353301 0.552414 0.017772
v 0.349867 0.532206 0.021874
v 0.354761 0.535725 0.014440
v 0.351333 0.515457 0.010640
v 0.355999 0.521577 0.004950
v 0.352312 0.504266 -0.006171
v 0.356826 0.512124 -0.009251
v 0.352656 0.500336 -0.026003
v 0.357116 0.508804 -0.026003
v 0.352312 0.504266 -0.045835
v 0.356826 0.512124 -0.042756
v 0.351333 0.515457 -0.062648
v 0.355999 0.521577 -0.056958
v 0.349867 0.532206 -0.073882
v 0.354761 0.535725 -0.066447
v 0.348139 0.551962 -0.077826
v 0.353301 0.552414 -0.069779
v 0.346410 0.571719 -0.073882
v 0.351841 0.569102 -0.066447
v 0.344945 0.588467 -0.062648
v 0.350603 0.583250 -0.056958
v 0.343966 0.599658 -0.045835
v 0.349776 0.592704 -0.042756
v 0.250735 0.543440 0.055743
v 0.212149 0.540065 0.058049
v 0.214953 0.508021 0.051651
v 0.253462 0.512276 0.049521
v 0.217330 0.480856 0.033430
v 0.255773 0.485856 0.031800
v 0.218918 0.462705 0.006162
v 0.257318 0.468203 0.005279
v 0.219475 0.456331 -0.026003
v 0.257860 0.462004 -0.026003
v 0.303467 0.519672 0.042256
v 0.301003 0.547838 0.047880
v 0.305556 0.495793 0.026240
v 0.306952 0.479838 0.002270
v 0.307442 0.474235 -0.026003
v 0.349867 0.532206 0.021874
v 0.348139 0.551962 0.025819
v 0.351333 0.515457 0.010640
v 0.352312 0.504266 -0.006171
v 0.352656 0.500336 -0.026003
v 0.348139 0.551962 0.025819
v -0.250735 0.543440 -0.107751
v -0.248009 0.574605 -0.101528
v -0.209346 0.572108 -0.103659
v -0.212149 0.540065 -0.110057
v -0.245697 0.601025 -0.083807
v -0.206969 0.599273 -0.085438
v -0.244153 0.618678 -0.057287
v -0.205381 0.617424 -0.058169
v -0.243610 0.624877 -0.026003
v -0.204824 0.623798 -0.026003
v -0.301003 0.547838 -0.099888
v -0.298538 0.576005 -0.094263
v -0.296449 0.599883 -0.078247
v -0.295053 0.615839 -0.054278
v -0.294563 0.621441 -0.026003
v -0.348139 0.551962 -0.077826
v -0.346410 0.571719 -0.073882
v -0.344945 0.588467 -0.062648
v -0.343966 0.599658 -0.045835
v -0.343622 0.603588 -0.026003
v -0.257860 0.462004 -0.026003
v -0.257318 0.468203 -0.057287
v -0.218918 0.462705 -0.058169
v -0.219475 0.456331 -0.026003
v -0.255773 0.485856 -0.083807
v -0.217330 0.480856 -0.085438
v -0.253462 0.512276 -0.101528
v -0.214953 0.508021 -0.103659
v -0.250735 0.543440 -0.107751
v -0.212149 0.540065 -0.110057
v -0.307442 0.474235 -0.026003
v -0.306952 0.479838 -0.054278
v -0.305556 0.495793 -0.078247
v -0.303467 0.519672 -0.094263
v -0.301003 0.547838 -0.099888
v -0.352656 0.500336 -0.026003
v -0.352312 0.504266 -0.045835
v -0.351333 0.515457 -0.062648
v -0.349867 0.532206 -0.073882
v -0.348139 0.551962 -0.077826
v -0.243610 0.624877 -0.026003
v -0.244153 0.618678 0.005279
v -0.205381 0.617424 0.006162
v -0.204824 0.623798 -0.026003
v -0.245697 0.601025 0.031800
v -0.206969 0.599273 0.033430
v -0.248009 0.574605 0.049521
v -0.209346 0.572108 0.051651
v -0.250735 0.543440 0.055743
v -0.212149 0.540065 0.058049
v -0.294563 0.621441 -0.026003
v -0.295053 0.615839 0.002270
v -0.296449 0.599883 0.026240
v -0.298538 0.576005 0.042256
v -0.301003 0.547838 0.047880
v -0.343622 0.603588 -0.026003
v -0.343966 0.599658 -0.006171
v -0.344945 0.588467 0.010640
v -0.346410 0.571719 0.021874
v -0.343966 0.599658 -0.006171
v -0.343622 0.603588 -0.026003
v -0.349486 0.596023 -0.026003
v -0.349776 0.592704 -0.009251
v -0.344945 0.588467 0.010640
v -0.350603 0.583250 0.004950
v -0.346410 0.571719 0.021874
v -0.351841 0.569102 0.014440
v -0.348139 0.551962 0.025819
v -0.353301 0.552414 0.017772
v -0.349867 0.532206 0.021874
v -0.354761 0.535725 0.014440
v -0.351333 0.515457 0.010640
v -0.355999 0.521577 0.004950
v -0.352312 0.504266 -0.006171
v -0.356826 0.512124 -0.009251
v -0.352656 0.500336 -0.026003
v -0.357116 0.508804 -0.026003
v -0.352312 0.504266 -0.045835
v -0.356826 0.512124 -0.042756
v -0.351333 0.515457 -0.062648
v -0.355999 0.521577 -0.056958
v -0.349867 0.532206 -0.073882
v -0.354761 0.535725 -0.066447
v -0.348139 0.551962 -0.077826
v -0.353301 0.552414 -0.069779
v -0.346410 0.571719 -0.073882
v -0.351841 0.569102 -0.066447
v -0.344945 0.588467 -0.062648
v -0.350603 0.583250 -0.056958
v -0.343966 0.599658 -0.045835
v -0.349776 0.592704 -0.042756
v -0.250735 0.543440 0.055743
v -0.253462 0.512276 0.049521
v -0.214953 0.508021 0.051651
v -0.212149 0.540065 0.058049
v -0.255773 0.485856 0.031800
v -0.217330 0.480856 0.033430
v -0.257318 0.468203 0.005279
v -0.218918 0.462705 0.006162
v -0.257860 0.462004 -0.026003
v -0.219475 0.456331 -0.026003
v -0.301003 0.547838 0.047880
v -0.303467 0.519672 0.042256
v -0.305556 0.495793 0.026240
v -0.306952 0.479838 0.002270
v -0.307442 0.474235 -0.026003
v -0.348139 0.551962 0.025819
v -0.349867 0.532206 0.021874
v -0.351333 0.515457 0.010640
v -0.352312 0.504266 -0.006171
v -0.352656 0.500336 -0.026003
v -0.348139 0.551962 0.025819
v 0.000000 0.774597 -0.107751
v 0.031283 0.774597 -0.101528
v 0.032165 0.735864 -0.103659
v 0.000000 0.735864 -0.110057
v 0.057804 0.774597 -0.083807
v 0.059434 0.735864 -0.085438
v 0.075524 0.774597 -0.057287
v 0.077655 0.735864 -0.058169
v 0.081747 0.774597 -0.026003
v 0.084053 0.735864 -0.026003
v 0.000000 0.825057 -0.099887
v 0.028274 0.825057 -0.094263
v 0.052244 0.825057 -0.078247
v 0.068260 0.825057 -0.054277
v 0.073884 0.825057 -0.026003
v 0.000000 0.872373 -0.077826
v 0.019831 0.872373 -0.073882
v 0.036644 0.872373 -0.062648
v 0.047878 0.872373 -0.045835
v 0.051823 0.872373 -0.026003
v -0.081747 0.774597 -0.026003
v -0.075524 0.774597 -0.057287
v -0.077655 0.735864 -0.058169
v -0.084053 0.735864 -0.026003
v -0.057804 0.774597 -0.083807
v -0.059434 0.735864 -0.085438
v -0.031283 0.774597 -0.101528
v -0.032165 0.735864 -0.103659
v 0.000000 0.774597 -0.107751
v 0.000000 0.735864 -0.110057
v -0.073884 0.825057 -0.026003
v -0.068260 0.825057 -0.054277
v -0.052244 0.825057 -0.078247
v -0.028274 0.825057 -0.094263
v 0.000000 0.825057 -0.099887
v -0.051823 0.872373 -0.026003
v -0.047878 0.872373 -0.045835
v -0.036644 0.872373 -0.062648
v -0.019831 0.872373 -0.073882
v 0.000000 0.872373 -0.077826
v 0.081747 0.774597 -0.026003
v 0.075524 0.774597 0.005279
v 0.077655 0.735864 0.006162
v 0.084053 0.735864 -0.026003
v 0.057804 0.774597 0.031800
v 0.059434 0.735864 0.033430
v 0.031283 0.774597 0.049521
v 0.032165 0.735864 0.051651
v 0.000000 0.774597 0.055743
v 0.000000 0.735864 0.058049
v 0.073884 0.825057 -0.026003
v 0.068260 0.825057 0.002270
v 0.052244 0.825057 0.026240
v 0.028274 0.825057 0.042256
v 0.000000 0.825057 0.047880
v 0.051823 0.872373 -0.026003
v 0.047878 0.872373 -0.006171
v 0.036644 0.872373 0.010640
v 0.019831 0.872373 0.021874
v 0.047878 0.872373 -0.006171
v 0.051823 0.872373 -0.026003
v 0.043776 0.877555 -0.026003
v 0.040443 0.877555 -0.009251
v 0.036644 0.872373 0.010640
v 0.030954 0.877555 0.004950
v 0.019831 0.872373 0.021874
v 0.016752 0.877555 0.014440
v 0.000000 0.872373 0.025819
v 0.000000 0.877555 0.017772
v -0.019831 0.872373 0.021874
v -0.016752 0.877555 0.014440
v -0.036644 0.872373 0.010640
v -0.030954 0.877555 0.004950
v -0.047878 0.872373 -0.006171
v -0.040443 0.877555 -0.009251
v -0.051823 0.872373 -0.026003
v -0.043776 0.877555 -0.026003
v -0.047878 0.872373 -0.045835
v -0.040443 0.877555 -0.042756
v -0.036644 0.872373 -0.062648
v -0.030954 0.877555 -0.056957
v -0.019831 0.872373 -0.073882
v -0.016752 0.877555 -0.066447
v 0.000000 0.872373 -0.077826
v 0.000000 0.877555 -0.069779
v 0.019831 0.872373 -0.073882
v 0.016752 0.877555 -0.066447
v 0.036644 0.872373 -0.062648
v 0.030954 0.877555 -0.056957
v 0.047878 0.872373 -0.045835
v 0.040443 0.877555 -0.042756
v 0.000000 0.774597 0.055743
v -0.031283 0.774597 0.049521
v -0.032165 0.735864 0.051651
v 0.000000 0.735864 0.058049
v -0.057804 0.774597 0.031800
v -0.059434 0.735864 0.033430
v -0.075524 0.774597 0.005279
v -0.077655 0.735864 0.006162
v -0.081747 0.774597 -0.026003
v -0.084053 0.735864 -0.026003
v 0.000000 0.825057 0.047880
v -0.028274 0.825057 0.042256
v -0.052244 0.825057 0.026240
v -0.068260 0.825057 0.002270
v -0.073884 0.825057 -0.026003
v 0.000000 0.872373 0.025819
v -0.019831 0.872373 0.021874
v -0.036644 0.872373 0.010640
v -0.047878 0.872373 -0.006171
v -0.051823 0.872373 -0.026003
v 0.000000 0.872373 0.025819
vt 0.526937 0.469790
vt 0.409284 0.304139
vt 0.540804 0.314335
vt 0.401292 0.457759
vt 0.277243 0.300289
vt 0.277375 0.453619
vt 0.145259 0.304351
vt 0.153496 0.457881
vt 0.013910 0.314735
vt 0.028007 0.470050
vt 0.497557 0.672015
vt 0.386507 0.654265
vt 0.277610 0.648676
vt 0.168716 0.654473
vt 0.057714 0.672405
vt 0.439202 0.872472
vt 0.359132 0.856273
vt 0.277243 0.851283
vt 0.195605 0.856533
vt 0.116387 0.872783
vt 0.728872 0.782557
vt 0.673962 0.768651
vt 0.718392 0.758851
vt 0.674582 0.794563
vt 0.774446 0.750700
vt 0.755696 0.732804
vt 0.804375 0.703834
vt 0.780203 0.694467
vt 0.814113 0.649076
vt 0.788183 0.649668
vt 0.802163 0.594712
vt 0.778408 0.605218
vt 0.770208 0.549137
vt 0.752323 0.567921
vt 0.723290 0.519271
vt 0.713955 0.543455
vt 0.668531 0.509612
vt 0.669151 0.535524
vt 0.614241 0.521619
vt 0.624721 0.545324
vt 0.568666 0.553475
vt 0.587416 0.571372
vt 0.538737 0.600342
vt 0.562909 0.609709
vt 0.529000 0.655101
vt 0.554930 0.654509
vt 0.540952 0.709464
vt 0.564706 0.698958
vt 0.572907 0.755039
vt 0.590791 0.736255
vt 0.619824 0.784904
vt 0.629159 0.760720
vn -0.041100 -0.199100 0.979100
vn -0.009700 -0.557600 0.830000
vn -0.009700 -0.557600 0.830100
vn 0.014300 -0.832000 0.554600
vn 0.027300 -0.980500 0.194800
vn -0.133700 -0.205300 0.969500
vn -0.102700 -0.560300 0.821900
vn -0.078900 -0.831900 0.549200
vn -0.078900 -0.832000 0.549200
vn -0.066000 -0.979000 0.192800
vn -0.398800 -0.213000 0.892000
vn -0.398800 -0.213000 0.891900
vn -0.370200 -0.539600 0.756200
vn -0.348400 -0.789500 0.505200
vn -0.348400 -0.789500 0.505300
vn -0.336500 -0.924800 0.177400
vn -0.336600 -0.924800 0.177400
vn -0.143400 0.970300 0.194800
vn -0.130400 0.821800 0.554600
vn -0.106400 0.547400 0.830000
vn -0.106400 0.547400 0.830100
vn -0.075100 0.188900 0.979100
vn -0.075000 0.188900 0.979100
vn -0.235000 0.952700 0.192900
vn -0.235000 0.952700 0.192800
vn -0.222100 0.805600 0.549200
vn -0.198400 0.533900 0.821900
vn -0.167300 0.179000 0.969500
vn -0.492000 0.852300 0.177400
vn -0.480200 0.717000 0.505200
vn -0.480200 0.717000 0.505300
vn -0.458300 0.467100 0.756200
vn -0.429800 0.140500 0.891900
vn -0.429700 0.140500 0.891900
vn 0.027300 -0.980500 -0.194800
vn 0.014300 -0.832000 -0.554600
vn -0.009700 -0.557600 -0.830000
vn -0.009700 -0.557600 -0.830100
vn -0.041100 -0.199100 -0.979100
vn -0.066000 -0.979000 -0.192800
vn -0.066000 -0.979000 -0.192900
vn -0.078900 -0.832000 -0.549200
vn -0.102700 -0.560300 -0.821900
vn -0.133700 -0.205300 -0.969500
vn -0.336600 -0.924800 -0.177400
vn -0.336500 -0.924800 -0.177400
vn -0.348400 -0.789500 -0.505300
vn -0.370200 -0.539600 -0.756200
vn -0.370300 -0.539600 -0.756200
vn -0.785800 -0.609100 -0.107100
vn -0.793000 -0.527400 -0.304900
vn -0.793000 -0.527500 -0.304900
vn -0.806200 -0.376600 -0.456400
vn -0.806200 -0.376600 -0.456300
vn -0.823400 -0.179500 -0.538300
vn -0.842000 0.033800 -0.538300
vn -0.842100 0.033800 -0.538300
vn -0.859300 0.230900 -0.456300
vn -0.859300 0.230900 -0.456400
vn -0.872500 0.381700 -0.304900
vn -0.879700 0.463300 -0.107100
vn -0.879700 0.463400 -0.107100
vn -0.879700 0.463400 0.107100
vn -0.879700 0.463300 0.107100
vn -0.872500 0.381800 0.304900
vn -0.859300 0.230900 0.456400
vn -0.842100 0.033800 0.538300
vn -0.823400 -0.179500 0.538300
vn -0.806200 -0.376600 0.456300
vn -0.793000 -0.527500 0.305000
vn -0.793000 -0.527500 0.304900
vn -0.785800 -0.609100 0.107100
vn -0.996200 -0.087200 0.000000
vn -0.996200 -0.087000 0.000000
vn -0.996200 -0.087100 0.000000
vn -0.075000 0.188900 -0.979100
vn -0.106400 0.547400 -0.830000
vn -0.106400 0.547400 -0.830100
vn -0.130400 0.821800 -0.554600
vn -0.143400 0.970300 -0.194800
vn -0.167300 0.179000 -0.969500
vn -0.167300 0.178900 -0.969500
vn -0.198400 0.533900 -0.821900
vn -0.222100 0.805600 -0.549200
vn -0.235000 0.952700 -0.192900
vn -0.429800 0.140500 -0.891900
vn -0.458300 0.467100 -0.756200
vn -0.480200 0.717000 -0.505300
vn -0.480200 0.717000 -0.505200
vn -0.492000 0.852300 -0.177400
vn -0.398800 -0.213000 -0.891900
vn 0.041100 -0.199100 0.979100
vn 0.009700 -0.557600 0.830100
vn 0.009700 -0.557600 0.830000
vn -0.014300 -0.832000 0.554600
vn -0.027300 -0.980500 0.194800
vn 0.133700 -0.205300 0.969500
vn 0.102700 -0.560300 0.821900
vn 0.078900 -0.832000 0.549200
vn 0.078900 -0.831900 0.549200
vn 0.066000 -0.979000 0.192800
vn 0.398800 -0.213000 0.891900
vn 0.398800 -0.213000 0.892000
vn 0.370200 -0.539600 0.756200
vn 0.348400 -0.789500 0.505300
vn 0.348400 -0.789500 0.505200
vn 0.336600 -0.924800 0.177400
vn 0.336500 -0.924800 0.177400
vn 0.143400 0.970300 0.194800
vn 0.130400 0.821800 0.554600
vn 0.106400 0.547400 0.830100
vn 0.106400 0.547400 0.830000
vn 0.075000 0.188900 0.979100
vn 0.075100 0.188900 0.979100
vn 0.235000 0.952700 0.192800
vn 0.235000 0.952700 0.192900
vn 0.222100 0.805600 0.549200
vn 0.198400 0.533900 0.821900
vn 0.167300 0.179000 0.969500
vn 0.492000 0.852300 0.177400
vn 0.480200 0.717000 0.505300
vn 0.480200 0.717000 0.505200
vn 0.458300 0.467100 0.756200
vn 0.429700 0.140500 0.891900
vn 0.429800 0.140500 0.891900
vn -0.027300 -0.980500 -0.194800
vn -0.014300 -0.832000 -0.554600
vn 0.009700 -0.557600 -0.830100
vn 0.041100 -0.199100 -0.979100
vn 0.066000 -0.979000 -0.192900
vn 0.066000 -0.979000 -0.192800
vn 0.078900 -0.832000 -0.549200
vn 0.102700 -0.560300 -0.821900
vn 0.133700 -0.205300 -0.969500
vn 0.336500 -0.924800 -0.177400
vn 0.336600 -0.924800 -0.177400
vn 0.348400 -0.789500 -0.505300
vn 0.370300 -0.539600 -0.756200
vn 0.370200 -0.539600 -0.756200
vn 0.785800 -0.609100 -0.107100
vn 0.793000 -0.527500 -0.304900
vn 0.793000 -0.527400 -0.304900
vn 0.806200 -0.376600 -0.456300
vn 0.806200 -0.376600 -0.456400
vn 0.823400 -0.179500 -0.538300
vn 0.842100 0.033800 -0.538300
vn 0.842000 0.033800 -0.538300
vn 0.859300 0.230900 -0.456400
vn 0.859300 0.230900 -0.456300
vn 0.872500 0.381700 -0.304900
vn 0.879700 0.463400 -0.107100
vn 0.879700 0.463300 -0.107100
vn 0.879700 0.463300 0.107100
vn 0.879700 0.463400 0.107100
vn 0.872500 0.381700 0.304900
vn 0.872500 0.381800 0.304900
vn 0.859300 0.230900 0.456400
vn 0.842100 0.033800 0.538300
vn 0.823400 -0.179500 0.538300
vn 0.806200 -0.376600 0.456300
vn 0.793000 -0.527500 0.304900
vn 0.793000 -0.527500 0.305000
vn 0.785800 -0.609100 0.107100
vn 0.996200 -0.087200 0.000000
vn 0.996200 -0.087000 0.000000
vn 0.996200 -0.087100 0.000000
vn 0.075000 0.188900 -0.979100
vn 0.106400 0.547400 -0.830100
vn 0.106400 0.547400 -0.830000
vn 0.130400 0.821800 -0.554600
vn 0.143400 0.970300 -0.194800
vn 0.167300 0.178900 -0.969500
vn 0.167300 0.179000 -0.969500
vn 0.198400 0.533900 -0.821900
vn 0.222100 0.805600 -0.549200
vn 0.235000 0.952700 -0.192900
vn 0.429800 0.140500 -0.891900
vn 0.458300 0.467100 -0.756200
vn 0.480200 0.717000 -0.505200
vn 0.480200 0.717000 -0.505300
vn 0.492000 0.852300 -0.177400
vn 0.398800 -0.213000 -0.891900
vn -0.194800 -0.058300 0.979100
vn -0.554600 -0.058300 0.830100
vn -0.554600 -0.058300 0.830000
vn -0.830100 -0.058300 0.554600
vn -0.979100 -0.058300 0.194800
vn -0.192900 -0.151100 0.969500
vn -0.192800 -0.151100 0.969500
vn -0.549200 -0.151100 0.821900
vn -0.821900 -0.151100 0.549200
vn -0.969500 -0.151100 0.192900
vn -0.177400 -0.415900 0.891900
vn -0.177400 -0.415900 0.892000
vn -0.505200 -0.415900 0.756200
vn -0.756200 -0.415900 0.505200
vn -0.891900 -0.415900 0.177400
vn 0.979100 -0.058300 0.194800
vn 0.830100 -0.058300 0.554600
vn 0.830000 -0.058300 0.554600
vn 0.554600 -0.058300 0.830100
vn 0.554600 -0.058300 0.830000
vn 0.194800 -0.058300 0.979100
vn 0.969500 -0.151100 0.192900
vn 0.969500 -0.151100 0.192800
vn 0.821900 -0.151100 0.549200
vn 0.549200 -0.151100 0.821900
vn 0.192900 -0.151100 0.969500
vn 0.192800 -0.151100 0.969500
vn 0.892000 -0.415900 0.177400
vn 0.891900 -0.415900 0.177400
vn 0.756200 -0.415900 0.505200
vn 0.505200 -0.415900 0.756200
vn 0.177400 -0.415900 0.892000
vn -0.979100 -0.058300 -0.194800
vn -0.830100 -0.058300 -0.554600
vn -0.830000 -0.058300 -0.554600
vn -0.554600 -0.058300 -0.830100
vn -0.194700 -0.058300 -0.979100
vn -0.194800 -0.058300 -0.979100
vn -0.969500 -0.151100 -0.192900
vn -0.821900 -0.151100 -0.549200
vn -0.549200 -0.151100 -0.821900
vn -0.192800 -0.151100 -0.969500
vn -0.891900 -0.415900 -0.177400
vn -0.756200 -0.415900 -0.505200
vn -0.756100 -0.415900 -0.505300
vn -0.505200 -0.415900 -0.756200
vn -0.538300 -0.835900 -0.107100
vn -0.456300 -0.835900 -0.304900
vn -0.456400 -0.835900 -0.304900
vn -0.304900 -0.835900 -0.456400
vn -0.305000 -0.835900 -0.456400
vn -0.107100 -0.835900 -0.538300
vn 0.107100 -0.835900 -0.538300
vn 0.304900 -0.835900 -0.456400
vn 0.304900 -0.835900 -0.456300
vn 0.456300 -0.835900 -0.305000
vn 0.456300 -0.835900 -0.304900
vn 0.538300 -0.835900 -0.107100
vn 0.538300 -0.835900 0.107100
vn 0.456300 -0.835900 0.304900
vn 0.304900 -0.835900 0.456300
vn 0.107100 -0.835900 0.538300
vn -0.107100 -0.835900 0.538300
vn -0.304900 -0.835900 0.456400
vn -0.304900 -0.835900 0.456300
vn -0.456300 -0.835900 0.304900
vn -0.538300 -0.835900 0.107100
vn 0.000000 -1.000000 0.000000
vn 0.194700 -0.058300 -0.979100
vn 0.194800 -0.058300 -0.979100
vn 0.554600 -0.058300 -0.830100
vn 0.830100 -0.058300 -0.554600
vn 0.830000 -0.058300 -0.554600
vn 0.979100 -0.058300 -0.194800
vn 0.192800 -0.151100 -0.969500
vn 0.549200 -0.151100 -0.821900
vn 0.821900 -0.151100 -0.549200
vn 0.969500 -0.151100 -0.192900
vn 0.177400 -0.415900 -0.891900
vn 0.505200 -0.415900 -0.756200
vn 0.756200 -0.415900 -0.505200
vn 0.756100 -0.415900 -0.505300
vn 0.891900 -0.415900 -0.177400
vn -0.177400 -0.415900 -0.891900
usemtl mc_001_alarm_mc_alarm_transparent
s off
f 262/88/227 264/89/227 263/90/227
f 264/89/227 262/88/227 265/91/227
f 265/91/228 266/92/228 264/89/228
f 266/92/229 265/91/229 267/93/229
f 267/93/230 268/94/230 266/92/230
f 268/94/230 267/93/230 269/95/230
f 269/95/231 270/96/231 268/94/231
f 270/96/231 269/95/231 271/97/231
f 265/91/232 273/98/232 272/99/232
f 273/98/232 265/91/232 262/88/232
f 267/93/233 272/99/233 274/100/233
f 272/99/233 267/93/233 265/91/233
f 269/95/234 274/100/234 275/101/234
f 274/100/235 269/95/235 267/93/235
f 271/97/236 275/101/236 276/102/236
f 275/101/236 271/97/236 269/95/236
f 272/99/237 278/103/237 277/104/237
f 278/103/238 272/99/238 273/98/238
f 274/100/239 277/104/239 279/105/239
f 277/104/239 274/100/239 272/99/239
f 275/101/240 279/105/240 280/106/240
f 279/105/241 275/101/241 274/100/241
f 276/102/242 280/106/242 281/107/242
f 280/106/243 276/102/243 275/101/243
f 282/88/244 284/89/244 283/90/244
f 284/89/244 282/88/244 285/91/244
f 285/91/245 286/92/245 284/89/245
f 286/92/245 285/91/245 287/93/245
f 287/93/246 288/94/246 286/92/246
f 288/94/247 287/93/247 289/95/247
f 289/95/248 290/96/248 288/94/248
f 290/96/249 289/95/249 291/97/249
f 285/91/250 293/98/250 292/99/250
f 293/98/251 285/91/251 282/88/251
f 287/93/252 292/99/252 294/100/252
f 292/99/252 287/93/252 285/91/252
f 289/95/253 294/100/253 295/101/253
f 294/100/253 289/95/253 287/93/253
f 291/97/254 295/101/254 296/102/254
f 295/101/254 291/97/254 289/95/254
f 292/99/255 298/103/255 297/104/255
f 298/103/255 292/99/255 293/98/255
f 294/100/256 297/104/256 299/105/256
f 297/104/257 294/100/257 292/99/257
f 295/101/258 299/105/258 300/106/258
f 299/105/258 295/101/258 294/100/258
f 296/102/259 300/106/259 301/107/259
f 300/106/260 296/102/260 295/101/260
f 302/88/261 304/89/261 303/90/261
f 304/89/261 302/88/261 305/91/261
f 305/91/262 306/92/262 304/89/262
f 306/92/262 305/91/262 307/93/262
f 307/93/263 308/94/263 306/92/263
f 308/94/264 307/93/264 309/95/264
f 309/95/265 310/96/265 308/94/265
f 310/96/265 309/95/265 311/97/265
f 305/91/266 313/98/266 312/99/266
f 313/98/267 305/91/267 302/88/267
f 307/93/268 312/99/268 314/100/268
f 312/99/268 307/93/268 305/91/268
f 309/95/269 314/100/269 315/101/269
f 314/100/269 309/95/269 307/93/269
f 311/97/270 315/101/270 316/102/270
f 315/101/270 311/97/270 309/95/270
f 312/99/271 318/103/271 317/104/271
f 318/103/272 312/99/272 313/98/272
f 314/100/273 317/104/273 319/105/273
f 317/104/273 314/100/273 312/99/273
f 315/101/274 319/105/274 320/106/274
f 319/105/275 315/101/275 314/100/275
f 321/108/276 323/109/276 322/110/276
f 323/109/276 321/108/276 324/111/276
f 325/112/277 322/110/277 326/113/277
f 322/110/278 325/112/278 321/108/278
f 327/114/279 326/113/279 328/115/279
f 326/113/280 327/114/280 325/112/280
f 329/116/281 328/115/281 330/117/281
f 328/115/281 329/116/281 327/114/281
f 331/118/282 330/117/282 332/119/282
f 330/117/283 331/118/283 329/116/283
f 333/120/284 332/119/284 334/121/284
f 332/119/285 333/120/285 331/118/285
f 335/122/286 334/121/286 336/123/286
f 334/121/286 335/122/286 333/120/286
f 337/124/287 336/123/287 338/125/287
f 336/123/288 337/124/288 335/122/288
f 339/126/289 338/125/289 340/127/289
f 338/125/290 339/126/290 337/124/290
f 341/128/291 340/127/291 342/129/291
f 340/127/291 341/128/291 339/126/291
f 343/130/292 342/129/292 344/131/292
f 342/129/292 343/130/292 341/128/292
f 345/132/293 344/131/293 346/133/293
f 344/131/293 345/132/293 343/130/293
f 347/134/294 346/133/294 348/135/294
f 346/133/294 347/134/294 345/132/294
f 349/136/295 348/135/295 350/137/295
f 348/135/295 349/136/295 347/134/295
f 351/138/296 350/137/296 352/139/296
f 350/137/297 351/138/297 349/136/297
f 324/111/298 352/139/298 323/109/298
f 352/139/298 324/111/298 351/138/298
f 348/135/299 330/117/299 328/115/299
f 330/117/299 348/135/299 346/133/299
f 340/127/300 338/125/300 336/123/300
f 330/117/299 344/131/299 332/119/299
f 344/131/299 330/117/299 346/133/299
f 332/119/299 342/129/299 334/121/299
f 342/129/299 332/119/299 344/131/299
f 334/121/299 340/127/299 336/123/299
f 340/127/299 334/121/299 342/129/299
f 322/110/300 323/109/300 352/139/300
f 348/135/299 326/113/299 350/137/299
f 326/113/299 348/135/299 328/115/299
f 350/137/301 322/110/301 352/139/301
f 322/110/301 350/137/301 326/113/301
f 353/88/302 355/89/302 354/90/302
f 355/89/302 353/88/302 356/91/302
f 356/91/303 357/92/303 355/89/303
f 357/92/304 356/91/304 358/93/304
f 358/93/305 359/94/305 357/92/305
f 359/94/305 358/93/305 360/95/305
f 360/95/306 361/96/306 359/94/306
f 361/96/306 360/95/306 362/97/306
f 356/91/307 364/98/307 363/99/307
f 364/98/308 356/91/308 353/88/308
f 358/93/309 363/99/309 365/100/309
f 363/99/309 358/93/309 356/91/309
f 360/95/310 365/100/310 366/101/310
f 365/100/310 360/95/310 358/93/310
f 362/97/311 366/101/311 367/102/311
f 366/101/311 362/97/311 360/95/311
f 363/99/312 369/103/312 368/104/312
f 369/103/312 363/99/312 364/98/312
f 365/100/313 368/104/313 370/105/313
f 368/104/313 365/100/313 363/99/313
f 366/101/314 370/105/314 371/106/314
f 370/105/315 366/101/315 365/100/315
f 367/102/316 371/106/316 372/107/316
f 371/106/316 367/102/316 366/101/316
f 316/102/317 320/106/317 373/107/317
f 320/106/317 316/102/317 315/101/317
f 374/88/318 376/89/318 375/91/318
f 376/89/318 374/88/318 377/90/318
f 375/91/319 379/92/319 378/93/319
f 379/92/320 375/91/320 376/89/320
f 378/93/321 381/94/321 380/95/321
f 381/94/321 378/93/321 379/92/321
f 380/95/322 383/96/322 382/97/322
f 383/96/322 380/95/322 381/94/322
f 375/91/323 384/98/323 374/88/323
f 384/98/323 375/91/323 385/99/323
f 378/93/324 385/99/324 375/91/324
f 385/99/324 378/93/324 386/100/324
f 380/95/325 386/100/325 378/93/325
f 386/100/326 380/95/326 387/101/326
f 382/97/327 387/101/327 380/95/327
f 387/101/327 382/97/327 388/102/327
f 385/99/328 389/103/328 384/98/328
f 389/103/329 385/99/329 390/104/329
f 386/100/330 390/104/330 385/99/330
f 390/104/330 386/100/330 391/105/330
f 387/101/331 391/105/331 386/100/331
f 391/105/332 387/101/332 392/106/332
f 388/102/333 392/106/333 387/101/333
f 392/106/334 388/102/334 393/107/334
f 394/88/335 396/89/335 395/91/335
f 396/89/335 394/88/335 397/90/335
f 395/91/336 399/92/336 398/93/336
f 399/92/336 395/91/336 396/89/336
f 398/93/337 401/94/337 400/95/337
f 401/94/338 398/93/338 399/92/338
f 400/95/339 403/96/339 402/97/339
f 403/96/340 400/95/340 401/94/340
f 395/91/341 404/98/341 394/88/341
f 404/98/342 395/91/342 405/99/342
f 398/93/343 405/99/343 395/91/343
f 405/99/343 398/93/343 406/100/343
f 400/95/344 406/100/344 398/93/344
f 406/100/344 400/95/344 407/101/344
f 402/97/345 407/101/345 400/95/345
f 407/101/345 402/97/345 408/102/345
f 405/99/346 409/103/346 404/98/346
f 409/103/346 405/99/346 410/104/346
f 406/100/347 410/104/347 405/99/347
f 410/104/348 406/100/348 411/105/348
f 407/101/349 411/105/349 406/100/349
f 411/105/349 407/101/349 412/106/349
f 408/102/350 412/106/350 407/101/350
f 412/106/351 408/102/351 413/107/351
f 414/88/352 416/89/352 415/91/352
f 416/89/352 414/88/352 417/90/352
f 415/91/353 419/92/353 418/93/353
f 419/92/353 415/91/353 416/89/353
f 418/93/354 421/94/354 420/95/354
f 421/94/354 418/93/354 419/92/354
f 420/95/355 423/96/355 422/97/355
f 423/96/355 420/95/355 421/94/355
f 415/91/356 424/98/356 414/88/356
f 424/98/357 415/91/357 425/99/357
f 418/93/358 425/99/358 415/91/358
f 425/99/358 418/93/358 426/100/358
f 420/95/359 426/100/359 418/93/359
f 426/100/359 420/95/359 427/101/359
f 422/97/360 427/101/360 420/95/360
f 427/101/360 422/97/360 428/102/360
f 425/99/361 429/103/361 424/98/361
f 429/103/362 425/99/362 430/104/362
f 426/100/363 430/104/363 425/99/363
f 430/104/363 426/100/363 431/105/363
f 427/101/364 431/105/364 426/100/364
f 431/105/365 427/101/365 432/106/365
f 433/108/366 435/109/366 434/111/366
f 435/109/366 433/108/366 436/110/366
f 437/112/367 436/110/367 433/108/367
f 436/110/368 437/112/368 438/113/368
f 439/114/369 438/113/369 437/112/369
f 438/113/370 439/114/370 440/115/370
f 441/116/371 440/115/371 439/114/371
f 440/115/371 441/116/371 442/117/371
f 443/118/372 442/117/372 441/116/372
f 442/117/373 443/118/373 444/119/373
f 445/120/374 444/119/374 443/118/374
f 444/119/375 445/120/375 446/121/375
f 447/122/376 446/121/376 445/120/376
f 446/121/376 447/122/376 448/123/376
f 449/124/377 448/123/377 447/122/377
f 448/123/378 449/124/378 450/125/378
f 451/126/379 450/125/379 449/124/379
f 450/125/380 451/126/380 452/127/380
f 453/128/381 452/127/381 451/126/381
f 452/127/382 453/128/382 454/129/382
f 455/130/383 454/129/383 453/128/383
f 454/129/383 455/130/383 456/131/383
f 457/132/384 456/131/384 455/130/384
f 456/131/384 457/132/384 458/133/384
f 459/134/385 458/133/385 457/132/385
f 458/133/385 459/134/385 460/135/385
f 461/136/386 460/135/386 459/134/386
f 460/135/386 461/136/386 462/137/386
f 463/138/387 462/137/387 461/136/387
f 462/137/388 463/138/388 464/139/388
f 434/111/389 464/139/389 463/138/389
f 464/139/389 434/111/389 435/109/389
f 460/135/390 442/117/390 458/133/390
f 442/117/390 460/135/390 440/115/390
f 452/127/391 448/123/391 450/125/391
f 442/117/392 456/131/392 458/133/392
f 456/131/390 442/117/390 444/119/390
f 444/119/390 454/129/390 456/131/390
f 454/129/390 444/119/390 446/121/390
f 446/121/390 452/127/390 454/129/390
f 452/127/390 446/121/390 448/123/390
f 436/110/391 464/139/391 435/109/391
f 460/135/390 438/113/390 440/115/390
f 438/113/390 460/135/390 462/137/390
f 462/137/392 436/110/392 438/113/392
f 436/110/392 462/137/392 464/139/392
f 465/88/393 467/89/393 466/91/393
f 467/89/393 465/88/393 468/90/393
f 466/91/394 470/92/394 469/93/394
f 470/92/395 466/91/395 467/89/395
f 469/93/396 472/94/396 471/95/396
f 472/94/396 469/93/396 470/92/396
f 471/95/397 474/96/397 473/97/397
f 474/96/397 471/95/397 472/94/397
f 466/91/398 475/98/398 465/88/398
f 475/98/399 466/91/399 476/99/399
f 469/93/400 476/99/400 466/91/400
f 476/99/400 469/93/400 477/100/400
f 471/95/401 477/100/401 469/93/401
f 477/100/401 471/95/401 478/101/401
f 473/97/402 478/101/402 471/95/402
f 478/101/402 473/97/402 479/102/402
f 476/99/403 480/103/403 475/98/403
f 480/103/403 476/99/403 481/104/403
f 477/100/404 481/104/404 476/99/404
f 481/104/404 477/100/404 482/105/404
f 478/101/405 482/105/405 477/100/405
f 482/105/406 478/101/406 483/106/406
f 479/102/407 483/106/407 478/101/407
f 483/106/407 479/102/407 484/107/407
f 428/102/408 432/106/408 427/101/408
f 432/106/408 428/102/408 485/107/408
f 486/88/409 488/89/409 487/91/409
f 488/89/409 486/88/409 489/90/409
f 487/91/410 491/92/410 490/93/410
f 491/92/411 487/91/411 488/89/411
f 490/93/412 493/94/412 492/95/412
f 493/94/412 490/93/412 491/92/412
f 492/95/413 495/96/413 494/97/413
f 495/96/413 492/95/413 493/94/413
f 487/91/414 496/98/414 486/88/414
f 496/98/415 487/91/415 497/99/415
f 490/93/416 497/99/416 487/91/416
f 497/99/416 490/93/416 498/100/416
f 492/95/417 498/100/417 490/93/417
f 498/100/417 492/95/417 499/101/417
f 494/97/418 499/101/418 492/95/418
f 499/101/418 494/97/418 500/102/418
f 497/99/419 501/103/419 496/98/419
f 501/103/420 497/99/420 502/104/420
f 498/100/421 502/104/421 497/99/421
f 502/104/421 498/100/421 503/105/421
f 499/101/422 503/105/422 498/100/422
f 503/105/422 499/101/422 504/106/422
f 500/102/423 504/106/423 499/101/423
f 504/106/423 500/102/423 505/107/423
f 506/88/424 508/89/424 507/91/424
f 508/89/424 506/88/424 509/90/424
f 507/91/425 511/92/425 510/93/425
f 511/92/426 507/91/426 508/89/426
f 510/93/427 513/94/427 512/95/427
f 513/94/428 510/93/428 511/92/428
f 512/95/429 515/96/429 514/97/429
f 515/96/429 512/95/429 513/94/429
f 507/91/430 516/98/430 506/88/430
f 516/98/431 507/91/431 517/99/431
f 510/93/432 517/99/432 507/91/432
f 517/99/432 510/93/432 518/100/432
f 512/95/433 518/100/433 510/93/433
f 518/100/433 512/95/433 519/101/433
f 514/97/434 519/101/434 512/95/434
f 519/101/435 514/97/435 520/102/435
f 517/99/436 521/103/436 516/98/436
f 521/103/437 517/99/437 522/104/437
f 518/100/438 522/104/438 517/99/438
f 522/104/438 518/100/438 523/105/438
f 519/101/439 523/105/439 518/100/439
f 523/105/439 519/101/439 524/106/439
f 520/102/440 524/106/440 519/101/440
f 524/106/440 520/102/440 525/107/440
f 526/88/441 528/89/441 527/91/441
f 528/89/441 526/88/441 529/90/441
f 527/91/442 531/92/442 530/93/442
f 531/92/443 527/91/443 528/89/443
f 530/93/444 533/94/444 532/95/444
f 533/94/444 530/93/444 531/92/444
f 532/95/445 535/96/445 534/97/445
f 535/96/446 532/95/446 533/94/446
f 527/91/447 536/98/447 526/88/447
f 536/98/447 527/91/447 537/99/447
f 530/93/448 537/99/448 527/91/448
f 537/99/448 530/93/448 538/100/448
f 532/95/449 538/100/449 530/93/449
f 538/100/449 532/95/449 539/101/449
f 534/97/450 539/101/450 532/95/450
f 539/101/450 534/97/450 540/102/450
f 537/99/451 541/103/451 536/98/451
f 541/103/451 537/99/451 542/104/451
f 538/100/452 542/104/452 537/99/452
f 542/104/453 538/100/453 543/105/453
f 539/101/454 543/105/454 538/100/454
f 543/105/454 539/101/454 544/106/454
f 545/108/455 547/109/455 546/111/455
f 547/109/455 545/108/455 548/110/455
f 549/112/456 548/110/456 545/108/456
f 548/110/457 549/112/457 550/113/457
f 551/114/458 550/113/458 549/112/458
f 550/113/459 551/114/459 552/115/459
f 553/116/460 552/115/460 551/114/460
f 552/115/460 553/116/460 554/117/460
f 555/118/461 554/117/461 553/116/461
f 554/117/461 555/118/461 556/119/461
f 557/120/462 556/119/462 555/118/462
f 556/119/463 557/120/463 558/121/463
f 559/122/464 558/121/464 557/120/464
f 558/121/465 559/122/465 560/123/465
f 561/124/466 560/123/466 559/122/466
f 560/123/466 561/124/466 562/125/466
f 563/126/467 562/125/467 561/124/467
f 562/125/467 563/126/467 564/127/467
f 565/128/468 564/127/468 563/126/468
f 564/127/468 565/128/468 566/129/468
f 567/130/469 566/129/469 565/128/469
f 566/129/469 567/130/469 568/131/469
f 569/132/470 568/131/470 567/130/470
f 568/131/470 569/132/470 570/133/470
f 571/134/471 570/133/471 569/132/471
f 570/133/471 571/134/471 572/135/471
f 573/136/472 572/135/472 571/134/472
f 572/135/473 573/136/473 574/137/473
f 575/138/474 574/137/474 573/136/474
f 574/137/474 575/138/474 576/139/474
f 546/111/475 576/139/475 575/138/475
f 576/139/475 546/111/475 547/109/475
f 572/135/476 554/117/476 570/133/476
f 554/117/476 572/135/476 552/115/476
f 564/127/476 560/123/476 562/125/476
f 554/117/476 568/131/476 570/133/476
f 568/131/476 554/117/476 556/119/476
f 556/119/476 566/129/476 568/131/476
f 566/129/476 556/119/476 558/121/476
f 558/121/476 564/127/476 566/129/476
f 564/127/476 558/121/476 560/123/476
f 548/110/476 576/139/476 547/109/476
f 572/135/476 550/113/476 552/115/476
f 550/113/476 572/135/476 574/137/476
f 574/137/476 548/110/476 550/113/476
f 548/110/476 574/137/476 576/139/476
f 577/88/477 579/89/477 578/91/477
f 579/89/478 577/88/478 580/90/478
f 578/91/479 582/92/479 581/93/479
f 582/92/479 578/91/479 579/89/479
f 581/93/480 584/94/480 583/95/480
f 584/94/481 581/93/481 582/92/481
f 583/95/482 586/96/482 585/97/482
f 586/96/482 583/95/482 584/94/482
f 578/91/483 587/98/483 577/88/483
f 587/98/483 578/91/483 588/99/483
f 581/93/484 588/99/484 578/91/484
f 588/99/484 581/93/484 589/100/484
f 583/95/485 589/100/485 581/93/485
f 589/100/485 583/95/485 590/101/485
f 585/97/486 590/101/486 583/95/486
f 590/101/486 585/97/486 591/102/486
f 588/99/487 592/103/487 587/98/487
f 592/103/487 588/99/487 593/104/487
f 589/100/488 593/104/488 588/99/488
f 593/104/488 589/100/488 594/105/488
f 590/101/489 594/105/489 589/100/489
f 594/105/490 590/101/490 595/106/490
f 591/102/491 595/106/491 590/101/491
f 595/106/491 591/102/491 596/107/491
f 540/102/492 544/106/492 539/101/492
f 544/106/492 540/102/492 597/107/492
o mc_001_alarm_0_5_mesh5
v -0.088119 0.735864 -0.026003
v -0.081411 0.735864 -0.059725
v -0.084532 0.706581 -0.061018
v -0.091496 0.706581 -0.026003
v -0.062309 0.735864 -0.088313
v -0.064698 0.706581 -0.090701
v -0.033721 0.735864 -0.107415
v -0.035014 0.706581 -0.110536
v 0.000000 0.735864 -0.114123
v 0.000000 0.706581 -0.117500
v 0.033721 0.735864 -0.107415
v 0.035014 0.706581 -0.110536
v 0.062309 0.735864 -0.088313
v 0.064698 0.706581 -0.090701
v 0.081411 0.735864 -0.059725
v 0.084532 0.706581 -0.061017
v 0.088119 0.735864 -0.026003
v 0.091496 0.706581 -0.026003
v 0.000000 0.735864 -0.114123
v 0.000000 0.735864 0.062115
v 0.033721 0.735864 0.055407
v 0.033721 0.735864 -0.107415
v -0.084532 0.706581 0.009010
v -0.091496 0.706581 -0.026003
v -0.084532 0.706581 -0.061018
v 0.064698 0.706581 -0.090701
v 0.064698 0.706581 0.038694
v 0.035014 0.706581 0.058528
v 0.035014 0.706581 0.058528
v 0.035014 0.706581 -0.110536
v 0.064698 0.706581 -0.090701
v 0.000000 0.706581 -0.117500
v 0.000000 0.706581 0.065493
v -0.035014 0.706581 0.058528
v 0.000000 0.706581 -0.117500
v -0.035014 0.706581 0.058528
v -0.035014 0.706581 0.051671
v 0.000000 0.706581 -0.117500
v -0.035014 0.706581 0.051671
v -0.035014 0.706581 -0.103665
v -0.035014 0.706581 -0.110536
v 0.000000 0.706581 -0.117500
v -0.035014 0.706581 -0.103665
v -0.035014 0.706581 -0.103665
v -0.035014 0.706581 0.051671
v -0.035014 0.706581 0.058528
v -0.035014 0.706581 -0.110536
v -0.035014 0.706581 -0.103665
v -0.035014 0.706581 0.058528
v -0.035014 0.706581 0.058528
v -0.064698 0.706581 0.038694
v -0.064698 0.706581 -0.090701
v -0.035014 0.706581 -0.110536
v -0.064698 0.706581 0.038694
v -0.064698 0.706581 -0.090701
v -0.064698 0.706581 0.038694
v -0.084532 0.706581 0.009010
v -0.084532 0.706581 0.009010
v -0.084532 0.706581 -0.061018
v -0.064698 0.706581 -0.090701
v 0.000000 0.706581 0.065493
v 0.000000 0.706581 -0.117500
v 0.035014 0.706581 -0.110536
v 0.035014 0.706581 -0.110536
v 0.035014 0.706581 0.058528
v 0.000000 0.706581 0.065493
v 0.084532 0.706581 -0.061017
v 0.084532 0.706581 0.009010
v 0.064698 0.706581 0.038694
v 0.064698 0.706581 0.038694
v 0.064698 0.706581 -0.090701
v 0.084532 0.706581 -0.061017
v 0.084532 0.706581 -0.061017
v 0.091496 0.706581 -0.026003
v 0.084532 0.706581 0.009010
v -0.081411 0.735864 -0.059725
v -0.088119 0.735864 -0.026003
v -0.081411 0.735864 0.007718
v -0.033721 0.735864 0.055407
v -0.033721 0.735864 -0.107415
v -0.062309 0.735864 -0.088313
v -0.062309 0.735864 0.036306
v -0.033721 0.735864 0.055407
v -0.033721 0.735864 0.055407
v -0.033721 0.735864 -0.107415
v -0.062309 0.735864 -0.088313
v -0.062309 0.735864 0.036306
v -0.062309 0.735864 -0.088313
v -0.081411 0.735864 -0.059725
v -0.062309 0.735864 0.036306
v 0.081411 0.735864 0.007718
v 0.081411 0.735864 -0.059725
v 0.062309 0.735864 -0.088313
v 0.062309 0.735864 -0.088313
v 0.062309 0.735864 0.036306
v 0.081411 0.735864 0.007718
v 0.062309 0.735864 -0.088313
v 0.033721 0.735864 -0.107415
v 0.033721 0.735864 0.055407
v 0.033721 0.735864 0.055407
v 0.062309 0.735864 0.036306
v 0.062309 0.735864 -0.088313
v 0.081411 0.735864 0.007718
v 0.088119 0.735864 -0.026003
v 0.081411 0.735864 -0.059725
v 0.091496 0.706581 -0.026003
v 0.084532 0.706581 0.009010
v 0.111877 0.685178 0.020983
v 0.122003 0.685178 -0.025224
v 0.064698 0.706581 0.038694
v 0.085261 0.685178 0.060816
v 0.035014 0.706581 0.058528
v 0.045427 0.685178 0.087432
v 0.000000 0.706581 0.065493
v -0.000779 0.685178 0.095999
v 0.122003 0.685178 -0.025224
v 0.111877 0.685178 0.020983
v 0.111877 0.681007 0.020983
v 0.122003 0.681007 -0.025224
v 0.085261 0.685178 0.060816
v 0.085261 0.681007 0.060816
v 0.045427 0.685178 0.087432
v 0.045427 0.681007 0.087432
v -0.000779 0.685178 0.095999
v -0.000779 0.681007 0.095999
v 0.078547 0.704026 0.042072
v 0.076272 0.699632 0.037721
v 0.067794 0.701746 0.041831
v 0.071504 0.705782 0.045487
v 0.063656 0.699801 0.050336
v 0.068066 0.704166 0.052553
v 0.066282 0.694935 0.058253
v 0.070248 0.700124 0.059130
v 0.074133 0.690000 0.060944
v 0.076770 0.696024 0.061366
v 0.082610 0.687885 0.056833
v 0.083813 0.694267 0.057951
v 0.086748 0.689830 0.048328
v 0.087251 0.695883 0.050885
v 0.084123 0.694696 0.040412
v 0.085070 0.699925 0.044308
v 0.078715 0.702264 0.052745
v 0.007483 0.704026 0.077707
v 0.008951 0.699632 0.073022
v 0.000050 0.701746 0.069934
v 0.000088 0.705782 0.075142
v -0.008889 0.699801 0.073021
v -0.007338 0.704166 0.077707
v -0.012631 0.694935 0.080476
v -0.010447 0.700124 0.083900
v -0.008982 0.690000 0.087930
v -0.007415 0.696024 0.090093
v -0.000081 0.687885 0.091018
v -0.000020 0.694267 0.092659
v 0.008858 0.689830 0.087930
v 0.007406 0.695883 0.090093
v 0.012600 0.694696 0.080476
v 0.010515 0.699925 0.083900
v 0.000055 0.702264 0.085373
v -0.067964 0.704026 0.052656
v -0.063612 0.699632 0.050380
v -0.067723 0.701746 0.041903
v -0.071379 0.705782 0.045613
v -0.076228 0.699801 0.037764
v -0.078445 0.704166 0.042175
v -0.084145 0.694935 0.040390
v -0.085022 0.700124 0.044356
v -0.086836 0.690000 0.048241
v -0.087258 0.696024 0.050878
v -0.082725 0.687885 0.056718
v -0.083842 0.694267 0.057921
v -0.074220 0.689830 0.060856
v -0.076777 0.695883 0.061359
v -0.066303 0.694696 0.058231
v -0.070199 0.699925 0.059178
v -0.078637 0.702264 0.052823
v -0.192846 0.589072 -0.005685
v -0.178134 0.619891 -0.005685
v -0.178134 0.619891 -0.045201
v -0.192846 0.589072 -0.045201
v -0.142699 0.668649 -0.005685
v -0.142699 0.668649 -0.045201
v -0.160525 0.648496 -0.045201
v -0.160525 0.648496 -0.005685
v -0.125752 0.682260 -0.005685
v -0.125752 0.682260 -0.045201
v -0.123380 0.679737 -0.045201
v -0.140327 0.666127 -0.045201
v -0.142699 0.668649 -0.045201
v -0.142699 0.668649 -0.045201
v -0.125752 0.682260 -0.045201
v -0.123380 0.679737 -0.045201
v -0.178134 0.619891 -0.005685
v -0.192846 0.589072 -0.005685
v -0.190474 0.586550 -0.005685
v -0.190474 0.586550 -0.005685
v -0.175762 0.617369 -0.005685
v -0.178134 0.619891 -0.005685
v -0.178134 0.619891 -0.045201
v -0.160525 0.648496 -0.045201
v -0.158153 0.645974 -0.045201
v -0.158153 0.645974 -0.045201
v -0.175762 0.617369 -0.045201
v -0.178134 0.619891 -0.045201
v -0.142699 0.668649 -0.005685
v -0.160525 0.648496 -0.005685
v -0.158153 0.645974 -0.005685
v -0.158153 0.645974 -0.005685
v -0.140327 0.666127 -0.005685
v -0.142699 0.668649 -0.005685
v -0.160525 0.648496 -0.045201
v -0.142699 0.668649 -0.045201
v -0.140327 0.666127 -0.045201
v -0.140327 0.666127 -0.045201
v -0.158153 0.645974 -0.045201
v -0.160525 0.648496 -0.045201
v -0.160525 0.648496 -0.005685
v -0.178134 0.619891 -0.005685
v -0.175762 0.617369 -0.005685
v -0.175762 0.617369 -0.005685
v -0.158153 0.645974 -0.005685
v -0.160525 0.648496 -0.005685
v -0.192846 0.589072 -0.045201
v -0.178134 0.619891 -0.045201
v -0.175762 0.617369 -0.045201
v -0.175762 0.617369 -0.045201
v -0.190474 0.586550 -0.045201
v -0.192846 0.589072 -0.045201
v -0.123380 0.679737 -0.005685
v -0.118279 0.681858 -0.005685
v -0.119645 0.685039 -0.005685
v -0.119645 0.685039 -0.005685
v -0.125752 0.682260 -0.005685
v -0.123380 0.679737 -0.005685
v -0.119645 0.685039 -0.005685
v -0.119645 0.685039 -0.045201
v -0.118279 0.681858 -0.045201
v -0.123380 0.679737 -0.045201
v -0.125752 0.682260 -0.045201
v -0.125752 0.682260 -0.045201
v -0.119645 0.685039 -0.045201
v -0.118279 0.681858 -0.045201
v -0.140327 0.666127 -0.005685
v -0.123380 0.679737 -0.005685
v -0.125752 0.682260 -0.005685
v -0.125752 0.682260 -0.005685
v -0.142699 0.668649 -0.005685
v -0.140327 0.666127 -0.005685
v 0.192846 0.589072 -0.005685
v 0.192846 0.589072 -0.045201
v 0.178134 0.619891 -0.045201
v 0.178134 0.619891 -0.005685
v 0.142699 0.668649 -0.005685
v 0.160525 0.648496 -0.005685
v 0.160525 0.648496 -0.045201
v 0.142699 0.668649 -0.045201
v 0.125752 0.682260 -0.005685
v 0.125752 0.682260 -0.045201
v 0.123380 0.679737 -0.045201
v 0.125752 0.682260 -0.045201
v 0.142699 0.668649 -0.045201
v 0.142699 0.668649 -0.045201
v 0.140327 0.666127 -0.045201
v 0.123380 0.679737 -0.045201
v 0.178134 0.619891 -0.005685
v 0.175762 0.617369 -0.005685
v 0.190474 0.586550 -0.005685
v 0.190474 0.586550 -0.005685
v 0.192846 0.589072 -0.005685
v 0.178134 0.619891 -0.005685
v 0.178134 0.619891 -0.045201
v 0.175762 0.617369 -0.045201
v 0.158153 0.645974 -0.045201
v 0.158153 0.645974 -0.045201
v 0.160525 0.648496 -0.045201
v 0.178134 0.619891 -0.045201
v 0.142699 0.668649 -0.005685
v 0.140327 0.666127 -0.005685
v 0.158153 0.645974 -0.005685
v 0.158153 0.645974 -0.005685
v 0.160525 0.648496 -0.005685
v 0.142699 0.668649 -0.005685
v 0.160525 0.648496 -0.045201
v 0.158153 0.645974 -0.045201
v 0.140327 0.666127 -0.045201
v 0.140327 0.666127 -0.045201
v 0.142699 0.668649 -0.045201
v 0.160525 0.648496 -0.045201
v 0.160525 0.648496 -0.005685
v 0.158153 0.645974 -0.005685
v 0.175762 0.617369 -0.005685
v 0.175762 0.617369 -0.005685
v 0.178134 0.619891 -0.005685
v 0.160525 0.648496 -0.005685
v 0.192846 0.589072 -0.045201
v 0.190474 0.586550 -0.045201
v 0.175762 0.617369 -0.045201
v 0.175762 0.617369 -0.045201
v 0.178134 0.619891 -0.045201
v 0.192846 0.589072 -0.045201
v 0.123380 0.679737 -0.005685
v 0.125752 0.682260 -0.005685
v 0.119645 0.685039 -0.005685
v 0.119645 0.685039 -0.005685
v 0.118279 0.681858 -0.005685
v 0.123380 0.679737 -0.005685
v 0.119645 0.685039 -0.005685
v 0.119645 0.685039 -0.045201
v 0.118279 0.681858 -0.045201
v 0.119645 0.685039 -0.045201
v 0.125752 0.682260 -0.045201
v 0.125752 0.682260 -0.045201
v 0.123380 0.679737 -0.045201
v 0.118279 0.681858 -0.045201
v 0.140327 0.666127 -0.005685
v 0.142699 0.668649 -0.005685
v 0.125752 0.682260 -0.005685
v 0.125752 0.682260 -0.005685
v 0.123380 0.679737 -0.005685
v 0.140327 0.666127 -0.005685
v 0.103600 0.704026 -0.033375
v 0.098913 0.699632 -0.034843
v 0.095826 0.701746 -0.025942
v 0.101034 0.705782 -0.025980
v 0.098913 0.699801 -0.017002
v 0.103600 0.704166 -0.018553
v 0.106368 0.694935 -0.013260
v 0.109793 0.700124 -0.015444
v 0.113822 0.690000 -0.016909
v 0.115986 0.696024 -0.018475
v 0.116910 0.687885 -0.025810
v 0.118551 0.694267 -0.025871
v 0.113822 0.689830 -0.034750
v 0.115986 0.695883 -0.033298
v 0.106368 0.694696 -0.038492
v 0.109793 0.699925 -0.036406
v 0.111265 0.702264 -0.025947
v 0.067964 0.704026 -0.104440
v 0.063612 0.699632 -0.102164
v 0.067723 0.701746 -0.093686
v 0.071379 0.705782 -0.097396
v 0.076228 0.699801 -0.089548
v 0.078445 0.704166 -0.093958
v 0.084145 0.694935 -0.092173
v 0.085022 0.700124 -0.096139
v 0.086836 0.690000 -0.100025
v 0.087258 0.696024 -0.102662
v 0.082725 0.687885 -0.108502
v 0.083842 0.694267 -0.109705
v 0.074220 0.689830 -0.112640
v 0.076777 0.695883 -0.113143
v 0.066303 0.694696 -0.110015
v 0.070199 0.699925 -0.110962
v 0.078637 0.702264 -0.104607
v -0.007483 0.704026 -0.129491
v -0.008951 0.699632 -0.124805
v -0.000050 0.701746 -0.121718
v -0.000088 0.705782 -0.126926
v 0.008889 0.699801 -0.124805
v 0.007338 0.704166 -0.129491
v 0.012631 0.694935 -0.132260
v 0.010447 0.700124 -0.135684
v 0.008982 0.690000 -0.139714
v 0.007415 0.696024 -0.141877
v 0.000081 0.687885 -0.142802
v 0.000020 0.694267 -0.144443
v -0.008858 0.689830 -0.139714
v -0.007406 0.695883 -0.141877
v -0.012600 0.694696 -0.132260
v -0.010515 0.699925 -0.135684
v -0.000055 0.702264 -0.137157
v -0.078547 0.704026 -0.093856
v -0.076272 0.699632 -0.089504
v -0.067794 0.701746 -0.093615
v -0.071504 0.705782 -0.097271
v -0.063656 0.699801 -0.102120
v -0.068066 0.704166 -0.104337
v -0.066281 0.694935 -0.110037
v -0.070247 0.700124 -0.110914
v -0.074133 0.690000 -0.112728
v -0.076770 0.696024 -0.113150
v -0.082610 0.687885 -0.108617
v -0.083813 0.694267 -0.109735
v -0.086748 0.689830 -0.100112
v -0.087251 0.695883 -0.102669
v -0.084123 0.694696 -0.092195
v -0.085070 0.699925 -0.096091
v -0.078715 0.702264 -0.104529
v -0.103600 0.704026 -0.018408
v -0.098913 0.699632 -0.016940
v -0.095826 0.701746 -0.025841
v -0.101034 0.705782 -0.025803
v -0.098913 0.699801 -0.034781
v -0.103600 0.704166 -0.033230
v -0.106368 0.694935 -0.038522
v -0.109793 0.700124 -0.036338
v -0.113822 0.690000 -0.034874
v -0.115986 0.696024 -0.033307
v -0.116910 0.687885 -0.025972
v -0.118551 0.694267 -0.025912
v -0.113822 0.689830 -0.017033
v -0.115986 0.695883 -0.018485
v -0.106368 0.694696 -0.013291
v -0.109793 0.699925 -0.015376
v -0.111265 0.702264 -0.025836
v -0.152267 0.666727 -0.018441
v -0.146603 0.663695 -0.016973
v -0.144168 0.666537 -0.025874
v -0.150244 0.669088 -0.025836
v -0.146647 0.663859 -0.034814
v -0.152303 0.666863 -0.033263
v -0.152588 0.657230 -0.038555
v -0.157239 0.661355 -0.036371
v -0.158511 0.650533 -0.034907
v -0.162160 0.655792 -0.033340
v -0.160946 0.647692 -0.026005
v -0.164183 0.653431 -0.025945
v -0.158467 0.650370 -0.017066
v -0.162124 0.655656 -0.018518
v -0.152526 0.656999 -0.013324
v -0.157188 0.661163 -0.015409
v -0.159216 0.663042 -0.025869
v 0.152267 0.666727 -0.018441
v 0.150244 0.669088 -0.025836
v 0.144168 0.666537 -0.025874
v 0.146603 0.663695 -0.016973
v 0.152303 0.666863 -0.033263
v 0.146647 0.663859 -0.034814
v 0.157239 0.661355 -0.036371
v 0.152588 0.657230 -0.038555
v 0.162160 0.655792 -0.033340
v 0.158511 0.650533 -0.034907
v 0.164183 0.653431 -0.025945
v 0.160946 0.647692 -0.026005
v 0.162124 0.655656 -0.018518
v 0.158467 0.650370 -0.017066
v 0.157188 0.661163 -0.015409
v 0.152526 0.656999 -0.013324
v 0.159216 0.663042 -0.025869
v 0.000000 0.706581 0.065493
v -0.035014 0.706581 0.058528
v -0.046986 0.685178 0.085873
v -0.000779 0.685178 0.095999
v -0.064698 0.706581 0.038694
v -0.086820 0.685178 0.059257
v -0.084532 0.706581 0.009010
v -0.113436 0.685178 0.019424
v -0.091496 0.706581 -0.026003
v -0.122003 0.685178 -0.026783
v -0.000779 0.685178 0.095999
v -0.046986 0.685178 0.085873
v -0.046986 0.681007 0.085873
v -0.000779 0.681007 0.095999
v -0.086820 0.685178 0.059257
v -0.086820 0.681007 0.059257
v -0.113436 0.685178 0.019424
v -0.113436 0.681007 0.019424
v -0.122003 0.685178 -0.026783
v -0.122003 0.681007 -0.026783
v 0.000000 0.706581 -0.117500
v 0.035014 0.706581 -0.110536
v 0.046986 0.685178 -0.137881
v 0.000779 0.685178 -0.148007
v 0.064698 0.706581 -0.090701
v 0.086820 0.685178 -0.111265
v 0.084532 0.706581 -0.061017
v 0.113436 0.685178 -0.071431
v 0.091496 0.706581 -0.026003
v 0.122003 0.685178 -0.025224
v 0.000779 0.685178 -0.148007
v 0.046986 0.685178 -0.137881
v 0.046986 0.681007 -0.137881
v 0.000779 0.681007 -0.148007
v 0.086820 0.685178 -0.111265
v 0.086820 0.681007 -0.111265
v 0.113436 0.685178 -0.071431
v 0.113436 0.681007 -0.071431
v 0.122003 0.685178 -0.025224
v 0.122003 0.681007 -0.025224
v -0.091496 0.706581 -0.026003
v -0.084532 0.706581 -0.061018
v -0.111877 0.685178 -0.072990
v -0.122003 0.685178 -0.026783
v -0.064698 0.706581 -0.090701
v -0.085261 0.685178 -0.112824
v -0.035014 0.706581 -0.110536
v -0.045427 0.685178 -0.139440
v 0.000000 0.706581 -0.117500
v 0.000779 0.685178 -0.148007
v -0.122003 0.685178 -0.026783
v -0.111877 0.685178 -0.072990
v -0.111877 0.681007 -0.072990
v -0.122003 0.681007 -0.026783
v -0.085261 0.685178 -0.112824
v -0.085261 0.681007 -0.112824
v -0.045427 0.685178 -0.139440
v -0.045427 0.681007 -0.139440
v 0.000779 0.685178 -0.148007
v 0.000779 0.681007 -0.148007
v -0.084532 0.706581 0.009010
v -0.081411 0.735864 0.007718
v -0.064698 0.706581 0.038694
v -0.062309 0.735864 0.036306
v -0.035014 0.706581 0.058528
v -0.033721 0.735864 0.055407
v 0.000000 0.706581 0.065493
v 0.000000 0.735864 0.062115
v 0.035014 0.706581 0.058528
v 0.033721 0.735864 0.055407
v 0.064698 0.706581 0.038694
v 0.062309 0.735864 0.036306
v 0.084532 0.706581 0.009010
v 0.081411 0.735864 0.007718
v 0.219830 0.452281 -0.026003
v 0.190952 0.446364 -0.026003
v 0.190345 0.453302 -0.061018
v 0.219245 0.458963 -0.059725
v 0.188616 0.473060 -0.090701
v 0.217580 0.477992 -0.088313
v 0.186029 0.502631 -0.110536
v 0.215089 0.506471 -0.107415
v 0.182978 0.537512 -0.117501
v 0.212149 0.540065 -0.114123
v 0.179926 0.572393 -0.110536
v 0.209210 0.573658 -0.107415
v 0.177339 0.601964 -0.090701
v 0.206719 0.602137 -0.088313
v 0.175610 0.621723 -0.061018
v 0.205054 0.621166 -0.059725
v 0.175003 0.628661 -0.026003
v 0.204469 0.627849 -0.026003
v 0.212149 0.540065 -0.114123
v 0.209210 0.573658 -0.107415
v 0.209210 0.573658 0.055407
v 0.209210 0.573658 0.055407
v 0.212149 0.540065 0.062115
v 0.212149 0.540065 -0.114123
v 0.190345 0.453302 0.009010
v 0.190345 0.453302 -0.061018
v 0.190952 0.446364 -0.026003
v 0.177339 0.601964 -0.090701
v 0.179926 0.572393 -0.110536
v 0.179926 0.572393 0.058528
v 0.179926 0.572393 0.058528
v 0.177339 0.601964 0.038694
v 0.177339 0.601964 -0.090701
v 0.186029 0.502631 0.058528
v 0.182978 0.537512 0.065493
v 0.182978 0.537512 -0.117501
v 0.186029 0.502631 0.051671
v 0.186029 0.502631 0.058528
v 0.182978 0.537512 -0.117501
v 0.186029 0.502631 -0.103665
v 0.186029 0.502631 0.051671
v 0.182978 0.537512 -0.117501
v 0.186029 0.502631 -0.110536
v 0.186029 0.502631 -0.103665
v 0.182978 0.537512 -0.117501
v 0.186029 0.502631 0.058528
v 0.186029 0.502631 0.051671
v 0.186029 0.502631 -0.103665
v 0.186029 0.502631 0.058528
v 0.186029 0.502631 -0.103665
v 0.186029 0.502631 -0.110536
v 0.188616 0.473061 0.038694
v 0.186029 0.502631 0.058528
v 0.186029 0.502631 -0.110536
v 0.188616 0.473060 -0.090701
v 0.188616 0.473061 0.038694
v 0.186029 0.502631 -0.110536
v 0.188616 0.473060 -0.090701
v 0.190345 0.453302 -0.061018
v 0.190345 0.453302 0.009010
v 0.190345 0.453302 0.009010
v 0.188616 0.473061 0.038694
v 0.188616 0.473060 -0.090701
v 0.182978 0.537512 0.065493
v 0.179926 0.572393 0.058528
v 0.179926 0.572393 -0.110536
v 0.179926 0.572393 -0.110536
v 0.182978 0.537512 -0.117501
v 0.182978 0.537512 0.065493
v 0.175610 0.621723 -0.061018
v 0.177339 0.601964 -0.090701
v 0.177339 0.601964 0.038694
v 0.177339 0.601964 0.038694
v 0.175610 0.621723 0.009010
v 0.175610 0.621723 -0.061018
v 0.175610 0.621723 -0.061018
v 0.175610 0.621723 0.009010
v 0.175003 0.628661 -0.026003
v 0.219245 0.458963 -0.059725
v 0.219245 0.458963 0.007718
v 0.219830 0.452281 -0.026003
v 0.215088 0.506471 0.055407
v 0.215089 0.506471 -0.107415
v 0.212149 0.540065 -0.114123
v 0.212149 0.540065 -0.114123
v 0.212149 0.540065 0.062115
v 0.215088 0.506471 0.055407
v 0.217580 0.477992 -0.088313
v 0.215089 0.506471 -0.107415
v 0.215088 0.506471 0.055407
v 0.215088 0.506471 0.055407
v 0.217580 0.477992 0.036306
v 0.217580 0.477992 -0.088313
v 0.217580 0.477992 0.036306
v 0.219245 0.458963 0.007718
v 0.219245 0.458963 -0.059725
v 0.219245 0.458963 -0.059725
v 0.217580 0.477992 -0.088313
v 0.217580 0.477992 0.036306
v 0.205054 0.621166 0.007718
v 0.206719 0.602137 0.036306
v 0.206719 0.602137 -0.088313
v 0.206719 0.602137 -0.088313
v 0.205054 0.621166 -0.059725
v 0.205054 0.621166 0.007718
v 0.206719 0.602137 -0.088313
v 0.206719 0.602137 0.036306
v 0.209210 0.573658 0.055407
v 0.209210 0.573658 0.055407
v 0.209210 0.573658 -0.107415
v 0.206719 0.602137 -0.088313
v 0.205054 0.621166 0.007718
v 0.205054 0.621166 -0.059725
v 0.204469 0.627849 -0.026003
v 0.219245 0.458963 0.007718
v 0.190345 0.453302 0.009010
v 0.217580 0.477992 0.036306
v 0.188616 0.473061 0.038694
v 0.215088 0.506471 0.055407
v 0.186029 0.502631 0.058528
v 0.212149 0.540065 0.062115
v 0.182978 0.537512 0.065493
v 0.209210 0.573658 0.055407
v 0.179926 0.572393 0.058528
v 0.206719 0.602137 0.036306
v 0.177339 0.601964 0.038694
v 0.205054 0.621166 0.007718
v 0.175610 0.621723 0.009010
v -0.219830 0.452281 -0.026003
v -0.219245 0.458963 -0.059725
v -0.190345 0.453302 -0.061018
v -0.190952 0.446364 -0.026003
v -0.217580 0.477992 -0.088313
v -0.188616 0.473060 -0.090701
v -0.215089 0.506471 -0.107415
v -0.186029 0.502631 -0.110536
v -0.212149 0.540065 -0.114123
v -0.182978 0.537512 -0.117501
v -0.209210 0.573658 -0.107415
v -0.179926 0.572393 -0.110536
v -0.206719 0.602137 -0.088313
v -0.177339 0.601964 -0.090701
v -0.205054 0.621166 -0.059725
v -0.175610 0.621723 -0.061018
v -0.204469 0.627849 -0.026003
v -0.175003 0.628661 -0.026003
v -0.212149 0.540065 -0.114123
v -0.212149 0.540065 0.062115
v -0.209210 0.573658 0.055407
v -0.209210 0.573658 0.055407
v -0.209210 0.573658 -0.107415
v -0.212149 0.540065 -0.114123
v -0.190345 0.453302 0.009010
v -0.190952 0.446364 -0.026003
v -0.190345 0.453302 -0.061018
v -0.177339 0.601964 -0.090701
v -0.177339 0.601964 0.038694
v -0.179926 0.572393 0.058528
v -0.179926 0.572393 0.058528
v -0.179926 0.572393 -0.110536
v -0.177339 0.601964 -0.090701
v -0.182978 0.537512 -0.117501
v -0.182978 0.537512 0.065493
v -0.186029 0.502631 0.058528
v -0.182978 0.537512 -0.117501
v -0.186029 0.502631 0.058528
v -0.186029 0.502631 0.051671
v -0.182978 0.537512 -0.117501
v -0.186029 0.502631 0.051671
v -0.186029 0.502631 -0.103665
v -0.186029 0.502631 -0.110536
v -0.182978 0.537512 -0.117501
v -0.186029 0.502631 -0.103665
v -0.186029 0.502631 -0.103665
v -0.186029 0.502631 0.051671
v -0.186029 0.502631 0.058528
v -0.186029 0.502631 -0.110536
v -0.186029 0.502631 -0.103665
v -0.186029 0.502631 0.058528
v -0.186029 0.502631 -0.110536
v -0.186029 0.502631 0.058528
v -0.188616 0.473061 0.038694
v -0.188616 0.473060 -0.090701
v -0.186029 0.502631 -0.110536
v -0.188616 0.473061 0.038694
v -0.188616 0.473060 -0.090701
v -0.188616 0.473061 0.038694
v -0.190345 0.453302 0.009010
v -0.190345 0.453302 0.009010
v -0.190345 0.453302 -0.061018
v -0.188616 0.473060 -0.090701
v -0.182978 0.537512 0.065493
v -0.182978 0.537512 -0.117501
v -0.179926 0.572393 -0.110536
v -0.179926 0.572393 -0.110536
v -0.179926 0.572393 0.058528
v -0.182978 0.537512 0.065493
v -0.175610 0.621723 -0.061018
v -0.175610 0.621723 0.009010
v -0.177339 0.601964 0.038694
v -0.177339 0.601964 0.038694
v -0.177339 0.601964 -0.090701
v -0.175610 0.621723 -0.061018
v -0.175610 0.621723 -0.061018
v -0.175003 0.628661 -0.026003
v -0.175610 0.621723 0.009010
v -0.219245 0.458963 -0.059725
v -0.219830 0.452281 -0.026003
v -0.219245 0.458963 0.007718
v -0.215088 0.506471 0.055407
v -0.212149 0.540065 0.062115
v -0.212149 0.540065 -0.114123
v -0.212149 0.540065 -0.114123
v -0.215089 0.506471 -0.107415
v -0.215088 0.506471 0.055407
v -0.217580 0.477992 -0.088313
v -0.217580 0.477992 0.036306
v -0.215088 0.506471 0.055407
v -0.215088 0.506471 0.055407
v -0.215089 0.506471 -0.107415
v -0.217580 0.477992 -0.088313
v -0.217580 0.477992 0.036306
v -0.217580 0.477992 -0.088313
v -0.219245 0.458963 -0.059725
v -0.219245 0.458963 -0.059725
v -0.219245 0.458963 0.007718
v -0.217580 0.477992 0.036306
v -0.205054 0.621166 0.007718
v -0.205054 0.621166 -0.059725
v -0.206719 0.602137 -0.088313
v -0.206719 0.602137 -0.088313
v -0.206719 0.602137 0.036306
v -0.205054 0.621166 0.007718
v -0.206719 0.602137 -0.088313
v -0.209210 0.573658 -0.107415
v -0.209210 0.573658 0.055407
v -0.209210 0.573658 0.055407
v -0.206719 0.602137 0.036306
v -0.206719 0.602137 -0.088313
v -0.205054 0.621166 0.007718
v -0.204469 0.627849 -0.026003
v -0.205054 0.621166 -0.059725
v -0.190345 0.453302 0.009010
v -0.219245 0.458963 0.007718
v -0.188616 0.473061 0.038694
v -0.217580 0.477992 0.036306
v -0.186029 0.502631 0.058528
v -0.215088 0.506471 0.055407
v -0.182978 0.537512 0.065493
v -0.212149 0.540065 0.062115
v -0.179926 0.572393 0.058528
v -0.209210 0.573658 0.055407
v -0.177339 0.601964 0.038694
v -0.206719 0.602137 0.036306
v -0.175610 0.621723 0.009010
v -0.205054 0.621166 0.007718
vt 0.008297 0.009513
vt 0.144900 0.097350
vt 0.144900 0.009513
vt 0.008297 0.097350
vt 0.279942 0.097350
vt 0.279942 0.009513
vt 0.411953 0.097350
vt 0.411953 0.009513
vt 0.540198 0.097350
vt 0.540198 0.009513
vt 0.660026 0.097350
vt 0.660026 0.009513
vt 0.774246 0.097350
vt 0.774246 0.009513
vt 0.885247 0.097350
vt 0.885247 0.009513
vt 0.993952 0.097350
vt 0.993952 0.009513
vt 0.788509 0.521576
vt 0.981738 0.560718
vt 0.989524 0.522282
vt 0.796025 0.560065
vt 0.941493 0.788163
vt 0.880524 0.788405
vt 0.911033 0.794348
vt 0.854164 0.658585
vt 0.984190 0.683911
vt 0.966819 0.658137
vt 0.836999 0.684497
vt 0.831056 0.715005
vt 0.984433 0.744880
vt 0.990376 0.714371
vt 0.978463 0.744903
vt 0.843223 0.745442
vt 0.837241 0.745466
vt 0.967268 0.770792
vt 0.854612 0.771240
vt 0.879939 0.641214
vt 0.940907 0.640971
vt 0.910399 0.635029
vt 0.850880 0.428937
vt 0.927805 0.429207
vt 0.889369 0.421421
vt 0.982008 0.483792
vt 0.796294 0.483140
vt 0.818196 0.450610
vt 0.960336 0.451109
vt 0.927153 0.614921
vt 0.817697 0.592749
vt 0.850228 0.614651
vt 0.959836 0.593248
vt 0.888663 0.622437
vt 0.007713 0.109192
vt 0.171108 0.265227
vt 0.171108 0.109192
vt 0.007713 0.265227
vt 0.311038 0.265227
vt 0.311038 0.109192
vt 0.455210 0.265227
vt 0.455210 0.109192
vt 0.606563 0.265227
vt 0.606563 0.109192
vt 0.171108 0.283257
vt 0.007713 0.283257
vt 0.311038 0.283257
vt 0.455210 0.283257
vt 0.606563 0.283257
vt 0.743138 0.338929
vt 0.637256 0.275100
vt 0.696006 0.387534
vt 0.711624 0.275334
vt 0.692090 0.160705
vt 0.738969 0.209455
vt 0.803875 0.115463
vt 0.803747 0.181479
vt 0.917156 0.156821
vt 0.870023 0.205425
vt 0.975904 0.269254
vt 0.901537 0.269019
vt 0.921072 0.383648
vt 0.874191 0.334899
vt 0.809285 0.428890
vt 0.809413 0.362875
vt 0.806580 0.272177
vt 0.466883 0.830772
vt 0.612725 0.966855
vt 0.612725 0.830772
vt 0.466883 0.966855
vt 0.873190 0.830772
vt 0.756993 0.966855
vt 0.873190 0.966855
vt 0.756993 0.830772
vt 0.967441 0.830772
vt 0.967441 0.966855
vt 0.967441 0.989031
vt 0.873190 0.989031
vt 0.466883 0.808597
vt 0.612725 0.808597
vt 0.756993 0.989031
vt 0.612725 0.989031
vt 0.756993 0.808597
vt 0.873190 0.808597
vt 0.466883 0.989031
vt 0.967441 0.808597
vt 0.991803 0.830772
vt 0.991803 0.808597
vt 0.991803 0.966855
vt 0.991803 0.989031
vn 0.974600 -0.112400 0.193900
vn 0.974600 -0.112400 0.193800
vn 0.826200 -0.112400 0.552100
vn 0.552100 -0.112400 0.826200
vn 0.193900 -0.112400 0.974600
vn 0.193800 -0.112400 0.974600
vn -0.193900 -0.112400 0.974600
vn -0.193800 -0.112400 0.974600
vn -0.552100 -0.112400 0.826200
vn -0.826200 -0.112400 0.552100
vn -0.826200 -0.112400 0.552000
vn -0.974600 -0.112400 0.193900
vn -0.974600 -0.112400 0.193800
vn 0.000000 -1.000000 0.000000
vn 0.000000 1.000000 0.000000
vn 0.000000 0.000000 1.000000
vn -0.580400 -0.806100 -0.115400
vn -0.567700 -0.813800 -0.124400
vn -0.489500 -0.808300 -0.327100
vn -0.324000 -0.812400 -0.484900
vn -0.324000 -0.812400 -0.484800
vn -0.113900 -0.811900 -0.572600
vn -0.105100 -0.816900 -0.567100
vn -0.976800 0.000000 -0.214100
vn -0.831500 0.000000 -0.555600
vn -0.555600 0.000000 -0.831500
vn -0.182300 0.000000 -0.983200
vn 0.140400 -0.732400 0.666200
vn 0.140400 -0.732500 0.666100
vn 0.656300 -0.739400 0.150200
vn 0.718200 -0.460800 -0.521400
vn 0.289700 -0.060000 -0.955200
vn 0.289800 -0.059900 -0.955200
vn -0.378100 0.228400 -0.897200
vn -0.378000 0.228400 -0.897200
vn -0.894100 0.235300 -0.381200
vn -0.894000 0.235300 -0.381200
vn -0.955900 -0.043200 0.290400
vn -0.955900 -0.043300 0.290400
vn -0.527500 -0.444100 0.724300
vn -0.307200 -0.939700 -0.150300
vn -0.162900 -0.941600 -0.294600
vn -0.145600 -0.863700 -0.482500
vn -0.265400 -0.751600 -0.603900
vn -0.452300 -0.670900 -0.587600
vn -0.596700 -0.668900 -0.443300
vn -0.614000 -0.746900 -0.255400
vn -0.494100 -0.859000 -0.134000
vn -0.371800 -0.732400 0.570400
vn -0.371800 -0.732500 0.570300
vn 0.357800 -0.739300 0.570400
vn 0.357900 -0.739400 0.570300
vn 0.876500 -0.460800 0.139200
vn 0.876500 -0.460800 0.139300
vn 0.880300 -0.060000 -0.470600
vn 0.880300 -0.060000 -0.470700
vn 0.367100 0.228300 -0.901700
vn -0.362700 0.235300 -0.901700
vn -0.362800 0.235200 -0.901700
vn -0.881300 -0.043200 -0.470600
vn -0.885100 -0.444100 0.139200
vn -0.110900 -0.939700 -0.323500
vn 0.093200 -0.941600 -0.323500
vn 0.238300 -0.863700 -0.444100
vn 0.239400 -0.751500 -0.614700
vn 0.095800 -0.670900 -0.735400
vn -0.108500 -0.668900 -0.735300
vn -0.253600 -0.746800 -0.614800
vn -0.254600 -0.859000 -0.444200
vn -0.666100 -0.732500 0.140400
vn -0.666200 -0.732500 0.140400
vn -0.150300 -0.739400 0.656300
vn -0.150200 -0.739500 0.656200
vn 0.521500 -0.460900 0.718100
vn 0.521400 -0.460800 0.718200
vn 0.955200 -0.060000 0.289700
vn 0.955200 -0.059900 0.289800
vn 0.897200 0.228400 -0.378100
vn 0.897100 0.228300 -0.378200
vn 0.381200 0.235200 -0.894100
vn 0.381200 0.235300 -0.894000
vn -0.290400 -0.043200 -0.955900
vn -0.724300 -0.444100 -0.527500
vn 0.150300 -0.939700 -0.307200
vn 0.294600 -0.941600 -0.162900
vn 0.482500 -0.863700 -0.145600
vn 0.603900 -0.751600 -0.265400
vn 0.587600 -0.670900 -0.452400
vn 0.443300 -0.668900 -0.596700
vn 0.255400 -0.746900 -0.614000
vn 0.134100 -0.859000 -0.494200
vn 0.902400 -0.430800 0.000000
vn 0.749000 -0.662500 0.000000
vn 0.851600 -0.524200 0.000000
vn 0.626200 -0.779700 0.000000
vn 0.000000 0.000000 -1.000000
vn 0.414200 -0.910200 0.000000
vn -0.902400 -0.430800 0.000000
vn -0.749000 -0.662500 0.000000
vn -0.851600 -0.524200 0.000000
vn -0.626200 -0.779700 0.000000
vn -0.414200 -0.910200 0.000000
vn 0.570300 -0.732500 0.371800
vn 0.570300 -0.732400 0.371800
vn 0.570400 -0.739400 -0.357800
vn 0.570200 -0.739400 -0.357900
vn 0.139100 -0.460900 -0.876500
vn 0.139300 -0.460800 -0.876500
vn -0.470600 -0.059900 -0.880300
vn -0.470500 -0.059800 -0.880400
vn -0.901700 0.228500 -0.367100
vn -0.901800 0.228400 -0.367000
vn -0.901700 0.235300 0.362700
vn -0.901700 0.235400 0.362600
vn -0.470600 -0.043200 0.881300
vn -0.470600 -0.043300 0.881300
vn 0.139100 -0.444200 0.885100
vn 0.139100 -0.444100 0.885100
vn -0.323500 -0.939700 0.110900
vn -0.323500 -0.941600 -0.093100
vn -0.444100 -0.863700 -0.238200
vn -0.614700 -0.751600 -0.239300
vn -0.735400 -0.670900 -0.095600
vn -0.735400 -0.668900 0.108400
vn -0.614700 -0.746900 0.253500
vn -0.444200 -0.859000 0.254600
vn 0.666100 -0.732500 -0.140400
vn 0.666200 -0.732500 -0.140400
vn 0.150200 -0.739400 -0.656300
vn -0.521400 -0.460800 -0.718200
vn -0.955200 -0.060000 -0.289700
vn -0.955200 -0.059900 -0.289800
vn -0.897200 0.228400 0.378100
vn -0.897100 0.228300 0.378200
vn -0.381200 0.235200 0.894100
vn -0.381200 0.235300 0.894000
vn 0.290400 -0.043200 0.955900
vn 0.724300 -0.444100 0.527500
vn -0.150300 -0.939700 0.307100
vn -0.294600 -0.941600 0.162900
vn -0.482500 -0.863700 0.145600
vn -0.603900 -0.751600 0.265400
vn -0.587600 -0.670900 0.452400
vn -0.443300 -0.668900 0.596700
vn -0.255400 -0.746900 0.614000
vn -0.134100 -0.859000 0.494200
vn 0.371800 -0.732500 -0.570400
vn 0.371800 -0.732500 -0.570300
vn -0.357800 -0.739300 -0.570400
vn -0.357900 -0.739400 -0.570300
vn -0.876500 -0.460800 -0.139200
vn -0.876500 -0.460800 -0.139300
vn -0.880300 -0.060000 0.470600
vn -0.880300 -0.060000 0.470700
vn -0.367100 0.228300 0.901700
vn -0.367100 0.228400 0.901700
vn 0.362700 0.235300 0.901700
vn 0.362800 0.235200 0.901700
vn 0.881300 -0.043200 0.470600
vn 0.885100 -0.444100 -0.139200
vn 0.885100 -0.444200 -0.139200
vn 0.110900 -0.939700 0.323500
vn -0.093200 -0.941600 0.323500
vn -0.238300 -0.863700 0.444100
vn -0.239400 -0.751500 0.614700
vn -0.095800 -0.670900 0.735400
vn 0.108500 -0.669000 0.735300
vn 0.253600 -0.746800 0.614800
vn 0.254600 -0.859000 0.444200
vn -0.140400 -0.732500 -0.666200
vn -0.140400 -0.732500 -0.666100
vn -0.656300 -0.739400 -0.150200
vn -0.718200 -0.460800 0.521400
vn -0.289700 -0.060000 0.955200
vn -0.289800 -0.059900 0.955200
vn 0.378100 0.228400 0.897200
vn 0.378000 0.228400 0.897200
vn 0.894100 0.235300 0.381200
vn 0.894000 0.235300 0.381200
vn 0.955900 -0.043200 -0.290400
vn 0.527500 -0.444100 -0.724300
vn 0.527400 -0.444200 -0.724200
vn 0.307200 -0.939700 0.150300
vn 0.162900 -0.941600 0.294600
vn 0.145600 -0.863700 0.482500
vn 0.265400 -0.751600 0.603900
vn 0.452300 -0.670900 0.587600
vn 0.596700 -0.668900 0.443300
vn 0.614000 -0.746900 0.255400
vn 0.494100 -0.859000 0.134000
vn -0.570300 -0.732500 -0.371800
vn -0.570300 -0.732400 -0.371800
vn -0.570400 -0.739400 0.357800
vn -0.570200 -0.739400 0.357900
vn -0.139100 -0.460800 0.876500
vn -0.139200 -0.460800 0.876500
vn 0.470500 -0.060000 0.880300
vn 0.470600 -0.060000 0.880300
vn 0.901700 0.228400 0.367100
vn 0.901700 0.228400 0.367000
vn 0.901700 0.235300 -0.362700
vn 0.901700 0.235400 -0.362600
vn 0.470600 -0.043200 -0.881300
vn -0.139200 -0.444100 -0.885100
vn -0.139200 -0.444200 -0.885100
vn 0.323500 -0.939700 -0.110900
vn 0.323500 -0.941600 0.093100
vn 0.444100 -0.863700 0.238300
vn 0.614700 -0.751600 0.239300
vn 0.735400 -0.670900 0.095700
vn 0.735400 -0.668900 -0.108400
vn 0.614700 -0.746900 -0.253500
vn 0.444200 -0.859000 -0.254600
vn -0.361300 -0.855100 -0.371900
vn -0.361300 -0.855100 -0.371800
vn -0.359600 -0.861800 0.357800
vn -0.359600 -0.861800 0.357900
vn -0.015100 -0.481100 0.876500
vn 0.470000 0.063800 0.880300
vn 0.811900 0.454000 0.367000
vn 0.811800 0.454100 0.367100
vn 0.810100 0.460700 -0.362700
vn 0.810000 0.460800 -0.362600
vn 0.465700 0.080100 -0.881300
vn -0.019500 -0.465000 -0.885100
vn 0.555700 -0.824000 -0.111000
vn 0.556200 -0.825800 0.093200
vn 0.652500 -0.719300 0.238400
vn 0.788300 -0.566800 0.239500
vn 0.884000 -0.457600 0.095700
vn 0.883500 -0.455700 -0.108400
vn 0.787100 -0.562300 -0.253600
vn 0.651300 -0.714800 -0.254700
vn 0.361300 -0.855100 -0.371800
vn 0.361300 -0.855100 -0.371900
vn 0.359600 -0.861800 0.357900
vn 0.359600 -0.861800 0.357800
vn 0.015100 -0.481100 0.876500
vn -0.470000 0.063800 0.880300
vn -0.811800 0.454100 0.367100
vn -0.811900 0.454000 0.367000
vn -0.810000 0.460800 -0.362600
vn -0.810100 0.460700 -0.362700
vn -0.465700 0.080100 -0.881300
vn 0.019500 -0.465000 -0.885100
vn -0.555700 -0.824000 -0.111000
vn -0.556200 -0.825800 0.093200
vn -0.652500 -0.719300 0.238400
vn -0.788300 -0.566800 0.239500
vn -0.884000 -0.457600 0.095700
vn -0.883500 -0.455700 -0.108400
vn -0.787100 -0.562300 -0.253600
vn -0.651300 -0.714800 -0.254700
vn 0.115500 -0.806100 -0.580400
vn 0.124400 -0.813700 -0.567700
vn 0.327100 -0.808300 -0.489500
vn 0.484800 -0.812400 -0.324000
vn 0.572500 -0.811900 -0.113900
vn 0.567100 -0.816900 -0.105100
vn 0.214100 0.000000 -0.976800
vn 0.555600 0.000000 -0.831500
vn 0.831500 0.000000 -0.555600
vn 0.983200 0.000000 -0.182300
vn -0.115400 -0.806100 0.580400
vn -0.124400 -0.813800 0.567700
vn -0.327100 -0.808400 0.489500
vn -0.327100 -0.808300 0.489500
vn -0.484800 -0.812400 0.324000
vn -0.572500 -0.811900 0.113900
vn -0.567100 -0.816900 0.105100
vn -0.214100 0.000000 0.976800
vn -0.555600 0.000000 0.831500
vn -0.831500 0.000000 0.555600
vn -0.983200 0.000000 0.182300
vn 0.580400 -0.806100 0.115400
vn 0.567700 -0.813800 0.124400
vn 0.489500 -0.808300 0.327100
vn 0.324000 -0.812400 0.484800
vn 0.113900 -0.811900 0.572500
vn 0.105100 -0.816900 0.567100
vn 0.976800 0.000000 0.214100
vn 0.831500 0.000000 0.555600
vn 0.555600 0.000000 0.831500
vn 0.182300 0.000000 0.983200
vn 0.974600 -0.112400 -0.193800
vn 0.974600 -0.112400 -0.193900
vn 0.826200 -0.112400 -0.552000
vn 0.826200 -0.112400 -0.552100
vn 0.552000 -0.112400 -0.826200
vn 0.193900 -0.112400 -0.974600
vn -0.193900 -0.112400 -0.974600
vn -0.552000 -0.112400 -0.826200
vn -0.826200 -0.112400 -0.552000
vn -0.974600 -0.112400 -0.193800
vn -0.974600 -0.112400 -0.193900
vn -0.196900 0.961100 0.193800
vn -0.196900 0.961100 0.193900
vn -0.184000 0.813300 0.552000
vn -0.160100 0.540200 0.826200
vn -0.128900 0.183300 0.974600
vn -0.095100 -0.202900 0.974600
vn -0.063900 -0.559800 0.826200
vn -0.063900 -0.559700 0.826200
vn -0.040000 -0.832800 0.552100
vn -0.040000 -0.832900 0.552000
vn -0.027100 -0.980700 0.193800
vn -0.027000 -0.980700 0.193900
vn -0.996200 -0.087200 0.000000
vn 0.996200 0.087200 0.000000
vn 0.996200 0.087100 0.000000
vn -0.996200 -0.087100 -0.000000
vn -0.196900 0.961100 -0.193900
vn -0.184000 0.813300 -0.552000
vn -0.184000 0.813300 -0.552100
vn -0.160100 0.540100 -0.826200
vn -0.160100 0.540200 -0.826200
vn -0.128900 0.183300 -0.974600
vn -0.095100 -0.202900 -0.974600
vn -0.063900 -0.559700 -0.826200
vn -0.040000 -0.832900 -0.552000
vn -0.040000 -0.832800 -0.552100
vn -0.027000 -0.980700 -0.193900
vn -0.027100 -0.980700 -0.193900
vn 0.196900 0.961100 0.193900
vn 0.196900 0.961100 0.193800
vn 0.184000 0.813300 0.552000
vn 0.160100 0.540200 0.826200
vn 0.128900 0.183300 0.974600
vn 0.095100 -0.202900 0.974600
vn 0.063900 -0.559700 0.826200
vn 0.063900 -0.559800 0.826200
vn 0.040000 -0.832900 0.552000
vn 0.040000 -0.832800 0.552100
vn 0.027000 -0.980700 0.193900
vn 0.027100 -0.980700 0.193800
vn 0.996200 -0.087200 0.000000
vn -0.996200 0.087200 0.000000
vn -0.996200 0.087100 0.000000
vn 0.996200 -0.087100 -0.000000
vn 0.196900 0.961100 -0.193900
vn 0.184000 0.813300 -0.552100
vn 0.184000 0.813300 -0.552000
vn 0.160100 0.540200 -0.826200
vn 0.160100 0.540100 -0.826200
vn 0.128900 0.183300 -0.974600
vn 0.095100 -0.202900 -0.974600
vn 0.063900 -0.559700 -0.826200
vn 0.040000 -0.832800 -0.552100
vn 0.040000 -0.832900 -0.552000
vn 0.027100 -0.980700 -0.193900
vn 0.027000 -0.980700 -0.193900
usemtl mc_001_alarm_mc_alarm
s off
f 598/140/493 600/141/493 599/142/493
f 600/141/494 598/140/494 601/143/494
f 599/142/495 603/144/495 602/145/495
f 603/144/495 599/142/495 600/141/495
f 602/145/496 605/146/496 604/147/496
f 605/146/496 602/145/496 603/144/496
f 604/147/497 607/148/497 606/149/497
f 607/148/498 604/147/498 605/146/498
f 606/149/499 609/150/499 608/151/499
f 609/150/500 606/149/500 607/148/500
f 608/151/501 611/152/501 610/153/501
f 611/152/501 608/151/501 609/150/501
f 610/153/502 613/154/502 612/155/502
f 613/154/503 610/153/503 611/152/503
f 612/155/504 615/156/504 614/157/504
f 615/156/505 612/155/505 613/154/505
f 616/158/506 618/159/506 617/160/506
f 618/159/506 616/158/506 619/161/506
f 620/162/507 622/163/507 621/164/507
f 623/165/507 625/166/507 624/167/507
f 626/166/507 628/165/507 627/168/507
f 629/169/507 631/170/507 630/171/507
f 632/169/507 634/172/507 633/170/507
f 635/169/507 637/173/507 636/172/507
f 638/174/507 640/173/507 639/169/507
f 641/173/507 643/170/507 642/172/507
f 644/174/508 646/170/508 645/173/508
f 638/174/507 648/175/507 647/170/507
f 649/176/507 651/175/507 650/174/507
f 652/176/507 654/162/507 653/175/507
f 655/162/507 657/176/507 656/163/507
f 658/171/507 660/168/507 659/169/507
f 661/168/507 663/171/507 662/166/507
f 664/177/507 666/167/507 665/178/507
f 667/167/507 669/177/507 668/165/507
f 670/177/507 672/178/507 671/179/507
f 673/180/506 675/181/506 674/182/506
f 676/183/506 616/158/506 617/160/506
f 616/158/506 676/183/506 677/184/506
f 678/185/506 680/183/506 679/186/506
f 681/183/506 683/185/506 682/184/506
f 684/186/506 686/180/506 685/185/506
f 673/180/506 687/186/506 675/181/506
f 688/187/506 690/188/506 689/189/506
f 691/188/506 693/187/506 692/190/506
f 694/188/506 696/159/506 695/161/506
f 697/159/506 699/188/506 698/190/506
f 700/187/506 702/189/506 701/191/506
f 703/192/509 705/193/509 704/194/509
f 705/193/510 703/192/510 706/195/510
f 704/194/511 708/196/511 707/197/511
f 708/196/511 704/194/511 705/193/511
f 707/197/512 710/198/512 709/199/512
f 710/198/513 707/197/513 708/196/513
f 709/199/514 712/200/514 711/201/514
f 712/200/515 709/199/515 710/198/515
f 713/195/516 715/202/516 714/193/516
f 715/202/516 713/195/516 716/203/516
f 714/193/517 718/204/517 717/196/517
f 718/204/517 714/193/517 715/202/517
f 717/196/518 720/205/518 719/198/518
f 720/205/518 717/196/518 718/204/518
f 719/198/519 722/206/519 721/200/519
f 722/206/519 719/198/519 720/205/519
f 723/207/520 725/208/520 724/209/520
f 725/208/521 723/207/521 726/210/521
f 726/210/522 727/211/522 725/208/522
f 727/211/522 726/210/522 728/212/522
f 728/212/523 729/213/523 727/211/523
f 729/213/523 728/212/523 730/214/523
f 730/214/524 731/215/524 729/213/524
f 731/215/525 730/214/525 732/216/525
f 732/216/526 733/217/526 731/215/526
f 733/217/527 732/216/527 734/218/527
f 734/218/528 735/219/528 733/217/528
f 735/219/529 734/218/529 736/220/529
f 736/220/530 737/221/530 735/219/530
f 737/221/531 736/220/531 738/222/531
f 738/222/532 724/209/532 737/221/532
f 724/209/532 738/222/532 723/207/532
f 726/210/533 723/207/533 739/223/533
f 728/212/534 726/210/534 739/223/534
f 730/214/535 728/212/535 739/223/535
f 732/216/536 730/214/536 739/223/536
f 734/218/537 732/216/537 739/223/537
f 736/220/538 734/218/538 739/223/538
f 738/222/539 736/220/539 739/223/539
f 723/207/540 738/222/540 739/223/540
f 740/207/541 742/208/541 741/209/541
f 742/208/542 740/207/542 743/210/542
f 743/210/543 744/211/543 742/208/543
f 744/211/544 743/210/544 745/212/544
f 745/212/545 746/213/545 744/211/545
f 746/213/546 745/212/546 747/214/546
f 747/214/547 748/215/547 746/213/547
f 748/215/548 747/214/548 749/216/548
f 749/216/549 750/217/549 748/215/549
f 750/217/549 749/216/549 751/218/549
f 751/218/550 752/219/550 750/217/550
f 752/219/551 751/218/551 753/220/551
f 753/220/552 754/221/552 752/219/552
f 754/221/552 753/220/552 755/222/552
f 755/222/553 741/209/553 754/221/553
f 741/209/553 755/222/553 740/207/553
f 743/210/554 740/207/554 756/223/554
f 745/212/555 743/210/555 756/223/555
f 747/214/556 745/212/556 756/223/556
f 749/216/557 747/214/557 756/223/557
f 751/218/558 749/216/558 756/223/558
f 753/220/559 751/218/559 756/223/559
f 755/222/560 753/220/560 756/223/560
f 740/207/561 755/222/561 756/223/561
f 757/207/562 759/208/562 758/209/562
f 759/208/563 757/207/563 760/210/563
f 760/210/564 761/211/564 759/208/564
f 761/211/565 760/210/565 762/212/565
f 762/212/566 763/213/566 761/211/566
f 763/213/567 762/212/567 764/214/567
f 764/214/568 765/215/568 763/213/568
f 765/215/569 764/214/569 766/216/569
f 766/216/570 767/217/570 765/215/570
f 767/217/571 766/216/571 768/218/571
f 768/218/572 769/219/572 767/217/572
f 769/219/573 768/218/573 770/220/573
f 770/220/574 771/221/574 769/219/574
f 771/221/574 770/220/574 772/222/574
f 772/222/575 758/209/575 771/221/575
f 758/209/575 772/222/575 757/207/575
f 760/210/576 757/207/576 773/223/576
f 762/212/577 760/210/577 773/223/577
f 764/214/578 762/212/578 773/223/578
f 766/216/579 764/214/579 773/223/579
f 768/218/580 766/216/580 773/223/580
f 770/220/581 768/218/581 773/223/581
f 772/222/582 770/220/582 773/223/582
f 757/207/583 772/222/583 773/223/583
f 774/224/584 776/225/584 775/226/584
f 776/225/584 774/224/584 777/227/584
f 778/228/585 780/229/585 779/230/585
f 780/229/585 778/228/585 781/231/585
f 781/231/586 776/225/586 780/229/586
f 776/225/586 781/231/586 775/226/586
f 782/232/587 779/230/587 783/233/587
f 779/230/587 782/232/587 778/228/587
f 784/234/508 786/230/508 785/235/508
f 787/230/508 789/234/508 788/233/508
f 790/226/588 792/236/588 791/224/588
f 793/236/588 795/226/588 794/237/588
f 796/225/508 798/238/508 797/229/508
f 799/238/508 801/225/508 800/239/508
f 802/228/588 804/240/588 803/231/588
f 805/240/588 807/228/588 806/241/588
f 808/229/508 810/235/508 809/230/508
f 811/235/508 813/229/508 812/238/508
f 814/231/588 816/237/588 815/226/588
f 817/237/588 819/231/588 818/240/588
f 820/227/508 822/239/508 821/225/508
f 823/239/508 825/227/508 824/242/508
f 826/243/588 828/244/588 827/245/588
f 829/244/588 831/243/588 830/232/588
f 832/244/589 783/233/589 833/246/589
f 783/233/589 832/244/589 782/232/589
f 834/247/508 836/233/508 835/234/508
f 837/233/508 839/247/508 838/246/508
f 840/241/588 842/232/588 841/243/588
f 843/232/588 845/241/588 844/228/588
f 846/224/590 848/225/590 847/227/590
f 848/225/590 846/224/590 849/226/590
f 850/228/591 852/229/591 851/231/591
f 852/229/591 850/228/591 853/230/591
f 851/231/592 848/225/592 849/226/592
f 848/225/592 851/231/592 852/229/592
f 854/232/593 853/230/593 850/228/593
f 853/230/593 854/232/593 855/233/593
f 856/234/508 858/230/508 857/233/508
f 859/230/508 861/234/508 860/235/508
f 862/226/588 864/236/588 863/237/588
f 865/236/588 867/226/588 866/224/588
f 868/225/508 870/238/508 869/239/508
f 871/238/508 873/225/508 872/229/508
f 874/228/588 876/240/588 875/241/588
f 877/240/588 879/228/588 878/231/588
f 880/229/508 882/235/508 881/238/508
f 883/235/508 885/229/508 884/230/508
f 886/231/588 888/237/588 887/240/588
f 889/237/588 891/231/588 890/226/588
f 892/227/508 894/239/508 893/242/508
f 895/239/508 897/227/508 896/225/508
f 898/243/588 900/244/588 899/232/588
f 901/244/588 903/243/588 902/245/588
f 904/244/594 855/233/594 854/232/594
f 855/233/594 904/244/594 905/246/594
f 906/247/508 908/233/508 907/246/508
f 909/233/508 911/247/508 910/234/508
f 912/241/588 914/232/588 913/228/588
f 915/232/588 917/241/588 916/243/588
f 918/207/595 920/208/595 919/209/595
f 920/208/596 918/207/596 921/210/596
f 921/210/597 922/211/597 920/208/597
f 922/211/598 921/210/598 923/212/598
f 923/212/599 924/213/599 922/211/599
f 924/213/600 923/212/600 925/214/600
f 925/214/601 926/215/601 924/213/601
f 926/215/602 925/214/602 927/216/602
f 927/216/603 928/217/603 926/215/603
f 928/217/604 927/216/604 929/218/604
f 929/218/605 930/219/605 928/217/605
f 930/219/606 929/218/606 931/220/606
f 931/220/607 932/221/607 930/219/607
f 932/221/608 931/220/608 933/222/608
f 933/222/609 919/209/609 932/221/609
f 919/209/610 933/222/610 918/207/610
f 921/210/611 918/207/611 934/223/611
f 923/212/612 921/210/612 934/223/612
f 925/214/613 923/212/613 934/223/613
f 927/216/614 925/214/614 934/223/614
f 929/218/615 927/216/615 934/223/615
f 931/220/616 929/218/616 934/223/616
f 933/222/617 931/220/617 934/223/617
f 918/207/618 933/222/618 934/223/618
f 935/207/619 937/208/619 936/209/619
f 937/208/620 935/207/620 938/210/620
f 938/210/621 939/211/621 937/208/621
f 939/211/621 938/210/621 940/212/621
f 940/212/622 941/213/622 939/211/622
f 941/213/622 940/212/622 942/214/622
f 942/214/623 943/215/623 941/213/623
f 943/215/624 942/214/624 944/216/624
f 944/216/625 945/217/625 943/215/625
f 945/217/626 944/216/626 946/218/626
f 946/218/627 947/219/627 945/217/627
f 947/219/628 946/218/628 948/220/628
f 948/220/629 949/221/629 947/219/629
f 949/221/629 948/220/629 950/222/629
f 950/222/630 936/209/630 949/221/630
f 936/209/630 950/222/630 935/207/630
f 938/210/631 935/207/631 951/223/631
f 940/212/632 938/210/632 951/223/632
f 942/214/633 940/212/633 951/223/633
f 944/216/634 942/214/634 951/223/634
f 946/218/635 944/216/635 951/223/635
f 948/220/636 946/218/636 951/223/636
f 950/222/637 948/220/637 951/223/637
f 935/207/638 950/222/638 951/223/638
f 952/207/639 954/208/639 953/209/639
f 954/208/640 952/207/640 955/210/640
f 955/210/641 956/211/641 954/208/641
f 956/211/642 955/210/642 957/212/642
f 957/212/643 958/213/643 956/211/643
f 958/213/644 957/212/644 959/214/644
f 959/214/645 960/215/645 958/213/645
f 960/215/646 959/214/646 961/216/646
f 961/216/647 962/217/647 960/215/647
f 962/217/648 961/216/648 963/218/648
f 963/218/649 964/219/649 962/217/649
f 964/219/650 963/218/650 965/220/650
f 965/220/651 966/221/651 964/219/651
f 966/221/651 965/220/651 967/222/651
f 967/222/652 953/209/652 966/221/652
f 953/209/653 967/222/653 952/207/653
f 955/210/654 952/207/654 968/223/654
f 957/212/655 955/210/655 968/223/655
f 959/214/656 957/212/656 968/223/656
f 961/216/657 959/214/657 968/223/657
f 963/218/658 961/216/658 968/223/658
f 965/220/659 963/218/659 968/223/659
f 967/222/660 965/220/660 968/223/660
f 952/207/661 967/222/661 968/223/661
f 969/207/662 971/208/662 970/209/662
f 971/208/663 969/207/663 972/210/663
f 972/210/664 973/211/664 971/208/664
f 973/211/664 972/210/664 974/212/664
f 974/212/665 975/213/665 973/211/665
f 975/213/665 974/212/665 976/214/665
f 976/214/666 977/215/666 975/213/666
f 977/215/667 976/214/667 978/216/667
f 978/216/668 979/217/668 977/215/668
f 979/217/669 978/216/669 980/218/669
f 980/218/670 981/219/670 979/217/670
f 981/219/671 980/218/671 982/220/671
f 982/220/672 983/221/672 981/219/672
f 983/221/672 982/220/672 984/222/672
f 984/222/673 970/209/673 983/221/673
f 970/209/674 984/222/674 969/207/674
f 972/210/675 969/207/675 985/223/675
f 974/212/676 972/210/676 985/223/676
f 976/214/677 974/212/677 985/223/677
f 978/216/678 976/214/678 985/223/678
f 980/218/679 978/216/679 985/223/679
f 982/220/680 980/218/680 985/223/680
f 984/222/681 982/220/681 985/223/681
f 969/207/682 984/222/682 985/223/682
f 986/207/683 988/208/683 987/209/683
f 988/208/684 986/207/684 989/210/684
f 989/210/685 990/211/685 988/208/685
f 990/211/686 989/210/686 991/212/686
f 991/212/687 992/213/687 990/211/687
f 992/213/688 991/212/688 993/214/688
f 993/214/689 994/215/689 992/213/689
f 994/215/690 993/214/690 995/216/690
f 995/216/691 996/217/691 994/215/691
f 996/217/692 995/216/692 997/218/692
f 997/218/693 998/219/693 996/217/693
f 998/219/694 997/218/694 999/220/694
f 999/220/695 1000/221/695 998/219/695
f 1000/221/695 999/220/695 1001/222/695
f 1001/222/696 987/209/696 1000/221/696
f 987/209/697 1001/222/697 986/207/697
f 989/210/698 986/207/698 1002/223/698
f 991/212/699 989/210/699 1002/223/699
f 993/214/700 991/212/700 1002/223/700
f 995/216/701 993/214/701 1002/223/701
f 997/218/702 995/216/702 1002/223/702
f 999/220/703 997/218/703 1002/223/703
f 1001/222/704 999/220/704 1002/223/704
f 986/207/705 1001/222/705 1002/223/705
f 1003/207/706 1005/208/706 1004/209/706
f 1005/208/707 1003/207/707 1006/210/707
f 1006/210/708 1007/211/708 1005/208/708
f 1007/211/709 1006/210/709 1008/212/709
f 1008/212/710 1009/213/710 1007/211/710
f 1009/213/710 1008/212/710 1010/214/710
f 1010/214/711 1011/215/711 1009/213/711
f 1011/215/711 1010/214/711 1012/216/711
f 1012/216/712 1013/217/712 1011/215/712
f 1013/217/713 1012/216/713 1014/218/713
f 1014/218/714 1015/219/714 1013/217/714
f 1015/219/715 1014/218/715 1016/220/715
f 1016/220/716 1017/221/716 1015/219/716
f 1017/221/716 1016/220/716 1018/222/716
f 1018/222/717 1004/209/717 1017/221/717
f 1004/209/717 1018/222/717 1003/207/717
f 1006/210/718 1003/207/718 1019/223/718
f 1008/212/719 1006/210/719 1019/223/719
f 1010/214/720 1008/212/720 1019/223/720
f 1012/216/721 1010/214/721 1019/223/721
f 1014/218/722 1012/216/722 1019/223/722
f 1016/220/723 1014/218/723 1019/223/723
f 1018/222/724 1016/220/724 1019/223/724
f 1003/207/725 1018/222/725 1019/223/725
f 1020/207/726 1022/208/726 1021/210/726
f 1022/208/727 1020/207/727 1023/209/727
f 1021/210/728 1025/211/728 1024/212/728
f 1025/211/729 1021/210/729 1022/208/729
f 1024/212/730 1027/213/730 1026/214/730
f 1027/213/730 1024/212/730 1025/211/730
f 1026/214/731 1029/215/731 1028/216/731
f 1029/215/731 1026/214/731 1027/213/731
f 1028/216/732 1031/217/732 1030/218/732
f 1031/217/733 1028/216/733 1029/215/733
f 1030/218/734 1033/219/734 1032/220/734
f 1033/219/735 1030/218/735 1031/217/735
f 1032/220/736 1035/221/736 1034/222/736
f 1035/221/736 1032/220/736 1033/219/736
f 1034/222/737 1023/209/737 1020/207/737
f 1023/209/737 1034/222/737 1035/221/737
f 1021/210/738 1036/223/738 1020/207/738
f 1024/212/739 1036/223/739 1021/210/739
f 1026/214/740 1036/223/740 1024/212/740
f 1028/216/741 1036/223/741 1026/214/741
f 1030/218/742 1036/223/742 1028/216/742
f 1032/220/743 1036/223/743 1030/218/743
f 1034/222/744 1036/223/744 1032/220/744
f 1020/207/745 1036/223/745 1034/222/745
f 1037/192/746 1039/193/746 1038/194/746
f 1039/193/747 1037/192/747 1040/195/747
f 1038/194/748 1042/196/748 1041/197/748
f 1042/196/748 1038/194/748 1039/193/748
f 1041/197/749 1044/198/749 1043/199/749
f 1044/198/749 1041/197/749 1042/196/749
f 1043/199/750 1046/200/750 1045/201/750
f 1046/200/751 1043/199/751 1044/198/751
f 1047/195/752 1049/202/752 1048/193/752
f 1049/202/752 1047/195/752 1050/203/752
f 1048/193/753 1052/204/753 1051/196/753
f 1052/204/753 1048/193/753 1049/202/753
f 1051/196/754 1054/205/754 1053/198/754
f 1054/205/754 1051/196/754 1052/204/754
f 1053/198/755 1056/206/755 1055/200/755
f 1056/206/755 1053/198/755 1054/205/755
f 1057/192/756 1059/193/756 1058/194/756
f 1059/193/757 1057/192/757 1060/195/757
f 1058/194/758 1062/196/758 1061/197/758
f 1062/196/759 1058/194/759 1059/193/759
f 1061/197/760 1064/198/760 1063/199/760
f 1064/198/760 1061/197/760 1062/196/760
f 1063/199/761 1066/200/761 1065/201/761
f 1066/200/762 1063/199/762 1064/198/762
f 1067/195/763 1069/202/763 1068/193/763
f 1069/202/763 1067/195/763 1070/203/763
f 1068/193/764 1072/204/764 1071/196/764
f 1072/204/764 1068/193/764 1069/202/764
f 1071/196/765 1074/205/765 1073/198/765
f 1074/205/765 1071/196/765 1072/204/765
f 1073/198/766 1076/206/766 1075/200/766
f 1076/206/766 1073/198/766 1074/205/766
f 1077/192/767 1079/193/767 1078/194/767
f 1079/193/768 1077/192/768 1080/195/768
f 1078/194/769 1082/196/769 1081/197/769
f 1082/196/769 1078/194/769 1079/193/769
f 1081/197/770 1084/198/770 1083/199/770
f 1084/198/770 1081/197/770 1082/196/770
f 1083/199/771 1086/200/771 1085/201/771
f 1086/200/772 1083/199/772 1084/198/772
f 1087/195/773 1089/202/773 1088/193/773
f 1089/202/773 1087/195/773 1090/203/773
f 1088/193/774 1092/204/774 1091/196/774
f 1092/204/774 1088/193/774 1089/202/774
f 1091/196/775 1094/205/775 1093/198/775
f 1094/205/775 1091/196/775 1092/204/775
f 1093/198/776 1096/206/776 1095/200/776
f 1096/206/776 1093/198/776 1094/205/776
f 598/140/777 1097/141/777 601/143/777
f 1097/141/778 598/140/778 1098/142/778
f 1098/142/779 1099/144/779 1097/141/779
f 1099/144/780 1098/142/780 1100/145/780
f 1100/145/781 1101/146/781 1099/144/781
f 1101/146/781 1100/145/781 1102/147/781
f 1102/147/782 1103/148/782 1101/146/782
f 1103/148/782 1102/147/782 1104/149/782
f 1104/149/783 1105/150/783 1103/148/783
f 1105/150/783 1104/149/783 1106/151/783
f 1106/151/784 1107/152/784 1105/150/784
f 1107/152/784 1106/151/784 1108/153/784
f 1108/153/785 1109/154/785 1107/152/785
f 1109/154/785 1108/153/785 1110/155/785
f 1110/155/786 615/156/786 1109/154/786
f 615/156/787 1110/155/787 614/157/787
f 1111/140/788 1113/141/788 1112/143/788
f 1113/141/789 1111/140/789 1114/142/789
f 1114/142/790 1115/144/790 1113/141/790
f 1115/144/790 1114/142/790 1116/145/790
f 1116/145/791 1117/146/791 1115/144/791
f 1117/146/791 1116/145/791 1118/147/791
f 1118/147/792 1119/148/792 1117/146/792
f 1119/148/792 1118/147/792 1120/149/792
f 1120/149/793 1121/150/793 1119/148/793
f 1121/150/793 1120/149/793 1122/151/793
f 1122/151/794 1123/152/794 1121/150/794
f 1123/152/795 1122/151/795 1124/153/795
f 1124/153/796 1125/154/796 1123/152/796
f 1125/154/797 1124/153/797 1126/155/797
f 1126/155/798 1127/156/798 1125/154/798
f 1127/156/799 1126/155/799 1128/157/799
f 1129/158/800 1131/159/800 1130/161/800
f 1132/159/800 1134/158/800 1133/160/800
f 1135/162/801 1137/164/801 1136/163/801
f 1138/165/801 1140/166/801 1139/168/801
f 1141/166/802 1143/165/802 1142/167/802
f 1144/170/802 1146/169/802 1145/171/802
f 1147/172/802 1149/169/802 1148/170/802
f 1150/173/802 1152/169/802 1151/172/802
f 1153/174/802 1155/169/802 1154/173/802
f 1156/170/508 1158/173/508 1157/172/508
f 1159/170/507 1161/174/507 1160/173/507
f 1162/175/801 1164/174/801 1163/170/801
f 1165/176/801 1167/174/801 1166/175/801
f 1168/176/801 1170/162/801 1169/163/801
f 1171/162/801 1173/176/801 1172/175/801
f 1174/171/801 1176/168/801 1175/166/801
f 1177/168/801 1179/171/801 1178/169/801
f 1180/177/801 1182/167/801 1181/165/801
f 1183/167/801 1185/177/801 1184/178/801
f 1186/177/801 1188/179/801 1187/178/801
f 1189/180/800 1191/182/800 1190/181/800
f 1192/183/800 1194/158/800 1193/184/800
f 1195/158/800 1197/183/800 1196/160/800
f 1198/185/803 1200/183/803 1199/184/803
f 1201/183/800 1203/185/800 1202/186/800
f 1204/186/800 1206/180/800 1205/181/800
f 1207/180/800 1209/186/800 1208/185/800
f 1210/187/800 1212/188/800 1211/190/800
f 1213/188/800 1215/187/800 1214/189/800
f 1216/188/803 1218/159/803 1217/190/803
f 1219/159/803 1221/188/803 1220/161/803
f 1222/187/800 1224/191/800 1223/189/800
f 1111/140/804 1226/141/804 1225/142/804
f 1226/141/804 1111/140/804 1112/143/804
f 1225/142/805 1228/144/805 1227/145/805
f 1228/144/806 1225/142/806 1226/141/806
f 1227/145/807 1230/146/807 1229/147/807
f 1230/146/808 1227/145/808 1228/144/808
f 1229/147/809 1232/148/809 1231/149/809
f 1232/148/809 1229/147/809 1230/146/809
f 1231/149/810 1234/150/810 1233/151/810
f 1234/150/810 1231/149/810 1232/148/810
f 1233/151/811 1236/152/811 1235/153/811
f 1236/152/811 1233/151/811 1234/150/811
f 1235/153/812 1238/154/812 1237/155/812
f 1238/154/813 1235/153/813 1236/152/813
f 1237/155/814 1127/156/814 1128/157/814
f 1127/156/815 1237/155/815 1238/154/815
f 1239/140/816 1241/141/816 1240/142/816
f 1241/141/817 1239/140/817 1242/143/817
f 1240/142/818 1244/144/818 1243/145/818
f 1244/144/818 1240/142/818 1241/141/818
f 1243/145/819 1246/146/819 1245/147/819
f 1246/146/819 1243/145/819 1244/144/819
f 1245/147/820 1248/148/820 1247/149/820
f 1248/148/820 1245/147/820 1246/146/820
f 1247/149/821 1250/150/821 1249/151/821
f 1250/150/821 1247/149/821 1248/148/821
f 1249/151/822 1252/152/822 1251/153/822
f 1252/152/823 1249/151/823 1250/150/823
f 1251/153/824 1254/154/824 1253/155/824
f 1254/154/825 1251/153/825 1252/152/825
f 1253/155/826 1256/156/826 1255/157/826
f 1256/156/827 1253/155/827 1254/154/827
f 1257/158/828 1259/159/828 1258/160/828
f 1260/159/828 1262/158/828 1261/161/828
f 1263/162/829 1265/163/829 1264/164/829
f 1266/165/830 1268/166/830 1267/167/830
f 1269/166/829 1271/165/829 1270/168/829
f 1272/169/830 1274/170/830 1273/171/830
f 1275/169/830 1277/172/830 1276/170/830
f 1278/169/830 1280/173/830 1279/172/830
f 1281/174/830 1283/173/830 1282/169/830
f 1284/173/508 1286/170/508 1285/172/508
f 1287/174/507 1289/170/507 1288/173/507
f 1290/174/829 1292/175/829 1291/170/829
f 1293/176/829 1295/175/829 1294/174/829
f 1296/176/829 1298/162/829 1297/175/829
f 1299/162/829 1301/176/829 1300/163/829
f 1302/171/829 1304/168/829 1303/169/829
f 1305/168/829 1307/171/829 1306/166/829
f 1308/177/829 1310/167/829 1309/178/829
f 1311/167/829 1313/177/829 1312/165/829
f 1314/177/829 1316/178/829 1315/179/829
f 1317/180/828 1319/181/828 1318/182/828
f 1320/183/828 1322/158/828 1321/160/828
f 1323/158/828 1325/183/828 1324/184/828
f 1326/185/828 1328/183/828 1327/186/828
f 1329/183/831 1331/185/831 1330/184/831
f 1332/186/828 1334/180/828 1333/185/828
f 1335/180/828 1337/186/828 1336/181/828
f 1338/187/828 1340/188/828 1339/189/828
f 1341/188/828 1343/187/828 1342/190/828
f 1344/188/831 1346/159/831 1345/161/831
f 1347/159/831 1349/188/831 1348/190/831
f 1350/187/828 1352/189/828 1351/191/828
f 1239/140/832 1353/141/832 1242/143/832
f 1353/141/832 1239/140/832 1354/142/832
f 1354/142/833 1355/144/833 1353/141/833
f 1355/144/834 1354/142/834 1356/145/834
f 1356/145/835 1357/146/835 1355/144/835
f 1357/146/836 1356/145/836 1358/147/836
f 1358/147/837 1359/148/837 1357/146/837
f 1359/148/837 1358/147/837 1360/149/837
f 1360/149/838 1361/150/838 1359/148/838
f 1361/150/838 1360/149/838 1362/151/838
f 1362/151/839 1363/152/839 1361/150/839
f 1363/152/839 1362/151/839 1364/153/839
f 1364/153/840 1365/154/840 1363/152/840
f 1365/154/841 1364/153/841 1366/155/841
f 1366/155/842 1256/156/842 1365/154/842
f 1256/156/843 1366/155/843 1255/157/843
o mc_001_alarm_0_4_mesh4
v -0.096826 0.464338 0.175399
v -0.098840 0.459476 0.167270
v -0.072384 0.454214 0.167270
v -0.072384 0.459476 0.175399
v -0.117548 0.478184 0.175399
v -0.121269 0.474463 0.167270
v -0.131393 0.498905 0.175399
v -0.136255 0.496891 0.167270
v -0.136255 0.523347 0.175399
v -0.141518 0.523347 0.167270
v -0.131393 0.547790 0.175399
v -0.136255 0.549804 0.167270
v -0.117548 0.568511 0.175399
v -0.121269 0.572232 0.167270
v -0.096826 0.582357 0.175399
v -0.098840 0.587219 0.167270
v -0.072384 0.587219 0.175399
v -0.072384 0.592481 0.167270
v -0.047941 0.582357 0.175399
v -0.045927 0.587219 0.167270
v -0.027220 0.568511 0.175399
v -0.023499 0.572232 0.167270
v -0.013374 0.547790 0.175399
v -0.008512 0.549804 0.167270
v -0.008512 0.523347 0.175399
v -0.003250 0.523347 0.167270
v -0.013374 0.498905 0.175399
v -0.008512 0.496891 0.167270
v -0.027220 0.478184 0.175399
v -0.023499 0.474463 0.167270
v -0.047941 0.464338 0.175399
v -0.045927 0.459476 0.167270
v -0.091091 0.478184 0.182291
v -0.072384 0.474463 0.182291
v -0.106951 0.488781 0.182291
v -0.117548 0.504640 0.182291
v -0.121269 0.523347 0.182291
v -0.117548 0.542055 0.182291
v -0.106951 0.557914 0.182291
v -0.091091 0.568511 0.182291
v -0.072384 0.572232 0.182291
v -0.053676 0.568511 0.182291
v -0.037817 0.557914 0.182291
v -0.027220 0.542055 0.182291
v -0.023499 0.523347 0.182291
v -0.027220 0.504640 0.182291
v -0.037817 0.488781 0.182291
v -0.053676 0.478184 0.182291
v -0.082508 0.498905 0.186895
v -0.072384 0.496891 0.186895
v -0.091091 0.504640 0.186895
v -0.096826 0.513223 0.186895
v -0.098840 0.523347 0.186895
v -0.096826 0.533472 0.186895
v -0.091091 0.542055 0.186895
v -0.082508 0.547790 0.186895
v -0.072384 0.549804 0.186895
v -0.062259 0.547790 0.186895
v -0.053676 0.542055 0.186895
v -0.047941 0.533472 0.186895
v -0.045927 0.523347 0.186895
v -0.047941 0.513223 0.186895
v -0.053676 0.504640 0.186895
v -0.062259 0.498905 0.186895
v -0.072384 0.523347 0.187536
v 0.046582 0.464338 0.175399
v 0.044568 0.459476 0.167270
v 0.071024 0.454214 0.167270
v 0.071024 0.459476 0.175399
v 0.025860 0.478184 0.175399
v 0.022139 0.474463 0.167270
v 0.012015 0.498905 0.175399
v 0.007153 0.496891 0.167270
v 0.007153 0.523347 0.175399
v 0.001890 0.523347 0.167270
v 0.012015 0.547790 0.175399
v 0.007153 0.549804 0.167270
v 0.025860 0.568511 0.175399
v 0.022139 0.572232 0.167270
v 0.046582 0.582357 0.175399
v 0.044568 0.587219 0.167270
v 0.071024 0.587219 0.175399
v 0.071024 0.592481 0.167270
v 0.095467 0.582357 0.175399
v 0.097480 0.587219 0.167270
v 0.116188 0.568511 0.175399
v 0.119909 0.572232 0.167270
v 0.130034 0.547790 0.175399
v 0.134896 0.549804 0.167270
v 0.134896 0.523347 0.175399
v 0.140158 0.523347 0.167270
v 0.130034 0.498905 0.175399
v 0.134896 0.496891 0.167270
v 0.116188 0.478184 0.175399
v 0.119909 0.474463 0.167270
v 0.095466 0.464338 0.175399
v 0.097480 0.459476 0.167270
v 0.052317 0.478184 0.182291
v 0.071024 0.474463 0.182291
v 0.036457 0.488781 0.182291
v 0.025860 0.504640 0.182291
v 0.022139 0.523347 0.182291
v 0.025860 0.542055 0.182291
v 0.036457 0.557914 0.182291
v 0.052317 0.568511 0.182291
v 0.071024 0.572232 0.182291
v 0.089732 0.568511 0.182291
v 0.105591 0.557914 0.182291
v 0.116188 0.542055 0.182291
v 0.119909 0.523347 0.182291
v 0.116188 0.504640 0.182291
v 0.105591 0.488781 0.182291
v 0.089731 0.478184 0.182291
v 0.060900 0.498905 0.186895
v 0.071024 0.496891 0.186895
v 0.052317 0.504640 0.186895
v 0.046582 0.513223 0.186895
v 0.044568 0.523347 0.186895
v 0.046582 0.533472 0.186895
v 0.052317 0.542055 0.186895
v 0.060900 0.547790 0.186895
v 0.071024 0.549804 0.186895
v 0.081148 0.547790 0.186895
v 0.089732 0.542055 0.186895
v 0.095467 0.533472 0.186895
v 0.097480 0.523347 0.186895
v 0.095467 0.513223 0.186895
v 0.089732 0.504640 0.186895
v 0.081148 0.498905 0.186895
v 0.071024 0.523347 0.187536
v 0.064682 0.508038 0.188548
v 0.064160 0.506777 0.187282
v 0.071023 0.505412 0.187282
v 0.071023 0.506777 0.188548
v 0.059306 0.511630 0.188548
v 0.058341 0.510665 0.187282
v 0.055714 0.517006 0.188548
v 0.054453 0.516484 0.187282
v 0.054453 0.523347 0.188548
v 0.053088 0.523347 0.187282
v 0.055714 0.529689 0.188548
v 0.054453 0.530211 0.187282
v 0.059306 0.535065 0.188548
v 0.058341 0.536030 0.187282
v 0.064682 0.538657 0.188548
v 0.064160 0.539918 0.187282
v 0.071023 0.539918 0.188548
v 0.071023 0.541283 0.187282
v 0.077365 0.538657 0.188549
v 0.077887 0.539918 0.187283
v 0.082740 0.535065 0.188549
v 0.083706 0.536030 0.187283
v 0.086332 0.529689 0.188549
v 0.087594 0.530211 0.187283
v 0.087594 0.523347 0.188549
v 0.088959 0.523347 0.187283
v 0.086332 0.517006 0.188549
v 0.087594 0.516484 0.187283
v 0.082740 0.511630 0.188549
v 0.083706 0.510665 0.187283
v 0.077365 0.508038 0.188549
v 0.077887 0.506777 0.187283
v 0.067614 0.515116 0.189648
v 0.071023 0.514438 0.189648
v 0.064724 0.517048 0.189648
v 0.062792 0.519938 0.189648
v 0.062114 0.523347 0.189648
v 0.062792 0.526757 0.189648
v 0.064723 0.529647 0.189648
v 0.067614 0.531579 0.189648
v 0.071023 0.532257 0.189648
v 0.074433 0.531579 0.189648
v 0.077323 0.529647 0.189648
v 0.079254 0.526757 0.189648
v 0.079933 0.523347 0.189648
v 0.079254 0.519938 0.189648
v 0.077323 0.517048 0.189648
v 0.074433 0.515116 0.189648
v 0.071023 0.514438 0.189648
v 0.071023 0.523347 0.191302
v 0.067614 0.515116 0.189648
v 0.064724 0.517048 0.189648
v 0.062792 0.519938 0.189648
v 0.062114 0.523347 0.189648
v 0.062792 0.526757 0.189648
v 0.064723 0.529647 0.189648
v 0.067614 0.531579 0.189648
v 0.071023 0.532257 0.189648
v 0.074433 0.531579 0.189648
v 0.077323 0.529647 0.189648
v 0.079254 0.526757 0.189648
v 0.079933 0.523347 0.189648
v 0.079254 0.519938 0.189648
v 0.077323 0.517048 0.189648
v 0.074433 0.515116 0.189648
v -0.078724 0.508038 0.188549
v -0.079247 0.506777 0.187283
v -0.072383 0.505412 0.187283
v -0.072383 0.506777 0.188549
v -0.084100 0.511630 0.188549
v -0.085065 0.510665 0.187283
v -0.087692 0.517006 0.188549
v -0.088953 0.516484 0.187283
v -0.088953 0.523347 0.188549
v -0.090319 0.523347 0.187283
v -0.087692 0.529689 0.188549
v -0.088953 0.530211 0.187283
v -0.084100 0.535065 0.188549
v -0.085065 0.536030 0.187283
v -0.078724 0.538657 0.188549
v -0.079247 0.539918 0.187283
v -0.072383 0.539918 0.188549
v -0.072383 0.541283 0.187283
v -0.066042 0.538657 0.188548
v -0.065519 0.539918 0.187282
v -0.060666 0.535065 0.188548
v -0.059700 0.536030 0.187282
v -0.057074 0.529689 0.188548
v -0.055813 0.530211 0.187282
v -0.055812 0.523347 0.188548
v -0.054447 0.523347 0.187282
v -0.057074 0.517006 0.188548
v -0.055813 0.516484 0.187282
v -0.060666 0.511630 0.188548
v -0.059700 0.510665 0.187282
v -0.066042 0.508038 0.188548
v -0.065519 0.506777 0.187282
v -0.075792 0.515116 0.189648
v -0.072383 0.514438 0.189648
v -0.078683 0.517048 0.189649
v -0.080614 0.519938 0.189649
v -0.081292 0.523347 0.189649
v -0.080614 0.526757 0.189649
v -0.078683 0.529647 0.189649
v -0.075792 0.531579 0.189648
v -0.072383 0.532257 0.189648
v -0.068973 0.531579 0.189648
v -0.066083 0.529647 0.189648
v -0.064152 0.526757 0.189648
v -0.063474 0.523347 0.189648
v -0.064152 0.519938 0.189648
v -0.066083 0.517048 0.189648
v -0.068973 0.515116 0.189648
v -0.072383 0.514438 0.189648
v -0.072383 0.523347 0.191302
v -0.075792 0.515116 0.189648
v -0.078683 0.517048 0.189649
v -0.080614 0.519938 0.189649
v -0.081292 0.523347 0.189649
v -0.080614 0.526757 0.189649
v -0.078683 0.529647 0.189649
v -0.075792 0.531579 0.189648
v -0.072383 0.532257 0.189648
v -0.068973 0.531579 0.189648
v -0.066083 0.529647 0.189648
v -0.064152 0.526757 0.189648
v -0.063474 0.523347 0.189648
v -0.064152 0.519938 0.189648
v -0.066083 0.517048 0.189648
v -0.068973 0.515116 0.189648
vt 0.421475 0.349083
vt 0.433167 0.342086
vt 0.419678 0.344760
vt 0.433167 0.346766
vt 0.411563 0.355683
vt 0.408242 0.352374
vt 0.404940 0.365561
vt 0.400601 0.363770
vt 0.402614 0.377212
vt 0.397918 0.377212
vt 0.404940 0.388863
vt 0.400601 0.390654
vt 0.411563 0.398741
vt 0.408242 0.402050
vt 0.421475 0.405341
vt 0.419678 0.409665
vt 0.433167 0.407658
vt 0.433167 0.412338
vt 0.444860 0.405341
vt 0.446657 0.409665
vt 0.454772 0.398741
vt 0.458093 0.402050
vt 0.461395 0.388863
vt 0.465734 0.390654
vt 0.463721 0.377212
vt 0.468417 0.377212
vt 0.461395 0.365561
vt 0.465734 0.363770
vt 0.454772 0.355683
vt 0.458093 0.352374
vt 0.444859 0.349083
vt 0.446657 0.344759
vt 0.424520 0.356409
vt 0.433167 0.354696
vt 0.417190 0.361291
vt 0.412292 0.368595
vt 0.410572 0.377212
vt 0.412292 0.385829
vt 0.417190 0.393134
vt 0.424520 0.398015
vt 0.433167 0.399729
vt 0.441814 0.398015
vt 0.449145 0.393134
vt 0.454043 0.385829
vt 0.455763 0.377212
vt 0.454043 0.368595
vt 0.449145 0.361291
vt 0.441814 0.356409
vt 0.428567 0.366145
vt 0.433167 0.365233
vt 0.424667 0.368741
vt 0.422061 0.372628
vt 0.421146 0.377212
vt 0.422061 0.381796
vt 0.424667 0.385683
vt 0.428567 0.388280
vt 0.433167 0.389192
vt 0.437768 0.388280
vt 0.441668 0.385683
vt 0.444274 0.381796
vt 0.445189 0.377212
vt 0.444274 0.372628
vt 0.441668 0.368741
vt 0.437768 0.366145
vt 0.433167 0.377212
vt 0.493806 0.349033
vt 0.505498 0.342036
vt 0.492009 0.344709
vt 0.505498 0.346715
vt 0.483894 0.355633
vt 0.480573 0.352324
vt 0.477271 0.365511
vt 0.472932 0.363720
vt 0.474945 0.377162
vt 0.470249 0.377162
vt 0.477271 0.388813
vt 0.472932 0.390604
vt 0.483894 0.398691
vt 0.480573 0.402000
vt 0.493806 0.405291
vt 0.492009 0.409614
vt 0.505498 0.407608
vt 0.505498 0.412288
vt 0.517190 0.405291
vt 0.518988 0.409614
vt 0.527102 0.398691
vt 0.530423 0.402000
vt 0.533726 0.388813
vt 0.538064 0.390604
vt 0.536051 0.377162
vt 0.540748 0.377162
vt 0.533726 0.365510
vt 0.538064 0.363720
vt 0.527102 0.355633
vt 0.530423 0.352324
vt 0.517190 0.349033
vt 0.518988 0.344709
vt 0.496851 0.356359
vt 0.505498 0.354645
vt 0.489521 0.361240
vt 0.484623 0.368545
vt 0.482903 0.377162
vt 0.484623 0.385779
vt 0.489521 0.393084
vt 0.496851 0.397964
vt 0.505498 0.399678
vt 0.514145 0.397964
vt 0.521475 0.393084
vt 0.526374 0.385779
vt 0.528094 0.377162
vt 0.526374 0.368545
vt 0.521475 0.361240
vt 0.514145 0.356359
vt 0.500898 0.366094
vt 0.505498 0.365182
vt 0.496998 0.368691
vt 0.494392 0.372578
vt 0.493477 0.377162
vt 0.494392 0.381746
vt 0.496998 0.385633
vt 0.500898 0.388230
vt 0.505498 0.389141
vt 0.510098 0.388230
vt 0.513999 0.385633
vt 0.516604 0.381746
vt 0.517520 0.377162
vt 0.516604 0.372578
vt 0.513999 0.368691
vt 0.510098 0.366094
vt 0.505498 0.377162
vt 0.457707 0.415073
vt 0.470266 0.409213
vt 0.456421 0.411959
vt 0.470266 0.412579
vt 0.447082 0.422162
vt 0.444697 0.419769
vt 0.440006 0.432737
vt 0.436877 0.431437
vt 0.437526 0.445186
vt 0.434134 0.445185
vt 0.440006 0.457633
vt 0.436877 0.458933
vt 0.447082 0.468209
vt 0.444697 0.470602
vt 0.457706 0.475297
vt 0.456421 0.478412
vt 0.470266 0.477791
vt 0.470266 0.481157
vt 0.482824 0.475297
vt 0.484111 0.478412
vt 0.493449 0.468209
vt 0.495834 0.470602
vt 0.500526 0.457633
vt 0.503654 0.458933
vt 0.503005 0.445185
vt 0.506397 0.445185
vt 0.500526 0.432737
vt 0.503654 0.431437
vt 0.493449 0.422162
vt 0.495834 0.419769
vt 0.482825 0.415073
vt 0.484111 0.411959
vt 0.463497 0.428962
vt 0.470267 0.427615
vt 0.457776 0.432785
vt 0.453968 0.438483
vt 0.452634 0.445184
vt 0.453967 0.451885
vt 0.457773 0.457583
vt 0.463494 0.461408
vt 0.470264 0.462755
vt 0.477034 0.461408
vt 0.482756 0.457585
vt 0.486563 0.451888
vt 0.487897 0.445187
vt 0.486565 0.438486
vt 0.482758 0.432787
vt 0.477037 0.428963
vt 0.470516 0.443695
vt 0.470044 0.443789
vt 0.470516 0.444919
vt 0.469646 0.444055
vt 0.469380 0.444452
vt 0.469287 0.444919
vt 0.469380 0.445386
vt 0.469646 0.445783
vt 0.470044 0.446049
vt 0.470516 0.446143
vt 0.470988 0.446049
vt 0.471386 0.445783
vt 0.471651 0.445386
vt 0.471744 0.444919
vt 0.471652 0.444452
vt 0.471386 0.444055
vt 0.470988 0.443789
vt 0.470058 0.443791
vt 0.469660 0.444057
vt 0.469659 0.445785
vt 0.470058 0.446052
vt 0.471001 0.446052
vt 0.471758 0.444922
vn 0.164700 0.828000 -0.536000
vn 0.469000 0.701900 -0.536000
vn 0.701900 0.469000 -0.536000
vn 0.828000 0.164700 -0.536000
vn 0.828000 -0.164700 -0.536000
vn 0.828000 -0.164700 -0.536100
vn 0.701900 -0.469000 -0.536000
vn 0.469000 -0.701900 -0.536000
vn 0.164700 -0.828000 -0.536000
vn -0.164700 -0.828000 -0.536000
vn -0.469000 -0.701900 -0.536000
vn -0.701900 -0.469000 -0.536000
vn -0.828000 -0.164700 -0.536000
vn -0.828000 0.164700 -0.536000
vn -0.701900 0.469000 -0.536000
vn -0.469000 0.701900 -0.536000
vn -0.164700 0.828000 -0.536000
vn 0.082800 0.416400 -0.905400
vn 0.235900 0.353000 -0.905400
vn 0.353000 0.235900 -0.905400
vn 0.416400 0.082800 -0.905400
vn 0.416400 -0.082800 -0.905400
vn 0.353000 -0.235900 -0.905400
vn 0.235900 -0.353000 -0.905400
vn 0.082800 -0.416400 -0.905400
vn -0.082800 -0.416400 -0.905400
vn -0.235900 -0.353000 -0.905400
vn -0.353000 -0.235900 -0.905400
vn -0.416400 -0.082800 -0.905400
vn -0.416400 0.082800 -0.905400
vn -0.353000 0.235900 -0.905400
vn -0.235900 0.353000 -0.905400
vn -0.082800 0.416400 -0.905400
vn 0.040000 0.200900 -0.978800
vn 0.113800 0.170300 -0.978800
vn 0.170300 0.113800 -0.978800
vn 0.200900 0.040000 -0.978800
vn 0.200900 -0.040000 -0.978800
vn 0.170300 -0.113800 -0.978800
vn 0.113800 -0.170300 -0.978800
vn 0.040000 -0.200900 -0.978800
vn -0.040000 -0.200900 -0.978800
vn -0.113800 -0.170300 -0.978800
vn -0.170300 -0.113800 -0.978800
vn -0.200900 -0.040000 -0.978800
vn -0.200900 0.040000 -0.978800
vn -0.170300 0.113800 -0.978800
vn -0.113800 0.170300 -0.978800
vn -0.040000 0.200900 -0.978800
vn 0.004800 0.024200 -0.999700
vn 0.013700 0.020500 -0.999700
vn 0.020500 0.013700 -0.999700
vn 0.024200 0.004800 -0.999700
vn 0.024200 -0.004800 -0.999700
vn 0.020500 -0.013700 -0.999700
vn 0.013700 -0.020500 -0.999700
vn 0.004800 -0.024200 -0.999700
vn -0.004800 -0.024200 -0.999700
vn -0.013700 -0.020500 -0.999700
vn -0.020500 -0.013700 -0.999700
vn -0.024200 -0.004800 -0.999700
vn -0.024200 0.004800 -0.999700
vn -0.020500 0.013700 -0.999700
vn -0.013700 0.020500 -0.999700
vn -0.004800 0.024200 -0.999700
vn -0.200900 -0.039900 -0.978800
vn -0.200900 0.039900 -0.978800
vn 0.134000 0.673900 -0.726500
vn 0.134000 0.673900 -0.726600
vn 0.381800 0.571400 -0.726500
vn 0.571400 0.381800 -0.726500
vn 0.673900 0.134000 -0.726600
vn 0.673900 0.134000 -0.726500
vn 0.673900 -0.134000 -0.726500
vn 0.673900 -0.134000 -0.726600
vn 0.571300 -0.381700 -0.726500
vn 0.571400 -0.381800 -0.726500
vn 0.381800 -0.571400 -0.726500
vn 0.381700 -0.571400 -0.726500
vn 0.134000 -0.673900 -0.726600
vn 0.134000 -0.674000 -0.726500
vn -0.133900 -0.674000 -0.726500
vn -0.133900 -0.673900 -0.726600
vn -0.381700 -0.571200 -0.726600
vn -0.381800 -0.571300 -0.726500
vn -0.571200 -0.381600 -0.726700
vn -0.673900 -0.134000 -0.726600
vn -0.673700 -0.134000 -0.726800
vn -0.673700 0.134000 -0.726800
vn -0.673900 0.134100 -0.726600
vn -0.571200 0.381600 -0.726700
vn -0.381800 0.571400 -0.726500
vn -0.381700 0.571200 -0.726700
vn -0.133900 0.673900 -0.726600
vn -0.133900 0.674000 -0.726500
vn 0.028300 0.142100 -0.989500
vn 0.080500 0.120400 -0.989500
vn 0.120400 0.080500 -0.989500
vn 0.142100 0.028300 -0.989500
vn 0.142100 -0.028200 -0.989500
vn 0.120400 -0.080500 -0.989500
vn 0.080500 -0.120400 -0.989500
vn 0.028300 -0.142100 -0.989500
vn -0.028100 -0.142000 -0.989500
vn -0.028200 -0.142100 -0.989500
vn -0.080400 -0.120300 -0.989500
vn -0.120300 -0.080400 -0.989500
vn -0.141900 -0.028200 -0.989500
vn -0.141900 -0.028300 -0.989500
vn -0.141900 0.028200 -0.989500
vn -0.141900 0.028300 -0.989500
vn -0.120300 0.080400 -0.989500
vn -0.080400 0.120300 -0.989500
vn -0.028100 0.142100 -0.989500
vn -0.028200 0.141900 -0.989500
vn 0.036300 0.182400 -0.982600
vn 0.103400 0.154600 -0.982600
vn 0.154600 0.103400 -0.982600
vn 0.182400 0.036300 -0.982600
vn 0.182400 -0.036300 -0.982600
vn 0.154600 -0.103300 -0.982600
vn 0.103300 -0.154600 -0.982600
vn 0.036300 -0.182400 -0.982600
vn -0.036300 -0.182400 -0.982600
vn -0.103400 -0.154600 -0.982600
vn -0.154600 -0.103300 -0.982600
vn -0.182400 -0.036300 -0.982600
vn -0.182400 0.036300 -0.982600
vn -0.154600 0.103300 -0.982600
vn -0.103400 0.154600 -0.982600
vn -0.036300 0.182400 -0.982600
vn 0.381800 0.571300 -0.726500
vn 0.381700 0.571200 -0.726700
vn 0.571300 0.381800 -0.726500
vn 0.673600 0.134100 -0.726800
vn 0.673900 -0.134100 -0.726500
vn 0.673600 -0.133900 -0.726800
vn 0.381700 -0.571200 -0.726600
vn -0.134100 -0.673800 -0.726600
vn -0.134100 -0.673900 -0.726600
vn -0.571400 -0.381700 -0.726500
vn -0.673900 -0.134100 -0.726600
vn -0.673900 -0.134100 -0.726500
vn -0.673900 0.134100 -0.726500
vn -0.571400 0.381800 -0.726500
vn -0.381700 0.571200 -0.726600
vn -0.134100 0.673900 -0.726600
vn 0.028200 0.141900 -0.989500
vn 0.080100 0.120400 -0.989500
vn 0.080400 -0.120300 -0.989500
vn 0.080300 -0.120600 -0.989400
vn 0.028200 -0.141900 -0.989500
vn -0.028400 -0.142000 -0.989500
vn -0.028200 -0.141900 -0.989500
vn -0.080500 -0.120400 -0.989500
vn -0.120400 -0.080500 -0.989500
vn -0.142100 -0.028300 -0.989500
vn -0.142100 -0.028200 -0.989500
vn -0.142100 0.028300 -0.989500
vn -0.120400 0.080500 -0.989500
vn -0.080500 0.120400 -0.989500
vn -0.028400 0.141900 -0.989500
vn -0.028200 0.142100 -0.989500
vn 0.103100 0.154700 -0.982600
vn 0.154500 0.103300 -0.982600
vn 0.182300 0.036300 -0.982600
vn 0.182300 -0.036200 -0.982600
vn 0.103100 -0.154700 -0.982600
usemtl mc_001_alarm_eyes
s off
f 1367/248/844 1369/249/844 1368/250/844
f 1369/249/844 1367/248/844 1370/251/844
f 1371/252/845 1368/250/845 1372/253/845
f 1368/250/845 1371/252/845 1367/248/845
f 1373/254/846 1372/253/846 1374/255/846
f 1372/253/846 1373/254/846 1371/252/846
f 1375/256/847 1374/255/847 1376/257/847
f 1374/255/847 1375/256/847 1373/254/847
f 1377/258/848 1376/257/848 1378/259/848
f 1376/257/849 1377/258/849 1375/256/849
f 1379/260/850 1378/259/850 1380/261/850
f 1378/259/850 1379/260/850 1377/258/850
f 1381/262/851 1380/261/851 1382/263/851
f 1380/261/851 1381/262/851 1379/260/851
f 1383/264/852 1382/263/852 1384/265/852
f 1382/263/852 1383/264/852 1381/262/852
f 1385/266/853 1384/265/853 1386/267/853
f 1384/265/853 1385/266/853 1383/264/853
f 1387/268/854 1386/267/854 1388/269/854
f 1386/267/854 1387/268/854 1385/266/854
f 1389/270/855 1388/269/855 1390/271/855
f 1388/269/855 1389/270/855 1387/268/855
f 1391/272/856 1390/271/856 1392/273/856
f 1390/271/856 1391/272/856 1389/270/856
f 1393/274/857 1392/273/857 1394/275/857
f 1392/273/857 1393/274/857 1391/272/857
f 1395/276/858 1394/275/858 1396/277/858
f 1394/275/858 1395/276/858 1393/274/858
f 1397/278/859 1396/277/859 1398/279/859
f 1396/277/859 1397/278/859 1395/276/859
f 1370/251/860 1398/279/860 1369/249/860
f 1398/279/860 1370/251/860 1397/278/860
f 1399/280/861 1370/251/861 1367/248/861
f 1370/251/861 1399/280/861 1400/281/861
f 1401/282/862 1367/248/862 1371/252/862
f 1367/248/862 1401/282/862 1399/280/862
f 1402/283/863 1371/252/863 1373/254/863
f 1371/252/863 1402/283/863 1401/282/863
f 1403/284/864 1373/254/864 1375/256/864
f 1373/254/864 1403/284/864 1402/283/864
f 1404/285/865 1375/256/865 1377/258/865
f 1375/256/865 1404/285/865 1403/284/865
f 1405/286/866 1377/258/866 1379/260/866
f 1377/258/866 1405/286/866 1404/285/866
f 1406/287/867 1379/260/867 1381/262/867
f 1379/260/867 1406/287/867 1405/286/867
f 1407/288/868 1381/262/868 1383/264/868
f 1381/262/868 1407/288/868 1406/287/868
f 1408/289/869 1383/264/869 1385/266/869
f 1383/264/869 1408/289/869 1407/288/869
f 1409/290/870 1385/266/870 1387/268/870
f 1385/266/870 1409/290/870 1408/289/870
f 1410/291/871 1387/268/871 1389/270/871
f 1387/268/871 1410/291/871 1409/290/871
f 1411/292/872 1389/270/872 1391/272/872
f 1389/270/872 1411/292/872 1410/291/872
f 1412/293/873 1391/272/873 1393/274/873
f 1391/272/873 1412/293/873 1411/292/873
f 1413/294/874 1393/274/874 1395/276/874
f 1393/274/874 1413/294/874 1412/293/874
f 1414/295/875 1395/276/875 1397/278/875
f 1395/276/875 1414/295/875 1413/294/875
f 1400/281/876 1397/278/876 1370/251/876
f 1397/278/876 1400/281/876 1414/295/876
f 1415/296/877 1400/281/877 1399/280/877
f 1400/281/877 1415/296/877 1416/297/877
f 1417/298/878 1399/280/878 1401/282/878
f 1399/280/878 1417/298/878 1415/296/878
f 1418/299/879 1401/282/879 1402/283/879
f 1401/282/879 1418/299/879 1417/298/879
f 1419/300/880 1402/283/880 1403/284/880
f 1402/283/880 1419/300/880 1418/299/880
f 1420/301/881 1403/284/881 1404/285/881
f 1403/284/881 1420/301/881 1419/300/881
f 1421/302/882 1404/285/882 1405/286/882
f 1404/285/882 1421/302/882 1420/301/882
f 1422/303/883 1405/286/883 1406/287/883
f 1405/286/883 1422/303/883 1421/302/883
f 1423/304/884 1406/287/884 1407/288/884
f 1406/287/884 1423/304/884 1422/303/884
f 1424/305/885 1407/288/885 1408/289/885
f 1407/288/885 1424/305/885 1423/304/885
f 1425/306/886 1408/289/886 1409/290/886
f 1408/289/886 1425/306/886 1424/305/886
f 1426/307/887 1409/290/887 1410/291/887
f 1409/290/887 1426/307/887 1425/306/887
f 1427/308/888 1410/291/888 1411/292/888
f 1410/291/888 1427/308/888 1426/307/888
f 1428/309/889 1411/292/889 1412/293/889
f 1411/292/889 1428/309/889 1427/308/889
f 1429/310/890 1412/293/890 1413/294/890
f 1412/293/890 1429/310/890 1428/309/890
f 1430/311/891 1413/294/891 1414/295/891
f 1413/294/891 1430/311/891 1429/310/891
f 1416/297/892 1414/295/892 1400/281/892
f 1414/295/892 1416/297/892 1430/311/892
f 1431/312/893 1416/297/893 1415/296/893
f 1431/312/894 1415/296/894 1417/298/894
f 1431/312/895 1417/298/895 1418/299/895
f 1431/312/896 1418/299/896 1419/300/896
f 1431/312/897 1419/300/897 1420/301/897
f 1431/312/898 1420/301/898 1421/302/898
f 1431/312/899 1421/302/899 1422/303/899
f 1431/312/900 1422/303/900 1423/304/900
f 1431/312/901 1423/304/901 1424/305/901
f 1431/312/902 1424/305/902 1425/306/902
f 1431/312/903 1425/306/903 1426/307/903
f 1431/312/904 1426/307/904 1427/308/904
f 1431/312/905 1427/308/905 1428/309/905
f 1431/312/906 1428/309/906 1429/310/906
f 1431/312/907 1429/310/907 1430/311/907
f 1431/312/908 1430/311/908 1416/297/908
f 1432/313/844 1434/314/844 1433/315/844
f 1434/314/844 1432/313/844 1435/316/844
f 1436/317/845 1433/315/845 1437/318/845
f 1433/315/845 1436/317/845 1432/313/845
f 1438/319/846 1437/318/846 1439/320/846
f 1437/318/846 1438/319/846 1436/317/846
f 1440/321/847 1439/320/847 1441/322/847
f 1439/320/847 1440/321/847 1438/319/847
f 1442/323/848 1441/322/848 1443/324/848
f 1441/322/849 1442/323/849 1440/321/849
f 1444/325/850 1443/324/850 1445/326/850
f 1443/324/850 1444/325/850 1442/323/850
f 1446/327/851 1445/326/851 1447/328/851
f 1445/326/851 1446/327/851 1444/325/851
f 1448/329/852 1447/328/852 1449/330/852
f 1447/328/852 1448/329/852 1446/327/852
f 1450/331/853 1449/330/853 1451/332/853
f 1449/330/853 1450/331/853 1448/329/853
f 1452/333/854 1451/332/854 1453/334/854
f 1451/332/854 1452/333/854 1450/331/854
f 1454/335/855 1453/334/855 1455/336/855
f 1453/334/855 1454/335/855 1452/333/855
f 1456/337/856 1455/336/856 1457/338/856
f 1455/336/856 1456/337/856 1454/335/856
f 1458/339/857 1457/338/857 1459/340/857
f 1457/338/857 1458/339/857 1456/337/857
f 1460/341/858 1459/340/858 1461/342/858
f 1459/340/858 1460/341/858 1458/339/858
f 1462/343/859 1461/342/859 1463/344/859
f 1461/342/859 1462/343/859 1460/341/859
f 1435/316/860 1463/344/860 1434/314/860
f 1463/344/860 1435/316/860 1462/343/860
f 1464/345/861 1435/316/861 1432/313/861
f 1435/316/861 1464/345/861 1465/346/861
f 1466/347/862 1432/313/862 1436/317/862
f 1432/313/862 1466/347/862 1464/345/862
f 1467/348/863 1436/317/863 1438/319/863
f 1436/317/863 1467/348/863 1466/347/863
f 1468/349/864 1438/319/864 1440/321/864
f 1438/319/864 1468/349/864 1467/348/864
f 1469/350/865 1440/321/865 1442/323/865
f 1440/321/865 1469/350/865 1468/349/865
f 1470/351/866 1442/323/866 1444/325/866
f 1442/323/866 1470/351/866 1469/350/866
f 1471/352/867 1444/325/867 1446/327/867
f 1444/325/867 1471/352/867 1470/351/867
f 1472/353/868 1446/327/868 1448/329/868
f 1446/327/868 1472/353/868 1471/352/868
f 1473/354/869 1448/329/869 1450/331/869
f 1448/329/869 1473/354/869 1472/353/869
f 1474/355/870 1450/331/870 1452/333/870
f 1450/331/870 1474/355/870 1473/354/870
f 1475/356/871 1452/333/871 1454/335/871
f 1452/333/871 1475/356/871 1474/355/871
f 1476/357/872 1454/335/872 1456/337/872
f 1454/335/872 1476/357/872 1475/356/872
f 1477/358/873 1456/337/873 1458/339/873
f 1456/337/873 1477/358/873 1476/357/873
f 1478/359/874 1458/339/874 1460/341/874
f 1458/339/874 1478/359/874 1477/358/874
f 1479/360/875 1460/341/875 1462/343/875
f 1460/341/875 1479/360/875 1478/359/875
f 1465/346/876 1462/343/876 1435/316/876
f 1462/343/876 1465/346/876 1479/360/876
f 1480/361/877 1465/346/877 1464/345/877
f 1465/346/877 1480/361/877 1481/362/877
f 1482/363/878 1464/345/878 1466/347/878
f 1464/345/878 1482/363/878 1480/361/878
f 1483/364/879 1466/347/879 1467/348/879
f 1466/347/879 1483/364/879 1482/363/879
f 1484/365/880 1467/348/880 1468/349/880
f 1467/348/880 1484/365/880 1483/364/880
f 1485/366/881 1468/349/881 1469/350/881
f 1468/349/881 1485/366/881 1484/365/881
f 1486/367/882 1469/350/882 1470/351/882
f 1469/350/882 1486/367/882 1485/366/882
f 1487/368/883 1470/351/883 1471/352/883
f 1470/351/883 1487/368/883 1486/367/883
f 1488/369/884 1471/352/884 1472/353/884
f 1471/352/884 1488/369/884 1487/368/884
f 1489/370/885 1472/353/885 1473/354/885
f 1472/353/885 1489/370/885 1488/369/885
f 1490/371/886 1473/354/886 1474/355/886
f 1473/354/886 1490/371/886 1489/370/886
f 1491/372/887 1474/355/887 1475/356/887
f 1474/355/887 1491/372/887 1490/371/887
f 1492/373/888 1475/356/888 1476/357/888
f 1475/356/909 1492/373/909 1491/372/909
f 1493/374/889 1476/357/889 1477/358/889
f 1476/357/910 1493/374/910 1492/373/910
f 1494/375/890 1477/358/890 1478/359/890
f 1477/358/890 1494/375/890 1493/374/890
f 1495/376/891 1478/359/891 1479/360/891
f 1478/359/891 1495/376/891 1494/375/891
f 1481/362/892 1479/360/892 1465/346/892
f 1479/360/892 1481/362/892 1495/376/892
f 1496/377/893 1481/362/893 1480/361/893
f 1496/377/894 1480/361/894 1482/363/894
f 1496/377/895 1482/363/895 1483/364/895
f 1496/377/896 1483/364/896 1484/365/896
f 1496/377/897 1484/365/897 1485/366/897
f 1496/377/898 1485/366/898 1486/367/898
f 1496/377/899 1486/367/899 1487/368/899
f 1496/377/900 1487/368/900 1488/369/900
f 1496/377/901 1488/369/901 1489/370/901
f 1496/377/902 1489/370/902 1490/371/902
f 1496/377/903 1490/371/903 1491/372/903
f 1496/377/904 1491/372/904 1492/373/904
f 1496/377/905 1492/373/905 1493/374/905
f 1496/377/906 1493/374/906 1494/375/906
f 1496/377/907 1494/375/907 1495/376/907
f 1496/377/908 1495/376/908 1481/362/908
f 1497/378/911 1499/379/911 1498/380/911
f 1499/379/912 1497/378/912 1500/381/912
f 1501/382/913 1498/380/913 1502/383/913
f 1498/380/913 1501/382/913 1497/378/913
f 1503/384/914 1502/383/914 1504/385/914
f 1502/383/914 1503/384/914 1501/382/914
f 1505/386/915 1504/385/915 1506/387/915
f 1504/385/916 1505/386/916 1503/384/916
f 1507/388/917 1506/387/917 1508/389/917
f 1506/387/918 1507/388/918 1505/386/918
f 1509/390/919 1508/389/919 1510/391/919
f 1508/389/920 1509/390/920 1507/388/920
f 1511/392/921 1510/391/921 1512/393/921
f 1510/391/922 1511/392/922 1509/390/922
f 1513/394/923 1512/393/923 1514/395/923
f 1512/393/924 1513/394/924 1511/392/924
f 1515/396/925 1514/395/925 1516/397/925
f 1514/395/926 1515/396/926 1513/394/926
f 1517/398/927 1516/397/927 1518/399/927
f 1516/397/928 1517/398/928 1515/396/928
f 1519/400/929 1518/399/929 1520/401/929
f 1518/399/929 1519/400/929 1517/398/929
f 1521/402/930 1520/401/930 1522/403/930
f 1520/401/931 1521/402/931 1519/400/931
f 1523/404/932 1522/403/932 1524/405/932
f 1522/403/933 1523/404/933 1521/402/933
f 1525/406/934 1524/405/934 1526/407/934
f 1524/405/934 1525/406/934 1523/404/934
f 1527/408/935 1526/407/935 1528/409/935
f 1526/407/936 1527/408/936 1525/406/936
f 1500/381/937 1528/409/937 1499/379/937
f 1528/409/938 1500/381/938 1527/408/938
f 1529/410/939 1500/381/939 1497/378/939
f 1500/381/939 1529/410/939 1530/411/939
f 1531/412/940 1497/378/940 1501/382/940
f 1497/378/940 1531/412/940 1529/410/940
f 1532/413/941 1501/382/941 1503/384/941
f 1501/382/941 1532/413/941 1531/412/941
f 1533/414/942 1503/384/942 1505/386/942
f 1503/384/942 1533/414/942 1532/413/942
f 1534/415/943 1505/386/943 1507/388/943
f 1505/386/943 1534/415/943 1533/414/943
f 1535/416/944 1507/388/944 1509/390/944
f 1507/388/944 1535/416/944 1534/415/944
f 1536/417/945 1509/390/945 1511/392/945
f 1509/390/945 1536/417/945 1535/416/945
f 1537/418/946 1511/392/946 1513/394/946
f 1511/392/946 1537/418/946 1536/417/946
f 1538/419/947 1513/394/947 1515/396/947
f 1513/394/948 1538/419/948 1537/418/948
f 1539/420/949 1515/396/949 1517/398/949
f 1515/396/949 1539/420/949 1538/419/949
f 1540/421/950 1517/398/950 1519/400/950
f 1517/398/950 1540/421/950 1539/420/950
f 1541/422/951 1519/400/951 1521/402/951
f 1519/400/952 1541/422/952 1540/421/952
f 1542/423/953 1521/402/953 1523/404/953
f 1521/402/954 1542/423/954 1541/422/954
f 1543/424/955 1523/404/955 1525/406/955
f 1523/404/955 1543/424/955 1542/423/955
f 1544/425/956 1525/406/956 1527/408/956
f 1525/406/956 1544/425/956 1543/424/956
f 1530/411/957 1527/408/957 1500/381/957
f 1527/408/958 1530/411/958 1544/425/958
f 1545/426/959 1547/427/959 1546/428/959
f 1547/427/960 1548/429/960 1546/428/960
f 1548/429/961 1549/430/961 1546/428/961
f 1549/430/962 1550/431/962 1546/428/962
f 1550/431/963 1551/432/963 1546/428/963
f 1551/432/964 1552/433/964 1546/428/964
f 1552/433/965 1553/434/965 1546/428/965
f 1553/434/966 1554/435/966 1546/428/966
f 1554/435/967 1555/436/967 1546/428/967
f 1555/436/968 1556/437/968 1546/428/968
f 1556/437/969 1557/438/969 1546/428/969
f 1557/438/970 1558/439/970 1546/428/970
f 1558/439/971 1559/440/971 1546/428/971
f 1559/440/972 1560/441/972 1546/428/972
f 1560/441/973 1561/442/973 1546/428/973
f 1561/442/974 1545/426/974 1546/428/974
f 1562/378/912 1564/379/912 1563/380/912
f 1564/379/912 1562/378/912 1565/381/912
f 1566/382/975 1563/380/975 1567/383/975
f 1563/380/976 1566/382/976 1562/378/976
f 1568/384/914 1567/383/914 1569/385/914
f 1567/383/977 1568/384/977 1566/382/977
f 1570/386/978 1569/385/978 1571/387/978
f 1569/385/916 1570/386/916 1568/384/916
f 1572/388/979 1571/387/979 1573/389/979
f 1571/387/980 1572/388/980 1570/386/980
f 1574/390/920 1573/389/920 1575/391/920
f 1573/389/920 1574/390/920 1572/388/920
f 1576/392/981 1575/391/981 1577/393/981
f 1575/391/921 1576/392/921 1574/390/921
f 1578/394/923 1577/393/923 1579/395/923
f 1577/393/923 1578/394/923 1576/392/923
f 1580/396/982 1579/395/982 1581/397/982
f 1579/395/983 1580/396/983 1578/394/983
f 1582/398/927 1581/397/927 1583/399/927
f 1581/397/927 1582/398/927 1580/396/927
f 1584/400/984 1583/399/984 1585/401/984
f 1583/399/929 1584/400/929 1582/398/929
f 1586/402/985 1585/401/985 1587/403/985
f 1585/401/986 1586/402/986 1584/400/986
f 1588/404/987 1587/403/987 1589/405/987
f 1587/403/933 1588/404/933 1586/402/933
f 1590/406/934 1589/405/934 1591/407/934
f 1589/405/988 1590/406/988 1588/404/988
f 1592/408/989 1591/407/989 1593/409/989
f 1591/407/989 1592/408/989 1590/406/989
f 1565/381/990 1593/409/990 1564/379/990
f 1593/409/990 1565/381/990 1592/408/990
f 1594/410/991 1565/381/991 1562/378/991
f 1565/381/991 1594/410/991 1595/411/991
f 1596/412/940 1562/378/940 1566/382/940
f 1562/378/992 1596/412/992 1594/410/992
f 1597/413/941 1566/382/941 1568/384/941
f 1566/382/941 1597/413/941 1596/412/941
f 1598/414/942 1568/384/942 1570/386/942
f 1568/384/942 1598/414/942 1597/413/942
f 1599/415/943 1570/386/943 1572/388/943
f 1570/386/943 1599/415/943 1598/414/943
f 1600/416/944 1572/388/944 1574/390/944
f 1572/388/944 1600/416/944 1599/415/944
f 1601/417/993 1574/390/993 1576/392/993
f 1574/390/994 1601/417/994 1600/416/994
f 1602/418/995 1576/392/995 1578/394/995
f 1576/392/995 1602/418/995 1601/417/995
f 1603/419/996 1578/394/996 1580/396/996
f 1578/394/997 1603/419/997 1602/418/997
f 1604/420/998 1580/396/998 1582/398/998
f 1580/396/998 1604/420/998 1603/419/998
f 1605/421/999 1582/398/999 1584/400/999
f 1582/398/999 1605/421/999 1604/420/999
f 1606/422/1000 1584/400/1000 1586/402/1000
f 1584/400/1001 1606/422/1001 1605/421/1001
f 1607/423/1002 1586/402/1002 1588/404/1002
f 1586/402/1002 1607/423/1002 1606/422/1002
f 1608/424/1003 1588/404/1003 1590/406/1003
f 1588/404/1003 1608/424/1003 1607/423/1003
f 1609/425/1004 1590/406/1004 1592/408/1004
f 1590/406/1004 1609/425/1004 1608/424/1004
f 1595/411/1005 1592/408/1005 1565/381/1005
f 1592/408/1006 1595/411/1006 1609/425/1006
f 1610/426/959 1612/443/959 1611/428/959
f 1612/443/1007 1613/444/1007 1611/428/1007
f 1613/444/1008 1614/430/1008 1611/428/1008
f 1614/430/1009 1615/431/1009 1611/428/1009
f 1615/431/1010 1616/432/1010 1611/428/1010
f 1616/432/964 1617/445/964 1611/428/964
f 1617/445/1011 1618/446/1011 1611/428/1011
f 1618/446/966 1619/435/966 1611/428/966
f 1619/435/967 1620/447/967 1611/428/967
f 1620/447/968 1621/437/968 1611/428/968
f 1621/437/969 1622/438/969 1611/428/969
f 1622/438/970 1623/448/970 1611/428/970
f 1623/448/971 1624/440/971 1611/428/971
f 1624/440/972 1625/441/972 1611/428/972
f 1625/441/973 1626/442/973 1611/428/973
f 1626/442/974 1610/426/974 1611/428/974
o mc_001_alarm_0_3_mesh3
v -0.009033 0.577149 0.116284
v -0.030715 0.595342 0.116284
v -0.030715 0.595342 0.187819
v -0.009033 0.577149 0.187819
v -0.057311 0.605022 0.116284
v -0.057311 0.605022 0.187819
v -0.085613 0.605022 0.116284
v -0.085613 0.605022 0.187819
v -0.112210 0.595342 0.116284
v -0.112210 0.595342 0.187819
v -0.133891 0.577149 0.116284
v -0.133891 0.577149 0.187819
v -0.148042 0.552638 0.116284
v -0.148042 0.552638 0.187819
v -0.152957 0.524765 0.116284
v -0.152957 0.524765 0.187819
v -0.148042 0.496892 0.116284
v -0.148042 0.496892 0.187819
v -0.133789 0.472382 0.118206
v -0.133891 0.472381 0.187819
v -0.111807 0.454191 0.123681
v -0.112210 0.454188 0.187819
v -0.084778 0.444514 0.131970
v -0.085613 0.444508 0.187819
v -0.057310 0.444508 0.139376
v -0.057311 0.444508 0.187819
v -0.030714 0.454188 0.143127
v -0.030715 0.454188 0.187819
v -0.009035 0.471833 0.140362
v -0.009033 0.472381 0.187819
v 0.000000 0.487603 0.133345
v 0.000000 0.488028 0.187819
v -0.005734 0.579917 0.187819
v -0.028561 0.599072 0.187819
v -0.028563 0.599072 0.200829
v -0.005736 0.579917 0.200829
v -0.056563 0.609263 0.187819
v -0.056565 0.609263 0.200829
v -0.086361 0.609263 0.187819
v -0.086363 0.609263 0.200829
v -0.114363 0.599072 0.187819
v -0.114365 0.599072 0.200829
v -0.137190 0.579917 0.187819
v -0.137193 0.579917 0.200829
v -0.152090 0.554111 0.187819
v -0.152092 0.554111 0.200829
v -0.157264 0.524765 0.187819
v -0.157266 0.524765 0.200829
v -0.152090 0.495419 0.187819
v -0.152092 0.495419 0.200829
v -0.137190 0.469613 0.187819
v -0.137193 0.469613 0.200829
v -0.114363 0.450458 0.187819
v -0.114366 0.450458 0.200829
v -0.086361 0.440267 0.187819
v -0.086363 0.440267 0.200829
v -0.056563 0.440267 0.187819
v -0.056565 0.440267 0.200829
v -0.028561 0.450458 0.187819
v -0.028563 0.450458 0.200829
v -0.005734 0.469613 0.187819
v -0.005736 0.469612 0.200829
v 0.000000 0.479549 0.200829
v 0.000000 0.479545 0.187819
v -0.009033 0.577149 0.187819
v -0.030715 0.595342 0.187819
v -0.057311 0.605022 0.187819
v -0.085613 0.605022 0.187819
v -0.112210 0.595342 0.187819
v -0.133891 0.577149 0.187819
v -0.148042 0.552638 0.187819
v -0.152957 0.524765 0.187819
v -0.148042 0.496892 0.187819
v -0.133891 0.472381 0.187819
v -0.112210 0.454188 0.187819
v -0.085613 0.444508 0.187819
v -0.057311 0.444508 0.187819
v -0.030715 0.454188 0.187819
v -0.009033 0.472381 0.187819
v 0.000000 0.488028 0.187819
v -0.025214 0.563572 0.203283
v -0.014730 0.545414 0.203283
v 0.000000 0.555343 0.203283
v -0.005736 0.579917 0.200829
v -0.028563 0.599072 0.200829
v -0.041275 0.577050 0.203284
v -0.056565 0.609263 0.200829
v -0.060978 0.584221 0.203284
v -0.086363 0.609263 0.200829
v -0.081946 0.584221 0.203284
v -0.114365 0.599072 0.200829
v -0.101649 0.577050 0.203284
v -0.137193 0.579917 0.200829
v -0.117711 0.563572 0.203284
v -0.152092 0.554111 0.200829
v -0.128195 0.545414 0.203284
v -0.157266 0.524765 0.200829
v -0.131835 0.524765 0.203284
v -0.152092 0.495419 0.200829
v -0.128195 0.504116 0.203284
v -0.137193 0.469613 0.200829
v -0.117711 0.485958 0.203284
v -0.114366 0.450458 0.200829
v -0.101649 0.472480 0.203284
v -0.086363 0.440267 0.200829
v -0.081946 0.465309 0.203284
v -0.056565 0.440267 0.200829
v -0.060978 0.465309 0.203284
v -0.028563 0.450458 0.200829
v -0.041275 0.472480 0.203284
v -0.005736 0.469612 0.200829
v -0.025214 0.485958 0.203283
v 0.000000 0.498755 0.203283
v -0.014730 0.504116 0.203283
v 0.000000 0.479549 0.200829
v -0.011089 0.524765 0.203283
v -0.014730 0.545414 0.203283
v -0.013750 0.545766 0.116148
v -0.009960 0.524301 0.118241
v -0.025214 0.563572 0.203283
v -0.024412 0.564238 0.116941
v -0.041275 0.577050 0.203284
v -0.040745 0.577957 0.117654
v -0.060978 0.584221 0.203284
v -0.060788 0.585266 0.118201
v -0.081946 0.584221 0.203284
v -0.082126 0.585275 0.118516
v -0.101649 0.577050 0.203284
v -0.102179 0.577978 0.118564
v -0.117711 0.563572 0.203284
v -0.118521 0.564256 0.118337
v -0.128195 0.545414 0.203284
v -0.129178 0.545773 0.117863
v -0.131835 0.524765 0.203284
v -0.132870 0.524764 0.117197
v -0.128195 0.504116 0.203284
v -0.129165 0.503784 0.116418
v -0.117711 0.485958 0.203284
v -0.118436 0.485333 0.117542
v -0.101649 0.472480 0.203284
v -0.101798 0.471572 0.122310
v -0.081946 0.465309 0.203284
v -0.081235 0.464240 0.130061
v -0.060978 0.465309 0.203284
v -0.060677 0.464276 0.137146
v -0.041275 0.472480 0.203284
v -0.040608 0.471606 0.140847
v -0.025214 0.485958 0.203283
v -0.024215 0.484932 0.138295
v -0.014730 0.504116 0.203283
v -0.014853 0.503506 0.129240
v -0.147039 0.499577 0.118366
v -0.157838 0.499577 0.118366
v -0.157838 0.554865 0.118366
v -0.147039 0.554865 0.118366
v -0.163237 0.499577 0.127718
v -0.163237 0.554865 0.127718
v -0.157838 0.499577 0.137070
v -0.157838 0.554865 0.137070
v -0.147039 0.499577 0.137070
v -0.147039 0.554865 0.137070
v -0.155690 0.493576 0.133349
v -0.158941 0.493576 0.127718
v -0.155690 0.493576 0.122087
v -0.149187 0.493576 0.122087
v -0.145936 0.493576 0.127718
v -0.149187 0.493576 0.133349
v -0.149187 0.560867 0.122087
v -0.155690 0.560867 0.122087
v -0.158941 0.560867 0.127718
v -0.155690 0.560867 0.133349
v -0.149187 0.560867 0.133349
v -0.145936 0.560867 0.127718
v -0.141640 0.499577 0.127718
v -0.147039 0.499577 0.118366
v -0.157838 0.499577 0.118366
v -0.163237 0.499577 0.127718
v -0.157838 0.499577 0.137070
v -0.147039 0.499577 0.137070
v -0.147039 0.554865 0.118366
v -0.141640 0.554865 0.127718
v -0.157838 0.554865 0.118366
v -0.163237 0.554865 0.127718
v -0.157838 0.554865 0.137070
v -0.147039 0.554865 0.137070
v 0.000000 0.561502 0.187819
v 0.000000 0.561502 0.116284
v 0.000000 0.569981 0.200829
v 0.000000 0.569985 0.187819
v 0.000000 0.561502 0.187819
v -0.011089 0.524765 0.203283
v 0.000000 0.524765 0.203283
v 0.009033 0.472381 0.187819
v 0.000000 0.488028 0.187819
v 0.000000 0.487603 0.133345
v 0.009035 0.471833 0.140362
v 0.030715 0.595342 0.187819
v 0.030715 0.595342 0.116284
v 0.009033 0.577149 0.116284
v 0.009033 0.577149 0.187819
v 0.057311 0.605022 0.187819
v 0.057311 0.605022 0.116284
v 0.085613 0.605022 0.187819
v 0.085613 0.605022 0.116284
v 0.112210 0.595342 0.187819
v 0.112210 0.595342 0.116284
v 0.133891 0.577149 0.187819
v 0.133891 0.577149 0.116284
v 0.148043 0.552638 0.187819
v 0.148043 0.552638 0.116284
v 0.152957 0.524765 0.187819
v 0.152957 0.524765 0.116284
v 0.148043 0.496892 0.187819
v 0.148043 0.496892 0.116284
v 0.133891 0.472381 0.187819
v 0.133789 0.472382 0.118206
v 0.112210 0.454188 0.187819
v 0.111807 0.454191 0.123681
v 0.085614 0.444508 0.187819
v 0.084778 0.444514 0.131970
v 0.057311 0.444508 0.187819
v 0.057311 0.444508 0.139375
v 0.030715 0.454188 0.187819
v 0.030715 0.454188 0.143127
v 0.005734 0.579917 0.187819
v 0.005736 0.579917 0.200829
v 0.028563 0.599072 0.200829
v 0.028561 0.599072 0.187819
v 0.056565 0.609263 0.200829
v 0.056563 0.609263 0.187819
v 0.086364 0.609263 0.200829
v 0.086361 0.609263 0.187819
v 0.114366 0.599072 0.200829
v 0.114364 0.599072 0.187819
v 0.137193 0.579917 0.200829
v 0.137190 0.579917 0.187819
v 0.152092 0.554111 0.200829
v 0.152090 0.554111 0.187819
v 0.157267 0.524765 0.200829
v 0.157264 0.524765 0.187819
v 0.152092 0.495419 0.200829
v 0.152090 0.495419 0.187819
v 0.137193 0.469613 0.200829
v 0.137191 0.469613 0.187819
v 0.114366 0.450458 0.200829
v 0.114363 0.450458 0.187819
v 0.086364 0.440267 0.200829
v 0.086361 0.440267 0.187819
v 0.056565 0.440267 0.200829
v 0.056563 0.440267 0.187819
v 0.028563 0.450458 0.200829
v 0.028561 0.450458 0.187819
v 0.005736 0.469612 0.200829
v 0.005734 0.469613 0.187819
v 0.009033 0.577149 0.187819
v 0.030715 0.595342 0.187819
v 0.057311 0.605022 0.187819
v 0.085613 0.605022 0.187819
v 0.112210 0.595342 0.187819
v 0.133891 0.577149 0.187819
v 0.148043 0.552638 0.187819
v 0.152957 0.524765 0.187819
v 0.148043 0.496892 0.187819
v 0.133891 0.472381 0.187819
v 0.112210 0.454188 0.187819
v 0.085614 0.444508 0.187819
v 0.057311 0.444508 0.187819
v 0.030715 0.454188 0.187819
v 0.009033 0.472381 0.187819
v 0.025214 0.485958 0.203283
v 0.005736 0.469612 0.200829
v 0.028563 0.450458 0.200829
v 0.041276 0.472480 0.203283
v 0.056565 0.440267 0.200829
v 0.060978 0.465309 0.203283
v 0.086364 0.440267 0.200829
v 0.081946 0.465309 0.203283
v 0.114366 0.450458 0.200829
v 0.101649 0.472480 0.203283
v 0.137193 0.469613 0.200829
v 0.117711 0.485958 0.203283
v 0.152092 0.495419 0.200829
v 0.128195 0.504116 0.203283
v 0.157267 0.524765 0.200829
v 0.131836 0.524765 0.203283
v 0.152092 0.554111 0.200829
v 0.128195 0.545414 0.203283
v 0.137193 0.579917 0.200829
v 0.117711 0.563572 0.203283
v 0.114366 0.599072 0.200829
v 0.101649 0.577050 0.203283
v 0.086364 0.609263 0.200829
v 0.081946 0.584221 0.203283
v 0.056565 0.609263 0.200829
v 0.060978 0.584221 0.203283
v 0.028563 0.599072 0.200829
v 0.041276 0.577050 0.203283
v 0.005736 0.579917 0.200829
v 0.025214 0.563572 0.203283
v 0.000000 0.569981 0.200829
v 0.014730 0.504116 0.203283
v 0.011089 0.524765 0.203283
v 0.009960 0.524301 0.118241
v 0.013750 0.545766 0.116148
v 0.014730 0.545414 0.203283
v 0.024412 0.564238 0.116941
v 0.025214 0.563572 0.203283
v 0.040745 0.577957 0.117654
v 0.041276 0.577050 0.203283
v 0.060788 0.585266 0.118201
v 0.060978 0.584221 0.203283
v 0.082126 0.585275 0.118516
v 0.081946 0.584221 0.203283
v 0.102179 0.577978 0.118564
v 0.101649 0.577050 0.203283
v 0.118521 0.564256 0.118337
v 0.117711 0.563572 0.203283
v 0.129178 0.545773 0.117863
v 0.128195 0.545414 0.203283
v 0.132870 0.524764 0.117197
v 0.131836 0.524765 0.203283
v 0.129165 0.503784 0.116418
v 0.128195 0.504116 0.203283
v 0.118436 0.485333 0.117542
v 0.117711 0.485958 0.203283
v 0.101798 0.471573 0.122310
v 0.101649 0.472480 0.203283
v 0.081235 0.464240 0.130061
v 0.081946 0.465309 0.203283
v 0.060677 0.464276 0.137146
v 0.060978 0.465309 0.203283
v 0.040608 0.471606 0.140847
v 0.041276 0.472480 0.203283
v 0.024216 0.484932 0.138295
v 0.025214 0.485958 0.203283
v 0.014853 0.503506 0.129240
v 0.014730 0.504116 0.203283
v 0.147039 0.554865 0.118366
v 0.157838 0.554865 0.118366
v 0.157838 0.499577 0.118366
v 0.147039 0.499577 0.118366
v 0.163237 0.554865 0.127718
v 0.163237 0.499577 0.127718
v 0.157838 0.554865 0.137070
v 0.157838 0.499577 0.137070
v 0.147039 0.554865 0.137070
v 0.147039 0.499577 0.137070
v 0.145936 0.493576 0.127718
v 0.149187 0.493576 0.122087
v 0.155690 0.493576 0.122087
v 0.158941 0.493576 0.127718
v 0.155690 0.493576 0.133349
v 0.149187 0.493576 0.133349
v 0.149187 0.560867 0.133349
v 0.155690 0.560867 0.133349
v 0.158941 0.560867 0.127718
v 0.155690 0.560867 0.122087
v 0.149187 0.560867 0.122087
v 0.145936 0.560867 0.127718
v 0.141640 0.499577 0.127718
v 0.147039 0.499577 0.118366
v 0.157838 0.499577 0.118366
v 0.163237 0.499577 0.127718
v 0.157838 0.499577 0.137070
v 0.147039 0.499577 0.137070
v 0.147039 0.554865 0.118366
v 0.141640 0.554865 0.127718
v 0.157838 0.554865 0.118366
v 0.163237 0.554865 0.127718
v 0.157838 0.554865 0.137070
v 0.147039 0.554865 0.137070
v 0.014730 0.545414 0.203283
v 0.011089 0.524765 0.203283
vt 0.683621 0.064918
vt 0.669099 0.011600
vt 0.668781 0.064918
vt 0.684050 0.011600
vt 0.653270 0.011600
vt 0.653014 0.064918
vt 0.636599 0.011600
vt 0.636388 0.064918
vt 0.619151 0.011600
vt 0.618980 0.064918
vt 0.600996 0.011600
vt 0.600864 0.064918
vt 0.582204 0.011600
vt 0.582109 0.064918
vt 0.562848 0.011600
vt 0.562778 0.064918
vt 0.543008 0.011600
vt 0.542924 0.064918
vt 0.522758 0.011600
vt 0.522546 0.064918
vt 0.502118 0.011600
vt 0.501845 0.061765
vt 0.481041 0.011600
vt 0.480618 0.057512
vt 0.459501 0.011600
vt 0.459749 0.053624
vt 0.437571 0.011600
vt 0.437930 0.052130
vt 0.415397 0.011600
vt 0.416194 0.055052
vt 0.402334 0.011600
vt 0.402334 0.060608
vt 0.191944 0.119250
vt 0.173392 0.126693
vt 0.174435 0.131547
vt 0.190921 0.116418
vt 0.153272 0.133408
vt 0.153497 0.137491
vt 0.131943 0.132864
vt 0.131461 0.136436
vt 0.113087 0.125503
vt 0.110720 0.128509
vt 0.096276 0.111921
vt 0.093796 0.114032
vt 0.086225 0.093604
vt 0.082766 0.094667
vt 0.082594 0.072040
vt 0.078955 0.072713
vt 0.085955 0.051038
vt 0.082786 0.050769
vt 0.097087 0.033679
vt 0.093747 0.031395
vt 0.113135 0.020400
vt 0.110494 0.016797
vt 0.131838 0.012757
vt 0.130873 0.008148
vt 0.153043 0.011404
vt 0.152804 0.006307
vt 0.172353 0.016054
vt 0.173950 0.011350
vt 0.189845 0.027034
vt 0.191892 0.023021
vt 0.200910 0.032820
vt 0.200723 0.023039
vt 0.191724 0.121872
vt 0.175114 0.134141
vt 0.153596 0.140081
vt 0.130837 0.138915
vt 0.109388 0.130623
vt 0.091859 0.115588
vt 0.080426 0.095493
vt 0.076470 0.072716
vt 0.080431 0.049952
vt 0.091776 0.029851
vt 0.109084 0.014672
vt 0.130166 0.005680
vt 0.152817 0.003702
vt 0.174543 0.008744
vt 0.191641 0.020377
vt 0.200723 0.018166
vt 0.181534 0.102616
vt 0.200722 0.099625
vt 0.191211 0.088409
vt 0.167867 0.112498
vt 0.152190 0.117471
vt 0.136057 0.117115
vt 0.121081 0.111737
vt 0.108988 0.101682
vt 0.101460 0.087962
vt 0.098490 0.072685
vt 0.101351 0.057246
vt 0.109391 0.043654
vt 0.121538 0.033413
vt 0.136332 0.027510
vt 0.152258 0.026535
vt 0.167827 0.030680
vt 0.181471 0.039820
vt 0.200723 0.049036
vt 0.191197 0.053520
vt 0.194155 0.070880
vt 0.162945 0.076821
vt 0.164772 0.070444
vt 0.159695 0.082073
vt 0.154552 0.086001
vt 0.148397 0.088192
vt 0.142032 0.088360
vt 0.136250 0.086533
vt 0.131768 0.082954
vt 0.129068 0.078121
vt 0.128415 0.072691
vt 0.129855 0.067358
vt 0.132715 0.062292
vt 0.136887 0.057036
vt 0.143036 0.052037
vt 0.150368 0.049338
vt 0.158959 0.050274
vt 0.165389 0.055473
vt 0.167147 0.063020
vt 0.002884 0.018369
vt 0.012923 0.069568
vt 0.012858 0.018323
vt 0.002950 0.069547
vt 0.019699 0.069787
vt 0.019638 0.018094
vt 0.027289 0.068721
vt 0.027236 0.019134
vt 0.037094 0.068289
vt 0.037037 0.019541
vt 0.027349 0.013928
vt 0.024961 0.010777
vt 0.024142 0.013928
vt 0.032654 0.007756
vt 0.029354 0.007589
vt 0.031808 0.010869
vt 0.029432 0.080301
vt 0.024213 0.073942
vt 0.025046 0.077100
vt 0.031882 0.076972
vt 0.027417 0.073930
vt 0.032724 0.080077
vt 0.037599 0.004206
vt 0.029160 0.002048
vt 0.019651 0.009181
vt 0.037022 0.012813
vt 0.029340 0.085837
vt 0.037758 0.083521
vt 0.019749 0.078723
vt 0.037085 0.074980
vt 0.693032 0.011600
vt 0.692570 0.064918
vt 0.200938 0.117208
vt 0.200722 0.112206
vt 0.200721 0.124101
vt 0.200722 0.070949
vt 0.972669 0.011600
vt 0.985824 0.060849
vt 0.985824 0.011600
vt 0.971788 0.055151
vt 0.717006 0.011600
vt 0.701526 0.064918
vt 0.716402 0.064918
vt 0.702022 0.011600
vt 0.732894 0.011600
vt 0.732226 0.064918
vt 0.749648 0.011600
vt 0.748930 0.064918
vt 0.767203 0.011600
vt 0.766433 0.064918
vt 0.785485 0.011600
vt 0.784660 0.064918
vt 0.804419 0.011600
vt 0.803539 0.064918
vt 0.823929 0.011600
vt 0.823004 0.064918
vt 0.843931 0.011600
vt 0.843000 0.064918
vt 0.864348 0.011600
vt 0.863529 0.064918
vt 0.885162 0.011600
vt 0.885144 0.061564
vt 0.906419 0.011600
vt 0.906793 0.057286
vt 0.928149 0.011600
vt 0.927842 0.053460
vt 0.950281 0.011600
vt 0.949855 0.052070
vt 0.209500 0.119251
vt 0.227795 0.127436
vt 0.209084 0.116517
vt 0.227007 0.131549
vt 0.247959 0.133520
vt 0.247946 0.137495
vt 0.268955 0.132670
vt 0.269982 0.136441
vt 0.288665 0.125335
vt 0.290722 0.128514
vt 0.304706 0.111703
vt 0.307645 0.114038
vt 0.315140 0.093433
vt 0.318675 0.094673
vt 0.318736 0.072712
vt 0.322487 0.072719
vt 0.315095 0.051994
vt 0.318657 0.050775
vt 0.304684 0.033708
vt 0.307696 0.031401
vt 0.288750 0.020020
vt 0.290952 0.016802
vt 0.269420 0.011917
vt 0.270574 0.008152
vt 0.248536 0.010320
vt 0.248642 0.006310
vt 0.228175 0.015459
vt 0.227496 0.011351
vt 0.209849 0.026759
vt 0.209554 0.023021
vt 0.209719 0.121873
vt 0.226329 0.134143
vt 0.247847 0.140084
vt 0.270606 0.138920
vt 0.292054 0.130629
vt 0.309582 0.115594
vt 0.321015 0.095500
vt 0.324972 0.072723
vt 0.321011 0.049959
vt 0.309668 0.029858
vt 0.292361 0.014677
vt 0.271280 0.005685
vt 0.248630 0.003705
vt 0.226904 0.008746
vt 0.209805 0.020378
vt 0.219974 0.039821
vt 0.233618 0.030682
vt 0.249188 0.026539
vt 0.265114 0.027514
vt 0.279906 0.033418
vt 0.292053 0.043659
vt 0.300091 0.057252
vt 0.302951 0.072691
vt 0.300298 0.088126
vt 0.292454 0.101688
vt 0.280361 0.111742
vt 0.265386 0.117120
vt 0.249253 0.117475
vt 0.233577 0.112501
vt 0.219910 0.102618
vt 0.210248 0.053521
vt 0.207290 0.070880
vt 0.238500 0.076823
vt 0.236673 0.070446
vt 0.210234 0.088409
vt 0.241750 0.082075
vt 0.246893 0.086004
vt 0.253047 0.088196
vt 0.259411 0.088364
vt 0.265193 0.086538
vt 0.269675 0.082959
vt 0.272374 0.078126
vt 0.273028 0.072696
vt 0.271587 0.067362
vt 0.268727 0.062296
vt 0.264556 0.057040
vt 0.258408 0.052041
vt 0.251077 0.049342
vt 0.242486 0.050276
vt 0.236056 0.055475
vt 0.234298 0.063021
vt 0.073406 0.092106
vt 0.064701 0.040771
vt 0.063445 0.091945
vt 0.074658 0.041095
vt 0.056701 0.091993
vt 0.057969 0.040395
vt 0.049071 0.090952
vt 0.050295 0.041052
vt 0.039264 0.090281
vt 0.040466 0.041249
vt 0.045766 0.029182
vt 0.053193 0.032774
vt 0.049067 0.029261
vt 0.050563 0.035780
vt 0.053761 0.035985
vt 0.046372 0.032367
vt 0.044705 0.099420
vt 0.052273 0.096187
vt 0.049068 0.096228
vt 0.047235 0.102660
vt 0.051538 0.099364
vt 0.043934 0.102569
vt 0.041106 0.025269
vt 0.049680 0.023746
vt 0.058607 0.031556
vt 0.041024 0.033908
vt 0.047562 0.108199
vt 0.039078 0.106237
vt 0.056882 0.100856
vt 0.039443 0.097605
vn -0.642800 -0.766100 0.000000
vn -0.342000 -0.939700 0.000000
vn 0.000000 -1.000000 0.000000
vn 0.342000 -0.939700 0.000000
vn 0.642800 -0.766000 0.000000
vn 0.866000 -0.500000 0.000000
vn 0.984800 -0.173700 0.000000
vn 0.984800 0.173700 0.000000
vn 0.864400 0.502800 0.001300
vn 0.866000 0.500000 0.000000
vn 0.636900 0.770900 0.004000
vn 0.642800 0.766000 0.001000
vn 0.335700 0.942000 0.005100
vn 0.342000 0.939700 0.002200
vn 0.000200 1.000000 0.000000
vn 0.000000 1.000000 0.000100
vn -0.342000 0.939700 -0.000000
vn -0.631900 0.775000 -0.008900
vn -0.642800 0.766100 -0.000000
vn -0.868400 0.495800 -0.003900
vn -0.866000 0.500000 -0.005700
vn -0.642800 -0.766000 -0.000100
vn -0.342000 -0.939700 -0.000100
vn 0.342000 -0.939700 0.000100
vn 0.642800 -0.766000 0.000100
vn 0.866000 -0.500000 0.000100
vn 0.866000 -0.500000 0.000200
vn 0.984800 -0.173600 0.000200
vn 0.984800 0.173600 0.000200
vn 0.866000 0.500000 0.000200
vn 0.866000 0.500000 0.000100
vn 0.642800 0.766000 0.000100
vn 0.642800 0.766000 0.000200
vn 0.342000 0.939700 0.000100
vn 0.000000 1.000000 -0.000000
vn -0.342000 0.939700 -0.000100
vn -0.642800 0.766000 -0.000000
vn -0.642800 0.766000 -0.000100
vn -0.866100 0.499900 -0.000100
vn -0.866000 0.500000 -0.000200
vn 0.000000 0.000000 1.000000
vn 0.000000 0.000000 -1.000000
vn -0.062700 -0.074700 -0.995200
vn -0.033400 -0.091700 -0.995200
vn 0.000000 -0.097600 -0.995200
vn 0.033400 -0.091700 -0.995200
vn 0.062700 -0.074700 -0.995200
vn 0.084500 -0.048800 -0.995200
vn 0.096100 -0.016900 -0.995200
vn 0.096100 0.016900 -0.995200
vn 0.084500 0.048800 -0.995200
vn 0.062700 0.074700 -0.995200
vn 0.033400 0.091700 -0.995200
vn 0.000000 0.097600 -0.995200
vn -0.033400 0.091700 -0.995200
vn -0.062700 0.074700 -0.995200
vn -0.062800 0.074700 -0.995200
vn -0.064200 0.126500 -0.989900
vn 0.984700 0.173600 0.011800
vn 0.984500 0.175000 0.012100
vn 0.866000 0.500000 0.011900
vn 0.866200 0.499500 0.011800
vn 0.642800 0.766000 0.012100
vn 0.643400 0.765400 0.011900
vn 0.342000 0.939600 0.012300
vn 0.342900 0.939300 0.012100
vn 0.000000 0.999900 0.012400
vn 0.000600 0.999900 0.012300
vn -0.342000 0.939600 0.012400
vn -0.341900 0.939700 0.012400
vn -0.642700 0.766000 0.012300
vn -0.643100 0.765700 0.012400
vn -0.866000 0.500000 0.012100
vn -0.866400 0.499200 0.012300
vn -0.984700 0.173600 0.011800
vn -0.984900 0.172700 0.012100
vn -0.984700 -0.173600 0.011700
vn -0.984600 -0.174300 0.011800
vn -0.866000 -0.500000 0.011000
vn -0.864700 -0.502100 0.011600
vn -0.642800 -0.766000 0.009800
vn -0.639200 -0.769000 0.011000
vn -0.342000 -0.939600 0.010400
vn -0.339600 -0.940500 0.011200
vn 0.000000 -0.999900 0.015600
vn -0.003300 -0.999900 0.014600
vn 0.342000 -0.939600 0.016800
vn 0.340400 -0.940100 0.016200
vn 0.642700 -0.765800 0.022000
vn 0.632300 -0.774500 0.017600
vn 0.866000 -0.500000 0.002700
vn 0.896800 -0.441900 0.020800
vn 0.984700 -0.173600 0.014000
vn 0.973400 -0.228900 0.000300
vn 0.866000 0.000000 0.500000
vn 0.866000 0.000000 -0.500000
vn -0.736000 0.526900 0.425000
vn -0.736000 0.526900 0.424900
vn 0.000000 0.527000 0.849900
vn 0.736000 0.527000 0.424900
vn 0.736100 0.526900 0.424900
vn 0.736000 0.526900 -0.425000
vn 0.736000 0.526900 -0.424900
vn 0.000000 0.527000 -0.849900
vn -0.736000 0.526900 -0.424900
vn -0.736100 0.526900 -0.424900
vn -0.736100 -0.526900 0.425000
vn -0.736100 -0.526900 0.424900
vn 0.000000 -0.526900 0.849900
vn 0.736100 -0.526900 0.425000
vn 0.736100 -0.526900 0.424900
vn 0.736100 -0.526900 -0.425000
vn 0.736100 -0.526900 -0.424900
vn 0.000000 -0.526900 -0.849900
vn -0.736100 -0.526900 -0.425000
vn -0.736100 -0.526900 -0.424900
vn -0.866000 -0.500000 0.000000
vn -0.866000 -0.500000 -0.000200
vn -0.866000 -0.500000 -0.000100
vn 0.866000 0.500000 -0.003900
vn 0.868800 0.495200 -0.005700
vn 0.642800 -0.766100 0.000000
vn -0.642800 -0.766000 0.000000
vn -0.984800 -0.173600 0.000000
vn -0.984800 0.173600 0.000000
vn -0.864400 0.502800 0.001300
vn -0.866000 0.500000 0.000000
vn -0.636900 0.770900 0.004000
vn -0.642800 0.766000 0.001000
vn -0.335700 0.942000 0.005100
vn -0.342000 0.939700 0.002200
vn -0.000200 1.000000 0.000000
vn 0.342000 0.939700 0.000000
vn 0.631900 0.775000 -0.008900
vn 0.642800 0.766100 0.000000
vn 0.642800 -0.766000 -0.000100
vn 0.342000 -0.939700 -0.000100
vn -0.342000 -0.939700 0.000100
vn -0.642800 -0.766000 0.000100
vn -0.866000 -0.500000 0.000200
vn -0.866000 -0.500000 0.000100
vn -0.984800 -0.173700 0.000200
vn -0.984800 -0.173600 0.000200
vn -0.984800 0.173700 0.000200
vn -0.984800 0.173600 0.000200
vn -0.866000 0.500000 0.000100
vn -0.642800 0.766000 0.000100
vn -0.342000 0.939700 0.000100
vn 0.342000 0.939700 -0.000100
vn 0.642800 0.766000 -0.000100
vn 0.642800 0.766000 -0.000000
vn 0.866000 0.500000 -0.000200
vn 0.866100 0.499900 -0.000100
vn 0.033400 0.091600 -0.995200
vn 0.000000 0.097500 -0.995200
vn -0.033400 0.091600 -0.995200
vn -0.084500 0.048800 -0.995200
vn -0.096000 0.016900 -0.995200
vn -0.096000 -0.016900 -0.995200
vn -0.084500 -0.048800 -0.995200
vn -0.033400 -0.091600 -0.995200
vn 0.000000 -0.097500 -0.995200
vn 0.033400 -0.091600 -0.995200
vn 0.275300 -0.158900 -0.948100
vn 0.035100 -0.107400 -0.993600
vn -0.046100 0.126600 -0.990900
vn -0.984500 0.175000 0.012100
vn -0.866200 0.499500 0.011800
vn -0.866000 0.500000 0.011900
vn -0.643400 0.765400 0.011900
vn -0.642800 0.766000 0.012100
vn -0.342900 0.939300 0.012100
vn -0.342000 0.939600 0.012300
vn -0.000600 0.999900 0.012300
vn 0.341900 0.939700 0.012400
vn 0.342000 0.939600 0.012400
vn 0.643100 0.765700 0.012400
vn 0.642700 0.766000 0.012300
vn 0.866400 0.499200 0.012300
vn 0.866000 0.500000 0.012100
vn 0.984900 0.172700 0.012100
vn 0.984600 -0.174300 0.011800
vn 0.984700 -0.173600 0.011700
vn 0.864700 -0.502100 0.011600
vn 0.866000 -0.500000 0.011000
vn 0.639100 -0.769000 0.011000
vn 0.642800 -0.766000 0.009800
vn 0.339600 -0.940500 0.011200
vn 0.342000 -0.939600 0.010400
vn 0.003300 -0.999900 0.014600
vn -0.340400 -0.940100 0.016200
vn -0.342000 -0.939600 0.016800
vn -0.632400 -0.774500 0.017600
vn -0.642600 -0.765900 0.022000
vn -0.896800 -0.442000 0.020700
vn -0.866000 -0.500000 0.002700
vn -0.973400 -0.228900 0.000300
vn -0.984700 -0.173600 0.014000
vn -0.866000 0.000000 0.500000
vn -0.866000 0.000000 -0.500000
vn 0.736000 0.526900 0.424900
vn 0.736000 0.526900 0.425000
vn -0.736100 0.526900 0.424900
vn -0.736000 0.527000 0.424900
vn -0.736000 0.526900 -0.425000
vn 0.736100 0.526900 -0.424900
vn 0.866000 -0.500000 -0.000100
vn 0.866000 -0.500000 -0.000200
vn -0.035100 -0.107400 -0.993600
vn -0.275300 -0.158900 -0.948100
usemtl mc_001_alarm_metal
s off
f 1627/449/1012 1629/450/1012 1628/451/1012
f 1629/450/1012 1627/449/1012 1630/452/1012
f 1628/451/1013 1632/453/1013 1631/454/1013
f 1632/453/1013 1628/451/1013 1629/450/1013
f 1631/454/1014 1634/455/1014 1633/456/1014
f 1634/455/1014 1631/454/1014 1632/453/1014
f 1633/456/1015 1636/457/1015 1635/458/1015
f 1636/457/1015 1633/456/1015 1634/455/1015
f 1635/458/1016 1638/459/1016 1637/460/1016
f 1638/459/1016 1635/458/1016 1636/457/1016
f 1637/460/1017 1640/461/1017 1639/462/1017
f 1640/461/1017 1637/460/1017 1638/459/1017
f 1639/462/1018 1642/463/1018 1641/464/1018
f 1642/463/1018 1639/462/1018 1640/461/1018
f 1641/464/1019 1644/465/1019 1643/466/1019
f 1644/465/1019 1641/464/1019 1642/463/1019
f 1643/466/1020 1646/467/1020 1645/468/1020
f 1646/467/1021 1643/466/1021 1644/465/1021
f 1645/468/1022 1648/469/1022 1647/470/1022
f 1648/469/1023 1645/468/1023 1646/467/1023
f 1647/470/1024 1650/471/1024 1649/472/1024
f 1650/471/1025 1647/470/1025 1648/469/1025
f 1649/472/1026 1652/473/1026 1651/474/1026
f 1652/473/1027 1649/472/1027 1650/471/1027
f 1651/474/1028 1654/475/1028 1653/476/1028
f 1654/475/1028 1651/474/1028 1652/473/1028
f 1653/476/1029 1656/477/1029 1655/478/1029
f 1656/477/1030 1653/476/1030 1654/475/1030
f 1655/478/1031 1658/479/1031 1657/480/1031
f 1658/479/1032 1655/478/1032 1656/477/1032
f 1659/481/1033 1661/482/1033 1660/483/1033
f 1661/482/1033 1659/481/1033 1662/484/1033
f 1660/483/1034 1664/485/1034 1663/486/1034
f 1664/485/1034 1660/483/1034 1661/482/1034
f 1663/486/1014 1666/487/1014 1665/488/1014
f 1666/487/1014 1663/486/1014 1664/485/1014
f 1665/488/1035 1668/489/1035 1667/490/1035
f 1668/489/1035 1665/488/1035 1666/487/1035
f 1667/490/1036 1670/491/1036 1669/492/1036
f 1670/491/1036 1667/490/1036 1668/489/1036
f 1669/492/1037 1672/493/1037 1671/494/1037
f 1672/493/1038 1669/492/1038 1670/491/1038
f 1671/494/1039 1674/495/1039 1673/496/1039
f 1674/495/1039 1671/494/1039 1672/493/1039
f 1673/496/1040 1676/497/1040 1675/498/1040
f 1676/497/1040 1673/496/1040 1674/495/1040
f 1675/498/1041 1678/499/1041 1677/500/1041
f 1678/499/1042 1675/498/1042 1676/497/1042
f 1677/500/1043 1680/501/1043 1679/502/1043
f 1680/501/1044 1677/500/1044 1678/499/1044
f 1679/502/1045 1682/503/1045 1681/504/1045
f 1682/503/1045 1679/502/1045 1680/501/1045
f 1681/504/1046 1684/505/1046 1683/506/1046
f 1684/505/1046 1681/504/1046 1682/503/1046
f 1683/506/1047 1686/507/1047 1685/508/1047
f 1686/507/1047 1683/506/1047 1684/505/1047
f 1685/508/1048 1688/509/1048 1687/510/1048
f 1688/509/1049 1685/508/1049 1686/507/1049
f 1689/511/1050 1687/510/1050 1688/509/1050
f 1687/510/1051 1689/511/1051 1690/512/1051
f 1691/513/1052 1660/483/1052 1692/514/1052
f 1660/483/1052 1691/513/1052 1659/481/1052
f 1692/514/1052 1663/486/1052 1693/515/1052
f 1663/486/1052 1692/514/1052 1660/483/1052
f 1693/515/1052 1665/488/1052 1694/516/1052
f 1665/488/1052 1693/515/1052 1663/486/1052
f 1694/516/1052 1667/490/1052 1695/517/1052
f 1667/490/1052 1694/516/1052 1665/488/1052
f 1695/517/1052 1669/492/1052 1696/518/1052
f 1669/492/1052 1695/517/1052 1667/490/1052
f 1696/518/1052 1671/494/1052 1697/519/1052
f 1671/494/1052 1696/518/1052 1669/492/1052
f 1697/519/1052 1673/496/1052 1698/520/1052
f 1673/496/1052 1697/519/1052 1671/494/1052
f 1698/520/1052 1675/498/1052 1699/521/1052
f 1675/498/1052 1698/520/1052 1673/496/1052
f 1699/521/1052 1677/500/1052 1700/522/1052
f 1677/500/1052 1699/521/1052 1675/498/1052
f 1700/522/1052 1679/502/1052 1701/523/1052
f 1679/502/1052 1700/522/1052 1677/500/1052
f 1701/523/1052 1681/504/1052 1702/524/1052
f 1681/504/1052 1701/523/1052 1679/502/1052
f 1702/524/1052 1683/506/1052 1703/525/1052
f 1683/506/1052 1702/524/1052 1681/504/1052
f 1703/525/1052 1685/508/1052 1704/526/1052
f 1685/508/1052 1703/525/1052 1683/506/1052
f 1704/526/1052 1687/510/1052 1705/527/1052
f 1687/510/1052 1704/526/1052 1685/508/1052
f 1690/512/1052 1705/527/1052 1687/510/1052
f 1705/527/1052 1690/512/1052 1706/528/1052
f 1707/529/1053 1709/530/1053 1708/531/1053
f 1710/484/1054 1712/532/1054 1711/482/1054
f 1712/532/1054 1710/484/1054 1707/529/1054
f 1711/482/1055 1714/533/1055 1713/485/1055
f 1714/533/1055 1711/482/1055 1712/532/1055
f 1713/485/1056 1716/534/1056 1715/487/1056
f 1716/534/1056 1713/485/1056 1714/533/1056
f 1715/487/1057 1718/535/1057 1717/489/1057
f 1718/535/1057 1715/487/1057 1716/534/1057
f 1717/489/1058 1720/536/1058 1719/491/1058
f 1720/536/1058 1717/489/1058 1718/535/1058
f 1719/491/1059 1722/537/1059 1721/493/1059
f 1722/537/1059 1719/491/1059 1720/536/1059
f 1721/493/1060 1724/538/1060 1723/495/1060
f 1724/538/1060 1721/493/1060 1722/537/1060
f 1723/495/1061 1726/539/1061 1725/497/1061
f 1726/539/1061 1723/495/1061 1724/538/1061
f 1725/497/1062 1728/540/1062 1727/499/1062
f 1728/540/1062 1725/497/1062 1726/539/1062
f 1727/499/1063 1730/541/1063 1729/501/1063
f 1730/541/1063 1727/499/1063 1728/540/1063
f 1729/501/1064 1732/542/1064 1731/503/1064
f 1732/542/1064 1729/501/1064 1730/541/1064
f 1731/503/1065 1734/543/1065 1733/505/1065
f 1734/543/1065 1731/503/1065 1732/542/1065
f 1733/505/1066 1736/544/1066 1735/507/1066
f 1736/544/1066 1733/505/1066 1734/543/1066
f 1735/507/1067 1738/545/1067 1737/509/1067
f 1738/545/1068 1735/507/1068 1736/544/1068
f 1739/546/1053 1738/545/1053 1740/547/1053
f 1738/545/1069 1739/546/1069 1741/511/1069
f 1742/548/1070 1744/549/1070 1743/531/1070
f 1744/549/1071 1742/548/1071 1745/550/1071
f 1743/531/1072 1747/551/1072 1746/529/1072
f 1747/551/1073 1743/531/1073 1744/549/1073
f 1746/529/1074 1749/552/1074 1748/532/1074
f 1749/552/1075 1746/529/1075 1747/551/1075
f 1748/532/1076 1751/553/1076 1750/533/1076
f 1751/553/1077 1748/532/1077 1749/552/1077
f 1750/533/1078 1753/554/1078 1752/534/1078
f 1753/554/1079 1750/533/1079 1751/553/1079
f 1752/534/1080 1755/555/1080 1754/535/1080
f 1755/555/1081 1752/534/1081 1753/554/1081
f 1754/535/1082 1757/556/1082 1756/536/1082
f 1757/556/1083 1754/535/1083 1755/555/1083
f 1756/536/1084 1759/557/1084 1758/537/1084
f 1759/557/1085 1756/536/1085 1757/556/1085
f 1758/537/1086 1761/558/1086 1760/538/1086
f 1761/558/1087 1758/537/1087 1759/557/1087
f 1760/538/1088 1763/559/1088 1762/539/1088
f 1763/559/1089 1760/538/1089 1761/558/1089
f 1762/539/1090 1765/560/1090 1764/540/1090
f 1765/560/1091 1762/539/1091 1763/559/1091
f 1764/540/1092 1767/561/1092 1766/541/1092
f 1767/561/1093 1764/540/1093 1765/560/1093
f 1766/541/1094 1769/562/1094 1768/542/1094
f 1769/562/1095 1766/541/1095 1767/561/1095
f 1768/542/1096 1771/563/1096 1770/543/1096
f 1771/563/1097 1768/542/1097 1769/562/1097
f 1770/543/1098 1773/564/1098 1772/544/1098
f 1773/564/1099 1770/543/1099 1771/563/1099
f 1772/544/1100 1775/565/1100 1774/545/1100
f 1775/565/1101 1772/544/1101 1773/564/1101
f 1774/545/1102 1777/566/1102 1776/547/1102
f 1777/566/1103 1774/545/1103 1775/565/1103
f 1776/547/1104 1745/550/1104 1742/548/1104
f 1745/550/1105 1776/547/1105 1777/566/1105
f 1778/567/1052 1780/568/1052 1779/569/1052
f 1780/568/1052 1778/567/1052 1781/570/1052
f 1779/569/1106 1783/571/1106 1782/572/1106
f 1783/571/1106 1779/569/1106 1780/568/1106
f 1782/572/1107 1785/573/1107 1784/574/1107
f 1785/573/1107 1782/572/1107 1783/571/1107
f 1784/574/1053 1787/575/1053 1786/576/1053
f 1787/575/1053 1784/574/1053 1785/573/1053
f 1788/577/1046 1790/578/1046 1789/579/1046
f 1790/578/1046 1792/580/1046 1791/581/1046
f 1788/577/1046 1792/580/1046 1790/578/1046
f 1793/582/1046 1792/580/1046 1788/577/1046
f 1794/583/1014 1796/584/1014 1795/585/1014
f 1796/584/1014 1798/586/1014 1797/587/1014
f 1794/583/1014 1798/586/1014 1796/584/1014
f 1799/588/1014 1798/586/1014 1794/583/1014
f 1800/589/1108 1791/581/1108 1792/580/1108
f 1791/581/1109 1800/589/1109 1801/590/1109
f 1801/590/1110 1790/578/1110 1791/581/1110
f 1790/578/1110 1801/590/1110 1802/591/1110
f 1802/591/1111 1789/579/1111 1790/578/1111
f 1789/579/1112 1802/591/1112 1803/572/1112
f 1803/572/1113 1788/577/1113 1789/579/1113
f 1788/577/1114 1803/572/1114 1804/574/1114
f 1804/574/1115 1793/582/1115 1788/577/1115
f 1793/582/1115 1804/574/1115 1805/592/1115
f 1805/592/1116 1792/580/1116 1793/582/1116
f 1792/580/1117 1805/592/1117 1800/589/1117
f 1806/593/1118 1799/588/1118 1794/583/1118
f 1799/588/1119 1806/593/1119 1807/594/1119
f 1808/595/1120 1794/583/1120 1795/585/1120
f 1794/583/1120 1808/595/1120 1806/593/1120
f 1809/571/1121 1795/585/1121 1796/584/1121
f 1795/585/1122 1809/571/1122 1808/595/1122
f 1810/573/1123 1796/584/1123 1797/587/1123
f 1796/584/1124 1810/573/1124 1809/571/1124
f 1811/596/1125 1797/587/1125 1798/586/1125
f 1797/587/1125 1811/596/1125 1810/573/1125
f 1807/594/1126 1798/586/1126 1799/588/1126
f 1798/586/1127 1807/594/1127 1811/596/1127
f 1627/449/1128 1812/597/1128 1630/452/1128
f 1812/597/1128 1627/449/1128 1813/598/1128
f 1662/484/1129 1815/599/1129 1814/600/1129
f 1815/599/1130 1662/484/1130 1659/481/1130
f 1659/481/1052 1816/601/1052 1815/599/1052
f 1816/601/1052 1659/481/1052 1691/513/1052
f 1708/531/1053 1818/602/1053 1817/548/1053
f 1818/602/1053 1708/531/1053 1709/530/1053
f 1818/602/1053 1740/547/1053 1817/548/1053
f 1740/547/1053 1818/602/1053 1739/546/1053
f 1819/603/1131 1821/604/1131 1820/605/1131
f 1821/604/1132 1819/603/1132 1822/606/1132
f 1823/607/1133 1825/608/1133 1824/609/1133
f 1825/608/1133 1823/607/1133 1826/610/1133
f 1827/611/1015 1824/609/1015 1828/612/1015
f 1824/609/1015 1827/611/1015 1823/607/1015
f 1829/613/1014 1828/612/1014 1830/614/1014
f 1828/612/1014 1829/613/1014 1827/611/1014
f 1831/615/1013 1830/614/1013 1832/616/1013
f 1830/614/1013 1831/615/1013 1829/613/1013
f 1833/617/1134 1832/616/1134 1834/618/1134
f 1832/616/1134 1833/617/1134 1831/615/1134
f 1835/619/1128 1834/618/1128 1836/620/1128
f 1834/618/1128 1835/619/1128 1833/617/1128
f 1837/621/1135 1836/620/1135 1838/622/1135
f 1836/620/1135 1837/621/1135 1835/619/1135
f 1839/623/1136 1838/622/1136 1840/624/1136
f 1838/622/1136 1839/623/1136 1837/621/1136
f 1841/625/1137 1840/624/1137 1842/626/1137
f 1840/624/1138 1841/625/1138 1839/623/1138
f 1843/627/1139 1842/626/1139 1844/628/1139
f 1842/626/1140 1843/627/1140 1841/625/1140
f 1845/629/1141 1844/628/1141 1846/630/1141
f 1844/628/1142 1845/629/1142 1843/627/1142
f 1847/631/1143 1846/630/1143 1848/632/1143
f 1846/630/1027 1847/631/1027 1845/629/1027
f 1849/633/1144 1848/632/1144 1850/634/1144
f 1848/632/1144 1849/633/1144 1847/631/1144
f 1819/603/1145 1850/634/1145 1822/606/1145
f 1850/634/1146 1819/603/1146 1849/633/1146
f 1851/635/1147 1853/636/1147 1852/637/1147
f 1853/636/1147 1851/635/1147 1854/638/1147
f 1854/638/1148 1855/639/1148 1853/636/1148
f 1855/639/1015 1854/638/1015 1856/640/1015
f 1856/640/1014 1857/641/1014 1855/639/1014
f 1857/641/1014 1856/640/1014 1858/642/1014
f 1858/642/1149 1859/643/1149 1857/641/1149
f 1859/643/1013 1858/642/1013 1860/644/1013
f 1860/644/1150 1861/645/1150 1859/643/1150
f 1861/645/1150 1860/644/1150 1862/646/1150
f 1862/646/1151 1863/647/1151 1861/645/1151
f 1863/647/1152 1862/646/1152 1864/648/1152
f 1864/648/1153 1865/649/1153 1863/647/1153
f 1865/649/1154 1864/648/1154 1866/650/1154
f 1866/650/1155 1867/651/1155 1865/649/1155
f 1867/651/1156 1866/650/1156 1868/652/1156
f 1868/652/1157 1869/653/1157 1867/651/1157
f 1869/653/1157 1868/652/1157 1870/654/1157
f 1870/654/1158 1871/655/1158 1869/653/1158
f 1871/655/1158 1870/654/1158 1872/656/1158
f 1872/656/1159 1873/657/1159 1871/655/1159
f 1873/657/1159 1872/656/1159 1874/658/1159
f 1874/658/1046 1875/659/1046 1873/657/1046
f 1875/659/1046 1874/658/1046 1876/660/1046
f 1876/660/1160 1877/661/1160 1875/659/1160
f 1877/661/1160 1876/660/1160 1878/662/1160
f 1878/662/1161 1879/663/1161 1877/661/1161
f 1879/663/1162 1878/662/1162 1880/664/1162
f 1689/511/1163 1880/664/1163 1690/512/1163
f 1880/664/1164 1689/511/1164 1879/663/1164
f 1881/665/1052 1854/638/1052 1851/635/1052
f 1854/638/1052 1881/665/1052 1882/666/1052
f 1882/666/1052 1856/640/1052 1854/638/1052
f 1856/640/1052 1882/666/1052 1883/667/1052
f 1883/667/1052 1858/642/1052 1856/640/1052
f 1858/642/1052 1883/667/1052 1884/668/1052
f 1884/668/1052 1860/644/1052 1858/642/1052
f 1860/644/1052 1884/668/1052 1885/669/1052
f 1885/669/1052 1862/646/1052 1860/644/1052
f 1862/646/1052 1885/669/1052 1886/670/1052
f 1886/670/1052 1864/648/1052 1862/646/1052
f 1864/648/1052 1886/670/1052 1887/671/1052
f 1887/671/1052 1866/650/1052 1864/648/1052
f 1866/650/1052 1887/671/1052 1888/672/1052
f 1888/672/1052 1868/652/1052 1866/650/1052
f 1868/652/1052 1888/672/1052 1889/673/1052
f 1889/673/1052 1870/654/1052 1868/652/1052
f 1870/654/1052 1889/673/1052 1890/674/1052
f 1890/674/1052 1872/656/1052 1870/654/1052
f 1872/656/1052 1890/674/1052 1891/675/1052
f 1891/675/1052 1874/658/1052 1872/656/1052
f 1874/658/1052 1891/675/1052 1892/676/1052
f 1892/676/1052 1876/660/1052 1874/658/1052
f 1876/660/1052 1892/676/1052 1893/677/1052
f 1893/677/1052 1878/662/1052 1876/660/1052
f 1878/662/1052 1893/677/1052 1894/678/1052
f 1894/678/1052 1880/664/1052 1878/662/1052
f 1880/664/1052 1894/678/1052 1895/679/1052
f 1690/512/1052 1895/679/1052 1706/528/1052
f 1895/679/1052 1690/512/1052 1880/664/1052
f 1896/680/1063 1898/661/1063 1897/663/1063
f 1898/661/1063 1896/680/1063 1899/681/1063
f 1899/681/1165 1900/659/1165 1898/661/1165
f 1900/659/1165 1899/681/1165 1901/682/1165
f 1901/682/1166 1902/657/1166 1900/659/1166
f 1902/657/1166 1901/682/1166 1903/683/1166
f 1903/683/1167 1904/655/1167 1902/657/1167
f 1904/655/1167 1903/683/1167 1905/684/1167
f 1905/684/1067 1906/653/1067 1904/655/1067
f 1906/653/1067 1905/684/1067 1907/685/1067
f 1907/685/1168 1908/651/1168 1906/653/1168
f 1908/651/1168 1907/685/1168 1909/686/1168
f 1909/686/1169 1910/649/1169 1908/651/1169
f 1910/649/1169 1909/686/1169 1911/687/1169
f 1911/687/1170 1912/647/1170 1910/649/1170
f 1912/647/1170 1911/687/1170 1913/688/1170
f 1913/688/1171 1914/645/1171 1912/647/1171
f 1914/645/1171 1913/688/1171 1915/689/1171
f 1915/689/1054 1916/643/1054 1914/645/1054
f 1916/643/1054 1915/689/1054 1917/690/1054
f 1917/690/1172 1918/641/1172 1916/643/1172
f 1918/641/1172 1917/690/1172 1919/691/1172
f 1919/691/1173 1920/639/1173 1918/641/1173
f 1920/639/1173 1919/691/1173 1921/692/1173
f 1921/692/1057 1922/636/1057 1920/639/1057
f 1922/636/1174 1921/692/1174 1923/693/1174
f 1923/693/1058 1924/637/1058 1922/636/1058
f 1924/637/1058 1923/693/1058 1925/694/1058
f 1924/637/1175 1709/530/1175 1926/600/1175
f 1709/530/1176 1924/637/1176 1925/694/1176
f 1927/695/1177 1741/511/1177 1739/546/1177
f 1741/511/1062 1927/695/1062 1896/680/1062
f 1928/696/1178 1930/697/1178 1929/698/1178
f 1930/697/1086 1928/696/1086 1931/699/1086
f 1931/699/1179 1932/700/1179 1930/697/1179
f 1932/700/1180 1931/699/1180 1933/694/1180
f 1933/694/1181 1934/701/1181 1932/700/1181
f 1934/701/1182 1933/694/1182 1935/693/1182
f 1935/693/1183 1936/702/1183 1934/701/1183
f 1936/702/1184 1935/693/1184 1937/692/1184
f 1937/692/1185 1938/703/1185 1936/702/1185
f 1938/703/1078 1937/692/1078 1939/691/1078
f 1939/691/1186 1940/704/1186 1938/703/1186
f 1940/704/1187 1939/691/1187 1941/690/1187
f 1941/690/1188 1942/705/1188 1940/704/1188
f 1942/705/1189 1941/690/1189 1943/689/1189
f 1943/689/1190 1944/706/1190 1942/705/1190
f 1944/706/1191 1943/689/1191 1945/688/1191
f 1945/688/1192 1946/707/1192 1944/706/1192
f 1946/707/1070 1945/688/1070 1947/687/1070
f 1947/687/1193 1948/708/1193 1946/707/1193
f 1948/708/1194 1947/687/1194 1949/686/1194
f 1949/686/1195 1950/709/1195 1948/708/1195
f 1950/709/1196 1949/686/1196 1951/685/1196
f 1951/685/1197 1952/710/1197 1950/709/1197
f 1952/710/1198 1951/685/1198 1953/684/1198
f 1953/684/1199 1954/711/1199 1952/710/1199
f 1954/711/1200 1953/684/1200 1955/683/1200
f 1955/683/1201 1956/712/1201 1954/711/1201
f 1956/712/1096 1955/683/1096 1957/682/1096
f 1957/682/1202 1958/713/1202 1956/712/1202
f 1958/713/1203 1957/682/1203 1959/681/1203
f 1959/681/1204 1960/714/1204 1958/713/1204
f 1960/714/1205 1959/681/1205 1961/680/1205
f 1961/680/1206 1962/715/1206 1960/714/1206
f 1962/715/1207 1961/680/1207 1963/695/1207
f 1963/695/1208 1929/698/1208 1962/715/1208
f 1929/698/1209 1963/695/1209 1928/696/1209
f 1964/716/1052 1966/717/1052 1965/718/1052
f 1966/717/1052 1964/716/1052 1967/719/1052
f 1966/717/1210 1968/720/1210 1965/718/1210
f 1968/720/1210 1966/717/1210 1969/721/1210
f 1969/721/1211 1970/722/1211 1968/720/1211
f 1970/722/1211 1969/721/1211 1971/723/1211
f 1971/723/1053 1972/724/1053 1970/722/1053
f 1972/724/1053 1971/723/1053 1973/725/1053
f 1974/726/1046 1976/727/1046 1975/728/1046
f 1976/727/1046 1978/729/1046 1977/730/1046
f 1974/726/1046 1978/729/1046 1976/727/1046
f 1979/731/1046 1978/729/1046 1974/726/1046
f 1980/732/1014 1982/733/1014 1981/734/1014
f 1982/733/1014 1984/735/1014 1983/736/1014
f 1980/732/1014 1984/735/1014 1982/733/1014
f 1985/737/1014 1984/735/1014 1980/732/1014
f 1986/738/1212 1975/728/1212 1987/739/1212
f 1975/728/1213 1986/738/1213 1974/726/1213
f 1987/739/1110 1976/727/1110 1988/740/1110
f 1976/727/1110 1987/739/1110 1975/728/1110
f 1988/740/1214 1977/730/1214 1989/721/1214
f 1977/730/1215 1988/740/1215 1976/727/1215
f 1989/721/1116 1978/729/1116 1990/723/1116
f 1978/729/1216 1989/721/1216 1977/730/1216
f 1990/723/1115 1979/731/1115 1991/741/1115
f 1979/731/1115 1990/723/1115 1978/729/1115
f 1991/741/1217 1974/726/1217 1986/738/1217
f 1974/726/1114 1991/741/1114 1979/731/1114
f 1992/742/1122 1985/737/1122 1993/743/1122
f 1985/737/1121 1992/742/1121 1984/735/1121
f 1994/744/1120 1984/735/1120 1992/742/1120
f 1984/735/1120 1994/744/1120 1983/736/1120
f 1995/720/1119 1983/736/1119 1994/744/1119
f 1983/736/1118 1995/720/1118 1982/733/1118
f 1996/722/1127 1982/733/1127 1995/720/1127
f 1982/733/1126 1996/722/1126 1981/734/1126
f 1997/745/1125 1981/734/1125 1996/722/1125
f 1981/734/1125 1997/745/1125 1980/732/1125
f 1993/743/1124 1980/732/1124 1997/745/1124
f 1980/732/1123 1993/743/1123 1985/737/1123
f 1812/597/1017 1825/608/1017 1826/610/1017
f 1825/608/1017 1812/597/1017 1813/598/1017
f 1852/637/1218 1815/599/1218 1851/635/1218
f 1815/599/1219 1852/637/1219 1814/600/1219
f 1851/635/1052 1816/601/1052 1881/665/1052
f 1816/601/1052 1851/635/1052 1815/599/1052
f 1741/511/1062 1896/680/1062 1897/663/1062
f 1998/699/1053 1818/602/1053 1709/530/1053
f 1818/602/1053 1998/699/1053 1999/696/1053
f 1709/530/1053 1925/694/1053 1998/699/1053
f 1818/602/1053 1927/695/1053 1739/546/1053
f 1927/695/1053 1818/602/1053 1999/696/1053
f 1710/484/1220 1709/530/1220 1707/529/1220
f 1709/530/1221 1710/484/1221 1926/600/1221
f 1738/545/1168 1741/511/1168 1737/509/1168
o mc_001_alarm_0_2_mesh2
v -0.373181 0.276916 0.048369
v -0.366423 0.273343 0.046503
v -0.364381 0.278703 0.069358
v -0.371132 0.282372 0.069862
v -0.374839 0.281126 0.034066
v -0.368256 0.281119 0.030817
v -0.372361 0.311657 0.071696
v -0.365565 0.312678 0.072434
v -0.368303 0.321168 0.049571
v -0.374529 0.319766 0.049808
v -0.371167 0.315661 0.030142
v -0.377435 0.314270 0.032175
v -0.364317 0.293960 0.077795
v -0.370991 0.293566 0.077207
v -0.389410 0.278124 0.028189
v -0.389698 0.294628 0.020692
v -0.377045 0.297332 0.024606
v -0.463977 0.277067 0.029434
v -0.468126 0.284715 0.030338
v -0.463479 0.283891 0.010955
v -0.460727 0.276243 0.016462
v -0.472259 0.282019 0.063271
v -0.469982 0.282217 0.076197
v -0.473291 0.292198 0.080335
v -0.478344 0.291902 0.060397
v -0.416016 0.280315 0.023259
v -0.416881 0.275620 0.047909
v -0.426721 0.279464 0.042302
v -0.423121 0.278804 0.021068
v -0.418583 0.297399 0.080130
v -0.425877 0.297635 0.080319
v -0.426920 0.282380 0.073527
v -0.416416 0.281609 0.075590
v -0.423152 0.303855 0.015076
v -0.430093 0.302265 0.011461
v -0.431834 0.311248 0.015706
v -0.423118 0.311904 0.018978
v -0.434549 0.297603 0.081900
v -0.434907 0.281347 0.074445
v -0.430146 0.319712 0.072878
v -0.429346 0.320951 0.056753
v -0.437750 0.321872 0.058607
v -0.437131 0.320219 0.074007
v -0.447643 0.298300 0.004488
v -0.449134 0.307832 0.010918
v -0.430146 0.274505 0.018686
v -0.435652 0.276677 0.038509
v -0.451327 0.272502 0.033072
v -0.443879 0.272339 0.013782
v -0.448469 0.294498 0.087017
v -0.447255 0.275859 0.077764
v -0.455667 0.320630 0.058217
v -0.452979 0.320481 0.076872
v -0.455255 0.286273 0.042597
v -0.454041 0.303840 0.038071
v -0.452030 0.309355 0.026487
v -0.465743 0.298248 0.027101
v -0.461988 0.297697 0.011472
v -0.458410 0.276858 0.078216
v -0.461876 0.276267 0.056317
v -0.451180 0.276375 0.052212
v -0.464050 0.292854 0.087443
v -0.468068 0.316034 0.059491
v -0.465672 0.315903 0.077673
v -0.455115 0.293968 0.043783
v -0.469825 0.292447 0.050117
v -0.468705 0.307949 0.053343
v -0.456117 0.313986 0.048418
v -0.388231 0.270297 0.048383
v -0.384883 0.322419 0.049400
v -0.383043 0.318364 0.071626
v -0.404833 0.278357 0.025456
v -0.404656 0.293793 0.018227
v -0.406164 0.273031 0.086349
v -0.406407 0.271235 0.080909
v -0.388576 0.273292 0.082352
v -0.390098 0.276546 0.089535
v -0.391954 0.310375 0.091985
v -0.387804 0.314370 0.083247
v -0.408890 0.315345 0.083032
v -0.407894 0.310915 0.090271
v -0.413729 0.301911 0.087433
v -0.416367 0.307630 0.082054
v -0.415322 0.294825 0.082152
v -0.413338 0.290444 0.086627
v -0.409886 0.319775 0.075793
v -0.406551 0.323518 0.046571
v -0.416636 0.323877 0.051273
v -0.420656 0.320285 0.073416
v -0.415335 0.312798 0.020541
v -0.426167 0.315395 0.033002
v -0.415342 0.320876 0.038875
v -0.422665 0.288686 0.013425
v -0.416103 0.292177 0.015534
v -0.377314 0.292507 0.084814
v -0.379432 0.283126 0.083338
v -0.427656 0.279418 0.049200
v -0.436659 0.281880 0.050662
v -0.434796 0.312773 0.030290
v -0.438205 0.306379 0.041601
v -0.429404 0.310294 0.042868
v -0.387206 0.314429 0.026702
v -0.403563 0.314539 0.022813
v -0.387053 0.270038 0.075169
v -0.391422 0.269443 0.097816
v -0.412151 0.269097 0.094968
v -0.412910 0.310047 0.101843
v -0.394461 0.309966 0.104652
v -0.422548 0.284084 0.096968
v -0.422971 0.301044 0.098619
v -0.406651 0.269439 0.075470
v -0.414682 0.282200 0.080705
v -0.419006 0.313348 0.076675
v -0.377955 0.304942 0.084329
v -0.383666 0.283880 0.091201
v -0.383338 0.282560 0.102306
v -0.412947 0.282791 0.085821
v -0.422548 0.284084 0.096968
v -0.382512 0.298226 0.093758
v -0.382465 0.297984 0.105555
v -0.405277 0.270145 0.048414
v -0.377045 0.297332 0.024606
v -0.370750 0.297515 0.022083
v -0.389698 0.294628 0.020692
v -0.468126 0.284715 0.030338
v -0.463479 0.283891 0.010955
v -0.474097 0.307157 0.076106
v -0.476876 0.307281 0.062164
v -0.478344 0.291902 0.060397
v -0.473291 0.292198 0.080335
v -0.418583 0.297399 0.080130
v -0.428551 0.313265 0.076156
v -0.425877 0.297635 0.080319
v -0.428967 0.286468 0.009686
v -0.436388 0.312837 0.078271
v -0.434549 0.297603 0.081900
v -0.446155 0.283391 0.002602
v -0.451332 0.312751 0.082165
v -0.448469 0.294498 0.087017
v -0.455255 0.286273 0.042597
v -0.465226 0.308014 0.081988
v -0.464050 0.292854 0.087443
v -0.455115 0.293968 0.043783
v -0.469825 0.292447 0.050117
v -0.404656 0.293793 0.018227
v -0.415322 0.294825 0.082152
v -0.416266 0.306948 0.017040
v -0.416103 0.292177 0.015534
v -0.422665 0.288686 0.013425
v -0.383338 0.282560 0.102306
v -0.383666 0.283880 0.091201
v -0.440256 0.290155 0.044879
v -0.433072 0.297016 0.045767
v -0.433072 0.297016 0.045767
v -0.440256 0.290155 0.044879
v -0.436999 0.312407 0.048219
v -0.436999 0.296965 0.046438
v -0.429862 0.310706 0.047318
v -0.433334 0.296959 0.046538
v -0.436999 0.296965 0.046438
v -0.433334 0.296959 0.046538
v -0.415345 0.322896 0.045574
v -0.394603 0.267310 0.114687
v -0.413387 0.268245 0.111290
v -0.414153 0.305842 0.117065
v -0.397589 0.305696 0.119416
v -0.388019 0.294462 0.119068
v -0.388633 0.277376 0.117116
v -0.388633 0.277376 0.117116
v -0.423242 0.280430 0.111886
v -0.422902 0.297603 0.113720
v -0.423242 0.280430 0.111886
v -0.398360 0.276451 0.124178
v -0.413901 0.276898 0.123085
v -0.413828 0.296112 0.124222
v -0.399538 0.295375 0.126588
v -0.398360 0.276451 0.124178
v -0.413901 0.276898 0.123085
v -0.370991 0.293566 0.077207
v -0.377314 0.292507 0.084814
v -0.346870 0.281390 0.019860
v -0.370750 0.297515 0.022083
v -0.349761 0.298508 0.013974
v -0.364317 0.293960 0.077795
v -0.342105 0.295726 0.079676
v -0.343383 0.316385 0.075630
v -0.341726 0.275043 0.066548
v -0.343989 0.271300 0.040632
v -0.343989 0.277941 0.042422
v -0.341726 0.280756 0.061919
v -0.346870 0.285531 0.026796
v -0.347837 0.325301 0.048815
v -0.343383 0.311857 0.068751
v -0.347837 0.318565 0.048579
v -0.350882 0.321211 0.024446
v -0.350882 0.315488 0.030246
v -0.342105 0.295726 0.079676
v -0.342105 0.296316 0.071795
v -0.349761 0.298508 0.013974
v -0.349761 0.298409 0.022368
v -0.349761 0.298409 0.022368
v -0.342105 0.296316 0.071795
v -0.366881 0.281452 0.047055
v -0.364896 0.283778 0.063157
v -0.369408 0.287721 0.034150
v -0.366349 0.309463 0.068800
v -0.370256 0.315003 0.052140
v -0.372926 0.312462 0.036999
v -0.365228 0.296628 0.071313
v -0.371943 0.298357 0.030493
v -0.371943 0.298357 0.030493
v -0.365228 0.296628 0.071313
v -0.413338 0.290444 0.086627
v -0.428967 0.286468 0.009686
v -0.446155 0.283391 0.002602
v 0.077456 -0.003849 -0.049230
v 0.082960 -0.003826 -0.034101
v 0.036305 -0.004087 -0.018998
v 0.031565 -0.004133 -0.035704
v 0.057711 0.033807 0.017983
v 0.061074 0.032795 0.029561
v 0.072602 0.033494 0.026488
v 0.070362 0.033891 0.015550
v 0.056191 0.008053 -0.068227
v 0.054980 0.019082 -0.066585
v 0.066810 0.019126 -0.061294
v 0.068964 0.007825 -0.061639
v 0.032661 0.007679 -0.034569
v 0.033215 0.018022 -0.035603
v 0.031756 0.018778 -0.052616
v 0.030944 0.007926 -0.052631
v 0.054330 -0.003938 0.058601
v 0.054271 0.004381 0.058836
v 0.044837 0.004289 0.033132
v 0.044250 -0.003884 0.033467
v 0.091552 -0.003554 -0.009791
v 0.041385 -0.003667 0.005729
v 0.036159 -0.001519 -0.018908
v 0.082682 -0.001258 -0.033960
v 0.041385 -0.003667 0.005729
v 0.041750 0.004293 0.005864
v 0.036825 0.006560 -0.018807
v 0.036159 -0.001519 -0.018908
v 0.090704 0.004420 -0.009280
v 0.091552 -0.003554 -0.009791
v 0.082682 -0.001258 -0.033960
v 0.082174 0.006907 -0.033674
v 0.104374 -0.003576 0.046635
v 0.100688 -0.003680 0.018819
v 0.100172 0.004474 0.018549
v 0.104155 0.004652 0.046575
v 0.084985 0.031780 0.023284
v 0.079086 0.030855 0.054172
v 0.089906 0.028864 0.051689
v 0.054330 -0.003938 0.058601
v 0.044250 -0.003884 0.033467
v 0.100688 -0.003680 0.018819
v 0.104374 -0.003576 0.046635
v 0.064458 -0.003895 0.071435
v 0.064251 0.004424 0.071646
v 0.082174 0.006907 -0.033674
v 0.081686 0.017459 -0.034428
v 0.089732 0.016104 -0.008194
v 0.090704 0.004420 -0.009280
v 0.054413 0.014712 0.059632
v 0.045808 0.016472 0.032827
v 0.044837 0.004289 0.033132
v 0.054271 0.004381 0.058836
v 0.099562 0.022375 0.048861
v 0.102420 0.012926 0.047871
v 0.099010 0.015409 0.018775
v 0.093695 0.026393 0.020456
v 0.082389 0.027168 0.065237
v 0.091992 0.025460 0.061941
v 0.102171 0.004658 0.060207
v 0.095387 0.004816 0.071422
v 0.096198 -0.003487 0.071171
v 0.102668 -0.003647 0.060075
v 0.100120 0.018499 0.058924
v 0.102122 0.011838 0.060203
v 0.074773 0.021369 0.074874
v 0.064798 0.020699 0.070007
v 0.062497 0.012921 0.070664
v 0.075921 0.013187 0.077724
v 0.069472 -0.003872 -0.061914
v 0.056505 -0.003935 -0.068319
v 0.030653 -0.004210 -0.052732
v 0.031565 -0.004133 -0.035704
v 0.082682 -0.001258 -0.033960
v 0.076774 0.007798 -0.048543
v 0.075767 0.004524 0.077783
v 0.086678 0.004670 0.076556
v 0.086271 0.012848 0.076935
v 0.086678 0.004670 0.076556
v 0.075767 0.004524 0.077783
v 0.075893 -0.003802 0.078236
v 0.087147 -0.003645 0.076657
v 0.083094 0.036799 -0.010401
v 0.079067 0.048849 -0.014827
v 0.075023 0.054645 -0.007639
v 0.078848 0.041778 0.001010
v 0.050821 0.028425 0.031569
v 0.044345 0.026260 0.011028
v 0.068275 0.029941 0.056316
v 0.060053 0.026124 0.058698
v 0.072075 0.026422 0.067286
v 0.041217 0.046641 -0.055058
v 0.046557 0.049433 -0.060656
v 0.046174 0.037662 -0.060503
v 0.039689 0.035960 -0.058541
v 0.036654 0.008072 -0.062748
v 0.045491 0.008141 -0.067341
v 0.045346 -0.003998 -0.067907
v 0.036437 -0.004061 -0.063037
v 0.065733 0.056935 -0.004096
v 0.054441 0.054948 -0.002438
v 0.056445 0.041860 0.010184
v 0.068567 0.042671 0.007799
v 0.042071 0.014584 0.008648
v 0.100172 0.004474 0.018549
v 0.088264 0.025278 -0.005816
v 0.082090 0.032701 0.009496
v 0.046267 0.037149 0.004340
v 0.373181 0.276916 0.048369
v 0.371132 0.282372 0.069862
v 0.364381 0.278703 0.069358
v 0.366423 0.273343 0.046503
v 0.374839 0.281126 0.034065
v 0.368256 0.281119 0.030817
v 0.372362 0.311657 0.071696
v 0.374529 0.319766 0.049808
v 0.368303 0.321168 0.049571
v 0.365565 0.312678 0.072434
v 0.377435 0.314270 0.032174
v 0.371167 0.315661 0.030141
v 0.370991 0.293566 0.077207
v 0.364317 0.293960 0.077795
v 0.377045 0.297332 0.024606
v 0.389699 0.294628 0.020691
v 0.389410 0.278124 0.028189
v 0.463977 0.277067 0.029434
v 0.460728 0.276243 0.016462
v 0.463479 0.283891 0.010955
v 0.468126 0.284715 0.030338
v 0.472259 0.282019 0.063271
v 0.478344 0.291902 0.060397
v 0.473291 0.292198 0.080334
v 0.469983 0.282218 0.076197
v 0.416016 0.280315 0.023259
v 0.423121 0.278804 0.021068
v 0.426721 0.279464 0.042302
v 0.416881 0.275620 0.047908
v 0.418583 0.297399 0.080130
v 0.416416 0.281609 0.075590
v 0.426920 0.282380 0.073527
v 0.425877 0.297635 0.080319
v 0.423152 0.303855 0.015076
v 0.423118 0.311904 0.018978
v 0.431834 0.311248 0.015706
v 0.430093 0.302265 0.011460
v 0.434907 0.281347 0.074445
v 0.434549 0.297603 0.081900
v 0.430146 0.319712 0.072878
v 0.437131 0.320219 0.074007
v 0.437750 0.321872 0.058607
v 0.429346 0.320951 0.056753
v 0.449134 0.307832 0.010917
v 0.447643 0.298300 0.004488
v 0.430146 0.274505 0.018686
v 0.443879 0.272339 0.013782
v 0.451327 0.272502 0.033072
v 0.435652 0.276677 0.038508
v 0.447255 0.275859 0.077764
v 0.448470 0.294498 0.087017
v 0.452979 0.320481 0.076872
v 0.455667 0.320630 0.058217
v 0.455255 0.286273 0.042597
v 0.454042 0.303840 0.038071
v 0.465743 0.298248 0.027101
v 0.452030 0.309355 0.026487
v 0.461988 0.297697 0.011472
v 0.451180 0.276375 0.052212
v 0.461877 0.276268 0.056317
v 0.458410 0.276858 0.078216
v 0.464050 0.292854 0.087443
v 0.465672 0.315903 0.077673
v 0.468068 0.316034 0.059491
v 0.455115 0.293968 0.043783
v 0.456117 0.313986 0.048417
v 0.468705 0.307949 0.053343
v 0.469826 0.292447 0.050117
v 0.388231 0.270297 0.048383
v 0.383043 0.318364 0.071626
v 0.384883 0.322419 0.049400
v 0.404656 0.293793 0.018227
v 0.404833 0.278358 0.025456
v 0.406164 0.273031 0.086349
v 0.390099 0.276546 0.089535
v 0.388576 0.273292 0.082352
v 0.406408 0.271235 0.080909
v 0.391954 0.310375 0.091985
v 0.407894 0.310915 0.090271
v 0.408890 0.315345 0.083032
v 0.387804 0.314370 0.083247
v 0.413729 0.301911 0.087433
v 0.413338 0.290444 0.086627
v 0.415323 0.294825 0.082152
v 0.416367 0.307630 0.082054
v 0.409886 0.319775 0.075793
v 0.420656 0.320285 0.073416
v 0.416636 0.323877 0.051273
v 0.406551 0.323518 0.046571
v 0.415335 0.312798 0.020541
v 0.415343 0.320875 0.038875
v 0.426167 0.315394 0.033002
v 0.416103 0.292177 0.015534
v 0.422666 0.288686 0.013425
v 0.379432 0.283126 0.083338
v 0.377314 0.292507 0.084814
v 0.427656 0.279419 0.049200
v 0.436659 0.281880 0.050662
v 0.429404 0.310294 0.042868
v 0.438205 0.306379 0.041601
v 0.434796 0.312773 0.030290
v 0.387207 0.314429 0.026702
v 0.403563 0.314539 0.022813
v 0.387053 0.270038 0.075169
v 0.412151 0.269097 0.094968
v 0.391422 0.269443 0.097816
v 0.394461 0.309966 0.104652
v 0.412910 0.310047 0.101843
v 0.422971 0.301044 0.098619
v 0.422548 0.284084 0.096968
v 0.414682 0.282200 0.080705
v 0.406651 0.269439 0.075470
v 0.419006 0.313349 0.076675
v 0.377956 0.304942 0.084329
v 0.383338 0.282560 0.102306
v 0.383667 0.283880 0.091201
v 0.412947 0.282791 0.085821
v 0.422548 0.284084 0.096968
v 0.382512 0.298226 0.093757
v 0.382465 0.297984 0.105554
v 0.405277 0.270145 0.048414
v 0.377045 0.297332 0.024606
v 0.370750 0.297515 0.022083
v 0.389699 0.294628 0.020691
v 0.468126 0.284715 0.030338
v 0.463479 0.283891 0.010955
v 0.474097 0.307157 0.076106
v 0.473291 0.292198 0.080334
v 0.478344 0.291902 0.060397
v 0.476876 0.307281 0.062164
v 0.418583 0.297399 0.080130
v 0.425877 0.297635 0.080319
v 0.428551 0.313265 0.076155
v 0.428967 0.286468 0.009686
v 0.434549 0.297603 0.081900
v 0.436388 0.312837 0.078270
v 0.446155 0.283391 0.002602
v 0.448470 0.294498 0.087017
v 0.451332 0.312751 0.082165
v 0.455255 0.286273 0.042597
v 0.464050 0.292854 0.087443
v 0.465226 0.308014 0.081988
v 0.455115 0.293968 0.043783
v 0.469826 0.292447 0.050117
v 0.404656 0.293793 0.018227
v 0.415323 0.294825 0.082152
v 0.422666 0.288686 0.013425
v 0.416103 0.292177 0.015534
v 0.416266 0.306948 0.017040
v 0.383667 0.283880 0.091201
v 0.383338 0.282560 0.102306
v 0.433072 0.297016 0.045767
v 0.440256 0.290155 0.044879
v 0.433072 0.297016 0.045767
v 0.440256 0.290155 0.044879
v 0.436999 0.296965 0.046438
v 0.436999 0.312407 0.048219
v 0.433334 0.296959 0.046538
v 0.429862 0.310706 0.047318
v 0.436999 0.296965 0.046438
v 0.433334 0.296959 0.046538
v 0.415345 0.322897 0.045574
v 0.413387 0.268245 0.111290
v 0.394603 0.267310 0.114687
v 0.397589 0.305696 0.119416
v 0.414153 0.305842 0.117065
v 0.388633 0.277376 0.117116
v 0.388019 0.294462 0.119068
v 0.388633 0.277376 0.117116
v 0.423242 0.280430 0.111886
v 0.422902 0.297604 0.113720
v 0.423242 0.280430 0.111886
v 0.413901 0.276898 0.123085
v 0.398360 0.276451 0.124178
v 0.399538 0.295375 0.126588
v 0.413828 0.296112 0.124222
v 0.398360 0.276451 0.124178
v 0.413901 0.276898 0.123085
v 0.370991 0.293566 0.077207
v 0.377314 0.292507 0.084814
v 0.346870 0.281390 0.019860
v 0.349761 0.298508 0.013974
v 0.370750 0.297515 0.022083
v 0.343383 0.316385 0.075630
v 0.342105 0.295726 0.079676
v 0.364317 0.293960 0.077795
v 0.341726 0.275043 0.066548
v 0.341727 0.280756 0.061919
v 0.343989 0.277941 0.042422
v 0.343989 0.271300 0.040631
v 0.346870 0.285531 0.026796
v 0.347837 0.325301 0.048815
v 0.347837 0.318565 0.048579
v 0.343383 0.311857 0.068751
v 0.350882 0.321211 0.024446
v 0.350882 0.315488 0.030246
v 0.342105 0.295726 0.079676
v 0.342105 0.296316 0.071795
v 0.349761 0.298508 0.013974
v 0.349761 0.298409 0.022368
v 0.349761 0.298409 0.022368
v 0.342105 0.296316 0.071795
v 0.364896 0.283778 0.063157
v 0.366881 0.281452 0.047055
v 0.369408 0.287721 0.034150
v 0.370256 0.315003 0.052140
v 0.366349 0.309463 0.068799
v 0.372926 0.312462 0.036999
v 0.365228 0.296628 0.071313
v 0.371943 0.298357 0.030493
v 0.371943 0.298357 0.030493
v 0.365228 0.296628 0.071313
v 0.413338 0.290444 0.086627
v 0.428967 0.286468 0.009686
v 0.446155 0.283391 0.002602
v 0.053299 0.049465 -0.061830
v 0.053966 0.037705 -0.061426
v 0.046174 0.037662 -0.060503
v 0.046557 0.049433 -0.060656
v 0.045346 -0.003998 -0.067907
v 0.045491 0.008141 -0.067341
v 0.036529 0.043125 -0.048291
v 0.034799 0.034359 -0.050719
v 0.036910 0.039280 -0.035795
v 0.035282 0.032105 -0.036042
v 0.038091 0.032307 -0.022021
v 0.039970 0.038719 -0.023614
v 0.075598 0.038873 -0.032623
v 0.079320 0.030862 -0.033819
v 0.072153 0.032673 -0.048421
v 0.068706 0.040546 -0.047803
v 0.030653 -0.004210 -0.052732
v 0.036437 -0.004061 -0.063037
v 0.045346 -0.003998 -0.067907
v 0.056505 -0.003935 -0.068319
v 0.069472 -0.003872 -0.061914
v 0.077456 -0.003849 -0.049230
v 0.064003 0.035574 -0.058505
v 0.062050 0.045504 -0.056179
v 0.036159 -0.001519 -0.018908
v 0.036825 0.006560 -0.018807
v 0.046840 0.050457 -0.002957
v 0.102668 -0.003647 0.060075
v 0.064458 -0.003895 0.071435
v 0.102171 0.004658 0.060207
v 0.095028 0.012614 0.071039
v 0.095387 0.004816 0.071422
v 0.064251 0.004424 0.071646
v 0.096198 -0.003487 0.071171
v 0.087147 -0.003645 0.076657
v 0.075893 -0.003802 0.078236
v 0.065956 0.025643 -0.060830
v 0.054633 0.025954 -0.066423
v 0.032978 0.024758 -0.052561
v 0.033517 0.023137 -0.035446
v 0.081137 0.023122 -0.034431
v 0.038161 0.025838 -0.061468
v 0.045792 0.025900 -0.065359
v 0.045547 0.018981 -0.065832
v 0.037534 0.018933 -0.062183
v 0.045547 0.018981 -0.065832
v 0.045792 0.025900 -0.065359
v 0.036514 0.016160 -0.019878
v 0.036540 0.021846 -0.020348
v 0.075602 0.018496 -0.048908
v 0.075180 0.024800 -0.048856
v 0.085388 0.021692 0.074016
v 0.093796 0.020944 0.067966
v 0.104155 0.004652 0.046575
v 0.041750 0.004293 0.005864
v 0.054103 0.053799 -0.012414
v 0.049611 0.049102 -0.012530
v 0.046840 0.050457 -0.002957
v 0.046840 0.050457 -0.002957
v 0.054441 0.054948 -0.002438
v 0.054103 0.053799 -0.012414
v 0.053299 0.049465 -0.061830
v 0.054939 0.049965 -0.051183
v 0.059586 0.045607 -0.050440
v 0.059586 0.045607 -0.050440
v 0.062050 0.045504 -0.056179
v 0.053299 0.049465 -0.061830
v 0.036910 0.039280 -0.035795
v 0.043603 0.039323 -0.035582
v 0.043576 0.043845 -0.045618
v 0.043576 0.043845 -0.045618
v 0.036529 0.043125 -0.048291
v 0.036910 0.039280 -0.035795
v 0.041217 0.046641 -0.055058
v 0.045362 0.045741 -0.048132
v 0.049950 0.049937 -0.050315
v 0.049950 0.049937 -0.050315
v 0.046557 0.049433 -0.060656
v 0.041217 0.046641 -0.055058
v 0.046557 0.049433 -0.060656
v 0.049950 0.049937 -0.050315
v 0.054939 0.049965 -0.051183
v 0.054939 0.049965 -0.051183
v 0.053299 0.049465 -0.061830
v 0.046557 0.049433 -0.060656
v 0.036529 0.043125 -0.048291
v 0.043576 0.043845 -0.045618
v 0.045362 0.045741 -0.048132
v 0.045362 0.045741 -0.048132
v 0.041217 0.046641 -0.055058
v 0.036529 0.043125 -0.048291
v 0.046840 0.050457 -0.002957
v 0.049611 0.049102 -0.012530
v 0.046580 0.039722 -0.025527
v 0.046580 0.039722 -0.025527
v 0.039970 0.038719 -0.023614
v 0.046840 0.050457 -0.002957
v 0.075598 0.038873 -0.032623
v 0.069573 0.039075 -0.031442
v 0.071476 0.048041 -0.018978
v 0.071476 0.048041 -0.018978
v 0.079067 0.048849 -0.014827
v 0.075598 0.038873 -0.032623
v 0.039970 0.038719 -0.023614
v 0.046580 0.039722 -0.025527
v 0.043603 0.039323 -0.035582
v 0.043603 0.039323 -0.035582
v 0.036910 0.039280 -0.035795
v 0.039970 0.038719 -0.023614
v 0.068706 0.040546 -0.047803
v 0.064065 0.040664 -0.044354
v 0.069573 0.039075 -0.031442
v 0.069573 0.039075 -0.031442
v 0.075598 0.038873 -0.032623
v 0.068706 0.040546 -0.047803
v 0.062050 0.045504 -0.056179
v 0.059586 0.045607 -0.050440
v 0.064065 0.040664 -0.044354
v 0.064065 0.040664 -0.044354
v 0.068706 0.040546 -0.047803
v 0.062050 0.045504 -0.056179
v 0.065733 0.056935 -0.004096
v 0.062446 0.054955 -0.013288
v 0.054103 0.053799 -0.012414
v 0.054103 0.053799 -0.012414
v 0.054441 0.054948 -0.002438
v 0.065733 0.056935 -0.004096
v 0.079067 0.048849 -0.014827
v 0.071476 0.048041 -0.018978
v 0.069066 0.052301 -0.016322
v 0.069066 0.052301 -0.016322
v 0.075023 0.054645 -0.007639
v 0.079067 0.048849 -0.014827
v 0.075023 0.054645 -0.007639
v 0.069066 0.052301 -0.016322
v 0.062446 0.054955 -0.013288
v 0.062446 0.054955 -0.013288
v 0.065733 0.056935 -0.004096
v 0.075023 0.054645 -0.007639
v 0.082960 -0.003826 -0.034101
v 0.036305 -0.004087 -0.018998
v -0.077456 -0.003849 -0.049230
v -0.031565 -0.004133 -0.035704
v -0.036305 -0.004087 -0.018998
v -0.082960 -0.003826 -0.034101
v -0.057711 0.033807 0.017983
v -0.070362 0.033891 0.015550
v -0.072602 0.033494 0.026488
v -0.061074 0.032795 0.029561
v -0.056191 0.008053 -0.068227
v -0.068964 0.007825 -0.061639
v -0.066810 0.019126 -0.061294
v -0.054980 0.019082 -0.066585
v -0.032661 0.007679 -0.034569
v -0.030944 0.007926 -0.052631
v -0.031756 0.018778 -0.052616
v -0.033215 0.018022 -0.035603
v -0.054330 -0.003938 0.058601
v -0.044250 -0.003884 0.033467
v -0.044837 0.004289 0.033132
v -0.054271 0.004381 0.058836
v -0.091552 -0.003554 -0.009791
v -0.082682 -0.001258 -0.033960
v -0.036159 -0.001519 -0.018908
v -0.041385 -0.003667 0.005729
v -0.041385 -0.003667 0.005729
v -0.036159 -0.001519 -0.018908
v -0.036825 0.006560 -0.018807
v -0.041750 0.004293 0.005864
v -0.090704 0.004420 -0.009280
v -0.082174 0.006907 -0.033674
v -0.082682 -0.001258 -0.033960
v -0.091552 -0.003554 -0.009791
v -0.104374 -0.003576 0.046635
v -0.104155 0.004652 0.046575
v -0.100172 0.004474 0.018549
v -0.100688 -0.003680 0.018819
v -0.084985 0.031780 0.023284
v -0.089906 0.028864 0.051689
v -0.079086 0.030855 0.054173
v -0.054330 -0.003938 0.058601
v -0.104374 -0.003576 0.046635
v -0.100688 -0.003680 0.018819
v -0.044250 -0.003884 0.033467
v -0.064251 0.004424 0.071646
v -0.064458 -0.003895 0.071435
v -0.082174 0.006907 -0.033674
v -0.090704 0.004420 -0.009280
v -0.089732 0.016104 -0.008194
v -0.081686 0.017459 -0.034428
v -0.054413 0.014712 0.059632
v -0.054271 0.004381 0.058836
v -0.044837 0.004289 0.033132
v -0.045808 0.016472 0.032827
v -0.099562 0.022375 0.048861
v -0.093695 0.026393 0.020456
v -0.099010 0.015409 0.018775
v -0.102419 0.012926 0.047871
v -0.091992 0.025460 0.061941
v -0.082389 0.027168 0.065237
v -0.102171 0.004658 0.060207
v -0.102668 -0.003647 0.060075
v -0.096198 -0.003487 0.071171
v -0.095387 0.004816 0.071422
v -0.102122 0.011838 0.060203
v -0.100120 0.018499 0.058924
v -0.074773 0.021369 0.074874
v -0.075921 0.013187 0.077724
v -0.062497 0.012921 0.070664
v -0.064798 0.020699 0.070007
v -0.056505 -0.003935 -0.068319
v -0.069472 -0.003872 -0.061914
v -0.031565 -0.004133 -0.035704
v -0.030653 -0.004210 -0.052732
v -0.082682 -0.001258 -0.033960
v -0.076774 0.007798 -0.048543
v -0.075766 0.004524 0.077783
v -0.086271 0.012848 0.076935
v -0.086678 0.004670 0.076557
v -0.086678 0.004670 0.076557
v -0.087147 -0.003645 0.076658
v -0.075893 -0.003802 0.078236
v -0.075766 0.004524 0.077783
v -0.083094 0.036799 -0.010401
v -0.078848 0.041778 0.001010
v -0.075023 0.054645 -0.007639
v -0.079067 0.048849 -0.014827
v -0.050821 0.028425 0.031569
v -0.044345 0.026260 0.011028
v -0.068275 0.029941 0.056316
v -0.060053 0.026124 0.058698
v -0.072075 0.026422 0.067287
v -0.041217 0.046641 -0.055058
v -0.039689 0.035960 -0.058541
v -0.046174 0.037662 -0.060503
v -0.046557 0.049433 -0.060656
v -0.036654 0.008072 -0.062748
v -0.036437 -0.004061 -0.063037
v -0.045346 -0.003998 -0.067907
v -0.045491 0.008141 -0.067341
v -0.065733 0.056935 -0.004096
v -0.068567 0.042671 0.007799
v -0.056445 0.041860 0.010184
v -0.054441 0.054948 -0.002438
v -0.042071 0.014584 0.008648
v -0.100172 0.004474 0.018549
v -0.082090 0.032701 0.009496
v -0.088264 0.025278 -0.005816
v -0.046267 0.037149 0.004340
v -0.053299 0.049465 -0.061830
v -0.046557 0.049433 -0.060656
v -0.046174 0.037662 -0.060503
v -0.053966 0.037705 -0.061426
v -0.045491 0.008141 -0.067341
v -0.045346 -0.003998 -0.067907
v -0.036529 0.043125 -0.048291
v -0.034799 0.034359 -0.050719
v -0.036910 0.039280 -0.035795
v -0.039970 0.038719 -0.023614
v -0.038091 0.032307 -0.022021
v -0.035282 0.032105 -0.036042
v -0.075598 0.038873 -0.032623
v -0.068706 0.040546 -0.047803
v -0.072153 0.032673 -0.048421
v -0.079320 0.030862 -0.033819
v -0.069472 -0.003872 -0.061914
v -0.056505 -0.003935 -0.068319
v -0.045346 -0.003998 -0.067907
v -0.036437 -0.004061 -0.063037
v -0.030653 -0.004210 -0.052732
v -0.077456 -0.003849 -0.049230
v -0.062050 0.045504 -0.056179
v -0.064003 0.035574 -0.058505
v -0.036825 0.006560 -0.018807
v -0.036159 -0.001519 -0.018908
v -0.046840 0.050457 -0.002957
v -0.064458 -0.003895 0.071435
v -0.102668 -0.003647 0.060075
v -0.102171 0.004658 0.060207
v -0.095387 0.004816 0.071422
v -0.095028 0.012614 0.071039
v -0.064251 0.004424 0.071646
v -0.075893 -0.003802 0.078236
v -0.087147 -0.003645 0.076658
v -0.096198 -0.003487 0.071171
v -0.054633 0.025954 -0.066423
v -0.065956 0.025643 -0.060830
v -0.032978 0.024758 -0.052561
v -0.033517 0.023137 -0.035446
v -0.081137 0.023122 -0.034431
v -0.038161 0.025838 -0.061468
v -0.037534 0.018933 -0.062183
v -0.045547 0.018981 -0.065832
v -0.045792 0.025900 -0.065359
v -0.045547 0.018981 -0.065832
v -0.045792 0.025900 -0.065359
v -0.036513 0.016160 -0.019878
v -0.036540 0.021846 -0.020348
v -0.075602 0.018496 -0.048908
v -0.075180 0.024800 -0.048856
v -0.085388 0.021692 0.074016
v -0.093796 0.020944 0.067966
v -0.104155 0.004652 0.046575
v -0.041750 0.004293 0.005864
v -0.054103 0.053799 -0.012414
v -0.054441 0.054948 -0.002438
v -0.046840 0.050457 -0.002957
v -0.046840 0.050457 -0.002957
v -0.049611 0.049102 -0.012530
v -0.054103 0.053799 -0.012414
v -0.053299 0.049465 -0.061830
v -0.062050 0.045504 -0.056179
v -0.059587 0.045607 -0.050440
v -0.059587 0.045607 -0.050440
v -0.054939 0.049965 -0.051183
v -0.053299 0.049465 -0.061830
v -0.036910 0.039280 -0.035795
v -0.036529 0.043125 -0.048291
v -0.043576 0.043845 -0.045618
v -0.043576 0.043845 -0.045618
v -0.043603 0.039323 -0.035582
v -0.036910 0.039280 -0.035795
v -0.041217 0.046641 -0.055058
v -0.046557 0.049433 -0.060656
v -0.049950 0.049937 -0.050315
v -0.049950 0.049937 -0.050315
v -0.045362 0.045741 -0.048132
v -0.041217 0.046641 -0.055058
v -0.046557 0.049433 -0.060656
v -0.053299 0.049465 -0.061830
v -0.054939 0.049965 -0.051183
v -0.054939 0.049965 -0.051183
v -0.049950 0.049937 -0.050315
v -0.046557 0.049433 -0.060656
v -0.036529 0.043125 -0.048291
v -0.041217 0.046641 -0.055058
v -0.045362 0.045741 -0.048132
v -0.045362 0.045741 -0.048132
v -0.043576 0.043845 -0.045618
v -0.036529 0.043125 -0.048291
v -0.046840 0.050457 -0.002957
v -0.039970 0.038719 -0.023614
v -0.046580 0.039722 -0.025527
v -0.046580 0.039722 -0.025527
v -0.049611 0.049102 -0.012530
v -0.046840 0.050457 -0.002957
v -0.075598 0.038873 -0.032623
v -0.079067 0.048849 -0.014827
v -0.071476 0.048041 -0.018977
v -0.071476 0.048041 -0.018977
v -0.069573 0.039075 -0.031442
v -0.075598 0.038873 -0.032623
v -0.039970 0.038719 -0.023614
v -0.036910 0.039280 -0.035795
v -0.043603 0.039323 -0.035582
v -0.043603 0.039323 -0.035582
v -0.046580 0.039722 -0.025527
v -0.039970 0.038719 -0.023614
v -0.068706 0.040546 -0.047803
v -0.075598 0.038873 -0.032623
v -0.069573 0.039075 -0.031442
v -0.069573 0.039075 -0.031442
v -0.064065 0.040664 -0.044354
v -0.068706 0.040546 -0.047803
v -0.062050 0.045504 -0.056179
v -0.068706 0.040546 -0.047803
v -0.064065 0.040664 -0.044354
v -0.064065 0.040664 -0.044354
v -0.059587 0.045607 -0.050440
v -0.062050 0.045504 -0.056179
v -0.065733 0.056935 -0.004096
v -0.054441 0.054948 -0.002438
v -0.054103 0.053799 -0.012414
v -0.054103 0.053799 -0.012414
v -0.062446 0.054955 -0.013288
v -0.065733 0.056935 -0.004096
v -0.079067 0.048849 -0.014827
v -0.075023 0.054645 -0.007639
v -0.069066 0.052301 -0.016322
v -0.069066 0.052301 -0.016322
v -0.071476 0.048041 -0.018977
v -0.079067 0.048849 -0.014827
v -0.075023 0.054645 -0.007639
v -0.065733 0.056935 -0.004096
v -0.062446 0.054955 -0.013288
v -0.062446 0.054955 -0.013288
v -0.069066 0.052301 -0.016322
v -0.075023 0.054645 -0.007639
v -0.082960 -0.003826 -0.034101
v -0.036305 -0.004087 -0.018998
v -0.166486 0.551065 0.113178
v -0.157799 0.551065 0.129746
v -0.141285 0.552565 0.121409
v -0.151229 0.552565 0.105569
v -0.166486 0.506069 0.113178
v -0.157799 0.506069 0.129746
v -0.151229 0.504569 0.105569
v -0.141285 0.504569 0.121409
v -0.183531 0.548852 0.076271
v -0.167827 0.550352 0.069995
v -0.183531 0.506069 0.076271
v -0.167827 0.504569 0.069995
v -0.193932 0.547465 0.048058
v -0.177222 0.548965 0.043085
v -0.193932 0.506069 0.048058
v -0.177222 0.504569 0.043085
v -0.201178 0.546193 0.018330
v -0.182878 0.547693 0.015271
v -0.201178 0.506069 0.018330
v -0.182878 0.504569 0.015271
v -0.204097 0.545493 -0.013234
v -0.185527 0.546993 -0.013390
v -0.204097 0.506069 -0.013234
v -0.185527 0.504569 -0.013390
v -0.201554 0.544313 -0.046894
v -0.183220 0.545813 -0.043917
v -0.201554 0.506069 -0.046894
v -0.183220 0.504569 -0.043917
v -0.192462 0.543536 -0.083019
v -0.174959 0.545036 -0.076738
v -0.192462 0.506069 -0.083019
v -0.174959 0.504569 -0.076738
v -0.175928 0.543069 -0.117926
v -0.160076 0.544569 -0.108155
v -0.175928 0.506069 -0.117926
v -0.160076 0.504569 -0.108155
v -0.152956 0.543069 -0.147380
v -0.139477 0.544569 -0.134569
v -0.152956 0.506069 -0.147380
v -0.139477 0.504569 -0.134569
v -0.125369 0.543069 -0.171240
v -0.114468 0.544569 -0.156201
v -0.125369 0.506069 -0.171240
v -0.114468 0.504569 -0.156201
v -0.094830 0.543069 -0.189596
v -0.086533 0.544569 -0.172993
v -0.094830 0.506069 -0.189596
v -0.086533 0.504569 -0.172993
v -0.062923 0.543069 -0.202549
v -0.057253 0.544569 -0.184880
v -0.062923 0.506069 -0.202549
v -0.057253 0.504569 -0.184880
v -0.031165 0.543069 -0.210168
v -0.028286 0.544569 -0.191829
v -0.031165 0.506069 -0.210168
v -0.028286 0.504569 -0.191829
v 0.000000 0.544569 -0.193832
v 0.000000 0.543069 -0.212379
v 0.000000 0.506069 -0.212379
v 0.000000 0.504569 -0.193832
v 0.166486 0.551065 0.113178
v 0.151229 0.552565 0.105569
v 0.141285 0.552565 0.121408
v 0.157799 0.551065 0.129746
v 0.166486 0.506069 0.113178
v 0.157799 0.506069 0.129746
v 0.151229 0.504569 0.105569
v 0.141285 0.504569 0.121408
v 0.183531 0.548852 0.076271
v 0.167827 0.550352 0.069995
v 0.183531 0.506069 0.076271
v 0.167827 0.504569 0.069995
v 0.193932 0.547465 0.048058
v 0.177222 0.548965 0.043085
v 0.193932 0.506069 0.048058
v 0.177222 0.504569 0.043085
v 0.201178 0.546193 0.018330
v 0.182878 0.547693 0.015271
v 0.201178 0.506069 0.018330
v 0.182878 0.504569 0.015271
v 0.204097 0.545493 -0.013234
v 0.185527 0.546993 -0.013390
v 0.204097 0.506069 -0.013234
v 0.185527 0.504569 -0.013390
v 0.201553 0.544313 -0.046894
v 0.183220 0.545813 -0.043917
v 0.201553 0.506069 -0.046894
v 0.183220 0.504569 -0.043917
v 0.192462 0.543536 -0.083019
v 0.174959 0.545036 -0.076738
v 0.192462 0.506069 -0.083019
v 0.174959 0.504569 -0.076738
v 0.175928 0.543069 -0.117926
v 0.160075 0.544569 -0.108155
v 0.175928 0.506069 -0.117926
v 0.160075 0.504569 -0.108155
v 0.152956 0.543069 -0.147380
v 0.139477 0.544569 -0.134569
v 0.152956 0.506069 -0.147380
v 0.139477 0.504569 -0.134569
v 0.125368 0.543069 -0.171240
v 0.114468 0.544569 -0.156201
v 0.125368 0.506069 -0.171240
v 0.114468 0.504569 -0.156201
v 0.094830 0.543069 -0.189596
v 0.086532 0.544569 -0.172993
v 0.094830 0.506069 -0.189596
v 0.086532 0.504569 -0.172993
v 0.062923 0.543069 -0.202549
v 0.057252 0.544569 -0.184880
v 0.062923 0.506069 -0.202549
v 0.057252 0.504569 -0.184880
v 0.031165 0.543069 -0.210168
v 0.028286 0.544569 -0.191829
v 0.031165 0.506069 -0.210168
v 0.028286 0.504569 -0.191829
v -0.072815 0.382483 0.137819
v -0.051392 0.373738 0.147151
v -0.061257 0.383293 0.153487
v -0.081536 0.393852 0.144708
v 0.000000 0.382887 0.160087
v -0.029648 0.393852 0.158449
v -0.025887 0.382453 0.152227
v 0.000259 0.373862 0.148756
v 0.026559 0.382483 0.152227
v 0.029649 0.393852 0.158449
v 0.051483 0.373738 0.148494
v 0.057747 0.384514 0.154463
v -0.054740 0.401265 0.148321
v -0.078089 0.401265 0.136923
v 0.000000 0.401265 0.153945
v -0.028104 0.401265 0.152307
v 0.028104 0.401265 0.152307
v 0.054740 0.401265 0.148321
v 0.074966 0.381619 0.136408
v 0.099218 0.371825 0.116021
v 0.107007 0.382089 0.127168
v 0.081139 0.393698 0.144243
v 0.116405 0.386646 0.095079
v 0.125729 0.393895 0.098884
v 0.119281 0.370928 0.066748
v 0.133311 0.381143 0.066444
v 0.125983 0.383178 0.037178
v 0.134144 0.393196 0.036802
v 0.103475 0.401265 0.121178
v 0.078089 0.401265 0.136923
v 0.120534 0.401265 0.093853
v 0.127203 0.401265 0.063219
v 0.127203 0.401265 0.033513
v -0.120813 0.375815 0.007135
v -0.123831 0.383337 0.038414
v -0.134156 0.394111 0.040326
v -0.128867 0.393852 0.003479
v -0.114390 0.374028 0.068560
v -0.107306 0.378585 0.092356
v -0.124675 0.393852 0.102894
v -0.133414 0.383642 0.069712
v -0.096500 0.369226 0.115753
v -0.108926 0.381429 0.127175
v -0.127203 0.401265 0.033513
v -0.122285 0.401265 -0.001526
v -0.120534 0.401265 0.093853
v -0.127203 0.401265 0.063219
v -0.103474 0.401265 0.121178
v 0.118866 0.372694 0.009730
v 0.129172 0.383031 0.006927
v 0.122285 0.401265 -0.001526
v 0.089888 0.376719 0.015563
v 0.082622 0.393852 0.010119
v 0.078159 0.401265 -0.000214
v -0.082317 0.393852 0.004791
v -0.088660 0.375815 0.011844
v -0.078159 0.401265 -0.000214
v -0.044772 0.354912 0.153255
v -0.058239 0.356530 0.151111
v -0.055844 0.349365 0.148791
v -0.044101 0.344238 0.150631
v -0.016359 0.341865 0.151048
v -0.012742 0.351189 0.153856
v 0.043223 0.339859 0.151134
v 0.043940 0.354828 0.154307
v 0.013876 0.353752 0.153249
v 0.016683 0.339035 0.150930
v 0.056675 0.355126 0.153284
v 0.054417 0.346542 0.150965
v -0.005806 0.344810 0.150850
v 0.001183 0.354217 0.149320
v 0.005162 0.344553 0.149506
v 0.001183 0.355533 0.151640
v -0.041980 0.393093 0.152950
v -0.055148 0.393040 0.150327
v -0.012330 0.392422 0.153856
v 0.043970 0.392422 0.154307
v 0.013754 0.392422 0.153249
v 0.056553 0.392422 0.153284
v 0.001183 0.355533 0.151640
v 0.001183 0.392422 0.151640
v 0.001183 0.392422 0.151640
v 0.001183 0.355533 0.151640
v 0.005162 0.344553 0.149506
v -0.055310 0.349365 0.138782
v -0.049549 0.346609 0.137670
v -0.040482 0.344238 0.120601
v -0.013403 0.341865 0.123293
v 0.015398 0.339035 0.123739
v 0.041923 0.339859 0.122729
v 0.055088 0.346856 0.141932
v -0.056201 0.392493 0.148931
v -0.057705 0.356530 0.141101
v 0.056675 0.355126 0.145106
v -0.002840 0.344810 0.124513
v 0.001183 0.354217 0.149320
v 0.001645 0.352993 0.122890
v 0.005343 0.344553 0.124329
v 0.056553 0.392422 0.147425
v 0.001183 0.354217 0.149320
v 0.001645 0.352993 0.122890
v -0.046009 0.346989 0.120518
v 0.053562 0.345688 0.122095
v -0.057705 0.356530 0.141101
v -0.056201 0.392493 0.148931
v -0.095647 0.390329 0.130029
v -0.083794 0.346218 0.122496
v -0.055310 0.349365 0.138782
v -0.049549 0.346609 0.137670
v -0.056184 0.341263 0.133309
v -0.079411 0.338513 0.119311
v -0.103329 0.379790 0.121140
v -0.096638 0.350198 0.116688
v -0.090523 0.342675 0.114703
v -0.066420 0.346395 0.095110
v -0.042442 0.349133 0.108323
v -0.046009 0.346989 0.120518
v -0.084911 0.345507 0.104354
v -0.073868 0.346644 0.098089
v -0.096638 0.350198 0.116688
v -0.103329 0.379790 0.121140
v -0.104714 0.382260 0.120143
v -0.100412 0.352673 0.118387
v -0.117495 0.386659 0.094984
v -0.112197 0.348778 0.093423
v -0.125521 0.379847 0.069101
v -0.121763 0.354478 0.068051
v -0.098546 0.345051 0.114503
v -0.090948 0.346305 0.111058
v -0.101235 0.339285 0.104300
v -0.111443 0.338584 0.078893
v -0.118321 0.345629 0.065579
v -0.090948 0.346305 0.111058
v -0.085290 0.343945 0.067892
v -0.075542 0.344119 0.093411
v -0.098162 0.345620 0.064854
v -0.084911 0.345507 0.104354
v -0.034978 0.354811 0.115262
v -0.090786 0.349283 0.057725
v -0.073868 0.346644 0.098089
v -0.121763 0.354478 0.068051
v -0.125521 0.379847 0.069101
v -0.129180 0.382426 0.068680
v -0.129923 0.355138 0.067125
v -0.118321 0.345629 0.065579
v -0.127025 0.345976 0.064612
v -0.098162 0.345620 0.064854
v -0.097245 0.340744 0.056953
v -0.125608 0.340592 0.053651
v -0.127567 0.391668 0.039039
v -0.127812 0.355020 0.039351
v -0.122492 0.340986 0.025854
v -0.094217 0.341124 0.029122
v -0.120712 0.345891 0.014843
v -0.092436 0.346029 0.018111
v -0.123203 0.392644 0.010086
v -0.122425 0.355653 0.010980
v -0.089385 0.394125 0.014312
v -0.090575 0.355653 0.014921
v 0.055088 0.346856 0.141932
v 0.061892 0.343998 0.137336
v 0.063479 0.355126 0.142036
v 0.056675 0.355126 0.145106
v 0.056553 0.392422 0.147425
v 0.089649 0.355126 0.128550
v 0.089527 0.392422 0.130869
v 0.084522 0.343063 0.125193
v 0.095074 0.347152 0.120422
v 0.099361 0.355130 0.120922
v 0.101559 0.392422 0.122276
v 0.053562 0.345688 0.122095
v 0.072053 0.345091 0.102053
v 0.079354 0.346495 0.106613
v 0.089494 0.346808 0.110972
v 0.096890 0.355316 0.117040
v 0.099088 0.392608 0.118394
v 0.096890 0.355316 0.117040
v 0.089494 0.346808 0.110972
v 0.105005 0.346599 0.117570
v 0.106168 0.355021 0.121196
v 0.099088 0.392608 0.118394
v 0.106695 0.391152 0.121748
v 0.079354 0.346495 0.106613
v 0.083810 0.340848 0.096911
v 0.109461 0.340952 0.107868
v 0.093797 0.340664 0.071285
v 0.119954 0.340678 0.081619
v 0.118988 0.355128 0.095303
v 0.119514 0.391259 0.095855
v 0.127343 0.354107 0.068968
v 0.124099 0.346256 0.071357
v 0.128988 0.391168 0.068520
v 0.111762 0.346270 0.066237
v 0.123693 0.353400 0.067422
v 0.128383 0.391129 0.067475
v 0.128383 0.391129 0.067475
v 0.123693 0.353400 0.067422
v 0.121595 0.352916 0.040123
v 0.128025 0.391246 0.039315
v 0.111762 0.346270 0.066237
v 0.120009 0.345323 0.065081
v 0.118157 0.339854 0.054963
v 0.115177 0.339719 0.027655
v 0.116938 0.352799 0.012231
v 0.122633 0.391245 0.009620
v 0.114557 0.345096 0.015314
v 0.104337 0.341421 0.056274
v 0.086303 0.343806 0.031096
v 0.085845 0.349166 0.018944
v 0.084344 0.357114 0.016382
v 0.089658 0.395659 0.013808
v 0.097586 0.345836 0.061999
v 0.089581 0.343893 0.058356
v 0.097586 0.345836 0.061999
v 0.091615 0.348490 0.067805
v 0.079900 0.348674 0.096644
v 0.049573 0.346848 0.114110
v 0.041729 0.351354 0.118858
v -0.074955 0.349569 0.090951
v -0.034978 0.354811 0.115262
v -0.010175 0.351745 0.120054
v -0.073868 0.346644 0.098089
v -0.075542 0.344119 0.093411
v -0.074955 0.349569 0.090951
v -0.098162 0.345620 0.064854
v -0.097245 0.340744 0.056953
v -0.090786 0.349283 0.057725
v -0.094217 0.341124 0.029122
v -0.088832 0.350173 0.028900
v -0.092436 0.346029 0.018111
v -0.085290 0.343945 0.067892
v -0.085002 0.349308 0.066366
v -0.090786 0.349283 0.057725
v 0.083810 0.340848 0.096911
v 0.079354 0.346495 0.106613
v 0.079900 0.348674 0.096644
v 0.097586 0.345836 0.061999
v 0.093797 0.340664 0.071285
v 0.091615 0.348490 0.067805
v 0.041729 0.351354 0.118858
v 0.013560 0.347577 0.120534
v 0.085845 0.349166 0.018944
v 0.086303 0.343806 0.031096
v 0.083413 0.349875 0.031272
v 0.089581 0.343893 0.058356
v 0.086691 0.349963 0.058533
v 0.091615 0.348490 0.067805
v -0.090338 0.394725 0.029048
v -0.092478 0.393720 0.058421
v -0.088695 0.393243 0.068265
v -0.078647 0.393504 0.092851
v -0.092478 0.393720 0.058421
v 0.080295 0.393656 0.096385
v 0.092564 0.393601 0.067430
v 0.089125 0.394814 0.030074
v 0.092403 0.394901 0.057335
v 0.092564 0.393601 0.067430
v 0.093823 0.376719 0.066084
v 0.085939 0.393852 0.066256
v 0.081097 0.401265 0.065413
v -0.085650 0.393852 0.060928
v -0.092532 0.375815 0.062366
v -0.081138 0.401265 0.065413
v 0.084165 0.376719 0.092674
v 0.077095 0.393852 0.092846
v 0.072752 0.401265 0.092003
v -0.076782 0.393852 0.087518
v -0.082954 0.375815 0.088956
v -0.072736 0.401265 0.092003
v -0.074459 0.310005 0.121606
v -0.080771 0.292764 0.127512
v -0.057200 0.302928 0.137089
v -0.052112 0.317417 0.129217
v -0.000001 0.303625 0.142747
v 0.000052 0.322742 0.132375
v -0.026129 0.307115 0.134369
v -0.029371 0.292764 0.141125
v 0.029368 0.292764 0.141125
v 0.026686 0.309134 0.135774
v 0.057203 0.302014 0.137176
v 0.052179 0.315204 0.133189
v -0.077342 0.286055 0.119801
v -0.054212 0.286055 0.131092
v -0.027827 0.286055 0.135040
v 0.000013 0.286055 0.136662
v 0.027853 0.286055 0.135040
v 0.054238 0.286055 0.131092
v 0.076122 0.309998 0.120712
v 0.083241 0.292721 0.126849
v 0.106784 0.306449 0.111159
v 0.097047 0.328666 0.102951
v 0.124545 0.292720 0.082120
v 0.116322 0.305104 0.077766
v 0.132056 0.305353 0.049984
v 0.121318 0.315730 0.049741
v 0.125352 0.304425 0.021247
v 0.132881 0.293413 0.020621
v 0.080325 0.285612 0.120212
v 0.102515 0.286055 0.104204
v 0.119414 0.286055 0.077136
v 0.126021 0.286055 0.046790
v 0.126021 0.286055 0.017363
v -0.123422 0.310749 -0.002722
v -0.127657 0.292764 -0.012388
v -0.132896 0.292507 0.024112
v -0.126498 0.303081 0.020860
v -0.117524 0.320066 0.051680
v -0.132161 0.302877 0.053222
v -0.123504 0.292764 0.086091
v -0.109919 0.310995 0.075882
v -0.107904 0.305069 0.110144
v -0.098648 0.319130 0.099705
v -0.121122 0.286055 -0.011089
v -0.125995 0.286055 0.017363
v -0.125995 0.286055 0.046790
v -0.119388 0.286055 0.077136
v -0.102489 0.286055 0.104204
v 0.119461 0.315111 -0.000808
v 0.127956 0.303483 -0.008972
v 0.121149 0.286055 -0.011089
v 0.086779 0.303757 -0.006422
v 0.098364 0.314342 -0.000241
v 0.082558 0.285749 -0.004776
v -0.095049 0.310749 0.002076
v -0.081545 0.292764 -0.011088
v -0.077411 0.286055 -0.009789
v -0.001304 0.337371 0.140612
v -0.001026 0.299662 0.137954
v 0.026805 0.299625 0.137067
v 0.025603 0.337654 0.141865
v 0.037644 0.355589 0.138530
v 0.011493 0.355555 0.138900
v 0.001976 0.349234 0.138201
v 0.052257 0.299617 0.135666
v 0.053068 0.337602 0.139846
v 0.049701 0.349355 0.137375
v 0.011328 0.356632 0.108561
v 0.002014 0.350270 0.108793
v 0.037479 0.356667 0.108191
v 0.048031 0.350423 0.108003
v -0.002456 0.337117 0.139111
v -0.001519 0.299428 0.136542
v -0.002456 0.337117 0.139111
v -0.027303 0.336918 0.137918
v -0.026367 0.299230 0.135349
v -0.001519 0.299428 0.136542
v 0.000577 0.344034 0.112018
v -0.051680 0.299186 0.128752
v -0.053243 0.333548 0.131243
v 0.000577 0.344034 0.112018
v -0.005515 0.343598 0.136649
v -0.016605 0.348051 0.136462
v -0.042980 0.347988 0.131044
v -0.054449 0.341774 0.127807
v -0.008523 0.348508 0.109528
v -0.035189 0.348476 0.102828
v -0.046975 0.344437 0.112722
v 0.052651 0.300369 0.132882
v 0.052407 0.337959 0.128355
v 0.051114 0.343324 0.119420
v 0.049559 0.345874 0.107626
v 0.052651 0.300369 0.132882
v 0.057972 0.301928 0.133587
v 0.055852 0.317935 0.136299
v 0.052407 0.337959 0.128355
v 0.056073 0.333942 0.135926
v 0.058484 0.343590 0.132920
v 0.051114 0.343324 0.119420
v 0.049559 0.345874 0.107626
v 0.067688 0.348624 0.127789
v 0.054739 0.349243 0.104099
v 0.080230 0.301303 0.121992
v 0.082302 0.333249 0.124536
v 0.106863 0.304246 0.108629
v 0.107583 0.333210 0.110078
v 0.092041 0.348497 0.114952
v 0.079092 0.349116 0.091261
v 0.103087 0.343148 0.109195
v 0.085210 0.345213 0.086793
v 0.094148 0.344181 0.097994
v 0.105894 0.300518 0.105518
v 0.106898 0.321102 0.106518
v 0.103522 0.337952 0.104675
v 0.094148 0.344181 0.097994
v 0.100502 0.345394 0.100255
v 0.085210 0.345213 0.086793
v 0.103522 0.337952 0.104675
v 0.105894 0.300518 0.105518
v 0.119430 0.295772 0.079169
v 0.119237 0.320272 0.079931
v 0.106898 0.321102 0.106518
v 0.103144 0.351008 0.090536
v 0.077212 0.345575 0.079954
v 0.115376 0.336712 0.077882
v 0.127465 0.300365 0.051927
v 0.128583 0.320198 0.053178
v 0.113584 0.350554 0.064731
v 0.087651 0.345121 0.054149
v 0.125205 0.337059 0.052469
v 0.119106 0.345695 0.054135
v 0.112247 0.344166 0.051110
v 0.101638 0.344537 0.051985
v 0.127465 0.300365 0.051927
v 0.130916 0.302963 0.048920
v 0.133250 0.320224 0.052016
v 0.128583 0.320198 0.053178
v 0.132667 0.333018 0.051818
v 0.125205 0.337059 0.052469
v 0.127809 0.299787 0.019307
v 0.129952 0.320988 0.021401
v 0.129744 0.334018 0.021518
v 0.131352 0.342318 0.049198
v 0.112247 0.344166 0.051110
v 0.130252 0.347993 0.039104
v 0.101041 0.348872 0.043246
v 0.123051 0.299518 -0.004816
v 0.124394 0.319810 -0.006446
v 0.124888 0.335609 -0.004838
v 0.125863 0.349102 0.011360
v 0.096653 0.349981 0.015502
v 0.124015 0.344358 -0.000514
v 0.112247 0.344166 0.051110
v 0.101041 0.348872 0.043246
v 0.101638 0.344537 0.051985
v 0.097792 0.340825 0.045236
v 0.093304 0.339639 0.043606
v 0.050318 0.340699 0.100652
v 0.045137 0.337330 0.104180
v 0.074670 0.340572 0.087815
v 0.074670 0.340572 0.087815
v 0.096653 0.349981 0.015502
v 0.092984 0.341540 0.013920
v 0.097792 0.340825 0.045236
v 0.101041 0.348872 0.043246
v 0.101638 0.344537 0.051985
v 0.091854 0.299305 0.000171
v 0.090421 0.319580 -0.001817
v 0.091602 0.335344 -0.000391
v 0.094397 0.344144 0.003139
v 0.094397 0.344144 0.003139
v 0.092212 0.324038 0.013109
v 0.095231 0.329223 0.040869
v 0.095231 0.329223 0.040869
v 0.087651 0.345121 0.054149
v 0.097574 0.297634 0.042196
v 0.080717 0.298647 0.082067
v 0.077212 0.345575 0.079954
v 0.093304 0.339639 0.043606
v 0.095231 0.329223 0.040869
v 0.074964 0.321277 0.087993
v 0.074670 0.340572 0.087815
v 0.092276 0.294656 0.013157
v 0.097574 0.297634 0.042196
v -0.046989 0.341703 0.102085
v -0.050922 0.342484 0.107472
v -0.053243 0.333548 0.131243
v -0.059047 0.332760 0.141059
v -0.056569 0.298861 0.134779
v -0.051680 0.299186 0.128752
v -0.054449 0.341774 0.127807
v -0.061010 0.340943 0.139399
v -0.046975 0.344437 0.112722
v -0.057422 0.349876 0.108066
v -0.071192 0.346464 0.134171
v -0.084223 0.332141 0.128490
v -0.081914 0.297239 0.123029
v -0.109739 0.331849 0.112860
v -0.108059 0.301658 0.107520
v -0.095868 0.346353 0.120545
v -0.105866 0.341048 0.114137
v -0.081740 0.350093 0.094996
v -0.089493 0.345757 0.090057
v -0.098107 0.343036 0.100553
v -0.105338 0.335721 0.106112
v -0.107732 0.301658 0.106670
v -0.105338 0.335721 0.106112
v -0.103185 0.345061 0.101754
v -0.106706 0.349888 0.091946
v -0.116848 0.336283 0.079614
v -0.107732 0.301658 0.106670
v -0.119390 0.296288 0.080438
v -0.126719 0.334742 0.052726
v -0.130024 0.301084 0.054137
v -0.117269 0.350123 0.065803
v -0.122313 0.344637 0.054930
v -0.098107 0.343036 0.100553
v -0.089493 0.345757 0.090057
v -0.078931 0.346428 0.080706
v -0.089956 0.346583 0.053997
v -0.102047 0.344071 0.051243
v -0.111282 0.343228 0.050803
v -0.126719 0.334742 0.052726
v -0.133291 0.334168 0.052446
v -0.131353 0.301413 0.052273
v -0.130024 0.301084 0.054137
v -0.111282 0.343228 0.050803
v -0.130993 0.342585 0.048731
v -0.102047 0.344071 0.051243
v -0.100847 0.348718 0.041653
v -0.129932 0.348172 0.038821
v -0.130945 0.333804 0.024523
v -0.129290 0.295844 0.021812
v -0.126751 0.333804 -0.007073
v -0.126571 0.295844 -0.004946
v -0.126846 0.348172 0.009461
v -0.124891 0.342660 -0.002325
v -0.097993 0.349814 0.014132
v -0.092799 0.335555 -0.002739
v -0.092495 0.297446 -0.001302
v -0.096133 0.343701 0.001596
v -0.100847 0.348718 0.041653
v -0.098359 0.341485 0.045031
v -0.095002 0.336833 0.026870
v -0.095943 0.297764 0.026859
v -0.097993 0.349814 0.014132
v -0.096133 0.343701 0.001596
v -0.102047 0.344071 0.051243
v -0.095038 0.340795 0.043783
v -0.098359 0.341485 0.045031
v -0.097416 0.331714 0.041677
v -0.098359 0.341485 0.045031
v -0.095038 0.340795 0.043783
v -0.095071 0.331866 0.040676
v -0.097416 0.331714 0.041677
v -0.099311 0.302416 0.042503
v -0.099311 0.302416 0.042503
v -0.089956 0.346583 0.053997
v -0.083466 0.332646 0.066596
v -0.088876 0.299394 0.069350
v -0.078931 0.346428 0.080706
v -0.073802 0.332078 0.093248
v -0.079150 0.298534 0.090652
v -0.075218 0.340426 0.093015
v -0.075218 0.340426 0.093015
v -0.075218 0.340426 0.093015
v -0.050922 0.342484 0.107472
v 0.086779 0.303757 -0.006422
v 0.086779 0.303757 0.042718
v 0.098364 0.314342 0.044012
v 0.098364 0.314342 -0.000241
v 0.082558 0.285749 -0.004776
v 0.082558 0.285749 0.044364
v -0.095049 0.310749 0.002076
v -0.099069 0.310749 0.044343
v -0.089730 0.292764 0.038052
v -0.081545 0.292764 -0.011088
v -0.085596 0.286055 0.039352
v -0.077411 0.286055 -0.009789
v 0.068825 0.303757 0.088063
v 0.078036 0.314342 0.090674
v 0.065466 0.285749 0.089709
v -0.079065 0.310749 0.091004
v -0.071626 0.292764 0.100718
v -0.068337 0.286055 0.102017
vt 0.822877 0.663174
vt 0.829780 0.679962
vt 0.829391 0.662515
vt 0.823443 0.681287
vt 0.823531 0.650559
vt 0.829652 0.649067
vt 0.922016 0.896529
vt 0.940210 0.895868
vt 0.923366 0.890684
vt 0.939011 0.901178
vt 0.954466 0.899411
vt 0.952919 0.904539
vt 0.829953 0.693814
vt 0.825502 0.692463
vt 0.815457 0.633103
vt 0.811203 0.646662
vt 0.825045 0.634942
vt 0.756997 0.618967
vt 0.763391 0.605614
vt 0.750724 0.616772
vt 0.764264 0.612983
vt 0.733591 0.658480
vt 0.726153 0.672165
vt 0.733894 0.667950
vt 0.724911 0.654636
vt 0.791648 0.636976
vt 0.776184 0.646599
vt 0.783592 0.654844
vt 0.787119 0.633160
vt 0.768094 0.683773
vt 0.769285 0.671973
vt 0.765369 0.684764
vt 0.777888 0.676370
vt 0.967874 0.938106
vt 0.963769 0.944727
vt 0.971075 0.942849
vt 0.960692 0.939063
vt 0.760143 0.686048
vt 0.762128 0.671436
vt 0.917759 0.944268
vt 0.927066 0.951404
vt 0.929913 0.945516
vt 0.916476 0.949395
vt 0.970450 0.955786
vt 0.977721 0.955414
vt 0.782724 0.628409
vt 0.764295 0.626568
vt 0.771782 0.638100
vt 0.776195 0.619258
vt 0.747500 0.686208
vt 0.751391 0.671021
vt 0.924130 0.964233
vt 0.913224 0.960453
vt 0.752900 0.632249
vt 0.957164 0.965704
vt 0.967064 0.971921
vt 0.962192 0.960116
vt 0.975144 0.966233
vt 0.743311 0.655349
vt 0.743371 0.670435
vt 0.751277 0.653893
vt 0.733336 0.681351
vt 0.910865 0.969204
vt 0.921648 0.972881
vt 0.941673 0.977027
vt 0.925886 0.977627
vt 0.931053 0.987910
vt 0.930054 0.967777
vt 0.808943 0.661990
vt 0.922444 0.907016
vt 0.937931 0.910010
vt 0.804881 0.629650
vt 0.799446 0.642013
vt 0.788759 0.688469
vt 0.804500 0.686463
vt 0.789756 0.683453
vt 0.803424 0.692527
vt 0.905884 0.910334
vt 0.910423 0.925759
vt 0.913175 0.909196
vt 0.904000 0.923982
vt 0.899977 0.932883
vt 0.898086 0.938078
vt 0.906418 0.933431
vt 0.894364 0.939761
vt 0.917060 0.927806
vt 0.934631 0.935724
vt 0.938356 0.927796
vt 0.918297 0.936749
vt 0.958769 0.933653
vt 0.950475 0.943201
vt 0.944319 0.934917
vt 0.797749 0.627103
vt 0.794074 0.625571
vt 0.814910 0.690176
vt 0.820214 0.695892
vt 0.773322 0.653244
vt 0.764017 0.653325
vt 0.948662 0.956520
vt 0.954534 0.949144
vt 0.944092 0.949715
vt 0.954560 0.912712
vt 0.956291 0.925083
vt 0.806203 0.680913
vt 0.799920 0.699578
vt 0.784456 0.696065
vt 0.895394 0.923581
vt 0.897735 0.910748
vt 0.882243 0.940618
vt 0.890004 0.931136
vt 0.790444 0.678611
vt 0.778811 0.681580
vt 0.912140 0.935451
vt 0.910855 0.898842
vt 0.811743 0.703641
vt 0.811362 0.695312
vt 0.778199 0.686272
vt 0.770418 0.695574
vt 0.901458 0.897971
vt 0.893996 0.899181
vt 0.794413 0.659072
vt 0.967473 0.905828
vt 0.969337 0.902474
vt 0.970242 0.914109
vt 0.968544 0.981679
vt 0.982915 0.972169
vt 0.909751 0.977280
vt 0.918297 0.991405
vt 0.918276 0.980512
vt 0.901619 0.984785
vt 0.899821 0.938544
vt 0.911918 0.942862
vt 0.899383 0.941464
vt 0.791412 0.620823
vt 0.909984 0.948785
vt 0.897914 0.947577
vt 0.780723 0.608496
vt 0.907426 0.960113
vt 0.893432 0.959816
vt 0.953092 0.978164
vt 0.905495 0.971033
vt 0.894508 0.974825
vt 0.747087 0.639483
vt 0.733046 0.644857
vt 0.972512 0.924250
vt 0.770155 0.684122
vt 0.975489 0.931915
vt 0.964181 0.933796
vt 0.979556 0.935864
vt 0.889057 0.888656
vt 0.897408 0.886767
vt 0.944899 0.965016
vt 0.943499 0.958281
vt 0.763157 0.644040
vt 0.760610 0.642471
vt 0.943430 0.962856
vt 0.936619 0.954981
vt 0.943116 0.958588
vt 0.940319 0.950334
vt 0.760087 0.642918
vt 0.762725 0.644924
vt 0.939146 0.935225
vt 0.796464 0.710888
vt 0.782670 0.707561
vt 0.885760 0.920637
vt 0.887861 0.910509
vt 0.884342 0.901565
vt 0.875209 0.893040
vt 0.804117 0.715322
vt 0.770562 0.708153
vt 0.881432 0.926841
vt 0.870772 0.932884
vt 0.793914 0.720510
vt 0.779474 0.717891
vt 0.878151 0.918726
vt 0.879558 0.909220
vt 0.867139 0.903249
vt 0.864286 0.919319
vt 0.909231 0.888748
vt 0.905329 0.891317
vt 0.844126 0.645699
vt 0.829465 0.633916
vt 0.843759 0.631282
vt 0.912979 0.867682
vt 0.909326 0.885502
vt 0.925679 0.877654
vt 0.847625 0.678385
vt 0.852159 0.661285
vt 0.843402 0.660966
vt 0.852664 0.677179
vt 0.853239 0.646912
vt 0.943568 0.880015
vt 0.928919 0.870141
vt 0.944759 0.875124
vt 0.958585 0.883945
vt 0.958911 0.878493
vt 0.850643 0.696654
vt 0.856415 0.692010
vt 0.975166 0.890972
vt 0.973921 0.880040
vt 0.856784 0.635666
vt 0.917868 0.863481
vt 0.871244 0.661690
vt 0.871703 0.674623
vt 0.872375 0.649984
vt 0.937737 0.854783
vt 0.950101 0.858438
vt 0.960825 0.860746
vt 0.875031 0.686548
vt 0.972468 0.862219
vt 0.875658 0.641018
vt 0.929070 0.849539
vt 0.771984 0.685212
vt 0.983151 0.940598
vt 0.988546 0.955574
vt 0.093430 0.541537
vt 0.051720 0.525895
vt 0.095512 0.528456
vt 0.050597 0.540071
vt 0.740752 0.562605
vt 0.748106 0.548954
vt 0.738170 0.553103
vt 0.752201 0.556795
vt 0.840475 0.573903
vt 0.824415 0.575918
vt 0.832994 0.583327
vt 0.830988 0.565718
vt 0.704192 0.608761
vt 0.713812 0.624444
vt 0.715387 0.610934
vt 0.702306 0.623250
vt 0.701270 0.528736
vt 0.705647 0.553015
vt 0.705625 0.530109
vt 0.700598 0.552153
vt 0.098775 0.505102
vt 0.051721 0.523580
vt 0.051816 0.502941
vt 0.095388 0.526134
vt 0.700929 0.574860
vt 0.705342 0.595618
vt 0.705833 0.575298
vt 0.700243 0.595159
vt 0.794808 0.536653
vt 0.813327 0.546621
vt 0.797886 0.532819
vt 0.810410 0.550725
vt 0.762270 0.499969
vt 0.777591 0.519870
vt 0.780433 0.515418
vt 0.760265 0.504376
vt 0.757973 0.542903
vt 0.738645 0.528407
vt 0.746002 0.523354
vt 0.053540 0.458474
vt 0.101582 0.480606
vt 0.049267 0.480397
vt 0.099742 0.457852
vt 0.711069 0.516625
vt 0.707213 0.514124
vt 0.786732 0.546646
vt 0.804258 0.560405
vt 0.714411 0.533469
vt 0.718513 0.555459
vt 0.753118 0.516973
vt 0.771233 0.530058
vt 0.756689 0.511864
vt 0.765167 0.536933
vt 0.735455 0.519930
vt 0.742302 0.516102
vt 0.749435 0.499568
vt 0.737646 0.494080
vt 0.737634 0.498770
vt 0.750450 0.494981
vt 0.748770 0.509863
vt 0.749082 0.506017
vt 0.726082 0.517013
vt 0.716451 0.522836
vt 0.720909 0.523901
vt 0.723830 0.512654
vt 0.845919 0.567250
vt 0.835939 0.559047
vt 0.693676 0.622278
vt 0.695737 0.608634
vt 0.820745 0.558398
vt 0.718933 0.507015
vt 0.730661 0.507565
vt 0.728049 0.501102
vt 0.715990 0.503465
vt 0.726460 0.496807
vt 0.778921 0.562676
vt 0.769405 0.576585
vt 0.777054 0.574379
vt 0.767143 0.563167
vt 0.728408 0.555597
vt 0.726967 0.572742
vt 0.730829 0.532247
vt 0.723564 0.533467
vt 0.728320 0.523583
vt 0.736978 0.630638
vt 0.729796 0.638029
vt 0.740393 0.636495
vt 0.727182 0.632511
vt 0.701687 0.632818
vt 0.692506 0.641255
vt 0.701510 0.641498
vt 0.692871 0.632270
vt 0.762513 0.580520
vt 0.745823 0.570934
vt 0.753922 0.584303
vt 0.756201 0.565923
vt 0.717691 0.574562
vt 0.764362 0.552417
vt 0.781232 0.551023
vt 0.736373 0.579029
vt 0.902982 0.614384
vt 0.888999 0.625467
vt 0.894089 0.629596
vt 0.897432 0.610688
vt 0.908196 0.603257
vt 0.903421 0.599026
vt 0.950412 0.530216
vt 0.949834 0.512205
vt 0.944642 0.513755
vt 0.956134 0.528478
vt 0.945335 0.498376
vt 0.940348 0.500256
vt 0.882426 0.637280
vt 0.887025 0.638200
vt 0.923328 0.592094
vt 0.914116 0.589136
vt 0.920805 0.605717
vt 0.980336 0.601252
vt 0.978774 0.586815
vt 0.975601 0.593366
vt 0.986816 0.601226
vt 0.984302 0.653142
vt 0.983715 0.668385
vt 0.993528 0.654128
vt 0.979322 0.660995
vt 0.942374 0.606265
vt 0.952806 0.621130
vt 0.947948 0.604717
vt 0.942203 0.625465
vt 0.940891 0.659150
vt 0.946545 0.646938
vt 0.936525 0.646800
vt 0.943675 0.659993
vt 0.905963 0.487811
vt 0.899676 0.492325
vt 0.905521 0.494964
vt 0.901023 0.484984
vt 0.947770 0.663265
vt 0.953264 0.649877
vt 0.903214 0.537694
vt 0.895554 0.528969
vt 0.898175 0.539288
vt 0.901232 0.525780
vt 0.888210 0.486516
vt 0.888062 0.479317
vt 0.953621 0.601906
vt 0.971114 0.606135
vt 0.962607 0.595489
vt 0.960259 0.614603
vt 0.958542 0.669550
vt 0.962820 0.654820
vt 0.882951 0.532628
vt 0.887341 0.543148
vt 0.979742 0.615054
vt 0.879307 0.500328
vt 0.884498 0.494972
vt 0.872418 0.491009
vt 0.877493 0.482630
vt 0.977591 0.645670
vt 0.971401 0.640380
vt 0.970043 0.658357
vt 0.972971 0.672525
vt 0.878742 0.545947
vt 0.874455 0.535501
vt 0.869453 0.515923
vt 0.869468 0.531543
vt 0.879109 0.527038
vt 0.859046 0.526793
vt 0.915851 0.619941
vt 0.939957 0.530519
vt 0.935946 0.515432
vt 0.933980 0.594049
vt 0.933256 0.607180
vt 0.920488 0.652289
vt 0.908119 0.642954
vt 0.906000 0.648604
vt 0.922332 0.647414
vt 0.937782 0.547082
vt 0.922126 0.543676
vt 0.924337 0.549886
vt 0.938415 0.539813
vt 0.915762 0.554476
vt 0.911185 0.555730
vt 0.909089 0.560793
vt 0.914750 0.548163
vt 0.919647 0.537271
vt 0.910649 0.520466
vt 0.910668 0.536661
vt 0.918265 0.516240
vt 0.911027 0.496489
vt 0.902141 0.505334
vt 0.910793 0.510841
vt 0.941051 0.595053
vt 0.944547 0.595267
vt 0.897327 0.641119
vt 0.890051 0.643558
vt 0.952441 0.628797
vt 0.960703 0.633474
vt 0.889048 0.508057
vt 0.896137 0.512082
vt 0.895949 0.501745
vt 0.932118 0.499200
vt 0.919710 0.498344
vt 0.909352 0.637411
vt 0.905289 0.656258
vt 0.920072 0.660926
vt 0.925336 0.558347
vt 0.937933 0.555149
vt 0.909332 0.572536
vt 0.918200 0.564196
vt 0.932743 0.651089
vt 0.924285 0.642829
vt 0.912353 0.542659
vt 0.948871 0.541390
vt 0.893339 0.653680
vt 0.897922 0.647074
vt 0.930631 0.655577
vt 0.932121 0.667452
vt 0.950380 0.550602
vt 0.949691 0.558047
vt 0.930199 0.624216
vt 0.938065 0.485980
vt 0.941267 0.483909
vt 0.929646 0.483816
vt 0.862615 0.490246
vt 0.871041 0.475384
vt 0.870759 0.547474
vt 0.856209 0.539720
vt 0.863732 0.555903
vt 0.867044 0.539212
vt 0.910372 0.555087
vt 0.904970 0.543370
vt 0.907147 0.555660
vt 0.948291 0.591980
vt 0.899167 0.545652
vt 0.901092 0.557495
vt 0.961907 0.584073
vt 0.888016 0.548839
vt 0.889117 0.562637
vt 0.867218 0.505238
vt 0.877233 0.551346
vt 0.874074 0.562407
vt 0.981921 0.630103
vt 0.991378 0.641685
vt 0.919411 0.482275
vt 0.938958 0.658286
vt 0.911584 0.479865
vt 0.907370 0.476124
vt 0.910505 0.491156
vt 0.960492 0.562202
vt 0.961795 0.553831
vt 0.877394 0.512946
vt 0.886393 0.513057
vt 0.964967 0.624044
vt 0.968573 0.622746
vt 0.883413 0.513558
vt 0.891457 0.519775
vt 0.886280 0.513719
vt 0.895800 0.515832
vt 0.968460 0.623448
vt 0.964571 0.625021
vt 0.910857 0.515971
vt 0.902323 0.667437
vt 0.915580 0.671531
vt 0.928934 0.567647
vt 0.938856 0.564874
vt 0.947991 0.567736
vt 0.957084 0.576175
vt 0.893661 0.667224
vt 0.925422 0.678087
vt 0.923071 0.572348
vt 0.917824 0.583301
vt 0.899494 0.676739
vt 0.912955 0.681802
vt 0.931363 0.575024
vt 0.940711 0.572975
vt 0.947492 0.584829
vt 0.931737 0.588751
vt 0.959022 0.542300
vt 0.956731 0.546327
vt 0.889270 0.586925
vt 0.910610 0.586093
vt 0.893615 0.574132
vt 0.974801 0.539485
vt 0.972080 0.524471
vt 0.962248 0.541981
vt 0.877041 0.618779
vt 0.877972 0.598954
vt 0.870174 0.612392
vt 0.882482 0.600752
vt 0.883709 0.586098
vt 0.961762 0.508829
vt 0.976174 0.521579
vt 0.970136 0.506286
vt 0.957081 0.493557
vt 0.965816 0.492549
vt 0.868624 0.633024
vt 0.860096 0.623445
vt 0.957100 0.475870
vt 0.963246 0.477840
vt 0.885888 0.574796
vt 0.983553 0.532030
vt 0.861331 0.590509
vt 0.854937 0.601441
vt 0.865796 0.579907
vt 0.990834 0.511821
vt 0.986354 0.499867
vt 0.983324 0.489440
vt 0.846559 0.610193
vt 0.981060 0.478049
vt 0.867142 0.570678
vt 0.996642 0.520015
vt 0.936442 0.657839
vt 0.902406 0.472909
vt 0.887135 0.468646
vt 0.815322 0.601397
vt 0.826742 0.599772
vt 0.822176 0.594207
vt 0.817483 0.606398
vt 0.853497 0.573870
vt 0.847458 0.580425
vt 0.733598 0.624212
vt 0.725783 0.624782
vt 0.732738 0.613695
vt 0.728837 0.601311
vt 0.726193 0.612705
vt 0.735091 0.603305
vt 0.794342 0.576354
vt 0.809009 0.577917
vt 0.798514 0.569258
vt 0.805746 0.584923
vt 0.052901 0.553731
vt 0.068594 0.562782
vt 0.059869 0.560722
vt 0.088721 0.553183
vt 0.078484 0.560862
vt 0.825617 0.551750
vt 0.816655 0.586271
vt 0.811058 0.593400
vt 0.747065 0.586705
vt 0.095786 0.447560
vt 0.060103 0.446275
vt 0.738881 0.505626
vt 0.088070 0.440082
vt 0.079105 0.437567
vt 0.068919 0.438588
vt 0.830282 0.586512
vt 0.822217 0.579118
vt 0.717177 0.624934
vt 0.718132 0.611105
vt 0.802467 0.563167
vt 0.717861 0.633501
vt 0.713888 0.641155
vt 0.718575 0.640923
vt 0.713608 0.633515
vt 0.838983 0.589281
vt 0.835518 0.592351
vt 0.716106 0.597917
vt 0.719362 0.598724
vt 0.814477 0.568168
vt 0.812377 0.571229
vt 0.732772 0.512427
vt 0.740244 0.510769
vt 0.756980 0.591773
vt 0.749987 0.594355
vt 0.806282 0.594963
vt 0.807143 0.601241
vt 0.739779 0.622485
vt 0.738698 0.613273
vt 0.745917 0.629421
vt 0.741466 0.625624
vt 0.807859 0.606126
vt 0.741026 0.605677
vt 0.779437 0.581677
vt 0.793050 0.581810
vt 0.802076 0.588352
vt 0.765183 0.587974
vt 0.773015 0.584527
vt 0.814521 0.544635
vt 0.697978 0.594774
vt 0.340483 0.087817
vt 0.327024 0.068728
vt 0.327024 0.087817
vt 0.340483 0.068728
vt 0.340483 0.137822
vt 0.327024 0.137822
vt 0.340483 0.156944
vt 0.327024 0.156944
vt 0.366210 0.087817
vt 0.366210 0.068728
vt 0.366210 0.137822
vt 0.366210 0.156944
vt 0.384664 0.087817
vt 0.384664 0.068728
vt 0.384664 0.137822
vt 0.384664 0.156944
vt 0.402611 0.087817
vt 0.402611 0.068728
vt 0.402611 0.137822
vt 0.402611 0.156944
vt 0.420740 0.087817
vt 0.420740 0.068728
vt 0.420740 0.137822
vt 0.420740 0.156944
vt 0.439989 0.087817
vt 0.439989 0.068728
vt 0.439989 0.137822
vt 0.439989 0.156944
vt 0.461918 0.087817
vt 0.461918 0.068728
vt 0.461918 0.137822
vt 0.461918 0.156944
vt 0.486516 0.087817
vt 0.486516 0.068728
vt 0.486516 0.137822
vt 0.486516 0.156944
vt 0.513243 0.087817
vt 0.513243 0.068728
vt 0.513243 0.137822
vt 0.513243 0.156944
vt 0.542189 0.087817
vt 0.542189 0.068728
vt 0.542189 0.137822
vt 0.542189 0.156944
vt 0.572652 0.087817
vt 0.572652 0.068728
vt 0.572652 0.137822
vt 0.572652 0.156944
vt 0.603545 0.087817
vt 0.603545 0.068728
vt 0.603545 0.137822
vt 0.603545 0.156944
vt 0.633555 0.087817
vt 0.633555 0.068728
vt 0.633555 0.137822
vt 0.633555 0.156944
vt 0.662595 0.087817
vt 0.662595 0.068728
vt 0.662595 0.137822
vt 0.662595 0.156944
vt 0.984611 0.087817
vt 0.997671 0.068728
vt 0.984611 0.068728
vt 0.997671 0.087817
vt 0.984611 0.137822
vt 0.997671 0.137822
vt 0.984611 0.156944
vt 0.997671 0.156944
vt 0.958978 0.087817
vt 0.958978 0.068728
vt 0.958978 0.137822
vt 0.958978 0.156944
vt 0.940593 0.087817
vt 0.940593 0.068728
vt 0.940593 0.137822
vt 0.940593 0.156944
vt 0.922684 0.087817
vt 0.922684 0.068728
vt 0.922684 0.137822
vt 0.922684 0.156944
vt 0.904564 0.087817
vt 0.904564 0.068728
vt 0.904564 0.137822
vt 0.904564 0.156944
vt 0.885307 0.087817
vt 0.885307 0.068728
vt 0.885307 0.137822
vt 0.885307 0.156944
vt 0.863367 0.087817
vt 0.863367 0.068728
vt 0.863367 0.137822
vt 0.863367 0.156944
vt 0.838747 0.087817
vt 0.838747 0.068728
vt 0.838747 0.137822
vt 0.838747 0.156944
vt 0.811993 0.087817
vt 0.811993 0.068728
vt 0.811993 0.137822
vt 0.811993 0.156944
vt 0.783020 0.087817
vt 0.783020 0.068728
vt 0.783020 0.137822
vt 0.783020 0.156944
vt 0.752538 0.087817
vt 0.752538 0.068728
vt 0.752538 0.137822
vt 0.752538 0.156944
vt 0.721633 0.087817
vt 0.721633 0.068728
vt 0.721633 0.137822
vt 0.721633 0.156944
vt 0.691623 0.087817
vt 0.691623 0.068728
vt 0.691623 0.137822
vt 0.691623 0.156944
vt 0.913910 0.380930
vt 0.917267 0.376011
vt 0.914035 0.373982
vt 0.917729 0.383121
vt 0.920990 0.361096
vt 0.918251 0.367638
vt 0.921502 0.369407
vt 0.917393 0.360042
vt 0.922042 0.353899
vt 0.925680 0.354207
vt 0.925445 0.346349
vt 0.921796 0.346488
vt 0.927420 0.385882
vt 0.929170 0.378942
vt 0.933188 0.364444
vt 0.931112 0.371833
vt 0.935175 0.357046
vt 0.937160 0.349994
vt 0.925361 0.339707
vt 0.929241 0.332071
vt 0.925324 0.330281
vt 0.929568 0.340562
vt 0.931079 0.323468
vt 0.934426 0.324428
vt 0.934344 0.315200
vt 0.929944 0.314309
vt 0.936160 0.307508
vt 0.939536 0.308767
vt 0.941627 0.335292
vt 0.939246 0.343200
vt 0.944156 0.326800
vt 0.946980 0.318669
vt 0.949522 0.310862
vt 0.900921 0.421906
vt 0.908901 0.413950
vt 0.904776 0.413445
vt 0.906009 0.422971
vt 0.903841 0.404085
vt 0.913594 0.398280
vt 0.906692 0.397109
vt 0.908959 0.406062
vt 0.912843 0.390471
vt 0.907816 0.388951
vt 0.914242 0.428284
vt 0.917659 0.419024
vt 0.922779 0.402709
vt 0.920355 0.411156
vt 0.925303 0.394005
vt 0.936662 0.298661
vt 0.939665 0.300725
vt 0.952401 0.301486
vt 0.938887 0.289969
vt 0.944061 0.289329
vt 0.954210 0.289430
vt 0.900753 0.433548
vt 0.896408 0.430396
vt 0.908632 0.439300
vt 0.282060 0.584598
vt 0.279791 0.588126
vt 0.282055 0.588892
vt 0.278612 0.584348
vt 0.277377 0.575223
vt 0.280303 0.573420
vt 0.278269 0.552846
vt 0.281457 0.563501
vt 0.283021 0.552781
vt 0.277015 0.561307
vt 0.282660 0.548588
vt 0.279860 0.549303
vt 0.277432 0.571924
vt 0.277734 0.568235
vt 0.280279 0.568190
vt 0.277039 0.565100
vt 0.295751 0.584391
vt 0.295043 0.589900
vt 0.295095 0.573229
vt 0.296369 0.553096
vt 0.295286 0.564340
vt 0.296010 0.548003
vt 0.294675 0.568570
vt 0.277173 0.590105
vt 0.275027 0.588101
vt 0.268233 0.586142
vt 0.267628 0.575712
vt 0.267722 0.560502
vt 0.268948 0.550743
vt 0.277410 0.547292
vt 0.294318 0.590872
vt 0.280569 0.591431
vt 0.281367 0.546479
vt 0.267907 0.571699
vt 0.266876 0.568178
vt 0.267774 0.564629
vt 0.295223 0.545632
vt 0.268169 0.588320
vt 0.269603 0.545870
vt 0.291417 0.606922
vt 0.275292 0.601987
vt 0.273842 0.591276
vt 0.272340 0.600569
vt 0.286598 0.610466
vt 0.275728 0.607051
vt 0.272882 0.604671
vt 0.262123 0.600346
vt 0.263398 0.588918
vt 0.268452 0.605280
vt 0.263942 0.603121
vt 0.287492 0.611284
vt 0.277135 0.608031
vt 0.285904 0.621903
vt 0.272992 0.616924
vt 0.279753 0.630452
vt 0.270964 0.626295
vt 0.274133 0.608207
vt 0.272212 0.606021
vt 0.271235 0.610785
vt 0.267357 0.619506
vt 0.266495 0.625260
vt 0.257648 0.616200
vt 0.262354 0.605931
vt 0.260083 0.620842
vt 0.263868 0.584560
vt 0.256004 0.620661
vt 0.280356 0.632631
vt 0.271321 0.628737
vt 0.268035 0.627872
vt 0.257247 0.624111
vt 0.265110 0.630294
vt 0.277754 0.644729
vt 0.267171 0.636982
vt 0.260465 0.638385
vt 0.251022 0.635249
vt 0.259882 0.641973
vt 0.249893 0.642233
vt 0.269871 0.653982
vt 0.261433 0.644470
vt 0.258828 0.661006
vt 0.251008 0.648511
vt 0.281008 0.544299
vt 0.276291 0.544644
vt 0.279727 0.534044
vt 0.293129 0.532159
vt 0.276049 0.531809
vt 0.275365 0.535775
vt 0.278674 0.530036
vt 0.291881 0.526707
vt 0.266027 0.535842
vt 0.268600 0.533545
vt 0.272239 0.530832
vt 0.277828 0.529070
vt 0.291431 0.524930
vt 0.275524 0.525899
vt 0.278359 0.525843
vt 0.290504 0.521671
vt 0.265346 0.529569
vt 0.272831 0.523503
vt 0.259101 0.518628
vt 0.268351 0.515249
vt 0.274997 0.516576
vt 0.286646 0.511113
vt 0.269555 0.508824
vt 0.267919 0.511440
vt 0.280888 0.501464
vt 0.263190 0.511859
vt 0.268405 0.508782
vt 0.280312 0.500812
vt 0.263605 0.500752
vt 0.274051 0.491564
vt 0.265008 0.509431
vt 0.261989 0.507377
vt 0.257085 0.499719
vt 0.257256 0.493969
vt 0.264940 0.483079
vt 0.256242 0.495808
vt 0.258180 0.510108
vt 0.247727 0.504014
vt 0.246009 0.496676
vt 0.246089 0.490974
vt 0.253136 0.477810
vt 0.257769 0.513826
vt 0.254176 0.513481
vt 0.256408 0.516779
vt 0.265054 0.532205
vt 0.266112 0.545542
vt 0.265186 0.549586
vt 0.261139 0.603961
vt 0.264265 0.573918
vt 0.222988 0.664268
vt 0.225771 0.663744
vt 0.223991 0.662495
vt 0.232879 0.655550
vt 0.236820 0.656002
vt 0.234740 0.652700
vt 0.243385 0.647191
vt 0.245709 0.650211
vt 0.247822 0.646361
vt 0.232206 0.656807
vt 0.233694 0.658170
vt 0.216720 0.481352
vt 0.217894 0.478409
vt 0.214242 0.477706
vt 0.229562 0.486685
vt 0.227761 0.484070
vt 0.225457 0.486311
vt 0.264915 0.561879
vt 0.243738 0.493034
vt 0.240050 0.490371
vt 0.238854 0.492476
vt 0.231295 0.485487
vt 0.229974 0.487478
vt 0.254629 0.663731
vt 0.245789 0.669488
vt 0.242643 0.671504
vt 0.234738 0.677054
vt 0.226007 0.464217
vt 0.235977 0.469815
vt 0.247863 0.475858
vt 0.239251 0.471101
vt 0.934511 0.276837
vt 0.939378 0.275139
vt 0.948859 0.272508
vt 0.889573 0.443314
vt 0.885837 0.439558
vt 0.895377 0.451333
vt 0.932976 0.269451
vt 0.937636 0.267770
vt 0.947021 0.265285
vt 0.884267 0.448718
vt 0.880671 0.445080
vt 0.890049 0.456583
vt 0.864548 0.433662
vt 0.859752 0.437600
vt 0.860036 0.430613
vt 0.863605 0.440275
vt 0.854194 0.451604
vt 0.858486 0.445861
vt 0.859544 0.453772
vt 0.854626 0.443415
vt 0.853497 0.458837
vt 0.848813 0.457798
vt 0.848353 0.465493
vt 0.852372 0.465708
vt 0.851037 0.426552
vt 0.848337 0.433147
vt 0.842650 0.446981
vt 0.845542 0.439932
vt 0.839858 0.454070
vt 0.837210 0.460869
vt 0.849045 0.472261
vt 0.844025 0.479352
vt 0.843534 0.471421
vt 0.850524 0.481240
vt 0.842230 0.487982
vt 0.837817 0.486342
vt 0.837535 0.495344
vt 0.841843 0.496338
vt 0.836465 0.502949
vt 0.832312 0.501430
vt 0.831553 0.475182
vt 0.834254 0.468039
vt 0.828449 0.483451
vt 0.825279 0.491404
vt 0.822426 0.499005
vt 0.881935 0.396789
vt 0.873520 0.402177
vt 0.877159 0.394150
vt 0.877525 0.403146
vt 0.877774 0.413042
vt 0.866374 0.416611
vt 0.872270 0.409852
vt 0.873124 0.419009
vt 0.865927 0.424306
vt 0.870737 0.426569
vt 0.869663 0.388553
vt 0.865700 0.395866
vt 0.858227 0.410879
vt 0.861970 0.403105
vt 0.854376 0.418950
vt 0.835445 0.510819
vt 0.831613 0.508788
vt 0.819677 0.506784
vt 0.833658 0.518260
vt 0.829938 0.518140
vt 0.817461 0.517718
vt 0.882876 0.385169
vt 0.887725 0.389135
vt 0.876995 0.378094
vt 0.666186 0.579213
vt 0.650794 0.588425
vt 0.652581 0.578356
vt 0.664068 0.588656
vt 0.670787 0.585088
vt 0.669579 0.593410
vt 0.669864 0.581811
vt 0.663969 0.598151
vt 0.650665 0.598422
vt 0.667616 0.597008
vt 0.680246 0.580667
vt 0.681265 0.585833
vt 0.679549 0.596621
vt 0.676729 0.601867
vt 0.652958 0.578562
vt 0.667123 0.578156
vt 0.652284 0.570311
vt 0.665625 0.569218
vt 0.678113 0.578180
vt 0.651043 0.561195
vt 0.663924 0.560138
vt 0.669280 0.576128
vt 0.669747 0.572229
vt 0.669397 0.563000
vt 0.668243 0.558627
vt 0.679450 0.573664
vt 0.679719 0.562615
vt 0.675302 0.558677
vt 0.665294 0.601804
vt 0.651141 0.600092
vt 0.670148 0.602581
vt 0.675304 0.603769
vt 0.657035 0.602828
vt 0.651125 0.602852
vt 0.665607 0.605246
vt 0.662553 0.603579
vt 0.675604 0.606976
vt 0.666506 0.608222
vt 0.660951 0.613150
vt 0.649787 0.612974
vt 0.662381 0.623056
vt 0.651269 0.624957
vt 0.675694 0.617213
vt 0.666484 0.617059
vt 0.665370 0.620942
vt 0.676034 0.620400
vt 0.670454 0.621268
vt 0.659355 0.625548
vt 0.651942 0.627242
vt 0.665389 0.622913
vt 0.668859 0.622886
vt 0.662531 0.635139
vt 0.654428 0.638696
vt 0.680005 0.620504
vt 0.671244 0.625435
vt 0.668177 0.632810
vt 0.660484 0.647951
vt 0.666775 0.644279
vt 0.684323 0.630829
vt 0.674790 0.634005
vt 0.672708 0.641062
vt 0.675365 0.638079
vt 0.681146 0.635219
vt 0.678020 0.638000
vt 0.667316 0.645739
vt 0.661622 0.650126
vt 0.671043 0.643489
vt 0.672720 0.655160
vt 0.667666 0.660580
vt 0.675979 0.652511
vt 0.674060 0.643305
vt 0.684096 0.638050
vt 0.676886 0.645076
vt 0.675765 0.667785
vt 0.679619 0.662299
vt 0.682166 0.658521
vt 0.691463 0.647961
vt 0.682240 0.652385
vt 0.683167 0.656071
vt 0.685839 0.635379
vt 0.684198 0.636028
vt 0.679502 0.603399
vt 0.678903 0.606144
vt 0.679047 0.616866
vt 0.701654 0.659398
vt 0.709091 0.667752
vt 0.699355 0.661807
vt 0.710195 0.664760
vt 0.712177 0.667644
vt 0.690834 0.666235
vt 0.687301 0.672821
vt 0.693700 0.660590
vt 0.693468 0.654903
vt 0.696727 0.658675
vt 0.705573 0.670631
vt 0.696023 0.667246
vt 0.687814 0.638764
vt 0.713100 0.668174
vt 0.714194 0.687693
vt 0.700333 0.680723
vt 0.721979 0.672736
vt 0.708387 0.667911
vt 0.720500 0.681809
vt 0.723718 0.675705
vt 0.690660 0.676420
vt 0.677625 0.556342
vt 0.679545 0.557669
vt 0.649833 0.558220
vt 0.662122 0.557269
vt 0.664310 0.556301
vt 0.675364 0.554059
vt 0.665521 0.552933
vt 0.648627 0.547284
vt 0.660858 0.548191
vt 0.650813 0.535390
vt 0.662476 0.538648
vt 0.664953 0.540355
vt 0.665811 0.543946
vt 0.675599 0.543451
vt 0.669943 0.538460
vt 0.675279 0.539192
vt 0.651567 0.534132
vt 0.665190 0.538035
vt 0.670937 0.534956
vt 0.668748 0.537597
vt 0.667959 0.528354
vt 0.654840 0.523086
vt 0.659455 0.512637
vt 0.672262 0.519308
vt 0.674315 0.526373
vt 0.674631 0.522438
vt 0.680534 0.539436
vt 0.681707 0.525075
vt 0.684470 0.528911
vt 0.678778 0.522875
vt 0.659987 0.510843
vt 0.671628 0.517480
vt 0.674685 0.517422
vt 0.685005 0.522333
vt 0.677556 0.515729
vt 0.666351 0.499951
vt 0.675903 0.509294
vt 0.675188 0.491933
vt 0.682753 0.501953
vt 0.682976 0.507916
vt 0.683867 0.504243
vt 0.691984 0.512480
vt 0.687940 0.486853
vt 0.693988 0.499781
vt 0.693914 0.505445
vt 0.710532 0.496895
vt 0.703590 0.495286
vt 0.710255 0.493929
vt 0.697331 0.482752
vt 0.701851 0.501652
vt 0.696824 0.501787
vt 0.713008 0.493966
vt 0.684319 0.524083
vt 0.685569 0.524418
vt 0.707637 0.491193
vt 0.708387 0.490720
vt 0.710787 0.492968
vt 0.703200 0.481544
vt 0.715383 0.492942
vt 0.717465 0.486159
vt 0.711736 0.475507
vt 0.724489 0.487952
vt 0.718997 0.471250
vt 0.726248 0.481081
vt 0.727505 0.483850
vt 0.678183 0.543986
vt 0.679269 0.544861
vt 0.834092 0.530597
vt 0.830336 0.530602
vt 0.817596 0.531101
vt 0.893879 0.379326
vt 0.898002 0.382942
vt 0.888938 0.370884
vt 0.833100 0.543634
vt 0.829826 0.543628
vt 0.817298 0.543974
vt 0.908236 0.369499
vt 0.908444 0.374983
vt 0.903390 0.361314
vn 0.400100 0.883700 -0.243000
vn 0.446000 0.856400 -0.259900
vn 0.205900 0.886100 0.415200
vn 0.499500 0.845000 0.190800
vn 0.176800 -0.915600 -0.361200
vn 0.192200 -0.913900 -0.357600
vn 0.222000 -0.946200 0.235500
vn 0.284400 -0.927600 0.242200
vn 0.193600 0.474200 -0.858900
vn 0.041300 0.547800 -0.835600
vn -0.412100 0.370900 0.832300
vn -0.349700 0.436300 0.829000
vn 0.872200 0.450700 0.190000
vn 0.872300 0.450600 0.189900
vn 0.913200 0.371800 -0.166600
vn 0.857600 0.462800 -0.224200
vn 0.261800 0.946400 0.189400
vn -0.189100 0.980000 -0.062500
vn -0.010500 0.407300 -0.913200
vn 0.205000 0.296300 -0.932800
vn -0.327200 -0.454800 0.828300
vn -0.291900 -0.416200 0.861100
vn -0.165000 0.410600 -0.896800
vn -0.156600 0.414600 -0.896400
vn -0.126500 -0.988600 -0.082200
vn -0.088500 -0.990800 -0.102800
vn -0.189300 -0.569300 0.800100
vn -0.155700 -0.446500 0.881100
vn -0.201200 0.966100 -0.161700
vn -0.134500 0.989100 -0.060300
vn -0.393100 0.390400 -0.832500
vn -0.396000 0.387500 -0.832500
vn 0.071100 -0.991500 -0.109300
vn -0.017500 -0.999800 -0.005500
vn 0.308900 0.944600 0.111300
vn 0.224900 0.974400 -0.005500
vn 0.523600 0.580600 -0.623500
vn 0.362300 0.300800 -0.882200
vn 0.601500 -0.756800 -0.255900
vn 0.402700 -0.467800 0.786800
vn 0.087500 0.995300 -0.040700
vn -0.002200 0.999800 0.020500
vn -0.074400 0.478500 -0.874900
vn 0.003500 0.444800 -0.895600
vn 0.342400 -0.938100 -0.051900
vn 0.335600 -0.940300 -0.055900
vn 0.404900 -0.214200 0.888900
vn 0.433000 -0.182700 0.882700
vn -0.307500 0.902600 0.301300
vn -0.376300 0.856300 0.353900
vn -0.239500 -0.958400 -0.155000
vn -0.513300 -0.820100 -0.253000
vn -0.152100 0.420600 0.894400
vn -0.170600 0.405000 0.898200
vn -0.084300 0.947300 -0.309000
vn -0.110900 0.896200 -0.429500
vn -0.037300 -0.902000 -0.430100
vn 0.027600 -0.850900 -0.524500
vn 0.923800 0.072500 -0.376000
vn 0.932200 0.056900 -0.357600
vn -0.099200 -0.985500 -0.137600
vn -0.011000 -0.986700 -0.162100
vn 0.060000 -0.965500 0.253400
vn 0.237500 -0.888900 0.391700
vn -0.504500 0.542700 0.671500
vn -0.350700 0.509300 0.785900
vn -0.759400 0.265000 -0.594300
vn -0.791300 0.342300 -0.506500
vn -0.140400 0.983300 -0.115500
vn 0.264100 0.964500 0.002200
vn 0.374300 -0.851000 -0.368300
vn 0.423400 -0.853900 -0.302600
vn -0.087700 -0.935400 0.342500
vn -0.091700 -0.936300 0.339000
vn 0.064200 -0.995200 -0.073300
vn 0.169900 -0.977200 -0.127700
vn -0.634300 0.761600 -0.132900
vn -0.402400 0.915100 0.026500
vn -0.194900 -0.926800 0.321000
vn -0.245800 -0.906200 0.344100
vn -0.387300 0.918600 0.078000
vn -0.349700 0.935700 0.046700
vn 0.259700 -0.888600 -0.378000
vn 0.234700 -0.874800 -0.423800
vn -0.282700 0.749900 0.598100
vn -0.067000 0.924400 0.375400
vn -0.024600 -0.996000 -0.085400
vn 0.000500 -0.999500 -0.032200
vn 0.752900 -0.020600 0.657900
vn 0.771800 -0.042500 0.634400
vn -0.641100 0.638800 -0.425300
vn -0.638200 0.639300 -0.428900
vn 0.756900 0.609700 -0.235300
vn 0.758400 0.566400 -0.322500
vn 0.539600 -0.431200 -0.723100
vn 0.462700 -0.726400 -0.508200
vn -0.584000 -0.663700 -0.467400
vn -0.436000 -0.700300 -0.565300
vn -0.759200 0.643300 0.098900
vn -0.860600 0.446400 0.245300
vn 0.615400 0.462200 0.638500
vn 0.711600 0.418400 0.564400
vn 0.650900 -0.577200 0.493100
vn 0.614000 -0.761100 0.209100
vn -0.765600 -0.620000 -0.171500
vn -0.706200 -0.707900 -0.011700
vn -0.069000 0.544100 0.836200
vn -0.263400 0.411600 0.872500
vn -0.030400 0.999500 0.011000
vn -0.008900 0.999600 0.025600
vn -0.078400 -0.981900 -0.172600
vn -0.033200 -0.990900 -0.130700
vn -0.007700 0.932200 0.361800
vn -0.045300 0.940900 0.335700
vn -0.077700 -0.912400 0.402000
vn 0.068100 -0.930400 0.360200
vn 0.360200 -0.373700 0.854800
vn 0.354500 -0.372700 0.857600
vn -0.458300 -0.371400 0.807500
vn -0.235600 -0.255000 0.937800
vn 0.965100 -0.113500 0.235900
vn 0.965100 -0.113100 0.236200
vn 0.978100 -0.070900 -0.195600
vn 0.969300 -0.017200 -0.245400
vn 0.054900 -0.210000 -0.976200
vn -0.033500 -0.262600 -0.964300
vn -0.546600 0.537200 0.642400
vn -0.563600 0.521500 0.640600
vn -0.234900 -0.287500 -0.928500
vn -0.172900 -0.247900 -0.953200
vn -0.347300 0.630600 0.694100
vn -0.397500 0.576400 0.714000
vn -0.242600 -0.252400 -0.936700
vn -0.273500 -0.286900 -0.918100
vn 0.721000 -0.219200 -0.657400
vn 0.679400 -0.281700 -0.677500
vn 0.324500 0.704900 0.630800
vn 0.261700 0.624200 0.736100
vn 0.094800 -0.241800 -0.965700
vn 0.009900 -0.337900 -0.941100
vn 0.312800 0.466400 0.827400
vn 0.308100 0.468600 0.828000
vn -0.225200 -0.256900 0.939800
vn -0.147900 -0.206000 0.967300
vn 0.915300 0.222200 -0.336000
vn 0.590500 0.121400 -0.797800
vn -0.230600 -0.101200 0.967800
vn -0.249200 -0.112700 0.961900
vn -0.310100 -0.189600 0.931600
vn -0.214200 -0.101400 0.971500
vn -0.998400 0.055400 0.005100
vn -0.996600 0.073400 0.038200
vn 0.234600 -0.220900 -0.946700
vn 0.392500 -0.298400 -0.870000
vn 0.249400 -0.257700 -0.933500
vn 0.201800 -0.218400 -0.954800
vn -0.224500 0.352700 -0.908400
vn 0.297100 0.287300 -0.910600
vn -0.020600 0.564700 -0.825000
vn 0.175300 0.469000 -0.865600
vn 0.000900 -0.114600 0.993400
vn -0.103900 -0.229300 0.967800
vn 0.105400 -0.082800 0.991000
vn -0.027300 -0.114500 0.993000
vn -0.182200 0.261300 0.947900
vn -0.062500 0.419800 0.905400
vn -0.026800 0.141500 0.989600
vn 0.225300 0.267400 0.936900
vn 0.337500 0.939900 0.052000
vn 0.646600 -0.750600 0.136000
vn 0.963300 -0.239600 0.121300
vn 0.922300 -0.249700 0.295000
vn 0.907200 0.263600 0.327800
vn 0.937500 0.323100 0.129200
vn -0.032900 0.992300 0.119200
vn 0.039700 0.997700 0.055100
vn 0.035900 -0.964000 -0.263400
vn 0.030100 -0.961900 -0.271800
vn -0.928700 0.126000 -0.348800
vn -0.946800 0.069900 -0.314000
vn -0.830100 0.547600 -0.105100
vn -0.846300 0.524400 -0.093300
vn 0.823900 0.559300 0.091600
vn 0.768400 0.612400 0.185700
vn 0.686500 -0.708300 -0.164500
vn 0.706100 -0.695200 -0.134400
vn -0.653200 -0.679200 -0.334800
vn -0.692200 -0.576200 -0.434700
vn 0.998500 0.019900 0.051300
vn 0.999800 -0.018800 -0.008900
vn 0.155000 0.741500 -0.652800
vn 0.064600 0.806000 -0.588400
vn 0.108700 -0.586700 -0.802500
vn 0.103700 -0.580700 -0.807500
vn -0.543000 0.487100 -0.684100
vn 0.649200 -0.436500 -0.622900
vn -0.590300 0.065700 -0.804500
vn -0.536600 0.114800 -0.836000
vn 0.772800 0.034600 -0.633700
vn 0.759400 0.054200 -0.648400
vn 0.166000 0.057600 -0.984400
vn 0.073300 0.130500 -0.988700
vn 0.702700 0.587900 -0.400700
vn -0.519300 -0.419300 -0.744600
vn -0.846500 -0.212800 -0.487900
vn -0.763000 -0.064400 -0.643200
vn 0.536100 -0.381500 -0.753000
vn -0.215000 -0.504600 -0.836100
vn -0.154100 -0.580400 -0.799600
vn -0.203400 -0.483300 -0.851500
vn -0.173300 -0.505600 -0.845200
vn 0.053000 -0.414300 -0.908600
vn 0.077200 -0.436600 -0.896300
vn 0.181800 -0.382400 -0.905900
vn 0.049100 -0.982400 0.180200
vn 0.556800 -0.577700 0.596800
vn 0.311200 -0.922300 0.229200
vn -0.092000 -0.739300 0.667000
vn 0.087000 -0.677200 0.730600
vn -0.062300 -0.824700 0.562100
vn 0.036400 -0.737400 0.674500
vn 0.523900 -0.716000 0.461400
vn 0.296600 -0.592800 0.748800
vn 0.395700 0.477900 0.784200
vn 0.322100 0.356000 0.877200
vn 0.102400 -0.267600 -0.958100
vn 0.169600 -0.179300 -0.969100
vn -0.995600 -0.024400 0.090500
vn -0.991200 0.083500 0.103000
vn -0.989100 -0.126700 0.075600
vn -0.986000 -0.043300 0.160800
vn -0.980400 -0.164400 0.108200
vn -0.977000 -0.007500 0.213200
vn -0.992200 -0.004400 0.124700
vn -0.980200 0.141000 0.139100
vn -0.999900 -0.010300 -0.012700
vn -0.999700 -0.023200 -0.001700
vn -0.998900 -0.033900 -0.033400
vn -0.997900 -0.065100 -0.000800
vn -0.985900 -0.167200 -0.002000
vn -0.977300 -0.182000 0.108700
vn -0.998000 -0.062700 -0.004700
vn -0.996200 -0.072600 0.047800
vn -0.119000 -0.980700 0.155400
vn -0.119500 -0.980400 0.156400
vn -0.215400 -0.893400 -0.394200
vn -0.216500 -0.894100 -0.392000
vn -0.097000 0.937800 0.333300
vn -0.095900 0.937600 0.334300
vn -0.176300 0.975100 -0.134400
vn -0.174600 0.975600 -0.132900
vn -0.024800 -0.536100 0.843800
vn -0.024800 -0.536200 0.843700
vn -0.318200 0.379800 -0.868600
vn -0.319100 0.378500 -0.868800
vn -0.318600 -0.371400 -0.872100
vn -0.320300 -0.375400 -0.869800
vn -0.017900 0.190800 0.981500
vn -0.017800 0.190600 0.981500
vn 0.051400 0.987800 -0.147200
vn 0.126200 0.963200 -0.237200
vn 0.196800 0.892400 0.406200
vn 0.190300 0.888200 0.418100
vn 0.202400 -0.918700 -0.339100
vn 0.171800 -0.916600 -0.361000
vn 0.200900 -0.969900 0.137700
vn 0.313600 -0.924700 0.215900
vn -0.018200 0.535600 -0.844300
vn 0.035600 0.483500 -0.874600
vn 0.349100 -0.378200 0.857400
vn 0.344200 -0.374500 0.861000
vn 0.382700 0.504100 0.774300
vn 0.313600 0.483200 0.817500
vn 0.100700 -0.282900 -0.953800
vn 0.143200 -0.263700 -0.953900
vn 0.431400 0.897700 -0.089700
vn 0.434200 0.896000 -0.092900
vn 0.517500 0.468400 -0.716100
vn 0.386900 0.559300 -0.733100
vn 0.675900 -0.723300 -0.141200
vn 0.725500 -0.680900 -0.100500
vn 0.765600 -0.145100 0.626800
vn 0.727400 -0.189800 0.659400
vn 0.607300 -0.185700 -0.772500
vn 0.552200 -0.244000 -0.797200
vn 0.629600 0.547900 0.550800
vn 0.654700 0.528700 0.540300
vn 0.115000 -0.471700 -0.874200
vn 0.190100 -0.526800 -0.828500
vn 0.658600 -0.487700 0.573100
vn -0.034200 0.907600 -0.418400
vn -0.104800 -0.926500 -0.361400
vn -0.034200 -0.854500 -0.518200
vn -0.838400 0.264300 -0.476800
vn -0.629400 0.649000 -0.427400
vn -0.647100 0.642800 -0.410100
vn 0.784200 0.527400 -0.326900
vn 0.779300 0.583900 -0.227600
vn 0.722300 -0.267000 -0.638000
vn 0.668200 -0.590100 -0.453100
vn -0.556100 -0.526100 -0.643500
vn -0.545800 -0.633200 -0.548700
vn -0.802500 0.166700 -0.572900
vn 0.548300 0.038400 -0.835400
vn 0.853800 -0.088500 -0.513000
vn -0.880000 -0.063700 -0.470700
vn 0.097800 0.936500 0.336900
vn 0.412800 0.892000 0.184400
vn -0.453600 0.863500 -0.220600
vn -0.267800 0.960500 -0.075300
vn 0.096700 0.987700 -0.123200
vn 0.303200 0.930300 -0.206400
vn 0.424700 0.904200 0.045200
vn 0.770800 0.619900 -0.147100
vn 0.755600 -0.030300 0.654300
vn 0.940500 0.085400 -0.328800
vn 0.938600 0.083200 -0.334700
vn 0.625900 -0.746600 0.225400
vn 0.539100 -0.807200 -0.240400
vn 0.033200 -0.993300 0.110600
vn 0.198500 -0.940100 0.277200
vn 0.158700 -0.979300 0.125300
vn 0.163900 -0.977100 0.135500
vn 0.613000 -0.767100 0.189100
vn 0.624300 -0.760900 0.176800
vn 0.035000 -0.956800 0.288500
vn -0.471200 -0.131600 0.872200
vn -0.438900 -0.111100 0.891600
vn -0.353200 -0.152000 0.923100
vn -0.340900 -0.128900 0.931200
vn -0.115700 -0.496400 0.860300
vn -0.060700 -0.435200 0.898300
vn 0.431000 -0.080200 0.898800
vn 0.439000 -0.069500 0.895800
vn -0.092100 -0.500500 0.860800
vn -0.005400 1.000000 0.000500
vn -0.006500 1.000000 -0.000900
vn 0.034500 -0.994700 -0.097000
vn -0.000300 -0.999300 -0.036200
vn -0.401200 -0.177800 0.898600
vn -0.457000 -0.114000 0.882100
vn 0.994200 -0.062100 -0.088000
vn 0.992700 -0.074100 -0.095400
vn 0.938600 0.016400 -0.344600
vn 0.925000 -0.081600 -0.371100
vn 0.023100 0.996400 0.082000
vn 0.022400 0.996000 0.086400
vn 0.979100 -0.041500 -0.199300
vn 0.973900 -0.077600 -0.213300
vn -0.935600 -0.120800 0.331900
vn -0.943800 -0.070000 0.322900
vn -0.989600 -0.058300 0.131400
vn -0.989700 -0.025300 0.140800
vn -0.151700 -0.986700 -0.058500
vn -0.195300 -0.978500 -0.066600
vn -0.002800 1.000000 0.003300
vn -0.007900 1.000000 -0.002700
vn 0.784500 0.035200 -0.619200
vn 0.788600 0.023000 -0.614500
vn -0.956100 -0.023300 0.292000
vn -0.941800 -0.107900 0.318300
vn 0.947200 -0.083200 -0.309500
vn 0.938700 0.013600 -0.344600
vn -0.951100 -0.296700 0.086100
vn -0.886400 -0.447200 0.119800
vn -0.229600 -0.941900 -0.245300
vn -0.254300 -0.932200 -0.257800
vn -0.854100 -0.067800 -0.515700
vn -0.863300 -0.043700 -0.502800
vn -0.957300 -0.283700 -0.056200
vn -0.953900 -0.296100 -0.049200
vn 0.440300 -0.204100 -0.874300
vn 0.456100 -0.235000 -0.858400
vn -0.442300 -0.040300 0.895900
vn -0.458600 -0.018800 0.888500
vn 0.995200 -0.023100 -0.094900
vn 0.994800 -0.087200 -0.052900
vn -0.939000 -0.070200 0.336800
vn -0.112200 0.040400 -0.992900
vn -0.076200 -0.005400 -0.997100
vn -0.110800 -0.055700 -0.992300
vn -0.138600 -0.019800 -0.990100
vn -0.903400 -0.377000 -0.204300
vn -0.907500 -0.384100 -0.170100
vn 0.354900 -0.916800 -0.183200
vn 0.519200 -0.851400 -0.074000
vn -0.555500 -0.831400 0.010900
vn -0.528500 -0.848800 -0.010900
vn 0.352600 -0.915700 -0.192600
vn 0.364000 -0.909500 -0.201000
vn -0.581100 -0.800400 -0.147500
vn -0.680900 -0.695300 -0.230100
vn 0.342200 -0.721400 -0.602100
vn 0.727200 -0.014700 0.686300
vn 0.352300 -0.335300 0.873700
vn 0.461000 -0.046800 0.886200
vn 0.479600 -0.029500 0.877000
vn -0.307900 0.015800 -0.951300
vn -0.308000 0.018900 -0.951200
vn 0.016100 -0.692800 -0.720900
vn -0.104800 -0.649100 -0.753400
vn 0.977000 -0.162100 -0.138300
vn 0.886600 -0.396800 -0.237700
vn -0.000800 1.000000 0.004700
vn -0.001500 1.000000 0.008000
vn 0.992700 -0.043600 -0.112400
vn 0.991800 -0.075500 -0.103000
vn -0.939700 -0.120400 0.320000
vn -0.951500 -0.050200 0.303600
vn -0.941100 -0.106600 0.321000
vn -0.941100 -0.108100 0.320400
vn -0.580100 -0.799900 0.153900
vn -0.513400 -0.856700 0.050600
vn 0.604000 -0.491800 -0.627100
vn 0.593500 -0.509800 -0.622800
vn -0.446000 0.856400 -0.259900
vn -0.400100 0.883700 -0.243000
vn -0.499500 0.845000 0.190800
vn -0.205800 0.886100 0.415200
vn -0.192200 -0.913900 -0.357600
vn -0.176700 -0.915600 -0.361200
vn -0.284400 -0.927600 0.242200
vn -0.222000 -0.946200 0.235400
vn -0.041300 0.547800 -0.835600
vn -0.193600 0.474200 -0.858900
vn 0.349700 0.436300 0.829100
vn 0.412000 0.370900 0.832300
vn -0.872300 0.450500 0.189900
vn -0.872200 0.450700 0.190000
vn -0.857600 0.462800 -0.224200
vn -0.913300 0.371700 -0.166500
vn 0.189100 0.980000 -0.062500
vn -0.261800 0.946400 0.189400
vn -0.205000 0.296300 -0.932800
vn 0.010500 0.407300 -0.913200
vn 0.291900 -0.416200 0.861100
vn 0.327300 -0.454900 0.828200
vn 0.156600 0.414600 -0.896400
vn 0.165000 0.410600 -0.896800
vn 0.088500 -0.990800 -0.102800
vn 0.126500 -0.988600 -0.082200
vn 0.155700 -0.446600 0.881100
vn 0.189200 -0.569200 0.800100
vn 0.134500 0.989100 -0.060300
vn 0.201200 0.966100 -0.161800
vn 0.396000 0.387500 -0.832500
vn 0.393100 0.390400 -0.832500
vn 0.017500 -0.999800 -0.005500
vn -0.071100 -0.991500 -0.109300
vn -0.224900 0.974400 -0.005600
vn -0.308900 0.944600 0.111300
vn -0.362300 0.300800 -0.882200
vn -0.523600 0.580600 -0.623500
vn -0.601500 -0.756800 -0.255800
vn -0.402700 -0.467700 0.786800
vn 0.002100 0.999800 0.020500
vn -0.087500 0.995300 -0.040700
vn -0.003500 0.444800 -0.895600
vn 0.074400 0.478500 -0.874900
vn -0.335600 -0.940300 -0.055900
vn -0.342400 -0.938100 -0.051900
vn -0.433000 -0.182700 0.882700
vn -0.404900 -0.214300 0.888900
vn 0.376300 0.856300 0.353900
vn 0.307500 0.902600 0.301300
vn 0.513300 -0.820100 -0.253000
vn 0.239500 -0.958400 -0.155000
vn 0.170600 0.405100 0.898200
vn 0.152100 0.420600 0.894400
vn 0.110900 0.896200 -0.429500
vn 0.084300 0.947300 -0.309000
vn -0.027600 -0.850900 -0.524500
vn 0.037300 -0.902000 -0.430100
vn -0.932100 0.056900 -0.357700
vn -0.923800 0.072400 -0.376000
vn 0.011000 -0.986700 -0.162100
vn 0.099200 -0.985500 -0.137600
vn -0.237600 -0.888900 0.391700
vn -0.060000 -0.965500 0.253300
vn 0.350700 0.509300 0.785900
vn 0.504500 0.542700 0.671600
vn 0.791300 0.342300 -0.506500
vn 0.759400 0.265000 -0.594300
vn -0.264000 0.964500 0.002200
vn 0.140400 0.983300 -0.115400
vn -0.423400 -0.853900 -0.302500
vn -0.374300 -0.851100 -0.368300
vn 0.091700 -0.936300 0.339000
vn 0.087700 -0.935400 0.342500
vn -0.169900 -0.977200 -0.127700
vn -0.064200 -0.995200 -0.073300
vn 0.402400 0.915100 0.026500
vn 0.634300 0.761600 -0.132900
vn 0.245800 -0.906200 0.344200
vn 0.194800 -0.926800 0.321000
vn 0.349700 0.935700 0.046700
vn 0.387300 0.918600 0.078000
vn -0.234700 -0.874800 -0.423800
vn -0.259700 -0.888700 -0.378000
vn 0.067000 0.924400 0.375400
vn 0.282700 0.749900 0.598100
vn -0.000500 -0.999500 -0.032200
vn 0.024600 -0.996000 -0.085400
vn -0.771800 -0.042500 0.634400
vn -0.752900 -0.020600 0.657900
vn 0.638200 0.639300 -0.428900
vn 0.641100 0.638800 -0.425300
vn -0.758500 0.566300 -0.322500
vn -0.757000 0.609700 -0.235100
vn -0.462700 -0.726400 -0.508200
vn -0.539500 -0.431200 -0.723200
vn 0.436000 -0.700300 -0.565300
vn 0.584000 -0.663700 -0.467400
vn 0.860600 0.446400 0.245400
vn 0.759200 0.643300 0.099000
vn -0.711600 0.418400 0.564400
vn -0.615400 0.462200 0.638500
vn -0.614000 -0.761100 0.209100
vn -0.650900 -0.577200 0.493100
vn 0.706200 -0.707900 -0.011700
vn 0.765600 -0.620000 -0.171500
vn 0.263400 0.411600 0.872500
vn 0.069100 0.544100 0.836200
vn 0.008900 0.999600 0.025600
vn 0.030400 0.999500 0.011000
vn 0.033200 -0.990900 -0.130700
vn 0.078400 -0.981900 -0.172600
vn 0.045200 0.940900 0.335700
vn 0.007700 0.932200 0.361800
vn -0.068100 -0.930400 0.360200
vn 0.077500 -0.912400 0.401900
vn -0.354500 -0.372700 0.857600
vn -0.360200 -0.373600 0.854800
vn 0.235600 -0.255000 0.937800
vn 0.458200 -0.371400 0.807500
vn -0.965100 -0.113100 0.236200
vn -0.965100 -0.113500 0.235900
vn -0.969300 -0.017100 -0.245400
vn -0.978100 -0.070900 -0.195600
vn 0.033500 -0.262600 -0.964300
vn -0.055000 -0.210000 -0.976200
vn 0.563700 0.521400 0.640600
vn 0.546600 0.537200 0.642400
vn 0.172900 -0.248000 -0.953200
vn 0.234900 -0.287600 -0.928500
vn 0.397500 0.576400 0.714000
vn 0.347300 0.630600 0.694100
vn 0.273500 -0.286900 -0.918100
vn 0.242700 -0.252500 -0.936700
vn -0.679400 -0.281700 -0.677500
vn -0.721000 -0.219100 -0.657400
vn -0.261700 0.624200 0.736100
vn -0.324500 0.704900 0.630800
vn -0.009900 -0.337900 -0.941100
vn -0.094800 -0.241800 -0.965700
vn -0.308000 0.468600 0.828000
vn -0.312900 0.466400 0.827400
vn 0.147900 -0.206000 0.967300
vn 0.225200 -0.257000 0.939800
vn -0.590700 0.121400 -0.797700
vn -0.915300 0.222200 -0.336000
vn 0.249200 -0.112700 0.961900
vn 0.230600 -0.101200 0.967800
vn 0.214200 -0.101400 0.971500
vn 0.310100 -0.189600 0.931600
vn 0.996600 0.073400 0.038300
vn 0.998400 0.055400 0.005100
vn -0.392500 -0.298400 -0.870000
vn -0.234600 -0.220900 -0.946700
vn -0.201800 -0.218400 -0.954800
vn -0.249400 -0.257700 -0.933500
vn -0.297200 0.287300 -0.910600
vn 0.224500 0.352700 -0.908400
vn -0.175300 0.469000 -0.865600
vn 0.020600 0.564700 -0.825000
vn 0.103900 -0.229200 0.967800
vn -0.000800 -0.114600 0.993400
vn 0.027300 -0.114500 0.993000
vn -0.105400 -0.082800 0.991000
vn 0.062500 0.419800 0.905400
vn 0.182200 0.261300 0.947900
vn -0.225200 0.267400 0.936900
vn 0.026800 0.141500 0.989600
vn -0.337600 0.939900 0.051900
vn -0.646600 -0.750600 0.136000
vn -0.922300 -0.249700 0.295000
vn -0.963300 -0.239600 0.121300
vn -0.937500 0.323100 0.129200
vn -0.907200 0.263600 0.327800
vn -0.039700 0.997700 0.055100
vn 0.032900 0.992300 0.119200
vn -0.030100 -0.961900 -0.271800
vn -0.035900 -0.964000 -0.263400
vn 0.946800 0.069900 -0.314000
vn 0.928700 0.126000 -0.348800
vn 0.846300 0.524400 -0.093300
vn 0.830100 0.547600 -0.105100
vn -0.768400 0.612400 0.185700
vn -0.823900 0.559300 0.091600
vn -0.706100 -0.695300 -0.134400
vn -0.686500 -0.708300 -0.164500
vn 0.692200 -0.576200 -0.434600
vn 0.653200 -0.679200 -0.334800
vn -0.999800 -0.018800 -0.008900
vn -0.998500 0.019900 0.051300
vn -0.064600 0.806000 -0.588400
vn -0.155000 0.741500 -0.652800
vn -0.103700 -0.580700 -0.807500
vn -0.108700 -0.586700 -0.802500
vn 0.543000 0.487100 -0.684100
vn -0.649200 -0.436500 -0.622900
vn 0.536600 0.114800 -0.836000
vn 0.590300 0.065700 -0.804500
vn -0.759400 0.054200 -0.648400
vn -0.772800 0.034600 -0.633700
vn -0.073300 0.130500 -0.988700
vn -0.166000 0.057600 -0.984400
vn -0.702700 0.587900 -0.400700
vn 0.519300 -0.419300 -0.744600
vn 0.763000 -0.064500 -0.643200
vn 0.846500 -0.212800 -0.488000
vn -0.536100 -0.381500 -0.753000
vn 0.154200 -0.580400 -0.799600
vn 0.215000 -0.504500 -0.836200
vn 0.173300 -0.505500 -0.845200
vn 0.203400 -0.483200 -0.851600
vn -0.077200 -0.436500 -0.896400
vn -0.053100 -0.414300 -0.908600
vn -0.181800 -0.382400 -0.905900
vn -0.049000 -0.982400 0.180000
vn -0.311100 -0.922400 0.229100
vn -0.556800 -0.577700 0.596800
vn -0.087000 -0.677200 0.730600
vn 0.092000 -0.739300 0.667000
vn -0.036400 -0.737400 0.674500
vn 0.062300 -0.824800 0.562000
vn -0.296600 -0.592800 0.748800
vn -0.523900 -0.716000 0.461400
vn -0.322100 0.356000 0.877200
vn -0.395700 0.477900 0.784200
vn -0.169600 -0.179300 -0.969100
vn -0.102400 -0.267600 -0.958100
vn 0.991200 0.083300 0.103000
vn 0.995600 -0.024400 0.090500
vn 0.986000 -0.043400 0.160700
vn 0.989100 -0.126700 0.075600
vn 0.977000 -0.007500 0.213200
vn 0.980400 -0.164400 0.108200
vn 0.980200 0.141000 0.139100
vn 0.992200 -0.004400 0.124700
vn 0.999700 -0.023200 -0.001700
vn 0.999900 -0.010400 -0.012600
vn 0.997900 -0.065100 -0.000800
vn 0.998900 -0.033900 -0.033400
vn 0.977300 -0.182000 0.108700
vn 0.985900 -0.167200 -0.002000
vn 0.996200 -0.072600 0.047800
vn 0.998000 -0.062700 -0.004700
vn 0.119500 -0.980400 0.156400
vn 0.119000 -0.980700 0.155400
vn 0.216500 -0.894100 -0.392000
vn 0.215400 -0.893400 -0.394200
vn 0.095900 0.937600 0.334300
vn 0.097100 0.937800 0.333300
vn 0.174600 0.975600 -0.132900
vn 0.176300 0.975100 -0.134400
vn 0.024800 -0.536200 0.843700
vn 0.024800 -0.536100 0.843800
vn 0.319100 0.378500 -0.868800
vn 0.318200 0.379800 -0.868600
vn 0.320300 -0.375400 -0.869800
vn 0.318600 -0.371400 -0.872100
vn 0.017800 0.190700 0.981500
vn 0.017900 0.190800 0.981500
vn -0.126200 0.963200 -0.237200
vn -0.051400 0.987800 -0.147100
vn -0.190300 0.888200 0.418100
vn -0.196800 0.892300 0.406200
vn -0.171800 -0.916600 -0.361000
vn -0.202400 -0.918700 -0.339100
vn -0.313600 -0.924700 0.215900
vn -0.200900 -0.969900 0.137700
vn -0.035600 0.483500 -0.874600
vn 0.018200 0.535600 -0.844300
vn -0.344200 -0.374400 0.861000
vn -0.349100 -0.378200 0.857400
vn -0.313600 0.483200 0.817500
vn -0.382600 0.504000 0.774300
vn -0.143200 -0.263700 -0.953900
vn -0.100700 -0.282900 -0.953800
vn -0.434100 0.896000 -0.092900
vn -0.431400 0.897700 -0.089800
vn -0.386900 0.559300 -0.733100
vn -0.517600 0.468400 -0.716000
vn -0.725500 -0.680900 -0.100500
vn -0.675900 -0.723300 -0.141200
vn -0.727400 -0.189800 0.659400
vn -0.765600 -0.145100 0.626700
vn -0.552200 -0.244000 -0.797200
vn -0.607400 -0.185600 -0.772400
vn -0.654700 0.528700 0.540200
vn -0.629700 0.547900 0.550800
vn -0.190100 -0.526800 -0.828500
vn -0.115000 -0.471700 -0.874200
vn -0.658600 -0.487700 0.573100
vn 0.034200 0.907600 -0.418400
vn 0.034200 -0.854500 -0.518200
vn 0.104800 -0.926500 -0.361400
vn 0.838300 0.264300 -0.476900
vn 0.647000 0.642800 -0.410100
vn 0.629300 0.649000 -0.427500
vn -0.779300 0.583800 -0.227700
vn -0.784200 0.527400 -0.326900
vn -0.668200 -0.590100 -0.453100
vn -0.722300 -0.267000 -0.638000
vn 0.545900 -0.633200 -0.548700
vn 0.556100 -0.526000 -0.643500
vn 0.802400 0.166700 -0.573000
vn -0.853800 -0.088500 -0.513000
vn -0.548400 0.038300 -0.835400
vn 0.880000 -0.063800 -0.470700
vn -0.412800 0.892000 0.184400
vn -0.097700 0.936500 0.336900
vn 0.267800 0.960500 -0.075300
vn 0.453600 0.863500 -0.220600
vn -0.303300 0.930300 -0.206400
vn -0.096700 0.987700 -0.123100
vn -0.770800 0.619900 -0.147100
vn -0.424700 0.904200 0.045200
vn -0.755600 -0.030300 0.654300
vn -0.938600 0.083200 -0.334900
vn -0.940500 0.085400 -0.328800
vn -0.539100 -0.807200 -0.240400
vn -0.625900 -0.746600 0.225500
vn -0.198500 -0.940100 0.277100
vn -0.033200 -0.993300 0.110600
vn -0.163900 -0.977100 0.135500
vn -0.158700 -0.979300 0.125300
vn -0.624300 -0.760900 0.176800
vn -0.613000 -0.767100 0.189100
vn -0.034800 -0.956800 0.288800
vn 0.439000 -0.111100 0.891600
vn 0.471200 -0.131500 0.872100
vn 0.340800 -0.128900 0.931200
vn 0.353200 -0.152000 0.923100
vn 0.060700 -0.435200 0.898300
vn 0.115700 -0.496400 0.860300
vn -0.439000 -0.069500 0.895800
vn -0.431000 -0.080200 0.898800
vn 0.092100 -0.500500 0.860800
vn 0.117300 0.040700 0.992300
vn 0.171500 0.007200 0.985200
vn 0.036900 -0.006700 0.999300
vn 0.082000 -0.047400 0.995500
vn 0.851500 -0.268700 0.450300
vn 0.836500 -0.293300 0.462900
vn 0.870700 -0.027300 0.491000
vn 0.871900 -0.025000 0.489000
vn 0.959000 -0.211100 -0.189100
vn 0.912500 -0.328100 -0.244300
vn -0.827700 -0.437100 0.352000
vn -0.850600 -0.399300 0.342200
vn 0.001200 0.999900 0.015100
vn -0.018100 0.999800 -0.003600
vn -0.005600 1.000000 0.001500
vn -0.005700 1.000000 0.001800
vn -0.843500 -0.080700 0.531100
vn -0.857900 -0.049300 0.511500
vn -0.770300 -0.377600 0.513900
vn -0.825400 -0.277500 0.491600
vn 0.962700 -0.076100 -0.259700
vn 0.918500 -0.325100 -0.225200
vn 0.960200 -0.165000 -0.225600
vn -0.006200 1.000000 0.004500
vn -0.006100 1.000000 0.001400
vn 0.510700 0.034500 -0.859100
vn 0.470200 -0.040900 -0.881600
vn -0.988000 -0.056800 -0.143800
vn -0.991700 -0.027300 -0.126000
vn -0.836800 -0.006000 -0.547400
vn -0.854200 -0.064700 -0.515800
vn 0.810200 0.100500 -0.577400
vn 0.788300 0.036500 -0.614200
vn -0.013000 0.999700 -0.022000
vn -0.012800 0.999900 0.007700
vn -0.012800 0.999900 0.007900
vn -0.430800 -0.285200 0.856200
vn -0.332300 -0.385000 0.861000
vn 0.979400 -0.196000 -0.049400
vn 0.982800 -0.175000 -0.059200
vn -0.947200 -0.239200 0.213300
vn -0.916400 -0.311100 0.251700
vn 0.453400 -0.076800 0.888000
vn 0.411500 -0.130800 0.902000
vn 0.119600 -0.071900 0.990200
vn 0.079800 -0.019500 0.996600
vn 0.859500 -0.180000 0.478300
vn 0.849700 -0.130100 0.511000
vn 0.980000 -0.020800 -0.198000
vn 0.976200 -0.051200 -0.210900
vn -0.925000 -0.065000 0.374400
vn -0.920500 -0.089000 0.380400
vn -0.788700 -0.145900 0.597300
vn -0.815400 -0.059300 0.575800
vn 0.981100 -0.020400 -0.192300
vn 0.965000 -0.143100 -0.219900
vn -0.405100 -0.117600 0.906700
vn -0.443400 -0.043500 0.895300
vn 0.994600 -0.056000 -0.087800
vn 0.978600 -0.199500 -0.049700
vn -0.943500 -0.216100 0.251300
vn -0.953300 -0.092300 0.287600
vn 0.845100 -0.442200 -0.300300
vn 0.859100 -0.394600 -0.325800
vn -0.082500 -0.338100 -0.937500
vn -0.066700 -0.318700 -0.945500
vn -0.922400 -0.228300 0.311500
vn -0.869900 -0.451400 0.199000
vn -0.806400 -0.305900 -0.506000
vn -0.812100 -0.335700 -0.477200
vn 0.754100 -0.273500 -0.597000
vn 0.751700 -0.413500 -0.513800
vn -0.139000 -0.990300 -0.007500
vn -0.121600 -0.991700 -0.040700
vn 0.062200 -0.992100 -0.109100
vn 0.029800 -0.993000 -0.114000
vn -0.016600 -0.850900 -0.525100
vn -0.047000 -0.839000 -0.542000
vn -0.505900 -0.065500 -0.860100
vn -0.558300 0.010700 -0.829600
vn -0.507000 -0.039100 -0.861100
vn -0.517900 -0.024700 -0.855100
vn -0.469700 -0.618600 -0.629900
vn -0.410600 -0.589600 -0.695500
vn -0.573600 -0.307800 -0.759100
vn -0.527300 -0.361600 -0.768900
vn -0.971200 -0.218600 0.095200
vn -0.984200 -0.107500 0.140600
vn -0.999700 -0.006800 -0.024800
vn -0.973100 -0.181900 -0.141500
vn 0.470300 -0.004900 -0.882500
vn 0.465600 -0.014300 -0.884900
vn 0.988100 0.010700 -0.153600
vn 0.990300 -0.081700 -0.112100
vn 0.458300 -0.124900 0.880000
vn 0.413500 -0.080700 0.906900
vn 0.080600 -0.138100 0.987100
vn 0.080300 -0.137800 0.987200
vn 0.852700 -0.095800 0.513500
vn 0.869400 -0.065700 0.489700
vn 0.974300 -0.073500 -0.213100
vn 0.966900 0.002800 -0.255200
vn -0.940100 -0.019200 0.340300
vn -0.920600 -0.087900 0.380500
vn -0.815100 -0.069700 0.575100
vn -0.845500 -0.176500 0.503900
vn 0.980800 0.021800 -0.193800
vn 0.981600 0.010500 -0.190600
vn -0.885800 -0.443600 -0.136100
vn -0.882200 -0.450500 -0.137300
vn 0.356200 -0.366400 0.859500
vn 0.433900 -0.310100 0.845900
vn -0.092400 -0.700200 -0.708000
vn -0.135700 -0.671100 -0.728800
vn 0.593500 -0.509700 -0.622800
vn 0.330600 -0.464700 -0.821500
vn 0.110800 -0.382300 0.917400
vn 0.112700 -0.383400 0.916700
vn 0.843000 -0.251100 0.475600
vn 0.847700 -0.261400 0.461600
vn 0.966100 -0.173800 -0.191000
vn 0.956800 -0.202200 -0.208900
vn -0.857200 -0.350400 0.377300
vn -0.906800 -0.240300 0.346500
vn -0.784100 -0.283500 0.552200
vn -0.760500 -0.323500 0.563000
vn 0.960700 -0.176700 -0.214100
vn 0.924100 -0.304800 -0.230600
vn -0.322100 -0.275500 0.905700
vn -0.543100 -0.002000 0.839700
vn 0.973600 -0.218600 -0.065600
vn 0.981800 -0.170900 -0.082500
vn -0.933400 -0.203200 0.295900
vn -0.863200 -0.438400 0.250300
vn -0.438500 -0.692300 -0.573000
vn -0.399200 -0.651300 -0.645300
vn -0.316500 -0.802100 -0.506400
vn -0.363100 -0.841200 -0.400700
vn -0.682300 -0.668200 -0.296500
vn 0.395000 -0.752700 -0.526800
vn 0.295300 -0.875200 -0.383100
vn 0.005500 -0.948200 -0.317600
vn 0.018600 -0.950200 -0.311200
vn 0.687400 -0.664600 0.293000
vn 0.502800 -0.860500 0.082100
vn -0.689100 -0.711100 0.139500
vn -0.338800 -0.932000 -0.128700
vn 0.018900 -0.911500 -0.410800
vn 0.206700 -0.933400 -0.293500
vn 0.506300 -0.762800 -0.402100
vn 0.391400 -0.916400 -0.083700
vn 0.013300 -0.998900 0.044300
vn 0.012600 -0.998900 0.045000
vn 0.260200 -0.850700 -0.456700
vn 0.276900 -0.917700 -0.285000
vn 0.709700 -0.639400 0.295900
vn 0.252400 -0.875000 0.413200
vn 0.085000 -0.815000 0.573300
vn -0.188300 -0.840600 0.507900
vn 0.148700 -0.988900 -0.004800
vn 0.007900 -0.998800 -0.048000
vn -0.088100 -0.992500 -0.084600
vn -0.050400 -0.995000 -0.086800
vn -0.564900 -0.793000 -0.228300
vn -0.265400 -0.907300 -0.326100
vn 0.151600 -0.976000 0.156000
vn 0.187400 -0.976500 0.106100
vn -0.322100 -0.625400 0.710800
vn -0.350400 -0.815600 0.460500
vn -0.191200 -0.906700 0.375900
vn -0.138400 -0.956800 0.255600
vn -0.932900 -0.119600 0.339600
vn -0.939500 -0.074700 0.334200
vn 0.965100 -0.065200 -0.253800
vn 0.960000 0.064100 -0.272600
vn 0.006500 1.000000 -0.000900
vn 0.005400 1.000000 0.000500
vn 0.000300 -0.999300 -0.036200
vn -0.034500 -0.994700 -0.097000
vn 0.457000 -0.114000 0.882100
vn 0.401200 -0.177800 0.898600
vn -0.992700 -0.074100 -0.095400
vn -0.994200 -0.062100 -0.088000
vn -0.925000 -0.081600 -0.371100
vn -0.938600 0.016400 -0.344600
vn -0.022400 0.996000 0.086400
vn -0.023100 0.996400 0.082000
vn -0.973900 -0.077600 -0.213300
vn -0.979100 -0.041500 -0.199300
vn 0.943800 -0.070000 0.322900
vn 0.935600 -0.120800 0.331900
vn 0.989700 -0.025300 0.140800
vn 0.989600 -0.058300 0.131400
vn 0.195300 -0.978500 -0.066600
vn 0.151700 -0.986700 -0.058500
vn 0.007900 1.000000 -0.002700
vn 0.002800 1.000000 0.003300
vn -0.788600 0.022900 -0.614500
vn -0.784500 0.035200 -0.619200
vn 0.941800 -0.107900 0.318300
vn 0.956100 -0.023300 0.292000
vn -0.938700 0.013600 -0.344600
vn -0.947200 -0.083200 -0.309500
vn 0.886400 -0.447200 0.119800
vn 0.951100 -0.296600 0.086100
vn 0.254300 -0.932200 -0.257800
vn 0.229600 -0.941900 -0.245300
vn 0.863300 -0.043700 -0.502800
vn 0.854100 -0.067800 -0.515700
vn 0.953900 -0.296100 -0.049100
vn 0.957300 -0.283600 -0.056100
vn -0.456100 -0.235000 -0.858400
vn -0.440300 -0.204100 -0.874300
vn 0.458600 -0.018800 0.888500
vn 0.442300 -0.040300 0.895900
vn -0.994800 -0.087200 -0.052900
vn -0.995200 -0.023100 -0.094900
vn 0.939000 -0.070200 0.336800
vn 0.076200 -0.005400 -0.997100
vn 0.112100 0.040300 -0.992900
vn 0.138600 -0.019800 -0.990200
vn 0.110700 -0.055700 -0.992300
vn 0.907500 -0.384100 -0.170100
vn 0.903400 -0.377000 -0.204300
vn -0.519200 -0.851400 -0.074000
vn -0.354900 -0.916800 -0.183200
vn 0.528500 -0.848800 -0.010900
vn 0.555500 -0.831400 0.010900
vn -0.364000 -0.909500 -0.201000
vn -0.352600 -0.915700 -0.192600
vn 0.680900 -0.695300 -0.230100
vn 0.581100 -0.800400 -0.147500
vn -0.342200 -0.721300 -0.602100
vn -0.352300 -0.335300 0.873700
vn -0.727200 -0.014700 0.686300
vn -0.479600 -0.029500 0.877000
vn -0.461000 -0.046800 0.886200
vn 0.308000 0.018900 -0.951200
vn 0.307900 0.015800 -0.951300
vn 0.104800 -0.649100 -0.753400
vn -0.016100 -0.692800 -0.720900
vn -0.886600 -0.396800 -0.237700
vn -0.977000 -0.162100 -0.138300
vn 0.001500 1.000000 0.008000
vn 0.000800 1.000000 0.004700
vn -0.991800 -0.075500 -0.103000
vn -0.992700 -0.043600 -0.112400
vn 0.951500 -0.050200 0.303600
vn 0.939700 -0.120400 0.320000
vn 0.941100 -0.108100 0.320400
vn 0.941100 -0.106600 0.321000
vn 0.513400 -0.856700 0.050600
vn 0.580100 -0.799900 0.153900
vn -0.593500 -0.509800 -0.622800
vn -0.604000 -0.491800 -0.627100
vn -0.171500 0.007200 0.985200
vn -0.117300 0.040700 0.992300
vn -0.082000 -0.047400 0.995500
vn -0.036900 -0.006700 0.999300
vn -0.836500 -0.293300 0.462900
vn -0.851500 -0.268700 0.450300
vn -0.871900 -0.025000 0.489000
vn -0.870700 -0.027300 0.491000
vn -0.912500 -0.328100 -0.244300
vn -0.959000 -0.211100 -0.189100
vn 0.850600 -0.399300 0.342200
vn 0.827700 -0.437100 0.352000
vn 0.005600 1.000000 0.001500
vn -0.001200 0.999900 0.015100
vn 0.018100 0.999800 -0.003600
vn 0.005700 1.000000 0.001800
vn 0.857900 -0.049300 0.511500
vn 0.843500 -0.080700 0.531100
vn 0.825400 -0.277500 0.491600
vn 0.770300 -0.377600 0.513900
vn -0.962700 -0.076100 -0.259700
vn -0.960200 -0.165000 -0.225600
vn -0.918500 -0.325100 -0.225200
vn 0.006100 1.000000 0.001400
vn 0.006200 1.000000 0.004500
vn -0.470200 -0.040800 -0.881600
vn -0.510700 0.034500 -0.859100
vn 0.991700 -0.027300 -0.126000
vn 0.988000 -0.056800 -0.143800
vn 0.854200 -0.064700 -0.515800
vn 0.836800 -0.006000 -0.547400
vn -0.788300 0.036500 -0.614200
vn -0.810200 0.100500 -0.577400
vn 0.012800 0.999900 0.007900
vn 0.012800 0.999900 0.007700
vn 0.013000 0.999700 -0.022000
vn 0.332300 -0.385000 0.861000
vn 0.430800 -0.285200 0.856200
vn -0.982800 -0.175000 -0.059200
vn -0.979400 -0.196000 -0.049400
vn 0.916400 -0.311100 0.251700
vn 0.947200 -0.239200 0.213300
vn -0.411500 -0.130800 0.902000
vn -0.453400 -0.076800 0.888000
vn -0.079800 -0.019500 0.996600
vn -0.119600 -0.071900 0.990200
vn -0.849700 -0.130100 0.511000
vn -0.859500 -0.180000 0.478300
vn -0.976200 -0.051200 -0.210800
vn -0.980000 -0.021000 -0.198000
vn 0.920500 -0.089000 0.380400
vn 0.925000 -0.065000 0.374400
vn 0.815400 -0.059300 0.575800
vn 0.788700 -0.145900 0.597300
vn -0.965000 -0.143100 -0.219900
vn -0.981100 -0.020600 -0.192300
vn 0.443400 -0.043500 0.895300
vn 0.405100 -0.117600 0.906700
vn -0.978600 -0.199500 -0.049700
vn -0.994600 -0.056000 -0.087800
vn 0.953300 -0.092300 0.287600
vn 0.943500 -0.216100 0.251300
vn -0.859100 -0.394600 -0.325800
vn -0.845100 -0.442200 -0.300300
vn 0.066700 -0.318700 -0.945500
vn 0.082500 -0.338100 -0.937500
vn 0.869900 -0.451400 0.199000
vn 0.922400 -0.228300 0.311500
vn 0.812100 -0.335700 -0.477200
vn 0.806400 -0.305900 -0.506000
vn -0.751700 -0.413500 -0.513800
vn -0.754100 -0.273500 -0.597000
vn 0.121600 -0.991700 -0.040700
vn 0.139000 -0.990300 -0.007500
vn -0.029800 -0.993000 -0.114000
vn -0.062200 -0.992100 -0.109100
vn 0.047100 -0.839000 -0.542100
vn 0.016600 -0.850900 -0.525100
vn 0.558300 0.010600 -0.829600
vn 0.506000 -0.065500 -0.860000
vn 0.517900 -0.024700 -0.855100
vn 0.507000 -0.039100 -0.861000
vn 0.410600 -0.589600 -0.695500
vn 0.469700 -0.618600 -0.629900
vn 0.527300 -0.361600 -0.768900
vn 0.573600 -0.307800 -0.759100
vn 0.984200 -0.107500 0.140600
vn 0.971200 -0.218700 0.095100
vn 0.973100 -0.182000 -0.141500
vn 0.999700 -0.006800 -0.024700
vn -0.465600 -0.014400 -0.884900
vn -0.470400 -0.004900 -0.882500
vn -0.990300 -0.081700 -0.112100
vn -0.988100 0.010700 -0.153600
vn -0.413500 -0.080700 0.906900
vn -0.458300 -0.124900 0.880000
vn -0.080300 -0.137800 0.987200
vn -0.080600 -0.138100 0.987100
vn -0.869400 -0.065700 0.489700
vn -0.852700 -0.095800 0.513500
vn -0.966900 0.003000 -0.255200
vn -0.974300 -0.073500 -0.213000
vn 0.920600 -0.087900 0.380500
vn 0.940100 -0.019200 0.340300
vn 0.845500 -0.176500 0.503900
vn 0.815100 -0.069700 0.575100
vn -0.981600 0.010600 -0.190700
vn -0.980800 0.021800 -0.193800
vn 0.882200 -0.450500 -0.137300
vn 0.885800 -0.443600 -0.136100
vn -0.433900 -0.310100 0.845900
vn -0.356200 -0.366400 0.859500
vn 0.135700 -0.671100 -0.728800
vn 0.092400 -0.700200 -0.708000
vn -0.330600 -0.464700 -0.821500
vn -0.593500 -0.509700 -0.622800
vn -0.112700 -0.383400 0.916700
vn -0.110800 -0.382300 0.917400
vn -0.847700 -0.261400 0.461600
vn -0.843000 -0.251100 0.475600
vn -0.956800 -0.202200 -0.208900
vn -0.966100 -0.173800 -0.191000
vn 0.906800 -0.240300 0.346500
vn 0.857200 -0.350400 0.377300
vn 0.760500 -0.323500 0.563000
vn 0.784100 -0.283500 0.552200
vn -0.924100 -0.304800 -0.230600
vn -0.960700 -0.176700 -0.214100
vn 0.543100 -0.002000 0.839700
vn 0.322100 -0.275500 0.905700
vn -0.981800 -0.170900 -0.082500
vn -0.973600 -0.218600 -0.065600
vn 0.863200 -0.438400 0.250300
vn 0.933400 -0.203200 0.295900
vn 0.399200 -0.651300 -0.645300
vn 0.438500 -0.692300 -0.573000
vn 0.363100 -0.841200 -0.400700
vn 0.316500 -0.802100 -0.506400
vn 0.682300 -0.668200 -0.296500
vn -0.295400 -0.875200 -0.383000
vn -0.395000 -0.752600 -0.526800
vn -0.018600 -0.950200 -0.311200
vn -0.005500 -0.948200 -0.317600
vn -0.502800 -0.860500 0.082100
vn -0.687400 -0.664600 0.293000
vn 0.338800 -0.932000 -0.128700
vn 0.689100 -0.711100 0.139500
vn -0.206700 -0.933400 -0.293500
vn -0.018900 -0.911500 -0.410800
vn -0.391400 -0.916400 -0.083700
vn -0.506300 -0.762800 -0.402100
vn -0.012600 -0.998900 0.045000
vn -0.013300 -0.998900 0.044300
vn -0.276900 -0.917700 -0.285000
vn -0.260200 -0.850700 -0.456700
vn -0.252400 -0.875000 0.413200
vn -0.709700 -0.639400 0.295900
vn 0.188200 -0.840600 0.507900
vn -0.085000 -0.815000 0.573200
vn -0.007900 -0.998800 -0.048000
vn -0.148700 -0.988900 -0.004800
vn 0.050400 -0.995000 -0.086800
vn 0.088100 -0.992500 -0.084600
vn 0.265400 -0.907300 -0.326100
vn 0.565000 -0.792900 -0.228300
vn -0.187400 -0.976500 0.106100
vn -0.151600 -0.976000 0.156000
vn 0.350400 -0.815600 0.460500
vn 0.322100 -0.625200 0.710900
vn 0.138400 -0.956800 0.255600
vn 0.191200 -0.906700 0.375900
vn 0.932900 -0.119600 0.339600
vn 0.939500 -0.074700 0.334200
vn -0.965100 -0.065200 -0.253800
vn -0.960000 0.064100 -0.272600
vn 0.071600 -0.996700 -0.037500
vn 0.074600 -0.996100 -0.046800
vn 0.885600 0.000000 -0.464400
vn 0.068700 0.996700 -0.043200
vn 0.077600 0.996200 -0.040700
vn 0.103600 -0.994500 0.011800
vn 0.100900 -0.994800 0.014800
vn 0.907900 0.000000 -0.419300
vn 0.079500 0.996100 -0.037100
vn 0.080300 0.996100 -0.037100
vn 0.099900 -0.994900 0.012100
vn 0.094800 -0.995300 0.018200
vn 0.938300 0.000000 -0.345900
vn 0.083500 0.996100 -0.029200
vn 0.080600 0.996300 -0.029700
vn 0.095100 -0.995300 0.019400
vn 0.086300 -0.995900 0.028000
vn 0.971600 0.000000 -0.236800
vn 0.084300 0.996300 -0.017100
vn 0.078500 0.996700 -0.019100
vn 0.084100 -0.996400 0.014300
vn 0.080600 -0.996600 0.016900
vn 0.995800 0.000000 -0.092100
vn 0.080500 0.996700 -0.007400
vn 0.080400 0.996700 -0.007400
vn 0.080800 -0.995900 0.041000
vn 0.074300 -0.996300 0.044100
vn 0.997200 0.000000 0.075300
vn 0.080600 0.996700 0.006100
vn 0.075000 -0.996400 0.040300
vn 0.070600 -0.996600 0.041400
vn 0.969800 0.000000 0.244100
vn 0.078300 0.996700 0.019700
vn 0.068900 -0.996600 0.046000
vn 0.065900 -0.996800 0.046100
vn 0.903700 0.000000 0.428100
vn 0.073000 0.996700 0.034600
vn 0.063700 -0.996700 0.049700
vn 0.788500 0.000000 0.615000
vn 0.063700 0.996700 0.049700
vn 0.052800 -0.996700 0.061100
vn 0.052900 -0.996700 0.061100
vn 0.654200 0.000000 0.756400
vn 0.654200 0.000000 0.756300
vn 0.052800 0.996700 0.061100
vn 0.052900 0.996700 0.061100
vn 0.041600 -0.996700 0.069200
vn 0.041600 -0.996700 0.069300
vn 0.515200 0.000000 0.857100
vn 0.041600 0.996700 0.069200
vn 0.030400 -0.996700 0.074900
vn 0.376100 0.000000 0.926600
vn 0.030400 0.996700 0.074900
vn 0.018800 -0.996700 0.078600
vn 0.233300 0.000000 0.972400
vn 0.018800 0.996700 0.078600
vn 0.005700 -0.996700 0.080600
vn 0.070800 0.000000 0.997500
vn 0.005700 0.996700 0.080600
vn -0.074600 -0.996100 -0.046800
vn -0.071600 -0.996700 -0.037500
vn -0.885600 0.000000 -0.464400
vn -0.077600 0.996200 -0.040700
vn -0.068700 0.996700 -0.043200
vn -0.100900 -0.994800 0.014800
vn -0.103600 -0.994500 0.011800
vn -0.907900 0.000000 -0.419300
vn -0.080300 0.996100 -0.037100
vn -0.079500 0.996100 -0.037100
vn -0.094800 -0.995300 0.018200
vn -0.099900 -0.994900 0.012100
vn -0.938300 0.000000 -0.345900
vn -0.080600 0.996300 -0.029700
vn -0.083500 0.996100 -0.029200
vn -0.086300 -0.995900 0.028000
vn -0.095100 -0.995300 0.019400
vn -0.971600 0.000000 -0.236800
vn -0.078500 0.996700 -0.019100
vn -0.084300 0.996300 -0.017100
vn -0.080600 -0.996600 0.016900
vn -0.084100 -0.996400 0.014300
vn -0.995800 0.000000 -0.092100
vn -0.080400 0.996700 -0.007400
vn -0.080500 0.996700 -0.007400
vn -0.074300 -0.996300 0.044100
vn -0.080800 -0.995900 0.041000
vn -0.997200 0.000000 0.075400
vn -0.080600 0.996700 0.006100
vn -0.070600 -0.996600 0.041400
vn -0.075000 -0.996400 0.040300
vn -0.969800 0.000000 0.244000
vn -0.078300 0.996700 0.019700
vn -0.078400 0.996700 0.019700
vn -0.065900 -0.996800 0.046100
vn -0.068900 -0.996600 0.046000
vn -0.903700 0.000000 0.428100
vn -0.073000 0.996700 0.034600
vn -0.063700 -0.996700 0.049700
vn -0.788500 0.000000 0.615000
vn -0.063700 0.996700 0.049700
vn -0.052900 -0.996700 0.061100
vn -0.052800 -0.996700 0.061100
vn -0.654200 0.000000 0.756400
vn -0.052900 0.996700 0.061100
vn -0.052800 0.996700 0.061100
vn -0.041600 -0.996700 0.069200
vn -0.515200 0.000000 0.857100
vn -0.041600 0.996700 0.069200
vn -0.030400 -0.996700 0.074900
vn -0.376100 0.000000 0.926600
vn -0.030400 0.996700 0.074900
vn -0.018800 -0.996700 0.078600
vn -0.233300 0.000000 0.972400
vn -0.018800 0.996700 0.078600
vn -0.005700 -0.996700 0.080600
vn -0.070800 0.000000 0.997500
vn -0.005700 0.996700 0.080600
vn 0.490700 0.773100 -0.401900
vn 0.557700 0.699000 -0.447600
vn 0.239200 0.524800 -0.816900
vn 0.172600 0.772400 -0.611200
vn -0.170700 0.768800 -0.616300
vn -0.236000 0.515100 -0.824000
vn 0.032700 0.469700 -0.882200
vn 0.032300 0.473100 -0.880400
vn 0.404800 -0.385200 -0.829300
vn -0.064500 -0.708300 -0.703000
vn -0.064700 -0.316300 -0.946400
vn 0.044600 -0.642900 -0.764700
vn 0.180800 -0.604900 -0.775500
vn -0.055200 -0.316500 -0.947000
vn -0.137900 -0.362700 -0.921600
vn -0.313000 -0.643800 -0.698300
vn -0.182700 0.783600 -0.593800
vn -0.228000 0.609200 -0.759600
vn -0.726200 0.677600 -0.116500
vn -0.596900 0.799900 -0.061200
vn -0.531600 0.716600 -0.451500
vn -0.446400 0.792400 -0.415800
vn -0.750100 0.619700 0.230900
vn -0.574000 0.794300 0.199000
vn -0.619200 -0.335800 -0.709800
vn -0.366300 -0.719000 -0.590600
vn -0.430100 -0.695800 -0.575200
vn -0.807500 -0.306200 -0.504100
vn -0.947200 -0.303900 -0.101900
vn -0.750400 -0.640500 -0.163400
vn -0.758100 -0.652100 0.000000
vn -0.938700 -0.309300 -0.152200
vn 0.709600 0.697600 -0.099300
vn 0.896100 0.425600 0.125600
vn 0.516500 0.799400 -0.306900
vn 0.402400 0.839800 -0.364400
vn 0.687500 0.725600 -0.027300
vn 0.648900 0.760200 -0.031900
vn 0.164000 0.757900 -0.631400
vn 0.205700 0.617700 -0.759000
vn 0.762000 -0.638700 0.106900
vn 0.780400 -0.614400 0.116300
vn 0.841100 -0.538100 -0.055900
vn 0.900000 -0.389400 -0.195900
vn 0.677000 -0.377200 -0.632000
vn 0.565000 -0.745900 -0.352800
vn 0.581500 -0.702100 -0.411000
vn 0.489100 -0.372800 -0.788500
vn -0.017100 0.540200 -0.841400
vn -0.020100 0.473900 -0.880400
vn -0.512800 0.624400 -0.589200
vn -0.504700 0.636300 -0.583400
vn 0.112800 -0.647800 -0.753500
vn 0.258900 -0.352400 -0.899300
vn -0.303100 -0.722900 -0.621000
vn -0.245000 -0.372200 -0.895200
vn -0.718800 0.685800 -0.113700
vn -0.775400 0.630200 -0.039600
vn -0.946000 -0.295700 0.132800
vn -0.779300 -0.542300 0.314200
vn 0.453500 0.881700 0.130300
vn 0.723900 0.655500 0.215300
vn 0.943100 -0.332400 0.000000
vn 0.527900 -0.795700 -0.296800
vn 0.205000 0.060500 0.976900
vn 0.145900 0.355300 0.923300
vn 0.167900 0.466100 0.868600
vn 0.017200 0.815900 0.577900
vn -0.027700 0.186700 0.982000
vn -0.132700 0.401100 0.906400
vn -0.024300 0.574200 0.818400
vn -0.023200 0.568300 0.822500
vn 0.188700 0.359000 -0.914100
vn 0.253900 0.245900 -0.935400
vn 0.049500 0.270400 -0.961500
vn 0.035200 0.240700 -0.970000
vn 0.027000 0.206000 -0.978200
vn 0.002700 0.156200 -0.987700
vn -0.083200 0.210500 -0.974100
vn -0.195200 0.303300 -0.932700
vn -0.108300 0.325000 -0.939500
vn 0.905600 0.368800 -0.209200
vn 0.195400 -0.037600 -0.980000
vn 0.154900 -0.019200 -0.987700
vn 0.030300 -0.010200 -0.999500
vn 0.018700 -0.000200 -0.999800
vn 0.035000 0.000100 -0.999400
vn 0.035200 -0.000000 -0.999400
vn -0.081000 0.000100 -0.996700
vn -0.080100 -0.000300 -0.996800
vn -0.161800 0.000000 -0.986800
vn -0.157600 0.001600 -0.987500
vn 0.127000 0.000000 -0.991900
vn 0.125800 0.000400 -0.992100
vn -0.217800 0.212100 -0.952700
vn 0.210100 0.191100 -0.958800
vn 0.397200 0.917500 0.021200
vn 0.429100 0.903100 -0.015200
vn 0.320200 0.946600 0.038600
vn 0.085100 0.996300 0.010300
vn 0.086400 0.996200 0.009200
vn -0.031000 0.999500 0.001500
vn -0.031000 0.999500 0.001400
vn -0.512200 0.858500 0.023400
vn -0.465000 0.885300 -0.003800
vn 0.810700 -0.081100 -0.579800
vn 0.997200 -0.053300 0.053200
vn -0.961000 0.269500 -0.062000
vn -0.982100 0.188500 0.000000
vn -0.269200 0.962700 -0.028700
vn -0.265200 0.963700 -0.029900
vn 0.924700 0.380700 -0.001500
vn 0.915500 0.402300 0.006600
vn 0.952000 0.301800 0.050800
vn -1.000000 -0.003300 0.000000
vn -0.806400 0.584400 -0.090800
vn -0.879400 0.474600 -0.037400
vn 0.431600 0.902000 0.003100
vn 0.480000 0.877000 -0.022700
vn 0.441500 0.890400 0.110800
vn -0.448500 0.893600 -0.018100
vn 0.417400 0.176600 -0.891400
vn 0.485000 0.272300 -0.831000
vn 0.420100 0.403500 -0.812800
vn 0.102600 0.549200 -0.829400
vn 0.155400 0.242400 -0.957600
vn -0.787700 0.535800 -0.303900
vn 0.393000 0.485200 -0.781100
vn 0.389800 0.532400 -0.751400
vn 0.459700 0.232900 -0.857000
vn 0.536700 0.280100 -0.795900
vn 0.487400 0.555700 -0.673500
vn 0.478800 0.566200 -0.670900
vn -0.227100 0.955300 0.189200
vn -0.211900 0.959500 0.185700
vn -0.582500 0.806400 -0.102400
vn -0.475400 0.879600 0.015600
vn 0.194800 0.914000 0.355800
vn 0.123000 0.915600 0.382900
vn 0.187600 0.899900 0.393800
vn 0.826100 0.261900 -0.498900
vn -0.413800 -0.006100 -0.910300
vn 0.891500 0.154900 -0.425800
vn 0.886400 0.142100 -0.440600
vn 0.933800 0.144100 -0.327500
vn 0.935600 0.151800 -0.318700
vn -0.123800 0.426300 -0.896100
vn -0.426500 0.482800 -0.764900
vn 0.796200 0.414600 -0.440600
vn 0.790000 0.420700 -0.445900
vn 0.880800 0.407900 -0.240500
vn 0.880700 0.409200 -0.238500
vn 0.783300 0.527300 -0.329300
vn 0.756500 0.505400 0.415100
vn 0.637700 0.581700 0.505000
vn -0.162000 0.985200 0.055200
vn -0.182000 0.982200 0.046000
vn 0.017000 0.887400 0.460800
vn 0.008600 0.890700 0.454500
vn -0.325900 0.858600 -0.395700
vn -0.322800 0.857900 -0.399700
vn -0.587500 0.808600 -0.029700
vn 0.006300 0.886800 0.462200
vn -0.327000 0.861200 -0.389200
vn -0.299400 0.880300 -0.368000
vn 0.158700 0.064300 -0.985200
vn 0.116900 0.053300 -0.991700
vn 0.132100 0.314000 -0.940200
vn 0.117100 0.297000 -0.947700
vn -0.018600 0.849900 -0.526600
vn 0.083700 0.898700 -0.430600
vn 0.042900 0.910700 -0.410800
vn 0.998500 -0.029800 0.045100
vn 0.997100 -0.006000 0.075800
vn 0.950800 0.308600 -0.028700
vn 0.972600 0.220900 0.073000
vn -0.006900 0.999900 0.013400
vn -0.006400 0.999900 0.013000
vn 0.960000 0.256900 0.111300
vn -0.050600 0.915300 0.399600
vn -0.050600 0.915300 0.399500
vn 0.988800 -0.005300 0.148900
vn 0.982000 0.025200 0.187000
vn 0.964600 0.185500 0.187300
vn 0.924800 0.268800 0.269300
vn -0.124900 0.021300 0.991900
vn -0.122800 0.019500 0.992200
vn -0.115100 0.348000 0.930400
vn -0.109900 0.331800 0.936900
vn -0.388900 0.405000 -0.827500
vn -0.378000 0.394100 -0.837800
vn -0.457600 0.043300 -0.888100
vn -0.448100 0.054000 -0.892400
vn -0.504400 0.423700 -0.752400
vn -0.577200 0.356200 -0.734800
vn -0.617000 0.046800 -0.785600
vn -0.580000 0.063700 -0.812100
vn -0.419400 0.404400 -0.812700
vn -0.419200 0.403300 -0.813400
vn -0.410700 0.055200 -0.910100
vn 0.338800 0.937300 -0.081300
vn -0.262600 0.938600 0.223700
vn -0.435600 0.774300 0.459100
vn -0.020400 0.999500 -0.024400
vn 0.077500 0.994700 0.067900
vn 0.080000 0.995800 0.044200
vn -0.795800 0.399100 0.455400
vn -0.792700 0.318400 0.519800
vn -0.842600 0.030100 0.537800
vn 0.377100 0.297700 -0.877000
vn 0.396200 0.316400 -0.861900
vn 0.409000 0.009000 -0.912500
vn 0.404700 0.008100 -0.914400
vn 0.161800 0.883400 -0.439800
vn 0.203400 0.869200 -0.450700
vn 0.180700 0.883900 -0.431400
vn -0.000800 1.000000 -0.007500
vn 0.003100 1.000000 -0.009200
vn -0.762600 0.341800 -0.549200
vn -0.877400 0.205400 -0.433600
vn -0.896000 0.019800 -0.443600
vn -0.896000 0.019800 -0.443500
vn -0.926300 0.224600 -0.302600
vn -0.925600 0.321900 -0.198900
vn -0.952800 0.018500 -0.303000
vn -0.944100 0.037900 -0.327400
vn -0.890300 0.280300 -0.358800
vn -0.411600 0.570600 0.710700
vn -0.350500 0.402200 0.845800
vn -0.394600 0.028600 0.918400
vn -0.862200 0.106500 0.495200
vn -0.165800 0.893000 0.418400
vn -0.166900 0.899100 0.404600
vn -0.989700 0.122900 0.073900
vn -0.986100 0.165700 0.013200
vn -0.095800 0.317200 -0.943500
vn -0.900200 0.430200 -0.067800
vn -0.943600 0.324200 0.066800
vn -0.928600 0.357500 0.099600
vn -0.972700 0.166600 0.161700
vn -0.971900 0.155900 0.176500
vn -0.938100 0.309500 0.155300
vn -0.909400 0.362600 0.203700
vn 0.033400 0.876700 -0.480000
vn 0.055300 0.880900 -0.470000
vn 0.111100 0.993700 -0.017000
vn 0.139400 0.990200 -0.006100
vn 0.174200 0.905900 0.386000
vn 0.177500 0.902900 0.391600
vn 0.132400 0.047600 0.990100
vn 0.132200 0.047900 0.990100
vn 0.163600 0.322600 0.932300
vn 0.162100 0.330300 0.929800
vn 0.125900 0.851800 -0.508400
vn 0.057900 0.822400 -0.565900
vn 0.162100 0.986500 -0.022600
vn -0.156100 0.888600 0.431200
vn -0.021300 0.900800 -0.433700
vn -0.297600 0.935900 0.188300
vn 0.121800 0.989100 0.082900
vn 0.451200 0.887200 -0.096500
vn 0.171200 0.920500 0.351100
vn -0.046500 0.469500 0.881700
vn -0.136100 0.348500 0.927400
vn -0.206600 0.365100 0.907700
vn -0.252800 0.319700 0.913200
vn 0.171300 0.371600 0.912500
vn -0.951300 0.206000 0.229300
vn -0.700000 0.568600 -0.432100
vn -0.791700 0.605900 -0.077900
vn -0.859000 0.510200 -0.042500
vn -0.854900 0.511000 0.089300
vn -0.942400 0.254200 0.217200
vn -0.904400 0.252600 0.343800
vn -0.915100 0.155100 0.372300
vn -0.814700 0.198800 0.544800
vn 0.883000 0.446100 0.145900
vn 0.718900 0.439800 0.538300
vn 0.841600 0.431500 0.324900
vn 0.853600 0.391100 0.344200
vn -0.106800 0.315700 0.942800
vn 0.024500 0.355800 0.934200
vn 0.013600 0.319300 0.947500
vn 0.311000 0.290500 0.904900
vn 0.264800 0.388200 0.882700
vn 0.894100 0.421300 0.152100
vn 0.955700 0.236900 0.174900
vn 0.896300 0.429900 -0.109100
vn 0.896200 0.429900 -0.109200
vn 0.831900 0.407100 -0.377100
vn -0.990100 0.032800 0.136300
vn -0.997400 -0.033500 -0.063100
vn -0.997100 -0.033500 -0.068600
vn -0.996600 -0.036800 -0.073900
vn -0.921300 -0.093800 0.377500
vn -0.921300 -0.093700 0.377500
vn -0.830300 -0.040300 0.555900
vn -0.930900 -0.093500 0.353200
vn 0.926400 -0.006000 0.376400
vn 0.920600 -0.016100 0.390100
vn 0.992000 -0.126100 0.000700
vn 0.990500 -0.134900 0.025500
vn 0.984700 -0.128300 -0.118000
vn 0.881500 -0.022500 -0.471700
vn 0.991400 -0.126900 -0.032100
vn 0.926300 0.369900 -0.072100
vn 0.906900 0.417900 -0.053600
vn 0.886100 0.460500 -0.052400
vn 0.838600 0.543500 -0.037500
vn -0.948600 0.311600 -0.056300
vn -0.933800 0.350600 -0.071600
vn -0.882800 0.468100 -0.040100
vn -0.839500 0.541100 -0.049800
vn 0.863800 0.394300 0.313700
vn 0.884500 0.362000 0.294200
vn 0.793500 0.548300 0.263900
vn 0.820700 0.510100 0.257600
vn -0.884600 0.361100 0.295000
vn -0.888300 0.329500 0.320000
vn -0.885900 0.369900 0.279900
vn -0.901800 0.310200 0.300800
vn 0.494000 -0.438100 -0.751000
vn 0.426500 -0.542800 -0.723500
vn 0.213000 -0.466400 -0.858500
vn 0.216100 -0.455400 -0.863700
vn -0.173800 -0.331600 -0.927300
vn -0.130200 -0.472500 -0.871600
vn -0.029900 -0.315000 -0.948600
vn -0.025700 -0.298200 -0.954100
vn -0.048900 0.742700 -0.667900
vn 0.407700 0.369100 -0.835200
vn 0.042800 0.676600 -0.735100
vn -0.068700 0.326400 -0.942700
vn -0.055000 0.326700 -0.943500
vn 0.193400 0.634800 -0.748100
vn -0.318800 0.675300 -0.665100
vn -0.137200 0.375000 -0.916800
vn -0.313500 -0.429900 -0.846700
vn -0.312800 -0.446800 -0.838200
vn -0.782500 -0.589800 -0.199700
vn -0.858500 -0.460000 -0.226700
vn -0.693500 -0.600500 -0.398100
vn -0.641500 -0.672400 -0.369300
vn -0.685400 -0.704900 0.182700
vn -0.802400 -0.560300 0.205300
vn -0.424200 0.704800 -0.568600
vn -0.654000 0.363200 -0.663600
vn -0.798600 0.337200 -0.498600
vn -0.381200 0.723700 -0.575300
vn -0.722200 0.673600 -0.157200
vn -0.945000 0.311800 -0.098300
vn -0.935200 0.318200 -0.155700
vn -0.731400 0.681900 0.000000
vn 0.946200 -0.294700 0.133700
vn 0.845300 -0.530600 -0.062300
vn 0.689800 -0.620800 -0.372700
vn 0.584900 -0.681800 -0.439300
vn 0.748400 -0.644800 -0.155500
vn 0.769700 -0.619900 -0.152500
vn 0.349200 -0.415500 -0.839900
vn 0.323300 -0.692000 -0.645400
vn 0.702000 0.704300 0.105700
vn 0.740800 0.659600 0.126900
vn 0.894500 0.402400 -0.194800
vn 0.824600 0.564100 -0.043600
vn 0.535800 0.775200 -0.334500
vn 0.669600 0.388500 -0.633000
vn 0.486700 0.383800 -0.784700
vn 0.572200 0.727500 -0.378500
vn -0.022500 -0.421700 -0.906500
vn -0.013200 -0.473800 -0.880600
vn -0.464400 -0.460100 -0.756700
vn -0.489600 -0.417800 -0.765300
vn 0.262600 0.364100 -0.893600
vn 0.108300 0.681400 -0.723800
vn -0.219300 0.382900 -0.897400
vn -0.259200 0.713800 -0.650600
vn -0.825800 -0.561700 -0.051600
vn -0.824200 -0.563700 -0.054700
vn -0.759500 0.566800 0.319300
vn -0.926100 0.342400 0.158600
vn 0.865700 -0.478100 0.148500
vn 0.760700 -0.636200 0.129100
vn 0.472900 0.826200 -0.306300
vn 0.938900 0.344200 0.000000
vn 0.048300 -0.542600 0.838600
vn 0.042500 -0.553100 0.832000
vn 0.160800 0.052400 0.985600
vn 0.060200 -0.143500 0.987800
vn -0.127200 -0.646300 0.752400
vn -0.024900 -0.468700 0.883000
vn -0.027800 0.173500 0.984400
vn -0.029300 0.162400 0.986300
vn -0.031700 0.070000 -0.997000
vn 0.044800 0.126400 -0.991000
vn -0.013700 -0.173900 -0.984700
vn 0.239100 -0.256400 -0.936500
vn 0.047500 -0.126700 -0.990800
vn -0.054600 0.110400 -0.992400
vn -0.072500 0.122600 -0.989800
vn -0.225300 -0.261800 -0.938400
vn -0.072900 -0.134800 -0.988200
vn 0.563200 -0.825700 -0.032400
vn 0.554500 -0.831700 -0.028600
vn 0.000800 -0.999400 -0.035500
vn -0.509300 -0.860600 -0.002300
vn -0.461300 -0.886800 -0.029000
vn 0.786700 0.061400 -0.614200
vn 0.942100 0.030500 -0.334000
vn 0.776100 -0.324500 -0.540700
vn 0.047300 0.069100 -0.996500
vn 0.979000 -0.194600 0.059900
vn 0.938800 -0.344200 -0.010900
vn 0.251400 0.072000 -0.965200
vn 0.238500 0.081000 -0.967800
vn -0.847900 -0.483100 -0.218300
vn -0.150400 -0.412300 -0.898500
vn 0.048600 -0.175300 -0.983300
vn 0.192200 -0.306600 -0.932200
vn 0.406500 -0.300800 -0.862700
vn 0.268700 -0.204000 -0.941400
vn -0.412000 -0.903500 -0.117900
vn -0.367800 -0.921300 -0.126000
vn 0.005100 -0.999900 -0.015400
vn 0.005600 -0.999900 -0.015700
vn 0.391200 -0.915700 0.092200
vn 0.459500 -0.885300 0.071400
vn -0.988900 -0.024100 -0.146500
vn -0.998200 0.014900 0.057900
vn -0.987100 -0.151200 0.052100
vn -0.962100 -0.272300 0.015800
vn -0.933400 -0.355900 0.046100
vn -0.946100 -0.321300 0.042100
vn 0.078300 0.176600 -0.981200
vn 0.750200 -0.360200 -0.554400
vn 0.766300 -0.495800 -0.408600
vn 0.479900 -0.842300 -0.245400
vn 0.368100 -0.902200 -0.224800
vn 0.417700 -0.879800 -0.226800
vn -0.457500 0.100000 -0.883600
vn -0.398600 -0.015900 -0.917000
vn -0.448300 0.091300 -0.889200
vn 0.790900 -0.025200 -0.611500
vn 0.888500 -0.049200 -0.456300
vn -0.452700 0.055800 -0.889900
vn -0.493800 0.100800 -0.863700
vn -0.397800 -0.188100 -0.898000
vn -0.395700 -0.181600 -0.900200
vn -0.014700 -0.999700 -0.018100
vn -0.452600 -0.249100 -0.856200
vn -0.555000 -0.319300 -0.768100
vn -0.484300 -0.222500 -0.846200
vn -0.416100 -0.886100 0.204300
vn -0.345400 -0.918800 0.190900
vn -0.965200 0.034500 0.259300
vn -0.991500 0.018200 0.128900
vn -0.838400 -0.109600 0.534000
vn -0.869500 -0.363600 0.334400
vn -0.697800 -0.502500 0.510500
vn 0.283500 -0.907500 -0.309800
vn 0.372900 -0.357300 -0.856300
vn -0.888900 0.007200 -0.458000
vn -0.904400 0.064600 -0.421800
vn 0.341100 -0.851200 -0.398900
vn 0.624800 0.315600 -0.714100
vn -0.879800 -0.256500 -0.400300
vn -0.895500 -0.221600 -0.385900
vn -0.842000 -0.407400 -0.353700
vn -0.653800 -0.564500 -0.503800
vn -0.941400 0.073800 -0.329100
vn -0.959200 0.001200 -0.282700
vn 0.170500 -0.981600 0.086200
vn -0.913300 -0.197900 -0.355900
vn -0.913300 -0.254200 -0.318300
vn -0.841600 -0.425300 -0.333000
vn -0.819700 -0.544700 -0.177400
vn -0.842600 -0.424200 -0.331700
vn 0.005100 -0.897100 0.441900
vn -0.300700 -0.381000 0.874300
vn -0.728600 0.215200 -0.650300
vn -0.241300 0.074600 -0.967600
vn -0.241400 -0.026000 -0.970100
vn -0.122200 -0.066100 -0.990300
vn -0.991400 0.090900 0.094300
vn -0.987500 0.113900 0.109200
vn -0.994200 -0.016800 0.106700
vn -0.994600 -0.043900 0.094500
vn -0.122700 -0.285200 -0.950600
vn -0.478100 -0.877700 -0.031600
vn -0.094300 -0.872200 -0.480100
vn -0.126100 -0.920100 -0.370900
vn -0.990900 -0.130300 0.034700
vn -0.992400 -0.081000 0.093100
vn -0.978100 0.080100 0.191800
vn -0.978100 0.079900 0.192000
vn -0.983200 0.012200 0.181900
vn -0.980400 -0.017400 0.196400
vn -0.034900 -0.998800 -0.034400
vn -0.975800 -0.135500 0.171600
vn -0.950100 -0.209200 0.231400
vn -0.977200 -0.151400 0.148500
vn 0.008400 -0.907300 0.420400
vn 0.024900 -0.912800 0.407600
vn -0.067600 -0.895600 -0.439700
vn 0.072400 -0.890800 0.448600
vn 0.037100 -0.878300 0.476600
vn 0.684100 -0.548100 0.481200
vn 0.398200 -0.512800 0.760500
vn 0.398200 -0.512900 0.760500
vn 0.293100 -0.484200 0.824400
vn 0.328800 -0.841300 -0.429100
vn 0.916800 -0.370500 -0.149200
vn 0.901300 -0.403100 -0.158700
vn 0.869200 -0.416700 -0.266100
vn 0.156200 0.107300 0.981900
vn 0.134200 0.070500 0.988400
vn 0.135000 -0.099300 0.985900
vn 0.132500 -0.104500 0.985700
vn 0.058100 -0.906800 0.417500
vn 0.024200 -0.929600 0.367700
vn 0.124300 -0.403200 0.906600
vn 0.113500 -0.431100 0.895100
vn 0.946500 -0.319400 0.046900
vn 0.915300 -0.402100 0.022800
vn 0.994100 -0.039200 -0.100800
vn 0.975500 -0.157600 -0.153400
vn 0.992900 -0.065400 -0.099600
vn 0.996100 -0.040300 -0.078700
vn -0.258100 -0.289900 0.921600
vn 0.917800 0.094700 0.385600
vn 0.924100 0.085800 0.372300
vn 0.936500 0.083800 0.340600
vn 0.894700 0.076200 0.440100
vn 0.859900 0.086900 0.503000
vn 0.948100 0.017400 0.317600
vn 0.983700 0.001800 -0.179700
vn 0.990400 0.068400 -0.120500
vn 0.997500 0.069800 -0.007400
vn 0.992800 0.002000 -0.119700
vn 0.429300 -0.794900 0.428700
vn 0.371800 -0.926000 0.064900
vn -0.861500 0.030900 -0.506900
vn -0.776800 0.010300 -0.629600
vn -0.822100 -0.295900 -0.486500
vn -0.801900 -0.326600 -0.500300
vn -0.322800 -0.891700 -0.317300
vn -0.363000 -0.880000 -0.306500
vn -0.351800 -0.898200 -0.263500
vn 0.437100 0.167200 -0.883700
vn 0.402200 0.195100 -0.894500
vn 0.438100 -0.042400 -0.897900
vn 0.446900 -0.073600 -0.891500
vn 0.512600 0.177100 -0.840200
vn 0.523700 0.165400 -0.835700
vn 0.546900 -0.019800 -0.837000
vn 0.520500 -0.101400 -0.847800
vn 0.481600 -0.092500 -0.871500
vn 0.053300 -0.991900 -0.115700
vn 0.059000 -0.993400 -0.098700
vn 0.426600 -0.896800 0.117600
vn 0.425100 -0.898300 0.111400
vn 0.416700 -0.903800 0.098100
vn 0.849700 -0.051100 0.524800
vn 0.933300 -0.011600 0.359000
vn 0.785800 -0.490200 0.377100
vn 0.854600 -0.404900 0.325000
vn 0.780100 -0.403100 -0.478400
vn 0.872300 -0.301000 -0.385300
vn 0.914400 -0.070800 -0.398700
vn 0.916800 -0.066400 -0.393800
vn 0.935400 -0.106000 -0.337300
vn 0.920800 -0.066400 -0.384400
vn 0.905000 -0.348600 -0.243900
vn 0.904400 -0.287400 -0.315500
vn 0.874500 -0.329000 -0.356300
vn -0.340400 -0.332000 -0.879700
vn -0.419100 -0.734100 -0.534300
vn -0.254800 -0.900500 -0.352400
vn -0.254800 -0.900700 -0.351800
vn 0.081100 -0.887500 0.453600
vn 0.061100 -0.897400 0.436900
vn 0.046800 -0.900400 0.432600
vn -0.108000 -0.993400 0.038800
vn -0.112800 -0.992900 0.036700
vn 0.293400 -0.330500 0.897100
vn 0.041900 0.007800 -0.999100
vn 0.801200 -0.103400 -0.589500
vn 0.108300 -0.426000 -0.898200
vn 0.069600 -0.339200 -0.938100
vn 0.102300 -0.900200 -0.423400
vn 0.061500 -0.885300 -0.461000
vn 0.079200 -0.872000 -0.483100
vn 0.995800 0.037500 0.083200
vn 0.996700 0.058700 0.056800
vn 0.984500 -0.153700 0.084700
vn 0.956000 -0.287300 -0.059600
vn 0.991200 0.012100 0.131600
vn 0.994200 0.036100 0.101000
vn 0.979800 -0.171600 0.103000
vn 0.981100 -0.143400 0.130200
vn 0.882700 -0.352200 0.311100
vn 0.022400 -0.999000 -0.037500
vn 0.055900 -0.998400 0.005900
vn -0.128400 0.036300 0.991100
vn -0.108700 0.055100 0.992500
vn -0.099300 -0.498800 0.861000
vn -0.089500 -0.455900 0.885500
vn -0.019400 -0.899800 0.435900
vn -0.024500 -0.907100 0.420200
vn -0.930400 -0.357600 -0.080400
vn -0.996900 0.024000 -0.075200
vn -0.992500 -0.012500 -0.121400
vn -0.958500 -0.279000 -0.059300
vn -0.911400 -0.406600 0.063000
vn -0.939400 -0.324700 -0.110300
vn -0.841300 -0.437600 -0.317300
vn 0.003800 -0.870800 0.491600
vn 0.089500 -0.899500 0.427600
vn -0.988000 0.023800 -0.152800
vn -0.984300 -0.035700 -0.172800
vn 0.275300 -0.316900 0.907700
vn 0.393100 -0.264400 0.880700
vn 0.392600 0.000500 0.919700
vn -0.972400 0.056500 -0.226200
vn -0.910800 -0.054000 0.409400
vn -0.837600 -0.176800 0.516900
vn -0.899900 0.179300 0.397500
vn -0.914800 0.154800 0.373000
vn -0.921100 -0.085700 0.379700
vn -0.932200 0.122300 0.340600
vn -0.892100 0.179500 0.414600
vn -0.939700 -0.038800 0.339900
vn -0.964000 -0.157600 0.214000
vn -0.260500 -0.896400 -0.358500
vn -0.325700 -0.395700 0.858700
vn -0.430700 -0.442000 0.786800
vn -0.426200 -0.448500 0.785600
vn -0.561200 -0.543600 0.624100
vn 0.674500 -0.738300 0.000000
vn 0.973600 -0.228200 0.000000
vn -0.896100 -0.435500 -0.085200
vn -0.838200 -0.527200 -0.139600
vn -0.831000 -0.538800 -0.138400
vn 0.691100 -0.668900 0.273600
vn 0.631600 -0.724900 0.275100
vn 0.926400 -0.140900 0.349200
vn 0.914400 -0.181200 0.362000
vn -0.906500 -0.165000 0.388600
vn -0.825300 -0.511900 0.238400
vn -0.886600 -0.385100 0.256100
vn -0.847400 -0.476900 0.233400
usemtl mc_001_alarm_plastic
s off
f 2000/746/1222 2002/747/1222 2001/748/1222
f 2002/747/1223 2000/746/1223 2003/749/1223
f 2004/750/1224 2001/748/1224 2005/751/1224
f 2001/748/1225 2004/750/1225 2000/746/1225
f 2006/752/1226 2008/753/1226 2007/754/1226
f 2008/753/1227 2006/752/1227 2009/755/1227
f 2009/755/1228 2010/756/1228 2008/753/1228
f 2010/756/1229 2009/755/1229 2011/757/1229
f 2003/749/1230 2012/758/1230 2002/747/1230
f 2012/758/1231 2003/749/1231 2013/759/1231
f 2004/750/1232 2015/760/1232 2014/761/1232
f 2015/760/1233 2004/750/1233 2016/762/1233
f 2017/763/1234 2019/764/1234 2018/765/1234
f 2019/764/1235 2017/763/1235 2020/766/1235
f 2021/767/1236 2023/768/1236 2022/769/1236
f 2023/768/1237 2021/767/1237 2024/770/1237
f 2025/771/1238 2027/772/1238 2026/773/1238
f 2027/772/1239 2025/771/1239 2028/774/1239
f 2029/775/1240 2031/776/1240 2030/777/1240
f 2031/776/1241 2029/775/1241 2032/778/1241
f 2033/779/1242 2035/780/1242 2034/781/1242
f 2035/780/1243 2033/779/1243 2036/782/1243
f 2031/776/1244 2037/783/1244 2030/777/1244
f 2037/783/1245 2031/776/1245 2038/784/1245
f 2039/785/1246 2041/786/1246 2040/787/1246
f 2041/786/1247 2039/785/1247 2042/788/1247
f 2034/781/1248 2044/789/1248 2043/790/1248
f 2044/789/1249 2034/781/1249 2035/780/1249
f 2045/791/1250 2047/792/1250 2046/793/1250
f 2047/792/1251 2045/791/1251 2048/794/1251
f 2038/784/1252 2049/795/1252 2037/783/1252
f 2049/795/1253 2038/784/1253 2050/796/1253
f 2042/788/1254 2051/797/1254 2041/786/1254
f 2051/797/1255 2042/788/1255 2052/798/1255
f 2048/794/1256 2017/763/1256 2047/792/1256
f 2017/763/1257 2048/794/1257 2020/766/1257
f 2047/792/1258 2018/765/1258 2053/799/1258
f 2018/765/1259 2047/792/1259 2017/763/1259
f 2054/800/1260 2056/801/1260 2055/802/1260
f 2044/789/1261 2057/803/1261 2043/790/1261
f 2050/796/1262 2059/804/1262 2058/805/1262
f 2059/804/1263 2050/796/1263 2060/806/1263
f 2049/795/1264 2058/805/1264 2061/807/1264
f 2058/805/1265 2049/795/1265 2050/796/1265
f 2051/797/1266 2063/808/1266 2062/809/1266
f 2063/808/1267 2051/797/1267 2052/798/1267
f 2064/810/1268 2066/811/1268 2065/812/1268
f 2066/811/1269 2064/810/1269 2067/813/1269
f 2014/761/1270 2000/746/1270 2004/750/1270
f 2000/746/1271 2014/761/1271 2068/814/1271
f 2009/755/1272 2070/815/1272 2069/816/1272
f 2070/815/1273 2009/755/1273 2006/752/1273
f 2014/761/1274 2072/817/1274 2071/818/1274
f 2072/817/1275 2014/761/1275 2015/760/1275
f 2073/819/1276 2075/820/1276 2074/821/1276
f 2075/820/1277 2073/819/1277 2076/822/1277
f 2077/823/1278 2079/824/1278 2078/825/1278
f 2079/824/1279 2077/823/1279 2080/826/1279
f 2081/827/1280 2083/828/1280 2082/829/1280
f 2083/828/1281 2081/827/1281 2084/830/1281
f 2085/831/1282 2087/832/1282 2086/833/1282
f 2087/832/1283 2085/831/1283 2088/834/1283
f 2089/835/1284 2090/836/1284 2036/782/1284
f 2090/836/1285 2089/835/1285 2091/837/1285
f 2028/774/1286 2093/838/1286 2092/839/1286
f 2093/838/1287 2028/774/1287 2025/771/1287
f 2013/759/1288 2095/840/1288 2094/841/1288
f 2095/840/1289 2013/759/1289 2003/749/1289
f 2096/842/1290 2038/784/1290 2031/776/1290
f 2038/784/1291 2096/842/1291 2097/843/1291
f 2090/836/1292 2099/844/1292 2098/845/1292
f 2099/844/1293 2090/836/1293 2100/846/1293
f 2101/847/1294 2086/833/1294 2102/848/1294
f 2086/833/1295 2101/847/1295 2069/816/1295
f 2040/787/1296 2088/834/1296 2039/785/1296
f 2088/834/1297 2040/787/1297 2087/832/1297
f 2000/746/1298 2103/849/1298 2003/749/1298
f 2103/849/1299 2000/746/1299 2068/814/1299
f 2009/755/1300 2101/847/1300 2011/757/1300
f 2101/847/1301 2009/755/1301 2069/816/1301
f 2038/784/1302 2060/806/1302 2050/796/1302
f 2060/806/1303 2038/784/1303 2097/843/1303
f 2098/845/1304 2054/800/1304 2055/802/1304
f 2054/800/1305 2098/845/1305 2099/844/1305
f 2073/819/1306 2104/850/1306 2076/822/1306
f 2104/850/1307 2073/819/1307 2105/851/1307
f 2077/823/1308 2106/852/1308 2080/826/1308
f 2106/852/1309 2077/823/1309 2107/853/1309
f 2081/827/1310 2108/854/1310 2084/830/1310
f 2108/854/1311 2081/827/1311 2109/855/1311
f 2095/840/1312 2103/849/1312 2075/820/1312
f 2103/849/1313 2095/840/1313 2003/749/1313
f 2032/778/1314 2074/821/1314 2110/856/1314
f 2074/821/1315 2032/778/1315 2111/857/1315
f 2112/858/1316 2079/824/1316 2082/829/1316
f 2079/824/1317 2112/858/1317 2085/831/1317
f 2070/815/1318 2113/859/1318 2078/825/1318
f 2113/859/1319 2070/815/1319 2006/752/1319
f 2076/822/1320 2115/860/1320 2114/861/1320
f 2115/860/1321 2076/822/1321 2104/850/1321
f 2116/862/1322 2105/851/1322 2073/819/1322
f 2105/851/1323 2116/862/1323 2117/863/1323
f 2080/826/1324 2109/855/1324 2081/827/1324
f 2109/855/1325 2080/826/1325 2106/852/1325
f 2118/864/1326 2107/853/1326 2077/823/1326
f 2107/853/1327 2118/864/1327 2119/865/1327
f 2071/818/1328 2093/838/1328 2025/771/1328
f 2093/838/1329 2071/818/1329 2072/817/1329
f 2068/814/1330 2110/856/1330 2103/849/1330
f 2110/856/1331 2068/814/1331 2120/866/1331
f 2085/831/1332 2069/816/1332 2070/815/1332
f 2069/816/1333 2085/831/1333 2086/833/1333
f 2014/761/1334 2120/866/1334 2068/814/1334
f 2120/866/1335 2014/761/1335 2071/818/1335
f 2089/835/1336 2086/833/1336 2091/837/1336
f 2086/833/1337 2089/835/1337 2102/848/1337
f 2121/867/1338 2010/756/1338 2011/757/1338
f 2010/756/1339 2121/867/1339 2122/868/1339
f 2101/847/1340 2121/867/1340 2011/757/1340
f 2121/867/1341 2101/847/1341 2123/869/1341
f 2124/870/1342 2057/803/1342 2056/801/1342
f 2057/803/1343 2124/870/1343 2125/871/1343
f 2126/872/1344 2128/873/1344 2127/874/1344
f 2128/873/1345 2126/872/1345 2129/875/1345
f 2130/876/1346 2131/877/1346 2112/858/1346
f 2131/877/1347 2130/876/1347 2132/878/1347
f 2028/774/1348 2133/879/1348 2045/791/1348
f 2133/879/1349 2028/774/1349 2092/839/1349
f 2132/878/1350 2134/880/1350 2131/877/1350
f 2134/880/1351 2132/878/1351 2135/881/1351
f 2045/791/1352 2136/882/1352 2048/794/1352
f 2136/882/1353 2045/791/1353 2133/879/1353
f 2135/881/1354 2137/883/1354 2134/880/1354
f 2137/883/1355 2135/881/1355 2138/884/1355
f 2139/885/1356 2056/801/1356 2054/800/1356
f 2056/801/1357 2139/885/1357 2124/870/1357
f 2019/764/1358 2048/794/1358 2136/882/1358
f 2048/794/1359 2019/764/1359 2020/766/1359
f 2138/884/1360 2140/886/1360 2137/883/1360
f 2140/886/1361 2138/884/1361 2141/887/1361
f 2142/888/1362 2059/804/1362 2060/806/1362
f 2059/804/1363 2142/888/1363 2143/889/1363
f 2102/848/1364 2123/869/1364 2101/847/1364
f 2123/869/1365 2102/848/1365 2144/890/1365
f 2029/775/1366 2111/857/1366 2032/778/1366
f 2111/857/1367 2029/775/1367 2145/891/1367
f 2033/779/1368 2147/892/1368 2146/893/1368
f 2147/892/1369 2033/779/1369 2148/894/1369
f 2146/893/1370 2144/890/1370 2102/848/1370
f 2144/890/1371 2146/893/1371 2147/892/1371
f 2118/864/1372 2149/895/1372 2119/865/1372
f 2149/895/1373 2118/864/1373 2150/896/1373
f 2100/846/1374 2151/897/1374 2099/844/1374
f 2151/897/1375 2100/846/1375 2152/898/1375
f 2099/844/1376 2139/885/1376 2054/800/1376
f 2139/885/1377 2099/844/1377 2151/897/1377
f 2153/899/1378 2046/793/1378 2154/900/1378
f 2046/793/1379 2153/899/1379 2027/772/1379
f 2154/900/1380 2047/792/1380 2053/799/1380
f 2047/792/1381 2154/900/1381 2046/793/1381
f 2067/813/1382 2156/901/1382 2155/902/1382
f 2156/901/1383 2067/813/1383 2064/810/1383
f 2155/902/1384 2158/903/1384 2157/904/1384
f 2158/903/1385 2155/902/1385 2156/901/1385
f 2142/888/1386 2097/843/1386 2159/905/1386
f 2097/843/1387 2142/888/1387 2060/806/1387
f 2159/905/1388 2096/842/1388 2160/906/1388
f 2096/842/1389 2159/905/1389 2097/843/1389
f 2026/773/1390 2027/772/1390 2096/842/1390
f 2100/846/1391 2161/907/1391 2157/904/1391
f 2157/904/1392 2152/898/1392 2100/846/1392
f 2152/898/1393 2157/904/1393 2158/903/1393
f 2160/906/1394 2027/772/1394 2153/899/1394
f 2027/772/1395 2160/906/1395 2096/842/1395
f 2105/851/1396 2162/908/1396 2104/850/1396
f 2162/908/1397 2105/851/1397 2163/909/1397
f 2107/853/1398 2164/910/1398 2106/852/1398
f 2164/910/1399 2107/853/1399 2165/911/1399
f 2149/895/1400 2166/912/1400 2119/865/1400
f 2166/912/1401 2149/895/1401 2167/913/1401
f 2104/850/1402 2168/914/1402 2115/860/1402
f 2168/914/1403 2104/850/1403 2162/908/1403
f 2117/863/1404 2163/909/1404 2105/851/1404
f 2163/909/1405 2117/863/1405 2169/915/1405
f 2106/852/1406 2170/916/1406 2109/855/1406
f 2170/916/1407 2106/852/1407 2164/910/1407
f 2119/865/1408 2165/911/1408 2107/853/1408
f 2165/911/1409 2119/865/1409 2166/912/1409
f 2109/855/1410 2171/917/1410 2108/854/1410
f 2171/917/1411 2109/855/1411 2170/916/1411
f 2163/909/1412 2172/918/1412 2162/908/1412
f 2172/918/1413 2163/909/1413 2173/919/1413
f 2165/911/1414 2174/920/1414 2164/910/1414
f 2174/920/1415 2165/911/1415 2175/921/1415
f 2162/908/1416 2172/918/1416 2168/914/1416
f 2164/910/1417 2174/920/1417 2170/916/1417
f 2175/921/1418 2167/913/1418 2176/922/1418
f 2167/913/1419 2175/921/1419 2166/912/1419
f 2171/917/1420 2174/920/1420 2177/923/1420
f 2174/920/1421 2171/917/1421 2170/916/1421
f 2175/921/1422 2177/923/1422 2174/920/1422
f 2177/923/1423 2175/921/1423 2176/922/1423
f 2169/915/1424 2173/919/1424 2163/909/1424
f 2166/912/1425 2175/921/1425 2165/911/1425
f 2178/924/1426 2113/859/1426 2006/752/1426
f 2113/859/1427 2178/924/1427 2179/925/1427
f 2126/872/1428 2063/808/1428 2140/886/1428
f 2137/883/1429 2042/788/1429 2134/880/1429
f 2042/788/1430 2137/883/1430 2052/798/1430
f 2134/880/1431 2039/785/1431 2131/877/1431
f 2039/785/1432 2134/880/1432 2042/788/1432
f 2131/877/1433 2088/834/1433 2112/858/1433
f 2088/834/1434 2131/877/1434 2039/785/1434
f 2112/858/1435 2088/834/1435 2085/831/1435
f 2086/833/1436 2087/832/1436 2161/907/1436
f 2161/907/1437 2040/787/1437 2157/904/1437
f 2040/787/1438 2161/907/1438 2087/832/1438
f 2157/904/1439 2041/786/1439 2155/902/1439
f 2041/786/1440 2157/904/1440 2040/787/1440
f 2155/902/1441 2051/797/1441 2067/813/1441
f 2051/797/1442 2155/902/1442 2041/786/1442
f 2051/797/1443 2066/811/1443 2067/813/1443
f 2066/811/1444 2051/797/1444 2062/809/1444
f 2180/926/1445 2181/927/1445 2005/751/1445
f 2181/927/1446 2180/926/1446 2182/928/1446
f 2007/754/1447 2184/929/1447 2183/930/1447
f 2184/929/1448 2007/754/1448 2185/931/1448
f 2186/932/1449 2188/933/1449 2187/934/1449
f 2188/933/1450 2186/932/1450 2189/935/1450
f 2187/934/1451 2190/936/1451 2180/926/1451
f 2190/936/1452 2187/934/1452 2188/933/1452
f 2191/937/1453 2192/938/1453 2185/931/1453
f 2192/938/1454 2191/937/1454 2193/939/1454
f 2194/940/1455 2193/939/1455 2191/937/1455
f 2193/939/1456 2194/940/1456 2195/941/1456
f 2196/942/1457 2189/935/1457 2186/932/1457
f 2189/935/1458 2196/942/1458 2197/943/1458
f 2198/944/1459 2195/941/1459 2194/940/1459
f 2195/941/1460 2198/944/1460 2199/945/1460
f 2180/926/1461 2200/946/1461 2182/928/1461
f 2200/946/1462 2180/926/1462 2190/936/1462
f 2185/931/1463 2201/947/1463 2184/929/1463
f 2201/947/1464 2185/931/1464 2192/938/1464
f 2189/935/1465 2202/948/1465 2188/933/1465
f 2202/948/1466 2189/935/1466 2203/949/1466
f 2188/933/1467 2204/950/1467 2190/936/1467
f 2204/950/1468 2188/933/1468 2202/948/1468
f 2193/939/1469 2205/951/1469 2192/938/1469
f 2205/951/1470 2193/939/1470 2206/952/1470
f 2195/941/1471 2206/952/1471 2193/939/1471
f 2206/952/1472 2195/941/1472 2207/953/1472
f 2197/943/1473 2203/949/1473 2189/935/1473
f 2203/949/1474 2197/943/1474 2208/954/1474
f 2199/945/1475 2207/953/1475 2195/941/1475
f 2207/953/1476 2199/945/1476 2209/955/1476
f 2190/936/1477 2210/956/1477 2200/946/1477
f 2210/956/1478 2190/936/1478 2204/950/1478
f 2192/938/1479 2211/957/1479 2201/947/1479
f 2211/957/1480 2192/938/1480 2205/951/1480
f 2001/748/1481 2186/932/1481 2187/934/1481
f 2186/932/1482 2001/748/1482 2002/747/1482
f 2005/751/1483 2187/934/1483 2180/926/1483
f 2187/934/1484 2005/751/1484 2001/748/1484
f 2007/754/1485 2191/937/1485 2185/931/1485
f 2191/937/1486 2007/754/1486 2008/753/1486
f 2008/753/1487 2194/940/1487 2191/937/1487
f 2194/940/1488 2008/753/1488 2010/756/1488
f 2002/747/1489 2196/942/1489 2186/932/1489
f 2196/942/1490 2002/747/1490 2012/758/1490
f 2194/940/1491 2122/868/1491 2198/944/1491
f 2122/868/1492 2194/940/1492 2010/756/1492
f 2005/751/1493 2016/762/1493 2004/750/1493
f 2016/762/1494 2005/751/1494 2181/927/1494
f 2006/752/1495 2183/930/1495 2178/924/1495
f 2183/930/1496 2006/752/1496 2007/754/1496
f 2058/805/1497 2021/767/1497 2022/769/1497
f 2021/767/1498 2058/805/1498 2059/804/1498
f 2061/807/1499 2022/769/1499 2023/768/1499
f 2022/769/1500 2061/807/1500 2058/805/1500
f 2062/809/1501 2126/872/1501 2127/874/1501
f 2126/872/1502 2062/809/1502 2063/808/1502
f 2065/812/1503 2127/874/1503 2128/873/1503
f 2127/874/1504 2065/812/1504 2066/811/1504
f 2126/872/1505 2141/887/1505 2129/875/1505
f 2141/887/1506 2126/872/1506 2140/886/1506
f 2021/767/1507 2143/889/1507 2024/770/1507
f 2143/889/1508 2021/767/1508 2059/804/1508
f 2052/798/1509 2140/886/1509 2063/808/1509
f 2140/886/1510 2052/798/1510 2137/883/1510
f 2066/811/1511 2062/809/1511 2127/874/1511
f 2110/856/1512 2075/820/1512 2103/849/1512
f 2075/820/1276 2110/856/1276 2074/821/1276
f 2078/825/1513 2085/831/1513 2070/815/1513
f 2085/831/1514 2078/825/1514 2079/824/1514
f 2094/841/1515 2095/840/1515 2114/861/1515
f 2114/861/1516 2075/820/1516 2076/822/1516
f 2075/820/1517 2114/861/1517 2095/840/1517
f 2073/819/1518 2111/857/1518 2116/862/1518
f 2111/857/1519 2073/819/1519 2074/821/1519
f 2082/829/1520 2080/826/1520 2081/827/1520
f 2080/826/1521 2082/829/1521 2079/824/1521
f 2077/823/1522 2113/859/1522 2118/864/1522
f 2113/859/1523 2077/823/1523 2078/825/1523
f 2179/925/1524 2150/896/1524 2118/864/1524
f 2130/876/1525 2082/829/1525 2083/828/1525
f 2082/829/1526 2130/876/1526 2112/858/1526
f 2113/859/1527 2179/925/1527 2118/864/1527
f 2025/771/1528 2120/866/1528 2071/818/1528
f 2120/866/1529 2025/771/1529 2026/773/1529
f 2046/793/1530 2028/774/1530 2045/791/1530
f 2028/774/1531 2046/793/1531 2027/772/1531
f 2032/778/1532 2096/842/1532 2031/776/1532
f 2096/842/1533 2032/778/1533 2026/773/1533
f 2026/773/1534 2110/856/1534 2120/866/1534
f 2110/856/1535 2026/773/1535 2032/778/1535
f 2212/958/1536 2117/863/1536 2116/862/1536
f 2145/891/1537 2116/862/1537 2111/857/1537
f 2116/862/1538 2145/891/1538 2212/958/1538
f 2100/846/1539 2091/837/1539 2161/907/1539
f 2091/837/1540 2100/846/1540 2090/836/1540
f 2036/782/1541 2098/845/1541 2035/780/1541
f 2098/845/1542 2036/782/1542 2090/836/1542
f 2035/780/1543 2055/802/1543 2044/789/1543
f 2055/802/1544 2035/780/1544 2098/845/1544
f 2055/802/1545 2057/803/1545 2044/789/1545
f 2057/803/1546 2055/802/1546 2056/801/1546
f 2091/837/1547 2086/833/1547 2161/907/1547
f 2148/894/1548 2034/781/1548 2213/959/1548
f 2034/781/1549 2148/894/1549 2033/779/1549
f 2213/959/1550 2043/790/1550 2214/960/1550
f 2043/790/1551 2213/959/1551 2034/781/1551
f 2036/782/1552 2146/893/1552 2089/835/1552
f 2146/893/1553 2036/782/1553 2033/779/1553
f 2214/960/1554 2057/803/1554 2125/871/1554
f 2057/803/1555 2214/960/1555 2043/790/1555
f 2146/893/1556 2102/848/1556 2089/835/1556
f 2215/961/1557 2217/962/1557 2216/963/1557
f 2217/962/1558 2215/961/1558 2218/964/1558
f 2219/965/1559 2221/966/1559 2220/967/1559
f 2221/966/1560 2219/965/1560 2222/968/1560
f 2223/969/1561 2225/970/1561 2224/971/1561
f 2225/970/1562 2223/969/1562 2226/972/1562
f 2227/973/1563 2229/974/1563 2228/975/1563
f 2229/974/1564 2227/973/1564 2230/976/1564
f 2231/977/1565 2233/978/1565 2232/979/1565
f 2233/978/1566 2231/977/1566 2234/980/1566
f 2235/981/1567 2237/982/1567 2236/983/1567
f 2237/982/1568 2235/981/1568 2238/984/1568
f 2239/985/1569 2241/986/1569 2240/987/1569
f 2241/986/1570 2239/985/1570 2242/988/1570
f 2243/989/1571 2245/990/1571 2244/991/1571
f 2245/990/1572 2243/989/1572 2246/992/1572
f 2247/993/1573 2249/994/1573 2248/995/1573
f 2249/994/1574 2247/993/1574 2250/996/1574
f 2251/997/1575 2252/998/1575 2221/966/1575
f 2252/998/1576 2251/997/1576 2253/999/1576
f 2254/1000/1577 2256/1001/1577 2255/1002/1577
f 2256/1001/1578 2254/1000/1578 2257/1003/1578
f 2231/977/1579 2259/1004/1579 2258/1005/1579
f 2259/1004/1580 2231/977/1580 2232/979/1580
f 2260/992/1581 2262/1006/1581 2261/1007/1581
f 2262/1006/1582 2260/992/1582 2263/989/1582
f 2264/1008/1583 2266/978/1583 2265/1009/1583
f 2266/978/1584 2264/1008/1584 2267/979/1584
f 2268/1010/1585 2270/1011/1585 2269/1012/1585
f 2270/1011/1586 2268/1010/1586 2271/1013/1586
f 2253/999/1587 2272/1014/1587 2252/998/1587
f 2272/1014/1588 2253/999/1588 2273/1015/1588
f 2274/1016/1589 2276/1017/1589 2275/1018/1589
f 2276/1017/1590 2274/1016/1590 2277/1019/1590
f 2269/1012/1591 2278/1020/1591 2268/1010/1591
f 2278/1020/1592 2269/1012/1592 2279/1021/1592
f 2280/1022/1593 2282/1023/1593 2281/1024/1593
f 2282/1023/1594 2280/1022/1594 2283/1025/1594
f 2226/972/1595 2285/1026/1595 2284/1027/1595
f 2285/1026/1596 2226/972/1596 2223/969/1596
f 2227/973/1597 2286/1028/1597 2230/976/1597
f 2286/1028/1598 2227/973/1598 2287/1029/1598
f 2288/990/1599 2260/992/1599 2289/1030/1599
f 2290/1031/1600 2292/1032/1600 2291/1033/1600
f 2292/1032/1601 2290/1031/1601 2283/1025/1601
f 2293/1033/1602 2295/1034/1602 2294/1031/1602
f 2295/1034/1603 2293/1033/1603 2296/1035/1603
f 2297/1036/1604 2299/1037/1604 2298/1038/1604
f 2299/1037/1605 2297/1036/1605 2300/1039/1605
f 2301/1040/1606 2219/965/1606 2220/967/1606
f 2219/965/1607 2301/1040/1607 2302/1041/1607
f 2251/997/1608 2268/1010/1608 2253/999/1608
f 2268/1010/1609 2251/997/1609 2271/1013/1609
f 2303/1042/1610 2301/1040/1610 2220/967/1610
f 2301/1040/1611 2303/1042/1611 2304/1043/1611
f 2268/1010/1612 2273/1015/1612 2253/999/1612
f 2273/1015/1613 2268/1010/1613 2278/1020/1613
f 2280/1022/1614 2281/1024/1614 2305/1044/1614
f 2306/1045/1615 2308/1046/1615 2307/1047/1615
f 2308/1046/1616 2306/1045/1616 2309/1048/1616
f 2310/1049/1617 2312/1050/1617 2311/1051/1617
f 2312/1050/1618 2310/1049/1618 2313/1052/1618
f 2238/984/1619 2217/962/1619 2237/982/1619
f 2217/962/1620 2238/984/1620 2216/963/1620
f 2314/1053/1621 2316/1054/1621 2315/1055/1621
f 2316/1054/1622 2314/1053/1622 2317/1056/1622
f 2302/1041/1623 2265/1009/1623 2318/1057/1623
f 2265/1009/1624 2302/1041/1624 2301/1040/1624
f 2236/983/1625 2256/1001/1625 2235/981/1625
f 2256/1001/1626 2236/983/1626 2255/1002/1626
f 2233/978/1627 2239/985/1627 2240/987/1627
f 2239/985/1628 2233/978/1628 2234/980/1628
f 2244/991/1629 2249/994/1629 2243/989/1629
f 2249/994/1630 2244/991/1630 2248/995/1630
f 2262/1006/1631 2319/994/1631 2270/1011/1631
f 2319/994/1632 2262/1006/1632 2263/989/1632
f 2271/1013/1633 2321/1058/1633 2320/1059/1633
f 2321/1058/1634 2271/1013/1634 2251/997/1634
f 2322/1060/1635 2219/965/1635 2302/1041/1635
f 2219/965/1636 2322/1060/1636 2316/1054/1636
f 2323/1061/1637 2325/1062/1637 2324/1063/1637
f 2325/1062/1638 2323/1061/1638 2326/1064/1638
f 2327/1065/1639 2326/1064/1639 2323/1061/1639
f 2326/1064/1640 2327/1065/1640 2328/1066/1640
f 2329/1067/1641 2331/1068/1641 2330/1069/1641
f 2331/1068/1642 2329/1067/1642 2332/1070/1642
f 2330/1069/1643 2334/1071/1643 2333/1072/1643
f 2334/1071/1644 2330/1069/1644 2331/1068/1644
f 2324/1063/1645 2336/1073/1645 2335/1074/1645
f 2336/1073/1646 2324/1063/1646 2325/1062/1646
f 2327/1065/1647 2338/1075/1647 2337/1076/1647
f 2338/1075/1648 2327/1065/1648 2339/1077/1648
f 2340/1078/1649 2342/1079/1649 2341/1080/1649
f 2342/1079/1650 2340/1078/1650 2343/1081/1650
f 2344/1082/1651 2346/1083/1651 2345/1084/1651
f 2346/1083/1652 2344/1082/1652 2347/1085/1652
f 2348/1086/1653 2350/1087/1653 2349/1088/1653
f 2350/1087/1654 2348/1086/1654 2351/1089/1654
f 2352/1090/1655 2354/1091/1655 2353/1092/1655
f 2354/1091/1656 2352/1090/1656 2355/1093/1656
f 2356/1094/1657 2358/1095/1657 2357/1096/1657
f 2358/1095/1658 2356/1094/1658 2359/1097/1658
f 2354/1091/1659 2361/1098/1659 2360/1099/1659
f 2361/1098/1660 2354/1091/1660 2355/1093/1660
f 2362/1100/1661 2364/1101/1661 2363/1102/1661
f 2364/1101/1662 2362/1100/1662 2365/1103/1662
f 2359/1097/1663 2366/1104/1663 2358/1095/1663
f 2366/1104/1664 2359/1097/1664 2367/1105/1664
f 2368/1106/1665 2370/1107/1665 2369/1108/1665
f 2370/1107/1666 2368/1106/1666 2371/1109/1666
f 2360/1099/1667 2373/1110/1667 2372/1111/1667
f 2373/1110/1668 2360/1099/1668 2361/1098/1668
f 2363/1102/1669 2375/1112/1669 2374/1113/1669
f 2375/1112/1670 2363/1102/1670 2364/1101/1670
f 2369/1108/1671 2340/1078/1671 2341/1080/1671
f 2340/1078/1672 2369/1108/1672 2370/1107/1672
f 2370/1107/1673 2343/1081/1673 2340/1078/1673
f 2343/1081/1674 2370/1107/1674 2376/1114/1674
f 2377/1115/1675 2379/1116/1675 2378/1117/1675
f 2366/1104/1676 2367/1105/1676 2380/1118/1676
f 2372/1111/1677 2382/1119/1677 2381/1120/1677
f 2382/1119/1678 2372/1111/1678 2383/1121/1678
f 2373/1110/1679 2383/1121/1679 2372/1111/1679
f 2383/1121/1680 2373/1110/1680 2384/1122/1680
f 2375/1112/1681 2385/1123/1681 2374/1113/1681
f 2385/1123/1682 2375/1112/1682 2386/1124/1682
f 2387/1125/1683 2389/1126/1683 2388/1127/1683
f 2389/1126/1684 2387/1125/1684 2390/1128/1684
f 2339/1077/1685 2323/1061/1685 2391/1129/1685
f 2323/1061/1686 2339/1077/1686 2327/1065/1686
f 2330/1069/1687 2392/1130/1687 2329/1067/1687
f 2392/1130/1688 2330/1069/1688 2393/1131/1688
f 2339/1077/1689 2394/1132/1689 2338/1075/1689
f 2394/1132/1690 2339/1077/1690 2395/1133/1690
f 2396/1134/1691 2398/1135/1691 2397/1136/1691
f 2398/1135/1692 2396/1134/1692 2399/1137/1692
f 2400/1138/1693 2402/1139/1693 2401/1140/1693
f 2402/1139/1694 2400/1138/1694 2403/1141/1694
f 2404/1142/1695 2406/1143/1695 2405/1144/1695
f 2406/1143/1696 2404/1142/1696 2407/1145/1696
f 2408/1146/1697 2410/1147/1697 2409/1148/1697
f 2410/1147/1698 2408/1146/1698 2411/1149/1698
f 2412/1150/1699 2414/1151/1699 2413/1152/1699
f 2414/1151/1700 2412/1150/1700 2357/1096/1700
f 2349/1088/1701 2415/1153/1701 2348/1086/1701
f 2415/1153/1702 2349/1088/1702 2416/1154/1702
f 2335/1074/1703 2417/1155/1703 2324/1063/1703
f 2417/1155/1704 2335/1074/1704 2418/1156/1704
f 2419/1157/1705 2360/1099/1705 2420/1158/1705
f 2360/1099/1706 2419/1157/1706 2354/1091/1706
f 2414/1151/1707 2422/1159/1707 2421/1160/1707
f 2422/1159/1708 2414/1151/1708 2423/1161/1708
f 2424/1162/1709 2411/1149/1709 2393/1131/1709
f 2411/1149/1710 2424/1162/1710 2425/1163/1710
f 2365/1103/1711 2409/1148/1711 2410/1147/1711
f 2409/1148/1712 2365/1103/1712 2362/1100/1712
f 2323/1061/1713 2426/1164/1713 2391/1129/1713
f 2426/1164/1714 2323/1061/1714 2324/1063/1714
f 2330/1069/1715 2424/1162/1715 2393/1131/1715
f 2424/1162/1716 2330/1069/1716 2333/1072/1716
f 2360/1099/1717 2381/1120/1717 2420/1158/1717
f 2381/1120/1718 2360/1099/1718 2372/1111/1718
f 2423/1161/1719 2377/1115/1719 2422/1159/1719
f 2377/1115/1720 2423/1161/1720 2379/1116/1720
f 2396/1134/1721 2428/1165/1721 2427/1166/1721
f 2428/1165/1722 2396/1134/1722 2397/1136/1722
f 2400/1138/1723 2430/1167/1723 2429/1168/1723
f 2430/1167/1724 2400/1138/1724 2401/1140/1724
f 2404/1142/1725 2432/1169/1725 2431/1170/1725
f 2432/1169/1726 2404/1142/1726 2405/1144/1726
f 2417/1155/1727 2426/1164/1727 2324/1063/1727
f 2426/1164/1728 2417/1155/1728 2398/1135/1728
f 2353/1092/1729 2399/1137/1729 2433/1171/1729
f 2399/1137/1730 2353/1092/1730 2434/1172/1730
f 2435/1173/1731 2402/1139/1731 2408/1146/1731
f 2402/1139/1732 2435/1173/1732 2407/1145/1732
f 2392/1130/1733 2436/1174/1733 2329/1067/1733
f 2436/1174/1734 2392/1130/1734 2403/1141/1734
f 2397/1136/1735 2437/1175/1735 2428/1165/1735
f 2437/1175/1736 2397/1136/1736 2438/1176/1736
f 2439/1177/1737 2427/1166/1737 2440/1178/1737
f 2427/1166/1738 2439/1177/1738 2396/1134/1738
f 2401/1140/1739 2431/1170/1739 2430/1167/1739
f 2431/1170/1740 2401/1140/1740 2404/1142/1740
f 2441/1179/1741 2429/1168/1741 2442/1180/1741
f 2429/1168/1742 2441/1179/1742 2400/1138/1742
f 2395/1133/1743 2415/1153/1743 2394/1132/1743
f 2415/1153/1744 2395/1133/1744 2348/1086/1744
f 2391/1129/1745 2434/1172/1745 2443/1181/1745
f 2434/1172/1746 2391/1129/1746 2426/1164/1746
f 2408/1146/1747 2393/1131/1747 2411/1149/1747
f 2393/1131/1748 2408/1146/1748 2392/1130/1748
f 2339/1077/1749 2443/1181/1749 2395/1133/1749
f 2443/1181/1750 2339/1077/1750 2391/1129/1750
f 2412/1150/1751 2411/1149/1751 2425/1163/1751
f 2411/1149/1752 2412/1150/1752 2413/1152/1752
f 2444/1182/1753 2334/1071/1753 2445/1183/1753
f 2334/1071/1754 2444/1182/1754 2333/1072/1754
f 2424/1162/1755 2444/1182/1755 2446/1184/1755
f 2444/1182/1756 2424/1162/1756 2333/1072/1756
f 2447/1185/1757 2380/1118/1757 2448/1186/1757
f 2380/1118/1758 2447/1185/1758 2378/1117/1758
f 2449/1187/1759 2451/1188/1759 2450/1189/1759
f 2451/1188/1760 2449/1187/1760 2452/1190/1760
f 2453/1191/1761 2455/1192/1761 2454/1193/1761
f 2455/1192/1762 2453/1191/1762 2435/1173/1762
f 2349/1088/1763 2456/1194/1763 2416/1154/1763
f 2456/1194/1764 2349/1088/1764 2368/1106/1764
f 2454/1193/1765 2458/1195/1765 2457/1196/1765
f 2458/1195/1766 2454/1193/1766 2455/1192/1766
f 2368/1106/1767 2459/1197/1767 2456/1194/1767
f 2459/1197/1768 2368/1106/1768 2369/1108/1768
f 2457/1196/1769 2461/1198/1769 2460/1199/1769
f 2461/1198/1770 2457/1196/1770 2458/1195/1770
f 2462/1200/1771 2378/1117/1771 2447/1185/1771
f 2378/1117/1772 2462/1200/1772 2377/1115/1772
f 2342/1079/1773 2369/1108/1773 2341/1080/1773
f 2369/1108/1774 2342/1079/1774 2459/1197/1774
f 2460/1199/1775 2464/1201/1775 2463/1202/1775
f 2464/1201/1776 2460/1199/1776 2461/1198/1776
f 2465/1203/1777 2382/1119/1777 2466/1204/1777
f 2382/1119/1778 2465/1203/1778 2381/1120/1778
f 2425/1163/1779 2446/1184/1779 2467/1205/1779
f 2446/1184/1780 2425/1163/1780 2424/1162/1780
f 2352/1090/1781 2433/1171/1781 2468/1206/1781
f 2433/1171/1782 2352/1090/1782 2353/1092/1782
f 2356/1094/1783 2470/1207/1783 2469/1208/1783
f 2470/1207/1784 2356/1094/1784 2471/1209/1784
f 2471/1209/1785 2467/1205/1785 2470/1207/1785
f 2467/1205/1786 2471/1209/1786 2425/1163/1786
f 2441/1179/1787 2473/1210/1787 2472/1211/1787
f 2473/1210/1788 2441/1179/1788 2442/1180/1788
f 2421/1160/1789 2475/1212/1789 2474/1213/1789
f 2475/1212/1790 2421/1160/1790 2422/1159/1790
f 2422/1159/1791 2462/1200/1791 2475/1212/1791
f 2462/1200/1792 2422/1159/1792 2377/1115/1792
f 2476/1214/1793 2371/1109/1793 2350/1087/1793
f 2371/1109/1794 2476/1214/1794 2477/1215/1794
f 2477/1215/1795 2370/1107/1795 2371/1109/1795
f 2370/1107/1796 2477/1215/1796 2376/1114/1796
f 2388/1127/1797 2478/1216/1797 2387/1125/1797
f 2478/1216/1798 2388/1127/1798 2479/1217/1798
f 2479/1217/1799 2480/1218/1799 2478/1216/1799
f 2480/1218/1800 2479/1217/1800 2481/1219/1800
f 2465/1203/1801 2420/1158/1801 2381/1120/1801
f 2420/1158/1802 2465/1203/1802 2482/1220/1802
f 2482/1220/1803 2419/1157/1803 2420/1158/1803
f 2419/1157/1804 2482/1220/1804 2483/1221/1804
f 2351/1089/1805 2419/1157/1805 2350/1087/1805
f 2421/1160/1806 2481/1219/1806 2484/1222/1806
f 2481/1219/1807 2474/1213/1807 2480/1218/1807
f 2474/1213/1808 2481/1219/1808 2421/1160/1808
f 2483/1221/1809 2350/1087/1809 2419/1157/1809
f 2350/1087/1810 2483/1221/1810 2476/1214/1810
f 2427/1166/1811 2486/1223/1811 2485/1224/1811
f 2486/1223/1812 2427/1166/1812 2428/1165/1812
f 2429/1168/1813 2488/1225/1813 2487/1226/1813
f 2488/1225/1814 2429/1168/1814 2430/1167/1814
f 2473/1210/1815 2490/1227/1815 2489/1228/1815
f 2490/1227/1816 2473/1210/1816 2442/1180/1816
f 2428/1165/1817 2491/1229/1817 2486/1223/1817
f 2491/1229/1818 2428/1165/1818 2437/1175/1818
f 2440/1178/1819 2485/1224/1819 2492/1230/1819
f 2485/1224/1820 2440/1178/1820 2427/1166/1820
f 2430/1167/1821 2493/1231/1821 2488/1225/1821
f 2493/1231/1822 2430/1167/1822 2431/1170/1822
f 2442/1180/1823 2487/1226/1823 2490/1227/1823
f 2487/1226/1824 2442/1180/1824 2429/1168/1824
f 2431/1170/1825 2494/1232/1825 2493/1231/1825
f 2494/1232/1826 2431/1170/1826 2432/1169/1826
f 2485/1224/1827 2496/1233/1827 2495/1234/1827
f 2496/1233/1828 2485/1224/1828 2486/1223/1828
f 2487/1226/1829 2498/1235/1829 2497/1236/1829
f 2498/1235/1830 2487/1226/1830 2488/1225/1830
f 2486/1223/1831 2491/1229/1831 2496/1233/1831
f 2488/1225/1832 2493/1231/1832 2498/1235/1832
f 2497/1236/1833 2489/1228/1833 2490/1227/1833
f 2489/1228/1834 2497/1236/1834 2499/1237/1834
f 2494/1232/1835 2498/1235/1835 2493/1231/1835
f 2498/1235/1836 2494/1232/1836 2500/1238/1836
f 2497/1236/1837 2500/1238/1837 2499/1237/1837
f 2500/1238/1838 2497/1236/1838 2498/1235/1838
f 2492/1230/1839 2485/1224/1839 2495/1234/1839
f 2490/1227/1840 2487/1226/1840 2497/1236/1840
f 2501/1239/1841 2436/1174/1841 2502/1240/1841
f 2436/1174/1842 2501/1239/1842 2329/1067/1842
f 2449/1187/1843 2464/1201/1843 2385/1123/1843
f 2461/1198/1844 2363/1102/1844 2374/1113/1844
f 2363/1102/1845 2461/1198/1845 2458/1195/1845
f 2458/1195/1846 2362/1100/1846 2363/1102/1846
f 2362/1100/1847 2458/1195/1847 2455/1192/1847
f 2455/1192/1848 2409/1148/1848 2362/1100/1848
f 2409/1148/1849 2455/1192/1849 2435/1173/1849
f 2435/1173/1850 2408/1146/1850 2409/1148/1850
f 2411/1149/1851 2484/1222/1851 2410/1147/1851
f 2484/1222/1852 2365/1103/1852 2410/1147/1852
f 2365/1103/1853 2484/1222/1853 2481/1219/1853
f 2481/1219/1854 2364/1101/1854 2365/1103/1854
f 2364/1101/1855 2481/1219/1855 2479/1217/1855
f 2479/1217/1856 2375/1112/1856 2364/1101/1856
f 2375/1112/1857 2479/1217/1857 2388/1127/1857
f 2375/1112/1858 2389/1126/1858 2386/1124/1858
f 2389/1126/1859 2375/1112/1859 2388/1127/1859
f 2503/1241/1860 2505/1242/1860 2504/1243/1860
f 2505/1242/1861 2503/1241/1861 2328/1066/1861
f 2332/1070/1862 2507/1244/1862 2506/1245/1862
f 2507/1244/1863 2332/1070/1863 2508/1246/1863
f 2509/1247/1864 2511/1248/1864 2510/1249/1864
f 2511/1248/1865 2509/1247/1865 2512/1250/1865
f 2512/1250/1866 2513/1251/1866 2511/1248/1866
f 2513/1251/1867 2512/1250/1867 2503/1241/1867
f 2514/1252/1868 2516/1253/1868 2515/1254/1868
f 2516/1253/1869 2514/1252/1869 2506/1245/1869
f 2517/1255/1870 2515/1254/1870 2518/1256/1870
f 2515/1254/1871 2517/1255/1871 2514/1252/1871
f 2519/1257/1872 2510/1249/1872 2520/1258/1872
f 2510/1249/1873 2519/1257/1873 2509/1247/1873
f 2521/1259/1874 2518/1256/1874 2522/1260/1874
f 2518/1256/1875 2521/1259/1875 2517/1255/1875
f 2503/1241/1876 2523/1261/1876 2513/1251/1876
f 2523/1261/1877 2503/1241/1877 2504/1243/1877
f 2506/1245/1878 2524/1262/1878 2516/1253/1878
f 2524/1262/1879 2506/1245/1879 2507/1244/1879
f 2510/1249/1880 2526/1263/1880 2525/1264/1880
f 2526/1263/1881 2510/1249/1881 2511/1248/1881
f 2511/1248/1882 2527/1265/1882 2526/1263/1882
f 2527/1265/1883 2511/1248/1883 2513/1251/1883
f 2515/1254/1884 2529/1266/1884 2528/1267/1884
f 2529/1266/1885 2515/1254/1885 2516/1253/1885
f 2518/1256/1886 2528/1267/1886 2530/1268/1886
f 2528/1267/1887 2518/1256/1887 2515/1254/1887
f 2520/1258/1888 2525/1264/1888 2531/1269/1888
f 2525/1264/1889 2520/1258/1889 2510/1249/1889
f 2522/1260/1890 2530/1268/1890 2532/1270/1890
f 2530/1268/1891 2522/1260/1891 2518/1256/1891
f 2513/1251/1892 2533/1271/1892 2527/1265/1892
f 2533/1271/1893 2513/1251/1893 2523/1261/1893
f 2516/1253/1894 2534/1272/1894 2529/1266/1894
f 2534/1272/1895 2516/1253/1895 2524/1262/1895
f 2326/1064/1896 2509/1247/1896 2325/1062/1896
f 2509/1247/1897 2326/1064/1897 2512/1250/1897
f 2328/1066/1898 2512/1250/1898 2326/1064/1898
f 2512/1250/1899 2328/1066/1899 2503/1241/1899
f 2332/1070/1900 2514/1252/1900 2331/1068/1900
f 2514/1252/1901 2332/1070/1901 2506/1245/1901
f 2331/1068/1902 2517/1255/1902 2334/1071/1902
f 2517/1255/1903 2331/1068/1903 2514/1252/1903
f 2325/1062/1904 2519/1257/1904 2336/1073/1904
f 2519/1257/1905 2325/1062/1905 2509/1247/1905
f 2517/1255/1906 2445/1183/1906 2334/1071/1906
f 2445/1183/1907 2517/1255/1907 2521/1259/1907
f 2328/1066/1908 2337/1076/1908 2505/1242/1908
f 2337/1076/1909 2328/1066/1909 2327/1065/1909
f 2329/1067/1910 2508/1246/1910 2332/1070/1910
f 2508/1246/1911 2329/1067/1911 2501/1239/1911
f 2383/1121/1912 2344/1082/1912 2382/1119/1912
f 2344/1082/1913 2383/1121/1913 2347/1085/1913
f 2384/1122/1914 2347/1085/1914 2383/1121/1914
f 2347/1085/1915 2384/1122/1915 2346/1083/1915
f 2386/1124/1916 2449/1187/1916 2385/1123/1916
f 2449/1187/1917 2386/1124/1917 2452/1190/1917
f 2390/1128/1918 2452/1190/1918 2389/1126/1918
f 2452/1190/1919 2390/1128/1919 2451/1188/1919
f 2449/1187/1920 2463/1202/1920 2464/1201/1920
f 2463/1202/1921 2449/1187/1921 2450/1189/1921
f 2344/1082/1922 2466/1204/1922 2382/1119/1922
f 2466/1204/1923 2344/1082/1923 2345/1084/1923
f 2374/1113/1924 2464/1201/1924 2461/1198/1924
f 2464/1201/1925 2374/1113/1925 2385/1123/1925
f 2389/1126/1926 2452/1190/1926 2386/1124/1926
f 2434/1172/1692 2398/1135/1692 2399/1137/1692
f 2398/1135/1927 2434/1172/1927 2426/1164/1927
f 2403/1141/1928 2408/1146/1928 2402/1139/1928
f 2408/1146/1929 2403/1141/1929 2392/1130/1929
f 2418/1156/1930 2438/1176/1930 2417/1155/1930
f 2438/1176/1931 2398/1135/1931 2417/1155/1931
f 2398/1135/1932 2438/1176/1932 2397/1136/1932
f 2396/1134/1933 2433/1171/1933 2399/1137/1933
f 2433/1171/1934 2396/1134/1934 2439/1177/1934
f 2407/1145/1935 2401/1140/1935 2402/1139/1935
f 2401/1140/1936 2407/1145/1936 2404/1142/1936
f 2400/1138/1937 2436/1174/1937 2403/1141/1937
f 2436/1174/1938 2400/1138/1938 2441/1179/1938
f 2502/1240/1939 2441/1179/1939 2472/1211/1939
f 2453/1191/1940 2407/1145/1940 2435/1173/1940
f 2407/1145/1941 2453/1191/1941 2406/1143/1941
f 2436/1174/1942 2441/1179/1942 2502/1240/1942
f 2348/1086/1943 2443/1181/1943 2351/1089/1943
f 2443/1181/1944 2348/1086/1944 2395/1133/1944
f 2371/1109/1945 2349/1088/1945 2350/1087/1945
f 2349/1088/1946 2371/1109/1946 2368/1106/1946
f 2353/1092/1947 2419/1157/1947 2351/1089/1947
f 2419/1157/1948 2353/1092/1948 2354/1091/1948
f 2351/1089/1949 2434/1172/1949 2353/1092/1949
f 2434/1172/1950 2351/1089/1950 2443/1181/1950
f 2535/1273/1951 2439/1177/1951 2440/1178/1951
f 2468/1206/1952 2439/1177/1952 2535/1273/1952
f 2439/1177/1953 2468/1206/1953 2433/1171/1953
f 2421/1160/1954 2413/1152/1954 2414/1151/1954
f 2413/1152/1955 2421/1160/1955 2484/1222/1955
f 2357/1096/1956 2423/1161/1956 2414/1151/1956
f 2423/1161/1957 2357/1096/1957 2358/1095/1957
f 2358/1095/1958 2379/1116/1958 2423/1161/1958
f 2379/1116/1959 2358/1095/1959 2366/1104/1959
f 2379/1116/1960 2380/1118/1960 2378/1117/1960
f 2380/1118/1961 2379/1116/1961 2366/1104/1961
f 2413/1152/1962 2484/1222/1962 2411/1149/1962
f 2469/1208/1963 2359/1097/1963 2356/1094/1963
f 2359/1097/1964 2469/1208/1964 2536/1274/1964
f 2536/1274/1965 2367/1105/1965 2359/1097/1965
f 2367/1105/1966 2536/1274/1966 2537/1275/1966
f 2357/1096/1967 2471/1209/1967 2356/1094/1967
f 2471/1209/1968 2357/1096/1968 2412/1150/1968
f 2537/1275/1969 2380/1118/1969 2367/1105/1969
f 2380/1118/1970 2537/1275/1970 2448/1186/1970
f 2471/1209/1971 2412/1150/1971 2425/1163/1971
f 2538/1276/1972 2540/1277/1972 2539/1278/1972
f 2540/1277/1973 2538/1276/1973 2541/1279/1973
f 2223/969/1974 2542/1280/1974 2285/1026/1974
f 2542/1280/1975 2223/969/1975 2543/1281/1975
f 2544/1282/1976 2309/1048/1976 2306/1045/1976
f 2309/1048/1977 2544/1282/1977 2545/1283/1977
f 2230/976/1978 2313/1052/1978 2310/1049/1978
f 2313/1052/1979 2230/976/1979 2286/1028/1979
f 2546/1284/1980 2548/1285/1980 2547/1286/1980
f 2548/1285/1981 2546/1284/1981 2549/1287/1981
f 2550/1288/1982 2552/1289/1982 2551/1290/1982
f 2552/1289/1983 2550/1288/1983 2553/1291/1983
f 2554/1292/1984 2556/1293/1984 2555/1294/1984
f 2218/964/1985 2556/1293/1985 2554/1292/1985
f 2556/1293/1986 2558/1295/1986 2557/1296/1986
f 2218/964/1987 2558/1295/1987 2556/1293/1987
f 2215/961/1987 2558/1295/1987 2218/964/1987
f 2289/1030/1988 2284/1027/1988 2559/1297/1988
f 2284/1027/1989 2289/1030/1989 2226/972/1989
f 2553/1291/1990 2560/1298/1990 2552/1289/1990
f 2560/1298/1991 2553/1291/1991 2561/1299/1991
f 2227/973/1992 2563/986/1992 2562/988/1992
f 2549/1287/1993 2322/1060/1993 2548/1285/1993
f 2322/1060/1994 2549/1287/1994 2564/1300/1994
f 2254/1000/1995 2565/1301/1995 2257/1003/1995
f 2565/1301/1996 2254/1000/1996 2566/1302/1996
f 2259/1004/1997 2295/1034/1997 2258/1005/1997
f 2295/1034/1998 2259/1004/1998 2294/1031/1998
f 2250/996/1999 2277/1019/1999 2274/1016/1999
f 2277/1019/2000 2250/996/2000 2247/993/2000
f 2567/1016/2001 2568/1303/2001 2279/1021/2001
f 2568/1303/2002 2567/1016/2002 2569/1018/2002
f 2570/1004/2003 2264/1008/2003 2282/1023/2003
f 2264/1008/2004 2570/1004/2004 2267/979/2004
f 2566/1302/2005 2571/1304/2005 2565/1301/2005
f 2566/1302/2006 2572/1305/2006 2571/1304/2006
f 2566/1302/2007 2573/1306/2007 2572/1305/2007
f 2560/1298/2008 2575/1307/2008 2574/1308/2008
f 2575/1307/2009 2560/1298/2009 2539/1278/2009
f 2576/1309/2010 2547/1286/2010 2577/1310/2010
f 2547/1286/2011 2576/1309/2011 2545/1283/2011
f 2578/1311/2012 2297/1036/2012 2551/1290/2012
f 2297/1036/2013 2578/1311/2013 2320/1059/2013
f 2579/1312/2014 2581/1313/2014 2580/1314/2014
f 2581/1313/2015 2579/1312/2015 2582/1315/2015
f 2583/1316/2016 2575/1307/2016 2584/1317/2016
f 2575/1307/2017 2583/1316/2017 2224/971/2017
f 2229/974/2018 2579/1312/2018 2576/1309/2018
f 2579/1312/2019 2229/974/2019 2582/1315/2019
f 2585/1318/2020 2577/1310/2020 2586/1319/2020
f 2577/1310/2021 2585/1318/2021 2228/975/2021
f 2587/1320/2022 2578/1311/2022 2588/1321/2022
f 2578/1311/2023 2587/1320/2023 2261/1007/2023
f 2225/970/2024 2588/1321/2024 2574/1308/2024
f 2588/1321/2025 2225/970/2025 2587/1320/2025
f 2586/1319/2026 2318/1057/2026 2585/1318/2026
f 2318/1057/2027 2586/1319/2027 2302/1041/2027
f 2574/1308/2028 2224/971/2028 2225/970/2028
f 2224/971/2029 2574/1308/2029 2575/1307/2029
f 2229/974/2030 2577/1310/2030 2228/975/2030
f 2577/1310/2031 2229/974/2031 2576/1309/2031
f 2578/1311/2032 2262/1006/2032 2320/1059/2032
f 2262/1006/2033 2578/1311/2033 2261/1007/2033
f 2265/1009/2034 2304/1043/2034 2264/1008/2034
f 2304/1043/2035 2265/1009/2035 2301/1040/2035
f 2280/1022/2036 2292/1032/2036 2283/1025/2036
f 2292/1032/2037 2280/1022/2037 2589/1322/2037
f 2270/1011/2038 2320/1059/2038 2262/1006/2038
f 2320/1059/2039 2270/1011/2039 2271/1013/2039
f 2590/1323/2040 2279/1021/2040 2568/1303/2040
f 2279/1021/2041 2590/1323/2041 2278/1020/2041
f 2264/1008/2042 2281/1024/2042 2282/1023/2042
f 2281/1024/2043 2264/1008/2043 2304/1043/2043
f 2222/968/2044 2251/997/2044 2221/966/2044
f 2251/997/2045 2222/968/2045 2321/1058/2045
f 2303/1042/2046 2221/966/2046 2252/998/2046
f 2221/966/2047 2303/1042/2047 2220/967/2047
f 2280/1022/2048 2272/1014/2048 2589/1322/2048
f 2272/1014/2049 2280/1022/2049 2305/1044/2049
f 2291/1033/2050 2568/1303/2050 2569/1018/2050
f 2568/1303/2051 2291/1033/2051 2292/1032/2051
f 2275/1018/2052 2296/1035/2052 2293/1033/2052
f 2296/1035/2053 2275/1018/2053 2276/1017/2053
f 2314/1053/2054 2300/1039/2054 2317/1056/2054
f 2300/1039/2055 2314/1053/2055 2299/1037/2055
f 2590/1323/2056 2292/1032/2056 2589/1322/2056
f 2292/1032/2057 2590/1323/2057 2568/1303/2057
f 2270/1011/2058 2591/996/2058 2269/1012/2058
f 2591/996/2059 2270/1011/2059 2319/994/2059
f 2269/1012/2060 2567/1016/2060 2279/1021/2060
f 2567/1016/2061 2269/1012/2061 2591/996/2061
f 2282/1023/2062 2290/1031/2062 2570/1004/2062
f 2290/1031/2063 2282/1023/2063 2283/1025/2063
f 2265/1009/2064 2592/987/2064 2318/1057/2064
f 2592/987/2065 2265/1009/2065 2266/978/2065
f 2581/1313/2066 2310/1049/2066 2311/1051/2066
f 2310/1049/2067 2581/1313/2067 2582/1315/2067
f 2224/971/2068 2543/1281/2068 2223/969/2068
f 2543/1281/2069 2224/971/2069 2583/1316/2069
f 2229/974/2070 2310/1049/2070 2582/1315/2070
f 2310/1049/2071 2229/974/2071 2230/976/2071
f 2585/1318/2072 2227/973/2072 2228/975/2072
f 2227/973/2073 2585/1318/2073 2563/986/2073
f 2261/1007/2074 2289/1030/2074 2260/992/2074
f 2289/1030/2075 2261/1007/2075 2587/1320/2075
f 2225/970/2076 2289/1030/2076 2587/1320/2076
f 2289/1030/2077 2225/970/2077 2226/972/2077
f 2563/986/2078 2318/1057/2078 2592/987/2078
f 2318/1057/2079 2563/986/2079 2585/1318/2079
f 2297/1036/2080 2321/1058/2080 2300/1039/2080
f 2321/1058/2081 2297/1036/2081 2320/1059/2081
f 2309/1048/2082 2580/1314/2082 2308/1046/2082
f 2580/1314/2083 2309/1048/2083 2579/1312/2083
f 2317/1056/2084 2219/965/2084 2316/1054/2084
f 2219/965/2085 2317/1056/2085 2222/968/2085
f 2322/1060/2086 2315/1055/2086 2316/1054/2086
f 2315/1055/2087 2322/1060/2087 2564/1300/2087
f 2584/1317/2088 2539/1278/2088 2540/1277/2088
f 2539/1278/2089 2584/1317/2089 2575/1307/2089
f 2576/1309/2090 2309/1048/2090 2545/1283/2090
f 2309/1048/2091 2576/1309/2091 2579/1312/2091
f 2586/1319/2092 2547/1286/2092 2548/1285/2092
f 2547/1286/2093 2586/1319/2093 2577/1310/2093
f 2588/1321/2094 2551/1290/2094 2552/1289/2094
f 2551/1290/2095 2588/1321/2095 2578/1311/2095
f 2574/1308/2096 2552/1289/2096 2560/1298/2096
f 2552/1289/2097 2574/1308/2097 2588/1321/2097
f 2548/1285/2098 2302/1041/2098 2586/1319/2098
f 2302/1041/2099 2548/1285/2099 2322/1060/2099
f 2561/1299/2100 2539/1278/2100 2560/1298/2100
f 2539/1278/2101 2561/1299/2101 2538/1276/2101
f 2545/1283/2102 2546/1284/2102 2547/1286/2102
f 2546/1284/2103 2545/1283/2103 2544/1282/2103
f 2550/1288/2104 2297/1036/2104 2298/1038/2104
f 2297/1036/2105 2550/1288/2105 2551/1290/2105
f 2321/1058/2106 2317/1056/2106 2300/1039/2106
f 2317/1056/2107 2321/1058/2107 2222/968/2107
f 2590/1323/2108 2272/1014/2108 2273/1015/2108
f 2272/1014/2109 2590/1323/2109 2589/1322/2109
f 2278/1020/2110 2590/1323/2110 2273/1015/2110
f 2304/1043/2111 2305/1044/2111 2281/1024/2111
f 2305/1044/2112 2304/1043/2112 2303/1042/2112
f 2305/1044/2113 2252/998/2113 2272/1014/2113
f 2252/998/2114 2305/1044/2114 2303/1042/2114
f 2593/1324/2115 2595/1300/2115 2594/1325/2115
f 2596/1300/2116 2598/1324/2116 2597/1055/2116
f 2599/1276/2117 2601/1326/2117 2600/1327/2117
f 2602/1326/2118 2604/1276/2118 2603/1299/2118
f 2605/1284/2119 2607/1328/2119 2606/1329/2119
f 2608/1328/2120 2610/1284/2120 2609/1282/2120
f 2611/1045/2121 2613/1330/2121 2612/1331/2121
f 2614/1330/2122 2616/1045/2122 2615/1047/2122
f 2617/1279/2123 2619/1327/2123 2618/1332/2123
f 2620/1327/2124 2622/1279/2124 2621/1276/2124
f 2623/1282/2125 2625/1331/2125 2624/1328/2125
f 2626/1331/2126 2628/1282/2126 2627/1045/2126
f 2629/1300/2127 2631/1333/2127 2630/1325/2127
f 2632/1333/2128 2634/1300/2128 2633/1287/2128
f 2635/1288/2129 2637/1334/2129 2636/1335/2129
f 2638/1334/2130 2640/1288/2130 2639/1038/2130
f 2641/1287/2131 2643/1329/2131 2642/1333/2131
f 2644/1329/2132 2646/1287/2132 2645/1284/2132
f 2647/1291/2133 2649/1335/2133 2648/1336/2133
f 2650/1335/2134 2652/1291/2134 2651/1288/2134
f 2653/1299/2135 2655/1336/2135 2654/1326/2135
f 2656/1336/2136 2658/1299/2136 2657/1291/2136
f 2659/1053/2137 2661/1324/2137 2660/1337/2137
f 2662/1324/2138 2664/1053/2138 2663/1055/2138
f 2665/1038/2139 2667/1338/2139 2666/1334/2139
f 2668/1338/2140 2670/1038/2140 2669/1037/2140
f 2671/1037/2141 2673/1337/2141 2672/1338/2141
f 2674/1337/2142 2676/1037/2142 2675/1053/2142
f 2288/990/2143 2559/1297/2143 2677/1339/2143
f 2288/990/2144 2289/1030/2144 2559/1297/2144
f 2227/973/2145 2562/988/2145 2287/1029/2145
f 2287/1029/2146 2562/988/2146 2678/1340/2146
f 2679/961/2147 2681/962/2147 2680/964/2147
f 2681/962/2148 2679/961/2148 2682/963/2148
f 2683/965/2149 2685/966/2149 2684/968/2149
f 2685/966/2150 2683/965/2150 2686/967/2150
f 2687/969/2151 2689/970/2151 2688/972/2151
f 2689/970/2152 2687/969/2152 2690/971/2152
f 2691/973/2153 2693/974/2153 2692/976/2153
f 2693/974/2154 2691/973/2154 2694/975/2154
f 2695/977/2155 2697/978/2155 2696/980/2155
f 2697/978/2156 2695/977/2156 2698/979/2156
f 2699/981/2157 2701/982/2157 2700/984/2157
f 2701/982/2158 2699/981/2158 2702/983/2158
f 2703/985/2159 2705/986/2159 2704/988/2159
f 2705/986/2160 2703/985/2160 2706/987/2160
f 2707/989/2161 2709/990/2161 2708/992/2161
f 2709/990/2162 2707/989/2162 2710/991/2162
f 2711/993/2163 2713/994/2163 2712/996/2163
f 2713/994/2164 2711/993/2164 2714/995/2164
f 2715/997/2165 2717/998/2165 2716/999/2165
f 2717/998/2166 2715/997/2166 2685/966/2166
f 2718/1000/2167 2720/1001/2167 2719/1003/2167
f 2720/1001/2168 2718/1000/2168 2721/1002/2168
f 2695/977/2169 2722/1004/2169 2698/979/2169
f 2722/1004/2170 2695/977/2170 2723/1005/2170
f 2724/992/2171 2726/1006/2171 2725/989/2171
f 2726/1006/2172 2724/992/2172 2727/1007/2172
f 2728/1008/2173 2730/978/2173 2729/979/2173
f 2730/978/2174 2728/1008/2174 2731/1009/2174
f 2732/1010/2175 2734/1011/2175 2733/1013/2175
f 2734/1011/2176 2732/1010/2176 2735/1012/2176
f 2716/999/2177 2737/1014/2177 2736/1015/2177
f 2737/1014/2178 2716/999/2178 2717/998/2178
f 2738/1016/2179 2740/1017/2179 2739/1019/2179
f 2740/1017/2180 2738/1016/2180 2741/1018/2180
f 2735/1012/2181 2743/1020/2181 2742/1021/2181
f 2743/1020/2182 2735/1012/2182 2732/1010/2182
f 2744/1022/2183 2746/1023/2183 2745/1025/2183
f 2746/1023/2184 2744/1022/2184 2747/1024/2184
f 2688/972/2185 2748/1026/2185 2687/969/2185
f 2748/1026/2186 2688/972/2186 2749/1027/2186
f 2691/973/2187 2751/1028/2187 2750/1029/2187
f 2751/1028/2188 2691/973/2188 2692/976/2188
f 2752/990/2189 2753/1030/2189 2724/992/2189
f 2754/1031/2190 2755/1032/2190 2745/1025/2190
f 2755/1032/2191 2754/1031/2191 2756/1033/2191
f 2757/1033/2192 2759/1034/2192 2758/1035/2192
f 2759/1034/2193 2757/1033/2193 2760/1031/2193
f 2761/1036/2194 2763/1037/2194 2762/1039/2194
f 2763/1037/2195 2761/1036/2195 2764/1038/2195
f 2765/1040/2196 2683/965/2196 2766/1041/2196
f 2683/965/2197 2765/1040/2197 2686/967/2197
f 2715/997/2198 2732/1010/2198 2733/1013/2198
f 2732/1010/2199 2715/997/2199 2716/999/2199
f 2767/1042/2200 2765/1040/2200 2768/1043/2200
f 2765/1040/2201 2767/1042/2201 2686/967/2201
f 2732/1010/2202 2736/1015/2202 2743/1020/2202
f 2736/1015/2203 2732/1010/2203 2716/999/2203
f 2744/1022/2204 2769/1044/2204 2747/1024/2204
f 2770/1045/2205 2772/1046/2205 2771/1048/2205
f 2772/1046/2206 2770/1045/2206 2773/1047/2206
f 2774/1049/2207 2776/1050/2207 2775/1052/2207
f 2776/1050/2208 2774/1049/2208 2777/1051/2208
f 2700/984/2209 2681/962/2209 2682/963/2209
f 2681/962/2210 2700/984/2210 2701/982/2210
f 2778/1053/2211 2780/1054/2211 2779/1056/2211
f 2780/1054/2212 2778/1053/2212 2781/1055/2212
f 2766/1041/2213 2731/1009/2213 2765/1040/2213
f 2731/1009/2214 2766/1041/2214 2782/1057/2214
f 2702/983/2215 2720/1001/2215 2721/1002/2215
f 2720/1001/2216 2702/983/2216 2699/981/2216
f 2697/978/2217 2703/985/2217 2696/980/2217
f 2703/985/2218 2697/978/2218 2706/987/2218
f 2710/991/2219 2713/994/2219 2714/995/2219
f 2713/994/2220 2710/991/2220 2707/989/2220
f 2726/1006/2221 2783/994/2221 2725/989/2221
f 2783/994/2222 2726/1006/2222 2734/1011/2222
f 2733/1013/2223 2784/1058/2223 2715/997/2223
f 2784/1058/2224 2733/1013/2224 2785/1059/2224
f 2786/1060/2225 2683/965/2225 2780/1054/2225
f 2683/965/2226 2786/1060/2226 2766/1041/2226
f 2787/1276/2227 2789/1277/2227 2788/1279/2227
f 2789/1277/2228 2787/1276/2228 2790/1278/2228
f 2687/969/2229 2792/1280/2229 2791/1281/2229
f 2792/1280/2230 2687/969/2230 2748/1026/2230
f 2793/1282/2231 2771/1048/2231 2794/1283/2231
f 2771/1048/2232 2793/1282/2232 2770/1045/2232
f 2692/976/2233 2775/1052/2233 2751/1028/2233
f 2775/1052/2234 2692/976/2234 2774/1049/2234
f 2795/1284/2235 2797/1285/2235 2796/1287/2235
f 2797/1285/2236 2795/1284/2236 2798/1286/2236
f 2799/1288/2237 2801/1289/2237 2800/1291/2237
f 2801/1289/2238 2799/1288/2238 2802/1290/2238
f 2803/1295/2239 2805/1293/2239 2804/1296/2239
f 2805/1293/2240 2807/1292/2240 2806/1294/2240
f 2805/1293/2241 2680/964/2241 2807/1292/2241
f 2803/1295/2242 2680/964/2242 2805/1293/2242
f 2679/961/2242 2680/964/2242 2803/1295/2242
f 2753/1030/2243 2749/1027/2243 2688/972/2243
f 2749/1027/2244 2753/1030/2244 2808/1297/2244
f 2800/1291/2245 2810/1298/2245 2809/1299/2245
f 2810/1298/2246 2800/1291/2246 2801/1289/2246
f 2691/973/2247 2812/988/2247 2811/986/2247
f 2796/1287/2248 2786/1060/2248 2813/1300/2248
f 2786/1060/2249 2796/1287/2249 2797/1285/2249
f 2718/1000/2250 2815/1301/2250 2814/1302/2250
f 2815/1301/2251 2718/1000/2251 2719/1003/2251
f 2722/1004/2252 2759/1034/2252 2760/1031/2252
f 2759/1034/2253 2722/1004/2253 2723/1005/2253
f 2712/996/2254 2739/1019/2254 2711/993/2254
f 2739/1019/2255 2712/996/2255 2738/1016/2255
f 2816/1016/2256 2818/1303/2256 2817/1018/2256
f 2818/1303/2257 2816/1016/2257 2742/1021/2257
f 2819/1004/2258 2728/1008/2258 2729/979/2258
f 2728/1008/2259 2819/1004/2259 2746/1023/2259
f 2814/1302/2260 2821/1305/2260 2820/1306/2260
f 2814/1302/2261 2822/1304/2261 2821/1305/2261
f 2814/1302/2262 2815/1301/2262 2822/1304/2262
f 2810/1298/2263 2823/1307/2263 2790/1278/2263
f 2823/1307/2264 2810/1298/2264 2824/1308/2264
f 2825/1309/2265 2798/1286/2265 2794/1283/2265
f 2798/1286/2266 2825/1309/2266 2826/1310/2266
f 2827/1311/2267 2761/1036/2267 2785/1059/2267
f 2761/1036/2268 2827/1311/2268 2802/1290/2268
f 2828/1312/2269 2830/1313/2269 2829/1315/2269
f 2830/1313/2270 2828/1312/2270 2831/1314/2270
f 2832/1316/2271 2823/1307/2271 2690/971/2271
f 2823/1307/2272 2832/1316/2272 2833/1317/2272
f 2693/974/2273 2828/1312/2273 2829/1315/2273
f 2828/1312/2274 2693/974/2274 2825/1309/2274
f 2834/1318/2275 2826/1310/2275 2694/975/2275
f 2826/1310/2276 2834/1318/2276 2835/1319/2276
f 2836/1320/2277 2827/1311/2277 2727/1007/2277
f 2827/1311/2278 2836/1320/2278 2837/1321/2278
f 2689/970/2279 2837/1321/2279 2836/1320/2279
f 2837/1321/2280 2689/970/2280 2824/1308/2280
f 2835/1319/2281 2782/1057/2281 2766/1041/2281
f 2782/1057/2282 2835/1319/2282 2834/1318/2282
f 2824/1308/2283 2690/971/2283 2823/1307/2283
f 2690/971/2284 2824/1308/2284 2689/970/2284
f 2693/974/2285 2826/1310/2285 2825/1309/2285
f 2826/1310/2286 2693/974/2286 2694/975/2286
f 2827/1311/2287 2726/1006/2287 2727/1007/2287
f 2726/1006/2288 2827/1311/2288 2785/1059/2288
f 2731/1009/2289 2768/1043/2289 2765/1040/2289
f 2768/1043/2290 2731/1009/2290 2728/1008/2290
f 2744/1022/2291 2755/1032/2291 2838/1322/2291
f 2755/1032/2292 2744/1022/2292 2745/1025/2292
f 2734/1011/2293 2785/1059/2293 2733/1013/2293
f 2785/1059/2294 2734/1011/2294 2726/1006/2294
f 2839/1323/2295 2742/1021/2295 2743/1020/2295
f 2742/1021/2296 2839/1323/2296 2818/1303/2296
f 2728/1008/2297 2747/1024/2297 2768/1043/2297
f 2747/1024/2298 2728/1008/2298 2746/1023/2298
f 2684/968/2299 2715/997/2299 2784/1058/2299
f 2715/997/2300 2684/968/2300 2685/966/2300
f 2767/1042/2301 2685/966/2301 2686/967/2301
f 2685/966/2302 2767/1042/2302 2717/998/2302
f 2744/1022/2303 2737/1014/2303 2769/1044/2303
f 2737/1014/2304 2744/1022/2304 2838/1322/2304
f 2756/1033/2305 2818/1303/2305 2755/1032/2305
f 2818/1303/2306 2756/1033/2306 2817/1018/2306
f 2741/1018/2307 2758/1035/2307 2740/1017/2307
f 2758/1035/2308 2741/1018/2308 2757/1033/2308
f 2778/1053/2309 2762/1039/2309 2763/1037/2309
f 2762/1039/2310 2778/1053/2310 2779/1056/2310
f 2839/1323/2311 2755/1032/2311 2818/1303/2311
f 2755/1032/2312 2839/1323/2312 2838/1322/2312
f 2734/1011/2313 2840/996/2313 2783/994/2313
f 2840/996/2314 2734/1011/2314 2735/1012/2314
f 2735/1012/2315 2816/1016/2315 2840/996/2315
f 2816/1016/2316 2735/1012/2316 2742/1021/2316
f 2746/1023/2317 2754/1031/2317 2745/1025/2317
f 2754/1031/2318 2746/1023/2318 2819/1004/2318
f 2731/1009/2319 2841/987/2319 2730/978/2319
f 2841/987/2320 2731/1009/2320 2782/1057/2320
f 2830/1313/2321 2774/1049/2321 2829/1315/2321
f 2774/1049/2322 2830/1313/2322 2777/1051/2322
f 2690/971/2323 2791/1281/2323 2832/1316/2323
f 2791/1281/2324 2690/971/2324 2687/969/2324
f 2693/974/2325 2774/1049/2325 2692/976/2325
f 2774/1049/2326 2693/974/2326 2829/1315/2326
f 2834/1318/2327 2691/973/2327 2811/986/2327
f 2691/973/2328 2834/1318/2328 2694/975/2328
f 2727/1007/2329 2753/1030/2329 2836/1320/2329
f 2753/1030/2330 2727/1007/2330 2724/992/2330
f 2689/970/2331 2753/1030/2331 2688/972/2331
f 2753/1030/2332 2689/970/2332 2836/1320/2332
f 2811/986/2333 2782/1057/2333 2834/1318/2333
f 2782/1057/2334 2811/986/2334 2841/987/2334
f 2761/1036/2335 2784/1058/2335 2785/1059/2335
f 2784/1058/2336 2761/1036/2336 2762/1039/2336
f 2771/1048/2337 2831/1314/2337 2828/1312/2337
f 2831/1314/2338 2771/1048/2338 2772/1046/2338
f 2779/1056/2339 2683/965/2339 2684/968/2339
f 2683/965/2340 2779/1056/2340 2780/1054/2340
f 2786/1060/2341 2781/1055/2341 2813/1300/2341
f 2781/1055/2342 2786/1060/2342 2780/1054/2342
f 2833/1317/2343 2790/1278/2343 2823/1307/2343
f 2790/1278/2344 2833/1317/2344 2789/1277/2344
f 2825/1309/2345 2771/1048/2345 2828/1312/2345
f 2771/1048/2346 2825/1309/2346 2794/1283/2346
f 2835/1319/2347 2798/1286/2347 2826/1310/2347
f 2798/1286/2348 2835/1319/2348 2797/1285/2348
f 2837/1321/2349 2802/1290/2349 2827/1311/2349
f 2802/1290/2350 2837/1321/2350 2801/1289/2350
f 2824/1308/2351 2801/1289/2351 2837/1321/2351
f 2801/1289/2352 2824/1308/2352 2810/1298/2352
f 2797/1285/2353 2766/1041/2353 2786/1060/2353
f 2766/1041/2354 2797/1285/2354 2835/1319/2354
f 2809/1299/2355 2790/1278/2355 2787/1276/2355
f 2790/1278/2356 2809/1299/2356 2810/1298/2356
f 2794/1283/2357 2795/1284/2357 2793/1282/2357
f 2795/1284/2358 2794/1283/2358 2798/1286/2358
f 2799/1288/2359 2761/1036/2359 2802/1290/2359
f 2761/1036/2360 2799/1288/2360 2764/1038/2360
f 2784/1058/2361 2779/1056/2361 2684/968/2361
f 2779/1056/2362 2784/1058/2362 2762/1039/2362
f 2839/1323/2363 2737/1014/2363 2838/1322/2363
f 2737/1014/2364 2839/1323/2364 2736/1015/2364
f 2743/1020/2365 2736/1015/2365 2839/1323/2365
f 2768/1043/2366 2769/1044/2366 2767/1042/2366
f 2769/1044/2367 2768/1043/2367 2747/1024/2367
f 2769/1044/2368 2717/998/2368 2767/1042/2368
f 2717/998/2369 2769/1044/2369 2737/1014/2369
f 2842/1324/2370 2844/1300/2370 2843/1055/2370
f 2845/1300/2371 2847/1324/2371 2846/1325/2371
f 2848/1276/2372 2850/1326/2372 2849/1299/2372
f 2851/1326/2373 2853/1276/2373 2852/1327/2373
f 2854/1284/2374 2856/1328/2374 2855/1282/2374
f 2857/1328/2375 2859/1284/2375 2858/1329/2375
f 2860/1045/2376 2862/1330/2376 2861/1047/2376
f 2863/1330/2377 2865/1045/2377 2864/1331/2377
f 2866/1279/2378 2868/1327/2378 2867/1276/2378
f 2869/1327/2379 2871/1279/2379 2870/1332/2379
f 2872/1282/2380 2874/1331/2380 2873/1045/2380
f 2875/1331/2381 2877/1282/2381 2876/1328/2381
f 2878/1300/2382 2880/1333/2382 2879/1287/2382
f 2881/1333/2383 2883/1300/2383 2882/1325/2383
f 2884/1288/2384 2886/1334/2384 2885/1038/2384
f 2887/1334/2385 2889/1288/2385 2888/1335/2385
f 2890/1287/2386 2892/1329/2386 2891/1284/2386
f 2893/1329/2387 2895/1287/2387 2894/1333/2387
f 2896/1291/2388 2898/1335/2388 2897/1288/2388
f 2899/1335/2389 2901/1291/2389 2900/1336/2389
f 2902/1299/2390 2904/1336/2390 2903/1291/2390
f 2905/1336/2391 2907/1299/2391 2906/1326/2391
f 2908/1053/2392 2910/1324/2392 2909/1055/2392
f 2911/1324/2393 2913/1053/2393 2912/1337/2393
f 2914/1038/2394 2916/1338/2394 2915/1037/2394
f 2917/1338/2395 2919/1038/2395 2918/1334/2395
f 2920/1037/2396 2922/1337/2396 2921/1053/2396
f 2923/1337/2397 2925/1037/2397 2924/1338/2397
f 2752/990/2398 2926/1339/2398 2808/1297/2398
f 2752/990/2399 2808/1297/2399 2753/1030/2399
f 2691/973/2400 2750/1029/2400 2812/988/2400
f 2750/1029/2401 2927/1340/2401 2812/988/2401
f 2928/1341/2402 2930/1342/2402 2929/1343/2402
f 2930/1342/2403 2928/1341/2403 2931/1344/2403
f 2932/1345/2404 2929/1343/2404 2933/1346/2404
f 2929/1343/2404 2932/1345/2404 2928/1341/2404
f 2934/1347/2405 2933/1346/2405 2935/1348/2405
f 2933/1346/2406 2934/1347/2406 2932/1345/2406
f 2936/1349/2407 2931/1344/2407 2928/1341/2407
f 2931/1344/2408 2936/1349/2408 2937/1350/2408
f 2938/1351/2409 2928/1341/2409 2932/1345/2409
f 2928/1341/2409 2938/1351/2409 2936/1349/2409
f 2939/1352/2410 2932/1345/2410 2934/1347/2410
f 2932/1345/2411 2939/1352/2411 2938/1351/2411
f 2940/1353/2412 2937/1350/2412 2936/1349/2412
f 2937/1350/2413 2940/1353/2413 2941/1354/2413
f 2942/1355/2414 2936/1349/2414 2938/1351/2414
f 2936/1349/2414 2942/1355/2414 2940/1353/2414
f 2943/1356/2415 2938/1351/2415 2939/1352/2415
f 2938/1351/2416 2943/1356/2416 2942/1355/2416
f 2944/1357/2417 2941/1354/2417 2940/1353/2417
f 2941/1354/2418 2944/1357/2418 2945/1358/2418
f 2946/1359/2419 2940/1353/2419 2942/1355/2419
f 2940/1353/2419 2946/1359/2419 2944/1357/2419
f 2947/1360/2420 2942/1355/2420 2943/1356/2420
f 2942/1355/2421 2947/1360/2421 2946/1359/2421
f 2948/1361/2422 2945/1358/2422 2944/1357/2422
f 2945/1358/2423 2948/1361/2423 2949/1362/2423
f 2950/1363/2424 2944/1357/2424 2946/1359/2424
f 2944/1357/2424 2950/1363/2424 2948/1361/2424
f 2951/1364/2425 2946/1359/2425 2947/1360/2425
f 2946/1359/2426 2951/1364/2426 2950/1363/2426
f 2952/1365/2427 2949/1362/2427 2948/1361/2427
f 2949/1362/2428 2952/1365/2428 2953/1366/2428
f 2954/1367/2429 2948/1361/2429 2950/1363/2429
f 2948/1361/2429 2954/1367/2429 2952/1365/2429
f 2955/1368/2430 2950/1363/2430 2951/1364/2430
f 2950/1363/2430 2955/1368/2430 2954/1367/2430
f 2956/1369/2431 2953/1366/2431 2952/1365/2431
f 2953/1366/2432 2956/1369/2432 2957/1370/2432
f 2958/1371/2433 2952/1365/2433 2954/1367/2433
f 2952/1365/2433 2958/1371/2433 2956/1369/2433
f 2959/1372/2434 2954/1367/2434 2955/1368/2434
f 2954/1367/2434 2959/1372/2434 2958/1371/2434
f 2960/1373/2435 2957/1370/2435 2956/1369/2435
f 2957/1370/2436 2960/1373/2436 2961/1374/2436
f 2962/1375/2437 2956/1369/2437 2958/1371/2437
f 2956/1369/2437 2962/1375/2437 2960/1373/2437
f 2963/1376/2438 2958/1371/2438 2959/1372/2438
f 2958/1371/2438 2963/1376/2438 2962/1375/2438
f 2964/1377/2439 2961/1374/2439 2960/1373/2439
f 2961/1374/2439 2964/1377/2439 2965/1378/2439
f 2966/1379/2440 2960/1373/2440 2962/1375/2440
f 2960/1373/2440 2966/1379/2440 2964/1377/2440
f 2967/1380/2441 2962/1375/2441 2963/1376/2441
f 2962/1375/2441 2967/1380/2441 2966/1379/2441
f 2968/1381/2442 2965/1378/2442 2964/1377/2442
f 2965/1378/2443 2968/1381/2443 2969/1382/2443
f 2970/1383/2444 2964/1377/2444 2966/1379/2444
f 2964/1377/2445 2970/1383/2445 2968/1381/2445
f 2971/1384/2446 2966/1379/2446 2967/1380/2446
f 2966/1379/2447 2971/1384/2447 2970/1383/2447
f 2972/1385/2448 2969/1382/2448 2968/1381/2448
f 2969/1382/2449 2972/1385/2449 2973/1386/2449
f 2974/1387/2450 2968/1381/2450 2970/1383/2450
f 2968/1381/2450 2974/1387/2450 2972/1385/2450
f 2975/1388/2451 2970/1383/2451 2971/1384/2451
f 2970/1383/2451 2975/1388/2451 2974/1387/2451
f 2976/1389/2452 2973/1386/2452 2972/1385/2452
f 2973/1386/2452 2976/1389/2452 2977/1390/2452
f 2978/1391/2453 2972/1385/2453 2974/1387/2453
f 2972/1385/2453 2978/1391/2453 2976/1389/2453
f 2979/1392/2454 2974/1387/2454 2975/1388/2454
f 2974/1387/2454 2979/1392/2454 2978/1391/2454
f 2980/1393/2455 2977/1390/2455 2976/1389/2455
f 2977/1390/2455 2980/1393/2455 2981/1394/2455
f 2982/1395/2456 2976/1389/2456 2978/1391/2456
f 2976/1389/2456 2982/1395/2456 2980/1393/2456
f 2983/1396/2457 2978/1391/2457 2979/1392/2457
f 2978/1391/2457 2983/1396/2457 2982/1395/2457
f 2981/1394/2458 2985/1397/2458 2984/1398/2458
f 2985/1397/2458 2981/1394/2458 2980/1393/2458
f 2985/1397/2459 2982/1395/2459 2986/1399/2459
f 2982/1395/2459 2985/1397/2459 2980/1393/2459
f 2986/1399/2460 2983/1396/2460 2987/1400/2460
f 2983/1396/2460 2986/1399/2460 2982/1395/2460
f 2988/1401/2461 2990/1402/2461 2989/1403/2461
f 2990/1402/2462 2988/1401/2462 2991/1404/2462
f 2992/1405/2463 2991/1404/2463 2988/1401/2463
f 2991/1404/2463 2992/1405/2463 2993/1406/2463
f 2994/1407/2464 2993/1406/2464 2992/1405/2464
f 2993/1406/2465 2994/1407/2465 2995/1408/2465
f 2996/1409/2466 2989/1403/2466 2997/1410/2466
f 2989/1403/2467 2996/1409/2467 2988/1401/2467
f 2998/1411/2468 2988/1401/2468 2996/1409/2468
f 2988/1401/2468 2998/1411/2468 2992/1405/2468
f 2999/1412/2469 2992/1405/2469 2998/1411/2469
f 2992/1405/2470 2999/1412/2470 2994/1407/2470
f 3000/1413/2471 2997/1410/2471 3001/1414/2471
f 2997/1410/2472 3000/1413/2472 2996/1409/2472
f 3002/1415/2473 2996/1409/2473 3000/1413/2473
f 2996/1409/2473 3002/1415/2473 2998/1411/2473
f 3003/1416/2474 2998/1411/2474 3002/1415/2474
f 2998/1411/2475 3003/1416/2475 2999/1412/2475
f 3004/1417/2476 3001/1414/2476 3005/1418/2476
f 3001/1414/2477 3004/1417/2477 3000/1413/2477
f 3006/1419/2478 3000/1413/2478 3004/1417/2478
f 3000/1413/2478 3006/1419/2478 3002/1415/2478
f 3007/1420/2479 3002/1415/2479 3006/1419/2479
f 3002/1415/2480 3007/1420/2480 3003/1416/2480
f 3008/1421/2481 3005/1418/2481 3009/1422/2481
f 3005/1418/2482 3008/1421/2482 3004/1417/2482
f 3010/1423/2483 3004/1417/2483 3008/1421/2483
f 3004/1417/2483 3010/1423/2483 3006/1419/2483
f 3011/1424/2484 3006/1419/2484 3010/1423/2484
f 3006/1419/2485 3011/1424/2485 3007/1420/2485
f 3012/1425/2486 3009/1422/2486 3013/1426/2486
f 3009/1422/2487 3012/1425/2487 3008/1421/2487
f 3014/1427/2488 3008/1421/2488 3012/1425/2488
f 3008/1421/2488 3014/1427/2488 3010/1423/2488
f 3015/1428/2489 3010/1423/2489 3014/1427/2489
f 3010/1423/2489 3015/1428/2489 3011/1424/2489
f 3016/1429/2490 3013/1426/2490 3017/1430/2490
f 3013/1426/2491 3016/1429/2491 3012/1425/2491
f 3018/1431/2492 3012/1425/2492 3016/1429/2492
f 3012/1425/2492 3018/1431/2492 3014/1427/2492
f 3019/1432/2493 3014/1427/2493 3018/1431/2493
f 3014/1427/2494 3019/1432/2494 3015/1428/2494
f 3020/1433/2495 3017/1430/2495 3021/1434/2495
f 3017/1430/2496 3020/1433/2496 3016/1429/2496
f 3022/1435/2497 3016/1429/2497 3020/1433/2497
f 3016/1429/2497 3022/1435/2497 3018/1431/2497
f 3023/1436/2498 3018/1431/2498 3022/1435/2498
f 3018/1431/2498 3023/1436/2498 3019/1432/2498
f 3024/1437/2499 3021/1434/2499 3025/1438/2499
f 3021/1434/2499 3024/1437/2499 3020/1433/2499
f 3026/1439/2500 3020/1433/2500 3024/1437/2500
f 3020/1433/2500 3026/1439/2500 3022/1435/2500
f 3027/1440/2501 3022/1435/2501 3026/1439/2501
f 3022/1435/2501 3027/1440/2501 3023/1436/2501
f 3028/1441/2502 3025/1438/2502 3029/1442/2502
f 3025/1438/2503 3028/1441/2503 3024/1437/2503
f 3030/1443/2504 3024/1437/2504 3028/1441/2504
f 3024/1437/2504 3030/1443/2504 3026/1439/2504
f 3031/1444/2505 3026/1439/2505 3030/1443/2505
f 3026/1439/2506 3031/1444/2506 3027/1440/2506
f 3032/1445/2507 3029/1442/2507 3033/1446/2507
f 3029/1442/2507 3032/1445/2507 3028/1441/2507
f 3034/1447/2508 3028/1441/2508 3032/1445/2508
f 3028/1441/2508 3034/1447/2508 3030/1443/2508
f 3035/1448/2509 3030/1443/2509 3034/1447/2509
f 3030/1443/2509 3035/1448/2509 3031/1444/2509
f 3036/1449/2510 3033/1446/2510 3037/1450/2510
f 3033/1446/2510 3036/1449/2510 3032/1445/2510
f 3038/1451/2511 3032/1445/2511 3036/1449/2511
f 3032/1445/2511 3038/1451/2511 3034/1447/2511
f 3039/1452/2512 3034/1447/2512 3038/1451/2512
f 3034/1447/2512 3039/1452/2512 3035/1448/2512
f 3040/1453/2513 3037/1450/2513 3041/1454/2513
f 3037/1450/2513 3040/1453/2513 3036/1449/2513
f 3042/1455/2514 3036/1449/2514 3040/1453/2514
f 3036/1449/2514 3042/1455/2514 3038/1451/2514
f 3043/1456/2515 3038/1451/2515 3042/1455/2515
f 3038/1451/2515 3043/1456/2515 3039/1452/2515
f 3041/1454/2516 2985/1397/2516 3040/1453/2516
f 2985/1397/2516 3041/1454/2516 2984/1398/2516
f 2985/1397/2517 3042/1455/2517 3040/1453/2517
f 3042/1455/2517 2985/1397/2517 2986/1399/2517
f 2986/1399/2518 3043/1456/2518 3042/1455/2518
f 3043/1456/2518 2986/1399/2518 2987/1400/2518
f 3044/1457/2519 3046/1458/2519 3045/1459/2519
f 3046/1458/2520 3044/1457/2520 3047/1460/2520
f 3048/1461/2521 3050/1462/2521 3049/1463/2521
f 3050/1462/2522 3048/1461/2522 3051/1464/2522
f 3048/1461/2523 3052/1465/2523 3051/1464/2523
f 3052/1465/2524 3048/1461/2524 3053/1466/2524
f 3052/1465/2525 3055/1467/2525 3054/1468/2525
f 3055/1467/2526 3052/1465/2526 3053/1466/2526
f 3046/1458/2527 3057/1469/2527 3056/1470/2527
f 3057/1469/2528 3046/1458/2528 3047/1460/2528
f 3049/1463/2529 3058/1471/2529 3048/1461/2529
f 3058/1471/2530 3049/1463/2530 3059/1472/2530
f 3048/1461/2531 3060/1473/2531 3053/1466/2531
f 3060/1473/2532 3048/1461/2532 3058/1471/2532
f 3055/1467/2533 3060/1473/2533 3061/1474/2533
f 3060/1473/2534 3055/1467/2534 3053/1466/2534
f 3062/1475/2535 3064/1476/2535 3063/1477/2535
f 3064/1476/2536 3062/1475/2536 3065/1478/2536
f 3064/1476/2537 3066/1479/2537 3063/1477/2537
f 3066/1479/2538 3064/1476/2538 3067/1480/2538
f 3066/1479/2539 3069/1481/2539 3068/1482/2539
f 3069/1481/2540 3066/1479/2540 3067/1480/2540
f 3070/1483/2541 3069/1481/2541 3071/1484/2541
f 3069/1481/2542 3070/1483/2542 3068/1482/2542
f 3065/1478/2543 3072/1485/2543 3064/1476/2543
f 3072/1485/2544 3065/1478/2544 3073/1486/2544
f 3064/1476/2545 3074/1487/2545 3067/1480/2545
f 3074/1487/2546 3064/1476/2546 3072/1485/2546
f 3067/1480/2547 3075/1488/2547 3069/1481/2547
f 3075/1488/2548 3067/1480/2548 3074/1487/2548
f 3071/1484/2549 3075/1488/2549 3076/1489/2549
f 3075/1488/2550 3071/1484/2550 3069/1481/2550
f 3077/1490/2551 3079/1491/2551 3078/1492/2551
f 3079/1491/2552 3077/1490/2552 3080/1493/2552
f 3081/1494/2553 3083/1495/2553 3082/1496/2553
f 3083/1495/2554 3081/1494/2554 3084/1497/2554
f 3082/1496/2555 3086/1498/2555 3085/1499/2555
f 3086/1498/2556 3082/1496/2556 3083/1495/2556
f 3086/1498/2557 3044/1457/2557 3085/1499/2557
f 3044/1457/2558 3086/1498/2558 3047/1460/2558
f 3079/1491/2559 3088/1500/2559 3087/1501/2559
f 3088/1500/2560 3079/1491/2560 3080/1493/2560
f 3084/1497/2561 3089/1502/2561 3083/1495/2561
f 3089/1502/2562 3084/1497/2562 3090/1503/2562
f 3083/1495/2563 3091/1504/2563 3086/1498/2563
f 3091/1504/2564 3083/1495/2564 3089/1502/2564
f 3086/1498/2565 3057/1469/2565 3047/1460/2565
f 3057/1469/2566 3086/1498/2566 3091/1504/2566
f 3046/1458/2567 3050/1462/2567 3045/1459/2567
f 3050/1462/2568 3046/1458/2568 3049/1463/2568
f 3055/1467/2569 3062/1475/2569 3054/1468/2569
f 3062/1475/2570 3055/1467/2570 3065/1478/2570
f 3049/1463/2571 3056/1470/2571 3059/1472/2571
f 3056/1470/2572 3049/1463/2572 3046/1458/2572
f 3065/1478/2573 3061/1474/2573 3073/1486/2573
f 3061/1474/2574 3065/1478/2574 3055/1467/2574
f 3092/1505/2575 3071/1484/2575 3093/1506/2575
f 3071/1484/2576 3092/1505/2576 3070/1483/2576
f 3093/1506/2577 3076/1489/2577 3094/1507/2577
f 3076/1489/2578 3093/1506/2578 3071/1484/2578
f 3078/1492/2579 3084/1497/2579 3081/1494/2579
f 3084/1497/2580 3078/1492/2580 3079/1491/2580
f 3084/1497/2581 3087/1501/2581 3090/1503/2581
f 3087/1501/2582 3084/1497/2582 3079/1491/2582
f 3093/1506/2583 3095/1508/2583 3092/1505/2583
f 3095/1508/2584 3093/1506/2584 3096/1509/2584
f 3094/1507/2585 3096/1509/2585 3093/1506/2585
f 3096/1509/2586 3094/1507/2586 3097/1510/2586
f 3077/1490/2587 3098/1511/2587 3080/1493/2587
f 3098/1511/2588 3077/1490/2588 3099/1512/2588
f 3080/1493/2589 3100/1513/2589 3088/1500/2589
f 3100/1513/2590 3080/1493/2590 3098/1511/2590
f 3101/1514/2591 3103/1515/2591 3102/1516/2591
f 3103/1515/2592 3101/1514/2592 3104/1517/2592
f 3105/1518/2593 3101/1514/2593 3106/1519/2593
f 3101/1514/2594 3105/1518/2594 3104/1517/2594
f 3107/1520/2595 3109/1521/2595 3108/1522/2595
f 3109/1521/2596 3107/1520/2596 3110/1523/2596
f 3111/1524/2597 3107/1520/2597 3108/1522/2597
f 3107/1520/2598 3111/1524/2598 3112/1525/2598
f 3105/1518/2599 3106/1519/2599 3113/1526/2599
f 3114/1527/2600 3116/1528/2600 3115/1529/2600
f 3117/1530/2601 3102/1516/2601 3118/1531/2601
f 3102/1516/2602 3117/1530/2602 3101/1514/2602
f 3119/1532/2603 3101/1514/2603 3117/1530/2603
f 3101/1514/2604 3119/1532/2604 3106/1519/2604
f 3120/1533/2605 3109/1521/2605 3121/1534/2605
f 3109/1521/2606 3120/1533/2606 3108/1522/2606
f 3122/1535/2607 3108/1522/2607 3120/1533/2607
f 3108/1522/2608 3122/1535/2608 3111/1524/2608
f 3123/1528/2609 3119/1532/2609 3124/1536/2609
f 3119/1532/2610 3123/1528/2610 3106/1519/2610
f 3121/1534/2611 3126/1528/2611 3125/1536/2611
f 3126/1528/2612 3121/1534/2612 3109/1521/2612
f 3113/1526/2613 3106/1519/2613 3123/1528/2613
f 3127/1529/2614 3109/1521/2614 3110/1523/2614
f 3104/1517/2615 3128/1537/2615 3103/1515/2615
f 3104/1517/2616 3129/1538/2616 3128/1537/2616
f 3104/1517/2617 3130/1539/2617 3129/1538/2617
f 3105/1518/2618 3130/1539/2618 3104/1517/2618
f 3130/1539/2619 3105/1518/2619 3131/1540/2619
f 3107/1520/2620 3132/1541/2620 3110/1523/2620
f 3132/1541/2621 3107/1520/2621 3133/1542/2621
f 3112/1525/2622 3133/1542/2622 3107/1520/2622
f 3133/1542/2623 3112/1525/2623 3134/1543/2623
f 3102/1516/2624 3135/1544/2624 3118/1531/2624
f 3135/1544/2625 3102/1516/2625 3136/1545/2625
f 3111/1524/2626 3134/1543/2626 3112/1525/2626
f 3134/1543/2627 3111/1524/2627 3137/1546/2627
f 3113/1526/2628 3131/1540/2628 3105/1518/2628
f 3131/1540/2629 3113/1526/2629 3138/1547/2629
f 3127/1529/2630 3140/1548/2630 3139/1527/2630
f 3140/1548/2631 3127/1529/2631 3141/1549/2631
f 3103/1515/2632 3136/1545/2632 3102/1516/2632
f 3136/1545/2632 3103/1515/2632 3128/1537/2632
f 3122/1535/2633 3137/1546/2633 3111/1524/2633
f 3137/1546/2633 3122/1535/2633 3142/1550/2633
f 3143/1527/2634 3138/1547/2634 3113/1526/2634
f 3138/1547/2635 3143/1527/2635 3144/1548/2635
f 3110/1523/2636 3141/1549/2636 3127/1529/2636
f 3141/1549/2637 3110/1523/2637 3132/1541/2637
f 3130/1539/2638 3145/1551/2638 3129/1538/2638
f 3134/1543/2639 3146/1552/2639 3133/1542/2639
f 3147/1545/2640 3149/1553/2640 3148/1544/2640
f 3149/1553/2641 3147/1545/2641 3150/1554/2641
f 3151/1537/2642 3150/1554/2642 3147/1545/2642
f 3152/1538/2643 3153/1555/2643 3151/1537/2643
f 3127/1529/2644 3126/1528/2644 3109/1521/2644
f 3113/1526/2645 3123/1528/2645 3143/1527/2645
f 3153/1555/2646 3150/1554/2646 3151/1537/2646
f 3150/1554/2647 3153/1555/2647 3154/1556/2647
f 3155/1557/2648 3150/1554/2648 3156/1558/2648
f 3150/1554/2649 3155/1557/2649 3149/1553/2649
f 3157/1559/2650 3150/1554/2650 3154/1556/2650
f 3150/1554/2651 3157/1559/2651 3156/1558/2651
f 3153/1555/2652 3158/1560/2652 3154/1556/2652
f 3158/1560/2653 3153/1555/2653 3159/1561/2653
f 3160/1551/2654 3153/1555/2654 3152/1538/2654
f 3153/1555/2655 3160/1551/2655 3159/1561/2655
f 3154/1556/2656 3161/1562/2656 3157/1559/2656
f 3154/1556/2657 3162/1563/2657 3161/1562/2657
f 3154/1556/2658 3158/1560/2658 3162/1563/2658
f 3163/1558/2659 3165/1564/2659 3164/1557/2659
f 3165/1564/2660 3163/1558/2660 3166/1565/2660
f 3166/1565/2661 3167/1566/2661 3165/1564/2661
f 3167/1566/2662 3166/1565/2662 3168/1567/2662
f 3168/1567/2663 3169/1568/2663 3167/1566/2663
f 3169/1568/2664 3168/1567/2664 3170/1569/2664
f 3163/1558/2665 3171/1570/2665 3166/1565/2665
f 3171/1570/2666 3163/1558/2666 3172/1571/2666
f 3166/1565/2667 3173/1572/2667 3168/1567/2667
f 3173/1572/2668 3166/1565/2668 3171/1570/2668
f 3174/1573/2669 3170/1569/2669 3168/1567/2669
f 3170/1569/2670 3174/1573/2670 3175/1574/2670
f 3168/1567/2671 3173/1572/2671 3174/1573/2671
f 3157/1559/2672 3176/1571/2672 3156/1558/2672
f 3157/1559/2673 3161/1562/2673 3176/1571/2673
f 3177/1575/2674 3173/1572/2674 3178/1576/2674
f 3173/1572/2675 3177/1575/2675 3174/1573/2675
f 3174/1573/2676 3179/1577/2676 3175/1574/2676
f 3179/1577/2677 3174/1573/2677 3177/1575/2677
f 3173/1572/2678 3172/1571/2678 3180/1562/2678
f 3172/1571/2679 3173/1572/2679 3171/1570/2679
f 3160/1551/2680 3181/1578/2680 3159/1561/2680
f 3177/1575/2681 3182/1579/2681 3179/1577/2681
f 3180/1562/2682 3178/1576/2682 3173/1572/2682
f 3178/1576/2683 3180/1562/2683 3183/1563/2683
f 3184/1569/2684 3186/1580/2684 3185/1568/2684
f 3186/1580/2685 3184/1569/2685 3187/1581/2685
f 3188/1574/2686 3187/1581/2686 3184/1569/2686
f 3187/1581/2687 3188/1574/2687 3189/1582/2687
f 3190/1577/2688 3191/1583/2688 3188/1574/2688
f 3188/1574/2689 3192/1584/2689 3189/1582/2689
f 3192/1584/2690 3188/1574/2690 3191/1583/2690
f 3187/1581/2691 3193/1585/2691 3186/1580/2691
f 3193/1585/2692 3187/1581/2692 3194/1586/2692
f 3192/1584/2693 3187/1581/2693 3189/1582/2693
f 3187/1581/2694 3192/1584/2694 3194/1586/2694
f 3191/1583/2695 3195/1587/2695 3192/1584/2695
f 3195/1587/2696 3191/1583/2696 3196/1588/2696
f 3192/1584/2697 3195/1587/2697 3194/1586/2697
f 3196/1588/2698 3197/1589/2698 3195/1587/2698
f 3197/1589/2699 3196/1588/2699 3198/1590/2699
f 3194/1586/2700 3199/1591/2700 3193/1585/2700
f 3199/1591/2701 3194/1586/2701 3200/1592/2701
f 3195/1587/2702 3200/1592/2702 3194/1586/2702
f 3200/1592/2703 3195/1587/2703 3197/1589/2703
f 3200/1592/2704 3201/1593/2704 3199/1591/2704
f 3201/1593/2705 3200/1592/2705 3202/1594/2705
f 3197/1589/2706 3202/1594/2706 3200/1592/2706
f 3202/1594/2707 3197/1589/2707 3198/1590/2707
f 3203/1543/2708 3205/1595/2708 3204/1596/2708
f 3205/1595/2709 3203/1543/2709 3206/1546/2709
f 3207/1550/2710 3208/1597/2710 3205/1595/2710
f 3208/1597/2711 3207/1550/2711 3209/1598/2711
f 3208/1597/2712 3211/1599/2712 3210/1600/2712
f 3211/1599/2713 3208/1597/2713 3212/1601/2713
f 3209/1598/2714 3212/1601/2714 3208/1597/2714
f 3212/1601/2715 3209/1598/2715 3213/1602/2715
f 3204/1596/2716 3208/1597/2716 3210/1600/2716
f 3208/1597/2717 3204/1596/2717 3205/1595/2717
f 3207/1550/2718 3205/1595/2718 3206/1546/2718
f 3204/1596/2719 3214/1552/2719 3203/1543/2719
f 3211/1599/2720 3215/1603/2720 3210/1600/2720
f 3211/1599/2721 3216/1604/2721 3215/1603/2721
f 3211/1599/2722 3217/1605/2722 3216/1604/2722
f 3210/1600/2723 3214/1552/2723 3204/1596/2723
f 3214/1552/2724 3210/1600/2724 3215/1603/2724
f 3212/1601/2725 3217/1605/2725 3211/1599/2725
f 3217/1605/2726 3212/1601/2726 3218/1606/2726
f 3213/1602/2727 3218/1606/2727 3212/1601/2727
f 3218/1606/2727 3213/1602/2727 3219/1607/2727
f 3220/1606/2728 3222/1608/2728 3221/1605/2728
f 3222/1608/2729 3220/1606/2729 3223/1609/2729
f 3224/1607/2730 3223/1609/2730 3220/1606/2730
f 3223/1609/2731 3224/1607/2731 3225/1610/2731
f 3221/1605/2732 3227/1611/2732 3226/1604/2732
f 3222/1608/2733 3227/1611/2733 3221/1605/2733
f 3227/1611/2734 3222/1608/2734 3228/1612/2734
f 3228/1612/2735 3229/1613/2735 3227/1611/2735
f 3229/1613/2736 3228/1612/2736 3230/1614/2736
f 3223/1609/2737 3228/1612/2737 3222/1608/2737
f 3228/1612/2738 3223/1609/2738 3231/1615/2738
f 3225/1610/2739 3231/1615/2739 3223/1609/2739
f 3231/1615/2740 3225/1610/2740 3232/1616/2740
f 3233/1617/2741 3230/1614/2741 3231/1615/2741
f 3230/1614/2742 3233/1617/2742 3234/1618/2742
f 3232/1616/2743 3233/1617/2743 3231/1615/2743
f 3233/1617/2744 3232/1616/2744 3235/1619/2744
f 3231/1615/2745 3230/1614/2745 3228/1612/2745
f 3236/1620/2746 3233/1617/2746 3237/1621/2746
f 3233/1617/2747 3236/1620/2747 3234/1618/2747
f 3235/1619/2748 3237/1621/2748 3233/1617/2748
f 3237/1621/2749 3235/1619/2749 3238/1622/2749
f 3234/1618/2750 3229/1613/2750 3230/1614/2750
f 3229/1613/2751 3234/1618/2751 3236/1620/2751
f 3239/1622/2752 3241/1623/2752 3240/1621/2752
f 3241/1623/2753 3239/1622/2753 3242/1624/2753
f 3243/1620/2754 3240/1621/2754 3244/1625/2754
f 3240/1621/2755 3245/1626/2755 3244/1625/2755
f 3245/1626/2756 3240/1621/2756 3241/1623/2756
f 3245/1626/2757 3241/1623/2757 3246/1627/2757
f 3242/1624/2758 3247/1628/2758 3241/1623/2758
f 3247/1628/2759 3242/1624/2759 3248/1629/2759
f 3247/1628/2760 3246/1627/2760 3241/1623/2760
f 3246/1627/2761 3247/1628/2761 3249/1630/2761
f 3245/1626/2762 3243/1620/2762 3244/1625/2762
f 3243/1620/2763 3245/1626/2763 3250/1631/2763
f 3246/1627/2764 3250/1631/2764 3245/1626/2764
f 3250/1631/2765 3246/1627/2765 3251/1632/2765
f 3249/1630/2766 3251/1632/2766 3246/1627/2766
f 3251/1632/2767 3249/1630/2767 3252/1633/2767
f 3248/1629/2768 3253/1634/2768 3247/1628/2768
f 3253/1634/2769 3248/1629/2769 3254/1635/2769
f 3247/1628/2770 3252/1633/2770 3249/1630/2770
f 3252/1633/2771 3247/1628/2771 3253/1634/2771
f 3250/1631/2772 3255/1636/2772 3243/1620/2772
f 3255/1636/2773 3250/1631/2773 3256/1637/2773
f 3251/1632/2774 3256/1637/2774 3250/1631/2774
f 3236/1620/2775 3257/1636/2775 3229/1613/2775
f 3256/1637/2776 3258/1638/2776 3255/1636/2776
f 3216/1604/2777 3259/1639/2777 3215/1603/2777
f 3215/1603/2778 3260/1640/2778 3214/1552/2778
f 3260/1640/2779 3261/1641/2779 3214/1552/2779
f 3158/1560/2780 3262/1642/2780 3162/1563/2780
f 3131/1540/2781 3263/1578/2781 3130/1539/2781
f 3263/1578/2782 3131/1540/2782 3264/1643/2782
f 3138/1547/2783 3264/1643/2783 3131/1540/2783
f 3144/1548/2784 3264/1643/2784 3138/1547/2784
f 3130/1539/2785 3263/1578/2785 3145/1551/2785
f 3265/1644/2786 3267/1645/2786 3266/1646/2786
f 3268/1647/2787 3270/1648/2787 3269/1649/2787
f 3270/1648/2788 3271/1650/2788 3269/1649/2788
f 3271/1650/2789 3270/1648/2789 3272/1651/2789
f 3271/1650/2790 3272/1651/2790 3273/1652/2790
f 3273/1652/2791 3272/1651/2791 3202/1594/2791
f 3267/1645/2792 3274/1653/2792 3266/1646/2792
f 3274/1653/2793 3267/1645/2793 3275/1654/2793
f 3274/1653/2794 3275/1654/2794 3276/1648/2794
f 3277/1655/2795 3279/1656/2795 3278/1657/2795
f 3280/1658/2796 3282/1659/2796 3281/1660/2796
f 3281/1660/2797 3279/1656/2797 3277/1655/2797
f 3279/1656/2798 3281/1660/2798 3282/1659/2798
f 3146/1552/2799 3283/1641/2799 3133/1542/2799
f 3133/1542/2800 3284/1661/2800 3132/1541/2800
f 3284/1661/2801 3133/1542/2801 3283/1641/2801
f 3141/1549/2802 3284/1661/2802 3140/1548/2802
f 3132/1541/2803 3284/1661/2803 3141/1549/2803
f 3285/1662/2804 3287/1663/2804 3286/1664/2804
f 3287/1663/2805 3285/1662/2805 3253/1634/2805
f 3286/1664/2806 3289/1665/2806 3288/1666/2806
f 3289/1665/2807 3286/1664/2807 3287/1663/2807
f 3288/1666/2808 3289/1665/2808 3290/1659/2808
f 3272/1651/2809 3201/1593/2809 3202/1594/2809
f 3201/1593/2810 3272/1651/2810 3291/1667/2810
f 3270/1648/2811 3291/1667/2811 3272/1651/2811
f 3291/1667/2812 3270/1648/2812 3292/1668/2812
f 3267/1645/2813 3293/1669/2813 3275/1654/2813
f 3293/1669/2814 3267/1645/2814 3294/1670/2814
f 3275/1654/2815 3295/1668/2815 3276/1648/2815
f 3295/1668/2816 3275/1654/2816 3293/1669/2816
f 3282/1659/2817 3296/1671/2817 3279/1656/2817
f 3296/1671/2818 3282/1659/2818 3297/1672/2818
f 3253/1634/2819 3298/1673/2819 3287/1663/2819
f 3298/1673/2820 3253/1634/2820 3254/1635/2820
f 3287/1663/2821 3299/1674/2821 3289/1665/2821
f 3299/1674/2821 3287/1663/2821 3298/1673/2821
f 3289/1665/2822 3300/1672/2822 3290/1659/2822
f 3300/1672/2823 3289/1665/2823 3299/1674/2823
f 3096/1509/2824 3301/1675/2824 3095/1508/2824
f 3301/1675/2825 3096/1509/2825 3302/1676/2825
f 3097/1510/2826 3302/1676/2826 3096/1509/2826
f 3302/1676/2827 3097/1510/2827 3303/1677/2827
f 3099/1512/2828 3304/1678/2828 3098/1511/2828
f 3304/1678/2829 3099/1512/2829 3305/1679/2829
f 3098/1511/2830 3306/1680/2830 3100/1513/2830
f 3306/1680/2831 3098/1511/2831 3304/1678/2831
f 3302/1676/2832 3307/1681/2832 3301/1675/2832
f 3307/1681/2833 3302/1676/2833 3308/1682/2833
f 3303/1677/2834 3308/1682/2834 3302/1676/2834
f 3308/1682/2835 3303/1677/2835 3309/1683/2835
f 3305/1679/2836 3310/1684/2836 3304/1678/2836
f 3310/1684/2837 3305/1679/2837 3311/1685/2837
f 3304/1678/2838 3312/1686/2838 3306/1680/2838
f 3312/1686/2839 3304/1678/2839 3310/1684/2839
f 3313/1687/2840 3315/1688/2840 3314/1689/2840
f 3315/1688/2841 3313/1687/2841 3316/1690/2841
f 3317/1691/2842 3319/1692/2842 3318/1693/2842
f 3319/1692/2843 3317/1691/2843 3320/1694/2843
f 3317/1691/2844 3322/1695/2844 3321/1696/2844
f 3322/1695/2845 3317/1691/2845 3318/1693/2845
f 3322/1695/2846 3323/1697/2846 3321/1696/2846
f 3323/1697/2847 3322/1695/2847 3324/1698/2847
f 3315/1688/2848 3325/1699/2848 3314/1689/2848
f 3325/1699/2849 3315/1688/2849 3326/1700/2849
f 3320/1694/2850 3328/1701/2850 3327/1702/2850
f 3328/1701/2851 3320/1694/2851 3317/1691/2851
f 3317/1691/2852 3329/1703/2852 3328/1701/2852
f 3329/1703/2853 3317/1691/2853 3321/1696/2853
f 3323/1697/2854 3329/1703/2854 3321/1696/2854
f 3329/1703/2855 3323/1697/2855 3330/1704/2855
f 3331/1705/2856 3333/1706/2856 3332/1707/2856
f 3333/1706/2857 3331/1705/2857 3334/1708/2857
f 3333/1706/2858 3336/1709/2858 3335/1710/2858
f 3336/1709/2859 3333/1706/2859 3334/1708/2859
f 3336/1709/2860 3337/1711/2860 3335/1710/2860
f 3337/1711/2861 3336/1709/2861 3338/1712/2861
f 3339/1713/2862 3337/1711/2862 3338/1712/2862
f 3337/1711/2863 3339/1713/2863 3340/1714/2863
f 3332/1707/2864 3342/1715/2864 3341/1716/2864
f 3342/1715/2865 3332/1707/2865 3333/1706/2865
f 3333/1706/2866 3343/1717/2866 3342/1715/2866
f 3343/1717/2867 3333/1706/2867 3335/1710/2867
f 3335/1710/2868 3344/1718/2868 3343/1717/2868
f 3344/1718/2869 3335/1710/2869 3337/1711/2869
f 3340/1714/2870 3344/1718/2870 3337/1711/2870
f 3344/1718/2871 3340/1714/2871 3345/1719/2871
f 3346/1720/2872 3348/1721/2872 3347/1722/2872
f 3348/1721/2873 3346/1720/2873 3349/1723/2873
f 3350/1724/2874 3352/1725/2874 3351/1726/2874
f 3352/1725/2875 3350/1724/2875 3353/1727/2875
f 3353/1727/2876 3354/1728/2876 3352/1725/2876
f 3354/1728/2877 3353/1727/2877 3355/1729/2877
f 3354/1728/2878 3313/1687/2878 3314/1689/2878
f 3313/1687/2879 3354/1728/2879 3355/1729/2879
f 3348/1721/2880 3356/1730/2880 3347/1722/2880
f 3356/1730/2881 3348/1721/2881 3357/1731/2881
f 3351/1726/2882 3359/1732/2882 3358/1733/2882
f 3359/1732/2883 3351/1726/2883 3352/1725/2883
f 3352/1725/2884 3360/1734/2884 3359/1732/2884
f 3360/1734/2885 3352/1725/2885 3354/1728/2885
f 3354/1728/2886 3325/1699/2886 3360/1734/2886
f 3325/1699/2887 3354/1728/2887 3314/1689/2887
f 3315/1688/2888 3319/1692/2888 3320/1694/2888
f 3319/1692/2889 3315/1688/2889 3316/1690/2889
f 3323/1697/2890 3331/1705/2890 3332/1707/2890
f 3331/1705/2891 3323/1697/2891 3324/1698/2891
f 3320/1694/2892 3326/1700/2892 3315/1688/2892
f 3326/1700/2893 3320/1694/2893 3327/1702/2893
f 3332/1707/2894 3330/1704/2894 3323/1697/2894
f 3330/1704/2895 3332/1707/2895 3341/1716/2895
f 3361/1735/2896 3340/1714/2896 3339/1713/2896
f 3340/1714/2897 3361/1735/2897 3362/1736/2897
f 3362/1736/2898 3345/1719/2898 3340/1714/2898
f 3345/1719/2899 3362/1736/2899 3363/1737/2899
f 3349/1723/2900 3351/1726/2900 3348/1721/2900
f 3351/1726/2901 3349/1723/2901 3350/1724/2901
f 3351/1726/2902 3357/1731/2902 3348/1721/2902
f 3357/1731/2903 3351/1726/2903 3358/1733/2903
f 3362/1736/2904 3365/1738/2904 3364/1739/2904
f 3365/1738/2905 3362/1736/2905 3361/1735/2905
f 3363/1737/2906 3364/1739/2906 3366/1740/2906
f 3364/1739/2907 3363/1737/2907 3362/1736/2907
f 3346/1720/2908 3368/1741/2908 3367/1742/2908
f 3368/1741/2909 3346/1720/2909 3347/1722/2909
f 3347/1722/2910 3369/1743/2910 3368/1741/2910
f 3369/1743/2911 3347/1722/2911 3356/1730/2911
f 3370/1744/2912 3372/1745/2912 3371/1746/2912
f 3372/1745/2913 3370/1744/2913 3373/1747/2913
f 3373/1747/2914 3375/1748/2914 3374/1749/2914
f 3375/1748/2915 3370/1744/2915 3376/1750/2915
f 3370/1744/2916 3375/1748/2916 3373/1747/2916
f 3372/1745/2917 3378/1751/2917 3377/1752/2917
f 3378/1751/2918 3372/1745/2918 3373/1747/2918
f 3378/1751/2919 3374/1749/2919 3379/1753/2919
f 3374/1749/2920 3378/1751/2920 3373/1747/2920
f 3375/1748/2921 3381/1754/2921 3380/1755/2921
f 3381/1754/2922 3375/1748/2922 3376/1750/2922
f 3374/1749/2923 3380/1755/2923 3382/1756/2923
f 3380/1755/2923 3374/1749/2923 3375/1748/2923
f 3379/1753/2924 3382/1756/2924 3383/1757/2924
f 3382/1756/2925 3379/1753/2925 3374/1749/2925
f 3370/1744/2926 3385/1758/2926 3384/1759/2926
f 3385/1758/2927 3370/1744/2927 3371/1746/2927
f 3370/1744/2928 3384/1759/2928 3376/1750/2928
f 3386/1759/2929 3388/1760/2929 3387/1761/2929
f 3388/1760/2929 3386/1759/2929 3389/1758/2929
f 3381/1754/2930 3384/1759/2930 3390/1762/2930
f 3384/1759/2931 3381/1754/2931 3376/1750/2931
f 3391/1763/2932 3387/1761/2932 3388/1760/2932
f 3387/1761/2933 3391/1763/2933 3392/1764/2933
f 3386/1759/2934 3394/1765/2934 3393/1762/2934
f 3386/1759/2935 3395/1766/2935 3394/1765/2935
f 3395/1766/2936 3386/1759/2936 3387/1761/2936
f 3387/1761/2937 3396/1767/2937 3395/1766/2937
f 3396/1767/2938 3392/1764/2938 3397/1768/2938
f 3392/1764/2939 3396/1767/2939 3387/1761/2939
f 3394/1765/2940 3398/1769/2940 3393/1762/2940
f 3398/1769/2941 3394/1765/2941 3395/1766/2941
f 3395/1766/2942 3399/1770/2942 3398/1769/2942
f 3399/1770/2943 3395/1766/2943 3396/1767/2943
f 3396/1767/2944 3400/1771/2944 3399/1770/2944
f 3400/1771/2945 3396/1767/2945 3397/1768/2945
f 3377/1752/2946 3402/1772/2946 3401/1773/2946
f 3402/1772/2947 3377/1752/2947 3378/1751/2947
f 3378/1751/2948 3403/1774/2948 3402/1772/2948
f 3403/1774/2949 3378/1751/2949 3379/1753/2949
f 3379/1753/2950 3404/1775/2950 3403/1774/2950
f 3404/1775/2951 3379/1753/2951 3383/1757/2951
f 3405/1773/2952 3407/1776/2952 3406/1777/2952
f 3408/1772/2953 3410/1778/2953 3409/1779/2953
f 3410/1778/2954 3408/1772/2954 3411/1774/2954
f 3411/1774/2955 3412/1775/2955 3410/1778/2955
f 3410/1778/2956 3414/1780/2956 3413/1781/2956
f 3414/1780/2957 3410/1778/2957 3412/1775/2957
f 3406/1777/2958 3416/1782/2958 3415/1783/2958
f 3416/1782/2959 3407/1776/2959 3409/1779/2959
f 3406/1777/2960 3407/1776/2960 3416/1782/2960
f 3405/1773/2961 3409/1779/2961 3407/1776/2961
f 3409/1779/2962 3405/1773/2962 3408/1772/2962
f 3415/1783/2963 3418/1784/2963 3417/1785/2963
f 3418/1784/2964 3415/1783/2964 3416/1782/2964
f 3416/1782/2965 3410/1778/2965 3413/1781/2965
f 3410/1778/2966 3416/1782/2966 3409/1779/2966
f 3413/1781/2967 3420/1786/2967 3419/1787/2967
f 3420/1786/2967 3413/1781/2967 3414/1780/2967
f 3413/1781/2968 3419/1787/2968 3416/1782/2968
f 3418/1784/2969 3419/1787/2969 3421/1788/2969
f 3419/1787/2970 3418/1784/2970 3416/1782/2970
f 3422/1789/2971 3419/1787/2971 3420/1786/2971
f 3419/1787/2972 3422/1789/2972 3423/1790/2972
f 3417/1785/2973 3425/1791/2973 3424/1792/2973
f 3425/1791/2974 3417/1785/2974 3418/1784/2974
f 3418/1784/2975 3426/1793/2975 3425/1791/2975
f 3426/1793/2976 3418/1784/2976 3421/1788/2976
f 3421/1788/2977 3423/1790/2977 3426/1793/2977
f 3423/1790/2972 3421/1788/2972 3419/1787/2972
f 3427/1790/2978 3429/1789/2978 3428/1794/2978
f 3430/1793/2979 3427/1790/2979 3428/1794/2979
f 3431/1792/2980 3433/1795/2980 3432/1796/2980
f 3433/1795/2981 3431/1792/2981 3434/1791/2981
f 3428/1794/2982 3436/1797/2982 3435/1798/2982
f 3436/1797/2983 3428/1794/2983 3429/1789/2983
f 3434/1791/2984 3437/1799/2984 3433/1795/2984
f 3437/1799/2985 3434/1791/2985 3430/1793/2985
f 3430/1793/2986 3435/1798/2986 3437/1799/2986
f 3435/1798/2987 3430/1793/2987 3428/1794/2987
f 3438/1800/2988 3433/1795/2988 3439/1801/2988
f 3433/1795/2989 3438/1800/2989 3432/1796/2989
f 3435/1798/2990 3441/1802/2990 3440/1803/2990
f 3441/1802/2990 3435/1798/2990 3436/1797/2990
f 3439/1801/2991 3437/1799/2991 3442/1804/2991
f 3437/1799/2992 3439/1801/2992 3433/1795/2992
f 3435/1798/2993 3440/1803/2993 3437/1799/2993
f 3442/1804/2994 3440/1803/2994 3443/1805/2994
f 3440/1803/2995 3442/1804/2995 3437/1799/2995
f 3443/1805/2996 3445/1806/2996 3444/1807/2996
f 3443/1805/2997 3444/1807/2997 3442/1804/2997
f 3446/1800/2998 3448/1808/2998 3447/1809/2998
f 3448/1808/2999 3446/1800/2999 3449/1801/2999
f 3449/1801/3000 3450/1810/3000 3448/1808/3000
f 3450/1810/3001 3449/1801/3001 3451/1804/3001
f 3447/1809/3002 3453/1811/3002 3452/1812/3002
f 3453/1811/3003 3447/1809/3003 3448/1808/3003
f 3448/1808/3004 3454/1813/3004 3453/1811/3004
f 3454/1813/3005 3448/1808/3005 3450/1810/3005
f 3450/1810/3006 3456/1807/3006 3455/1814/3006
f 3456/1807/3007 3450/1810/3007 3451/1804/3007
f 3455/1814/3008 3458/1815/3008 3457/1816/3008
f 3458/1815/3009 3455/1814/3009 3456/1807/3009
f 3457/1816/3010 3450/1810/3010 3455/1814/3010
f 3450/1810/3011 3457/1816/3011 3454/1813/3011
f 3459/1817/3012 3453/1811/3012 3460/1818/3012
f 3453/1811/3013 3459/1817/3013 3452/1812/3013
f 3460/1818/3014 3454/1813/3014 3461/1819/3014
f 3454/1813/3015 3460/1818/3015 3453/1811/3015
f 3457/1816/3016 3463/1820/3016 3462/1821/3016
f 3463/1820/3016 3457/1816/3016 3458/1815/3016
f 3462/1821/3017 3461/1819/3017 3454/1813/3017
f 3461/1819/3018 3462/1821/3018 3464/1822/3018
f 3454/1813/3019 3457/1816/3019 3462/1821/3019
f 3440/1803/3020 3445/1806/3020 3443/1805/3020
f 3445/1806/3021 3440/1803/3021 3441/1802/3021
f 3465/1807/3022 3467/1806/3022 3466/1815/3022
f 3445/1806/3023 3469/1823/3023 3468/1824/3023
f 3469/1823/3024 3445/1806/3024 3441/1802/3024
f 3414/1780/3025 3471/1825/3025 3470/1826/3025
f 3471/1825/3025 3414/1780/3025 3412/1775/3025
f 3420/1786/3026 3470/1826/3026 3472/1827/3026
f 3470/1826/3027 3420/1786/3027 3414/1780/3027
f 3420/1786/3028 3472/1827/3028 3422/1789/3028
f 3429/1789/3029 3473/1827/3029 3436/1797/3029
f 3474/1828/3030 3476/1829/3030 3475/1830/3030
f 3476/1829/3031 3474/1828/3031 3477/1831/3031
f 3477/1831/3032 3478/1832/3032 3476/1829/3032
f 3459/1817/3033 3480/1833/3033 3479/1834/3033
f 3480/1833/3034 3459/1817/3034 3460/1818/3034
f 3460/1818/3035 3481/1835/3035 3480/1833/3035
f 3481/1835/3036 3460/1818/3036 3461/1819/3036
f 3464/1822/3037 3463/1820/3037 3482/1836/3037
f 3463/1820/3038 3464/1822/3038 3462/1821/3038
f 3461/1819/3039 3482/1836/3039 3481/1835/3039
f 3482/1836/3040 3461/1819/3040 3464/1822/3040
f 3483/1837/3041 3475/1830/3041 3481/1835/3041
f 3475/1830/3042 3483/1837/3042 3474/1828/3042
f 3475/1830/3043 3485/1838/3043 3484/1839/3043
f 3485/1838/3044 3475/1830/3044 3476/1829/3044
f 3481/1835/3045 3484/1839/3045 3480/1833/3045
f 3484/1839/3046 3481/1835/3046 3475/1830/3046
f 3468/1824/3047 3469/1823/3047 3486/1840/3047
f 3487/1841/3048 3489/1842/3048 3488/1843/3048
f 3489/1842/3049 3487/1841/3049 3490/1844/3049
f 3491/1845/3050 3488/1843/3050 3492/1838/3050
f 3488/1843/3051 3491/1845/3051 3487/1841/3051
f 3490/1844/3052 3493/1846/3052 3489/1842/3052
f 3493/1846/3053 3490/1844/3053 3494/1847/3053
f 3484/1839/3054 3496/1843/3054 3495/1848/3054
f 3496/1843/3055 3484/1839/3055 3485/1838/3055
f 3480/1833/3056 3495/1848/3056 3479/1834/3056
f 3495/1848/3057 3480/1833/3057 3484/1839/3057
f 3399/1770/3058 3498/1849/3058 3497/1850/3058
f 3498/1849/3059 3399/1770/3059 3400/1771/3059
f 3499/1764/3060 3501/1851/3060 3500/1852/3060
f 3501/1851/3061 3499/1764/3061 3502/1763/3061
f 3503/1768/3062 3500/1852/3062 3504/1853/3062
f 3500/1852/3063 3503/1768/3063 3499/1764/3063
f 3505/1771/3064 3503/1768/3064 3506/1854/3064
f 3503/1768/3065 3507/1855/3065 3506/1854/3065
f 3507/1855/3066 3503/1768/3066 3504/1853/3066
f 3500/1852/3067 3509/1856/3067 3508/1857/3067
f 3509/1856/3068 3500/1852/3068 3501/1851/3068
f 3504/1853/3069 3508/1857/3069 3507/1855/3069
f 3508/1857/3070 3504/1853/3070 3500/1852/3070
f 3508/1857/3071 3511/1858/3071 3510/1859/3071
f 3511/1858/3072 3508/1857/3072 3509/1856/3072
f 3508/1857/3073 3513/1860/3073 3512/1861/3073
f 3513/1860/3074 3508/1857/3074 3510/1859/3074
f 3508/1857/3075 3512/1861/3075 3507/1855/3075
f 3506/1854/3076 3512/1861/3076 3514/1862/3076
f 3512/1861/3077 3506/1854/3077 3507/1855/3077
f 3514/1862/3078 3516/1863/3078 3515/1864/3078
f 3514/1862/3079 3513/1860/3079 3516/1863/3079
f 3514/1862/3080 3512/1861/3080 3513/1860/3080
f 3510/1859/3081 3518/1865/3081 3517/1866/3081
f 3518/1865/3082 3510/1859/3082 3511/1858/3082
f 3513/1860/3083 3517/1866/3083 3516/1863/3083
f 3517/1866/3084 3513/1860/3084 3510/1859/3084
f 3519/1866/3085 3521/1867/3085 3520/1868/3085
f 3521/1867/3086 3519/1866/3086 3522/1869/3086
f 3523/1865/3087 3522/1869/3087 3519/1866/3087
f 3522/1869/3088 3523/1865/3088 3524/1870/3088
f 3522/1869/3089 3526/1871/3089 3525/1872/3089
f 3526/1871/3090 3522/1869/3090 3524/1870/3090
f 3527/1873/3091 3525/1872/3091 3528/1874/3091
f 3525/1872/3092 3527/1873/3092 3522/1869/3092
f 3522/1869/3093 3527/1873/3093 3521/1867/3093
f 3520/1868/3094 3529/1863/3094 3519/1866/3094
f 3529/1863/3095 3520/1868/3095 3530/1864/3095
f 3530/1864/3096 3521/1867/3096 3531/1875/3096
f 3521/1867/3097 3530/1864/3097 3520/1868/3097
f 3527/1873/3098 3533/1876/3098 3532/1877/3098
f 3527/1873/3099 3534/1878/3099 3533/1876/3099
f 3527/1873/3100 3528/1874/3100 3534/1878/3100
f 3521/1867/3101 3532/1877/3101 3531/1875/3101
f 3532/1877/3102 3521/1867/3102 3527/1873/3102
f 3528/1874/3103 3525/1872/3103 3534/1878/3103
f 3535/1872/3104 3537/1879/3104 3536/1880/3104
f 3537/1879/3105 3535/1872/3105 3538/1871/3105
f 3539/1878/3106 3536/1880/3106 3540/1881/3106
f 3536/1880/3107 3539/1878/3107 3535/1872/3107
f 3541/1876/3108 3539/1878/3108 3542/1882/3108
f 3539/1878/3109 3543/1883/3109 3542/1882/3109
f 3543/1883/3110 3539/1878/3110 3540/1881/3110
f 3536/1880/3111 3545/1884/3111 3544/1885/3111
f 3545/1884/3112 3536/1880/3112 3537/1879/3112
f 3543/1883/3113 3536/1880/3113 3544/1885/3113
f 3536/1880/3114 3543/1883/3114 3540/1881/3114
f 3544/1885/3115 3547/1886/3115 3546/1887/3115
f 3547/1886/3116 3544/1885/3116 3545/1884/3116
f 3543/1883/3117 3544/1885/3117 3548/1888/3117
f 3546/1887/3118 3548/1888/3118 3544/1885/3118
f 3548/1888/3119 3546/1887/3119 3549/1889/3119
f 3543/1883/3120 3550/1890/3120 3542/1882/3120
f 3550/1890/3121 3543/1883/3121 3548/1888/3121
f 3546/1887/3122 3552/1891/3122 3551/1892/3122
f 3552/1891/3123 3546/1887/3123 3547/1886/3123
f 3549/1889/3124 3551/1892/3124 3553/1893/3124
f 3551/1892/3125 3549/1889/3125 3546/1887/3125
f 3548/1888/3126 3553/1893/3126 3550/1890/3126
f 3553/1893/3127 3548/1888/3127 3549/1889/3127
f 3554/1894/3128 3556/1895/3128 3555/1896/3128
f 3551/1892/3129 3557/1897/3129 3556/1895/3129
f 3557/1897/3130 3551/1892/3130 3552/1891/3130
f 3558/1898/3131 3551/1892/3131 3556/1895/3131
f 3551/1892/3132 3558/1898/3132 3559/1899/3132
f 3554/1894/3133 3558/1898/3133 3556/1895/3133
f 3555/1896/3134 3560/1900/3134 3554/1894/3134
f 3532/1877/3135 3562/1901/3135 3561/1902/3135
f 3562/1901/3136 3532/1877/3136 3533/1876/3136
f 3563/1903/3137 3556/1895/3137 3557/1897/3137
f 3556/1895/3138 3563/1903/3138 3555/1896/3138
f 3564/1896/3139 3566/1904/3139 3565/1905/3139
f 3566/1904/3140 3564/1896/3140 3567/1903/3140
f 3567/1903/3141 3568/1906/3141 3566/1904/3141
f 3563/1903/3142 3557/1897/3142 3569/1906/3142
f 3570/1907/3143 3566/1904/3143 3571/1908/3143
f 3566/1904/3144 3570/1907/3144 3565/1905/3144
f 3566/1904/3145 3572/1909/3145 3571/1908/3145
f 3572/1909/3146 3566/1904/3146 3568/1906/3146
f 3570/1907/3147 3571/1908/3147 3573/1910/3147
f 3571/1908/3148 3575/1911/3148 3574/1912/3148
f 3575/1911/3149 3571/1908/3149 3572/1909/3149
f 3574/1912/3150 3573/1910/3150 3571/1908/3150
f 3573/1910/3151 3574/1912/3151 3576/1913/3151
f 3531/1875/3152 3577/1914/3152 3530/1864/3152
f 3578/1915/3153 3514/1862/3153 3515/1864/3153
f 3506/1854/3154 3578/1915/3154 3579/1849/3154
f 3578/1915/3155 3506/1854/3155 3514/1862/3155
f 3579/1849/3156 3505/1771/3156 3506/1854/3156
f 3580/1739/3157 3582/1916/3157 3581/1917/3157
f 3582/1916/3157 3580/1739/3157 3583/1738/3157
f 3584/1740/3158 3581/1917/3158 3585/1918/3158
f 3581/1917/3158 3584/1740/3158 3580/1739/3158
f 3586/1742/3159 3588/1919/3159 3587/1920/3159
f 3588/1919/3160 3586/1742/3160 3589/1741/3160
f 3589/1741/3161 3590/1921/3161 3588/1919/3161
f 3590/1921/3161 3589/1741/3161 3591/1743/3161
f 3581/1917/3162 3593/1922/3162 3592/1923/3162
f 3593/1922/3163 3581/1917/3163 3582/1916/3163
f 3585/1918/3164 3592/1923/3164 3594/1924/3164
f 3592/1923/3165 3585/1918/3165 3581/1917/3165
f 3587/1920/3166 3596/1925/3166 3595/1926/3166
f 3596/1925/3167 3587/1920/3167 3588/1919/3167
f 3588/1919/3168 3597/1927/3168 3596/1925/3168
f 3597/1927/3169 3588/1919/3169 3590/1921/3169
o mc_001_alarm_0_1_mesh1
v -0.155086 0.144537 -0.127775
v -0.183202 0.145713 -0.079115
v -0.188978 0.173731 -0.082575
v -0.162618 0.172203 -0.131306
v -0.143668 0.144798 0.121448
v -0.096894 0.141207 0.141656
v -0.098165 0.166647 0.152074
v -0.139397 0.172394 0.132623
v -0.115657 0.094959 0.077914
v -0.080491 0.094735 0.092397
v -0.092209 0.115767 0.122806
v -0.133529 0.116215 0.105482
v -0.100053 0.076072 -0.050862
v -0.094261 0.062804 -0.049846
v -0.101621 0.062858 -0.022150
v -0.107625 0.076170 -0.022956
v -0.055197 0.075767 -0.081790
v -0.053869 0.062740 -0.073969
v -0.078617 0.062750 -0.067255
v -0.082932 0.075795 -0.071369
v -0.013956 0.073157 -0.053609
v -0.019304 0.062510 -0.048846
v -0.033918 0.062731 -0.067542
v -0.031599 0.074970 -0.075958
v -0.005681 0.070964 -0.022373
v -0.014069 0.072658 0.014914
v -0.022194 0.062525 0.004912
v -0.013172 0.062289 -0.022314
v -0.061743 0.075555 0.040696
v -0.057898 0.062874 0.027820
v -0.036663 0.062760 0.023244
v -0.032159 0.074745 0.036119
v -0.106516 0.075664 0.011812
v -0.101199 0.062922 0.006419
v -0.084985 0.062987 0.023987
v -0.089669 0.075589 0.034087
v -0.092737 0.049853 -0.049069
v -0.100245 0.050448 -0.022096
v -0.054010 0.049405 -0.073207
v -0.078311 0.049258 -0.066068
v -0.022172 0.049845 -0.048234
v -0.034689 0.049552 -0.066931
v -0.026058 0.051817 0.002572
v -0.017921 0.050139 -0.022438
v -0.057364 0.053263 0.025635
v -0.037829 0.052773 0.020576
v -0.098825 0.051890 0.004755
v -0.083851 0.052910 0.021286
v -0.095823 0.083855 -0.080889
v -0.113233 0.083855 -0.054777
v -0.071520 0.083855 0.066789
v -0.098427 0.083855 0.049589
v -0.076138 0.027609 -0.061869
v -0.059074 0.029325 -0.022577
v -0.087873 0.028228 -0.045752
v -0.023827 0.028964 -0.022684
v -0.030518 0.030296 0.000752
v -0.059074 0.029325 -0.022577
v -0.127652 0.199144 0.130317
v -0.154918 0.200808 0.100705
v -0.169561 0.173120 0.103244
v -0.091205 0.038314 -0.047713
v -0.078189 0.037177 -0.065033
v -0.036320 0.027313 -0.063850
v -0.055048 0.027430 -0.069501
v -0.054152 0.037480 -0.072445
v -0.035022 0.037783 -0.067305
v -0.023827 0.028964 -0.022684
v -0.025748 0.027973 -0.046156
v -0.022693 0.038592 -0.048050
v -0.020327 0.039400 -0.022148
v -0.040972 0.031869 0.017282
v -0.027111 0.041625 0.001955
v -0.039040 0.042679 0.018579
v -0.083846 0.042629 0.021757
v -0.082721 0.032747 0.019948
v -0.058501 0.032779 0.026311
v -0.057975 0.043546 0.027512
v -0.099184 0.039450 -0.022143
v -0.095072 0.029331 -0.022108
v -0.093893 0.031381 0.002924
v -0.097626 0.041509 0.004510
v 0.000000 0.077013 0.037431
v 0.000000 0.083855 0.074365
v -0.035861 0.083855 0.072741
v -0.052655 0.226440 0.170775
v 0.000000 0.224793 0.176012
v 0.000000 0.249426 0.178788
v -0.052836 0.250661 0.171962
v -0.043825 0.115319 0.131174
v 0.000000 0.114709 0.133010
v 0.000000 0.136981 0.153527
v -0.046511 0.138927 0.151557
v 0.000000 0.094206 0.103490
v -0.039843 0.094511 0.099968
v 0.000000 0.073907 0.014997
v -0.176536 0.118517 -0.029694
v -0.177144 0.118169 0.000567
v -0.195510 0.146594 0.002942
v -0.196165 0.146888 -0.031436
v -0.005681 0.070964 -0.022373
v 0.000000 0.073941 -0.053329
v 0.000000 0.073081 -0.022377
v -0.107625 0.076170 -0.022956
v -0.101621 0.062858 -0.022150
v -0.100245 0.050448 -0.022096
v -0.116474 0.083855 0.019907
v -0.142080 0.095534 0.040291
v -0.169015 0.117366 0.060181
v -0.154784 0.117295 0.086103
v -0.168211 0.146025 0.099452
v -0.186019 0.146739 0.071713
v -0.141835 0.116871 -0.118818
v -0.107149 0.142345 -0.171325
v -0.097126 0.115424 -0.158236
v -0.138235 0.241749 -0.151475
v -0.140037 0.275018 -0.154031
v -0.113801 0.271257 -0.184678
v -0.112733 0.240925 -0.183505
v -0.057338 0.239443 -0.206740
v -0.057531 0.269634 -0.207449
v 0.000000 0.269617 -0.212012
v 0.000000 0.237962 -0.211971
v -0.047758 0.114431 -0.171095
v -0.051857 0.140927 -0.189755
v 0.000000 0.140149 -0.193383
v 0.000000 0.114720 -0.171873
v -0.056461 0.167422 -0.201175
v -0.057056 0.198031 -0.205120
v 0.000000 0.196341 -0.210382
v 0.000000 0.165577 -0.204915
v -0.051031 0.195440 0.167479
v 0.000000 0.193740 0.172540
v -0.140394 0.095698 -0.063184
v -0.120902 0.095287 -0.101562
v -0.080298 0.094563 -0.130314
v -0.095178 0.322068 0.150842
v -0.133943 0.323961 0.124186
v -0.132766 0.288076 0.126582
v -0.096150 0.278533 0.158005
v 0.000000 0.296577 0.179682
v -0.026042 0.297271 0.176918
v -0.053017 0.274883 0.173148
v 0.000000 0.274059 0.178726
v -0.050957 0.322128 0.168112
v -0.065264 0.083855 -0.101167
v -0.042340 0.094067 -0.137237
v -0.035931 0.083855 -0.105258
v -0.111508 0.169267 -0.178520
v -0.112412 0.199722 -0.181538
v -0.059074 0.029325 -0.022577
v -0.049197 0.162536 0.162972
v -0.098351 0.197878 0.154934
v -0.097412 0.230782 0.156131
v -0.096781 0.254657 0.157068
v -0.020327 0.039400 -0.022148
v 0.000000 0.073081 -0.022377
v -0.017921 0.050139 -0.022438
v -0.176536 0.118517 -0.029694
v -0.196165 0.146888 -0.031436
v -0.167895 0.117694 -0.073013
v -0.013172 0.062289 -0.022314
v -0.118297 0.083855 -0.024029
v -0.095072 0.029331 -0.022108
v -0.202983 0.174976 -0.032890
v -0.194915 0.202760 -0.033861
v -0.181981 0.202970 -0.081026
v -0.099184 0.039450 -0.022143
v 0.000000 0.077080 -0.075819
v -0.146141 0.096110 -0.026317
v -0.059074 0.029325 -0.022577
v 0.000000 0.093571 -0.139413
v 0.000000 0.159254 0.163363
v -0.189429 0.173846 0.073639
v -0.198563 0.173908 0.036230
v -0.194006 0.146740 0.034571
v -0.118297 0.083855 -0.024029
v -0.174803 0.117720 0.029039
v -0.146141 0.096110 -0.026317
v -0.146440 0.095903 -0.004955
v -0.201614 0.174523 0.005024
v -0.202983 0.174976 -0.032890
v -0.057723 0.298550 -0.208159
v -0.056390 0.330400 -0.199688
v 0.000000 0.329593 -0.207333
v 0.000000 0.298863 -0.212054
v -0.114054 0.300502 -0.184575
v -0.111853 0.330309 -0.177827
v -0.156206 0.202086 -0.125244
v -0.188594 0.201858 0.037506
v -0.177284 0.201521 0.070055
v -0.194615 0.202263 0.006648
v -0.194915 0.202760 -0.033861
v -0.130310 0.234904 0.129266
v -0.131463 0.261490 0.127810
v -0.136363 0.202794 -0.146974
v -0.140957 0.303876 -0.155820
v -0.140935 0.330416 -0.155472
v -0.144679 0.095719 0.018129
v -0.130344 0.088899 0.012391
v -0.131053 0.089391 -0.007610
v -0.125522 0.282272 0.141689
v -0.110104 0.272222 0.149920
v -0.099788 0.308311 0.158442
v -0.112759 0.313275 0.149128
v -0.143410 0.295275 0.127276
v -0.131559 0.321928 0.134563
v -0.164097 0.308317 0.109218
v -0.153210 0.334906 0.115418
v -0.181501 0.320165 0.087676
v -0.171595 0.347862 0.093325
v -0.193111 0.328826 0.065210
v -0.186703 0.357215 0.069808
v -0.201272 0.333548 0.041960
v -0.195844 0.362603 0.045062
v -0.201851 0.335836 0.017182
v -0.200690 0.365451 0.019038
v -0.201495 0.335351 -0.009629
v -0.202101 0.365980 -0.008412
v -0.201581 0.333730 -0.036480
v -0.201508 0.364592 -0.038033
v -0.195051 0.330880 -0.066327
v -0.195403 0.361378 -0.070008
v -0.186507 0.324707 -0.098730
v -0.183945 0.355319 -0.104166
v -0.168506 0.316008 -0.130753
v -0.163699 0.346331 -0.137282
v -0.150625 0.305700 -0.160217
v -0.144047 0.337180 -0.167707
v -0.132704 0.295386 -0.180271
v -0.123069 0.328017 -0.186755
v -0.117247 0.285677 -0.193154
v -0.103725 0.321295 -0.200115
v 0.000000 0.083855 -0.106386
v 0.155086 0.144537 -0.127775
v 0.162618 0.172203 -0.131306
v 0.188978 0.173731 -0.082575
v 0.183201 0.145713 -0.079115
v 0.143668 0.144798 0.121448
v 0.139397 0.172394 0.132623
v 0.098165 0.166647 0.152074
v 0.096894 0.141207 0.141656
v 0.115657 0.094959 0.077914
v 0.133529 0.116215 0.105482
v 0.092209 0.115767 0.122806
v 0.080491 0.094735 0.092397
v 0.100053 0.076072 -0.050862
v 0.107625 0.076170 -0.022956
v 0.101621 0.062858 -0.022150
v 0.094261 0.062804 -0.049846
v 0.055197 0.075767 -0.081790
v 0.082932 0.075795 -0.071369
v 0.078617 0.062750 -0.067255
v 0.053869 0.062741 -0.073969
v 0.013956 0.073157 -0.053609
v 0.031599 0.074970 -0.075958
v 0.033918 0.062731 -0.067542
v 0.019304 0.062510 -0.048846
v 0.005681 0.070964 -0.022373
v 0.013172 0.062289 -0.022314
v 0.022194 0.062525 0.004912
v 0.014069 0.072658 0.014914
v 0.061743 0.075555 0.040696
v 0.032159 0.074745 0.036119
v 0.036663 0.062761 0.023244
v 0.057898 0.062874 0.027820
v 0.106516 0.075664 0.011812
v 0.089669 0.075589 0.034087
v 0.084985 0.062987 0.023987
v 0.101199 0.062922 0.006418
v 0.100245 0.050448 -0.022096
v 0.092737 0.049853 -0.049069
v 0.078311 0.049258 -0.066068
v 0.054010 0.049405 -0.073207
v 0.034689 0.049552 -0.066931
v 0.022172 0.049845 -0.048234
v 0.017921 0.050139 -0.022438
v 0.026058 0.051817 0.002572
v 0.037829 0.052773 0.020576
v 0.057364 0.053263 0.025635
v 0.083851 0.052910 0.021286
v 0.098825 0.051890 0.004755
v 0.095823 0.083855 -0.080889
v 0.113233 0.083855 -0.054777
v 0.098427 0.083855 0.049589
v 0.071520 0.083855 0.066789
v 0.076138 0.027609 -0.061869
v 0.087873 0.028228 -0.045752
v 0.059074 0.029325 -0.022577
v 0.023827 0.028964 -0.022684
v 0.059074 0.029325 -0.022577
v 0.030518 0.030296 0.000752
v 0.169561 0.173120 0.103244
v 0.154918 0.200808 0.100705
v 0.127652 0.199144 0.130317
v 0.078189 0.037177 -0.065033
v 0.091205 0.038314 -0.047714
v 0.036320 0.027313 -0.063850
v 0.035022 0.037783 -0.067305
v 0.054152 0.037480 -0.072445
v 0.055048 0.027430 -0.069501
v 0.023827 0.028964 -0.022684
v 0.020327 0.039400 -0.022148
v 0.022693 0.038592 -0.048050
v 0.025748 0.027973 -0.046156
v 0.040972 0.031869 0.017282
v 0.039040 0.042679 0.018579
v 0.027111 0.041625 0.001955
v 0.083846 0.042629 0.021757
v 0.057975 0.043546 0.027512
v 0.058501 0.032779 0.026311
v 0.082721 0.032747 0.019948
v 0.099184 0.039451 -0.022143
v 0.097626 0.041509 0.004510
v 0.093893 0.031381 0.002923
v 0.095072 0.029331 -0.022108
v 0.035861 0.083855 0.072741
v 0.052655 0.226440 0.170775
v 0.052836 0.250661 0.171962
v 0.043825 0.115319 0.131174
v 0.046511 0.138927 0.151557
v 0.039843 0.094511 0.099968
v 0.176536 0.118517 -0.029694
v 0.196165 0.146888 -0.031436
v 0.195510 0.146594 0.002942
v 0.177144 0.118169 0.000567
v 0.005681 0.070964 -0.022373
v 0.107625 0.076170 -0.022956
v 0.101621 0.062858 -0.022150
v 0.100245 0.050448 -0.022096
v 0.116474 0.083855 0.019907
v 0.142080 0.095534 0.040291
v 0.169015 0.117366 0.060180
v 0.186019 0.146739 0.071713
v 0.168212 0.146025 0.099452
v 0.154784 0.117295 0.086103
v 0.141835 0.116871 -0.118819
v 0.097125 0.115424 -0.158236
v 0.107148 0.142345 -0.171325
v 0.138235 0.241749 -0.151475
v 0.112733 0.240925 -0.183505
v 0.113801 0.271257 -0.184678
v 0.140037 0.275018 -0.154031
v 0.057338 0.239443 -0.206740
v 0.057531 0.269634 -0.207449
v 0.047758 0.114431 -0.171095
v 0.051857 0.140927 -0.189755
v 0.056461 0.167422 -0.201175
v 0.057056 0.198031 -0.205120
v 0.051031 0.195440 0.167479
v 0.120902 0.095287 -0.101562
v 0.140394 0.095698 -0.063184
v 0.080298 0.094563 -0.130314
v 0.095178 0.322068 0.150842
v 0.096150 0.278533 0.158005
v 0.132767 0.288076 0.126582
v 0.133943 0.323961 0.124186
v 0.053017 0.274883 0.173148
v 0.026042 0.297271 0.176918
v 0.050957 0.322128 0.168112
v 0.065264 0.083855 -0.101167
v 0.035931 0.083855 -0.105258
v 0.042340 0.094067 -0.137237
v 0.111508 0.169267 -0.178520
v 0.112412 0.199722 -0.181539
v 0.059074 0.029325 -0.022577
v 0.098351 0.197878 0.154934
v 0.049197 0.162536 0.162972
v 0.097412 0.230782 0.156131
v 0.096781 0.254657 0.157068
v 0.020327 0.039400 -0.022148
v 0.017921 0.050139 -0.022438
v 0.176536 0.118517 -0.029694
v 0.167895 0.117694 -0.073013
v 0.196165 0.146888 -0.031436
v 0.013172 0.062289 -0.022314
v 0.118297 0.083855 -0.024029
v 0.095072 0.029331 -0.022108
v 0.202983 0.174976 -0.032890
v 0.181981 0.202970 -0.081026
v 0.194914 0.202760 -0.033861
v 0.099184 0.039451 -0.022143
v 0.146141 0.096110 -0.026317
v 0.059074 0.029325 -0.022577
v 0.194006 0.146740 0.034571
v 0.198563 0.173908 0.036230
v 0.189429 0.173846 0.073639
v 0.118297 0.083855 -0.024029
v 0.174803 0.117720 0.029039
v 0.146440 0.095903 -0.004955
v 0.146141 0.096110 -0.026317
v 0.201614 0.174523 0.005023
v 0.202983 0.174976 -0.032890
v 0.057723 0.298550 -0.208159
v 0.056390 0.330400 -0.199688
v 0.114054 0.300502 -0.184575
v 0.111852 0.330309 -0.177827
v 0.156206 0.202086 -0.125244
v 0.188594 0.201858 0.037506
v 0.177284 0.201521 0.070055
v 0.194914 0.202760 -0.033861
v 0.194615 0.202263 0.006648
v 0.130310 0.234904 0.129266
v 0.131463 0.261490 0.127810
v 0.136363 0.202794 -0.146974
v 0.140935 0.330416 -0.155472
v 0.140957 0.303876 -0.155820
v 0.144679 0.095719 0.018129
v 0.131053 0.089391 -0.007610
v 0.130344 0.088899 0.012391
v 0.125522 0.282272 0.141689
v 0.112759 0.313275 0.149128
v 0.099788 0.308311 0.158442
v 0.110104 0.272222 0.149920
v 0.143411 0.295275 0.127276
v 0.131560 0.321928 0.134563
v 0.164097 0.308317 0.109218
v 0.153210 0.334906 0.115418
v 0.181501 0.320165 0.087676
v 0.171595 0.347862 0.093325
v 0.193111 0.328826 0.065210
v 0.186704 0.357215 0.069808
v 0.201272 0.333545 0.041969
v 0.195844 0.362689 0.044748
v 0.201851 0.335836 0.017182
v 0.200690 0.365451 0.019038
v 0.201495 0.335351 -0.009629
v 0.202101 0.365980 -0.008412
v 0.201581 0.333730 -0.036480
v 0.201789 0.364504 -0.037706
v 0.195051 0.330880 -0.066327
v 0.195403 0.361378 -0.070008
v 0.186507 0.324707 -0.098730
v 0.183945 0.355319 -0.104166
v 0.167939 0.316008 -0.130753
v 0.163132 0.346331 -0.137283
v 0.150624 0.305700 -0.160217
v 0.144047 0.337180 -0.167707
v 0.132703 0.295386 -0.180271
v 0.123069 0.328017 -0.186756
v 0.117247 0.285677 -0.193154
v 0.103725 0.321295 -0.200115
v 0.000000 0.320930 0.174854
v -0.025478 0.321529 0.171483
v 0.025478 0.321529 0.171483
vt 0.813760 0.843886
vt 0.851585 0.845514
vt 0.843020 0.828510
vt 0.822084 0.861170
vt 0.113901 0.836447
vt 0.142179 0.857474
vt 0.144582 0.840033
vt 0.113552 0.855802
vt 0.129891 0.793221
vt 0.147730 0.819968
vt 0.153378 0.796411
vt 0.121175 0.815881
vt 0.791035 0.771811
vt 0.801990 0.755977
vt 0.786294 0.763836
vt 0.806061 0.762226
vt 0.751777 0.777285
vt 0.770972 0.767406
vt 0.752543 0.766843
vt 0.773487 0.776766
vt 0.719755 0.759845
vt 0.737787 0.762635
vt 0.725004 0.753507
vt 0.733583 0.772291
vt 0.204599 0.724248
vt 0.189608 0.736703
vt 0.195682 0.745153
vt 0.200026 0.722795
vt 0.160665 0.761106
vt 0.177206 0.745733
vt 0.161755 0.749234
vt 0.182250 0.757015
vt 0.122421 0.752819
vt 0.142020 0.749786
vt 0.126675 0.744247
vt 0.139769 0.760519
vt 0.799927 0.749471
vt 0.784421 0.755972
vt 0.770782 0.758649
vt 0.754316 0.757777
vt 0.741520 0.754655
vt 0.729888 0.747085
vt 0.195144 0.718599
vt 0.185164 0.730952
vt 0.174473 0.739120
vt 0.161216 0.742539
vt 0.142889 0.743157
vt 0.129395 0.737793
vt 0.780162 0.787116
vt 0.798600 0.779278
vt 0.156772 0.778601
vt 0.136235 0.772584
vt 0.770745 0.745108
vt 0.781587 0.742622
vt 0.776305 0.720088
vt 0.186539 0.708839
vt 0.165044 0.700460
vt 0.177585 0.719734
vt 0.084788 0.865113
vt 0.111960 0.874742
vt 0.090251 0.845929
vt 0.783360 0.748891
vt 0.770949 0.751181
vt 0.746280 0.741863
vt 0.755908 0.749519
vt 0.757680 0.741842
vt 0.744429 0.748049
vt 0.729205 0.724985
vt 0.733328 0.741261
vt 0.737076 0.735772
vt 0.723264 0.729983
vt 0.169274 0.726458
vt 0.181922 0.725571
vt 0.172179 0.732824
vt 0.143514 0.737162
vt 0.158394 0.728709
vt 0.144032 0.731316
vt 0.159894 0.736094
vt 0.120786 0.720803
vt 0.134298 0.726391
vt 0.125615 0.715023
vt 0.131562 0.732121
vt 0.205790 0.780325
vt 0.205880 0.758326
vt 0.181285 0.779849
vt 0.170275 0.897679
vt 0.205116 0.913152
vt 0.205196 0.897535
vt 0.170041 0.913052
vt 0.178164 0.821109
vt 0.205513 0.839920
vt 0.205610 0.821027
vt 0.176480 0.840707
vt 0.205724 0.798909
vt 0.179844 0.797835
vt 0.205852 0.745637
vt 0.058309 0.764370
vt 0.053246 0.794424
vt 0.069381 0.778046
vt 0.039013 0.780321
vt 0.710959 0.742560
vt 0.709971 0.760195
vt 0.710231 0.742391
vt 0.107425 0.737802
vt 0.113639 0.732673
vt 0.117422 0.726867
vt 0.116958 0.761289
vt 0.105689 0.780039
vt 0.092987 0.801857
vt 0.096773 0.830012
vt 0.106347 0.810676
vt 0.081325 0.820997
vt 0.803670 0.825559
vt 0.776356 0.854404
vt 0.769596 0.835487
vt 0.814252 0.915884
vt 0.784334 0.936912
vt 0.808258 0.938154
vt 0.784263 0.917158
vt 0.744874 0.918759
vt 0.706418 0.937960
vt 0.744667 0.937788
vt 0.706818 0.918037
vt 0.738265 0.836160
vt 0.708072 0.855460
vt 0.740382 0.856306
vt 0.708482 0.834880
vt 0.743482 0.873958
vt 0.707342 0.891866
vt 0.744462 0.892777
vt 0.707728 0.872606
vt 0.171803 0.878050
vt 0.205306 0.877841
vt 0.792279 0.806168
vt 0.814134 0.793027
vt 0.761822 0.812576
vt 0.138523 0.959622
vt 0.110557 0.934446
vt 0.109857 0.959622
vt 0.140095 0.929640
vt 0.205021 0.943508
vt 0.169981 0.928615
vt 0.187719 0.943658
vt 0.205057 0.928907
vt 0.169998 0.959622
vt 0.755832 0.791773
vt 0.736787 0.811891
vt 0.734792 0.791189
vt 0.781014 0.871812
vt 0.783699 0.890665
vt 0.750420 0.713815
vt 0.174151 0.857151
vt 0.139294 0.877263
vt 0.139165 0.898411
vt 0.139604 0.914027
vt 0.191206 0.713974
vt 0.205871 0.724062
vt 0.719314 0.735552
vt 0.850168 0.793928
vt 0.867373 0.812396
vt 0.830681 0.810875
vt 0.714860 0.740455
vt 0.811903 0.766237
vt 0.794421 0.736163
vt 0.878346 0.830280
vt 0.860475 0.866247
vt 0.885991 0.851803
vt 0.797996 0.742811
vt 0.709718 0.772740
vt 0.829120 0.777045
vt 0.145906 0.701989
vt 0.708953 0.811226
vt 0.205429 0.855280
vt 0.055148 0.821615
vt 0.072375 0.835287
vt 0.065647 0.807170
vt 0.100009 0.741039
vt 0.080475 0.789697
vt 0.081309 0.750663
vt 0.088557 0.760824
vt 0.041521 0.809870
vt 0.024617 0.795382
vt 0.744354 0.956306
vt 0.705591 0.979317
vt 0.744098 0.975822
vt 0.706044 0.956690
vt 0.784116 0.955992
vt 0.784340 0.974431
vt 0.829478 0.878416
vt 0.044544 0.840491
vt 0.063100 0.854612
vt 0.030353 0.828770
vt 0.011270 0.813665
vt 0.111191 0.899282
vt 0.110601 0.916712
vt 0.810227 0.887895
vt 0.811924 0.957798
vt 0.806618 0.973734
vt 0.097455 0.770720
vt 0.105045 0.762662
vt 0.097558 0.753568
vt 0.047503 0.588029
vt 0.022785 0.602955
vt 0.050306 0.601796
vt 0.022064 0.591429
vt 0.043248 0.569521
vt 0.020967 0.573218
vt 0.039728 0.548130
vt 0.017751 0.550851
vt 0.036932 0.526965
vt 0.014731 0.528819
vt 0.034902 0.508866
vt 0.012783 0.508928
vt 0.034486 0.492146
vt 0.012191 0.491248
vt 0.034961 0.475816
vt 0.012509 0.473981
vt 0.036845 0.457684
vt 0.013694 0.456004
vt 0.039034 0.438888
vt 0.015956 0.436418
vt 0.042165 0.417755
vt 0.019343 0.414368
vt 0.047373 0.394609
vt 0.024574 0.389732
vt 0.054507 0.370368
vt 0.031811 0.364067
vt 0.062723 0.347001
vt 0.039206 0.339440
vt 0.070745 0.328649
vt 0.046036 0.319587
vt 0.076489 0.315471
vt 0.051952 0.304351
vt 0.709360 0.790772
vt 0.602931 0.839729
vt 0.565091 0.839859
vt 0.593934 0.856664
vt 0.574301 0.823214
vt 0.297158 0.837205
vt 0.268683 0.857989
vt 0.297344 0.856577
vt 0.266444 0.840520
vt 0.281551 0.793807
vt 0.263481 0.820410
vt 0.290066 0.816560
vt 0.258044 0.796779
vt 0.628485 0.768649
vt 0.618174 0.752357
vt 0.613857 0.758456
vt 0.633527 0.760863
vt 0.667504 0.775669
vt 0.648701 0.765036
vt 0.645833 0.774276
vt 0.667148 0.765233
vt 0.700193 0.759488
vt 0.682061 0.761589
vt 0.685886 0.771382
vt 0.695166 0.752936
vt 0.207184 0.724227
vt 0.222217 0.736720
vt 0.211841 0.722772
vt 0.216056 0.745143
vt 0.251045 0.761356
vt 0.234605 0.745814
vt 0.229498 0.757027
vt 0.250045 0.749461
vt 0.289372 0.753457
vt 0.269782 0.750216
vt 0.271948 0.760980
vt 0.285187 0.744838
vt 0.620510 0.745908
vt 0.635720 0.753056
vt 0.649231 0.756336
vt 0.665734 0.756150
vt 0.678641 0.753494
vt 0.690518 0.746317
vt 0.216798 0.718593
vt 0.226723 0.730998
vt 0.237387 0.739229
vt 0.250633 0.742763
vt 0.268963 0.743571
vt 0.282520 0.738353
vt 0.638751 0.784351
vt 0.620633 0.775797
vt 0.254797 0.778909
vt 0.275385 0.773093
vt 0.649859 0.742889
vt 0.645516 0.717597
vt 0.639176 0.739823
vt 0.225515 0.708881
vt 0.234403 0.719833
vt 0.247078 0.700644
vt 0.325470 0.865871
vt 0.320731 0.846897
vt 0.299225 0.876445
vt 0.637091 0.745990
vt 0.649363 0.748928
vt 0.674374 0.740560
vt 0.664476 0.747897
vt 0.675992 0.746807
vt 0.663023 0.740231
vt 0.691850 0.724178
vt 0.687280 0.740357
vt 0.697684 0.729398
vt 0.683696 0.734734
vt 0.242686 0.726611
vt 0.230019 0.725640
vt 0.239733 0.732954
vt 0.268388 0.737564
vt 0.253574 0.728938
vt 0.252008 0.736320
vt 0.267926 0.731711
vt 0.291303 0.721456
vt 0.277724 0.726897
vt 0.280403 0.732657
vt 0.286535 0.715625
vt 0.230288 0.779929
vt 0.240103 0.897947
vt 0.240165 0.913334
vt 0.233048 0.821296
vt 0.234538 0.840925
vt 0.231591 0.797967
vt 0.353401 0.765625
vt 0.358191 0.795725
vt 0.372552 0.781752
vt 0.342203 0.779200
vt 0.709527 0.742502
vt 0.304516 0.738589
vt 0.298341 0.733397
vt 0.294609 0.727553
vt 0.294769 0.761989
vt 0.305872 0.780853
vt 0.318379 0.802793
vt 0.314343 0.830919
vt 0.329872 0.822042
vt 0.304938 0.811489
vt 0.613736 0.821822
vt 0.639885 0.851718
vt 0.647391 0.833088
vt 0.604990 0.911568
vt 0.628605 0.933829
vt 0.629467 0.914095
vt 0.602762 0.934048
vt 0.668762 0.917255
vt 0.668207 0.936276
vt 0.678672 0.834992
vt 0.675753 0.855035
vt 0.671949 0.872548
vt 0.670215 0.891312
vt 0.238812 0.878307
vt 0.625886 0.802904
vt 0.604565 0.788912
vt 0.656069 0.810508
vt 0.271558 0.959622
vt 0.299788 0.934817
vt 0.269868 0.930202
vt 0.301846 0.959622
vt 0.240119 0.928924
vt 0.222325 0.943817
vt 0.239991 0.959622
vt 0.662879 0.789969
vt 0.681114 0.810804
vt 0.683930 0.790206
vt 0.634533 0.868926
vt 0.631091 0.887650
vt 0.670855 0.712435
vt 0.271358 0.877791
vt 0.236696 0.857392
vt 0.271181 0.898924
vt 0.270507 0.914542
vt 0.220796 0.713988
vt 0.701468 0.735144
vt 0.568518 0.788390
vt 0.587324 0.806086
vt 0.550585 0.806181
vt 0.705742 0.740236
vt 0.607862 0.762235
vt 0.626642 0.732795
vt 0.538912 0.823660
vt 0.557330 0.856810
vt 0.531309 0.840826
vt 0.622743 0.739297
vt 0.590226 0.772350
vt 0.266388 0.702366
vt 0.356047 0.822898
vt 0.345675 0.808358
vt 0.338700 0.836414
vt 0.311912 0.741904
vt 0.331002 0.790748
vt 0.330525 0.751706
vt 0.323183 0.761799
vt 0.369780 0.811278
vt 0.386814 0.796943
vt 0.667778 0.954790
vt 0.667275 0.976163
vt 0.628060 0.952902
vt 0.627254 0.973257
vt 0.584998 0.875067
vt 0.364776 0.840903
vt 0.346358 0.853828
vt 0.380470 0.826798
vt 0.398571 0.811322
vt 0.298931 0.900113
vt 0.299737 0.917887
vt 0.601818 0.885076
vt 0.604762 0.953581
vt 0.603619 0.970998
vt 0.314193 0.771612
vt 0.306675 0.763480
vt 0.314247 0.754458
vt 0.945857 0.446562
vt 0.969229 0.463508
vt 0.970928 0.452079
vt 0.941894 0.460046
vt 0.951672 0.428482
vt 0.973572 0.434018
vt 0.956984 0.407472
vt 0.978668 0.411980
vt 0.961515 0.386628
vt 0.983505 0.390242
vt 0.964979 0.368776
vt 0.987033 0.370533
vt 0.966667 0.352172
vt 0.988972 0.352910
vt 0.967371 0.335887
vt 0.989902 0.335625
vt 0.966727 0.317706
vt 0.989945 0.317571
vt 0.965754 0.298841
vt 0.988950 0.297845
vt 0.963926 0.277580
vt 0.986920 0.275603
vt 0.960096 0.254177
vt 0.983157 0.250686
vt 0.954393 0.229552
vt 0.977441 0.224642
vt 0.947589 0.205707
vt 0.971546 0.199635
vt 0.940729 0.186846
vt 0.965990 0.179424
vt 0.935844 0.173260
vt 0.961106 0.163872
vt 0.204987 0.959622
vt 0.187499 0.959622
vt 0.222501 0.959622
vn 0.844300 0.233600 0.482200
vn 0.846100 0.287600 0.448700
vn 0.392700 0.365300 -0.844000
vn 0.441300 0.277300 -0.853500
vn 0.211100 0.840100 -0.499700
vn 0.219700 0.836300 -0.502400
vn 0.884300 0.404000 0.234200
vn 0.880100 0.411300 0.237400
vn 0.224100 0.518300 0.825300
vn 0.325600 0.380700 0.865500
vn -0.650900 0.557500 0.515400
vn -0.655400 0.508300 0.558600
vn -0.670600 0.718800 -0.183500
vn -0.733900 0.632100 -0.248700
vn -0.150700 0.681500 -0.716200
vn -0.082300 0.743700 -0.663500
vn 0.630900 0.510500 -0.584200
vn 0.630200 0.614600 -0.474500
vn 0.956100 0.128300 0.263300
vn 0.960900 0.107700 0.255100
vn 0.281200 0.051800 0.958300
vn 0.260800 0.090500 0.961100
vn -0.813900 0.210500 0.541600
vn -0.785300 0.074400 0.614700
vn -0.871000 0.381800 -0.309000
vn -0.888200 0.350200 -0.297400
vn -0.240700 0.202400 -0.949200
vn -0.201100 0.274700 -0.940300
vn 0.709500 0.251900 -0.658200
vn 0.709900 0.255800 -0.656200
vn 0.351000 0.893200 0.281000
vn 0.424100 0.860400 0.282700
vn 0.067300 0.957800 -0.279500
vn 0.227100 0.906800 -0.355200
vn -0.004500 0.999100 -0.041700
vn 0.010100 0.998500 -0.053900
vn 0.678200 -0.353300 -0.644300
vn 0.635500 -0.396800 -0.662300
vn 0.761700 0.356800 0.540900
vn 0.761100 0.344800 0.549400
vn -0.274500 0.292800 0.915900
vn -0.249700 0.331200 0.909900
vn -0.955700 0.286700 0.066100
vn -0.946500 0.313500 0.076700
vn -0.794500 0.295300 -0.530600
vn -0.787900 0.210300 -0.578700
vn 0.248600 0.201700 -0.947400
vn 0.212800 0.098000 -0.972200
vn 0.924000 0.375200 -0.074200
vn 0.930900 0.355900 -0.081900
vn -0.061800 0.981400 -0.181800
vn 0.010900 0.970600 -0.240400
vn 0.101800 0.111400 -0.988500
vn 0.129100 0.049500 -0.990400
vn 0.040200 0.677000 -0.734900
vn 0.059300 0.656200 -0.752200
vn 0.015200 0.942200 -0.334800
vn 0.038900 0.932400 -0.359200
vn -0.086800 0.986800 -0.136600
vn -0.063400 0.986500 -0.151200
vn 0.840600 0.541200 0.023100
vn 0.822600 0.568500 -0.010800
vn -0.057600 0.994700 0.085100
vn -0.349100 0.936700 0.026000
vn 0.911800 0.410400 -0.014400
vn 0.919000 0.393500 -0.023600
vn 0.992200 0.109800 -0.058400
vn 0.977000 0.212500 -0.014900
vn 0.401300 0.882800 -0.244000
vn 0.430700 0.842700 -0.322900
vn 0.759100 0.199800 -0.619500
vn 0.764700 0.365000 -0.531100
vn 0.291400 0.937500 -0.190300
vn 0.289200 0.941000 -0.175800
vn 0.741300 0.534800 -0.405500
vn 0.696400 0.572900 -0.432300
vn 0.597800 0.491400 0.633300
vn 0.573900 0.520900 0.631900
vn 0.762000 0.090500 0.641200
vn 0.781900 0.051600 0.621200
vn 0.079100 0.023900 0.996600
vn 0.090900 0.001300 0.995900
vn 0.065500 0.581300 0.811000
vn 0.008500 0.645800 0.763500
vn 0.094900 0.129100 0.987100
vn 0.070800 0.174500 0.982100
vn 0.101800 0.110400 -0.988700
vn 0.101700 0.110500 -0.988700
vn 0.349900 0.921600 0.167800
vn 0.277300 0.942800 0.184900
vn 0.322400 0.841200 0.434100
vn 0.427800 0.780000 0.456600
vn 0.565000 -0.036500 -0.824300
vn 0.623500 -0.140500 -0.769100
vn 0.106500 0.039000 -0.993500
vn 0.105200 0.042200 -0.993600
vn 0.359300 -0.159300 -0.919500
vn 0.320500 -0.114200 -0.940300
vn -0.803200 0.118300 -0.583900
vn -0.814200 0.205100 -0.543200
vn 0.218400 -0.044600 -0.974800
vn 0.161400 -0.196900 -0.967000
vn 0.773700 0.104100 -0.624900
vn 0.741700 -0.030300 -0.670000
vn 0.993200 0.096100 -0.065500
vn 0.991500 0.115900 -0.058700
vn 0.375900 0.049000 0.925400
vn 0.387200 0.024100 0.921700
vn 0.284900 0.502800 0.816100
vn 0.215500 0.584300 0.782400
vn 0.069300 0.947400 0.312300
vn 0.041300 0.954200 0.296400
vn 0.392500 0.102200 0.914000
vn 0.381200 0.125500 0.916000
vn -0.072200 0.906500 0.415900
vn 0.039700 0.957800 0.284600
vn -0.176900 0.580200 0.795000
vn -0.269600 0.475300 0.837500
vn -0.306000 0.061900 0.950000
vn -0.308800 0.057500 0.949400
vn 0.018000 0.999100 -0.038800
vn 0.320300 0.358600 0.876800
vn 0.282700 0.246300 0.927000
vn 0.134500 0.656300 -0.742400
vn 0.179600 0.606800 -0.774300
vn 0.059500 0.932500 -0.356300
vn 0.073700 0.926900 -0.368000
vn 0.174900 0.654500 -0.735600
vn 0.099700 0.723700 -0.682900
vn 0.152400 0.271800 -0.950200
vn 0.137400 0.226800 -0.964200
vn -0.010900 0.970100 -0.242400
vn 0.047800 0.956900 -0.286500
vn 0.226500 0.144600 -0.963200
vn 0.259500 0.089600 -0.961600
vn -0.412800 0.180900 -0.892700
vn -0.449600 0.120700 -0.885000
vn -0.239700 0.216000 -0.946500
vn -0.427600 -0.145500 -0.892200
vn 0.314900 0.048800 -0.947900
vn 0.323200 0.028600 -0.945900
vn -0.495100 0.715500 -0.492800
vn -0.486800 0.779500 -0.394200
vn -0.758600 0.249400 -0.601900
vn -0.761800 0.388200 -0.518700
vn -0.906600 0.318300 -0.276900
vn -0.909500 0.303700 -0.284000
vn -0.349100 0.936800 -0.020700
vn -0.087900 0.994000 -0.064900
vn -0.937600 0.202400 -0.282600
vn -0.942200 0.116400 -0.314300
vn 0.292600 0.084600 0.952500
vn 0.281100 0.057900 0.957900
vn -0.259900 0.064700 0.963500
vn -0.308700 -0.021500 0.950900
vn -0.994900 0.047500 0.089400
vn -0.962900 0.220000 0.156200
vn 0.799900 0.059200 0.597200
vn 0.753800 0.174500 0.633600
vn 0.260900 0.881700 0.393200
vn 0.123700 0.937000 0.326800
vn 0.799300 0.565500 0.203400
vn 0.851100 0.499900 0.160300
vn 0.677200 0.415500 0.607300
vn 0.718700 0.359300 0.595200
vn -0.744300 0.643900 0.177400
vn -0.814600 0.522100 0.252500
vn 0.741800 0.075400 0.666400
vn 0.758400 0.127600 0.639200
vn -0.910700 0.353800 0.213400
vn -0.961700 0.225300 0.155900
vn 0.575400 0.812300 0.094800
vn 0.476400 0.870200 0.126200
vn -0.000400 0.998900 -0.046700
vn 0.931100 -0.261500 0.254200
vn 0.933400 -0.237600 0.269000
vn 0.893600 0.364000 0.262700
vn 0.901300 0.347900 0.258200
vn -0.816000 0.269800 0.511200
vn -0.818400 0.320500 0.477000
vn -0.066600 0.988900 0.132800
vn -0.058300 0.988700 0.138000
vn 0.398700 0.915600 0.051900
vn 0.382400 0.921800 0.063000
vn 0.010100 0.999000 -0.043000
vn -0.842300 0.006700 0.539000
vn -0.830400 0.047500 0.555200
vn 0.959900 0.091500 0.265200
vn 0.944400 0.159200 0.287600
vn 0.028700 0.996600 -0.076700
vn -0.000900 0.996700 -0.081600
vn 0.017200 0.997400 -0.070700
vn -0.006300 0.999100 -0.040900
vn 0.010000 0.999000 -0.043200
vn 0.015400 0.997400 -0.070600
vn 0.000200 0.996800 -0.080100
vn 0.205200 0.924600 -0.321000
vn 0.127100 0.947300 -0.294000
vn 0.035300 0.820800 -0.570100
vn 0.054900 0.834000 -0.549100
vn 0.428600 0.856400 -0.287900
vn 0.003200 0.857200 0.515000
vn 0.037800 0.837300 0.545500
vn 0.532900 0.795300 0.288900
vn 0.567600 0.774300 0.280000
vn 0.172500 0.950100 0.260000
vn 0.207200 0.940600 0.268900
vn 0.154800 0.833900 0.529800
vn 0.102500 0.859600 0.500600
vn 0.101000 0.836000 -0.539300
vn 0.105600 0.833500 -0.542300
vn 0.583100 0.806100 0.101000
vn 0.603600 0.792700 0.085200
vn 0.757000 0.499100 0.421700
vn 0.753200 0.503600 0.423100
vn 0.314300 0.601900 -0.734100
vn 0.366600 0.549400 -0.750800
vn 0.036400 0.438400 -0.898100
vn 0.055600 0.403300 -0.913400
vn 0.962300 0.137700 -0.234700
vn 0.962700 0.174100 -0.207000
vn 0.688800 0.178000 -0.702800
vn 0.665000 0.135900 -0.734400
vn 0.661800 0.269500 0.699600
vn 0.650300 0.292600 0.701100
vn 0.073600 0.405500 0.911100
vn 0.069700 0.412000 0.908500
vn 0.372100 0.295400 0.879900
vn 0.296500 0.421000 0.857200
vn 0.231200 0.378600 -0.896200
vn 0.192000 0.444800 -0.874800
vn 0.935800 0.240500 0.257800
vn 0.941600 0.225000 0.250500
vn 0.622400 0.782200 -0.025800
vn 0.584800 0.811100 -0.006800
vn 0.820300 0.544100 -0.176400
vn 0.812300 0.565100 -0.144500
vn 0.591700 0.805900 0.021200
vn 0.588900 0.808100 0.016100
vn 0.971700 0.234200 -0.032300
vn 0.976500 0.214700 -0.016800
vn 0.126100 -0.259900 0.957400
vn 0.067400 -0.151500 0.986200
vn 0.357100 -0.231200 0.905000
vn 0.366100 -0.253500 0.895400
vn 0.434800 0.084700 -0.896600
vn 0.599700 -0.326300 -0.730600
vn 0.842100 -0.274800 0.464100
vn 0.839400 -0.227000 0.493800
vn 0.920900 -0.318200 -0.225400
vn 0.857800 -0.415600 -0.302400
vn 0.091800 0.039500 0.995000
vn 0.092900 0.038000 0.995000
vn 0.024800 0.257100 -0.966100
vn 0.102300 0.140600 -0.984800
vn 0.387400 0.047000 0.920700
vn 0.392600 0.038600 0.918900
vn 0.313100 0.025600 -0.949400
vn 0.260100 0.115600 -0.958600
vn 0.969400 -0.242400 -0.037900
vn 0.960200 -0.279200 -0.010500
vn 0.633500 0.013600 -0.773600
vn 0.643100 -0.014000 -0.765600
vn 0.643500 0.009500 -0.765400
vn 0.634200 0.024400 -0.772800
vn 0.822900 0.033500 0.567200
vn 0.779000 0.108800 0.617500
vn 0.702400 -0.206100 0.681300
vn 0.609400 -0.010900 0.792800
vn 0.712800 -0.283100 0.641700
vn 0.756800 -0.399100 -0.517700
vn 0.723700 -0.432100 -0.538100
vn 0.574600 0.544900 -0.610700
vn 0.577700 0.550200 -0.603000
vn 0.823500 0.142600 -0.549100
vn 0.837100 0.116500 -0.534400
vn 0.659600 -0.194200 0.726100
vn 0.822600 0.080200 0.562900
vn 0.827300 0.558700 -0.059200
vn 0.837600 0.544700 -0.042300
vn 0.582600 0.812000 -0.035100
vn 0.580400 0.813400 -0.037800
vn 0.971500 0.219100 -0.090700
vn 0.984600 0.168100 -0.047600
vn 0.954700 -0.229800 -0.189300
vn 0.938700 -0.330300 -0.098300
vn 0.482900 0.835300 -0.262800
vn 0.348600 0.937100 -0.014500
vn 0.406800 0.913500 0.008100
vn 0.415800 0.908500 -0.041200
vn 0.371500 0.926200 -0.064000
vn 0.402600 0.915400 0.004100
vn 0.391800 0.919900 0.014400
vn 0.394900 0.833400 -0.386600
vn 0.581500 0.807500 -0.098900
vn 0.574300 0.816400 -0.060500
vn 0.391000 0.920300 0.008800
vn 0.421300 0.906600 -0.024900
vn 0.105300 0.049400 -0.993200
vn 0.128100 -0.002500 -0.991800
vn 0.732500 0.065400 0.677600
vn 0.759900 0.004300 0.650000
vn 0.067200 0.024900 0.997400
vn 0.079100 0.001400 0.996900
vn 0.386200 0.000100 0.922400
vn 0.375600 0.025200 0.926400
vn 0.333200 0.028200 -0.942400
vn 0.324600 0.048700 -0.944600
vn 0.650800 -0.003200 -0.759300
vn 0.646200 0.012900 -0.763000
vn 0.500600 0.060800 -0.863500
vn 0.572800 -0.039400 -0.818700
vn 0.601300 -0.056300 -0.797000
vn 0.598100 -0.047200 -0.800000
vn 0.630900 -0.069200 -0.772800
vn 0.633100 -0.079700 -0.770000
vn 0.729900 -0.143000 -0.668400
vn 0.726600 -0.122000 -0.676200
vn 0.838300 -0.196000 -0.508800
vn 0.820300 -0.093800 -0.564300
vn 0.922800 -0.150900 -0.354500
vn 0.920000 -0.132500 -0.368700
vn 0.983000 -0.179400 -0.039500
vn 0.982200 -0.026900 -0.185800
vn 0.999100 -0.040000 0.014000
vn 0.998500 0.021800 -0.050900
vn 0.999800 0.020000 -0.004400
vn 0.999800 -0.001400 0.020100
vn 0.977000 0.008400 0.213000
vn 0.982300 0.033600 0.184200
vn 0.968000 0.041000 0.247400
vn 0.946700 -0.022100 0.321500
vn 0.873200 0.013400 0.487200
vn 0.850400 -0.021600 0.525700
vn 0.851200 -0.022100 0.524300
vn 0.833300 -0.043000 0.551200
vn 0.746300 0.002400 0.665600
vn 0.660400 -0.046100 0.749500
vn 0.628300 -0.031100 0.777300
vn 0.556000 -0.048900 0.829700
vn 0.009100 0.957300 0.289000
vn -0.066000 0.974200 0.215900
vn 0.026600 0.953800 0.299300
vn 0.008900 0.959300 0.282200
vn -0.846100 0.287600 0.448700
vn -0.844300 0.233600 0.482200
vn -0.441300 0.277300 -0.853500
vn -0.392700 0.365300 -0.844000
vn -0.219700 0.836300 -0.502400
vn -0.211100 0.840100 -0.499700
vn -0.880100 0.411300 0.237400
vn -0.884300 0.404000 0.234200
vn -0.325600 0.380700 0.865500
vn -0.224100 0.518400 0.825300
vn 0.655400 0.508300 0.558600
vn 0.650900 0.557500 0.515400
vn 0.733900 0.632100 -0.248700
vn 0.670600 0.718800 -0.183500
vn 0.082300 0.743700 -0.663400
vn 0.150700 0.681500 -0.716200
vn -0.630200 0.614600 -0.474500
vn -0.630900 0.510600 -0.584200
vn -0.960900 0.107700 0.255100
vn -0.956100 0.128300 0.263300
vn -0.260800 0.090500 0.961100
vn -0.281200 0.051800 0.958300
vn 0.785300 0.074400 0.614700
vn 0.813900 0.210500 0.541600
vn 0.888200 0.350200 -0.297400
vn 0.871000 0.381800 -0.309000
vn 0.201200 0.274600 -0.940300
vn 0.240700 0.202400 -0.949200
vn -0.710000 0.255800 -0.656200
vn -0.709500 0.251900 -0.658200
vn -0.424100 0.860400 0.282700
vn -0.351000 0.893200 0.281000
vn -0.227100 0.906800 -0.355200
vn -0.067300 0.957800 -0.279500
vn 0.004500 0.999100 -0.041700
vn -0.010100 0.998500 -0.053900
vn -0.635500 -0.396800 -0.662300
vn -0.678200 -0.353300 -0.644300
vn -0.761100 0.344800 0.549400
vn -0.761700 0.356800 0.540900
vn 0.249700 0.331200 0.909900
vn 0.274500 0.292800 0.915900
vn 0.946500 0.313500 0.076700
vn 0.955700 0.286700 0.066100
vn 0.787900 0.210300 -0.578700
vn 0.794500 0.295300 -0.530600
vn -0.212800 0.098000 -0.972200
vn -0.248600 0.201700 -0.947400
vn -0.930900 0.356000 -0.081900
vn -0.924000 0.375200 -0.074200
vn -0.010900 0.970600 -0.240400
vn 0.061800 0.981400 -0.181800
vn -0.129100 0.049500 -0.990400
vn -0.101800 0.111400 -0.988500
vn -0.059300 0.656200 -0.752200
vn -0.040200 0.677000 -0.734900
vn -0.038900 0.932400 -0.359200
vn -0.015200 0.942200 -0.334800
vn 0.063400 0.986500 -0.151200
vn 0.086800 0.986800 -0.136600
vn -0.822600 0.568500 -0.010800
vn -0.840600 0.541200 0.023100
vn 0.349100 0.936700 0.026000
vn 0.057600 0.994700 0.085100
vn -0.919000 0.393500 -0.023600
vn -0.911800 0.410400 -0.014400
vn -0.977000 0.212500 -0.014900
vn -0.992200 0.109800 -0.058400
vn -0.430700 0.842700 -0.322900
vn -0.401300 0.882800 -0.244000
vn -0.764700 0.365100 -0.531100
vn -0.759100 0.199800 -0.619500
vn -0.289200 0.941000 -0.175800
vn -0.291400 0.937500 -0.190300
vn -0.696400 0.572900 -0.432300
vn -0.741300 0.534900 -0.405500
vn -0.573900 0.520900 0.631900
vn -0.597800 0.491400 0.633400
vn -0.781900 0.051600 0.621200
vn -0.762000 0.090500 0.641200
vn -0.090900 0.001300 0.995900
vn -0.079000 0.023900 0.996600
vn -0.008500 0.645800 0.763500
vn -0.065500 0.581300 0.811000
vn -0.070800 0.174500 0.982100
vn -0.094900 0.129100 0.987100
vn -0.101700 0.110500 -0.988700
vn -0.101800 0.110400 -0.988700
vn -0.277300 0.942800 0.184900
vn -0.349900 0.921600 0.167800
vn -0.427800 0.780000 0.456600
vn -0.322400 0.841200 0.434100
vn -0.623400 -0.140500 -0.769100
vn -0.565000 -0.036500 -0.824300
vn -0.106500 0.039000 -0.993500
vn -0.105200 0.042200 -0.993600
vn -0.359300 -0.159300 -0.919500
vn -0.320500 -0.114200 -0.940300
vn 0.814200 0.205100 -0.543200
vn 0.803200 0.118300 -0.583900
vn -0.161400 -0.196900 -0.967000
vn -0.218400 -0.044600 -0.974800
vn -0.741700 -0.030300 -0.670000
vn -0.773700 0.104100 -0.624900
vn -0.991500 0.115900 -0.058700
vn -0.993200 0.096100 -0.065500
vn -0.387200 0.024100 0.921700
vn -0.375900 0.049000 0.925400
vn -0.215500 0.584300 0.782400
vn -0.284900 0.502800 0.816100
vn -0.041300 0.954200 0.296400
vn -0.069300 0.947400 0.312300
vn -0.381200 0.125500 0.916000
vn -0.392500 0.102300 0.914100
vn -0.039700 0.957800 0.284600
vn 0.072200 0.906500 0.415900
vn 0.269500 0.475400 0.837500
vn 0.176900 0.580200 0.795000
vn 0.308800 0.057500 0.949400
vn 0.306000 0.061900 0.950000
vn -0.018000 0.999100 -0.038800
vn -0.282700 0.246300 0.927000
vn -0.320300 0.358600 0.876800
vn -0.179600 0.606800 -0.774300
vn -0.134500 0.656300 -0.742400
vn -0.073700 0.926900 -0.368000
vn -0.059500 0.932500 -0.356300
vn -0.099700 0.723700 -0.682900
vn -0.174900 0.654500 -0.735600
vn -0.137400 0.226800 -0.964200
vn -0.152400 0.271800 -0.950200
vn -0.047800 0.956900 -0.286500
vn 0.010900 0.970100 -0.242400
vn -0.259500 0.089600 -0.961600
vn -0.226500 0.144600 -0.963200
vn 0.449600 0.120700 -0.885000
vn 0.412800 0.180900 -0.892700
vn 0.427600 -0.145500 -0.892200
vn 0.239700 0.216000 -0.946500
vn -0.323200 0.028600 -0.945900
vn -0.314900 0.048800 -0.947900
vn 0.486800 0.779500 -0.394300
vn 0.495100 0.715500 -0.492800
vn 0.761800 0.388200 -0.518700
vn 0.758600 0.249400 -0.602000
vn 0.909500 0.303700 -0.284000
vn 0.906600 0.318300 -0.276900
vn 0.087900 0.994000 -0.064900
vn 0.349100 0.936800 -0.020700
vn 0.942200 0.116400 -0.314300
vn 0.937600 0.202400 -0.282600
vn -0.281100 0.057900 0.957900
vn -0.292600 0.084600 0.952500
vn 0.308700 -0.021500 0.950900
vn 0.259900 0.064700 0.963500
vn 0.962900 0.220000 0.156200
vn 0.994900 0.047500 0.089400
vn -0.753800 0.174500 0.633600
vn -0.799900 0.059200 0.597200
vn -0.123700 0.937000 0.326800
vn -0.260900 0.881700 0.393200
vn -0.851100 0.499900 0.160300
vn -0.799300 0.565500 0.203400
vn -0.718700 0.359300 0.595200
vn -0.677200 0.415500 0.607300
vn 0.814600 0.522100 0.252500
vn 0.744300 0.643900 0.177400
vn -0.758400 0.127600 0.639200
vn -0.741800 0.075400 0.666400
vn 0.961700 0.225300 0.155900
vn 0.910700 0.353800 0.213400
vn -0.476400 0.870200 0.126200
vn -0.575400 0.812300 0.094800
vn 0.000400 0.998900 -0.046700
vn -0.933400 -0.237600 0.269000
vn -0.931100 -0.261500 0.254200
vn -0.901300 0.348000 0.258200
vn -0.893600 0.364000 0.262600
vn 0.818400 0.320500 0.477000
vn 0.816000 0.269800 0.511200
vn 0.058300 0.988700 0.138000
vn 0.066600 0.988900 0.132800
vn -0.382400 0.921800 0.063000
vn -0.398700 0.915600 0.051900
vn -0.010100 0.999000 -0.043000
vn 0.830400 0.047500 0.555200
vn 0.842300 0.006700 0.539000
vn -0.944400 0.159200 0.287600
vn -0.959900 0.091500 0.265200
vn -0.028700 0.996600 -0.076700
vn 0.000900 0.996700 -0.081600
vn -0.017200 0.997400 -0.070700
vn 0.006300 0.999100 -0.040900
vn -0.010000 0.999000 -0.043200
vn -0.015400 0.997400 -0.070600
vn -0.000200 0.996800 -0.080100
vn -0.127100 0.947300 -0.294000
vn -0.205200 0.924600 -0.321000
vn -0.054900 0.834000 -0.549100
vn -0.035300 0.820800 -0.570100
vn -0.428600 0.856400 -0.287900
vn -0.037800 0.837300 0.545500
vn -0.003200 0.857200 0.515000
vn -0.567600 0.774300 0.280000
vn -0.532900 0.795300 0.288900
vn -0.207200 0.940600 0.268900
vn -0.172500 0.950100 0.260000
vn -0.102500 0.859600 0.500600
vn -0.154800 0.833900 0.529800
vn -0.105600 0.833500 -0.542300
vn -0.101000 0.836000 -0.539300
vn -0.603600 0.792700 0.085200
vn -0.583100 0.806100 0.101000
vn -0.753300 0.503600 0.423100
vn -0.757000 0.499100 0.421700
vn -0.366600 0.549400 -0.750800
vn -0.314300 0.601900 -0.734100
vn -0.055600 0.403300 -0.913400
vn -0.036400 0.438400 -0.898100
vn -0.962700 0.174100 -0.207000
vn -0.962300 0.137700 -0.234700
vn -0.665000 0.135900 -0.734400
vn -0.688800 0.178000 -0.702800
vn -0.650300 0.292700 0.701100
vn -0.661800 0.269500 0.699600
vn -0.069700 0.412000 0.908500
vn -0.073600 0.405500 0.911100
vn -0.296500 0.421000 0.857200
vn -0.372100 0.295400 0.879900
vn -0.192000 0.444800 -0.874800
vn -0.231200 0.378600 -0.896200
vn -0.941600 0.225100 0.250500
vn -0.935800 0.240500 0.257800
vn -0.584800 0.811100 -0.006800
vn -0.622400 0.782200 -0.025800
vn -0.812300 0.565100 -0.144600
vn -0.820300 0.544100 -0.176400
vn -0.588900 0.808100 0.016100
vn -0.591700 0.805900 0.021200
vn -0.976500 0.214700 -0.016800
vn -0.971700 0.234200 -0.032300
vn -0.067400 -0.151500 0.986200
vn -0.126100 -0.259900 0.957400
vn -0.366100 -0.253500 0.895400
vn -0.357100 -0.231300 0.905000
vn -0.599700 -0.326300 -0.730600
vn -0.434800 0.084700 -0.896600
vn -0.839400 -0.227000 0.493800
vn -0.842100 -0.274800 0.464100
vn -0.857800 -0.415600 -0.302400
vn -0.920900 -0.318200 -0.225400
vn -0.092900 0.038000 0.995000
vn -0.091800 0.039500 0.995000
vn -0.102300 0.140600 -0.984800
vn -0.024800 0.257100 -0.966100
vn -0.392600 0.038600 0.918900
vn -0.387400 0.046900 0.920700
vn -0.260100 0.115600 -0.958600
vn -0.313100 0.025600 -0.949400
vn -0.960200 -0.279200 -0.010500
vn -0.969400 -0.242400 -0.037900
vn -0.643100 -0.014000 -0.765600
vn -0.633500 0.013600 -0.773600
vn -0.634200 0.024400 -0.772800
vn -0.643500 0.009500 -0.765400
vn -0.779000 0.108800 0.617500
vn -0.822900 0.033500 0.567200
vn -0.609400 -0.010900 0.792800
vn -0.702400 -0.206100 0.681300
vn -0.712800 -0.283100 0.641700
vn -0.723700 -0.432100 -0.538100
vn -0.756800 -0.399100 -0.517700
vn -0.577700 0.550200 -0.603000
vn -0.574500 0.544900 -0.610700
vn -0.837200 0.116500 -0.534400
vn -0.823500 0.142600 -0.549100
vn -0.659600 -0.194200 0.726100
vn -0.822600 0.080200 0.562900
vn -0.837600 0.544700 -0.042300
vn -0.827300 0.558700 -0.059200
vn -0.580400 0.813400 -0.037800
vn -0.582600 0.812000 -0.035100
vn -0.984600 0.168100 -0.047600
vn -0.971500 0.219100 -0.090700
vn -0.938700 -0.330300 -0.098300
vn -0.954700 -0.229800 -0.189300
vn -0.482900 0.835300 -0.262800
vn -0.406800 0.913500 0.008100
vn -0.348600 0.937100 -0.014500
vn -0.371500 0.926200 -0.064000
vn -0.415800 0.908500 -0.041200
vn -0.391800 0.919900 0.014400
vn -0.402600 0.915400 0.004100
vn -0.394900 0.833400 -0.386600
vn -0.574300 0.816400 -0.060500
vn -0.581500 0.807500 -0.098900
vn -0.421300 0.906600 -0.024900
vn -0.391000 0.920300 0.008800
vn -0.128100 -0.002500 -0.991800
vn -0.105300 0.049400 -0.993200
vn -0.759900 0.004300 0.650000
vn -0.732500 0.065400 0.677600
vn -0.079100 0.001400 0.996900
vn -0.067200 0.024900 0.997400
vn -0.375600 0.025200 0.926400
vn -0.386200 0.000100 0.922400
vn -0.324600 0.048700 -0.944600
vn -0.333200 0.028200 -0.942400
vn -0.646200 0.012900 -0.763000
vn -0.650800 -0.003200 -0.759300
vn -0.572800 -0.039400 -0.818700
vn -0.500600 0.060800 -0.863500
vn -0.598100 -0.047200 -0.800000
vn -0.601300 -0.056300 -0.797100
vn -0.633100 -0.079700 -0.770000
vn -0.630900 -0.069300 -0.772800
vn -0.726600 -0.122000 -0.676200
vn -0.729900 -0.143000 -0.668400
vn -0.820300 -0.093700 -0.564300
vn -0.838300 -0.196000 -0.508800
vn -0.920700 -0.136600 -0.365600
vn -0.922800 -0.150800 -0.354600
vn -0.981800 -0.026700 -0.187900
vn -0.983000 -0.179300 -0.039500
vn -0.998500 0.021800 -0.050900
vn -0.999100 -0.040000 0.014000
vn -0.999900 0.007200 0.010300
vn -0.999800 0.020000 -0.004400
vn -0.981100 0.034300 0.190600
vn -0.977100 0.015100 0.212300
vn -0.946700 -0.022100 0.321500
vn -0.968000 0.041000 0.247400
vn -0.844300 -0.018500 0.535600
vn -0.866900 0.015900 0.498300
vn -0.839800 -0.046800 0.540900
vn -0.857900 -0.025500 0.513100
vn -0.660400 -0.046000 0.749500
vn -0.746300 0.002500 0.665600
vn -0.556000 -0.048900 0.829700
vn -0.628400 -0.031000 0.777300
vn 0.066000 0.974200 0.215900
vn -0.009100 0.957300 0.289000
vn -0.008900 0.959300 0.282200
vn -0.026600 0.953800 0.299300
vn 0.122900 -0.219700 -0.967800
vn 0.098400 -0.193500 -0.976100
vn -0.098400 -0.193500 -0.976100
vn -0.122900 -0.219700 -0.967800
vn 0.127800 -0.110600 -0.985600
vn 0.307800 -0.214800 -0.926900
vn -0.127800 -0.110600 -0.985600
vn -0.307800 -0.214800 -0.926900
usemtl mc_001_alarm_cloth
s off
f 3598/1928/3170 3600/1929/3170 3599/1930/3170
f 3600/1929/3171 3598/1928/3171 3601/1931/3171
f 3602/1932/3172 3604/1933/3172 3603/1934/3172
f 3604/1933/3173 3602/1932/3173 3605/1935/3173
f 3606/1936/3174 3608/1937/3174 3607/1938/3174
f 3608/1937/3175 3606/1936/3175 3609/1939/3175
f 3610/1940/3176 3612/1941/3176 3611/1942/3176
f 3612/1941/3177 3610/1940/3177 3613/1943/3177
f 3614/1944/3178 3616/1945/3178 3615/1946/3178
f 3616/1945/3179 3614/1944/3179 3617/1947/3179
f 3618/1948/3180 3620/1949/3180 3619/1950/3180
f 3620/1949/3181 3618/1948/3181 3621/1951/3181
f 3622/1952/3182 3624/1953/3182 3623/1954/3182
f 3624/1953/3183 3622/1952/3183 3625/1955/3183
f 3626/1956/3184 3628/1957/3184 3627/1958/3184
f 3628/1957/3185 3626/1956/3185 3629/1959/3185
f 3630/1960/3186 3632/1961/3186 3631/1962/3186
f 3632/1961/3187 3630/1960/3187 3633/1963/3187
f 3611/1942/3188 3635/1964/3188 3634/1965/3188
f 3635/1964/3189 3611/1942/3189 3612/1941/3189
f 3615/1946/3190 3637/1966/3190 3636/1967/3190
f 3637/1966/3191 3615/1946/3191 3616/1945/3191
f 3619/1950/3192 3639/1968/3192 3638/1969/3192
f 3639/1968/3193 3619/1950/3193 3620/1949/3193
f 3624/1953/3194 3641/1970/3194 3640/1971/3194
f 3641/1970/3195 3624/1953/3195 3625/1955/3195
f 3627/1958/3196 3643/1972/3196 3642/1973/3196
f 3643/1972/3197 3627/1958/3197 3628/1957/3197
f 3631/1962/3198 3645/1974/3198 3644/1975/3198
f 3645/1974/3199 3631/1962/3199 3632/1961/3199
f 3646/1976/3200 3610/1940/3200 3617/1947/3200
f 3610/1940/3201 3646/1976/3201 3647/1977/3201
f 3633/1963/3202 3648/1978/3202 3626/1956/3202
f 3648/1978/3203 3633/1963/3203 3649/1979/3203
f 3650/1980/3204 3652/1981/3204 3651/1982/3204
f 3653/1983/3205 3655/1984/3205 3654/1985/3205
f 3605/1935/3206 3657/1986/3206 3656/1987/3206
f 3657/1986/3207 3605/1935/3207 3658/1988/3207
f 3650/1980/3208 3659/1989/3208 3652/1981/3208
f 3659/1989/3209 3650/1980/3209 3660/1990/3209
f 3661/1991/3210 3663/1992/3210 3662/1993/3210
f 3663/1992/3211 3661/1991/3211 3664/1994/3211
f 3665/1995/3212 3667/1996/3212 3666/1997/3212
f 3667/1996/3213 3665/1995/3213 3668/1998/3213
f 3669/1999/3214 3670/2000/3214 3654/1985/3214
f 3670/2000/3215 3669/1999/3215 3671/2001/3215
f 3672/2002/3216 3674/2003/3216 3673/2004/3216
f 3674/2003/3217 3672/2002/3217 3675/2005/3217
f 3676/2006/3218 3678/2007/3218 3677/2008/3218
f 3678/2007/3219 3676/2006/3219 3679/2009/3219
f 3629/1959/3220 3681/2010/3220 3680/2011/3220
f 3681/2010/3221 3629/1959/3221 3682/2012/3221
f 3683/2013/3222 3685/2014/3222 3684/2015/3222
f 3685/2014/3223 3683/2013/3223 3686/2016/3223
f 3687/2017/3224 3689/2018/3224 3688/2019/3224
f 3689/2018/3225 3687/2017/3225 3690/2020/3225
f 3682/2012/3226 3691/2021/3226 3681/2010/3226
f 3691/2021/3227 3682/2012/3227 3692/2022/3227
f 3623/1954/3228 3680/2011/3228 3693/2023/3228
f 3680/2011/3229 3623/1954/3229 3629/1959/3229
f 3694/2024/3230 3696/2025/3230 3695/2026/3230
f 3696/2025/3231 3694/2024/3231 3697/2027/3231
f 3698/2028/3232 3699/2029/3232 3618/1948/3232
f 3699/2029/3233 3698/2028/3233 3700/2030/3233
f 3701/2031/3234 3631/1962/3234 3702/2032/3234
f 3631/1962/3235 3701/2031/3235 3630/1960/3235
f 3702/2032/3236 3644/1975/3236 3703/2033/3236
f 3644/1975/3237 3702/2032/3237 3631/1962/3237
f 3633/1963/3238 3704/2034/3238 3649/1979/3238
f 3704/2034/3239 3633/1963/3239 3630/1960/3239
f 3673/2004/3240 3679/2009/3240 3672/2002/3240
f 3679/2009/3241 3673/2004/3241 3678/2007/3241
f 3649/1979/3242 3705/2035/3242 3606/1936/3242
f 3705/2035/3243 3649/1979/3243 3704/2034/3243
f 3706/2036/3244 3708/2037/3244 3707/2038/3244
f 3708/2037/3245 3706/2036/3245 3709/2039/3245
f 3710/2040/3246 3711/2041/3246 3598/1928/3246
f 3711/2041/3247 3710/2040/3247 3712/2042/3247
f 3713/2043/3248 3715/2044/3248 3714/2045/3248
f 3715/2044/3249 3713/2043/3249 3716/2046/3249
f 3717/2047/3250 3719/2048/3250 3718/2049/3250
f 3719/2048/3251 3717/2047/3251 3720/2050/3251
f 3721/2051/3252 3723/2052/3252 3722/2053/3252
f 3723/2052/3253 3721/2051/3253 3724/2054/3253
f 3725/2055/3254 3727/2056/3254 3726/2057/3254
f 3727/2056/3255 3725/2055/3255 3728/2058/3255
f 3684/2015/3256 3729/2059/3256 3683/2013/3256
f 3729/2059/3257 3684/2015/3257 3730/2060/3257
f 3647/1977/3258 3732/2061/3258 3731/2062/3258
f 3732/2061/3259 3647/1977/3259 3646/1976/3259
f 3712/2042/3260 3732/2061/3260 3733/2063/3260
f 3732/2061/3261 3712/2042/3261 3710/2040/3261
f 3734/2064/3262 3736/2065/3262 3735/2066/3262
f 3736/2065/3263 3734/2064/3263 3737/2067/3263
f 3738/2068/3264 3740/2069/3264 3739/2070/3264
f 3740/2069/3265 3738/2068/3265 3741/2071/3265
f 3742/2072/3266 3737/2067/3266 3734/2064/3266
f 3737/2067/3267 3742/2072/3267 3740/2069/3267
f 3671/2001/3268 3640/1971/3268 3670/2000/3268
f 3640/1971/3269 3671/2001/3269 3643/1972/3269
f 3645/1974/3270 3675/2005/3270 3672/2002/3270
f 3675/2005/3271 3645/1974/3271 3642/1973/3271
f 3644/1975/3272 3672/2002/3272 3679/2009/3272
f 3672/2002/3273 3644/1975/3273 3645/1974/3273
f 3703/2033/3274 3679/2009/3274 3676/2006/3274
f 3679/2009/3275 3703/2033/3275 3644/1975/3275
f 3716/2046/3276 3718/2049/3276 3715/2044/3276
f 3718/2049/3277 3716/2046/3277 3717/2047/3277
f 3712/2042/3278 3722/2053/3278 3711/2041/3278
f 3722/2053/3279 3712/2042/3279 3721/2051/3279
f 3743/2073/3280 3744/2074/3280 3733/2063/3280
f 3744/2074/3281 3743/2073/3281 3745/2075/3281
f 3746/2076/3282 3726/2057/3282 3747/2077/3282
f 3726/2057/3283 3746/2076/3283 3725/2055/3283
f 3621/1951/3284 3743/2073/3284 3614/1944/3284
f 3743/2073/3285 3621/1951/3285 3745/2075/3285
f 3614/1944/3286 3620/1949/3286 3621/1951/3286
f 3620/1949/3287 3614/1944/3287 3615/1946/3287
f 3615/1946/3288 3639/1968/3288 3620/1949/3288
f 3639/1968/3289 3615/1946/3289 3636/1967/3289
f 3662/1993/3290 3748/2078/3290 3661/1991/3290
f 3662/1993/3291 3660/1990/3291 3650/1980/3291
f 3660/1990/3292 3662/1993/3292 3663/1992/3292
f 3608/1937/3293 3690/2020/3293 3687/2017/3293
f 3690/2020/3294 3608/1937/3294 3603/1934/3294
f 3648/1978/3295 3692/2022/3295 3682/2012/3295
f 3692/2022/3296 3648/1978/3296 3607/1938/3296
f 3626/1956/3297 3632/1961/3297 3633/1963/3297
f 3632/1961/3298 3626/1956/3298 3627/1958/3298
f 3632/1961/3299 3642/1973/3299 3645/1974/3299
f 3642/1973/3300 3632/1961/3300 3627/1958/3300
f 3626/1956/3301 3682/2012/3301 3629/1959/3301
f 3682/2012/3302 3626/1956/3302 3648/1978/3302
f 3604/1933/3303 3729/2059/3303 3749/2079/3303
f 3729/2059/3304 3604/1933/3304 3750/2080/3304
f 3669/1999/3305 3675/2005/3305 3671/2001/3305
f 3675/2005/3306 3669/1999/3306 3674/2003/3306
f 3671/2001/3307 3642/1973/3307 3643/1972/3307
f 3642/1973/3308 3671/2001/3308 3675/2005/3308
f 3751/2081/3309 3686/2016/3309 3683/2013/3309
f 3686/2016/3310 3751/2081/3310 3752/2082/3310
f 3623/1954/3311 3628/1957/3311 3629/1959/3311
f 3628/1957/3312 3623/1954/3312 3624/1953/3312
f 3624/1953/3313 3643/1972/3313 3628/1957/3313
f 3643/1972/3314 3624/1953/3314 3640/1971/3314
f 3654/1985/3315 3753/2083/3315 3653/1983/3315
f 3753/2083/3316 3654/1985/3316 3670/2000/3316
f 3622/1952/3317 3693/2023/3317 3754/2084/3317
f 3693/2023/3318 3622/1952/3318 3623/1954/3318
f 3670/2000/3319 3641/1970/3319 3753/2083/3319
f 3641/1970/3320 3670/2000/3320 3640/1971/3320
f 3663/1992/3321 3637/1966/3321 3660/1990/3321
f 3637/1966/3322 3663/1992/3322 3636/1967/3322
f 3664/1994/3323 3636/1967/3323 3663/1992/3323
f 3636/1967/3324 3664/1994/3324 3639/1968/3324
f 3668/1998/3325 3638/1969/3325 3667/1996/3325
f 3638/1969/3326 3668/1998/3326 3755/2085/3326
f 3637/1966/3327 3659/1989/3327 3660/1990/3327
f 3659/1989/3328 3637/1966/3328 3634/1965/3328
f 3617/1947/3329 3743/2073/3329 3646/1976/3329
f 3743/2073/3330 3617/1947/3330 3614/1944/3330
f 3756/2086/3331 3599/1930/3331 3757/2087/3331
f 3599/1930/3332 3756/2086/3332 3758/2088/3332
f 3617/1947/3333 3611/1942/3333 3616/1945/3333
f 3611/1942/3334 3617/1947/3334 3610/1940/3334
f 3698/2028/3335 3619/1950/3335 3759/2089/3335
f 3619/1950/3336 3698/2028/3336 3618/1948/3336
f 3611/1942/3337 3637/1966/3337 3616/1945/3337
f 3637/1966/3338 3611/1942/3338 3634/1965/3338
f 3619/1950/3339 3755/2085/3339 3759/2089/3339
f 3755/2085/3340 3619/1950/3340 3638/1969/3340
f 3613/1943/3341 3647/1977/3341 3760/2090/3341
f 3647/1977/3342 3613/1943/3342 3610/1940/3342
f 3651/1982/3343 3652/1981/3343 3761/2091/3343
f 3762/2092/3344 3764/2093/3344 3763/2094/3344
f 3764/2093/3345 3762/2092/3345 3600/1929/3345
f 3761/2091/3346 3659/1989/3346 3765/2095/3346
f 3659/1989/3347 3761/2091/3347 3652/1981/3347
f 3661/1991/3348 3667/1996/3348 3664/1994/3348
f 3667/1996/3349 3661/1991/3349 3666/1997/3349
f 3618/1948/3350 3766/2096/3350 3621/1951/3350
f 3766/2096/3351 3618/1948/3351 3699/2029/3351
f 3760/2090/3352 3731/2062/3352 3767/2097/3352
f 3731/2062/3353 3760/2090/3353 3647/1977/3353
f 3666/1997/3354 3748/2078/3354 3665/1995/3354
f 3667/1996/3355 3639/1968/3355 3664/1994/3355
f 3639/1968/3356 3667/1996/3356 3638/1969/3356
f 3765/2095/3357 3634/1965/3357 3635/1964/3357
f 3634/1965/3358 3765/2095/3358 3659/1989/3358
f 3654/1985/3359 3655/1984/3359 3669/1999/3359
f 3768/2098/3360 3677/2008/3360 3678/2007/3360
f 3674/2003/3361 3768/2098/3361 3673/2004/3361
f 3650/1980/3362 3651/1982/3362 3662/1993/3362
f 3661/1991/3363 3748/2078/3363 3666/1997/3363
f 3669/1999/3364 3655/1984/3364 3674/2003/3364
f 3673/2004/3365 3768/2098/3365 3678/2007/3365
f 3649/1979/3366 3607/1938/3366 3648/1978/3366
f 3607/1938/3367 3649/1979/3367 3606/1936/3367
f 3691/2021/3368 3687/2017/3368 3688/2019/3368
f 3687/2017/3369 3691/2021/3369 3692/2022/3369
f 3606/1936/3370 3705/2035/3370 3707/2038/3370
f 3744/2074/3371 3724/2054/3371 3721/2051/3371
f 3724/2054/3372 3744/2074/3372 3769/2099/3372
f 3731/2062/3373 3710/2040/3373 3758/2088/3373
f 3710/2040/3374 3731/2062/3374 3732/2061/3374
f 3733/2063/3375 3646/1976/3375 3743/2073/3375
f 3646/1976/3376 3733/2063/3376 3732/2061/3376
f 3733/2063/3377 3721/2051/3377 3712/2042/3377
f 3721/2051/3378 3733/2063/3378 3744/2074/3378
f 3687/2017/3379 3607/1938/3379 3608/1937/3379
f 3607/1938/3380 3687/2017/3380 3692/2022/3380
f 3767/2097/3381 3758/2088/3381 3756/2086/3381
f 3758/2088/3382 3767/2097/3382 3731/2062/3382
f 3598/1928/3383 3758/2088/3383 3710/2040/3383
f 3758/2088/3384 3598/1928/3384 3599/1930/3384
f 3609/1939/3385 3603/1934/3385 3608/1937/3385
f 3603/1934/3386 3609/1939/3386 3602/1932/3386
f 3770/2100/3387 3690/2020/3387 3749/2079/3387
f 3690/2020/3388 3770/2100/3388 3689/2018/3388
f 3709/2039/3389 3772/2101/3389 3771/2102/3389
f 3772/2101/3390 3709/2039/3390 3773/2103/3390
f 3602/1932/3391 3658/1988/3391 3605/1935/3391
f 3658/1988/3392 3602/1932/3392 3708/2037/3392
f 3598/1928/3393 3746/2076/3393 3601/1931/3393
f 3746/2076/3394 3598/1928/3394 3711/2041/3394
f 3722/2053/3395 3728/2058/3395 3725/2055/3395
f 3728/2058/3396 3722/2053/3396 3723/2052/3396
f 3711/2041/3397 3725/2055/3397 3746/2076/3397
f 3725/2055/3398 3711/2041/3398 3722/2053/3398
f 3749/2079/3399 3603/1934/3399 3604/1933/3399
f 3603/1934/3400 3749/2079/3400 3690/2020/3400
f 3757/2087/3401 3600/1929/3401 3762/2092/3401
f 3600/1929/3402 3757/2087/3402 3599/1930/3402
f 3630/1960/3403 3774/2104/3403 3704/2034/3403
f 3774/2104/3404 3630/1960/3404 3701/2031/3404
f 3706/2036/3405 3773/2103/3405 3709/2039/3405
f 3773/2103/3406 3706/2036/3406 3775/2105/3406
f 3695/2026/3407 3776/2106/3407 3694/2024/3407
f 3776/2106/3408 3695/2026/3408 3777/2107/3408
f 3778/2108/3409 3697/2027/3409 3779/2109/3409
f 3697/2027/3410 3778/2108/3410 3696/2025/3410
f 3780/2110/3411 3782/2111/3411 3781/2112/3411
f 3782/2111/3412 3780/2110/3412 3783/2113/3412
f 3784/2114/3413 3781/2112/3413 3785/2115/3413
f 3781/2112/3414 3784/2114/3414 3780/2110/3414
f 3605/1935/3415 3750/2080/3415 3604/1933/3415
f 3750/2080/3416 3605/1935/3416 3656/1987/3416
f 3786/2116/3417 3600/1929/3417 3601/1931/3417
f 3600/1929/3418 3786/2116/3418 3764/2093/3418
f 3787/2117/3419 3771/2102/3419 3772/2101/3419
f 3771/2102/3420 3787/2117/3420 3788/2118/3420
f 3726/2057/3421 3720/2050/3421 3717/2047/3421
f 3720/2050/3422 3726/2057/3422 3727/2056/3422
f 3749/2079/3423 3730/2060/3423 3770/2100/3423
f 3730/2060/3424 3749/2079/3424 3729/2059/3424
f 3747/2077/3425 3717/2047/3425 3716/2046/3425
f 3717/2047/3426 3747/2077/3426 3726/2057/3426
f 3683/2013/3427 3750/2080/3427 3751/2081/3427
f 3750/2080/3428 3683/2013/3428 3729/2059/3428
f 3779/2109/3429 3789/2119/3429 3778/2108/3429
f 3789/2119/3430 3779/2109/3430 3790/2120/3430
f 3791/2121/3431 3752/2082/3431 3751/2081/3431
f 3752/2082/3432 3791/2121/3432 3792/2122/3432
f 3656/1987/3433 3751/2081/3433 3750/2080/3433
f 3751/2081/3434 3656/1987/3434 3791/2121/3434
f 3716/2046/3435 3793/2123/3435 3747/2077/3435
f 3793/2123/3436 3716/2046/3436 3713/2043/3436
f 3785/2115/3437 3794/2124/3437 3784/2114/3437
f 3794/2124/3438 3785/2115/3438 3795/2125/3438
f 3793/2123/3439 3786/2116/3439 3601/1931/3439
f 3788/2118/3440 3658/1988/3440 3771/2102/3440
f 3658/1988/3441 3788/2118/3441 3657/1986/3441
f 3609/1939/3442 3708/2037/3442 3602/1932/3442
f 3708/2037/3443 3609/1939/3443 3707/2038/3443
f 3658/1988/3444 3709/2039/3444 3771/2102/3444
f 3709/2039/3445 3658/1988/3445 3708/2037/3445
f 3793/2123/3446 3601/1931/3446 3746/2076/3446
f 3793/2123/3447 3746/2076/3447 3747/2077/3447
f 3695/2026/3448 3773/2103/3448 3775/2105/3448
f 3773/2103/3449 3695/2026/3449 3696/2025/3449
f 3775/2105/3450 3777/2107/3450 3695/2026/3450
f 3777/2107/3451 3775/2105/3451 3796/2126/3451
f 3772/2101/3452 3696/2025/3452 3778/2108/3452
f 3696/2025/3453 3772/2101/3453 3773/2103/3453
f 3787/2117/3454 3778/2108/3454 3789/2119/3454
f 3778/2108/3455 3787/2117/3455 3772/2101/3455
f 3707/2038/3456 3705/2035/3456 3706/2036/3456
f 3774/2104/3457 3797/2127/3457 3704/2034/3457
f 3797/2127/3458 3774/2104/3458 3798/2128/3458
f 3705/2035/3459 3797/2127/3459 3796/2126/3459
f 3797/2127/3460 3705/2035/3460 3704/2034/3460
f 3776/2106/3461 3798/2128/3461 3774/2104/3461
f 3798/2128/3462 3776/2106/3462 3777/2107/3462
f 3606/1936/3463 3707/2038/3463 3609/1939/3463
f 3705/2035/3464 3775/2105/3464 3706/2036/3464
f 3775/2105/3465 3705/2035/3465 3796/2126/3465
f 3777/2107/3466 3797/2127/3466 3798/2128/3466
f 3797/2127/3467 3777/2107/3467 3796/2126/3467
f 3741/2071/3468 3686/2016/3468 3740/2069/3468
f 3686/2016/3469 3741/2071/3469 3685/2014/3469
f 3714/2045/3470 3784/2114/3470 3794/2124/3470
f 3784/2114/3471 3714/2045/3471 3715/2044/3471
f 3718/2049/3472 3783/2113/3472 3780/2110/3472
f 3783/2113/3473 3718/2049/3473 3719/2048/3473
f 3715/2044/3474 3780/2110/3474 3784/2114/3474
f 3780/2110/3475 3715/2044/3475 3718/2049/3475
f 3740/2069/3476 3752/2082/3476 3737/2067/3476
f 3752/2082/3477 3740/2069/3477 3686/2016/3477
f 3737/2067/3478 3792/2122/3478 3736/2065/3478
f 3792/2122/3479 3737/2067/3479 3752/2082/3479
f 3799/2129/3480 3801/2130/3480 3800/2131/3480
f 3801/2130/3481 3799/2129/3481 3802/2132/3481
f 3803/2133/3482 3802/2132/3482 3799/2129/3482
f 3802/2132/3483 3803/2133/3483 3804/2134/3483
f 3805/2135/3484 3804/2134/3484 3803/2133/3484
f 3804/2134/3485 3805/2135/3485 3806/2136/3485
f 3807/2137/3486 3806/2136/3486 3805/2135/3486
f 3806/2136/3487 3807/2137/3487 3808/2138/3487
f 3809/2139/3488 3808/2138/3488 3807/2137/3488
f 3808/2138/3489 3809/2139/3489 3810/2140/3489
f 3811/2141/3490 3810/2140/3490 3809/2139/3490
f 3810/2140/3491 3811/2141/3491 3812/2142/3491
f 3813/2143/3492 3812/2142/3492 3811/2141/3492
f 3812/2142/3493 3813/2143/3493 3814/2144/3493
f 3815/2145/3494 3814/2144/3494 3813/2143/3494
f 3814/2144/3495 3815/2145/3495 3816/2146/3495
f 3817/2147/3496 3816/2146/3496 3815/2145/3496
f 3816/2146/3497 3817/2147/3497 3818/2148/3497
f 3819/2149/3498 3818/2148/3498 3817/2147/3498
f 3818/2148/3499 3819/2149/3499 3820/2150/3499
f 3821/2151/3500 3820/2150/3500 3819/2149/3500
f 3820/2150/3501 3821/2151/3501 3822/2152/3501
f 3823/2153/3502 3822/2152/3502 3821/2151/3502
f 3822/2152/3503 3823/2153/3503 3824/2154/3503
f 3825/2155/3504 3824/2154/3504 3823/2153/3504
f 3824/2154/3505 3825/2155/3505 3826/2156/3505
f 3827/2157/3506 3826/2156/3506 3825/2155/3506
f 3826/2156/3507 3827/2157/3507 3828/2158/3507
f 3829/2159/3508 3828/2158/3508 3827/2157/3508
f 3828/2158/3509 3829/2159/3509 3830/2160/3509
f 3621/1951/3510 3831/2161/3510 3745/2075/3510
f 3831/2161/3511 3621/1951/3511 3766/2096/3511
f 3745/2075/3512 3769/2099/3512 3744/2074/3512
f 3769/2099/3513 3745/2075/3513 3831/2161/3513
f 3832/2162/3514 3834/2163/3514 3833/2164/3514
f 3834/2163/3515 3832/2162/3515 3835/2165/3515
f 3836/2166/3516 3838/2167/3516 3837/2168/3516
f 3838/2167/3517 3836/2166/3517 3839/2169/3517
f 3840/2170/3518 3842/2171/3518 3841/2172/3518
f 3842/2171/3519 3840/2170/3519 3843/2173/3519
f 3844/2174/3520 3846/2175/3520 3845/2176/3520
f 3846/2175/3521 3844/2174/3521 3847/2177/3521
f 3848/2178/3522 3850/2179/3522 3849/2180/3522
f 3850/2179/3523 3848/2178/3523 3851/2181/3523
f 3852/2182/3524 3854/2183/3524 3853/2184/3524
f 3854/2183/3525 3852/2182/3525 3855/2185/3525
f 3856/2186/3526 3858/2187/3526 3857/2188/3526
f 3858/2187/3527 3856/2186/3527 3859/2189/3527
f 3860/2190/3528 3862/2191/3528 3861/2192/3528
f 3862/2191/3529 3860/2190/3529 3863/2193/3529
f 3864/2194/3530 3866/2195/3530 3865/2196/3530
f 3866/2195/3531 3864/2194/3531 3867/2197/3531
f 3847/2177/3532 3868/2198/3532 3846/2175/3532
f 3868/2198/3533 3847/2177/3533 3869/2199/3533
f 3851/2181/3534 3870/2200/3534 3850/2179/3534
f 3870/2200/3535 3851/2181/3535 3871/2201/3535
f 3855/2185/3536 3872/2202/3536 3854/2183/3536
f 3872/2202/3537 3855/2185/3537 3873/2203/3537
f 3858/2187/3538 3874/2204/3538 3857/2188/3538
f 3874/2204/3539 3858/2187/3539 3875/2205/3539
f 3863/2193/3540 3876/2206/3540 3862/2191/3540
f 3876/2206/3541 3863/2193/3541 3877/2207/3541
f 3867/2197/3542 3878/2208/3542 3866/2195/3542
f 3878/2208/3543 3867/2197/3543 3879/2209/3543
f 3880/2210/3544 3844/2174/3544 3881/2211/3544
f 3844/2174/3545 3880/2210/3545 3849/2180/3545
f 3865/2196/3546 3883/2212/3546 3882/2213/3546
f 3883/2212/3547 3865/2196/3547 3860/2190/3547
f 3884/2214/3548 3886/2215/3548 3885/2216/3548
f 3887/2217/3549 3889/2218/3549 3888/2219/3549
f 3837/2168/3550 3891/2220/3550 3890/2221/3550
f 3891/2220/3551 3837/2168/3551 3892/2222/3551
f 3884/2214/3552 3894/2223/3552 3893/2224/3552
f 3894/2223/3553 3884/2214/3553 3885/2216/3553
f 3895/2225/3554 3897/2226/3554 3896/2227/3554
f 3897/2226/3555 3895/2225/3555 3898/2228/3555
f 3899/2229/3556 3901/2230/3556 3900/2231/3556
f 3901/2230/3557 3899/2229/3557 3902/2232/3557
f 3903/2233/3558 3905/2234/3558 3904/2235/3558
f 3905/2234/3559 3903/2233/3559 3889/2218/3559
f 3906/2236/3560 3908/2237/3560 3907/2238/3560
f 3908/2237/3561 3906/2236/3561 3909/2239/3561
f 3910/2240/3562 3912/2241/3562 3911/2242/3562
f 3912/2241/3563 3910/2240/3563 3913/2243/3563
f 3861/2192/3564 3681/2010/3564 3914/2244/3564
f 3681/2010/3565 3861/2192/3565 3680/2011/3565
f 3915/2245/3566 3685/2014/3566 3916/2246/3566
f 3685/2014/3567 3915/2245/3567 3684/2015/3567
f 3917/2247/3568 3689/2018/3568 3918/2248/3568
f 3689/2018/3569 3917/2247/3569 3688/2019/3569
f 3914/2244/3570 3691/2021/3570 3919/2249/3570
f 3691/2021/3571 3914/2244/3571 3681/2010/3571
f 3859/2189/3572 3680/2011/3572 3861/2192/3572
f 3680/2011/3573 3859/2189/3573 3693/2023/3573
f 3920/2250/3574 3922/2251/3574 3921/2252/3574
f 3922/2251/3575 3920/2250/3575 3923/2253/3575
f 3924/2254/3576 3699/2029/3576 3700/2030/3576
f 3699/2029/3577 3924/2254/3577 3852/2182/3577
f 3925/2255/3578 3867/2197/3578 3864/2194/3578
f 3867/2197/3579 3925/2255/3579 3926/2256/3579
f 3926/2256/3580 3879/2209/3580 3867/2197/3580
f 3879/2209/3581 3926/2256/3581 3927/2257/3581
f 3865/2196/3582 3928/2258/3582 3864/2194/3582
f 3928/2258/3583 3865/2196/3583 3882/2213/3583
f 3909/2239/3584 3911/2242/3584 3912/2241/3584
f 3911/2242/3585 3909/2239/3585 3906/2236/3585
f 3882/2213/3586 3929/2259/3586 3928/2258/3586
f 3929/2259/3587 3882/2213/3587 3840/2170/3587
f 3930/2260/3588 3932/2261/3588 3931/2262/3588
f 3932/2261/3589 3930/2260/3589 3933/2263/3589
f 3934/2264/3590 3936/2265/3590 3935/2266/3590
f 3936/2265/3591 3934/2264/3591 3832/2162/3591
f 3937/2267/3592 3939/2268/3592 3938/2269/3592
f 3939/2268/3593 3937/2267/3593 3940/2270/3593
f 3941/2271/3594 3719/2048/3594 3720/2050/3594
f 3719/2048/3595 3941/2271/3595 3942/2272/3595
f 3943/2273/3596 3723/2052/3596 3724/2054/3596
f 3723/2052/3597 3943/2273/3597 3944/2274/3597
f 3945/2275/3598 3727/2056/3598 3728/2058/3598
f 3727/2056/3599 3945/2275/3599 3946/2276/3599
f 3684/2015/3600 3947/2277/3600 3730/2060/3600
f 3947/2277/3601 3684/2015/3601 3915/2245/3601
f 3881/2211/3602 3948/2278/3602 3880/2210/3602
f 3948/2278/3603 3881/2211/3603 3949/2279/3603
f 3935/2266/3604 3948/2278/3604 3934/2264/3604
f 3948/2278/3605 3935/2266/3605 3950/2280/3605
f 3951/2281/3606 3953/2282/3606 3952/2283/3606
f 3953/2282/3607 3951/2281/3607 3954/2284/3607
f 3955/2285/3608 3738/2068/3608 3956/2286/3608
f 3738/2068/3609 3955/2285/3609 3741/2071/3609
f 3952/2283/3610 3957/2287/3610 3951/2281/3610
f 3957/2287/3611 3952/2283/3611 3955/2285/3611
f 3904/2235/3612 3875/2205/3612 3876/2206/3612
f 3875/2205/3613 3904/2235/3613 3905/2234/3613
f 3878/2208/3614 3907/2238/3614 3877/2207/3614
f 3907/2238/3615 3878/2208/3615 3906/2236/3615
f 3879/2209/3616 3906/2236/3616 3878/2208/3616
f 3906/2236/3617 3879/2209/3617 3911/2242/3617
f 3927/2257/3618 3911/2242/3618 3879/2209/3618
f 3911/2242/3619 3927/2257/3619 3910/2240/3619
f 3938/2269/3620 3942/2272/3620 3941/2271/3620
f 3942/2272/3621 3938/2269/3621 3939/2268/3621
f 3935/2266/3622 3944/2274/3622 3943/2273/3622
f 3944/2274/3623 3935/2266/3623 3936/2265/3623
f 3958/2288/3624 3960/2289/3624 3959/2290/3624
f 3960/2289/3625 3958/2288/3625 3950/2280/3625
f 3961/2291/3626 3946/2276/3626 3945/2275/3626
f 3946/2276/3627 3961/2291/3627 3962/2292/3627
f 3853/2184/3628 3958/2288/3628 3959/2290/3628
f 3958/2288/3629 3853/2184/3629 3848/2178/3629
f 3848/2178/3630 3854/2183/3630 3851/2181/3630
f 3854/2183/3631 3848/2178/3631 3853/2184/3631
f 3851/2181/3632 3872/2202/3632 3871/2201/3632
f 3872/2202/3633 3851/2181/3633 3854/2183/3633
f 3898/2228/3634 3895/2225/3634 3963/2293/3634
f 3898/2228/3635 3893/2224/3635 3897/2226/3635
f 3893/2224/3636 3898/2228/3636 3884/2214/3636
f 3842/2171/3637 3918/2248/3637 3839/2169/3637
f 3918/2248/3638 3842/2171/3638 3917/2247/3638
f 3883/2212/3639 3919/2249/3639 3843/2173/3639
f 3919/2249/3640 3883/2212/3640 3914/2244/3640
f 3860/2190/3641 3866/2195/3641 3863/2193/3641
f 3866/2195/3642 3860/2190/3642 3865/2196/3642
f 3866/2195/3643 3877/2207/3643 3863/2193/3643
f 3877/2207/3644 3866/2195/3644 3878/2208/3644
f 3860/2190/3645 3914/2244/3645 3883/2212/3645
f 3914/2244/3646 3860/2190/3646 3861/2192/3646
f 3838/2167/3647 3947/2277/3647 3964/2294/3647
f 3947/2277/3648 3838/2167/3648 3965/2295/3648
f 3903/2233/3649 3907/2238/3649 3908/2237/3649
f 3907/2238/3650 3903/2233/3650 3904/2235/3650
f 3904/2235/3651 3877/2207/3651 3907/2238/3651
f 3877/2207/3652 3904/2235/3652 3876/2206/3652
f 3966/2296/3653 3916/2246/3653 3967/2297/3653
f 3916/2246/3654 3966/2296/3654 3915/2245/3654
f 3859/2189/3655 3862/2191/3655 3858/2187/3655
f 3862/2191/3656 3859/2189/3656 3861/2192/3656
f 3858/2187/3657 3876/2206/3657 3875/2205/3657
f 3876/2206/3658 3858/2187/3658 3862/2191/3658
f 3889/2218/3659 3968/2298/3659 3905/2234/3659
f 3968/2298/3660 3889/2218/3660 3887/2217/3660
f 3856/2186/3661 3693/2023/3661 3859/2189/3661
f 3693/2023/3662 3856/2186/3662 3754/2084/3662
f 3905/2234/3663 3874/2204/3663 3875/2205/3663
f 3874/2204/3664 3905/2234/3664 3968/2298/3664
f 3897/2226/3665 3870/2200/3665 3871/2201/3665
f 3870/2200/3666 3897/2226/3666 3893/2224/3666
f 3896/2227/3667 3871/2201/3667 3872/2202/3667
f 3871/2201/3668 3896/2227/3668 3897/2226/3668
f 3900/2231/3669 3873/2203/3669 3969/2299/3669
f 3873/2203/3670 3900/2231/3670 3901/2230/3670
f 3870/2200/3671 3894/2223/3671 3869/2199/3671
f 3894/2223/3672 3870/2200/3672 3893/2224/3672
f 3849/2180/3673 3958/2288/3673 3848/2178/3673
f 3958/2288/3674 3849/2180/3674 3880/2210/3674
f 3970/2300/3675 3835/2165/3675 3971/2301/3675
f 3835/2165/3676 3970/2300/3676 3972/2302/3676
f 3849/2180/3677 3847/2177/3677 3844/2174/3677
f 3847/2177/3678 3849/2180/3678 3850/2179/3678
f 3924/2254/3679 3855/2185/3679 3852/2182/3679
f 3855/2185/3680 3924/2254/3680 3973/2303/3680
f 3847/2177/3681 3870/2200/3681 3869/2199/3681
f 3870/2200/3682 3847/2177/3682 3850/2179/3682
f 3855/2185/3683 3969/2299/3683 3873/2203/3683
f 3969/2299/3684 3855/2185/3684 3973/2303/3684
f 3845/2176/3685 3881/2211/3685 3844/2174/3685
f 3881/2211/3686 3845/2176/3686 3974/2304/3686
f 3886/2215/3687 3975/2305/3687 3885/2216/3687
f 3976/2306/3688 3977/2307/3688 3834/2163/3688
f 3977/2307/3689 3976/2306/3689 3978/2308/3689
f 3975/2305/3690 3894/2223/3690 3885/2216/3690
f 3894/2223/3691 3975/2305/3691 3979/2309/3691
f 3895/2225/3692 3901/2230/3692 3902/2232/3692
f 3901/2230/3693 3895/2225/3693 3896/2227/3693
f 3852/2182/3694 3766/2096/3694 3699/2029/3694
f 3766/2096/3695 3852/2182/3695 3853/2184/3695
f 3974/2304/3696 3949/2279/3696 3881/2211/3696
f 3949/2279/3697 3974/2304/3697 3980/2310/3697
f 3902/2232/3698 3899/2229/3698 3963/2293/3698
f 3901/2230/3699 3872/2202/3699 3873/2203/3699
f 3872/2202/3700 3901/2230/3700 3896/2227/3700
f 3979/2309/3701 3869/2199/3701 3894/2223/3701
f 3869/2199/3702 3979/2309/3702 3868/2198/3702
f 3889/2218/3703 3903/2233/3703 3888/2219/3703
f 3981/2311/3704 3912/2241/3704 3913/2243/3704
f 3908/2237/3705 3909/2239/3705 3981/2311/3705
f 3884/2214/3706 3898/2228/3706 3886/2215/3706
f 3895/2225/3707 3902/2232/3707 3963/2293/3707
f 3903/2233/3708 3908/2237/3708 3888/2219/3708
f 3909/2239/3709 3912/2241/3709 3981/2311/3709
f 3882/2213/3710 3843/2173/3710 3840/2170/3710
f 3843/2173/3711 3882/2213/3711 3883/2212/3711
f 3691/2021/3712 3917/2247/3712 3919/2249/3712
f 3917/2247/3713 3691/2021/3713 3688/2019/3713
f 3840/2170/3714 3933/2263/3714 3929/2259/3714
f 3960/2289/3715 3724/2054/3715 3769/2099/3715
f 3724/2054/3716 3960/2289/3716 3943/2273/3716
f 3949/2279/3717 3934/2264/3717 3948/2278/3717
f 3934/2264/3718 3949/2279/3718 3971/2301/3718
f 3950/2280/3719 3880/2210/3719 3948/2278/3719
f 3880/2210/3720 3950/2280/3720 3958/2288/3720
f 3950/2280/3721 3943/2273/3721 3960/2289/3721
f 3943/2273/3722 3950/2280/3722 3935/2266/3722
f 3917/2247/3723 3843/2173/3723 3919/2249/3723
f 3843/2173/3724 3917/2247/3724 3842/2171/3724
f 3980/2310/3725 3971/2301/3725 3949/2279/3725
f 3971/2301/3726 3980/2310/3726 3970/2300/3726
f 3832/2162/3727 3971/2301/3727 3835/2165/3727
f 3971/2301/3728 3832/2162/3728 3934/2264/3728
f 3841/2172/3729 3839/2169/3729 3836/2166/3729
f 3839/2169/3730 3841/2172/3730 3842/2171/3730
f 3770/2100/3731 3918/2248/3731 3689/2018/3731
f 3918/2248/3732 3770/2100/3732 3965/2295/3732
f 3931/2262/3733 3983/2312/3733 3982/2313/3733
f 3983/2312/3734 3931/2262/3734 3984/2314/3734
f 3836/2166/3735 3890/2221/3735 3932/2261/3735
f 3890/2221/3736 3836/2166/3736 3837/2168/3736
f 3832/2162/3737 3961/2291/3737 3936/2265/3737
f 3961/2291/3738 3832/2162/3738 3833/2164/3738
f 3944/2274/3739 3728/2058/3739 3723/2052/3739
f 3728/2058/3740 3944/2274/3740 3945/2275/3740
f 3936/2265/3741 3945/2275/3741 3944/2274/3741
f 3945/2275/3742 3936/2265/3742 3961/2291/3742
f 3965/2295/3743 3839/2169/3743 3918/2248/3743
f 3839/2169/3744 3965/2295/3744 3838/2167/3744
f 3972/2302/3745 3834/2163/3745 3835/2165/3745
f 3834/2163/3746 3972/2302/3746 3976/2306/3746
f 3864/2194/3747 3985/2315/3747 3925/2255/3747
f 3985/2315/3748 3864/2194/3748 3928/2258/3748
f 3930/2260/3749 3982/2313/3749 3986/2316/3749
f 3982/2313/3750 3930/2260/3750 3931/2262/3750
f 3923/2253/3751 3988/2317/3751 3987/2318/3751
f 3988/2317/3752 3923/2253/3752 3920/2250/3752
f 3989/2319/3753 3921/2252/3753 3922/2251/3753
f 3921/2252/3754 3989/2319/3754 3990/2320/3754
f 3991/2321/3755 3782/2111/3755 3783/2113/3755
f 3782/2111/3756 3991/2321/3756 3992/2322/3756
f 3993/2323/3757 3992/2322/3757 3991/2321/3757
f 3992/2322/3758 3993/2323/3758 3994/2324/3758
f 3837/2168/3759 3964/2294/3759 3892/2222/3759
f 3964/2294/3760 3837/2168/3760 3838/2167/3760
f 3995/2325/3761 3834/2163/3761 3977/2307/3761
f 3834/2163/3762 3995/2325/3762 3833/2164/3762
f 3996/2326/3763 3984/2314/3763 3997/2327/3763
f 3984/2314/3764 3996/2326/3764 3983/2312/3764
f 3946/2276/3765 3720/2050/3765 3727/2056/3765
f 3720/2050/3766 3946/2276/3766 3941/2271/3766
f 3965/2295/3767 3730/2060/3767 3947/2277/3767
f 3730/2060/3768 3965/2295/3768 3770/2100/3768
f 3962/2292/3769 3941/2271/3769 3946/2276/3769
f 3941/2271/3770 3962/2292/3770 3938/2269/3770
f 3915/2245/3771 3964/2294/3771 3947/2277/3771
f 3964/2294/3772 3915/2245/3772 3966/2296/3772
f 3990/2320/3773 3999/2328/3773 3998/2329/3773
f 3999/2328/3774 3990/2320/3774 3989/2319/3774
f 4000/2330/3775 3967/2297/3775 4001/2331/3775
f 3967/2297/3776 4000/2330/3776 3966/2296/3776
f 3892/2222/3777 3966/2296/3777 4000/2330/3777
f 3966/2296/3778 3892/2222/3778 3964/2294/3778
f 3938/2269/3779 4002/2332/3779 3937/2267/3779
f 4002/2332/3780 3938/2269/3780 3962/2292/3780
f 3994/2324/3781 4004/2333/3781 4003/2334/3781
f 4004/2333/3782 3994/2324/3782 3993/2323/3782
f 4002/2332/3783 3833/2164/3783 3995/2325/3783
f 3997/2327/3784 3890/2221/3784 3891/2220/3784
f 3890/2221/3785 3997/2327/3785 3984/2314/3785
f 3841/2172/3786 3932/2261/3786 3933/2263/3786
f 3932/2261/3787 3841/2172/3787 3836/2166/3787
f 3890/2221/3788 3931/2262/3788 3932/2261/3788
f 3931/2262/3789 3890/2221/3789 3984/2314/3789
f 4002/2332/3790 3961/2291/3790 3833/2164/3790
f 4002/2332/3791 3962/2292/3791 3961/2291/3791
f 3923/2253/3792 3982/2313/3792 3922/2251/3792
f 3982/2313/3793 3923/2253/3793 3986/2316/3793
f 3986/2316/3794 3987/2318/3794 4005/2335/3794
f 3987/2318/3795 3986/2316/3795 3923/2253/3795
f 3983/2312/3796 3922/2251/3796 3982/2313/3796
f 3922/2251/3797 3983/2312/3797 3989/2319/3797
f 3996/2326/3798 3989/2319/3798 3983/2312/3798
f 3989/2319/3799 3996/2326/3799 3999/2328/3799
f 3933/2263/3800 3930/2260/3800 3929/2259/3800
f 3985/2315/3801 4007/2336/3801 4006/2337/3801
f 4007/2336/3802 3985/2315/3802 3928/2258/3802
f 3929/2259/3803 4007/2336/3803 3928/2258/3803
f 4007/2336/3804 3929/2259/3804 4005/2335/3804
f 3988/2317/3805 4006/2337/3805 3987/2318/3805
f 4006/2337/3806 3988/2317/3806 3985/2315/3806
f 3840/2170/3807 3841/2172/3807 3933/2263/3807
f 3929/2259/3808 3986/2316/3808 4005/2335/3808
f 3986/2316/3809 3929/2259/3809 3930/2260/3809
f 3987/2318/3810 4007/2336/3810 4005/2335/3810
f 4007/2336/3811 3987/2318/3811 4006/2337/3811
f 3741/2071/3812 3916/2246/3812 3685/2014/3812
f 3916/2246/3813 3741/2071/3813 3955/2285/3813
f 3940/2270/3814 3993/2323/3814 3939/2268/3814
f 3993/2323/3815 3940/2270/3815 4004/2333/3815
f 3942/2272/3816 3783/2113/3816 3719/2048/3816
f 3783/2113/3817 3942/2272/3817 3991/2321/3817
f 3939/2268/3818 3991/2321/3818 3942/2272/3818
f 3991/2321/3819 3939/2268/3819 3993/2323/3819
f 3955/2285/3820 3967/2297/3820 3916/2246/3820
f 3967/2297/3821 3955/2285/3821 3952/2283/3821
f 3952/2283/3822 4001/2331/3822 3967/2297/3822
f 4001/2331/3823 3952/2283/3823 3953/2282/3823
f 4008/2338/3824 4010/2339/3824 4009/2340/3824
f 4010/2339/3825 4008/2338/3825 4011/2341/3825
f 4012/2342/3826 4009/2340/3826 4013/2343/3826
f 4009/2340/3827 4012/2342/3827 4008/2338/3827
f 4014/2344/3828 4013/2343/3828 4015/2345/3828
f 4013/2343/3829 4014/2344/3829 4012/2342/3829
f 4016/2346/3830 4015/2345/3830 4017/2347/3830
f 4015/2345/3831 4016/2346/3831 4014/2344/3831
f 4018/2348/3832 4017/2347/3832 4019/2349/3832
f 4017/2347/3833 4018/2348/3833 4016/2346/3833
f 4020/2350/3834 4019/2349/3834 4021/2351/3834
f 4019/2349/3835 4020/2350/3835 4018/2348/3835
f 4022/2352/3836 4021/2351/3836 4023/2353/3836
f 4021/2351/3837 4022/2352/3837 4020/2350/3837
f 4024/2354/3838 4023/2353/3838 4025/2355/3838
f 4023/2353/3839 4024/2354/3839 4022/2352/3839
f 4026/2356/3840 4025/2355/3840 4027/2357/3840
f 4025/2355/3841 4026/2356/3841 4024/2354/3841
f 4028/2358/3842 4027/2357/3842 4029/2359/3842
f 4027/2357/3843 4028/2358/3843 4026/2356/3843
f 4030/2360/3844 4029/2359/3844 4031/2361/3844
f 4029/2359/3845 4030/2360/3845 4028/2358/3845
f 4032/2362/3846 4031/2361/3846 4033/2363/3846
f 4031/2361/3847 4032/2362/3847 4030/2360/3847
f 4034/2364/3848 4033/2363/3848 4035/2365/3848
f 4033/2363/3849 4034/2364/3849 4032/2362/3849
f 4036/2366/3850 4035/2365/3850 4037/2367/3850
f 4035/2365/3851 4036/2366/3851 4034/2364/3851
f 4038/2368/3852 4037/2367/3852 4039/2369/3852
f 4037/2367/3853 4038/2368/3853 4036/2366/3853
f 3853/2184/3854 3831/2161/3854 3766/2096/3854
f 3831/2161/3855 3853/2184/3855 3959/2290/3855
f 3959/2290/3856 3769/2099/3856 3831/2161/3856
f 3769/2099/3857 3959/2290/3857 3960/2289/3857
f 4040/2370/3858 3739/2070/3858 4041/2371/3858
f 3739/2070/3859 4040/2370/3859 3738/2068/3859
f 4040/2370/3860 3956/2286/3860 3738/2068/3860
f 3956/2286/3861 4040/2370/3861 4042/2372/3861
f 4041/2371/3862 3740/2069/3862 3742/2072/3862
f 3740/2069/3863 4041/2371/3863 3739/2070/3863
f 3955/2285/3864 4042/2372/3864 3957/2287/3864
f 4042/2372/3865 3955/2285/3865 3956/2286/3865
o mc_001_alarm_0_0_mesh0
v -0.119071 0.657377 -0.108465
v -0.137228 0.657376 -0.073445
v -0.095671 0.685226 -0.060121
v -0.074749 0.685227 -0.093391
v -0.122690 0.657377 0.041034
v -0.073944 0.685227 0.047925
v -0.094419 0.685226 0.010445
v -0.136522 0.657376 0.005379
v -0.101461 0.657377 0.072431
v -0.074038 0.657377 0.088345
v -0.143223 0.621592 -0.119390
v -0.163139 0.621591 -0.079651
v -0.164150 0.620513 0.030166
v -0.170811 0.621052 -0.002578
v -0.076035 0.613656 0.128295
v -0.075313 0.623317 0.120855
v -0.097268 0.618843 0.118141
v -0.117943 0.599159 0.127153
v -0.155115 0.522035 -0.121444
v -0.178536 0.522522 -0.082142
v -0.186912 0.550574 -0.085674
v -0.166536 0.550331 -0.125728
v -0.164633 0.347617 -0.127371
v -0.163522 0.315732 -0.127876
v -0.186857 0.327732 -0.083740
v -0.186065 0.358407 -0.083396
v -0.160512 0.242517 -0.126426
v -0.156206 0.202086 -0.125244
v -0.181981 0.202970 -0.081026
v -0.185065 0.244311 -0.083028
v -0.131463 0.261490 0.127810
v -0.159520 0.268284 0.103363
v -0.157099 0.238046 0.102661
v -0.130310 0.234904 0.129266
v -0.136830 0.439827 0.120602
v -0.091445 0.431829 0.141317
v -0.092519 0.449084 0.138889
v -0.143533 0.477909 0.122298
v -0.052844 0.701631 -0.040874
v -0.041055 0.701631 -0.062093
v -0.160078 0.585116 -0.124153
v -0.179415 0.585116 -0.083866
v -0.182168 0.582695 0.026326
v -0.187654 0.583906 -0.004572
v -0.095541 0.657377 -0.133449
v -0.047633 0.656279 -0.159978
v -0.053021 0.621591 -0.182482
v -0.104024 0.621591 -0.158557
v -0.091516 0.405266 0.143176
v -0.133288 0.404761 0.120751
v -0.043650 0.362762 0.156439
v -0.043333 0.365841 0.162622
v -0.066879 0.365006 0.153898
v -0.066553 0.361441 0.148922
v -0.043740 0.360348 0.157857
v -0.045603 0.355785 0.162758
v -0.022801 0.355877 0.165748
v -0.021870 0.360557 0.161152
v -0.101229 0.359275 0.137214
v -0.100709 0.359781 0.137210
v -0.104855 0.363388 0.139774
v -0.107806 0.358179 0.138987
v -0.066300 0.359775 0.150045
v -0.067918 0.355563 0.154207
v -0.195220 0.442170 0.002207
v -0.189785 0.441469 0.041317
v -0.190238 0.479600 0.037941
v -0.192539 0.480439 0.000078
v 0.000000 0.706164 -0.017153
v 0.000000 0.701631 -0.075267
v -0.022249 0.701631 -0.071449
v -0.057483 0.701632 -0.020867
v -0.040918 0.701631 0.019588
v -0.053548 0.701631 0.001602
v -0.034310 0.685227 0.068979
v -0.019660 0.701631 0.030557
v -0.190218 0.408622 0.043627
v -0.195175 0.410849 0.002998
v -0.196041 0.386100 0.003219
v -0.191520 0.383572 0.045551
v -0.146502 0.619975 0.065353
v -0.169521 0.581485 0.058791
v -0.153866 0.575465 0.089323
v -0.129860 0.612487 0.091383
v -0.099190 0.630252 0.103220
v -0.164764 0.403747 -0.126755
v -0.164698 0.370894 -0.127063
v -0.185482 0.377691 -0.082996
v -0.184471 0.406514 -0.082864
v -0.193283 0.231582 0.039346
v -0.188594 0.201858 0.037506
v -0.177284 0.201521 0.070055
v -0.181049 0.241189 0.073224
v -0.176286 0.441688 0.070504
v -0.158923 0.440606 0.098112
v -0.160758 0.478544 0.095739
v -0.176181 0.479723 0.067754
v -0.108614 0.657377 -0.120634
v -0.136653 0.585116 -0.150078
v -0.125855 0.621591 -0.139602
v -0.110767 0.585116 -0.170524
v -0.139617 0.438173 -0.154413
v -0.139170 0.477848 -0.153663
v -0.112257 0.477010 -0.176500
v -0.112440 0.437025 -0.177609
v -0.140945 0.402270 -0.154794
v -0.140287 0.368553 -0.154355
v -0.181505 0.276317 0.078297
v -0.188892 0.281380 0.070981
v -0.187825 0.257174 0.062909
v -0.198751 0.232813 0.009461
v -0.199357 0.249516 0.010561
v -0.198381 0.260261 -0.015422
v -0.197318 0.246106 -0.033674
v -0.194196 0.249179 0.037285
v -0.179733 0.353382 0.072750
v -0.192839 0.361427 0.046564
v -0.193576 0.343874 0.045757
v -0.183225 0.323172 0.075472
v -0.197231 0.347817 0.004669
v -0.196327 0.364343 0.002191
v -0.195428 0.363460 -0.035499
v -0.196729 0.333011 -0.035615
v -0.036910 0.685227 -0.120489
v 0.000000 0.685227 -0.126725
v 0.000000 0.657377 -0.165274
v -0.055568 0.585116 -0.195073
v 0.000000 0.621591 -0.190484
v 0.000000 0.585116 -0.204321
v -0.056442 0.436630 -0.202750
v -0.056206 0.476721 -0.201463
v 0.000000 0.476391 -0.208436
v 0.000000 0.436178 -0.208888
v 0.000000 0.701631 0.031867
v -0.057630 0.401704 -0.202557
v -0.057010 0.366366 -0.201122
v -0.112631 0.367775 -0.177834
v -0.113347 0.401858 -0.177703
v -0.021666 0.366303 0.166327
v -0.021825 0.363010 0.158990
v 0.000000 0.363257 0.161541
v 0.000000 0.366765 0.170031
v 0.000000 0.446988 0.158575
v -0.021941 0.440995 0.156524
v -0.022048 0.424049 0.159517
v 0.000000 0.427045 0.162220
v -0.162518 0.277547 -0.127405
v -0.186431 0.282607 -0.083270
v -0.133943 0.323961 0.124186
v -0.160197 0.342034 0.100572
v -0.159810 0.307335 0.102295
v -0.132766 0.288076 0.126582
v -0.197181 0.286318 -0.037564
v -0.198213 0.287514 -0.024863
v -0.198354 0.319598 -0.019223
v -0.091609 0.388487 0.144373
v -0.067896 0.389988 0.152931
v -0.067913 0.406184 0.151166
v -0.044190 0.391488 0.161466
v -0.022095 0.391766 0.164738
v -0.022155 0.407103 0.162510
v -0.044310 0.407103 0.159155
v -0.196029 0.409952 -0.034573
v -0.194712 0.442428 -0.034566
v -0.182676 0.440655 -0.082629
v -0.157656 0.404693 0.098726
v -0.158519 0.367536 0.099026
v -0.177909 0.375779 0.072933
v -0.163527 0.439320 -0.126972
v -0.119281 0.382543 0.130321
v -0.090427 0.364172 0.145176
v -0.089458 0.360119 0.141407
v -0.100511 0.358750 0.137725
v -0.105313 0.354275 0.140098
v -0.090234 0.355340 0.145656
v -0.088861 0.359202 0.142233
v -0.050957 0.322128 0.168112
v -0.050065 0.327734 0.167220
v -0.075054 0.327994 0.157531
v -0.095178 0.322068 0.150842
v -0.043883 0.435002 0.154473
v -0.042717 0.450415 0.149524
v -0.067789 0.419800 0.149530
v -0.046941 0.347371 0.164097
v -0.023470 0.347290 0.167182
v -0.134784 0.360552 0.122056
v -0.124178 0.356667 0.130326
v -0.093782 0.335023 0.149049
v -0.122871 0.337020 0.132276
v 0.000000 0.402072 -0.208568
v 0.000000 0.365832 -0.207950
v -0.142007 0.657377 -0.030490
v -0.103106 0.685227 -0.025604
v -0.173758 0.621592 -0.035339
v -0.193773 0.480954 -0.035614
v -0.181336 0.479659 -0.082567
v -0.189498 0.585117 -0.036486
v -0.195428 0.363460 -0.035499
v -0.196271 0.384491 -0.034422
v -0.186065 0.358407 -0.083396
v -0.194915 0.202760 -0.033861
v -0.194615 0.202263 0.006648
v -0.154918 0.200808 0.100705
v -0.127652 0.199144 0.130317
v -0.138235 0.241749 -0.151475
v -0.136363 0.202794 -0.146974
v -0.140935 0.330416 -0.155472
v -0.140957 0.303876 -0.155820
v -0.140037 0.275018 -0.154031
v -0.036413 0.657377 0.101073
v -0.072260 0.633268 0.110318
v -0.036181 0.635497 0.115564
v -0.177948 0.406409 0.072160
v -0.196673 0.335730 0.009595
v -0.195969 0.334426 0.044619
v -0.197231 0.347817 0.004669
v -0.193059 0.310308 0.065897
v -0.196673 0.335730 0.009595
v -0.193211 0.523169 -0.036776
v -0.188916 0.522306 -0.002800
v -0.198008 0.549861 -0.005094
v -0.198262 0.550898 -0.037406
v -0.196327 0.364343 0.002191
v -0.193283 0.231582 0.039346
v -0.188594 0.201858 0.037506
v -0.194196 0.249179 0.037285
v -0.196424 0.288796 0.060124
v -0.198973 0.270885 0.046476
v -0.201325 0.270449 0.018835
v -0.203116 0.281777 -0.005255
v -0.199540 0.268385 0.033616
v -0.199272 0.292856 -0.011236
v -0.199075 0.310092 -0.010095
v -0.198898 0.325839 0.006452
v -0.199855 0.326480 0.041157
v -0.198751 0.307600 0.058752
v -0.198898 0.325839 0.006452
v -0.199540 0.268385 0.033616
v -0.222110 0.276379 0.035806
v -0.223459 0.279262 0.020855
v -0.207157 0.309482 0.057303
v -0.210123 0.290387 0.058623
v -0.211536 0.325496 0.018104
v -0.207831 0.324130 0.041475
v -0.219703 0.284740 0.006664
v -0.212992 0.301127 -0.000607
v -0.216422 0.280311 0.049152
v -0.222110 0.276379 0.035806
v -0.210815 0.317072 0.003092
v -0.211536 0.325496 0.018104
v -0.231819 0.276324 0.037741
v -0.233214 0.279832 0.020376
v -0.226711 0.309198 0.056991
v -0.228621 0.290011 0.057703
v -0.228985 0.324603 0.021535
v -0.227509 0.324177 0.041537
v -0.233873 0.285811 0.010091
v -0.233073 0.299916 0.005009
v -0.230141 0.281133 0.050760
v -0.231819 0.276324 0.037741
v -0.230245 0.314550 0.007966
v -0.228985 0.324603 0.021535
v -0.266257 0.278228 0.041241
v -0.265291 0.278953 0.027884
v -0.270449 0.310340 0.057177
v -0.268195 0.291629 0.057578
v -0.276486 0.321552 0.029282
v -0.273283 0.321458 0.045502
v -0.268560 0.285040 0.017988
v -0.270947 0.296727 0.013563
v -0.266297 0.283917 0.051869
v -0.266257 0.278228 0.041241
v -0.274450 0.312172 0.017849
v -0.276486 0.321552 0.029282
v -0.278436 0.279053 0.042543
v -0.280670 0.279859 0.030296
v -0.284311 0.310605 0.057550
v -0.280449 0.292403 0.058839
v -0.286649 0.320704 0.031147
v -0.285610 0.320858 0.046269
v -0.282961 0.285801 0.020852
v -0.285236 0.296889 0.016655
v -0.279087 0.284471 0.053274
v -0.278436 0.279053 0.042543
v -0.286888 0.311884 0.020418
v -0.286649 0.320704 0.031147
v -0.296976 0.280420 0.033425
v -0.294064 0.279587 0.045270
v -0.347303 0.281272 0.052623
v -0.349302 0.282051 0.041384
v -0.296530 0.292798 0.060587
v -0.298639 0.310225 0.059514
v -0.351543 0.308592 0.066306
v -0.349326 0.292782 0.067171
v -0.301761 0.320006 0.049047
v -0.302829 0.319899 0.033918
v -0.355180 0.317015 0.041725
v -0.353674 0.317153 0.056213
v -0.301422 0.296908 0.020089
v -0.299210 0.286081 0.024188
v -0.351357 0.286706 0.032660
v -0.353396 0.296891 0.028751
v -0.294064 0.279587 0.045270
v -0.294877 0.285172 0.055370
v -0.348052 0.285862 0.062089
v -0.347303 0.281272 0.052623
v -0.302829 0.319899 0.033918
v -0.303047 0.311661 0.023528
v -0.354835 0.308771 0.032364
v -0.355180 0.317015 0.041725
v -0.361616 0.281494 0.054197
v -0.363471 0.282218 0.043228
v -0.365543 0.308172 0.068119
v -0.363455 0.292177 0.069167
v -0.368659 0.316341 0.044008
v -0.367541 0.316467 0.057886
v -0.365378 0.286538 0.034715
v -0.367303 0.296997 0.030673
v -0.362310 0.285755 0.063436
v -0.361616 0.281494 0.054197
v -0.368852 0.309571 0.034236
v -0.368659 0.316341 0.044008
v -0.162835 0.478685 -0.126659
v -0.164633 0.347617 -0.127371
v -0.140935 0.330416 -0.155472
v -0.056390 0.330400 -0.199688
v -0.111853 0.330309 -0.177827
v 0.000000 0.329593 -0.207333
v -0.091030 0.374073 0.144935
v -0.067385 0.375115 0.153674
v -0.043742 0.376157 0.162415
v -0.021871 0.376503 0.165900
v -0.110960 0.371208 0.135805
v -0.049006 0.334393 0.166161
v -0.069354 0.347391 0.155570
v -0.071407 0.334708 0.157625
v -0.025028 0.327308 0.170518
v -0.024499 0.334088 0.169386
v -0.116120 0.357836 0.134536
v -0.091769 0.347410 0.147045
v -0.112426 0.347709 0.137592
v -0.093207 0.470295 0.134532
v -0.120122 0.494303 0.128804
v -0.143533 0.477909 0.122298
v -0.092519 0.449084 0.138889
v -0.188013 0.521281 0.030049
v -0.188916 0.522306 -0.002800
v -0.196755 0.503069 -0.000992
v -0.190388 0.503738 0.035900
v -0.162676 0.534273 0.092050
v -0.175122 0.538236 0.062600
v -0.141742 0.504665 -0.156578
v -0.134360 0.521616 -0.147639
v -0.105974 0.521197 -0.168121
v -0.113285 0.502911 -0.178161
v -0.053227 0.521053 -0.187593
v 0.000000 0.520888 -0.194806
v 0.000000 0.503573 -0.209740
v -0.060614 0.503820 -0.202161
v -0.021358 0.463953 0.150753
v -0.043050 0.473565 0.143634
v -0.042717 0.450415 0.149524
v -0.193211 0.523169 -0.036776
v -0.178536 0.522522 -0.082142
v -0.188149 0.504919 -0.085516
v -0.197119 0.503758 -0.036261
v -0.151195 0.530542 0.123461
v -0.184290 0.520222 0.047591
v -0.184322 0.502979 0.051424
v -0.168641 0.504332 -0.128008
v -0.155115 0.522035 -0.121444
v -0.192578 0.549227 0.029391
v -0.188013 0.521281 0.030049
v -0.139768 0.550121 -0.153937
v -0.111973 0.549912 -0.175667
v -0.134360 0.521616 -0.147639
v -0.105974 0.521197 -0.168121
v 0.000000 0.549757 -0.206401
v -0.055727 0.549840 -0.198916
v 0.000000 0.520888 -0.194806
v -0.053227 0.521053 -0.187593
v -0.175122 0.538236 0.062600
v -0.162676 0.534273 0.092050
v -0.143881 0.569446 0.124012
v -0.151195 0.530542 0.123461
v -0.184290 0.520222 0.047591
v 0.000000 0.657377 0.106243
v 0.000000 0.685227 0.075815
v 0.000000 0.631762 0.118544
v 0.000000 0.620876 0.123772
v -0.037452 0.625697 0.122145
v -0.037016 0.613570 0.129096
v 0.000000 0.606147 0.129136
v -0.035163 0.575145 0.133198
v 0.000000 0.561674 0.133080
v -0.075153 0.580255 0.131081
v -0.103124 0.571874 0.128218
v -0.021358 0.463953 0.150753
v -0.021525 0.484644 0.144434
v -0.118423 0.549654 0.128710
v -0.124069 0.526514 0.127146
v -0.065172 0.361441 0.139839
v -0.043650 0.362762 0.146430
v -0.021870 0.360557 0.151142
v -0.043740 0.360348 0.147847
v -0.097369 0.358750 0.129623
v -0.098529 0.359275 0.129128
v -0.097567 0.359781 0.129108
v -0.021825 0.363010 0.148980
v 0.000000 0.363257 0.151531
v -0.086696 0.360119 0.133251
v -0.064919 0.359775 0.140961
v -0.086099 0.359203 0.134077
v -0.065172 0.361441 0.139839
v -0.063892 0.396878 0.129280
v -0.043650 0.398215 0.135997
v -0.043650 0.362762 0.146430
v -0.043740 0.360348 0.147847
v -0.021870 0.360557 0.151142
v -0.021870 0.319177 0.142745
v -0.043740 0.318967 0.139450
v -0.098529 0.359275 0.129128
v -0.117946 0.334678 0.108321
v -0.125520 0.359673 0.108716
v -0.097567 0.359781 0.129108
v -0.117026 0.383753 0.109452
v -0.101437 0.392227 0.117134
v -0.021825 0.363010 0.148980
v -0.021825 0.398815 0.139075
v 0.000000 0.399415 0.142153
v 0.000000 0.363257 0.151531
v -0.086696 0.360119 0.133251
v -0.084133 0.395540 0.122564
v -0.064919 0.359775 0.140961
v -0.063638 0.319834 0.133165
v -0.083537 0.320702 0.126880
v -0.086099 0.359203 0.134077
v -0.097369 0.358750 0.129623
v -0.105141 0.325716 0.120039
v -0.063159 0.411477 0.110872
v -0.043651 0.413350 0.115552
v -0.021871 0.298716 0.119801
v -0.043741 0.299093 0.117273
v -0.021826 0.413875 0.117972
v 0.000000 0.429387 0.098630
v -0.104198 0.412856 0.084882
v -0.081200 0.423667 0.089824
v -0.062906 0.300215 0.112810
v -0.080606 0.281973 0.089812
v -0.108234 0.298120 0.084871
v -0.043652 0.428485 0.095106
v -0.081202 0.431490 0.041133
v -0.043652 0.436925 0.041122
v -0.043742 0.279219 0.095096
v 0.000000 0.277291 0.098619
v 0.000000 0.269999 0.041101
v -0.043742 0.268520 0.041112
v -0.139308 0.357522 0.076046
v -0.127700 0.321423 0.076042
v -0.137145 0.315448 0.039868
v -0.147553 0.358551 0.041136
v -0.126536 0.394279 0.076044
v -0.133043 0.401751 0.041136
v -0.107475 0.421635 0.041136
v 0.000000 0.437942 0.041112
v -0.078356 0.270033 0.041123
v -0.110250 0.287279 0.040931
v -0.081046 0.400677 -0.027354
v -0.037456 0.406122 -0.027366
v 0.000000 0.307255 -0.027387
v -0.036725 0.303888 -0.015303
v -0.097147 0.325989 -0.018941
v -0.108872 0.359209 -0.024483
v -0.099733 0.387639 -0.025987
v 0.000000 0.406657 -0.027376
v -0.069119 0.309193 -0.027365
v -0.065936 0.371352 -0.037792
v -0.039392 0.369098 -0.045978
v 0.000000 0.332174 -0.048598
v -0.040777 0.325757 -0.051566
v 0.000000 0.373457 -0.043788
v -0.065001 0.339856 -0.040152
v -0.039392 0.369098 -0.045978
v -0.040777 0.325757 -0.051566
v 0.000000 0.332174 -0.048598
v 0.000000 0.355968 0.168737
v 0.000000 0.360767 0.164446
v 0.000000 0.347209 0.170267
v 0.000000 0.376849 0.169385
v 0.000000 0.392043 0.168010
v 0.000000 0.360767 0.154437
v 0.000000 0.360767 0.154437
v 0.000000 0.319386 0.146039
v 0.000000 0.333784 0.172610
v -0.044097 0.421053 0.156814
v 0.000000 0.407103 0.165865
v -0.025478 0.321529 0.171483
v 0.000000 0.320930 0.174854
v 0.000000 0.326881 0.173815
v 0.119071 0.657377 -0.108465
v 0.074749 0.685227 -0.093391
v 0.095671 0.685226 -0.060121
v 0.137228 0.657376 -0.073445
v 0.122690 0.657377 0.041034
v 0.136522 0.657376 0.005379
v 0.094419 0.685226 0.010445
v 0.073944 0.685227 0.047925
v 0.074038 0.657377 0.088345
v 0.101461 0.657377 0.072431
v 0.143223 0.621592 -0.119390
v 0.163138 0.621591 -0.079652
v 0.164150 0.620513 0.030166
v 0.170811 0.621052 -0.002579
v 0.076035 0.613656 0.128295
v 0.117943 0.599159 0.127153
v 0.097268 0.618843 0.118141
v 0.075313 0.623317 0.120855
v 0.155115 0.522035 -0.121444
v 0.166536 0.550331 -0.125728
v 0.186912 0.550574 -0.085674
v 0.178536 0.522522 -0.082142
v 0.164633 0.347617 -0.127371
v 0.186065 0.358407 -0.083396
v 0.186857 0.327732 -0.083740
v 0.163522 0.315732 -0.127876
v 0.160512 0.242517 -0.126426
v 0.185065 0.244311 -0.083029
v 0.181981 0.202970 -0.081026
v 0.156206 0.202086 -0.125244
v 0.131463 0.261490 0.127810
v 0.130310 0.234904 0.129266
v 0.157099 0.238046 0.102661
v 0.159520 0.268284 0.103363
v 0.136830 0.439827 0.120608
v 0.143533 0.477909 0.122298
v 0.092519 0.449084 0.138889
v 0.091445 0.431829 0.141317
v 0.041055 0.701631 -0.062093
v 0.052844 0.701631 -0.040874
v 0.160078 0.585116 -0.124154
v 0.179415 0.585116 -0.083866
v 0.182168 0.582695 0.026326
v 0.187654 0.583906 -0.004572
v 0.095541 0.657377 -0.133449
v 0.104023 0.621591 -0.158557
v 0.053021 0.621591 -0.182482
v 0.047633 0.656279 -0.159978
v 0.091517 0.405266 0.143176
v 0.133288 0.404761 0.120763
v 0.043650 0.362762 0.156439
v 0.066553 0.361441 0.148922
v 0.066879 0.365007 0.153898
v 0.043333 0.365841 0.162622
v 0.043740 0.360348 0.157857
v 0.021870 0.360557 0.161152
v 0.022801 0.355877 0.165748
v 0.045603 0.355785 0.162758
v 0.101217 0.359275 0.137208
v 0.107792 0.358179 0.138985
v 0.104842 0.363388 0.139771
v 0.100698 0.359781 0.137203
v 0.067918 0.355563 0.154207
v 0.066300 0.359775 0.150045
v 0.195220 0.442170 0.002207
v 0.192539 0.480439 0.000078
v 0.190238 0.479600 0.037941
v 0.189785 0.441469 0.041317
v 0.022249 0.701631 -0.071449
v 0.057483 0.701632 -0.020867
v 0.053548 0.701631 0.001602
v 0.040918 0.701631 0.019588
v 0.019660 0.701631 0.030557
v 0.034310 0.685227 0.068979
v 0.190218 0.408622 0.043627
v 0.191520 0.383572 0.045551
v 0.196041 0.386100 0.003219
v 0.195175 0.410849 0.002998
v 0.146502 0.619975 0.065353
v 0.129860 0.612487 0.091383
v 0.153866 0.575465 0.089323
v 0.169521 0.581485 0.058791
v 0.099190 0.630252 0.103220
v 0.164764 0.403747 -0.126755
v 0.184471 0.406514 -0.082864
v 0.185482 0.377691 -0.082996
v 0.164698 0.370894 -0.127063
v 0.193283 0.231582 0.039346
v 0.181049 0.241189 0.073224
v 0.177284 0.201521 0.070055
v 0.188594 0.201858 0.037506
v 0.176286 0.441688 0.070504
v 0.176181 0.479723 0.067754
v 0.160758 0.478544 0.095739
v 0.158923 0.440606 0.098113
v 0.108614 0.657377 -0.120634
v 0.136653 0.585116 -0.150078
v 0.110767 0.585116 -0.170524
v 0.125855 0.621591 -0.139602
v 0.139617 0.438173 -0.154413
v 0.112440 0.437025 -0.177609
v 0.112257 0.477010 -0.176500
v 0.139170 0.477848 -0.153663
v 0.140945 0.402270 -0.154795
v 0.140287 0.368553 -0.154355
v 0.181480 0.276327 0.078373
v 0.187675 0.257102 0.063170
v 0.188892 0.281380 0.070981
v 0.198751 0.232813 0.009460
v 0.197318 0.246106 -0.033674
v 0.198530 0.260175 -0.015135
v 0.199361 0.249433 0.010864
v 0.194118 0.249102 0.037565
v 0.179734 0.353382 0.072750
v 0.183195 0.323155 0.075533
v 0.194300 0.344159 0.045782
v 0.192845 0.361511 0.046260
v 0.197409 0.347659 0.004457
v 0.196729 0.333011 -0.035615
v 0.195783 0.363353 -0.035097
v 0.196257 0.364383 0.002042
v 0.036910 0.685227 -0.120489
v 0.055567 0.585116 -0.195073
v 0.056441 0.436630 -0.202750
v 0.000000 0.436178 -0.208888
v 0.000000 0.476391 -0.208436
v 0.056206 0.476721 -0.201463
v 0.057630 0.401704 -0.202557
v 0.113347 0.401859 -0.177703
v 0.112631 0.367775 -0.177834
v 0.057010 0.366366 -0.201122
v 0.021666 0.366303 0.166327
v 0.021825 0.363010 0.158990
v 0.022048 0.424049 0.159517
v 0.021941 0.440995 0.156524
v 0.186431 0.282607 -0.083270
v 0.162518 0.277547 -0.127406
v 0.133943 0.323961 0.124186
v 0.132767 0.288076 0.126582
v 0.159810 0.307335 0.102295
v 0.160197 0.342034 0.100572
v 0.197325 0.286320 -0.037581
v 0.198059 0.319379 -0.018892
v 0.198115 0.286440 -0.024689
v 0.067913 0.406184 0.151166
v 0.067896 0.389988 0.152931
v 0.091607 0.388487 0.144372
v 0.044190 0.391488 0.161466
v 0.044310 0.407103 0.159155
v 0.022155 0.407103 0.162510
v 0.022095 0.391766 0.164738
v 0.196029 0.409952 -0.034573
v 0.182676 0.440655 -0.082629
v 0.194712 0.442428 -0.034566
v 0.157657 0.404693 0.098726
v 0.177909 0.375779 0.072933
v 0.158520 0.367536 0.099026
v 0.163526 0.439321 -0.126972
v 0.119275 0.382543 0.130327
v 0.090421 0.364172 0.145171
v 0.089453 0.360119 0.141402
v 0.100501 0.358750 0.137719
v 0.088857 0.359202 0.142230
v 0.090230 0.355340 0.145653
v 0.105301 0.354275 0.140095
v 0.050957 0.322128 0.168112
v 0.095178 0.322068 0.150842
v 0.075054 0.327994 0.157531
v 0.050065 0.327734 0.167220
v 0.043883 0.435002 0.154472
v 0.042717 0.450415 0.149524
v 0.067789 0.419800 0.149530
v 0.023470 0.347290 0.167182
v 0.046941 0.347371 0.164097
v 0.134784 0.360552 0.122069
v 0.124172 0.356667 0.130335
v 0.122869 0.337020 0.132279
v 0.093782 0.335023 0.149049
v 0.000000 0.402072 -0.208568
v 0.000000 0.365832 -0.207950
v 0.103106 0.685227 -0.025604
v 0.142007 0.657378 -0.030490
v 0.173758 0.621592 -0.035339
v 0.181336 0.479659 -0.082567
v 0.193773 0.480954 -0.035614
v 0.189498 0.585117 -0.036486
v 0.195783 0.363353 -0.035097
v 0.186065 0.358407 -0.083396
v 0.196271 0.384491 -0.034422
v 0.194615 0.202263 0.006648
v 0.194914 0.202760 -0.033861
v 0.127652 0.199144 0.130317
v 0.154918 0.200808 0.100705
v 0.136363 0.202794 -0.146974
v 0.138235 0.241749 -0.151475
v 0.140957 0.303876 -0.155820
v 0.140935 0.330416 -0.155472
v 0.140037 0.275018 -0.154031
v 0.036413 0.657377 0.101073
v 0.036182 0.635497 0.115564
v 0.072260 0.633268 0.110318
v 0.177948 0.406409 0.072160
v 0.196673 0.335730 0.009595
v 0.197409 0.347659 0.004457
v 0.195969 0.334426 0.044619
v 0.192931 0.310222 0.066209
v 0.196673 0.335730 0.009595
v 0.193211 0.523169 -0.036776
v 0.198262 0.550898 -0.037406
v 0.198008 0.549861 -0.005094
v 0.188916 0.522306 -0.002800
v 0.196257 0.364383 0.002042
v 0.193283 0.231582 0.039346
v 0.188594 0.201858 0.037506
v 0.194118 0.249102 0.037565
v 0.201785 0.272706 0.046557
v 0.196444 0.290927 0.060500
v 0.205556 0.284736 -0.004940
v 0.204788 0.272995 0.018990
v 0.202976 0.270508 0.033697
v 0.199075 0.310092 -0.010095
v 0.199567 0.298656 -0.010613
v 0.198897 0.325839 0.006452
v 0.199855 0.326480 0.041157
v 0.198751 0.307600 0.058752
v 0.198897 0.325839 0.006452
v 0.202976 0.270508 0.033697
v 0.223459 0.279262 0.020855
v 0.222111 0.276379 0.035806
v 0.210124 0.290387 0.058623
v 0.207157 0.309482 0.057303
v 0.207831 0.324130 0.041475
v 0.211536 0.325496 0.018104
v 0.212992 0.301127 -0.000608
v 0.219703 0.284740 0.006663
v 0.222111 0.276379 0.035806
v 0.216422 0.280311 0.049152
v 0.211536 0.325496 0.018104
v 0.210815 0.317072 0.003091
v 0.233214 0.279832 0.020376
v 0.231819 0.276323 0.037741
v 0.228622 0.290010 0.057702
v 0.226711 0.309198 0.056991
v 0.227509 0.324176 0.041537
v 0.228985 0.324602 0.021535
v 0.233073 0.299916 0.005009
v 0.233873 0.285811 0.010091
v 0.231819 0.276323 0.037741
v 0.230141 0.281132 0.050759
v 0.228985 0.324602 0.021535
v 0.230245 0.314550 0.007966
v 0.265291 0.278953 0.027884
v 0.266257 0.278228 0.041241
v 0.268195 0.291629 0.057577
v 0.270449 0.310340 0.057177
v 0.273283 0.321458 0.045501
v 0.276486 0.321552 0.029282
v 0.270947 0.296727 0.013562
v 0.268560 0.285040 0.017988
v 0.266257 0.278228 0.041241
v 0.266297 0.283917 0.051869
v 0.276486 0.321552 0.029282
v 0.274450 0.312172 0.017849
v 0.280670 0.279859 0.030296
v 0.278436 0.279053 0.042543
v 0.280449 0.292403 0.058839
v 0.284311 0.310605 0.057550
v 0.285610 0.320858 0.046269
v 0.286649 0.320704 0.031147
v 0.285236 0.296889 0.016655
v 0.282961 0.285801 0.020852
v 0.278436 0.279053 0.042543
v 0.279087 0.284471 0.053274
v 0.286649 0.320704 0.031147
v 0.286888 0.311884 0.020418
v 0.296976 0.280420 0.033425
v 0.349302 0.282051 0.041384
v 0.347303 0.281272 0.052623
v 0.294064 0.279587 0.045270
v 0.296530 0.292798 0.060587
v 0.349326 0.292782 0.067171
v 0.351543 0.308592 0.066305
v 0.298639 0.310225 0.059514
v 0.301761 0.320006 0.049047
v 0.353674 0.317153 0.056213
v 0.355180 0.317015 0.041725
v 0.302829 0.319899 0.033918
v 0.301422 0.296908 0.020089
v 0.353396 0.296891 0.028751
v 0.351357 0.286706 0.032660
v 0.299210 0.286081 0.024188
v 0.294064 0.279587 0.045270
v 0.347303 0.281272 0.052623
v 0.348052 0.285862 0.062089
v 0.294877 0.285172 0.055370
v 0.302829 0.319899 0.033918
v 0.355180 0.317015 0.041725
v 0.354835 0.308771 0.032364
v 0.303047 0.311661 0.023528
v 0.363471 0.282218 0.043228
v 0.361616 0.281494 0.054197
v 0.363455 0.292177 0.069167
v 0.365543 0.308172 0.068119
v 0.367541 0.316467 0.057886
v 0.368659 0.316341 0.044008
v 0.367303 0.296996 0.030673
v 0.365378 0.286538 0.034715
v 0.361616 0.281494 0.054197
v 0.362310 0.285755 0.063436
v 0.368659 0.316341 0.044008
v 0.368852 0.309571 0.034236
v 0.162835 0.478685 -0.126659
v 0.164633 0.347617 -0.127371
v 0.140935 0.330416 -0.155472
v 0.111852 0.330309 -0.177827
v 0.056390 0.330400 -0.199688
v 0.000000 0.329593 -0.207333
v 0.091025 0.374073 0.144931
v 0.067385 0.375115 0.153674
v 0.043742 0.376157 0.162415
v 0.021871 0.376503 0.165900
v 0.110950 0.371208 0.135805
v 0.049006 0.334393 0.166161
v 0.071407 0.334708 0.157625
v 0.069354 0.347391 0.155570
v 0.024499 0.334088 0.169386
v 0.025028 0.327308 0.170518
v 0.116110 0.357836 0.134541
v 0.112418 0.347709 0.137593
v 0.091765 0.347410 0.147042
v 0.093207 0.470295 0.134532
v 0.092519 0.449084 0.138889
v 0.143533 0.477909 0.122298
v 0.120122 0.494303 0.128804
v 0.188013 0.521281 0.030049
v 0.190388 0.503738 0.035899
v 0.196755 0.503069 -0.000992
v 0.188916 0.522306 -0.002800
v 0.162676 0.534273 0.092050
v 0.175122 0.538236 0.062600
v 0.141742 0.504665 -0.156578
v 0.113285 0.502911 -0.178161
v 0.105974 0.521197 -0.168122
v 0.134360 0.521616 -0.147639
v 0.053227 0.521053 -0.187593
v 0.060614 0.503820 -0.202161
v 0.000000 0.503573 -0.209740
v 0.000000 0.520888 -0.194806
v 0.021358 0.463953 0.150753
v 0.043050 0.473565 0.143634
v 0.042717 0.450415 0.149524
v 0.193211 0.523169 -0.036776
v 0.197118 0.503758 -0.036261
v 0.188149 0.504919 -0.085516
v 0.178536 0.522522 -0.082142
v 0.151195 0.530542 0.123461
v 0.184322 0.502979 0.051424
v 0.184290 0.520222 0.047591
v 0.168641 0.504332 -0.128008
v 0.155115 0.522035 -0.121444
v 0.192578 0.549227 0.029391
v 0.188013 0.521281 0.030049
v 0.139768 0.550121 -0.153937
v 0.111973 0.549912 -0.175667
v 0.134360 0.521616 -0.147639
v 0.105974 0.521197 -0.168122
v 0.055727 0.549840 -0.198916
v 0.053227 0.521053 -0.187593
v 0.000000 0.520888 -0.194806
v 0.162676 0.534273 0.092050
v 0.175122 0.538236 0.062600
v 0.143881 0.569446 0.124012
v 0.151195 0.530542 0.123461
v 0.184290 0.520222 0.047591
v 0.037016 0.613570 0.129096
v 0.037452 0.625697 0.122145
v 0.000000 0.561674 0.133080
v 0.035163 0.575145 0.133198
v 0.075153 0.580255 0.131081
v 0.103124 0.571874 0.128218
v 0.021525 0.484644 0.144434
v 0.021358 0.463953 0.150753
v 0.118423 0.549654 0.128710
v 0.124069 0.526514 0.127146
v 0.043650 0.362762 0.146430
v 0.065172 0.361441 0.139839
v 0.043740 0.360348 0.147847
v 0.021870 0.360558 0.151142
v 0.098522 0.359275 0.129120
v 0.097364 0.358750 0.129615
v 0.097562 0.359781 0.129100
v 0.021825 0.363010 0.148980
v 0.086693 0.360119 0.133245
v 0.086097 0.359202 0.134073
v 0.064919 0.359775 0.140961
v 0.065172 0.361441 0.139839
v 0.043650 0.362762 0.146430
v 0.043650 0.398215 0.135997
v 0.063892 0.396878 0.129280
v 0.043740 0.360348 0.147847
v 0.043740 0.318967 0.139450
v 0.021870 0.319177 0.142745
v 0.021870 0.360558 0.151142
v 0.098522 0.359275 0.129120
v 0.125520 0.359673 0.108717
v 0.117946 0.334678 0.108321
v 0.097562 0.359781 0.129100
v 0.101439 0.392228 0.117130
v 0.117031 0.383753 0.109455
v 0.021825 0.363010 0.148980
v 0.021825 0.398815 0.139075
v 0.086693 0.360119 0.133245
v 0.084133 0.395540 0.122564
v 0.064919 0.359775 0.140961
v 0.086097 0.359202 0.134073
v 0.083537 0.320702 0.126880
v 0.063638 0.319834 0.133165
v 0.097364 0.358750 0.129615
v 0.105141 0.325716 0.120039
v 0.043651 0.413350 0.115552
v 0.063159 0.411477 0.110872
v 0.043741 0.299093 0.117273
v 0.021871 0.298716 0.119801
v 0.021826 0.413875 0.117971
v 0.081202 0.423667 0.089822
v 0.104210 0.412856 0.084880
v 0.080606 0.281973 0.089812
v 0.062906 0.300215 0.112810
v 0.108234 0.298120 0.084871
v 0.043652 0.428485 0.095106
v 0.043652 0.436925 0.041122
v 0.081202 0.431490 0.041133
v 0.043742 0.279219 0.095096
v 0.043742 0.268520 0.041112
v 0.000000 0.269999 0.041101
v 0.000000 0.277291 0.098619
v 0.139309 0.357522 0.076047
v 0.147554 0.358551 0.041137
v 0.137145 0.315448 0.039868
v 0.127700 0.321423 0.076042
v 0.107483 0.421635 0.041136
v 0.133045 0.401751 0.041137
v 0.126554 0.394279 0.076051
v 0.078356 0.270033 0.041123
v 0.110250 0.287279 0.040930
v 0.037456 0.406122 -0.027366
v 0.081046 0.400677 -0.027354
v 0.036725 0.303888 -0.015303
v 0.000000 0.307255 -0.027387
v 0.097147 0.324236 -0.012759
v 0.099733 0.387639 -0.025987
v 0.108872 0.359209 -0.024483
v 0.069119 0.309193 -0.027365
v 0.039392 0.369098 -0.045978
v 0.065936 0.371352 -0.037792
v 0.040777 0.325757 -0.051566
v 0.000000 0.332174 -0.048598
v 0.065001 0.339856 -0.040152
v 0.040777 0.325757 -0.051566
v 0.039392 0.369098 -0.045978
v 0.000000 0.319386 0.146039
v 0.000000 0.360767 0.154437
v 0.044097 0.421053 0.156814
v 0.025478 0.321529 0.171483
v 0.000000 0.477492 0.151982
v 0.000000 0.477492 0.151982
v 0.000000 0.495723 0.145234
v 0.000000 0.495723 0.145234
v 0.000000 0.477492 0.151982
v -0.133003 0.496330 0.174581
v -0.137944 0.522988 0.175488
v -0.143345 0.522988 0.163443
v -0.137997 0.496330 0.163443
v -0.118780 0.496330 0.184023
v -0.122561 0.522988 0.185700
v -0.097493 0.496330 0.190332
v -0.099539 0.522988 0.192524
v -0.072384 0.496330 0.192548
v -0.072384 0.522988 0.194920
v -0.047275 0.496330 0.190332
v -0.045228 0.522988 0.192524
v -0.025988 0.496330 0.184023
v -0.022207 0.522988 0.185700
v -0.011765 0.496330 0.174581
v -0.006824 0.522988 0.175488
v -0.006770 0.496330 0.163443
v -0.001423 0.522988 0.163443
v -0.118801 0.473302 0.171971
v -0.122625 0.473302 0.163443
v -0.107910 0.473302 0.179201
v -0.091610 0.473302 0.184032
v -0.072384 0.473302 0.185729
v -0.053157 0.473302 0.184032
v -0.036858 0.473302 0.179201
v -0.025967 0.473302 0.171971
v -0.022142 0.473302 0.163443
v -0.097537 0.457901 0.168064
v -0.099610 0.457901 0.163443
v -0.091635 0.457901 0.171982
v -0.082803 0.457901 0.174600
v -0.072384 0.457901 0.175520
v -0.061965 0.457901 0.174600
v -0.053132 0.457901 0.171982
v -0.047230 0.457901 0.168064
v -0.045158 0.457901 0.163443
v -0.072384 0.452474 0.163443
v -0.072384 0.594221 0.163402
v -0.099610 0.588794 0.163402
v -0.097537 0.588794 0.168024
v -0.091635 0.588794 0.171942
v -0.082803 0.588794 0.174560
v -0.072384 0.588794 0.175479
v -0.061965 0.588794 0.174560
v -0.053132 0.588794 0.171942
v -0.047230 0.588794 0.168024
v -0.045158 0.588794 0.163402
v -0.118801 0.573392 0.171931
v -0.122625 0.573392 0.163402
v -0.107910 0.573392 0.179161
v -0.091610 0.573393 0.183992
v -0.072384 0.573392 0.185688
v -0.053157 0.573393 0.183992
v -0.036858 0.573392 0.179161
v -0.025967 0.573392 0.171931
v -0.022142 0.573392 0.163402
v -0.133003 0.550364 0.174540
v -0.137997 0.550364 0.163402
v -0.118780 0.550364 0.183983
v -0.097493 0.550364 0.190292
v -0.072384 0.550364 0.192507
v -0.047275 0.550364 0.190292
v -0.025988 0.550364 0.183983
v -0.011765 0.550364 0.174540
v -0.006770 0.550364 0.163402
v -0.137944 0.523706 0.175448
v -0.143345 0.523707 0.163402
v -0.122561 0.523706 0.185660
v -0.099539 0.523706 0.192483
v -0.072384 0.523706 0.194879
v -0.045228 0.523706 0.192483
v -0.022207 0.523706 0.185660
v -0.006824 0.523706 0.175448
v -0.001423 0.523707 0.163402
v 0.133003 0.496330 0.174581
v 0.137997 0.496330 0.163443
v 0.143345 0.522988 0.163443
v 0.137944 0.522988 0.175488
v 0.118780 0.496330 0.184023
v 0.122561 0.522988 0.185700
v 0.097493 0.496330 0.190332
v 0.099539 0.522988 0.192524
v 0.072384 0.496330 0.192548
v 0.072384 0.522988 0.194920
v 0.047275 0.496330 0.190332
v 0.045228 0.522988 0.192524
v 0.025988 0.496330 0.184023
v 0.022207 0.522988 0.185700
v 0.011765 0.496330 0.174581
v 0.006824 0.522988 0.175488
v 0.006771 0.496330 0.163443
v 0.001423 0.522988 0.163443
v 0.118801 0.473302 0.171971
v 0.122626 0.473302 0.163443
v 0.107910 0.473302 0.179201
v 0.091610 0.473302 0.184032
v 0.072384 0.473302 0.185729
v 0.053157 0.473302 0.184032
v 0.036858 0.473302 0.179201
v 0.025967 0.473302 0.171971
v 0.022142 0.473302 0.163443
v 0.097537 0.457901 0.168064
v 0.099610 0.457901 0.163443
v 0.091635 0.457901 0.171982
v 0.082803 0.457901 0.174600
v 0.072384 0.457901 0.175520
v 0.061965 0.457901 0.174600
v 0.053132 0.457901 0.171982
v 0.047230 0.457901 0.168064
v 0.045158 0.457901 0.163443
v 0.072384 0.452474 0.163443
v 0.072384 0.594221 0.163402
v 0.097537 0.588794 0.168024
v 0.099610 0.588794 0.163402
v 0.091635 0.588794 0.171942
v 0.082803 0.588794 0.174560
v 0.072384 0.588794 0.175479
v 0.061965 0.588794 0.174560
v 0.053132 0.588794 0.171942
v 0.047230 0.588794 0.168024
v 0.045158 0.588794 0.163402
v 0.118801 0.573392 0.171931
v 0.122626 0.573392 0.163402
v 0.107910 0.573392 0.179161
v 0.091610 0.573393 0.183992
v 0.072384 0.573392 0.185688
v 0.053157 0.573393 0.183992
v 0.036858 0.573392 0.179161
v 0.025967 0.573392 0.171931
v 0.022142 0.573392 0.163402
v 0.133003 0.550364 0.174540
v 0.137997 0.550364 0.163402
v 0.118780 0.550364 0.183982
v 0.097493 0.550364 0.190292
v 0.072384 0.550364 0.192507
v 0.047275 0.550364 0.190292
v 0.025988 0.550364 0.183982
v 0.011765 0.550364 0.174540
v 0.006771 0.550364 0.163402
v 0.137944 0.523706 0.175448
v 0.143345 0.523707 0.163402
v 0.122561 0.523706 0.185660
v 0.099539 0.523706 0.192483
v 0.072384 0.523706 0.194879
v 0.045228 0.523706 0.192483
v 0.022207 0.523706 0.185660
v 0.006824 0.523706 0.175448
v 0.001423 0.523707 0.163402
v -0.055879 0.308788 0.119411
v -0.065335 0.312036 0.108414
v -0.047765 0.311345 0.108404
v -0.039132 0.304411 0.132022
v -0.016985 0.310724 0.109246
v 0.000090 0.310708 0.110191
v 0.000090 0.302566 0.137087
v -0.014731 0.302917 0.137579
v -0.080750 0.319249 0.086911
v -0.095884 0.325083 0.056073
v -0.064675 0.324553 0.053357
v -0.053839 0.318109 0.085420
v -0.016718 0.317262 0.084464
v -0.016587 0.323551 0.051487
v 0.000090 0.323480 0.051002
v 0.000090 0.317266 0.084198
v -0.095017 0.317328 0.029464
v -0.064509 0.316333 0.025646
v -0.016962 0.313936 0.027599
v 0.000090 0.313936 0.027599
v -0.055013 0.327033 0.118615
v -0.039965 0.320953 0.131228
v -0.048194 0.342006 0.107714
v -0.064904 0.338394 0.108176
v 0.000090 0.317332 0.137555
v 0.000090 0.334806 0.108731
v -0.017411 0.338969 0.108106
v -0.015842 0.318009 0.137244
v -0.077828 0.349799 0.087384
v -0.055097 0.358543 0.087381
v -0.060074 0.369792 0.046923
v -0.090544 0.361557 0.049312
v -0.017457 0.354389 0.087025
v 0.000090 0.346561 0.086933
v 0.000090 0.354674 0.043175
v -0.017661 0.363498 0.043315
v -0.060368 0.358920 0.015935
v -0.090531 0.353000 0.020999
v 0.000090 0.345776 0.014884
v -0.017615 0.352774 0.012970
v -0.039462 0.312250 0.135936
v -0.056703 0.318457 0.122327
v -0.014731 0.302917 0.137579
v 0.000090 0.302566 0.137087
v 0.000090 0.309409 0.142578
v -0.015508 0.309884 0.142141
v 0.000090 0.301479 0.001956
v -0.017869 0.300669 -0.000012
v -0.017882 0.313006 -0.006116
v 0.000090 0.313380 -0.003529
v -0.057864 0.302141 0.002521
v -0.084499 0.306970 0.011762
v -0.084499 0.319049 0.005287
v -0.058376 0.315739 -0.003089
v -0.018072 0.331626 -0.007639
v 0.000090 0.329736 -0.004380
v -0.079692 0.337750 0.003062
v -0.058336 0.335810 -0.004828
v -0.099930 0.332628 0.026044
v -0.084499 0.319049 0.005287
v -0.084499 0.306970 0.011762
v -0.086182 0.333733 0.088011
v -0.100405 0.340487 0.052182
v -0.069699 0.324441 0.109493
v -0.057864 0.302141 0.002521
v -0.053839 0.318109 0.085420
v -0.047765 0.311345 0.108404
v -0.064675 0.324553 0.053357
v -0.064509 0.316333 0.025646
v -0.039132 0.304411 0.132022
v 0.056060 0.308788 0.119411
v 0.039313 0.304411 0.132022
v 0.047946 0.311345 0.108403
v 0.065516 0.312036 0.108414
v 0.017166 0.310724 0.109246
v 0.014912 0.302917 0.137579
v 0.080931 0.319249 0.086911
v 0.054020 0.318109 0.085420
v 0.064856 0.324553 0.053357
v 0.096065 0.325083 0.056073
v 0.016899 0.317262 0.084464
v 0.016768 0.323551 0.051487
v 0.095197 0.317328 0.029463
v 0.064689 0.316334 0.025646
v 0.017142 0.313936 0.027599
v 0.055194 0.327033 0.118615
v 0.065085 0.338395 0.108176
v 0.048375 0.342006 0.107714
v 0.040146 0.320953 0.131227
v 0.016023 0.318009 0.137244
v 0.017592 0.338969 0.108106
v 0.078008 0.349800 0.087384
v 0.090724 0.361557 0.049312
v 0.060254 0.369792 0.046922
v 0.055278 0.358543 0.087381
v 0.017638 0.354389 0.087025
v 0.017841 0.363498 0.043315
v 0.090711 0.353000 0.020998
v 0.060549 0.358920 0.015935
v 0.017795 0.352774 0.012970
v 0.056883 0.318457 0.122327
v 0.039643 0.312250 0.135936
v 0.014912 0.302917 0.137579
v 0.015689 0.309884 0.142141
v 0.018062 0.313006 -0.006117
v 0.018049 0.300669 -0.000012
v 0.058045 0.302141 0.002521
v 0.058556 0.315739 -0.003089
v 0.084679 0.319049 0.005287
v 0.084679 0.309710 -0.010621
v 0.018252 0.331627 -0.007639
v 0.058516 0.335810 -0.004828
v 0.079873 0.337750 0.003062
v 0.084679 0.309710 -0.010621
v 0.084679 0.319049 0.005287
v 0.100111 0.332628 0.026044
v 0.100586 0.340487 0.052182
v 0.086363 0.333733 0.088011
v 0.069880 0.324441 0.109493
v 0.058045 0.302141 0.002521
v 0.054020 0.318109 0.085420
v 0.047946 0.311345 0.108403
v 0.064856 0.324553 0.053357
v 0.064689 0.316334 0.025646
v 0.039313 0.304411 0.132022
vt 0.401795 0.681122
vt 0.417183 0.651964
vt 0.389477 0.663787
vt 0.430379 0.668105
vt 0.394344 0.599773
vt 0.415967 0.614647
vt 0.427734 0.593593
vt 0.386630 0.620717
vt 0.407825 0.581005
vt 0.423383 0.567495
vt 0.380231 0.695695
vt 0.365921 0.673788
vt 0.360805 0.610126
vt 0.357633 0.629698
vt 0.413735 0.537006
vt 0.400307 0.548047
vt 0.416499 0.543051
vt 0.381622 0.542872
vt 0.329386 0.732704
vt 0.326208 0.692217
vt 0.310081 0.700385
vt 0.342756 0.719330
vt 0.038902 0.293763
vt 0.072072 0.277099
vt 0.036573 0.272241
vt 0.073451 0.299009
vt 0.032479 0.222784
vt 0.064349 0.190747
vt 0.028936 0.192573
vt 0.067356 0.221559
vt 0.375121 0.212923
vt 0.355014 0.194911
vt 0.349605 0.215533
vt 0.380227 0.196252
vt 0.377437 0.328602
vt 0.408163 0.329089
vt 0.407851 0.318047
vt 0.381309 0.355004
vt 0.449309 0.649681
vt 0.443198 0.638528
vt 0.359871 0.707609
vt 0.344882 0.683348
vt 0.335149 0.612913
vt 0.333573 0.633729
vt 0.415111 0.693426
vt 0.437630 0.731719
vt 0.443298 0.709347
vt 0.405371 0.717041
vt 0.407070 0.300430
vt 0.375686 0.303687
vt 0.439458 0.270751
vt 0.423767 0.273205
vt 0.440367 0.274951
vt 0.423347 0.269358
vt 0.439073 0.247453
vt 0.453107 0.240146
vt 0.437503 0.243360
vt 0.453940 0.244431
vt 0.398707 0.265463
vt 0.396261 0.269965
vt 0.399037 0.266584
vt 0.393972 0.265716
vt 0.423491 0.252898
vt 0.421942 0.249244
vt 0.298250 0.352598
vt 0.328193 0.370106
vt 0.321025 0.343738
vt 0.306930 0.378603
vt 0.471367 0.625684
vt 0.459784 0.653695
vt 0.471374 0.656018
vt 0.439543 0.628855
vt 0.442234 0.617509
vt 0.448459 0.607679
vt 0.450808 0.579764
vt 0.460823 0.602246
vt 0.314900 0.320569
vt 0.285026 0.313711
vt 0.290945 0.331053
vt 0.310493 0.302306
vt 0.370298 0.587297
vt 0.347537 0.567480
vt 0.341047 0.590246
vt 0.377360 0.567899
vt 0.401602 0.558618
vt 0.209534 0.365050
vt 0.230109 0.333543
vt 0.199060 0.344331
vt 0.238530 0.352224
vt 0.310618 0.181171
vt 0.335875 0.165478
vt 0.314622 0.160824
vt 0.330873 0.193808
vt 0.339978 0.338251
vt 0.364299 0.359580
vt 0.359017 0.332856
vt 0.347216 0.364518
vt 0.408241 0.686413
vt 0.376169 0.724102
vt 0.391490 0.706720
vt 0.394668 0.736861
vt 0.198012 0.398711
vt 0.189391 0.434548
vt 0.210531 0.423897
vt 0.176258 0.409455
vt 0.187134 0.375745
vt 0.176127 0.354600
vt 0.327097 0.218651
vt 0.322340 0.201826
vt 0.320868 0.219766
vt 0.128572 0.203212
vt 0.119359 0.227331
vt 0.133934 0.214093
vt 0.102444 0.219393
vt 0.308929 0.190057
vt 0.324330 0.270448
vt 0.304494 0.270904
vt 0.306533 0.283392
vt 0.320755 0.245687
vt 0.133816 0.296584
vt 0.106961 0.304477
vt 0.131839 0.306854
vt 0.106644 0.282292
vt 0.451265 0.682653
vt 0.471381 0.685840
vt 0.471384 0.712216
vt 0.432621 0.752830
vt 0.471389 0.736842
vt 0.471393 0.759336
vt 0.138456 0.429624
vt 0.116443 0.473863
vt 0.151713 0.454679
vt 0.102841 0.448403
vt 0.471364 0.601147
vt 0.127805 0.407350
vt 0.153809 0.365985
vt 0.116047 0.385293
vt 0.165368 0.387105
vt 0.454672 0.275794
vt 0.468738 0.271869
vt 0.454160 0.270693
vt 0.468688 0.277425
vt 0.468568 0.332413
vt 0.454305 0.315989
vt 0.454344 0.328100
vt 0.468601 0.318201
vt 0.070226 0.249779
vt 0.034789 0.248780
vt 0.368189 0.249334
vt 0.346127 0.235873
vt 0.346045 0.259841
vt 0.370856 0.228315
vt 0.103695 0.249551
vt 0.118638 0.273902
vt 0.115357 0.248954
vt 0.423050 0.290276
vt 0.406209 0.288988
vt 0.423418 0.301570
vt 0.439598 0.292268
vt 0.454172 0.304016
vt 0.454116 0.293235
vt 0.439650 0.303267
vt 0.268544 0.340160
vt 0.248192 0.374550
vt 0.277236 0.361902
vt 0.354560 0.307872
vt 0.349616 0.282563
vt 0.328969 0.292284
vt 0.219876 0.388035
vt 0.385105 0.285971
vt 0.406652 0.272512
vt 0.406977 0.269262
vt 0.399576 0.263797
vt 0.406318 0.256074
vt 0.395566 0.261540
vt 0.407812 0.258974
vt 0.429617 0.221875
vt 0.412418 0.232375
vt 0.431112 0.225510
vt 0.396899 0.233942
vt 0.440595 0.322892
vt 0.440585 0.334242
vt 0.423599 0.311035
vt 0.452072 0.234297
vt 0.435594 0.238023
vt 0.371446 0.273399
vt 0.380527 0.268066
vt 0.379355 0.254296
vt 0.400292 0.242869
vt 0.091593 0.426796
vt 0.079776 0.403940
vt 0.411751 0.634360
vt 0.384652 0.640819
vt 0.357774 0.648723
vt 0.259287 0.399967
vt 0.287172 0.387658
vt 0.335541 0.654403
vt 0.254412 0.306344
vt 0.261734 0.323028
vt 0.221151 0.315162
vt 0.096402 0.186941
vt 0.121831 0.180996
vt 0.359956 0.168909
vt 0.386601 0.171996
vt 0.008594 0.223625
vt 0.008015 0.194248
vt 0.012453 0.289946
vt 0.010893 0.270115
vt 0.009901 0.248536
vt 0.447164 0.556276
vt 0.419983 0.549559
vt 0.445269 0.541902
vt 0.333584 0.313777
vt 0.281619 0.274824
vt 0.299774 0.262127
vt 0.280413 0.284391
vt 0.313768 0.242072
vt 0.137121 0.288267
vt 0.298583 0.664703
vt 0.312278 0.637148
vt 0.294088 0.636891
vt 0.315428 0.660117
vt 0.279580 0.296135
vt 0.147919 0.196215
vt 0.141922 0.174936
vt 0.150087 0.206025
vt 0.312611 0.207881
vt 0.312389 0.220211
vt 0.131526 0.233480
vt 0.139561 0.222592
vt 0.305670 0.196143
vt 0.130895 0.267189
vt 0.128368 0.248409
vt 0.280663 0.267204
vt 0.293584 0.255519
vt 0.304973 0.239376
vt 0.140851 0.282356
vt 0.151885 0.214480
vt 0.156005 0.220392
vt 0.147494 0.228126
vt 0.293048 0.235890
vt 0.301195 0.219840
vt 0.275914 0.259082
vt 0.284450 0.248592
vt 0.143322 0.237921
vt 0.142109 0.251131
vt 0.303686 0.210683
vt 0.302109 0.200583
vt 0.143927 0.266697
vt 0.148657 0.279988
vt 0.161103 0.223931
vt 0.156503 0.233612
vt 0.284025 0.231918
vt 0.292054 0.218652
vt 0.269865 0.253552
vt 0.276537 0.243176
vt 0.153499 0.242669
vt 0.152747 0.253414
vt 0.295275 0.211770
vt 0.297949 0.202559
vt 0.153582 0.267226
vt 0.155094 0.279762
vt 0.191274 0.235479
vt 0.188836 0.243993
vt 0.254761 0.217813
vt 0.262050 0.206658
vt 0.243516 0.235627
vt 0.248661 0.226823
vt 0.187682 0.252161
vt 0.187089 0.261396
vt 0.265689 0.201403
vt 0.269861 0.194498
vt 0.187231 0.273270
vt 0.186993 0.283552
vt 0.203317 0.239141
vt 0.201483 0.247436
vt 0.244376 0.211821
vt 0.251742 0.201352
vt 0.233535 0.228989
vt 0.238440 0.220539
vt 0.200214 0.255221
vt 0.199591 0.264002
vt 0.255724 0.196132
vt 0.260371 0.189782
vt 0.199157 0.275494
vt 0.198367 0.285291
vt 0.216532 0.250982
vt 0.257542 0.253888
vt 0.218146 0.242867
vt 0.256041 0.261545
vt 0.239135 0.194216
vt 0.199922 0.182970
vt 0.231862 0.204278
vt 0.206804 0.173942
vt 0.226202 0.212214
vt 0.189592 0.198108
vt 0.221212 0.220507
vt 0.194733 0.190311
vt 0.214827 0.267285
vt 0.255088 0.268571
vt 0.215483 0.258617
vt 0.254378 0.276881
vt 0.248407 0.183662
vt 0.210775 0.169494
vt 0.243491 0.189479
vt 0.215280 0.164269
vt 0.212863 0.287828
vt 0.253775 0.286374
vt 0.214003 0.278567
vt 0.253121 0.295341
vt 0.267905 0.256869
vt 0.266426 0.264277
vt 0.191427 0.177696
vt 0.198248 0.168524
vt 0.181692 0.192527
vt 0.186367 0.184969
vt 0.265477 0.270902
vt 0.264647 0.279179
vt 0.202208 0.164135
vt 0.206536 0.159047
vt 0.264115 0.288769
vt 0.263372 0.296933
vt 0.231725 0.413296
vt 0.188194 0.323777
vt 0.163380 0.330775
vt 0.140860 0.342842
vt 0.103905 0.362883
vt 0.067877 0.381187
vt 0.406153 0.279169
vt 0.423258 0.280136
vt 0.439927 0.281910
vt 0.454349 0.282841
vt 0.391394 0.276358
vt 0.432641 0.229808
vt 0.419614 0.244078
vt 0.415875 0.235121
vt 0.450469 0.225394
vt 0.449654 0.220734
vt 0.387270 0.267062
vt 0.389247 0.258878
vt 0.403810 0.251084
vt 0.302199 0.487706
vt 0.300646 0.521787
vt 0.315010 0.509399
vt 0.288324 0.485793
vt 0.334110 0.399173
vt 0.312201 0.393921
vt 0.317228 0.407631
vt 0.333046 0.386363
vt 0.373230 0.398363
vt 0.355042 0.405728
vt 0.219267 0.441092
vt 0.203607 0.465204
vt 0.225448 0.454060
vt 0.197934 0.450908
vt 0.168641 0.485228
vt 0.126035 0.491191
vt 0.135018 0.504257
vt 0.163344 0.470076
vt 0.454042 0.344785
vt 0.303192 0.453567
vt 0.287650 0.453673
vt 0.298858 0.415803
vt 0.266885 0.416967
vt 0.272646 0.429965
vt 0.293584 0.402851
vt 0.392618 0.389848
vt 0.341904 0.383130
vt 0.342684 0.395561
vt 0.241126 0.429203
vt 0.246138 0.444553
vt 0.313485 0.612809
vt 0.295709 0.611035
vt 0.362704 0.740362
vt 0.385399 0.755636
vt 0.350977 0.754585
vt 0.377793 0.772592
vt 0.471396 0.781347
vt 0.427053 0.772287
vt 0.458176 0.800591
vt 0.420252 0.789717
vt 0.312399 0.585464
vt 0.320783 0.559637
vt 0.354312 0.544605
vt 0.330018 0.537214
vt 0.297326 0.597855
vt 0.471362 0.575571
vt 0.471359 0.552467
vt 0.471358 0.536425
vt 0.471357 0.529859
vt 0.442325 0.528877
vt 0.443797 0.536226
vt 0.471356 0.519119
vt 0.435766 0.505225
vt 0.457951 0.490291
vt 0.405366 0.517215
vt 0.378791 0.523485
vt 0.295363 0.439381
vt 0.309398 0.438824
vt 0.354653 0.523057
vt 0.335815 0.519596
vt 0.438475 0.264507
vt 0.423056 0.263567
vt 0.454147 0.250818
vt 0.439274 0.253770
vt 0.403780 0.266542
vt 0.403657 0.264839
vt 0.402676 0.262841
vt 0.468728 0.265543
vt 0.453669 0.264406
vt 0.408316 0.264194
vt 0.424717 0.258590
vt 0.410370 0.263655
vt 0.407933 0.980364
vt 0.424479 0.970425
vt 0.414811 0.967300
vt 0.420477 0.984534
vt 0.334714 0.954405
vt 0.329500 0.934662
vt 0.325209 0.951378
vt 0.338234 0.937726
vt 0.377560 0.961214
vt 0.382328 0.948878
vt 0.372760 0.944959
vt 0.386300 0.966667
vt 0.391466 0.953511
vt 0.397618 0.958751
vt 0.432856 0.986844
vt 0.445062 0.972760
vt 0.434756 0.972109
vt 0.445260 0.987589
vt 0.395317 0.973789
vt 0.405448 0.963007
vt 0.345453 0.956871
vt 0.355652 0.942702
vt 0.346735 0.940400
vt 0.357857 0.958452
vt 0.368307 0.958734
vt 0.365469 0.944949
vt 0.426374 0.961176
vt 0.418253 0.959025
vt 0.341260 0.926540
vt 0.333325 0.923150
vt 0.435401 0.962344
vt 0.444742 0.953086
vt 0.406497 0.947386
vt 0.414480 0.949263
vt 0.348625 0.929409
vt 0.356856 0.921716
vt 0.365223 0.927822
vt 0.428332 0.951703
vt 0.418096 0.931772
vt 0.429818 0.931153
vt 0.345039 0.915134
vt 0.345774 0.885678
vt 0.329947 0.907468
vt 0.357071 0.897380
vt 0.385682 0.937553
vt 0.379119 0.920441
vt 0.374289 0.931542
vt 0.390163 0.927353
vt 0.402671 0.931438
vt 0.398135 0.942444
vt 0.410895 0.932073
vt 0.444312 0.930666
vt 0.364095 0.905444
vt 0.371184 0.913018
vt 0.415943 0.904507
vt 0.430277 0.901691
vt 0.373668 0.866394
vt 0.382700 0.877619
vt 0.395857 0.897064
vt 0.401873 0.903027
vt 0.410567 0.905443
vt 0.443806 0.901080
vt 0.388102 0.887983
vt 0.413605 0.891295
vt 0.421127 0.883490
vt 0.383279 0.860746
vt 0.399631 0.872492
vt 0.443598 0.883584
vt 0.401670 0.884840
vt 0.426280 0.859774
vt 0.424658 0.875728
vt 0.443168 0.864601
vt 0.468795 0.238080
vt 0.468785 0.242009
vt 0.468805 0.232352
vt 0.468680 0.283865
vt 0.468672 0.293687
vt 0.468810 0.248246
vt 0.320837 0.932011
vt 0.316342 0.948901
vt 0.468819 0.223448
vt 0.440053 0.313030
vt 0.468635 0.304150
vt 0.448817 0.216730
vt 0.468840 0.214492
vt 0.468832 0.218686
vt 0.540962 0.681107
vt 0.525563 0.651954
vt 0.512374 0.668096
vt 0.553272 0.663771
vt 0.548381 0.599771
vt 0.526765 0.614643
vt 0.556103 0.620709
vt 0.514992 0.593594
vt 0.534898 0.581007
vt 0.519337 0.567503
vt 0.562531 0.695675
vt 0.576833 0.673767
vt 0.581920 0.610124
vt 0.585101 0.629688
vt 0.528968 0.537022
vt 0.542398 0.548037
vt 0.561081 0.542878
vt 0.526199 0.543077
vt 0.613390 0.732669
vt 0.616553 0.692185
vt 0.600015 0.719299
vt 0.632682 0.700348
vt 0.896759 0.294939
vt 0.863470 0.278425
vt 0.862190 0.300351
vt 0.898989 0.273394
vt 0.902869 0.223891
vt 0.870827 0.191995
vt 0.867956 0.222837
vt 0.906272 0.193647
vt 0.562630 0.213341
vt 0.582830 0.195442
vt 0.557612 0.196646
vt 0.588131 0.216091
vt 0.559711 0.329026
vt 0.528983 0.329371
vt 0.555707 0.355406
vt 0.529350 0.318334
vt 0.493436 0.649676
vt 0.499543 0.638523
vt 0.582896 0.707583
vt 0.597875 0.683322
vt 0.607577 0.612906
vt 0.609164 0.633712
vt 0.527653 0.693412
vt 0.505147 0.731710
vt 0.537401 0.717025
vt 0.499470 0.709341
vt 0.530216 0.300724
vt 0.561583 0.304118
vt 0.497985 0.270961
vt 0.513657 0.273476
vt 0.514099 0.269646
vt 0.497049 0.275143
vt 0.498541 0.247265
vt 0.484494 0.240097
vt 0.483652 0.244326
vt 0.500138 0.243250
vt 0.538734 0.265773
vt 0.541166 0.270291
vt 0.543471 0.266058
vt 0.538404 0.266882
vt 0.513875 0.253372
vt 0.515483 0.249691
vt 0.638764 0.353425
vt 0.608732 0.370777
vt 0.629949 0.379384
vt 0.616036 0.344447
vt 0.482964 0.653693
vt 0.503193 0.628850
vt 0.500498 0.617506
vt 0.494270 0.607678
vt 0.491916 0.579765
vt 0.481904 0.602246
vt 0.622280 0.321310
vt 0.652191 0.314608
vt 0.626781 0.303071
vt 0.646181 0.331918
vt 0.572418 0.587302
vt 0.595161 0.567504
vt 0.565348 0.567907
vt 0.601666 0.590253
vt 0.541123 0.558612
vt 0.727413 0.366345
vt 0.707005 0.334730
vt 0.698486 0.353366
vt 0.737998 0.345682
vt 0.627296 0.181948
vt 0.602128 0.166116
vt 0.606972 0.194473
vt 0.623406 0.161579
vt 0.597113 0.338862
vt 0.572688 0.360067
vt 0.589740 0.365091
vt 0.578105 0.333370
vt 0.534519 0.686398
vt 0.566604 0.724079
vt 0.548110 0.736841
vt 0.551278 0.706701
vt 0.738757 0.400067
vt 0.747187 0.435949
vt 0.760453 0.410926
vt 0.726104 0.425187
vt 0.749756 0.377159
vt 0.760876 0.356072
vt 0.610618 0.219338
vt 0.615457 0.202538
vt 0.616836 0.220487
vt 0.806620 0.204734
vt 0.815890 0.228849
vt 0.832818 0.220834
vt 0.801272 0.215642
vt 0.628933 0.190842
vt 0.613087 0.271155
vt 0.632959 0.271697
vt 0.616803 0.246422
vt 0.630842 0.284179
vt 0.801743 0.298202
vt 0.828653 0.305984
vt 0.828853 0.283771
vt 0.803753 0.308449
vt 0.491495 0.682649
vt 0.510162 0.752820
vt 0.798147 0.431296
vt 0.819923 0.475651
vt 0.833661 0.450263
vt 0.784757 0.456280
vt 0.808916 0.409078
vt 0.783133 0.367576
vt 0.771462 0.388634
vt 0.820792 0.387085
vt 0.482728 0.275850
vt 0.483303 0.270716
vt 0.482906 0.316051
vt 0.482811 0.328164
vt 0.865205 0.251084
vt 0.900672 0.249913
vt 0.569337 0.249790
vt 0.591505 0.236442
vt 0.566810 0.228749
vt 0.591430 0.260408
vt 0.831697 0.251010
vt 0.816734 0.275406
vt 0.819988 0.250464
vt 0.514285 0.290512
vt 0.513863 0.301794
vt 0.531140 0.289290
vt 0.497746 0.292423
vt 0.483095 0.304074
vt 0.497620 0.303410
vt 0.483200 0.293283
vt 0.668535 0.341144
vt 0.688706 0.375641
vt 0.659729 0.362840
vt 0.582685 0.308408
vt 0.587750 0.283120
vt 0.608349 0.292954
vt 0.716950 0.389276
vt 0.552217 0.286398
vt 0.530777 0.272837
vt 0.530476 0.269610
vt 0.537865 0.264121
vt 0.531133 0.256428
vt 0.529609 0.259329
vt 0.541890 0.261882
vt 0.508057 0.222011
vt 0.525054 0.232351
vt 0.540671 0.234343
vt 0.506539 0.225645
vt 0.496583 0.323023
vt 0.496539 0.334372
vt 0.513635 0.311252
vt 0.485542 0.234292
vt 0.502033 0.238036
vt 0.565967 0.273848
vt 0.556905 0.268476
vt 0.558152 0.254748
vt 0.537233 0.243242
vt 0.845024 0.428716
vt 0.856963 0.405923
vt 0.530987 0.634351
vt 0.558088 0.640806
vt 0.584969 0.648706
vt 0.677476 0.401000
vt 0.649658 0.388543
vt 0.607204 0.654379
vt 0.682846 0.307402
vt 0.716060 0.316396
vt 0.675435 0.324047
vt 0.838747 0.188337
vt 0.813301 0.182481
vt 0.578030 0.169414
vt 0.551368 0.172358
vt 0.926776 0.224620
vt 0.927217 0.195222
vt 0.923212 0.290996
vt 0.924681 0.271148
vt 0.925579 0.249553
vt 0.495555 0.556280
vt 0.522730 0.549586
vt 0.497446 0.541908
vt 0.603630 0.314421
vt 0.655810 0.275735
vt 0.656964 0.285311
vt 0.637725 0.262941
vt 0.623804 0.242836
vt 0.798385 0.289932
vt 0.644167 0.664666
vt 0.630461 0.637122
vt 0.627320 0.660087
vt 0.648651 0.636857
vt 0.657731 0.297061
vt 0.787247 0.197777
vt 0.793190 0.176471
vt 0.785097 0.207594
vt 0.625151 0.208645
vt 0.625309 0.220975
vt 0.803696 0.235044
vt 0.795636 0.224167
vt 0.632154 0.196944
vt 0.804385 0.268760
vt 0.806903 0.249964
vt 0.656805 0.268118
vt 0.643942 0.256369
vt 0.632622 0.240178
vt 0.794547 0.284042
vt 0.783301 0.216057
vt 0.779164 0.221979
vt 0.787677 0.229721
vt 0.644569 0.236748
vt 0.636503 0.220660
vt 0.661593 0.260018
vt 0.653108 0.249488
vt 0.791862 0.239520
vt 0.793100 0.252742
vt 0.634059 0.211492
vt 0.635687 0.201402
vt 0.791306 0.268338
vt 0.786639 0.281680
vt 0.774038 0.225527
vt 0.778637 0.235220
vt 0.653612 0.232818
vt 0.645649 0.219516
vt 0.667668 0.254518
vt 0.661046 0.244111
vt 0.781649 0.244290
vt 0.782417 0.255055
vt 0.642463 0.212620
vt 0.639833 0.203398
vt 0.781598 0.268896
vt 0.780105 0.281457
vt 0.743808 0.237061
vt 0.746245 0.245583
vt 0.682942 0.218850
vt 0.675708 0.207661
vt 0.694102 0.236718
vt 0.689000 0.227890
vt 0.747406 0.253762
vt 0.748008 0.263014
vt 0.672095 0.202388
vt 0.667956 0.195463
vt 0.747874 0.274906
vt 0.748110 0.285200
vt 0.731121 0.240888
vt 0.732942 0.249184
vt 0.693870 0.212601
vt 0.686544 0.202124
vt 0.704614 0.229785
vt 0.699753 0.221323
vt 0.734203 0.256968
vt 0.734834 0.265755
vt 0.682568 0.196907
vt 0.677945 0.190553
vt 0.735283 0.277257
vt 0.736056 0.287057
vt 0.718458 0.252584
vt 0.677404 0.255472
vt 0.678905 0.263132
vt 0.716844 0.244464
vt 0.698683 0.195329
vt 0.737952 0.184275
vt 0.731115 0.175214
vt 0.705907 0.205426
vt 0.711528 0.213390
vt 0.748208 0.199464
vt 0.743105 0.191642
vt 0.716477 0.221706
vt 0.720167 0.268885
vt 0.679859 0.270160
vt 0.680567 0.278470
vt 0.719509 0.260222
vt 0.689463 0.184729
vt 0.727166 0.170746
vt 0.722687 0.165499
vt 0.694351 0.190570
vt 0.722046 0.289392
vt 0.681161 0.287962
vt 0.681807 0.296930
vt 0.720988 0.280141
vt 0.667030 0.258456
vt 0.668510 0.265868
vt 0.746474 0.179044
vt 0.739698 0.169838
vt 0.756135 0.193922
vt 0.751498 0.186341
vt 0.669458 0.272493
vt 0.670286 0.280769
vt 0.735760 0.165430
vt 0.731456 0.160321
vt 0.670811 0.290360
vt 0.671551 0.298527
vt 0.704967 0.414474
vt 0.748972 0.325186
vt 0.773750 0.332316
vt 0.796206 0.344502
vt 0.833053 0.364740
vt 0.868983 0.383233
vt 0.531241 0.279482
vt 0.514130 0.280391
vt 0.497448 0.282085
vt 0.483015 0.282880
vt 0.546006 0.276711
vt 0.504999 0.229924
vt 0.517881 0.244438
vt 0.521313 0.236299
vt 0.487172 0.225435
vt 0.488008 0.220791
vt 0.550170 0.267437
vt 0.548226 0.259248
vt 0.533672 0.251441
vt 0.640398 0.487944
vt 0.642046 0.522005
vt 0.654269 0.486016
vt 0.627685 0.509608
vt 0.602664 0.399813
vt 0.624598 0.394675
vt 0.603794 0.387009
vt 0.619499 0.408358
vt 0.563554 0.398804
vt 0.581703 0.406261
vt 0.717277 0.442334
vt 0.732807 0.466530
vt 0.738556 0.452263
vt 0.711027 0.455270
vt 0.767665 0.486739
vt 0.810239 0.492928
vt 0.773043 0.471615
vt 0.801187 0.505946
vt 0.483034 0.344850
vt 0.639368 0.453896
vt 0.654914 0.453876
vt 0.637823 0.416627
vt 0.669789 0.417959
vt 0.643166 0.403702
vt 0.663959 0.430927
vt 0.544211 0.390188
vt 0.594954 0.383730
vt 0.594110 0.396157
vt 0.695481 0.430331
vt 0.690388 0.445655
vt 0.629242 0.612791
vt 0.647016 0.611005
vt 0.580075 0.740334
vt 0.557386 0.755613
vt 0.591807 0.754554
vt 0.564996 0.772567
vt 0.515737 0.772276
vt 0.484623 0.800588
vt 0.522543 0.789704
vt 0.630310 0.585453
vt 0.621908 0.559658
vt 0.588376 0.544641
vt 0.612653 0.537295
vt 0.645391 0.597828
vt 0.500384 0.528885
vt 0.498914 0.536234
vt 0.506948 0.505234
vt 0.484768 0.490294
vt 0.537342 0.517230
vt 0.563917 0.523501
vt 0.646939 0.439650
vt 0.632895 0.439371
vt 0.588057 0.523098
vt 0.606891 0.519687
vt 0.499023 0.264725
vt 0.514419 0.263862
vt 0.483470 0.250681
vt 0.498237 0.253599
vt 0.533667 0.266871
vt 0.533778 0.265161
vt 0.534732 0.263150
vt 0.483816 0.264377
vt 0.529129 0.264569
vt 0.512580 0.259033
vt 0.527053 0.264020
vt 0.482265 0.979278
vt 0.465485 0.969790
vt 0.469891 0.983795
vt 0.475012 0.966408
vt 0.554514 0.951516
vt 0.559215 0.931645
vt 0.550567 0.934930
vt 0.563935 0.948247
vt 0.511952 0.959369
vt 0.516295 0.943004
vt 0.506852 0.947164
vt 0.491888 0.957419
vt 0.503422 0.965021
vt 0.497863 0.952027
vt 0.457623 0.986471
vt 0.455319 0.971790
vt 0.494650 0.972367
vt 0.484216 0.961873
vt 0.543847 0.954249
vt 0.533304 0.940335
vt 0.531500 0.956136
vt 0.542147 0.937815
vt 0.521087 0.956672
vt 0.523567 0.942818
vt 0.463289 0.960590
vt 0.471341 0.958223
vt 0.547249 0.923821
vt 0.555089 0.920231
vt 0.454322 0.962042
vt 0.482719 0.946276
vt 0.474842 0.948357
vt 0.539965 0.926875
vt 0.531535 0.919387
vt 0.523345 0.925690
vt 0.461112 0.951147
vt 0.470752 0.930917
vt 0.458949 0.930713
vt 0.543166 0.912511
vt 0.541625 0.883081
vt 0.530652 0.895075
vt 0.558050 0.904461
vt 0.503192 0.935922
vt 0.509259 0.918646
vt 0.498426 0.925833
vt 0.514398 0.929629
vt 0.486061 0.930242
vt 0.477880 0.931080
vt 0.490905 0.941130
vt 0.523853 0.903304
vt 0.516978 0.911040
vt 0.471739 0.903675
vt 0.457276 0.901350
vt 0.513194 0.864564
vt 0.504468 0.876026
vt 0.491812 0.895803
vt 0.485916 0.901902
vt 0.477244 0.904540
vt 0.499342 0.886528
vt 0.473834 0.890478
vt 0.466112 0.882897
vt 0.503431 0.859181
vt 0.487379 0.871348
vt 0.485667 0.883741
vt 0.459792 0.858957
vt 0.462223 0.874811
vt 0.567804 0.928772
vt 0.572734 0.945544
vt 0.497171 0.313165
vt 0.488862 0.216788
vt 0.468517 0.354393
vt 0.302848 0.424737
vt 0.315414 0.424161
vt 0.639100 0.425170
vt 0.626525 0.424888
vt 0.329517 0.441454
vt 0.318639 0.459906
vt 0.324692 0.460866
vt 0.324097 0.440305
vt 0.340486 0.442351
vt 0.336884 0.461897
vt 0.356340 0.443009
vt 0.354459 0.462675
vt 0.374922 0.443206
vt 0.375012 0.462908
vt 0.393501 0.442838
vt 0.395561 0.462487
vt 0.409348 0.442034
vt 0.413126 0.461548
vt 0.420308 0.441038
vt 0.425306 0.460409
vt 0.425716 0.439843
vt 0.431349 0.459395
vt 0.340403 0.424702
vt 0.336422 0.423297
vt 0.348743 0.425438
vt 0.360764 0.425920
vt 0.374843 0.426070
vt 0.388923 0.425793
vt 0.400949 0.425191
vt 0.409288 0.424365
vt 0.413255 0.422925
vt 0.356029 0.412971
vt 0.354057 0.411809
vt 0.360595 0.413648
vt 0.367158 0.414061
vt 0.374784 0.414174
vt 0.382407 0.414001
vt 0.388959 0.413542
vt 0.393516 0.412829
vt 0.395480 0.411648
vt 0.374757 0.408249
vt 0.375078 0.519381
vt 0.356319 0.514696
vt 0.354349 0.515861
vt 0.360873 0.514019
vt 0.367410 0.513599
vt 0.375078 0.513540
vt 0.382745 0.513598
vt 0.389283 0.514019
vt 0.393837 0.514696
vt 0.395806 0.515861
vt 0.340638 0.503007
vt 0.336662 0.504415
vt 0.348973 0.502248
vt 0.360988 0.501723
vt 0.375078 0.501703
vt 0.389167 0.501723
vt 0.401182 0.502248
vt 0.409517 0.503007
vt 0.413493 0.504415
vt 0.329742 0.486238
vt 0.324327 0.487390
vt 0.340698 0.485324
vt 0.356526 0.484633
vt 0.375078 0.484598
vt 0.393629 0.484633
vt 0.409457 0.485324
vt 0.420414 0.486238
vt 0.425828 0.487390
vt 0.324905 0.466818
vt 0.318855 0.467785
vt 0.337095 0.465767
vt 0.354693 0.464961
vt 0.375078 0.464909
vt 0.395462 0.464961
vt 0.413061 0.465767
vt 0.425250 0.466818
vt 0.431300 0.467785
vt 0.609891 0.441059
vt 0.620594 0.459612
vt 0.615319 0.439961
vt 0.614534 0.460516
vt 0.598917 0.441854
vt 0.602339 0.461432
vt 0.583064 0.442368
vt 0.584768 0.462050
vt 0.564488 0.442402
vt 0.564227 0.462102
vt 0.545918 0.441877
vt 0.543695 0.461509
vt 0.530084 0.440945
vt 0.526148 0.460429
vt 0.519136 0.439864
vt 0.513984 0.459194
vt 0.513739 0.438626
vt 0.507951 0.458134
vt 0.599157 0.424209
vt 0.603151 0.422840
vt 0.590813 0.424866
vt 0.578791 0.425239
vt 0.564714 0.425266
vt 0.550640 0.424870
vt 0.538621 0.424170
vt 0.530291 0.423279
vt 0.526336 0.421808
vt 0.583641 0.412332
vt 0.585623 0.411188
vt 0.579069 0.412967
vt 0.572503 0.413323
vt 0.564876 0.413370
vt 0.557255 0.413132
vt 0.550707 0.412618
vt 0.546156 0.411867
vt 0.544202 0.410670
vt 0.564955 0.407445
vt 0.564250 0.517761
vt 0.584979 0.514248
vt 0.583010 0.513082
vt 0.578456 0.512403
vt 0.571919 0.511980
vt 0.564250 0.511921
vt 0.556581 0.511980
vt 0.550044 0.512403
vt 0.545490 0.513082
vt 0.543521 0.514248
vt 0.598699 0.501406
vt 0.602675 0.502817
vt 0.590362 0.500639
vt 0.578344 0.500107
vt 0.564250 0.500087
vt 0.550156 0.500107
vt 0.538138 0.500639
vt 0.529801 0.501406
vt 0.525826 0.502817
vt 0.609605 0.484644
vt 0.615021 0.485802
vt 0.598645 0.483721
vt 0.582810 0.483020
vt 0.564250 0.482984
vt 0.545690 0.483020
vt 0.529855 0.483721
vt 0.518895 0.484644
vt 0.513479 0.485802
vt 0.614458 0.465230
vt 0.620510 0.466203
vt 0.602261 0.464166
vt 0.584648 0.463349
vt 0.564250 0.463295
vt 0.543852 0.463349
vt 0.526239 0.464166
vt 0.514043 0.465230
vt 0.507990 0.466203
vt 0.987151 0.737215
vt 0.990520 0.729379
vt 0.982229 0.730401
vt 0.994186 0.746661
vt 0.829909 0.722942
vt 0.813540 0.727678
vt 0.827330 0.731190
vt 0.815197 0.720404
vt 0.971623 0.719896
vt 0.966239 0.697548
vt 0.955651 0.707765
vt 0.983330 0.714331
vt 0.842476 0.726225
vt 0.859117 0.739283
vt 0.861015 0.730905
vt 0.840489 0.734539
vt 0.942448 0.697960
vt 0.949844 0.684858
vt 0.877698 0.734790
vt 0.875469 0.743455
vt 0.978735 0.741313
vt 0.969403 0.744046
vt 0.984459 0.749899
vt 0.971445 0.736468
vt 0.983279 0.771190
vt 0.967248 0.758681
vt 0.966435 0.766848
vt 0.984977 0.762772
vt 0.961331 0.728968
vt 0.940513 0.731619
vt 0.957729 0.738647
vt 0.945405 0.719331
vt 0.954275 0.755472
vt 0.930803 0.757666
vt 0.953427 0.763496
vt 0.933409 0.749833
vt 0.933130 0.713213
vt 0.926464 0.726084
vt 0.918148 0.745289
vt 0.915073 0.753615
vt 0.989572 0.749888
vt 0.983224 0.740022
vt 0.993736 0.763566
vt 0.987905 0.772381
vt 0.992166 0.773479
vt 0.989604 0.763332
vt 0.889507 0.747045
vt 0.897439 0.739158
vt 0.892469 0.737967
vt 0.895026 0.748460
vt 0.897598 0.717822
vt 0.910445 0.706216
vt 0.904364 0.704100
vt 0.904272 0.719126
vt 0.904514 0.740935
vt 0.902115 0.750281
vt 0.920302 0.710011
vt 0.912550 0.721286
vt 0.925501 0.696662
vt 0.938186 0.704047
vt 0.932786 0.689298
vt 0.966278 0.723409
vt 0.950494 0.711610
vt 0.976917 0.732601
vt 0.936603 0.674155
vt 0.846675 0.707923
vt 0.834179 0.707990
vt 0.866060 0.707056
vt 0.882732 0.711095
vt 0.821034 0.709183
vt 0.970145 0.802781
vt 0.969280 0.811264
vt 0.980892 0.797915
vt 0.962525 0.806365
vt 0.825618 0.739658
vt 0.811489 0.734852
vt 0.948139 0.810434
vt 0.932540 0.827388
vt 0.955669 0.820959
vt 0.928272 0.813331
vt 0.838223 0.742782
vt 0.856737 0.747539
vt 0.911952 0.815503
vt 0.912006 0.830530
vt 0.873233 0.752117
vt 0.964777 0.795130
vt 0.957945 0.788229
vt 0.956046 0.795846
vt 0.973959 0.790383
vt 0.963176 0.774386
vt 0.980672 0.779373
vt 0.943555 0.797521
vt 0.926640 0.785142
vt 0.924943 0.798256
vt 0.945111 0.787312
vt 0.950269 0.770926
vt 0.929278 0.765777
vt 0.911237 0.797674
vt 0.911666 0.783199
vt 0.913721 0.762383
vt 0.978426 0.792864
vt 0.968075 0.798428
vt 0.988720 0.782909
vt 0.984992 0.781118
vt 0.892629 0.757765
vt 0.887707 0.756420
vt 0.882434 0.776525
vt 0.888017 0.792863
vt 0.888890 0.778591
vt 0.881673 0.791786
vt 0.899679 0.759616
vt 0.898468 0.794281
vt 0.897169 0.780684
vt 0.896505 0.808444
vt 0.899280 0.818390
vt 0.911193 0.808128
vt 0.945177 0.804776
vt 0.925635 0.807472
vt 0.958950 0.801873
vt 0.895209 0.833455
vt 0.833088 0.760845
vt 0.822164 0.754817
vt 0.849658 0.770868
vt 0.866195 0.775300
vt 0.811207 0.747488
vn 0.482400 -0.839500 0.250100
vn 0.441600 -0.853100 0.277700
vn 0.505900 -0.817100 -0.276400
vn 0.556600 -0.802200 -0.215900
vn 0.502300 -0.795200 -0.339600
vn 0.312500 -0.782600 -0.538500
vn 0.723800 -0.587000 0.362700
vn 0.713700 -0.594700 0.370000
vn 0.678700 -0.685700 -0.263300
vn 0.735100 -0.658800 -0.160400
vn 0.218000 -0.605600 -0.765300
vn 0.225700 -0.591500 -0.774100
vn 0.819600 0.305700 0.484600
vn 0.820200 0.393900 0.414900
vn 0.886400 0.023600 0.462300
vn 0.895800 -0.028100 0.443500
vn 0.860000 0.106200 0.499200
vn 0.868500 0.088400 0.487700
vn 0.665000 0.070500 -0.743600
vn 0.704100 -0.008300 -0.710000
vn 0.397800 -0.103500 -0.911600
vn 0.360600 0.104700 -0.926800
vn 0.289300 -0.943700 0.160700
vn 0.288900 -0.940000 0.181600
vn 0.821400 -0.412100 0.394300
vn 0.808600 -0.426600 0.405200
vn 0.893900 -0.406700 -0.188500
vn 0.900100 -0.398700 -0.175400
vn 0.397500 -0.542100 0.740400
vn 0.342100 -0.592700 0.729200
vn 0.404900 -0.064900 -0.912100
vn 0.472100 0.043900 -0.880400
vn 0.134300 0.884300 -0.447200
vn 0.140600 0.809200 -0.570500
vn 0.089600 -0.745700 -0.660200
vn 0.111900 -0.707500 -0.697800
vn -0.299000 0.300200 -0.905800
vn -0.294900 0.303900 -0.905900
vn 0.231800 -0.754300 -0.614200
vn 0.251800 -0.727400 -0.638300
vn 0.990500 -0.000400 -0.137700
vn 0.995400 -0.073200 -0.062100
vn 0.013300 -0.996900 0.077800
vn 0.034400 -0.997000 0.069100
vn 0.068400 -0.996900 0.038000
vn 0.077400 -0.996800 0.018000
vn 0.289900 -0.935200 -0.203500
vn 0.332200 -0.925600 -0.181500
vn 0.176000 -0.926900 -0.331400
vn 0.170800 -0.928000 -0.331100
vn 0.991800 -0.035800 -0.123000
vn 0.992200 -0.060000 -0.109500
vn 0.786600 -0.388600 -0.479900
vn 0.702800 -0.423900 -0.571300
vn 0.568000 -0.619800 -0.541500
vn 0.578600 -0.590300 -0.562800
vn 0.904300 -0.002200 0.426900
vn 0.910900 -0.033800 0.411100
vn 0.931900 0.166900 -0.322100
vn 0.923100 0.116900 -0.366500
vn 0.846600 0.007700 -0.532100
vn 0.874500 -0.037400 -0.483500
vn 0.379500 -0.840300 0.387200
vn 0.409300 -0.841800 0.351800
vn 0.606400 -0.380100 0.698400
vn 0.580900 -0.348700 0.735500
vn 0.646500 -0.021700 0.762600
vn 0.648400 -0.024100 0.760900
vn 0.569200 -0.582000 0.580700
vn 0.540800 -0.565200 0.622900
vn 0.746100 0.023200 0.665400
vn 0.762000 -0.004500 0.647600
vn 0.760600 0.235300 -0.605100
vn 0.884400 0.077900 -0.460200
vn 0.998200 0.032800 0.051100
vn 0.998900 0.023100 0.040300
vn 0.968700 0.021300 -0.247500
vn 0.916100 0.147800 -0.372700
vn 0.892100 -0.016700 -0.451600
vn 0.900200 -0.141200 -0.411900
vn 0.998400 -0.050900 0.025000
vn 0.998700 -0.042800 0.028200
vn 0.052000 -0.951600 0.302800
vn 0.051200 -0.951500 0.303300
vn 0.067700 -0.996600 -0.047500
vn 0.079500 -0.996700 -0.014000
vn 0.096500 -0.815100 0.571300
vn 0.083500 -0.807800 0.583600
vn 0.140800 -0.331800 0.932800
vn 0.153800 -0.350500 0.923900
vn 0.122900 -0.032600 0.991900
vn 0.108000 -0.011200 0.994100
vn 0.040300 -0.996100 -0.078000
vn 0.006100 -0.995700 -0.092100
vn 0.386800 0.044200 0.921100
vn 0.407400 0.005000 0.913200
vn 0.037600 0.911400 -0.409900
vn 0.045500 0.923300 -0.381500
vn 0.138400 -0.173100 -0.975100
vn 0.143500 -0.177900 -0.973500
vn 0.880300 0.029000 0.473600
vn 0.885400 0.013200 0.464600
vn 0.656900 -0.030100 -0.753400
vn 0.656500 -0.028800 -0.753800
vn 0.996600 -0.010000 0.081900
vn 0.996000 -0.013300 0.087900
vn 0.342500 -0.068700 -0.937000
vn 0.322500 -0.102200 -0.941000
vn 0.146800 -0.141600 -0.979000
vn 0.148200 -0.143700 -0.978500
vn 0.992600 -0.001600 -0.121200
vn 0.990200 -0.022800 -0.138000
vn 0.969000 -0.039300 0.244100
vn 0.970300 -0.052600 0.236000
vn 0.712900 0.069000 -0.697900
vn 0.670500 0.011000 -0.741800
vn 0.797800 -0.088600 -0.596400
vn 0.792100 -0.059500 -0.607400
vn 0.753300 -0.022200 0.657300
vn 0.760800 -0.035000 0.648100
vn 0.409500 -0.008900 0.912300
vn 0.407300 -0.012900 0.913200
vn 0.463000 -0.065600 -0.883900
vn 0.472200 -0.080400 -0.877800
vn 0.210500 0.715500 -0.666100
vn 0.234200 0.691500 -0.683400
vn 0.296400 -0.675900 -0.674700
vn 0.284200 -0.690500 -0.665100
vn 0.352300 -0.201500 -0.914000
vn 0.357900 -0.181700 -0.915900
vn 0.206300 -0.313300 -0.927000
vn 0.272000 -0.117500 -0.955100
vn 0.272000 -0.117200 -0.955100
vn 0.322300 -0.066900 -0.944300
vn 0.127700 -0.175700 -0.976100
vn 0.128700 -0.173100 -0.976500
vn 0.585500 -0.111000 -0.803000
vn 0.516500 -0.042700 -0.855200
vn 0.483300 -0.170900 -0.858600
vn 0.567300 0.028800 -0.823000
vn 0.613900 -0.031800 -0.788800
vn 0.605600 -0.038600 -0.794800
vn 0.122500 -0.571600 0.811400
vn 0.104700 -0.552700 0.826800
vn 0.199200 -0.939700 0.278100
vn 0.137800 -0.951000 0.276900
vn 0.308000 -0.848600 0.430100
vn 0.269700 -0.810100 0.520600
vn 0.380500 -0.351000 0.855600
vn 0.401800 -0.323700 0.856600
vn 0.406600 -0.027200 0.913200
vn 0.409200 -0.031700 0.911900
vn 0.119100 0.016900 0.992700
vn 0.103400 0.042200 0.993700
vn 0.103700 0.009300 0.994600
vn 0.108100 0.001800 0.994100
vn 0.575600 -0.815200 0.064100
vn 0.527700 -0.841800 0.113700
vn 0.724800 -0.666700 0.173700
vn 0.799400 -0.594200 0.089000
vn 0.966400 -0.016600 0.256400
vn 0.969200 -0.033700 0.244000
vn 0.979700 -0.042600 0.196000
vn 0.978600 -0.027600 0.203800
vn 0.330900 -0.941000 0.071300
vn 0.326800 -0.942100 0.075800
vn 0.899000 -0.394000 0.191300
vn 0.883200 -0.418600 0.211700
vn 0.976600 0.028200 0.213000
vn 0.980200 -0.033700 0.195200
vn 0.973600 0.018700 0.227500
vn 0.970200 0.036100 0.239600
vn 0.911200 -0.029200 0.411000
vn 0.916300 -0.050900 0.397200
vn 0.997200 0.055100 0.050100
vn 0.990900 0.134700 -0.005700
vn 0.707100 0.078300 -0.702800
vn 0.736200 0.034900 -0.675900
vn 0.745100 0.098600 0.659600
vn 0.731900 0.112800 0.672000
vn 0.969600 0.052700 0.238800
vn 0.960900 0.084500 0.263900
vn 0.769400 0.016700 0.638600
vn 0.776100 -0.008900 0.630500
vn 0.765500 0.061700 0.640500
vn 0.745500 0.091100 0.660200
vn 0.245400 -0.643100 -0.725400
vn 0.153500 -0.544500 -0.824600
vn 0.749700 -0.012400 -0.661700
vn 0.749700 -0.012500 -0.661600
vn 0.508600 -0.737600 -0.444200
vn 0.567700 -0.617000 -0.544900
vn 0.707400 0.155200 -0.689500
vn 0.839100 0.006600 -0.544000
vn 0.781000 -0.145000 -0.607500
vn 0.745800 -0.024700 -0.665700
vn 0.790900 -0.065800 -0.608400
vn 0.846700 0.020800 -0.531700
vn 0.669900 -0.044500 -0.741100
vn 0.692900 -0.021900 -0.720700
vn 0.680000 -0.088900 -0.727800
vn 0.657500 -0.028700 -0.752900
vn 0.776200 0.123100 -0.618400
vn 0.806200 0.078000 -0.586500
vn 0.969800 -0.242200 -0.028500
vn 0.996100 0.010300 -0.087600
vn 0.837600 -0.301100 -0.455800
vn 0.886500 -0.172800 -0.429200
vn 0.997500 0.018200 -0.068400
vn 0.996600 -0.072800 0.039200
vn 0.587200 -0.804400 -0.089800
vn 0.557900 -0.818900 -0.134500
vn 0.618300 -0.665500 -0.418100
vn 0.672300 -0.653800 -0.347200
vn 0.751000 -0.655700 -0.078400
vn 0.734700 -0.669000 -0.112400
vn 0.810900 -0.414500 -0.413000
vn 0.859400 -0.374000 -0.348700
vn 0.916800 -0.393500 -0.067900
vn 0.909000 -0.407400 -0.088500
vn 0.907200 -0.032800 -0.419300
vn 0.904200 -0.027000 -0.426200
vn 0.946400 0.303000 -0.111900
vn 0.983800 0.179200 -0.002000
vn 0.344800 -0.935000 -0.083100
vn 0.360000 -0.930800 -0.063100
vn 0.999900 -0.009500 -0.005700
vn 0.999100 -0.035200 -0.021900
vn 0.883600 -0.068200 -0.463200
vn 0.884500 -0.073800 -0.460700
vn 0.998900 -0.040500 -0.021700
vn 0.999900 0.001800 0.013800
vn 0.906000 -0.062300 -0.418600
vn 0.916800 -0.040000 -0.397400
vn 0.994300 -0.066800 -0.082600
vn 0.995000 -0.037500 -0.092100
vn 0.973900 0.147700 -0.172100
vn 0.968500 0.164400 -0.186800
vn 0.981500 0.028800 -0.189200
vn 0.982900 0.047400 -0.177900
vn 0.661900 -0.015600 -0.749400
vn 0.656600 -0.002700 -0.754300
vn 0.711400 -0.021000 -0.702500
vn 0.697500 -0.017600 -0.716400
vn 0.869700 0.063500 0.489400
vn 0.880400 0.034400 0.473100
vn 0.998400 0.002100 0.056500
vn 0.996700 0.021200 0.079000
vn 0.979100 -0.017900 0.202800
vn 0.973600 0.011600 0.228000
vn 0.783500 0.028300 0.620700
vn 0.765500 0.064100 0.640200
vn 0.777400 0.076700 -0.624300
vn 0.763900 0.101900 -0.637300
vn 0.865400 0.219900 -0.450200
vn 0.878200 0.185700 -0.440800
vn 0.994300 0.103500 -0.025300
vn 0.980500 0.165900 0.105500
vn 0.963700 0.250700 -0.091200
vn 0.885900 0.332100 -0.323900
vn 0.996300 -0.017000 0.084100
vn 0.997500 -0.008000 0.070500
vn 0.892100 -0.450600 0.032900
vn 0.977100 -0.211100 -0.027500
vn 0.785300 -0.396900 -0.475200
vn 0.878200 -0.252500 -0.406300
vn 0.918300 -0.291600 0.267700
vn 0.996300 -0.085400 -0.010300
vn 0.964100 0.252800 -0.081100
vn 0.968900 0.164200 -0.185000
vn 0.772000 0.049300 -0.633700
vn 0.828100 0.020800 -0.560200
vn 0.955900 -0.240600 0.168600
vn 0.960300 0.086000 0.265300
vn 0.340200 0.936100 0.089600
vn 0.377300 0.915100 0.142400
vn 0.158200 -0.052400 -0.986000
vn 0.098900 -0.083900 -0.991600
vn 0.045300 -0.998800 0.019700
vn 0.277500 -0.955500 -0.099800
vn 0.595000 0.212100 0.775300
vn 0.639400 0.077600 0.765000
vn 0.372500 0.850200 0.372100
vn 0.444700 0.789700 0.422600
vn 0.444000 0.875700 -0.189800
vn 0.276300 0.883600 -0.378100
vn 0.167500 -0.666900 -0.726100
vn -0.047600 -0.734100 -0.677400
vn 0.322300 -0.687500 0.650800
vn 0.440800 -0.773600 0.455300
vn 0.155200 0.584700 -0.796300
vn 0.205000 0.599200 -0.773900
vn 0.588400 -0.060100 0.806300
vn 0.651400 -0.254700 0.714700
vn 0.031600 0.981900 0.186500
vn 0.047700 0.979800 0.194100
vn 0.017000 -0.071600 -0.997300
vn 0.050500 -0.042100 -0.997800
vn 0.038400 -0.997200 -0.064400
vn -0.002500 -0.999800 -0.021100
vn 0.245600 0.307400 0.919400
vn 0.237600 0.317300 0.918100
vn 0.036200 0.929000 0.368200
vn 0.182000 0.855100 0.485400
vn 0.023100 0.956300 -0.291600
vn -0.072500 0.938600 -0.337300
vn -0.003900 -0.734000 -0.679100
vn 0.021500 -0.717300 -0.696400
vn 0.231100 -0.843700 0.484500
vn 0.154800 -0.800600 0.578800
vn 0.022800 0.677100 -0.735500
vn -0.054500 0.620900 -0.782000
vn 0.274700 -0.252700 0.927700
vn 0.265400 -0.240000 0.933800
vn 0.073600 0.978700 0.191800
vn -0.014900 0.998500 0.053100
vn -0.005200 -0.036600 -0.999300
vn 0.002300 -0.021200 -0.999800
vn 0.059900 -0.997900 -0.025700
vn 0.057800 -0.998200 -0.017200
vn 0.203400 0.321700 0.924800
vn 0.173300 0.379500 0.908800
vn 0.092400 0.863400 0.496000
vn 0.094400 0.861600 0.498800
vn 0.061100 0.933700 -0.352800
vn 0.000800 0.881600 -0.471900
vn -0.017600 -0.718400 -0.695400
vn -0.021900 -0.726600 -0.686700
vn 0.171800 -0.799100 0.576100
vn 0.153100 -0.750500 0.643000
vn 0.027600 0.612900 -0.789700
vn 0.021500 0.598300 -0.801000
vn 0.232900 -0.235700 0.943500
vn 0.224100 -0.213100 0.951000
vn 0.073800 0.995500 0.059400
vn 0.067100 0.996300 0.053300
vn -0.027400 -0.024700 -0.999300
vn -0.107700 -0.093000 -0.989800
vn 0.079200 -0.996600 -0.021400
vn 0.049000 -0.998800 0.006800
vn 0.199600 0.382400 0.902200
vn 0.127500 0.863100 0.488700
vn 0.144800 0.852900 0.501500
vn -0.013700 0.881500 -0.471900
vn 0.012400 0.892900 -0.450100
vn -0.007600 -0.725100 -0.688600
vn -0.032200 -0.741500 -0.670200
vn 0.150200 -0.751100 0.642900
vn 0.177800 -0.762100 0.622600
vn -0.046100 0.587000 -0.808300
vn -0.065800 0.565500 -0.822100
vn 0.204000 -0.218500 0.954300
vn 0.202300 -0.217400 0.954900
vn 0.039900 0.997400 0.060300
vn 0.040500 0.997300 0.061900
vn -0.124700 -0.076000 -0.989300
vn -0.123400 -0.071500 -0.989800
vn 0.055500 -0.998500 0.003100
vn 0.055400 -0.998500 0.003700
vn 0.152900 0.377100 0.913500
vn 0.151900 0.380500 0.912200
vn 0.103100 0.859000 0.501500
vn 0.084300 0.887200 0.453600
vn -0.050100 0.872300 -0.486400
vn -0.032100 0.898300 -0.438100
vn -0.052400 -0.737400 -0.673400
vn -0.058300 -0.767400 -0.638600
vn 0.147800 -0.776500 0.612600
vn 0.138800 -0.740700 0.657400
vn -0.103800 0.546100 -0.831200
vn -0.094900 0.577800 -0.810600
vn 0.160900 -0.207200 0.965000
vn 0.176500 -0.266800 0.947500
vn 0.022600 0.997600 0.065100
vn 0.019900 0.997800 0.062500
vn -0.126000 -0.071800 -0.989400
vn -0.135900 -0.082400 -0.987300
vn 0.050700 -0.998700 0.004200
vn 0.050000 -0.998700 0.005000
vn 0.129800 0.377800 0.916700
vn 0.129600 0.378100 0.916700
vn 0.069900 0.886800 0.456700
vn 0.054100 0.895300 0.442200
vn -0.048200 0.897200 -0.438900
vn -0.032200 0.906700 -0.420600
vn -0.039500 -0.766100 -0.641500
vn -0.057100 -0.781000 -0.621900
vn 0.045600 -0.748900 0.661200
vn 0.136000 -0.815600 0.562400
vn -0.138800 0.569500 -0.810200
vn -0.075800 0.656300 -0.750600
vn 0.129600 -0.274100 0.952900
vn 0.113400 -0.257900 0.959500
vn 0.681500 -0.395300 0.615800
vn 0.701300 -0.380700 0.602700
vn 0.751700 -0.018500 0.659300
vn 0.753400 -0.020900 0.657300
vn 0.618200 -0.579400 0.531200
vn 0.638400 -0.018500 0.769400
vn 0.648100 -0.032000 0.760900
vn 0.647300 0.010700 0.762100
vn 0.638800 0.022500 0.769100
vn 0.994600 -0.063000 -0.082300
vn 0.994300 -0.008000 -0.106700
vn 0.898600 -0.003300 0.438800
vn 0.901700 -0.036200 0.430900
vn 0.754300 -0.032000 0.655700
vn 0.745000 -0.006700 0.667000
vn 0.366300 0.043400 0.929500
vn 0.386400 0.008200 0.922300
vn 0.134600 0.016900 0.990800
vn 0.119200 0.041600 0.992000
vn 0.972400 -0.007900 0.233300
vn 0.974600 -0.035200 0.221400
vn 0.999000 0.038900 0.022900
vn 0.999900 -0.012900 -0.005600
vn 0.913600 -0.078100 -0.398900
vn 0.894300 -0.010200 -0.447400
vn 0.609000 -0.033600 0.792400
vn 0.647400 0.013600 0.762100
vn 0.793700 -0.023300 -0.607800
vn 0.800400 -0.014100 -0.599300
vn 0.347800 -0.034900 -0.936900
vn 0.340700 -0.023000 -0.939900
vn 0.158100 -0.072700 -0.984800
vn 0.147000 -0.056800 -0.987500
vn 0.418600 -0.018600 -0.908000
vn 0.465500 -0.084500 -0.881000
vn 0.348200 -0.201000 -0.915600
vn 0.346000 -0.204400 -0.915700
vn 0.125700 -0.172900 -0.976900
vn 0.126300 -0.175400 -0.976400
vn 0.472000 -0.099000 -0.876000
vn 0.462200 -0.087600 -0.882400
vn 0.404300 -0.209700 -0.890200
vn 0.496000 -0.053700 -0.866600
vn 0.471600 -0.092600 -0.876900
vn 0.495600 -0.053100 -0.867000
vn -0.182500 -0.375200 -0.908800
vn 0.145400 -0.580800 -0.801000
vn 0.917700 -0.019300 0.396900
vn 0.921400 -0.032300 0.387300
vn 0.241700 0.039600 -0.969500
vn 0.204600 -0.190600 -0.960100
vn 0.924200 -0.380100 -0.037300
vn 0.968800 -0.185800 -0.163800
vn 0.917400 -0.051400 -0.394600
vn 0.875800 -0.001800 -0.482700
vn 0.477900 -0.563500 0.673900
vn 0.477600 -0.561800 0.675400
vn 0.100100 -0.649800 0.753400
vn 0.090000 -0.665200 0.741200
vn 0.172800 -0.312900 -0.933900
vn 0.208800 -0.243400 -0.947200
vn 0.187300 -0.191800 -0.963400
vn 0.208900 -0.238300 -0.948500
vn 0.288600 -0.546900 0.785900
vn 0.310800 -0.687800 0.656000
vn 0.821400 -0.500900 0.272800
vn 0.966700 -0.190100 0.171600
vn 0.939600 0.009700 -0.342300
vn 0.833000 0.133100 -0.537100
vn 0.897100 -0.097500 -0.431000
vn 0.856100 -0.060700 -0.513200
vn 0.997500 -0.069100 0.013300
vn 0.999100 -0.025300 -0.034900
vn 0.599000 -0.637400 0.484800
vn 0.605900 -0.561200 0.563900
vn 0.900500 0.223500 0.372900
vn 0.873400 0.281900 0.397100
vn 0.689300 -0.647300 0.325400
vn 0.744700 -0.492900 0.449900
vn 0.886200 -0.183800 0.425300
vn 0.870500 -0.212200 0.444100
vn 0.982900 0.181600 -0.031400
vn 0.989400 0.145000 -0.007400
vn 0.925400 -0.378700 -0.016900
vn 0.971600 -0.199000 -0.127900
vn 0.967100 -0.245900 -0.065200
vn 0.956700 -0.290700 -0.016800
vn 0.942100 -0.283800 -0.178400
vn 0.939500 -0.306300 -0.153600
vn 0.943400 0.299400 -0.143000
vn 0.986800 0.160700 -0.022100
vn 0.998200 0.001100 -0.060600
vn 0.970100 0.172700 -0.170600
vn 0.613700 -0.140300 0.777000
vn 0.609600 -0.135000 0.781100
vn 0.592700 0.279400 0.755400
vn 0.557800 0.318000 0.766600
vn 0.646600 0.074400 0.759200
vn 0.603700 0.143100 0.784300
vn 0.163900 -0.057900 0.984800
vn 0.132200 -0.107900 0.985300
vn 0.124200 0.369800 0.920800
vn 0.125800 0.372600 0.919400
vn 0.123300 0.047600 0.991200
vn 0.124100 0.045700 0.991200
vn 0.402000 -0.145800 0.903900
vn 0.379900 -0.101900 0.919400
vn 0.363900 0.307100 0.879400
vn 0.322500 0.370600 0.871000
vn 0.405600 0.089400 0.909700
vn 0.412400 0.074600 0.907900
vn 0.954600 -0.217800 0.203200
vn 0.942800 -0.247500 0.223400
vn 0.927800 0.304200 0.216100
vn 0.937100 0.177500 0.300600
vn 0.957100 0.147500 0.249400
vn 0.944600 0.275600 0.178500
vn 0.734800 -0.138600 0.664000
vn 0.715000 -0.163500 0.679700
vn 0.675500 0.369300 0.638200
vn 0.755800 0.274700 0.594400
vn 0.746600 0.142200 0.649900
vn 0.712700 0.196800 0.673300
vn 0.866600 -0.154000 -0.474700
vn 0.888400 -0.216800 -0.404600
vn 0.927000 -0.218400 -0.304700
vn 0.919300 -0.167800 -0.355900
vn 0.882800 -0.307100 -0.355400
vn 0.852600 -0.154400 -0.499300
vn 0.894800 0.136100 -0.425300
vn 0.931100 -0.294400 -0.215400
vn 0.899400 -0.242900 -0.363300
vn 0.976500 -0.048500 -0.210200
vn 0.904300 0.017100 -0.426500
vn 0.930700 -0.025100 -0.364900
vn 0.803300 -0.503200 -0.318500
vn 0.698300 -0.562800 -0.442300
vn 0.095400 -0.734300 -0.672100
vn 0.128500 -0.753200 -0.645100
vn 0.069500 -0.934600 -0.348800
vn 0.025600 -0.922900 -0.384300
vn 0.029500 -0.432700 -0.901000
vn 0.117600 -0.547500 -0.828500
vn 0.323000 -0.725200 -0.608100
vn 0.188400 -0.808900 -0.556900
vn 0.365800 -0.684800 -0.630300
vn 0.262100 -0.639400 -0.722800
vn -0.026400 -0.497800 -0.866900
vn -0.067500 -0.341400 -0.937500
vn 0.229900 -0.758600 -0.609700
vn 0.247800 -0.739200 -0.626300
vn -0.020400 -0.107100 -0.994000
vn -0.037200 -0.088300 -0.995400
vn 0.020300 -0.082600 -0.996400
vn 0.039300 -0.104200 -0.993800
vn 0.097600 0.014200 -0.995100
vn 0.055300 -0.081500 -0.995100
vn 0.010700 -0.558400 -0.829500
vn -0.016600 -0.432900 -0.901300
vn 0.152800 -0.564500 -0.811100
vn 0.069200 -0.735200 -0.674300
vn 0.060600 -0.494700 -0.866900
vn 0.014900 -0.610800 -0.791700
vn 0.205800 -0.238500 -0.949100
vn 0.182100 -0.285900 -0.940800
vn 0.156800 -0.032600 -0.987100
vn 0.013700 -0.031600 -0.999400
vn 0.140700 0.042300 -0.989200
vn 0.277700 -0.015400 -0.960500
vn 0.133000 -0.011000 -0.991100
vn 0.195400 0.018600 -0.980500
vn -0.058500 0.998200 -0.008900
vn -0.057600 0.998300 0.000000
vn 0.009600 -1.000000 0.000000
vn -0.488200 -0.851900 -0.189300
vn -0.365600 -0.922700 -0.122100
vn -0.680100 0.697100 -0.227100
vn -0.460900 0.869300 -0.178800
vn -0.011300 0.999900 0.000000
vn -0.026200 0.999600 -0.010200
vn -0.027500 0.999600 -0.009300
vn 0.024100 -0.999700 0.003700
vn 0.024400 -0.999700 0.008100
vn 0.034300 -0.999300 0.011500
vn 0.034800 -0.999300 0.013500
vn -0.318900 0.281200 0.905100
vn -0.297100 0.269600 0.916000
vn -0.144200 -0.196800 0.969800
vn -0.593700 -0.192300 0.781400
vn -0.240800 0.491000 0.837200
vn -0.530100 0.237200 0.814100
vn -0.141800 0.263900 0.954100
vn -0.115200 0.249400 0.961500
vn -0.348900 0.287600 0.892000
vn -0.337000 0.294200 0.894400
vn -0.303200 -0.191900 0.933400
vn -0.298400 -0.194500 0.934400
vn -0.353700 -0.194600 0.914900
vn -0.336000 -0.188700 0.922800
vn -0.218000 0.768900 0.601100
vn -0.243000 0.779600 0.577200
vn -0.089400 -0.743300 0.662900
vn -0.093000 -0.741500 0.664500
vn -0.103700 0.809600 0.577800
vn -0.082400 0.820800 0.565200
vn -0.316900 0.786400 0.530200
vn -0.448100 0.697600 0.559100
vn -0.241900 -0.703000 0.668800
vn -0.203100 -0.685000 0.699700
vn -0.361800 -0.658800 0.659700
vn -0.489400 -0.664600 0.564600
vn -0.147400 0.976600 0.156900
vn -0.141500 0.978100 0.152900
vn -0.053800 -0.990600 0.125600
vn 0.033200 -0.980400 0.194300
vn -0.912100 -0.293300 0.286600
vn -0.947500 -0.235200 0.216800
vn -0.676700 0.684000 0.272500
vn -0.601500 0.773400 0.200300
vn -0.032900 0.987500 0.154400
vn -0.023000 0.988900 0.147100
vn -0.452400 0.867300 0.207900
vn -0.347300 0.925900 0.148800
vn -0.100600 -0.975900 0.193400
vn -0.042400 -0.970800 0.236100
vn -0.520200 -0.834700 0.180700
vn -0.463700 -0.855000 0.232200
vn -0.879800 -0.272800 0.389300
vn -0.879800 -0.282900 0.382000
vn -0.885200 0.307600 0.348900
vn -0.885400 0.301500 0.353800
vn -0.712600 -0.672900 0.198700
vn -0.785300 -0.544300 0.295000
vn -0.923200 0.310100 0.227200
vn -0.917200 0.318700 0.239200
vn -0.764600 -0.472700 0.438200
vn -0.748100 -0.503200 0.432700
vn -0.670700 0.597400 0.439500
vn -0.580700 0.714400 0.390400
vn -0.445100 -0.151300 0.882600
vn -0.695400 -0.057000 0.716300
vn -0.591100 0.184500 0.785200
vn -0.131000 0.904000 -0.407000
vn -0.112800 0.902300 -0.416000
vn 0.029600 -0.878100 -0.477600
vn -0.100100 -0.837400 -0.537400
vn -0.607600 -0.599700 -0.520700
vn -0.828600 0.278300 -0.485700
vn -0.846300 0.247100 -0.471900
vn -0.021300 0.911100 -0.411700
vn -0.013100 0.909500 -0.415500
vn -0.323600 0.862600 -0.388800
vn -0.037100 -0.844600 -0.534100
vn 0.040700 -0.869700 -0.491800
vn -0.411400 -0.766200 -0.493600
vn -0.546700 -0.643500 -0.535700
vn -0.799000 -0.176000 -0.575000
vn -0.801400 -0.362300 -0.476000
vn -0.555500 0.714200 -0.425800
vn -0.537700 0.725600 -0.429500
vn -0.039800 0.316800 -0.947700
vn -0.228800 0.446800 -0.864900
vn -0.187700 -0.636700 -0.747900
vn 0.169500 -0.835400 -0.522800
vn -0.308300 0.048800 -0.950000
vn -0.006700 0.449400 -0.893300
vn 0.000800 0.443100 -0.896400
vn 0.054100 -0.852400 -0.520100
vn -0.532500 -0.263900 -0.804200
vn -0.433500 -0.296600 -0.850900
vn -0.434200 -0.295200 -0.851100
vn -0.311400 0.061800 -0.948300
vn -0.224400 0.222100 -0.948800
vn -0.398300 0.056800 -0.915500
vn -0.281900 0.131500 -0.950400
vn 0.041100 0.126500 -0.991100
vn 0.054000 0.115600 -0.991800
vn 0.127800 -0.173000 -0.976600
vn 0.347400 -0.003400 -0.937700
vn 0.346700 -0.001700 -0.938000
vn 0.169200 -0.037800 -0.984900
vn 0.157600 -0.013600 -0.987400
vn 0.350700 -0.001400 -0.936500
vn 0.427700 -0.120700 -0.895800
vn 0.352200 -0.201500 -0.914000
vn 0.347200 -0.213300 -0.913200
vn 0.472000 -0.135800 -0.871100
vn 0.456900 -0.092300 -0.884700
vn 0.350900 -0.227000 -0.908500
vn 0.412700 -0.101700 -0.905200
vn 0.423900 -0.116400 -0.898200
vn 0.469800 0.049200 -0.881400
vn 0.188500 0.692600 -0.696300
vn 0.180700 0.805100 -0.565000
vn 0.117900 -0.661900 -0.740300
vn 0.094700 -0.707100 -0.700800
vn 0.264800 -0.690600 -0.673000
vn 0.240900 -0.727400 -0.642500
vn 0.042100 0.893500 -0.447100
vn 0.050700 0.910700 -0.409900
vn 0.128700 -0.170600 -0.976900
vn 0.341000 -0.048100 -0.938800
vn 0.347900 -0.034800 -0.936900
vn 0.147000 -0.089100 -0.985100
vn 0.347800 -0.204600 -0.915000
vn -0.055600 0.998300 -0.018800
vn -0.054900 0.998500 -0.008300
vn -0.011400 0.999900 0.000000
vn 0.025400 -0.999700 0.000000
vn 0.025800 -0.999700 0.003900
vn -0.296200 0.295500 0.908300
vn -0.141600 0.279500 0.949700
vn -0.114900 0.264900 0.957400
vn -0.298900 -0.189800 0.935200
vn 0.127800 -0.170500 -0.977000
vn 0.126400 -0.172900 -0.976800
vn 0.347600 -0.005000 -0.937600
vn 0.346900 -0.003400 -0.937900
vn 0.158000 -0.063100 -0.985400
vn 0.346100 -0.226500 -0.910500
vn 0.351400 -0.213800 -0.911500
vn -0.086300 -0.741900 0.664900
vn -0.089300 -0.744900 0.661200
vn -0.151300 -0.714400 0.683100
vn -0.195200 -0.730400 0.654500
vn -0.214800 0.785000 0.581100
vn -0.184500 0.773600 0.606200
vn -0.064500 0.802100 0.593700
vn -0.082400 0.820800 0.565300
vn -0.254000 0.744800 0.617100
vn -0.092400 -0.744600 0.661000
vn -0.086200 -0.743600 0.663100
vn -0.105400 0.799300 0.591700
vn -0.083700 0.811100 0.578900
vn -0.236400 -0.723600 0.648500
vn -0.199000 -0.709200 0.676400
vn 0.297800 -0.162400 -0.940700
vn 0.322500 -0.115800 -0.939500
vn 0.322400 -0.136200 -0.936800
vn 0.342700 -0.101400 -0.934000
vn 0.146800 -0.139500 -0.979300
vn 0.148200 -0.141600 -0.978800
vn 0.346400 -0.200800 -0.916400
vn 0.354000 -0.179400 -0.917900
vn 0.125100 -0.175300 -0.976500
vn 0.147700 -0.165900 -0.975000
vn 0.143000 -0.173000 -0.974500
vn 0.273100 -0.163300 -0.948000
vn 0.296500 -0.067400 -0.952700
vn 0.125200 -0.172900 -0.977000
vn 0.125800 -0.170600 -0.977300
vn 0.350900 -0.165400 -0.921700
vn 0.357900 -0.181600 -0.915900
vn -0.441600 -0.853100 0.277700
vn -0.482400 -0.839500 0.250100
vn -0.556600 -0.802200 -0.215900
vn -0.505900 -0.817100 -0.276400
vn -0.312500 -0.782600 -0.538500
vn -0.502300 -0.795200 -0.339600
vn -0.713700 -0.594700 0.370000
vn -0.723800 -0.587000 0.362700
vn -0.735100 -0.658800 -0.160400
vn -0.678700 -0.685700 -0.263300
vn -0.225700 -0.591500 -0.774100
vn -0.218000 -0.605600 -0.765300
vn -0.820200 0.393900 0.414900
vn -0.819600 0.305700 0.484600
vn -0.895800 -0.028100 0.443500
vn -0.886400 0.023600 0.462300
vn -0.868500 0.088400 0.487700
vn -0.860000 0.106200 0.499200
vn -0.704100 -0.008300 -0.710000
vn -0.665000 0.070500 -0.743600
vn -0.360500 0.104600 -0.926900
vn -0.397700 -0.103500 -0.911600
vn -0.288900 -0.940000 0.181600
vn -0.289300 -0.943700 0.160700
vn -0.808600 -0.426600 0.405200
vn -0.821400 -0.412100 0.394300
vn -0.900100 -0.398700 -0.175400
vn -0.893900 -0.406700 -0.188500
vn -0.342100 -0.592700 0.729200
vn -0.397500 -0.542100 0.740400
vn -0.471900 0.043800 -0.880500
vn -0.404800 -0.064900 -0.912100
vn -0.140600 0.809100 -0.570600
vn -0.134400 0.884300 -0.447200
vn -0.111900 -0.707500 -0.697800
vn -0.089600 -0.745700 -0.660200
vn 0.295500 0.304000 -0.905700
vn 0.300600 0.299400 -0.905500
vn -0.251800 -0.727400 -0.638300
vn -0.231800 -0.754300 -0.614200
vn -0.995400 -0.073200 -0.062100
vn -0.990500 -0.000400 -0.137700
vn -0.034400 -0.997000 0.069100
vn -0.013300 -0.996900 0.077800
vn -0.077400 -0.996800 0.018000
vn -0.068400 -0.996900 0.038000
vn -0.332200 -0.925600 -0.181500
vn -0.289900 -0.935200 -0.203500
vn -0.170800 -0.928000 -0.331100
vn -0.176000 -0.926900 -0.331400
vn -0.992200 -0.060000 -0.109500
vn -0.991800 -0.035800 -0.123000
vn -0.702800 -0.423900 -0.571300
vn -0.786600 -0.388600 -0.479900
vn -0.578600 -0.590300 -0.562800
vn -0.568000 -0.619800 -0.541500
vn -0.910900 -0.033800 0.411100
vn -0.904300 -0.002200 0.426900
vn -0.923100 0.116900 -0.366500
vn -0.931900 0.166900 -0.322100
vn -0.874500 -0.037400 -0.483500
vn -0.846600 0.007700 -0.532100
vn -0.409300 -0.841800 0.351800
vn -0.379500 -0.840300 0.387200
vn -0.580900 -0.348700 0.735500
vn -0.606400 -0.380100 0.698400
vn -0.648400 -0.024100 0.760900
vn -0.646500 -0.021700 0.762600
vn -0.540800 -0.565200 0.622900
vn -0.569200 -0.582000 0.580700
vn -0.762000 -0.004500 0.647500
vn -0.746100 0.023200 0.665400
vn -0.884800 0.078200 -0.459400
vn -0.761700 0.232700 -0.604700
vn -0.998600 0.030100 0.042500
vn -0.998400 0.032800 0.045500
vn -0.916500 0.146300 -0.372400
vn -0.968000 0.020700 -0.250100
vn -0.890400 -0.141800 -0.432500
vn -0.886900 -0.061800 -0.457900
vn -0.999100 -0.031600 0.028500
vn -0.997700 -0.066600 0.014600
vn -0.051200 -0.951500 0.303300
vn -0.052000 -0.951600 0.302800
vn -0.079500 -0.996700 -0.014000
vn -0.067700 -0.996600 -0.047500
vn -0.083500 -0.807800 0.583600
vn -0.096500 -0.815100 0.571300
vn -0.153800 -0.350500 0.923900
vn -0.140800 -0.331800 0.932800
vn -0.108000 -0.011200 0.994100
vn -0.122900 -0.032600 0.991900
vn -0.006100 -0.995700 -0.092100
vn -0.040300 -0.996100 -0.078000
vn -0.407400 0.005000 0.913200
vn -0.386800 0.044200 0.921100
vn -0.045500 0.923300 -0.381500
vn -0.037600 0.911400 -0.409900
vn -0.138400 -0.173100 -0.975100
vn -0.143500 -0.177900 -0.973500
vn -0.885400 0.013200 0.464600
vn -0.880300 0.029000 0.473600
vn -0.656500 -0.028800 -0.753800
vn -0.656900 -0.030100 -0.753400
vn -0.997700 -0.015500 0.066700
vn -0.998000 -0.012500 0.061300
vn -0.322500 -0.102200 -0.941000
vn -0.342600 -0.068600 -0.937000
vn -0.148200 -0.143700 -0.978500
vn -0.146800 -0.141600 -0.979000
vn -0.990200 -0.022800 -0.138000
vn -0.992600 -0.001600 -0.121200
vn -0.970300 -0.052600 0.236000
vn -0.969000 -0.039300 0.244100
vn -0.670700 0.011000 -0.741700
vn -0.712900 0.068900 -0.697800
vn -0.792100 -0.059600 -0.607400
vn -0.797800 -0.088600 -0.596400
vn -0.760800 -0.035000 0.648100
vn -0.753300 -0.022200 0.657300
vn -0.407300 -0.012900 0.913200
vn -0.409500 -0.008900 0.912300
vn -0.472000 -0.080200 -0.877900
vn -0.462800 -0.065500 -0.884000
vn -0.234400 0.691400 -0.683300
vn -0.210400 0.715800 -0.665900
vn -0.284400 -0.690500 -0.665000
vn -0.296500 -0.676200 -0.674500
vn -0.357900 -0.181700 -0.915900
vn -0.352300 -0.201500 -0.914000
vn -0.272000 -0.117500 -0.955100
vn -0.206300 -0.313200 -0.927000
vn -0.322200 -0.067000 -0.944300
vn -0.272000 -0.117200 -0.955100
vn -0.128700 -0.173100 -0.976500
vn -0.127700 -0.175600 -0.976100
vn -0.516100 -0.042700 -0.855500
vn -0.585100 -0.111000 -0.803300
vn -0.567300 0.028900 -0.823000
vn -0.483300 -0.170900 -0.858600
vn -0.605200 -0.038500 -0.795100
vn -0.613700 -0.031500 -0.788900
vn -0.104700 -0.552700 0.826800
vn -0.122500 -0.571600 0.811400
vn -0.137800 -0.951000 0.276900
vn -0.199200 -0.939700 0.278100
vn -0.269700 -0.810100 0.520600
vn -0.308000 -0.848600 0.430100
vn -0.401800 -0.323700 0.856600
vn -0.380500 -0.351100 0.855600
vn -0.409200 -0.031700 0.911900
vn -0.406600 -0.027200 0.913200
vn -0.103400 0.042200 0.993700
vn -0.119100 0.016900 0.992700
vn -0.108100 0.001800 0.994100
vn -0.103700 0.009300 0.994600
vn -0.527700 -0.841800 0.113700
vn -0.575600 -0.815200 0.064100
vn -0.799400 -0.594200 0.089000
vn -0.724800 -0.666700 0.173700
vn -0.969200 -0.033700 0.244000
vn -0.966400 -0.016600 0.256400
vn -0.978600 -0.027600 0.203800
vn -0.979100 -0.033900 0.200500
vn -0.326800 -0.942100 0.075800
vn -0.330900 -0.941000 0.071300
vn -0.883200 -0.418600 0.211700
vn -0.899000 -0.394000 0.191300
vn -0.979100 -0.033800 0.200500
vn -0.976600 0.015700 0.214700
vn -0.970200 0.036100 0.239600
vn -0.972900 0.022500 0.230100
vn -0.916300 -0.050900 0.397200
vn -0.911200 -0.029200 0.411000
vn -0.990900 0.134700 -0.005700
vn -0.997200 0.055100 0.050100
vn -0.736200 0.034900 -0.675900
vn -0.707100 0.078300 -0.702800
vn -0.731900 0.112800 0.672000
vn -0.745100 0.098600 0.659600
vn -0.960900 0.084500 0.263900
vn -0.969600 0.052700 0.238800
vn -0.776100 -0.008900 0.630500
vn -0.769400 0.016700 0.638600
vn -0.745500 0.091100 0.660200
vn -0.765500 0.061800 0.640500
vn -0.153500 -0.544500 -0.824600
vn -0.245400 -0.643100 -0.725400
vn -0.749100 -0.012600 -0.662300
vn -0.749200 -0.012700 -0.662200
vn -0.567700 -0.617000 -0.544900
vn -0.508600 -0.737600 -0.444200
vn -0.839100 0.006500 -0.544000
vn -0.707500 0.155100 -0.689500
vn -0.745500 -0.024800 -0.666100
vn -0.780800 -0.145300 -0.607600
vn -0.846700 0.020800 -0.531700
vn -0.790900 -0.065800 -0.608400
vn -0.693100 -0.021900 -0.720500
vn -0.670100 -0.044600 -0.740900
vn -0.657600 -0.028400 -0.752900
vn -0.680200 -0.088800 -0.727600
vn -0.806200 0.078000 -0.586500
vn -0.776200 0.123100 -0.618400
vn -0.996900 0.030300 -0.072400
vn -0.985800 -0.165900 -0.026000
vn -0.904800 -0.105900 -0.412500
vn -0.837300 -0.301600 -0.456000
vn -0.997900 -0.052900 0.036300
vn -0.997200 0.032600 -0.067200
vn -0.557900 -0.818900 -0.134500
vn -0.587200 -0.804500 -0.089800
vn -0.672300 -0.653800 -0.347200
vn -0.618300 -0.665500 -0.418100
vn -0.734700 -0.669000 -0.112400
vn -0.751000 -0.655700 -0.078400
vn -0.859400 -0.374000 -0.348700
vn -0.810900 -0.414500 -0.413000
vn -0.909000 -0.407400 -0.088500
vn -0.916800 -0.393500 -0.067900
vn -0.904200 -0.027000 -0.426200
vn -0.907200 -0.032800 -0.419300
vn -0.983800 0.179200 -0.002000
vn -0.946400 0.303000 -0.111900
vn -0.360000 -0.930800 -0.063100
vn -0.344800 -0.935000 -0.083100
vn -0.999100 -0.035200 -0.021900
vn -0.999900 -0.009500 -0.005700
vn -0.885600 -0.068000 -0.459500
vn -0.885600 -0.068400 -0.459300
vn -0.999900 0.001800 0.013800
vn -0.998900 -0.040500 -0.021700
vn -0.916800 -0.040000 -0.397400
vn -0.906000 -0.062300 -0.418600
vn -0.993400 -0.081000 -0.081600
vn -0.993400 -0.080300 -0.081900
vn -0.968500 0.164400 -0.186800
vn -0.973900 0.147700 -0.172100
vn -0.982800 0.051100 -0.177700
vn -0.981000 0.027200 -0.192300
vn -0.656600 -0.002600 -0.754300
vn -0.661900 -0.015600 -0.749400
vn -0.700000 -0.017700 -0.713900
vn -0.704400 -0.018700 -0.709500
vn -0.880400 0.034400 0.473000
vn -0.869700 0.063500 0.489400
vn -0.998100 0.006500 0.061100
vn -0.998100 0.006100 0.060600
vn -0.972900 0.011600 0.231000
vn -0.978900 -0.021000 0.203100
vn -0.765500 0.064100 0.640300
vn -0.783500 0.028200 0.620700
vn -0.763400 0.102800 -0.637700
vn -0.777400 0.076700 -0.624300
vn -0.833000 0.206900 -0.513200
vn -0.856900 0.130400 -0.498700
vn -0.966400 0.225000 0.123900
vn -0.977100 0.201700 0.067600
vn -0.848600 0.405200 -0.340100
vn -0.923100 0.355600 -0.146300
vn -0.995300 -0.018500 0.095400
vn -0.988300 -0.049100 0.144500
vn -0.977100 -0.211000 -0.027500
vn -0.892100 -0.450600 0.032900
vn -0.878100 -0.252400 -0.406500
vn -0.786200 -0.396100 -0.474300
vn -0.994900 -0.100200 0.009100
vn -0.918400 -0.291500 0.267500
vn -0.942700 0.279800 -0.181600
vn -0.926000 0.374000 -0.050800
vn -0.819800 0.020100 -0.572400
vn -0.780300 0.042600 -0.624000
vn -0.926100 0.115900 0.358900
vn -0.910500 -0.261100 0.320500
vn -0.328100 0.932600 0.150300
vn -0.303400 0.945000 0.122400
vn -0.138900 -0.089800 -0.986200
vn -0.151400 -0.082300 -0.985000
vn -0.277500 -0.955500 -0.099800
vn -0.045300 -0.998800 0.019700
vn -0.606400 0.101600 0.788600
vn -0.633600 0.042200 0.772500
vn -0.341200 0.843100 0.415700
vn -0.326900 0.852500 0.407800
vn -0.235900 0.900300 -0.365800
vn -0.425800 0.884500 -0.190600
vn 0.047600 -0.734100 -0.677400
vn -0.167500 -0.666900 -0.726100
vn -0.440700 -0.773600 0.455300
vn -0.322200 -0.687500 0.650800
vn -0.180900 0.611200 -0.770500
vn -0.087000 0.589200 -0.803300
vn -0.651300 -0.254700 0.714800
vn -0.589100 -0.061800 0.805700
vn -0.047700 0.979800 0.194200
vn -0.031500 0.981900 0.186500
vn -0.050500 -0.042000 -0.997800
vn -0.017000 -0.071600 -0.997300
vn 0.002400 -0.999800 -0.021100
vn -0.038400 -0.997200 -0.064400
vn -0.237700 0.317300 0.918100
vn -0.245600 0.307300 0.919400
vn -0.182100 0.855100 0.485400
vn -0.036200 0.929000 0.368200
vn 0.072700 0.938600 -0.337400
vn -0.023100 0.956300 -0.291600
vn -0.021500 -0.717400 -0.696400
vn 0.003900 -0.734000 -0.679100
vn -0.154800 -0.800700 0.578800
vn -0.231100 -0.843700 0.484500
vn 0.054400 0.620900 -0.782000
vn -0.022800 0.677100 -0.735500
vn -0.265400 -0.240000 0.933800
vn -0.274700 -0.252700 0.927700
vn 0.014900 0.998500 0.053100
vn -0.073600 0.978700 0.191800
vn -0.002300 -0.021100 -0.999800
vn 0.005200 -0.036500 -0.999300
vn -0.057800 -0.998200 -0.017200
vn -0.059900 -0.997900 -0.025700
vn -0.173300 0.379600 0.908800
vn -0.203400 0.321700 0.924800
vn -0.094400 0.861600 0.498800
vn -0.092400 0.863400 0.496000
vn -0.000800 0.881600 -0.471900
vn -0.061100 0.933700 -0.352800
vn 0.021900 -0.726700 -0.686600
vn 0.017600 -0.718400 -0.695400
vn -0.153000 -0.750500 0.643000
vn -0.171800 -0.799100 0.576100
vn -0.021500 0.598200 -0.801100
vn -0.027600 0.612900 -0.789700
vn -0.224100 -0.213100 0.951000
vn -0.232900 -0.235700 0.943500
vn -0.067100 0.996300 0.053300
vn -0.073800 0.995500 0.059400
vn 0.107800 -0.093000 -0.989800
vn 0.027400 -0.024700 -0.999300
vn -0.049000 -0.998800 0.006800
vn -0.079200 -0.996600 -0.021400
vn -0.199600 0.382400 0.902200
vn -0.144800 0.852900 0.501500
vn -0.127500 0.863100 0.488700
vn -0.012400 0.892900 -0.450100
vn 0.013700 0.881500 -0.471900
vn 0.032200 -0.741500 -0.670200
vn 0.007600 -0.725100 -0.688600
vn -0.177800 -0.762100 0.622600
vn -0.150200 -0.751100 0.642900
vn 0.065800 0.565500 -0.822100
vn 0.046200 0.586900 -0.808300
vn -0.202300 -0.217400 0.954900
vn -0.204100 -0.218600 0.954200
vn -0.040500 0.997300 0.061900
vn -0.039900 0.997400 0.060300
vn 0.123400 -0.071500 -0.989800
vn 0.124600 -0.076000 -0.989300
vn -0.055400 -0.998500 0.003800
vn -0.055500 -0.998500 0.003100
vn -0.151900 0.380500 0.912200
vn -0.152900 0.377100 0.913500
vn -0.084300 0.887200 0.453600
vn -0.103100 0.859000 0.501500
vn 0.032100 0.898300 -0.438100
vn 0.050100 0.872300 -0.486400
vn 0.058300 -0.767300 -0.638600
vn 0.052400 -0.737400 -0.673400
vn -0.138800 -0.740600 0.657400
vn -0.147800 -0.776500 0.612600
vn 0.094900 0.577800 -0.810600
vn 0.103800 0.546100 -0.831200
vn -0.176500 -0.266800 0.947500
vn -0.160900 -0.207200 0.965000
vn -0.019900 0.997800 0.062500
vn -0.022600 0.997600 0.065100
vn 0.135900 -0.082400 -0.987300
vn 0.126000 -0.071900 -0.989400
vn -0.050000 -0.998700 0.005000
vn -0.050700 -0.998700 0.004200
vn -0.129500 0.378100 0.916600
vn -0.129800 0.377800 0.916700
vn -0.054100 0.895300 0.442200
vn -0.069900 0.886800 0.456700
vn 0.032200 0.906700 -0.420600
vn 0.048200 0.897200 -0.438900
vn 0.057200 -0.781000 -0.621900
vn 0.039500 -0.766100 -0.641500
vn -0.136000 -0.815600 0.562400
vn -0.045600 -0.748900 0.661200
vn 0.075800 0.656300 -0.750600
vn 0.138800 0.569500 -0.810200
vn -0.113400 -0.257900 0.959500
vn -0.129600 -0.274100 0.952900
vn -0.701300 -0.380700 0.602700
vn -0.681500 -0.395300 0.615800
vn -0.753400 -0.020900 0.657300
vn -0.751700 -0.018400 0.659300
vn -0.618200 -0.579400 0.531200
vn -0.648100 -0.032100 0.760900
vn -0.638400 -0.018500 0.769500
vn -0.638700 0.022500 0.769100
vn -0.647300 0.010700 0.762100
vn -0.994300 -0.004100 -0.106400
vn -0.994800 -0.062300 -0.080800
vn -0.901700 -0.036200 0.430900
vn -0.898600 -0.003300 0.438800
vn -0.745000 -0.006700 0.667000
vn -0.754300 -0.032000 0.655700
vn -0.386400 0.008200 0.922300
vn -0.366300 0.043400 0.929500
vn -0.119200 0.041600 0.992000
vn -0.134600 0.016900 0.990800
vn -0.974600 -0.035200 0.221400
vn -0.972400 -0.007900 0.233300
vn -0.999900 -0.009600 -0.005700
vn -0.999700 0.022700 0.012100
vn -0.894300 -0.010200 -0.447400
vn -0.913600 -0.078100 -0.398900
vn -0.647400 0.013600 0.762100
vn -0.609000 -0.033600 0.792500
vn -0.800400 -0.014100 -0.599200
vn -0.793800 -0.023300 -0.607800
vn -0.340700 -0.022700 -0.939900
vn -0.348000 -0.034800 -0.936800
vn -0.147000 -0.056800 -0.987500
vn -0.158100 -0.072700 -0.984800
vn -0.465300 -0.084100 -0.881100
vn -0.418500 -0.018300 -0.908000
vn -0.346100 -0.204400 -0.915700
vn -0.348200 -0.201000 -0.915600
vn -0.125700 -0.172900 -0.976900
vn -0.126300 -0.175400 -0.976400
vn -0.461600 -0.087600 -0.882800
vn -0.471500 -0.099100 -0.876300
vn -0.496000 -0.054100 -0.866700
vn -0.404200 -0.210100 -0.890200
vn -0.495100 -0.053000 -0.867200
vn -0.471100 -0.092600 -0.877200
vn -0.145400 -0.581100 -0.800700
vn 0.183100 -0.375200 -0.908700
vn -0.921400 -0.032300 0.387300
vn -0.917700 -0.019300 0.396900
vn -0.204600 -0.190600 -0.960100
vn -0.241700 0.039600 -0.969500
vn -0.968800 -0.185800 -0.163800
vn -0.924200 -0.380100 -0.037300
vn -0.875800 -0.001800 -0.482700
vn -0.917400 -0.051400 -0.394600
vn -0.477700 -0.561800 0.675400
vn -0.477900 -0.563500 0.673900
vn -0.090000 -0.665200 0.741200
vn -0.100100 -0.649800 0.753400
vn -0.208800 -0.243400 -0.947200
vn -0.172800 -0.312900 -0.933900
vn -0.208900 -0.238300 -0.948500
vn -0.187300 -0.191800 -0.963400
vn -0.310800 -0.687800 0.656000
vn -0.288600 -0.546900 0.785900
vn -0.966700 -0.190000 0.171500
vn -0.821400 -0.500900 0.272800
vn -0.833000 0.133100 -0.537100
vn -0.939600 0.009700 -0.342300
vn -0.856100 -0.060700 -0.513200
vn -0.897100 -0.097500 -0.431000
vn -0.999100 -0.025300 -0.034900
vn -0.997500 -0.069100 0.013300
vn -0.605900 -0.561200 0.563900
vn -0.599000 -0.637400 0.484800
vn -0.873400 0.281900 0.397100
vn -0.900500 0.223500 0.372900
vn -0.744700 -0.492900 0.449900
vn -0.689300 -0.647300 0.325400
vn -0.870500 -0.212200 0.444100
vn -0.886200 -0.183800 0.425300
vn -0.989400 0.144900 -0.007400
vn -0.982900 0.181600 -0.031400
vn -0.971600 -0.199000 -0.127900
vn -0.925400 -0.378700 -0.016900
vn -0.956700 -0.290700 -0.016800
vn -0.967100 -0.245900 -0.065200
vn -0.939500 -0.306300 -0.153600
vn -0.942100 -0.283800 -0.178400
vn -0.986800 0.160700 -0.022100
vn -0.943400 0.299400 -0.143000
vn -0.970100 0.172700 -0.170600
vn -0.998200 0.001100 -0.060600
vn -0.609600 -0.135000 0.781100
vn -0.613700 -0.140300 0.777000
vn -0.557900 0.318000 0.766600
vn -0.592700 0.279400 0.755400
vn -0.603700 0.143100 0.784300
vn -0.646600 0.074400 0.759200
vn -0.132200 -0.107900 0.985300
vn -0.163900 -0.057900 0.984800
vn -0.125800 0.372600 0.919400
vn -0.124200 0.369800 0.920800
vn -0.124100 0.045700 0.991200
vn -0.123300 0.047600 0.991200
vn -0.379900 -0.101900 0.919400
vn -0.402000 -0.145800 0.903900
vn -0.322500 0.370600 0.871000
vn -0.363900 0.307100 0.879400
vn -0.412400 0.074600 0.907900
vn -0.405600 0.089400 0.909700
vn -0.942800 -0.247500 0.223400
vn -0.954600 -0.217800 0.203200
vn -0.937100 0.177500 0.300600
vn -0.927800 0.304200 0.216100
vn -0.944600 0.275600 0.178500
vn -0.957100 0.147500 0.249400
vn -0.715000 -0.163500 0.679700
vn -0.734800 -0.138600 0.664000
vn -0.755800 0.274700 0.594400
vn -0.675500 0.369300 0.638200
vn -0.712700 0.196800 0.673300
vn -0.746600 0.142200 0.649900
vn -0.888400 -0.216800 -0.404600
vn -0.866600 -0.154000 -0.474700
vn -0.919300 -0.167800 -0.355900
vn -0.927000 -0.218400 -0.304700
vn -0.852600 -0.154400 -0.499300
vn -0.882800 -0.307100 -0.355400
vn -0.931100 -0.294400 -0.215400
vn -0.894800 0.136100 -0.425300
vn -0.976500 -0.048500 -0.210200
vn -0.899400 -0.242900 -0.363300
vn -0.930700 -0.025100 -0.364900
vn -0.904300 0.017100 -0.426500
vn -0.698300 -0.562800 -0.442300
vn -0.803300 -0.503200 -0.318500
vn -0.128500 -0.753200 -0.645100
vn -0.095400 -0.734300 -0.672100
vn -0.025600 -0.922900 -0.384300
vn -0.069500 -0.934600 -0.348800
vn -0.117600 -0.547500 -0.828500
vn -0.029500 -0.432700 -0.901000
vn -0.188400 -0.808900 -0.556900
vn -0.323000 -0.725200 -0.608100
vn -0.262100 -0.639400 -0.722800
vn -0.365800 -0.684800 -0.630300
vn 0.067500 -0.341400 -0.937500
vn 0.026400 -0.497800 -0.866900
vn -0.247800 -0.739200 -0.626300
vn -0.229900 -0.758600 -0.609700
vn 0.037200 -0.088300 -0.995400
vn 0.020400 -0.107100 -0.994000
vn -0.039300 -0.104200 -0.993800
vn -0.020300 -0.082600 -0.996400
vn -0.055300 -0.081500 -0.995100
vn -0.097600 0.014200 -0.995100
vn 0.016600 -0.432900 -0.901300
vn -0.010700 -0.558400 -0.829500
vn -0.069200 -0.735200 -0.674300
vn -0.152800 -0.564500 -0.811100
vn -0.014900 -0.610800 -0.791700
vn -0.060600 -0.494700 -0.866900
vn -0.182100 -0.285900 -0.940800
vn -0.205800 -0.238500 -0.949100
vn -0.013700 -0.031600 -0.999400
vn -0.156800 -0.032600 -0.987100
vn -0.277700 -0.015400 -0.960500
vn -0.140700 0.042300 -0.989200
vn -0.195400 0.018600 -0.980500
vn -0.133000 -0.011000 -0.991100
vn 0.057600 0.998300 0.000000
vn 0.058500 0.998200 -0.008900
vn -0.009600 -1.000000 0.000000
vn -0.009600 -1.000000 -0.000100
vn 0.366100 -0.922500 -0.122000
vn 0.489200 -0.851400 -0.189300
vn 0.461700 0.868900 -0.178700
vn 0.681000 0.696300 -0.226900
vn 0.011300 0.999900 0.000000
vn 0.027500 0.999600 -0.009300
vn 0.026300 0.999600 -0.010200
vn -0.024400 -0.999700 0.008200
vn -0.024100 -0.999700 0.003700
vn -0.034800 -0.999300 0.013500
vn -0.034300 -0.999300 0.011600
vn 0.297100 0.269600 0.916000
vn 0.318900 0.281200 0.905100
vn 0.144200 -0.196800 0.969800
vn 0.593500 -0.192200 0.781600
vn 0.152400 0.326000 0.933000
vn 0.532800 0.247300 0.809300
vn 0.115200 0.249400 0.961500
vn 0.141800 0.263900 0.954100
vn 0.337100 0.294100 0.894400
vn 0.349100 0.287300 0.891900
vn 0.298600 -0.194400 0.934400
vn 0.303200 -0.191900 0.933400
vn 0.336000 -0.188400 0.922800
vn 0.354100 -0.194500 0.914800
vn 0.243000 0.779600 0.577200
vn 0.218000 0.768900 0.601100
vn 0.093000 -0.741500 0.664500
vn 0.089400 -0.743300 0.662900
vn 0.082500 0.820800 0.565200
vn 0.103700 0.809600 0.577700
vn 0.447900 0.697600 0.559200
vn 0.317000 0.786400 0.530200
vn 0.203100 -0.685000 0.699700
vn 0.241900 -0.703000 0.668800
vn 0.489400 -0.664600 0.564600
vn 0.361800 -0.658800 0.659700
vn 0.141500 0.978100 0.152900
vn 0.147400 0.976600 0.156900
vn -0.033200 -0.980400 0.194300
vn 0.053800 -0.990600 0.125600
vn 0.947500 -0.235200 0.216800
vn 0.912000 -0.293300 0.286600
vn 0.601600 0.773300 0.200200
vn 0.676500 0.684300 0.272200
vn 0.023000 0.988900 0.147100
vn 0.032900 0.987500 0.154400
vn 0.347200 0.925900 0.148800
vn 0.452200 0.867300 0.207900
vn 0.042400 -0.970800 0.236100
vn 0.100600 -0.975900 0.193400
vn 0.463700 -0.855000 0.232200
vn 0.520200 -0.834700 0.180700
vn 0.879800 -0.283000 0.382000
vn 0.879800 -0.272800 0.389300
vn 0.885400 0.301300 0.353900
vn 0.885300 0.307200 0.349200
vn 0.785300 -0.544300 0.295000
vn 0.712600 -0.672900 0.198700
vn 0.917400 0.318300 0.238700
vn 0.923200 0.310100 0.227200
vn 0.748100 -0.503200 0.432700
vn 0.764600 -0.472700 0.438200
vn 0.580600 0.714400 0.390600
vn 0.670500 0.597500 0.439800
vn 0.695300 -0.056700 0.716400
vn 0.445600 -0.150900 0.882400
vn 0.590900 0.184200 0.785500
vn 0.112800 0.902300 -0.416000
vn 0.131000 0.904000 -0.407000
vn 0.100100 -0.837400 -0.537400
vn -0.029600 -0.878100 -0.477600
vn 0.593900 -0.587700 -0.549500
vn 0.846300 0.247100 -0.471900
vn 0.828600 0.278300 -0.485700
vn 0.013100 0.909500 -0.415500
vn 0.021300 0.911100 -0.411700
vn 0.323500 0.862600 -0.388800
vn -0.040700 -0.869700 -0.491800
vn 0.037100 -0.844600 -0.534100
vn 0.599000 -0.583800 -0.548100
vn 0.411300 -0.766300 -0.493600
vn 0.780900 -0.417500 -0.464500
vn 0.771100 -0.168100 -0.614100
vn 0.537600 0.725600 -0.429500
vn 0.555500 0.714200 -0.425800
vn 0.228800 0.446800 -0.864900
vn 0.039800 0.316800 -0.947700
vn -0.169500 -0.835400 -0.522800
vn 0.187700 -0.636700 -0.747900
vn 0.308300 0.048800 -0.950000
vn -0.000800 0.443100 -0.896400
vn 0.006700 0.449400 -0.893300
vn 0.532500 -0.263900 -0.804200
vn -0.054100 -0.852400 -0.520100
vn 0.551500 -0.256900 -0.793600
vn 0.311400 0.061800 -0.948300
vn 0.463300 -0.417400 -0.781700
vn 0.224400 0.222100 -0.948800
vn 0.281900 0.131500 -0.950400
vn 0.398300 0.056800 -0.915500
vn -0.054000 0.115600 -0.991800
vn -0.041100 0.126500 -0.991100
vn -0.127800 -0.173000 -0.976600
vn -0.346900 -0.001600 -0.937900
vn -0.347700 -0.003400 -0.937600
vn -0.157600 -0.013600 -0.987400
vn -0.169200 -0.037800 -0.984900
vn -0.427600 -0.120300 -0.895900
vn -0.350700 -0.001300 -0.936500
vn -0.347200 -0.213300 -0.913200
vn -0.352200 -0.201500 -0.914000
vn -0.456300 -0.092400 -0.885000
vn -0.471200 -0.135300 -0.871600
vn -0.412600 -0.102400 -0.905100
vn -0.351100 -0.227100 -0.908400
vn -0.472200 -0.092100 -0.876700
vn -0.360200 -0.035200 -0.932200
vn -0.180900 0.805000 -0.565000
vn -0.188700 0.692500 -0.696300
vn -0.094700 -0.707100 -0.700800
vn -0.117900 -0.661900 -0.740300
vn -0.241100 -0.727400 -0.642500
vn -0.264900 -0.690600 -0.672900
vn -0.050700 0.910700 -0.409900
vn -0.042100 0.893500 -0.447100
vn -0.128700 -0.170600 -0.976900
vn -0.347900 -0.034800 -0.936900
vn -0.341000 -0.048100 -0.938800
vn -0.147000 -0.089100 -0.985100
vn -0.348000 -0.204600 -0.914900
vn -0.347800 -0.204900 -0.914900
vn 0.054900 0.998500 -0.008300
vn 0.055600 0.998300 -0.018800
vn 0.011400 0.999900 0.000000
vn -0.025800 -0.999700 0.003900
vn -0.025400 -0.999700 0.000000
vn 0.296400 0.295300 0.908300
vn 0.114900 0.264900 0.957400
vn 0.141600 0.279500 0.949700
vn 0.298900 -0.189800 0.935200
vn -0.126400 -0.172900 -0.976800
vn -0.127800 -0.170500 -0.977000
vn -0.346900 -0.003400 -0.937900
vn -0.347600 -0.005000 -0.937600
vn -0.158000 -0.063100 -0.985400
vn -0.351600 -0.213800 -0.911400
vn -0.346200 -0.226500 -0.910400
vn 0.089300 -0.744900 0.661200
vn 0.086300 -0.741900 0.664900
vn 0.195200 -0.730400 0.654500
vn 0.151300 -0.714400 0.683100
vn 0.184600 0.773600 0.606200
vn 0.214800 0.785000 0.581100
vn 0.082400 0.820800 0.565300
vn 0.064500 0.802100 0.593700
vn 0.254000 0.744800 0.617100
vn 0.086200 -0.743600 0.663100
vn 0.092400 -0.744600 0.661000
vn 0.083700 0.811100 0.578800
vn 0.105400 0.799300 0.591700
vn 0.199000 -0.709200 0.676400
vn 0.236400 -0.723600 0.648500
vn -0.322500 -0.115800 -0.939500
vn -0.297800 -0.162400 -0.940700
vn -0.342700 -0.101400 -0.934000
vn -0.322400 -0.136200 -0.936800
vn -0.148200 -0.141600 -0.978800
vn -0.146800 -0.139500 -0.979300
vn -0.354000 -0.179400 -0.917900
vn -0.346400 -0.200800 -0.916400
vn -0.125100 -0.175300 -0.976500
vn -0.143000 -0.173000 -0.974500
vn -0.147700 -0.165900 -0.975000
vn -0.296500 -0.067400 -0.952700
vn -0.273100 -0.163400 -0.948000
vn -0.125200 -0.172900 -0.977000
vn -0.125800 -0.170600 -0.977300
vn -0.357900 -0.181600 -0.915900
vn -0.350900 -0.165400 -0.921700
vn 0.147500 -0.172900 -0.973800
vn -0.147500 -0.172900 -0.973800
vn 0.186800 -0.207500 -0.960200
vn 0.156200 -0.244500 -0.957000
vn 0.208800 -0.339500 -0.917100
vn 0.232500 -0.282400 -0.930700
vn -0.186800 -0.207500 -0.960200
vn -0.156200 -0.244500 -0.957000
vn -0.208800 -0.339500 -0.917100
vn -0.232500 -0.282400 -0.930700
vn 0.142200 -0.165900 -0.975800
vn -0.138500 -0.173100 -0.975100
vn -0.142200 -0.166000 -0.975800
vn 0.045600 0.997200 0.058900
vn 0.044100 0.997400 0.057600
vn -0.109600 -0.074300 -0.991200
vn -0.132600 -0.098000 -0.986300
vn 0.053200 -0.998600 0.003300
vn 0.050800 -0.998700 0.006700
vn 0.192300 0.381600 0.904100
vn 0.192200 0.381700 0.904100
vn 0.117100 0.859100 0.498200
vn 0.126500 0.853100 0.506100
vn -0.055100 0.871900 -0.486600
vn -0.020300 0.892000 -0.451600
vn -0.072100 -0.739400 -0.669400
vn -0.075400 -0.742200 -0.665900
vn 0.143600 -0.776900 0.613000
vn 0.131400 -0.767200 0.627800
vn -0.085900 0.549800 -0.830900
vn -0.075500 0.564000 -0.822300
vn 0.187800 -0.203300 0.960900
vn 0.202300 -0.217300 0.954900
vn -0.045600 0.997200 0.058900
vn -0.044100 0.997400 0.057600
vn 0.133400 -0.077000 -0.988100
vn 0.109900 -0.093400 -0.989600
vn -0.053200 -0.998600 0.003300
vn -0.050800 -0.998700 0.006700
vn -0.192300 0.381600 0.904100
vn -0.192200 0.381700 0.904100
vn -0.117100 0.859100 0.498200
vn -0.126500 0.853100 0.506100
vn 0.025600 0.874000 -0.485300
vn 0.048500 0.890400 -0.452500
vn 0.076000 -0.739700 -0.668600
vn 0.071700 -0.742200 -0.666300
vn -0.143600 -0.776900 0.613000
vn -0.131400 -0.767200 0.627800
vn 0.076700 0.551600 -0.830600
vn 0.084200 0.562600 -0.822500
vn -0.187800 -0.203300 0.960900
vn -0.202300 -0.217300 0.954900
vn 0.897600 0.180100 -0.402500
vn 0.897600 0.180100 -0.402400
vn 0.548400 0.129700 -0.826100
vn 0.548400 0.129800 -0.826100
vn 0.282800 0.100100 -0.953900
vn 0.282700 0.100100 -0.954000
vn 0.087500 0.088300 -0.992200
vn 0.087600 0.088300 -0.992200
vn -0.087500 0.088300 -0.992200
vn -0.087600 0.088300 -0.992200
vn -0.282800 0.100100 -0.953900
vn -0.282700 0.100200 -0.954000
vn -0.548400 0.129800 -0.826100
vn -0.548400 0.129700 -0.826100
vn -0.897600 0.180000 -0.402500
vn -0.897500 0.180100 -0.402500
vn 0.779300 0.520200 -0.349400
vn 0.507100 0.399300 -0.763800
vn 0.269500 0.317600 -0.909100
vn 0.084300 0.282900 -0.955400
vn -0.084300 0.282900 -0.955400
vn -0.269500 0.317600 -0.909100
vn -0.507100 0.399300 -0.763800
vn -0.779300 0.520200 -0.349500
vn 0.539600 0.806400 -0.242000
vn 0.539600 0.806400 -0.242100
vn 0.396000 0.698100 -0.596500
vn 0.227400 0.599800 -0.767100
vn 0.227400 0.599900 -0.767100
vn 0.073400 0.551000 -0.831300
vn 0.073400 0.551000 -0.831200
vn -0.073400 0.551000 -0.831200
vn -0.073400 0.551000 -0.831300
vn -0.227400 0.599800 -0.767100
vn -0.396000 0.698100 -0.596500
vn -0.539600 0.806400 -0.242000
vn 0.194700 0.977000 -0.087400
vn 0.161600 0.956400 -0.243500
vn 0.104900 0.929300 -0.354000
vn 0.036200 0.911500 -0.409600
vn -0.036200 0.911500 -0.409600
vn -0.104900 0.929300 -0.354000
vn -0.161600 0.956400 -0.243500
vn -0.194700 0.977000 -0.087300
vn 0.194700 -0.977000 -0.087300
vn 0.161600 -0.956400 -0.243400
vn 0.104900 -0.929300 -0.354000
vn 0.036100 -0.911500 -0.409600
vn -0.036100 -0.911500 -0.409600
vn -0.104900 -0.929300 -0.354000
vn -0.161600 -0.956400 -0.243400
vn -0.194700 -0.977000 -0.087300
vn 0.539600 -0.806400 -0.242000
vn 0.396000 -0.698100 -0.596600
vn 0.396000 -0.698100 -0.596500
vn 0.227400 -0.599800 -0.767100
vn 0.073300 -0.551000 -0.831300
vn -0.073300 -0.551000 -0.831300
vn -0.227400 -0.599800 -0.767200
vn -0.227400 -0.599900 -0.767100
vn -0.396000 -0.698000 -0.596600
vn -0.396000 -0.698100 -0.596600
vn -0.539600 -0.806400 -0.241900
vn -0.539600 -0.806400 -0.242000
vn 0.779300 -0.520200 -0.349400
vn 0.507100 -0.399300 -0.763800
vn 0.269500 -0.317600 -0.909100
vn 0.084300 -0.282900 -0.955400
vn -0.084300 -0.282900 -0.955400
vn -0.269500 -0.317600 -0.909100
vn -0.269500 -0.317500 -0.909200
vn -0.507100 -0.399300 -0.763800
vn -0.779300 -0.520200 -0.349500
vn 0.897600 -0.180100 -0.402400
vn 0.548400 -0.129800 -0.826100
vn 0.282700 -0.100100 -0.954000
vn 0.087500 -0.088300 -0.992200
vn 0.087600 -0.088300 -0.992200
vn -0.087500 -0.088300 -0.992200
vn -0.282700 -0.100100 -0.954000
vn -0.548400 -0.129800 -0.826100
vn -0.548400 -0.129700 -0.826100
vn -0.897500 -0.180000 -0.402500
vn -0.897600 -0.180100 -0.402400
vn -0.897600 0.180100 -0.402400
vn -0.897600 0.180100 -0.402500
vn -0.282700 0.100100 -0.954000
vn 0.282700 0.100200 -0.954000
vn -0.779300 0.520200 -0.349400
vn 0.779300 0.520200 -0.349500
vn -0.539600 0.806400 -0.242100
vn -0.227400 0.599900 -0.767100
vn -0.194700 0.977000 -0.087400
vn 0.194700 0.977000 -0.087300
vn -0.396000 -0.698100 -0.596500
vn -0.227400 -0.599800 -0.767100
vn 0.227400 -0.599900 -0.767100
vn 0.227400 -0.599800 -0.767200
vn 0.396000 -0.698000 -0.596600
vn 0.539600 -0.806400 -0.241900
vn -0.779300 -0.520200 -0.349400
vn -0.269500 -0.317500 -0.909100
vn 0.269500 -0.317500 -0.909100
vn 0.779300 -0.520200 -0.349500
vn -0.282800 -0.100100 -0.953900
vn -0.087600 -0.088300 -0.992200
vn 0.282800 -0.100200 -0.953900
vn 0.038200 0.966800 0.252700
vn 0.053500 0.963200 0.263200
vn -0.015100 0.957000 0.289700
vn 0.031600 0.964200 0.263200
vn 0.031600 0.984800 0.170800
vn 0.051600 0.982300 0.180000
vn 0.009600 0.982200 0.187400
vn 0.002700 0.982900 0.184000
vn -0.004300 0.958700 -0.284400
vn -0.008100 0.960000 -0.280000
vn 0.000000 0.926000 -0.377600
vn -0.006900 0.927700 -0.373300
vn 0.317900 -0.648400 -0.691800
vn 0.112000 -0.617700 -0.778400
vn -0.181800 -0.840900 -0.509800
vn -0.023100 -0.812200 -0.583000
vn 0.343500 -0.893100 -0.290600
vn 0.218100 -0.909600 -0.353700
vn -0.402400 -0.900100 -0.166900
vn -0.438900 -0.880000 -0.181300
vn 0.233900 -0.918100 0.319900
vn 0.270900 -0.921400 0.278600
vn -0.378900 -0.882800 0.277700
vn -0.422500 -0.854800 0.301400
vn 0.618500 0.371700 -0.692300
vn 0.654500 0.268900 -0.706600
vn -0.011100 0.625800 -0.779900
vn 0.040100 0.550500 -0.833900
vn 0.476400 -0.396900 -0.784600
vn 0.473400 -0.426800 -0.770500
vn 0.007400 -0.535400 -0.844500
vn -0.005200 -0.516300 -0.856400
vn -0.117400 0.440300 0.890100
vn -0.138100 0.414600 0.899500
vn 0.364500 0.439900 0.820700
vn 0.325800 0.371000 0.869600
vn -0.143600 0.079200 0.986500
vn -0.171200 0.051200 0.983900
vn 0.309000 0.033700 0.950500
vn 0.351800 0.080100 0.932600
vn 0.846000 0.359600 0.393600
vn 0.889700 0.215700 0.402400
vn 0.865000 0.351600 -0.358000
vn 0.924600 0.187600 -0.331700
vn 0.812700 0.327800 -0.481800
vn 0.814400 0.341100 -0.469400
vn 0.757200 -0.195000 0.623400
vn 0.758200 -0.118600 0.641200
vn 0.805900 -0.434700 -0.401900
vn 0.806600 -0.432400 -0.403000
vn 0.723600 -0.307000 -0.618200
vn 0.654900 -0.366300 -0.661000
vn -0.029800 0.848100 -0.529000
vn -0.037400 0.852600 -0.521100
vn 0.007300 0.899500 -0.436900
vn 0.000000 0.901300 -0.433100
vn 0.213500 -0.642500 0.736000
vn 0.248500 -0.658700 0.710200
vn -0.197300 -0.682000 0.704200
vn -0.349400 -0.720000 0.599500
vn 0.961800 0.266500 -0.062600
vn 0.954200 0.294200 -0.054600
vn 0.905100 -0.406800 0.123400
vn 0.912100 -0.387800 0.133200
vn 0.056200 0.958000 0.281100
vn 0.038000 0.961300 0.272900
vn 0.003600 0.969600 0.244600
vn -0.013200 0.966900 0.254900
vn 0.289200 -0.752000 -0.592300
vn 0.142700 -0.743600 -0.653200
vn -0.341500 -0.759000 -0.554400
vn -0.189000 -0.864300 -0.466100
vn 0.736300 0.252100 -0.628000
vn 0.763300 0.317500 -0.562600
vn 0.374100 -0.429500 -0.821900
vn 0.606800 -0.278800 -0.744400
vn 0.028600 0.966400 0.255300
vn 0.011700 0.960100 0.279400
vn 0.027700 0.981900 0.187400
vn 0.027200 0.981800 0.188100
vn 0.005700 0.901300 -0.433200
vn 0.064200 0.858700 -0.508500
vn 0.047100 -0.809700 -0.585000
vn -0.066200 -0.754800 -0.652600
vn -0.109300 -0.973200 -0.202300
vn -0.162700 -0.955600 -0.245700
vn -0.110900 -0.937100 0.331000
vn -0.111900 -0.937400 0.329900
vn 0.217200 0.551600 -0.805400
vn 0.265700 0.439600 -0.858000
vn 0.169700 -0.503600 -0.847100
vn 0.161000 -0.462400 -0.871900
vn 0.072400 0.382700 0.921000
vn 0.096500 0.441500 0.892100
vn 0.080000 0.085900 0.993100
vn 0.077900 0.082100 0.993600
vn 0.062000 0.925600 -0.373500
vn 0.008900 0.958700 -0.284300
vn -0.050500 -0.696500 0.715800
vn -0.017700 -0.669100 0.743000
vn 0.012200 0.964200 0.264700
vn -0.005900 0.958900 0.283700
vn -0.071900 -0.805100 -0.588800
vn -0.092700 -0.787600 -0.609100
vn -0.053500 0.963200 0.263200
vn -0.038200 0.966800 0.252700
vn -0.031600 0.964200 0.263200
vn 0.015100 0.957000 0.289700
vn -0.051600 0.982300 0.180000
vn -0.031600 0.984800 0.170800
vn -0.002700 0.982900 0.184000
vn -0.009600 0.982200 0.187400
vn 0.008100 0.960000 -0.280000
vn 0.004300 0.958700 -0.284400
vn 0.006900 0.927700 -0.373300
vn -0.112000 -0.617700 -0.778400
vn -0.317800 -0.648400 -0.691800
vn 0.023100 -0.812200 -0.583000
vn 0.181800 -0.840900 -0.509800
vn -0.218100 -0.909600 -0.353700
vn -0.343500 -0.893100 -0.290600
vn 0.438900 -0.880000 -0.181400
vn 0.402400 -0.900100 -0.166900
vn -0.270900 -0.921400 0.278600
vn -0.233900 -0.918100 0.319900
vn 0.422500 -0.854800 0.301400
vn 0.378900 -0.882800 0.277700
vn -0.654600 0.268800 -0.706600
vn -0.618500 0.371700 -0.692300
vn -0.040100 0.550500 -0.833900
vn 0.011100 0.625800 -0.779900
vn -0.473400 -0.426800 -0.770600
vn -0.476400 -0.397000 -0.784500
vn 0.005200 -0.516300 -0.856400
vn -0.007400 -0.535400 -0.844600
vn 0.138200 0.414600 0.899500
vn 0.117400 0.440400 0.890100
vn -0.325800 0.371000 0.869600
vn 0.443500 -0.772900 0.453700
vn 0.171200 0.051200 0.983900
vn 0.143700 0.079200 0.986500
vn -0.351800 0.080100 0.932600
vn -0.309000 0.033700 0.950500
vn -0.793700 -0.524600 0.308000
vn -0.846000 0.359700 0.393700
vn -0.924600 0.187600 -0.331700
vn -0.865000 0.351600 -0.358000
vn -0.814400 0.341100 -0.469400
vn -0.812700 0.327800 -0.481800
vn -0.758200 -0.118500 0.641200
vn -0.757200 -0.195000 0.623400
vn -0.806600 -0.432400 -0.402900
vn -0.805900 -0.434800 -0.401900
vn -0.654900 -0.366400 -0.661000
vn -0.723600 -0.307000 -0.618200
vn -0.008900 0.982800 -0.184400
vn -0.422400 0.821600 -0.382900
vn -0.007300 0.899500 -0.436900
vn -0.248500 -0.658700 0.710200
vn -0.213500 -0.642400 0.736000
vn 0.349400 -0.720000 0.599500
vn 0.197400 -0.682000 0.704200
vn -0.954200 0.294200 -0.054600
vn -0.961800 0.266500 -0.062600
vn -0.912100 -0.387800 0.133200
vn -0.905100 -0.406800 0.123400
vn -0.038000 0.961300 0.272900
vn -0.056200 0.958000 0.281100
vn 0.013200 0.966900 0.254900
vn -0.003600 0.969600 0.244600
vn -0.142600 -0.743600 -0.653200
vn -0.289200 -0.752100 -0.592300
vn 0.188900 -0.864300 -0.466100
vn 0.341500 -0.759000 -0.554400
vn -0.763300 0.317500 -0.562600
vn -0.736200 0.252100 -0.628000
vn -0.606700 -0.278800 -0.744400
vn -0.374200 -0.429500 -0.821900
vn -0.011700 0.960100 0.279500
vn -0.028600 0.966400 0.255300
vn -0.027200 0.981800 0.188100
vn -0.027700 0.981900 0.187400
vn -0.064200 0.858600 -0.508500
vn -0.005700 0.901300 -0.433200
vn 0.066200 -0.754800 -0.652600
vn -0.047100 -0.809700 -0.585000
vn 0.162700 -0.955600 -0.245700
vn 0.109300 -0.973200 -0.202300
vn 0.111900 -0.937300 0.329900
vn 0.110900 -0.937100 0.331000
vn -0.265700 0.439600 -0.858000
vn -0.217200 0.551600 -0.805400
vn -0.161000 -0.462500 -0.871900
vn -0.169700 -0.503600 -0.847100
vn -0.096500 0.441500 0.892000
vn -0.072400 0.382700 0.921000
vn -0.077900 0.082000 0.993600
vn -0.080100 0.085900 0.993100
vn -0.008900 0.958700 -0.284300
vn -0.062000 0.925600 -0.373500
vn 0.017600 -0.669100 0.743000
vn 0.050500 -0.696500 0.715800
vn 0.005900 0.958900 0.283700
vn -0.012200 0.964200 0.264700
vn 0.092700 -0.787600 -0.609100
vn 0.071900 -0.805100 -0.588800
usemtl mc_001_alarm_skin
s off
f 4043/2373/3866 4045/2374/3866 4044/2375/3866
f 4045/2374/3867 4043/2373/3867 4046/2376/3867
f 4047/2377/3868 4049/2378/3868 4048/2379/3868
f 4049/2378/3869 4047/2377/3869 4050/2380/3869
f 4048/2379/3870 4051/2381/3870 4047/2377/3870
f 4051/2381/3871 4048/2379/3871 4052/2382/3871
f 4053/2383/3872 4044/2375/3872 4054/2384/3872
f 4044/2375/3873 4053/2383/3873 4043/2373/3873
f 4055/2385/3874 4050/2380/3874 4047/2377/3874
f 4050/2380/3875 4055/2385/3875 4056/2386/3875
f 4057/2387/3876 4059/2388/3876 4058/2389/3876
f 4059/2388/3877 4057/2387/3877 4060/2390/3877
f 4061/2391/3878 4063/2392/3878 4062/2393/3878
f 4063/2392/3879 4061/2391/3879 4064/2394/3879
f 4065/2395/3880 4067/2396/3880 4066/2397/3880
f 4067/2396/3881 4065/2395/3881 4068/2398/3881
f 4069/2399/3882 4071/2400/3882 4070/2401/3882
f 4071/2400/3883 4069/2399/3883 4072/2402/3883
f 4073/2403/3884 4075/2404/3884 4074/2405/3884
f 4075/2404/3885 4073/2403/3885 4076/2406/3885
f 4077/2407/3886 4079/2408/3886 4078/2409/3886
f 4079/2408/3887 4077/2407/3887 4080/2410/3887
f 4045/2374/3888 4082/2411/3888 4081/2412/3888
f 4082/2411/3889 4045/2374/3889 4046/2376/3889
f 4083/2413/3890 4054/2384/3890 4084/2414/3890
f 4054/2384/3891 4083/2413/3891 4053/2383/3891
f 4085/2415/3892 4056/2386/3892 4055/2385/3892
f 4056/2386/3893 4085/2415/3893 4086/2416/3893
f 4087/2417/3894 4089/2418/3894 4088/2419/3894
f 4089/2418/3895 4087/2417/3895 4090/2420/3895
f 4091/2421/3896 4077/2407/3896 4078/2409/3896
f 4077/2407/3897 4091/2421/3897 4092/2422/3897
f 4093/2423/3898 4095/2424/3898 4094/2425/3898
f 4095/2424/3899 4093/2423/3899 4096/2426/3899
f 4097/2427/3900 4099/2428/3900 4098/2429/3900
f 4099/2428/3901 4097/2427/3901 4100/2430/3901
f 4101/2431/3902 4103/2432/3902 4102/2433/3902
f 4103/2432/3903 4101/2431/3903 4104/2434/3903
f 4098/2429/3904 4105/2435/3904 4097/2427/3904
f 4105/2435/3905 4098/2429/3905 4106/2436/3905
f 4107/2437/3906 4109/2438/3906 4108/2439/3906
f 4109/2438/3907 4107/2437/3907 4110/2440/3907
f 4111/2441/3908 4113/2442/3908 4112/2443/3908
f 4113/2442/3909 4111/2441/3909 4082/2411/3909
f 4111/2441/3910 4081/2412/3910 4082/2411/3910
f 4081/2412/3911 4111/2441/3911 4114/2444/3911
f 4048/2379/3912 4116/2445/3912 4115/2446/3912
f 4116/2445/3913 4048/2379/3913 4049/2378/3913
f 4115/2446/3914 4117/2447/3914 4048/2379/3914
f 4117/2447/3915 4115/2446/3915 4118/2448/3915
f 4119/2449/3916 4121/2450/3916 4120/2451/3916
f 4121/2450/3917 4119/2449/3917 4122/2452/3917
f 4123/2453/3918 4125/2454/3918 4124/2455/3918
f 4125/2454/3919 4123/2453/3919 4126/2456/3919
f 4123/2453/3920 4127/2457/3920 4126/2456/3920
f 4127/2457/3921 4123/2453/3921 4051/2381/3921
f 4128/2458/3922 4130/2459/3922 4129/2460/3922
f 4130/2459/3923 4128/2458/3923 4131/2461/3923
f 4132/2462/3924 4134/2463/3924 4133/2464/3924
f 4134/2463/3925 4132/2462/3925 4135/2465/3925
f 4136/2466/3926 4138/2467/3926 4137/2468/3926
f 4138/2467/3927 4136/2466/3927 4139/2469/3927
f 4046/2376/3928 4140/2470/3928 4087/2417/3928
f 4140/2470/3929 4046/2376/3929 4043/2373/3929
f 4141/2471/3930 4090/2420/3930 4142/2472/3930
f 4090/2420/3931 4141/2471/3931 4143/2473/3931
f 4144/2474/3932 4146/2475/3932 4145/2476/3932
f 4146/2475/3933 4144/2474/3933 4147/2477/3933
f 4142/2472/3934 4087/2417/3934 4140/2470/3934
f 4087/2417/3935 4142/2472/3935 4090/2420/3935
f 4148/2478/3936 4129/2460/3936 4149/2479/3936
f 4129/2460/3937 4148/2478/3937 4128/2458/3937
f 4150/2480/3938 4152/2481/3938 4151/2482/3938
f 4152/2481/3939 4150/2480/3939 4135/2465/3939
f 4153/2483/3940 4155/2484/3940 4154/2485/3940
f 4155/2484/3941 4153/2483/3941 4156/2486/3941
f 4152/2481/3942 4132/2462/3942 4157/2487/3942
f 4132/2462/3943 4152/2481/3943 4135/2465/3943
f 4158/2488/3944 4160/2489/3944 4159/2490/3944
f 4160/2489/3945 4158/2488/3945 4161/2491/3945
f 4162/2492/3946 4164/2493/3946 4163/2494/3946
f 4164/2493/3947 4162/2492/3947 4165/2495/3947
f 4166/2496/3948 4112/2443/3948 4113/2442/3948
f 4112/2443/3949 4166/2496/3949 4167/2497/3949
f 4116/2445/3950 4111/2441/3950 4115/2446/3950
f 4111/2441/3951 4116/2445/3951 4114/2444/3951
f 4088/2419/3952 4167/2497/3952 4166/2496/3952
f 4167/2497/3953 4088/2419/3953 4168/2498/3953
f 4169/2499/3954 4170/2500/3954 4089/2418/3954
f 4170/2500/3955 4169/2499/3955 4171/2501/3955
f 4172/2502/3956 4174/2503/3956 4173/2504/3956
f 4174/2503/3957 4172/2502/3957 4175/2505/3957
f 4111/2441/3958 4118/2448/3958 4115/2446/3958
f 4118/2448/3959 4111/2441/3959 4176/2506/3959
f 4177/2507/3960 4179/2508/3960 4178/2509/3960
f 4179/2508/3961 4177/2507/3961 4180/2510/3961
f 4181/2511/3962 4183/2512/3962 4182/2513/3962
f 4183/2512/3963 4181/2511/3963 4184/2514/3963
f 4185/2515/3964 4187/2516/3964 4186/2517/3964
f 4187/2516/3965 4185/2515/3965 4188/2518/3965
f 4066/2397/3966 4190/2519/3966 4189/2520/3966
f 4190/2519/3967 4066/2397/3967 4067/2396/3967
f 4191/2521/3968 4193/2522/3968 4192/2523/3968
f 4193/2522/3969 4191/2521/3969 4194/2524/3969
f 4195/2525/3970 4197/2526/3970 4196/2527/3970
f 4197/2526/3971 4195/2525/3971 4165/2495/3971
f 4091/2421/3972 4199/2528/3972 4198/2529/3972
f 4199/2528/3973 4091/2421/3973 4200/2530/3973
f 4201/2531/3974 4203/2532/3974 4202/2533/3974
f 4203/2532/3975 4201/2531/3975 4204/2534/3975
f 4107/2437/3976 4119/2449/3976 4120/2451/3976
f 4119/2449/3977 4107/2437/3977 4108/2439/3977
f 4205/2535/3978 4207/2536/3978 4206/2537/3978
f 4207/2536/3979 4205/2535/3979 4131/2461/3979
f 4092/2422/3980 4137/2468/3980 4077/2407/3980
f 4137/2468/3981 4092/2422/3981 4208/2538/3981
f 4158/2488/3982 4209/2539/3982 4192/2523/3982
f 4209/2539/3983 4158/2488/3983 4210/2540/3983
f 4128/2458/3984 4144/2474/3984 4211/2541/3984
f 4144/2474/3985 4128/2458/3985 4148/2478/3985
f 4147/2477/3986 4177/2507/3986 4172/2502/3986
f 4177/2507/3987 4147/2477/3987 4180/2510/3987
f 4212/2542/3988 4091/2421/3988 4198/2529/3988
f 4091/2421/3989 4212/2542/3989 4092/2422/3989
f 4213/2543/3990 4102/2433/3990 4103/2432/3990
f 4102/2433/3991 4213/2543/3991 4214/2544/3991
f 4215/2545/3992 4217/2546/3992 4216/2547/3992
f 4217/2546/3993 4215/2545/3993 4218/2548/3993
f 4219/2549/3994 4221/2550/3994 4220/2551/3994
f 4221/2550/3995 4219/2549/3995 4222/2552/3995
f 4223/2553/3996 4079/2408/3996 4224/2554/3996
f 4079/2408/3997 4223/2553/3997 4078/2409/3997
f 4200/2530/3998 4078/2409/3998 4225/2555/3998
f 4078/2409/3999 4200/2530/3999 4091/2421/3999
f 4098/2429/4000 4227/2556/4000 4226/2557/4000
f 4227/2556/4001 4098/2429/4001 4099/2428/4001
f 4228/2558/4002 4212/2542/4002 4229/2559/4002
f 4212/2542/4003 4228/2558/4003 4092/2422/4003
f 4222/2552/4004 4231/2560/4004 4230/2561/4004
f 4231/2560/4005 4222/2552/4005 4191/2521/4005
f 4228/2558/4006 4231/2560/4006 4191/2521/4006
f 4231/2560/4007 4228/2558/4007 4229/2559/4007
f 4168/2498/4008 4089/2418/4008 4170/2500/4008
f 4089/2418/4009 4168/2498/4009 4088/2419/4009
f 4166/2496/4010 4082/2411/4010 4046/2376/4010
f 4082/2411/4011 4166/2496/4011 4113/2442/4011
f 4087/2417/4012 4166/2496/4012 4046/2376/4012
f 4166/2496/4013 4087/2417/4013 4088/2419/4013
f 4169/2499/4014 4090/2420/4014 4143/2473/4014
f 4090/2420/4015 4169/2499/4015 4089/2418/4015
f 4147/2477/4016 4173/2504/4016 4146/2475/4016
f 4173/2504/4017 4147/2477/4017 4172/2502/4017
f 4232/2562/4018 4178/2509/4018 4233/2563/4018
f 4178/2509/4019 4232/2562/4019 4177/2507/4019
f 4175/2505/4020 4177/2507/4020 4232/2562/4020
f 4177/2507/4021 4175/2505/4021 4172/2502/4021
f 4044/2375/4022 4235/2564/4022 4234/2565/4022
f 4235/2564/4023 4044/2375/4023 4045/2374/4023
f 4054/2384/4024 4234/2565/4024 4236/2566/4024
f 4234/2565/4025 4054/2384/4025 4044/2375/4025
f 4206/2537/4026 4238/2567/4026 4237/2568/4026
f 4238/2567/4027 4206/2537/4027 4207/2536/4027
f 4165/2495/4028 4068/2398/4028 4164/2493/4028
f 4068/2398/4029 4165/2495/4029 4067/2396/4029
f 4045/2374/4030 4114/2444/4030 4235/2564/4030
f 4114/2444/4031 4045/2374/4031 4081/2412/4031
f 4084/2414/4032 4236/2566/4032 4239/2569/4032
f 4236/2566/4033 4084/2414/4033 4054/2384/4033
f 4240/2570/4034 4130/2459/4034 4241/2571/4034
f 4130/2459/4035 4240/2570/4035 4242/2572/4035
f 4156/2486/4036 4190/2519/4036 4195/2525/4036
f 4190/2519/4037 4156/2486/4037 4072/2402/4037
f 4211/2541/4038 4131/2461/4038 4128/2458/4038
f 4131/2461/4039 4211/2541/4039 4207/2536/4039
f 4153/2483/4040 4243/2573/4040 4156/2486/4040
f 4243/2573/4041 4153/2483/4041 4244/2574/4041
f 4076/2406/4042 4245/2575/4042 4075/2404/4042
f 4245/2575/4043 4076/2406/4043 4246/2576/4043
f 4070/2401/4044 4247/2577/4044 4069/2399/4044
f 4247/2577/4045 4070/2401/4045 4248/2578/4045
f 4243/2573/4046 4072/2402/4046 4156/2486/4046
f 4072/2402/4047 4243/2573/4047 4071/2400/4047
f 4066/2397/4048 4249/2579/4048 4065/2395/4048
f 4249/2579/4049 4066/2397/4049 4250/2580/4049
f 4069/2399/4050 4251/2581/4050 4189/2520/4050
f 4251/2581/4051 4069/2399/4051 4247/2577/4051
f 4252/2582/4052 4253/2583/4052 4052/2382/4052
f 4253/2583/4053 4252/2582/4053 4254/2584/4053
f 4193/2522/4054 4150/2480/4054 4161/2491/4054
f 4150/2480/4055 4193/2522/4055 4074/2405/4055
f 4126/2456/4056 4059/2388/4056 4060/2390/4056
f 4059/2388/4057 4126/2456/4057 4127/2457/4057
f 4137/2468/4058 4080/2410/4058 4077/2407/4058
f 4080/2410/4059 4137/2468/4059 4138/2467/4059
f 4192/2523/4060 4161/2491/4060 4158/2488/4060
f 4161/2491/4061 4192/2523/4061 4193/2522/4061
f 4136/2466/4062 4208/2538/4062 4255/2585/4062
f 4208/2538/4063 4136/2466/4063 4137/2468/4063
f 4228/2558/4064 4208/2538/4064 4092/2422/4064
f 4208/2538/4065 4228/2558/4065 4209/2539/4065
f 4228/2558/4066 4192/2523/4066 4209/2539/4066
f 4192/2523/4067 4228/2558/4067 4191/2521/4067
f 4075/2404/4068 4134/2463/4068 4135/2465/4068
f 4134/2463/4069 4075/2404/4069 4245/2575/4069
f 4256/2586/4070 4160/2489/4070 4257/2587/4070
f 4160/2489/4071 4256/2586/4071 4258/2588/4071
f 4257/2587/4072 4161/2491/4072 4259/2589/4072
f 4161/2491/4073 4257/2587/4073 4160/2489/4073
f 4197/2526/4074 4162/2492/4074 4260/2590/4074
f 4162/2492/4075 4197/2526/4075 4165/2495/4075
f 4235/2564/4076 4050/2380/4076 4234/2565/4076
f 4050/2380/4077 4235/2564/4077 4049/2378/4077
f 4123/2453/4078 4047/2377/4078 4051/2381/4078
f 4047/2377/4079 4123/2453/4079 4055/2385/4079
f 4234/2565/4080 4056/2386/4080 4236/2566/4080
f 4056/2386/4081 4234/2565/4081 4050/2380/4081
f 4124/2455/4082 4055/2385/4082 4123/2453/4082
f 4055/2385/4083 4124/2455/4083 4085/2415/4083
f 4236/2566/4084 4086/2416/4084 4239/2569/4084
f 4086/2416/4085 4236/2566/4085 4056/2386/4085
f 4108/2439/4086 4139/2469/4086 4136/2466/4086
f 4139/2469/4087 4108/2439/4087 4109/2438/4087
f 4261/2591/4088 4263/2592/4088 4262/2593/4088
f 4263/2592/4089 4261/2591/4089 4264/2594/4089
f 4114/2444/4090 4049/2378/4090 4235/2564/4090
f 4049/2378/4091 4114/2444/4091 4116/2445/4091
f 4205/2535/4092 4121/2450/4092 4241/2571/4092
f 4121/2450/4093 4205/2535/4093 4120/2451/4093
f 4159/2490/4094 4210/2540/4094 4158/2488/4094
f 4210/2540/4095 4159/2490/4095 4122/2452/4095
f 4206/2537/4096 4120/2451/4096 4205/2535/4096
f 4120/2451/4097 4206/2537/4097 4107/2437/4097
f 4255/2585/4098 4108/2439/4098 4136/2466/4098
f 4108/2439/4099 4255/2585/4099 4119/2449/4099
f 4159/2490/4100 4258/2588/4100 4265/2595/4100
f 4258/2588/4101 4159/2490/4101 4160/2489/4101
f 4266/2596/4102 4244/2574/4102 4153/2483/4102
f 4244/2574/4103 4266/2596/4103 4267/2597/4103
f 4266/2596/4104 4154/2485/4104 4268/2598/4104
f 4154/2485/4105 4266/2596/4105 4153/2483/4105
f 4194/2524/4106 4074/2405/4106 4193/2522/4106
f 4074/2405/4107 4194/2524/4107 4073/2403/4107
f 4161/2491/4108 4151/2482/4108 4259/2589/4108
f 4151/2482/4109 4161/2491/4109 4150/2480/4109
f 4189/2520/4110 4072/2402/4110 4069/2399/4110
f 4072/2402/4111 4189/2520/4111 4190/2519/4111
f 4195/2525/4112 4155/2484/4112 4156/2486/4112
f 4155/2484/4113 4195/2525/4113 4196/2527/4113
f 4195/2525/4114 4067/2396/4114 4165/2495/4114
f 4067/2396/4115 4195/2525/4115 4190/2519/4115
f 4189/2520/4116 4250/2580/4116 4066/2397/4116
f 4250/2580/4117 4189/2520/4117 4251/2581/4117
f 4135/2465/4118 4074/2405/4118 4075/2404/4118
f 4074/2405/4119 4135/2465/4119 4150/2480/4119
f 4151/2482/4120 4270/2599/4120 4269/2600/4120
f 4270/2599/4121 4151/2482/4121 4152/2481/4121
f 4154/2485/4122 4272/2601/4122 4271/2602/4122
f 4272/2601/4123 4154/2485/4123 4155/2484/4123
f 4270/2599/4124 4157/2487/4124 4273/2603/4124
f 4157/2487/4125 4270/2599/4125 4152/2481/4125
f 4196/2527/4126 4275/2604/4126 4274/2605/4126
f 4275/2604/4127 4196/2527/4127 4197/2526/4127
f 4276/2606/4128 4257/2587/4128 4277/2607/4128
f 4257/2587/4129 4276/2606/4129 4256/2586/4129
f 4277/2607/4130 4259/2589/4130 4278/2608/4130
f 4259/2589/4131 4277/2607/4131 4257/2587/4131
f 4275/2604/4132 4260/2590/4132 4279/2609/4132
f 4260/2590/4133 4275/2604/4133 4197/2526/4133
f 4268/2598/4134 4271/2602/4134 4280/2610/4134
f 4271/2602/4135 4268/2598/4135 4154/2485/4135
f 4259/2589/4136 4269/2600/4136 4278/2608/4136
f 4269/2600/4137 4259/2589/4137 4151/2482/4137
f 4272/2601/4138 4196/2527/4138 4274/2605/4138
f 4196/2527/4139 4272/2601/4139 4155/2484/4139
f 4271/2602/4140 4281/2611/4140 4280/2610/4140
f 4281/2611/4141 4271/2602/4141 4282/2612/4141
f 4269/2600/4142 4283/2613/4142 4278/2608/4142
f 4283/2613/4143 4269/2600/4143 4284/2614/4143
f 4277/2607/4144 4285/2615/4144 4276/2606/4144
f 4285/2615/4145 4277/2607/4145 4286/2616/4145
f 4274/2605/4146 4287/2617/4146 4272/2601/4146
f 4287/2617/4147 4274/2605/4147 4288/2618/4147
f 4272/2601/4148 4282/2612/4148 4271/2602/4148
f 4282/2612/4149 4272/2601/4149 4287/2617/4149
f 4273/2603/4150 4289/2619/4150 4270/2599/4150
f 4289/2619/4151 4273/2603/4151 4290/2620/4151
f 4278/2608/4152 4286/2616/4152 4277/2607/4152
f 4286/2616/4153 4278/2608/4153 4283/2613/4153
f 4279/2609/4154 4291/2621/4154 4275/2604/4154
f 4291/2621/4155 4279/2609/4155 4292/2622/4155
f 4270/2599/4156 4284/2614/4156 4269/2600/4156
f 4284/2614/4157 4270/2599/4157 4289/2619/4157
f 4275/2604/4158 4288/2618/4158 4274/2605/4158
f 4288/2618/4159 4275/2604/4159 4291/2621/4159
f 4282/2612/4160 4293/2623/4160 4281/2611/4160
f 4293/2623/4161 4282/2612/4161 4294/2624/4161
f 4284/2614/4162 4295/2625/4162 4283/2613/4162
f 4295/2625/4163 4284/2614/4163 4296/2626/4163
f 4286/2616/4164 4297/2627/4164 4285/2615/4164
f 4297/2627/4165 4286/2616/4165 4298/2628/4165
f 4288/2618/4166 4299/2629/4166 4287/2617/4166
f 4299/2629/4167 4288/2618/4167 4300/2630/4167
f 4287/2617/4168 4294/2624/4168 4282/2612/4168
f 4294/2624/4169 4287/2617/4169 4299/2629/4169
f 4290/2620/4170 4301/2631/4170 4289/2619/4170
f 4301/2631/4171 4290/2620/4171 4302/2632/4171
f 4283/2613/4172 4298/2628/4172 4286/2616/4172
f 4298/2628/4173 4283/2613/4173 4295/2625/4173
f 4292/2622/4174 4303/2633/4174 4291/2621/4174
f 4303/2633/4175 4292/2622/4175 4304/2634/4175
f 4289/2619/4176 4296/2626/4176 4284/2614/4176
f 4296/2626/4177 4289/2619/4177 4301/2631/4177
f 4291/2621/4178 4300/2630/4178 4288/2618/4178
f 4300/2630/4179 4291/2621/4179 4303/2633/4179
f 4294/2624/4180 4305/2635/4180 4293/2623/4180
f 4305/2635/4181 4294/2624/4181 4306/2636/4181
f 4296/2626/4182 4307/2637/4182 4295/2625/4182
f 4307/2637/4183 4296/2626/4183 4308/2638/4183
f 4298/2628/4184 4309/2639/4184 4297/2627/4184
f 4309/2639/4185 4298/2628/4185 4310/2640/4185
f 4300/2630/4186 4311/2641/4186 4299/2629/4186
f 4311/2641/4187 4300/2630/4187 4312/2642/4187
f 4299/2629/4188 4306/2636/4188 4294/2624/4188
f 4306/2636/4189 4299/2629/4189 4311/2641/4189
f 4302/2632/4190 4313/2643/4190 4301/2631/4190
f 4313/2643/4191 4302/2632/4191 4314/2644/4191
f 4295/2625/4192 4310/2640/4192 4298/2628/4192
f 4310/2640/4193 4295/2625/4193 4307/2637/4193
f 4304/2634/4194 4315/2645/4194 4303/2633/4194
f 4315/2645/4195 4304/2634/4195 4316/2646/4195
f 4301/2631/4196 4308/2638/4196 4296/2626/4196
f 4308/2638/4197 4301/2631/4197 4313/2643/4197
f 4303/2633/4198 4312/2642/4198 4300/2630/4198
f 4312/2642/4199 4303/2633/4199 4315/2645/4199
f 4306/2636/4200 4317/2647/4200 4305/2635/4200
f 4317/2647/4201 4306/2636/4201 4318/2648/4201
f 4308/2638/4202 4319/2649/4202 4307/2637/4202
f 4319/2649/4203 4308/2638/4203 4320/2650/4203
f 4310/2640/4204 4321/2651/4204 4309/2639/4204
f 4321/2651/4205 4310/2640/4205 4322/2652/4205
f 4312/2642/4206 4323/2653/4206 4311/2641/4206
f 4323/2653/4206 4312/2642/4206 4324/2654/4206
f 4311/2641/4207 4318/2648/4207 4306/2636/4207
f 4318/2648/4208 4311/2641/4208 4323/2653/4208
f 4314/2644/4209 4325/2655/4209 4313/2643/4209
f 4325/2655/4210 4314/2644/4210 4326/2656/4210
f 4307/2637/4211 4322/2652/4211 4310/2640/4211
f 4322/2652/4212 4307/2637/4212 4319/2649/4212
f 4316/2646/4213 4327/2657/4213 4315/2645/4213
f 4327/2657/4214 4316/2646/4214 4328/2658/4214
f 4313/2643/4215 4320/2650/4215 4308/2638/4215
f 4320/2650/4216 4313/2643/4216 4325/2655/4216
f 4315/2645/4217 4324/2654/4217 4312/2642/4217
f 4324/2654/4218 4315/2645/4218 4327/2657/4218
f 4329/2659/4219 4331/2660/4219 4330/2661/4219
f 4331/2660/4220 4329/2659/4220 4332/2662/4220
f 4333/2663/4221 4335/2664/4221 4334/2665/4221
f 4335/2664/4222 4333/2663/4222 4336/2666/4222
f 4337/2667/4223 4339/2668/4223 4338/2669/4223
f 4339/2668/4224 4337/2667/4224 4340/2670/4224
f 4341/2671/4225 4343/2672/4225 4342/2673/4225
f 4343/2672/4226 4341/2671/4226 4344/2674/4226
f 4342/2673/4227 4332/2662/4227 4329/2659/4227
f 4332/2662/4228 4342/2673/4228 4343/2672/4228
f 4345/2675/4229 4347/2676/4229 4346/2677/4229
f 4347/2676/4230 4345/2675/4230 4348/2678/4230
f 4334/2665/4231 4340/2670/4231 4337/2667/4231
f 4340/2670/4232 4334/2665/4232 4335/2664/4232
f 4349/2679/4233 4351/2680/4233 4350/2681/4233
f 4351/2680/4234 4349/2679/4234 4352/2682/4234
f 4346/2677/4235 4336/2666/4235 4333/2663/4235
f 4336/2666/4236 4346/2677/4236 4347/2676/4236
f 4350/2681/4237 4344/2674/4237 4341/2671/4237
f 4344/2674/4238 4350/2681/4238 4351/2680/4238
f 4332/2662/4239 4353/2683/4239 4331/2660/4239
f 4353/2683/4240 4332/2662/4240 4354/2684/4240
f 4336/2666/4241 4355/2685/4241 4335/2664/4241
f 4355/2685/4242 4336/2666/4242 4356/2686/4242
f 4340/2670/4243 4357/2687/4243 4339/2668/4243
f 4357/2687/4244 4340/2670/4244 4358/2688/4244
f 4344/2674/4245 4359/2689/4245 4343/2672/4245
f 4359/2689/4246 4344/2674/4246 4360/2690/4246
f 4343/2672/4247 4354/2684/4247 4332/2662/4247
f 4354/2684/4248 4343/2672/4248 4359/2689/4248
f 4348/2678/4249 4361/2691/4249 4347/2676/4249
f 4361/2691/4250 4348/2678/4250 4362/2692/4250
f 4335/2664/4251 4358/2688/4251 4340/2670/4251
f 4358/2688/4252 4335/2664/4252 4355/2685/4252
f 4352/2682/4253 4363/2693/4253 4351/2680/4253
f 4363/2693/4254 4352/2682/4254 4364/2694/4254
f 4347/2676/4255 4356/2686/4255 4336/2666/4255
f 4356/2686/4256 4347/2676/4256 4361/2691/4256
f 4351/2680/4257 4360/2690/4257 4344/2674/4257
f 4360/2690/4258 4351/2680/4258 4363/2693/4258
f 4141/2471/4259 4053/2383/4259 4083/2413/4259
f 4053/2383/4260 4141/2471/4260 4142/2472/4260
f 4211/2541/4261 4145/2476/4261 4365/2695/4261
f 4145/2476/4262 4211/2541/4262 4144/2474/4262
f 4142/2472/4263 4043/2373/4263 4053/2383/4263
f 4043/2373/4263 4142/2472/4263 4140/2470/4263
f 4147/2477/4264 4148/2478/4264 4180/2510/4264
f 4148/2478/4265 4147/2477/4265 4144/2474/4265
f 4180/2510/4266 4149/2479/4266 4179/2508/4266
f 4149/2479/4267 4180/2510/4267 4148/2478/4267
f 4265/2595/4268 4122/2452/4268 4159/2490/4268
f 4122/2452/4269 4265/2595/4269 4121/2450/4269
f 4129/2460/4270 4242/2572/4270 4366/2696/4270
f 4242/2572/4271 4129/2460/4271 4130/2459/4271
f 4149/2479/4272 4366/2696/4272 4367/2697/4272
f 4366/2696/4273 4149/2479/4273 4129/2460/4273
f 4178/2509/4274 4369/2698/4274 4368/2699/4274
f 4369/2698/4275 4178/2509/4275 4179/2508/4275
f 4233/2563/4276 4368/2699/4276 4370/2700/4276
f 4368/2699/4277 4233/2563/4277 4178/2509/4277
f 4241/2571/4278 4131/2461/4278 4205/2535/4278
f 4131/2461/4279 4241/2571/4279 4130/2459/4279
f 4241/2571/4280 4265/2595/4280 4240/2570/4280
f 4265/2595/4281 4241/2571/4281 4121/2450/4281
f 4255/2585/4282 4122/2452/4282 4119/2449/4282
f 4122/2452/4283 4255/2585/4283 4210/2540/4283
f 4369/2698/4284 4149/2479/4284 4367/2697/4284
f 4149/2479/4285 4369/2698/4285 4179/2508/4285
f 4209/2539/4286 4255/2585/4286 4208/2538/4286
f 4255/2585/4287 4209/2539/4287 4210/2540/4287
f 4371/2701/4288 4199/2528/4288 4372/2702/4288
f 4199/2528/4289 4371/2701/4289 4198/2529/4289
f 4373/2703/4290 4202/2533/4290 4374/2704/4290
f 4202/2533/4291 4373/2703/4291 4201/2531/4291
f 4375/2705/4292 4198/2529/4292 4371/2701/4292
f 4198/2529/4293 4375/2705/4293 4212/2542/4293
f 4376/2706/4294 4377/2707/4294 4226/2557/4294
f 4377/2707/4295 4376/2706/4295 4378/2708/4295
f 4220/2551/4296 4380/2709/4296 4379/2710/4296
f 4380/2709/4297 4220/2551/4297 4376/2706/4297
f 4229/2559/4298 4375/2705/4298 4381/2711/4298
f 4375/2705/4299 4229/2559/4299 4212/2542/4299
f 4230/2561/4300 4383/2712/4300 4382/2713/4300
f 4383/2712/4301 4230/2561/4301 4231/2560/4301
f 4383/2712/4302 4229/2559/4302 4381/2711/4302
f 4229/2559/4303 4383/2712/4303 4231/2560/4303
f 4101/2431/4304 4216/2547/4304 4104/2434/4304
f 4216/2547/4305 4101/2431/4305 4215/2545/4305
f 4365/2695/4306 4207/2536/4306 4211/2541/4306
f 4207/2536/4307 4365/2695/4307 4238/2567/4307
f 4384/2714/4308 4386/2715/4308 4385/2716/4308
f 4386/2715/4309 4384/2714/4309 4387/2717/4309
f 4388/2718/4310 4390/2719/4310 4389/2720/4310
f 4390/2719/4311 4388/2718/4311 4391/2721/4311
f 4392/2722/4312 4139/2469/4312 4393/2723/4312
f 4139/2469/4313 4392/2722/4313 4138/2467/4313
f 4394/2724/4314 4396/2725/4314 4395/2726/4314
f 4396/2725/4315 4394/2724/4315 4397/2727/4315
f 4398/2728/4316 4400/2729/4316 4399/2730/4316
f 4400/2729/4317 4398/2728/4317 4401/2731/4317
f 4224/2554/4318 4186/2517/4318 4223/2553/4318
f 4186/2517/4319 4224/2554/4319 4402/2732/4319
f 4403/2733/4320 4387/2717/4320 4384/2714/4320
f 4387/2717/4321 4403/2733/4321 4404/2734/4321
f 4397/2727/4322 4398/2728/4322 4396/2725/4322
f 4398/2728/4323 4397/2727/4323 4401/2731/4323
f 4405/2735/4324 4407/2736/4324 4406/2737/4324
f 4407/2736/4325 4405/2735/4325 4408/2738/4325
f 4409/2739/4326 4138/2467/4326 4392/2722/4326
f 4138/2467/4327 4409/2739/4327 4080/2410/4327
f 4393/2723/4328 4411/2740/4328 4410/2741/4328
f 4411/2740/4329 4393/2723/4329 4139/2469/4329
f 4206/2537/4330 4110/2440/4330 4107/2437/4330
f 4110/2440/4331 4206/2537/4331 4237/2568/4331
f 4412/2742/4332 4395/2726/4332 4413/2743/4332
f 4395/2726/4333 4412/2742/4333 4394/2724/4333
f 4412/2742/4334 4238/2567/4334 4365/2695/4334
f 4238/2567/4335 4412/2742/4335 4407/2736/4335
f 4413/2743/4336 4407/2736/4336 4412/2742/4336
f 4407/2736/4337 4413/2743/4337 4406/2737/4337
f 4084/2414/4338 4064/2394/4338 4083/2413/4338
f 4064/2394/4339 4084/2414/4339 4063/2392/4339
f 4237/2568/4340 4390/2719/4340 4110/2440/4340
f 4390/2719/4341 4237/2568/4341 4408/2738/4341
f 4408/2738/4342 4389/2720/4342 4390/2719/4342
f 4389/2720/4343 4408/2738/4343 4405/2735/4343
f 4086/2416/4344 4264/2594/4344 4239/2569/4344
f 4264/2594/4345 4086/2416/4345 4263/2592/4345
f 4085/2415/4346 4263/2592/4346 4086/2416/4346
f 4263/2592/4347 4085/2415/4347 4414/2744/4347
f 4414/2744/4348 4262/2593/4348 4263/2592/4348
f 4262/2593/4349 4414/2744/4349 4415/2745/4349
f 4110/2440/4350 4391/2721/4350 4109/2438/4350
f 4391/2721/4351 4110/2440/4351 4390/2719/4351
f 4416/2746/4352 4143/2473/4352 4141/2471/4352
f 4143/2473/4353 4416/2746/4353 4417/2747/4353
f 4418/2748/4354 4417/2747/4354 4416/2746/4354
f 4417/2747/4355 4418/2748/4355 4419/2749/4355
f 4397/2727/4356 4145/2476/4356 4146/2475/4356
f 4145/2476/4357 4397/2727/4357 4394/2724/4357
f 4169/2499/4358 4420/2750/4358 4171/2501/4358
f 4420/2750/4359 4169/2499/4359 4421/2751/4359
f 4421/2751/4360 4422/2752/4360 4420/2750/4360
f 4422/2752/4361 4421/2751/4361 4423/2753/4361
f 4400/2729/4362 4173/2504/4362 4174/2503/4362
f 4173/2504/4363 4400/2729/4363 4401/2731/4363
f 4417/2747/4364 4169/2499/4364 4143/2473/4364
f 4169/2499/4365 4417/2747/4365 4421/2751/4365
f 4419/2749/4366 4421/2751/4366 4417/2747/4366
f 4421/2751/4367 4419/2749/4367 4423/2753/4367
f 4401/2731/4368 4146/2475/4368 4173/2504/4368
f 4146/2475/4369 4401/2731/4369 4397/2727/4369
f 4239/2569/4370 4063/2392/4370 4084/2414/4370
f 4063/2392/4371 4239/2569/4371 4264/2594/4371
f 4264/2594/4372 4062/2393/4372 4063/2392/4372
f 4062/2393/4373 4264/2594/4373 4261/2591/4373
f 4238/2567/4374 4408/2738/4374 4237/2568/4374
f 4408/2738/4375 4238/2567/4375 4407/2736/4375
f 4083/2413/4376 4416/2746/4376 4141/2471/4376
f 4416/2746/4377 4083/2413/4377 4064/2394/4377
f 4061/2391/4378 4416/2746/4378 4064/2394/4378
f 4416/2746/4379 4061/2391/4379 4418/2748/4379
f 4394/2724/4380 4365/2695/4380 4145/2476/4380
f 4365/2695/4381 4394/2724/4381 4412/2742/4381
f 4125/2454/4382 4424/2754/4382 4124/2455/4382
f 4424/2754/4383 4125/2454/4383 4425/2755/4383
f 4426/2756/4384 4425/2755/4384 4125/2454/4384
f 4425/2755/4385 4426/2756/4385 4427/2757/4385
f 4124/2455/4386 4414/2744/4386 4085/2415/4386
f 4414/2744/4387 4124/2455/4387 4424/2754/4387
f 4424/2754/4388 4415/2745/4388 4414/2744/4388
f 4415/2745/4389 4424/2754/4389 4428/2758/4389
f 4388/2718/4390 4411/2740/4390 4391/2721/4390
f 4411/2740/4391 4388/2718/4391 4410/2741/4391
f 4109/2438/4392 4411/2740/4392 4139/2469/4392
f 4411/2740/4393 4109/2438/4393 4391/2721/4393
f 4126/2456/4394 4426/2756/4394 4125/2454/4394
f 4426/2756/4395 4126/2456/4395 4060/2390/4395
f 4252/2582/4396 4430/2759/4396 4429/2760/4396
f 4430/2759/4397 4252/2582/4397 4117/2447/4397
f 4117/2447/4398 4176/2506/4398 4430/2759/4398
f 4176/2506/4399 4117/2447/4399 4118/2448/4399
f 4254/2584/4400 4429/2760/4400 4431/2761/4400
f 4429/2760/4401 4254/2584/4401 4252/2582/4401
f 4252/2582/4402 4048/2379/4402 4117/2447/4402
f 4048/2379/4403 4252/2582/4403 4052/2382/4403
f 4052/2382/4404 4127/2457/4404 4051/2381/4404
f 4127/2457/4405 4052/2382/4405 4253/2583/4405
f 4432/2762/4406 4434/2763/4406 4433/2764/4406
f 4434/2763/4407 4432/2762/4407 4435/2765/4407
f 4127/2457/4408 4058/2389/4408 4059/2388/4408
f 4058/2389/4409 4127/2457/4409 4253/2583/4409
f 4435/2765/4410 4436/2766/4410 4434/2763/4410
f 4436/2766/4411 4435/2765/4411 4437/2767/4411
f 4434/2763/4412 4438/2768/4412 4057/2387/4412
f 4438/2768/4413 4434/2763/4413 4436/2766/4413
f 4060/2390/4414 4438/2768/4414 4439/2769/4414
f 4438/2768/4415 4060/2390/4415 4057/2387/4415
f 4431/2761/4416 4433/2764/4416 4254/2584/4416
f 4433/2764/4417 4431/2761/4417 4432/2762/4417
f 4433/2764/4418 4253/2583/4418 4254/2584/4418
f 4253/2583/4419 4433/2764/4419 4058/2389/4419
f 4434/2763/4420 4058/2389/4420 4433/2764/4420
f 4058/2389/4421 4434/2763/4421 4057/2387/4421
f 4403/2733/4422 4440/2770/4422 4404/2734/4422
f 4440/2770/4423 4403/2733/4423 4441/2771/4423
f 4060/2390/4424 4442/2772/4424 4426/2756/4424
f 4442/2772/4425 4060/2390/4425 4439/2769/4425
f 4443/2773/4426 4386/2715/4426 4427/2757/4426
f 4386/2715/4427 4443/2773/4427 4385/2716/4427
f 4426/2756/4428 4443/2773/4428 4427/2757/4428
f 4443/2773/4429 4426/2756/4429 4442/2772/4429
f 4096/2426/4430 4445/2774/4430 4444/2775/4430
f 4445/2774/4431 4096/2426/4431 4093/2423/4431
f 4097/2427/4432 4446/2776/4432 4100/2430/4432
f 4446/2776/4432 4097/2427/4432 4447/2777/4432
f 4101/2431/4433 4448/2778/4433 4215/2545/4433
f 4448/2778/4434 4101/2431/4434 4449/2779/4434
f 4102/2433/4435 4449/2779/4435 4101/2431/4435
f 4449/2779/4436 4102/2433/4436 4450/2780/4436
f 4182/2513/4437 4452/2781/4437 4451/2782/4437
f 4452/2781/4437 4182/2513/4437 4183/2512/4437
f 4214/2544/4438 4450/2780/4438 4102/2433/4438
f 4450/2780/4439 4214/2544/4439 4453/2783/4439
f 4218/2548/4440 4454/2784/4440 4105/2435/4440
f 4454/2784/4441 4218/2548/4441 4455/2785/4441
f 4215/2545/4442 4455/2785/4442 4218/2548/4442
f 4455/2785/4443 4215/2545/4443 4448/2778/4443
f 4456/2786/4444 4458/2787/4444 4457/2788/4444
f 4458/2787/4445 4456/2786/4445 4459/2789/4445
f 4460/2790/4446 4462/2791/4446 4461/2792/4446
f 4462/2791/4446 4460/2790/4446 4463/2793/4446
f 4464/2794/4447 4466/2795/4447 4465/2796/4447
f 4467/2797/4448 4468/2798/4448 4464/2794/4448
f 4468/2798/4449 4467/2797/4449 4469/2799/4449
f 4470/2800/4450 4472/2801/4450 4471/2802/4450
f 4472/2801/4451 4470/2800/4451 4473/2803/4451
f 4474/2804/4452 4469/2799/4452 4467/2797/4452
f 4469/2799/4453 4474/2804/4453 4475/2805/4453
f 4476/2806/4454 4478/2807/4454 4477/2808/4454
f 4478/2807/4455 4476/2806/4455 4479/2809/4455
f 4480/2810/4456 4478/2807/4456 4479/2809/4456
f 4478/2807/4457 4480/2810/4457 4481/2811/4457
f 4457/2788/4458 4483/2812/4458 4482/2813/4458
f 4483/2812/4459 4457/2788/4459 4458/2787/4459
f 4462/2791/4460 4485/2814/4460 4484/2815/4460
f 4485/2814/4461 4462/2791/4461 4463/2793/4461
f 4472/2801/4462 4486/2816/4462 4471/2802/4462
f 4486/2816/4463 4472/2801/4463 4487/2817/4463
f 4475/2805/4464 4488/2818/4464 4469/2799/4464
f 4488/2818/4465 4475/2805/4465 4489/2819/4465
f 4478/2807/4466 4490/2820/4466 4477/2808/4466
f 4490/2820/4467 4478/2807/4467 4491/2821/4467
f 4481/2811/4468 4491/2821/4468 4478/2807/4468
f 4491/2821/4469 4481/2811/4469 4492/2822/4469
f 4493/2823/4470 4494/2824/4470 4489/2819/4470
f 4494/2824/4471 4493/2823/4471 4495/2825/4471
f 4496/2826/4472 4498/2827/4472 4497/2828/4472
f 4498/2827/4473 4496/2826/4473 4499/2829/4473
f 4500/2830/4474 4502/2831/4474 4501/2832/4474
f 4502/2831/4475 4500/2830/4475 4503/2833/4475
f 4488/2818/4476 4505/2834/4476 4504/2835/4476
f 4505/2834/4477 4488/2818/4477 4506/2836/4477
f 4487/2817/4478 4495/2825/4478 4493/2823/4478
f 4495/2825/4479 4487/2817/4479 4507/2837/4479
f 4489/2819/4480 4506/2836/4480 4488/2818/4480
f 4506/2836/4481 4489/2819/4481 4494/2824/4481
f 4491/2821/4482 4499/2829/4482 4496/2826/4482
f 4499/2829/4483 4491/2821/4483 4508/2838/4483
f 4492/2822/4484 4508/2838/4484 4491/2821/4484
f 4508/2838/4485 4492/2822/4485 4509/2839/4485
f 4500/2830/4486 4465/2796/4486 4466/2795/4486
f 4465/2796/4487 4500/2830/4487 4501/2832/4487
f 4500/2830/4488 4468/2798/4488 4504/2835/4488
f 4468/2798/4489 4500/2830/4489 4466/2795/4489
f 4492/2822/4490 4502/2831/4490 4509/2839/4490
f 4502/2831/4491 4492/2822/4491 4501/2832/4491
f 4500/2830/4492 4505/2834/4492 4503/2833/4492
f 4505/2834/4493 4500/2830/4493 4504/2835/4493
f 4481/2811/4494 4501/2832/4494 4492/2822/4494
f 4501/2832/4495 4481/2811/4495 4465/2796/4495
f 4504/2835/4496 4469/2799/4496 4488/2818/4496
f 4469/2799/4497 4504/2835/4497 4468/2798/4497
f 4464/2794/4498 4481/2811/4498 4480/2810/4498
f 4481/2811/4499 4464/2794/4499 4465/2796/4499
f 4464/2794/4500 4468/2798/4500 4466/2795/4500
f 4495/2825/4501 4510/2840/4501 4494/2824/4501
f 4510/2840/4502 4495/2825/4502 4511/2841/4502
f 4499/2829/4503 4512/2842/4503 4498/2827/4503
f 4512/2842/4504 4499/2829/4504 4513/2843/4504
f 4502/2831/4505 4514/2844/4505 4509/2839/4505
f 4505/2834/4506 4515/2845/4506 4503/2833/4506
f 4515/2845/4507 4505/2834/4507 4516/2846/4507
f 4507/2837/4508 4511/2841/4508 4495/2825/4508
f 4511/2841/4509 4507/2837/4509 4517/2847/4509
f 4494/2824/4510 4510/2840/4510 4506/2836/4510
f 4508/2838/4511 4513/2843/4511 4499/2829/4511
f 4513/2843/4512 4508/2838/4512 4518/2848/4512
f 4509/2839/4513 4518/2848/4513 4508/2838/4513
f 4518/2848/4514 4509/2839/4514 4514/2844/4514
f 4503/2833/4515 4514/2844/4515 4502/2831/4515
f 4514/2844/4516 4503/2833/4516 4515/2845/4516
f 4506/2836/4517 4516/2846/4517 4505/2834/4517
f 4516/2846/4518 4506/2836/4518 4510/2840/4518
f 4511/2841/4519 4519/2849/4519 4510/2840/4519
f 4519/2849/4520 4511/2841/4520 4520/2850/4520
f 4513/2843/4521 4521/2851/4521 4512/2842/4521
f 4521/2851/4522 4513/2843/4522 4522/2852/4522
f 4516/2846/4523 4519/2849/4523 4515/2845/4523
f 4517/2847/4524 4520/2850/4524 4511/2841/4524
f 4520/2850/4525 4517/2847/4525 4523/2853/4525
f 4518/2848/4526 4522/2852/4526 4513/2843/4526
f 4522/2852/4527 4518/2848/4527 4524/2854/4527
f 4514/2844/4528 4524/2854/4528 4518/2848/4528
f 4515/2845/4529 4524/2854/4529 4514/2844/4529
f 4524/2854/4530 4515/2845/4530 4519/2849/4530
f 4510/2840/4531 4519/2849/4531 4516/2846/4531
f 4519/2849/4532 4522/2852/4532 4524/2854/4532
f 4522/2852/4533 4519/2849/4533 4520/2850/4533
f 4523/2853/4534 4526/2855/4534 4525/2856/4534
f 4526/2855/4535 4523/2853/4535 4527/2857/4535
f 4226/2557/4297 4380/2709/4297 4376/2706/4297
f 4380/2709/4536 4226/2557/4536 4227/2556/4536
f 4213/2543/4537 4372/2702/4537 4095/2424/4537
f 4372/2702/4538 4213/2543/4538 4371/2701/4538
f 4094/2425/4539 4374/2704/4539 4181/2511/4539
f 4374/2704/4540 4094/2425/4540 4373/2703/4540
f 4103/2432/4541 4371/2701/4541 4213/2543/4541
f 4371/2701/4542 4103/2432/4542 4375/2705/4542
f 4226/2557/4543 4106/2436/4543 4098/2429/4543
f 4106/2436/4544 4226/2557/4544 4377/2707/4544
f 4381/2711/4545 4103/2432/4545 4104/2434/4545
f 4103/2432/4546 4381/2711/4546 4375/2705/4546
f 4382/2713/4547 4216/2547/4547 4217/2546/4547
f 4216/2547/4548 4382/2713/4548 4383/2712/4548
f 4381/2711/4549 4216/2547/4549 4383/2712/4549
f 4216/2547/4550 4381/2711/4550 4104/2434/4550
f 4213/2543/4551 4096/2426/4551 4214/2544/4551
f 4096/2426/4552 4213/2543/4552 4095/2424/4552
f 4528/2858/4553 4100/2430/4553 4529/2859/4553
f 4100/2430/4554 4528/2858/4554 4099/2428/4554
f 4218/2548/4555 4106/2436/4555 4217/2546/4555
f 4106/2436/4556 4218/2548/4556 4105/2435/4556
f 4094/2425/4557 4182/2513/4557 4093/2423/4557
f 4182/2513/4558 4094/2425/4558 4181/2511/4558
f 4530/2860/4559 4099/2428/4559 4528/2858/4559
f 4099/2428/4536 4530/2860/4536 4227/2556/4536
f 4373/2703/4560 4199/2528/4560 4201/2531/4560
f 4199/2528/4561 4373/2703/4561 4372/2702/4561
f 4531/2861/4562 4202/2533/4562 4532/2862/4562
f 4202/2533/4290 4531/2861/4290 4374/2704/4290
f 4382/2713/4563 4378/2708/4563 4230/2561/4563
f 4378/2708/4563 4382/2713/4563 4377/2707/4563
f 4214/2544/4564 4444/2775/4564 4453/2783/4564
f 4444/2775/4565 4214/2544/4565 4096/2426/4565
f 4100/2430/4432 4533/2863/4432 4529/2859/4432
f 4533/2863/4432 4100/2430/4432 4446/2776/4432
f 4093/2423/4566 4451/2782/4566 4445/2774/4566
f 4451/2782/4566 4093/2423/4566 4182/2513/4566
f 4105/2435/4567 4447/2777/4567 4097/2427/4567
f 4447/2777/4568 4105/2435/4568 4454/2784/4568
f 4456/2786/4569 4475/2805/4569 4474/2804/4569
f 4475/2805/4444 4456/2786/4444 4457/2788/4444
f 4461/2792/4446 4535/2864/4446 4534/2865/4446
f 4535/2864/4446 4461/2792/4446 4462/2791/4446
f 4459/2789/4570 4471/2802/4570 4458/2787/4570
f 4471/2802/4571 4459/2789/4571 4470/2800/4571
f 4476/2806/4572 4463/2793/4572 4460/2790/4572
f 4463/2793/4454 4476/2806/4454 4477/2808/4454
f 4536/2866/4573 4227/2556/4573 4530/2860/4573
f 4227/2556/4574 4536/2866/4574 4380/2709/4574
f 4095/2424/4575 4373/2703/4575 4094/2425/4575
f 4373/2703/4576 4095/2424/4576 4372/2702/4576
f 4184/2514/4577 4374/2704/4577 4531/2861/4577
f 4374/2704/4539 4184/2514/4539 4181/2511/4539
f 4217/2546/4578 4377/2707/4578 4382/2713/4578
f 4377/2707/4579 4217/2546/4579 4106/2436/4579
f 4497/2828/4580 4485/2814/4580 4496/2826/4580
f 4485/2814/4581 4497/2828/4581 4484/2815/4581
f 4496/2826/4582 4490/2820/4582 4491/2821/4582
f 4490/2820/4583 4496/2826/4583 4485/2814/4583
f 4493/2823/4584 4482/2813/4584 4483/2812/4584
f 4482/2813/4585 4493/2823/4585 4489/2819/4585
f 4483/2812/4586 4487/2817/4586 4493/2823/4586
f 4487/2817/4587 4483/2812/4587 4486/2816/4587
f 4457/2788/4588 4489/2819/4588 4475/2805/4588
f 4489/2819/4585 4457/2788/4585 4482/2813/4585
f 4462/2791/4589 4497/2828/4589 4535/2864/4589
f 4497/2828/4590 4462/2791/4590 4484/2815/4590
f 4471/2802/4591 4483/2812/4591 4458/2787/4591
f 4483/2812/4592 4471/2802/4592 4486/2816/4592
f 4477/2808/4593 4485/2814/4593 4463/2793/4593
f 4485/2814/4594 4477/2808/4594 4490/2820/4594
f 4204/2534/4595 4225/2555/4595 4537/2867/4595
f 4225/2555/4596 4204/2534/4596 4200/2530/4596
f 4201/2531/4597 4200/2530/4597 4204/2534/4597
f 4200/2530/4598 4201/2531/4598 4199/2528/4598
f 4202/2533/4599 4538/2868/4599 4532/2862/4599
f 4538/2868/4600 4202/2533/4600 4203/2532/4600
f 4220/2551/4601 4378/2708/4601 4376/2706/4601
f 4378/2708/4602 4220/2551/4602 4221/2550/4602
f 4220/2551/4603 4539/2869/4603 4219/2549/4603
f 4539/2869/4296 4220/2551/4296 4379/2710/4296
f 4537/2867/4604 4203/2532/4604 4204/2534/4604
f 4203/2532/4605 4537/2867/4605 4187/2516/4605
f 4537/2867/4606 4078/2409/4606 4223/2553/4606
f 4078/2409/4607 4537/2867/4607 4225/2555/4607
f 4379/2710/4608 4540/2870/4608 4539/2869/4608
f 4540/2870/4609 4379/2710/4609 4541/2871/4609
f 4378/2708/4610 4222/2552/4610 4230/2561/4610
f 4222/2552/4611 4378/2708/4611 4221/2550/4611
f 4542/2872/4612 4544/2873/4612 4543/2874/4612
f 4544/2873/4613 4542/2872/4613 4545/2875/4613
f 4546/2876/4614 4548/2877/4614 4547/2878/4614
f 4548/2877/4615 4546/2876/4615 4549/2879/4615
f 4549/2879/4616 4551/2880/4616 4550/2881/4616
f 4551/2880/4617 4549/2879/4617 4546/2876/4617
f 4552/2882/4618 4545/2875/4618 4542/2872/4618
f 4545/2875/4619 4552/2882/4619 4553/2883/4619
f 4554/2884/4620 4547/2878/4620 4555/2885/4620
f 4547/2878/4621 4554/2884/4621 4546/2876/4621
f 4556/2886/4622 4558/2887/4622 4557/2888/4622
f 4558/2887/4623 4556/2886/4623 4559/2889/4623
f 4560/2890/4624 4562/2891/4624 4561/2892/4624
f 4562/2891/4625 4560/2890/4625 4563/2893/4625
f 4564/2894/4626 4566/2895/4626 4565/2896/4626
f 4566/2895/4627 4564/2894/4627 4567/2897/4627
f 4568/2898/4628 4570/2899/4628 4569/2900/4628
f 4570/2899/4629 4568/2898/4629 4571/2901/4629
f 4572/2902/4630 4574/2903/4630 4573/2904/4630
f 4574/2903/4631 4572/2902/4631 4575/2905/4631
f 4576/2906/4632 4578/2907/4632 4577/2908/4632
f 4578/2907/4633 4576/2906/4633 4579/2909/4633
f 4544/2873/4634 4580/2910/4634 4543/2874/4634
f 4580/2910/4635 4544/2873/4635 4581/2911/4635
f 4582/2912/4636 4553/2883/4636 4552/2882/4636
f 4553/2883/4637 4582/2912/4637 4583/2913/4637
f 4584/2914/4638 4555/2885/4638 4585/2915/4638
f 4555/2885/4639 4584/2914/4639 4554/2884/4639
f 4586/2916/4640 4588/2917/4640 4587/2918/4640
f 4588/2917/4641 4586/2916/4641 4589/2919/4641
f 4590/2920/4642 4576/2906/4642 4591/2921/4642
f 4576/2906/4643 4590/2920/4643 4579/2909/4643
f 4592/2922/4644 4594/2923/4644 4593/2924/4644
f 4594/2923/4645 4592/2922/4645 4595/2925/4645
f 4596/2926/4646 4598/2927/4646 4597/2928/4646
f 4598/2927/4647 4596/2926/4647 4599/2929/4647
f 4600/2930/4648 4602/2931/4648 4601/2932/4648
f 4602/2931/4649 4600/2930/4649 4603/2933/4649
f 4599/2929/4650 4605/2934/4650 4604/2935/4650
f 4605/2934/4651 4599/2929/4651 4596/2926/4651
f 4606/2936/4652 4608/2937/4652 4607/2938/4652
f 4608/2937/4653 4606/2936/4653 4609/2939/4653
f 4111/2441/4654 4610/2940/4654 4580/2910/4654
f 4610/2940/4655 4111/2441/4655 4112/2443/4655
f 4111/2441/4656 4581/2911/4656 4611/2941/4656
f 4581/2911/4657 4111/2441/4657 4580/2910/4657
f 4549/2879/4658 4612/2942/4658 4548/2877/4658
f 4612/2942/4659 4549/2879/4659 4613/2943/4659
f 4613/2943/4660 4615/2944/4660 4614/2945/4660
f 4615/2944/4661 4613/2943/4661 4549/2879/4661
f 4616/2946/4662 4618/2947/4662 4617/2948/4662
f 4618/2947/4663 4616/2946/4663 4619/2949/4663
f 4620/2950/4664 4622/2951/4664 4621/2952/4664
f 4622/2951/4665 4620/2950/4665 4623/2953/4665
f 4620/2950/4666 4624/2954/4666 4551/2880/4666
f 4624/2954/4667 4620/2950/4667 4621/2952/4667
f 4625/2955/4668 4627/2956/4668 4626/2957/4668
f 4627/2956/4669 4625/2955/4669 4628/2958/4669
f 4629/2959/4670 4631/2960/4670 4630/2961/4670
f 4631/2960/4671 4629/2959/4671 4632/2962/4671
f 4633/2963/4672 4635/2964/4672 4634/2965/4672
f 4635/2964/4673 4633/2963/4673 4636/2966/4673
f 4543/2874/4674 4637/2967/4674 4542/2872/4674
f 4637/2967/4675 4543/2874/4675 4586/2916/4675
f 4638/2968/4676 4587/2918/4676 4639/2969/4676
f 4587/2918/4677 4638/2968/4677 4640/2970/4677
f 4641/2971/4678 4643/2972/4678 4642/2973/4678
f 4643/2972/4679 4641/2971/4679 4644/2974/4679
f 4640/2970/4680 4586/2916/4680 4587/2918/4680
f 4586/2916/4681 4640/2970/4681 4637/2967/4681
f 4645/2975/4682 4628/2958/4682 4625/2955/4682
f 4628/2958/4683 4645/2975/4683 4646/2976/4683
f 4647/2977/4684 4648/2978/4684 4630/2961/4684
f 4648/2978/4685 4647/2977/4685 4649/2979/4685
f 4650/2980/4686 4652/2981/4686 4651/2982/4686
f 4652/2981/4687 4650/2980/4687 4653/2983/4687
f 4648/2978/4688 4629/2959/4688 4630/2961/4688
f 4629/2959/4689 4648/2978/4689 4654/2984/4689
f 4655/2985/4690 4657/2986/4690 4656/2987/4690
f 4657/2986/4691 4655/2985/4691 4658/2988/4691
f 4659/2989/4692 4661/2990/4692 4660/2991/4692
f 4661/2990/4693 4659/2989/4693 4662/2992/4693
f 4663/2993/4694 4112/2443/4694 4167/2497/4694
f 4112/2443/4695 4663/2993/4695 4610/2940/4695
f 4612/2942/4696 4111/2441/4696 4611/2941/4696
f 4111/2441/4697 4612/2942/4697 4613/2943/4697
f 4589/2919/4698 4167/2497/4698 4168/2498/4698
f 4167/2497/4699 4589/2919/4699 4663/2993/4699
f 4664/2994/4700 4170/2500/4700 4171/2501/4700
f 4170/2500/4701 4664/2994/4701 4588/2917/4701
f 4665/2995/4702 4667/2996/4702 4666/2997/4702
f 4667/2996/4703 4665/2995/4703 4668/2998/4703
f 4111/2441/4704 4614/2945/4704 4176/2506/4704
f 4614/2945/4705 4111/2441/4705 4613/2943/4705
f 4669/2999/4706 4671/3000/4706 4670/3001/4706
f 4671/3000/4707 4669/2999/4707 4672/3002/4707
f 4673/3003/4708 4183/2512/4708 4184/2514/4708
f 4183/2512/4709 4673/3003/4709 4674/3004/4709
f 4675/3005/4710 4185/2515/4710 4676/3006/4710
f 4185/2515/4711 4675/3005/4711 4188/2518/4711
f 4567/2897/4712 4677/3007/4712 4566/2895/4712
f 4677/3007/4713 4567/2897/4713 4678/3008/4713
f 4679/3009/4714 4681/3010/4714 4680/3011/4714
f 4681/3010/4715 4679/3009/4715 4682/3012/4715
f 4683/3013/4716 4684/3014/4716 4660/2991/4716
f 4684/3014/4717 4683/3013/4717 4685/3015/4717
f 4590/2920/4718 4687/3016/4718 4686/3017/4718
f 4687/3016/4719 4590/2920/4719 4688/3018/4719
f 4689/3019/4720 4691/3020/4720 4690/3021/4720
f 4691/3020/4721 4689/3019/4721 4692/3022/4721
f 4606/2936/4722 4616/2946/4722 4609/2939/4722
f 4616/2946/4723 4606/2936/4723 4619/2949/4723
f 4693/3023/4724 4694/3024/4724 4626/2957/4724
f 4694/3024/4725 4693/3023/4725 4695/3025/4725
f 4591/2921/4726 4636/2966/4726 4696/3026/4726
f 4636/2966/4727 4591/2921/4727 4576/2906/4727
f 4655/2985/4728 4698/3027/4728 4697/3028/4728
f 4698/3027/4729 4655/2985/4729 4682/3012/4729
f 4625/2955/4730 4641/2971/4730 4645/2975/4730
f 4641/2971/4731 4625/2955/4731 4699/3029/4731
f 4642/2973/4732 4669/2999/4732 4670/3001/4732
f 4669/2999/4733 4642/2973/4733 4665/2995/4733
f 4700/3030/4734 4590/2920/4734 4591/2921/4734
f 4590/2920/4735 4700/3030/4735 4688/3018/4735
f 4701/3031/4736 4603/2933/4736 4702/3032/4736
f 4603/2933/4737 4701/3031/4737 4602/2931/4737
f 4703/3033/4738 4705/3034/4738 4704/3035/4738
f 4705/3034/4739 4703/3033/4739 4706/3036/4739
f 4707/3037/4740 4709/3038/4740 4708/3039/4740
f 4709/3038/4741 4707/3037/4741 4710/3040/4741
f 4711/3041/4742 4578/2907/4742 4579/2909/4742
f 4578/2907/4743 4711/3041/4743 4712/3042/4743
f 4686/3017/4744 4579/2909/4744 4590/2920/4744
f 4579/2909/4745 4686/3017/4745 4713/3043/4745
f 4599/2929/4746 4714/3044/4746 4598/2927/4746
f 4714/3044/4747 4599/2929/4747 4715/3045/4747
f 4716/3046/4748 4700/3030/4748 4591/2921/4748
f 4700/3030/4749 4716/3046/4749 4717/3047/4749
f 4708/3039/4750 4718/3048/4750 4679/3009/4750
f 4718/3048/4751 4708/3039/4751 4719/3049/4751
f 4716/3046/4752 4718/3048/4752 4717/3047/4752
f 4718/3048/4753 4716/3046/4753 4679/3009/4753
f 4168/2498/4754 4588/2917/4754 4589/2919/4754
f 4588/2917/4755 4168/2498/4755 4170/2500/4755
f 4663/2993/4756 4580/2910/4756 4610/2940/4756
f 4580/2910/4757 4663/2993/4757 4543/2874/4757
f 4586/2916/4758 4663/2993/4758 4589/2919/4758
f 4663/2993/4759 4586/2916/4759 4543/2874/4759
f 4664/2994/4760 4587/2918/4760 4588/2917/4760
f 4587/2918/4761 4664/2994/4761 4639/2969/4761
f 4642/2973/4762 4668/2998/4762 4665/2995/4762
f 4668/2998/4763 4642/2973/4763 4643/2972/4763
f 4720/3050/4764 4672/3002/4764 4669/2999/4764
f 4672/3002/4765 4720/3050/4765 4721/3051/4765
f 4666/2997/4766 4669/2999/4766 4665/2995/4766
f 4669/2999/4767 4666/2997/4767 4720/3050/4767
f 4545/2875/4768 4722/3052/4768 4544/2873/4768
f 4722/3052/4769 4545/2875/4769 4723/3053/4769
f 4553/2883/4770 4723/3053/4770 4545/2875/4770
f 4723/3053/4771 4553/2883/4771 4724/3054/4771
f 4695/3025/4772 4725/3055/4772 4694/3024/4772
f 4725/3055/4773 4695/3025/4773 4726/3056/4773
f 4660/2991/4774 4565/2896/4774 4566/2895/4774
f 4565/2896/4775 4660/2991/4775 4661/2990/4775
f 4544/2873/4776 4611/2941/4776 4581/2911/4776
f 4611/2941/4777 4544/2873/4777 4722/3052/4777
f 4583/2913/4778 4724/3054/4778 4553/2883/4778
f 4724/3054/4779 4583/2913/4779 4727/3057/4779
f 4728/3058/4780 4627/2956/4780 4729/3059/4780
f 4627/2956/4781 4728/3058/4781 4730/3060/4781
f 4651/2982/4782 4677/3007/4782 4569/2900/4782
f 4677/3007/4783 4651/2982/4783 4683/3013/4783
f 4699/3029/4784 4626/2957/4784 4694/3024/4784
f 4626/2957/4785 4699/3029/4785 4625/2955/4785
f 4650/2980/4786 4732/3061/4786 4731/3062/4786
f 4732/3061/4787 4650/2980/4787 4651/2982/4787
f 4573/2904/4788 4734/3063/4788 4733/3064/4788
f 4734/3063/4789 4573/2904/4789 4574/2903/4789
f 4571/2901/4790 4736/3065/4790 4735/3066/4790
f 4736/3065/4791 4571/2901/4791 4568/2898/4791
f 4732/3061/4792 4569/2900/4792 4570/2899/4792
f 4569/2900/4793 4732/3061/4793 4651/2982/4793
f 4567/2897/4794 4738/3067/4794 4737/3068/4794
f 4738/3067/4795 4567/2897/4795 4564/2894/4795
f 4568/2898/4796 4739/3069/4796 4736/3065/4796
f 4739/3069/4797 4568/2898/4797 4678/3008/4797
f 4740/3070/4798 4742/3071/4798 4741/3072/4798
f 4742/3071/4799 4740/3070/4799 4550/2881/4799
f 4681/3010/4800 4647/2977/4800 4575/2905/4800
f 4647/2977/4801 4681/3010/4801 4656/2987/4801
f 4621/2952/4802 4558/2887/4802 4624/2954/4802
f 4558/2887/4803 4621/2952/4803 4557/2888/4803
f 4636/2966/4804 4577/2908/4804 4635/2964/4804
f 4577/2908/4805 4636/2966/4805 4576/2906/4805
f 4682/3012/4806 4656/2987/4806 4681/3010/4806
f 4656/2987/4807 4682/3012/4807 4655/2985/4807
f 4633/2963/4808 4696/3026/4808 4636/2966/4808
f 4696/3026/4809 4633/2963/4809 4743/3073/4809
f 4716/3046/4810 4696/3026/4810 4698/3027/4810
f 4696/3026/4811 4716/3046/4811 4591/2921/4811
f 4716/3046/4812 4682/3012/4812 4679/3009/4812
f 4682/3012/4813 4716/3046/4813 4698/3027/4813
f 4574/2903/4814 4631/2960/4814 4734/3063/4814
f 4631/2960/4815 4574/2903/4815 4630/2961/4815
f 4744/3074/4816 4657/2986/4816 4745/3075/4816
f 4657/2986/4817 4744/3074/4817 4746/3076/4817
f 4746/3076/4818 4656/2987/4818 4657/2986/4818
f 4656/2987/4819 4746/3076/4819 4747/3077/4819
f 4684/3014/4820 4659/2989/4820 4660/2991/4820
f 4659/2989/4821 4684/3014/4821 4748/3078/4821
f 4722/3052/4822 4547/2878/4822 4548/2877/4822
f 4547/2878/4823 4722/3052/4823 4723/3053/4823
f 4620/2950/4824 4546/2876/4824 4554/2884/4824
f 4546/2876/4825 4620/2950/4825 4551/2880/4825
f 4723/3053/4826 4555/2885/4826 4547/2878/4826
f 4555/2885/4827 4723/3053/4827 4724/3054/4827
f 4623/2953/4828 4554/2884/4828 4584/2914/4828
f 4554/2884/4829 4623/2953/4829 4620/2950/4829
f 4724/3054/4830 4585/2915/4830 4555/2885/4830
f 4585/2915/4831 4724/3054/4831 4727/3057/4831
f 4609/2939/4832 4634/2965/4832 4608/2937/4832
f 4634/2965/4833 4609/2939/4833 4633/2963/4833
f 4749/3079/4834 4751/3080/4834 4750/3081/4834
f 4751/3080/4835 4749/3079/4835 4752/3082/4835
f 4611/2941/4836 4548/2877/4836 4612/2942/4836
f 4548/2877/4837 4611/2941/4837 4722/3052/4837
f 4693/3023/4838 4618/2947/4838 4619/2949/4838
f 4618/2947/4839 4693/3023/4839 4730/3060/4839
f 4658/2988/4840 4697/3028/4840 4617/2948/4840
f 4697/3028/4841 4658/2988/4841 4655/2985/4841
f 4695/3025/4842 4619/2949/4842 4606/2936/4842
f 4619/2949/4843 4695/3025/4843 4693/3023/4843
f 4743/3073/4844 4609/2939/4844 4616/2946/4844
f 4609/2939/4845 4743/3073/4845 4633/2963/4845
f 4658/2988/4846 4745/3075/4846 4657/2986/4846
f 4745/3075/4847 4658/2988/4847 4753/3083/4847
f 4754/3084/4848 4731/3062/4848 4755/3085/4848
f 4731/3062/4849 4754/3084/4849 4650/2980/4849
f 4754/3084/4850 4653/2983/4850 4650/2980/4850
f 4653/2983/4851 4754/3084/4851 4756/3086/4851
f 4680/3011/4852 4575/2905/4852 4572/2902/4852
f 4575/2905/4853 4680/3011/4853 4681/3010/4853
f 4656/2987/4854 4649/2979/4854 4647/2977/4854
f 4649/2979/4855 4656/2987/4855 4747/3077/4855
f 4678/3008/4856 4569/2900/4856 4677/3007/4856
f 4569/2900/4857 4678/3008/4857 4568/2898/4857
f 4683/3013/4858 4652/2981/4858 4685/3015/4858
f 4652/2981/4859 4683/3013/4859 4651/2982/4859
f 4683/3013/4860 4566/2895/4860 4677/3007/4860
f 4566/2895/4861 4683/3013/4861 4660/2991/4861
f 4678/3008/4862 4737/3068/4862 4739/3069/4862
f 4737/3068/4863 4678/3008/4863 4567/2897/4863
f 4630/2961/4864 4575/2905/4864 4647/2977/4864
f 4575/2905/4865 4630/2961/4865 4574/2903/4865
f 4649/2979/4866 4757/3087/4866 4648/2978/4866
f 4757/3087/4867 4649/2979/4867 4758/3088/4867
f 4653/2983/4868 4759/3089/4868 4652/2981/4868
f 4759/3089/4869 4653/2983/4869 4760/3090/4869
f 4757/3087/4870 4654/2984/4870 4648/2978/4870
f 4654/2984/4871 4757/3087/4871 4761/3091/4871
f 4685/3015/4872 4762/3092/4872 4684/3014/4872
f 4762/3092/4873 4685/3015/4873 4763/3093/4873
f 4764/3094/4874 4746/3076/4874 4744/3074/4874
f 4746/3076/4875 4764/3094/4875 4765/3095/4875
f 4765/3095/4876 4747/3077/4876 4746/3076/4876
f 4747/3077/4877 4765/3095/4877 4766/3096/4877
f 4762/3092/4878 4748/3078/4878 4684/3014/4878
f 4748/3078/4879 4762/3092/4879 4767/3097/4879
f 4756/3086/4880 4760/3090/4880 4653/2983/4880
f 4760/3090/4881 4756/3086/4881 4768/3098/4881
f 4747/3077/4882 4758/3088/4882 4649/2979/4882
f 4758/3088/4883 4747/3077/4883 4766/3096/4883
f 4759/3089/4884 4685/3015/4884 4652/2981/4884
f 4685/3015/4885 4759/3089/4885 4763/3093/4885
f 4760/3090/4886 4770/3099/4886 4769/3100/4886
f 4770/3099/4887 4760/3090/4887 4768/3098/4887
f 4758/3088/4888 4772/3101/4888 4771/3102/4888
f 4772/3101/4889 4758/3088/4889 4766/3096/4889
f 4765/3095/4890 4774/3103/4890 4773/3104/4890
f 4774/3103/4891 4765/3095/4891 4764/3094/4891
f 4763/3093/4892 4776/3105/4892 4775/3106/4892
f 4776/3105/4893 4763/3093/4893 4759/3089/4893
f 4759/3089/4894 4769/3100/4894 4776/3105/4894
f 4769/3100/4895 4759/3089/4895 4760/3090/4895
f 4761/3091/4896 4778/3107/4896 4777/3108/4896
f 4778/3107/4897 4761/3091/4897 4757/3087/4897
f 4766/3096/4898 4773/3104/4898 4772/3101/4898
f 4773/3104/4899 4766/3096/4899 4765/3095/4899
f 4767/3097/4900 4780/3109/4900 4779/3110/4900
f 4780/3109/4901 4767/3097/4901 4762/3092/4901
f 4757/3087/4902 4771/3102/4902 4778/3107/4902
f 4771/3102/4903 4757/3087/4903 4758/3088/4903
f 4762/3092/4904 4775/3106/4904 4780/3109/4904
f 4775/3106/4905 4762/3092/4905 4763/3093/4905
f 4769/3100/4906 4782/3111/4906 4781/3112/4906
f 4782/3111/4907 4769/3100/4907 4770/3099/4907
f 4771/3102/4908 4784/3113/4908 4783/3114/4908
f 4784/3113/4909 4771/3102/4909 4772/3101/4909
f 4773/3104/4910 4786/3115/4910 4785/3116/4910
f 4786/3115/4911 4773/3104/4911 4774/3103/4911
f 4775/3106/4912 4788/3117/4912 4787/3118/4912
f 4788/3117/4913 4775/3106/4913 4776/3105/4913
f 4776/3105/4914 4781/3112/4914 4788/3117/4914
f 4781/3112/4915 4776/3105/4915 4769/3100/4915
f 4777/3108/4916 4790/3119/4916 4789/3120/4916
f 4790/3119/4917 4777/3108/4917 4778/3107/4917
f 4772/3101/4918 4785/3116/4918 4784/3113/4918
f 4785/3116/4919 4772/3101/4919 4773/3104/4919
f 4779/3110/4920 4792/3121/4920 4791/3122/4920
f 4792/3121/4921 4779/3110/4921 4780/3109/4921
f 4778/3107/4922 4783/3114/4922 4790/3119/4922
f 4783/3114/4923 4778/3107/4923 4771/3102/4923
f 4780/3109/4924 4787/3118/4924 4792/3121/4924
f 4787/3118/4925 4780/3109/4925 4775/3106/4925
f 4781/3112/4926 4794/3123/4926 4793/3124/4926
f 4794/3123/4927 4781/3112/4927 4782/3111/4927
f 4783/3114/4928 4796/3125/4928 4795/3126/4928
f 4796/3125/4929 4783/3114/4929 4784/3113/4929
f 4785/3116/4930 4798/3127/4930 4797/3128/4930
f 4798/3127/4931 4785/3116/4931 4786/3115/4931
f 4787/3118/4932 4800/3129/4932 4799/3130/4932
f 4800/3129/4933 4787/3118/4933 4788/3117/4933
f 4788/3117/4934 4793/3124/4934 4800/3129/4934
f 4793/3124/4935 4788/3117/4935 4781/3112/4935
f 4789/3120/4936 4802/3131/4936 4801/3132/4936
f 4802/3131/4937 4789/3120/4937 4790/3119/4937
f 4784/3113/4938 4797/3128/4938 4796/3125/4938
f 4797/3128/4939 4784/3113/4939 4785/3116/4939
f 4791/3122/4940 4804/3133/4940 4803/3134/4940
f 4804/3133/4941 4791/3122/4941 4792/3121/4941
f 4790/3119/4942 4795/3126/4942 4802/3131/4942
f 4795/3126/4943 4790/3119/4943 4783/3114/4943
f 4792/3121/4944 4799/3130/4944 4804/3133/4944
f 4799/3130/4945 4792/3121/4945 4787/3118/4945
f 4793/3124/4946 4806/3135/4946 4805/3136/4946
f 4806/3135/4947 4793/3124/4947 4794/3123/4947
f 4795/3126/4948 4808/3137/4948 4807/3138/4948
f 4808/3137/4949 4795/3126/4949 4796/3125/4949
f 4797/3128/4950 4810/3139/4950 4809/3140/4950
f 4810/3139/4951 4797/3128/4951 4798/3127/4951
f 4799/3130/4952 4812/3141/4952 4811/3142/4952
f 4812/3141/4952 4799/3130/4952 4800/3129/4952
f 4800/3129/4953 4805/3136/4953 4812/3141/4953
f 4805/3136/4954 4800/3129/4954 4793/3124/4954
f 4801/3132/4955 4814/3143/4955 4813/3144/4955
f 4814/3143/4956 4801/3132/4956 4802/3131/4956
f 4796/3125/4957 4809/3140/4957 4808/3137/4957
f 4809/3140/4958 4796/3125/4958 4797/3128/4958
f 4803/3134/4959 4816/3145/4959 4815/3146/4959
f 4816/3145/4960 4803/3134/4960 4804/3133/4960
f 4802/3131/4961 4807/3138/4961 4814/3143/4961
f 4807/3138/4962 4802/3131/4962 4795/3126/4962
f 4804/3133/4963 4811/3142/4963 4816/3145/4963
f 4811/3142/4964 4804/3133/4964 4799/3130/4964
f 4817/3147/4965 4819/3148/4965 4818/3149/4965
f 4819/3148/4966 4817/3147/4966 4820/3150/4966
f 4821/3151/4967 4823/3152/4967 4822/3153/4967
f 4823/3152/4968 4821/3151/4968 4824/3154/4968
f 4825/3155/4969 4827/3156/4969 4826/3157/4969
f 4827/3156/4970 4825/3155/4970 4828/3158/4970
f 4829/3159/4971 4831/3160/4971 4830/3161/4971
f 4831/3160/4972 4829/3159/4972 4832/3162/4972
f 4832/3162/4973 4818/3149/4973 4831/3160/4973
f 4818/3149/4974 4832/3162/4974 4817/3147/4974
f 4833/3163/4975 4835/3164/4975 4834/3165/4975
f 4835/3164/4976 4833/3163/4976 4836/3166/4976
f 4824/3154/4977 4826/3157/4977 4823/3152/4977
f 4826/3157/4978 4824/3154/4978 4825/3155/4978
f 4837/3167/4979 4839/3168/4979 4838/3169/4979
f 4839/3168/4980 4837/3167/4980 4840/3170/4980
f 4836/3166/4981 4822/3153/4981 4835/3164/4981
f 4822/3153/4982 4836/3166/4982 4821/3151/4982
f 4840/3170/4983 4830/3161/4983 4839/3168/4983
f 4830/3161/4984 4840/3170/4984 4829/3159/4984
f 4818/3149/4985 4842/3171/4985 4841/3172/4985
f 4842/3171/4986 4818/3149/4986 4819/3148/4986
f 4822/3153/4987 4844/3173/4987 4843/3174/4987
f 4844/3173/4988 4822/3153/4988 4823/3152/4988
f 4826/3157/4989 4846/3175/4989 4845/3176/4989
f 4846/3175/4990 4826/3157/4990 4827/3156/4990
f 4830/3161/4991 4848/3177/4991 4847/3178/4991
f 4848/3177/4992 4830/3161/4992 4831/3160/4992
f 4831/3160/4993 4841/3172/4993 4848/3177/4993
f 4841/3172/4994 4831/3160/4994 4818/3149/4994
f 4834/3165/4995 4850/3179/4995 4849/3180/4995
f 4850/3179/4996 4834/3165/4996 4835/3164/4996
f 4823/3152/4997 4845/3176/4997 4844/3173/4997
f 4845/3176/4998 4823/3152/4998 4826/3157/4998
f 4838/3169/4999 4852/3181/4999 4851/3182/4999
f 4852/3181/5000 4838/3169/5000 4839/3168/5000
f 4835/3164/5001 4843/3174/5001 4850/3179/5001
f 4843/3174/5002 4835/3164/5002 4822/3153/5002
f 4839/3168/5003 4847/3178/5003 4852/3181/5003
f 4847/3178/5004 4839/3168/5004 4830/3161/5004
f 4638/2968/5005 4552/2882/5005 4640/2970/5005
f 4552/2882/5006 4638/2968/5006 4582/2912/5006
f 4699/3029/5007 4644/2974/5007 4641/2971/5007
f 4644/2974/5008 4699/3029/5008 4853/3183/5008
f 4640/2970/5009 4542/2872/5009 4637/2967/5009
f 4542/2872/5009 4640/2970/5009 4552/2882/5009
f 4642/2973/5010 4645/2975/5010 4641/2971/5010
f 4645/2975/5011 4642/2973/5011 4670/3001/5011
f 4670/3001/5012 4646/2976/5012 4645/2975/5012
f 4646/2976/5013 4670/3001/5013 4671/3000/5013
f 4753/3083/5014 4617/2948/5014 4618/2947/5014
f 4617/2948/5015 4753/3083/5015 4658/2988/5015
f 4628/2958/5016 4729/3059/5016 4627/2956/5016
f 4729/3059/5017 4628/2958/5017 4854/3184/5017
f 4646/2976/5018 4854/3184/5018 4628/2958/5018
f 4854/3184/5019 4646/2976/5019 4855/3185/5019
f 4672/3002/5020 4856/3186/5020 4671/3000/5020
f 4856/3186/5021 4672/3002/5021 4857/3187/5021
f 4721/3051/5022 4857/3187/5022 4672/3002/5022
f 4857/3187/5023 4721/3051/5023 4858/3188/5023
f 4730/3060/5024 4626/2957/5024 4627/2956/5024
f 4626/2957/5025 4730/3060/5025 4693/3023/5025
f 4730/3060/5026 4753/3083/5026 4618/2947/5026
f 4753/3083/5027 4730/3060/5027 4728/3058/5027
f 4743/3073/5028 4617/2948/5028 4697/3028/5028
f 4617/2948/5029 4743/3073/5029 4616/2946/5029
f 4856/3186/5030 4646/2976/5030 4671/3000/5030
f 4646/2976/5031 4856/3186/5031 4855/3185/5031
f 4698/3027/5032 4743/3073/5032 4697/3028/5032
f 4743/3073/5033 4698/3027/5033 4696/3026/5033
f 4859/3189/5034 4687/3016/5034 4688/3018/5034
f 4687/3016/5035 4859/3189/5035 4860/3190/5035
f 4861/3191/5036 4692/3022/5036 4689/3019/5036
f 4692/3022/5037 4861/3191/5037 4862/3192/5037
f 4863/3193/5038 4688/3018/5038 4700/3030/5038
f 4688/3018/5039 4863/3193/5039 4859/3189/5039
f 4864/3194/5040 4866/3195/5040 4865/3196/5040
f 4866/3195/5041 4864/3194/5041 4715/3045/5041
f 4867/3197/5042 4710/3040/5042 4868/3198/5042
f 4710/3040/5043 4867/3197/5043 4864/3194/5043
f 4717/3047/5044 4863/3193/5044 4700/3030/5044
f 4863/3193/5045 4717/3047/5045 4869/3199/5045
f 4719/3049/5046 4870/3200/5046 4718/3048/5046
f 4870/3200/5047 4719/3049/5047 4871/3201/5047
f 4870/3200/5048 4717/3047/5048 4718/3048/5048
f 4717/3047/5049 4870/3200/5049 4869/3199/5049
f 4600/2930/5050 4706/3036/5050 4703/3033/5050
f 4706/3036/5051 4600/2930/5051 4601/2932/5051
f 4853/3183/5052 4694/3024/5052 4725/3055/5052
f 4694/3024/5053 4853/3183/5053 4699/3029/5053
f 4872/3202/5054 4874/3203/5054 4873/3204/5054
f 4874/3203/5055 4872/3202/5055 4875/3205/5055
f 4876/3206/5056 4878/3207/5056 4877/3208/5056
f 4878/3207/5057 4876/3206/5057 4879/3209/5057
f 4880/3210/5058 4634/2965/5058 4635/2964/5058
f 4634/2965/5059 4880/3210/5059 4881/3211/5059
f 4882/3212/5060 4884/3213/5060 4883/3214/5060
f 4884/3213/5061 4882/3212/5061 4885/3215/5061
f 4886/3216/5062 4888/3217/5062 4887/3218/5062
f 4888/3217/5063 4886/3216/5063 4889/3219/5063
f 4712/3042/5064 4676/3006/5064 4890/3220/5064
f 4676/3006/5065 4712/3042/5065 4711/3041/5065
f 4891/3221/5066 4873/3204/5066 4892/3222/5066
f 4873/3204/5067 4891/3221/5067 4872/3202/5067
f 4883/3214/5068 4886/3216/5068 4887/3218/5068
f 4886/3216/5069 4883/3214/5069 4884/3213/5069
f 4893/3223/5070 4895/3224/5070 4894/3225/5070
f 4895/3224/5071 4893/3223/5071 4896/3226/5071
f 4897/3227/5072 4635/2964/5072 4577/2908/5072
f 4635/2964/5073 4897/3227/5073 4880/3210/5073
f 4881/3211/5074 4898/3228/5074 4634/2965/5074
f 4898/3228/5075 4881/3211/5075 4899/3229/5075
f 4695/3025/5076 4607/2938/5076 4726/3056/5076
f 4607/2938/5077 4695/3025/5077 4606/2936/5077
f 4900/3230/5078 4885/3215/5078 4882/3212/5078
f 4885/3215/5079 4900/3230/5079 4901/3231/5079
f 4900/3230/5080 4725/3055/5080 4895/3224/5080
f 4725/3055/5081 4900/3230/5081 4853/3183/5081
f 4901/3231/5082 4895/3224/5082 4896/3226/5082
f 4895/3224/5083 4901/3231/5083 4900/3230/5083
f 4583/2913/5084 4561/2892/5084 4562/2891/5084
f 4561/2892/5085 4583/2913/5085 4582/2912/5085
f 4726/3056/5086 4878/3207/5086 4894/3225/5086
f 4878/3207/5087 4726/3056/5087 4607/2938/5087
f 4894/3225/5088 4879/3209/5088 4893/3223/5088
f 4879/3209/5089 4894/3225/5089 4878/3207/5089
f 4585/2915/5090 4750/3081/5090 4751/3080/5090
f 4750/3081/5091 4585/2915/5091 4727/3057/5091
f 4584/2914/5092 4751/3080/5092 4902/3232/5092
f 4751/3080/5093 4584/2914/5093 4585/2915/5093
f 4902/3232/5094 4752/3082/5094 4903/3233/5094
f 4752/3082/5095 4902/3232/5095 4751/3080/5095
f 4607/2938/5096 4877/3208/5096 4878/3207/5096
f 4877/3208/5097 4607/2938/5097 4608/2937/5097
f 4904/3234/5098 4639/2969/5098 4905/3235/5098
f 4639/2969/5099 4904/3234/5099 4638/2968/5099
f 4906/3236/5100 4905/3235/5100 4907/3237/5100
f 4905/3235/5101 4906/3236/5101 4904/3234/5101
f 4883/3214/5102 4644/2974/5102 4882/3212/5102
f 4644/2974/5103 4883/3214/5103 4643/2972/5103
f 4664/2994/5104 4420/2750/5104 4908/3238/5104
f 4420/2750/5105 4664/2994/5105 4171/2501/5105
f 4908/3238/5106 4910/3239/5106 4909/3240/5106
f 4910/3239/5107 4908/3238/5107 4420/2750/5107
f 4888/3217/5108 4668/2998/5108 4887/3218/5108
f 4668/2998/5109 4888/3217/5109 4667/2996/5109
f 4905/3235/5110 4664/2994/5110 4908/3238/5110
f 4664/2994/5111 4905/3235/5111 4639/2969/5111
f 4907/3237/5112 4908/3238/5112 4909/3240/5112
f 4908/3238/5113 4907/3237/5113 4905/3235/5113
f 4887/3218/5114 4643/2972/5114 4883/3214/5114
f 4643/2972/5115 4887/3218/5115 4668/2998/5115
f 4727/3057/5116 4562/2891/5116 4750/3081/5116
f 4562/2891/5117 4727/3057/5117 4583/2913/5117
f 4750/3081/5118 4563/2893/5118 4749/3079/5118
f 4563/2893/5119 4750/3081/5119 4562/2891/5119
f 4725/3055/5120 4894/3225/5120 4895/3224/5120
f 4894/3225/5121 4725/3055/5121 4726/3056/5121
f 4582/2912/5122 4904/3234/5122 4561/2892/5122
f 4904/3234/5123 4582/2912/5123 4638/2968/5123
f 4560/2890/5124 4904/3234/5124 4906/3236/5124
f 4904/3234/5125 4560/2890/5125 4561/2892/5125
f 4882/3212/5126 4853/3183/5126 4900/3230/5126
f 4853/3183/5127 4882/3212/5127 4644/2974/5127
f 4622/2951/5128 4912/3241/5128 4911/3242/5128
f 4912/3241/5129 4622/2951/5129 4623/2953/5129
f 4913/3243/5130 4911/3242/5130 4914/3244/5130
f 4911/3242/5131 4913/3243/5131 4622/2951/5131
f 4623/2953/5132 4902/3232/5132 4912/3241/5132
f 4902/3232/5133 4623/2953/5133 4584/2914/5133
f 4912/3241/5134 4903/3233/5134 4915/3245/5134
f 4903/3233/5135 4912/3241/5135 4902/3232/5135
f 4876/3206/5136 4898/3228/5136 4899/3229/5136
f 4898/3228/5137 4876/3206/5137 4877/3208/5137
f 4608/2937/5138 4898/3228/5138 4877/3208/5138
f 4898/3228/5139 4608/2937/5139 4634/2965/5139
f 4621/2952/5140 4913/3243/5140 4557/2888/5140
f 4913/3243/5141 4621/2952/5141 4622/2951/5141
f 4740/3070/5142 4430/2759/5142 4615/2944/5142
f 4430/2759/5143 4740/3070/5143 4429/2760/5143
f 4615/2944/5144 4176/2506/5144 4614/2945/5144
f 4176/2506/5145 4615/2944/5145 4430/2759/5145
f 4741/3072/5146 4429/2760/5146 4740/3070/5146
f 4429/2760/5147 4741/3072/5147 4431/2761/5147
f 4740/3070/5148 4549/2879/5148 4550/2881/5148
f 4549/2879/5149 4740/3070/5149 4615/2944/5149
f 4550/2881/5150 4624/2954/5150 4742/3071/5150
f 4624/2954/5151 4550/2881/5151 4551/2880/5151
f 4432/2762/5152 4916/3246/5152 4435/2765/5152
f 4916/3246/5153 4432/2762/5153 4917/3247/5153
f 4624/2954/5154 4559/2889/5154 4742/3071/5154
f 4559/2889/5155 4624/2954/5155 4558/2887/5155
f 4435/2765/5156 4919/3248/5156 4918/3249/5156
f 4919/3248/5157 4435/2765/5157 4916/3246/5157
f 4916/3246/5158 4920/3250/5158 4919/3248/5158
f 4920/3250/5159 4916/3246/5159 4556/2886/5159
f 4557/2888/5160 4920/3250/5160 4556/2886/5160
f 4920/3250/5161 4557/2888/5161 4921/3251/5161
f 4431/2761/5162 4917/3247/5162 4432/2762/5162
f 4917/3247/5163 4431/2761/5163 4741/3072/5163
f 4917/3247/5164 4742/3071/5164 4559/2889/5164
f 4742/3071/5165 4917/3247/5165 4741/3072/5165
f 4916/3246/5166 4559/2889/5166 4556/2886/5166
f 4559/2889/5167 4916/3246/5167 4917/3247/5167
f 4891/3221/5168 4923/3252/5168 4922/3253/5168
f 4923/3252/5169 4891/3221/5169 4892/3222/5169
f 4557/2888/5170 4924/3254/5170 4921/3251/5170
f 4924/3254/5171 4557/2888/5171 4913/3243/5171
f 4925/3255/5172 4874/3203/5172 4875/3205/5172
f 4874/3203/5173 4925/3255/5173 4914/3244/5173
f 4913/3243/5174 4925/3255/5174 4924/3254/5174
f 4925/3255/5175 4913/3243/5175 4914/3244/5175
f 4593/2924/5176 4926/3256/5176 4592/2922/5176
f 4926/3256/5177 4593/2924/5177 4927/3257/5177
f 4596/2926/5178 4929/3258/5178 4928/3259/5178
f 4929/3258/5179 4596/2926/5179 4597/2928/5179
f 4600/2930/5180 4931/3260/5180 4930/3261/5180
f 4931/3260/5181 4600/2930/5181 4703/3033/5181
f 4603/2933/5182 4930/3261/5182 4932/3262/5182
f 4930/3261/5183 4603/2933/5183 4600/2930/5183
f 4674/3004/5184 4452/2781/5184 4183/2512/5184
f 4452/2781/5184 4674/3004/5184 4933/3263/5184
f 4702/3032/5185 4932/3262/5185 4934/3264/5185
f 4932/3262/5186 4702/3032/5186 4603/2933/5186
f 4704/3035/5187 4936/3265/5187 4935/3266/5187
f 4936/3265/5188 4704/3035/5188 4605/2934/5188
f 4703/3033/5189 4935/3266/5189 4931/3260/5189
f 4935/3266/5190 4703/3033/5190 4704/3035/5190
f 4937/3267/5191 4939/3268/5191 4938/3269/5191
f 4939/3268/5192 4937/3267/5192 4940/3270/5192
f 4941/3271/5193 4943/3272/5193 4942/3273/5193
f 4943/3272/5193 4941/3271/5193 4944/3274/5193
f 4945/3275/5194 4947/3276/5194 4946/3277/5194
f 4945/3275/5195 4949/3278/5195 4948/3279/5195
f 4949/3278/5196 4945/3275/5196 4950/3280/5196
f 4951/3281/5197 4472/2801/5197 4473/2803/5197
f 4472/2801/5198 4951/3281/5198 4952/3282/5198
f 4953/3283/5199 4949/3278/5199 4954/3284/5199
f 4949/3278/5200 4953/3283/5200 4948/3279/5200
f 4955/3285/5201 4957/3286/5201 4956/3287/5201
f 4957/3286/5202 4955/3285/5202 4958/3288/5202
f 4959/3289/5203 4957/3286/5203 4960/3290/5203
f 4957/3286/5204 4959/3289/5204 4956/3287/5204
f 4940/3270/5205 4961/3291/5205 4939/3268/5205
f 4961/3291/5206 4940/3270/5206 4962/3292/5206
f 4943/3272/5207 4963/3293/5207 4942/3273/5207
f 4963/3293/5208 4943/3272/5208 4964/3294/5208
f 4472/2801/5209 4965/3295/5209 4487/2817/5209
f 4965/3295/5210 4472/2801/5210 4952/3282/5210
f 4954/3284/5211 4967/3296/5211 4966/3297/5211
f 4967/3296/5212 4954/3284/5212 4949/3278/5212
f 4957/3286/5213 4969/3298/5213 4968/3299/5213
f 4969/3298/5214 4957/3286/5214 4958/3288/5214
f 4960/3290/5215 4968/3299/5215 4970/3300/5215
f 4968/3299/5216 4960/3290/5216 4957/3286/5216
f 4971/3301/5217 4973/3302/5217 4972/3303/5217
f 4973/3302/5218 4971/3301/5218 4966/3297/5218
f 4974/3304/5219 4976/3305/5219 4975/3306/5219
f 4976/3305/5220 4974/3304/5220 4977/3307/5220
f 4978/3308/5221 4980/3309/5221 4979/3310/5221
f 4980/3309/5222 4978/3308/5222 4981/3311/5222
f 4967/3296/5223 4983/3312/5223 4982/3313/5223
f 4983/3312/5224 4967/3296/5224 4984/3314/5224
f 4487/2817/5225 4972/3303/5225 4507/2837/5225
f 4972/3303/5226 4487/2817/5226 4971/3301/5226
f 4966/3297/5227 4982/3313/5227 4973/3302/5227
f 4982/3313/5228 4966/3297/5228 4967/3296/5228
f 4968/3299/5229 4975/3306/5229 4985/3315/5229
f 4975/3306/5230 4968/3299/5230 4974/3304/5230
f 4970/3300/5231 4985/3315/5231 4986/3316/5231
f 4985/3315/5232 4970/3300/5232 4968/3299/5232
f 4978/3308/5233 4947/3276/5233 4981/3311/5233
f 4947/3276/5234 4978/3308/5234 4946/3277/5234
f 4978/3308/5235 4950/3280/5235 4946/3277/5235
f 4950/3280/5236 4978/3308/5236 4984/3314/5236
f 4970/3300/5237 4980/3309/5237 4981/3311/5237
f 4980/3309/5238 4970/3300/5238 4986/3316/5238
f 4978/3308/5239 4983/3312/5239 4984/3314/5239
f 4983/3312/5240 4978/3308/5240 4979/3310/5240
f 4960/3290/5241 4981/3311/5241 4947/3276/5241
f 4981/3311/5242 4960/3290/5242 4970/3300/5242
f 4984/3314/5243 4949/3278/5243 4950/3280/5243
f 4949/3278/5244 4984/3314/5244 4967/3296/5244
f 4945/3275/5245 4960/3290/5245 4947/3276/5245
f 4960/3290/5246 4945/3275/5246 4959/3289/5246
f 4945/3275/5247 4946/3277/5247 4950/3280/5247
f 4972/3303/5248 4988/3317/5248 4987/3318/5248
f 4988/3317/5249 4972/3303/5249 4973/3302/5249
f 4975/3306/5250 4990/3319/5250 4989/3320/5250
f 4990/3319/5251 4975/3306/5251 4976/3305/5251
f 4980/3309/5252 4986/3316/5252 4991/3321/5252
f 4983/3312/5253 4993/3322/5253 4992/3323/5253
f 4993/3322/5254 4983/3312/5254 4979/3310/5254
f 4507/2837/5255 4987/3318/5255 4517/2847/5255
f 4987/3318/5256 4507/2837/5256 4972/3303/5256
f 4973/3302/5257 4982/3313/5257 4988/3317/5257
f 4985/3315/5258 4989/3320/5258 4994/3324/5258
f 4989/3320/5259 4985/3315/5259 4975/3306/5259
f 4986/3316/5260 4994/3324/5260 4991/3321/5260
f 4994/3324/5261 4986/3316/5261 4985/3315/5261
f 4979/3310/5262 4991/3321/5262 4993/3322/5262
f 4991/3321/5263 4979/3310/5263 4980/3309/5263
f 4982/3313/5264 4992/3323/5264 4988/3317/5264
f 4992/3323/5265 4982/3313/5265 4983/3312/5265
f 4987/3318/5266 4996/3325/5266 4995/3326/5266
f 4996/3325/5267 4987/3318/5267 4988/3317/5267
f 4989/3320/5268 4998/3327/5268 4997/3328/5268
f 4998/3327/5269 4989/3320/5269 4990/3319/5269
f 4992/3323/5270 4993/3322/5270 4996/3325/5270
f 4517/2847/5271 4995/3326/5271 4523/2853/5271
f 4995/3326/5272 4517/2847/5272 4987/3318/5272
f 4994/3324/5273 4997/3328/5273 4999/3329/5273
f 4997/3328/5274 4994/3324/5274 4989/3320/5274
f 4991/3321/5275 4994/3324/5275 4999/3329/5275
f 4993/3322/5276 4999/3329/5276 4996/3325/5276
f 4999/3329/5277 4993/3322/5277 4991/3321/5277
f 4988/3317/5278 4992/3323/5278 4996/3325/5278
f 4996/3325/5279 4997/3328/5279 4995/3326/5279
f 4997/3328/5280 4996/3325/5280 4999/3329/5280
f 4523/2853/5281 5000/3330/5281 4527/2857/5281
f 5000/3330/5282 4523/2853/5282 5001/3331/5282
f 4715/3045/5283 4867/3197/5283 4714/3044/5283
f 4867/3197/5043 4715/3045/5043 4864/3194/5043
f 4701/3031/5284 4860/3190/5284 4859/3189/5284
f 4860/3190/5285 4701/3031/5285 4594/2923/5285
f 4595/2925/5286 4862/3192/5286 4861/3191/5286
f 4862/3192/5287 4595/2925/5287 4673/3003/5287
f 4602/2931/5288 4859/3189/5288 4863/3193/5288
f 4859/3189/5289 4602/2931/5289 4701/3031/5289
f 4715/3045/5290 4604/2935/5290 4866/3195/5290
f 4604/2935/5291 4715/3045/5291 4599/2929/5291
f 4869/3199/5292 4602/2931/5292 4863/3193/5292
f 4602/2931/5293 4869/3199/5293 4601/2932/5293
f 4871/3201/5294 4706/3036/5294 4870/3200/5294
f 4706/3036/5295 4871/3201/5295 4705/3034/5295
f 4870/3200/5296 4601/2932/5296 4869/3199/5296
f 4601/2932/5297 4870/3200/5297 4706/3036/5297
f 4701/3031/5298 4593/2924/5298 4594/2923/5298
f 4593/2924/5299 4701/3031/5299 4702/3032/5299
f 4528/2858/5300 4597/2928/5300 4598/2927/5300
f 4597/2928/5301 4528/2858/5301 4529/2859/5301
f 4704/3035/5302 4604/2935/5302 4605/2934/5302
f 4604/2935/5303 4704/3035/5303 4705/3034/5303
f 4595/2925/5304 4674/3004/5304 4673/3003/5304
f 4674/3004/5305 4595/2925/5305 4592/2922/5305
f 4530/2860/5283 4598/2927/5283 4714/3044/5283
f 4598/2927/5306 4530/2860/5306 4528/2858/5306
f 4861/3191/5307 4687/3016/5307 4860/3190/5307
f 4687/3016/5308 4861/3191/5308 4689/3019/5308
f 4531/2861/5037 4692/3022/5037 4862/3192/5037
f 4692/3022/5309 4531/2861/5309 4532/2862/5309
f 4871/3201/5310 4865/3196/5310 4866/3195/5310
f 4865/3196/5311 4871/3201/5311 4719/3049/5311
f 4702/3032/5312 4927/3257/5312 4593/2924/5312
f 4927/3257/5313 4702/3032/5313 4934/3264/5313
f 4597/2928/5179 4533/2863/5179 4929/3258/5179
f 4533/2863/5178 4597/2928/5178 4529/2859/5178
f 4592/2922/5314 4933/3263/5314 4674/3004/5314
f 4933/3263/5314 4592/2922/5314 4926/3256/5314
f 4605/2934/5315 4928/3259/5315 4936/3265/5315
f 4928/3259/5316 4605/2934/5316 4596/2926/5316
f 4937/3267/5192 4954/3284/5192 4940/3270/5192
f 4954/3284/5317 4937/3267/5317 4953/3283/5317
f 4944/3274/5193 5002/3332/5193 4943/3272/5193
f 5002/3332/5193 4944/3274/5193 5003/3333/5193
f 4938/3269/5318 4952/3282/5318 4951/3281/5318
f 4952/3282/5319 4938/3269/5319 4939/3268/5319
f 4955/3285/5202 4942/3273/5202 4958/3288/5202
f 4942/3273/5320 4955/3285/5320 4941/3271/5320
f 4536/2866/5321 4714/3044/5321 4867/3197/5321
f 4714/3044/5322 4536/2866/5322 4530/2860/5322
f 4594/2923/5323 4861/3191/5323 4860/3190/5323
f 4861/3191/5324 4594/2923/5324 4595/2925/5324
f 4184/2514/5287 4862/3192/5287 4673/3003/5287
f 4862/3192/5325 4184/2514/5325 4531/2861/5325
f 4705/3034/5326 4866/3195/5326 4604/2935/5326
f 4866/3195/5327 4705/3034/5327 4871/3201/5327
f 4977/3307/5328 4963/3293/5328 4964/3294/5328
f 4963/3293/5329 4977/3307/5329 4974/3304/5329
f 4974/3304/5330 4969/3298/5330 4963/3293/5330
f 4969/3298/5331 4974/3304/5331 4968/3299/5331
f 4971/3301/5332 4962/3292/5332 4966/3297/5332
f 4962/3292/5333 4971/3301/5333 4961/3291/5333
f 4961/3291/5334 4487/2817/5334 4965/3295/5334
f 4487/2817/5335 4961/3291/5335 4971/3301/5335
f 4940/3270/5332 4966/3297/5332 4962/3292/5332
f 4966/3297/5336 4940/3270/5336 4954/3284/5336
f 4943/3272/5337 4977/3307/5337 4964/3294/5337
f 4977/3307/5338 4943/3272/5338 5002/3332/5338
f 4952/3282/5339 4961/3291/5339 4965/3295/5339
f 4961/3291/5340 4952/3282/5340 4939/3268/5340
f 4958/3288/5341 4963/3293/5341 4969/3298/5341
f 4963/3293/5342 4958/3288/5342 4942/3273/5342
f 4690/3021/5343 4713/3043/5343 4686/3017/5343
f 4713/3043/5344 4690/3021/5344 5004/3334/5344
f 4689/3019/5345 4686/3017/5345 4687/3016/5345
f 4686/3017/5346 4689/3019/5346 4690/3021/5346
f 4692/3022/5347 4538/2868/5347 4691/3020/5347
f 4538/2868/5348 4692/3022/5348 4532/2862/5348
f 4710/3040/5349 4865/3196/5349 4709/3038/5349
f 4865/3196/5350 4710/3040/5350 4864/3194/5350
f 4710/3040/5042 5005/3335/5042 4868/3198/5042
f 5005/3335/5351 4710/3040/5351 4707/3037/5351
f 5004/3334/5352 4691/3020/5352 4675/3005/5352
f 4691/3020/5353 5004/3334/5353 4690/3021/5353
f 5004/3334/5354 4579/2909/5354 4713/3043/5354
f 4579/2909/5355 5004/3334/5355 4711/3041/5355
f 4540/2870/5356 4868/3198/5356 5005/3335/5356
f 4868/3198/5357 4540/2870/5357 4541/2871/5357
f 4865/3196/5358 4708/3039/5358 4709/3038/5358
f 4708/3039/5359 4865/3196/5359 4719/3049/5359
f 4187/2516/5360 4538/2868/5360 4203/2532/5360
f 4538/2868/3965 4187/2516/3965 4188/2518/3965
f 4538/2868/5361 4675/3005/5361 4691/3020/5361
f 4675/3005/4711 4538/2868/4711 4188/2518/4711
f 4185/2515/5362 4402/2732/5362 5006/3336/5362
f 4402/2732/5363 4185/2515/5363 4186/2517/5363
f 5007/3337/5364 4441/2771/5364 5008/3338/5364
f 4441/2771/5365 5007/3337/5365 4440/2770/5365
f 4890/3220/5366 4185/2515/5366 5006/3336/5366
f 4185/2515/5367 4890/3220/5367 4676/3006/5367
f 4922/3253/5368 5010/3339/5368 5009/3340/5368
f 5010/3339/5369 4922/3253/5369 4923/3252/5369
f 4223/2553/5370 4187/2516/5370 4537/2867/5370
f 4187/2516/3964 4223/2553/3964 4186/2517/3964
f 4711/3041/5371 4675/3005/5371 4676/3006/5371
f 4675/3005/5372 4711/3041/5372 5004/3334/5372
f 4536/2866/4574 4379/2710/4574 4380/2709/4574
f 4379/2710/4609 4536/2866/4609 4541/2871/4609
f 4868/3198/5321 4536/2866/5321 4867/3197/5321
f 4536/2866/5357 4868/3198/5357 4541/2871/5357
f 4330/2661/5373 4318/2648/5373 4329/2659/5373
f 4318/2648/5374 4330/2661/5374 4317/2647/5374
f 4334/2665/5375 4320/2650/5375 4333/2663/5375
f 4320/2650/5376 4334/2665/5376 4319/2649/5376
f 4338/2669/5377 4322/2652/5377 4337/2667/5377
f 4322/2652/5378 4338/2669/5378 4321/2651/5378
f 4342/2673/5379 4324/2654/5379 4341/2671/5379
f 4324/2654/5380 4342/2673/5380 4323/2653/5380
f 4329/2659/5381 4323/2653/5381 4342/2673/5381
f 4323/2653/5382 4329/2659/5382 4318/2648/5382
f 4346/2677/5383 4326/2656/5383 4345/2675/5383
f 4326/2656/5384 4346/2677/5384 4325/2655/5384
f 4337/2667/5385 4319/2649/5385 4334/2665/5385
f 4319/2649/5386 4337/2667/5386 4322/2652/5386
f 4350/2681/5387 4328/2658/5387 4349/2679/5387
f 4328/2658/5388 4350/2681/5388 4327/2657/5388
f 4333/2663/5389 4325/2655/5389 4346/2677/5389
f 4325/2655/5390 4333/2663/5390 4320/2650/5390
f 4341/2671/5391 4327/2657/5391 4350/2681/5391
f 4327/2657/5392 4341/2671/5392 4324/2654/5392
f 4805/3136/5393 4820/3150/5393 4817/3147/5393
f 4820/3150/5394 4805/3136/5394 4806/3135/5394
f 4821/3151/5395 4808/3137/5395 4824/3154/5395
f 4808/3137/5396 4821/3151/5396 4807/3138/5396
f 4809/3140/5397 4828/3158/5397 4825/3155/5397
f 4828/3158/5398 4809/3140/5398 4810/3139/5398
f 4811/3142/5399 4832/3162/5399 4829/3159/5399
f 4832/3162/5400 4811/3142/5400 4812/3141/5400
f 4812/3141/5401 4817/3147/5401 4832/3162/5401
f 4817/3147/5402 4812/3141/5402 4805/3136/5402
f 4833/3163/5403 4814/3143/5403 4836/3166/5403
f 4814/3143/5404 4833/3163/5404 4813/3144/5404
f 4824/3154/5405 4809/3140/5405 4825/3155/5405
f 4809/3140/5406 4824/3154/5406 4808/3137/5406
f 4815/3146/5407 4840/3170/5407 4837/3167/5407
f 4840/3170/5408 4815/3146/5408 4816/3145/5408
f 4836/3166/5409 4807/3138/5409 4821/3151/5409
f 4807/3138/5410 4836/3166/5410 4814/3143/5410
f 4816/3145/5411 4829/3159/5411 4840/3170/5411
f 4829/3159/5412 4816/3145/5412 4811/3142/5412
f 5011/3341/5413 5013/3342/5413 5012/3343/5413
f 5013/3342/5414 5011/3341/5414 5014/3344/5414
f 5015/3345/5415 5012/3343/5415 5016/3346/5415
f 5012/3343/5416 5015/3345/5416 5011/3341/5416
f 5017/3347/5417 5016/3346/5417 5018/3348/5417
f 5016/3346/5418 5017/3347/5418 5015/3345/5418
f 5019/3349/5419 5018/3348/5419 5020/3350/5419
f 5018/3348/5420 5019/3349/5420 5017/3347/5420
f 5021/3351/5421 5020/3350/5421 5022/3352/5421
f 5020/3350/5422 5021/3351/5422 5019/3349/5422
f 5023/3353/5423 5022/3352/5423 5024/3354/5423
f 5022/3352/5424 5023/3353/5424 5021/3351/5424
f 5025/3355/5425 5024/3354/5425 5026/3356/5425
f 5024/3354/5426 5025/3355/5426 5023/3353/5426
f 5027/3357/5427 5026/3356/5427 5028/3358/5427
f 5026/3356/5428 5027/3357/5428 5025/3355/5428
f 5029/3359/5429 5014/3344/5429 5011/3341/5429
f 5014/3344/5429 5029/3359/5429 5030/3360/5429
f 5031/3361/5430 5011/3341/5430 5015/3345/5430
f 5011/3341/5430 5031/3361/5430 5029/3359/5430
f 5032/3362/5431 5015/3345/5431 5017/3347/5431
f 5015/3345/5431 5032/3362/5431 5031/3361/5431
f 5033/3363/5432 5017/3347/5432 5019/3349/5432
f 5017/3347/5432 5033/3363/5432 5032/3362/5432
f 5034/3364/5433 5019/3349/5433 5021/3351/5433
f 5019/3349/5433 5034/3364/5433 5033/3363/5433
f 5035/3365/5434 5021/3351/5434 5023/3353/5434
f 5021/3351/5434 5035/3365/5434 5034/3364/5434
f 5036/3366/5435 5023/3353/5435 5025/3355/5435
f 5023/3353/5435 5036/3366/5435 5035/3365/5435
f 5037/3367/5436 5025/3355/5436 5027/3357/5436
f 5025/3355/5436 5037/3367/5436 5036/3366/5436
f 5038/3368/5437 5030/3360/5437 5029/3359/5437
f 5030/3360/5438 5038/3368/5438 5039/3369/5438
f 5040/3370/5439 5029/3359/5439 5031/3361/5439
f 5029/3359/5439 5040/3370/5439 5038/3368/5439
f 5041/3371/5440 5031/3361/5440 5032/3362/5440
f 5031/3361/5441 5041/3371/5441 5040/3370/5441
f 5042/3372/5442 5032/3362/5442 5033/3363/5442
f 5032/3362/5443 5042/3372/5443 5041/3371/5443
f 5043/3373/5444 5033/3363/5444 5034/3364/5444
f 5033/3363/5445 5043/3373/5445 5042/3372/5445
f 5044/3374/5446 5034/3364/5446 5035/3365/5446
f 5034/3364/5446 5044/3374/5446 5043/3373/5446
f 5045/3375/5447 5035/3365/5447 5036/3366/5447
f 5035/3365/5447 5045/3375/5447 5044/3374/5447
f 5046/3376/5448 5036/3366/5448 5037/3367/5448
f 5036/3366/5448 5046/3376/5448 5045/3375/5448
f 5047/3377/5449 5039/3369/5449 5038/3368/5449
f 5047/3377/5450 5038/3368/5450 5040/3370/5450
f 5047/3377/5451 5040/3370/5451 5041/3371/5451
f 5047/3377/5452 5041/3371/5452 5042/3372/5452
f 5047/3377/5453 5042/3372/5453 5043/3373/5453
f 5047/3377/5454 5043/3373/5454 5044/3374/5454
f 5047/3377/5455 5044/3374/5455 5045/3375/5455
f 5047/3377/5456 5045/3375/5456 5046/3376/5456
f 5048/3378/5457 5050/3379/5457 5049/3380/5457
f 5048/3378/5458 5051/3381/5458 5050/3379/5458
f 5048/3378/5459 5052/3382/5459 5051/3381/5459
f 5048/3378/5460 5053/3383/5460 5052/3382/5460
f 5048/3378/5461 5054/3384/5461 5053/3383/5461
f 5048/3378/5462 5055/3385/5462 5054/3384/5462
f 5048/3378/5463 5056/3386/5463 5055/3385/5463
f 5048/3378/5464 5057/3387/5464 5056/3386/5464
f 5058/3388/5465 5049/3380/5465 5050/3379/5465
f 5049/3380/5465 5058/3388/5465 5059/3389/5465
f 5060/3390/5466 5050/3379/5466 5051/3381/5466
f 5050/3379/5467 5060/3390/5467 5058/3388/5467
f 5061/3391/5468 5051/3381/5468 5052/3382/5468
f 5051/3381/5468 5061/3391/5468 5060/3390/5468
f 5062/3392/5469 5052/3382/5469 5053/3383/5469
f 5052/3382/5469 5062/3392/5469 5061/3391/5469
f 5063/3393/5470 5053/3383/5470 5054/3384/5470
f 5053/3383/5470 5063/3393/5470 5062/3392/5470
f 5064/3394/5471 5054/3384/5471 5055/3385/5471
f 5054/3384/5472 5064/3394/5472 5063/3393/5472
f 5065/3395/5473 5055/3385/5473 5056/3386/5473
f 5055/3385/5474 5065/3395/5474 5064/3394/5474
f 5066/3396/5475 5056/3386/5475 5057/3387/5475
f 5056/3386/5476 5066/3396/5476 5065/3395/5476
f 5067/3397/5477 5059/3389/5477 5058/3388/5477
f 5059/3389/5477 5067/3397/5477 5068/3398/5477
f 5069/3399/5478 5058/3388/5478 5060/3390/5478
f 5058/3388/5478 5069/3399/5478 5067/3397/5478
f 5070/3400/5479 5060/3390/5479 5061/3391/5479
f 5060/3390/5479 5070/3400/5479 5069/3399/5479
f 5071/3401/5480 5061/3391/5480 5062/3392/5480
f 5061/3391/5480 5071/3401/5480 5070/3400/5480
f 5072/3402/5481 5062/3392/5481 5063/3393/5481
f 5062/3392/5481 5072/3402/5481 5071/3401/5481
f 5073/3403/5482 5063/3393/5482 5064/3394/5482
f 5063/3393/5483 5073/3403/5483 5072/3402/5483
f 5074/3404/5484 5064/3394/5484 5065/3395/5484
f 5064/3394/5484 5074/3404/5484 5073/3403/5484
f 5075/3405/5485 5065/3395/5485 5066/3396/5485
f 5065/3395/5485 5075/3405/5485 5074/3404/5485
f 5076/3406/5486 5068/3398/5486 5067/3397/5486
f 5068/3398/5486 5076/3406/5486 5077/3407/5486
f 5078/3408/5487 5067/3397/5487 5069/3399/5487
f 5067/3397/5487 5078/3408/5487 5076/3406/5487
f 5079/3409/5488 5069/3399/5488 5070/3400/5488
f 5069/3399/5488 5079/3409/5488 5078/3408/5488
f 5080/3410/5489 5070/3400/5489 5071/3401/5489
f 5070/3400/5490 5080/3410/5490 5079/3409/5490
f 5081/3411/5491 5071/3401/5491 5072/3402/5491
f 5071/3401/5491 5081/3411/5491 5080/3410/5491
f 5082/3412/5492 5072/3402/5492 5073/3403/5492
f 5072/3402/5492 5082/3412/5492 5081/3411/5492
f 5083/3413/5493 5073/3403/5493 5074/3404/5493
f 5073/3403/5494 5083/3413/5494 5082/3412/5494
f 5084/3414/5495 5074/3404/5495 5075/3405/5495
f 5074/3404/5496 5084/3414/5496 5083/3413/5496
f 5085/3415/5497 5087/3416/5497 5086/3417/5497
f 5087/3416/5498 5085/3415/5498 5088/3418/5498
f 5089/3419/5425 5088/3418/5425 5085/3415/5425
f 5088/3418/5426 5089/3419/5426 5090/3420/5426
f 5091/3421/5499 5090/3420/5499 5089/3419/5499
f 5090/3420/5423 5091/3421/5423 5092/3422/5423
f 5093/3423/5422 5092/3422/5422 5091/3421/5422
f 5092/3422/5421 5093/3423/5421 5094/3424/5421
f 5095/3425/5420 5094/3424/5420 5093/3423/5420
f 5094/3424/5419 5095/3425/5419 5096/3426/5419
f 5097/3427/5500 5096/3426/5500 5095/3425/5500
f 5096/3426/5417 5097/3427/5417 5098/3428/5417
f 5099/3429/5415 5098/3428/5415 5097/3427/5415
f 5098/3428/5416 5099/3429/5416 5100/3430/5416
f 5101/3431/5414 5100/3430/5414 5099/3429/5414
f 5100/3430/5413 5101/3431/5413 5102/3432/5413
f 5103/3433/5436 5086/3417/5436 5104/3434/5436
f 5086/3417/5501 5103/3433/5501 5085/3415/5501
f 5105/3435/5435 5085/3415/5435 5103/3433/5435
f 5085/3415/5435 5105/3435/5435 5089/3419/5435
f 5106/3436/5434 5089/3419/5434 5105/3435/5434
f 5089/3419/5434 5106/3436/5434 5091/3421/5434
f 5107/3437/5433 5091/3421/5433 5106/3436/5433
f 5091/3421/5433 5107/3437/5433 5093/3423/5433
f 5108/3438/5432 5093/3423/5432 5107/3437/5432
f 5093/3423/5432 5108/3438/5432 5095/3425/5432
f 5109/3439/5431 5095/3425/5431 5108/3438/5431
f 5095/3425/5431 5109/3439/5431 5097/3427/5431
f 5110/3440/5430 5097/3427/5430 5109/3439/5430
f 5097/3427/5430 5110/3440/5430 5099/3429/5430
f 5111/3441/5502 5099/3429/5502 5110/3440/5502
f 5099/3429/5429 5111/3441/5429 5101/3431/5429
f 5112/3442/5503 5104/3434/5503 5113/3443/5503
f 5104/3434/5448 5112/3442/5448 5103/3433/5448
f 5114/3444/5447 5103/3433/5447 5112/3442/5447
f 5103/3433/5447 5114/3444/5447 5105/3435/5447
f 5115/3445/5504 5105/3435/5504 5114/3444/5504
f 5105/3435/5446 5115/3445/5446 5106/3436/5446
f 5116/3446/5444 5106/3436/5444 5115/3445/5444
f 5106/3436/5445 5116/3446/5445 5107/3437/5445
f 5117/3447/5442 5107/3437/5442 5116/3446/5442
f 5107/3437/5443 5117/3447/5443 5108/3438/5443
f 5118/3448/5440 5108/3438/5440 5117/3447/5440
f 5108/3438/5440 5118/3448/5440 5109/3439/5440
f 5119/3449/5439 5109/3439/5439 5118/3448/5439
f 5109/3439/5439 5119/3449/5439 5110/3440/5439
f 5120/3450/5437 5110/3440/5437 5119/3449/5437
f 5110/3440/5437 5120/3450/5437 5111/3441/5437
f 5121/3451/5505 5112/3442/5505 5113/3443/5505
f 5121/3451/5455 5114/3444/5455 5112/3442/5455
f 5121/3451/5454 5115/3445/5454 5114/3444/5454
f 5121/3451/5453 5116/3446/5453 5115/3445/5453
f 5121/3451/5452 5117/3447/5452 5116/3446/5452
f 5121/3451/5451 5118/3448/5451 5117/3447/5451
f 5121/3451/5450 5119/3449/5450 5118/3448/5450
f 5121/3451/5506 5120/3450/5506 5119/3449/5506
f 5122/3452/5464 5124/3453/5464 5123/3454/5464
f 5122/3452/5463 5123/3454/5463 5125/3455/5463
f 5122/3452/5462 5125/3455/5462 5126/3456/5462
f 5122/3452/5461 5126/3456/5461 5127/3457/5461
f 5122/3452/5460 5127/3457/5460 5128/3458/5460
f 5122/3452/5459 5128/3458/5459 5129/3459/5459
f 5122/3452/5458 5129/3459/5458 5130/3460/5458
f 5122/3452/5457 5130/3460/5457 5131/3461/5457
f 5132/3462/5476 5124/3453/5476 5133/3463/5476
f 5124/3453/5476 5132/3462/5476 5123/3454/5476
f 5134/3464/5507 5123/3454/5507 5132/3462/5507
f 5123/3454/5474 5134/3464/5474 5125/3455/5474
f 5135/3465/5508 5125/3455/5508 5134/3464/5508
f 5125/3455/5508 5135/3465/5508 5126/3456/5508
f 5136/3466/5470 5126/3456/5470 5135/3465/5470
f 5126/3456/5470 5136/3466/5470 5127/3457/5470
f 5137/3467/5469 5127/3457/5469 5136/3466/5469
f 5127/3457/5469 5137/3467/5469 5128/3458/5469
f 5138/3468/5509 5128/3458/5509 5137/3467/5509
f 5128/3458/5510 5138/3468/5510 5129/3459/5510
f 5139/3469/5466 5129/3459/5466 5138/3468/5466
f 5129/3459/5511 5139/3469/5511 5130/3460/5511
f 5140/3470/5465 5130/3460/5465 5139/3469/5465
f 5130/3460/5512 5140/3470/5512 5131/3461/5512
f 5141/3471/5513 5133/3463/5513 5142/3472/5513
f 5133/3463/5485 5141/3471/5485 5132/3462/5485
f 5143/3473/5484 5132/3462/5484 5141/3471/5484
f 5132/3462/5484 5143/3473/5484 5134/3464/5484
f 5144/3474/5514 5134/3464/5514 5143/3473/5514
f 5134/3464/5482 5144/3474/5482 5135/3465/5482
f 5145/3475/5481 5135/3465/5481 5144/3474/5481
f 5135/3465/5481 5145/3475/5481 5136/3466/5481
f 5146/3476/5480 5136/3466/5480 5145/3475/5480
f 5136/3466/5480 5146/3476/5480 5137/3467/5480
f 5147/3477/5515 5137/3467/5515 5146/3476/5515
f 5137/3467/5515 5147/3477/5515 5138/3468/5515
f 5148/3478/5478 5138/3468/5478 5147/3477/5478
f 5138/3468/5478 5148/3478/5478 5139/3469/5478
f 5149/3479/5477 5139/3469/5477 5148/3478/5477
f 5139/3469/5516 5149/3479/5516 5140/3470/5516
f 5150/3480/5496 5142/3472/5496 5151/3481/5496
f 5142/3472/5496 5150/3480/5496 5141/3471/5496
f 5152/3482/5493 5141/3471/5493 5150/3480/5493
f 5141/3471/5493 5152/3482/5493 5143/3473/5493
f 5153/3483/5492 5143/3473/5492 5152/3482/5492
f 5143/3473/5517 5153/3483/5517 5144/3474/5517
f 5154/3484/5518 5144/3474/5518 5153/3483/5518
f 5144/3474/5491 5154/3484/5491 5145/3475/5491
f 5155/3485/5489 5145/3475/5489 5154/3484/5489
f 5145/3475/5489 5155/3485/5489 5146/3476/5489
f 5156/3486/5488 5146/3476/5488 5155/3485/5488
f 5146/3476/5519 5156/3486/5519 5147/3477/5519
f 5157/3487/5487 5147/3477/5487 5156/3486/5487
f 5147/3477/5487 5157/3487/5487 5148/3478/5487
f 5158/3488/5486 5148/3478/5486 5157/3487/5486
f 5148/3478/5486 5158/3488/5486 5149/3479/5486
f 5159/3489/5520 5161/3490/5520 5160/3491/5520
f 5161/3490/5521 5159/3489/5521 5162/3492/5521
f 5163/3493/5522 5165/3494/5522 5164/3495/5522
f 5165/3494/5523 5163/3493/5523 5166/3496/5523
f 5167/3497/5524 5169/3498/5524 5168/3499/5524
f 5169/3498/5525 5167/3497/5525 5170/3500/5525
f 5171/3501/5526 5173/3502/5526 5172/3503/5526
f 5173/3502/5527 5171/3501/5527 5174/3504/5527
f 5175/3505/5528 5169/3498/5528 5176/3506/5528
f 5169/3498/5529 5175/3505/5529 5168/3499/5529
f 5177/3507/5530 5173/3502/5530 5178/3508/5530
f 5173/3502/5531 5177/3507/5531 5172/3503/5531
f 5179/3509/5532 5181/3510/5532 5180/3511/5532
f 5181/3510/5533 5179/3509/5533 5182/3512/5533
f 5183/3513/5534 5185/3514/5534 5184/3515/5534
f 5185/3514/5535 5183/3513/5535 5186/3516/5535
f 5187/3517/5536 5189/3518/5536 5188/3519/5536
f 5189/3518/5537 5187/3517/5537 5190/3520/5537
f 5191/3521/5538 5193/3522/5538 5192/3523/5538
f 5193/3522/5539 5191/3521/5539 5194/3524/5539
f 5189/3518/5540 5196/3525/5540 5195/3526/5540
f 5196/3525/5541 5189/3518/5541 5190/3520/5541
f 5193/3522/5542 5198/3527/5542 5197/3528/5542
f 5198/3527/5543 5193/3522/5543 5194/3524/5543
f 5159/3489/5544 5199/3529/5544 5162/3492/5544
f 5199/3529/5545 5159/3489/5545 5200/3530/5545
f 5201/3531/5546 5203/3532/5546 5202/3533/5546
f 5203/3532/5547 5201/3531/5547 5204/3534/5547
f 5200/3530/5548 5180/3511/5548 5199/3529/5548
f 5180/3511/5549 5200/3530/5549 5179/3509/5549
f 5204/3534/5550 5183/3513/5550 5203/3532/5550
f 5183/3513/5551 5204/3534/5551 5186/3516/5551
f 5205/3535/5552 5207/3536/5552 5206/3537/5552
f 5207/3536/5553 5205/3535/5553 5208/3538/5553
f 5209/3539/5554 5211/3540/5554 5210/3541/5554
f 5211/3540/5555 5209/3539/5555 5212/3542/5555
f 5208/3538/5556 5213/3543/5556 5207/3536/5556
f 5213/3543/5557 5208/3538/5557 5214/3544/5557
f 5212/3542/5558 5215/3545/5558 5211/3540/5558
f 5215/3545/5559 5212/3542/5559 5216/3546/5559
f 5175/3505/5560 5218/3547/5560 5217/3548/5560
f 5218/3547/5561 5175/3505/5561 5219/3549/5561
f 5168/3499/5562 5220/3550/5562 5167/3497/5562
f 5220/3550/5563 5168/3499/5563 5221/3551/5563
f 5160/3491/5564 5220/3550/5564 5222/3552/5564
f 5220/3550/5565 5160/3491/5565 5167/3497/5565
f 5217/3548/5566 5215/3545/5566 5196/3525/5566
f 5215/3545/5567 5217/3548/5567 5218/3547/5567
f 5221/3551/5568 5187/3517/5568 5220/3550/5568
f 5187/3517/5569 5221/3551/5569 5190/3520/5569
f 5222/3552/5570 5187/3517/5570 5182/3512/5570
f 5187/3517/5571 5222/3552/5571 5220/3550/5571
f 5219/3549/5572 5176/3506/5572 5223/3553/5572
f 5176/3506/5573 5219/3549/5573 5175/3505/5573
f 5206/3537/5574 5178/3508/5574 5205/3535/5574
f 5178/3508/5575 5206/3537/5575 5177/3507/5575
f 5195/3526/5576 5215/3545/5576 5216/3546/5576
f 5215/3545/5577 5195/3526/5577 5196/3525/5577
f 5214/3544/5578 5198/3527/5578 5213/3543/5578
f 5198/3527/5579 5214/3544/5579 5197/3528/5579
f 5168/3499/5580 5217/3548/5580 5221/3551/5580
f 5217/3548/5581 5168/3499/5581 5175/3505/5581
f 5221/3551/5582 5196/3525/5582 5190/3520/5582
f 5196/3525/5583 5221/3551/5583 5217/3548/5583
f 5160/3491/5584 5170/3500/5584 5167/3497/5584
f 5170/3500/5585 5160/3491/5585 5161/3490/5585
f 5171/3501/5586 5164/3495/5586 5174/3504/5586
f 5164/3495/5587 5171/3501/5587 5163/3493/5587
f 5188/3519/5588 5182/3512/5588 5187/3517/5588
f 5182/3512/5589 5188/3519/5589 5181/3510/5589
f 5192/3523/5590 5185/3514/5590 5191/3521/5590
f 5185/3514/5591 5192/3523/5591 5184/3515/5591
f 5159/3489/5592 5222/3552/5592 5200/3530/5592
f 5222/3552/5593 5159/3489/5593 5160/3491/5593
f 5200/3530/5594 5182/3512/5594 5179/3509/5594
f 5182/3512/5595 5200/3530/5595 5222/3552/5595
f 5224/3554/5596 5163/3493/5596 5171/3501/5596
f 5163/3493/5597 5224/3554/5597 5225/3555/5597
f 5226/3556/5598 5171/3501/5598 5172/3503/5598
f 5171/3501/5599 5226/3556/5599 5224/3554/5599
f 5209/3539/5600 5177/3507/5600 5206/3537/5600
f 5177/3507/5601 5209/3539/5601 5227/3557/5601
f 5180/3511/5602 5185/3514/5602 5186/3516/5602
f 5185/3514/5603 5180/3511/5603 5181/3510/5603
f 5188/3519/5604 5194/3524/5604 5191/3521/5604
f 5194/3524/5605 5188/3519/5605 5189/3518/5605
f 5189/3518/5606 5198/3527/5606 5194/3524/5606
f 5198/3527/5607 5189/3518/5607 5195/3526/5607
f 5162/3492/5608 5204/3534/5608 5201/3531/5608
f 5204/3534/5609 5162/3492/5609 5199/3529/5609
f 5199/3529/5610 5186/3516/5610 5204/3534/5610
f 5186/3516/5611 5199/3529/5611 5180/3511/5611
f 5206/3537/5612 5212/3542/5612 5209/3539/5612
f 5212/3542/5613 5206/3537/5613 5207/3536/5613
f 5207/3536/5614 5216/3546/5614 5212/3542/5614
f 5216/3546/5615 5207/3536/5615 5213/3543/5615
f 5227/3557/5616 5172/3503/5616 5177/3507/5616
f 5172/3503/5617 5227/3557/5617 5226/3556/5617
f 5195/3526/5618 5213/3543/5618 5198/3527/5618
f 5213/3543/5619 5195/3526/5619 5216/3546/5619
f 5225/3555/5620 5166/3496/5620 5163/3493/5620
f 5166/3496/5621 5225/3555/5621 5228/3558/5621
f 5181/3510/5622 5191/3521/5622 5185/3514/5622
f 5191/3521/5623 5181/3510/5623 5188/3519/5623
f 5229/3559/5624 5231/3560/5624 5230/3561/5624
f 5231/3560/5625 5229/3559/5625 5232/3562/5625
f 5233/3563/5626 5165/3494/5626 5234/3564/5626
f 5165/3494/5627 5233/3563/5627 5164/3495/5627
f 5235/3565/5628 5237/3566/5628 5236/3567/5628
f 5237/3566/5629 5235/3565/5629 5238/3568/5629
f 5239/3569/5630 5173/3502/5630 5174/3504/5630
f 5173/3502/5631 5239/3569/5631 5240/3570/5631
f 5241/3571/5632 5237/3566/5632 5238/3568/5632
f 5237/3566/5633 5241/3571/5633 5242/3572/5633
f 5243/3573/5634 5173/3502/5634 5240/3570/5634
f 5173/3502/5530 5243/3573/5530 5178/3508/5530
f 5244/3574/5635 5246/3575/5635 5245/3576/5635
f 5246/3575/5636 5244/3574/5636 5247/3577/5636
f 5183/3513/5637 5249/3578/5637 5248/3579/5637
f 5249/3578/5638 5183/3513/5638 5184/3515/5638
f 5250/3580/5639 5252/3581/5639 5251/3582/5639
f 5252/3581/5640 5250/3580/5640 5253/3583/5640
f 5254/3584/5641 5193/3522/5641 5255/3585/5641
f 5193/3522/5642 5254/3584/5642 5192/3523/5642
f 5252/3581/5643 5256/3586/5643 5251/3582/5643
f 5256/3586/5644 5252/3581/5644 5257/3587/5644
f 5193/3522/5645 5258/3588/5645 5255/3585/5645
f 5258/3588/5646 5193/3522/5646 5197/3528/5646
f 5229/3559/5647 5260/3589/5647 5259/3590/5647
f 5260/3589/5648 5229/3559/5648 5230/3561/5648
f 5261/3591/5649 5203/3532/5649 5262/3592/5649
f 5203/3532/5650 5261/3591/5650 5202/3533/5650
f 5259/3590/5651 5247/3577/5651 5244/3574/5651
f 5247/3577/5652 5259/3590/5652 5260/3589/5652
f 5262/3592/5653 5183/3513/5653 5248/3579/5653
f 5183/3513/5654 5262/3592/5654 5203/3532/5654
f 5205/3535/5655 5263/3593/5655 5208/3538/5655
f 5263/3593/5656 5205/3535/5656 5264/3594/5656
f 5265/3595/5657 5267/3596/5657 5266/3597/5657
f 5267/3596/5658 5265/3595/5658 5268/3598/5658
f 5208/3538/5659 5269/3599/5659 5214/3544/5659
f 5269/3599/5660 5208/3538/5660 5263/3593/5660
f 5266/3597/5661 5271/3600/5661 5270/3601/5661
f 5271/3600/5662 5266/3597/5662 5267/3596/5662
f 5241/3571/5663 5273/3602/5663 5272/3603/5663
f 5273/3602/5664 5241/3571/5664 5274/3604/5664
f 5238/3568/5665 5276/3605/5665 5275/3606/5665
f 5276/3605/5666 5238/3568/5666 5235/3565/5666
f 5232/3562/5667 5276/3605/5667 5235/3565/5667
f 5276/3605/5668 5232/3562/5668 5277/3607/5668
f 5274/3604/5669 5271/3600/5669 5273/3602/5669
f 5271/3600/5670 5274/3604/5670 5256/3586/5670
f 5275/3606/5671 5250/3580/5671 5251/3582/5671
f 5250/3580/5672 5275/3606/5672 5276/3605/5672
f 5277/3607/5673 5250/3580/5673 5276/3605/5673
f 5250/3580/5674 5277/3607/5674 5245/3576/5674
f 5272/3603/5675 5242/3572/5675 5241/3571/5675
f 5242/3572/5676 5272/3603/5676 5278/3608/5676
f 5264/3594/5575 5178/3508/5575 5243/3573/5575
f 5178/3508/5677 5264/3594/5677 5205/3535/5677
f 5257/3587/5678 5271/3600/5678 5256/3586/5678
f 5271/3600/5679 5257/3587/5679 5270/3601/5679
f 5214/3544/5680 5258/3588/5680 5197/3528/5680
f 5258/3588/5681 5214/3544/5681 5269/3599/5681
f 5238/3568/5682 5274/3604/5682 5241/3571/5682
f 5274/3604/5683 5238/3568/5683 5275/3606/5683
f 5275/3606/5684 5256/3586/5684 5274/3604/5684
f 5256/3586/5685 5275/3606/5685 5251/3582/5685
f 5232/3562/5686 5236/3567/5686 5231/3560/5686
f 5236/3567/5687 5232/3562/5687 5235/3565/5687
f 5239/3569/5688 5164/3495/5688 5233/3563/5688
f 5164/3495/5689 5239/3569/5689 5174/3504/5689
f 5253/3583/5690 5245/3576/5690 5246/3575/5690
f 5245/3576/5691 5253/3583/5691 5250/3580/5691
f 5192/3523/5692 5249/3578/5692 5184/3515/5692
f 5249/3578/5693 5192/3523/5693 5254/3584/5693
f 5229/3559/5694 5277/3607/5694 5232/3562/5694
f 5277/3607/5695 5229/3559/5695 5259/3590/5695
f 5259/3590/5696 5245/3576/5696 5277/3607/5696
f 5245/3576/5697 5259/3590/5697 5244/3574/5697
f 5279/3609/5698 5233/3563/5698 5280/3610/5698
f 5233/3563/5699 5279/3609/5699 5239/3569/5699
f 5281/3611/5700 5239/3569/5700 5279/3609/5700
f 5239/3569/5701 5281/3611/5701 5240/3570/5701
f 5265/3595/5702 5243/3573/5702 5282/3612/5702
f 5243/3573/5703 5265/3595/5703 5264/3594/5703
f 5247/3577/5704 5249/3578/5704 5246/3575/5704
f 5249/3578/5705 5247/3577/5705 5248/3579/5705
f 5253/3583/5706 5255/3585/5706 5252/3581/5706
f 5255/3585/5707 5253/3583/5707 5254/3584/5707
f 5252/3581/5708 5258/3588/5708 5257/3587/5708
f 5258/3588/5709 5252/3581/5709 5255/3585/5709
f 5230/3561/5710 5262/3592/5710 5260/3589/5710
f 5262/3592/5711 5230/3561/5711 5261/3591/5711
f 5260/3589/5712 5248/3579/5712 5247/3577/5712
f 5248/3579/5713 5260/3589/5713 5262/3592/5713
f 5264/3594/5714 5266/3597/5714 5263/3593/5714
f 5266/3597/5715 5264/3594/5715 5265/3595/5715
f 5263/3593/5716 5270/3601/5716 5269/3599/5716
f 5270/3601/5717 5263/3593/5717 5266/3597/5717
f 5282/3612/5718 5240/3570/5718 5281/3611/5718
f 5240/3570/5719 5282/3612/5719 5243/3573/5719
f 5257/3587/5720 5269/3599/5720 5270/3601/5720
f 5269/3599/5721 5257/3587/5721 5258/3588/5721
f 5280/3610/5722 5234/3564/5722 5283/3613/5722
f 5234/3564/5723 5280/3610/5723 5233/3563/5723
f 5246/3575/5724 5254/3584/5724 5253/3583/5724
f 5254/3584/5725 5246/3575/5725 5249/3578/5725
