# Created by Metasequoia

mtllib Model.mtl

v 0.082417 1.596202 0.027537
v 0.082533 1.593389 0.025795
v 0.082477 1.590473 0.025126
v 0.081391 1.590296 0.033242
v 0.081657 1.597573 0.029844
v 0.080454 1.598369 0.032600
v 0.075902 1.590828 0.039306
v 0.076592 1.593772 0.038689
v 0.077683 1.596244 0.037662
v 0.077906 1.583063 0.031925
v 0.075992 1.585260 0.036887
v 0.079169 1.597703 0.035387
v 0.080540 1.584954 0.027047
v 0.082521 1.599356 0.029361
v 0.080855 1.600454 0.032825
v 0.076856 1.601284 0.030657
v 0.078341 1.600175 0.027170
v 0.083710 1.594036 0.024253
v 0.083556 1.597682 0.026345
v 0.079384 1.598489 0.024131
v 0.079538 1.594820 0.022028
v 0.075651 1.588201 0.039020
v 0.081739 1.587482 0.025593
v 0.077310 1.597736 0.039302
v 0.073285 1.598543 0.037176
v 0.075093 1.600322 0.034352
v 0.079127 1.599503 0.036151
v 0.075217 1.590804 0.041406
v 0.070990 1.591568 0.039295
v 0.072059 1.595360 0.038613
v 0.076179 1.594573 0.040540
v 0.075333 1.583679 0.038311
v 0.071107 1.584398 0.036178
v 0.070752 1.588185 0.038679
v 0.074979 1.587442 0.040801
v 0.077782 1.580867 0.031960
v 0.073573 1.581569 0.029787
v 0.081153 1.583286 0.025718
v 0.076967 1.584003 0.023500
v 0.082601 1.586522 0.024018
v 0.083632 1.590350 0.023260
v 0.079460 1.591113 0.021025
v 0.078421 1.587260 0.021793
v 0.080444 1.556277 0.034214
v 0.079414 1.559840 0.029353
v 0.081435 1.556028 0.027144
v 0.077298 1.560896 0.032065
v 0.078757 1.556046 0.025170
v 0.079364 1.551759 0.023804
v 0.082533 1.551750 0.026144
v 0.077254 1.559842 0.027772
v 0.081889 1.551859 0.035245
v 0.075396 1.559906 0.034784
v 0.073975 1.556203 0.037216
v 0.071327 1.556223 0.035251
v 0.073247 1.559909 0.033209
v 0.073372 1.551974 0.038515
v 0.070233 1.551984 0.036190
v 0.082106 1.547009 0.035297
v 0.073513 1.547231 0.038775
v 0.078381 1.540226 0.032533
v 0.075192 1.541965 0.036793
v 0.069904 1.547228 0.036105
v 0.074376 1.540236 0.029573
v 0.071258 1.541973 0.033883
v 0.082858 1.546991 0.026150
v 0.081503 1.541784 0.028263
v 0.077555 1.541791 0.025346
v 0.079224 1.546985 0.023465
v 0.075291 1.560898 0.030596
v 0.072239 1.556172 0.028149
v 0.070862 1.551887 0.027097
v 0.070723 1.547116 0.026857
v 0.072309 1.572148 0.036267
v 0.070842 1.571387 0.034256
v 0.071579 1.571894 0.033265
v 0.073493 1.572954 0.034676
v 0.071821 1.570147 0.036904
v 0.070533 1.570134 0.034659
v 0.072310 1.568120 0.036222
v 0.070842 1.568873 0.034228
v 0.073474 1.567246 0.034639
v 0.071578 1.568338 0.033227
v 0.074660 1.568053 0.033046
v 0.072316 1.568845 0.032236
v 0.075160 1.570061 0.032392
v 0.072624 1.570098 0.031834
v 0.074675 1.572090 0.033070
v 0.072318 1.571361 0.032261
v 0.075548 1.570083 0.036184
v 0.074985 1.574641 0.032818
v 0.073484 1.573871 0.030773
v 0.074222 1.574378 0.029782
v 0.076174 1.575767 0.031220
v 0.074495 1.572632 0.033458
v 0.073176 1.572618 0.031176
v 0.074985 1.570597 0.032773
v 0.073484 1.571357 0.030745
v 0.076154 1.569719 0.031184
v 0.074221 1.570822 0.029744
v 0.077344 1.570528 0.029585
v 0.074959 1.571330 0.028753
v 0.077847 1.572544 0.028928
v 0.075267 1.572582 0.028351
v 0.077359 1.574581 0.029608
v 0.074960 1.573845 0.028778
v 0.077685 1.571869 0.029327
v 0.076153 1.571104 0.027263
v 0.076890 1.571611 0.026272
v 0.078871 1.572676 0.027732
v 0.077196 1.569864 0.029965
v 0.075844 1.569850 0.027666
v 0.077685 1.567833 0.029282
v 0.076153 1.568589 0.027235
v 0.078852 1.566957 0.027696
v 0.076889 1.568054 0.026235
v 0.080040 1.567765 0.026100
v 0.077627 1.568562 0.025243
v 0.080541 1.569777 0.025444
v 0.077935 1.569815 0.024841
v 0.080055 1.571810 0.026124
v 0.077629 1.571077 0.025269
v 0.080874 1.569800 0.029203
v 0.076211 1.575034 0.031216
v 0.077195 1.578541 0.033045
v 0.078082 1.576026 0.028662
v 0.078858 1.578474 0.027569
v 0.078086 1.580944 0.028579
v 0.076216 1.581990 0.031100
v 0.074345 1.580998 0.033654
v 0.073569 1.578550 0.034747
v 0.074341 1.576079 0.033737
v 0.076077 1.576482 0.027928
v 0.074564 1.575679 0.029994
v 0.076706 1.578462 0.027044
v 0.076081 1.580461 0.027861
v 0.074568 1.581307 0.029900
v 0.073055 1.580504 0.031967
v 0.072426 1.578523 0.032850
v 0.073051 1.576525 0.032033
v 0.073460 1.565963 0.032881
v 0.074029 1.567943 0.032447
v 0.075563 1.567924 0.033624
v 0.075424 1.565928 0.034339
v 0.078060 1.567872 0.032620
v 0.078583 1.565828 0.033006
v 0.078290 1.567924 0.029938
v 0.078933 1.565928 0.029595
v 0.076733 1.567943 0.028793
v 0.076964 1.565963 0.028144
v 0.075505 1.562590 0.034222
v 0.073633 1.562589 0.032854
v 0.078466 1.562592 0.032920
v 0.078845 1.562590 0.029707
v 0.076990 1.562589 0.028318
v 0.075992 1.560530 0.032618
v 0.075061 1.560523 0.031933
v 0.076287 1.560210 0.031428
v 0.077453 1.560530 0.030642
v 0.076526 1.560522 0.029952
v 0.075274 1.560375 0.030558
v 0.075642 1.568907 0.033143
v 0.077691 1.568839 0.032346
v 0.077854 1.568907 0.030153
v 0.076471 1.570111 0.031443
v 0.074165 1.569155 0.033854
v 0.078102 1.569154 0.028533
v 0.076090 1.571552 0.031160
v 0.078191 1.572568 0.032701
v -0.082417 1.596202 0.027537
v -0.082533 1.593389 0.025795
v -0.082477 1.590473 0.025126
v -0.081391 1.590296 0.033242
v -0.081657 1.597573 0.029844
v -0.080454 1.598369 0.032600
v -0.075902 1.590828 0.039306
v -0.076592 1.593772 0.038689
v -0.077683 1.596244 0.037662
v -0.077906 1.583063 0.031925
v -0.075992 1.585260 0.036887
v -0.079169 1.597703 0.035387
v -0.080540 1.584954 0.027047
v -0.082521 1.599356 0.029361
v -0.080855 1.600454 0.032825
v -0.076856 1.601284 0.030657
v -0.078341 1.600175 0.027170
v -0.083710 1.594036 0.024253
v -0.083556 1.597682 0.026345
v -0.079384 1.598489 0.024131
v -0.079538 1.594820 0.022028
v -0.075651 1.588201 0.039020
v -0.081739 1.587482 0.025593
v -0.077310 1.597736 0.039302
v -0.073285 1.598543 0.037176
v -0.075093 1.600322 0.034352
v -0.079127 1.599503 0.036151
v -0.075217 1.590804 0.041406
v -0.070990 1.591568 0.039295
v -0.072059 1.595360 0.038613
v -0.076179 1.594573 0.040540
v -0.075333 1.583679 0.038311
v -0.071107 1.584398 0.036178
v -0.070752 1.588185 0.038679
v -0.074979 1.587442 0.040801
v -0.077782 1.580867 0.031960
v -0.073573 1.581569 0.029787
v -0.081153 1.583286 0.025718
v -0.076967 1.584003 0.023500
v -0.082601 1.586522 0.024018
v -0.083632 1.590350 0.023260
v -0.079460 1.591113 0.021025
v -0.078421 1.587260 0.021793
v -0.080444 1.556277 0.034214
v -0.079414 1.559840 0.029353
v -0.081435 1.556028 0.027144
v -0.077298 1.560896 0.032065
v -0.078757 1.556046 0.025170
v -0.079364 1.551759 0.023804
v -0.082533 1.551750 0.026144
v -0.077254 1.559842 0.027772
v -0.081889 1.551859 0.035245
v -0.075396 1.559906 0.034784
v -0.073975 1.556203 0.037216
v -0.071327 1.556223 0.035251
v -0.073247 1.559909 0.033209
v -0.073372 1.551974 0.038515
v -0.070233 1.551984 0.036190
v -0.082106 1.547009 0.035297
v -0.073513 1.547231 0.038775
v -0.078381 1.540226 0.032533
v -0.075192 1.541965 0.036793
v -0.069904 1.547228 0.036105
v -0.074376 1.540236 0.029573
v -0.071258 1.541973 0.033883
v -0.082858 1.546991 0.026150
v -0.081503 1.541784 0.028263
v -0.077555 1.541791 0.025346
v -0.079224 1.546985 0.023465
v -0.075291 1.560898 0.030596
v -0.072239 1.556172 0.028149
v -0.070862 1.551887 0.027097
v -0.070723 1.547116 0.026857
v -0.072309 1.572148 0.036267
v -0.070842 1.571387 0.034256
v -0.071579 1.571894 0.033265
v -0.073493 1.572954 0.034676
v -0.071821 1.570147 0.036904
v -0.070533 1.570134 0.034659
v -0.072310 1.568120 0.036222
v -0.070842 1.568873 0.034228
v -0.073474 1.567246 0.034639
v -0.071578 1.568338 0.033227
v -0.074660 1.568053 0.033046
v -0.072316 1.568845 0.032236
v -0.075160 1.570061 0.032392
v -0.072624 1.570098 0.031834
v -0.074675 1.572090 0.033070
v -0.072318 1.571361 0.032261
v -0.075548 1.570083 0.036184
v -0.074985 1.574641 0.032818
v -0.073484 1.573871 0.030773
v -0.074222 1.574378 0.029782
v -0.076174 1.575767 0.031220
v -0.074495 1.572632 0.033458
v -0.073176 1.572618 0.031176
v -0.074985 1.570597 0.032773
v -0.073484 1.571357 0.030745
v -0.076154 1.569719 0.031184
v -0.074221 1.570822 0.029744
v -0.077344 1.570528 0.029585
v -0.074959 1.571330 0.028753
v -0.077847 1.572544 0.028928
v -0.075267 1.572582 0.028351
v -0.077359 1.574581 0.029608
v -0.074960 1.573845 0.028778
v -0.077685 1.571869 0.029327
v -0.076153 1.571104 0.027263
v -0.076890 1.571611 0.026272
v -0.078871 1.572676 0.027732
v -0.077196 1.569864 0.029965
v -0.075844 1.569850 0.027666
v -0.077685 1.567833 0.029282
v -0.076153 1.568589 0.027235
v -0.078852 1.566957 0.027696
v -0.076889 1.568054 0.026235
v -0.080040 1.567765 0.026100
v -0.077627 1.568562 0.025243
v -0.080541 1.569777 0.025444
v -0.077935 1.569815 0.024841
v -0.080055 1.571810 0.026124
v -0.077629 1.571077 0.025269
v -0.080874 1.569800 0.029203
v -0.076211 1.575034 0.031216
v -0.077195 1.578541 0.033045
v -0.078082 1.576026 0.028662
v -0.078858 1.578474 0.027569
v -0.078086 1.580944 0.028579
v -0.076216 1.581990 0.031100
v -0.074345 1.580998 0.033654
v -0.073569 1.578550 0.034747
v -0.074341 1.576079 0.033737
v -0.076077 1.576482 0.027928
v -0.074564 1.575679 0.029994
v -0.076706 1.578462 0.027044
v -0.076081 1.580461 0.027861
v -0.074568 1.581307 0.029900
v -0.073055 1.580504 0.031967
v -0.072426 1.578523 0.032850
v -0.073051 1.576525 0.032033
v -0.073460 1.565963 0.032881
v -0.074029 1.567943 0.032447
v -0.075563 1.567924 0.033624
v -0.075424 1.565928 0.034339
v -0.078060 1.567872 0.032620
v -0.078583 1.565828 0.033006
v -0.078290 1.567924 0.029938
v -0.078933 1.565928 0.029595
v -0.076733 1.567943 0.028793
v -0.076964 1.565963 0.028144
v -0.075505 1.562590 0.034222
v -0.073633 1.562589 0.032854
v -0.078466 1.562592 0.032920
v -0.078845 1.562590 0.029707
v -0.076990 1.562589 0.028318
v -0.075992 1.560530 0.032618
v -0.075061 1.560523 0.031933
v -0.076287 1.560210 0.031428
v -0.077453 1.560530 0.030642
v -0.076526 1.560522 0.029952
v -0.075274 1.560375 0.030558
v -0.075642 1.568907 0.033143
v -0.077691 1.568839 0.032346
v -0.077854 1.568907 0.030153
v -0.076471 1.570111 0.031443
v -0.074165 1.569155 0.033854
v -0.078102 1.569154 0.028533
v -0.076090 1.571552 0.031160
v -0.078191 1.572568 0.032701
v -0.124603 1.353407 -0.032631
v -0.125860 1.341160 -0.008575
v -0.105078 1.302930 -0.024504
v -0.102159 1.335906 -0.047772
v -0.125554 1.344111 0.018542
v -0.113229 1.307847 0.036235
v -0.124578 1.383817 -0.042339
v -0.093704 1.384762 -0.053309
v -0.090961 1.421101 -0.034777
v -0.124817 1.412697 -0.028873
v -0.092046 1.432225 -0.001892
v -0.124476 1.424552 0.000163
v -0.123386 1.413216 0.027820
v -0.085719 1.418501 0.027773
v -0.125040 1.388013 0.041157
v -0.089863 1.387718 0.051768
v -0.126322 1.361605 0.035702
v -0.107544 1.347096 0.052919
v -0.127011 1.408773 0.024562
v -0.127007 1.418417 -0.000528
v -0.127013 1.408760 -0.024920
v -0.127019 1.384053 -0.035930
v -0.127043 1.359031 -0.027353
v -0.127012 1.347731 -0.006831
v -0.126996 1.350650 0.015616
v -0.126909 1.365207 0.030545
v -0.127020 1.387494 0.035892
v -0.040835 1.438335 -0.039487
v -0.059130 1.443459 -0.001118
v -0.041447 1.428678 0.029616
v 0.000000 1.380955 -0.060333
v 0.000000 1.433188 -0.047450
v -0.050979 1.383342 -0.061358
v -0.062231 1.329364 -0.060825
v 0.000000 1.326689 -0.054400
v -0.064921 1.284940 -0.047121
v 0.000000 1.283451 -0.040774
v -0.047861 1.389670 0.063548
v 0.000000 1.381054 0.075372
v 0.000000 1.421225 0.041826
v 0.000000 1.467624 0.037385
v -0.028176 1.469843 0.024911
v -0.025112 1.524663 0.035841
v 0.000000 1.523293 0.046926
v -0.036990 1.476115 0.002127
v -0.033938 1.527456 0.012963
v -0.026698 1.479538 -0.022011
v -0.025318 1.533218 -0.008132
v 0.000000 1.481545 -0.032547
v 0.000000 1.535557 -0.019486
v -0.018143 1.543471 0.031933
v 0.000000 1.542001 0.040304
v -0.023071 1.546517 0.017183
v -0.017614 1.549290 0.002912
v 0.000000 1.551068 -0.005716
v 0.000000 1.316331 0.111206
v -0.006262 1.316100 0.112737
v -0.018230 1.354036 0.093366
v -0.052370 1.366262 0.081677
v -0.083098 1.361884 0.071641
v -0.105205 1.381124 0.001228
v 0.105078 1.302930 -0.024504
v 0.125860 1.341160 -0.008575
v 0.124603 1.353407 -0.032631
v 0.102159 1.335906 -0.047772
v 0.113229 1.307847 0.036235
v 0.125554 1.344111 0.018542
v 0.124578 1.383817 -0.042339
v 0.093704 1.384762 -0.053309
v 0.090961 1.421101 -0.034777
v 0.124817 1.412697 -0.028873
v 0.124476 1.424552 0.000163
v 0.092046 1.432225 -0.001892
v 0.123386 1.413216 0.027820
v 0.085719 1.418501 0.027773
v 0.125040 1.388013 0.041157
v 0.089863 1.387718 0.051768
v 0.126322 1.361605 0.035702
v 0.107544 1.347096 0.052919
v 0.127011 1.408773 0.024562
v 0.127007 1.418417 -0.000528
v 0.127013 1.408760 -0.024920
v 0.127019 1.384053 -0.035930
v 0.127043 1.359031 -0.027353
v 0.127012 1.347731 -0.006831
v 0.126996 1.350650 0.015616
v 0.126909 1.365207 0.030545
v 0.127020 1.387494 0.035892
v 0.040835 1.438335 -0.039487
v 0.059130 1.443459 -0.001118
v 0.041447 1.428678 0.029616
v 0.050979 1.383342 -0.061358
v 0.062231 1.329364 -0.060825
v 0.064921 1.284940 -0.047121
v 0.047861 1.389670 0.063548
v 0.028176 1.469843 0.024911
v 0.025112 1.524663 0.035841
v 0.033938 1.527456 0.012963
v 0.036990 1.476115 0.002127
v 0.026698 1.479538 -0.022011
v 0.025318 1.533218 -0.008132
v 0.018143 1.543471 0.031933
v 0.023071 1.546517 0.017183
v 0.017614 1.549290 0.002912
v 0.018230 1.354036 0.093366
v 0.006261 1.316100 0.112737
v 0.052370 1.366262 0.081677
v 0.083098 1.361884 0.071641
v 0.105205 1.381124 0.001228
v 0.000000 1.554279 0.017290
v -0.183519 1.426558 -0.022022
v -0.178519 1.411713 -0.046409
v -0.137545 1.411137 -0.036658
v -0.140786 1.427911 -0.010022
v -0.155027 1.418613 0.016985
v -0.195527 1.414762 0.002623
v -0.276822 1.419094 -0.041934
v -0.268275 1.404886 -0.065840
v -0.281237 1.409057 -0.018608
v -0.345250 1.415955 -0.055496
v -0.341235 1.401472 -0.077880
v -0.574247 1.380291 0.009506
v -0.585533 1.379523 0.013145
v -0.593242 1.390819 0.001561
v -0.579860 1.392715 -0.002821
v -0.367885 1.399248 -0.080046
v -0.370239 1.416040 -0.060604
v -0.398509 1.416401 -0.056941
v -0.397761 1.396630 -0.076947
v -0.368672 1.406412 -0.034787
v -0.397763 1.406882 -0.029930
v -0.582026 1.389823 -0.020992
v -0.579988 1.374543 -0.029916
v -0.562745 1.376796 -0.035042
v -0.563428 1.392769 -0.024691
v -0.476813 1.399833 -0.018758
v -0.478274 1.405619 -0.041584
v -0.369429 1.383538 -0.030443
v -0.397805 1.381687 -0.024353
v -0.573776 1.365783 -0.004734
v -0.583250 1.364771 0.001246
v -0.556301 1.365177 -0.009024
v -0.556430 1.380467 0.005623
v -0.474789 1.381451 -0.011962
v -0.473532 1.361101 -0.027945
v -0.575864 1.365584 -0.021982
v -0.585111 1.364966 -0.020398
v -0.366830 1.363619 -0.048498
v -0.368309 1.368541 -0.073060
v -0.396842 1.366141 -0.069492
v -0.395756 1.360047 -0.044520
v -0.341933 1.366232 -0.045011
v -0.340899 1.369904 -0.070199
v -0.588158 1.373928 -0.029056
v -0.561321 1.394502 -0.005217
v -0.265854 1.375090 -0.060450
v -0.559853 1.364663 -0.026433
v -0.475663 1.363621 -0.049512
v -0.478088 1.387369 -0.059314
v -0.180443 1.383051 -0.045491
v -0.273174 1.367415 -0.034475
v -0.190235 1.373556 -0.018824
v -0.281227 1.386324 -0.013414
v -0.200017 1.390976 0.006588
v -0.149409 1.384165 -0.038110
v -0.171483 1.377473 -0.013009
v -0.172206 1.392539 0.017219
v -0.596295 1.388570 -0.018765
v -0.345215 1.405443 -0.032636
v -0.345897 1.385148 -0.028019
v -0.168157 1.378146 -0.011190
v -0.145324 1.382809 -0.036380
v -0.157959 1.386720 0.022072
v -0.164944 1.378100 -0.009264
v -0.164888 1.391382 0.020692
v -0.126608 1.400908 0.032064
v -0.139136 1.412496 0.024584
v -0.101068 1.406792 0.004742
v -0.120686 1.421010 -0.002120
v -0.105206 1.395566 -0.025601
v -0.120454 1.406450 -0.030681
v -0.141028 1.381132 -0.035051
v -0.120463 1.386596 0.036433
v -0.152980 1.374098 0.027273
v -0.092907 1.390797 0.010001
v -0.098719 1.383122 -0.022896
v -0.135152 1.366377 -0.033139
v -0.160920 1.363090 -0.006219
v -0.129691 1.350725 -0.017627
v -0.102144 1.362092 -0.013356
v -0.096621 1.367911 0.013027
v -0.118167 1.348649 0.009665
v -0.144860 1.348087 0.001755
v -0.140627 1.358709 0.025767
v -0.114726 1.369267 0.031061
v -0.687895 1.383717 -0.011500
v -0.687361 1.379554 -0.016265
v -0.664347 1.382239 -0.017282
v -0.665696 1.386842 -0.012030
v -0.659468 1.387951 -0.011822
v -0.660200 1.386373 -0.005505
v -0.666476 1.382852 -0.006151
v -0.708110 1.379975 -0.010904
v -0.708030 1.376548 -0.015403
v -0.687788 1.379694 -0.006073
v -0.708178 1.376394 -0.006005
v -0.720677 1.375005 -0.010652
v -0.720913 1.372817 -0.014172
v -0.720790 1.372650 -0.006097
v -0.658813 1.374305 -0.005240
v -0.665899 1.375522 -0.006016
v -0.656535 1.370235 -0.010924
v -0.664587 1.371008 -0.011304
v -0.656378 1.372586 -0.018522
v -0.663832 1.374820 -0.016952
v -0.658293 1.384322 -0.018764
v -0.708035 1.370713 -0.015384
v -0.686883 1.373132 -0.016031
v -0.708117 1.367149 -0.010655
v -0.686852 1.369757 -0.010908
v -0.708184 1.370492 -0.005831
v -0.687302 1.373238 -0.005845
v -0.721297 1.368217 -0.014100
v -0.721477 1.365539 -0.010351
v -0.721189 1.367953 -0.006322
v -0.692317 1.384403 0.001161
v -0.691855 1.380261 -0.004505
v -0.666209 1.383792 -0.004616
v -0.666216 1.387971 0.001202
v -0.659921 1.388908 0.001614
v -0.659182 1.385390 0.008538
v -0.664939 1.383217 0.007414
v -0.713594 1.380105 0.001011
v -0.713265 1.376590 -0.004483
v -0.691703 1.379738 0.006793
v -0.713268 1.376067 0.006394
v -0.722872 1.376076 0.001020
v -0.722657 1.373382 -0.004241
v -0.723055 1.372926 0.005623
v -0.731533 1.372871 0.000351
v -0.729271 1.372035 -0.003412
v -0.729656 1.371753 0.004184
v -0.657508 1.373899 0.008223
v -0.663896 1.375586 0.007293
v -0.656528 1.370869 0.001894
v -0.663980 1.371663 0.001041
v -0.665159 1.376179 -0.004635
v -0.712784 1.370181 -0.004455
v -0.691062 1.373454 -0.004331
v -0.712503 1.366094 0.000468
v -0.690545 1.369345 0.000731
v -0.712777 1.369546 0.006104
v -0.690904 1.372889 0.006407
v -0.722674 1.367703 -0.004272
v -0.722892 1.364138 0.000279
v -0.723067 1.367137 0.005320
v -0.729504 1.368055 -0.003279
v -0.729781 1.365768 0.000226
v -0.729871 1.367796 0.003884
v -0.682535 1.382137 0.014585
v -0.682083 1.379392 0.009169
v -0.663720 1.382775 0.009605
v -0.663187 1.384794 0.015282
v -0.657998 1.385147 0.015512
v -0.656949 1.380010 0.020805
v -0.663392 1.379511 0.020239
v -0.702832 1.378945 0.013668
v -0.702604 1.376079 0.008835
v -0.682252 1.377902 0.019246
v -0.702701 1.375126 0.018234
v -0.714546 1.374743 0.012766
v -0.714186 1.372445 0.008808
v -0.714568 1.371972 0.016810
v -0.721354 1.372075 0.012473
v -0.719490 1.371115 0.009253
v -0.719694 1.371078 0.015770
v -0.657348 1.372981 0.019706
v -0.663154 1.373132 0.019399
v -0.656764 1.370855 0.013865
v -0.662625 1.371332 0.013475
v -0.662895 1.375888 0.009165
v -0.702336 1.370273 0.008447
v -0.681454 1.373273 0.008818
v -0.702275 1.366822 0.012769
v -0.681196 1.369222 0.013229
v -0.702430 1.369324 0.017744
v -0.681615 1.371647 0.018785
v -0.713865 1.367493 0.008618
v -0.713891 1.364585 0.012487
v -0.714255 1.367048 0.016770
v -0.719448 1.367495 0.009567
v -0.719487 1.365578 0.012565
v -0.719651 1.367395 0.015743
v -0.678227 1.381628 -0.023998
v -0.677983 1.378023 -0.028280
v -0.660751 1.379581 -0.030091
v -0.662588 1.384345 -0.024588
v -0.656087 1.384642 -0.025262
v -0.663154 1.381631 -0.019172
v -0.695179 1.379083 -0.022350
v -0.695363 1.375938 -0.026571
v -0.677899 1.378626 -0.018364
v -0.695010 1.376017 -0.017857
v -0.705215 1.376263 -0.021422
v -0.705707 1.373641 -0.025398
v -0.704997 1.374034 -0.017555
v -0.710327 1.374737 -0.021105
v -0.710641 1.373013 -0.024250
v -0.710419 1.373253 -0.018074
v -0.653139 1.372573 -0.030250
v -0.654154 1.379737 -0.031108
v -0.659761 1.372797 -0.029342
v -0.654019 1.369407 -0.023989
v -0.660501 1.370436 -0.023417
v -0.662078 1.374794 -0.018875
v -0.695420 1.370540 -0.026527
v -0.677597 1.371995 -0.028017
v -0.695278 1.367569 -0.022112
v -0.677385 1.369300 -0.023058
v -0.695065 1.370711 -0.017787
v -0.677509 1.372636 -0.018457
v -0.705944 1.369031 -0.025073
v -0.711001 1.369576 -0.023966
v -0.705756 1.366662 -0.021183
v -0.711069 1.367881 -0.020945
v -0.705254 1.369398 -0.017422
v -0.710785 1.369838 -0.018096
v -0.732441 1.369061 0.000321
v -0.722052 1.368299 0.012225
v -0.726296 1.372652 -0.010456
v -0.724245 1.372440 -0.013315
v -0.724357 1.372193 -0.006989
v -0.724077 1.368679 -0.013564
v -0.725243 1.366967 -0.010372
v -0.724441 1.368475 -0.007118
v -0.726904 1.369775 -0.010506
v -0.713098 1.370504 -0.021023
v -0.712698 1.373338 -0.021010
v -0.628153 1.377776 0.024052
v -0.602944 1.374049 0.023997
v -0.621210 1.367759 0.033491
v -0.633144 1.372204 0.030955
v -0.635542 1.355464 0.039008
v -0.637408 1.363353 0.040530
v -0.619554 1.357185 0.031432
v -0.636935 1.352632 0.032854
v -0.642611 1.356740 0.028370
v -0.651635 1.355136 0.031185
v -0.647111 1.351322 0.036032
v -0.644422 1.364650 0.029514
v -0.652753 1.362415 0.032457
v -0.656977 1.358355 0.043980
v -0.659569 1.361868 0.040141
v -0.650396 1.364852 0.038111
v -0.648245 1.360707 0.042888
v -0.663842 1.351087 0.045352
v -0.667607 1.355308 0.045027
v -0.655331 1.351994 0.043645
v -0.641113 1.368362 0.035407
v -0.639184 1.367968 0.022849
v -0.640788 1.365950 0.026527
v -0.610373 1.355461 0.015615
v -0.634731 1.361574 0.016905
v -0.637751 1.358713 0.024523
v -0.624569 1.353433 0.027793
v -0.601047 1.359421 0.019121
v -0.645953 1.353762 0.041478
v -0.660851 1.359694 0.035018
v -0.660772 1.352831 0.034116
v -0.656265 1.349372 0.039452
v -0.666732 1.358616 0.042833
v -0.667430 1.357340 0.038952
v -0.666355 1.352624 0.037436
v -0.665268 1.349426 0.041844
v -0.669036 1.353976 0.042019
v -0.642043 1.388229 0.010726
v -0.645345 1.380306 0.020786
v -0.646828 1.370888 0.020383
v -0.625829 1.388399 0.010313
v -0.641346 1.390702 -0.005393
v -0.624836 1.391381 -0.005324
v -0.623975 1.386970 -0.022639
v -0.609561 1.387760 -0.020114
v -0.607753 1.388070 0.008716
v -0.635761 1.376612 -0.032184
v -0.639263 1.385645 -0.025197
v -0.636491 1.367650 -0.028635
v -0.597239 1.360147 0.002037
v -0.599304 1.363072 -0.024472
v -0.617347 1.364394 -0.027369
v -0.619038 1.363902 -0.004767
v -0.639927 1.367269 -0.006211
v -0.645304 1.367720 0.014458
v -0.602648 1.373037 -0.030831
v -0.617399 1.373091 -0.031795
v 0.137559 1.411618 -0.036282
v 0.178536 1.412313 -0.046016
v 0.183534 1.426831 -0.021433
v 0.140800 1.428035 -0.009424
v 0.195534 1.414705 0.003055
v 0.155033 1.418375 0.017460
v 0.268293 1.405722 -0.065520
v 0.276839 1.419608 -0.041425
v 0.281247 1.409260 -0.018234
v 0.341254 1.402449 -0.077591
v 0.345269 1.416632 -0.055015
v 0.593251 1.390809 0.001564
v 0.585535 1.379516 0.013145
v 0.574253 1.380294 0.009507
v 0.579886 1.392713 -0.002815
v 0.398551 1.417070 -0.056539
v 0.370259 1.416778 -0.060117
v 0.367905 1.400248 -0.079781
v 0.397789 1.397517 -0.076757
v 0.397792 1.407261 -0.029632
v 0.368685 1.406808 -0.034431
v 0.562746 1.376855 -0.035043
v 0.579985 1.374550 -0.029917
v 0.582047 1.389825 -0.020987
v 0.563469 1.392821 -0.024682
v 0.476854 1.400079 -0.018607
v 0.478328 1.406023 -0.041391
v 0.397811 1.382007 -0.024327
v 0.369435 1.383878 -0.030390
v 0.583243 1.364767 0.001244
v 0.573759 1.365791 -0.004738
v 0.474798 1.381653 -0.011941
v 0.556439 1.380518 0.005625
v 0.556272 1.365237 -0.009031
v 0.473507 1.361418 -0.028066
v 0.585104 1.364964 -0.020400
v 0.575847 1.365596 -0.021986
v 0.396843 1.366950 -0.069632
v 0.368320 1.369450 -0.073204
v 0.366834 1.364202 -0.048710
v 0.395748 1.360587 -0.044727
v 0.341937 1.366775 -0.045193
v 0.340909 1.370782 -0.070330
v 0.588157 1.373926 -0.029056
v 0.561367 1.394547 -0.005207
v 0.265863 1.375857 -0.060527
v 0.559823 1.364724 -0.026441
v 0.475645 1.364086 -0.049614
v 0.478113 1.387898 -0.059250
v 0.180451 1.383641 -0.045479
v 0.190236 1.373789 -0.018939
v 0.273176 1.367836 -0.034655
v 0.200018 1.390867 0.006704
v 0.281231 1.386460 -0.013343
v 0.149416 1.384665 -0.038091
v 0.171484 1.377634 -0.013076
v 0.172205 1.392295 0.017349
v 0.596302 1.388561 -0.018763
v 0.345227 1.405817 -0.032297
v 0.345903 1.385462 -0.027950
v 0.168158 1.378283 -0.011250
v 0.145331 1.383287 -0.036379
v 0.164944 1.378213 -0.009324
v 0.157956 1.386416 0.022122
v 0.164886 1.391095 0.020805
v 0.126606 1.400478 0.032296
v 0.139139 1.412162 0.024974
v 0.101073 1.406732 0.005049
v 0.120696 1.421035 -0.001619
v 0.105214 1.395909 -0.025439
v 0.120466 1.406857 -0.030371
v 0.141034 1.381594 -0.035074
v 0.120457 1.386111 0.036473
v 0.152972 1.373728 0.027154
v 0.092907 1.390670 0.010094
v 0.098724 1.383432 -0.022901
v 0.135154 1.366816 -0.033359
v 0.160916 1.363164 -0.006480
v 0.102141 1.362277 -0.013641
v 0.129686 1.350960 -0.018058
v 0.096614 1.367745 0.012816
v 0.118156 1.348524 0.009202
v 0.140616 1.358363 0.025440
v 0.144850 1.348060 0.001290
v 0.114716 1.368856 0.030869
v 0.664347 1.382239 -0.017282
v 0.687361 1.379554 -0.016265
v 0.687895 1.383717 -0.011500
v 0.665696 1.386842 -0.012030
v 0.666476 1.382852 -0.006151
v 0.659468 1.387951 -0.011822
v 0.663832 1.374820 -0.016952
v 0.656535 1.370235 -0.010924
v 0.664587 1.371008 -0.011304
v 0.687788 1.379694 -0.006073
v 0.687302 1.373238 -0.005845
v 0.665899 1.375522 -0.006016
v 0.686852 1.369757 -0.010908
v 0.686883 1.373132 -0.016031
v 0.641346 1.390702 -0.005393
v 0.642043 1.388229 0.010726
v 0.625829 1.388399 0.010313
v 0.624836 1.391381 -0.005324
v 0.609561 1.387760 -0.020114
v 0.623975 1.386970 -0.022639
v 0.607753 1.388070 0.008716
v 0.617347 1.364394 -0.027369
v 0.599304 1.363072 -0.024472
v 0.597239 1.360147 0.002037
v 0.619038 1.363902 -0.004767
v 0.602648 1.373037 -0.030831
v 0.635761 1.376612 -0.032184
v 0.617399 1.373091 -0.031795
v 0.636491 1.367650 -0.028635
v 0.639263 1.385645 -0.025197
v 0.639927 1.367269 -0.006211
v 0.104279 1.342555 0.060070
v -0.104662 1.343087 0.059232
v 0.722657 1.373381 -0.004241
v 0.731533 1.372870 0.000351
v 0.722872 1.376076 0.001020
v 0.729656 1.371752 0.004184
v 0.723055 1.372926 0.005623
v 0.663896 1.375586 0.007293
v 0.657508 1.373899 0.008223
v 0.659182 1.385390 0.008538
v 0.664939 1.383217 0.007414
v 0.663980 1.371663 0.001041
v 0.656528 1.370869 0.001894
v 0.665160 1.376179 -0.004635
v 0.658813 1.374305 -0.005240
v 0.666209 1.383791 -0.004616
v 0.660200 1.386373 -0.005505
v 0.712784 1.370180 -0.004455
v 0.713266 1.376589 -0.004483
v 0.691855 1.380260 -0.004505
v 0.691062 1.373454 -0.004331
v 0.712503 1.366094 0.000468
v 0.690545 1.369345 0.000731
v 0.712777 1.369546 0.006104
v 0.690904 1.372888 0.006407
v 0.713268 1.376066 0.006394
v 0.691703 1.379737 0.006793
v 0.722674 1.367703 -0.004272
v 0.722892 1.364138 0.000279
v 0.723067 1.367136 0.005320
v 0.729504 1.368055 -0.003279
v 0.729271 1.372035 -0.003412
v 0.729781 1.365768 0.000226
v 0.729872 1.367796 0.003884
v 0.663721 1.382775 0.009605
v 0.682083 1.379393 0.009169
v 0.682536 1.382138 0.014585
v 0.663187 1.384794 0.015282
v 0.663392 1.379511 0.020239
v 0.656949 1.380011 0.020805
v 0.657998 1.385147 0.015512
v 0.702604 1.376079 0.008835
v 0.702832 1.378945 0.013668
v 0.702701 1.375127 0.018234
v 0.682252 1.377902 0.019246
v 0.714186 1.372446 0.008808
v 0.714547 1.374743 0.012766
v 0.714569 1.371973 0.016810
v 0.719490 1.371115 0.009253
v 0.721355 1.372075 0.012473
v 0.719694 1.371079 0.015770
v 0.663154 1.373132 0.019399
v 0.657348 1.372982 0.019706
v 0.662625 1.371332 0.013475
v 0.656764 1.370855 0.013865
v 0.662896 1.375888 0.009165
v 0.702336 1.370273 0.008447
v 0.681454 1.373273 0.008818
v 0.702276 1.366822 0.012769
v 0.681197 1.369222 0.013229
v 0.702430 1.369324 0.017744
v 0.681616 1.371648 0.018785
v 0.713866 1.367493 0.008618
v 0.713891 1.364585 0.012487
v 0.714255 1.367048 0.016770
v 0.719448 1.367495 0.009567
v 0.719487 1.365578 0.012565
v 0.719651 1.367395 0.015743
v 0.660751 1.379581 -0.030091
v 0.677983 1.378023 -0.028280
v 0.678227 1.381628 -0.023998
v 0.662588 1.384345 -0.024588
v 0.663154 1.381631 -0.019172
v 0.658293 1.384322 -0.018764
v 0.656087 1.384642 -0.025262
v 0.695363 1.375938 -0.026571
v 0.695179 1.379083 -0.022350
v 0.695010 1.376017 -0.017857
v 0.677899 1.378626 -0.018364
v 0.705707 1.373641 -0.025398
v 0.705215 1.376263 -0.021422
v 0.704997 1.374034 -0.017555
v 0.710641 1.373013 -0.024250
v 0.710327 1.374737 -0.021105
v 0.710419 1.373253 -0.018074
v 0.654154 1.379737 -0.031108
v 0.653139 1.372573 -0.030250
v 0.659761 1.372797 -0.029342
v 0.654019 1.369407 -0.023989
v 0.660501 1.370436 -0.023417
v 0.656378 1.372586 -0.018522
v 0.662078 1.374794 -0.018875
v 0.695420 1.370540 -0.026527
v 0.677597 1.371995 -0.028017
v 0.695278 1.367569 -0.022112
v 0.677385 1.369300 -0.023058
v 0.695065 1.370711 -0.017787
v 0.677509 1.372636 -0.018457
v 0.705944 1.369031 -0.025073
v 0.711001 1.369576 -0.023966
v 0.705756 1.366662 -0.021183
v 0.711069 1.367881 -0.020945
v 0.705254 1.369398 -0.017422
v 0.710785 1.369838 -0.018096
v 0.732441 1.369061 0.000321
v 0.722053 1.368299 0.012225
v 0.726296 1.372652 -0.010456
v 0.720677 1.375005 -0.010652
v 0.720913 1.372817 -0.014172
v 0.724245 1.372440 -0.013315
v 0.724357 1.372193 -0.006989
v 0.720790 1.372650 -0.006097
v 0.724077 1.368679 -0.013564
v 0.721297 1.368217 -0.014100
v 0.721477 1.365539 -0.010351
v 0.725243 1.366967 -0.010372
v 0.724441 1.368475 -0.007118
v 0.721189 1.367953 -0.006322
v 0.726904 1.369775 -0.010506
v 0.712698 1.373338 -0.021010
v 0.713098 1.370504 -0.021023
v 0.666216 1.387971 0.001202
v 0.659921 1.388908 0.001614
v 0.692317 1.384402 0.001161
v 0.708030 1.376548 -0.015403
v 0.708110 1.379975 -0.010904
v 0.708178 1.376394 -0.006005
v 0.621210 1.367759 0.033491
v 0.602944 1.374049 0.023997
v 0.628153 1.377776 0.024052
v 0.633144 1.372204 0.030955
v 0.637408 1.363353 0.040530
v 0.635542 1.355464 0.039008
v 0.619554 1.357185 0.031432
v 0.651635 1.355136 0.031185
v 0.642611 1.356740 0.028370
v 0.636935 1.352632 0.032854
v 0.647111 1.351322 0.036032
v 0.652753 1.362415 0.032457
v 0.644422 1.364650 0.029514
v 0.650396 1.364852 0.038111
v 0.659569 1.361868 0.040141
v 0.656977 1.358355 0.043980
v 0.648245 1.360707 0.042888
v 0.667607 1.355308 0.045027
v 0.663842 1.351087 0.045352
v 0.655331 1.351994 0.043645
v 0.641113 1.368362 0.035407
v 0.639184 1.367968 0.022849
v 0.640788 1.365950 0.026527
v 0.637751 1.358713 0.024523
v 0.634731 1.361574 0.016905
v 0.610373 1.355461 0.015615
v 0.624569 1.353433 0.027793
v 0.601047 1.359421 0.019121
v 0.645953 1.353762 0.041478
v 0.660851 1.359694 0.035018
v 0.660772 1.352831 0.034116
v 0.656265 1.349372 0.039452
v 0.666732 1.358616 0.042833
v 0.667430 1.357340 0.038952
v 0.666355 1.352624 0.037436
v 0.665268 1.349426 0.041844
v 0.669036 1.353976 0.042019
v 0.645345 1.380306 0.020786
v 0.646828 1.370888 0.020383
v 0.645304 1.367720 0.014458
v 0.708035 1.370713 -0.015384
v 0.708117 1.367149 -0.010655
v 0.708184 1.370492 -0.005831
v 0.713595 1.380105 0.001011
v 0.047489 0.388133 0.025979
v 0.047673 0.450785 0.037430
v 0.079389 0.450785 0.060907
v 0.080310 0.384046 0.052446
v 0.079298 0.274510 0.033932
v 0.052351 0.277671 0.012015
v 0.056865 0.280511 -0.023096
v 0.045803 0.393057 -0.017391
v 0.082769 0.282102 -0.033371
v 0.083392 0.395843 -0.037844
v 0.106473 0.278965 -0.019621
v 0.122546 0.391309 -0.012660
v 0.118934 0.386134 0.032720
v 0.108775 0.275727 0.015567
v 0.094669 0.176518 -0.016298
v 0.093177 0.125186 -0.017066
v 0.094494 0.121084 0.003654
v 0.095848 0.172884 0.006254
v 0.079180 0.116326 0.021757
v 0.079295 0.169364 0.021516
v 0.077427 0.179516 -0.028959
v 0.059268 0.174661 0.007607
v 0.060183 0.123132 0.006396
v 0.060376 0.125483 -0.014917
v 0.060171 0.178559 -0.017995
v 0.077833 0.128259 -0.030466
v 0.059683 0.077485 0.007478
v 0.061678 0.096097 -0.022829
v 0.078423 0.074885 0.028296
v 0.079335 0.102057 -0.038497
v 0.095602 0.096354 -0.021912
v 0.096487 0.078459 0.004632
v 0.099923 0.065928 -0.005621
v 0.096870 0.080891 -0.028806
v 0.080915 0.086519 -0.045723
v 0.062956 0.079818 -0.030195
v 0.059862 0.063517 -0.002721
v 0.065706 0.045966 0.024777
v 0.060183 0.037130 0.012670
v 0.067205 0.021902 0.036564
v 0.058849 0.012274 0.026338
v 0.079556 0.049820 0.031461
v 0.101797 0.038893 0.010262
v 0.093557 0.047465 0.022260
v 0.082339 0.025446 0.040995
v 0.094945 0.022496 0.034566
v 0.099550 0.033287 0.001193
v 0.102422 0.006614 0.017249
v 0.103091 0.015040 0.024991
v 0.082717 0.015421 0.048585
v 0.082980 0.010375 0.052403
v 0.069595 0.011376 0.049738
v 0.068596 0.015040 0.045475
v 0.094847 0.014880 0.042402
v 0.065782 0.005363 0.052965
v 0.083453 0.004799 0.055333
v 0.094553 0.010852 0.046087
v 0.098904 0.006704 0.044471
v 0.101369 0.009816 0.038437
v 0.060363 0.006818 0.044120
v 0.101299 0.001925 0.033565
v 0.099650 0.001395 0.041617
v 0.083478 -0.001477 0.052963
v 0.066680 -0.000910 0.050969
v 0.061764 0.000091 0.041752
v 0.062435 0.003711 0.018612
v 0.061538 0.031273 0.003789
v 0.062246 0.055035 -0.009181
v 0.065697 0.068836 -0.033367
v 0.081284 0.074188 -0.046540
v 0.095702 0.070338 -0.033116
v 0.098992 0.057709 -0.013026
v 0.082696 -0.001517 0.040716
v 0.081272 0.053802 -0.015709
v 0.081199 0.064505 -0.035185
v 0.080875 0.030425 -0.000472
v 0.081059 0.002785 0.015907
v -0.079389 0.450785 0.060907
v -0.047673 0.450785 0.037430
v -0.047489 0.388133 0.025979
v -0.080310 0.384046 0.052446
v -0.052351 0.277671 0.012015
v -0.079298 0.274510 0.033932
v -0.045803 0.393057 -0.017391
v -0.056865 0.280511 -0.023096
v -0.083392 0.395843 -0.037844
v -0.082769 0.282102 -0.033371
v -0.122546 0.391309 -0.012660
v -0.106473 0.278965 -0.019621
v -0.118934 0.386134 0.032720
v -0.108775 0.275727 0.015567
v -0.094494 0.121084 0.003654
v -0.093177 0.125186 -0.017066
v -0.094669 0.176518 -0.016298
v -0.095848 0.172884 0.006254
v -0.079180 0.116326 0.021757
v -0.079295 0.169364 0.021516
v -0.077427 0.179516 -0.028959
v -0.060376 0.125483 -0.014917
v -0.060183 0.123132 0.006396
v -0.059268 0.174661 0.007607
v -0.060171 0.178559 -0.017995
v -0.077833 0.128259 -0.030466
v -0.059683 0.077485 0.007478
v -0.061678 0.096097 -0.022829
v -0.078423 0.074885 0.028296
v -0.079335 0.102057 -0.038497
v -0.095602 0.096354 -0.021912
v -0.096487 0.078459 0.004632
v -0.099923 0.065928 -0.005621
v -0.096870 0.080891 -0.028806
v -0.080915 0.086519 -0.045723
v -0.062956 0.079818 -0.030195
v -0.059862 0.063517 -0.002721
v -0.065706 0.045966 0.024777
v -0.060183 0.037130 0.012670
v -0.067205 0.021902 0.036564
v -0.058849 0.012274 0.026338
v -0.079556 0.049820 0.031461
v -0.093557 0.047465 0.022260
v -0.101797 0.038893 0.010262
v -0.082339 0.025446 0.040995
v -0.094945 0.022496 0.034566
v -0.102422 0.006614 0.017249
v -0.099550 0.033287 0.001193
v -0.103091 0.015040 0.024991
v -0.069595 0.011376 0.049738
v -0.082980 0.010375 0.052403
v -0.082717 0.015421 0.048585
v -0.068596 0.015040 0.045475
v -0.094847 0.014880 0.042402
v -0.065782 0.005363 0.052965
v -0.083453 0.004799 0.055333
v -0.094553 0.010852 0.046087
v -0.098904 0.006704 0.044471
v -0.101369 0.009816 0.038437
v -0.060363 0.006818 0.044120
v -0.101299 0.001925 0.033565
v -0.083478 -0.001477 0.052963
v -0.099650 0.001395 0.041617
v -0.066680 -0.000910 0.050969
v -0.062435 0.003711 0.018612
v -0.061764 0.000091 0.041752
v -0.061538 0.031273 0.003789
v -0.062246 0.055035 -0.009181
v -0.065697 0.068836 -0.033367
v -0.081284 0.074188 -0.046540
v -0.095702 0.070338 -0.033116
v -0.098992 0.057709 -0.013026
v -0.082696 -0.001517 0.040716
v -0.081272 0.053802 -0.015709
v -0.081199 0.064505 -0.035185
v -0.080875 0.030425 -0.000472
v -0.081059 0.002785 0.015907
v 0.115206 0.450785 0.038339
v 0.045717 0.450785 -0.003398
v 0.082936 0.450785 -0.024481
v 0.115948 0.450785 -0.003527
v -0.115206 0.450785 0.038339
v -0.045717 0.450785 -0.003398
v -0.082936 0.450785 -0.024481
v -0.115948 0.450785 -0.003527
v 0.030361 0.883639 0.070401
v 0.088403 0.915223 0.107531
v 0.082921 0.744491 0.098495
v 0.032168 0.746490 0.068899
v 0.141187 0.903379 0.067237
v 0.131208 0.748152 0.065910
v 0.113063 0.592477 0.054666
v 0.077824 0.592316 0.083149
v 0.040610 0.596488 0.062916
v 0.108881 0.544896 0.052646
v 0.075762 0.546429 0.077959
v 0.042878 0.546703 0.060059
v 0.112569 0.496523 0.042314
v 0.078807 0.492959 0.066254
v 0.047801 0.494122 0.045350
v 0.110538 0.593967 0.012143
v 0.105808 0.546704 0.011279
v 0.110592 0.499057 0.003885
v 0.081023 0.593386 -0.005510
v 0.080605 0.549125 -0.002734
v 0.082517 0.501295 -0.012196
v 0.037529 0.595946 0.023814
v 0.041032 0.548959 0.018911
v 0.045648 0.497128 0.007836
v 0.029970 0.749732 0.008578
v 0.029876 0.881193 0.000287
v 0.090525 0.749218 -0.025427
v 0.134266 0.752342 0.011912
v 0.143283 0.902427 0.005952
v 0.095912 0.904681 -0.038148
v -0.082921 0.744491 0.098495
v -0.088403 0.915223 0.107531
v -0.030361 0.883639 0.070401
v -0.032168 0.746490 0.068899
v -0.131208 0.748152 0.065910
v -0.141187 0.903379 0.067237
v -0.077824 0.592316 0.083149
v -0.113063 0.592477 0.054666
v -0.040610 0.596488 0.062916
v -0.075762 0.546429 0.077959
v -0.108881 0.544896 0.052646
v -0.042878 0.546703 0.060059
v -0.078807 0.492959 0.066254
v -0.112569 0.496523 0.042314
v -0.047801 0.494122 0.045350
v -0.105808 0.546704 0.011279
v -0.110538 0.593967 0.012143
v -0.110592 0.499057 0.003885
v -0.080605 0.549125 -0.002734
v -0.081023 0.593386 -0.005510
v -0.082517 0.501295 -0.012196
v -0.041032 0.548959 0.018911
v -0.037529 0.595946 0.023814
v -0.045648 0.497128 0.007836
v -0.029876 0.881193 0.000287
v -0.029970 0.749732 0.008578
v -0.143283 0.902427 0.005952
v -0.134266 0.752342 0.011912
v -0.090525 0.749218 -0.025427
v -0.095912 0.904681 -0.038148
v 0.000000 1.557117 0.115639
v 0.000000 1.558779 0.112923
v -0.006828 1.558764 0.111929
v -0.006828 1.557104 0.114485
v -0.013954 1.559266 0.107956
v -0.013954 1.557763 0.109871
v -0.020104 1.559246 0.104381
v -0.020104 1.558068 0.105719
v -0.006842 1.555767 0.113997
v -0.006842 1.554317 0.111526
v 0.000000 1.554222 0.112493
v 0.000000 1.555688 0.115120
v -0.015012 1.555909 0.109418
v -0.015012 1.554909 0.107580
v -0.020384 1.556315 0.105128
v -0.020384 1.555395 0.103884
v -0.025188 1.556985 0.101963
v -0.025188 1.556013 0.100941
v -0.026223 1.557642 0.101673
v -0.025961 1.558517 0.102015
v -0.026044 1.559408 0.101099
v -0.026716 1.557659 0.100541
v 0.000000 1.564213 0.111908
v -0.006766 1.564194 0.110899
v -0.013690 1.564331 0.106849
v -0.019768 1.564797 0.103129
v -0.006951 1.548594 0.110273
v 0.000000 1.548470 0.111211
v -0.015268 1.549364 0.106416
v -0.020858 1.550020 0.102893
v -0.025924 1.550873 0.100161
v -0.028648 1.557520 0.097847
v -0.027445 1.563139 0.099266
v 0.000000 1.568506 0.105883
v 0.000000 1.574126 0.061628
v -0.006721 1.568486 0.104863
v -0.016512 1.574727 0.062810
v -0.013499 1.568624 0.100757
v -0.019525 1.569114 0.096933
v -0.007030 1.544217 0.104079
v 0.000000 1.537693 0.062228
v 0.000000 1.544083 0.104996
v -0.015454 1.545040 0.100287
v -0.018327 1.539697 0.060835
v -0.021201 1.545755 0.096890
v -0.026457 1.546695 0.094312
v -0.026457 1.541685 0.064601
v -0.030433 1.557393 0.090359
v -0.031246 1.557054 0.055097
v -0.028460 1.566362 0.093804
v -0.028460 1.571062 0.069896
v 0.000000 1.556182 0.048514
v -0.017420 1.556574 0.048768
v -0.006842 1.555251 0.117228
v 0.000000 1.555125 0.118489
v -0.015012 1.556025 0.112086
v -0.020384 1.556662 0.107269
v -0.025188 1.557395 0.103434
v -0.026044 1.558219 0.103388
v -0.026184 1.557665 0.103338
v -0.020104 1.557946 0.107936
v -0.013954 1.557464 0.112597
v -0.006828 1.557316 0.117773
v 0.000000 1.557335 0.119068
v -0.056797 1.621593 0.087567
v -0.055198 1.620555 0.088896
v -0.055023 1.619179 0.088638
v -0.056281 1.618763 0.087586
v -0.044484 1.629446 0.098569
v -0.052242 1.624836 0.092734
v -0.053205 1.626559 0.092412
v -0.045573 1.631592 0.098460
v -0.036027 1.630299 0.102286
v -0.036147 1.632503 0.102788
v -0.052233 1.616293 0.090743
v -0.053545 1.614755 0.089923
v -0.046995 1.610304 0.094159
v -0.046052 1.612537 0.094355
v -0.038147 1.610912 0.097801
v -0.038454 1.608095 0.098024
v -0.015398 1.614044 0.104578
v -0.016045 1.611360 0.103872
v -0.017027 1.612104 0.103023
v -0.016364 1.613918 0.103945
v -0.026592 1.628905 0.105327
v -0.027572 1.626984 0.104463
v -0.021041 1.620031 0.103949
v -0.019582 1.620966 0.104686
v -0.017421 1.613812 0.103244
v -0.019881 1.609138 0.102747
v -0.021105 1.611527 0.102118
v -0.029943 1.610556 0.100725
v -0.029428 1.607868 0.100949
v -0.021395 1.631064 0.063787
v 0.000000 1.626969 0.116474
v 0.000000 1.613957 0.117200
v -0.006277 1.614012 0.113878
v -0.007943 1.626347 0.114195
v -0.011323 1.614220 0.108780
v -0.018248 1.622117 0.105276
v -0.014135 1.624802 0.109748
v -0.025695 1.630783 0.106084
v -0.021225 1.637539 0.112657
v 0.000000 1.644999 0.120231
v -0.012353 1.643111 0.117962
v -0.036257 1.634660 0.103206
v -0.037031 1.643715 0.108717
v -0.046568 1.633677 0.098326
v -0.052243 1.644474 0.100894
v -0.066203 1.625253 0.080644
v -0.064915 1.616236 0.081892
v -0.054087 1.628181 0.092104
v -0.063045 1.637330 0.087530
v -0.013143 1.608351 0.108280
v -0.017716 1.602470 0.107842
v -0.029436 1.600054 0.105143
v -0.042111 1.601123 0.101206
v -0.052686 1.604280 0.094676
v -0.061168 1.610321 0.086511
v -0.006908 1.565603 0.122255
v -0.015815 1.563447 0.117174
v -0.016284 1.570998 0.115491
v -0.007226 1.571010 0.120523
v 0.000000 1.604344 0.121728
v -0.004885 1.603876 0.119928
v 0.000000 1.593253 0.129678
v -0.006311 1.593044 0.126731
v 0.000000 1.586886 0.132746
v -0.007088 1.586702 0.130048
v -0.012040 1.584800 0.124315
v -0.015959 1.582359 0.116298
v -0.016267 1.591161 0.114319
v -0.010933 1.592084 0.120927
v 0.000000 1.582071 0.132126
v -0.006708 1.582675 0.129736
v -0.011372 1.581428 0.124933
v -0.013553 1.577560 0.117454
v 0.000000 1.579198 0.129506
v -0.005772 1.579200 0.124334
v 0.000000 1.574575 0.122384
v -0.007718 1.575659 0.120636
v -0.009852 1.603759 0.114341
v -0.028542 1.589157 0.109302
v -0.027464 1.572929 0.110414
v -0.030598 1.579531 0.109645
v 0.000000 1.570769 0.120830
v 0.000000 1.564545 0.123220
v -0.022001 1.560929 0.111024
v -0.024555 1.566424 0.110931
v -0.027112 1.558509 0.104589
v -0.031231 1.561332 0.105845
v -0.026841 1.556560 0.103889
v -0.031544 1.554507 0.102660
v -0.033099 1.558368 0.103474
v -0.027220 1.557652 0.103822
v 0.000000 1.543061 0.114155
v -0.009740 1.544367 0.112844
v -0.009672 1.547094 0.116161
v 0.000000 1.546071 0.118066
v -0.019193 1.546731 0.109009
v -0.017894 1.550190 0.111379
v -0.024089 1.553948 0.106084
v -0.025774 1.550286 0.105123
v -0.007397 1.561167 0.121710
v 0.000000 1.560666 0.122928
v -0.015608 1.559999 0.116102
v -0.021382 1.559062 0.109976
v 0.000000 1.550253 0.119703
v -0.008905 1.550725 0.117927
v -0.017059 1.553047 0.112399
v -0.022578 1.555436 0.106898
v -0.026104 1.557012 0.103783
v -0.026736 1.557668 0.103636
v -0.026629 1.558244 0.104211
v 0.000000 1.535408 0.112934
v -0.010710 1.536039 0.110942
v -0.021512 1.538450 0.106264
v -0.030060 1.542993 0.101306
v -0.039628 1.549358 0.096175
v -0.047218 1.544594 0.083782
v -0.053196 1.562875 0.087809
v -0.042635 1.560162 0.098748
v -0.048270 1.577993 0.100880
v -0.038900 1.568771 0.104871
v -0.036899 1.536331 0.093406
v -0.024277 1.529849 0.103027
v -0.012847 1.526703 0.110005
v 0.000000 1.525922 0.113796
v -0.045446 1.589948 0.102921
v -0.058165 1.594628 0.092486
v -0.061648 1.584333 0.085076
v -0.060923 1.571077 0.075080
v -0.058584 1.560097 0.066714
v 0.000000 1.518901 0.110919
v -0.012889 1.520413 0.107305
v -0.024618 1.524035 0.098889
v -0.037525 1.530327 0.087160
v -0.047470 1.538748 0.075329
v -0.056537 1.551213 0.058114
v -0.070543 1.611664 0.071473
v -0.071736 1.628724 0.068633
v -0.067112 1.600174 0.078450
v -0.068056 1.646523 0.078355
v -0.057392 1.656660 0.097586
v -0.040783 1.657023 0.110463
v -0.025743 1.655394 0.116670
v -0.012648 1.654602 0.120384
v 0.000000 1.655430 0.122012
v 0.000000 1.514775 0.102728
v -0.011431 1.515857 0.100081
v -0.022638 1.518958 0.092571
v -0.045018 1.532792 0.067608
v -0.053197 1.543076 0.048978
v -0.035924 1.525509 0.080201
v -0.057716 1.553103 0.033500
v -0.063445 1.563632 0.042121
v -0.065105 1.571854 0.054260
v -0.065851 1.579315 0.063802
v -0.067148 1.591485 0.073247
v -0.069204 1.579641 0.044906
v -0.066561 1.578630 0.020680
v -0.071069 1.583796 0.031946
v -0.056383 1.561216 0.014035
v 0.000000 1.566196 -0.030214
v 0.000000 1.580186 -0.034934
v -0.027151 1.579530 -0.029203
v -0.023078 1.563962 -0.025080
v -0.049204 1.577560 -0.011641
v -0.042590 1.561981 -0.009889
v -0.036125 1.522758 0.015932
v -0.034044 1.525633 0.001318
v -0.044542 1.543478 0.007021
v -0.047101 1.538561 0.023881
v -0.076358 1.617149 0.037378
v -0.076344 1.613263 0.029511
v -0.080573 1.622786 0.019501
v -0.078610 1.629515 0.029596
v -0.014462 1.529865 -0.019593
v 0.000000 1.531031 -0.022466
v 0.000000 1.548934 -0.026204
v -0.018760 1.547233 -0.022193
v -0.026355 1.528188 -0.011044
v -0.034260 1.546291 -0.010944
v -0.030675 1.519259 0.031692
v -0.043117 1.530466 0.040515
v -0.021144 1.517080 0.040913
v -0.035563 1.523361 0.060921
v -0.074932 1.624159 0.051934
v -0.077320 1.633894 0.033068
v -0.075116 1.642377 0.052126
v -0.010067 1.515877 0.046193
v -0.017678 1.515289 0.078156
v 0.000000 1.515636 0.047667
v 0.000000 1.512821 0.084299
v -0.083362 1.633013 0.013337
v -0.084492 1.628116 0.008567
v -0.081028 1.634287 0.021498
v -0.082053 1.607069 0.015276
v -0.079229 1.594328 0.013263
v -0.083198 1.607015 0.007380
v -0.074780 1.599823 0.039991
v -0.073526 1.605681 0.054399
v -0.070671 1.587857 0.051527
v -0.072285 1.587824 0.039455
v -0.073811 1.589019 0.036707
v -0.077846 1.594748 0.027624
v -0.076021 1.603173 0.030505
v -0.076888 1.587781 0.022720
v -0.074566 1.585841 0.031041
v -0.074621 1.609818 0.021618
v -0.085047 1.619328 0.006670
v -0.070452 1.586310 0.022076
v -0.077960 1.637595 0.022740
v -0.080913 1.634609 0.013204
v -0.076993 1.635785 0.012902
v -0.082461 1.628417 0.006728
v -0.075166 1.622914 0.006495
v -0.081679 1.619370 0.004261
v -0.079536 1.606994 0.005263
v -0.076567 1.594645 0.012069
v -0.070913 1.596176 0.012657
v -0.072677 1.609386 0.007020
v 0.000000 1.597890 -0.042298
v -0.032294 1.598102 -0.035396
v -0.055154 1.596925 -0.016359
v -0.060137 1.624944 -0.024467
v -0.035182 1.625771 -0.046239
v 0.000000 1.628238 -0.054728
v -0.037254 1.665647 -0.052973
v -0.063797 1.659210 -0.029117
v 0.000000 1.670592 -0.063101
v -0.038052 1.703969 -0.045928
v 0.000000 1.713286 -0.054260
v -0.064235 1.690132 -0.026877
v 0.000000 1.741708 -0.025137
v -0.040130 1.730596 -0.019749
v -0.038495 1.745543 0.017128
v 0.000000 1.755316 0.016418
v 0.000000 1.756166 0.051356
v -0.038463 1.747195 0.049579
v 0.000000 1.722878 0.107530
v -0.033180 1.713935 0.105220
v -0.037870 1.737893 0.079960
v 0.000000 1.746315 0.081411
v 0.000000 1.693115 0.120609
v -0.028716 1.687441 0.115957
v -0.061335 1.671653 0.090647
v -0.047698 1.682496 0.104849
v 0.000000 1.672764 0.122961
v -0.012552 1.668080 0.121649
v -0.063473 1.713113 -0.008080
v -0.065437 1.723392 0.019804
v -0.064935 1.723369 0.050469
v -0.060864 1.718611 0.071149
v -0.055237 1.703442 0.091148
v -0.066734 1.684874 0.077295
v -0.073308 1.693378 0.052047
v -0.075443 1.698053 0.021561
v -0.073228 1.688835 -0.002768
v -0.073976 1.659545 -0.005938
v -0.070092 1.626724 -0.006397
v -0.065665 1.597809 0.000755
v -0.069229 1.659418 0.074382
v -0.074319 1.662369 0.056107
v -0.077431 1.665214 0.038119
v -0.077898 1.666803 0.017878
v 0.006828 1.558764 0.111929
v 0.006828 1.557104 0.114485
v 0.013954 1.559266 0.107956
v 0.013954 1.557763 0.109871
v 0.020104 1.559246 0.104381
v 0.020104 1.558068 0.105719
v 0.006842 1.554317 0.111526
v 0.006842 1.555767 0.113997
v 0.015012 1.554909 0.107580
v 0.015012 1.555909 0.109418
v 0.020384 1.555395 0.103884
v 0.020384 1.556315 0.105128
v 0.025188 1.556013 0.100941
v 0.025188 1.556985 0.101963
v 0.026044 1.559408 0.101099
v 0.025961 1.558517 0.102015
v 0.026223 1.557642 0.101673
v 0.026716 1.557659 0.100541
v 0.006766 1.564194 0.110899
v 0.013690 1.564331 0.106849
v 0.019768 1.564797 0.103129
v 0.006951 1.548594 0.110273
v 0.015268 1.549364 0.106416
v 0.020858 1.550020 0.102893
v 0.025924 1.550873 0.100161
v 0.028648 1.557520 0.097847
v 0.027445 1.563139 0.099266
v 0.006721 1.568486 0.104863
v 0.016512 1.574727 0.062810
v 0.013499 1.568624 0.100757
v 0.019525 1.569114 0.096933
v 0.007030 1.544217 0.104079
v 0.018327 1.539697 0.060835
v 0.015454 1.545040 0.100287
v 0.021201 1.545755 0.096890
v 0.026457 1.541685 0.064601
v 0.026457 1.546695 0.094312
v 0.031246 1.557054 0.055097
v 0.030433 1.557393 0.090359
v 0.028460 1.571062 0.069896
v 0.028460 1.566362 0.093804
v 0.017420 1.556574 0.048768
v 0.006842 1.555251 0.117228
v 0.015012 1.556025 0.112086
v 0.020384 1.556662 0.107269
v 0.025188 1.557395 0.103434
v 0.026044 1.558219 0.103388
v 0.026184 1.557665 0.103338
v 0.020104 1.557946 0.107936
v 0.013954 1.557464 0.112597
v 0.006828 1.557316 0.117773
v 0.055198 1.620554 0.088896
v 0.056797 1.621593 0.087567
v 0.056281 1.618763 0.087586
v 0.055023 1.619179 0.088638
v 0.054087 1.628180 0.092104
v 0.053238 1.626617 0.092401
v 0.045610 1.631664 0.098457
v 0.046568 1.633676 0.098326
v 0.036151 1.632577 0.102805
v 0.036257 1.634659 0.103206
v 0.053545 1.614755 0.089923
v 0.052233 1.616293 0.090743
v 0.046052 1.612537 0.094355
v 0.046995 1.610304 0.094159
v 0.038454 1.608095 0.098024
v 0.038147 1.610912 0.097801
v 0.017421 1.613811 0.103244
v 0.017027 1.612104 0.103023
v 0.016328 1.613922 0.103969
v 0.026558 1.628969 0.105357
v 0.025695 1.630782 0.106084
v 0.019532 1.621124 0.104675
v 0.018248 1.622116 0.105276
v 0.015398 1.614044 0.104578
v 0.021105 1.611527 0.102118
v 0.019881 1.609138 0.102747
v 0.016045 1.611360 0.103872
v 0.029428 1.607868 0.100949
v 0.029943 1.610556 0.100725
v 0.044484 1.629444 0.098569
v 0.052242 1.624835 0.092734
v 0.021686 1.630896 0.063835
v 0.036027 1.630296 0.102286
v 0.027572 1.626982 0.104463
v 0.021041 1.620030 0.103949
v 0.006277 1.614012 0.113878
v 0.007943 1.626347 0.114195
v 0.011323 1.614220 0.108780
v 0.014135 1.624802 0.109748
v 0.021225 1.637539 0.112657
v 0.012353 1.643111 0.117962
v 0.037031 1.643715 0.108717
v 0.052243 1.644474 0.100894
v 0.066203 1.625253 0.080644
v 0.064915 1.616236 0.081892
v 0.063045 1.637330 0.087530
v 0.013143 1.608351 0.108280
v 0.017716 1.602470 0.107842
v 0.029436 1.600054 0.105143
v 0.042111 1.601123 0.101206
v 0.052686 1.604280 0.094676
v 0.061168 1.610321 0.086511
v 0.016284 1.570998 0.115491
v 0.015815 1.563447 0.117174
v 0.006908 1.565603 0.122255
v 0.007226 1.571010 0.120523
v 0.004885 1.603876 0.119928
v 0.006311 1.593044 0.126731
v 0.007088 1.586702 0.130048
v 0.016267 1.591161 0.114319
v 0.015959 1.582359 0.116298
v 0.012040 1.584800 0.124315
v 0.010933 1.592084 0.120927
v 0.006708 1.582675 0.129736
v 0.011372 1.581428 0.124933
v 0.013553 1.577560 0.117454
v 0.005772 1.579200 0.124334
v 0.007718 1.575659 0.120636
v 0.009852 1.603759 0.114341
v 0.028542 1.589157 0.109302
v 0.030598 1.579531 0.109645
v 0.027464 1.572929 0.110414
v 0.024555 1.566424 0.110931
v 0.022001 1.560929 0.111024
v 0.027112 1.558509 0.104589
v 0.031231 1.561332 0.105845
v 0.033099 1.558368 0.103474
v 0.031544 1.554507 0.102660
v 0.026841 1.556560 0.103889
v 0.027220 1.557652 0.103822
v 0.009672 1.547094 0.116161
v 0.009740 1.544367 0.112844
v 0.017894 1.550190 0.111379
v 0.019193 1.546731 0.109009
v 0.024089 1.553948 0.106084
v 0.025774 1.550286 0.105123
v 0.007397 1.561167 0.121710
v 0.015608 1.559999 0.116102
v 0.021382 1.559062 0.109976
v 0.008905 1.550725 0.117927
v 0.017059 1.553047 0.112399
v 0.022578 1.555436 0.106898
v 0.026104 1.557012 0.103783
v 0.026736 1.557668 0.103636
v 0.026629 1.558244 0.104211
v 0.010710 1.536039 0.110942
v 0.021512 1.538450 0.106264
v 0.030060 1.542993 0.101306
v 0.039628 1.549358 0.096175
v 0.042635 1.560162 0.098748
v 0.053196 1.562875 0.087809
v 0.047218 1.544594 0.083782
v 0.038900 1.568771 0.104871
v 0.048270 1.577993 0.100880
v 0.036899 1.536331 0.093406
v 0.024277 1.529849 0.103027
v 0.012847 1.526703 0.110005
v 0.045446 1.589948 0.102921
v 0.058165 1.594628 0.092486
v 0.061647 1.584333 0.085076
v 0.060923 1.571077 0.075080
v 0.058584 1.560097 0.066714
v 0.012889 1.520413 0.107305
v 0.024618 1.524035 0.098889
v 0.037525 1.530327 0.087160
v 0.047470 1.538748 0.075329
v 0.056537 1.551213 0.058114
v 0.070543 1.611664 0.071473
v 0.071736 1.628724 0.068633
v 0.067112 1.600174 0.078450
v 0.068056 1.646523 0.078355
v 0.057391 1.656660 0.097586
v 0.040783 1.657023 0.110463
v 0.025743 1.655394 0.116670
v 0.012648 1.654602 0.120384
v 0.011431 1.515857 0.100081
v 0.022638 1.518958 0.092571
v 0.045018 1.532792 0.067608
v 0.053197 1.543076 0.048978
v 0.035924 1.525509 0.080201
v 0.063445 1.563632 0.042121
v 0.057716 1.553103 0.033500
v 0.065105 1.571854 0.054260
v 0.065851 1.579315 0.063802
v 0.067148 1.591485 0.073247
v 0.066561 1.578630 0.020680
v 0.069204 1.579641 0.044906
v 0.071069 1.583796 0.031946
v 0.056383 1.561216 0.014035
v 0.027151 1.579530 -0.029203
v 0.023078 1.563962 -0.025080
v 0.042590 1.561981 -0.009889
v 0.049204 1.577560 -0.011641
v 0.044542 1.543478 0.007021
v 0.034044 1.525633 0.001318
v 0.036125 1.522758 0.015932
v 0.047101 1.538561 0.023881
v 0.080573 1.622786 0.019501
v 0.076344 1.613263 0.029511
v 0.076358 1.617149 0.037378
v 0.078610 1.629515 0.029596
v 0.014462 1.529865 -0.019593
v 0.018760 1.547233 -0.022193
v 0.026355 1.528188 -0.011044
v 0.034260 1.546291 -0.010944
v 0.030675 1.519259 0.031692
v 0.043117 1.530466 0.040515
v 0.021144 1.517080 0.040913
v 0.035563 1.523361 0.060921
v 0.077320 1.633894 0.033068
v 0.074932 1.624159 0.051934
v 0.075116 1.642377 0.052126
v 0.010067 1.515877 0.046193
v 0.017678 1.515289 0.078156
v 0.083362 1.633013 0.013337
v 0.084492 1.628116 0.008567
v 0.081028 1.634287 0.021498
v 0.079229 1.594328 0.013263
v 0.082053 1.607069 0.015276
v 0.083198 1.607015 0.007380
v 0.070670 1.587857 0.051527
v 0.073526 1.605681 0.054399
v 0.074780 1.599823 0.039991
v 0.072285 1.587824 0.039455
v 0.077846 1.594748 0.027624
v 0.073811 1.589019 0.036707
v 0.076021 1.603173 0.030505
v 0.076888 1.587781 0.022720
v 0.074566 1.585841 0.031041
v 0.074621 1.609818 0.021618
v 0.085047 1.619328 0.006670
v 0.070452 1.586310 0.022076
v 0.077960 1.637595 0.022740
v 0.080913 1.634609 0.013204
v 0.076993 1.635785 0.012902
v 0.082461 1.628417 0.006728
v 0.075166 1.622914 0.006495
v 0.081679 1.619370 0.004261
v 0.079536 1.606994 0.005263
v 0.076567 1.594645 0.012069
v 0.072677 1.609386 0.007020
v 0.070913 1.596176 0.012657
v 0.032294 1.598102 -0.035396
v 0.055154 1.596925 -0.016359
v 0.060137 1.624944 -0.024467
v 0.035182 1.625771 -0.046239
v 0.063797 1.659210 -0.029117
v 0.037254 1.665647 -0.052973
v 0.038052 1.703969 -0.045928
v 0.064235 1.690132 -0.026877
v 0.040130 1.730596 -0.019749
v 0.038495 1.745543 0.017128
v 0.038463 1.747195 0.049579
v 0.037870 1.737893 0.079960
v 0.033180 1.713935 0.105220
v 0.028716 1.687441 0.115957
v 0.047698 1.682496 0.104849
v 0.061335 1.671653 0.090647
v 0.012551 1.668080 0.121649
v 0.063472 1.713113 -0.008080
v 0.065437 1.723392 0.019804
v 0.064935 1.723369 0.050469
v 0.060864 1.718611 0.071149
v 0.055237 1.703442 0.091148
v 0.066734 1.684874 0.077295
v 0.073308 1.693378 0.052047
v 0.075443 1.698053 0.021561
v 0.073228 1.688835 -0.002768
v 0.073976 1.659545 -0.005938
v 0.070092 1.626724 -0.006397
v 0.065665 1.597809 0.000755
v 0.069229 1.659418 0.074382
v 0.074319 1.662369 0.056107
v 0.077431 1.665214 0.038119
v 0.077898 1.666803 0.017878
v -0.031524 1.526051 0.016259
v -0.029300 1.527868 0.003519
v -0.012381 1.531137 -0.014475
v 0.000000 1.532159 -0.016880
v -0.022539 1.529808 -0.007134
v -0.027470 1.523854 0.030883
v -0.019651 1.522568 0.040226
v -0.009628 1.521631 0.046168
v 0.000000 1.521418 0.047951
v 0.029300 1.527867 0.003519
v 0.031524 1.526051 0.016259
v 0.012381 1.531137 -0.014475
v 0.022539 1.529808 -0.007134
v 0.027470 1.523854 0.030883
v 0.019651 1.522568 0.040226
v 0.009628 1.521631 0.046168
v 0.000000 1.526214 0.016372
v 0.000000 1.567014 0.114965
v 0.000000 1.557164 0.111261
v -0.008803 1.557244 0.109738
v -0.009517 1.567005 0.113420
v -0.020714 1.567789 0.106611
v -0.018644 1.558481 0.103098
v -0.024797 1.560562 0.092499
v -0.028237 1.569000 0.094272
v -0.020567 1.540874 0.100005
v -0.018517 1.553721 0.101899
v -0.008838 1.552778 0.108213
v -0.009829 1.540269 0.105926
v -0.025690 1.562563 0.083550
v -0.029255 1.570215 0.082747
v 0.000000 1.552782 0.109780
v 0.000000 1.539980 0.107512
v -0.024335 1.554198 0.092455
v -0.027826 1.541670 0.090915
v -0.029715 1.542848 0.078575
v -0.025724 1.554198 0.083662
v 0.008803 1.557244 0.109738
v 0.009517 1.567005 0.113420
v 0.024797 1.560562 0.092499
v 0.018644 1.558481 0.103098
v 0.020714 1.567789 0.106611
v 0.028237 1.569000 0.094272
v 0.008838 1.552778 0.108213
v 0.018517 1.553721 0.101899
v 0.020567 1.540874 0.100005
v 0.009829 1.540269 0.105926
v 0.029255 1.570215 0.082747
v 0.025690 1.562563 0.083550
v 0.024335 1.554198 0.092455
v 0.027826 1.541670 0.090915
v 0.025724 1.554198 0.083662
v 0.029715 1.542848 0.078575
v -0.013970 1.554144 0.086266
v -0.014787 1.555476 0.072343
v 0.000000 1.554684 0.072502
v 0.000000 1.553449 0.087135
v 0.000000 1.551100 0.104024
v -0.006659 1.551909 0.102830
v -0.012012 1.552120 0.098178
v 0.000000 1.551920 0.097992
v -0.013695 1.552175 0.062658
v 0.000000 1.551799 0.063196
v -0.009870 1.543513 0.054442
v 0.000000 1.543894 0.055823
v 0.000000 1.547669 0.106165
v -0.007318 1.547366 0.104427
v -0.013284 1.547711 0.099401
v -0.018443 1.549166 0.086827
v -0.018595 1.550926 0.072480
v -0.015915 1.549278 0.063848
v -0.012854 1.542234 0.056210
v -0.014450 1.544460 0.085702
v -0.014259 1.544944 0.071066
v 0.000000 1.542287 0.087018
v 0.000000 1.542935 0.073393
v -0.012860 1.544495 0.096015
v 0.000000 1.542666 0.095948
v -0.012634 1.543965 0.065552
v 0.000000 1.542440 0.067009
v -0.010637 1.540600 0.060876
v 0.000000 1.540203 0.062404
v 0.000000 1.543807 0.101023
v -0.007240 1.544121 0.100572
v 0.014787 1.555476 0.072343
v 0.013970 1.554144 0.086266
v 0.012012 1.552120 0.098178
v 0.006659 1.551909 0.102830
v 0.013695 1.552175 0.062658
v 0.009870 1.543513 0.054442
v 0.007318 1.547366 0.104427
v 0.013283 1.547711 0.099401
v 0.018443 1.549166 0.086827
v 0.018595 1.550926 0.072480
v 0.015915 1.549278 0.063848
v 0.012854 1.542234 0.056210
v 0.014259 1.544944 0.071066
v 0.014450 1.544460 0.085702
v 0.012860 1.544495 0.096015
v 0.012634 1.543965 0.065552
v 0.010637 1.540600 0.060876
v 0.007240 1.544121 0.100572
v 0.061747 1.648782 0.037139
v 0.049825 1.664525 0.041968
v 0.018044 1.624376 0.051597
v 0.033065 1.674155 0.048264
v 0.014018 1.676206 0.055067
v -0.004416 1.670367 0.061342
v -0.019431 1.657527 0.066134
v -0.028740 1.639639 0.068712
v -0.030927 1.619428 0.068685
v -0.025659 1.599970 0.066056
v -0.013737 1.584227 0.061227
v 0.003024 1.574597 0.054931
v 0.022071 1.572546 0.048128
v 0.040505 1.578385 0.041853
v 0.055519 1.591225 0.037061
v 0.064829 1.609113 0.034483
v 0.067015 1.629324 0.034510
v 0.064649 1.645995 0.056982
v 0.053729 1.660415 0.061406
v 0.038377 1.669236 0.067172
v 0.020930 1.671115 0.073404
v 0.004045 1.665767 0.079152
v -0.009708 1.654005 0.083540
v -0.018235 1.637620 0.085902
v -0.020238 1.619107 0.085877
v -0.015412 1.601284 0.083470
v -0.004492 1.586864 0.079046
v 0.010860 1.578044 0.073279
v 0.028307 1.576164 0.067047
v 0.045192 1.581512 0.061300
v 0.058945 1.593274 0.056911
v 0.067472 1.609659 0.054549
v 0.069475 1.628172 0.054574
v 0.061199 1.640262 0.076091
v 0.052769 1.651393 0.079506
v 0.040918 1.658203 0.083958
v 0.027450 1.659653 0.088769
v 0.014415 1.655525 0.093206
v 0.003798 1.646445 0.096594
v -0.002785 1.633796 0.098417
v -0.004331 1.619505 0.098398
v -0.000606 1.605746 0.096539
v 0.007824 1.594614 0.093124
v 0.019676 1.587805 0.088672
v 0.033144 1.586354 0.083862
v 0.046179 1.590483 0.079424
v 0.056796 1.599563 0.076036
v 0.063378 1.612211 0.074213
v 0.064925 1.626503 0.074232
v 0.054902 1.634898 0.086888
v 0.048941 1.642769 0.089303
v 0.040561 1.647585 0.092451
v 0.031037 1.648611 0.095853
v 0.021820 1.645691 0.098990
v 0.014313 1.639270 0.101386
v 0.009658 1.630327 0.102675
v 0.008565 1.620221 0.102661
v 0.011199 1.610492 0.101347
v 0.017160 1.602621 0.098932
v 0.025540 1.597806 0.095784
v 0.035064 1.596780 0.092383
v 0.044281 1.599699 0.089245
v 0.051788 1.606120 0.086850
v 0.056443 1.615064 0.085560
v 0.057536 1.625169 0.085574
v 0.046093 1.628818 0.095280
v 0.043007 1.632892 0.096530
v 0.038669 1.635385 0.098160
v 0.033739 1.635916 0.099921
v 0.028968 1.634405 0.101545
v 0.025082 1.631081 0.102785
v 0.022673 1.626452 0.103452
v 0.022107 1.621221 0.103445
v 0.023470 1.616185 0.102765
v 0.026556 1.612110 0.101515
v 0.030894 1.609618 0.099885
v 0.035824 1.609087 0.098125
v 0.040595 1.610598 0.096500
v 0.044481 1.613921 0.095260
v 0.046890 1.618551 0.094593
v 0.047456 1.623782 0.094600
v 0.035372 1.622435 0.100696
v 0.025120 1.648939 0.067473
v 0.012733 1.664637 0.063810
v -0.018000 1.624376 0.051597
v -0.004332 1.674206 0.058287
v -0.023478 1.676189 0.051747
v -0.041790 1.670284 0.045183
v -0.056480 1.657390 0.039596
v -0.065312 1.639470 0.035836
v -0.066941 1.619251 0.034476
v -0.061120 1.599813 0.035722
v -0.048733 1.584115 0.039385
v -0.031668 1.574546 0.044907
v -0.012522 1.572563 0.051448
v 0.005790 1.578468 0.058012
v 0.020480 1.591362 0.063599
v 0.029312 1.609282 0.067359
v 0.030941 1.629501 0.068719
v 0.015042 1.646139 0.084809
v 0.003697 1.660518 0.081454
v -0.011935 1.669283 0.076396
v -0.029472 1.671100 0.070404
v -0.046245 1.665691 0.064392
v -0.059701 1.653880 0.059275
v -0.067791 1.637465 0.055831
v -0.069283 1.618946 0.054585
v -0.063951 1.601141 0.055726
v -0.052606 1.586762 0.059081
v -0.036974 1.577996 0.064140
v -0.019437 1.576180 0.070131
v -0.002664 1.581589 0.076143
v 0.010792 1.593400 0.081260
v 0.018882 1.609814 0.084704
v 0.020374 1.628334 0.085951
v 0.000461 1.640373 0.097619
v -0.008297 1.651473 0.095029
v -0.020364 1.658240 0.091124
v -0.033902 1.659642 0.086499
v -0.046851 1.655466 0.081858
v -0.057239 1.646348 0.077907
v -0.063484 1.633677 0.075248
v -0.064636 1.619380 0.074286
v -0.060519 1.605636 0.075168
v -0.051761 1.594535 0.077758
v -0.039694 1.587769 0.081663
v -0.026156 1.586366 0.086288
v -0.013207 1.590542 0.090929
v -0.002820 1.599660 0.094879
v 0.003425 1.612331 0.097538
v 0.004577 1.626628 0.098500
v -0.011173 1.634977 0.102151
v -0.017366 1.642826 0.100319
v -0.025899 1.647611 0.097558
v -0.035472 1.648603 0.094288
v -0.044628 1.645650 0.091006
v -0.051973 1.639203 0.088213
v -0.056389 1.630242 0.086333
v -0.057203 1.620133 0.085652
v -0.054293 1.610414 0.086276
v -0.048099 1.602565 0.088107
v -0.039567 1.597781 0.090868
v -0.029994 1.596789 0.094139
v -0.020838 1.599741 0.097420
v -0.013493 1.606189 0.100214
v -0.009077 1.615149 0.102094
v -0.008262 1.625258 0.102774
v -0.023272 1.628859 0.103238
v -0.026478 1.632922 0.102290
v -0.030895 1.635399 0.100861
v -0.035850 1.635912 0.099168
v -0.040589 1.634384 0.097469
v -0.044392 1.631047 0.096023
v -0.046677 1.626408 0.095050
v -0.047099 1.621176 0.094698
v -0.045592 1.616145 0.095020
v -0.042387 1.612082 0.095968
v -0.037970 1.609605 0.097398
v -0.033015 1.609092 0.099091
v -0.028275 1.610620 0.100789
v -0.024473 1.613957 0.102235
v -0.022187 1.618595 0.103208
v -0.021765 1.623828 0.103561
v -0.035012 1.622436 0.100806
v -0.010551 1.774239 0.012302
v -0.012349 1.777712 0.003683
v -0.014658 1.772535 0.001326
v -0.012860 1.769863 0.010229
v -0.018896 1.778799 0.009645
v -0.022050 1.772612 0.006723
v -0.002607 1.780205 0.015394
v -0.003476 1.784786 0.007239
v -0.006434 1.787616 0.014286
v 0.009239 1.778451 0.016376
v 0.011503 1.783335 0.008736
v 0.013817 1.785171 0.016256
v 0.016811 1.769154 0.006077
v 0.020912 1.766500 0.012796
v 0.012217 1.766980 0.014031
v 0.005322 1.756808 0.002456
v 0.007104 1.751345 0.008543
v 0.002511 1.757689 0.011120
v -0.013337 1.756928 0.003474
v -0.014876 1.751848 0.009942
v -0.010980 1.758032 0.011887
v -0.019986 1.771944 0.010050
v -0.022645 1.769217 0.017647
v -0.014547 1.769116 0.016468
v -0.008142 1.783603 0.015964
v -0.009781 1.782087 0.024256
v -0.005681 1.776206 0.019926
v 0.011530 1.781761 0.018328
v 0.011759 1.779595 0.026478
v 0.008964 1.773477 0.021291
v 0.023867 1.771011 0.012648
v 0.025862 1.766422 0.019235
v 0.017912 1.765001 0.016728
v 0.018443 1.759250 0.002021
v 0.019332 1.752574 0.006708
v 0.012952 1.756385 0.008766
v 0.001672 1.755723 -0.003717
v -0.001012 1.749228 -0.000009
v -0.000736 1.754211 0.004941
v -0.012455 1.764601 -0.001538
v -0.018965 1.761456 0.002767
v -0.011813 1.762847 0.007642
v -0.092789 0.837373 0.227280
v -0.041380 0.938139 0.160097
v -0.013406 0.930095 0.164334
v -0.037417 0.816929 0.228675
v -0.126718 0.828964 0.201048
v -0.070896 0.942099 0.149494
v -0.148589 0.843739 0.190641
v -0.090446 0.950552 0.148156
v -0.087942 0.940547 0.127439
v -0.161555 0.843191 0.175940
v -0.175468 0.839572 0.146972
v -0.104664 0.942876 0.109330
v -0.201403 0.854804 0.124748
v -0.122325 0.951016 0.104441
v -0.211247 0.854918 0.092280
v -0.139409 0.959122 0.088443
v -0.223469 0.861535 0.076862
v -0.140010 0.957898 0.073853
v -0.222391 0.854800 0.049399
v -0.141399 0.958044 0.054372
v -0.232223 0.860655 0.028209
v -0.144294 0.959800 0.039627
v -0.228671 0.860911 -0.005975
v -0.150858 0.964284 0.014667
v -0.226563 0.871256 -0.040540
v -0.137870 0.954792 -0.001123
v -0.205422 0.868032 -0.075440
v -0.138261 0.968690 -0.036183
v -0.197604 0.878729 -0.103407
v -0.132387 0.973211 -0.059343
v -0.173482 0.867106 -0.123388
v -0.106402 0.961006 -0.064680
v -0.161512 0.880482 -0.150513
v -0.097080 0.969083 -0.090905
v -0.130011 0.861718 -0.151614
v -0.073734 0.966168 -0.099299
v -0.102108 0.872566 -0.178804
v -0.050410 0.955291 -0.093052
v -0.077134 0.862358 -0.178747
v -0.041804 0.962731 -0.107565
v -0.049283 0.869517 -0.196618
v -0.021593 0.959250 -0.110393
v -0.012339 0.855141 -0.192343
v -0.001373 0.953952 -0.108814
v 0.003791 0.951660 -0.110844
v 0.001742 0.856153 -0.201553
v -0.133103 0.749771 0.296068
v -0.047201 0.722833 0.280154
v -0.171192 0.733825 0.252218
v -0.204018 0.745993 0.239515
v -0.230552 0.756845 0.223958
v -0.247647 0.751752 0.189129
v -0.279056 0.765703 0.144794
v -0.285409 0.761503 0.106703
v -0.304224 0.773773 0.081376
v -0.308353 0.767140 0.049314
v -0.321846 0.771777 0.021221
v -0.316576 0.770020 -0.017998
v -0.308797 0.794985 -0.077278
v -0.281804 0.781304 -0.111223
v -0.266523 0.789638 -0.150785
v -0.238987 0.791667 -0.182254
v -0.212384 0.798357 -0.218876
v -0.174207 0.776397 -0.232193
v -0.137132 0.801823 -0.262314
v -0.104188 0.780764 -0.256416
v -0.076767 0.796870 -0.282940
v -0.029847 0.780842 -0.282957
v -0.006765 0.790850 -0.296702
v -0.005537 0.820366 0.253618
v -0.000224 0.720013 0.330154
v -0.000932 0.932057 0.175632
v -0.308957 0.786221 -0.076137
v -0.314797 0.762349 -0.018132
v -0.281041 0.772871 -0.108752
v -0.265844 0.780845 -0.147858
v -0.237518 0.783345 -0.181310
v -0.214379 0.790617 -0.214675
v -0.173657 0.769220 -0.229724
v -0.139296 0.794746 -0.260569
v -0.104219 0.774135 -0.254327
v -0.078425 0.790379 -0.280429
v -0.029005 0.773441 -0.279906
v -0.133483 0.743234 0.292629
v -0.047441 0.717607 0.276009
v -0.170218 0.727054 0.248761
v -0.205006 0.740013 0.234302
v -0.230455 0.749835 0.220652
v -0.246356 0.744450 0.187585
v -0.279019 0.758504 0.142108
v -0.285262 0.754196 0.103992
v -0.303017 0.766129 0.078452
v -0.306273 0.759232 0.048710
v -0.320344 0.763651 0.019904
v -0.006111 0.783527 -0.293741
v -0.000293 0.713792 0.324920
v -0.000405 0.798257 0.234227
v -0.033851 0.800075 0.197743
v 0.230459 0.859929 0.033264
v 0.146770 0.961413 0.045761
v 0.153535 0.964687 0.013456
v 0.229749 0.864375 -0.012106
v 0.231218 0.871659 -0.027381
v 0.150253 0.961831 0.009931
v 0.226560 0.871256 -0.040230
v 0.138135 0.954833 0.000743
v 0.141470 0.972214 -0.041151
v 0.203505 0.873857 -0.086983
v 0.132668 0.973251 -0.057938
v 0.197585 0.878729 -0.103238
v 0.116960 0.967376 -0.064014
v 0.183416 0.869680 -0.112797
v 0.098960 0.968171 -0.086884
v 0.163903 0.879596 -0.147607
v 0.076853 0.966247 -0.098861
v 0.130591 0.861764 -0.151542
v 0.058884 0.954949 -0.088681
v 0.106453 0.870662 -0.175923
v 0.049320 0.962810 -0.107149
v 0.081314 0.862570 -0.178393
v 0.032778 0.956222 -0.105308
v 0.063016 0.869876 -0.194735
v 0.016032 0.959605 -0.115259
v 0.032812 0.858635 -0.192115
v 0.026237 0.816929 0.228382
v 0.010912 0.930096 0.164337
v 0.038940 0.942319 0.167591
v 0.081173 0.837715 0.230056
v 0.060682 0.936661 0.142990
v 0.110450 0.825202 0.208074
v 0.089097 0.948651 0.141688
v 0.152262 0.846134 0.187280
v 0.102302 0.943688 0.110993
v 0.173079 0.841243 0.149100
v 0.119165 0.953098 0.111999
v 0.197027 0.855310 0.128329
v 0.139697 0.960856 0.086592
v 0.213842 0.858143 0.089928
v 0.132652 0.952820 0.064772
v 0.221367 0.857574 0.067083
v 0.044374 0.722833 0.280126
v 0.117724 0.744920 0.297539
v 0.159267 0.736954 0.265621
v 0.215372 0.750908 0.234140
v 0.247663 0.751754 0.189125
v 0.276515 0.763877 0.147500
v 0.289286 0.764267 0.101219
v 0.307910 0.772491 0.067116
v 0.318047 0.769973 0.028447
v 0.315244 0.771356 -0.025806
v 0.315043 0.785404 -0.051748
v 0.308797 0.794985 -0.077278
v 0.276281 0.782622 -0.125107
v 0.266523 0.789638 -0.150785
v 0.247746 0.787563 -0.169076
v 0.218432 0.800236 -0.213505
v 0.174207 0.776397 -0.232193
v 0.143019 0.801513 -0.260645
v 0.104188 0.780764 -0.256416
v 0.083747 0.799938 -0.282469
v 0.045020 0.781079 -0.278819
v 0.313361 0.764083 -0.027194
v 0.316526 0.761855 0.026433
v 0.313101 0.777655 -0.053789
v 0.045045 0.717607 0.275995
v 0.119567 0.738754 0.292919
v 0.156904 0.730217 0.264229
v 0.215888 0.744501 0.229450
v 0.246372 0.744452 0.187582
v 0.276419 0.756751 0.144600
v 0.289079 0.757030 0.097584
v 0.305970 0.764617 0.066923
v 0.046043 0.773401 -0.274998
v -0.003752 0.845557 -0.190561
v 0.030572 0.837295 -0.184074
v 0.214222 0.834247 -0.012224
v 0.217298 0.833081 0.025326
v 0.207608 0.845084 -0.029176
v 0.308957 0.786221 -0.076137
v 0.204196 0.850344 -0.044855
v 0.274339 0.774557 -0.124115
v 0.181688 0.842581 -0.077242
v 0.265844 0.780845 -0.147858
v 0.175766 0.846901 -0.094468
v 0.247279 0.778746 -0.166317
v 0.163185 0.844062 -0.106316
v 0.219684 0.792135 -0.210090
v 0.145006 0.852414 -0.135509
v 0.173657 0.769220 -0.229724
v 0.116848 0.835484 -0.151895
v 0.143384 0.794896 -0.259740
v 0.095693 0.853133 -0.167827
v 0.104219 0.774135 -0.254327
v 0.070664 0.837942 -0.169355
v 0.083779 0.793577 -0.281024
v 0.055193 0.851266 -0.181410
v 0.030350 0.800076 0.197710
v 0.081596 0.815993 0.210229
v 0.107303 0.808288 0.187591
v 0.147492 0.819455 0.166022
v 0.167931 0.818756 0.135683
v 0.189715 0.829755 0.105497
v 0.197119 0.828865 0.074923
v 0.210067 0.834229 0.053077
v -0.215357 0.832965 -0.006037
v -0.204229 0.850344 -0.044855
v -0.185561 0.840780 -0.067000
v -0.175799 0.846901 -0.094468
v -0.157140 0.846513 -0.115569
v -0.141327 0.851434 -0.138979
v -0.116848 0.835484 -0.151895
v -0.092359 0.853072 -0.168650
v -0.070664 0.837942 -0.169355
v -0.050942 0.849191 -0.181436
v -0.018926 0.837776 -0.187620
v -0.092095 0.818676 0.209079
v -0.115980 0.806592 0.178042
v -0.139369 0.816212 0.169768
v -0.157392 0.822784 0.158982
v -0.167857 0.818722 0.135679
v -0.189684 0.829742 0.105496
v -0.193647 0.826691 0.078909
v -0.201532 0.836217 0.060073
v -0.209839 0.830468 0.040555
v -0.220236 0.834558 0.020605
v 0.190423 0.924581 0.026663
v 0.112004 1.015693 0.054312
v 0.119339 1.019406 0.037709
v 0.208268 0.938941 -0.003176
v 0.258596 0.860294 0.017463
v 0.262001 0.876140 -0.022200
v 0.119024 1.017640 0.006027
v 0.177903 0.926917 -0.033637
v 0.238244 0.871755 -0.063822
v 0.105771 1.025765 -0.021698
v 0.180443 0.947317 -0.082200
v 0.220010 0.887790 -0.114265
v 0.088829 1.023982 -0.042085
v 0.143584 0.927424 -0.094016
v 0.192500 0.874190 -0.140691
v 0.077861 1.031591 -0.061173
v 0.136534 0.940990 -0.129548
v 0.178572 0.891158 -0.174508
v 0.052163 1.040222 -0.071298
v 0.097979 0.923240 -0.133700
v 0.130310 0.868494 -0.186754
v 0.034222 1.019055 -0.060170
v 0.083243 0.934064 -0.156038
v 0.104289 0.880630 -0.215198
v 0.027735 1.047087 -0.068916
v 0.061799 0.926823 -0.157823
v 0.078519 0.873899 -0.220557
v 0.016355 1.046858 -0.073226
v 0.044004 0.934510 -0.175034
v 0.052423 0.879028 -0.235339
v 0.003341 1.025664 -0.064450
v 0.017371 0.922229 -0.165571
v 0.023255 0.866655 -0.230051
v 0.015490 0.888782 0.202950
v 0.008305 1.004829 0.134980
v 0.031445 1.000045 0.135094
v 0.063370 0.909065 0.210662
v 0.029522 0.819685 0.253468
v 0.085853 0.842752 0.259609
v 0.045767 0.997639 0.124328
v 0.075624 0.894791 0.179885
v 0.113085 0.832077 0.228370
v 0.062387 1.004257 0.123924
v 0.116882 0.918226 0.189658
v 0.156100 0.849974 0.220351
v 0.070171 0.996158 0.099759
v 0.131573 0.902207 0.137886
v 0.181235 0.844315 0.178156
v 0.090520 1.009029 0.112861
v 0.166664 0.923377 0.143894
v 0.212013 0.861023 0.161122
v 0.099304 1.009684 0.094822
v 0.168614 0.917843 0.105397
v 0.224720 0.857411 0.120751
v 0.105073 1.010613 0.084935
v 0.191052 0.932458 0.098066
v 0.243917 0.867241 0.102328
v 0.106950 1.010502 0.074616
v 0.180639 0.923207 0.073650
v 0.247412 0.861846 0.073652
v 0.112709 1.015113 0.066979
v 0.202127 0.937621 0.056286
v 0.257011 0.864222 0.046660
v -0.001696 0.891545 0.217805
v 0.000000 1.006101 0.137191
v 0.011511 0.922640 -0.170857
v 0.000006 1.025759 -0.064086
v 0.005576 0.866875 -0.238991
v -0.001088 0.821884 0.280276
v 0.027398 0.815239 0.251381
v 0.084607 0.837912 0.257925
v -0.002218 0.817252 0.276017
v 0.004688 0.859401 -0.236942
v 0.021548 0.860371 -0.228680
v 0.051812 0.872856 -0.234191
v 0.075719 0.867781 -0.220525
v 0.103891 0.874260 -0.214114
v 0.128332 0.862196 -0.186748
v 0.178360 0.884240 -0.174647
v 0.192528 0.867345 -0.141195
v 0.220850 0.879186 -0.114687
v 0.238588 0.863119 -0.063615
v 0.260773 0.869450 -0.023734
v 0.256932 0.853410 0.017833
v 0.255279 0.857610 0.044822
v 0.245509 0.855278 0.074377
v 0.242250 0.861088 0.100085
v 0.222533 0.851162 0.119533
v 0.210928 0.855379 0.157983
v 0.178864 0.838235 0.177885
v 0.155210 0.845042 0.217900
v 0.110259 0.826720 0.228006
v 0.007409 0.901907 -0.176925
v 0.020457 0.902338 -0.170662
v 0.044013 0.911936 -0.174622
v 0.061825 0.906463 -0.162793
v 0.082283 0.912827 -0.158821
v 0.098439 0.901829 -0.134931
v 0.135624 0.918696 -0.127175
v 0.144734 0.905789 -0.099830
v 0.166982 0.916571 -0.081063
v 0.179740 0.904003 -0.042138
v 0.198101 0.908786 -0.013628
v 0.193629 0.896564 0.018383
v 0.194239 0.899787 0.037918
v 0.184936 0.897610 0.061278
v 0.184436 0.902323 0.079928
v 0.169188 0.894147 0.095046
v 0.159367 0.900378 0.127745
v 0.134627 0.883996 0.139104
v 0.118327 0.891566 0.172029
v 0.083497 0.874095 0.176964
v 0.063329 0.883988 0.200108
v 0.021307 0.866612 0.195382
v -0.002935 0.867377 0.212099
v -0.119344 1.019406 0.037148
v -0.208137 0.938925 -0.004842
v -0.196749 0.933318 -0.014937
v -0.118363 1.012128 0.028244
v -0.177491 0.926807 -0.041642
v -0.118921 1.016404 0.002580
v -0.185002 0.945923 -0.077030
v -0.107530 1.027251 -0.019804
v -0.143262 0.927385 -0.094809
v -0.088824 1.023974 -0.042620
v -0.134734 0.940894 -0.130029
v -0.077858 1.031588 -0.061459
v -0.123447 0.941253 -0.141770
v -0.069341 1.026595 -0.058980
v -0.093094 0.922986 -0.134220
v -0.052157 1.032591 -0.071388
v -0.071572 0.933679 -0.156625
v -0.034208 1.019055 -0.060171
v -0.045013 0.926376 -0.158664
v -0.027723 1.028563 -0.068917
v -0.009824 0.934750 -0.178180
v -0.015748 1.032286 -0.076724
v 0.004160 0.922198 -0.165972
v -0.003328 1.025664 -0.064450
v -0.065299 0.908424 0.210098
v -0.031449 1.000045 0.135094
v -0.008305 1.004829 0.134980
v -0.020593 0.888781 0.203103
v -0.086444 0.895111 0.177078
v -0.049111 0.998975 0.126415
v -0.121449 0.915969 0.185899
v -0.063138 1.004460 0.123798
v -0.133831 0.915159 0.171162
v -0.064899 1.002226 0.116078
v -0.136434 0.900331 0.134420
v -0.070477 0.996074 0.099500
v -0.148146 0.904397 0.129555
v -0.073872 1.000643 0.099768
v -0.173594 0.920561 0.138542
v -0.090900 1.008926 0.112585
v -0.177472 0.920314 0.122168
v -0.089750 1.004184 0.101375
v -0.174597 0.916141 0.101483
v -0.099613 1.009599 0.094489
v -0.195383 0.931229 0.095022
v -0.105330 1.010543 0.084568
v -0.191760 0.929141 0.061867
v -0.113464 1.015416 0.075233
v -0.202807 0.937429 0.054936
v -0.112831 1.015079 0.066585
v -0.197274 0.932442 0.037796
v -0.109545 1.013554 0.059930
v -0.190495 0.924567 0.025227
v -0.112036 1.015685 0.053911
v -0.261963 0.876140 -0.022482
v -0.256794 0.878727 -0.037475
v -0.234351 0.869331 -0.070285
v -0.223690 0.885639 -0.108437
v -0.192503 0.874190 -0.140721
v -0.178573 0.891158 -0.174508
v -0.167812 0.888015 -0.181829
v -0.128574 0.868363 -0.186953
v -0.098350 0.880229 -0.215791
v -0.069065 0.873483 -0.221234
v -0.032221 0.875685 -0.235281
v -0.011108 0.866454 -0.230525
v -0.087548 0.842273 0.260464
v -0.040652 0.819685 0.253975
v -0.119689 0.830319 0.223690
v -0.155332 0.848059 0.219674
v -0.167262 0.851080 0.211488
v -0.183583 0.841884 0.175470
v -0.191814 0.843864 0.165301
v -0.215052 0.859191 0.158689
v -0.223519 0.862674 0.147672
v -0.226983 0.856702 0.119426
v -0.245410 0.866853 0.101502
v -0.249324 0.859447 0.057584
v -0.257013 0.864222 0.046587
v -0.261391 0.865426 0.031421
v -0.258601 0.860294 0.017324
v -0.039320 0.815239 0.251822
v -0.087311 0.837466 0.258773
v -0.117967 0.824900 0.222444
v -0.154640 0.843248 0.217266
v -0.164777 0.845829 0.210556
v -0.180756 0.836031 0.175533
v -0.190131 0.838214 0.163458
v -0.213616 0.853732 0.155799
v -0.220997 0.856513 0.146854
v -0.224580 0.850538 0.118344
v -0.243536 0.860755 0.099370
v -0.247409 0.853023 0.056311
v -0.255281 0.857610 0.044760
v -0.259837 0.858433 0.031492
v -0.256936 0.853410 0.017729
v -0.260743 0.869450 -0.023983
v -0.256795 0.871509 -0.037346
v -0.234256 0.862420 -0.070660
v -0.223997 0.878735 -0.109504
v -0.192531 0.867345 -0.141224
v -0.178360 0.884240 -0.174647
v -0.168297 0.881559 -0.180400
v -0.126884 0.862087 -0.186911
v -0.098603 0.873904 -0.214641
v -0.067108 0.867406 -0.221137
v -0.033722 0.869637 -0.233764
v -0.011071 0.860200 -0.229090
v -0.029674 0.866611 0.195754
v -0.066044 0.883488 0.200561
v -0.089796 0.873283 0.173145
v -0.119645 0.889687 0.170603
v -0.128717 0.890451 0.164910
v -0.137942 0.881966 0.136517
v -0.146602 0.884542 0.128732
v -0.163428 0.898339 0.124821
v -0.171214 0.899323 0.117649
v -0.172224 0.893337 0.093380
v -0.186267 0.901836 0.078863
v -0.188266 0.896062 0.046682
v -0.194229 0.899787 0.037769
v -0.195914 0.900373 0.028080
v -0.193622 0.896564 0.018130
v -0.198019 0.908786 -0.014086
v -0.193600 0.910118 -0.023032
v -0.176253 0.903835 -0.048152
v -0.169508 0.916187 -0.078033
v -0.144729 0.905789 -0.099959
v -0.135609 0.918696 -0.127177
v -0.128280 0.917748 -0.133934
v -0.096497 0.901683 -0.135169
v -0.075232 0.912397 -0.159516
v -0.050891 0.906020 -0.163590
v -0.021435 0.909807 -0.175306
v -0.004661 0.902133 -0.171280
v -0.139289 0.983727 0.030347
v -0.153665 0.998584 0.016716
v -0.193389 0.972476 0.009471
v -0.174477 0.955419 0.028699
v -0.131458 0.981109 -0.012802
v -0.163111 0.954156 -0.024649
v -0.144776 1.001022 -0.031871
v -0.172986 0.977972 -0.052022
v -0.132038 1.002275 -0.055473
v -0.160716 0.978809 -0.074630
v -0.152857 0.976228 -0.082881
v -0.125934 0.999023 -0.062257
v -0.101484 0.984371 -0.070705
v -0.128149 0.958922 -0.093225
v -0.099841 0.997747 -0.094262
v -0.123265 0.972396 -0.122833
v -0.069619 0.990917 -0.099161
v -0.094429 0.968614 -0.140740
v -0.056045 0.979924 -0.101441
v -0.071908 0.952949 -0.128832
v -0.041410 0.990451 -0.121825
v -0.053852 0.965033 -0.154501
v -0.023455 0.980532 -0.115223
v -0.028869 0.953861 -0.151129
v -0.009931 0.992696 -0.129347
v -0.012248 0.965779 -0.166438
v 0.005828 0.978741 -0.116985
v 0.009340 0.952148 -0.154134
v -0.012974 0.950047 0.165956
v -0.041147 0.964494 0.173018
v -0.053773 0.934659 0.203832
v -0.017466 0.916368 0.192913
v -0.053482 0.951019 0.144332
v -0.078232 0.918754 0.168124
v -0.085928 0.972146 0.151295
v -0.106405 0.942133 0.181257
v -0.117448 0.942646 0.172856
v -0.097114 0.971652 0.149285
v -0.094896 0.957321 0.116003
v -0.120862 0.926250 0.129708
v -0.128359 0.958853 0.116699
v -0.151987 0.949849 0.132267
v -0.133290 0.974692 0.097367
v -0.164821 0.948932 0.100776
v -0.146913 0.985928 0.088826
v -0.186430 0.961819 0.096237
v -0.134420 0.975035 0.068533
v -0.168449 0.946895 0.071923
v -0.149533 0.990117 0.055214
v -0.186681 0.962621 0.055128
v -0.001436 0.918460 0.207131
v -0.001652 0.952015 0.177474
v 0.131823 0.981164 -0.011045
v 0.156172 0.999944 0.023941
v 0.191965 0.971864 0.016350
v 0.161632 0.954612 -0.022361
v 0.146814 1.004472 -0.032386
v 0.171271 0.978234 -0.050180
v 0.162889 0.979013 -0.066760
v 0.135769 1.002543 -0.048455
v 0.151247 0.975523 -0.081272
v 0.125469 1.001798 -0.057182
v 0.106560 0.984984 -0.063946
v 0.132569 0.958753 -0.082763
v 0.121477 0.959753 -0.101869
v 0.096973 0.983807 -0.076132
v 0.101072 0.997751 -0.093791
v 0.123403 0.972489 -0.122282
v 0.082452 0.992067 -0.094702
v 0.104983 0.970045 -0.139224
v 0.064536 0.982025 -0.097230
v 0.084542 0.952515 -0.120663
v 0.053511 0.988529 -0.117838
v 0.067825 0.964917 -0.153535
v 0.034063 0.980496 -0.115605
v 0.046510 0.954684 -0.150287
v 0.023788 0.992520 -0.130211
v 0.034984 0.965297 -0.166713
v 0.036228 0.964679 0.173197
v 0.007605 0.950048 0.165956
v 0.009863 0.917419 0.194422
v 0.049470 0.935188 0.205749
v 0.046903 0.951599 0.144901
v 0.063420 0.919629 0.169742
v 0.084941 0.971517 0.159838
v 0.105952 0.944372 0.182986
v 0.094128 0.958532 0.116766
v 0.118467 0.927445 0.132151
v 0.130647 0.960315 0.118756
v 0.154556 0.951912 0.134789
v 0.133771 0.966697 0.107564
v 0.158664 0.951992 0.118101
v 0.145936 0.983715 0.090455
v 0.181177 0.962557 0.099298
v 0.133543 0.975376 0.069954
v 0.164441 0.947907 0.074244
v 0.149505 0.990254 0.056500
v 0.184270 0.962385 0.056744
v 0.139541 0.983728 0.031713
v 0.172671 0.955825 0.030434
v -0.165596 0.960663 -0.023813
v -0.116015 1.026796 0.002445
v -0.124878 1.032300 0.034699
v -0.195776 0.977982 0.008942
v -0.176987 0.983177 -0.050644
v -0.124333 1.038839 -0.018711
v -0.162387 0.985571 -0.078400
v -0.109145 1.032522 -0.033655
v -0.152310 0.980702 -0.088775
v -0.106592 1.036853 -0.043981
v -0.129259 0.964273 -0.095419
v -0.086944 1.027662 -0.049710
v -0.124505 0.978588 -0.125986
v -0.081548 1.036767 -0.067355
v -0.090279 0.970771 -0.146466
v -0.059869 1.031582 -0.080009
v -0.071419 0.958215 -0.132712
v -0.047447 1.026665 -0.079094
v -0.052413 0.971115 -0.159624
v -0.035855 1.028962 -0.085650
v -0.029608 0.960306 -0.155205
v -0.023090 1.027912 -0.081686
v -0.009893 0.971733 -0.170526
v -0.012971 1.035468 -0.093726
v 0.011160 0.957730 -0.158069
v 0.001626 1.027839 -0.084332
v -0.054392 0.939664 0.207365
v -0.033286 1.000848 0.151943
v -0.012961 0.995075 0.145370
v -0.016995 0.921051 0.197555
v -0.078461 0.924012 0.172811
v -0.048089 0.994567 0.133971
v -0.106787 0.946387 0.185765
v -0.074934 1.008178 0.143794
v -0.123253 0.947649 0.172935
v -0.078786 1.003883 0.134600
v -0.121916 0.932354 0.135263
v -0.080126 0.998793 0.116723
v -0.149829 0.959094 0.137653
v -0.094704 1.009293 0.118712
v -0.165255 0.955203 0.107538
v -0.105204 1.014916 0.104605
v -0.189511 0.967815 0.096590
v -0.111545 1.018651 0.093210
v -0.171679 0.958318 0.073478
v -0.110946 1.022166 0.077972
v -0.189784 0.968338 0.056997
v -0.119687 1.025725 0.066083
v -0.177325 0.960997 0.032183
v -0.117278 1.024883 0.050119
v -0.104882 1.061559 0.049609
v -0.099442 1.059666 0.061131
v -0.107615 1.064732 0.027362
v -0.104772 1.067494 0.009460
v -0.099189 1.069671 -0.002411
v -0.094890 1.070894 -0.008246
v -0.081763 1.073455 -0.020068
v -0.065812 1.074891 -0.026736
v -0.050866 1.075590 -0.030111
v -0.040874 1.075785 -0.031334
v -0.034009 1.075912 -0.031499
v -0.019747 1.076203 -0.031928
v -0.012002 1.076364 -0.032133
v -0.000004 1.076501 -0.031919
v -0.033817 1.048605 0.117324
v -0.009271 1.048597 0.116325
v -0.047221 1.049215 0.114894
v -0.057010 1.050276 0.111621
v -0.059966 1.050847 0.108868
v -0.063000 1.051402 0.106280
v -0.070429 1.052469 0.101166
v -0.079900 1.054065 0.091860
v -0.085733 1.055535 0.084128
v -0.090984 1.056854 0.076921
v -0.094554 1.057984 0.070746
v -0.000870 0.998356 0.152770
v -0.001098 0.923690 0.211994
v -0.000898 1.048702 0.115621
v 0.177356 0.961001 0.033797
v 0.117550 1.024789 0.050488
v 0.127072 1.035113 0.039048
v 0.197079 0.976609 0.018719
v 0.116343 1.021792 0.003438
v 0.165854 0.960712 -0.021419
v 0.124678 1.033875 -0.017845
v 0.177115 0.983218 -0.048949
v 0.166846 0.985987 -0.069818
v 0.112619 1.033679 -0.028452
v 0.152327 0.980742 -0.087465
v 0.106839 1.036954 -0.043425
v 0.091341 1.028462 -0.046653
v 0.133681 0.964210 -0.087575
v 0.125940 0.964453 -0.101422
v 0.083181 1.026972 -0.052083
v 0.081987 1.036806 -0.067150
v 0.126257 0.978680 -0.125477
v 0.066338 1.040017 -0.071854
v 0.107090 0.985806 -0.144990
v 0.051661 1.045546 -0.079741
v 0.084084 0.957065 -0.126457
v 0.038512 1.038316 -0.086146
v 0.068622 0.971265 -0.158696
v 0.025895 1.045848 -0.081712
v 0.050574 0.960537 -0.154252
v 0.016813 1.035646 -0.094596
v 0.035329 0.971656 -0.171236
v 0.011304 0.925797 0.197591
v 0.010106 0.996339 0.147023
v 0.027922 1.000754 0.152738
v 0.053503 0.940164 0.208890
v 0.040210 0.993828 0.135289
v 0.067459 0.924964 0.174308
v 0.061440 1.005436 0.145121
v 0.110215 0.949177 0.187485
v 0.073496 0.998559 0.117644
v 0.123022 0.933577 0.137753
v 0.089206 1.008491 0.119797
v 0.153604 0.961225 0.140230
v 0.097425 1.011119 0.108491
v 0.156229 0.962388 0.121169
v 0.111130 1.018855 0.093962
v 0.186359 0.968827 0.099353
v 0.110702 1.017192 0.078619
v 0.169497 0.953916 0.075844
v 0.119866 1.025578 0.066642
v 0.189278 0.968526 0.058604
v 0.007020 1.048532 0.116746
v 0.104162 1.061308 0.051331
v 0.107481 1.064819 0.027376
v 0.104770 1.067469 0.009616
v 0.100822 1.069080 0.000762
v 0.094865 1.070883 -0.008108
v 0.085364 1.072992 -0.018012
v 0.078129 1.073915 -0.021908
v 0.065789 1.074886 -0.026682
v 0.055960 1.075364 -0.028847
v 0.042682 1.075787 -0.031167
v 0.034028 1.075921 -0.031465
v 0.019705 1.076212 -0.031908
v 0.011992 1.076364 -0.032133
v 0.027771 1.048386 0.118768
v 0.039623 1.048939 0.116709
v 0.049065 1.049702 0.113472
v 0.055902 1.050864 0.107886
v 0.064721 1.051981 0.102453
v 0.071883 1.053252 0.096082
v 0.084486 1.055491 0.084356
v 0.090693 1.056842 0.076931
v 0.094495 1.057977 0.070750
v 0.099406 1.059660 0.061149
v 0.016610 0.921207 0.144172
v 0.039418 0.714073 0.198430
v -0.001990 0.725663 0.271274
v -0.002601 0.920608 0.167281
v 0.041414 0.931294 0.156423
v 0.081454 0.735526 0.260121
v 0.048855 0.924944 0.113434
v 0.092187 0.723274 0.162338
v 0.073199 0.941544 0.131831
v 0.139357 0.738474 0.213501
v 0.081988 0.937329 0.112416
v 0.147290 0.743714 0.151611
v 0.095020 0.940520 0.106658
v 0.205473 0.749235 0.167736
v 0.099814 0.943823 0.096417
v 0.185004 0.731862 0.090969
v 0.112499 0.952873 0.095739
v 0.225341 0.756351 0.122349
v 0.122438 0.953878 0.076168
v 0.204982 0.750227 0.071920
v 0.139127 0.957763 0.040646
v 0.277948 0.747219 0.024607
v 0.126651 0.964648 0.017035
v 0.184587 0.767381 -0.026762
v 0.127589 0.968395 -0.000017
v 0.248299 0.769754 -0.044027
v 0.112163 0.966192 -0.019377
v 0.164246 0.774515 -0.056583
v 0.123179 0.972756 -0.043093
v 0.232434 0.763075 -0.107079
v 0.103028 0.966029 -0.055688
v 0.157798 0.768797 -0.120616
v 0.177956 0.772173 -0.154960
v 0.094151 0.965968 -0.065627
v 0.075389 0.964865 -0.070699
v 0.114759 0.747406 -0.133617
v 0.065037 0.963720 -0.085447
v 0.133567 0.767717 -0.202284
v 0.048062 0.955400 -0.080436
v 0.077742 0.749679 -0.151128
v 0.040575 0.959316 -0.099447
v 0.075576 0.768347 -0.228586
v 0.018638 0.953453 -0.094535
v 0.035903 0.745647 -0.181264
v 0.001644 0.948851 -0.104910
v 0.000000 0.758926 -0.223014
v -0.001658 1.053172 0.039473
v 0.268418 0.734406 0.022405
v 0.165156 0.762439 -0.034160
v 0.218156 0.760703 -0.044446
v 0.148857 0.767549 -0.054981
v 0.211868 0.756120 -0.104036
v 0.152091 0.762007 -0.118966
v 0.163805 0.764879 -0.141118
v 0.104602 0.741567 -0.123677
v 0.124309 0.758552 -0.188348
v 0.076712 0.741207 -0.145863
v 0.074163 0.752144 -0.228495
v 0.037411 0.736818 -0.175528
v -0.001811 0.716520 0.264367
v 0.039367 0.706213 0.191428
v 0.080061 0.727835 0.249856
v 0.092863 0.714668 0.155222
v 0.134921 0.729795 0.195538
v 0.145090 0.736190 0.145734
v 0.196367 0.741348 0.160119
v 0.184281 0.725064 0.084358
v 0.214766 0.749354 0.108730
v 0.201144 0.743289 0.070575
v 0.000000 0.747562 -0.218829
v 0.126351 0.818401 -0.024251
v 0.202762 0.796185 0.027609
v 0.177754 0.815830 -0.027607
v 0.118157 0.822022 -0.033077
v 0.166771 0.810412 -0.073966
v 0.112911 0.817065 -0.084258
v 0.126327 0.818786 -0.110790
v 0.075963 0.801085 -0.083749
v 0.099321 0.811588 -0.138797
v 0.059184 0.800076 -0.098450
v 0.051866 0.808467 -0.157502
v 0.028543 0.796554 -0.122668
v 0.026476 0.772147 0.147432
v -0.001612 0.778914 0.201756
v 0.057872 0.787728 0.196624
v 0.071920 0.779266 0.118942
v 0.100400 0.790903 0.158930
v 0.105902 0.795145 0.112035
v 0.145147 0.797027 0.125336
v 0.133999 0.787585 0.064092
v 0.162102 0.805598 0.091398
v 0.145968 0.801119 0.057135
v 0.000000 0.801802 -0.152131
v -0.084479 0.735519 0.260152
v -0.045035 0.931060 0.156276
v -0.021120 0.921207 0.144173
v -0.040248 0.714075 0.198430
v -0.092482 0.723274 0.162338
v -0.049837 0.924834 0.113244
v -0.139690 0.738446 0.213552
v -0.075828 0.940797 0.130751
v -0.147356 0.743707 0.151624
v -0.083645 0.936820 0.111552
v -0.205359 0.749220 0.167762
v -0.097116 0.939838 0.105425
v -0.185005 0.731862 0.090969
v -0.101660 0.943328 0.095339
v -0.225341 0.756349 0.122346
v -0.115239 0.952133 0.094160
v -0.204982 0.750227 0.071920
v -0.123911 0.953481 0.075097
v -0.243725 0.758709 0.061008
v -0.131125 0.955319 0.063362
v -0.243793 0.751666 0.038107
v -0.136773 0.955853 0.050288
v -0.277948 0.747219 0.024607
v -0.139152 0.957760 0.040118
v -0.177091 0.767381 -0.031289
v -0.126656 0.964646 0.016158
v -0.248299 0.769754 -0.044027
v -0.127566 0.968389 -0.001186
v -0.159052 0.773012 -0.058150
v -0.110253 0.968240 -0.024511
v -0.232434 0.763075 -0.107079
v -0.123160 0.972751 -0.043886
v -0.157798 0.768800 -0.120616
v -0.102995 0.966023 -0.056135
v -0.177956 0.772175 -0.154960
v -0.093890 0.965947 -0.065967
v -0.108574 0.747407 -0.129809
v -0.074965 0.964833 -0.070908
v -0.133568 0.767717 -0.202284
v -0.063583 0.963630 -0.085694
v -0.074468 0.748036 -0.162416
v -0.043750 0.955541 -0.085000
v -0.075577 0.768347 -0.228586
v -0.036886 0.959152 -0.099809
v -0.035903 0.745648 -0.181264
v -0.015942 0.953367 -0.094757
v -0.219047 0.760825 -0.046516
v -0.172552 0.762439 -0.034160
v -0.154236 0.766078 -0.058025
v -0.221751 0.755250 -0.105853
v -0.152136 0.761982 -0.118999
v -0.167503 0.764829 -0.145635
v -0.104039 0.741222 -0.124766
v -0.128583 0.739468 -0.196765
v -0.070193 0.740569 -0.158268
v -0.073388 0.757810 -0.222318
v -0.037412 0.736818 -0.175528
v -0.082560 0.727045 0.248031
v -0.039699 0.706208 0.191405
v -0.092987 0.714662 0.155238
v -0.139341 0.729772 0.209488
v -0.145139 0.736185 0.145744
v -0.204147 0.741334 0.168129
v -0.184285 0.725067 0.084352
v -0.224524 0.749354 0.114903
v -0.201360 0.743357 0.069465
v -0.238829 0.748737 0.057255
v -0.240420 0.743209 0.033721
v -0.273170 0.738793 0.023126
v -0.027562 0.772347 0.147431
v -0.060535 0.787773 0.196520
v -0.072180 0.779306 0.118958
v -0.101226 0.790907 0.160682
v -0.105986 0.795158 0.112034
v -0.145987 0.796917 0.126316
v -0.134004 0.787578 0.064090
v -0.163302 0.805598 0.092129
v -0.146007 0.801134 0.056988
v -0.174437 0.804700 0.046426
v -0.177110 0.800004 0.026846
v -0.203336 0.796715 0.027696
v -0.127245 0.818401 -0.024251
v -0.177862 0.815845 -0.027857
v -0.111522 0.820344 -0.041948
v -0.167965 0.810307 -0.074186
v -0.112916 0.817063 -0.084262
v -0.126774 0.818780 -0.111336
v -0.075895 0.801044 -0.083881
v -0.099837 0.809282 -0.139814
v -0.049688 0.799646 -0.113125
v -0.051772 0.809152 -0.156756
v -0.028543 0.796554 -0.122668
v -0.006998 0.917685 0.009096
v -0.000357 1.062798 0.040822
v -0.093195 1.340950 0.072820
v -0.095166 1.356529 0.067529
v -0.088604 1.355699 0.072531
v -0.087579 1.341700 0.077289
v -0.097421 1.392937 0.053109
v -0.090602 1.392396 0.055798
v -0.098483 1.423322 0.025752
v -0.091241 1.424120 0.028241
v -0.098554 1.430999 0.007038
v -0.098622 1.433202 -0.011271
v -0.090995 1.434577 -0.011481
v -0.091117 1.432089 0.008162
v -0.099519 1.422941 -0.032316
v -0.100324 1.408052 -0.047445
v -0.093310 1.408915 -0.049248
v -0.092214 1.424047 -0.033365
v -0.086207 1.353928 0.070729
v -0.085112 1.339824 0.076406
v -0.089320 1.391190 0.052237
v -0.088894 1.421680 0.025682
v -0.089231 1.429846 -0.012265
v -0.089065 1.428491 0.006500
v -0.090933 1.406750 -0.047350
v -0.090128 1.420667 -0.032737
v -0.093498 1.361579 -0.059519
v -0.091454 1.360833 -0.056630
v -0.089632 1.317260 -0.053278
v -0.087332 1.316911 -0.051023
v -0.084902 1.299456 -0.043356
v -0.087702 1.300211 -0.045480
v -0.099786 1.360891 -0.057082
v -0.096133 1.317885 -0.048955
v -0.094416 1.302207 -0.041413
v -0.101369 1.336678 0.066291
v -0.103625 1.354838 0.061065
v -0.105127 1.393147 0.048147
v -0.105915 1.422069 0.022570
v -0.106078 1.429233 0.005423
v -0.106238 1.430932 -0.011351
v -0.106780 1.421013 -0.030902
v -0.107267 1.406431 -0.044687
v -0.106049 1.360235 -0.053254
v -0.102415 1.318486 -0.042884
v -0.101050 1.304706 -0.035443
v -0.098789 1.334764 0.064426
v -0.100704 1.354009 0.058184
v -0.104935 1.392172 0.043976
v -0.106155 1.420351 0.019835
v -0.106169 1.426073 0.003866
v -0.106184 1.426363 -0.011757
v -0.106542 1.417613 -0.029750
v -0.106864 1.404083 -0.042136
v -0.105903 1.359702 -0.049372
v -0.101428 1.318566 -0.039736
v -0.099576 1.304952 -0.032652
v 0.087749 1.341700 0.077289
v 0.085282 1.339824 0.076406
v 0.086377 1.353928 0.070729
v 0.088774 1.355699 0.072531
v 0.090772 1.392396 0.055798
v 0.089490 1.391190 0.052237
v 0.091411 1.424120 0.028241
v 0.089064 1.421680 0.025682
v 0.091291 1.431927 0.008778
v 0.089230 1.428364 0.007088
v 0.091104 1.406750 -0.047350
v 0.093480 1.408915 -0.049248
v 0.092258 1.425445 -0.031307
v 0.090205 1.421925 -0.030825
v 0.096391 1.356333 0.066379
v 0.094326 1.340609 0.071378
v 0.099133 1.393095 0.052360
v 0.100247 1.423103 0.025127
v 0.100390 1.430550 0.007297
v 0.102262 1.407739 -0.046894
v 0.101352 1.423964 -0.030081
v 0.103795 1.354838 0.061065
v 0.101539 1.336678 0.066291
v 0.105297 1.393147 0.048147
v 0.106085 1.422069 0.022570
v 0.106243 1.429095 0.005949
v 0.107437 1.406431 -0.044687
v 0.106894 1.422348 -0.029085
v 0.093668 1.361579 -0.059519
v 0.091624 1.360833 -0.056630
v 0.089802 1.317260 -0.053278
v 0.087503 1.316911 -0.051023
v 0.085072 1.299456 -0.043356
v 0.087872 1.300211 -0.045480
v 0.106220 1.360235 -0.053254
v 0.101409 1.360670 -0.056122
v 0.102585 1.318486 -0.042884
v 0.097251 1.318105 -0.048715
v 0.101220 1.304706 -0.035443
v 0.095360 1.302760 -0.041191
v 0.100874 1.354009 0.058184
v 0.098960 1.334764 0.064426
v 0.105105 1.392172 0.043976
v 0.106325 1.420351 0.019835
v 0.106339 1.425980 0.004356
v 0.107034 1.404083 -0.042136
v 0.106675 1.418827 -0.028095
v 0.106073 1.359702 -0.049372
v 0.101598 1.318566 -0.039736
v 0.099746 1.304952 -0.032652
v -0.061135 1.145249 0.101592
v -0.037865 1.141704 0.116800
v -0.037549 1.098018 0.119152
v -0.062094 1.103578 0.105754
v -0.037002 1.063469 0.123068
v -0.065993 1.071465 0.108907
v -0.037253 1.048544 0.126657
v -0.075346 1.055769 0.111421
v 0.000085 1.045221 0.131922
v 0.000085 1.060469 0.129960
v 0.000085 1.094619 0.126836
v 0.000085 1.139433 0.124821
v -0.038414 1.186237 0.118316
v 0.000085 1.186067 0.124918
v -0.045343 1.238917 0.123366
v 0.000085 1.239583 0.127151
v -0.050095 1.282043 0.133761
v 0.000085 1.282484 0.132103
v 0.000085 1.304674 0.133232
v -0.049658 1.306154 0.137215
v -0.047031 1.330821 0.128307
v 0.000085 1.325605 0.124991
v 0.000085 1.345026 0.108648
v -0.040575 1.349790 0.108780
v -0.033983 1.370002 0.089829
v 0.000085 1.358481 0.095050
v -0.034843 1.366780 0.084786
v 0.000085 1.358879 0.092086
v -0.063184 1.186239 0.103139
v -0.075127 1.235971 0.108741
v -0.085572 1.274145 0.116221
v -0.089965 1.298475 0.120655
v -0.091042 1.328172 0.115188
v -0.080024 1.355350 0.092168
v -0.095874 1.061383 0.090180
v -0.084278 1.075923 0.088025
v -0.076664 1.107162 0.087972
v -0.074921 1.147865 0.086510
v -0.078165 1.186724 0.088177
v -0.090634 1.235833 0.088927
v -0.100867 1.271453 0.087700
v -0.104349 1.290808 0.086855
v -0.106650 1.312362 0.081578
v -0.107123 1.333546 0.074344
v -0.069990 1.370477 0.075275
v -0.069794 1.366606 0.071866
v -0.102865 1.352012 0.067211
v -0.105927 1.067355 0.057945
v -0.114255 1.070748 0.031341
v -0.104686 1.085806 0.038076
v -0.098771 1.082165 0.062595
v -0.092448 1.113596 0.045781
v -0.088750 1.111369 0.067192
v -0.086228 1.151999 0.047872
v -0.083999 1.150624 0.066757
v -0.092995 1.192235 0.043682
v -0.088911 1.189617 0.065791
v -0.103593 1.234085 0.035887
v -0.100443 1.234558 0.061935
v -0.110799 1.262559 0.030172
v -0.108372 1.267672 0.057658
v -0.113428 1.275781 0.025772
v -0.111072 1.283018 0.055355
v -0.115345 1.287029 0.021785
v -0.113501 1.299086 0.050750
v -0.118145 1.302769 0.015427
v -0.116738 1.315980 0.044876
v -0.098526 1.344722 0.062982
v -0.104488 1.071594 0.007381
v -0.080200 1.073493 -0.027152
v -0.069914 1.087476 -0.016487
v -0.097060 1.087770 0.013812
v -0.063239 1.114161 -0.004618
v -0.085922 1.114912 0.021942
v -0.063076 1.151752 -0.001812
v -0.083107 1.153005 0.025234
v -0.067113 1.189291 -0.008911
v -0.089297 1.191426 0.020349
v -0.072239 1.225154 -0.021880
v -0.098242 1.229824 0.005779
v -0.076078 1.252997 -0.032010
v -0.104223 1.256422 -0.003687
v -0.077590 1.263623 -0.038057
v -0.106905 1.267882 -0.007697
v -0.078744 1.274261 -0.042977
v -0.109330 1.280019 -0.012733
v -0.081155 1.286457 -0.048049
v -0.111630 1.293007 -0.018025
v -0.113876 1.309167 -0.025263
v -0.119852 1.313507 0.011841
v -0.047837 1.074978 -0.037676
v -0.044957 1.086470 -0.029367
v -0.042452 1.113812 -0.014707
v -0.039595 1.149724 -0.012191
v -0.039427 1.187802 -0.018592
v -0.039225 1.225579 -0.032081
v -0.040365 1.252105 -0.043228
v -0.041457 1.263323 -0.047192
v -0.043369 1.274863 -0.052505
v -0.045123 1.286932 -0.057347
v -0.047990 1.303439 -0.061983
v -0.083357 1.302575 -0.054259
v 0.000085 1.076087 -0.044293
v 0.000085 1.088001 -0.035813
v 0.000085 1.113407 -0.021663
v 0.000085 1.150062 -0.016846
v 0.000085 1.186770 -0.021033
v 0.000085 1.223516 -0.032579
v 0.000085 1.251100 -0.044405
v 0.000085 1.263138 -0.049517
v 0.000085 1.273287 -0.053435
v 0.000085 1.286533 -0.058410
v 0.000085 1.302908 -0.058588
v -0.116172 1.327955 0.042173
v -0.097841 1.304067 -0.041684
v 0.000085 1.070501 -0.046401
v -0.048553 1.069454 -0.041367
v -0.081434 1.067876 -0.029855
v -0.109962 1.067097 0.003750
v -0.118148 1.065181 0.029579
v -0.109138 1.061523 0.056471
v -0.098304 1.055753 0.090623
v -0.075919 1.049860 0.113373
v -0.038269 1.043353 0.128295
v 0.000085 1.039779 0.133049
v -0.109595 1.329050 0.040908
v -0.114117 1.313589 0.011383
v -0.108089 1.308886 -0.015903
v -0.081708 1.305104 -0.046689
v -0.047352 1.303813 -0.054604
v 0.000085 1.303336 -0.052934
v 0.098011 1.304067 -0.041684
v 0.081879 1.305104 -0.046689
v 0.083527 1.302575 -0.054259
v 0.114046 1.309167 -0.025263
v 0.108260 1.308886 -0.015903
v 0.048160 1.303439 -0.061983
v 0.047522 1.303813 -0.054604
v 0.120022 1.313507 0.011841
v 0.114287 1.313589 0.011383
v 0.116342 1.327955 0.042173
v 0.109765 1.329050 0.040908
v 0.103035 1.352012 0.067211
v 0.098696 1.344722 0.062982
v 0.037423 1.048544 0.126657
v 0.038439 1.043353 0.128295
v 0.075517 1.055769 0.111421
v 0.076089 1.049860 0.113373
v 0.096045 1.061383 0.090180
v 0.098474 1.055753 0.090623
v 0.106097 1.067355 0.057945
v 0.109308 1.061523 0.056471
v 0.114425 1.070748 0.031341
v 0.118318 1.065181 0.029579
v 0.105927 1.071594 0.007381
v 0.110867 1.066246 0.005446
v 0.080370 1.073493 -0.027152
v 0.081604 1.067876 -0.029855
v 0.048007 1.074978 -0.037676
v 0.048724 1.069454 -0.041367
v 0.107293 1.333546 0.074344
v 0.116908 1.315980 0.044876
v 0.104856 1.085806 0.038076
v 0.097230 1.087770 0.013812
v 0.092618 1.113596 0.045781
v 0.086092 1.114912 0.021942
v 0.086398 1.151999 0.047872
v 0.083278 1.153005 0.025234
v 0.093165 1.192235 0.043682
v 0.089467 1.191426 0.020349
v 0.103763 1.234085 0.035887
v 0.098412 1.229824 0.005779
v 0.110969 1.262559 0.030172
v 0.104393 1.256422 -0.003687
v 0.113598 1.275781 0.025772
v 0.107075 1.267882 -0.007697
v 0.115515 1.287029 0.021785
v 0.109500 1.280019 -0.012733
v 0.081325 1.286457 -0.048049
v 0.111800 1.293007 -0.018025
v 0.118315 1.302769 0.015427
v 0.084448 1.075923 0.088025
v 0.098941 1.082165 0.062595
v 0.076834 1.107162 0.087972
v 0.088920 1.111369 0.067192
v 0.075091 1.147865 0.086510
v 0.084169 1.150624 0.066757
v 0.078336 1.186724 0.088177
v 0.089081 1.189617 0.065791
v 0.090804 1.235833 0.088927
v 0.100613 1.234558 0.061935
v 0.101037 1.271453 0.087700
v 0.108542 1.267672 0.057658
v 0.104519 1.290808 0.086855
v 0.111242 1.283018 0.055355
v 0.106820 1.312362 0.081578
v 0.113671 1.299086 0.050750
v 0.045293 1.286932 -0.057347
v 0.043539 1.274863 -0.052505
v 0.041628 1.263323 -0.047192
v 0.040535 1.252105 -0.043228
v 0.039395 1.225579 -0.032081
v 0.039597 1.187802 -0.018592
v 0.039766 1.149724 -0.012191
v 0.042622 1.113812 -0.014707
v 0.045128 1.086470 -0.029367
v 0.078915 1.274261 -0.042977
v 0.077760 1.263623 -0.038057
v 0.076248 1.252997 -0.032010
v 0.072409 1.225154 -0.021880
v 0.067283 1.189291 -0.008911
v 0.063246 1.151752 -0.001812
v 0.063409 1.114161 -0.004618
v 0.070084 1.087476 -0.016487
v 0.070160 1.370477 0.075275
v 0.069964 1.366606 0.071866
v 0.040745 1.349790 0.108780
v 0.034153 1.370002 0.089829
v 0.080194 1.355350 0.092168
v 0.035013 1.366780 0.084786
v 0.091213 1.328172 0.115188
v 0.090136 1.298475 0.120655
v 0.085742 1.274145 0.116221
v 0.075297 1.235971 0.108741
v 0.063355 1.186239 0.103139
v 0.061305 1.145249 0.101592
v 0.062265 1.103578 0.105754
v 0.066163 1.071465 0.108907
v 0.047202 1.330821 0.128307
v 0.049828 1.306154 0.137215
v 0.050265 1.282043 0.133761
v 0.045514 1.238917 0.123366
v 0.038584 1.186237 0.118316
v 0.038035 1.141704 0.116800
v 0.037720 1.098018 0.119152
v 0.037172 1.063469 0.123068
v 0.106354 1.426363 -0.011757
v 0.106408 1.430932 -0.011351
v 0.100538 1.432825 -0.011263
v 0.091165 1.434577 -0.011481
v 0.089401 1.429846 -0.012265
v 0.023666 0.133954 -0.035534
v 0.022978 0.133188 -0.029048
v 0.022934 0.109960 -0.034674
v 0.024102 0.112309 -0.049860
v 0.027419 0.096045 -0.058013
v 0.027662 0.092265 -0.053182
v 0.022978 0.133188 -0.029048
v 0.051210 0.132547 -0.034135
v 0.051238 0.131076 -0.027084
v 0.022934 0.109960 -0.034674
v 0.054447 0.108994 -0.034252
v 0.027662 0.092265 -0.053182
v 0.056100 0.095196 -0.053298
v 0.027662 0.092265 -0.053182
v 0.056100 0.095196 -0.053298
v 0.055153 0.098818 -0.058594
v 0.053092 0.117413 -0.047914
v 0.069854 0.121120 -0.042126
v 0.070203 0.120308 -0.036105
v 0.070203 0.120308 -0.036105
v 0.069362 0.109193 -0.037214
v 0.069521 0.100978 -0.049402
v 0.069674 0.103155 -0.054479
v 0.069521 0.100978 -0.049402
v 0.070595 0.115549 -0.047600
v 0.077769 0.113752 -0.050863
v 0.077594 0.102047 -0.055583
v 0.078207 0.122216 -0.041688
v 0.078497 0.121444 -0.035513
v 0.078339 0.109086 -0.037368
v 0.078497 0.121444 -0.035513
v 0.077712 0.099746 -0.050486
v 0.077712 0.099746 -0.050486
v 0.129970 0.131455 -0.033484
v 0.130016 0.132301 -0.039834
v 0.131272 0.108438 -0.039319
v 0.131553 0.110987 -0.054308
v 0.129681 0.094802 -0.062907
v 0.129273 0.090967 -0.058194
v 0.101472 0.092946 -0.055917
v 0.102783 0.107647 -0.038231
v 0.131272 0.108438 -0.039319
v 0.129273 0.090967 -0.058194
v 0.104779 0.128588 -0.032932
v 0.129970 0.131455 -0.033484
v 0.104628 0.129415 -0.039591
v 0.103153 0.111384 -0.051832
v 0.102007 0.096156 -0.061116
v 0.101472 0.092946 -0.055917
v 0.129273 0.090967 -0.058194
v 0.085960 0.113346 -0.049657
v 0.086515 0.121122 -0.042437
v 0.086295 0.120226 -0.036414
v 0.086295 0.120226 -0.036414
v 0.087102 0.109057 -0.037631
v 0.086743 0.100863 -0.049900
v 0.086743 0.100863 -0.049900
v 0.086432 0.103076 -0.054984
v 0.070696 0.108820 -0.037107
v 0.062705 0.098298 -0.040989
v 0.061161 0.099987 -0.043432
v 0.069210 0.110579 -0.039378
v 0.080399 0.107573 -0.047629
v 0.078913 0.109332 -0.049900
v 0.070507 0.097194 -0.054279
v 0.072214 0.095538 -0.051817
v 0.055503 0.080475 -0.041275
v 0.053042 0.081588 -0.044134
v 0.064046 0.080616 -0.057617
v 0.066889 0.079490 -0.055271
v 0.056441 0.060336 -0.045417
v 0.052703 0.061185 -0.047299
v 0.061116 0.064725 -0.067281
v 0.065002 0.063885 -0.065791
v 0.056290 0.047576 -0.056005
v 0.052258 0.048515 -0.057325
v 0.058719 0.054679 -0.080978
v 0.062631 0.053751 -0.080245
v 0.080399 0.107573 -0.047629
v 0.072214 0.095538 -0.051817
v 0.066889 0.079490 -0.055271
v 0.065002 0.063885 -0.065791
v 0.062631 0.053751 -0.080245
v 0.056290 0.047576 -0.056005
v 0.062631 0.053751 -0.080245
v 0.104617 0.064725 -0.060491
v 0.101076 0.063885 -0.060831
v 0.106990 0.053751 -0.071364
v 0.110288 0.054679 -0.070419
v 0.096564 0.099987 -0.038545
v 0.094361 0.098298 -0.036991
v 0.085756 0.108820 -0.037044
v 0.087850 0.110579 -0.038469
v 0.091424 0.097194 -0.052908
v 0.082203 0.109332 -0.052622
v 0.089094 0.095538 -0.051425
v 0.080109 0.107573 -0.051197
v 0.080109 0.107573 -0.051197
v 0.089094 0.095538 -0.051425
v 0.095930 0.079490 -0.052684
v 0.099044 0.080616 -0.053495
v 0.104488 0.081588 -0.036752
v 0.101475 0.080475 -0.035321
v 0.095930 0.079490 -0.052684
v 0.105886 0.061185 -0.040895
v 0.102328 0.060336 -0.040862
v 0.101076 0.063885 -0.060831
v 0.108996 0.048515 -0.049158
v 0.105444 0.047576 -0.049684
v 0.106990 0.053751 -0.071364
v 0.106990 0.053751 -0.071364
v 0.105444 0.047576 -0.049684
v 0.094022 0.069988 -0.043886
v 0.080582 0.073975 -0.053459
v 0.080276 0.034196 -0.050628
v 0.086672 0.034073 -0.048929
v 0.080344 -0.014031 -0.050420
v 0.084264 -0.013955 -0.049707
v 0.074380 0.033754 -0.049360
v 0.076143 -0.014137 -0.049330
v 0.067202 0.070820 -0.045667
v 0.085464 0.032283 -0.037886
v 0.091320 0.052101 -0.028262
v 0.084250 -0.013963 -0.039741
v 0.076228 -0.013590 -0.039919
v 0.075091 0.032547 -0.037899
v 0.069970 0.051484 -0.029433
v 0.069970 0.051484 -0.029433
v 0.075091 0.032547 -0.037899
v 0.076228 -0.013590 -0.039919
v 0.080344 -0.014031 -0.050420
v 0.076143 -0.014137 -0.049330
v 0.076228 -0.013590 -0.039919
v 0.088533 0.114275 -0.031324
v 0.091137 0.097583 -0.046010
v 0.098059 0.086580 -0.034860
v 0.097691 0.100522 -0.022413
v 0.080246 0.100659 -0.051168
v 0.080582 0.073975 -0.053459
v 0.078960 0.118448 -0.035504
v 0.080582 0.073975 -0.053459
v 0.080246 0.100659 -0.051168
v 0.069735 0.097099 -0.047414
v 0.067202 0.070820 -0.045667
v 0.063031 0.089152 -0.038973
v 0.059340 0.061074 -0.022250
v 0.069970 0.051484 -0.029433
v 0.060768 0.104044 -0.024696
v 0.057494 0.075955 -0.010138
v 0.068888 0.114487 -0.031814
v 0.100995 0.064634 -0.024170
v 0.102226 0.077634 -0.011279
v 0.094022 0.069988 -0.043886
v 0.091320 0.052101 -0.028262
v 0.096548 0.041125 -0.015726
v 0.103984 0.048119 -0.008547
v 0.101868 0.017851 0.002406
v 0.106427 0.029999 0.006003
v 0.103516 0.053806 0.001766
v 0.104868 0.036153 0.011632
v 0.108783 0.001506 0.019824
v 0.106610 -0.014124 0.018421
v 0.105738 0.000722 0.037649
v 0.107669 0.015201 0.021573
v 0.102163 0.030128 0.024241
v 0.079203 -0.013980 0.057830
v 0.079246 0.000614 0.061195
v 0.095337 -0.000047 0.054890
v 0.093946 -0.013879 0.052704
v 0.106848 -0.013397 0.033774
v 0.065093 -0.014056 0.051324
v 0.064004 0.000531 0.054108
v 0.054614 -0.014260 0.037210
v 0.055128 0.000406 0.038402
v 0.051933 0.001090 0.020203
v 0.054079 -0.014232 0.018032
v 0.103341 0.011511 0.038857
v 0.056897 0.044392 -0.007756
v 0.062100 0.036684 -0.011410
v 0.056798 0.051737 0.002227
v 0.056373 0.033782 0.015594
v 0.053564 0.023707 0.009948
v 0.058266 0.013413 0.004703
v 0.053438 0.017981 0.022475
v 0.059742 0.030003 0.026369
v 0.058199 0.012109 0.039651
v 0.095256 0.018355 0.042616
v 0.082082 0.022139 0.045773
v 0.082255 0.030160 0.040290
v 0.093662 0.030048 0.034905
v 0.068249 0.019643 0.043838
v 0.070051 0.030436 0.036972
v 0.106848 -0.013397 0.033774
v 0.106610 -0.014124 0.018421
v 0.054079 -0.014232 0.018032
v 0.054614 -0.014260 0.037210
v 0.065093 -0.014056 0.051324
v 0.093946 -0.013879 0.052704
v 0.079203 -0.013980 0.057830
v 0.101868 0.017851 0.002406
v 0.058266 0.013413 0.004703
v 0.096548 0.041125 -0.015726
v 0.062100 0.036684 -0.011410
v 0.091320 0.052101 -0.028262
v 0.069970 0.051484 -0.029433
v 0.079305 0.000796 0.038768
v 0.078958 0.115830 -0.031614
v 0.071303 0.113261 -0.029452
v 0.086104 0.112686 -0.028185
v 0.094062 0.099481 -0.020307
v 0.063503 0.103412 -0.022781
v 0.098631 0.077381 -0.009731
v 0.061196 0.076331 -0.009118
v 0.100167 0.053423 0.002612
v 0.100471 0.037066 0.012947
v 0.060821 0.052703 0.003064
v 0.060159 0.034722 0.015005
v 0.098430 0.031138 0.022876
v 0.092065 0.030869 0.030968
v 0.081633 0.031231 0.035851
v 0.071511 0.031052 0.033310
v 0.063378 0.031000 0.024569
v 0.080539 0.012260 0.011565
v 0.079225 0.080579 -0.045622
v 0.079823 0.064509 -0.031868
v 0.078815 0.041739 -0.010195
v -0.022978 0.133188 -0.029048
v -0.023666 0.133954 -0.035534
v -0.022934 0.109960 -0.034674
v -0.024102 0.112309 -0.049860
v -0.027419 0.096045 -0.058013
v -0.027662 0.092265 -0.053182
v -0.051210 0.132547 -0.034135
v -0.022978 0.133188 -0.029048
v -0.051238 0.131076 -0.027084
v -0.022934 0.109960 -0.034674
v -0.054447 0.108994 -0.034252
v -0.027662 0.092265 -0.053182
v -0.056100 0.095196 -0.053298
v -0.056100 0.095196 -0.053298
v -0.027662 0.092265 -0.053182
v -0.055153 0.098818 -0.058594
v -0.053092 0.117413 -0.047914
v -0.070203 0.120308 -0.036105
v -0.069854 0.121120 -0.042126
v -0.069362 0.109193 -0.037214
v -0.070203 0.120308 -0.036105
v -0.069521 0.100978 -0.049402
v -0.069674 0.103155 -0.054479
v -0.069521 0.100978 -0.049402
v -0.070595 0.115549 -0.047600
v -0.077769 0.113752 -0.050863
v -0.077594 0.102047 -0.055583
v -0.078207 0.122216 -0.041688
v -0.078497 0.121444 -0.035513
v -0.078339 0.109086 -0.037368
v -0.078497 0.121444 -0.035513
v -0.077712 0.099746 -0.050486
v -0.077712 0.099746 -0.050486
v -0.130016 0.132301 -0.039834
v -0.129970 0.131455 -0.033484
v -0.131272 0.108438 -0.039319
v -0.131553 0.110987 -0.054308
v -0.129273 0.090967 -0.058194
v -0.129681 0.094802 -0.062907
v -0.131272 0.108438 -0.039319
v -0.102783 0.107647 -0.038231
v -0.101472 0.092946 -0.055917
v -0.129273 0.090967 -0.058194
v -0.129970 0.131455 -0.033484
v -0.104779 0.128588 -0.032932
v -0.104628 0.129415 -0.039591
v -0.103153 0.111384 -0.051832
v -0.129273 0.090967 -0.058194
v -0.101472 0.092946 -0.055917
v -0.102007 0.096156 -0.061116
v -0.086515 0.121122 -0.042437
v -0.085960 0.113346 -0.049657
v -0.086295 0.120226 -0.036414
v -0.087102 0.109057 -0.037631
v -0.086295 0.120226 -0.036414
v -0.086743 0.100863 -0.049900
v -0.086743 0.100863 -0.049900
v -0.086432 0.103076 -0.054984
v -0.061161 0.099987 -0.043432
v -0.062705 0.098298 -0.040989
v -0.070696 0.108820 -0.037107
v -0.069210 0.110579 -0.039378
v -0.070507 0.097194 -0.054279
v -0.078913 0.109332 -0.049900
v -0.080399 0.107573 -0.047629
v -0.072214 0.095538 -0.051817
v -0.055503 0.080475 -0.041275
v -0.053042 0.081588 -0.044134
v -0.064046 0.080616 -0.057617
v -0.066889 0.079490 -0.055271
v -0.052703 0.061185 -0.047299
v -0.056441 0.060336 -0.045417
v -0.065002 0.063885 -0.065791
v -0.061116 0.064725 -0.067281
v -0.052258 0.048515 -0.057325
v -0.056290 0.047576 -0.056005
v -0.062631 0.053751 -0.080245
v -0.058719 0.054679 -0.080978
v -0.072214 0.095538 -0.051817
v -0.080399 0.107573 -0.047629
v -0.066889 0.079490 -0.055271
v -0.065002 0.063885 -0.065791
v -0.062631 0.053751 -0.080245
v -0.062631 0.053751 -0.080245
v -0.056290 0.047576 -0.056005
v -0.106990 0.053751 -0.071364
v -0.101076 0.063885 -0.060831
v -0.104617 0.064725 -0.060491
v -0.110288 0.054679 -0.070419
v -0.085756 0.108820 -0.037044
v -0.094361 0.098298 -0.036991
v -0.096564 0.099987 -0.038545
v -0.087850 0.110579 -0.038469
v -0.091424 0.097194 -0.052908
v -0.082203 0.109332 -0.052622
v -0.089094 0.095538 -0.051425
v -0.080109 0.107573 -0.051197
v -0.080109 0.107573 -0.051197
v -0.089094 0.095538 -0.051425
v -0.099044 0.080616 -0.053495
v -0.095930 0.079490 -0.052684
v -0.101475 0.080475 -0.035321
v -0.104488 0.081588 -0.036752
v -0.095930 0.079490 -0.052684
v -0.105886 0.061185 -0.040895
v -0.102328 0.060336 -0.040862
v -0.101076 0.063885 -0.060831
v -0.108996 0.048515 -0.049158
v -0.105444 0.047576 -0.049684
v -0.106990 0.053751 -0.071364
v -0.105444 0.047576 -0.049684
v -0.106990 0.053751 -0.071364
v -0.080276 0.034196 -0.050628
v -0.080582 0.073975 -0.053459
v -0.094022 0.069988 -0.043886
v -0.086672 0.034073 -0.048929
v -0.080344 -0.014031 -0.050420
v -0.084264 -0.013955 -0.049707
v -0.076143 -0.014137 -0.049330
v -0.074380 0.033754 -0.049360
v -0.067202 0.070820 -0.045667
v -0.085464 0.032283 -0.037886
v -0.091320 0.052101 -0.028262
v -0.084250 -0.013963 -0.039741
v -0.076228 -0.013590 -0.039919
v -0.075091 0.032547 -0.037899
v -0.069970 0.051484 -0.029433
v -0.069970 0.051484 -0.029433
v -0.075091 0.032547 -0.037899
v -0.076228 -0.013590 -0.039919
v -0.076143 -0.014137 -0.049330
v -0.080344 -0.014031 -0.050420
v -0.076228 -0.013590 -0.039919
v -0.098059 0.086580 -0.034860
v -0.091137 0.097583 -0.046010
v -0.088533 0.114275 -0.031324
v -0.097691 0.100522 -0.022413
v -0.080246 0.100659 -0.051168
v -0.080582 0.073975 -0.053459
v -0.078960 0.118448 -0.035504
v -0.080246 0.100659 -0.051168
v -0.080582 0.073975 -0.053459
v -0.069735 0.097099 -0.047414
v -0.059340 0.061074 -0.022250
v -0.063031 0.089152 -0.038973
v -0.067202 0.070820 -0.045667
v -0.069970 0.051484 -0.029433
v -0.057494 0.075955 -0.010138
v -0.060768 0.104044 -0.024696
v -0.068888 0.114487 -0.031814
v -0.100995 0.064634 -0.024170
v -0.102226 0.077634 -0.011279
v -0.091320 0.052101 -0.028262
v -0.094022 0.069988 -0.043886
v -0.096548 0.041125 -0.015726
v -0.103984 0.048119 -0.008547
v -0.101868 0.017851 0.002406
v -0.106427 0.029999 0.006003
v -0.103516 0.053806 0.001766
v -0.104868 0.036153 0.011632
v -0.106610 -0.014124 0.018421
v -0.108783 0.001506 0.019824
v -0.105738 0.000722 0.037649
v -0.102163 0.030128 0.024241
v -0.107669 0.015201 0.021573
v -0.095337 -0.000047 0.054890
v -0.079246 0.000614 0.061195
v -0.079203 -0.013980 0.057830
v -0.093946 -0.013879 0.052704
v -0.106848 -0.013397 0.033774
v -0.065093 -0.014056 0.051324
v -0.064004 0.000531 0.054108
v -0.055128 0.000406 0.038402
v -0.054614 -0.014260 0.037210
v -0.051933 0.001090 0.020203
v -0.054079 -0.014232 0.018032
v -0.103341 0.011511 0.038857
v -0.062100 0.036684 -0.011410
v -0.056897 0.044392 -0.007756
v -0.056798 0.051737 0.002227
v -0.053564 0.023707 0.009948
v -0.056373 0.033782 0.015594
v -0.058266 0.013413 0.004703
v -0.053438 0.017981 0.022475
v -0.059742 0.030003 0.026369
v -0.058199 0.012109 0.039651
v -0.082255 0.030160 0.040290
v -0.082082 0.022139 0.045773
v -0.095256 0.018355 0.042616
v -0.093662 0.030048 0.034905
v -0.068249 0.019643 0.043838
v -0.070051 0.030436 0.036972
v -0.054079 -0.014232 0.018032
v -0.106610 -0.014124 0.018421
v -0.106848 -0.013397 0.033774
v -0.054614 -0.014260 0.037210
v -0.065093 -0.014056 0.051324
v -0.093946 -0.013879 0.052704
v -0.079203 -0.013980 0.057830
v -0.058266 0.013413 0.004703
v -0.101868 0.017851 0.002406
v -0.062100 0.036684 -0.011410
v -0.096548 0.041125 -0.015726
v -0.069970 0.051484 -0.029433
v -0.091320 0.052101 -0.028262
v -0.079305 0.000796 0.038768
v -0.071303 0.113261 -0.029452
v -0.078958 0.115830 -0.031614
v -0.086104 0.112686 -0.028185
v -0.094062 0.099481 -0.020307
v -0.063503 0.103412 -0.022781
v -0.098631 0.077381 -0.009731
v -0.061196 0.076331 -0.009118
v -0.100167 0.053423 0.002612
v -0.100471 0.037066 0.012947
v -0.060821 0.052703 0.003064
v -0.060159 0.034722 0.015005
v -0.098430 0.031138 0.022876
v -0.092065 0.030869 0.030968
v -0.081633 0.031231 0.035851
v -0.071511 0.031052 0.033310
v -0.063378 0.031000 0.024569
v -0.080539 0.012260 0.011565
v -0.079225 0.080579 -0.045622
v -0.079823 0.064509 -0.031868
v -0.078815 0.041739 -0.010195
v 0.062281 1.621172 0.088366
v 0.061736 1.619190 0.087241
v 0.055023 1.619140 0.088901
v 0.055198 1.620479 0.089177
v 0.057483 1.615538 0.090363
v 0.052233 1.616275 0.090983
v 0.047729 1.610610 0.095938
v 0.046052 1.612500 0.094575
v 0.029770 1.609271 0.101809
v 0.029943 1.610487 0.100934
v 0.038147 1.610858 0.098013
v 0.038604 1.609219 0.099057
v 0.035967 1.632989 0.106401
v 0.036027 1.629810 0.102713
v 0.027572 1.626540 0.104856
v 0.026882 1.629192 0.107906
v 0.021136 1.610880 0.102842
v 0.019338 1.611648 0.104258
v 0.021105 1.611450 0.102333
v 0.059870 1.628015 0.095075
v 0.052242 1.624599 0.093075
v 0.052468 1.632157 0.100984
v 0.044484 1.629026 0.098977
v 0.045943 1.633266 0.103714
v 0.016898 1.611692 0.105420
v 0.017027 1.612011 0.103243
v 0.020366 1.622538 0.106312
v 0.021041 1.619752 0.104262
v 0.017421 1.613675 0.103486
v 0.016654 1.614152 0.105198
v 0.025577 1.609942 0.102371
v 0.025433 1.611047 0.101805
v 0.054181 1.639834 0.104630
v 0.066186 1.635439 0.094062
v 0.046448 1.639767 0.107885
v 0.035393 1.637793 0.111319
v 0.025661 1.632554 0.112305
v 0.018881 1.623956 0.107235
v 0.016033 1.614479 0.105422
v 0.016111 1.611052 0.105458
v 0.019261 1.611072 0.104302
v 0.021006 1.610031 0.102820
v 0.025478 1.608379 0.102350
v 0.029594 1.607507 0.101787
v 0.038910 1.607121 0.099326
v 0.050368 1.608713 0.095228
v 0.060990 1.614162 0.088036
v 0.066850 1.618968 0.084014
v 0.069968 1.623959 0.083614
v -0.055023 1.619140 0.088901
v -0.061736 1.619190 0.087241
v -0.062281 1.621172 0.088366
v -0.055198 1.620479 0.089177
v -0.052233 1.616275 0.090983
v -0.057483 1.615538 0.090363
v -0.046052 1.612500 0.094575
v -0.047729 1.610610 0.095938
v -0.038147 1.610858 0.098013
v -0.029943 1.610487 0.100934
v -0.029770 1.609271 0.101809
v -0.038604 1.609219 0.099057
v -0.027572 1.626540 0.104856
v -0.036027 1.629810 0.102713
v -0.035967 1.632989 0.106401
v -0.026882 1.629192 0.107906
v -0.019338 1.611648 0.104258
v -0.021136 1.610880 0.102842
v -0.021105 1.611450 0.102333
v -0.059870 1.628015 0.095075
v -0.052242 1.624599 0.093075
v -0.052468 1.632157 0.100984
v -0.044484 1.629026 0.098977
v -0.045943 1.633266 0.103714
v -0.017027 1.612011 0.103243
v -0.016898 1.611692 0.105420
v -0.017421 1.613675 0.103486
v -0.021041 1.619752 0.104262
v -0.020366 1.622538 0.106312
v -0.016654 1.614152 0.105198
v -0.025433 1.611047 0.101805
v -0.025577 1.609942 0.102371
v -0.066186 1.635439 0.094062
v -0.054181 1.639834 0.104630
v -0.046448 1.639767 0.107885
v -0.035393 1.637793 0.111319
v -0.025661 1.632554 0.112305
v -0.018881 1.623956 0.107235
v -0.016033 1.614479 0.105422
v -0.016111 1.611052 0.105458
v -0.019261 1.611072 0.104302
v -0.021006 1.610031 0.102820
v -0.025478 1.608379 0.102350
v -0.029594 1.607507 0.101787
v -0.038910 1.607121 0.099326
v -0.050368 1.608713 0.095228
v -0.060990 1.614162 0.088036
v -0.066850 1.618968 0.084014
v -0.069968 1.623959 0.083614
v -0.051817 1.727093 0.079137
v -0.025812 1.732260 0.092273
v -0.024399 1.728574 0.092024
v -0.049816 1.724297 0.079140
v 0.009312 1.728432 0.101961
v 0.011052 1.723123 0.102038
v 0.042508 1.714313 0.095408
v 0.042152 1.707690 0.094990
v 0.065301 1.693359 0.077132
v 0.063026 1.686660 0.076215
v -0.081670 1.680563 0.015179
v -0.080888 1.655766 0.029370
v -0.079187 1.648936 0.025352
v -0.068898 1.669670 0.010204
v -0.070578 1.725130 0.055152
v -0.072254 1.709032 0.061849
v -0.083629 1.666775 0.035847
v -0.083919 1.692270 0.026960
v -0.053356 1.743969 0.072048
v -0.055043 1.731601 0.079133
v 0.032689 1.747553 0.082669
v 0.043081 1.724989 0.096080
v 0.006506 1.736990 0.101836
v -0.002006 1.753646 0.087926
v 0.059886 1.733132 0.068326
v 0.068967 1.704159 0.078610
v -0.077239 1.717491 0.011415
v -0.065896 1.707564 0.006536
v -0.063401 1.745606 0.046950
v -0.077186 1.727638 0.023042
v -0.048469 1.758112 0.060085
v 0.019788 1.764067 0.066087
v -0.008105 1.766506 0.070623
v 0.041078 1.756407 0.054462
v -0.061247 1.737242 0.009828
v -0.050354 1.727786 0.005780
v -0.049948 1.757587 0.038351
v -0.060469 1.746631 0.020114
v -0.039698 1.765471 0.047510
v 0.010404 1.770079 0.052971
v -0.009477 1.771739 0.055631
v 0.025256 1.766012 0.044869
v -0.067705 1.705348 0.062958
v -0.064883 1.703063 0.063646
v 0.075652 1.669610 0.050818
v 0.071803 1.663229 0.050330
v 0.076236 1.657673 0.034585
v 0.074161 1.652774 0.035862
v -0.030478 1.751609 0.082737
v -0.028090 1.738203 0.092673
v 0.074077 1.716002 0.046930
v 0.081855 1.679896 0.051606
v 0.079971 1.705540 0.031621
v 0.079581 1.665570 0.032528
v -0.030476 1.764650 0.067674
v 0.052134 1.746864 0.037958
v 0.057562 1.741449 0.027144
v -0.025831 1.740089 0.005097
v -0.036057 1.749502 0.007177
v -0.034203 1.758822 0.014292
v -0.029743 1.765507 0.026282
v -0.026266 1.770549 0.053033
v -0.024714 1.770569 0.031462
v -0.017005 1.774264 0.034604
v -0.006715 1.775618 0.036481
v 0.004769 1.773678 0.035244
v 0.030502 1.759935 0.030296
v 0.014293 1.769871 0.030601
v 0.016518 1.765025 0.023098
v 0.030757 1.756550 0.021418
v 0.012437 1.761682 0.015548
v -0.003700 1.749795 0.003168
v -0.011262 1.759799 0.002799
v -0.005113 1.770072 0.005964
v -0.007659 1.772572 0.012678
v -0.007617 1.774605 0.013839
v -0.004772 1.777551 0.014007
v 0.000053 1.779805 0.014266
v 0.005091 1.777729 0.013740
v 0.007905 1.772080 0.011827
v 0.006659 1.766323 0.009737
v 0.005432 1.764256 0.009447
v 0.076540 1.651459 0.026136
v 0.075388 1.647332 0.028331
v 0.070773 1.648195 0.016558
v 0.075414 1.690176 0.017613
v 0.052762 1.728712 0.015475
v 0.023265 1.744870 0.010757
v 0.002688 1.750023 0.005579
v -0.002832 1.753261 0.003256
v -0.046125 1.728494 0.093479
v -0.048375 1.721555 0.082052
v -0.048961 1.729311 0.075680
v -0.046585 1.738008 0.081248
v -0.043525 1.704882 0.109317
v -0.045381 1.703299 0.098364
v -0.046846 1.712562 0.091459
v -0.045026 1.717058 0.103218
v -0.033380 1.736053 0.102819
v -0.033983 1.746662 0.087771
v -0.031293 1.704350 0.119349
v -0.033135 1.721780 0.113886
v 0.031600 1.718588 0.113553
v 0.012793 1.730587 0.115617
v 0.014494 1.747068 0.096496
v 0.033910 1.735403 0.096514
v 0.026978 1.682973 0.124567
v 0.009531 1.691837 0.129223
v 0.011306 1.714183 0.126626
v 0.029946 1.702721 0.122435
v 0.061518 1.693200 0.097755
v 0.049437 1.704699 0.106873
v 0.050994 1.721950 0.092594
v 0.062637 1.709771 0.085573
v 0.056951 1.663288 0.105719
v 0.044605 1.671185 0.115538
v 0.047482 1.689410 0.114027
v 0.059830 1.679057 0.104060
v 0.087907 1.658453 0.028757
v 0.079566 1.669559 0.061266
v 0.081752 1.683515 0.055659
v 0.086816 1.669168 0.025701
v 0.085661 1.643025 0.035869
v 0.076527 1.647993 0.069295
v 0.078157 1.659081 0.065474
v 0.088288 1.650711 0.032072
v 0.082740 1.639526 0.000348
v 0.083974 1.649887 0.010272
v 0.079802 1.657485 0.008270
v 0.078361 1.645832 -0.001344
v 0.081914 1.622353 0.005670
v 0.081674 1.635533 0.016879
v 0.082567 1.642270 0.013319
v 0.082453 1.631582 0.002756
v 0.069510 1.619746 -0.017603
v 0.070935 1.612422 -0.014737
v 0.070825 1.604784 -0.010094
v 0.068846 1.596576 -0.003861
v 0.079301 1.615588 0.009411
v 0.051762 1.602128 -0.029144
v 0.066914 1.627876 -0.018472
v 0.050432 1.610245 -0.030230
v 0.052146 1.587378 -0.020796
v 0.052169 1.594355 -0.026087
v 0.000376 1.572253 -0.036818
v 0.007350 1.574770 -0.037834
v 0.007534 1.580762 -0.037794
v 0.001106 1.577981 -0.036895
v -0.000008 1.562926 -0.033247
v 0.007064 1.564343 -0.033333
v 0.007075 1.569431 -0.036229
v 0.000024 1.567589 -0.035408
v -0.041502 1.695098 0.113247
v -0.043863 1.695862 0.104846
v -0.012861 1.738365 0.110071
v -0.013388 1.722211 0.122318
v -0.011959 1.749688 0.093665
v -0.031545 1.688409 0.120038
v -0.013544 1.700290 0.126164
v -0.013912 1.679932 0.122828
v 0.008309 1.670478 0.124598
v 0.025743 1.661779 0.118129
v 0.042026 1.654341 0.110669
v 0.072679 1.679422 0.080898
v 0.071343 1.667444 0.086093
v 0.075045 1.695219 0.070230
v 0.054488 1.649832 0.101946
v 0.069331 1.654673 0.088278
v 0.066594 1.644420 0.089756
v 0.074224 1.640173 0.072611
v 0.080596 1.635067 0.038651
v 0.078615 1.630476 0.020691
v 0.029314 1.585522 -0.035346
v 0.029050 1.578720 -0.032879
v 0.028518 1.592590 -0.036101
v 0.050466 1.580921 -0.014311
v 0.029049 1.572546 -0.028840
v 0.027824 1.567288 -0.023533
v 0.006747 1.560405 -0.028983
v -0.002358 1.572836 -0.033618
v -0.002806 1.568506 -0.032116
v -0.001391 1.576300 -0.035049
v -0.000122 1.559351 -0.029530
v -0.003099 1.564064 -0.030447
v -0.002630 1.560746 -0.029271
v -0.056392 1.727792 0.088392
v -0.046195 1.729344 0.086944
v -0.045310 1.717956 0.097296
v -0.056124 1.718854 0.097879
v -0.053842 1.707806 0.105012
v -0.042127 1.692443 0.106911
v -0.046164 1.685484 0.106698
v -0.061975 1.700596 0.103105
v -0.080804 1.703708 0.067670
v -0.067230 1.724443 0.084610
v -0.067017 1.714063 0.094839
v -0.081523 1.692226 0.078528
v -0.075496 1.677627 0.089164
v -0.058106 1.662323 0.095647
v -0.089627 1.679733 0.045583
v -0.091017 1.668796 0.055691
v -0.085074 1.657019 0.067552
v -0.068971 1.643012 0.072431
v -0.077488 1.625308 -0.009223
v -0.084280 1.646485 0.003709
v -0.087284 1.639327 0.008122
v -0.079260 1.618062 -0.005970
v -0.077547 1.611227 -0.001357
v -0.081293 1.632379 0.013233
v -0.077689 1.626708 0.016561
v -0.075034 1.606346 0.004165
v -0.051465 1.595223 -0.027467
v -0.053561 1.588762 -0.023269
v -0.056816 1.583906 -0.015361
v -0.062004 1.580938 -0.003325
v -0.017567 1.577372 -0.037806
v -0.019968 1.571199 -0.034577
v -0.024955 1.566715 -0.027622
v -0.025884 1.562457 -0.022709
v -0.002351 1.572023 -0.038545
v -0.003278 1.566797 -0.037137
v -0.004473 1.561826 -0.034841
v -0.005620 1.557032 -0.032024
v -0.055717 1.736437 0.072967
v -0.048696 1.733164 0.078678
v -0.061755 1.733502 0.069930
v -0.044320 1.706901 0.105174
v -0.041907 1.697515 0.108865
v -0.072852 1.713745 0.055216
v -0.081832 1.687231 0.035418
v -0.090678 1.659322 0.022592
v -0.082217 1.666243 0.014932
v -0.092355 1.651313 0.030249
v -0.086671 1.642699 0.039408
v -0.077704 1.634131 0.042516
v -0.079020 1.652883 -0.000427
v -0.074202 1.631407 -0.011681
v -0.050333 1.602317 -0.029315
v -0.016001 1.583462 -0.038942
v -0.001181 1.577120 -0.039159
v 0.001693 1.571248 -0.034978
v 0.001507 1.574785 -0.036074
v 0.000933 1.566761 -0.033685
v -0.000037 1.561951 -0.031832
v -0.001616 1.558318 -0.030442
v 0.017568 1.779444 0.013367
v 0.032904 1.797357 -0.009698
v 0.044454 1.775019 -0.001225
v 0.021268 1.763742 0.016924
v 0.050962 1.800487 -0.049415
v 0.063979 1.773938 -0.029637
v 0.092339 1.731728 -0.117618
v 0.098852 1.688704 -0.127708
v 0.104768 1.683399 -0.099706
v 0.097795 1.719566 -0.088590
v 0.097632 1.641443 -0.126730
v 0.104142 1.641224 -0.102464
v 0.074951 1.559589 -0.132706
v 0.067082 1.538961 -0.140092
v 0.064569 1.534598 -0.117791
v 0.073275 1.557014 -0.108566
v 0.065853 1.492218 -0.171570
v 0.072630 1.484325 -0.175382
v 0.066773 1.480392 -0.164298
v 0.061022 1.486885 -0.160511
v 0.093058 1.472972 -0.168985
v 0.100314 1.473323 -0.158786
v 0.085166 1.472685 -0.152682
v 0.079789 1.472233 -0.159999
v 0.103684 1.478406 -0.148033
v 0.087994 1.476712 -0.143284
v 0.093104 1.501803 -0.139412
v 0.086161 1.506758 -0.144989
v 0.076183 1.498593 -0.140289
v 0.079725 1.494629 -0.136080
v 0.075815 1.505341 -0.165416
v 0.068882 1.500155 -0.169281
v 0.069424 1.496549 -0.163486
v 0.072033 1.497263 -0.158483
v 0.004923 1.785467 0.012477
v 0.004901 1.762765 0.027852
v 0.002454 1.766238 0.023434
v 0.001779 1.778904 0.012548
v 0.052241 1.773781 -0.108535
v 0.033362 1.804835 -0.067661
v 0.021180 1.784114 -0.063586
v 0.028884 1.757750 -0.100530
v 0.063543 1.732078 -0.133530
v 0.035440 1.723128 -0.122942
v 0.064031 1.599378 -0.151443
v 0.066599 1.640621 -0.148637
v 0.043697 1.639321 -0.146501
v 0.042140 1.600267 -0.150285
v 0.058705 1.565686 -0.153580
v 0.038827 1.566444 -0.148639
v 0.049103 1.517206 -0.168481
v 0.052948 1.544919 -0.156509
v 0.036144 1.546105 -0.148924
v 0.034463 1.516641 -0.166355
v 0.054732 1.494502 -0.181263
v 0.042017 1.491766 -0.181581
v 0.080159 1.470331 -0.187598
v 0.064748 1.483146 -0.186843
v 0.053087 1.478617 -0.188027
v 0.072876 1.463037 -0.190552
v 0.097298 1.462475 -0.179309
v 0.093028 1.453680 -0.181068
v 0.112018 1.491678 -0.128959
v 0.117724 1.472178 -0.143918
v 0.116837 1.465353 -0.136879
v 0.110492 1.489974 -0.118732
v 0.097032 1.512445 -0.128628
v 0.092973 1.515022 -0.118156
v 0.077623 1.524488 -0.157260
v 0.086886 1.521008 -0.138792
v 0.079476 1.526909 -0.129172
v 0.069146 1.532020 -0.152510
v 0.072013 1.519622 -0.168202
v 0.064462 1.525494 -0.166512
v 0.019941 1.758468 0.024174
v 0.010143 1.757916 0.027569
v 0.077322 1.770825 -0.091783
v 0.081456 1.749915 -0.063936
v 0.088222 1.597128 -0.127341
v 0.089616 1.596434 -0.103672
v 0.061576 1.512162 -0.157236
v 0.058004 1.505806 -0.143897
v 0.082416 1.477092 -0.175095
v 0.073538 1.474992 -0.164305
v 0.100871 1.489905 -0.139541
v 0.085592 1.485708 -0.136446
v 0.081655 1.508354 -0.156854
v 0.074911 1.499693 -0.150335
v 0.007511 1.783748 0.013383
v 0.007832 1.761042 0.028030
v 0.015075 1.811293 -0.017471
v 0.019497 1.808622 -0.013506
v 0.008779 1.796522 -0.015716
v 0.042933 1.808032 -0.060290
v 0.067380 1.776136 -0.103581
v 0.081069 1.733999 -0.129290
v 0.067618 1.687951 -0.145190
v 0.086098 1.688962 -0.140066
v 0.041403 1.682163 -0.136940
v 0.084379 1.640989 -0.140300
v 0.078398 1.598166 -0.141987
v 0.069721 1.562502 -0.146313
v 0.062690 1.541996 -0.152094
v 0.058131 1.515077 -0.164669
v 0.063005 1.494215 -0.177350
v 0.071176 1.484830 -0.181895
v 0.083606 1.475184 -0.181696
v 0.097224 1.469462 -0.174388
v 0.110746 1.463099 -0.162469
v 0.107354 1.469885 -0.161374
v 0.108483 1.454452 -0.161008
v 0.112163 1.476619 -0.147661
v 0.108044 1.491472 -0.136487
v 0.097115 1.507004 -0.136356
v 0.088769 1.513577 -0.143914
v 0.081679 1.515800 -0.158364
v 0.074987 1.511758 -0.167932
v 0.066055 1.511198 -0.173956
v 0.068018 1.505437 -0.172443
v 0.063991 1.517410 -0.171337
v -0.038361 1.783326 0.001725
v -0.034963 1.763494 0.007703
v -0.060371 1.754464 -0.004722
v -0.060331 1.787440 -0.014597
v -0.080954 1.776147 -0.056883
v -0.085546 1.744289 -0.027045
v -0.104004 1.714674 -0.069928
v -0.095679 1.739207 -0.107876
v -0.102991 1.672746 -0.103239
v -0.093727 1.686391 -0.142235
v -0.067231 1.568314 -0.155888
v -0.079074 1.621292 -0.157291
v -0.088156 1.615273 -0.121515
v -0.074921 1.561600 -0.131402
v -0.046090 1.511844 -0.158672
v -0.034180 1.515535 -0.163919
v -0.043311 1.548717 -0.161110
v -0.056191 1.540708 -0.154641
v -0.045427 1.488857 -0.164374
v -0.036285 1.485039 -0.169761
v -0.100585 1.508117 -0.144269
v -0.093881 1.505487 -0.133840
v -0.092905 1.514432 -0.133294
v -0.096888 1.519205 -0.140578
v -0.095875 1.478818 -0.157172
v -0.101980 1.496439 -0.148915
v -0.109782 1.493698 -0.150462
v -0.101516 1.473244 -0.159632
v -0.083069 1.468498 -0.164429
v -0.085904 1.462225 -0.167892
v -0.105580 1.460772 -0.151625
v -0.088734 1.447441 -0.159855
v -0.045982 1.471193 -0.172481
v -0.039100 1.457854 -0.166136
v -0.027211 1.477448 -0.162899
v -0.059898 1.623368 -0.168223
v -0.025772 1.618938 -0.142527
v -0.025379 1.686641 -0.121206
v -0.067785 1.693037 -0.155752
v -0.059035 1.754634 -0.117627
v -0.014187 1.750986 -0.080523
v -0.019737 1.797467 0.000081
v 0.000045 1.783904 0.006957
v 0.001072 1.771284 0.019585
v -0.001775 1.777269 0.016549
v -0.034666 1.803296 -0.017598
v -0.001920 1.792626 -0.006850
v -0.006520 1.776236 0.016160
v -0.016609 1.766145 0.018971
v -0.050527 1.795817 -0.065918
v -0.004745 1.791197 -0.030798
v -0.051935 1.575035 -0.166357
v -0.065840 1.531481 -0.134666
v -0.055485 1.504587 -0.143219
v -0.052159 1.477114 -0.166507
v -0.052696 1.485263 -0.151416
v -0.056452 1.475478 -0.154210
v -0.066722 1.469210 -0.167015
v -0.067913 1.467816 -0.155222
v -0.065596 1.462520 -0.171817
v -0.095360 1.494253 -0.138787
v -0.108440 1.507226 -0.144255
v -0.103582 1.520691 -0.140829
v -0.090789 1.477784 -0.147511
v -0.080877 1.467662 -0.153480
v -0.112756 1.501902 -0.128973
v -0.114924 1.484708 -0.137324
v -0.107735 1.515164 -0.126970
v -0.064508 1.447391 -0.164275
v -0.024094 1.513908 -0.154285
v -0.031133 1.549480 -0.143960
v -0.029515 1.572892 -0.145882
v 0.007606 1.798667 -0.006134
v 0.002218 1.766982 0.020871
v 0.000079 1.771815 0.019847
v -0.002413 1.799963 -0.006227
v -0.012677 1.798059 -0.010058
v -0.002216 1.772673 0.015632
v -0.007359 1.771367 0.005408
v -0.019151 1.775816 -0.010628
v -0.020239 1.804089 -0.048931
v -0.036803 1.772749 -0.042440
v -0.045633 1.761870 -0.070025
v -0.022447 1.790436 -0.089064
v 0.013196 1.812161 -0.045355
v 0.029991 1.792677 -0.055004
v 0.044301 1.775179 -0.063131
v 0.034148 1.788565 -0.034950
v -0.020386 1.753343 -0.116469
v -0.045151 1.736197 -0.089280
v -0.026264 1.697882 -0.130592
v -0.049086 1.692165 -0.101340
v 0.026431 1.692338 -0.131761
v -0.000408 1.697083 -0.139052
v -0.008059 1.632293 -0.144287
v 0.018248 1.630446 -0.136054
v -0.019278 1.532982 -0.147481
v -0.031717 1.579968 -0.144262
v -0.047705 1.576845 -0.121702
v -0.035371 1.524039 -0.131789
v 0.017718 1.548568 -0.138541
v 0.011598 1.584295 -0.137872
v -0.010473 1.582495 -0.149204
v 0.000126 1.541908 -0.149626
v 0.045927 1.470583 -0.154683
v 0.024280 1.488006 -0.150499
v 0.010409 1.475973 -0.143799
v 0.029062 1.461247 -0.150190
v 0.003584 1.501617 -0.149205
v -0.009884 1.488651 -0.139722
v 0.034196 1.520113 -0.137836
v 0.049672 1.503176 -0.138841
v 0.062285 1.505693 -0.120184
v 0.050934 1.523089 -0.115217
v 0.068647 1.480103 -0.143812
v 0.038176 1.497234 -0.148202
v 0.058993 1.476722 -0.152448
v 0.082085 1.454778 -0.155387
v 0.084234 1.437317 -0.167168
v 0.088705 1.431558 -0.155406
v 0.087862 1.451835 -0.141728
v 0.059887 1.453550 -0.164553
v 0.041985 1.448067 -0.159996
v 0.058949 1.422744 -0.188283
v 0.063575 1.441252 -0.174200
v 0.046472 1.438884 -0.168389
v 0.043342 1.423910 -0.178404
v 0.047034 1.406765 -0.201185
v 0.036679 1.413394 -0.185001
v 0.027302 1.412422 -0.186999
v 0.028330 1.402745 -0.204150
v -0.013870 1.444632 -0.175478
v -0.008888 1.456455 -0.172315
v -0.014023 1.452705 -0.166059
v -0.018493 1.443458 -0.165145
v -0.018305 1.425385 -0.182244
v -0.023122 1.422849 -0.170488
v -0.016319 1.392992 -0.185228
v -0.012270 1.398854 -0.195799
v 0.032119 1.383643 -0.208012
v 0.030052 1.393097 -0.209949
v 0.008733 1.391606 -0.208882
v 0.006618 1.383622 -0.207103
v 0.056872 1.391890 -0.200201
v 0.033491 1.373746 -0.198718
v 0.060365 1.381772 -0.189465
v 0.017923 1.777515 -0.003110
v 0.007119 1.764674 0.013837
v -0.003540 1.812913 -0.048376
v -0.000150 1.801637 -0.092890
v 0.027575 1.751930 -0.116003
v 0.003665 1.757341 -0.122885
v 0.059295 1.739651 -0.089103
v -0.051344 1.632394 -0.109948
v -0.032706 1.633797 -0.136013
v 0.062971 1.686110 -0.105228
v 0.052754 1.627051 -0.108282
v 0.040679 1.584396 -0.106229
v 0.040251 1.551615 -0.108829
v 0.020557 1.512288 -0.148188
v 0.077479 1.480499 -0.127138
v 0.073149 1.455327 -0.162466
v 0.076205 1.440413 -0.173214
v 0.016801 1.410566 -0.186615
v 0.012049 1.400603 -0.202938
v 0.001194 1.446001 -0.182376
v 0.013748 1.447152 -0.177905
v 0.012541 1.453795 -0.176696
v 0.005916 1.456588 -0.178273
v -0.001613 1.431066 -0.188777
v 0.011749 1.433927 -0.182314
v 0.001818 1.410274 -0.199067
v 0.011868 1.417941 -0.186580
v -0.007559 1.445702 -0.180762
v -0.002516 1.456804 -0.176943
v -0.011435 1.428339 -0.187955
v -0.006137 1.404380 -0.200710
v 0.005276 1.375635 -0.198204
v 0.052753 1.399935 -0.203883
v 0.075853 1.413154 -0.184598
v 0.069410 1.418898 -0.189403
v 0.079331 1.405037 -0.173169
v 0.090569 1.684422 0.021681
v 0.081630 1.646605 0.020264
v 0.073817 1.659098 0.027867
v 0.066177 1.686286 0.038725
v 0.084090 1.723203 0.006688
v 0.052020 1.717082 0.038748
v 0.169703 1.569552 -0.039157
v 0.115866 1.568027 -0.012578
v 0.109623 1.594683 -0.016433
v 0.159453 1.604855 -0.037701
v 0.169215 1.533913 -0.076911
v 0.134534 1.528491 -0.110589
v 0.134774 1.489952 -0.110579
v 0.165426 1.493437 -0.083448
v 0.167892 1.566063 -0.074181
v 0.159108 1.607562 -0.073464
v 0.135243 1.605433 -0.112947
v 0.135972 1.561428 -0.112222
v 0.104777 1.614560 -0.008015
v 0.144906 1.638345 -0.032123
v 0.163431 1.492288 -0.052025
v 0.149080 1.451012 -0.063799
v 0.099438 1.439721 -0.040211
v 0.108931 1.485231 -0.023608
v 0.145678 1.412793 -0.059144
v 0.145341 1.366199 -0.053276
v 0.126644 1.360127 -0.047379
v 0.109844 1.399075 -0.040900
v 0.138674 1.334538 -0.057792
v 0.125513 1.333483 -0.053120
v 0.154073 1.370292 -0.065276
v 0.146567 1.340673 -0.066697
v 0.124558 1.326326 -0.105348
v 0.135328 1.324146 -0.083140
v 0.140778 1.336116 -0.092018
v 0.134421 1.335612 -0.110167
v 0.120912 1.340957 -0.123197
v 0.131378 1.344716 -0.126799
v 0.130354 1.356018 -0.133857
v 0.122777 1.354667 -0.131992
v 0.129735 1.369585 -0.120954
v 0.133046 1.368333 -0.122460
v 0.117847 1.319790 -0.099180
v 0.111819 1.318820 -0.093563
v 0.118580 1.319037 -0.067515
v 0.128217 1.317216 -0.073714
v 0.123166 1.664770 -0.013461
v 0.095264 1.626036 -0.001791
v 0.119225 1.697356 -0.044977
v 0.073874 1.750649 -0.005537
v 0.105494 1.715806 -0.075737
v 0.050481 1.737334 0.024570
v 0.143388 1.655590 -0.070425
v 0.122911 1.662738 -0.109627
v 0.171769 1.535979 -0.041190
v 0.118097 1.534301 -0.009119
v 0.152110 1.454579 -0.093931
v 0.127839 1.451297 -0.115804
v 0.153200 1.414995 -0.084194
v 0.141946 1.410166 -0.105081
v 0.154870 1.372537 -0.081748
v 0.149761 1.348708 -0.079851
v 0.111941 1.337432 -0.118186
v 0.115129 1.353983 -0.126493
v 0.125140 1.370242 -0.116933
v 0.119590 1.367754 -0.111759
v 0.110503 1.352655 -0.117941
v 0.108579 1.333285 -0.111294
v -0.092643 1.699511 0.009051
v -0.121846 1.673091 -0.001400
v -0.121252 1.692003 -0.019556
v -0.088675 1.722155 -0.002744
v -0.098462 1.646236 0.012929
v -0.111862 1.617376 0.013521
v -0.140701 1.629458 -0.007278
v -0.145043 1.590903 -0.008394
v -0.150416 1.529348 -0.018263
v -0.150783 1.532038 -0.050039
v -0.149076 1.594223 -0.035891
v -0.133756 1.526326 0.016680
v -0.151191 1.464741 -0.002162
v -0.158749 1.469806 -0.041317
v -0.175715 1.413417 -0.057752
v -0.171439 1.407933 -0.025495
v -0.166593 1.415328 -0.083813
v -0.136791 1.418503 -0.070377
v -0.130382 1.476159 -0.070790
v -0.154671 1.474245 -0.072746
v -0.174431 1.353987 -0.102289
v -0.141295 1.357125 -0.078443
v -0.176607 1.319321 -0.101326
v -0.148661 1.306300 -0.133400
v -0.151106 1.318557 -0.134061
v -0.167326 1.327966 -0.114692
v -0.137651 1.321610 -0.156699
v -0.126273 1.328880 -0.142729
v -0.130335 1.327277 -0.123242
v -0.123207 1.365115 -0.157759
v -0.123308 1.374113 -0.146975
v -0.121555 1.364815 -0.142440
v -0.118459 1.357275 -0.147695
v -0.111684 1.353999 -0.171189
v -0.123312 1.352625 -0.165160
v -0.127547 1.336190 -0.165065
v -0.114527 1.331567 -0.170098
v -0.126254 1.310929 -0.160510
v -0.083089 1.662560 0.015126
v -0.070051 1.702235 0.017622
v -0.074461 1.675953 0.016673
v -0.056072 1.725329 0.013330
v -0.060498 1.731356 -0.017148
v -0.045658 1.733197 -0.000307
v -0.086734 1.686336 -0.041821
v -0.146049 1.638002 -0.031323
v -0.112304 1.632861 -0.049443
v -0.118970 1.585356 0.018896
v -0.120348 1.527293 -0.058668
v -0.115839 1.588910 -0.051246
v -0.185138 1.349823 -0.081560
v -0.180217 1.344184 -0.055628
v -0.137278 1.333361 -0.098893
v -0.168832 1.310197 -0.084593
v -0.140063 1.296830 -0.125401
v -0.119710 1.338297 -0.152091
v -0.116726 1.348747 -0.152913
v -0.113769 1.370291 -0.163303
v -0.114255 1.381383 -0.152563
v -0.100515 1.372804 -0.165448
v -0.105055 1.382086 -0.156305
v -0.096831 1.355008 -0.172468
v -0.097292 1.328744 -0.170214
v -0.109380 1.302874 -0.158893
v 0.006008 1.342475 -0.074641
v 0.055075 1.341487 -0.052130
v 0.058859 1.459478 -0.044271
v 0.001922 1.455338 -0.073189
v -0.028988 1.253045 -0.051388
v 0.000158 1.257234 -0.070347
v -0.034375 1.337454 -0.057494
v 0.032768 1.253047 -0.050039
v -0.000310 1.212045 -0.072425
v 0.019935 1.207876 -0.048791
v -0.023059 1.206960 -0.049541
v -0.000747 1.183734 -0.080304
v 0.017029 1.177561 -0.058007
v 0.001523 1.165103 -0.111603
v 0.018437 1.152559 -0.119099
v 0.017351 1.153643 -0.079249
v 0.000070 1.167686 -0.094064
v -0.012944 1.153596 -0.121966
v -0.016567 1.155550 -0.082846
v 0.001789 1.170370 -0.126323
v 0.019413 1.162080 -0.153456
v 0.019644 1.177301 -0.173740
v 0.002038 1.181063 -0.135216
v 0.002435 1.193395 -0.138672
v 0.019715 1.192884 -0.179131
v -0.008921 1.213120 -0.172780
v 0.003625 1.209918 -0.133389
v -0.012243 1.192677 -0.178968
v 0.005773 1.231494 -0.121781
v 0.012081 1.232727 -0.159613
v 0.017229 1.213181 -0.172429
v 0.001913 1.555504 -0.065381
v 0.005787 1.626424 -0.049084
v -0.046716 1.619641 -0.018637
v -0.062150 1.564527 -0.031223
v -0.056255 1.457800 -0.047560
v 0.055644 1.561153 -0.032369
v 0.046313 1.615107 -0.020838
v -0.020515 1.178012 -0.059885
v -0.012374 1.163058 -0.155387
v -0.012717 1.177924 -0.173476
v -0.003040 1.234096 -0.159311
v 0.035323 1.720408 -0.035939
v 0.003921 1.659034 -0.054400
v 0.005908 1.619626 -0.061946
v 0.047265 1.657995 -0.087637
v 0.004747 1.540583 -0.073185
v 0.048388 1.531694 -0.116779
v 0.050437 1.591300 -0.109143
v 0.007488 1.583964 -0.067805
v 0.086337 1.655684 -0.053948
v 0.102488 1.598553 -0.069664
v 0.010140 1.467661 -0.090796
v 0.047975 1.459282 -0.134435
v 0.071045 1.234327 -0.120757
v 0.054497 1.233427 -0.118219
v 0.049559 1.238809 -0.112191
v 0.059253 1.242547 -0.109201
v 0.056011 1.179942 -0.078835
v 0.041624 1.210027 -0.099635
v 0.050319 1.211237 -0.108271
v 0.066338 1.182627 -0.101162
v 0.042499 1.240389 -0.059148
v 0.034968 1.242548 -0.088899
v 0.031494 1.226627 -0.088951
v 0.040749 1.216140 -0.057695
v 0.062732 1.701671 -0.026764
v 0.101567 1.536605 -0.079944
v 0.089584 1.453369 -0.103761
v 0.052971 1.398329 -0.149402
v 0.084940 1.390621 -0.114220
v 0.056444 1.356413 -0.148967
v 0.050930 1.288793 -0.108013
v 0.071990 1.302203 -0.086447
v 0.082722 1.350605 -0.108618
v 0.027576 1.358198 -0.108018
v 0.024995 1.310406 -0.098197
v 0.022586 1.400435 -0.106303
v 0.013773 1.277794 -0.086738
v 0.042893 1.263125 -0.091897
v 0.001761 1.252256 -0.087897
v -0.005103 1.222248 -0.090073
v 0.002185 1.194476 -0.094019
v 0.034800 1.215903 -0.092149
v 0.021881 1.180310 -0.106453
v 0.042255 1.186741 -0.131588
v 0.056906 1.202469 -0.150122
v 0.060520 1.215569 -0.154458
v 0.056342 1.223545 -0.119308
v 0.055847 1.217159 -0.116360
v 0.055279 1.233750 -0.150514
v 0.046632 1.243993 -0.133826
v 0.042676 1.244088 -0.119896
v 0.044398 1.239537 -0.105399
v 0.050565 1.240337 -0.102416
v 0.075480 1.213642 -0.124505
v 0.073910 1.198077 -0.118786
v 0.047171 1.194930 -0.063958
v 0.053824 1.266707 -0.065131
v 0.059133 1.629661 -0.006379
v 0.049676 1.645594 -0.045734
v 0.041874 1.583691 -0.077045
v 0.081506 1.590503 -0.035890
v 0.040473 1.492969 -0.102001
v 0.085583 1.493961 -0.064521
v 0.049470 1.431940 -0.114473
v 0.088859 1.426201 -0.073818
v 0.112507 1.179473 -0.061504
v 0.099576 1.201604 -0.073204
v 0.103003 1.203338 -0.080235
v 0.114883 1.177695 -0.079515
v 0.008346 1.601994 -0.034388
v 0.006082 1.568082 -0.057565
v 0.065288 1.382429 -0.121607
v 0.096929 1.375985 -0.075398
v 0.082822 1.325078 -0.106048
v 0.100466 1.322486 -0.058650
v 0.088058 1.279477 -0.083926
v 0.102694 1.278747 -0.043702
v 0.050991 1.328719 -0.076181
v 0.063096 1.285001 -0.062926
v 0.031995 1.383649 -0.087191
v 0.019673 1.432119 -0.079511
v 0.013235 1.491185 -0.070861
v 0.071771 1.236587 -0.045743
v 0.093652 1.228352 -0.066558
v 0.079493 1.188240 -0.054772
v 0.096264 1.207929 -0.069156
v 0.091395 1.170928 -0.067764
v 0.098276 1.177263 -0.096897
v 0.101859 1.195074 -0.123354
v 0.101124 1.214493 -0.130185
v 0.103006 1.217100 -0.088996
v 0.104316 1.209410 -0.086578
v 0.095876 1.230404 -0.119198
v 0.092568 1.235167 -0.102451
v 0.099398 1.225859 -0.083037
v 0.101080 1.223726 -0.087346
v 0.092179 1.236506 -0.083734
v 0.097024 1.226624 -0.076331
v 0.100878 1.234802 -0.074242
v 0.104381 1.238183 -0.089820
v 0.107638 1.233380 -0.103527
v 0.111760 1.215400 -0.109013
v 0.114642 1.194442 -0.100553
v 0.109060 1.195883 -0.045990
v 0.104429 1.236461 -0.026166
v -0.083529 1.338060 -0.106195
v -0.112502 1.335792 -0.070292
v -0.110558 1.296889 -0.048517
v -0.086480 1.298143 -0.077969
v -0.052351 1.343918 -0.074913
v -0.062033 1.305753 -0.054593
v -0.085434 1.240402 -0.058449
v -0.064751 1.255298 -0.037331
v -0.083852 1.206735 -0.055827
v -0.063554 1.211662 -0.033308
v -0.075387 1.158558 -0.052031
v -0.088793 1.181439 -0.061953
v -0.094830 1.180876 -0.066805
v -0.083988 1.152986 -0.073450
v -0.097796 1.185608 -0.070826
v -0.089882 1.172473 -0.099691
v -0.085837 1.212297 -0.093611
v -0.094305 1.204858 -0.069482
v -0.092039 1.208318 -0.067223
v -0.084805 1.217721 -0.080570
v -0.102587 1.217206 -0.081790
v -0.096771 1.195662 -0.071544
v -0.106444 1.196863 -0.093600
v -0.106892 1.171299 -0.087461
v -0.004965 1.602020 -0.056659
v -0.009045 1.622001 -0.052883
v -0.027852 1.641550 -0.059220
v -0.032906 1.611958 -0.072956
v -0.067182 1.633921 -0.017657
v -0.078836 1.611488 -0.029607
v -0.081137 1.512830 -0.051533
v -0.088064 1.441170 -0.070852
v -0.043939 1.444089 -0.100836
v -0.031856 1.505575 -0.086048
v -0.105047 1.377190 -0.082824
v -0.069627 1.383450 -0.113286
v -0.036619 1.385496 -0.079060
v -0.011965 1.443438 -0.072535
v 0.000370 1.502732 -0.066990
v -0.084855 1.189070 -0.058061
v -0.066863 1.176102 -0.038811
v -0.089741 1.196934 -0.105623
v -0.089451 1.210448 -0.064460
v -0.085263 1.219427 -0.070157
v -0.099345 1.220623 -0.070527
v -0.095983 1.219730 -0.064225
v -0.104033 1.158193 -0.066998
v -0.100686 1.164044 -0.047504
v -0.098943 1.182306 -0.031935
v -0.099076 1.212251 -0.025039
v -0.102695 1.248747 -0.029330
v -0.081551 1.569197 -0.041546
v -0.032396 1.562963 -0.081363
v -0.000842 1.557923 -0.061596
v -0.075297 1.330189 -0.145115
v -0.102901 1.327732 -0.108397
v -0.087780 1.279783 -0.091997
v -0.067674 1.282605 -0.125833
v -0.051210 1.334544 -0.120804
v -0.047888 1.290102 -0.111216
v -0.025007 1.475715 -0.081622
v -0.070674 1.481343 -0.114213
v -0.072127 1.440644 -0.134649
v -0.031348 1.437702 -0.097158
v -0.054806 1.239528 -0.093418
v -0.034851 1.250212 -0.082936
v -0.025022 1.226311 -0.065750
v -0.051265 1.212379 -0.073061
v -0.049436 1.197900 -0.062886
v -0.020365 1.194036 -0.061584
v -0.052235 1.185705 -0.064673
v -0.027058 1.166695 -0.064046
v -0.061030 1.160313 -0.101533
v -0.067542 1.179452 -0.076350
v -0.071690 1.188920 -0.085731
v -0.072940 1.179262 -0.119543
v -0.072351 1.199645 -0.090168
v -0.075796 1.201058 -0.125399
v -0.082484 1.215691 -0.086610
v -0.068405 1.207272 -0.085412
v -0.089164 1.201075 -0.094797
v -0.064828 1.222217 -0.049010
v -0.072772 1.240525 -0.063835
v -0.046294 1.671846 -0.076370
v -0.060907 1.603928 -0.091395
v -0.007455 1.572787 -0.062942
v 0.003406 1.611830 -0.054125
v 0.003553 1.637787 -0.049891
v -0.029711 1.707009 -0.046637
v -0.067531 1.531783 -0.097673
v -0.018046 1.523102 -0.071775
v -0.061120 1.686757 -0.038617
v -0.075987 1.661524 -0.048884
v -0.092121 1.606311 -0.057757
v -0.099782 1.540721 -0.059400
v -0.098138 1.482914 -0.080999
v -0.100827 1.434604 -0.102969
v -0.105182 1.384399 -0.110992
v -0.073747 1.391916 -0.146989
v -0.041089 1.392578 -0.113683
v -0.059313 1.179081 -0.069897
v -0.043347 1.152528 -0.075021
v -0.068754 1.218067 -0.113042
v -0.061587 1.212722 -0.075390
v -0.060055 1.224960 -0.091381
v -0.071421 1.220673 -0.073506
v -0.087371 1.177990 -0.087331
v -0.080352 1.158096 -0.071548
v -0.070961 1.160681 -0.057326
v -0.062753 1.175433 -0.043598
v -0.060260 1.197682 -0.039532
v 0.083383 1.738231 -0.040698
v 0.108454 1.704275 -0.065139
v 0.108481 1.674521 -0.015407
v 0.090182 1.685399 0.003604
v 0.054870 1.742814 -0.061692
v 0.031807 1.747331 -0.015055
v 0.017497 1.738109 -0.027223
v 0.019832 1.727226 -0.046628
v 0.104668 1.268042 -0.103427
v 0.100627 1.256201 -0.081159
v 0.106584 1.282207 -0.062822
v 0.109263 1.289796 -0.088302
v 0.098854 1.358275 -0.115341
v 0.099959 1.325657 -0.105197
v 0.106923 1.325125 -0.090546
v 0.109599 1.358569 -0.101633
v 0.096393 1.411894 -0.119075
v 0.112372 1.409309 -0.105109
v 0.115157 1.460937 -0.090605
v 0.095408 1.466602 -0.106769
v 0.095784 1.527242 -0.094141
v 0.120846 1.525150 -0.075795
v 0.083415 1.648795 -0.092122
v 0.077291 1.705950 -0.084646
v 0.026822 1.697627 -0.068180
v 0.040476 1.640804 -0.088694
v 0.086768 1.594070 -0.093484
v 0.059027 1.588401 -0.093390
v 0.101344 1.279775 -0.116837
v 0.091234 1.274878 -0.134866
v 0.090622 1.263066 -0.130064
v 0.080049 1.280994 -0.146102
v 0.074161 1.272172 -0.147640
v 0.072827 1.289532 -0.148216
v 0.065727 1.285059 -0.150411
v 0.071883 1.697454 0.015047
v 0.055656 1.730137 0.000279
v 0.117516 1.647810 -0.074003
v 0.118548 1.631150 -0.035406
v 0.118107 1.593168 -0.075553
v 0.131143 1.586387 -0.042833
v 0.131628 1.521981 -0.049242
v 0.121964 1.454207 -0.062879
v 0.116757 1.404438 -0.070721
v 0.109669 1.354239 -0.068225
v 0.104416 1.321145 -0.062653
v 0.083937 1.252860 -0.116850
v 0.063471 1.265916 -0.140719
v 0.055485 1.282550 -0.145016
v 0.059028 1.302065 -0.149368
v 0.052942 1.297144 -0.145813
v 0.086338 1.354564 -0.112983
v 0.089433 1.324013 -0.105710
v 0.080241 1.411434 -0.117661
v 0.075647 1.468991 -0.109221
v 0.071642 1.526463 -0.097379
v 0.103486 1.296955 -0.105367
v 0.092772 1.301836 -0.109589
v 0.092394 1.289595 -0.120242
v 0.087795 1.285619 -0.131598
v 0.081110 1.289607 -0.138913
v 0.066716 1.302667 -0.145370
v 0.076011 1.295867 -0.139309
v 0.071240 1.301323 -0.140124
v -0.078839 1.715249 -0.034264
v -0.077052 1.688266 -0.008466
v -0.100954 1.651939 -0.034201
v -0.101508 1.685262 -0.070073
v -0.061105 1.733335 -0.051938
v -0.027408 1.732020 -0.047756
v -0.018369 1.748828 -0.015323
v -0.039128 1.740151 -0.008823
v -0.117980 1.596553 -0.084534
v -0.105709 1.602327 -0.111822
v -0.101017 1.646654 -0.114636
v -0.116956 1.636930 -0.085235
v -0.120006 1.528138 -0.067534
v -0.127172 1.468651 -0.075397
v -0.116720 1.471106 -0.094676
v -0.109918 1.530242 -0.091845
v -0.135311 1.416630 -0.079367
v -0.125054 1.416829 -0.098785
v -0.135164 1.366280 -0.079742
v -0.127907 1.366463 -0.100536
v -0.132251 1.305886 -0.081549
v -0.132266 1.338003 -0.079117
v -0.125961 1.336034 -0.063381
v -0.123524 1.302749 -0.066907
v -0.123990 1.279307 -0.099035
v -0.115032 1.275754 -0.086829
v -0.081232 1.288901 -0.145950
v -0.089669 1.291414 -0.149269
v -0.097958 1.281909 -0.146864
v -0.088734 1.276388 -0.142076
v -0.079296 1.593233 -0.106263
v -0.066071 1.629442 -0.106716
v -0.055211 1.722127 -0.000214
v -0.061570 1.701466 0.005738
v -0.085676 1.696963 -0.093614
v -0.052449 1.677118 -0.092160
v -0.118032 1.616693 -0.047271
v -0.118970 1.583610 -0.044769
v -0.121605 1.524124 -0.044584
v -0.130265 1.463814 -0.055624
v -0.136769 1.412205 -0.061876
v -0.128023 1.338358 -0.099846
v -0.132088 1.364335 -0.063596
v -0.132543 1.309141 -0.101051
v -0.128291 1.285346 -0.113887
v -0.106614 1.268786 -0.124416
v -0.113355 1.276395 -0.133954
v -0.098623 1.266736 -0.114496
v -0.082103 1.275534 -0.134506
v -0.074865 1.305083 -0.146710
v -0.083829 1.305082 -0.148242
v -0.074812 1.289063 -0.140161
v -0.071877 1.301111 -0.143087
v -0.105936 1.362530 -0.110481
v -0.104766 1.414001 -0.102660
v -0.106660 1.335662 -0.111269
v -0.099009 1.471113 -0.091239
v -0.090397 1.531307 -0.095580
v -0.115810 1.312037 -0.116208
v -0.119445 1.297459 -0.125448
v -0.114177 1.291988 -0.135218
v -0.105552 1.293702 -0.142512
v -0.099538 1.298722 -0.144136
v -0.093258 1.303519 -0.145140
v 0.047860 1.517274 -0.036794
v 0.069737 1.514729 -0.065924
v 0.077873 1.549102 -0.060317
v 0.053731 1.545462 -0.032852
v 0.034227 1.362725 -0.058323
v 0.056068 1.365609 -0.086499
v 0.056851 1.418738 -0.084114
v 0.034503 1.416282 -0.055836
v 0.057828 1.249509 -0.072561
v 0.072778 1.238788 -0.061080
v 0.072408 1.253852 -0.052308
v 0.056537 1.256529 -0.067862
v 0.041153 1.229974 -0.059259
v 0.035831 1.247577 -0.047696
v 0.047018 1.220392 -0.078045
v 0.059405 1.246300 -0.081936
v 0.074406 1.229559 -0.073031
v 0.079110 1.249597 -0.116179
v 0.063570 1.255847 -0.101245
v 0.063502 1.262681 -0.100754
v 0.074161 1.264181 -0.114100
v 0.078290 1.233540 -0.100707
v 0.061906 1.248058 -0.094738
v 0.053669 1.226314 -0.106473
v 0.058909 1.246992 -0.120795
v 0.060436 1.263164 -0.119831
v 0.100747 1.597808 -0.011956
v 0.072598 1.635984 -0.005442
v 0.048986 1.623792 -0.044414
v 0.069945 1.583905 -0.054523
v 0.040737 1.597911 -0.021988
v 0.048475 1.569025 -0.028224
v 0.116403 1.549648 -0.020636
v 0.109311 1.504325 -0.032221
v 0.036850 1.468153 -0.047344
v 0.059488 1.467478 -0.076079
v 0.092747 1.456903 -0.051338
v 0.079137 1.366348 -0.063714
v 0.084093 1.412741 -0.061066
v 0.077037 1.326576 -0.056552
v 0.054222 1.322084 -0.074856
v 0.053606 1.288248 -0.066046
v 0.076895 1.294342 -0.049559
v 0.032982 1.268573 -0.040635
v 0.055892 1.266732 -0.064788
v 0.032686 1.289145 -0.041402
v 0.074940 1.273458 -0.047946
v 0.033084 1.320913 -0.049559
v 0.062584 1.267121 -0.097995
v 0.069435 1.270733 -0.108192
v 0.060800 1.269477 -0.113777
v -0.059267 1.473259 -0.061311
v -0.038072 1.471124 -0.043312
v -0.046962 1.510360 -0.030968
v -0.066032 1.512682 -0.052242
v -0.089770 1.462919 -0.045429
v -0.084790 1.399772 -0.057921
v -0.056349 1.402168 -0.069867
v -0.077688 1.305627 -0.061487
v -0.058737 1.307274 -0.075951
v -0.056380 1.335755 -0.080983
v -0.078833 1.339237 -0.061703
v -0.038425 1.299465 -0.058029
v -0.069697 1.277580 -0.072109
v -0.052175 1.268934 -0.054390
v -0.085501 1.276909 -0.059652
v -0.029929 1.332498 -0.062687
v -0.083115 1.249695 -0.077903
v -0.097822 1.241365 -0.066016
v -0.105457 1.233552 -0.086998
v -0.089291 1.244691 -0.090495
v -0.058466 1.565997 -0.046321
v -0.026679 1.617863 -0.049042
v -0.051531 1.626317 -0.018007
v -0.078368 1.572985 -0.013047
v -0.041132 1.557566 -0.026650
v -0.018974 1.594571 -0.036058
v -0.091045 1.506361 -0.028582
v -0.027770 1.398182 -0.060944
v -0.078929 1.258423 -0.072305
v -0.093587 1.254578 -0.060606
v -0.065783 1.243060 -0.058547
v -0.073753 1.227856 -0.067193
v -0.105715 1.251989 -0.117266
v -0.097135 1.263527 -0.117605
v -0.090611 1.269641 -0.105108
v -0.093550 1.258921 -0.104656
v -0.109575 1.238797 -0.108147
v -0.093492 1.248607 -0.100651
v -0.082379 1.221612 -0.091229
v -0.089671 1.247161 -0.124729
v -0.088062 1.230890 -0.114390
v -0.088802 1.259688 -0.123837
v -0.072833 1.601019 -0.120872
v -0.044189 1.578857 -0.117143
v -0.031213 1.641762 -0.098487
v -0.057437 1.674251 -0.090791
v -0.082530 1.534036 -0.124321
v -0.054370 1.525855 -0.111317
v -0.105884 1.454885 -0.146940
v -0.082237 1.461240 -0.122668
v -0.068300 1.495919 -0.114761
v -0.096352 1.495839 -0.132465
v -0.096695 1.427505 -0.159978
v -0.079196 1.436425 -0.132418
v -0.046414 1.365309 -0.184197
v -0.066505 1.371261 -0.197796
v -0.075883 1.356530 -0.202259
v -0.060486 1.344158 -0.188790
v -0.084480 1.361958 -0.177946
v -0.090536 1.351530 -0.199178
v -0.078091 1.364954 -0.177986
v -0.072606 1.381430 -0.170374
v -0.065227 1.388804 -0.188509
v -0.068881 1.399525 -0.181916
v -0.073896 1.387122 -0.166636
v -0.106467 1.410658 -0.135264
v -0.115023 1.436180 -0.109863
v -0.021372 1.690262 -0.059245
v -0.034793 1.727654 -0.037451
v -0.074270 1.661653 -0.047695
v -0.087364 1.594914 -0.068388
v -0.055186 1.700709 -0.012628
v -0.091552 1.526767 -0.077535
v -0.103395 1.483170 -0.089670
v -0.081095 1.412480 -0.171514
v -0.066220 1.420368 -0.145147
v -0.045801 1.390811 -0.173106
v -0.052227 1.404339 -0.161715
v -0.083714 1.337776 -0.186038
v -0.104730 1.356440 -0.191490
v -0.106217 1.344769 -0.178964
v -0.109518 1.363616 -0.184900
v -0.111892 1.372921 -0.177372
v -0.115993 1.364638 -0.167990
v -0.113647 1.354885 -0.172580
v -0.092971 1.364856 -0.175944
v -0.074488 1.372747 -0.175220
v -0.096686 1.369927 -0.173166
v -0.100316 1.374231 -0.170745
v -0.086013 1.396979 -0.156093
v 0.024942 1.685192 -0.062194
v -0.008615 1.693432 -0.091493
v -0.013591 1.618178 -0.121140
v 0.021935 1.610686 -0.080905
v -0.012349 1.474126 -0.139234
v 0.022968 1.475293 -0.105572
v 0.019877 1.545684 -0.089917
v -0.018000 1.551323 -0.129565
v -0.039060 1.617215 -0.088755
v -0.040410 1.551875 -0.102945
v -0.035101 1.683039 -0.064105
v 0.016372 1.331433 -0.128232
v 0.036680 1.341589 -0.158614
v 0.020123 1.377557 -0.161501
v 0.001644 1.365257 -0.137521
v 0.046708 1.265542 -0.142259
v 0.035388 1.275442 -0.164286
v 0.014900 1.256087 -0.173914
v 0.019119 1.243214 -0.157756
v 0.022893 1.727770 -0.038124
v -0.006663 1.740316 -0.056848
v -0.029982 1.723367 -0.039604
v -0.030486 1.470095 -0.118963
v 0.005746 1.407255 -0.157533
v 0.033867 1.415596 -0.130365
v -0.010376 1.397036 -0.138292
v 0.054599 1.345802 -0.136991
v 0.043521 1.386440 -0.139075
v 0.043706 1.304582 -0.154892
v 0.057941 1.302253 -0.130143
v 0.026310 1.301988 -0.125598
v -0.010989 1.251796 -0.174172
v -0.013604 1.239220 -0.157799
v -0.034343 1.257794 -0.166134
v -0.034533 1.245458 -0.145966
v 0.022797 1.278598 -0.134116
v 0.011265 1.261890 -0.142531
v -0.007167 1.258620 -0.146768
v -0.025525 1.263631 -0.149274
v -0.029056 1.699221 -0.043848
v -0.048172 1.651013 -0.030752
v -0.059445 1.627076 -0.038946
v -0.039700 1.664978 -0.065629
v -0.007605 1.263343 -0.099089
v -0.021384 1.263510 -0.115966
v -0.028177 1.238670 -0.107509
v -0.012289 1.235603 -0.092533
v -0.034590 1.216963 -0.113557
v -0.020073 1.209327 -0.103454
v -0.025976 1.198541 -0.124019
v -0.037146 1.208669 -0.129386
v -0.039403 1.215136 -0.159187
v -0.030067 1.205580 -0.163934
v -0.039657 1.226348 -0.172967
v -0.030723 1.220644 -0.181734
v -0.069748 1.582641 -0.052410
v -0.067174 1.517043 -0.060598
v -0.046596 1.522334 -0.096752
v -0.048110 1.598873 -0.084119
v -0.013087 1.586242 -0.077498
v -0.004077 1.644318 -0.064176
v -0.000599 1.673850 -0.052587
v -0.012039 1.516822 -0.083941
v -0.038647 1.474161 -0.114259
v -0.029041 1.431666 -0.132447
v 0.000772 1.434881 -0.107475
v -0.005702 1.473367 -0.095076
v -0.022430 1.380658 -0.144464
v 0.003329 1.387374 -0.120256
v -0.054295 1.423855 -0.096686
v -0.051716 1.372523 -0.106843
v -0.060641 1.468758 -0.076902
v -0.022712 1.336923 -0.141462
v -0.023232 1.297795 -0.129197
v -0.002009 1.299293 -0.108649
v 0.002154 1.341673 -0.119385
v -0.048701 1.329895 -0.107747
v -0.045387 1.295947 -0.103502
v -0.044923 1.268038 -0.094527
v -0.047278 1.238733 -0.087955
v -0.049007 1.209295 -0.102116
v -0.049647 1.197649 -0.125924
v -0.050890 1.204809 -0.166128
v -0.049739 1.220730 -0.182231
v -0.047228 1.240300 -0.184050
v -0.038966 1.240680 -0.173337
v -0.045012 1.260656 -0.175778
v -0.038914 1.257272 -0.166455
v -0.042964 1.270606 -0.165566
v -0.038877 1.267352 -0.158991
v -0.030463 1.240701 -0.184767
v -0.031915 1.260790 -0.174782
v -0.033970 1.267433 -0.163221
v 0.057136 1.504751 -0.162242
v 0.062104 1.517236 -0.169453
v 0.059529 1.510993 -0.157759
v 0.067545 1.496374 -0.161602
v 0.002252 1.763746 0.023103
v 0.006821 1.747323 0.026387
v 0.008784 1.750329 0.011546
v 0.017356 1.757948 -0.010592
v 0.033238 1.745250 -0.043013
v 0.048616 1.725801 -0.067776
v 0.060830 1.705280 -0.084547
v 0.067933 1.681783 -0.097677
v 0.067932 1.640444 -0.102917
v 0.062618 1.598473 -0.104001
v 0.052152 1.561076 -0.111095
v 0.044235 1.538325 -0.123153
v 0.039437 1.506853 -0.149497
v 0.045023 1.482955 -0.166481
v 0.054080 1.472264 -0.172163
v 0.067694 1.461161 -0.174120
v 0.080908 1.454868 -0.167091
v 0.091806 1.455909 -0.152133
v 0.097607 1.464529 -0.131909
v 0.092765 1.483335 -0.117859
v 0.079128 1.502582 -0.117934
v 0.069968 1.511248 -0.127370
v 0.063254 1.515132 -0.145582
v 0.057974 1.775487 -0.029658
v 0.026981 1.778419 -0.001695
v 0.011585 1.754109 0.023843
v 0.012702 1.764557 0.016924
v 0.019631 1.785941 -0.012905
v -0.011690 1.452488 -0.165317
v 0.011174 1.453545 -0.174464
v 0.027302 1.409710 -0.186999
v 0.033491 1.371034 -0.198718
v 0.037871 1.783217 -0.015920
v -0.000140 1.759626 0.022198
v -0.007266 1.751909 0.009904
v -0.013135 1.754452 -0.003593
v -0.022695 1.747632 -0.024026
v -0.085584 1.745217 -0.027061
v -0.096824 1.513439 -0.111534
v -0.102418 1.498920 -0.117719
v -0.104526 1.484588 -0.124546
v -0.097564 1.463947 -0.136385
v -0.083674 1.451911 -0.145219
v -0.043660 1.461455 -0.150419
v -0.034763 1.477185 -0.146355
v -0.043259 1.539661 -0.124284
v -0.046950 1.566778 -0.119411
v -0.056246 1.659132 -0.088444
v -0.104008 1.714789 -0.069940
v -0.039783 1.710969 -0.060154
v -0.001926 1.792116 -0.006158
v -0.063634 1.451922 -0.149585
v -0.034319 1.507077 -0.135908
v -0.051570 1.615432 -0.107961
v -0.032421 1.549480 -0.142379
v -0.026709 1.686614 -0.119691
v 0.051199 1.732719 0.022386
v 0.070156 1.664635 0.026313
v 0.132610 1.368133 -0.121987
v 0.119839 1.367553 -0.111813
v -0.071178 1.677096 0.014728
v -0.046079 1.724277 -0.000469
v -0.118457 1.365659 -0.143333
v -0.104390 1.380360 -0.155430
v -0.041276 1.619818 -0.016768
v 0.038695 1.616033 -0.018583
v 0.010891 1.234010 -0.161421
v -0.002349 1.235135 -0.161228
v 0.049986 1.242115 -0.103755
v 0.043050 1.245165 -0.118957
v 0.006737 1.655749 -0.052232
v 0.100204 1.236530 -0.075199
v 0.092702 1.237798 -0.083374
v -0.064938 1.630935 -0.018657
v -0.014860 1.621128 -0.048409
v -0.086046 1.220924 -0.070043
v -0.095379 1.221374 -0.064953
v -0.055595 1.675964 -0.038895
v -0.000122 1.633926 -0.048018
v -0.061216 1.226251 -0.090647
v -0.070987 1.222687 -0.075150
v 0.054053 1.297308 -0.143939
v 0.069710 1.301325 -0.139107
v -0.056043 1.703741 0.006493
v -0.019078 1.741483 -0.011315
v -0.138654 1.412205 -0.061876
v -0.135048 1.463814 -0.055624
v -0.127149 1.524124 -0.044584
v -0.118891 1.616693 -0.047271
v -0.122235 1.583610 -0.044769
v -0.091509 1.303523 -0.144140
v -0.073380 1.301116 -0.142301
v 0.043529 1.600654 -0.016853
v 0.071163 1.632673 -0.002745
v 0.068957 1.271335 -0.110300
v 0.061369 1.270277 -0.115053
v -0.089516 1.260212 -0.125307
v -0.096897 1.263499 -0.119945
v -0.079683 1.393306 -0.160873
v -0.061355 1.415450 -0.150308
v -0.071084 1.425287 -0.140025
v -0.092464 1.400652 -0.151312
v -0.114249 1.364977 -0.167914
v -0.100869 1.373403 -0.170148
v -0.025758 1.722952 -0.037577
v 0.019604 1.726608 -0.036297
v -0.034484 1.268393 -0.164059
v -0.042280 1.270982 -0.166017
v 0.064156 1.774301 -0.010777
v 0.084125 1.762687 -0.047591
v 0.081054 1.726674 -0.000997
v 0.068873 1.728833 0.007789
v 0.035206 1.777592 0.004367
v 0.023003 1.757769 0.022795
v 0.013118 1.755577 0.021948
v 0.009813 1.779695 0.006463
v 0.090720 1.598623 -0.090181
v 0.086159 1.541085 -0.090701
v 0.106145 1.538215 -0.076308
v 0.115183 1.599285 -0.074303
v 0.071226 1.718366 -0.093117
v 0.051353 1.770605 -0.060514
v 0.001924 1.769140 -0.045487
v 0.049583 1.710216 -0.094897
v 0.081185 1.665821 -0.106763
v 0.055141 1.659871 -0.103768
v 0.052207 1.765185 0.010138
v 0.059334 1.730187 0.014878
v 0.046590 1.733128 0.038409
v 0.032843 1.749982 0.028709
v 0.045516 1.784927 -0.020370
v 0.007026 1.778079 -0.013645
v 0.101273 1.715614 -0.078442
v 0.103369 1.696036 -0.039602
v 0.109681 1.667534 -0.091872
v 0.123168 1.664305 -0.057306
v 0.127437 1.602785 -0.045964
v 0.115271 1.538947 -0.047314
v 0.067760 1.599045 -0.091471
v 0.067034 1.544246 -0.092122
v -0.069868 1.718039 0.014187
v -0.087949 1.751940 -0.021388
v -0.064699 1.760000 -0.001654
v -0.057792 1.721771 0.018424
v -0.006379 1.758854 0.009448
v -0.015888 1.756795 0.014482
v -0.032840 1.769016 0.001083
v -0.009498 1.779856 -0.006776
v -0.090354 1.532157 -0.100880
v -0.084006 1.541524 -0.123801
v -0.103342 1.592444 -0.105815
v -0.115332 1.584150 -0.078877
v -0.018686 1.762498 -0.061717
v -0.065526 1.757702 -0.052134
v -0.079943 1.716576 -0.073849
v -0.048587 1.709624 -0.075720
v -0.104076 1.664000 -0.103865
v -0.066946 1.658075 -0.119790
v -0.033112 1.727739 0.040775
v -0.048172 1.724579 0.021843
v -0.045473 1.753504 0.013757
v -0.023374 1.746535 0.024683
v -0.049135 1.776471 -0.019460
v -0.013483 1.773436 -0.029486
v -0.099124 1.695623 -0.024170
v -0.108235 1.714308 -0.060404
v -0.109715 1.646622 -0.051050
v -0.121068 1.661192 -0.076780
v -0.107568 1.577837 -0.051472
v -0.089057 1.523879 -0.071373
v -0.061771 1.553050 -0.130211
v -0.075029 1.603371 -0.114419
v 0.010210 1.383147 0.085604
v 0.013422 1.380933 0.086388
v 0.012124 1.386974 0.083637
v 0.009542 1.389427 0.080958
v 0.004683 1.383262 0.087758
v 0.007894 1.371899 0.095684
v 0.012558 1.376745 0.090078
v 0.000004 1.383237 0.089560
v 0.000004 1.369941 0.097718
v 0.027282 1.392819 0.079444
v 0.018326 1.395536 0.076441
v 0.038245 1.398888 0.073299
v 0.025146 1.402797 0.070118
v 0.054057 1.414155 0.056163
v 0.035957 1.420827 0.051892
v 0.045138 1.437436 0.031435
v 0.065426 1.431429 0.033303
v 0.064881 1.446157 0.007182
v 0.044047 1.451422 0.007782
v 0.034072 1.461795 -0.035633
v 0.012494 1.469507 -0.040778
v 0.023676 1.465719 -0.033275
v 0.052986 1.456206 -0.018789
v 0.044111 1.459829 -0.026797
v 0.030399 1.465197 -0.024915
v 0.037788 1.463429 -0.017389
v 0.017918 1.463947 -0.022561
v 0.000004 1.462770 -0.021057
v 0.000004 1.459537 -0.014380
v 0.021193 1.461068 -0.015179
v 0.000004 1.450039 0.000119
v 0.024429 1.454672 0.000246
v 0.025083 1.450861 0.008889
v 0.000004 1.445782 0.006674
v 0.000004 1.435905 0.026941
v 0.026670 1.440074 0.030030
v 0.000004 1.424815 0.045570
v 0.019482 1.423080 0.048405
v 0.000004 1.405589 0.064741
v 0.013997 1.404690 0.067025
v 0.000004 1.398652 0.069202
v 0.009656 1.396987 0.075145
v 0.000004 1.393300 0.076546
v 0.005108 1.391693 0.078465
v 0.064656 1.451934 -0.003550
v 0.043598 1.456283 -0.001868
v 0.055707 1.410016 0.055692
v 0.068877 1.427020 0.032438
v 0.039469 1.394588 0.072278
v 0.027714 1.387540 0.080518
v 0.013388 1.384254 0.083401
v 0.013445 1.379931 0.085209
v 0.012564 1.375449 0.089133
v 0.000004 1.367437 0.096106
v 0.008272 1.369945 0.093769
v 0.068169 1.440588 0.006301
v 0.067878 1.446012 -0.004450
v 0.057004 1.450836 -0.021384
v 0.048655 1.454308 -0.030998
v 0.010000 1.461876 -0.049796
v 0.035855 1.457048 -0.041472
v 0.000004 1.471228 -0.039587
v 0.000004 1.467888 -0.028762
v 0.014212 1.466839 -0.030872
v 0.000004 1.462074 -0.049159
v 0.000004 1.445764 -0.052655
v 0.008377 1.444754 -0.051899
v 0.037915 1.443870 -0.043393
v 0.053334 1.443709 -0.031896
v 0.060508 1.441921 -0.022230
v 0.067596 1.433963 -0.003411
v 0.067952 1.429317 0.006689
v 0.068817 1.417118 0.030183
v 0.054241 1.401168 0.052503
v 0.038493 1.387894 0.067221
v 0.026493 1.383218 0.075940
v 0.012545 1.381756 0.079271
v 0.013418 1.378578 0.083624
v 0.012522 1.374032 0.087581
v 0.008214 1.368660 0.092348
v 0.000004 1.366227 0.094730
v -0.012116 1.386974 0.083637
v -0.013414 1.380933 0.086388
v -0.010201 1.383147 0.085604
v -0.009534 1.389427 0.080958
v -0.007885 1.371899 0.095684
v -0.004675 1.383262 0.087758
v -0.012550 1.376745 0.090078
v -0.027274 1.392819 0.079444
v -0.018318 1.395536 0.076441
v -0.038237 1.398888 0.073299
v -0.025138 1.402797 0.070118
v -0.054048 1.414155 0.056163
v -0.035949 1.420827 0.051892
v -0.045130 1.437436 0.031435
v -0.065418 1.431429 0.033303
v -0.064872 1.444933 0.007310
v -0.044038 1.451422 0.007782
v -0.012485 1.469507 -0.040778
v -0.034063 1.461795 -0.035633
v -0.023667 1.465719 -0.033275
v -0.030391 1.465197 -0.024915
v -0.044102 1.459829 -0.026797
v -0.052977 1.456206 -0.018789
v -0.037779 1.463429 -0.017389
v -0.017909 1.463947 -0.022561
v -0.021185 1.461068 -0.015179
v -0.024420 1.454672 0.000246
v -0.025074 1.450861 0.008889
v -0.026662 1.440074 0.030030
v -0.019473 1.423080 0.048405
v -0.013988 1.404690 0.067025
v -0.009647 1.396987 0.075145
v -0.005099 1.391693 0.078465
v -0.064647 1.451934 -0.003550
v -0.043589 1.456283 -0.001868
v -0.068868 1.427020 0.032438
v -0.055698 1.410016 0.055692
v -0.039461 1.394588 0.072278
v -0.027705 1.387540 0.080518
v -0.013380 1.384254 0.083401
v -0.013436 1.379931 0.085209
v -0.012555 1.375449 0.089133
v -0.008263 1.369945 0.093769
v -0.068161 1.439364 0.006429
v -0.067869 1.444788 -0.004322
v -0.056996 1.450836 -0.021384
v -0.048646 1.454308 -0.030998
v -0.009992 1.461876 -0.049796
v -0.035847 1.457048 -0.041472
v -0.014204 1.466839 -0.030872
v -0.008369 1.446157 -0.052046
v -0.037906 1.443870 -0.043393
v -0.053325 1.442484 -0.031768
v -0.060499 1.441921 -0.022230
v -0.067588 1.433963 -0.003411
v -0.067944 1.429317 0.006689
v -0.068808 1.418342 0.030055
v -0.054232 1.401168 0.052503
v -0.038485 1.387894 0.067221
v -0.026484 1.383218 0.075940
v -0.013483 1.381682 0.080866
v -0.013410 1.378578 0.083624
v -0.012513 1.374032 0.087581
v -0.008205 1.368660 0.092348
v 0.574620 1.357761 -0.028611
v 0.568898 1.357145 -0.030313
v 0.567422 1.353319 -0.021911
v 0.573219 1.354128 -0.020634
v 0.575962 1.363419 -0.034911
v 0.570311 1.363104 -0.036948
v 0.577112 1.370549 -0.038916
v 0.571522 1.370613 -0.041166
v 0.577959 1.378452 -0.040234
v 0.572414 1.378936 -0.042554
v 0.578419 1.386355 -0.038736
v 0.572899 1.387260 -0.040977
v 0.578447 1.393484 -0.034570
v 0.572928 1.394768 -0.036588
v 0.578041 1.399142 -0.028141
v 0.572501 1.400727 -0.029818
v 0.577241 1.402775 -0.020081
v 0.571658 1.404553 -0.021330
v 0.576123 1.404027 -0.011178
v 0.570481 1.405871 -0.011953
v 0.574799 1.402775 -0.002303
v 0.569087 1.404553 -0.002606
v 0.573398 1.399142 0.005675
v 0.567611 1.400727 0.005796
v 0.572056 1.393484 0.011974
v 0.566198 1.394768 0.012431
v 0.570906 1.386355 0.015979
v 0.564986 1.387260 0.016649
v 0.570059 1.378452 0.017297
v 0.564094 1.378936 0.018037
v 0.569599 1.370549 0.015800
v 0.563610 1.370613 0.016460
v 0.569571 1.363419 0.011633
v 0.563580 1.363104 0.012071
v 0.569977 1.357761 0.005205
v 0.564008 1.357145 0.005301
v 0.570778 1.354128 -0.002855
v 0.564851 1.353319 -0.003188
v 0.571895 1.352876 -0.011759
v 0.566027 1.352001 -0.012564
v 0.573658 1.378483 -0.011519
v 0.562594 1.358774 -0.030263
v 0.562333 1.379436 -0.013074
v 0.561192 1.355141 -0.022285
v 0.563935 1.364432 -0.036562
v 0.565086 1.371561 -0.040567
v 0.565932 1.379465 -0.041885
v 0.566392 1.387368 -0.040388
v 0.566421 1.394497 -0.036221
v 0.566015 1.400155 -0.029793
v 0.565214 1.403788 -0.021733
v 0.564097 1.405040 -0.012829
v 0.562773 1.403788 -0.003955
v 0.561372 1.400155 0.004023
v 0.560030 1.394497 0.010323
v 0.558879 1.387368 0.014328
v 0.558033 1.379465 0.015646
v 0.557573 1.371561 0.014148
v 0.557544 1.364432 0.009982
v 0.557950 1.358774 0.003553
v 0.558751 1.355141 -0.004507
v 0.559868 1.353889 -0.013410
# 5642 vertices

vt 0.82653 0.26337
vt 0.75171 0.21624
vt 0.79056 0.24071
vt 0.84518 0.15373
vt 0.74395 0.17531
vt 0.73619 0.13443
vt 0.78251 0.06020
vt 0.86548 0.04429
vt 0.82037 0.05294
vt 0.95417 0.17160
vt 0.93795 0.09128
vt 0.75850 0.09868
vt 0.91180 0.24339
vt 0.10893 0.19864
vt 0.08278 0.25244
vt 0.11496 0.22568
vt 0.06576 0.23134
vt 0.02254 0.26408
vt 0.04334 0.33222
vt 0.05056 0.27923
vt 0.01256 0.32835
vt 0.89968 0.06646
vt 0.87274 0.25255
vt 0.16274 0.21045
vt 0.20139 0.24894
vt 0.22068 0.22316
vt 0.15658 0.23688
vt 0.25144 0.26885
vt 0.25507 0.33188
vt 0.28808 0.32329
vt 0.22588 0.28679
vt 0.28303 0.38298
vt 0.24691 0.43471
vt 0.27737 0.44980
vt 0.25122 0.38040
vt 0.17969 0.49486
vt 0.18737 0.52874
vt 0.06973 0.49809
vt 0.09060 0.47108
vt 0.00331 0.38787
vt 0.06588 0.42994
vt 0.03665 0.38129
vt 0.03930 0.44760
vt 0.09437 0.26560
vt 0.11856 0.24161
vt 0.06307 0.33491
vt 0.07015 0.28961
vt 0.15170 0.25371
vt 0.18738 0.26673
vt 0.20916 0.29868
vt 0.23511 0.33676
vt 0.23049 0.37841
vt 0.22532 0.42504
vt 0.17548 0.47758
vt 0.10558 0.45258
vt 0.08310 0.41789
vt 0.05651 0.37686
vt 0.44506 0.44656
vt 0.49249 0.51991
vt 0.50812 0.44499
vt 0.54770 0.47089
vt 0.33284 0.39429
vt 0.44121 0.38280
vt 0.38519 0.47009
vt 0.52523 0.40512
vt 0.45700 0.55366
vt 0.56762 0.57169
vt 0.56865 0.50936
vt 0.60509 0.49879
vt 0.61387 0.57645
vt 0.53360 0.62740
vt 0.60260 0.67981
vt 0.48584 0.66748
vt 0.42397 0.58270
vt 0.36052 0.64389
vt 0.41447 0.67434
vt 0.51163 0.74298
vt 0.39645 0.74298
vt 0.31835 0.68557
vt 0.34250 0.52134
vt 0.33192 0.59063
vt 0.26168 0.60766
vt 0.26308 0.49085
vt 0.41568 0.29182
vt 0.38873 0.37595
vt 0.44297 0.37409
vt 0.57633 0.44550
vt 0.32457 0.34032
vt 0.28151 0.28425
vt 0.39957 0.23883
vt 0.48718 0.34649
vt 0.51686 0.28408
vt 0.52063 0.21574
vt 0.38340 0.19010
vt 0.43644 0.08483
vt 0.35209 0.08483
vt 0.50279 0.14543
vt 0.28302 0.12941
vt 0.26367 0.21341
vt 0.08728 0.31388
vt 0.13994 0.37112
vt 0.15244 0.31388
vt 0.13142 0.37441
vt 0.14921 0.37531
vt 0.18833 0.34935
vt 0.15329 0.38608
vt 0.19226 0.38793
vt 0.14730 0.39435
vt 0.19120 0.45444
vt 0.13878 0.39764
vt 0.12641 0.45456
vt 0.12947 0.39343
vt 0.09075 0.41930
vt 0.12539 0.38275
vt 0.08676 0.38098
vt 0.13938 0.38437
vt 0.00172 0.19205
vt 0.05983 0.13947
vt 0.00172 0.12673
vt 0.06298 0.14765
vt 0.06388 0.13058
vt 0.03744 0.09064
vt 0.07424 0.12669
vt 0.07634 0.08686
vt 0.08215 0.13245
vt 0.14296 0.08829
vt 0.08530 0.14064
vt 0.14309 0.15324
vt 0.08124 0.14957
vt 0.10758 0.18909
vt 0.07097 0.15346
vt 0.06894 0.19295
vt 0.66623 0.08215
vt 0.60757 0.13442
vt 0.66623 0.14738
vt 0.60456 0.12654
vt 0.60365 0.14299
vt 0.63039 0.18354
vt 0.59365 0.14670
vt 0.59128 0.18720
vt 0.58604 0.14113
vt 0.52482 0.18530
vt 0.58303 0.13324
vt 0.52469 0.12043
vt 0.58696 0.12463
vt 0.56032 0.08450
vt 0.59688 0.12092
vt 0.59916 0.08078
vt 0.59530 0.13384
vt 0.86667 0.95891
vt 0.90221 0.94699
vt 0.87461 0.91726
vt 0.84276 0.94643
vt 0.83233 0.92181
vt 0.84702 0.88753
vt 0.88256 0.87555
vt 0.90653 0.88803
vt 0.91695 0.91270
vt 0.91904 0.96526
vt 0.87235 0.99900
vt 0.79292 0.99247
vt 0.79289 0.91294
vt 0.83021 0.86923
vt 0.87691 0.83543
vt 0.95643 0.84194
vt 0.95643 0.92156
vt 0.82506 0.73276
vt 0.82448 0.68735
vt 0.80393 0.71152
vt 0.84588 0.71162
vt 0.85464 0.75839
vt 0.87307 0.74249
vt 0.87559 0.79162
vt 0.89990 0.77416
vt 0.89340 0.81606
vt 0.92091 0.79953
vt 0.87123 0.65847
vt 0.87994 0.68973
vt 0.89870 0.72006
vt 0.92686 0.74319
vt 0.95775 0.75690
vt 0.91773 0.66631
vt 0.91068 0.68659
vt 0.92972 0.69037
vt 0.93376 0.71278
vt 0.95695 0.70730
vt 0.95133 0.67196
vt 0.84635 0.76552
vt 0.81902 0.74972
vt 0.85784 0.79503
vt 0.82545 0.78344
vt 0.79645 0.73873
vt 0.86530 0.81921
vt 0.80662 0.79953
vt 0.07256 0.14004
vt 0.40436 0.30869
vt 0.41320 0.34175
vt 0.42460 0.33085
vt 0.39644 0.33086
vt 0.03747 0.27552
vt 0.01611 0.30026
vt 0.03205 0.30078
vt 0.00377 0.27313
vt 0.40844 0.35981
vt 0.38917 0.35987
vt 0.39062 0.38527
vt 0.41066 0.37774
vt 0.40142 0.40308
vt 0.41993 0.39287
vt 0.06487 0.36606
vt 0.05157 0.34196
vt 0.04536 0.35730
vt 0.07405 0.34946
vt 0.05163 0.32538
vt 0.07171 0.32512
vt 0.04430 0.30986
vt 0.05460 0.29928
vt 0.04823 0.33973
vt 0.04188 0.35479
vt 0.42217 0.38936
vt 0.41389 0.37646
vt 0.41253 0.36103
vt 0.41645 0.34540
vt 0.42694 0.33461
vt 0.01758 0.30440
vt 0.03206 0.30502
vt 0.04238 0.31325
vt 0.04848 0.32553
vt 0.36139 0.39622
vt 0.38223 0.41425
vt 0.10155 0.35387
vt 0.08616 0.37348
vt 0.33492 0.35858
vt 0.33492 0.39235
vt 0.36378 0.35946
vt 0.33492 0.32313
vt 0.37135 0.32599
vt 0.37507 0.29784
vt 0.33492 0.29478
vt 0.09842 0.32588
vt 0.12914 0.31929
vt 0.12892 0.34674
vt 0.17720 0.44826
vt 0.20391 0.46942
vt 0.20415 0.44385
vt 0.18251 0.47136
vt 0.20359 0.50352
vt 0.19084 0.50234
vt 0.17858 0.50479
vt 0.16601 0.47868
vt 0.15708 0.45899
vt 0.15089 0.48911
vt 0.17009 0.51404
vt 0.13386 0.46961
vt 0.14056 0.50506
vt 0.16281 0.52788
vt 0.11663 0.48684
vt 0.19279 0.51481
vt 0.20347 0.51785
vt 0.18469 0.51688
vt 0.17880 0.52278
vt 0.17508 0.53263
vt 0.11915 0.30138
vt 0.12948 0.27182
vt 0.12702 0.27167
vt 0.09656 0.30980
vt 0.07553 0.30755
vt 0.28292 0.04936
vt 0.29710 0.03930
vt 0.27794 0.02594
vt 0.26604 0.04714
vt 0.25520 0.03336
vt 0.25667 0.01631
vt 0.26774 0.00595
vt 0.28227 0.00425
vt 0.29395 0.01098
vt 0.30077 0.02413
vt 0.25665 0.34175
vt 0.26549 0.30869
vt 0.24525 0.33085
vt 0.27341 0.33086
vt 0.24243 0.30192
vt 0.22143 0.27687
vt 0.22649 0.30221
vt 0.25517 0.27497
vt 0.26140 0.35981
vt 0.28068 0.35987
vt 0.27923 0.38527
vt 0.25919 0.37774
vt 0.26843 0.40308
vt 0.24991 0.39287
vt 0.20636 0.34311
vt 0.19269 0.36701
vt 0.21234 0.35855
vt 0.18376 0.35028
vt 0.20654 0.32652
vt 0.18647 0.32597
vt 0.21410 0.31111
vt 0.20396 0.30039
vt 0.20973 0.34093
vt 0.21585 0.35608
vt 0.24768 0.38936
vt 0.25596 0.37646
vt 0.25732 0.36103
vt 0.25340 0.34540
vt 0.24290 0.33461
vt 0.24090 0.30603
vt 0.22642 0.30645
vt 0.21597 0.31453
vt 0.20968 0.32673
vt 0.30845 0.39622
vt 0.28762 0.41425
vt 0.15619 0.35428
vt 0.17129 0.37412
vt 0.30607 0.35947
vt 0.29850 0.32599
vt 0.29478 0.29784
vt 0.15976 0.32634
vt 0.23102 0.44877
vt 0.22527 0.47175
vt 0.21636 0.50257
vt 0.22858 0.50524
vt 0.24163 0.47938
vt 0.25093 0.45987
vt 0.25656 0.49009
vt 0.23690 0.51465
vt 0.27395 0.47092
vt 0.26659 0.50623
vt 0.24392 0.52862
vt 0.29085 0.48846
vt 0.21419 0.51499
vt 0.22225 0.51722
vt 0.22803 0.52323
vt 0.23156 0.53314
vt 0.13938 0.30153
vt 0.13195 0.27171
vt 0.16185 0.31028
vt 0.18291 0.30834
vt 0.02576 0.41565
vt 0.03280 0.39276
vt 0.01253 0.40438
vt 0.04277 0.41494
vt 0.05479 0.40218
vt 0.05484 0.38506
vt 0.04473 0.37376
vt 0.03041 0.37078
vt 0.01818 0.37645
vt 0.01023 0.38894
vt 0.19068 0.53005
vt 0.21602 0.53027
vt 0.95318 0.11282
vt 0.93444 0.13419
vt 0.95197 0.13618
vt 0.93571 0.10458
vt 0.91633 0.13851
vt 0.91793 0.11391
vt 0.93211 0.19010
vt 0.95090 0.18794
vt 0.91612 0.19084
vt 0.93242 0.23013
vt 0.94937 0.22900
vt 0.92673 0.38408
vt 0.91630 0.37504
vt 0.91634 0.38216
vt 0.92742 0.37574
vt 0.93408 0.26177
vt 0.94983 0.24432
vt 0.93443 0.24481
vt 0.95007 0.26193
vt 0.91838 0.26289
vt 0.91783 0.24448
vt 0.94952 0.36304
vt 0.93875 0.37488
vt 0.94970 0.37364
vt 0.93803 0.36370
vt 0.92132 0.31326
vt 0.93480 0.31163
vt 0.90438 0.26510
vt 0.90379 0.24701
vt 0.90539 0.37995
vt 0.90406 0.37357
vt 0.90994 0.31381
vt 0.90278 0.36310
vt 0.91533 0.36415
vt 0.89476 0.31318
vt 0.95701 0.37847
vt 0.96795 0.37507
vt 0.95752 0.37295
vt 0.96950 0.38155
vt 0.96818 0.26459
vt 0.98300 0.24984
vt 0.96850 0.24756
vt 0.98299 0.26811
vt 0.98477 0.23406
vt 0.96960 0.23161
vt 0.94948 0.37850
vt 0.92628 0.36476
vt 0.97031 0.18766
vt 0.97770 0.31479
vt 0.95867 0.36330
vt 0.96918 0.36458
vt 0.96499 0.31240
vt 0.94972 0.31100
vt 0.96991 0.13762
vt 0.98718 0.19122
vt 0.98802 0.13864
vt 0.88134 0.13800
vt 0.90219 0.19128
vt 0.90127 0.14048
vt 0.88505 0.19049
vt 0.97022 0.11938
vt 0.98863 0.12612
vt 0.88188 0.12579
vt 0.90117 0.12284
vt 0.93894 0.38342
vt 0.91690 0.23031
vt 0.90429 0.23227
vt 0.88756 0.24869
vt 0.88888 0.23339
vt 0.88773 0.26654
vt 0.98923 0.12384
vt 0.97105 0.11678
vt 0.88227 0.12350
vt 0.89846 0.11327
vt 0.88253 0.12121
vt 0.90051 0.11806
vt 0.91044 0.09584
vt 0.91549 0.10401
vt 0.92208 0.07762
vt 0.93076 0.09107
vt 0.94005 0.09056
vt 0.95932 0.09344
vt 0.95016 0.07741
vt 0.95480 0.10261
vt 0.97167 0.11410
vt 0.98999 0.12168
vt 0.90431 0.09007
vt 0.89319 0.10553
vt 0.91221 0.07109
vt 0.96477 0.08884
vt 0.96098 0.07074
vt 0.97794 0.10637
vt 0.99540 0.11396
vt 0.87701 0.11380
vt 0.98689 0.09693
vt 0.97638 0.08470
vt 0.99304 0.08080
vt 0.97634 0.07050
vt 0.87978 0.08027
vt 0.87351 0.09873
vt 0.88650 0.09595
vt 0.89621 0.08388
vt 0.89693 0.07052
vt 0.99906 0.09873
vt 0.79577 0.01125
vt 0.79187 0.02427
vt 0.79580 0.02381
vt 0.79114 0.01234
vt 0.78671 0.01376
vt 0.79062 0.00883
vt 0.78697 0.00955
vt 0.79245 0.03451
vt 0.79567 0.03444
vt 0.78913 0.03624
vt 0.78787 0.02577
vt 0.79337 0.04328
vt 0.79559 0.04374
vt 0.79089 0.04497
vt 0.78237 0.01503
vt 0.78022 0.01148
vt 0.80486 0.01315
vt 0.80978 0.01097
vt 0.80630 0.00865
vt 0.80884 0.01501
vt 0.80070 0.01146
vt 0.80200 0.00709
vt 0.79495 0.00761
vt 0.79885 0.03546
vt 0.79976 0.02434
vt 0.80189 0.03718
vt 0.80331 0.02578
vt 0.80492 0.03896
vt 0.80665 0.02789
vt 0.78428 0.02792
vt 0.78616 0.03903
vt 0.79761 0.04530
vt 0.79969 0.04622
vt 0.80196 0.04737
vt 0.78947 0.04759
vt 0.85316 0.01157
vt 0.84893 0.02524
vt 0.85328 0.02497
vt 0.84827 0.01161
vt 0.84306 0.01154
vt 0.84794 0.00813
vt 0.84330 0.00792
vt 0.84936 0.03550
vt 0.85312 0.03513
vt 0.84576 0.03763
vt 0.84462 0.02667
vt 0.84991 0.04271
vt 0.85305 0.04223
vt 0.84751 0.04547
vt 0.85151 0.04801
vt 0.85288 0.04643
vt 0.84997 0.04845
vt 0.83855 0.01287
vt 0.83619 0.00939
vt 0.86323 0.01203
vt 0.86835 0.00910
vt 0.86442 0.00774
vt 0.86752 0.01296
vt 0.85850 0.01165
vt 0.85961 0.00816
vt 0.85234 0.00794
vt 0.85684 0.03611
vt 0.85764 0.02558
vt 0.86020 0.03832
vt 0.86147 0.02700
vt 0.86331 0.04122
vt 0.86504 0.02968
vt 0.84083 0.02953
vt 0.84263 0.04111
vt 0.85591 0.04370
vt 0.85813 0.04627
vt 0.85999 0.04899
vt 0.84598 0.04882
vt 0.85433 0.04757
vt 0.85538 0.04929
vt 0.85595 0.05129
vt 0.84993 0.05076
vt 0.76070 0.00932
vt 0.75649 0.02146
vt 0.76011 0.02242
vt 0.75651 0.00902
vt 0.75161 0.00960
vt 0.75596 0.00618
vt 0.75136 0.00606
vt 0.75616 0.03055
vt 0.75924 0.03235
vt 0.75261 0.03032
vt 0.75240 0.02151
vt 0.75558 0.03746
vt 0.75772 0.03962
vt 0.75283 0.03713
vt 0.75435 0.04168
vt 0.75573 0.04213
vt 0.75306 0.04036
vt 0.74733 0.01011
vt 0.74706 0.00692
vt 0.74330 0.01037
vt 0.74327 0.00690
vt 0.73957 0.01127
vt 0.73942 0.00770
vt 0.76735 0.00807
vt 0.76024 0.00621
vt 0.76482 0.01079
vt 0.76197 0.03539
vt 0.76350 0.02505
vt 0.74621 0.03347
vt 0.74143 0.02543
vt 0.74350 0.03567
vt 0.74472 0.02351
vt 0.74922 0.03142
vt 0.74838 0.02219
vt 0.75910 0.04240
vt 0.74838 0.04035
vt 0.74668 0.04228
vt 0.75033 0.03827
vt 0.75573 0.04419
vt 0.75069 0.04289
vt 0.74988 0.04456
vt 0.75165 0.04130
vt 0.71249 0.01113
vt 0.70876 0.02321
vt 0.71228 0.02296
vt 0.70775 0.01228
vt 0.70383 0.01307
vt 0.70814 0.00856
vt 0.70426 0.00981
vt 0.70937 0.03100
vt 0.71242 0.03091
vt 0.70645 0.03259
vt 0.70508 0.02444
vt 0.71000 0.03588
vt 0.71276 0.03611
vt 0.70775 0.03742
vt 0.71074 0.03883
vt 0.71254 0.03907
vt 0.70947 0.04002
vt 0.71705 0.00713
vt 0.71271 0.00743
vt 0.71692 0.01092
vt 0.72114 0.00813
vt 0.72079 0.01202
vt 0.72453 0.01017
vt 0.72435 0.01377
vt 0.69978 0.01434
vt 0.69711 0.01161
vt 0.71545 0.03184
vt 0.71606 0.02345
vt 0.71829 0.03327
vt 0.71937 0.02454
vt 0.72106 0.03463
vt 0.72251 0.02604
vt 0.70193 0.02671
vt 0.70406 0.03526
vt 0.71503 0.03753
vt 0.71378 0.04073
vt 0.71707 0.03854
vt 0.71571 0.04136
vt 0.71937 0.03959
vt 0.71739 0.04247
vt 0.70642 0.04019
vt 0.70937 0.04202
vt 0.85294 0.05017
vt 0.75291 0.04373
vt 0.79391 0.04680
vt 0.79522 0.04577
vt 0.79204 0.04666
vt 0.79681 0.04706
vt 0.79872 0.04815
vt 0.80060 0.04910
vt 0.79149 0.04860
vt 0.79436 0.04851
vt 0.79779 0.04973
vt 0.71126 0.04041
vt 0.71176 0.04197
vt 0.71488 0.04299
vt 0.88895 0.03647
vt 0.89634 0.04234
vt 0.89649 0.02681
vt 0.89050 0.04419
vt 0.87840 0.04153
vt 0.88235 0.04433
vt 0.88351 0.03254
vt 0.98270 0.04820
vt 0.98039 0.03983
vt 0.97840 0.04509
vt 0.98457 0.04381
vt 0.98200 0.05297
vt 0.97710 0.05035
vt 0.88135 0.05198
vt 0.87518 0.05386
vt 0.87745 0.05630
vt 0.87833 0.04958
vt 0.86980 0.05628
vt 0.87141 0.05915
vt 0.87204 0.05172
vt 0.88723 0.05191
vt 0.88567 0.04759
vt 0.88323 0.05536
vt 0.89242 0.05051
vt 0.88982 0.05078
vt 0.97481 0.04404
vt 0.96699 0.02846
vt 0.96946 0.04382
vt 0.97544 0.03472
vt 0.96686 0.02144
vt 0.97664 0.03010
vt 0.87502 0.04685
vt 0.87945 0.05891
vt 0.97440 0.04925
vt 0.97178 0.04923
vt 0.98697 0.05513
vt 0.98720 0.05115
vt 0.98849 0.04235
vt 0.98902 0.04722
vt 0.99224 0.04644
vt 0.87375 0.05943
vt 0.98434 0.03752
vt 0.87539 0.06121
vt 0.99177 0.05566
vt 0.99042 0.05285
vt 0.99246 0.05091
vt 0.99477 0.05067
vt 0.88937 0.02091
vt 0.99513 0.05391
vt 0.99325 0.05383
vt 0.99432 0.05626
vt 0.90721 0.05016
vt 0.90119 0.05980
vt 0.90550 0.05989
vt 0.90014 0.05272
vt 0.89499 0.05478
vt 0.89712 0.06070
vt 0.91680 0.04927
vt 0.90668 0.04067
vt 0.91594 0.03978
vt 0.92647 0.03885
vt 0.92487 0.03064
vt 0.90796 0.02987
vt 0.93528 0.04511
vt 0.93021 0.05693
vt 0.93450 0.05548
vt 0.92869 0.04746
vt 0.94112 0.04509
vt 0.93857 0.05452
vt 0.89664 0.00792
vt 0.90373 0.01636
vt 0.94212 0.03456
vt 0.95744 0.02166
vt 0.94264 0.02457
vt 0.95575 0.03521
vt 0.96613 0.05127
vt 0.95460 0.04724
vt 0.95747 0.05746
vt 0.93583 0.02684
vt 0.94248 0.01636
vt 0.93533 0.01859
vt 0.92476 0.02296
vt 0.91292 0.02107
vt 0.96438 0.05848
vt 0.96086 0.05982
vt 0.95006 0.05687
vt 0.93623 0.03494
vt 0.96944 0.05362
vt 0.96784 0.05976
vt 0.95450 0.01299
vt 0.91849 0.06037
vt 0.92216 0.05945
vt 0.90959 0.06039
vt 0.91413 0.06026
vt 0.92664 0.05862
vt 0.94261 0.05497
vt 0.94552 0.05755
vt 0.95325 0.05969
vt 0.79580 0.12142
vt 0.77706 0.10005
vt 0.77827 0.12341
vt 0.79454 0.09181
vt 0.81391 0.12574
vt 0.81231 0.10114
vt 0.79813 0.17733
vt 0.77934 0.17517
vt 0.81412 0.17807
vt 0.79782 0.21736
vt 0.78087 0.21623
vt 0.81394 0.36227
vt 0.80351 0.37131
vt 0.81391 0.36939
vt 0.80282 0.36297
vt 0.78041 0.23155
vt 0.79616 0.24900
vt 0.79581 0.23204
vt 0.78017 0.24916
vt 0.81186 0.25012
vt 0.81241 0.23171
vt 0.79149 0.36210
vt 0.78072 0.35027
vt 0.78054 0.36087
vt 0.79221 0.35093
vt 0.80893 0.30049
vt 0.79545 0.29886
vt 0.82586 0.25233
vt 0.82645 0.23424
vt 0.82486 0.36718
vt 0.82618 0.36080
vt 0.82746 0.35033
vt 0.82030 0.30105
vt 0.81491 0.35138
vt 0.83548 0.30041
vt 0.76229 0.36229
vt 0.77323 0.36570
vt 0.77272 0.36018
vt 0.76074 0.36878
vt 0.74724 0.23707
vt 0.76206 0.25182
vt 0.76174 0.23478
vt 0.74726 0.25534
vt 0.74547 0.22129
vt 0.76064 0.21884
vt 0.78077 0.36572
vt 0.80396 0.35199
vt 0.75993 0.17489
vt 0.77158 0.35053
vt 0.75254 0.30202
vt 0.76106 0.35181
vt 0.76526 0.29963
vt 0.78052 0.29823
vt 0.76033 0.12485
vt 0.74306 0.17845
vt 0.74222 0.12587
vt 0.82806 0.17850
vt 0.84890 0.12523
vt 0.82897 0.12771
vt 0.84519 0.17772
vt 0.76003 0.10661
vt 0.74161 0.11335
vt 0.84836 0.11301
vt 0.82907 0.11007
vt 0.79130 0.37065
vt 0.81334 0.21754
vt 0.82595 0.21950
vt 0.84268 0.23592
vt 0.84136 0.22062
vt 0.84252 0.25377
vt 0.74101 0.11107
vt 0.75919 0.10401
vt 0.83178 0.10050
vt 0.84797 0.11073
vt 0.84771 0.10844
vt 0.82973 0.10529
vt 0.81980 0.08307
vt 0.81475 0.09124
vt 0.80816 0.06485
vt 0.79948 0.07830
vt 0.77092 0.08067
vt 0.79019 0.07779
vt 0.78008 0.06464
vt 0.77545 0.08984
vt 0.75857 0.10133
vt 0.74025 0.10891
vt 0.82593 0.07730
vt 0.83705 0.09276
vt 0.81804 0.05832
vt 0.76548 0.07607
vt 0.76926 0.05797
vt 0.75230 0.09360
vt 0.73484 0.10119
vt 0.85324 0.10103
vt 0.74335 0.08416
vt 0.75386 0.07193
vt 0.73720 0.06803
vt 0.75390 0.05773
vt 0.85046 0.06749
vt 0.84374 0.08318
vt 0.85673 0.08596
vt 0.83404 0.07111
vt 0.83331 0.05775
vt 0.73118 0.08596
vt 0.47329 0.27315
vt 0.46939 0.26014
vt 0.46936 0.27269
vt 0.47402 0.26122
vt 0.47845 0.26264
vt 0.47454 0.25771
vt 0.46030 0.26204
vt 0.46446 0.26034
vt 0.45886 0.25754
vt 0.47728 0.27466
vt 0.48088 0.27680
vt 0.48279 0.26391
vt 0.46185 0.27466
vt 0.45632 0.26389
vt 0.45851 0.27677
vt 0.46540 0.27322
vt 0.52205 0.23233
vt 0.51193 0.24093
vt 0.52151 0.24182
vt 0.51279 0.23144
vt 0.50386 0.22230
vt 0.50226 0.23050
vt 0.52077 0.22153
vt 0.47129 0.21332
vt 0.48661 0.22621
vt 0.48609 0.21623
vt 0.47297 0.22686
vt 0.48625 0.20802
vt 0.49290 0.21850
vt 0.49340 0.21024
vt 0.50397 0.21461
vt 0.51581 0.21273
vt 0.52500 0.20802
vt 0.49345 0.23677
vt 0.49250 0.22660
vt 0.48761 0.23674
vt 0.50004 0.23911
vt 0.47423 0.20464
vt 0.50656 0.25110
vt 0.47413 0.23889
vt 0.20082 0.29713
vt 0.05741 0.29646
vt 0.50983 0.29323
vt 0.50669 0.29275
vt 0.50822 0.29852
vt 0.50976 0.29897
vt 0.51223 0.29598
vt 0.51644 0.25843
vt 0.52119 0.26338
vt 0.52354 0.25991
vt 0.51668 0.26205
vt 0.49138 0.25962
vt 0.49650 0.26255
vt 0.49532 0.25825
vt 0.49221 0.26347
vt 0.50124 0.26217
vt 0.50013 0.25868
vt 0.50657 0.26208
vt 0.50739 0.25846
vt 0.50646 0.27548
vt 0.50289 0.28663
vt 0.50661 0.28565
vt 0.50210 0.27609
vt 0.49954 0.28883
vt 0.49826 0.27751
vt 0.49643 0.29174
vt 0.49470 0.28019
vt 0.51890 0.28005
vt 0.51398 0.28814
vt 0.51711 0.29162
vt 0.51511 0.27718
vt 0.50383 0.29421
vt 0.50161 0.29679
vt 0.49975 0.29950
vt 0.51376 0.29933
vt 0.50540 0.29808
vt 0.50686 0.29695
vt 0.50436 0.29981
vt 0.50379 0.30180
vt 0.50981 0.30127
vt 0.53901 0.27656
vt 0.53479 0.26441
vt 0.53539 0.27751
vt 0.53899 0.26411
vt 0.53953 0.26127
vt 0.54388 0.26469
vt 0.54414 0.26115
vt 0.53934 0.28564
vt 0.53625 0.28744
vt 0.54289 0.28541
vt 0.54309 0.27660
vt 0.53992 0.29255
vt 0.53777 0.29472
vt 0.54266 0.29222
vt 0.54115 0.29677
vt 0.53976 0.29722
vt 0.54243 0.29545
vt 0.54817 0.26520
vt 0.54844 0.26201
vt 0.55220 0.26546
vt 0.55223 0.26199
vt 0.55592 0.26636
vt 0.55608 0.26279
vt 0.52814 0.26316
vt 0.53525 0.26130
vt 0.53067 0.26588
vt 0.53352 0.29048
vt 0.53200 0.28014
vt 0.55406 0.28052
vt 0.54929 0.28856
vt 0.55199 0.29076
vt 0.55077 0.27860
vt 0.54628 0.28651
vt 0.54712 0.27728
vt 0.53640 0.29749
vt 0.54711 0.29544
vt 0.54881 0.29737
vt 0.54517 0.29336
vt 0.53976 0.29928
vt 0.54481 0.29798
vt 0.54562 0.29965
vt 0.54384 0.29639
vt 0.43957 0.27252
vt 0.43584 0.26043
vt 0.43605 0.27226
vt 0.44058 0.26159
vt 0.44019 0.25787
vt 0.44450 0.26238
vt 0.44407 0.25912
vt 0.43896 0.28031
vt 0.43591 0.28022
vt 0.44188 0.28190
vt 0.44325 0.27375
vt 0.43833 0.28518
vt 0.43557 0.28541
vt 0.44058 0.28673
vt 0.43759 0.28814
vt 0.43578 0.28837
vt 0.43885 0.28933
vt 0.43128 0.25643
vt 0.43562 0.25674
vt 0.43141 0.26022
vt 0.42718 0.25743
vt 0.42754 0.26133
vt 0.42380 0.25948
vt 0.42398 0.26308
vt 0.44855 0.26364
vt 0.45122 0.26092
vt 0.43288 0.28114
vt 0.43227 0.27275
vt 0.43004 0.28258
vt 0.42896 0.27384
vt 0.42726 0.28394
vt 0.42581 0.27535
vt 0.44640 0.27601
vt 0.44427 0.28456
vt 0.43330 0.28684
vt 0.43455 0.29003
vt 0.43126 0.28785
vt 0.43262 0.29067
vt 0.42896 0.28889
vt 0.43094 0.29177
vt 0.44190 0.28950
vt 0.43896 0.29133
vt 0.50680 0.30068
vt 0.54259 0.29882
vt 0.46957 0.29262
vt 0.47124 0.29568
vt 0.47179 0.29216
vt 0.46994 0.29465
vt 0.47312 0.29554
vt 0.47427 0.29385
vt 0.46835 0.29594
vt 0.46755 0.29418
vt 0.46547 0.29510
vt 0.46644 0.29703
vt 0.46456 0.29798
vt 0.46320 0.29625
vt 0.47569 0.29647
vt 0.47367 0.29748
vt 0.47080 0.29739
vt 0.46737 0.29861
vt 0.43707 0.28972
vt 0.43657 0.29128
vt 0.43345 0.29230
vt 0.51147 0.26213
vt 0.51180 0.25864
vt 0.51081 0.27575
vt 0.47021 0.25649
vt 0.47271 0.28339
vt 0.46949 0.28332
vt 0.47603 0.28513
vt 0.47819 0.25843
vt 0.48493 0.26036
vt 0.53239 0.23400
vt 0.53978 0.22813
vt 0.53224 0.21847
vt 0.53823 0.23585
vt 0.55033 0.23318
vt 0.54638 0.23599
vt 0.54522 0.22420
vt 0.44834 0.23148
vt 0.44603 0.23985
vt 0.45033 0.23674
vt 0.44416 0.23546
vt 0.44673 0.24463
vt 0.45163 0.24200
vt 0.55355 0.24552
vt 0.54738 0.24364
vt 0.55128 0.24796
vt 0.55039 0.24124
vt 0.55893 0.24794
vt 0.55732 0.25081
vt 0.55669 0.24338
vt 0.54149 0.24357
vt 0.54306 0.23924
vt 0.54550 0.24702
vt 0.53631 0.24217
vt 0.53890 0.24244
vt 0.46174 0.22011
vt 0.45392 0.23569
vt 0.45926 0.23547
vt 0.45329 0.22638
vt 0.46187 0.21309
vt 0.45209 0.22176
vt 0.55371 0.23851
vt 0.54927 0.25056
vt 0.45432 0.24091
vt 0.45695 0.24089
vt 0.44176 0.24678
vt 0.44152 0.24280
vt 0.43971 0.23887
vt 0.44024 0.23400
vt 0.43649 0.23809
vt 0.55498 0.25109
vt 0.44439 0.22918
vt 0.55334 0.25287
vt 0.43696 0.24732
vt 0.43831 0.24450
vt 0.43627 0.24257
vt 0.43396 0.24232
vt 0.53936 0.21257
vt 0.43360 0.24557
vt 0.43547 0.24548
vt 0.43441 0.24792
vt 0.52754 0.25146
vt 0.52323 0.25155
vt 0.52859 0.24437
vt 0.53373 0.24643
vt 0.53161 0.25235
vt 0.45538 0.25985
vt 0.46316 0.25597
vt 0.49852 0.24859
vt 0.49423 0.24714
vt 0.49015 0.24618
vt 0.53209 0.19957
vt 0.46260 0.24293
vt 0.47126 0.24911
vt 0.46631 0.28435
vt 0.46327 0.28606
vt 0.46024 0.28785
vt 0.47900 0.28791
vt 0.46435 0.25014
vt 0.46786 0.25148
vt 0.47867 0.24853
vt 0.45928 0.24527
vt 0.46089 0.25141
vt 0.51024 0.25203
vt 0.51914 0.25204
vt 0.51460 0.25192
vt 0.50209 0.25027
vt 0.51038 0.28601
vt 0.48612 0.24663
vt 0.48321 0.24921
vt 0.47548 0.25135
vt 0.86357 0.64793
vt 0.83820 0.60932
vt 0.83926 0.64711
vt 0.86234 0.60788
vt 0.86260 0.53825
vt 0.84163 0.54019
vt 0.81274 0.61091
vt 0.81988 0.54224
vt 0.78706 0.61189
vt 0.80237 0.54370
vt 0.94059 0.61105
vt 0.90531 0.54027
vt 0.91273 0.60906
vt 0.92317 0.54356
vt 0.88671 0.60788
vt 0.88350 0.53843
vt 0.88055 0.44263
vt 0.89439 0.47923
vt 0.89453 0.44588
vt 0.87930 0.47688
vt 0.86395 0.43866
vt 0.86434 0.47468
vt 0.90804 0.48123
vt 0.83289 0.44691
vt 0.84818 0.47832
vt 0.84711 0.44444
vt 0.83147 0.48124
vt 0.81826 0.44943
vt 0.81869 0.48213
vt 0.90720 0.44834
vt 0.84397 0.41383
vt 0.82610 0.42890
vt 0.86292 0.40894
vt 0.81273 0.43499
vt 0.89889 0.42801
vt 0.91149 0.43428
vt 0.88326 0.41381
vt 0.89188 0.40682
vt 0.90441 0.41921
vt 0.91644 0.42647
vt 0.80713 0.42698
vt 0.82005 0.41967
vt 0.83541 0.40604
vt 0.85125 0.38929
vt 0.84045 0.38603
vt 0.85278 0.37010
vt 0.84230 0.36689
vt 0.86300 0.39033
vt 0.88677 0.38637
vt 0.87552 0.38993
vt 0.86405 0.37098
vt 0.87403 0.37030
vt 0.89033 0.36435
vt 0.89391 0.38490
vt 0.88348 0.36769
vt 0.85659 0.36012
vt 0.86395 0.36275
vt 0.86391 0.35915
vt 0.85548 0.36324
vt 0.87197 0.36358
vt 0.85500 0.35635
vt 0.86401 0.35580
vt 0.87111 0.36048
vt 0.87396 0.35845
vt 0.87690 0.36125
vt 0.85040 0.35873
vt 0.88140 0.35749
vt 0.86454 0.35212
vt 0.87609 0.35553
vt 0.85440 0.35278
vt 0.84775 0.35524
vt 0.83503 0.36369
vt 0.83344 0.38441
vt 0.82978 0.40168
vt 0.81626 0.41349
vt 0.80481 0.41985
vt 0.90858 0.41363
vt 0.91893 0.41974
vt 0.89795 0.40294
vt 0.96344 0.60811
vt 0.97342 0.60831
vt 0.97295 0.60130
vt 0.96255 0.61290
vt 0.98557 0.60792
vt 0.98274 0.60250
vt 0.96373 0.67172
vt 0.97335 0.65766
vt 0.96214 0.65773
vt 0.97283 0.67094
vt 0.98547 0.65600
vt 0.98212 0.67220
vt 0.97234 0.67974
vt 0.98582 0.63988
vt 0.97410 0.64104
vt 0.96298 0.64108
vt 0.97442 0.62253
vt 0.96214 0.62296
vt 0.98503 0.62151
vt 0.68150 0.26348
vt 0.65613 0.30209
vt 0.68044 0.30127
vt 0.65736 0.26204
vt 0.65710 0.19241
vt 0.67807 0.19436
vt 0.70696 0.26507
vt 0.69982 0.19640
vt 0.73264 0.26605
vt 0.71733 0.19787
vt 0.61440 0.19444
vt 0.57911 0.26522
vt 0.60697 0.26322
vt 0.59653 0.19772
vt 0.63299 0.26204
vt 0.63620 0.19259
vt 0.62531 0.13339
vt 0.63915 0.09679
vt 0.62517 0.10004
vt 0.64040 0.13104
vt 0.65575 0.09282
vt 0.65536 0.12885
vt 0.61166 0.13539
vt 0.67152 0.13248
vt 0.68681 0.10108
vt 0.67259 0.09861
vt 0.68823 0.13540
vt 0.70144 0.10360
vt 0.70101 0.13629
vt 0.61250 0.10251
vt 0.67573 0.06799
vt 0.69360 0.08307
vt 0.65678 0.06311
vt 0.70697 0.08916
vt 0.62081 0.08217
vt 0.60821 0.08845
vt 0.63644 0.06797
vt 0.62782 0.06098
vt 0.61529 0.07338
vt 0.60326 0.08064
vt 0.71257 0.08114
vt 0.69965 0.07383
vt 0.68429 0.06020
vt 0.66845 0.04345
vt 0.67925 0.04019
vt 0.66692 0.02426
vt 0.67740 0.02105
vt 0.65670 0.04450
vt 0.63293 0.04054
vt 0.64418 0.04410
vt 0.65566 0.02514
vt 0.64567 0.02447
vt 0.62938 0.01852
vt 0.62579 0.03906
vt 0.63623 0.02185
vt 0.65575 0.01691
vt 0.66311 0.01428
vt 0.65579 0.01331
vt 0.66422 0.01740
vt 0.64773 0.01775
vt 0.66470 0.01051
vt 0.65570 0.00996
vt 0.64859 0.01464
vt 0.64574 0.01262
vt 0.64280 0.01541
vt 0.66930 0.01290
vt 0.63830 0.01166
vt 0.65516 0.00628
vt 0.64361 0.00969
vt 0.66530 0.00695
vt 0.67195 0.00941
vt 0.68467 0.01785
vt 0.68626 0.03857
vt 0.68992 0.05584
vt 0.70344 0.06765
vt 0.71488 0.07401
vt 0.61112 0.06780
vt 0.60077 0.07391
vt 0.62175 0.05711
vt 0.97249 0.71421
vt 0.98247 0.71402
vt 0.97296 0.70720
vt 0.98335 0.71881
vt 0.96034 0.71382
vt 0.96317 0.70841
vt 0.97256 0.76357
vt 0.98218 0.77762
vt 0.98377 0.76363
vt 0.97308 0.77684
vt 0.96044 0.76190
vt 0.96379 0.77811
vt 0.97357 0.78565
vt 0.96009 0.74578
vt 0.97181 0.74695
vt 0.98293 0.74698
vt 0.97149 0.72844
vt 0.98377 0.72887
vt 0.96088 0.72742
vt 0.88933 0.64674
vt 0.81450 0.64590
vt 0.78862 0.64670
vt 0.91431 0.64534
vt 0.93767 0.64567
vt 0.63037 0.30091
vt 0.70520 0.30006
vt 0.73108 0.30086
vt 0.58203 0.29983
vt 0.60539 0.29950
vt 0.86601 0.79437
vt 0.83313 0.89229
vt 0.86662 0.91020
vt 0.83557 0.79727
vt 0.90065 0.89834
vt 0.89599 0.79579
vt 0.86605 0.69404
vt 0.89169 0.69289
vt 0.84217 0.69708
vt 0.86530 0.66466
vt 0.88901 0.66219
vt 0.84425 0.66468
vt 0.86480 0.62984
vt 0.88945 0.63096
vt 0.84244 0.62985
vt 0.86409 0.60153
vt 0.88775 0.60020
vt 0.91318 0.66330
vt 0.91551 0.69468
vt 0.91187 0.63157
vt 0.93005 0.66822
vt 0.93472 0.69807
vt 0.92967 0.63460
vt 0.82153 0.66557
vt 0.79186 0.69859
vt 0.82053 0.69722
vt 0.79665 0.66905
vt 0.82033 0.63067
vt 0.79658 0.63594
vt 0.79755 0.89092
vt 0.80413 0.80138
vt 0.93256 0.89913
vt 0.95601 0.80195
vt 0.92469 0.79995
vt 0.96672 0.90531
vt 0.75785 0.90851
vt 0.76676 0.80271
vt 0.84177 0.60061
vt 0.81903 0.59925
vt 0.79527 0.60015
vt 0.93214 0.59900
vt 0.91069 0.59863
vt 0.83339 0.89227
vt 0.86627 0.79435
vt 0.86688 0.91018
vt 0.83583 0.79725
vt 0.90091 0.89832
vt 0.89625 0.79577
vt 0.86631 0.69402
vt 0.89195 0.69287
vt 0.84243 0.69706
vt 0.86556 0.66464
vt 0.88927 0.66216
vt 0.84451 0.66466
vt 0.86507 0.62981
vt 0.88971 0.63093
vt 0.84270 0.62982
vt 0.86435 0.60150
vt 0.88801 0.60018
vt 0.91344 0.66327
vt 0.91577 0.69465
vt 0.91213 0.63155
vt 0.93031 0.66819
vt 0.93498 0.69804
vt 0.92993 0.63457
vt 0.79212 0.69857
vt 0.82179 0.66554
vt 0.82079 0.69720
vt 0.79691 0.66902
vt 0.82059 0.63065
vt 0.79684 0.63592
vt 0.79781 0.89090
vt 0.80439 0.80136
vt 0.95627 0.80193
vt 0.93282 0.89911
vt 0.92495 0.79992
vt 0.96698 0.90529
vt 0.75812 0.90849
vt 0.76702 0.80268
vt 0.84203 0.60059
vt 0.81929 0.59923
vt 0.79553 0.60013
vt 0.93240 0.59898
vt 0.91095 0.59861
vt 0.05802 0.53464
vt 0.06721 0.53791
vt 0.06721 0.53548
vt 0.05808 0.53700
vt 0.04850 0.53095
vt 0.04836 0.53284
vt 0.04065 0.52732
vt 0.04037 0.52872
vt 0.06721 0.42734
vt 0.05796 0.42595
vt 0.05791 0.42813
vt 0.06721 0.42507
vt 0.04664 0.42986
vt 0.04663 0.43149
vt 0.03918 0.43375
vt 0.03935 0.43496
vt 0.03286 0.43712
vt 0.03315 0.43827
vt 0.03354 0.52311
vt 0.03204 0.52424
vt 0.03345 0.52416
vt 0.03116 0.52316
vt 0.05925 0.53056
vt 0.06721 0.53137
vt 0.05080 0.52746
vt 0.04386 0.52394
vt 0.06721 0.43168
vt 0.05904 0.43238
vt 0.04892 0.43529
vt 0.04219 0.43839
vt 0.03633 0.44125
vt 0.03033 0.43845
vt 0.02800 0.44141
vt 0.02843 0.52034
vt 0.03479 0.52011
vt 0.05959 0.52534
vt 0.06721 0.52588
vt 0.06721 0.49618
vt 0.05139 0.49581
vt 0.05166 0.52215
vt 0.04556 0.51863
vt 0.06721 0.43726
vt 0.05940 0.43767
vt 0.06721 0.46573
vt 0.04963 0.44069
vt 0.05022 0.46835
vt 0.04364 0.44368
vt 0.03745 0.44599
vt 0.04266 0.46728
vt 0.02457 0.44883
vt 0.03261 0.48130
vt 0.03502 0.51571
vt 0.03982 0.49796
vt 0.02470 0.51291
vt 0.04902 0.48135
vt 0.06721 0.48134
vt 0.21667 0.65403
vt 0.20907 0.64907
vt 0.20765 0.65390
vt 0.21667 0.64874
vt 0.19753 0.65040
vt 0.19558 0.65416
vt 0.18906 0.65278
vt 0.18794 0.65601
vt 0.18158 0.65615
vt 0.18302 0.65676
vt 0.18241 0.65740
vt 0.18109 0.65828
vt 0.18327 0.65794
vt 0.18045 0.65700
vt 0.18987 0.66278
vt 0.18891 0.65938
vt 0.19896 0.66568
vt 0.19745 0.66159
vt 0.20893 0.66880
vt 0.20779 0.66386
vt 0.21667 0.66920
vt 0.21667 0.66387
vt 0.03108 0.43734
vt 0.11974 0.75024
vt 0.11595 0.75406
vt 0.11967 0.75256
vt 0.11690 0.74965
vt 0.12497 0.76302
vt 0.14237 0.76861
vt 0.12657 0.76096
vt 0.14023 0.77188
vt 0.15698 0.77036
vt 0.15661 0.77356
vt 0.12570 0.74594
vt 0.12310 0.74356
vt 0.15103 0.73942
vt 0.13601 0.73752
vt 0.13760 0.74087
vt 0.15065 0.73527
vt 0.18219 0.74333
vt 0.18573 0.74592
vt 0.18404 0.74220
vt 0.18399 0.74571
vt 0.17030 0.76550
vt 0.17169 0.76814
vt 0.17898 0.75481
vt 0.18088 0.75608
vt 0.18208 0.74549
vt 0.17650 0.74227
vt 0.17848 0.73892
vt 0.16395 0.73979
vt 0.16472 0.73593
vt 0.07062 0.96770
vt 0.08819 0.97857
vt 0.08622 0.95955
vt 0.07564 0.94832
vt 0.06153 0.94472
vt 0.04809 0.94970
vt 0.05039 0.97643
vt 0.03993 0.95759
vt 0.03855 0.95961
vt 0.03788 0.96601
vt 0.03824 0.97935
vt 0.04636 0.98989
vt 0.05923 0.99637
vt 0.07413 0.99497
vt 0.08158 0.99146
vt 0.08326 0.98989
vt 0.20579 0.74525
vt 0.21668 0.76419
vt 0.21668 0.74401
vt 0.20393 0.76380
vt 0.18312 0.75761
vt 0.19465 0.74615
vt 0.19215 0.76199
vt 0.17325 0.77107
vt 0.18338 0.78215
vt 0.21668 0.79213
vt 0.19857 0.78970
vt 0.15626 0.77699
vt 0.15736 0.79260
vt 0.12977 0.79347
vt 0.13813 0.77501
vt 0.09472 0.75937
vt 0.09903 0.74488
vt 0.12308 0.76549
vt 0.10368 0.78009
vt 0.19134 0.73775
vt 0.18453 0.72861
vt 0.16723 0.72338
vt 0.14753 0.72323
vt 0.12826 0.72720
vt 0.10917 0.73585
vt 0.19260 0.68472
vt 0.20829 0.68037
vt 0.19633 0.67570
vt 0.20691 0.68681
vt 0.21667 0.72702
vt 0.20934 0.72729
vt 0.39433 0.98564
vt 0.40422 0.96194
vt 0.39178 0.96350
vt 0.40422 0.98482
vt 0.40422 0.95016
vt 0.39138 0.95030
vt 0.36420 0.96921
vt 0.37828 0.95027
vt 0.36179 0.95198
vt 0.37892 0.96571
vt 0.40422 0.94196
vt 0.39193 0.94288
vt 0.37871 0.94392
vt 0.36229 0.94151
vt 0.40422 0.93598
vt 0.39111 0.92989
vt 0.38117 0.93453
vt 0.40422 0.92132
vt 0.38832 0.92020
vt 0.37470 0.91852
vt 0.19907 0.72934
vt 0.17186 0.70727
vt 0.19106 0.71156
vt 0.38091 0.99058
vt 0.17064 0.69289
vt 0.19766 0.69356
vt 0.17554 0.68378
vt 0.19345 0.69960
vt 0.20640 0.69222
vt 0.21667 0.68717
vt 0.21667 0.69180
vt 0.21667 0.67954
vt 0.18082 0.67464
vt 0.18682 0.66863
vt 0.17868 0.65921
vt 0.17199 0.66418
vt 0.16905 0.65908
vt 0.17882 0.65552
vt 0.17063 0.65320
vt 0.17866 0.65735
vt 0.20453 0.63841
vt 0.21667 0.63055
vt 0.20290 0.63310
vt 0.21667 0.63706
vt 0.19242 0.64299
vt 0.18876 0.63829
vt 0.18235 0.65025
vt 0.17854 0.64548
vt 0.20816 0.67503
vt 0.21667 0.67504
vt 0.19712 0.67115
vt 0.18789 0.66574
vt 0.21667 0.64271
vt 0.20623 0.64335
vt 0.19456 0.64655
vt 0.18537 0.65177
vt 0.18008 0.65596
vt 0.17944 0.65721
vt 0.17948 0.65845
vt 0.21667 0.62002
vt 0.20064 0.62166
vt 0.18338 0.62681
vt 0.16946 0.63495
vt 0.15400 0.64463
vt 0.15159 0.66078
vt 0.13172 0.63364
vt 0.12676 0.66198
vt 0.15903 0.67490
vt 0.14211 0.68762
vt 0.15453 0.62377
vt 0.17798 0.61423
vt 0.19755 0.60849
vt 0.21667 0.60621
vt 0.14534 0.70597
vt 0.12020 0.71189
vt 0.10974 0.69454
vt 0.10039 0.67050
vt 0.09410 0.64943
vt 0.19617 0.59836
vt 0.21667 0.59487
vt 0.17432 0.60435
vt 0.14765 0.61221
vt 0.12211 0.62073
vt 0.08686 0.63084
vt 0.07900 0.73568
vt 0.07061 0.76350
vt 0.09334 0.71824
vt 0.08343 0.79580
vt 0.11774 0.81319
vt 0.15237 0.81221
vt 0.17794 0.80851
vt 0.21668 0.80768
vt 0.19826 0.80667
vt 0.20823 0.57991
vt 0.19148 0.58680
vt 0.17002 0.59217
vt 0.11573 0.60602
vt 0.07972 0.61137
vt 0.14185 0.60009
vt 0.05385 0.64208
vt 0.04946 0.61717
vt 0.06777 0.66264
vt 0.07820 0.67954
vt 0.08749 0.70269
vt 0.01193 0.65074
vt 0.04842 0.67071
vt 0.02582 0.66933
vt 0.01522 0.61370
vt 0.62549 0.73789
vt 0.58780 0.72184
vt 0.58780 0.73949
vt 0.62081 0.71793
vt 0.66356 0.73393
vt 0.65514 0.71293
vt 0.71241 0.73204
vt 0.69293 0.70798
vt 0.01962 0.57465
vt 0.05128 0.54702
vt 0.02669 0.53784
vt 0.04785 0.58210
vt 0.48532 0.64591
vt 0.51040 0.62802
vt 0.49768 0.62607
vt 0.50333 0.65292
vt 0.58780 0.69872
vt 0.60921 0.67217
vt 0.58780 0.67430
vt 0.61523 0.69570
vt 0.63020 0.66756
vt 0.64243 0.69185
vt 0.65035 0.65978
vt 0.67067 0.68378
vt 0.08080 0.54975
vt 0.07918 0.58091
vt 0.10340 0.54416
vt 0.11671 0.58177
vt 0.00655 0.76360
vt 0.04153 0.75192
vt 0.01922 0.73385
vt 0.03777 0.78461
vt 0.12171 0.53316
vt 0.15821 0.57045
vt 0.13359 0.52023
vt 0.18527 0.55631
vt 0.46764 0.65701
vt 0.47673 0.66264
vt 0.49025 0.66287
vt 0.45863 0.62784
vt 0.47001 0.62461
vt 0.46049 0.60672
vt 0.05427 0.68817
vt 0.03036 0.70347
vt 0.05083 0.72061
vt 0.03553 0.68159
vt 0.48213 0.59899
vt 0.50405 0.59854
vt 0.49166 0.58391
vt 0.49281 0.60922
vt 0.47064 0.59204
vt 0.48115 0.58374
vt 0.48498 0.62370
vt 0.46187 0.64544
vt 0.49479 0.57968
vt 0.48039 0.57737
vt 0.46466 0.58393
vt 0.49432 0.66889
vt 0.51036 0.65824
vt 0.47677 0.66709
vt 0.44138 0.69178
vt 0.44797 0.67580
vt 0.44120 0.67511
vt 0.46404 0.65960
vt 0.45401 0.66198
vt 0.44337 0.65117
vt 0.45531 0.64643
vt 0.45216 0.62751
vt 0.45588 0.60566
vt 0.44587 0.60435
vt 0.44138 0.62843
vt 0.45092 0.58151
vt 0.00825 0.66564
vt 0.58780 0.75997
vt 0.63040 0.76049
vt 0.66847 0.75937
vt 0.66732 0.79483
vt 0.62994 0.79137
vt 0.58780 0.79225
vt 0.66371 0.83437
vt 0.62679 0.83227
vt 0.58780 0.83416
vt 0.62413 0.87310
vt 0.58780 0.87789
vt 0.65689 0.86799
vt 0.58780 0.91969
vt 0.63012 0.91205
vt 0.63766 0.95205
vt 0.58780 0.96187
vt 0.64554 0.98286
vt 0.58780 0.99366
vt 0.15810 0.94319
vt 0.21669 0.90487
vt 0.16768 0.89417
vt 0.21669 0.95405
vt 0.17366 0.85361
vt 0.21668 0.86010
vt 0.14087 0.85056
vt 0.11113 0.84117
vt 0.19880 0.82594
vt 0.21668 0.83215
vt 0.14961 0.98743
vt 0.21669 0.99664
vt 0.66110 0.90084
vt 0.67563 0.92907
vt 0.69193 0.95509
vt 0.09850 0.95324
vt 0.11413 0.92540
vt 0.12734 0.88863
vt 0.09563 0.87270
vt 0.06542 0.91034
vt 0.69848 0.90254
vt 0.72554 0.92258
vt 0.68136 0.87817
vt 0.68997 0.84371
vt 0.68993 0.80188
vt 0.69329 0.76201
vt 0.07621 0.81913
vt 0.04264 0.82222
vt 0.00929 0.82277
vt 0.08280 0.86488
vt 0.03282 0.87763
vt 0.71340 0.86259
vt 0.73254 0.87506
vt 0.70827 0.76046
vt 0.71820 0.74331
vt 0.70358 0.78088
vt 0.70452 0.80068
vt 0.72575 0.82772
vt 0.74238 0.82809
vt 0.71279 0.82050
vt 0.07641 0.53464
vt 0.07635 0.53700
vt 0.08593 0.53095
vt 0.08606 0.53284
vt 0.09378 0.52732
vt 0.09406 0.52872
vt 0.07646 0.42595
vt 0.07651 0.42813
vt 0.08779 0.42986
vt 0.08780 0.43149
vt 0.09524 0.43375
vt 0.09507 0.43496
vt 0.10157 0.43712
vt 0.10128 0.43827
vt 0.10238 0.52424
vt 0.10089 0.52311
vt 0.10098 0.52416
vt 0.10327 0.52316
vt 0.07518 0.53056
vt 0.08362 0.52746
vt 0.09057 0.52394
vt 0.07538 0.43238
vt 0.08551 0.43529
vt 0.09223 0.43839
vt 0.09809 0.44125
vt 0.10410 0.43845
vt 0.10643 0.44141
vt 0.10600 0.52035
vt 0.09964 0.52011
vt 0.07484 0.52534
vt 0.08304 0.49581
vt 0.08277 0.52215
vt 0.08887 0.51863
vt 0.07503 0.43767
vt 0.08480 0.44069
vt 0.08420 0.46834
vt 0.09079 0.44368
vt 0.09697 0.44599
vt 0.09177 0.46728
vt 0.10986 0.44883
vt 0.10182 0.48130
vt 0.09940 0.51571
vt 0.09460 0.49796
vt 0.10973 0.51291
vt 0.08540 0.48135
vt 0.22428 0.64907
vt 0.22569 0.65390
vt 0.23582 0.65040
vt 0.23776 0.65416
vt 0.24429 0.65278
vt 0.24537 0.65583
vt 0.25195 0.65621
vt 0.25008 0.65658
vt 0.25242 0.65802
vt 0.25094 0.65713
vt 0.25014 0.65781
vt 0.25289 0.65700
vt 0.24348 0.66278
vt 0.24444 0.65938
vt 0.23439 0.66568
vt 0.23590 0.66160
vt 0.22442 0.66880
vt 0.22556 0.66386
vt 0.10334 0.43734
vt 0.31645 0.74965
vt 0.31328 0.75327
vt 0.31740 0.75405
vt 0.31322 0.75023
vt 0.29320 0.77190
vt 0.31027 0.76548
vt 0.30845 0.76311
vt 0.29522 0.77500
vt 0.27676 0.77359
vt 0.27709 0.77698
vt 0.31025 0.74355
vt 0.30765 0.74613
vt 0.28270 0.73527
vt 0.29575 0.74087
vt 0.29734 0.73752
vt 0.28231 0.73922
vt 0.24948 0.74572
vt 0.25167 0.74549
vt 0.25156 0.74332
vt 0.26160 0.76825
vt 0.26010 0.77106
vt 0.25219 0.75624
vt 0.25023 0.75760
vt 0.24762 0.74591
vt 0.25487 0.73892
vt 0.25685 0.74226
vt 0.24931 0.74220
vt 0.26863 0.73593
vt 0.26940 0.73978
vt 0.03063 0.92068
vt 0.00559 0.90846
vt 0.00362 0.92748
vt 0.01617 0.89723
vt 0.03028 0.89363
vt 0.04372 0.89861
vt 0.05326 0.90851
vt 0.05188 0.90650
vt 0.05393 0.91492
vt 0.05357 0.92826
vt 0.04545 0.93880
vt 0.03257 0.94527
vt 0.01768 0.94388
vt 0.01022 0.94037
vt 0.00855 0.93880
vt 0.22757 0.74525
vt 0.22943 0.76380
vt 0.23871 0.74615
vt 0.24120 0.76199
vt 0.24997 0.78215
vt 0.23478 0.78969
vt 0.27599 0.79259
vt 0.30358 0.79346
vt 0.33862 0.75936
vt 0.33432 0.74487
vt 0.32967 0.78008
vt 0.24201 0.73775
vt 0.24882 0.72861
vt 0.26612 0.72337
vt 0.28582 0.72323
vt 0.30509 0.72720
vt 0.32417 0.73585
vt 0.22506 0.68037
vt 0.24075 0.68472
vt 0.23702 0.67570
vt 0.22644 0.68681
vt 0.22401 0.72729
vt 0.41411 0.98564
vt 0.41666 0.96350
vt 0.41706 0.95030
vt 0.43016 0.95027
vt 0.44424 0.96921
vt 0.44666 0.95198
vt 0.42953 0.96571
vt 0.41651 0.94288
vt 0.42974 0.94392
vt 0.44616 0.94151
vt 0.41733 0.92989
vt 0.42727 0.93453
vt 0.42012 0.92020
vt 0.43374 0.91852
vt 0.23428 0.72934
vt 0.26149 0.70727
vt 0.24229 0.71156
vt 0.42754 0.99058
vt 0.23569 0.69356
vt 0.26271 0.69289
vt 0.25781 0.68378
vt 0.23989 0.69960
vt 0.22695 0.69222
vt 0.25253 0.67464
vt 0.24653 0.66863
vt 0.25467 0.65921
vt 0.26135 0.66418
vt 0.25453 0.65552
vt 0.26430 0.65908
vt 0.26272 0.65320
vt 0.25468 0.65735
vt 0.22881 0.63841
vt 0.23044 0.63310
vt 0.24093 0.64299
vt 0.24458 0.63829
vt 0.25100 0.65025
vt 0.25480 0.64548
vt 0.22519 0.67503
vt 0.23623 0.67115
vt 0.24546 0.66574
vt 0.22712 0.64335
vt 0.23879 0.64655
vt 0.24798 0.65177
vt 0.25327 0.65596
vt 0.25391 0.65721
vt 0.25386 0.65845
vt 0.23271 0.62166
vt 0.24996 0.62681
vt 0.26388 0.63496
vt 0.27935 0.64463
vt 0.30162 0.63364
vt 0.28176 0.66078
vt 0.30658 0.66198
vt 0.27432 0.67490
vt 0.29123 0.68762
vt 0.27882 0.62377
vt 0.25537 0.61423
vt 0.23579 0.60849
vt 0.28800 0.70597
vt 0.31314 0.71189
vt 0.32360 0.69453
vt 0.33295 0.67050
vt 0.33924 0.64942
vt 0.23718 0.59836
vt 0.25903 0.60435
vt 0.28570 0.61221
vt 0.31124 0.62073
vt 0.34648 0.63084
vt 0.35434 0.73567
vt 0.36274 0.76348
vt 0.34001 0.71824
vt 0.34992 0.79578
vt 0.31561 0.81318
vt 0.28098 0.81221
vt 0.25542 0.80850
vt 0.23510 0.80667
vt 0.22512 0.57991
vt 0.24187 0.58680
vt 0.26333 0.59217
vt 0.31762 0.60602
vt 0.35362 0.61137
vt 0.29150 0.60010
vt 0.37949 0.64208
vt 0.38388 0.61717
vt 0.36557 0.66264
vt 0.35514 0.67954
vt 0.34585 0.70268
vt 0.38491 0.67071
vt 0.42140 0.65074
vt 0.40751 0.66933
vt 0.41811 0.61370
vt 0.55011 0.73789
vt 0.55479 0.71793
vt 0.51204 0.73393
vt 0.52046 0.71293
vt 0.46319 0.73204
vt 0.48267 0.70798
vt 0.38206 0.54703
vt 0.41371 0.57466
vt 0.40665 0.53785
vt 0.38549 0.58210
vt 0.70169 0.66624
vt 0.72677 0.68413
vt 0.71442 0.66429
vt 0.70876 0.69114
vt 0.56640 0.67217
vt 0.56037 0.69570
vt 0.54540 0.66756
vt 0.53317 0.69185
vt 0.52526 0.65978
vt 0.50493 0.68378
vt 0.35254 0.54976
vt 0.35416 0.58092
vt 0.32994 0.54417
vt 0.31664 0.58177
vt 0.39180 0.75191
vt 0.42678 0.76358
vt 0.41412 0.73384
vt 0.39557 0.78459
vt 0.31164 0.53317
vt 0.27514 0.57045
vt 0.29976 0.52024
vt 0.24808 0.55632
vt 0.74444 0.69523
vt 0.73536 0.70085
vt 0.72184 0.70109
vt 0.75346 0.66606
vt 0.75160 0.64494
vt 0.74208 0.66283
vt 0.40298 0.70346
vt 0.37907 0.68816
vt 0.38251 0.72060
vt 0.39781 0.68159
vt 0.70804 0.63675
vt 0.72996 0.63721
vt 0.72043 0.62213
vt 0.71928 0.64744
vt 0.74145 0.63026
vt 0.73094 0.62196
vt 0.72711 0.66192
vt 0.75023 0.68365
vt 0.71730 0.61790
vt 0.73170 0.61558
vt 0.74743 0.62214
vt 0.71777 0.70710
vt 0.70173 0.69646
vt 0.73532 0.70530
vt 0.77071 0.72999
vt 0.77089 0.71332
vt 0.76412 0.71401
vt 0.74805 0.69781
vt 0.75808 0.70020
vt 0.76871 0.68939
vt 0.75678 0.68464
vt 0.75993 0.66572
vt 0.75621 0.64388
vt 0.76622 0.64257
vt 0.77071 0.66664
vt 0.76117 0.61973
vt 0.42508 0.66564
vt 0.54520 0.76049
vt 0.50713 0.75937
vt 0.50828 0.79483
vt 0.54566 0.79137
vt 0.51189 0.83437
vt 0.54881 0.83227
vt 0.55147 0.87310
vt 0.51871 0.86799
vt 0.54549 0.91205
vt 0.53795 0.95205
vt 0.53007 0.98286
vt 0.27528 0.94318
vt 0.26569 0.89416
vt 0.25970 0.85361
vt 0.29249 0.85055
vt 0.32223 0.84115
vt 0.23456 0.82593
vt 0.28378 0.98742
vt 0.51450 0.90085
vt 0.49997 0.92907
vt 0.48368 0.95509
vt 0.33489 0.95322
vt 0.31925 0.92538
vt 0.30603 0.88862
vt 0.33773 0.87268
vt 0.36795 0.91031
vt 0.47712 0.90254
vt 0.45006 0.92258
vt 0.49424 0.87818
vt 0.48563 0.84371
vt 0.48568 0.80188
vt 0.48231 0.76201
vt 0.35714 0.81911
vt 0.39070 0.82219
vt 0.42405 0.82274
vt 0.35056 0.86485
vt 0.40053 0.87760
vt 0.46220 0.86259
vt 0.44307 0.87507
vt 0.46733 0.76046
vt 0.45740 0.74331
vt 0.47203 0.78088
vt 0.47108 0.80068
vt 0.44985 0.82772
vt 0.43323 0.82810
vt 0.46281 0.82050
vt 0.40694 0.44311
vt 0.38440 0.43620
vt 0.40029 0.44881
vt 0.38816 0.42830
vt 0.41267 0.50967
vt 0.41193 0.48630
vt 0.40521 0.50521
vt 0.42053 0.48735
vt 0.40976 0.46649
vt 0.41813 0.46390
vt 0.36161 0.43087
vt 0.36186 0.42216
vt 0.34363 0.43443
vt 0.34071 0.42622
vt 0.32860 0.44302
vt 0.32326 0.43623
vt 0.31927 0.45386
vt 0.31179 0.44939
vt 0.32941 0.52663
vt 0.35321 0.52759
vt 0.33459 0.51958
vt 0.35135 0.53615
vt 0.39675 0.52716
vt 0.39175 0.52008
vt 0.37496 0.53615
vt 0.37327 0.52756
vt 0.31154 0.50638
vt 0.31909 0.50203
vt 0.30510 0.48583
vt 0.31372 0.48451
vt 0.30564 0.46572
vt 0.31415 0.46720
vt 0.36189 0.47932
vt 0.26253 0.76546
vt 0.27637 0.77052
vt 0.29082 0.76915
vt 0.30630 0.76140
vt 0.25421 0.75512
vt 0.76373 0.95172
vt 0.77615 0.97075
vt 0.77615 0.95178
vt 0.76400 0.97064
vt 0.73211 0.94972
vt 0.74621 0.97006
vt 0.74817 0.95162
vt 0.72655 0.96638
vt 0.76087 0.99494
vt 0.74168 0.97829
vt 0.74532 0.99585
vt 0.75867 0.97772
vt 0.71991 0.94712
vt 0.71189 0.96134
vt 0.77262 0.99501
vt 0.77262 0.97737
vt 0.73000 0.99623
vt 0.72611 0.97899
vt 0.70977 0.98136
vt 0.71781 0.99678
vt 0.78857 0.95172
vt 0.78831 0.97064
vt 0.80610 0.97006
vt 0.82020 0.94972
vt 0.80414 0.95162
vt 0.82576 0.96638
vt 0.80356 0.97829
vt 0.78436 0.99494
vt 0.79991 0.99585
vt 0.78657 0.97772
vt 0.83240 0.94711
vt 0.84042 0.96134
vt 0.81524 0.99623
vt 0.81912 0.97899
vt 0.83546 0.98136
vt 0.82743 0.99677
vt 0.96267 0.53017
vt 0.94393 0.51095
vt 0.94282 0.53026
vt 0.96267 0.50975
vt 0.94680 0.49412
vt 0.96267 0.48619
vt 0.95351 0.48806
vt 0.96267 0.49460
vt 0.94432 0.54415
vt 0.96267 0.54318
vt 0.95026 0.55761
vt 0.96267 0.55587
vt 0.95176 0.48088
vt 0.96270 0.48151
vt 0.94207 0.48951
vt 0.93772 0.50836
vt 0.93712 0.53074
vt 0.94095 0.54713
vt 0.94639 0.56003
vt 0.93306 0.43421
vt 0.94192 0.45397
vt 0.94121 0.43351
vt 0.93588 0.45642
vt 0.96055 0.43678
vt 0.96145 0.45573
vt 0.94291 0.47336
vt 0.94473 0.46822
vt 0.96205 0.46816
vt 0.94294 0.42611
vt 0.93568 0.42436
vt 0.96013 0.42790
vt 0.94549 0.41909
vt 0.94190 0.41314
vt 0.95982 0.42147
vt 0.96239 0.47522
vt 0.95261 0.47461
vt 0.98141 0.51095
vt 0.98253 0.53026
vt 0.97855 0.49412
vt 0.97184 0.48806
vt 0.98102 0.54415
vt 0.97509 0.55761
vt 0.97352 0.48087
vt 0.98328 0.48951
vt 0.98761 0.50797
vt 0.98823 0.53113
vt 0.98439 0.54713
vt 0.97896 0.56003
vt 0.98082 0.45395
vt 0.98778 0.43457
vt 0.97957 0.43349
vt 0.98711 0.45600
vt 0.98168 0.47334
vt 0.97937 0.46820
vt 0.97714 0.42609
vt 0.98423 0.42433
vt 0.97392 0.41908
vt 0.97694 0.41312
vt 0.97211 0.47459
vt 0.40341 0.02902
vt 0.37988 0.03877
vt 0.38540 0.04703
vt 0.39366 0.05255
vt 0.40341 0.05449
vt 0.41315 0.05255
vt 0.42141 0.04703
vt 0.42693 0.03877
vt 0.42887 0.02902
vt 0.42693 0.01928
vt 0.42141 0.01102
vt 0.41315 0.00550
vt 0.40341 0.00356
vt 0.39366 0.00550
vt 0.38540 0.01102
vt 0.37988 0.01928
vt 0.37795 0.02902
vt 0.56067 0.15498
vt 0.57247 0.12474
vt 0.55563 0.14994
vt 0.57906 0.12747
vt 0.53316 0.17336
vt 0.53043 0.16678
vt 0.50070 0.17982
vt 0.50070 0.17269
vt 0.46824 0.17336
vt 0.47097 0.16678
vt 0.44073 0.15498
vt 0.44577 0.14994
vt 0.42234 0.12747
vt 0.42893 0.12474
vt 0.41589 0.09501
vt 0.42301 0.09501
vt 0.42234 0.06255
vt 0.42893 0.06528
vt 0.44073 0.03504
vt 0.44577 0.04008
vt 0.46824 0.01665
vt 0.47097 0.02323
vt 0.50070 0.01020
vt 0.50070 0.01732
vt 0.53316 0.01665
vt 0.53043 0.02323
vt 0.56067 0.03504
vt 0.55563 0.04008
vt 0.57906 0.06255
vt 0.57247 0.06528
vt 0.58551 0.09501
vt 0.57839 0.09501
vt 0.56087 0.11993
vt 0.54675 0.14106
vt 0.52562 0.15518
vt 0.50070 0.16014
vt 0.47578 0.15518
vt 0.45465 0.14106
vt 0.44053 0.11993
vt 0.43557 0.09501
vt 0.44053 0.07008
vt 0.45465 0.04895
vt 0.47578 0.03484
vt 0.50070 0.02988
vt 0.52562 0.03484
vt 0.54675 0.04895
vt 0.56087 0.07008
vt 0.56583 0.09501
vt 0.54706 0.11490
vt 0.53579 0.13177
vt 0.51892 0.14304
vt 0.49902 0.14700
vt 0.47913 0.14304
vt 0.46226 0.13177
vt 0.45099 0.11490
vt 0.44703 0.09501
vt 0.45099 0.07511
vt 0.46226 0.05824
vt 0.47913 0.04697
vt 0.49902 0.04301
vt 0.51892 0.04697
vt 0.53579 0.05824
vt 0.54706 0.07511
vt 0.55102 0.09501
vt 0.52389 0.10531
vt 0.51806 0.11404
vt 0.50932 0.11987
vt 0.49902 0.12192
vt 0.48873 0.11987
vt 0.47999 0.11404
vt 0.47416 0.10531
vt 0.47211 0.09501
vt 0.47416 0.08471
vt 0.47999 0.07598
vt 0.48873 0.07014
vt 0.49902 0.06809
vt 0.50932 0.07014
vt 0.51806 0.07598
vt 0.52389 0.08471
vt 0.52594 0.09501
vt 0.49902 0.09501
vt 0.54874 0.11490
vt 0.53747 0.13177
vt 0.52060 0.14304
vt 0.50070 0.14700
vt 0.48080 0.14304
vt 0.46393 0.13177
vt 0.45267 0.11490
vt 0.44871 0.09501
vt 0.45267 0.07511
vt 0.46393 0.05824
vt 0.48080 0.04697
vt 0.50070 0.04301
vt 0.52060 0.04697
vt 0.53747 0.05824
vt 0.54874 0.07511
vt 0.55269 0.09501
vt 0.52557 0.10531
vt 0.51973 0.11404
vt 0.51100 0.11987
vt 0.50070 0.12192
vt 0.49040 0.11987
vt 0.48167 0.11404
vt 0.47583 0.10531
vt 0.47379 0.09501
vt 0.47583 0.08471
vt 0.48167 0.07598
vt 0.49040 0.07014
vt 0.50070 0.06809
vt 0.51100 0.07014
vt 0.51973 0.07598
vt 0.52557 0.08471
vt 0.52762 0.09501
vt 0.50070 0.09501
vt 0.91145 0.01846
vt 0.87779 0.04419
vt 0.91378 0.03893
vt 0.87822 0.02386
vt 0.94259 0.03233
vt 0.94204 0.01060
vt 0.97413 0.04468
vt 0.97765 0.02226
vt 0.87726 0.08855
vt 0.91570 0.08366
vt 0.94255 0.08089
vt 0.96937 0.09087
vt 0.87808 0.14607
vt 0.91684 0.14238
vt 0.94182 0.14395
vt 0.96673 0.14664
vt 0.94211 0.20026
vt 0.91704 0.19983
vt 0.87934 0.20615
vt 0.96868 0.20464
vt 0.94328 0.26127
vt 0.91734 0.26172
vt 0.88361 0.26963
vt 0.96842 0.26876
vt 0.94344 0.32442
vt 0.91948 0.32340
vt 0.88903 0.32714
vt 0.96456 0.32630
vt 0.94348 0.37676
vt 0.91998 0.37612
vt 0.89048 0.38030
vt 0.96647 0.38003
vt 0.94405 0.42861
vt 0.91867 0.42859
vt 0.88899 0.43277
vt 0.96995 0.43387
vt 0.94395 0.49448
vt 0.91896 0.49404
vt 0.88653 0.49754
vt 0.96971 0.49822
vt 0.94265 0.54871
vt 0.92175 0.54803
vt 0.89186 0.55305
vt 0.96416 0.55142
vt 0.94316 0.59403
vt 0.92256 0.59403
vt 0.89633 0.60111
vt 0.96165 0.60054
vt 0.94183 0.64446
vt 0.92296 0.64164
vt 0.89824 0.64469
vt 0.95838 0.64689
vt 0.93855 0.69422
vt 0.91999 0.68566
vt 0.89420 0.68264
vt 0.95968 0.68791
vt 0.93816 0.72469
vt 0.91432 0.70973
vt 0.88764 0.70333
vt 0.96598 0.71219
vt 0.87492 0.54021
vt 0.87795 0.45933
vt 0.85545 0.53678
vt 0.91006 0.46785
vt 0.85537 0.44928
vt 0.83371 0.53140
vt 0.83866 0.44908
vt 0.81794 0.52879
vt 0.80042 0.52552
vt 0.82793 0.44513
vt 0.80990 0.43984
vt 0.78207 0.51985
vt 0.78867 0.43530
vt 0.76734 0.51428
vt 0.76999 0.42957
vt 0.74855 0.50809
vt 0.75871 0.42596
vt 0.73742 0.50446
vt 0.74380 0.42036
vt 0.72269 0.49997
vt 0.73116 0.41585
vt 0.71160 0.49616
vt 0.71275 0.41105
vt 0.69312 0.48895
vt 0.69298 0.40712
vt 0.67740 0.48315
vt 0.67071 0.40244
vt 0.65111 0.47573
vt 0.65363 0.40043
vt 0.63436 0.47102
vt 0.63640 0.39444
vt 0.61406 0.46724
vt 0.61887 0.39159
vt 0.59481 0.46112
vt 0.59964 0.38743
vt 0.57723 0.45997
vt 0.57766 0.38512
vt 0.55830 0.46097
vt 0.56238 0.38357
vt 0.54518 0.45938
vt 0.54314 0.38132
vt 0.53012 0.45840
vt 0.52074 0.37862
vt 0.51464 0.45792
vt 0.51068 0.45631
vt 0.51185 0.37537
vt 0.89923 0.40816
vt 0.94276 0.42233
vt 0.87562 0.39774
vt 0.85951 0.39352
vt 0.84602 0.39006
vt 0.82977 0.38459
vt 0.80472 0.37855
vt 0.78748 0.37307
vt 0.77202 0.37021
vt 0.75854 0.36573
vt 0.74664 0.36238
vt 0.73185 0.35827
vt 0.70572 0.35413
vt 0.68673 0.34811
vt 0.66742 0.34479
vt 0.64875 0.34133
vt 0.62863 0.33806
vt 0.60988 0.33246
vt 0.58650 0.33149
vt 0.56905 0.32803
vt 0.55036 0.32774
vt 0.52944 0.32578
vt 0.51839 0.32513
vt 0.93153 0.47329
vt 0.97401 0.43632
vt 0.88567 0.54212
vt 0.70755 0.35077
vt 0.73309 0.35604
vt 0.68841 0.34465
vt 0.66954 0.34167
vt 0.64993 0.33733
vt 0.63081 0.33490
vt 0.61080 0.33043
vt 0.58825 0.32888
vt 0.56961 0.32488
vt 0.55170 0.32545
vt 0.52941 0.32256
vt 0.90002 0.40573
vt 0.94432 0.41877
vt 0.87622 0.39477
vt 0.85982 0.39013
vt 0.84636 0.38704
vt 0.83088 0.38164
vt 0.80506 0.37513
vt 0.78786 0.36942
vt 0.77248 0.36631
vt 0.75949 0.36231
vt 0.74703 0.36034
vt 0.51826 0.32329
vt 0.97365 0.43422
vt 0.97830 0.38049
vt 0.95967 0.36177
vt 0.30544 0.49019
vt 0.27110 0.40956
vt 0.27935 0.49641
vt 0.29871 0.40492
vt 0.30929 0.40425
vt 0.30991 0.48920
vt 0.31782 0.40291
vt 0.32375 0.48885
vt 0.36039 0.48155
vt 0.35011 0.39854
vt 0.37596 0.47854
vt 0.36121 0.39741
vt 0.39068 0.47653
vt 0.37253 0.39374
vt 0.41412 0.47149
vt 0.39746 0.39017
vt 0.43463 0.46992
vt 0.42031 0.38685
vt 0.45340 0.47132
vt 0.44205 0.38537
vt 0.47030 0.46554
vt 0.45862 0.38327
vt 0.48421 0.46270
vt 0.47427 0.38088
vt 0.49929 0.45931
vt 0.49348 0.37929
vt 0.13014 0.51903
vt 0.07979 0.45183
vt 0.11014 0.52171
vt 0.11287 0.44489
vt 0.15282 0.51561
vt 0.13303 0.43537
vt 0.17455 0.51202
vt 0.16302 0.43349
vt 0.19959 0.50941
vt 0.18874 0.42792
vt 0.21411 0.50662
vt 0.20985 0.42552
vt 0.24023 0.50301
vt 0.23552 0.41997
vt 0.25955 0.50067
vt 0.24997 0.41539
vt 0.09985 0.52318
vt 0.05762 0.45658
vt 0.02010 0.41179
vt 0.05497 0.39948
vt 0.09636 0.38937
vt 0.11975 0.38180
vt 0.15028 0.37439
vt 0.17581 0.36766
vt 0.20100 0.36265
vt 0.22497 0.35702
vt 0.24448 0.35360
vt 0.26183 0.34954
vt 0.28545 0.34495
vt 0.29836 0.34432
vt 0.31076 0.34353
vt 0.33894 0.33695
vt 0.35267 0.33579
vt 0.36530 0.33391
vt 0.39185 0.33177
vt 0.41591 0.32626
vt 0.43815 0.32665
vt 0.45915 0.32399
vt 0.47677 0.32521
vt 0.49575 0.32443
vt 0.28505 0.34245
vt 0.26207 0.34672
vt 0.29778 0.34085
vt 0.05404 0.39531
vt 0.02075 0.40947
vt 0.09639 0.38645
vt 0.11816 0.37924
vt 0.15070 0.37092
vt 0.17482 0.36455
vt 0.20098 0.35893
vt 0.22539 0.35262
vt 0.24324 0.34973
vt 0.49556 0.32094
vt 0.52265 0.26659
vt 0.49858 0.26511
vt 0.27744 0.27945
vt 0.25057 0.28418
vt 0.29139 0.27305
vt 0.30946 0.33932
vt 0.30361 0.27052
vt 0.33290 0.26515
vt 0.33854 0.33318
vt 0.34707 0.26369
vt 0.35092 0.33233
vt 0.36050 0.26134
vt 0.36334 0.32986
vt 0.38751 0.25951
vt 0.39015 0.32802
vt 0.41563 0.26111
vt 0.41518 0.32402
vt 0.43981 0.25824
vt 0.43753 0.32389
vt 0.46177 0.26024
vt 0.45877 0.32074
vt 0.47899 0.26091
vt 0.47650 0.32297
vt 0.04564 0.33325
vt 0.02430 0.35056
vt 0.07930 0.32751
vt 0.10187 0.31886
vt 0.13352 0.30862
vt 0.15942 0.30065
vt 0.18717 0.29299
vt 0.20985 0.28743
vt 0.22920 0.28557
vt 0.74731 0.30044
vt 0.72113 0.28807
vt 0.70112 0.28190
vt 0.68071 0.27804
vt 0.66099 0.27350
vt 0.64034 0.27144
vt 0.61722 0.27152
vt 0.59320 0.26706
vt 0.57455 0.26773
vt 0.55708 0.26674
vt 0.53401 0.26863
vt 0.92423 0.35075
vt 0.89990 0.33793
vt 0.88237 0.33142
vt 0.86732 0.32686
vt 0.84988 0.32133
vt 0.82428 0.31476
vt 0.80682 0.31046
vt 0.79307 0.30626
vt 0.77883 0.30698
vt 0.76400 0.30574
vt 0.50805 0.69533
vt 0.50567 0.62188
vt 0.49030 0.69732
vt 0.52510 0.61830
vt 0.50467 0.57978
vt 0.52448 0.57997
vt 0.53785 0.69182
vt 0.54855 0.61923
vt 0.54821 0.57817
vt 0.56725 0.69384
vt 0.57688 0.61652
vt 0.57843 0.57802
vt 0.59204 0.69422
vt 0.60052 0.61762
vt 0.60038 0.57498
vt 0.61342 0.69675
vt 0.62282 0.61534
vt 0.62155 0.57537
vt 0.63742 0.70288
vt 0.64845 0.61750
vt 0.65207 0.57325
vt 0.65981 0.70416
vt 0.66602 0.61706
vt 0.67523 0.57554
vt 0.67216 0.70679
vt 0.67955 0.61871
vt 0.69007 0.57671
vt 0.68287 0.70702
vt 0.69511 0.61865
vt 0.70612 0.57914
vt 0.69496 0.71232
vt 0.71284 0.62241
vt 0.72303 0.58131
vt 0.33351 0.70563
vt 0.29901 0.62525
vt 0.31162 0.71333
vt 0.32781 0.62628
vt 0.29763 0.58439
vt 0.32834 0.58654
vt 0.35201 0.70470
vt 0.34676 0.62777
vt 0.34993 0.58586
vt 0.37010 0.70378
vt 0.37203 0.62677
vt 0.37460 0.58710
vt 0.39677 0.70474
vt 0.40181 0.62928
vt 0.40106 0.58639
vt 0.42443 0.70094
vt 0.42334 0.62525
vt 0.42240 0.58654
vt 0.44464 0.69909
vt 0.44403 0.62599
vt 0.44559 0.58443
vt 0.45627 0.69724
vt 0.45807 0.62419
vt 0.46102 0.58452
vt 0.46690 0.69701
vt 0.47223 0.62575
vt 0.47630 0.58294
vt 0.47773 0.69687
vt 0.48796 0.62371
vt 0.49087 0.58176
vt 0.30309 0.71466
vt 0.28613 0.62306
vt 0.71748 0.62136
vt 0.69767 0.71309
vt 0.73256 0.58197
vt 0.28204 0.58500
vt 0.29615 0.58195
vt 0.32772 0.58458
vt 0.28157 0.58435
vt 0.73309 0.58160
vt 0.72541 0.57824
vt 0.70721 0.57669
vt 0.69217 0.57373
vt 0.67523 0.57261
vt 0.65354 0.56996
vt 0.62180 0.57250
vt 0.60024 0.57177
vt 0.57799 0.57437
vt 0.54741 0.57502
vt 0.52481 0.57710
vt 0.50380 0.57751
vt 0.49133 0.57853
vt 0.47553 0.57957
vt 0.46129 0.58142
vt 0.44508 0.58086
vt 0.42268 0.58361
vt 0.39968 0.58329
vt 0.37462 0.58481
vt 0.34838 0.58327
vt 0.74115 0.54349
vt 0.73112 0.53856
vt 0.71133 0.53584
vt 0.69404 0.53225
vt 0.67666 0.53071
vt 0.65233 0.52703
vt 0.62057 0.53089
vt 0.59677 0.53064
vt 0.57500 0.53393
vt 0.54703 0.53686
vt 0.52503 0.53976
vt 0.50243 0.53955
vt 0.48888 0.53968
vt 0.47157 0.53925
vt 0.45859 0.54104
vt 0.44311 0.54087
vt 0.42035 0.54287
vt 0.39969 0.54294
vt 0.37548 0.54534
vt 0.35023 0.54419
vt 0.32906 0.54533
vt 0.29935 0.54287
vt 0.27921 0.54735
vt 0.90714 0.69665
vt 0.86867 0.76785
vt 0.91675 0.70055
vt 0.86520 0.76151
vt 0.88934 0.68674
vt 0.84654 0.75226
vt 0.86876 0.67492
vt 0.82864 0.74413
vt 0.84233 0.66465
vt 0.80719 0.73415
vt 0.82239 0.65443
vt 0.78855 0.72891
vt 0.81365 0.65030
vt 0.78007 0.72717
vt 0.79214 0.64570
vt 0.76123 0.72541
vt 0.77349 0.63894
vt 0.74095 0.71894
vt 0.75742 0.63474
vt 0.72858 0.71749
vt 0.73456 0.62700
vt 0.71657 0.71372
vt 0.72168 0.62429
vt 0.70053 0.71346
vt 0.29458 0.71616
vt 0.24635 0.63475
vt 0.27093 0.71590
vt 0.27347 0.62788
vt 0.22327 0.64017
vt 0.25062 0.71999
vt 0.19978 0.64551
vt 0.23533 0.72471
vt 0.18909 0.64878
vt 0.22771 0.72841
vt 0.16696 0.65710
vt 0.20954 0.73414
vt 0.15880 0.65839
vt 0.20494 0.73719
vt 0.13901 0.66046
vt 0.18194 0.74015
vt 0.12892 0.66393
vt 0.17056 0.74357
vt 0.11638 0.66881
vt 0.15791 0.74557
vt 0.09961 0.67251
vt 0.14704 0.74699
vt 0.07957 0.68077
vt 0.13517 0.74943
vt 0.06946 0.68365
vt 0.12820 0.75198
vt 0.05740 0.68790
vt 0.12316 0.75514
vt 0.04595 0.69102
vt 0.11790 0.75694
vt 0.87622 0.77706
vt 0.93403 0.71628
vt 0.93639 0.65707
vt 0.94524 0.66049
vt 0.91417 0.64540
vt 0.88871 0.63704
vt 0.86403 0.62430
vt 0.84239 0.61727
vt 0.83651 0.61461
vt 0.81354 0.60474
vt 0.78945 0.59800
vt 0.77350 0.59333
vt 0.75255 0.58840
vt 0.74067 0.58521
vt 0.23676 0.59264
vt 0.26328 0.58673
vt 0.20916 0.59635
vt 0.18635 0.60324
vt 0.17863 0.60539
vt 0.15389 0.61031
vt 0.14492 0.61270
vt 0.12723 0.61823
vt 0.11922 0.62039
vt 0.10022 0.62358
vt 0.08254 0.62830
vt 0.05282 0.63283
vt 0.04348 0.63560
vt 0.03328 0.63735
vt 0.02327 0.63837
vt 0.97117 0.67091
vt 0.26399 0.58420
vt 0.23637 0.59054
vt 0.20929 0.59330
vt 0.18612 0.60053
vt 0.17821 0.60240
vt 0.15382 0.60668
vt 0.14493 0.60874
vt 0.12701 0.61508
vt 0.11878 0.61701
vt 0.09938 0.61939
vt 0.08094 0.62505
vt 0.05118 0.62903
vt 0.04178 0.63177
vt 0.03212 0.63409
vt 0.02154 0.63513
vt 0.94696 0.65737
vt 0.97530 0.66785
vt 0.93855 0.65351
vt 0.91608 0.64227
vt 0.89058 0.63327
vt 0.86564 0.62120
vt 0.84404 0.61459
vt 0.83753 0.61179
vt 0.81381 0.60126
vt 0.79106 0.59550
vt 0.77330 0.59005
vt 0.75390 0.58577
vt 0.74109 0.58155
vt 0.25600 0.54289
vt 0.22634 0.54729
vt 0.19678 0.54962
vt 0.17067 0.55618
vt 0.16227 0.55875
vt 0.13745 0.56224
vt 0.12820 0.56482
vt 0.11152 0.56997
vt 0.10391 0.57329
vt 0.08443 0.57559
vt 0.06842 0.58041
vt 0.04405 0.58369
vt 0.03586 0.58582
vt 0.02864 0.58689
vt 0.02072 0.58760
vt 0.98648 0.62030
vt 0.96162 0.61345
vt 0.95513 0.60966
vt 0.93376 0.60010
vt 0.91027 0.59159
vt 0.88614 0.58134
vt 0.86242 0.57524
vt 0.85480 0.57314
vt 0.83084 0.56198
vt 0.80584 0.55730
vt 0.78787 0.55219
vt 0.76499 0.54728
vt 0.75138 0.54351
vt 0.69521 0.79919
vt 0.71199 0.77032
vt 0.69727 0.76929
vt 0.71267 0.79874
vt 0.66508 0.79483
vt 0.66286 0.76908
vt 0.64500 0.80019
vt 0.64329 0.77503
vt 0.62844 0.79763
vt 0.63466 0.77285
vt 0.62253 0.79615
vt 0.63019 0.77161
vt 0.60589 0.79294
vt 0.61231 0.76716
vt 0.59052 0.79108
vt 0.59634 0.76404
vt 0.56938 0.78526
vt 0.56501 0.75426
vt 0.55708 0.78860
vt 0.55520 0.76295
vt 0.54122 0.78452
vt 0.54414 0.75823
vt 0.52817 0.78320
vt 0.52945 0.75559
vt 0.51606 0.78379
vt 0.51696 0.75548
vt 0.50212 0.78267
vt 0.50625 0.75479
vt 0.92575 0.85481
vt 0.96756 0.84705
vt 0.93914 0.83117
vt 0.95793 0.87206
vt 0.89760 0.83820
vt 0.90920 0.81470
vt 0.86677 0.82721
vt 0.87431 0.80374
vt 0.85584 0.82122
vt 0.86529 0.79731
vt 0.82703 0.81008
vt 0.83235 0.78491
vt 0.80304 0.81072
vt 0.80708 0.79872
vt 0.78373 0.80228
vt 0.79581 0.78056
vt 0.76778 0.80001
vt 0.77182 0.77331
vt 0.74665 0.79929
vt 0.74565 0.77183
vt 0.73028 0.80004
vt 0.73028 0.77120
vt 0.98002 0.85414
vt 0.97187 0.88018
vt 0.29922 0.81079
vt 0.33195 0.77931
vt 0.29409 0.78199
vt 0.33245 0.80402
vt 0.35294 0.78247
vt 0.35395 0.80684
vt 0.35696 0.78098
vt 0.36601 0.80414
vt 0.36776 0.77788
vt 0.37907 0.80066
vt 0.38286 0.77304
vt 0.39296 0.79690
vt 0.39161 0.76982
vt 0.40010 0.79441
vt 0.40111 0.76970
vt 0.41266 0.79336
vt 0.42160 0.75827
vt 0.42891 0.78640
vt 0.44458 0.76097
vt 0.44476 0.78825
vt 0.46195 0.75562
vt 0.46394 0.78328
vt 0.47704 0.75589
vt 0.47476 0.78330
vt 0.48875 0.75367
vt 0.48496 0.78247
vt 0.05782 0.86303
vt 0.07980 0.82326
vt 0.05430 0.83695
vt 0.09004 0.84890
vt 0.10697 0.81400
vt 0.11617 0.83959
vt 0.13988 0.80823
vt 0.14718 0.83187
vt 0.17330 0.79700
vt 0.17882 0.82232
vt 0.20359 0.81075
vt 0.20464 0.82239
vt 0.20986 0.80993
vt 0.21308 0.82382
vt 0.22431 0.79178
vt 0.23103 0.81558
vt 0.24857 0.78869
vt 0.25058 0.81435
vt 0.26384 0.78508
vt 0.26677 0.81290
vt 0.28218 0.78382
vt 0.28355 0.81104
vt 0.04751 0.86522
vt 0.04704 0.83802
vt 0.70117 0.85545
vt 0.66575 0.79970
vt 0.67063 0.84644
vt 0.69420 0.80273
vt 0.64508 0.80488
vt 0.64722 0.84750
vt 0.62666 0.80326
vt 0.62938 0.84570
vt 0.61979 0.80104
vt 0.62033 0.84464
vt 0.60469 0.79658
vt 0.60184 0.84293
vt 0.58752 0.79513
vt 0.58568 0.84158
vt 0.56762 0.78938
vt 0.56513 0.83713
vt 0.55649 0.79144
vt 0.55408 0.83694
vt 0.53922 0.78890
vt 0.54295 0.83618
vt 0.52775 0.78817
vt 0.53240 0.83927
vt 0.51445 0.78798
vt 0.51903 0.83705
vt 0.50085 0.78684
vt 0.50431 0.83915
vt 0.90174 0.92496
vt 0.92405 0.85785
vt 0.88505 0.90667
vt 0.95608 0.87606
vt 0.89631 0.84205
vt 0.86417 0.89218
vt 0.86458 0.83090
vt 0.83890 0.87434
vt 0.85257 0.82534
vt 0.83039 0.86940
vt 0.82737 0.81519
vt 0.81382 0.86449
vt 0.80229 0.81839
vt 0.79676 0.86080
vt 0.78357 0.80891
vt 0.77929 0.85878
vt 0.76705 0.80307
vt 0.76634 0.85710
vt 0.74730 0.80334
vt 0.75152 0.85637
vt 0.73045 0.80424
vt 0.73473 0.85688
vt 0.71386 0.80316
vt 0.71910 0.85663
vt 0.70242 0.91514
vt 0.71734 0.91946
vt 0.67504 0.90761
vt 0.65224 0.90268
vt 0.63451 0.90191
vt 0.62455 0.90209
vt 0.60154 0.90237
vt 0.58068 0.90485
vt 0.56351 0.90653
vt 0.55239 0.90736
vt 0.54501 0.90826
vt 0.52951 0.90962
vt 0.52114 0.90996
vt 0.50827 0.91148
vt 0.81440 0.95710
vt 0.83037 0.97817
vt 0.80272 0.94701
vt 0.79347 0.93973
vt 0.78900 0.93825
vt 0.78445 0.93699
vt 0.77434 0.93378
vt 0.75919 0.92976
vt 0.74815 0.92700
vt 0.73800 0.92440
vt 0.72979 0.92259
vt 0.91410 0.93651
vt 0.97293 0.88607
vt 0.83554 0.98534
vt 0.29744 0.86801
vt 0.28316 0.81551
vt 0.28029 0.86808
vt 0.29946 0.81459
vt 0.33147 0.85671
vt 0.33195 0.80915
vt 0.35570 0.85639
vt 0.35412 0.81234
vt 0.36760 0.81042
vt 0.36985 0.85470
vt 0.38050 0.80613
vt 0.38337 0.85162
vt 0.39887 0.84908
vt 0.39411 0.80151
vt 0.40138 0.79910
vt 0.40737 0.84742
vt 0.42222 0.84529
vt 0.41644 0.79725
vt 0.43708 0.84290
vt 0.42828 0.79133
vt 0.45122 0.83772
vt 0.44570 0.79095
vt 0.46397 0.83708
vt 0.46444 0.78757
vt 0.47512 0.83989
vt 0.47335 0.78769
vt 0.48871 0.83689
vt 0.48543 0.78671
vt 0.11667 0.90292
vt 0.06140 0.86820
vt 0.10161 0.91556
vt 0.09280 0.85170
vt 0.13604 0.89325
vt 0.11886 0.84320
vt 0.15789 0.88270
vt 0.14926 0.83520
vt 0.18432 0.87610
vt 0.18013 0.82791
vt 0.20099 0.87257
vt 0.20405 0.82945
vt 0.21379 0.87134
vt 0.21341 0.83135
vt 0.23385 0.86876
vt 0.23207 0.81935
vt 0.24818 0.86825
vt 0.25034 0.81852
vt 0.26474 0.86843
vt 0.26716 0.81775
vt 0.04581 0.87057
vt 0.09043 0.92271
vt 0.15612 0.97381
vt 0.15080 0.97930
vt 0.32855 0.92026
vt 0.29600 0.92839
vt 0.35292 0.91431
vt 0.36722 0.91324
vt 0.38323 0.91252
vt 0.40298 0.91094
vt 0.41442 0.91108
vt 0.43173 0.91176
vt 0.44433 0.91227
vt 0.46041 0.91191
vt 0.47034 0.91207
vt 0.48663 0.91178
vt 0.49515 0.91118
vt 0.17122 0.95962
vt 0.18259 0.95351
vt 0.19299 0.94956
vt 0.20316 0.94817
vt 0.21491 0.94513
vt 0.22630 0.94337
vt 0.24660 0.93871
vt 0.25858 0.93631
vt 0.26781 0.93480
vt 0.28170 0.93202
vt 0.50267 0.08761
vt 0.52584 0.14856
vt 0.52470 0.07181
vt 0.50098 0.15292
vt 0.54875 0.16154
vt 0.54514 0.08570
vt 0.58091 0.14259
vt 0.57411 0.06948
vt 0.60186 0.16551
vt 0.59572 0.07721
vt 0.62221 0.15681
vt 0.61476 0.07297
vt 0.63694 0.15927
vt 0.63312 0.07664
vt 0.64906 0.16040
vt 0.65674 0.06146
vt 0.66153 0.17111
vt 0.66834 0.07956
vt 0.68414 0.16878
vt 0.68400 0.07184
vt 0.72232 0.16288
vt 0.71049 0.06922
vt 0.74881 0.16231
vt 0.74306 0.06866
vt 0.76572 0.16274
vt 0.75958 0.07529
vt 0.78725 0.15396
vt 0.78218 0.06698
vt 0.80990 0.15996
vt 0.80676 0.06493
vt 0.82981 0.15177
vt 0.82974 0.06024
vt 0.84131 0.06409
vt 0.84135 0.15146
vt 0.85784 0.14873
vt 0.86132 0.04830
vt 0.87299 0.14992
vt 0.88305 0.06235
vt 0.88792 0.14350
vt 0.90908 0.05555
vt 0.90217 0.15243
vt 0.93052 0.07498
vt 0.92000 0.15299
vt 0.95369 0.07200
vt 0.93458 0.15613
vt 0.96799 0.08833
vt 0.51208 0.22282
vt 0.84432 0.20770
vt 0.70883 0.06290
vt 0.74560 0.06267
vt 0.75958 0.06802
vt 0.78156 0.06186
vt 0.80768 0.05939
vt 0.83018 0.05653
vt 0.84010 0.05797
vt 0.86119 0.04246
vt 0.88407 0.05736
vt 0.90900 0.05092
vt 0.93286 0.06918
vt 0.95527 0.06749
vt 0.50282 0.08481
vt 0.52477 0.06595
vt 0.54517 0.08233
vt 0.57475 0.06433
vt 0.59576 0.07122
vt 0.61443 0.06883
vt 0.63258 0.07218
vt 0.65815 0.05738
vt 0.66895 0.07348
vt 0.68268 0.06857
vt 0.96991 0.08405
vt 0.74909 0.03735
vt 0.70723 0.03892
vt 0.75986 0.04087
vt 0.77560 0.03889
vt 0.80216 0.03606
vt 0.82889 0.02697
vt 0.83996 0.02437
vt 0.85761 0.01841
vt 0.88800 0.02535
vt 0.91202 0.01801
vt 0.94059 0.03338
vt 0.96837 0.03651
vt 0.52464 0.03280
vt 0.50294 0.04784
vt 0.54749 0.04742
vt 0.57188 0.03166
vt 0.59873 0.03897
vt 0.61327 0.03758
vt 0.62292 0.03942
vt 0.65175 0.03249
vt 0.67008 0.04127
vt 0.68528 0.03909
vt 0.97974 0.04938
vt 0.47691 0.14709
vt 0.46135 0.08537
vt 0.45460 0.15806
vt 0.48180 0.07224
vt 0.43418 0.06718
vt 0.42424 0.13820
vt 0.41260 0.07320
vt 0.40192 0.15875
vt 0.39393 0.06757
vt 0.38276 0.15001
vt 0.37532 0.07000
vt 0.36765 0.15192
vt 0.35204 0.05314
vt 0.35586 0.15313
vt 0.33925 0.07054
vt 0.34230 0.16358
vt 0.32258 0.06127
vt 0.32045 0.16192
vt 0.30987 0.06747
vt 0.30607 0.16184
vt 0.30396 0.06199
vt 0.29153 0.15934
vt 0.28865 0.05851
vt 0.28073 0.15839
vt 0.25471 0.05423
vt 0.25233 0.15766
vt 0.23493 0.06452
vt 0.23381 0.15942
vt 0.20852 0.05727
vt 0.20616 0.15204
vt 0.18185 0.05930
vt 0.18529 0.15823
vt 0.15825 0.05719
vt 0.16417 0.15097
vt 0.14706 0.06232
vt 0.15213 0.15130
vt 0.12387 0.04735
vt 0.13490 0.14942
vt 0.10196 0.06493
vt 0.11902 0.15196
vt 0.07705 0.05950
vt 0.10158 0.14760
vt 0.06021 0.07842
vt 0.09032 0.15554
vt 0.03692 0.07652
vt 0.07304 0.15664
vt 0.02338 0.09357
vt 0.05832 0.16056
vt 0.18707 0.21215
vt 0.23463 0.05690
vt 0.25298 0.05114
vt 0.20945 0.05369
vt 0.18124 0.05513
vt 0.15720 0.05344
vt 0.14714 0.05760
vt 0.12419 0.04325
vt 0.09939 0.05333
vt 0.07536 0.05561
vt 0.05853 0.07438
vt 0.03561 0.07202
vt 0.02127 0.08940
vt 0.46139 0.08148
vt 0.48190 0.06627
vt 0.43459 0.06170
vt 0.41289 0.07001
vt 0.39428 0.06311
vt 0.37554 0.06752
vt 0.35072 0.04841
vt 0.33869 0.06695
vt 0.32260 0.05739
vt 0.31015 0.06300
vt 0.30463 0.05765
vt 0.28996 0.05467
vt 0.48260 0.03289
vt 0.46061 0.04677
vt 0.43886 0.02906
vt 0.41193 0.03517
vt 0.39754 0.03139
vt 0.38694 0.03292
vt 0.35652 0.02146
vt 0.33863 0.03022
vt 0.32476 0.02738
vt 0.31334 0.03085
vt 0.30533 0.02872
vt 0.28851 0.02819
vt 0.25120 0.02458
vt 0.23395 0.02998
vt 0.21218 0.02988
vt 0.18465 0.03013
vt 0.15965 0.02490
vt 0.14598 0.02560
vt 0.12825 0.01909
vt 0.09382 0.02458
vt 0.06043 0.02764
vt 0.04892 0.04001
vt 0.02422 0.04066
vt 0.00997 0.05528
vt 0.11784 0.02765
vt 0.28157 0.02341
vt 0.31378 0.02643
vt 0.34033 0.02206
vt 0.46181 0.03268
vt 0.61124 0.03180
vt 0.71447 0.03571
vt 0.83175 0.02455
vt 0.95134 0.02970
vt 0.98887 0.29673
vt 0.93462 0.29217
vt 0.98604 0.30271
vt 0.99028 0.28519
vt 0.98881 0.27590
vt 0.98591 0.26974
vt 0.98368 0.26671
vt 0.97687 0.26057
vt 0.96859 0.25711
vt 0.96083 0.25536
vt 0.95565 0.25473
vt 0.95209 0.25464
vt 0.94468 0.25442
vt 0.94067 0.25431
vt 0.93444 0.25442
vt 0.95199 0.33188
vt 0.93925 0.33136
vt 0.95894 0.33061
vt 0.96402 0.32891
vt 0.96556 0.32749
vt 0.96713 0.32614
vt 0.97099 0.32349
vt 0.97590 0.31866
vt 0.97893 0.31465
vt 0.98165 0.31091
vt 0.98351 0.30770
vt 0.93490 0.33099
vt 0.93080 0.33157
vt 0.88038 0.29763
vt 0.87866 0.28520
vt 0.88007 0.27598
vt 0.88212 0.27139
vt 0.88521 0.26678
vt 0.89014 0.26164
vt 0.89389 0.25962
vt 0.90030 0.25714
vt 0.90540 0.25602
vt 0.91229 0.25481
vt 0.91678 0.25466
vt 0.92421 0.25443
vt 0.92821 0.25431
vt 0.92003 0.33262
vt 0.91387 0.33156
vt 0.90898 0.32987
vt 0.90543 0.32698
vt 0.90085 0.32416
vt 0.89713 0.32085
vt 0.89059 0.31477
vt 0.88737 0.31091
vt 0.88540 0.30770
vt 0.88285 0.30272
vt 0.03125 0.32407
vt 0.01942 0.30307
vt 0.01930 0.32890
vt 0.03048 0.30097
vt 0.03077 0.38639
vt 0.02022 0.38921
vt 0.02670 0.45122
vt 0.01449 0.45215
vt 0.03956 0.38782
vt 0.05447 0.41654
vt 0.05099 0.38747
vt 0.04327 0.41903
vt 0.04706 0.31686
vt 0.05500 0.35155
vt 0.05860 0.31928
vt 0.04351 0.35045
vt 0.00567 0.61314
vt 0.00486 0.59167
vt 0.00100 0.61484
vt 0.01014 0.59075
vt 0.01172 0.52777
vt 0.01771 0.52899
vt 0.00100 0.46639
vt 0.00740 0.46506
vt 0.04326 0.78906
vt 0.04804 0.75777
vt 0.03737 0.78536
vt 0.05551 0.76025
vt 0.03625 0.72576
vt 0.03075 0.69430
vt 0.02566 0.69698
vt 0.04247 0.72552
vt 0.82427 0.89991
vt 0.89048 0.92869
vt 0.89250 0.92349
vt 0.82009 0.90387
vt 0.95970 0.92861
vt 0.96102 0.92379
vt 0.98992 0.91736
vt 0.98811 0.92260
vt 0.81596 0.94452
vt 0.89128 0.93866
vt 0.81453 0.93315
vt 0.95873 0.94053
vt 0.98835 0.93315
vt 0.98517 0.94521
vt 0.00182 0.30150
vt 0.00263 0.33119
vt 0.00716 0.39337
vt 0.00182 0.45308
vt 0.06616 0.41314
vt 0.06275 0.38650
vt 0.06664 0.35270
vt 0.07014 0.32232
vt 0.81851 0.95670
vt 0.89208 0.94974
vt 0.95851 0.95386
vt 0.98214 0.95916
vt 0.71358 0.80593
vt 0.74261 0.81119
vt 0.74489 0.80595
vt 0.71330 0.81237
vt 0.65103 0.80933
vt 0.65056 0.80274
vt 0.59674 0.78495
vt 0.59801 0.78012
vt 0.58613 0.75807
vt 0.56798 0.73921
vt 0.58220 0.76183
vt 0.57451 0.73649
vt 0.58433 0.70753
vt 0.58848 0.67882
vt 0.57878 0.70741
vt 0.59314 0.68150
vt 0.65239 0.64479
vt 0.65498 0.65024
vt 0.71876 0.64067
vt 0.72026 0.64553
vt 0.74371 0.64964
vt 0.74261 0.64489
vt 0.01538 0.64239
vt 0.00632 0.62290
vt 0.00139 0.62352
vt 0.02050 0.64081
vt 0.05538 0.69235
vt 0.05060 0.69617
vt 0.07532 0.75395
vt 0.06902 0.75569
vt 0.06955 0.78442
vt 0.06261 0.78428
vt 0.03652 0.83552
vt 0.00357 0.85215
vt 0.00632 0.85720
vt 0.03122 0.83204
vt 0.31910 0.38898
vt 0.29851 0.37447
vt 0.29312 0.38879
vt 0.32165 0.37530
vt 0.23614 0.37487
vt 0.23249 0.38786
vt 0.17121 0.37899
vt 0.17009 0.39395
vt 0.45799 0.39249
vt 0.43290 0.37532
vt 0.42966 0.38906
vt 0.46385 0.37912
vt 0.36834 0.38932
vt 0.32960 0.37912
vt 0.33275 0.39359
vt 0.36712 0.37502
vt 0.29129 0.40314
vt 0.32103 0.40396
vt 0.22918 0.39834
vt 0.16941 0.40396
vt 0.42682 0.39814
vt 0.45319 0.40171
vt 0.33519 0.40228
vt 0.36907 0.39814
vt 0.81945 0.83923
vt 0.88844 0.81796
vt 0.81573 0.83483
vt 0.88986 0.82335
vt 0.95722 0.82571
vt 0.95800 0.83064
vt 0.98601 0.84024
vt 0.98479 0.83483
vt 0.03469 0.62958
vt 0.03267 0.55319
vt 0.02542 0.62750
vt 0.04107 0.55536
vt 0.02888 0.48706
vt 0.04076 0.48796
vt 0.02367 0.46399
vt 0.03620 0.46194
vt 0.05420 0.55486
vt 0.04911 0.63163
vt 0.05357 0.48589
vt 0.04911 0.45790
vt 0.60206 0.70013
vt 0.63108 0.69487
vt 0.59977 0.69489
vt 0.63135 0.70131
vt 0.69406 0.69168
vt 0.69360 0.69826
vt 0.74661 0.66906
vt 0.74787 0.67389
vt 0.75813 0.64769
vt 0.76197 0.65148
vt 0.76698 0.59964
vt 0.75151 0.57043
vt 0.76133 0.59947
vt 0.75618 0.56775
vt 0.68970 0.53909
vt 0.69230 0.53363
vt 0.62441 0.53428
vt 0.62591 0.52942
vt 0.60094 0.53836
vt 0.60206 0.53361
vt 0.38702 0.85116
vt 0.43498 0.76196
vt 0.38673 0.77451
vt 0.43693 0.83672
vt 0.38647 0.91801
vt 0.44546 0.89982
vt 0.38614 0.98060
vt 0.45954 0.96516
vt 0.31761 0.98779
vt 0.31761 0.92501
vt 0.31761 0.86011
vt 0.31761 0.78318
vt 0.38404 0.70771
vt 0.31762 0.71390
vt 0.38570 0.62811
vt 0.31762 0.63348
vt 0.38180 0.56093
vt 0.31761 0.56375
vt 0.31763 0.52678
vt 0.37737 0.52526
vt 0.31765 0.49018
vt 0.37461 0.48761
vt 0.31767 0.45178
vt 0.37049 0.44979
vt 0.36755 0.41262
vt 0.31761 0.42552
vt 0.55319 0.72906
vt 0.55893 0.78409
vt 0.56822 0.78333
vt 0.54858 0.72906
vt 0.43266 0.69941
vt 0.43611 0.62214
vt 0.43619 0.56243
vt 0.43464 0.52739
vt 0.43416 0.48761
vt 0.42868 0.44003
vt 0.48835 0.88847
vt 0.50832 0.95019
vt 0.47296 0.82669
vt 0.46995 0.75336
vt 0.46737 0.69322
vt 0.47347 0.61453
vt 0.48043 0.55598
vt 0.48343 0.52549
vt 0.48691 0.49180
vt 0.48388 0.46008
vt 0.58945 0.83556
vt 0.59698 0.83301
vt 0.42074 0.40869
vt 0.46967 0.42982
vt 0.58063 0.85694
vt 0.57184 0.92914
vt 0.62717 0.90765
vt 0.53787 0.87107
vt 0.55020 0.80151
vt 0.51452 0.81375
vt 0.53771 0.72859
vt 0.50686 0.74306
vt 0.54186 0.66128
vt 0.50668 0.68165
vt 0.55254 0.59334
vt 0.51440 0.60617
vt 0.55930 0.54780
vt 0.52203 0.54973
vt 0.56407 0.52521
vt 0.52550 0.52433
vt 0.56758 0.50547
vt 0.52972 0.49716
vt 0.57288 0.47721
vt 0.53217 0.46814
vt 0.63250 0.87652
vt 0.64334 0.86672
vt 0.64533 0.38108
vt 0.57064 0.43641
vt 0.63013 0.44916
vt 0.58143 0.37012
vt 0.64948 0.32364
vt 0.58844 0.31673
vt 0.64889 0.25812
vt 0.58951 0.25495
vt 0.65106 0.19947
vt 0.59047 0.19900
vt 0.65377 0.13767
vt 0.59709 0.13858
vt 0.64992 0.08868
vt 0.59494 0.09472
vt 0.64995 0.06903
vt 0.59249 0.07607
vt 0.64929 0.05067
vt 0.58991 0.05713
vt 0.64574 0.03067
vt 0.58660 0.03761
vt 0.53705 0.04522
vt 0.57966 0.01362
vt 0.53459 0.03097
vt 0.68857 0.38791
vt 0.68357 0.45312
vt 0.68844 0.32723
vt 0.69258 0.26244
vt 0.69771 0.20154
vt 0.70341 0.13544
vt 0.70248 0.08698
vt 0.70149 0.06754
vt 0.69949 0.04721
vt 0.69683 0.02679
vt 0.68912 0.00100
vt 0.63735 0.00590
vt 0.75992 0.45265
vt 0.75992 0.38733
vt 0.75992 0.33003
vt 0.75993 0.26279
vt 0.75993 0.20402
vt 0.75993 0.13991
vt 0.75993 0.08921
vt 0.75993 0.06771
vt 0.75993 0.05018
vt 0.75993 0.02786
vt 0.75993 0.00282
vt 0.52130 0.44929
vt 0.57418 0.45759
vt 0.53918 0.06675
vt 0.61123 0.01077
vt 0.54078 0.08124
vt 0.54232 0.09785
vt 0.54764 0.13470
vt 0.55093 0.19378
vt 0.55009 0.25334
vt 0.54449 0.31889
vt 0.53866 0.37301
vt 0.53202 0.42741
vt 0.75992 0.46340
vt 0.68071 0.46580
vt 0.62572 0.46010
vt 0.56460 0.44602
vt 0.53071 0.43479
vt 0.63354 0.91635
vt 0.57973 0.93941
vt 0.51248 0.96099
vt 0.46037 0.97675
vt 0.38792 0.99083
vt 0.31761 0.99825
vt 0.68917 0.88501
vt 0.68770 0.87466
vt 0.74081 0.87821
vt 0.73928 0.86948
vt 0.49156 0.37025
vt 0.49161 0.42716
vt 0.50044 0.42784
vt 0.48237 0.38450
vt 0.38952 0.31291
vt 0.44137 0.33703
vt 0.44403 0.32476
vt 0.38853 0.32430
vt 0.31545 0.31806
vt 0.31544 0.32679
vt 0.46645 0.34415
vt 0.18682 0.32472
vt 0.16439 0.34411
vt 0.18948 0.33700
vt 0.13925 0.37022
vt 0.14844 0.38448
vt 0.24136 0.31289
vt 0.24234 0.32427
vt 0.13034 0.42784
vt 0.13918 0.42716
vt 0.68915 0.57313
vt 0.73925 0.58865
vt 0.74079 0.57992
vt 0.68769 0.58348
vt 0.63249 0.58162
vt 0.64333 0.59142
vt 0.24908 0.98060
vt 0.24730 0.99082
vt 0.17568 0.96515
vt 0.17485 0.97674
vt 0.12690 0.95018
vt 0.12274 0.96098
vt 0.06340 0.92913
vt 0.05549 0.93940
vt 0.00805 0.90764
vt 0.00169 0.91633
vt 0.94921 0.43640
vt 0.98913 0.43478
vt 0.98782 0.42741
vt 0.95524 0.44602
vt 0.88972 0.44916
vt 0.89412 0.46010
vt 0.83627 0.45312
vt 0.83914 0.46580
vt 0.11393 0.44931
vt 0.15129 0.46035
vt 0.16555 0.42983
vt 0.10308 0.46814
vt 0.98118 0.37301
vt 0.93842 0.37012
vt 0.97536 0.31890
vt 0.93141 0.31673
vt 0.96976 0.25334
vt 0.93034 0.25495
vt 0.96892 0.19379
vt 0.92938 0.19901
vt 0.97221 0.13471
vt 0.92276 0.13859
vt 0.97753 0.09786
vt 0.92491 0.09473
vt 0.97907 0.08125
vt 0.92736 0.07608
vt 0.98067 0.06677
vt 0.92994 0.05715
vt 0.93325 0.03763
vt 0.88251 0.00591
vt 0.87413 0.03068
vt 0.94020 0.01364
vt 0.90863 0.01078
vt 0.98280 0.04524
vt 0.14686 0.88847
vt 0.09734 0.87106
vt 0.16226 0.82669
vt 0.12069 0.81375
vt 0.16528 0.75336
vt 0.12837 0.74306
vt 0.16786 0.69322
vt 0.12855 0.68165
vt 0.16176 0.61453
vt 0.12083 0.60617
vt 0.15481 0.55598
vt 0.11320 0.54974
vt 0.15178 0.52550
vt 0.10976 0.52434
vt 0.14848 0.49178
vt 0.10552 0.49721
vt 0.06106 0.45761
vt 0.06235 0.47723
vt 0.82305 0.02680
vt 0.83074 0.00101
vt 0.82037 0.04722
vt 0.81836 0.06755
vt 0.81737 0.08699
vt 0.81644 0.13544
vt 0.82214 0.20155
vt 0.82727 0.26244
vt 0.83141 0.32723
vt 0.83128 0.38791
vt 0.87057 0.05068
vt 0.86991 0.06904
vt 0.86993 0.08869
vt 0.86608 0.13768
vt 0.86878 0.19949
vt 0.87096 0.25813
vt 0.87037 0.32364
vt 0.87451 0.38108
vt 0.98526 0.03099
vt 0.58945 0.62257
vt 0.59698 0.62512
vt 0.06766 0.50549
vt 0.07117 0.52522
vt 0.07593 0.54780
vt 0.08269 0.59334
vt 0.09337 0.66128
vt 0.09753 0.72859
vt 0.08503 0.80150
vt 0.05460 0.85693
vt 0.21448 0.40870
vt 0.26489 0.44977
vt 0.26766 0.41262
vt 0.20698 0.44046
vt 0.55893 0.67404
vt 0.56822 0.67480
vt 0.20093 0.48764
vt 0.20063 0.52742
vt 0.19904 0.56243
vt 0.19913 0.62214
vt 0.20257 0.69941
vt 0.20025 0.76196
vt 0.19829 0.83672
vt 0.18976 0.89981
vt 0.26070 0.48770
vt 0.25784 0.52528
vt 0.25344 0.56093
vt 0.24953 0.62811
vt 0.25119 0.70772
vt 0.24850 0.77451
vt 0.24821 0.85116
vt 0.24875 0.91800
vt 0.05802 0.44626
vt 0.06964 0.44038
vt 0.04706 0.45093
vt 0.02647 0.81356
vt 0.03075 0.81850
vt 0.77012 0.62544
vt 0.77664 0.62816
vt 0.39938 0.39443
vt 0.40017 0.38550
vt 0.40068 0.37136
vt 0.06354 0.81613
vt 0.05595 0.81405
vt 0.86173 0.99954
vt 0.77975 0.95659
vt 0.77163 0.98055
vt 0.87567 0.93927
vt 0.94390 0.93599
vt 0.95078 0.95810
vt 0.78125 0.84686
vt 0.75236 0.95826
vt 0.75472 0.84671
vt 0.65770 0.95105
vt 0.66404 0.82154
vt 0.55689 0.92494
vt 0.57285 0.81189
vt 0.95399 0.82580
vt 0.96903 0.93431
vt 0.93017 0.81848
vt 0.85303 0.81605
vt 0.81665 0.75420
vt 0.78750 0.76657
vt 0.71113 0.76337
vt 0.66523 0.75669
vt 0.60348 0.76007
vt 0.92273 0.75496
vt 0.94939 0.76341
vt 0.85476 0.74660
vt 0.86582 0.71966
vt 0.92427 0.72260
vt 0.80673 0.72365
vt 0.78144 0.73080
vt 0.66777 0.72014
vt 0.71963 0.72714
vt 0.59775 0.72714
vt 0.94611 0.72771
vt 0.86173 0.44059
vt 0.76784 0.46889
vt 0.77833 0.49313
vt 0.87837 0.50120
vt 0.95239 0.49862
vt 0.95742 0.47514
vt 0.64978 0.49681
vt 0.55850 0.62899
vt 0.65914 0.61855
vt 0.53990 0.51049
vt 0.75195 0.49400
vt 0.75203 0.60469
vt 0.77920 0.60726
vt 0.86768 0.62317
vt 0.97864 0.50337
vt 0.93800 0.61631
vt 0.96120 0.61400
vt 0.80815 0.68944
vt 0.86289 0.69055
vt 0.77984 0.69403
vt 0.71546 0.69088
vt 0.66768 0.68345
vt 0.60220 0.69042
vt 0.95185 0.68785
vt 0.92352 0.68689
vt 0.58838 0.09015
vt 0.63226 0.06146
vt 0.58468 0.07736
vt 0.63605 0.07564
vt 0.59502 0.14552
vt 0.65750 0.14545
vt 0.65482 0.13279
vt 0.59809 0.15736
vt 0.51509 0.09454
vt 0.51719 0.10930
vt 0.52238 0.17569
vt 0.53117 0.18691
vt 0.44200 0.10520
vt 0.44456 0.12172
vt 0.44413 0.20408
vt 0.45500 0.21724
vt 0.38713 0.11082
vt 0.39127 0.12971
vt 0.37682 0.22838
vt 0.38474 0.24134
vt 0.62137 0.00439
vt 0.56256 0.02145
vt 0.49309 0.03151
vt 0.41199 0.02964
vt 0.34084 0.01688
vt 0.36082 0.22639
vt 0.37464 0.12555
vt 0.03410 0.02320
vt 0.09697 0.03683
vt 0.10130 0.02317
vt 0.03319 0.03745
vt 0.31497 0.11006
vt 0.26659 0.09641
vt 0.26635 0.10849
vt 0.31510 0.09540
vt 0.25765 0.03811
vt 0.31735 0.03219
vt 0.25530 0.02723
vt 0.31499 0.01852
vt 0.32400 0.16996
vt 0.26450 0.17041
vt 0.18167 0.02603
vt 0.17772 0.03829
vt 0.19240 0.10120
vt 0.19395 0.11431
vt 0.19449 0.18027
vt 0.11778 0.11193
vt 0.11968 0.12619
vt 0.12046 0.20183
vt 0.06697 0.12126
vt 0.06861 0.13923
vt 0.06365 0.22988
vt 0.05289 0.12677
vt 0.01918 0.04109
vt 0.87046 0.24322
vt 0.81812 0.38179
vt 0.88195 0.39458
vt 0.84004 0.24461
vt 0.86139 0.06030
vt 0.84953 0.06113
vt 0.89752 0.23951
vt 0.87538 0.05863
vt 0.93972 0.37677
vt 0.78755 0.23435
vt 0.75853 0.31432
vt 0.82130 0.05720
vt 0.90939 0.05511
vt 0.94343 0.21917
vt 0.98932 0.29046
vt 0.69292 0.27204
vt 0.74269 0.20953
vt 0.79997 0.05274
vt 0.82492 0.03451
vt 0.85308 0.05030
vt 0.85166 0.03796
vt 0.41105 0.87036
vt 0.30414 0.92144
vt 0.38917 0.94362
vt 0.34899 0.86755
vt 0.47437 0.97229
vt 0.34758 0.98724
vt 0.25660 0.93001
vt 0.12641 0.93338
vt 0.04284 0.96285
vt 0.16074 0.97229
vt 0.07494 0.74951
vt 0.05291 0.87849
vt 0.11199 0.87672
vt 0.01908 0.76928
vt 0.13764 0.75439
vt 0.18174 0.87043
vt 0.21261 0.91248
vt 0.44729 0.77079
vt 0.38778 0.76996
vt 0.47044 0.87765
vt 0.50036 0.77110
vt 0.48755 0.69081
vt 0.44193 0.66500
vt 0.48122 0.54009
vt 0.43542 0.56523
vt 0.39656 0.66046
vt 0.40005 0.57425
vt 0.38941 0.37452
vt 0.45242 0.41741
vt 0.48678 0.35472
vt 0.41951 0.47332
vt 0.37117 0.52027
vt 0.31036 0.30917
vt 0.24372 0.23340
vt 0.24583 0.29655
vt 0.32046 0.26365
vt 0.41482 0.31919
vt 0.16867 0.26844
vt 0.18391 0.31447
vt 0.12119 0.37771
vt 0.09620 0.31628
vt 0.05419 0.41836
vt 0.01519 0.36881
vt 0.36751 0.41204
vt 0.07837 0.64913
vt 0.04189 0.66522
vt 0.12482 0.64898
vt 0.12754 0.55999
vt 0.07726 0.53638
vt 0.03046 0.52652
vt 0.09952 0.48543
vt 0.14924 0.51687
vt 0.14476 0.41722
vt 0.26297 0.47049
vt 0.32500 0.43330
vt 0.26084 0.44020
vt 0.32154 0.48549
vt 0.19655 0.43810
vt 0.20382 0.48407
vt 0.66642 0.28771
vt 0.50120 0.25641
vt 0.50309 0.28859
vt 0.66335 0.24757
vt 0.62973 0.21834
vt 0.53993 0.21635
vt 0.58539 0.20516
vt 0.51983 0.36339
vt 0.65511 0.35207
vt 0.53810 0.42507
vt 0.64486 0.41144
vt 0.55525 0.45987
vt 0.62177 0.46045
vt 0.24790 0.36513
vt 0.25899 0.91795
vt 0.22595 0.90557
vt 0.29378 0.90924
vt 0.34058 0.85859
vt 0.18853 0.86448
vt 0.37535 0.76322
vt 0.15045 0.75070
vt 0.38405 0.65838
vt 0.38142 0.57537
vt 0.14117 0.65212
vt 0.14276 0.56612
vt 0.35788 0.53020
vt 0.31927 0.49905
vt 0.26163 0.48405
vt 0.20790 0.49548
vt 0.16249 0.52754
vt 0.26248 0.56192
vt 0.26424 0.80392
vt 0.26358 0.73099
vt 0.25799 0.64594
vt 0.31442 0.39987
vt 0.17536 0.45717
vt 0.17231 0.40931
vt 0.31082 0.41959
vt 0.34502 0.36159
vt 0.26301 0.32859
vt 0.45414 0.22100
vt 0.48282 0.26641
vt 0.62779 0.22840
vt 0.81168 0.21606
vt 0.80692 0.24506
vt 0.62755 0.19683
vt 0.86195 0.54829
vt 0.73258 0.69399
vt 0.71216 0.61319
vt 0.88774 0.61013
vt 0.93447 0.28363
vt 0.93030 0.26560
vt 0.95041 0.28061
vt 0.26717 0.61402
vt 0.37893 0.50188
vt 0.42373 0.69806
vt 0.50691 0.58101
vt 0.54984 0.71366
vt 0.96792 0.29925
vt 0.97909 0.29345
vt 0.96289 0.32171
vt 0.96528 0.49161
vt 0.93277 0.45366
vt 0.98059 0.32482
vt 0.86111 0.25659
vt 0.86407 0.23172
vt 0.41239 0.81640
vt 0.16326 0.72461
vt 0.55584 0.81470
vt 0.75613 0.76409
vt 0.92289 0.66509
vt 0.99308 0.51361
vt 0.99022 0.32695
vt 0.98302 0.29104
vt 0.95459 0.27377
vt 0.93642 0.25372
vt 0.87041 0.20489
vt 0.81872 0.18494
vt 0.62516 0.15797
vt 0.40936 0.19184
vt 0.18198 0.31246
vt 0.05736 0.41237
vt 0.02929 0.47980
vt 1.75708 1.25877
vt 1.92000 1.28899
vt 1.75501 1.28799
vt 1.92010 1.25877
vt 1.54633 1.25877
vt 1.54498 1.28850
vt 1.24273 1.28888
vt 1.24414 1.25877
vt 0.96521 1.28868
vt 0.96580 1.25877
vt 2.57510 1.32372
vt 2.61141 1.42467
vt 2.51894 1.33253
vt 2.71536 1.42542
vt 2.42841 1.34674
vt 2.10986 1.42387
vt 2.10569 1.33652
vt 2.44384 1.42347
vt 1.92041 1.42485
vt 1.91983 1.33770
vt 1.54279 1.33641
vt 1.23820 1.42440
vt 1.24046 1.33743
vt 1.54288 1.42441
vt 0.95869 1.42317
vt 0.96426 1.33689
vt 2.61067 1.50957
vt 2.71536 1.51027
vt 2.10992 1.50692
vt 2.44192 1.50844
vt 1.92119 1.50704
vt 1.23857 1.50722
vt 1.54452 1.50842
vt 0.95785 1.50630
vt 2.60947 1.60201
vt 2.71536 1.60429
vt 2.10875 1.59669
vt 2.43877 1.59833
vt 1.92420 1.59371
vt 1.23992 1.59397
vt 1.54528 1.59833
vt 0.97123 1.59528
vt 2.10404 1.28853
vt 2.10301 1.25877
vt 0.74710 1.25877
vt 0.74644 1.28864
vt 0.63989 1.26754
vt 0.63165 1.29413
vt 1.75168 1.33510
vt 1.75354 1.42357
vt 0.74536 1.33679
vt 0.74479 1.42398
vt 0.61837 1.33699
vt 0.61817 1.42492
vt 1.75724 1.50780
vt 0.74096 1.50828
vt 0.61686 1.50959
vt 2.71536 1.72399
vt 2.60951 1.72246
vt 2.43887 1.72000
vt 2.10984 1.71885
vt 1.75985 1.59727
vt 1.75730 1.71928
vt 1.92067 1.71714
vt 1.54790 1.72031
vt 1.24833 1.71800
vt 0.73262 1.60287
vt 0.75906 1.71417
vt 0.96915 1.71886
vt 0.61401 1.60380
vt 0.62306 1.72063
vt 2.66764 1.82509
vt 2.57783 1.83285
vt 2.43304 1.84537
vt 2.10301 1.84537
vt 1.75708 1.84537
vt 1.92010 1.84537
vt 1.54633 1.84537
vt 1.24414 1.84537
vt 0.74710 1.84537
vt 0.96580 1.84537
vt 0.63989 1.83203
vt 0.53283 1.27210
vt 0.52065 1.29699
vt 0.50102 1.33710
vt 0.50102 1.42542
vt 0.50102 1.51027
vt 0.50102 1.60429
vt 0.50102 1.72399
vt 0.53283 1.82509
vt 1.47266 0.28655
vt 1.32550 0.30603
vt 1.32422 0.28327
vt 1.52214 0.30539
vt 1.12629 0.28327
vt 0.93633 0.30664
vt 0.92838 0.28327
vt 1.12861 0.30586
vt 1.32335 0.34444
vt 1.52214 0.34212
vt 0.93423 0.34759
vt 1.12754 0.34407
vt 1.52214 0.41537
vt 1.32056 0.43489
vt 1.32430 0.41512
vt 1.52214 0.43569
vt 1.12712 0.41524
vt 0.93753 0.43431
vt 0.93158 0.41513
vt 1.12767 0.43515
vt 1.52214 0.45474
vt 1.32436 0.47074
vt 1.32334 0.45441
vt 1.52214 0.47125
vt 1.12701 0.45450
vt 0.93413 0.47012
vt 0.93210 0.45411
vt 1.12777 0.47084
vt 1.52214 0.52079
vt 1.32053 0.58718
vt 1.32136 0.52002
vt 1.52214 0.58700
vt 1.12667 0.52043
vt 0.93415 0.58501
vt 0.93274 0.52013
vt 1.12682 0.58654
vt 1.52214 0.64145
vt 1.32914 0.67866
vt 1.32566 0.64145
vt 1.52214 0.67956
vt 1.12556 0.64146
vt 0.91208 0.68117
vt 0.92398 0.64150
vt 1.12345 0.67974
vt 1.31686 0.73976
vt 1.12721 0.73927
vt 0.73045 0.67956
vt 0.93940 0.73883
vt 0.73045 0.73925
vt 1.52214 0.73925
vt 1.32405 0.78826
vt 1.52214 0.78879
vt 0.92807 0.78764
vt 1.12618 0.78837
vt 1.52214 0.89548
vt 1.32010 0.91712
vt 1.32360 0.89487
vt 1.52214 0.91750
vt 1.12667 0.89515
vt 0.93366 0.91650
vt 0.93049 0.89475
vt 1.12659 0.91716
vt 0.77993 0.28655
vt 0.73045 0.30539
vt 1.12765 0.38363
vt 1.32661 0.38351
vt 1.52214 0.38335
vt 0.73045 0.34212
vt 0.73045 0.38335
vt 0.93140 0.38430
vt 0.73045 0.41537
vt 0.73045 0.43569
vt 0.73045 0.45474
vt 1.12851 0.49382
vt 1.31947 0.49355
vt 1.52214 0.49412
vt 0.73045 0.47125
vt 0.73045 0.49412
vt 0.94199 0.49350
vt 0.73045 0.52079
vt 0.73045 0.58700
vt 0.73045 0.64145
vt 1.12703 0.84188
vt 1.32523 0.84119
vt 1.52214 0.84256
vt 0.73045 0.78879
vt 0.73045 0.84256
vt 0.93031 0.84122
vt 0.73045 0.89548
vt 1.12629 0.93359
vt 1.32422 0.93359
vt 1.47266 0.92956
vt 0.73045 0.91750
vt 0.77993 0.92956
vt 0.92838 0.93359
vt 1.53922 0.86803
vt 1.35140 0.84542
vt 1.33746 0.86803
vt 1.53572 0.84491
vt 1.94274 0.81838
vt 1.71307 0.84311
vt 1.94274 0.84555
vt 1.73289 0.81724
vt 1.53856 0.81803
vt 1.34191 0.76142
vt 1.34294 0.81812
vt 1.53959 0.76141
vt 1.73801 0.76082
vt 1.94274 0.76170
vt 1.33313 0.70534
vt 1.53777 0.70457
vt 1.73951 0.70664
vt 1.94274 0.70315
vt 1.54147 0.58558
vt 1.34036 0.53078
vt 1.34184 0.58594
vt 1.53890 0.52957
vt 1.94274 0.58510
vt 1.73683 0.52786
vt 1.74562 0.58618
vt 1.94274 0.52983
vt 1.33951 0.43226
vt 1.53400 0.43160
vt 1.71805 0.42904
vt 1.94274 0.43255
vt 1.33616 0.33672
vt 1.54391 0.33701
vt 1.76105 0.34016
vt 1.94274 0.33559
vt 1.34178 0.29032
vt 1.53933 0.28905
vt 1.73713 0.28900
vt 1.94273 0.28843
vt 1.18613 0.86241
vt 1.13569 0.84555
vt 1.13569 0.81838
vt 1.89230 0.86241
vt 1.74098 0.86803
vt 1.13569 0.76170
vt 1.13569 0.70315
vt 1.13569 0.64459
vt 1.34546 0.64591
vt 1.54376 0.64598
vt 1.75115 0.64882
vt 1.94274 0.64459
vt 1.13570 0.58510
vt 1.13570 0.52983
vt 1.13570 0.43255
vt 1.13569 0.33559
vt 1.13569 0.28843
vt 1.18613 0.27345
vt 1.33745 0.26845
vt 1.53921 0.26845
vt 1.74097 0.26845
vt 1.89229 0.27345
vt 0.52340 0.87807
vt 0.59696 0.92986
vt 0.58869 0.87123
vt 0.52340 0.93938
vt 0.52340 0.81228
vt 0.58796 0.80751
vt 0.52340 0.61790
vt 0.59064 0.67284
vt 0.58872 0.61750
vt 0.52340 0.67434
vt 0.52340 0.56293
vt 0.58593 0.56181
vt 0.52340 0.41189
vt 0.58379 0.44668
vt 0.58382 0.41045
vt 0.52340 0.44910
vt 0.52340 0.28616
vt 0.58948 0.30669
vt 0.58840 0.28606
vt 0.52340 0.30627
vt 0.52340 0.21291
vt 0.59246 0.23658
vt 0.58963 0.21138
vt 0.52340 0.23885
vt 0.52340 0.18515
vt 0.58828 0.18501
vt 0.52340 0.09699
vt 0.59242 0.12020
vt 0.58895 0.09977
vt 0.52340 0.11699
vt 0.53896 0.02595
vt 0.59261 0.04618
vt 0.58567 0.02001
vt 0.52340 0.04378
vt 0.75691 0.96835
vt 0.70524 0.93302
vt 0.71021 0.97882
vt 0.77248 0.93692
vt 0.77248 0.80865
vt 0.70451 0.73531
vt 0.70792 0.80434
vt 0.77248 0.74010
vt 0.70594 0.67219
vt 0.77248 0.67622
vt 0.77248 0.55992
vt 0.70920 0.50082
vt 0.70923 0.56050
vt 0.77248 0.49889
vt 0.70840 0.44477
vt 0.77248 0.44049
vt 0.77248 0.40489
vt 0.71342 0.35567
vt 0.71080 0.40691
vt 0.77248 0.35774
vt 0.71509 0.31517
vt 0.77248 0.32087
vt 0.77248 0.30130
vt 0.71682 0.26735
vt 0.71368 0.29437
vt 0.77248 0.27226
vt 0.71806 0.24048
vt 0.77248 0.24351
vt 0.77248 0.18446
vt 0.71824 0.15128
vt 0.71528 0.18458
vt 0.77248 0.14956
vt 0.71991 0.11689
vt 0.77248 0.11464
vt 0.77248 0.09320
vt 0.71385 0.07021
vt 0.71407 0.09702
vt 0.77248 0.06513
vt 0.71062 0.04484
vt 0.77248 0.03811
vt 0.53896 0.96896
vt 0.58567 0.97882
vt 0.59042 0.73741
vt 0.52340 0.73997
vt 0.58366 0.50332
vt 0.52340 0.50489
vt 0.58270 0.35441
vt 0.52340 0.35229
vt 0.59096 0.26123
vt 0.52340 0.26266
vt 0.58993 0.15296
vt 0.52340 0.15122
vt 0.59052 0.07481
vt 0.52340 0.07311
vt 0.64456 0.97882
vt 0.64738 0.93259
vt 0.64536 0.87028
vt 0.70902 0.86814
vt 0.77248 0.87361
vt 0.64468 0.80569
vt 0.64448 0.73585
vt 0.64507 0.67200
vt 0.64502 0.61686
vt 0.70800 0.61764
vt 0.77248 0.61801
vt 0.64432 0.56088
vt 0.64339 0.50214
vt 0.64317 0.44555
vt 0.64402 0.40841
vt 0.64448 0.35415
vt 0.64780 0.30983
vt 0.64687 0.28900
vt 0.64900 0.26316
vt 0.65004 0.23761
vt 0.64854 0.21158
vt 0.71704 0.21285
vt 0.77248 0.21472
vt 0.64738 0.18480
vt 0.64909 0.15265
vt 0.65067 0.11950
vt 0.64723 0.09935
vt 0.64779 0.07333
vt 0.64750 0.04520
vt 0.64456 0.02001
vt 0.71021 0.02001
vt 0.75691 0.02454
vt 0.68451 0.93686
vt 0.58558 0.96030
vt 0.68451 0.96687
vt 0.58504 0.93454
vt 0.68451 0.82768
vt 0.57800 0.89747
vt 0.68451 0.90019
vt 0.58225 0.82874
vt 0.68451 0.73516
vt 0.58510 0.73674
vt 0.68451 0.62264
vt 0.59354 0.52264
vt 0.58572 0.62549
vt 0.68451 0.52012
vt 0.44400 0.46712
vt 0.58362 0.40195
vt 0.43992 0.40083
vt 0.58815 0.46637
vt 0.57991 0.34228
vt 0.43436 0.33914
vt 0.66045 0.02302
vt 0.58776 0.05706
vt 0.68451 0.05753
vt 0.58828 0.01151
vt 0.44079 0.09831
vt 0.58301 0.14395
vt 0.58655 0.09812
vt 0.44072 0.14425
vt 0.57807 0.20187
vt 0.44181 0.20160
vt 0.29961 0.14407
vt 0.29961 0.20040
vt 0.29961 0.30342
vt 0.43973 0.30319
vt 0.29961 0.34009
vt 0.29961 0.73516
vt 0.44503 0.62541
vt 0.29961 0.62264
vt 0.44361 0.73651
vt 0.44367 0.82868
vt 0.29961 0.82768
vt 0.32366 0.98687
vt 0.46042 0.96023
vt 0.29961 0.96687
vt 0.44395 0.99354
vt 0.29961 0.93686
vt 0.45018 0.93435
vt 0.66045 0.98687
vt 0.58828 0.99354
vt 0.45242 0.89678
vt 0.29961 0.90019
vt 0.44868 0.52679
vt 0.68451 0.46511
vt 0.68451 0.40010
vt 0.58457 0.30417
vt 0.68451 0.30342
vt 0.68451 0.34009
vt 0.58295 0.25831
vt 0.68451 0.25762
vt 0.43913 0.25778
vt 0.68451 0.09836
vt 0.43605 0.05726
vt 0.44395 0.01151
vt 0.68451 0.14407
vt 0.68451 0.20040
vt 0.29961 0.09836
vt 0.29961 0.05753
vt 0.32366 0.02302
vt 0.29961 0.25762
vt 0.29961 0.40010
vt 0.29961 0.46511
vt 0.29961 0.52012
vt -0.48254 0.99931
vt -0.59611 0.96601
vt -0.60030 0.99931
vt -0.48303 0.96706
vt -0.25615 0.99203
vt -0.35651 0.96525
vt -0.35001 0.99931
vt -0.22486 0.97021
vt -0.22486 0.88290
vt -0.35878 0.92498
vt -0.22486 0.92655
vt -0.35827 0.88252
vt -0.72545 0.88290
vt -0.58961 0.92524
vt -0.59389 0.88207
vt -0.72545 0.92655
vt -0.36361 0.83761
vt -0.22486 0.83742
vt -0.35736 0.78247
vt -0.22486 0.78104
vt -0.48149 0.70728
vt -0.59797 0.78000
vt -0.48399 0.78110
vt -0.59881 0.70734
vt -0.22486 0.62461
vt -0.34279 0.55732
vt -0.34643 0.62505
vt -0.22486 0.55731
vt -0.48040 0.62524
vt -0.59454 0.55996
vt -0.59762 0.62591
vt -0.47809 0.55831
vt -0.22486 0.45687
vt -0.35754 0.33061
vt -0.35113 0.45703
vt -0.22486 0.33147
vt -0.34408 0.50666
vt -0.22486 0.50457
vt -0.72545 0.45687
vt -0.59834 0.50777
vt -0.59945 0.45883
vt -0.72545 0.50457
vt -0.48258 0.45766
vt -0.60057 0.33438
vt -0.48503 0.33229
vt -0.72545 0.24104
vt -0.60966 0.25490
vt -0.60384 0.24103
vt -0.72545 0.25478
vt -0.35817 0.25511
vt -0.22486 0.25478
vt -0.22486 0.24104
vt -0.36082 0.22039
vt -0.35491 0.24111
vt -0.22486 0.22044
vt -0.22486 0.17924
vt -0.37915 0.19973
vt -0.22486 0.19984
vt -0.36230 0.17906
vt -0.69416 0.02156
vt -0.60031 0.05861
vt -0.60030 0.00983
vt -0.72545 0.05676
vt -0.72545 0.13803
vt -0.60322 0.10708
vt -0.72545 0.10641
vt -0.60917 0.13767
vt -0.48751 0.15871
vt -0.60699 0.17975
vt -0.48895 0.17938
vt -0.60616 0.15867
vt -0.72545 0.17924
vt -0.60293 0.19968
vt -0.72545 0.19984
vt -0.69416 0.99203
vt -0.72545 0.97021
vt -0.48130 0.92556
vt -0.48275 0.88247
vt -0.59415 0.83600
vt -0.48454 0.83695
vt -0.72545 0.83742
vt -0.22486 0.70646
vt -0.34845 0.70800
vt -0.72545 0.78104
vt -0.72545 0.70646
vt -0.72545 0.62461
vt -0.72545 0.55731
vt -0.47992 0.50644
vt -0.72545 0.33147
vt -0.48543 0.24106
vt -0.48865 0.25493
vt -0.22486 0.15864
vt -0.35872 0.15882
vt -0.25615 0.02156
vt -0.36018 0.06118
vt -0.22486 0.05676
vt -0.35001 0.00983
vt -0.22486 0.10641
vt -0.35885 0.10716
vt -0.22486 0.13803
vt -0.36465 0.13871
vt -0.48254 0.00983
vt -0.48577 0.05886
vt -0.48644 0.10690
vt -0.49052 0.13811
vt -0.72545 0.15864
vt -0.49277 0.19975
vt -0.48722 0.22038
vt -0.60363 0.22032
vt -0.72545 0.22044
vt 0.31690 0.98592
vt 0.46193 0.96296
vt 0.29023 0.96412
vt 0.45023 0.99318
vt 0.62139 0.96218
vt 0.61023 0.99318
vt 0.29023 0.81158
vt 0.45210 0.74466
vt 0.29023 0.74620
vt 0.45553 0.81087
vt 0.71689 0.59366
vt 0.60933 0.68269
vt 0.71689 0.68083
vt 0.60782 0.59486
vt 0.71689 0.81158
vt 0.60861 0.74459
vt 0.61514 0.81148
vt 0.71689 0.74620
vt 0.29023 0.87332
vt 0.45570 0.87290
vt 0.29023 0.51557
vt 0.44820 0.59423
vt 0.44907 0.51598
vt 0.29023 0.59366
vt 0.29023 0.38845
vt 0.45033 0.45835
vt 0.45215 0.38982
vt 0.29023 0.45565
vt 0.29023 0.32489
vt 0.45134 0.32546
vt 0.60326 0.38968
vt 0.60381 0.32498
vt 0.71689 0.25952
vt 0.58922 0.19334
vt 0.59874 0.25880
vt 0.71689 0.19414
vt 0.71689 0.06703
vt 0.60469 0.13248
vt 0.71689 0.12877
vt 0.60702 0.06959
vt 0.60614 0.02189
vt 0.70356 0.02344
vt 0.29023 0.25952
vt 0.46004 0.19633
vt 0.29023 0.19414
vt 0.45236 0.26036
vt 0.29023 0.92054
vt 0.46030 0.91986
vt 0.61743 0.91999
vt 0.71689 0.92054
vt 0.71689 0.96412
vt 0.69023 0.98592
vt 0.71689 0.87332
vt 0.61460 0.87324
vt 0.29023 0.68083
vt 0.44881 0.68086
vt 0.61378 0.51686
vt 0.71689 0.51557
vt 0.61210 0.45782
vt 0.71689 0.45565
vt 0.71689 0.38845
vt 0.71689 0.32489
vt 0.44758 0.12933
vt 0.44920 0.06740
vt 0.45127 0.02034
vt 0.29023 0.06703
vt 0.30357 0.02344
vt 0.29023 0.12877
vt 0.39985 0.88638
vt 0.55533 0.95111
vt 0.56435 0.88583
vt 0.39873 0.94758
vt 0.69672 0.82108
vt 0.69672 0.88608
vt 0.57265 0.82065
vt 0.40506 0.71346
vt 0.57304 0.77643
vt 0.57878 0.71187
vt 0.39946 0.77739
vt 0.69672 0.64232
vt 0.69672 0.71274
vt 0.57904 0.64303
vt 0.57949 0.55490
vt 0.69672 0.55204
vt 0.22405 0.64232
vt 0.40149 0.55100
vt 0.22405 0.55204
vt 0.40288 0.64220
vt 0.40283 0.44358
vt 0.22405 0.44280
vt 0.40926 0.30964
vt 0.59296 0.38007
vt 0.59039 0.30671
vt 0.40422 0.37812
vt 0.22405 0.24329
vt 0.40670 0.24388
vt 0.22405 0.30829
vt 0.25359 0.01939
vt 0.40733 0.05810
vt 0.40130 0.01217
vt 0.22405 0.05731
vt 0.40853 0.17913
vt 0.58596 0.11549
vt 0.41192 0.11415
vt 0.58761 0.17997
vt 0.58582 0.24288
vt 0.69672 0.95108
vt 0.66718 0.98358
vt 0.57855 0.99441
vt 0.40130 0.99441
vt 0.25359 0.98358
vt 0.22405 0.95108
vt 0.22405 0.88608
vt 0.40039 0.82129
vt 0.22405 0.82108
vt 0.69672 0.77774
vt 0.22405 0.71274
vt 0.22405 0.77774
vt 0.58348 0.44559
vt 0.69672 0.44280
vt 0.22405 0.37329
vt 0.69672 0.30829
vt 0.69672 0.37329
vt 0.22405 0.17829
vt 0.22405 0.11328
vt 0.58054 0.05801
vt 0.57855 0.01217
vt 0.66718 0.01939
vt 0.69672 0.05731
vt 0.69672 0.11328
vt 0.69672 0.17829
vt 0.69672 0.24329
vt -0.61587 0.82892
vt -0.20329 0.68083
vt -0.61587 0.67952
vt -0.20075 0.82979
vt 0.21187 0.56618
vt -0.20208 0.56685
vt 0.21187 0.67952
vt -0.61587 0.56618
vt -0.20215 0.50214
vt -0.61587 0.50179
vt 0.21187 0.50179
vt -0.20254 0.44053
vt -0.61587 0.43997
vt -0.61587 0.37815
vt -0.20189 0.31662
vt -0.61587 0.31633
vt -0.20155 0.37908
vt 0.21187 0.31633
vt 0.21187 0.37815
vt -0.20213 0.25458
vt -0.61587 0.25451
vt -0.20286 0.13115
vt -0.61587 0.19269
vt -0.20248 0.19271
vt -0.61587 0.13087
vt 0.21187 0.06906
vt -0.20112 0.06942
vt 0.21187 0.13087
vt -0.61587 0.06906
vt -0.20200 0.00724
vt -0.56414 0.01754
vt 0.16014 0.98089
vt -0.20100 0.93381
vt -0.20200 0.99634
vt 0.21187 0.93453
vt 0.21187 0.82892
vt -0.61587 0.93453
vt -0.56414 0.98089
vt 0.21187 0.43997
vt 0.21187 0.25451
vt 0.21187 0.19269
vt 0.16014 0.01754
vt 0.82787 0.94222
vt 0.51628 0.99120
vt 0.78892 0.98304
vt 0.51212 0.94233
vt 0.51156 0.89295
vt 0.82787 0.84425
vt 0.51368 0.84456
vt 0.82787 0.89324
vt 0.20468 0.94222
vt 0.20468 0.89324
vt 0.82787 0.77894
vt 0.51700 0.77947
vt 0.51593 0.04598
vt 0.20468 0.10339
vt 0.51528 0.10322
vt 0.20468 0.04421
vt 0.51874 0.28755
vt 0.20468 0.33810
vt 0.51783 0.33854
vt 0.20468 0.28708
vt 0.51932 0.43593
vt 0.20468 0.48505
vt 0.51634 0.48458
vt 0.20468 0.43607
vt 0.24363 0.98304
vt 0.20468 0.84425
vt 0.20468 0.77894
vt 0.20468 0.72588
vt 0.51680 0.72619
vt 0.20468 0.60750
vt 0.51657 0.68149
vt 0.51426 0.60814
vt 0.20468 0.68098
vt 0.82787 0.68098
vt 0.82787 0.60750
vt 0.82787 0.72588
vt 0.51533 0.53816
vt 0.82787 0.53811
vt 0.82787 0.48505
vt 0.51781 0.38781
vt 0.82787 0.43607
vt 0.82787 0.38708
vt 0.82787 0.33810
vt 0.82787 0.28708
vt 0.51539 0.17489
vt 0.82787 0.22381
vt 0.82787 0.17483
vt 0.51426 0.22471
vt 0.82787 0.10339
vt 0.51628 0.01155
vt 0.82787 0.04421
vt 0.78892 0.01971
vt 0.24363 0.01972
vt 0.20468 0.17483
vt 0.20468 0.22381
vt 0.20468 0.38708
vt 0.20468 0.53811
vt 0.51196 0.87748
vt 0.24363 0.91773
vt 0.51628 0.92589
vt 0.20468 0.87691
vt 0.51467 0.81185
vt 0.20468 0.81160
vt 0.51512 0.76234
vt 0.20468 0.76262
vt 0.51839 0.28940
vt 0.51738 0.33838
vt 0.20468 0.28912
vt 0.78892 0.91773
vt 0.82787 0.87691
vt 0.20468 0.71363
vt 0.51681 0.71383
vt 0.20468 0.64832
vt 0.51597 0.64864
vt 0.20468 0.57281
vt 0.51609 0.57350
vt 0.82787 0.64832
vt 0.82787 0.57281
vt 0.82787 0.71363
vt 0.82787 0.76262
vt 0.82787 0.81160
vt 0.51837 0.47683
vt 0.82787 0.47689
vt 0.51703 0.38957
vt 0.82787 0.38912
vt 0.82787 0.28912
vt 0.51598 0.18299
vt 0.82787 0.24014
vt 0.82787 0.18299
vt 0.51374 0.24065
vt 0.51644 0.06126
vt 0.82787 0.10952
vt 0.82787 0.06053
vt 0.51494 0.10942
vt 0.20468 0.06053
vt 0.20468 0.10952
vt 0.20468 0.18299
vt 0.20468 0.24014
vt 0.20468 0.38912
vt 0.20468 0.47689
vt 0.20468 0.61363
vt 0.51637 0.66495
vt 0.20468 0.66465
vt 0.51589 0.61406
vt 0.82787 0.66465
vt 0.82787 0.61363
vt 0.51675 0.52603
vt 0.82787 0.52587
vt 0.51936 0.45240
vt 0.82787 0.45239
vt 0.51743 0.28719
vt 0.51644 0.33827
vt 0.51701 0.22508
vt 0.51696 0.04533
vt 0.82787 0.08094
vt 0.51548 0.08114
vt 0.51395 0.15029
vt 0.20468 0.08094
vt 0.20468 0.15034
vt 0.82787 0.91082
vt 0.78892 0.92369
vt 0.51248 0.91075
vt 0.20468 0.91082
vt 0.24363 0.92369
vt 0.51500 0.77896
vt 0.20468 0.84316
vt 0.51453 0.84333
vt 0.51673 0.71396
vt 0.82787 0.84316
vt 0.51601 0.38960
vt 0.82787 0.15033
vt 0.20468 0.45239
vt 0.20468 0.52587
vt 0.20468 0.88444
vt 0.51736 0.88449
vt 0.82787 0.88444
vt 0.20468 0.59118
vt 0.51600 0.66107
vt 0.20468 0.66057
vt 0.51489 0.59181
vt 0.82787 0.66057
vt 0.82787 0.59118
vt 0.51396 0.76245
vt 0.51389 0.81200
vt 0.51708 0.51698
vt 0.82787 0.51770
vt 0.51750 0.41953
vt 0.82787 0.47280
vt 0.51692 0.47251
vt 0.82787 0.41974
vt 0.51730 0.37128
vt 0.82787 0.37076
vt 0.51499 0.22213
vt 0.82787 0.27279
vt 0.51683 0.27310
vt 0.82787 0.22177
vt 0.51652 0.15799
vt 0.82787 0.15850
vt 0.20468 0.08503
vt 0.51759 0.08595
vt 0.20468 0.15850
vt 0.20468 0.47280
vt 0.20468 0.51770
vt 0.82787 0.90956
vt 0.51417 0.95880
vt 0.51447 0.90984
vt 0.82787 0.95855
vt 0.51482 0.86085
vt 0.82787 0.86058
vt 0.20468 0.95855
vt 0.20468 0.90956
vt 0.20468 0.86058
vt 0.51677 0.71414
vt 0.82787 0.32177
vt 0.51910 0.32219
vt 0.82787 0.08502
vt 0.78892 0.02380
vt 0.24363 0.02380
vt 0.20468 0.22177
vt 0.20468 0.27279
vt 0.20468 0.32177
vt 0.20468 0.37076
vt 0.20468 0.41974
vt 0.24227 0.89549
vt 0.40708 0.93818
vt 0.40321 0.89552
vt 0.24227 0.93958
vt 0.63954 0.97264
vt 0.55294 0.93504
vt 0.56008 0.98366
vt 0.66602 0.93958
vt 0.24227 0.31412
vt 0.39317 0.23653
vt 0.24227 0.23421
vt 0.39718 0.31383
vt 0.40013 0.41082
vt 0.56049 0.47905
vt 0.55607 0.41082
vt 0.40178 0.47867
vt 0.40091 0.63102
vt 0.56306 0.56259
vt 0.40328 0.56194
vt 0.56012 0.63148
vt 0.55703 0.69849
vt 0.39904 0.69784
vt 0.66602 0.89549
vt 0.55776 0.83054
vt 0.55746 0.89469
vt 0.66602 0.82937
vt 0.55830 0.76592
vt 0.66602 0.76324
vt 0.39467 0.16923
vt 0.54184 0.23755
vt 0.54602 0.16913
vt 0.39736 0.10281
vt 0.55031 0.10303
vt 0.53985 0.06116
vt 0.39473 0.05991
vt 0.26876 0.97264
vt 0.40118 0.98366
vt 0.40315 0.83052
vt 0.24227 0.82937
vt 0.40575 0.76493
vt 0.24227 0.76324
vt 0.24227 0.69711
vt 0.24227 0.63098
vt 0.24227 0.56210
vt 0.24227 0.47668
vt 0.24227 0.41056
vt 0.24227 0.16809
vt 0.24227 0.10196
vt 0.24227 0.05787
vt 0.26876 0.02481
vt 0.40118 0.01379
vt 0.66602 0.41056
vt 0.66602 0.47668
vt 0.66602 0.56210
vt 0.66602 0.63098
vt 0.66602 0.69711
vt 0.54752 0.31371
vt 0.66602 0.31412
vt 0.66602 0.16809
vt 0.66602 0.23421
vt 0.66602 0.10196
vt 0.56008 0.01379
vt 0.63953 0.02481
vt 0.66602 0.05787
vt 0.21940 0.87345
vt 0.34233 0.93626
vt 0.21940 0.93958
vt 0.33933 0.87386
vt 0.65955 0.97264
vt 0.51902 0.93772
vt 0.68889 0.93958
vt 0.51283 0.98366
vt 0.51157 0.80837
vt 0.35153 0.76482
vt 0.50677 0.76568
vt 0.34121 0.80805
vt 0.51389 0.63094
vt 0.33511 0.69821
vt 0.33600 0.63195
vt 0.51281 0.69722
vt 0.33827 0.56636
vt 0.51468 0.56496
vt 0.33623 0.49860
vt 0.51233 0.49890
vt 0.21940 0.44913
vt 0.33565 0.35709
vt 0.33621 0.44963
vt 0.21940 0.35545
vt 0.33650 0.25877
vt 0.21940 0.25626
vt 0.50568 0.10297
vt 0.33510 0.05966
vt 0.49808 0.06067
vt 0.33540 0.10286
vt 0.68889 0.80732
vt 0.68889 0.76324
vt 0.24875 0.97264
vt 0.33677 0.98366
vt 0.51424 0.87431
vt 0.68889 0.87345
vt 0.21940 0.80732
vt 0.21940 0.69711
vt 0.21940 0.76324
vt 0.21940 0.63098
vt 0.21940 0.56485
vt 0.51149 0.44959
vt 0.21940 0.49873
vt 0.50761 0.35664
vt 0.49531 0.25758
vt 0.50197 0.17180
vt 0.33436 0.17231
vt 0.21940 0.17084
vt 0.21940 0.10196
vt 0.51283 0.01379
vt 0.33677 0.01379
vt 0.24875 0.02481
vt 0.21940 0.05787
vt 0.68889 0.56485
vt 0.68889 0.49873
vt 0.68889 0.44913
vt 0.68889 0.63098
vt 0.68889 0.69711
vt 0.68889 0.35545
vt 0.68889 0.25626
vt 0.68889 0.17084
vt 0.68889 0.10196
vt 0.68889 0.05787
vt 0.65954 0.02481
vt -0.01635 0.85621
vt 0.40017 0.79577
vt -0.00540 0.79616
vt 0.40017 0.85608
vt -0.00021 0.67629
vt 0.40017 0.61482
vt -0.00260 0.61498
vt 0.40017 0.67513
vt -0.40718 0.39366
vt -0.00206 0.33363
vt -0.40718 0.33334
vt -0.00261 0.39425
vt 0.40017 0.33334
vt 0.40017 0.39366
vt 0.40017 0.27303
vt -0.00110 0.27324
vt -0.40718 0.27303
vt -0.00604 0.05357
vt -0.40718 0.11219
vt -0.00112 0.11285
vt -0.40718 0.05187
vt -0.40718 0.19261
vt -0.00437 0.19280
vt 0.40018 0.11219
vt 0.40018 0.19261
vt 0.40017 0.05187
vt -0.00350 0.97671
vt -0.40718 0.91640
vt -0.35672 0.96666
vt -0.00970 0.91646
vt 0.34971 0.96666
vt 0.40017 0.91640
vt -0.40718 0.85608
vt -0.40718 0.79577
vt 0.40017 0.73042
vt -0.00280 0.73086
vt -0.40718 0.73042
vt -0.40718 0.61482
vt -0.40718 0.67513
vt -0.40718 0.55450
vt -0.00320 0.55402
vt -0.00352 0.49924
vt -0.40718 0.49921
vt 0.40017 0.45398
vt -0.00388 0.45456
vt 0.40017 0.49921
vt -0.40718 0.45398
vt 0.40017 0.55450
vt -0.35672 0.02171
vt -0.00350 0.01166
vt 0.34971 0.02171
vt -0.00336 0.73544
vt 0.40017 0.73545
vt -0.00780 0.79567
vt -0.40718 0.64498
vt -0.40718 0.73545
vt -0.00051 0.64518
vt -0.00388 0.55593
vt -0.00298 0.49968
vt -0.00152 0.43174
vt 0.40017 0.43136
vt -0.40718 0.43136
vt -0.40718 0.20517
vt -0.00266 0.29332
vt -0.40718 0.29313
vt -0.00310 0.20519
vt -0.35672 0.96163
vt -0.00771 0.88638
vt -0.40718 0.88624
vt 0.40017 0.88624
vt 0.34971 0.96163
vt 0.40017 0.64498
vt 0.00010 0.35431
vt -0.40718 0.35345
vt 0.40017 0.35345
vt 0.40017 0.29313
vt -0.40718 0.07197
vt -0.00455 0.07313
vt -0.40718 0.13229
vt 0.00081 0.13301
vt 0.40018 0.20517
vt 0.40017 0.07197
vt 0.40018 0.13229
vt 0.12100 0.92905
vt 0.45750 0.83836
vt 0.12100 0.83749
vt 0.45439 0.92843
vt 0.45741 0.74620
vt 0.12100 0.74593
vt 0.12100 0.68489
vt 0.45746 0.59447
vt 0.12100 0.59333
vt 0.46027 0.68447
vt 0.45693 0.50747
vt 0.12100 0.50686
vt 0.44322 0.21717
vt 0.12100 0.27796
vt 0.44652 0.27741
vt 0.12099 0.21692
vt 0.78932 0.15588
vt 0.44743 0.15692
vt 0.78932 0.21692
vt 0.44429 0.38050
vt 0.78932 0.33900
vt 0.44958 0.33897
vt 0.78932 0.37969
vt 0.78932 0.50686
vt 0.78932 0.59333
vt 0.45516 0.99009
vt 0.16277 0.97483
vt 0.78932 0.92905
vt 0.78932 0.83749
vt 0.74755 0.97483
vt 0.78932 0.74593
vt 0.78932 0.68489
vt 0.45658 0.44116
vt 0.12100 0.44073
vt 0.12100 0.33900
vt 0.12100 0.37969
vt 0.12099 0.15588
vt 0.12099 0.09484
vt 0.45065 0.09561
vt 0.16276 0.02363
vt 0.44712 0.05562
vt 0.45515 0.01345
vt 0.12099 0.05415
vt 0.78932 0.09484
vt 0.78932 0.27796
vt 0.78932 0.05414
vt 0.74755 0.02363
vt 0.78932 0.44073
vt 0.39859 0.73771
vt 0.15271 0.85212
vt 0.39906 0.85144
vt 0.15271 0.73781
vt 0.15271 0.66344
vt 0.40130 0.57759
vt 0.15271 0.57707
vt 0.40056 0.66420
vt 0.64627 0.66344
vt 0.64627 0.73781
vt 0.64627 0.85212
vt 0.39959 0.45215
vt 0.64627 0.39474
vt 0.39710 0.39537
vt 0.64627 0.45231
vt 0.39252 0.16482
vt 0.15271 0.25079
vt 0.39533 0.25066
vt 0.15271 0.16442
vt 0.39949 0.98702
vt 0.18356 0.96336
vt 0.61543 0.96336
vt 0.64627 0.57707
vt 0.15271 0.49550
vt 0.40019 0.49563
vt 0.64627 0.49550
vt 0.15271 0.39474
vt 0.15271 0.45231
vt 0.15271 0.33236
vt 0.39721 0.33255
vt 0.64627 0.33236
vt 0.15271 0.09005
vt 0.39726 0.09062
vt 0.18356 0.03967
vt 0.39949 0.03007
vt 0.64627 0.25079
vt 0.64627 0.16442
vt 0.64627 0.09005
vt 0.61543 0.03967
vt 0.94893 0.95096
vt 0.48764 0.98813
vt 0.89127 0.97884
vt 0.48430 0.95141
vt 0.48764 0.48634
vt 0.02634 0.54210
vt 0.48764 0.54210
vt 0.02634 0.48402
vt 0.48764 0.41200
vt 0.02634 0.41200
vt 0.48764 0.27262
vt 0.02634 0.35625
vt 0.48764 0.35624
vt 0.02634 0.27494
vt 0.48764 0.20757
vt 0.02634 0.20757
vt 0.48831 0.83951
vt 0.94893 0.89521
vt 0.94893 0.83945
vt 0.48621 0.89541
vt 0.02634 0.89521
vt 0.02634 0.95096
vt 0.08401 0.97884
vt 0.02634 0.83945
vt 0.02634 0.76511
vt 0.49195 0.80229
vt 0.48764 0.76511
vt 0.02634 0.80228
vt 0.48764 0.70936
vt 0.02634 0.70936
vt 0.94893 0.70936
vt 0.94893 0.76511
vt 0.94893 0.80228
vt 0.02634 0.59785
vt 0.48764 0.65360
vt 0.48764 0.59785
vt 0.02634 0.65360
vt 0.94893 0.65360
vt 0.94893 0.59785
vt 0.94893 0.54210
vt 0.94893 0.48402
vt 0.94893 0.41200
vt 0.94893 0.35625
vt 0.94893 0.27494
vt 0.48764 0.15182
vt 0.94893 0.20757
vt 0.94893 0.15182
vt 0.48764 0.07748
vt 0.94893 0.07748
vt 0.48764 0.02172
vt 0.89127 0.03101
vt 0.02634 0.15182
vt 0.02634 0.07748
vt 0.08401 0.03101
vt 0.64892 0.02001
vt 0.75708 0.02454
vt 0.65075 0.04152
vt 0.53913 0.02595
vt 0.64892 0.97882
vt 0.75708 0.96835
vt 0.65030 0.93589
vt 0.64935 0.87443
vt 0.64890 0.80993
vt 0.64861 0.73983
vt 0.64881 0.67513
vt 0.64898 0.61818
vt 0.64867 0.56170
vt 0.64810 0.50246
vt 0.64792 0.44562
vt 0.64858 0.40866
vt 0.64901 0.35528
vt 0.65140 0.31387
vt 0.65068 0.29386
vt 0.65228 0.26753
vt 0.65294 0.24132
vt 0.65182 0.21386
vt 0.65097 0.18482
vt 0.65222 0.15039
vt 0.65344 0.11569
vt 0.65088 0.09499
vt 0.65122 0.06902
vt 0.53913 0.96896
vt -0.72545 0.95565
vt -0.28744 0.99203
vt -0.66288 0.99203
vt -0.22486 0.95565
vt -0.66288 0.02156
vt -0.28743 0.02156
vt -0.22486 0.91200
vt -0.72545 0.91200
vt 0.47730 0.96506
vt 0.65716 0.98687
vt 0.47234 0.99354
vt 0.47422 0.89830
vt 0.47405 0.93594
vt 0.47234 0.01151
vt 0.65716 0.02302
vt 0.46869 0.05800
vt 0.47059 0.09848
vt 0.46986 0.14404
vt 0.46922 0.20013
vt 0.46963 0.30359
vt 0.46637 0.34037
vt 0.47243 0.46552
vt 0.47604 0.52153
vt 0.47151 0.73595
vt 0.47086 0.82816
vt 0.32038 0.02302
vt 0.32038 0.98687
vt 0.46892 0.25783
vt 0.46951 0.40026
vt 0.47244 0.62407
vt 0.66356 0.98592
vt 0.34357 0.98592
vt 0.69023 0.02344
vt 0.31690 0.02344
vt 0.28313 0.98358
vt 0.63763 0.98358
vt 0.63763 0.01939
vt 0.28313 0.01939
vt -0.51240 0.98089
vt 0.10840 0.98089
vt 0.10840 0.01754
vt -0.51240 0.01754
vt 0.28258 0.01972
vt 0.74997 0.01971
vt 0.28258 0.98304
vt 0.74997 0.98304
vt 0.28258 0.91773
vt 0.74997 0.91773
vt 0.74997 0.92369
vt 0.28258 0.92369
vt 0.74997 0.02380
vt 0.28258 0.02380
vt 0.61305 0.97264
vt 0.29524 0.97264
vt 0.61305 0.02481
vt 0.29524 0.02481
vt 0.27809 0.97264
vt 0.63020 0.97264
vt 0.27809 0.02481
vt 0.63020 0.02481
vt 0.29925 0.96666
vt -0.30626 0.96666
vt 0.29926 0.02171
vt -0.30626 0.02171
vt -0.30626 0.96163
vt 0.29925 0.96163
vt 0.70578 0.97483
vt 0.20454 0.97483
vt 0.78932 0.42038
vt 0.12100 0.42038
vt 0.12100 0.46108
vt 0.78932 0.46108
vt 0.70578 0.02363
vt 0.20453 0.02363
vt 0.58458 0.96337
vt 0.21441 0.96336
vt 0.64627 0.66344
vt 0.15271 0.49550
vt 0.58458 0.03967
vt 0.21441 0.03967
vt 0.83361 0.75582
vt 0.14167 0.75582
vt 0.14167 0.03101
vt 0.83361 0.03101
vt 0.24227 0.28907
vt 0.40535 0.31270
vt 0.40321 0.28910
vt 0.24227 0.31347
vt 0.63954 0.36622
vt 0.55294 0.32861
vt 0.56008 0.37724
vt 0.66602 0.33315
vt 0.40091 0.02460
vt 0.55703 0.09207
vt 0.56012 0.02505
vt 0.39904 0.09141
vt 0.66602 0.28907
vt 0.55776 0.22412
vt 0.55746 0.28827
vt 0.66602 0.22294
vt 0.55830 0.15949
vt 0.66602 0.15681
vt 0.26876 0.36622
vt 0.40708 0.33176
vt 0.24227 0.33315
vt 0.40118 0.37724
vt 0.55496 0.31060
vt 0.66602 0.31347
vt 0.40315 0.22409
vt 0.24227 0.22294
vt 0.40575 0.15851
vt 0.24227 0.15681
vt 0.24227 0.09069
vt 0.24227 0.02456
vt 0.66602 0.02456
vt 0.66602 0.09069
vt 0.50294 0.31270
vt 0.50508 0.28910
vt 0.35535 0.32861
vt 0.26876 0.36622
vt 0.34821 0.37724
vt 0.35126 0.09207
vt 0.50739 0.02460
vt 0.34817 0.02505
vt 0.50925 0.09141
vt 0.35053 0.22412
vt 0.35083 0.28827
vt 0.24227 0.22294
vt 0.34999 0.15949
vt 0.50121 0.33176
vt 0.63954 0.36622
vt 0.50711 0.37724
vt 0.35333 0.31060
vt 0.50514 0.22409
vt 0.66602 0.22294
vt 0.50254 0.15851
vt 0.25450 0.15926
vt 0.24911 0.13043
vt 0.26263 0.14053
vt 0.26591 0.17488
vt 0.27321 0.07579
vt 0.28686 0.13511
vt 0.25333 0.10678
vt 0.30607 0.13000
vt 0.30595 0.06362
vt 0.19192 0.19145
vt 0.22948 0.20854
vt 0.14693 0.22972
vt 0.20160 0.25081
vt 0.08341 0.33023
vt 0.15864 0.36181
vt 0.12323 0.47437
vt 0.03961 0.45441
vt 0.04166 0.58240
vt 0.12861 0.59005
vt 0.21018 0.77301
vt 0.25642 0.80789
vt 0.16444 0.78157
vt 0.18442 0.73677
vt 0.12528 0.74226
vt 0.08864 0.70488
vt 0.15639 0.70524
vt 0.30711 0.68752
vt 0.30717 0.71916
vt 0.23458 0.72688
vt 0.22165 0.69317
vt 0.30697 0.61391
vt 0.20772 0.62303
vt 0.30673 0.48550
vt 0.30691 0.58116
vt 0.20444 0.58379
vt 0.19696 0.48472
vt 0.30656 0.39273
vt 0.22638 0.37890
vt 0.30634 0.27516
vt 0.24807 0.26563
vt 0.30628 0.24012
vt 0.26532 0.21665
vt 0.30620 0.20112
vt 0.28464 0.18988
vt 0.04329 0.63519
vt 0.13113 0.63544
vt 0.87945 0.36797
vt 0.89396 0.24480
vt 0.90947 0.25077
vt 0.89791 0.37293
vt 0.91726 0.14338
vt 0.90072 0.13863
vt 0.90808 0.07991
vt 0.92431 0.08968
vt 0.91652 0.02020
vt 0.93290 0.01982
vt 0.41762 0.87961
vt 0.43657 0.87078
vt 0.43747 0.87756
vt 0.41036 0.89079
vt 0.46292 0.86783
vt 0.46226 0.87470
vt 0.49939 0.87538
vt 0.49796 0.86380
vt 0.53294 0.86248
vt 0.53294 0.87389
vt 0.89472 0.49743
vt 0.86877 0.48756
vt 0.86452 0.53717
vt 0.88895 0.54913
vt 0.87892 0.63356
vt 0.84925 0.62362
vt 0.84535 0.68031
vt 0.88027 0.68808
vt 0.87503 0.74761
vt 0.91250 0.84941
vt 0.86146 0.87262
vt 0.84133 0.75204
vt 0.30724 0.75800
vt 0.30733 0.80523
vt 0.24969 0.76435
vt 0.93290 0.90321
vt 0.87094 0.91524
vt 0.81928 0.92324
vt 0.81034 0.88570
vt 0.80221 0.74537
vt 0.80526 0.65855
vt 0.81181 0.60312
vt 0.83254 0.51586
vt 0.83820 0.46789
vt 0.85847 0.35870
vt 0.87434 0.23676
vt 0.87939 0.13557
vt 0.88913 0.07756
vt 0.90056 0.01779
vt 0.40864 0.86559
vt 0.43543 0.86153
vt 0.46223 0.85863
vt 0.49772 0.85627
vt 0.53293 0.85536
vt 0.34955 0.14037
vt 0.36304 0.13022
vt 0.35776 0.15907
vt 0.34640 0.17474
vt 0.32530 0.13503
vt 0.33874 0.07567
vt 0.35873 0.10658
vt 0.42045 0.19103
vt 0.38296 0.20826
vt 0.46558 0.22913
vt 0.41099 0.25042
vt 0.52947 0.32940
vt 0.45436 0.36126
vt 0.49019 0.47369
vt 0.57374 0.45341
vt 0.57216 0.58142
vt 0.48524 0.58938
vt 0.40436 0.77265
vt 0.45013 0.78104
vt 0.35824 0.80770
vt 0.52565 0.70406
vt 0.48914 0.74158
vt 0.42999 0.73631
vt 0.45789 0.70468
vt 0.37979 0.72661
vt 0.39259 0.69286
vt 0.40626 0.62266
vt 0.40939 0.58340
vt 0.41650 0.48431
vt 0.38669 0.37860
vt 0.36458 0.26542
vt 0.34714 0.21650
vt 0.32772 0.18980
vt 0.57073 0.63421
vt 0.48289 0.63478
vt 0.73415 0.69360
vt 0.71860 0.69956
vt 0.70425 0.57643
vt 0.72269 0.57149
vt 0.74191 0.80135
vt 0.72528 0.80613
vt 0.74903 0.85526
vt 0.73265 0.86525
vt 0.75824 0.92474
vt 0.74239 0.92466
vt 0.62846 0.87751
vt 0.62936 0.87071
vt 0.64834 0.87958
vt 0.65561 0.89079
vt 0.60364 0.87465
vt 0.60297 0.86778
vt 0.56792 0.86377
vt 0.56650 0.87536
vt 0.69371 0.45698
vt 0.71964 0.44715
vt 0.70401 0.31122
vt 0.71393 0.39553
vt 0.68953 0.40745
vt 0.67438 0.32111
vt 0.67055 0.26452
vt 0.70543 0.25680
vt 0.68688 0.07255
vt 0.73781 0.09578
vt 0.70027 0.19736
vt 0.66663 0.19290
vt 0.36481 0.76414
vt 0.69640 0.03001
vt 0.75824 0.04209
vt 0.64484 0.02196
vt 0.63586 0.05943
vt 0.62757 0.19950
vt 0.63051 0.28618
vt 0.63698 0.34154
vt 0.65757 0.42868
vt 0.66316 0.47659
vt 0.68328 0.58567
vt 0.69899 0.70757
vt 0.70379 0.80914
vt 0.71336 0.86748
vt 0.73045 0.92500
vt 0.63049 0.86145
vt 0.65156 0.87032
vt 0.60366 0.85857
vt 0.56815 0.85624
vt 0.94498 0.76075
vt 0.99900 0.84302
vt 0.94498 0.84302
vt 0.99900 0.76075
vt 0.99900 0.92247
vt 0.94498 0.92247
vt 0.99900 0.99900
vt 0.94498 0.99900
vt 0.94454 0.08802
vt 0.86987 0.14204
vt 0.86987 0.08802
vt 0.94454 0.14204
vt 0.79520 0.14205
vt 0.79520 0.08802
vt 0.71867 0.14205
vt 0.71867 0.08802
vt 0.63922 0.14205
vt 0.63922 0.08802
vt 0.55695 0.14205
vt 0.55695 0.08802
vt 0.47299 0.14205
vt 0.47299 0.08803
vt 0.38903 0.14205
vt 0.38903 0.08803
vt 0.30676 0.14205
vt 0.30676 0.08803
vt 0.22731 0.14205
vt 0.22731 0.08802
vt 0.15077 0.14205
vt 0.15077 0.08802
vt 0.07611 0.14205
vt 0.07611 0.08802
vt 0.00144 0.14204
vt 0.00144 0.08802
vt 0.94498 0.35457
vt 0.99900 0.43110
vt 0.94498 0.43110
vt 0.99900 0.35457
vt 0.99900 0.51055
vt 0.94498 0.51055
vt 0.99900 0.59282
vt 0.94498 0.59282
vt 0.99900 0.67678
vt 0.94498 0.67678
vt 0.13753 0.55075
vt 0.21650 0.52769
vt 0.26749 0.76324
vt 0.07128 0.59461
vt 0.02423 0.65497
vt 0.00100 0.72593
vt 0.00385 0.80054
vt 0.03251 0.87151
vt 0.08417 0.93187
vt 0.15378 0.97572
vt 0.23451 0.99878
vt 0.31848 0.99878
vt 0.39745 0.97572
vt 0.46370 0.93187
vt 0.51074 0.87150
vt 0.53398 0.80054
vt 0.53112 0.72593
vt 0.50246 0.65497
vt 0.45080 0.59460
vt 0.38120 0.55075
vt 0.30046 0.52769
vt 0.56003 0.62173
vt 0.48106 0.59868
vt 0.61102 0.38619
vt 0.41481 0.55482
vt 0.36777 0.49446
vt 0.34453 0.42350
vt 0.34738 0.34889
vt 0.37604 0.27792
vt 0.42770 0.21756
vt 0.49731 0.17370
vt 0.57804 0.15065
vt 0.66201 0.15064
vt 0.74098 0.17370
vt 0.80723 0.21755
vt 0.85427 0.27792
vt 0.87751 0.34888
vt 0.87466 0.42349
vt 0.84600 0.49445
vt 0.79434 0.55482
vt 0.72473 0.59867
vt 0.64400 0.62173
vt 0.30676 0.02915
vt 0.22731 0.02915
vt 0.38903 0.02915
vt 0.47299 0.02915
vt 0.55695 0.02915
vt 0.63922 0.02915
vt 0.71867 0.02915
vt 0.79520 0.02915
vt 0.86987 0.02915
vt 0.94454 0.02915
vt 0.88611 0.92247
vt 0.88611 0.99900
vt 0.88611 0.84302
vt 0.88611 0.76075
vt 0.88611 0.67678
vt 0.88611 0.59282
vt 0.88611 0.51055
vt 0.88611 0.43110
vt 0.88611 0.35457
vt 0.07611 0.02915
vt 0.00144 0.02915
vt 0.15078 0.02915
# 5882 texture vertices

usemtl Tex_0032_0.png
f 2/3 1/2 3/1
f 3/1 1/2 4/4
f 1/2 5/5 4/4
f 4/4 5/5 6/6
f 8/9 7/8 9/7
f 9/7 7/8 4/4
f 11/11 10/10 4/4
f 6/6 12/12 4/4
f 4/4 12/12 9/7
f 4/4 10/10 13/13
f 15/16 14/15 16/14
f 16/14 14/15 17/17
f 19/20 18/19 20/18
f 20/18 18/19 21/21
f 22/22 11/11 7/8
f 7/8 11/11 4/4
f 23/23 3/1 13/13
f 13/13 3/1 4/4
f 25/26 24/25 26/24
f 26/24 24/25 27/27
f 29/30 28/29 30/28
f 30/28 28/29 31/31
f 33/34 32/33 34/32
f 34/32 32/33 35/35
f 37/37 36/36 33/34
f 33/34 36/36 32/33
f 38/39 36/36 39/38
f 39/38 36/36 37/37
f 41/42 40/41 42/40
f 42/40 40/41 43/43
f 6/45 5/44 15/16
f 15/16 5/44 14/15
f 1/47 2/46 19/20
f 19/20 2/46 18/19
f 27/27 24/25 12/48
f 12/48 24/25 9/49
f 31/31 28/29 8/50
f 8/50 28/29 7/51
f 35/35 32/33 22/52
f 22/52 32/33 11/53
f 32/33 36/36 11/53
f 11/53 36/36 10/54
f 13/55 10/54 38/39
f 38/39 10/54 36/36
f 3/57 23/56 41/42
f 41/42 23/56 40/41
f 45/60 44/59 46/58
f 44/59 45/60 47/61
f 48/63 46/58 49/62
f 49/62 46/58 50/64
f 51/65 45/60 48/63
f 48/63 45/60 46/58
f 50/64 46/58 52/66
f 52/66 46/58 44/59
f 44/59 53/68 54/67
f 55/70 54/67 56/69
f 56/69 54/67 53/68
f 52/66 44/59 57/71
f 57/71 44/59 54/67
f 44/59 47/61 53/68
f 58/72 57/71 55/70
f 55/70 57/71 54/67
f 59/74 52/66 60/73
f 60/73 52/66 57/71
f 62/76 61/75 59/74
f 63/77 60/73 58/72
f 58/72 60/73 57/71
f 64/79 61/75 65/78
f 65/78 61/75 62/76
f 60/73 63/77 62/76
f 62/76 63/77 65/78
f 62/76 59/74 60/73
f 52/66 59/74 50/64
f 50/64 59/74 66/80
f 68/82 67/81 64/79
f 64/79 67/81 61/75
f 67/81 59/74 61/75
f 49/62 50/64 69/83
f 69/83 50/64 66/80
f 69/83 66/80 68/82
f 68/82 66/80 67/81
f 66/80 59/74 67/81
f 70/86 51/85 71/84
f 45/60 51/65 47/61
f 47/61 51/65 70/87
f 48/88 71/84 51/85
f 72/90 71/84 49/89
f 49/89 71/84 48/88
f 70/86 71/84 56/91
f 55/92 56/91 71/84
f 47/61 70/87 53/68
f 53/68 70/87 56/69
f 55/92 71/84 58/93
f 58/93 71/84 72/90
f 64/96 65/95 73/94
f 72/90 73/94 58/93
f 58/93 73/94 63/97
f 63/97 73/94 65/95
f 64/96 73/94 68/98
f 73/94 72/90 69/99
f 69/99 72/90 49/89
f 69/99 68/98 73/94
f 75/102 74/101 76/100
f 76/100 74/101 77/103
f 79/105 78/104 75/102
f 75/102 78/104 74/101
f 81/107 80/106 79/105
f 79/105 80/106 78/104
f 83/109 82/108 81/107
f 81/107 82/108 80/106
f 85/111 84/110 83/109
f 83/109 84/110 82/108
f 87/113 86/112 85/111
f 85/111 86/112 84/110
f 89/115 88/114 87/113
f 87/113 88/114 86/112
f 76/100 77/103 89/115
f 89/115 77/103 88/114
f 77/103 74/101 90/116
f 74/101 78/104 90/116
f 78/104 80/106 90/116
f 80/106 82/108 90/116
f 82/108 84/110 90/116
f 84/110 86/112 90/116
f 86/112 88/114 90/116
f 88/114 77/103 90/116
f 92/119 91/118 93/117
f 93/117 91/118 94/120
f 96/122 95/121 92/119
f 92/119 95/121 91/118
f 98/124 97/123 96/122
f 96/122 97/123 95/121
f 100/126 99/125 98/124
f 98/124 99/125 97/123
f 102/128 101/127 100/126
f 100/126 101/127 99/125
f 104/130 103/129 102/128
f 102/128 103/129 101/127
f 106/132 105/131 104/130
f 104/130 105/131 103/129
f 93/117 94/120 106/132
f 106/132 94/120 105/131
f 108/135 107/134 109/133
f 109/133 107/134 110/136
f 112/138 111/137 108/135
f 108/135 111/137 107/134
f 114/140 113/139 112/138
f 112/138 113/139 111/137
f 116/142 115/141 114/140
f 114/140 115/141 113/139
f 118/144 117/143 116/142
f 116/142 117/143 115/141
f 120/146 119/145 118/144
f 118/144 119/145 117/143
f 122/148 121/147 120/146
f 120/146 121/147 119/145
f 109/133 110/136 122/148
f 122/148 110/136 121/147
f 110/136 107/134 123/149
f 107/134 111/137 123/149
f 111/137 113/139 123/149
f 113/139 115/141 123/149
f 115/141 117/143 123/149
f 117/143 119/145 123/149
f 119/145 121/147 123/149
f 121/147 110/136 123/149
f 125/152 124/151 126/150
f 125/152 126/150 127/153
f 125/152 127/153 128/154
f 125/152 128/154 129/155
f 125/152 129/155 130/156
f 125/152 130/156 131/157
f 125/152 131/157 132/158
f 125/152 132/158 124/151
f 133/160 126/150 134/159
f 134/159 126/150 124/151
f 135/161 127/153 133/160
f 133/160 127/153 126/150
f 136/162 128/154 135/161
f 135/161 128/154 127/153
f 137/163 129/155 136/162
f 136/162 129/155 128/154
f 138/164 130/156 137/163
f 137/163 130/156 129/155
f 139/165 131/157 138/164
f 138/164 131/157 130/156
f 140/166 132/158 139/165
f 139/165 132/158 131/157
f 134/159 124/151 140/166
f 140/166 124/151 132/158
f 142/169 141/168 143/167
f 143/167 141/168 144/170
f 143/167 144/170 145/171
f 145/171 144/170 146/172
f 145/171 146/172 147/173
f 147/173 146/172 148/174
f 147/173 148/174 149/175
f 149/175 148/174 150/176
f 151/178 144/170 152/177
f 152/177 144/170 141/168
f 153/179 146/172 151/178
f 151/178 146/172 144/170
f 154/180 148/174 153/179
f 153/179 148/174 146/172
f 155/181 150/176 154/180
f 154/180 150/176 148/174
f 156/183 151/178 157/182
f 157/182 151/178 152/177
f 158/184 153/179 156/183
f 156/183 153/179 151/178
f 159/185 154/180 158/184
f 158/184 154/180 153/179
f 160/186 155/181 159/185
f 159/185 155/181 154/180
f 160/186 158/184 161/187
f 160/186 159/185 158/184
f 158/184 157/182 161/187
f 158/184 156/183 157/182
f 162/189 143/167 163/188
f 163/188 143/167 145/171
f 163/188 145/171 164/190
f 164/190 145/171 147/173
f 162/189 163/188 165/191
f 165/191 163/188 164/190
f 166/192 142/169 143/167
f 166/192 143/167 162/189
f 167/193 164/190 147/173
f 167/193 147/173 149/175
f 166/192 162/189 168/194
f 168/194 162/189 165/191
f 165/191 164/190 168/194
f 168/194 164/190 167/193
f 105/131 94/120 169/195
f 94/120 91/118 169/195
f 91/118 95/121 169/195
f 95/121 97/123 169/195
f 97/123 99/125 169/195
f 99/125 101/127 169/195
f 101/127 103/129 169/195
f 103/129 105/131 169/195
f 15/16 27/27 6/45
f 6/45 27/27 12/48
f 26/24 27/27 16/14
f 16/14 27/27 15/16
f 5/44 1/47 14/15
f 14/15 1/47 19/20
f 14/15 19/20 17/17
f 17/17 19/20 20/18
f 24/25 31/31 9/49
f 9/49 31/31 8/50
f 30/28 31/31 25/26
f 25/26 31/31 24/25
f 2/46 3/57 18/19
f 18/19 3/57 41/42
f 18/19 41/42 21/21
f 21/21 41/42 42/40
f 23/56 13/55 40/41
f 40/41 13/55 38/39
f 40/41 38/39 43/43
f 43/43 38/39 39/38
f 28/29 35/35 7/51
f 7/51 35/35 22/52
f 34/32 35/35 29/30
f 29/30 35/35 28/29
f 172/1 170/2 171/3
f 173/4 170/2 172/1
f 173/4 174/5 170/2
f 175/6 174/5 173/4
f 178/7 176/8 177/9
f 173/4 176/8 178/7
f 173/4 179/10 180/11
f 173/4 181/12 175/6
f 178/7 181/12 173/4
f 182/13 179/10 173/4
f 185/14 183/15 184/16
f 186/17 183/15 185/14
f 189/18 187/19 188/20
f 190/21 187/19 189/18
f 176/8 180/11 191/22
f 173/4 180/11 176/8
f 182/13 172/1 192/23
f 173/4 172/1 182/13
f 195/24 193/25 194/26
f 196/27 193/25 195/24
f 199/28 197/29 198/30
f 200/31 197/29 199/28
f 203/32 201/33 202/34
f 204/35 201/33 203/32
f 202/34 205/36 206/37
f 201/33 205/36 202/34
f 208/38 205/36 207/39
f 206/37 205/36 208/38
f 211/40 209/41 210/42
f 212/43 209/41 211/40
f 184/16 174/44 175/45
f 183/15 174/44 184/16
f 188/20 171/46 170/47
f 187/19 171/46 188/20
f 181/48 193/25 196/27
f 178/49 193/25 181/48
f 177/50 197/29 200/31
f 176/51 197/29 177/50
f 191/52 201/33 204/35
f 180/53 201/33 191/52
f 180/53 205/36 201/33
f 179/54 205/36 180/53
f 207/39 179/54 182/55
f 205/36 179/54 207/39
f 210/42 192/56 172/57
f 209/41 192/56 210/42
f 215/58 213/59 214/60
f 216/61 214/60 213/59
f 218/62 215/58 217/63
f 219/64 215/58 218/62
f 217/63 214/60 220/65
f 215/58 214/60 217/63
f 221/66 215/58 219/64
f 213/59 215/58 221/66
f 223/67 222/68 213/59
f 225/69 223/67 224/70
f 222/68 223/67 225/69
f 226/71 213/59 221/66
f 223/67 213/59 226/71
f 222/68 216/61 213/59
f 224/70 226/71 227/72
f 223/67 226/71 224/70
f 229/73 221/66 228/74
f 226/71 221/66 229/73
f 228/74 230/75 231/76
f 227/72 229/73 232/77
f 226/71 229/73 227/72
f 234/78 230/75 233/79
f 231/76 230/75 234/78
f 231/76 232/77 229/73
f 234/78 232/77 231/76
f 229/73 228/74 231/76
f 219/64 228/74 221/66
f 235/80 228/74 219/64
f 233/79 236/81 237/82
f 230/75 236/81 233/79
f 230/75 228/74 236/81
f 238/83 219/64 218/62
f 235/80 219/64 238/83
f 237/82 235/80 238/83
f 236/81 235/80 237/82
f 236/81 228/74 235/80
f 240/84 220/85 239/86
f 216/61 220/65 214/60
f 239/87 220/65 216/61
f 220/85 240/84 217/88
f 218/89 240/84 241/90
f 217/88 240/84 218/89
f 225/91 240/84 239/86
f 240/84 225/91 224/92
f 222/68 239/87 216/61
f 225/69 239/87 222/68
f 227/93 240/84 224/92
f 241/90 240/84 227/93
f 242/94 234/95 233/96
f 227/93 242/94 241/90
f 232/97 242/94 227/93
f 234/95 242/94 232/97
f 237/98 242/94 233/96
f 238/99 241/90 242/94
f 218/89 241/90 238/99
f 242/94 237/98 238/99
f 245/100 243/101 244/102
f 246/103 243/101 245/100
f 244/102 247/104 248/105
f 243/101 247/104 244/102
f 248/105 249/106 250/107
f 247/104 249/106 248/105
f 250/107 251/108 252/109
f 249/106 251/108 250/107
f 252/109 253/110 254/111
f 251/108 253/110 252/109
f 254/111 255/112 256/113
f 253/110 255/112 254/111
f 256/113 257/114 258/115
f 255/112 257/114 256/113
f 258/115 246/103 245/100
f 257/114 246/103 258/115
f 259/116 243/101 246/103
f 259/116 247/104 243/101
f 259/116 249/106 247/104
f 259/116 251/108 249/106
f 259/116 253/110 251/108
f 259/116 255/112 253/110
f 259/116 257/114 255/112
f 259/116 246/103 257/114
f 262/117 260/118 261/119
f 263/120 260/118 262/117
f 261/119 264/121 265/122
f 260/118 264/121 261/119
f 265/122 266/123 267/124
f 264/121 266/123 265/122
f 267/124 268/125 269/126
f 266/123 268/125 267/124
f 269/126 270/127 271/128
f 268/125 270/127 269/126
f 271/128 272/129 273/130
f 270/127 272/129 271/128
f 273/130 274/131 275/132
f 272/129 274/131 273/130
f 275/132 263/120 262/117
f 274/131 263/120 275/132
f 278/133 276/134 277/135
f 279/136 276/134 278/133
f 277/135 280/137 281/138
f 276/134 280/137 277/135
f 281/138 282/139 283/140
f 280/137 282/139 281/138
f 283/140 284/141 285/142
f 282/139 284/141 283/140
f 285/142 286/143 287/144
f 284/141 286/143 285/142
f 287/144 288/145 289/146
f 286/143 288/145 287/144
f 289/146 290/147 291/148
f 288/145 290/147 289/146
f 291/148 279/136 278/133
f 290/147 279/136 291/148
f 292/149 276/134 279/136
f 292/149 280/137 276/134
f 292/149 282/139 280/137
f 292/149 284/141 282/139
f 292/149 286/143 284/141
f 292/149 288/145 286/143
f 292/149 290/147 288/145
f 292/149 279/136 290/147
f 295/150 293/151 294/152
f 296/153 295/150 294/152
f 297/154 296/153 294/152
f 298/155 297/154 294/152
f 299/156 298/155 294/152
f 300/157 299/156 294/152
f 301/158 300/157 294/152
f 293/151 301/158 294/152
f 303/159 295/150 302/160
f 293/151 295/150 303/159
f 302/160 296/153 304/161
f 295/150 296/153 302/160
f 304/161 297/154 305/162
f 296/153 297/154 304/161
f 305/162 298/155 306/163
f 297/154 298/155 305/162
f 306/163 299/156 307/164
f 298/155 299/156 306/163
f 307/164 300/157 308/165
f 299/156 300/157 307/164
f 308/165 301/158 309/166
f 300/157 301/158 308/165
f 309/166 293/151 303/159
f 301/158 293/151 309/166
f 312/167 310/168 311/169
f 313/170 310/168 312/167
f 314/171 313/170 312/167
f 315/172 313/170 314/171
f 316/173 315/172 314/171
f 317/174 315/172 316/173
f 318/175 317/174 316/173
f 319/176 317/174 318/175
f 321/177 313/170 320/178
f 310/168 313/170 321/177
f 320/178 315/172 322/179
f 313/170 315/172 320/178
f 322/179 317/174 323/180
f 315/172 317/174 322/179
f 323/180 319/176 324/181
f 317/174 319/176 323/180
f 326/182 320/178 325/183
f 321/177 320/178 326/182
f 325/183 322/179 327/184
f 320/178 322/179 325/183
f 327/184 323/180 328/185
f 322/179 323/180 327/184
f 328/185 324/181 329/186
f 323/180 324/181 328/185
f 330/187 327/184 329/186
f 327/184 328/185 329/186
f 330/187 326/182 327/184
f 326/182 325/183 327/184
f 332/188 312/167 331/189
f 314/171 312/167 332/188
f 333/190 314/171 332/188
f 316/173 314/171 333/190
f 334/191 332/188 331/189
f 333/190 332/188 334/191
f 312/167 311/169 335/192
f 331/189 312/167 335/192
f 316/173 333/190 336/193
f 318/175 316/173 336/193
f 337/194 331/189 335/192
f 334/191 331/189 337/194
f 337/194 333/190 334/191
f 336/193 333/190 337/194
f 338/195 263/120 274/131
f 338/195 260/118 263/120
f 338/195 264/121 260/118
f 338/195 266/123 264/121
f 338/195 268/125 266/123
f 338/195 270/127 268/125
f 338/195 272/129 270/127
f 338/195 274/131 272/129
f 175/45 196/27 184/16
f 181/48 196/27 175/45
f 185/14 196/27 195/24
f 184/16 196/27 185/14
f 183/15 170/47 174/44
f 188/20 170/47 183/15
f 186/17 188/20 183/15
f 189/18 188/20 186/17
f 178/49 200/31 193/25
f 177/50 200/31 178/49
f 194/26 200/31 199/28
f 193/25 200/31 194/26
f 187/19 172/57 171/46
f 210/42 172/57 187/19
f 190/21 210/42 187/19
f 211/40 210/42 190/21
f 209/41 182/55 192/56
f 207/39 182/55 209/41
f 212/43 207/39 209/41
f 208/38 207/39 212/43
f 176/51 204/35 197/29
f 191/52 204/35 176/51
f 198/30 204/35 203/32
f 197/29 204/35 198/30
usemtl Tex_0020_0.png
f 340/198 339/197 341/196
f 341/196 339/197 342/199
f 343/202 340/201 344/200
f 344/200 340/201 341/203
f 339/197 345/204 342/199
f 342/199 345/204 346/205
f 346/205 345/204 347/206
f 347/206 345/204 348/207
f 350/209 349/208 348/207
f 348/207 349/208 347/206
f 350/212 351/211 349/210
f 349/210 351/211 352/213
f 351/211 353/214 352/213
f 352/213 353/214 354/215
f 353/214 355/216 354/215
f 354/215 355/216 356/217
f 355/216 343/202 356/217
f 356/217 343/202 344/200
f 351/211 350/212 357/218
f 357/218 350/212 358/219
f 350/209 348/207 358/220
f 358/220 348/207 359/221
f 359/221 348/207 360/222
f 360/222 348/207 345/204
f 345/204 339/197 360/222
f 360/222 339/197 361/223
f 339/197 340/198 361/223
f 361/223 340/198 362/224
f 340/201 343/202 362/225
f 362/225 343/202 363/226
f 343/202 355/216 363/226
f 363/226 355/216 364/227
f 353/214 351/211 365/228
f 365/228 351/211 357/218
f 355/216 353/214 364/227
f 364/227 353/214 365/228
f 347/206 349/208 366/229
f 366/229 349/208 367/230
f 367/232 349/210 368/231
f 368/231 349/210 352/213
f 370/234 369/233 366/229
f 366/229 369/233 371/235
f 346/205 347/206 371/235
f 371/235 347/206 366/229
f 372/237 371/235 373/236
f 373/236 371/235 369/233
f 346/205 371/235 342/199
f 342/199 371/235 372/237
f 342/199 372/237 341/196
f 341/196 372/237 374/238
f 372/237 373/236 374/238
f 374/238 373/236 375/239
f 368/231 352/213 376/240
f 376/240 352/213 354/215
f 376/240 377/241 368/231
f 368/231 377/241 378/242
f 378/245 379/244 368/243
f 368/243 379/244 380/246
f 381/248 380/246 382/247
f 382/247 380/246 379/244
f 383/250 380/246 384/249
f 384/249 380/246 381/248
f 380/246 383/250 368/243
f 368/243 383/250 367/251
f 383/250 384/249 385/252
f 385/252 384/249 386/253
f 367/251 383/250 366/254
f 366/254 383/250 385/252
f 385/252 386/253 387/255
f 387/255 386/253 388/256
f 366/254 385/252 370/257
f 370/257 385/252 387/255
f 381/248 382/247 389/258
f 389/258 382/247 390/259
f 381/248 389/258 384/249
f 384/249 389/258 391/260
f 384/249 391/260 386/253
f 386/253 391/260 392/261
f 386/253 392/261 388/256
f 388/256 392/261 393/262
f 395/265 394/264 396/263
f 396/263 394/264 377/241
f 376/240 397/266 377/241
f 377/241 397/266 396/263
f 397/266 376/240 398/267
f 398/267 376/240 354/215
f 399/270 357/269 358/268
f 399/270 358/268 359/271
f 399/270 359/271 360/272
f 399/270 360/272 361/273
f 399/270 361/273 362/274
f 399/270 362/274 363/275
f 399/270 363/275 364/276
f 399/270 365/277 357/269
f 399/270 364/276 365/277
f 401/280 400/279 402/278
f 402/278 400/279 403/281
f 405/284 404/283 401/282
f 401/282 404/283 400/285
f 402/278 403/281 406/286
f 406/286 403/281 407/287
f 407/287 408/288 406/286
f 406/286 408/288 409/289
f 410/291 409/289 411/290
f 411/290 409/289 408/288
f 410/294 411/293 412/292
f 412/292 411/293 413/295
f 412/292 413/295 414/296
f 414/296 413/295 415/297
f 414/296 415/297 416/298
f 416/298 415/297 417/299
f 416/298 417/299 405/284
f 405/284 417/299 404/283
f 412/292 418/300 410/294
f 410/294 418/300 419/301
f 410/291 419/302 409/289
f 409/289 419/302 420/303
f 420/303 421/304 409/289
f 409/289 421/304 406/286
f 406/286 421/304 402/278
f 402/278 421/304 422/305
f 402/278 422/305 401/280
f 401/280 422/305 423/306
f 401/282 423/307 405/284
f 405/284 423/307 424/308
f 405/284 424/308 416/298
f 416/298 424/308 425/309
f 414/296 426/310 412/292
f 412/292 426/310 418/300
f 416/298 425/309 414/296
f 414/296 425/309 426/310
f 408/288 427/311 411/290
f 411/290 427/311 428/312
f 428/314 429/313 411/293
f 411/293 429/313 413/295
f 370/234 427/311 369/233
f 369/233 427/311 430/315
f 407/287 430/315 408/288
f 408/288 430/315 427/311
f 431/316 373/236 430/315
f 430/315 373/236 369/233
f 407/287 403/281 430/315
f 430/315 403/281 431/316
f 403/281 400/279 431/316
f 431/316 400/279 432/317
f 431/316 432/317 373/236
f 373/236 432/317 375/239
f 429/313 433/318 413/295
f 413/295 433/318 415/297
f 433/318 429/313 377/241
f 377/241 429/313 378/242
f 378/245 429/319 379/244
f 379/244 429/319 434/320
f 435/321 382/247 434/320
f 434/320 382/247 379/244
f 437/323 436/322 434/320
f 434/320 436/322 435/321
f 434/320 429/319 437/323
f 437/323 429/319 428/324
f 437/323 438/325 436/322
f 436/322 438/325 439/326
f 428/324 427/327 437/323
f 437/323 427/327 438/325
f 438/325 387/328 439/326
f 439/326 387/328 388/329
f 427/327 370/330 438/325
f 438/325 370/330 387/328
f 435/321 440/331 382/247
f 382/247 440/331 390/259
f 435/321 436/322 440/331
f 440/331 436/322 441/332
f 436/322 439/326 441/332
f 441/332 439/326 442/333
f 439/326 388/329 442/333
f 442/333 388/329 393/334
f 444/336 443/335 394/264
f 394/264 443/335 377/241
f 433/318 377/241 445/337
f 445/337 377/241 443/335
f 445/337 446/338 433/318
f 433/318 446/338 415/297
f 418/341 447/340 419/339
f 419/339 447/340 420/342
f 420/342 447/340 421/343
f 421/343 447/340 422/344
f 422/344 447/340 423/345
f 423/345 447/340 424/346
f 424/346 447/340 425/347
f 426/348 447/340 418/341
f 425/347 447/340 426/348
f 390/259 448/349 389/258
f 389/258 448/349 391/260
f 391/260 448/349 392/261
f 392/261 448/349 393/262
f 440/331 448/350 390/259
f 441/332 448/350 440/331
f 442/333 448/350 441/332
f 393/334 448/350 442/333
f 450/353 449/352 451/351
f 451/351 449/352 452/354
f 453/356 452/354 454/355
f 454/355 452/354 449/352
f 456/358 455/357 450/353
f 450/353 455/357 449/352
f 454/355 449/352 457/359
f 457/359 449/352 455/357
f 459/361 458/360 456/358
f 456/358 458/360 455/357
f 461/364 460/363 462/362
f 462/362 460/363 463/365
f 465/368 464/367 466/366
f 466/366 464/367 467/369
f 468/371 465/368 469/370
f 469/370 465/368 466/366
f 471/374 470/373 472/372
f 472/372 470/373 473/375
f 469/370 466/366 474/376
f 474/376 466/366 475/377
f 476/379 468/371 477/378
f 477/378 468/371 469/370
f 478/381 460/363 479/380
f 479/380 460/363 461/364
f 481/384 480/383 482/382
f 482/382 480/383 483/385
f 484/388 478/387 485/386
f 485/386 478/387 479/389
f 487/392 486/391 488/390
f 488/390 486/391 489/393
f 486/391 487/392 490/394
f 490/394 487/392 491/395
f 464/367 487/392 467/369
f 467/369 487/392 488/390
f 471/374 484/388 492/396
f 492/396 484/388 485/386
f 493/397 481/384 474/376
f 474/376 481/384 482/382
f 491/395 459/361 494/398
f 494/398 459/361 456/358
f 480/401 495/400 483/399
f 483/399 495/400 496/402
f 495/400 472/372 496/402
f 496/402 472/372 497/403
f 498/404 494/398 450/353
f 450/353 494/398 456/358
f 500/406 499/405 498/404
f 498/404 499/405 494/398
f 502/409 501/408 500/407
f 500/407 501/408 499/410
f 454/355 457/359 502/409
f 502/409 457/359 501/408
f 450/353 451/351 498/404
f 498/404 451/351 503/411
f 498/404 503/411 500/406
f 500/406 503/411 504/412
f 500/407 504/413 502/409
f 502/409 504/413 505/414
f 502/409 505/414 454/355
f 454/355 505/414 453/356
f 470/373 471/374 506/415
f 506/415 471/374 492/396
f 487/392 464/367 491/395
f 491/395 464/367 459/361
f 464/367 465/368 459/361
f 459/361 465/368 458/360
f 465/368 468/371 458/360
f 458/360 468/371 507/416
f 468/371 476/379 507/416
f 507/416 476/379 508/417
f 476/379 486/418 508/417
f 508/417 486/418 490/419
f 486/418 476/379 489/420
f 489/420 476/379 477/378
f 490/394 491/395 499/405
f 499/405 491/395 494/398
f 508/417 490/419 501/408
f 501/408 490/419 499/410
f 507/416 508/417 457/359
f 457/359 508/417 501/408
f 458/360 507/416 455/357
f 455/357 507/416 457/359
f 463/365 470/373 462/362
f 462/362 470/373 506/415
f 472/372 473/375 497/403
f 497/403 473/375 475/377
f 470/373 463/365 473/375
f 473/375 463/365 493/397
f 463/365 460/363 493/397
f 493/397 460/363 481/384
f 460/363 478/381 481/384
f 481/384 478/381 480/383
f 478/387 484/388 480/401
f 480/401 484/388 495/400
f 484/388 471/374 495/400
f 495/400 471/374 472/372
f 473/375 493/397 475/377
f 475/377 493/397 474/376
f 466/366 467/369 475/377
f 475/377 467/369 497/403
f 467/369 488/390 497/403
f 497/403 488/390 496/402
f 488/390 489/393 496/402
f 496/402 489/393 483/399
f 489/420 477/378 483/385
f 483/385 477/378 482/382
f 477/378 469/370 482/382
f 482/382 469/370 474/376
f 504/412 503/411 509/421
f 509/421 503/411 510/422
f 512/425 511/424 509/423
f 509/423 511/424 513/426
f 511/424 514/427 513/426
f 513/426 514/427 515/428
f 514/427 516/429 515/428
f 515/428 516/429 517/430
f 516/433 518/432 517/431
f 517/431 518/432 519/434
f 518/432 520/435 519/434
f 519/434 520/435 510/422
f 520/435 512/436 510/422
f 510/422 512/436 509/421
f 503/411 451/351 510/422
f 510/422 451/351 519/434
f 451/351 452/354 519/434
f 519/434 452/354 517/431
f 452/354 453/356 517/430
f 517/430 453/356 515/428
f 453/356 505/414 515/428
f 515/428 505/414 513/426
f 505/414 504/413 513/426
f 513/426 504/413 509/423
f 514/427 511/424 521/437
f 521/437 511/424 522/438
f 514/427 521/437 516/429
f 516/429 521/437 523/439
f 523/441 524/440 516/433
f 516/433 524/440 518/432
f 520/435 518/432 525/442
f 525/442 518/432 524/440
f 525/442 526/443 520/435
f 520/435 526/443 512/436
f 511/424 512/425 522/438
f 522/438 512/425 526/444
f 528/446 527/445 524/440
f 524/440 527/445 525/442
f 528/446 529/448 530/447
f 532/451 531/450 530/449
f 522/438 532/451 521/437
f 521/437 532/451 533/452
f 529/453 523/439 533/452
f 533/452 523/439 521/437
f 523/441 529/448 524/440
f 524/440 529/448 528/446
f 526/443 525/442 531/454
f 531/454 525/442 527/445
f 526/444 531/450 522/438
f 522/438 531/450 532/451
f 530/447 531/454 527/445
f 527/445 528/446 530/447
f 530/449 529/453 533/452
f 530/449 533/452 532/451
f 535/457 534/456 536/455
f 536/455 534/456 537/458
f 539/461 538/460 540/459
f 540/459 538/460 537/458
f 542/463 541/462 535/457
f 535/457 541/462 534/456
f 543/465 534/456 544/464
f 544/464 534/456 541/462
f 546/467 545/466 542/463
f 542/463 545/466 541/462
f 544/464 541/462 547/468
f 547/468 541/462 545/466
f 548/470 539/461 549/469
f 549/469 539/461 540/459
f 550/473 548/472 551/471
f 551/471 548/472 549/474
f 552/476 550/473 553/475
f 553/475 550/473 551/471
f 554/477 552/476 536/455
f 536/455 552/476 553/475
f 542/463 535/457 555/478
f 555/478 535/457 556/479
f 555/478 556/479 557/480
f 557/480 556/479 558/481
f 557/480 558/481 559/482
f 559/482 558/481 560/483
f 559/485 560/484 544/464
f 544/464 560/484 543/465
f 546/467 542/463 561/486
f 561/486 542/463 555/478
f 561/486 555/478 562/487
f 562/487 555/478 557/480
f 562/487 557/480 563/488
f 563/488 557/480 559/482
f 563/489 559/485 547/468
f 547/468 559/485 544/464
f 565/492 564/491 566/490
f 566/490 564/491 567/493
f 569/496 568/495 570/494
f 570/494 568/495 567/493
f 572/498 571/497 565/492
f 565/492 571/497 564/491
f 573/500 564/491 574/499
f 574/499 564/491 571/497
f 576/502 575/501 572/498
f 572/498 575/501 571/497
f 574/499 571/497 577/503
f 577/503 571/497 575/501
f 579/505 578/504 576/502
f 576/502 578/504 575/501
f 577/503 575/501 580/506
f 580/506 575/501 578/504
f 581/508 569/496 582/507
f 582/507 569/496 570/494
f 583/511 581/510 584/509
f 584/509 581/510 582/512
f 548/514 583/511 585/513
f 585/513 583/511 584/509
f 539/515 548/514 566/490
f 566/490 548/514 585/513
f 572/498 565/492 586/516
f 586/516 565/492 587/517
f 586/516 587/517 588/518
f 588/518 587/517 589/519
f 588/518 589/519 590/520
f 590/520 589/519 591/521
f 590/523 591/522 574/499
f 574/499 591/522 573/500
f 576/502 572/498 592/524
f 592/524 572/498 586/516
f 592/524 586/516 593/525
f 593/525 586/516 588/518
f 593/525 588/518 594/526
f 594/526 588/518 590/520
f 594/527 590/523 577/503
f 577/503 590/523 574/499
f 579/505 576/502 595/528
f 595/528 576/502 592/524
f 595/528 592/524 596/529
f 596/529 592/524 593/525
f 596/529 593/525 597/530
f 597/530 593/525 594/526
f 597/531 594/527 580/506
f 580/506 594/527 577/503
f 599/534 598/533 600/532
f 600/532 598/533 601/535
f 603/538 602/537 604/536
f 604/536 602/537 601/535
f 606/540 605/539 599/534
f 599/534 605/539 598/533
f 607/542 598/533 608/541
f 608/541 598/533 605/539
f 610/544 609/543 606/540
f 606/540 609/543 605/539
f 608/541 605/539 611/545
f 611/545 605/539 609/543
f 613/547 612/546 610/544
f 610/544 612/546 609/543
f 611/545 609/543 614/548
f 614/548 609/543 612/546
f 615/550 603/538 616/549
f 616/549 603/538 604/536
f 617/552 615/550 618/551
f 618/551 615/550 616/549
f 581/554 617/552 619/553
f 619/553 617/552 618/551
f 569/556 581/555 600/532
f 600/532 581/555 619/557
f 606/540 599/534 620/558
f 620/558 599/534 621/559
f 620/562 621/561 622/560
f 622/560 621/561 623/563
f 622/560 623/563 624/564
f 624/564 623/563 625/565
f 624/564 625/565 608/541
f 608/541 625/565 607/542
f 610/544 606/540 626/566
f 626/566 606/540 620/558
f 626/568 620/562 627/567
f 627/567 620/562 622/560
f 627/567 622/560 628/569
f 628/569 622/560 624/564
f 628/569 624/564 611/545
f 611/545 624/564 608/541
f 613/547 610/544 629/570
f 629/570 610/544 626/566
f 629/572 626/568 630/571
f 630/571 626/568 627/567
f 630/571 627/567 631/573
f 631/573 627/567 628/569
f 631/573 628/569 614/548
f 614/548 628/569 611/545
f 633/576 632/575 634/574
f 634/574 632/575 635/577
f 554/580 636/579 637/578
f 637/578 636/579 635/577
f 639/582 638/581 633/576
f 633/576 638/581 632/575
f 640/584 632/575 641/583
f 641/583 632/575 638/581
f 643/586 642/585 639/582
f 639/582 642/585 638/581
f 641/583 638/581 644/587
f 644/587 638/581 642/585
f 646/589 645/588 643/586
f 643/586 645/588 642/585
f 644/587 642/585 647/590
f 647/590 642/585 645/588
f 649/592 648/591 634/574
f 634/574 648/591 650/593
f 648/591 651/594 650/593
f 650/593 651/594 652/595
f 651/594 552/596 652/595
f 652/595 552/596 653/597
f 552/599 554/580 653/598
f 653/598 554/580 637/578
f 639/582 633/576 654/600
f 654/600 633/576 655/601
f 654/600 655/601 656/602
f 656/602 655/601 657/603
f 656/602 657/603 658/604
f 658/604 657/603 659/605
f 658/607 659/606 641/583
f 641/583 659/606 640/584
f 654/600 660/608 639/582
f 639/582 660/608 643/586
f 646/589 643/586 661/609
f 661/609 643/586 660/608
f 656/602 662/610 654/600
f 654/600 662/610 660/608
f 661/609 660/608 663/611
f 663/611 660/608 662/610
f 658/604 664/612 656/602
f 656/602 664/612 662/610
f 663/611 662/610 665/613
f 665/613 662/610 664/612
f 641/583 644/587 658/607
f 658/607 644/587 664/614
f 665/615 664/614 647/590
f 647/590 664/614 644/587
f 580/506 578/504 597/531
f 597/531 578/504 666/616
f 666/616 578/504 595/528
f 595/528 578/504 579/505
f 666/616 595/528 596/529
f 596/529 597/530 666/616
f 667/617 631/573 612/546
f 612/546 631/573 614/548
f 612/546 613/547 667/617
f 667/617 613/547 629/570
f 667/617 629/572 630/571
f 630/571 631/573 667/617
f 545/466 546/467 668/618
f 668/618 546/467 669/619
f 547/468 545/466 670/620
f 670/620 545/466 668/618
f 669/619 546/467 671/621
f 671/621 546/467 561/486
f 561/486 562/487 671/621
f 671/621 562/487 672/622
f 672/622 562/487 673/623
f 673/623 562/487 563/488
f 673/624 563/489 670/620
f 670/620 563/489 547/468
f 670/620 668/618 673/624
f 673/624 668/618 674/625
f 671/621 674/625 669/619
f 669/619 674/625 668/618
f 674/626 671/621 672/622
f 672/622 673/623 674/626
f 675/628 665/615 676/627
f 676/627 665/615 647/590
f 676/627 646/589 675/628
f 675/628 646/589 661/609
f 647/590 645/588 676/627
f 646/589 676/627 645/588
f 675/629 661/609 663/611
f 663/611 665/613 675/629
f 602/537 569/556 601/535
f 601/535 569/556 600/532
f 598/533 607/542 601/535
f 601/535 607/542 604/536
f 607/542 625/565 604/536
f 604/536 625/565 616/549
f 625/565 623/563 616/549
f 616/549 623/563 618/551
f 623/563 621/561 618/551
f 618/551 621/561 619/553
f 621/559 599/534 619/557
f 619/557 599/534 600/532
f 568/495 539/515 567/493
f 567/493 539/515 566/490
f 564/491 573/500 567/493
f 567/493 573/500 570/494
f 573/500 591/522 570/494
f 570/494 591/522 582/507
f 591/521 589/519 582/512
f 582/512 589/519 584/509
f 589/519 587/517 584/509
f 584/509 587/517 585/513
f 587/517 565/492 585/513
f 585/513 565/492 566/490
f 538/460 554/477 537/458
f 537/458 554/477 536/455
f 534/456 543/465 537/458
f 537/458 543/465 540/459
f 543/465 560/484 540/459
f 540/459 560/484 549/469
f 560/483 558/481 549/474
f 549/474 558/481 551/471
f 558/481 556/479 551/471
f 551/471 556/479 553/475
f 556/479 535/457 553/475
f 553/475 535/457 536/455
f 636/579 649/592 635/577
f 635/577 649/592 634/574
f 632/575 640/584 635/577
f 635/577 640/584 637/578
f 640/584 659/606 637/578
f 637/578 659/606 653/598
f 659/605 657/603 653/597
f 653/597 657/603 652/595
f 657/603 655/601 652/595
f 652/595 655/601 650/593
f 655/601 633/576 650/593
f 650/593 633/576 634/574
f 678/632 677/631 679/630
f 679/630 677/631 680/633
f 682/635 681/634 679/630
f 679/630 681/634 683/636
f 685/639 684/638 686/637
f 686/637 684/638 687/640
f 688/642 685/639 689/641
f 689/641 685/639 686/637
f 691/645 690/644 692/643
f 692/643 690/644 693/646
f 695/648 694/647 690/644
f 690/644 694/647 696/649
f 697/651 688/650 692/643
f 692/643 688/650 689/652
f 682/635 697/651 693/646
f 693/646 697/651 692/643
f 677/631 698/653 680/633
f 680/633 698/653 699/654
f 701/657 700/656 702/655
f 702/655 700/656 703/658
f 700/656 704/659 703/658
f 703/658 704/659 683/660
f 681/634 682/635 705/661
f 705/661 682/635 693/646
f 706/662 691/645 689/652
f 689/652 691/645 692/643
f 698/664 701/657 699/663
f 699/663 701/657 702/655
f 707/666 706/665 686/637
f 686/637 706/665 689/641
f 696/669 708/668 705/667
f 705/667 708/668 687/640
f 708/668 707/666 687/640
f 687/640 707/666 686/637
f 709/670 695/648 691/645
f 691/645 695/648 690/644
f 684/638 681/671 687/640
f 687/640 681/671 705/667
f 710/672 709/670 706/662
f 706/662 709/670 691/645
f 711/674 710/673 707/666
f 707/666 710/673 706/665
f 712/675 711/674 708/668
f 708/668 711/674 707/666
f 694/676 712/675 696/669
f 696/669 712/675 708/668
f 690/644 696/649 693/646
f 693/646 696/649 705/661
f 704/677 678/632 683/636
f 683/636 678/632 679/630
f 681/671 684/638 683/660
f 683/660 684/638 703/658
f 684/638 685/639 703/658
f 703/658 685/639 702/655
f 685/639 688/642 702/655
f 702/655 688/642 699/663
f 688/650 697/651 699/654
f 699/654 697/651 680/633
f 697/651 682/635 680/633
f 680/633 682/635 679/630
f 694/676 695/678 712/675
f 712/675 695/678 713/679
f 695/678 709/680 713/679
f 713/679 709/680 710/673
f 711/674 712/675 713/679
f 713/679 710/673 711/674
f 602/683 603/682 714/681
f 714/681 603/682 715/684
f 715/684 603/682 716/685
f 716/685 603/682 615/686
f 714/681 717/688 718/687
f 718/687 717/688 719/689
f 721/691 720/690 719/689
f 719/689 717/688 722/692
f 649/695 636/694 723/693
f 723/693 636/694 724/696
f 648/698 649/695 725/697
f 725/697 649/695 723/693
f 461/700 678/632 479/699
f 479/699 678/632 704/677
f 727/703 726/702 728/701
f 728/701 726/702 729/704
f 583/707 730/706 731/705
f 492/710 485/709 732/708
f 732/708 485/709 727/703
f 732/708 721/691 492/710
f 492/710 721/691 506/711
f 678/632 461/700 722/692
f 722/692 461/700 462/712
f 722/692 462/712 721/691
f 721/691 462/712 506/711
f 581/714 583/707 617/713
f 617/713 583/707 731/705
f 678/632 722/692 677/631
f 677/631 722/692 717/688
f 550/715 730/706 583/707
f 719/689 722/692 721/691
f 733/716 728/701 723/693
f 723/693 728/701 725/697
f 720/690 733/716 724/696
f 724/696 733/716 723/693
f 720/690 724/696 719/689
f 719/689 724/696 718/687
f 717/688 714/681 677/631
f 677/631 714/681 715/684
f 731/705 701/657 716/717
f 716/717 701/657 698/664
f 716/717 615/718 731/705
f 731/705 615/718 617/713
f 677/631 715/684 698/653
f 698/653 715/684 716/685
f 732/708 733/716 721/691
f 721/691 733/716 720/690
f 733/716 732/708 728/701
f 728/701 732/708 727/703
f 727/703 485/709 726/702
f 726/702 485/709 479/719
f 700/656 726/702 704/659
f 704/659 726/702 479/719
f 718/687 538/721 539/720
f 714/681 568/723 569/722
f 724/696 636/694 554/724
f 714/681 718/687 568/723
f 718/687 724/696 538/721
f 569/722 602/683 714/681
f 539/720 568/723 718/687
f 554/724 538/721 724/696
f 648/698 725/697 651/725
f 651/725 550/715 552/726
f 550/715 651/725 730/706
f 651/725 725/697 730/706
f 729/704 726/702 701/657
f 701/657 726/702 700/656
f 731/705 730/706 701/657
f 701/657 730/706 729/704
f 725/697 728/701 730/706
f 730/706 728/701 729/704
f 583/707 548/727 550/715
f 735/730 734/729 736/728
f 736/728 734/729 737/731
f 739/733 738/732 737/731
f 737/731 738/732 736/728
f 740/735 735/730 741/734
f 741/734 735/730 736/728
f 738/732 742/736 736/728
f 736/728 742/736 741/734
f 743/738 740/735 744/737
f 744/737 740/735 741/734
f 746/741 745/740 747/739
f 747/739 745/740 748/742
f 750/745 749/744 751/743
f 751/743 749/744 752/746
f 754/748 753/747 750/745
f 750/745 753/747 749/744
f 756/751 755/750 757/749
f 757/749 755/750 758/752
f 753/747 759/753 749/744
f 749/744 759/753 760/754
f 762/756 761/755 754/748
f 754/748 761/755 753/747
f 764/758 763/757 747/739
f 747/739 763/757 746/741
f 766/761 765/760 767/759
f 767/759 765/760 768/762
f 770/765 769/764 764/763
f 764/763 769/764 763/766
f 772/769 771/768 773/767
f 773/767 771/768 774/770
f 773/767 775/771 772/769
f 772/769 775/771 776/772
f 751/743 752/746 772/769
f 772/769 752/746 771/768
f 756/751 777/773 770/765
f 770/765 777/773 769/764
f 778/774 759/753 766/761
f 766/761 759/753 765/760
f 776/772 779/775 743/738
f 743/738 779/775 740/735
f 767/778 768/777 780/776
f 780/776 768/777 781/779
f 780/776 781/779 755/750
f 755/750 781/779 782/780
f 783/781 735/730 779/775
f 779/775 735/730 740/735
f 784/783 783/781 785/782
f 785/782 783/781 779/775
f 786/786 784/785 787/784
f 787/784 784/785 785/787
f 738/732 786/786 742/736
f 742/736 786/786 787/784
f 735/730 783/781 734/729
f 734/729 783/781 788/788
f 783/781 784/783 788/788
f 788/788 784/783 789/789
f 784/785 786/786 789/790
f 789/790 786/786 790/791
f 786/786 738/732 790/791
f 790/791 738/732 739/733
f 757/749 791/792 756/751
f 756/751 791/792 777/773
f 772/769 776/772 751/743
f 751/743 776/772 743/738
f 751/743 743/738 750/745
f 750/745 743/738 744/737
f 750/745 744/737 754/748
f 754/748 744/737 792/793
f 754/748 792/793 762/756
f 762/756 792/793 793/794
f 762/756 793/794 773/795
f 773/795 793/794 775/796
f 773/795 774/797 762/756
f 762/756 774/797 761/755
f 775/771 785/782 776/772
f 776/772 785/782 779/775
f 793/794 787/784 775/796
f 775/796 787/784 785/787
f 792/793 742/736 793/794
f 793/794 742/736 787/784
f 744/737 741/734 792/793
f 792/793 741/734 742/736
f 748/742 745/740 757/749
f 757/749 745/740 791/792
f 755/750 782/780 758/752
f 758/752 782/780 760/754
f 757/749 758/752 748/742
f 748/742 758/752 778/774
f 748/742 778/774 747/739
f 747/739 778/774 766/761
f 747/739 766/761 764/758
f 764/758 766/761 767/759
f 764/763 767/778 770/765
f 770/765 767/778 780/776
f 770/765 780/776 756/751
f 756/751 780/776 755/750
f 758/752 760/754 778/774
f 778/774 760/754 759/753
f 749/744 760/754 752/746
f 752/746 760/754 782/780
f 752/746 782/780 771/768
f 771/768 782/780 781/779
f 771/768 781/779 774/770
f 774/770 781/779 768/777
f 774/797 768/762 761/755
f 761/755 768/762 765/760
f 761/755 765/760 753/747
f 753/747 765/760 759/753
f 789/789 794/798 788/788
f 788/788 794/798 795/799
f 796/802 794/801 797/800
f 797/800 794/801 798/803
f 797/800 798/803 799/804
f 799/804 798/803 800/805
f 799/804 800/805 801/806
f 801/806 800/805 802/807
f 801/810 802/809 803/808
f 803/808 802/809 804/811
f 803/808 804/811 805/812
f 805/812 804/811 795/799
f 805/812 795/799 796/813
f 796/813 795/799 794/798
f 788/788 795/799 734/729
f 734/729 795/799 804/811
f 734/729 804/811 737/731
f 737/731 804/811 802/809
f 737/731 802/807 739/733
f 739/733 802/807 800/805
f 739/733 800/805 790/791
f 790/791 800/805 798/803
f 790/791 798/803 789/790
f 789/790 798/803 794/801
f 799/804 806/814 797/800
f 797/800 806/814 807/815
f 799/804 801/806 806/814
f 806/814 801/806 808/816
f 808/818 801/810 809/817
f 809/817 801/810 803/808
f 805/812 810/819 803/808
f 803/808 810/819 809/817
f 810/819 805/812 811/820
f 811/820 805/812 796/813
f 797/800 807/815 796/802
f 796/802 807/815 811/821
f 812/823 809/817 813/822
f 813/822 809/817 810/819
f 814/825 812/823 815/824
f 817/828 816/827 815/826
f 807/815 806/814 816/827
f 816/827 806/814 818/829
f 814/830 818/829 808/816
f 808/816 818/829 806/814
f 808/818 809/817 814/825
f 814/825 809/817 812/823
f 811/820 817/831 810/819
f 810/819 817/831 813/822
f 811/821 807/815 817/828
f 817/828 807/815 816/827
f 817/831 815/824 813/822
f 812/823 813/822 815/824
f 814/830 815/826 818/829
f 818/829 815/826 816/827
f 820/834 819/833 821/832
f 821/832 819/833 822/835
f 824/837 823/836 822/835
f 826/840 825/839 827/838
f 821/832 822/835 828/841
f 828/841 822/835 823/836
f 828/841 823/836 829/842
f 829/842 823/836 830/843
f 829/846 830/845 831/844
f 831/844 830/845 827/838
f 831/844 827/838 832/847
f 832/847 827/838 825/839
f 832/847 825/839 820/834
f 820/834 825/839 819/833
f 834/850 833/849 835/848
f 835/848 833/849 836/851
f 838/853 837/852 836/851
f 835/848 836/851 839/854
f 841/857 840/856 842/855
f 842/855 840/856 843/858
f 777/861 844/860 769/859
f 769/859 844/860 841/857
f 844/860 777/861 837/852
f 837/852 777/861 791/862
f 746/864 839/854 745/863
f 839/854 837/852 745/863
f 745/863 837/852 791/862
f 839/854 836/851 837/852
f 846/866 845/865 840/856
f 840/856 845/865 847/867
f 838/853 848/868 846/866
f 846/866 848/868 845/865
f 838/853 836/851 848/868
f 848/868 836/851 833/849
f 844/860 837/852 846/866
f 846/866 837/852 838/853
f 846/866 840/856 844/860
f 844/860 840/856 841/857
f 841/857 842/855 769/859
f 769/859 842/855 763/869
f 848/868 833/849 824/870
f 847/867 849/871 840/856
f 840/856 849/871 843/858
f 404/283 417/299 850/872
f 446/338 850/872 415/297
f 415/297 850/872 417/299
f 398/267 354/215 851/873
f 851/873 354/215 356/217
f 851/873 356/217 344/200
f 853/876 852/875 854/874
f 856/878 855/877 854/874
f 854/874 855/877 853/876
f 858/881 857/880 859/879
f 859/879 857/880 860/882
f 862/885 861/884 858/883
f 858/883 861/884 857/886
f 864/888 863/887 862/885
f 862/885 863/887 861/884
f 866/890 865/889 864/888
f 864/888 865/889 863/887
f 868/893 867/892 869/891
f 869/891 867/892 870/894
f 867/892 871/895 870/894
f 870/894 871/895 872/896
f 871/895 873/897 872/896
f 872/896 873/897 874/898
f 873/901 875/900 874/899
f 874/899 875/900 876/902
f 852/875 877/903 868/893
f 868/893 877/903 867/892
f 877/903 878/904 867/892
f 867/892 878/904 871/895
f 878/904 879/905 871/895
f 871/895 879/905 873/897
f 879/906 856/878 873/901
f 873/901 856/878 875/900
f 881/908 880/907 852/875
f 852/875 880/907 877/903
f 880/907 882/909 877/903
f 877/903 882/909 878/904
f 882/909 883/910 878/904
f 878/904 883/910 879/905
f 883/911 855/877 879/906
f 879/906 855/877 856/878
f 885/914 884/913 886/912
f 886/912 884/913 887/915
f 889/918 888/917 890/916
f 890/916 888/917 887/915
f 891/920 885/914 892/919
f 892/919 885/914 886/912
f 894/922 893/921 886/912
f 886/912 893/921 892/919
f 895/924 891/920 896/923
f 896/923 891/920 892/919
f 893/921 897/925 892/919
f 892/919 897/925 896/923
f 898/927 895/924 899/926
f 899/926 895/924 896/923
f 897/925 900/928 896/923
f 896/923 900/928 899/926
f 902/930 901/929 889/918
f 889/918 901/929 888/917
f 904/932 903/931 902/930
f 902/930 903/931 901/929
f 858/934 905/933 904/932
f 904/932 905/933 903/931
f 859/936 884/913 858/935
f 858/935 884/913 905/937
f 891/920 906/938 885/914
f 885/914 906/938 907/939
f 906/942 908/941 907/940
f 907/940 908/941 909/943
f 908/941 910/944 909/943
f 909/943 910/944 911/945
f 910/944 893/921 911/945
f 911/945 893/921 894/922
f 895/924 912/946 891/920
f 891/920 912/946 906/938
f 912/948 913/947 906/942
f 906/942 913/947 908/941
f 913/947 914/949 908/941
f 908/941 914/949 910/944
f 914/949 897/925 910/944
f 910/944 897/925 893/921
f 898/927 915/950 895/924
f 895/924 915/950 912/946
f 915/952 916/951 912/948
f 912/948 916/951 913/947
f 916/951 917/953 913/947
f 913/947 917/953 914/949
f 917/953 900/928 914/949
f 914/949 900/928 897/925
f 919/956 918/955 920/954
f 920/954 918/955 921/957
f 923/960 922/959 924/958
f 924/958 922/959 921/957
f 925/962 919/956 926/961
f 926/961 919/956 920/954
f 928/964 927/963 920/954
f 920/954 927/963 926/961
f 929/966 925/962 930/965
f 930/965 925/962 926/961
f 927/963 931/967 926/961
f 926/961 931/967 930/965
f 932/969 929/966 933/968
f 933/968 929/966 930/965
f 931/967 934/970 930/965
f 930/965 934/970 933/968
f 935/972 918/955 936/971
f 936/971 918/955 937/973
f 936/971 937/973 938/974
f 938/974 937/973 939/975
f 938/974 939/975 940/976
f 940/976 939/975 941/977
f 940/979 941/978 923/960
f 923/960 941/978 922/959
f 925/962 942/980 919/956
f 919/956 942/980 943/981
f 942/980 944/982 943/981
f 943/981 944/982 945/983
f 944/982 946/984 945/983
f 945/983 946/984 947/985
f 946/987 927/963 947/986
f 947/986 927/963 928/964
f 942/980 925/962 948/988
f 948/988 925/962 929/966
f 932/969 949/989 929/966
f 929/966 949/989 948/988
f 944/982 942/980 950/990
f 950/990 942/980 948/988
f 949/989 951/991 948/988
f 948/988 951/991 950/990
f 946/984 944/982 952/992
f 952/992 944/982 950/990
f 951/991 953/993 950/990
f 950/990 953/993 952/992
f 927/963 946/987 931/967
f 931/967 946/987 952/994
f 953/995 934/970 952/994
f 952/994 934/970 931/967
f 855/877 883/911 853/876
f 853/876 883/911 954/996
f 954/996 880/907 853/876
f 853/876 880/907 881/908
f 880/907 954/996 882/909
f 883/910 882/909 954/996
f 955/997 899/926 917/953
f 917/953 899/926 900/928
f 899/926 955/997 898/927
f 898/927 955/997 915/950
f 915/952 955/997 916/951
f 917/953 916/951 955/997
f 957/1000 956/999 958/998
f 958/998 956/999 959/1001
f 961/1003 960/1002 957/1000
f 957/1000 960/1002 956/999
f 959/1001 962/1004 958/998
f 958/998 962/1004 963/1005
f 963/1005 962/1004 964/1006
f 964/1006 962/1004 965/1007
f 965/1007 966/1008 964/1006
f 964/1006 966/1008 967/1009
f 966/1011 960/1002 967/1010
f 967/1010 960/1002 961/1003
f 960/1002 966/1011 956/999
f 956/999 966/1011 968/1012
f 962/1004 959/1001 968/1012
f 968/1012 959/1001 956/999
f 962/1004 968/1013 965/1007
f 966/1008 965/1007 968/1013
f 970/1015 969/1014 953/995
f 953/995 969/1014 934/970
f 969/1014 970/1015 932/969
f 932/969 970/1015 949/989
f 933/968 934/970 969/1014
f 969/1014 932/969 933/968
f 949/989 970/1016 951/991
f 953/993 951/991 970/1016
f 890/916 887/915 859/936
f 859/936 887/915 884/913
f 886/912 887/915 894/922
f 894/922 887/915 888/917
f 894/922 888/917 911/945
f 911/945 888/917 901/929
f 911/945 901/929 909/943
f 909/943 901/929 903/931
f 909/943 903/931 907/940
f 907/940 903/931 905/933
f 907/939 905/937 885/914
f 885/914 905/937 884/913
f 972/1018 971/1017 866/890
f 866/890 971/1017 865/889
f 973/1019 971/1017 876/902
f 876/902 971/1017 860/882
f 876/902 860/882 874/899
f 874/899 860/882 857/880
f 874/898 857/886 872/896
f 872/896 857/886 861/884
f 872/896 861/884 870/894
f 870/894 861/884 863/887
f 870/894 863/887 869/891
f 869/891 863/887 865/889
f 824/837 822/835 923/1020
f 923/1020 822/835 819/833
f 974/1022 820/834 975/1021
f 975/1021 820/834 821/832
f 828/841 976/1023 821/832
f 821/832 976/1023 975/1021
f 958/998 974/1022 957/1000
f 957/1000 974/1022 975/1021
f 976/1023 961/1003 975/1021
f 975/1021 961/1003 957/1000
f 864/1025 830/843 866/1024
f 866/1024 830/843 823/836
f 924/958 921/957 935/972
f 935/972 921/957 918/955
f 920/954 921/957 928/964
f 928/964 921/957 922/959
f 928/964 922/959 947/986
f 947/986 922/959 941/978
f 947/985 941/977 945/983
f 945/983 941/977 939/975
f 945/983 939/975 943/981
f 943/981 939/975 937/973
f 943/981 937/973 919/956
f 919/956 937/973 918/955
f 978/1028 977/1027 979/1026
f 979/1026 977/1027 980/1029
f 981/1031 977/1027 982/1030
f 982/1030 977/1027 983/1032
f 985/1035 984/1034 986/1033
f 986/1033 984/1034 987/1036
f 989/1038 988/1037 985/1035
f 985/1035 988/1037 984/1034
f 991/1041 990/1040 992/1039
f 992/1039 990/1040 993/1042
f 994/1044 992/1039 995/1043
f 995/1043 992/1039 996/1045
f 997/1047 990/1040 989/1046
f 989/1046 990/1040 988/1048
f 981/1031 993/1042 997/1047
f 997/1047 993/1042 990/1040
f 979/1026 980/1029 998/1049
f 998/1049 980/1029 999/1050
f 1001/1053 1000/1052 1002/1051
f 1002/1051 1000/1052 1003/1054
f 1002/1051 1003/1054 1004/1055
f 1004/1055 1003/1054 983/1056
f 982/1030 1005/1057 981/1031
f 981/1031 1005/1057 993/1042
f 1006/1058 988/1048 991/1041
f 991/1041 988/1048 990/1040
f 998/1060 999/1059 1001/1053
f 1001/1053 999/1059 1000/1052
f 1007/1062 984/1034 1006/1061
f 1006/1061 984/1034 988/1037
f 996/1065 1005/1064 1008/1063
f 1008/1063 1005/1064 987/1036
f 1008/1063 987/1036 1007/1062
f 1007/1062 987/1036 984/1034
f 1009/1066 991/1041 994/1044
f 994/1044 991/1041 992/1039
f 986/1033 987/1036 982/1067
f 982/1067 987/1036 1005/1064
f 1010/1068 1006/1058 1009/1066
f 1009/1066 1006/1058 991/1041
f 1011/1070 1007/1062 1010/1069
f 1010/1069 1007/1062 1006/1061
f 1012/1071 1008/1063 1011/1070
f 1011/1070 1008/1063 1007/1062
f 995/1072 996/1065 1012/1071
f 1012/1071 996/1065 1008/1063
f 992/1039 993/1042 996/1045
f 996/1045 993/1042 1005/1057
f 1004/1073 983/1032 978/1028
f 978/1028 983/1032 977/1027
f 982/1067 983/1056 986/1033
f 986/1033 983/1056 1003/1054
f 986/1033 1003/1054 985/1035
f 985/1035 1003/1054 1000/1052
f 985/1035 1000/1052 989/1038
f 989/1038 1000/1052 999/1059
f 989/1046 999/1050 997/1047
f 997/1047 999/1050 980/1029
f 997/1047 980/1029 981/1031
f 981/1031 980/1029 977/1027
f 995/1072 1012/1071 994/1074
f 994/1074 1012/1071 1013/1075
f 994/1074 1013/1075 1009/1076
f 1009/1076 1013/1075 1010/1069
f 1012/1071 1011/1070 1013/1075
f 1010/1069 1013/1075 1011/1070
f 890/1078 834/850 889/1077
f 889/1077 834/850 1014/1079
f 1014/1079 1015/1080 889/1077
f 889/1077 1015/1080 902/1081
f 826/840 827/838 864/1082
f 864/1082 827/838 830/845
f 940/1083 825/839 826/840
f 866/1024 823/836 824/837
f 935/1085 845/865 924/1084
f 924/1084 845/865 848/868
f 936/1086 847/867 935/1085
f 935/1085 847/867 845/865
f 746/864 763/1087 978/1028
f 978/1028 763/1087 1004/1073
f 923/1020 819/833 940/1083
f 940/1083 819/833 825/839
f 849/871 862/1089 1016/1088
f 974/1022 1017/1090 820/834
f 820/834 1017/1090 832/847
f 1017/1090 1018/1091 832/847
f 832/847 1018/1091 831/844
f 978/1028 839/854 746/864
f 1018/1091 1019/1092 831/844
f 831/844 1019/1092 829/846
f 1019/1093 976/1023 829/842
f 862/1089 858/1095 904/1094
f 862/1089 904/1094 1016/1088
f 978/1028 979/1026 839/854
f 839/854 979/1026 835/848
f 849/871 826/1096 862/1089
f 829/842 976/1023 828/841
f 958/998 963/1005 974/1022
f 974/1022 963/1005 1017/1090
f 963/1005 964/1006 1017/1090
f 1017/1090 964/1006 1018/1091
f 964/1006 967/1009 1018/1091
f 1018/1091 967/1009 1019/1092
f 835/848 979/1026 834/850
f 834/850 979/1026 1014/1079
f 1016/1088 1015/1097 1001/1053
f 1001/1053 1015/1097 998/1060
f 1015/1097 1016/1088 902/1098
f 902/1098 1016/1088 904/1094
f 979/1026 998/1049 1014/1079
f 1014/1079 998/1049 1015/1080
f 967/1010 961/1003 1019/1093
f 1019/1093 961/1003 976/1023
f 869/891 865/889 973/1019
f 973/1019 865/889 971/1017
f 859/879 860/882 972/1018
f 972/1018 860/882 971/1017
f 1002/1051 1004/1055 842/855
f 842/855 1004/1055 763/869
f 824/870 833/849 866/1099
f 972/1101 834/850 859/1100
f 924/1084 848/868 923/1102
f 833/849 834/850 972/1101
f 868/893 869/891 1020/1103
f 890/1078 859/1100 834/850
f 972/1101 866/1099 833/849
f 824/870 923/1102 848/868
f 847/867 936/1086 938/1104
f 826/1096 938/1104 940/1105
f 938/1104 826/1096 849/871
f 847/867 938/1104 849/871
f 843/858 1001/1053 842/855
f 842/855 1001/1053 1002/1051
f 1016/1088 1001/1053 849/871
f 849/871 1001/1053 843/858
f 1020/1103 869/891 973/1019
f 876/902 875/900 973/1019
f 864/1106 862/1089 826/1096
f 973/1019 875/900 1020/1103
f 852/875 868/893 854/874
f 854/874 868/893 1020/1103
f 875/900 856/878 1020/1103
f 1020/1103 856/878 854/874
f 881/908 852/875 853/876
f 1022/1109 1021/1108 1023/1107
f 1023/1107 1021/1108 1024/1110
f 1026/1112 1025/1111 1021/1108
f 1021/1108 1025/1111 1024/1110
f 1027/1114 1026/1112 1028/1113
f 1028/1113 1026/1112 1021/1108
f 1029/1116 1027/1114 1030/1115
f 1030/1115 1027/1114 1028/1113
f 1032/1119 1031/1118 1030/1117
f 1030/1117 1031/1118 1029/1120
f 1032/1119 1033/1121 1031/1118
f 1031/1118 1033/1121 1034/1122
f 1033/1121 1024/1110 1034/1122
f 1034/1122 1024/1110 1025/1111
f 1036/1125 1035/1124 1037/1123
f 1037/1123 1035/1124 1038/1126
f 1037/1123 1038/1126 1039/1127
f 1039/1127 1038/1126 1040/1128
f 1031/1118 1035/1124 1029/1120
f 1029/1120 1035/1124 1041/1129
f 1043/1132 1042/1131 1044/1130
f 1044/1130 1042/1131 1045/1133
f 1039/1127 1040/1128 1043/1132
f 1043/1132 1040/1128 1042/1131
f 1044/1130 1045/1133 1046/1134
f 1046/1134 1045/1133 1041/1135
f 1046/1136 1041/1129 1036/1125
f 1036/1125 1041/1129 1035/1124
f 1029/1116 1041/1135 1027/1114
f 1027/1114 1041/1135 1045/1133
f 1027/1114 1045/1133 1026/1112
f 1026/1112 1045/1133 1042/1131
f 1026/1112 1042/1131 1025/1111
f 1025/1111 1042/1131 1040/1128
f 1025/1111 1040/1128 1034/1122
f 1034/1122 1040/1128 1038/1126
f 1034/1122 1038/1126 1031/1118
f 1031/1118 1038/1126 1035/1124
f 1043/1132 1044/1130 1047/1137
f 1047/1137 1044/1130 1048/1138
f 1039/1127 1043/1132 1049/1139
f 1049/1139 1043/1132 1047/1137
f 1044/1130 1046/1134 1048/1138
f 1048/1138 1046/1134 1050/1140
f 1036/1125 1051/1141 1046/1136
f 1046/1136 1051/1141 1050/1142
f 1037/1123 1052/1143 1036/1125
f 1036/1125 1052/1143 1051/1141
f 1049/1139 1052/1143 1039/1127
f 1039/1127 1052/1143 1037/1123
f 1052/1143 1053/1144 1051/1141
f 1051/1141 1053/1144 1054/1145
f 1051/1141 1054/1145 1050/1142
f 1050/1142 1054/1145 1055/1146
f 1050/1140 1055/1147 1048/1138
f 1048/1138 1055/1147 1056/1148
f 1048/1138 1056/1148 1047/1137
f 1047/1137 1056/1148 1057/1149
f 1047/1137 1057/1149 1058/1150
f 1058/1150 1057/1149 1059/1151
f 1058/1150 1059/1151 1060/1152
f 1060/1152 1059/1151 1061/1153
f 1062/1154 1049/1139 1058/1150
f 1058/1150 1049/1139 1047/1137
f 1064/1156 1063/1155 1052/1143
f 1052/1143 1063/1155 1053/1144
f 1064/1156 1052/1143 1062/1154
f 1062/1154 1052/1143 1049/1139
f 1060/1152 1065/1157 1058/1150
f 1058/1150 1065/1157 1062/1154
f 1064/1156 1062/1154 1066/1158
f 1066/1158 1062/1154 1065/1157
f 1067/1160 1063/1155 1068/1159
f 1068/1159 1063/1155 1069/1161
f 1071/1164 1070/1163 1072/1162
f 1072/1162 1070/1163 1073/1165
f 1065/1157 1070/1163 1066/1158
f 1066/1158 1070/1163 1074/1166
f 1072/1162 1075/1167 1071/1164
f 1071/1164 1075/1167 1076/1168
f 1071/1164 1076/1168 1077/1169
f 1077/1169 1076/1168 1078/1170
f 1066/1158 1074/1166 1069/1161
f 1069/1161 1074/1166 1079/1171
f 1061/1153 1080/1172 1060/1152
f 1060/1152 1080/1172 1073/1165
f 1066/1158 1069/1161 1064/1156
f 1064/1156 1069/1161 1063/1155
f 1069/1161 1079/1171 1068/1159
f 1068/1159 1079/1171 1081/1173
f 1082/1175 1078/1170 1083/1174
f 1083/1174 1078/1170 1076/1168
f 1083/1174 1076/1168 1084/1176
f 1084/1176 1076/1168 1075/1167
f 1086/1178 1085/1177 1061/1153
f 1061/1153 1085/1177 1080/1172
f 1086/1178 1061/1153 1087/1179
f 1087/1179 1061/1153 1059/1151
f 1087/1179 1059/1151 1088/1180
f 1088/1180 1059/1151 1057/1149
f 1088/1180 1057/1149 1089/1181
f 1089/1181 1057/1149 1056/1148
f 1089/1181 1056/1148 1090/1182
f 1090/1182 1056/1148 1055/1147
f 1090/1184 1055/1146 1091/1183
f 1091/1183 1055/1146 1054/1145
f 1091/1183 1054/1145 1092/1185
f 1092/1185 1054/1145 1053/1144
f 1092/1185 1053/1144 1067/1160
f 1067/1160 1053/1144 1063/1155
f 1077/1169 1074/1166 1071/1164
f 1071/1164 1074/1166 1070/1163
f 1078/1170 1079/1171 1077/1169
f 1077/1169 1079/1171 1074/1166
f 1082/1175 1081/1173 1078/1170
f 1078/1170 1081/1173 1079/1171
f 1083/1188 1093/1187 1082/1186
f 1082/1186 1093/1187 1081/1189
f 1084/1191 1085/1190 1083/1188
f 1083/1188 1085/1190 1093/1187
f 1075/1167 1080/1172 1084/1176
f 1084/1176 1080/1172 1085/1177
f 1092/1194 1094/1193 1091/1192
f 1091/1192 1094/1193 1095/1195
f 1089/1197 1095/1195 1088/1196
f 1088/1196 1095/1195 1094/1193
f 1091/1192 1095/1195 1090/1198
f 1089/1197 1090/1198 1095/1195
f 1088/1196 1094/1193 1087/1199
f 1087/1199 1094/1193 1096/1200
f 1092/1194 1067/1201 1094/1193
f 1094/1193 1067/1201 1096/1200
f 1096/1200 1067/1201 1097/1202
f 1097/1202 1067/1201 1068/1203
f 1087/1199 1096/1200 1086/1204
f 1086/1204 1096/1200 1097/1202
f 1072/1162 1073/1165 1075/1167
f 1075/1167 1073/1165 1080/1172
f 1060/1152 1073/1165 1065/1157
f 1065/1157 1073/1165 1070/1163
f 1068/1203 1081/1189 1097/1202
f 1097/1202 1081/1189 1093/1187
f 1097/1202 1093/1187 1086/1204
f 1086/1204 1093/1187 1085/1190
f 1099/1207 1098/1206 1100/1205
f 1100/1205 1098/1206 1101/1208
f 1102/1210 1100/1205 1103/1209
f 1103/1209 1100/1205 1101/1208
f 1105/1212 1104/1211 1102/1210
f 1102/1210 1104/1211 1100/1205
f 1107/1214 1106/1213 1105/1212
f 1105/1212 1106/1213 1104/1211
f 1108/1217 1106/1216 1109/1215
f 1109/1215 1106/1216 1107/1218
f 1108/1217 1109/1215 1110/1219
f 1110/1219 1109/1215 1111/1220
f 1110/1219 1111/1220 1101/1208
f 1101/1208 1111/1220 1103/1209
f 1113/1223 1112/1222 1114/1221
f 1114/1221 1112/1222 1115/1224
f 1112/1222 1116/1225 1115/1224
f 1115/1224 1116/1225 1117/1226
f 1109/1215 1107/1218 1114/1221
f 1114/1221 1107/1218 1118/1227
f 1120/1230 1119/1229 1121/1228
f 1121/1228 1119/1229 1122/1231
f 1116/1225 1120/1230 1117/1226
f 1117/1226 1120/1230 1121/1228
f 1119/1229 1123/1232 1122/1231
f 1122/1231 1123/1232 1118/1233
f 1123/1234 1113/1223 1118/1227
f 1118/1227 1113/1223 1114/1221
f 1107/1214 1105/1212 1118/1233
f 1118/1233 1105/1212 1122/1231
f 1105/1212 1102/1210 1122/1231
f 1122/1231 1102/1210 1121/1228
f 1102/1210 1103/1209 1121/1228
f 1121/1228 1103/1209 1117/1226
f 1103/1209 1111/1220 1117/1226
f 1117/1226 1111/1220 1115/1224
f 1111/1220 1109/1215 1115/1224
f 1115/1224 1109/1215 1114/1221
f 1120/1230 1124/1235 1119/1229
f 1119/1229 1124/1235 1125/1236
f 1116/1225 1126/1237 1120/1230
f 1120/1230 1126/1237 1124/1235
f 1119/1229 1125/1236 1123/1232
f 1123/1232 1125/1236 1127/1238
f 1113/1223 1123/1234 1128/1239
f 1128/1239 1123/1234 1127/1240
f 1112/1222 1113/1223 1129/1241
f 1129/1241 1113/1223 1128/1239
f 1126/1237 1116/1225 1129/1241
f 1129/1241 1116/1225 1112/1222
f 1129/1241 1128/1239 1130/1242
f 1130/1242 1128/1239 1131/1243
f 1128/1239 1127/1240 1131/1243
f 1131/1243 1127/1240 1132/1244
f 1127/1238 1125/1236 1132/1245
f 1132/1245 1125/1236 1133/1246
f 1125/1236 1124/1235 1133/1246
f 1133/1246 1124/1235 1134/1247
f 1124/1235 1135/1248 1134/1247
f 1134/1247 1135/1248 1136/1249
f 1135/1248 1137/1250 1136/1249
f 1136/1249 1137/1250 1138/1251
f 1139/1252 1135/1248 1126/1237
f 1126/1237 1135/1248 1124/1235
f 1140/1254 1129/1241 1141/1253
f 1141/1253 1129/1241 1130/1242
f 1140/1254 1139/1252 1129/1241
f 1129/1241 1139/1252 1126/1237
f 1137/1250 1135/1248 1142/1255
f 1142/1255 1135/1248 1139/1252
f 1140/1254 1143/1256 1139/1252
f 1139/1252 1143/1256 1142/1255
f 1145/1258 1144/1257 1141/1253
f 1141/1253 1144/1257 1146/1259
f 1148/1262 1147/1261 1149/1260
f 1149/1260 1147/1261 1150/1263
f 1142/1255 1143/1256 1149/1260
f 1149/1260 1143/1256 1151/1264
f 1147/1261 1148/1262 1152/1265
f 1152/1265 1148/1262 1153/1266
f 1148/1262 1154/1267 1153/1266
f 1153/1266 1154/1267 1155/1268
f 1143/1256 1146/1259 1151/1264
f 1151/1264 1146/1259 1156/1269
f 1138/1251 1137/1250 1157/1270
f 1157/1270 1137/1250 1150/1263
f 1143/1256 1140/1254 1146/1259
f 1146/1259 1140/1254 1141/1253
f 1146/1259 1144/1257 1156/1269
f 1156/1269 1144/1257 1158/1271
f 1160/1273 1159/1272 1155/1268
f 1155/1268 1159/1272 1153/1266
f 1159/1272 1161/1274 1153/1266
f 1153/1266 1161/1274 1152/1265
f 1162/1276 1138/1251 1163/1275
f 1163/1275 1138/1251 1157/1270
f 1162/1276 1164/1277 1138/1251
f 1138/1251 1164/1277 1136/1249
f 1164/1277 1165/1278 1136/1249
f 1136/1249 1165/1278 1134/1247
f 1165/1278 1166/1279 1134/1247
f 1134/1247 1166/1279 1133/1246
f 1166/1279 1167/1280 1133/1246
f 1133/1246 1167/1280 1132/1245
f 1167/1282 1168/1281 1132/1244
f 1132/1244 1168/1281 1131/1243
f 1168/1281 1169/1283 1131/1243
f 1131/1243 1169/1283 1130/1242
f 1169/1283 1145/1258 1130/1242
f 1130/1242 1145/1258 1141/1253
f 1154/1267 1148/1262 1151/1264
f 1151/1264 1148/1262 1149/1260
f 1155/1268 1154/1267 1156/1269
f 1156/1269 1154/1267 1151/1264
f 1160/1273 1155/1268 1158/1271
f 1158/1271 1155/1268 1156/1269
f 1159/1286 1160/1285 1170/1284
f 1170/1284 1160/1285 1158/1287
f 1161/1289 1159/1286 1163/1288
f 1163/1288 1159/1286 1170/1284
f 1152/1265 1161/1274 1157/1270
f 1157/1270 1161/1274 1163/1275
f 1169/1292 1168/1291 1171/1290
f 1171/1290 1168/1291 1172/1293
f 1166/1295 1165/1294 1172/1293
f 1172/1293 1165/1294 1171/1290
f 1172/1293 1168/1291 1167/1296
f 1167/1296 1166/1295 1172/1293
f 1165/1294 1164/1297 1171/1290
f 1171/1290 1164/1297 1173/1298
f 1169/1292 1171/1290 1145/1299
f 1145/1299 1171/1290 1173/1298
f 1173/1298 1174/1300 1145/1299
f 1145/1299 1174/1300 1144/1301
f 1164/1297 1162/1302 1173/1298
f 1173/1298 1162/1302 1174/1300
f 1147/1261 1152/1265 1150/1263
f 1150/1263 1152/1265 1157/1270
f 1137/1250 1142/1255 1150/1263
f 1150/1263 1142/1255 1149/1260
f 1144/1301 1174/1300 1158/1287
f 1158/1287 1174/1300 1170/1284
f 1174/1300 1162/1302 1170/1284
f 1170/1284 1162/1302 1163/1288
f 1024/1110 1033/1121 1023/1107
f 1023/1107 1033/1121 1175/1303
f 1028/1113 1021/1108 1176/1304
f 1176/1304 1021/1108 1022/1109
f 1030/1115 1028/1113 1177/1305
f 1177/1305 1028/1113 1176/1304
f 1032/1119 1030/1117 1178/1306
f 1178/1306 1030/1117 1177/1307
f 1033/1121 1032/1119 1175/1303
f 1175/1303 1032/1119 1178/1306
f 1110/1219 1101/1208 1179/1308
f 1179/1308 1101/1208 1098/1206
f 1100/1205 1104/1211 1099/1207
f 1099/1207 1104/1211 1180/1309
f 1104/1211 1106/1213 1180/1309
f 1180/1309 1106/1213 1181/1310
f 1106/1216 1108/1217 1181/1311
f 1181/1311 1108/1217 1182/1312
f 1108/1217 1110/1219 1182/1312
f 1182/1312 1110/1219 1179/1308
f 1184/1315 1183/1314 1185/1313
f 1185/1313 1183/1314 1186/1316
f 1188/1318 1187/1317 1185/1313
f 1185/1313 1187/1317 1184/1315
f 1189/1320 1188/1318 1190/1319
f 1190/1319 1188/1318 1185/1313
f 1186/1316 1191/1321 1185/1313
f 1185/1313 1191/1321 1190/1319
f 1192/1323 1189/1320 1193/1322
f 1193/1322 1189/1320 1190/1319
f 1191/1321 1194/1324 1190/1319
f 1190/1319 1194/1324 1193/1322
f 1195/1326 1192/1323 1196/1325
f 1196/1325 1192/1323 1193/1322
f 1194/1324 1197/1327 1193/1322
f 1193/1322 1197/1327 1196/1325
f 1175/1329 1195/1326 1023/1328
f 1023/1328 1195/1326 1196/1325
f 1198/1331 1189/1320 1199/1330
f 1199/1330 1189/1320 1192/1323
f 1195/1326 1200/1332 1192/1323
f 1192/1323 1200/1332 1199/1330
f 1201/1334 1198/1331 1202/1333
f 1202/1333 1198/1331 1199/1330
f 1200/1332 1203/1335 1199/1330
f 1199/1330 1203/1335 1202/1333
f 1204/1338 1201/1337 1205/1336
f 1205/1336 1201/1337 1202/1339
f 1203/1341 1206/1340 1202/1339
f 1202/1339 1206/1340 1205/1336
f 1191/1321 1204/1338 1194/1324
f 1194/1324 1204/1338 1205/1336
f 1206/1340 1197/1327 1205/1336
f 1205/1336 1197/1327 1194/1324
f 1207/1343 1186/1316 1208/1342
f 1208/1342 1186/1316 1183/1314
f 1210/1346 1209/1345 1211/1344
f 1211/1344 1209/1345 1212/1347
f 1209/1349 1207/1343 1212/1348
f 1212/1348 1207/1343 1208/1342
f 1188/1318 1210/1346 1187/1317
f 1187/1317 1210/1346 1211/1344
f 1204/1338 1191/1321 1207/1343
f 1207/1343 1191/1321 1186/1316
f 1201/1337 1204/1338 1209/1349
f 1209/1349 1204/1338 1207/1343
f 1198/1331 1201/1334 1210/1346
f 1210/1346 1201/1334 1209/1345
f 1189/1320 1198/1331 1188/1318
f 1188/1318 1198/1331 1210/1346
f 1176/1351 1022/1350 1206/1340
f 1206/1340 1022/1350 1197/1327
f 1177/1352 1176/1351 1203/1341
f 1203/1341 1176/1351 1206/1340
f 1178/1354 1177/1353 1200/1332
f 1200/1332 1177/1353 1203/1335
f 1175/1329 1178/1354 1195/1326
f 1195/1326 1178/1354 1200/1332
f 1214/1357 1213/1356 1215/1355
f 1215/1355 1213/1356 1216/1358
f 1217/1360 1213/1356 1218/1359
f 1218/1359 1213/1356 1214/1357
f 1220/1362 1219/1361 1217/1360
f 1217/1360 1219/1361 1213/1356
f 1216/1358 1213/1356 1221/1363
f 1221/1363 1213/1356 1219/1361
f 1223/1365 1222/1364 1220/1362
f 1220/1362 1222/1364 1219/1361
f 1221/1363 1219/1361 1224/1366
f 1224/1366 1219/1361 1222/1364
f 1226/1368 1225/1367 1223/1365
f 1223/1365 1225/1367 1222/1364
f 1224/1366 1222/1364 1227/1369
f 1227/1369 1222/1364 1225/1367
f 1179/1371 1098/1370 1226/1368
f 1226/1368 1098/1370 1225/1367
f 1229/1373 1228/1372 1220/1362
f 1220/1362 1228/1372 1223/1365
f 1226/1368 1223/1365 1230/1374
f 1230/1374 1223/1365 1228/1372
f 1232/1376 1231/1375 1229/1373
f 1229/1373 1231/1375 1228/1372
f 1230/1374 1228/1372 1233/1377
f 1233/1377 1228/1372 1231/1375
f 1235/1380 1234/1379 1232/1378
f 1232/1378 1234/1379 1231/1381
f 1233/1383 1231/1381 1236/1382
f 1236/1382 1231/1381 1234/1379
f 1221/1363 1224/1366 1235/1380
f 1235/1380 1224/1366 1234/1379
f 1236/1382 1234/1379 1227/1369
f 1227/1369 1234/1379 1224/1366
f 1238/1385 1237/1384 1216/1358
f 1216/1358 1237/1384 1215/1355
f 1240/1388 1239/1387 1241/1386
f 1241/1386 1239/1387 1242/1389
f 1241/1391 1242/1390 1238/1385
f 1238/1385 1242/1390 1237/1384
f 1217/1360 1218/1359 1240/1388
f 1240/1388 1218/1359 1239/1387
f 1235/1380 1238/1385 1221/1363
f 1221/1363 1238/1385 1216/1358
f 1232/1378 1241/1391 1235/1380
f 1235/1380 1241/1391 1238/1385
f 1229/1373 1240/1388 1232/1376
f 1232/1376 1240/1388 1241/1386
f 1220/1362 1217/1360 1229/1373
f 1229/1373 1217/1360 1240/1388
f 1180/1393 1236/1382 1099/1392
f 1099/1392 1236/1382 1227/1369
f 1181/1394 1233/1383 1180/1393
f 1180/1393 1233/1383 1236/1382
f 1182/1396 1230/1374 1181/1395
f 1181/1395 1230/1374 1233/1377
f 1179/1371 1226/1368 1182/1396
f 1182/1396 1226/1368 1230/1374
f 1196/1325 1197/1327 1023/1328
f 1023/1328 1197/1327 1022/1350
f 1227/1369 1225/1367 1099/1392
f 1099/1392 1225/1367 1098/1370
f 1244/1399 1243/1398 1245/1397
f 1245/1397 1243/1398 1246/1400
f 1245/1397 1246/1400 1247/1401
f 1247/1401 1246/1400 1248/1402
f 1247/1401 1248/1402 1249/1403
f 1249/1403 1248/1402 1250/1404
f 1252/1407 1251/1406 1253/1405
f 1253/1405 1251/1406 1254/1408
f 1256/1410 1255/1409 1252/1407
f 1252/1407 1255/1409 1251/1406
f 1258/1412 1257/1411 1256/1410
f 1256/1410 1257/1411 1255/1409
f 1260/1414 1259/1413 1258/1412
f 1258/1412 1259/1413 1257/1411
f 1262/1417 1261/1416 1263/1415
f 1263/1415 1261/1416 1264/1418
f 1249/1403 1250/1404 1263/1415
f 1263/1415 1250/1404 1262/1417
f 1265/1420 1244/1399 1266/1419
f 1266/1419 1244/1399 1245/1397
f 1266/1419 1245/1397 1267/1421
f 1267/1421 1245/1397 1247/1401
f 1267/1421 1247/1401 1268/1422
f 1268/1422 1247/1401 1249/1403
f 1269/1424 1252/1407 1270/1423
f 1270/1423 1252/1407 1253/1405
f 1271/1425 1256/1410 1269/1424
f 1269/1424 1256/1410 1252/1407
f 1272/1426 1258/1412 1271/1425
f 1271/1425 1258/1412 1256/1410
f 1273/1427 1260/1414 1272/1426
f 1272/1426 1260/1414 1258/1412
f 1274/1429 1264/1428 1273/1427
f 1273/1427 1264/1428 1260/1414
f 1275/1431 1263/1415 1274/1430
f 1274/1430 1263/1415 1264/1418
f 1268/1422 1249/1403 1275/1431
f 1275/1431 1249/1403 1263/1415
f 1277/1434 1276/1433 1278/1432
f 1277/1434 1278/1432 1279/1435
f 1279/1435 1278/1432 1280/1436
f 1279/1435 1280/1436 1281/1437
f 1283/1440 1282/1439 1284/1438
f 1286/1442 1285/1441 1283/1440
f 1283/1440 1285/1441 1282/1439
f 1286/1442 1287/1443 1285/1441
f 1289/1445 1288/1444 1286/1442
f 1286/1442 1288/1444 1287/1443
f 1291/1447 1290/1446 1289/1445
f 1289/1445 1290/1446 1288/1444
f 1293/1449 1292/1448 1291/1447
f 1291/1447 1292/1448 1290/1450
f 1279/1435 1281/1437 1293/1449
f 1293/1449 1281/1437 1292/1448
f 1294/1452 1277/1434 1295/1451
f 1295/1451 1277/1434 1279/1435
f 1295/1451 1286/1442 1294/1452
f 1294/1452 1286/1442 1283/1440
f 1291/1447 1289/1445 1295/1451
f 1295/1451 1289/1445 1286/1442
f 1295/1451 1279/1435 1291/1447
f 1291/1447 1279/1435 1293/1449
f 1276/1433 1265/1420 1278/1432
f 1278/1432 1265/1420 1266/1419
f 1278/1432 1266/1419 1280/1436
f 1280/1436 1266/1419 1267/1421
f 1280/1436 1267/1421 1281/1437
f 1281/1437 1267/1421 1268/1422
f 1281/1437 1268/1422 1292/1448
f 1292/1448 1268/1422 1275/1431
f 1292/1448 1275/1431 1290/1450
f 1290/1450 1275/1431 1274/1430
f 1290/1446 1274/1429 1288/1444
f 1288/1444 1274/1429 1273/1427
f 1288/1444 1273/1427 1287/1443
f 1287/1443 1273/1427 1272/1426
f 1287/1443 1272/1426 1285/1441
f 1285/1441 1272/1426 1271/1425
f 1285/1441 1271/1425 1282/1439
f 1282/1439 1271/1425 1269/1424
f 1282/1439 1269/1424 1284/1438
f 1284/1438 1269/1424 1270/1423
f 1251/1455 1296/1454 1254/1453
f 1254/1453 1296/1454 1297/1456
f 1255/1458 1298/1457 1251/1455
f 1251/1455 1298/1457 1296/1454
f 1257/1460 1299/1459 1255/1458
f 1255/1458 1299/1459 1298/1457
f 1259/1462 1300/1461 1257/1460
f 1257/1460 1300/1461 1299/1459
f 1262/1465 1301/1464 1261/1463
f 1261/1463 1301/1464 1302/1466
f 1250/1468 1303/1467 1262/1465
f 1262/1465 1303/1467 1301/1464
f 1248/1470 1304/1469 1250/1468
f 1250/1468 1304/1469 1303/1467
f 1246/1472 1305/1471 1248/1470
f 1248/1470 1305/1471 1304/1469
f 1243/1474 1306/1473 1246/1472
f 1246/1472 1306/1473 1305/1471
f 1264/1428 1261/1475 1260/1414
f 1260/1414 1261/1475 1259/1413
f 1261/1463 1302/1466 1259/1462
f 1259/1462 1302/1466 1300/1461
f 1308/1478 1307/1477 1309/1476
f 1309/1476 1307/1477 1310/1479
f 1312/1482 1311/1481 1313/1480
f 1313/1480 1311/1481 1314/1483
f 1311/1481 1315/1484 1314/1483
f 1314/1483 1315/1484 1316/1485
f 1312/1482 1313/1480 1308/1478
f 1309/1476 1310/1479 1317/1486
f 1317/1486 1310/1479 1318/1487
f 1320/1490 1319/1489 1321/1488
f 1321/1488 1319/1489 1322/1491
f 1318/1487 1319/1489 1317/1486
f 1317/1486 1319/1489 1320/1490
f 1324/1494 1323/1493 1325/1492
f 1325/1492 1323/1493 1326/1495
f 1327/1497 1316/1485 1328/1496
f 1328/1496 1316/1485 1315/1484
f 1328/1496 1329/1498 1327/1497
f 1327/1497 1329/1498 1330/1499
f 1326/1495 1330/1499 1331/1500
f 1331/1500 1330/1499 1329/1498
f 1332/1502 1324/1494 1333/1501
f 1333/1501 1324/1494 1325/1492
f 1321/1488 1322/1491 1334/1503
f 1334/1503 1322/1491 1335/1504
f 1335/1504 1332/1502 1334/1503
f 1334/1503 1332/1502 1333/1501
f 1311/1507 1312/1506 1336/1505
f 1315/1508 1311/1507 1336/1505
f 1328/1509 1315/1508 1336/1505
f 1329/1510 1328/1509 1336/1505
f 1325/1513 1331/1512 1336/1511
f 1329/1510 1336/1505 1331/1512
f 1336/1511 1333/1514 1325/1513
f 1336/1511 1334/1515 1333/1514
f 1336/1511 1321/1516 1334/1515
f 1336/1511 1320/1517 1321/1516
f 1336/1511 1317/1518 1320/1517
f 1336/1511 1309/1519 1317/1518
f 1336/1505 1308/1520 1309/1519
f 1336/1505 1312/1506 1308/1520
f 1338/1523 1337/1522 1339/1521
f 1339/1521 1337/1522 1340/1524
f 1323/1493 1341/1526 1342/1525
f 1342/1525 1341/1526 1343/1527
f 1345/1529 1344/1528 1343/1527
f 1343/1527 1344/1528 1342/1525
f 1337/1522 1346/1530 1340/1524
f 1340/1524 1346/1530 1347/1531
f 1344/1528 1345/1529 1348/1532
f 1348/1532 1345/1529 1349/1533
f 1350/1535 1348/1532 1351/1534
f 1351/1534 1348/1532 1349/1533
f 1307/1477 1352/1536 1310/1479
f 1310/1479 1352/1536 1353/1537
f 1307/1477 1354/1538 1352/1536
f 1352/1536 1354/1538 1355/1539
f 1354/1538 1350/1535 1355/1539
f 1355/1539 1350/1535 1351/1534
f 1345/1529 1343/1527 1347/1531
f 1347/1531 1343/1527 1340/1524
f 1343/1527 1341/1526 1340/1524
f 1340/1524 1341/1526 1339/1521
f 1324/1494 1356/1540 1323/1493
f 1323/1493 1356/1540 1341/1526
f 1324/1494 1332/1502 1356/1540
f 1356/1540 1332/1502 1357/1541
f 1358/1542 1357/1541 1335/1504
f 1335/1504 1357/1541 1332/1502
f 1322/1491 1359/1543 1335/1504
f 1335/1504 1359/1543 1358/1542
f 1359/1543 1322/1491 1360/1544
f 1360/1544 1322/1491 1319/1489
f 1361/1545 1318/1487 1353/1537
f 1353/1537 1318/1487 1310/1479
f 1319/1489 1318/1487 1360/1544
f 1360/1544 1318/1487 1361/1545
f 1363/1548 1362/1547 1364/1546
f 1364/1546 1362/1547 1365/1549
f 1338/1523 1339/1521 1366/1550
f 1366/1550 1339/1521 1367/1551
f 1369/1554 1368/1553 1367/1552
f 1367/1552 1368/1553 1366/1555
f 1371/1557 1370/1556 1369/1554
f 1369/1554 1370/1556 1368/1553
f 1373/1560 1372/1559 1374/1558
f 1374/1558 1372/1559 1375/1561
f 1372/1559 1371/1557 1375/1561
f 1375/1561 1371/1557 1369/1554
f 1377/1563 1376/1562 1371/1557
f 1371/1557 1376/1562 1370/1556
f 1371/1557 1372/1559 1377/1563
f 1377/1563 1372/1559 1378/1564
f 1372/1559 1373/1560 1378/1564
f 1378/1564 1373/1560 1379/1565
f 1376/1562 1377/1563 1380/1566
f 1380/1566 1377/1563 1381/1567
f 1381/1567 1377/1563 1378/1568
f 1383/1570 1382/1569 1381/1567
f 1381/1567 1382/1569 1380/1566
f 1379/1571 1383/1570 1378/1568
f 1378/1568 1383/1570 1381/1567
f 1384/1572 1339/1521 1356/1540
f 1356/1540 1339/1521 1341/1526
f 1374/1574 1357/1541 1385/1573
f 1385/1573 1357/1541 1358/1542
f 1357/1541 1374/1574 1356/1540
f 1356/1540 1374/1574 1384/1572
f 1384/1572 1367/1551 1339/1521
f 1384/1575 1374/1558 1375/1561
f 1386/1578 1379/1577 1387/1576
f 1387/1576 1379/1577 1373/1579
f 1365/1549 1383/1580 1364/1546
f 1364/1546 1383/1580 1379/1577
f 1382/1582 1383/1580 1388/1581
f 1388/1581 1383/1580 1365/1549
f 1369/1554 1367/1552 1375/1561
f 1375/1561 1367/1552 1384/1575
f 1362/1547 1389/1583 1365/1549
f 1365/1549 1389/1583 1388/1581
f 1374/1574 1385/1573 1373/1579
f 1373/1579 1385/1573 1387/1576
f 1390/1585 1363/1548 1391/1584
f 1391/1584 1363/1548 1364/1546
f 1391/1584 1364/1546 1386/1578
f 1386/1578 1364/1546 1379/1577
f 1390/1585 1391/1584 1392/1586
f 1392/1586 1391/1584 1393/1587
f 1395/1590 1394/1589 1396/1588
f 1396/1588 1394/1589 1397/1591
f 1399/1594 1398/1593 1400/1592
f 1400/1592 1398/1593 1401/1595
f 1402/1597 1399/1594 1403/1596
f 1403/1596 1399/1594 1400/1592
f 1403/1596 1404/1598 1402/1597
f 1402/1597 1404/1598 1405/1599
f 1395/1590 1405/1599 1394/1589
f 1394/1589 1405/1599 1404/1598
f 1392/1586 1393/1587 1397/1591
f 1397/1591 1393/1587 1396/1588
f 1305/1471 1306/1473 1406/1600
f 1406/1600 1306/1473 1407/1601
f 1304/1469 1305/1471 1408/1602
f 1408/1602 1305/1471 1406/1600
f 1303/1467 1304/1469 1409/1603
f 1409/1603 1304/1469 1408/1602
f 1297/1456 1296/1454 1410/1604
f 1410/1604 1296/1454 1411/1605
f 1296/1454 1298/1457 1411/1605
f 1411/1605 1298/1457 1412/1606
f 1298/1457 1299/1459 1412/1606
f 1412/1606 1299/1459 1413/1607
f 1299/1459 1300/1461 1413/1607
f 1413/1607 1300/1461 1414/1608
f 1300/1461 1302/1466 1414/1608
f 1414/1608 1302/1466 1415/1609
f 1302/1466 1301/1464 1415/1609
f 1415/1609 1301/1464 1416/1610
f 1301/1464 1303/1467 1416/1610
f 1416/1610 1303/1467 1409/1603
f 1389/1583 1362/1547 1407/1601
f 1407/1601 1362/1547 1406/1600
f 1362/1547 1363/1548 1406/1600
f 1406/1600 1363/1548 1408/1602
f 1363/1548 1390/1585 1408/1602
f 1408/1602 1390/1585 1409/1603
f 1390/1585 1392/1586 1409/1603
f 1409/1603 1392/1586 1416/1610
f 1392/1586 1397/1591 1416/1610
f 1416/1610 1397/1591 1415/1609
f 1397/1591 1394/1589 1415/1609
f 1415/1609 1394/1589 1414/1608
f 1394/1589 1404/1598 1414/1608
f 1414/1608 1404/1598 1413/1607
f 1404/1598 1403/1596 1413/1607
f 1413/1607 1403/1596 1412/1606
f 1403/1596 1400/1592 1412/1606
f 1412/1606 1400/1592 1411/1605
f 1400/1592 1401/1595 1411/1605
f 1411/1605 1401/1595 1410/1604
f 1398/1593 1399/1594 1417/1611
f 1417/1611 1399/1594 1418/1612
f 1399/1594 1402/1597 1418/1612
f 1418/1612 1402/1597 1419/1613
f 1402/1597 1405/1599 1419/1613
f 1419/1613 1405/1599 1420/1614
f 1405/1599 1395/1590 1420/1614
f 1420/1614 1395/1590 1421/1615
f 1423/1618 1422/1617 1424/1616
f 1424/1616 1422/1617 1421/1615
f 1425/1620 1423/1618 1426/1619
f 1426/1619 1423/1618 1424/1616
f 1387/1576 1425/1620 1386/1578
f 1386/1578 1425/1620 1426/1619
f 1422/1617 1427/1621 1421/1615
f 1421/1615 1427/1621 1420/1614
f 1395/1590 1396/1588 1421/1615
f 1421/1615 1396/1588 1424/1616
f 1396/1588 1393/1587 1424/1616
f 1424/1616 1393/1587 1426/1619
f 1393/1587 1391/1584 1426/1619
f 1426/1619 1391/1584 1386/1578
f 1427/1621 1428/1622 1420/1614
f 1420/1614 1428/1622 1419/1613
f 1428/1622 1429/1623 1419/1613
f 1419/1613 1429/1623 1418/1612
f 1429/1623 1430/1624 1418/1612
f 1418/1612 1430/1624 1417/1611
f 1359/1543 1431/1625 1358/1542
f 1358/1542 1431/1625 1385/1573
f 1385/1573 1431/1625 1387/1576
f 1387/1576 1431/1625 1425/1620
f 1359/1543 1360/1544 1431/1625
f 1431/1625 1360/1544 1432/1626
f 1431/1625 1432/1626 1425/1620
f 1425/1620 1432/1626 1433/1627
f 1433/1627 1434/1628 1425/1620
f 1425/1620 1434/1628 1423/1618
f 1435/1629 1422/1617 1434/1628
f 1434/1628 1422/1617 1423/1618
f 1436/1631 1430/1624 1437/1630
f 1437/1630 1430/1624 1429/1623
f 1429/1623 1428/1622 1437/1630
f 1437/1630 1428/1622 1438/1632
f 1439/1633 1438/1632 1427/1621
f 1427/1621 1438/1632 1428/1622
f 1440/1634 1439/1633 1422/1617
f 1422/1617 1439/1633 1427/1621
f 1441/1635 1440/1634 1435/1629
f 1435/1629 1440/1634 1422/1617
f 1353/1537 1352/1536 1442/1636
f 1442/1636 1352/1536 1443/1637
f 1353/1537 1442/1636 1361/1545
f 1361/1545 1442/1636 1444/1638
f 1361/1545 1444/1638 1360/1544
f 1360/1544 1444/1638 1432/1626
f 1445/1639 1443/1637 1355/1539
f 1355/1539 1443/1637 1352/1536
f 1351/1534 1446/1640 1355/1539
f 1355/1539 1446/1640 1445/1639
f 1446/1640 1351/1534 1447/1641
f 1447/1641 1351/1534 1349/1533
f 1447/1641 1349/1533 1448/1642
f 1448/1642 1349/1533 1345/1529
f 1449/1644 1347/1531 1450/1643
f 1450/1643 1347/1531 1346/1530
f 1448/1642 1345/1529 1449/1644
f 1449/1644 1345/1529 1347/1531
f 1436/1631 1437/1630 1451/1645
f 1451/1645 1437/1630 1452/1646
f 1437/1630 1438/1632 1452/1646
f 1452/1646 1438/1632 1453/1647
f 1440/1634 1441/1635 1454/1648
f 1454/1648 1441/1635 1455/1649
f 1439/1633 1440/1634 1456/1650
f 1456/1650 1440/1634 1454/1648
f 1456/1650 1453/1647 1439/1633
f 1439/1633 1453/1647 1438/1632
f 1457/1652 1455/1649 1458/1651
f 1458/1651 1455/1649 1441/1635
f 1435/1629 1459/1653 1441/1635
f 1441/1635 1459/1653 1458/1651
f 1435/1629 1434/1628 1459/1653
f 1459/1653 1434/1628 1460/1654
f 1434/1628 1433/1627 1460/1654
f 1460/1654 1433/1627 1461/1655
f 1433/1627 1432/1626 1461/1655
f 1461/1655 1432/1626 1444/1638
f 1458/1651 1462/1657 1463/1656
f 1463/1656 1462/1657 1464/1658
f 1465/1659 1457/1652 1463/1656
f 1463/1656 1457/1652 1458/1651
f 1467/1662 1466/1661 1468/1660
f 1468/1660 1466/1661 1469/1663
f 1471/1665 1470/1664 1469/1663
f 1469/1663 1470/1664 1468/1660
f 1470/1664 1471/1665 1463/1666
f 1463/1666 1471/1665 1465/1667
f 1473/1670 1472/1669 1474/1668
f 1474/1668 1472/1669 1475/1671
f 1477/1674 1476/1673 1478/1672
f 1478/1672 1476/1673 1479/1675
f 1481/1678 1480/1677 1482/1676
f 1482/1676 1480/1677 1483/1679
f 1480/1677 1484/1680 1483/1679
f 1483/1679 1484/1680 1485/1681
f 1484/1680 1473/1682 1485/1681
f 1485/1681 1473/1682 1474/1683
f 1472/1669 1486/1684 1475/1671
f 1475/1671 1486/1684 1487/1685
f 1486/1684 1488/1686 1487/1685
f 1487/1685 1488/1686 1489/1687
f 1454/1648 1455/1649 1489/1687
f 1489/1687 1455/1649 1487/1685
f 1455/1649 1457/1652 1487/1685
f 1487/1685 1457/1652 1475/1671
f 1457/1652 1465/1659 1475/1671
f 1475/1671 1465/1659 1474/1668
f 1476/1690 1490/1689 1491/1688
f 1491/1688 1490/1689 1492/1691
f 1465/1667 1471/1665 1474/1683
f 1474/1683 1471/1665 1485/1681
f 1471/1665 1469/1663 1485/1681
f 1485/1681 1469/1663 1483/1679
f 1469/1663 1466/1661 1483/1679
f 1483/1679 1466/1661 1482/1676
f 1488/1686 1493/1692 1489/1687
f 1489/1687 1493/1692 1494/1693
f 1493/1692 1495/1694 1494/1693
f 1494/1693 1495/1694 1496/1695
f 1496/1695 1451/1645 1494/1693
f 1494/1693 1451/1645 1452/1646
f 1478/1672 1497/1697 1498/1696
f 1452/1646 1453/1647 1494/1693
f 1456/1650 1454/1648 1489/1687
f 1456/1650 1489/1687 1453/1647
f 1453/1647 1489/1687 1494/1693
f 1479/1675 1499/1698 1478/1672
f 1478/1672 1499/1698 1497/1697
f 1490/1689 1443/1637 1492/1691
f 1492/1691 1443/1637 1445/1639
f 1501/1701 1500/1700 1502/1699
f 1504/1704 1503/1703 1505/1702
f 1505/1702 1503/1703 1506/1705
f 1507/1708 1503/1707 1508/1706
f 1508/1706 1503/1707 1509/1709
f 1500/1700 1510/1710 1508/1706
f 1508/1706 1510/1710 1511/1711
f 1508/1706 1511/1711 1507/1708
f 1501/1701 1510/1710 1500/1700
f 1505/1702 1460/1654 1504/1704
f 1504/1704 1460/1654 1461/1655
f 1461/1655 1444/1638 1504/1704
f 1504/1704 1444/1638 1442/1636
f 1477/1674 1478/1672 1512/1712
f 1509/1709 1477/1674 1512/1712
f 1512/1712 1500/1700 1508/1706
f 1503/1707 1476/1673 1509/1709
f 1509/1709 1476/1673 1477/1674
f 1512/1712 1508/1706 1509/1709
f 1478/1672 1500/1700 1512/1712
f 1513/1713 1502/1699 1478/1672
f 1478/1672 1502/1699 1500/1700
f 1498/1696 1513/1713 1478/1672
f 1507/1708 1511/1711 1506/1714
f 1506/1714 1511/1711 1464/1715
f 1507/1708 1506/1714 1503/1707
f 1511/1711 1510/1710 1464/1715
f 1464/1715 1510/1710 1514/1716
f 1515/1717 1499/1698 1479/1675
f 1491/1718 1515/1717 1479/1675
f 1476/1690 1503/1703 1490/1689
f 1490/1689 1503/1703 1504/1704
f 1476/1673 1491/1718 1479/1675
f 1515/1717 1516/1719 1499/1698
f 1499/1698 1516/1719 1497/1697
f 1517/1722 1516/1721 1515/1720
f 1516/1719 1518/1723 1497/1697
f 1497/1697 1518/1723 1498/1696
f 1516/1721 1517/1722 1518/1724
f 1518/1724 1517/1722 1519/1725
f 1518/1723 1520/1726 1498/1696
f 1498/1696 1520/1726 1513/1713
f 1520/1726 1518/1724 1519/1725
f 1520/1726 1521/1727 1513/1713
f 1513/1713 1521/1727 1502/1699
f 1501/1701 1502/1699 1522/1728
f 1522/1728 1502/1699 1521/1727
f 1442/1636 1443/1637 1504/1704
f 1504/1704 1443/1637 1490/1689
f 1522/1728 1514/1716 1510/1710
f 1510/1710 1501/1701 1522/1728
f 1524/1730 1523/1729 1521/1727
f 1521/1727 1523/1729 1522/1728
f 1521/1727 1520/1726 1524/1730
f 1524/1730 1520/1726 1519/1725
f 1522/1728 1523/1729 1514/1731
f 1506/1705 1464/1658 1505/1702
f 1505/1702 1464/1658 1462/1657
f 1462/1657 1459/1653 1505/1702
f 1505/1702 1459/1653 1460/1654
f 1514/1732 1463/1656 1464/1658
f 1462/1657 1458/1651 1459/1653
f 1467/1662 1468/1660 1525/1733
f 1525/1733 1468/1660 1526/1734
f 1526/1734 1468/1660 1527/1735
f 1527/1735 1468/1660 1470/1664
f 1527/1735 1528/1736 1526/1734
f 1526/1734 1528/1736 1529/1737
f 1525/1733 1526/1734 1530/1738
f 1530/1738 1526/1734 1529/1737
f 1531/1740 1529/1737 1532/1739
f 1532/1739 1529/1737 1528/1736
f 1529/1737 1531/1740 1530/1738
f 1530/1738 1531/1740 1533/1741
f 1531/1740 1534/1742 1533/1741
f 1533/1741 1534/1742 1535/1743
f 1534/1742 1531/1740 1536/1744
f 1536/1744 1531/1740 1532/1739
f 1535/1743 1534/1742 1537/1745
f 1537/1745 1534/1742 1538/1746
f 1538/1746 1539/1747 1537/1745
f 1537/1745 1539/1747 1540/1748
f 1541/1750 1540/1748 1542/1749
f 1542/1749 1540/1748 1539/1747
f 1544/1753 1543/1752 1545/1751
f 1545/1751 1543/1752 1546/1754
f 1547/1756 1543/1752 1548/1755
f 1548/1755 1543/1752 1544/1753
f 1549/1758 1446/1640 1550/1757
f 1550/1757 1446/1640 1447/1641
f 1448/1642 1548/1755 1447/1641
f 1447/1641 1548/1755 1550/1757
f 1551/1760 1547/1756 1552/1759
f 1552/1759 1547/1756 1548/1755
f 1552/1759 1449/1644 1551/1760
f 1551/1760 1449/1644 1450/1643
f 1449/1644 1552/1759 1448/1642
f 1448/1642 1552/1759 1548/1755
f 1541/1762 1542/1761 1546/1754
f 1546/1754 1542/1761 1545/1751
f 1553/1763 1538/1746 1536/1744
f 1536/1744 1538/1746 1534/1742
f 1539/1747 1538/1746 1554/1764
f 1554/1764 1538/1746 1553/1763
f 1542/1749 1539/1747 1555/1765
f 1555/1765 1539/1747 1554/1764
f 1542/1761 1555/1766 1545/1751
f 1545/1751 1555/1766 1556/1767
f 1545/1751 1556/1767 1544/1753
f 1544/1753 1556/1767 1557/1768
f 1548/1755 1544/1753 1550/1757
f 1550/1757 1544/1753 1557/1768
f 1557/1768 1558/1769 1550/1757
f 1550/1757 1558/1769 1549/1758
f 1556/1767 1559/1770 1557/1768
f 1557/1768 1559/1770 1558/1769
f 1556/1767 1555/1766 1559/1770
f 1559/1772 1555/1765 1560/1771
f 1560/1771 1555/1765 1554/1764
f 1560/1771 1554/1764 1561/1773
f 1561/1773 1554/1764 1553/1763
f 1561/1773 1536/1744 1562/1774
f 1562/1774 1536/1744 1532/1739
f 1561/1773 1553/1763 1536/1744
f 1528/1736 1563/1775 1532/1739
f 1532/1739 1563/1775 1562/1774
f 1527/1735 1564/1776 1528/1736
f 1528/1736 1564/1776 1563/1775
f 1549/1758 1565/1777 1446/1640
f 1446/1640 1565/1777 1445/1639
f 1566/1778 1492/1691 1565/1777
f 1565/1777 1492/1691 1445/1639
f 1492/1691 1566/1778 1491/1688
f 1491/1688 1566/1778 1567/1779
f 1558/1780 1566/1778 1549/1758
f 1549/1758 1566/1778 1565/1777
f 1558/1780 1559/1781 1566/1778
f 1566/1778 1559/1781 1567/1779
f 1567/1783 1559/1772 1568/1782
f 1568/1782 1559/1772 1560/1771
f 1562/1774 1568/1782 1561/1773
f 1561/1773 1568/1782 1560/1771
f 1564/1776 1527/1735 1463/1666
f 1463/1666 1527/1735 1470/1664
f 1564/1776 1463/1666 1523/1784
f 1523/1784 1463/1666 1514/1785
f 1519/1787 1563/1775 1524/1786
f 1524/1786 1563/1775 1564/1776
f 1524/1786 1564/1776 1523/1784
f 1568/1782 1515/1788 1567/1783
f 1567/1783 1515/1788 1491/1789
f 1517/1790 1568/1782 1563/1775
f 1563/1775 1568/1782 1562/1774
f 1517/1790 1515/1788 1568/1782
f 1519/1787 1517/1790 1563/1775
f 1244/1399 1569/1791 1243/1398
f 1243/1398 1569/1791 1570/1792
f 1569/1791 1571/1793 1570/1792
f 1570/1792 1571/1793 1572/1794
f 1571/1793 1573/1795 1572/1794
f 1572/1794 1573/1795 1574/1796
f 1575/1798 1253/1405 1576/1797
f 1576/1797 1253/1405 1254/1408
f 1577/1800 1575/1798 1578/1799
f 1578/1799 1575/1798 1576/1797
f 1579/1802 1577/1800 1580/1801
f 1580/1801 1577/1800 1578/1799
f 1581/1804 1579/1802 1582/1803
f 1582/1803 1579/1802 1580/1801
f 1584/1807 1583/1806 1585/1805
f 1585/1805 1583/1806 1586/1808
f 1573/1795 1583/1806 1574/1796
f 1574/1796 1583/1806 1584/1807
f 1265/1420 1587/1809 1244/1399
f 1244/1399 1587/1809 1569/1791
f 1587/1809 1588/1810 1569/1791
f 1569/1791 1588/1810 1571/1793
f 1588/1810 1589/1811 1571/1793
f 1571/1793 1589/1811 1573/1795
f 1590/1812 1270/1423 1575/1798
f 1575/1798 1270/1423 1253/1405
f 1591/1813 1590/1812 1577/1800
f 1577/1800 1590/1812 1575/1798
f 1592/1814 1591/1813 1579/1802
f 1579/1802 1591/1813 1577/1800
f 1593/1815 1592/1814 1581/1804
f 1581/1804 1592/1814 1579/1802
f 1594/1817 1593/1815 1586/1816
f 1586/1816 1593/1815 1581/1804
f 1595/1819 1594/1818 1583/1806
f 1583/1806 1594/1818 1586/1808
f 1589/1811 1595/1819 1573/1795
f 1573/1795 1595/1819 1583/1806
f 1276/1433 1277/1434 1596/1820
f 1277/1434 1597/1821 1596/1820
f 1596/1820 1597/1821 1598/1822
f 1598/1822 1597/1821 1599/1823
f 1600/1824 1283/1440 1284/1438
f 1601/1826 1283/1440 1602/1825
f 1602/1825 1283/1440 1600/1824
f 1603/1827 1601/1826 1602/1825
f 1604/1829 1601/1826 1605/1828
f 1605/1828 1601/1826 1603/1827
f 1606/1831 1604/1829 1607/1830
f 1607/1830 1604/1829 1605/1828
f 1608/1833 1606/1831 1609/1832
f 1609/1832 1606/1831 1607/1834
f 1597/1821 1608/1833 1599/1823
f 1599/1823 1608/1833 1609/1832
f 1294/1452 1610/1835 1277/1434
f 1277/1434 1610/1835 1597/1821
f 1610/1835 1294/1452 1601/1826
f 1601/1826 1294/1452 1283/1440
f 1606/1831 1610/1835 1604/1829
f 1604/1829 1610/1835 1601/1826
f 1610/1835 1606/1831 1597/1821
f 1597/1821 1606/1831 1608/1833
f 1276/1433 1596/1820 1265/1420
f 1265/1420 1596/1820 1587/1809
f 1596/1820 1598/1822 1587/1809
f 1587/1809 1598/1822 1588/1810
f 1598/1822 1599/1823 1588/1810
f 1588/1810 1599/1823 1589/1811
f 1599/1823 1609/1832 1589/1811
f 1589/1811 1609/1832 1595/1819
f 1609/1832 1607/1834 1595/1819
f 1595/1819 1607/1834 1594/1818
f 1607/1830 1605/1828 1594/1817
f 1594/1817 1605/1828 1593/1815
f 1605/1828 1603/1827 1593/1815
f 1593/1815 1603/1827 1592/1814
f 1603/1827 1602/1825 1592/1814
f 1592/1814 1602/1825 1591/1813
f 1602/1825 1600/1824 1591/1813
f 1591/1813 1600/1824 1590/1812
f 1600/1824 1284/1438 1590/1812
f 1590/1812 1284/1438 1270/1423
f 1576/1837 1254/1453 1611/1836
f 1611/1836 1254/1453 1297/1456
f 1578/1839 1576/1837 1612/1838
f 1612/1838 1576/1837 1611/1836
f 1580/1841 1578/1839 1613/1840
f 1613/1840 1578/1839 1612/1838
f 1582/1843 1580/1841 1614/1842
f 1614/1842 1580/1841 1613/1840
f 1584/1846 1585/1845 1615/1844
f 1615/1844 1585/1845 1616/1847
f 1574/1849 1584/1846 1617/1848
f 1617/1848 1584/1846 1615/1844
f 1572/1851 1574/1849 1618/1850
f 1618/1850 1574/1849 1617/1848
f 1570/1853 1572/1851 1619/1852
f 1619/1852 1572/1851 1618/1850
f 1243/1474 1570/1853 1306/1473
f 1306/1473 1570/1853 1619/1852
f 1586/1816 1581/1804 1585/1854
f 1585/1854 1581/1804 1582/1803
f 1585/1845 1582/1843 1616/1847
f 1616/1847 1582/1843 1614/1842
f 1621/1857 1620/1856 1622/1855
f 1622/1855 1620/1856 1623/1858
f 1625/1861 1624/1860 1626/1859
f 1626/1859 1624/1860 1627/1862
f 1626/1859 1627/1862 1628/1863
f 1628/1863 1627/1862 1629/1864
f 1625/1861 1620/1856 1624/1860
f 1624/1860 1620/1856 1621/1857
f 1622/1855 1623/1858 1630/1865
f 1630/1865 1623/1858 1631/1866
f 1633/1869 1632/1868 1634/1867
f 1634/1867 1632/1868 1635/1870
f 1631/1866 1632/1868 1630/1865
f 1630/1865 1632/1868 1633/1869
f 1637/1873 1636/1872 1638/1871
f 1640/1875 1639/1874 1629/1864
f 1629/1864 1639/1874 1628/1863
f 1639/1874 1640/1875 1641/1876
f 1641/1876 1640/1875 1642/1877
f 1643/1878 1638/1871 1642/1877
f 1642/1877 1638/1871 1641/1876
f 1644/1880 1637/1873 1645/1879
f 1645/1879 1637/1873 1646/1881
f 1634/1867 1635/1870 1647/1882
f 1647/1882 1635/1870 1648/1883
f 1648/1883 1644/1880 1647/1882
f 1647/1882 1644/1880 1645/1879
f 1650/1886 1649/1885 1651/1884
f 1649/1885 1652/1887 1651/1884
f 1652/1887 1653/1888 1651/1884
f 1653/1888 1654/1889 1651/1884
f 1636/1891 1637/1890 1651/1884
f 1651/1884 1654/1889 1636/1891
f 1644/1892 1651/1884 1637/1890
f 1648/1893 1651/1884 1644/1892
f 1635/1894 1651/1884 1648/1893
f 1632/1895 1651/1884 1635/1894
f 1631/1896 1651/1884 1632/1895
f 1623/1897 1651/1884 1631/1896
f 1620/1898 1651/1884 1623/1897
f 1650/1886 1651/1884 1620/1898
f 1338/1523 1655/1899 1337/1522
f 1337/1522 1655/1899 1656/1900
f 1643/1878 1642/1877 1657/1901
f 1657/1901 1642/1877 1658/1902
f 1659/1903 1658/1902 1640/1875
f 1640/1875 1658/1902 1642/1877
f 1337/1522 1656/1900 1346/1530
f 1346/1530 1656/1900 1660/1904
f 1640/1875 1629/1864 1659/1903
f 1659/1903 1629/1864 1661/1905
f 1627/1862 1662/1906 1629/1864
f 1629/1864 1662/1906 1661/1905
f 1621/1857 1622/1855 1663/1907
f 1663/1907 1622/1855 1664/1908
f 1621/1857 1663/1907 1624/1860
f 1624/1860 1663/1907 1665/1909
f 1624/1860 1665/1909 1627/1862
f 1627/1862 1665/1909 1662/1906
f 1659/1903 1660/1904 1658/1902
f 1658/1902 1660/1904 1656/1900
f 1658/1902 1656/1900 1657/1901
f 1657/1901 1656/1900 1655/1899
f 1646/1881 1643/1878 1666/1910
f 1666/1910 1643/1878 1657/1901
f 1646/1881 1666/1910 1645/1879
f 1645/1879 1666/1910 1667/1911
f 1668/1912 1647/1882 1667/1911
f 1667/1911 1647/1882 1645/1879
f 1634/1867 1647/1882 1669/1913
f 1669/1913 1647/1882 1668/1912
f 1669/1913 1670/1914 1634/1867
f 1634/1867 1670/1914 1633/1869
f 1671/1915 1664/1908 1630/1865
f 1630/1865 1664/1908 1622/1855
f 1633/1869 1670/1914 1630/1865
f 1630/1865 1670/1914 1671/1915
f 1673/1918 1672/1917 1674/1916
f 1674/1916 1672/1917 1675/1919
f 1338/1523 1366/1550 1655/1899
f 1655/1899 1366/1550 1676/1920
f 1677/1922 1676/1921 1368/1553
f 1368/1553 1676/1921 1366/1555
f 1678/1923 1677/1922 1370/1556
f 1370/1556 1677/1922 1368/1553
f 1680/1926 1679/1925 1681/1924
f 1681/1924 1679/1925 1682/1927
f 1681/1924 1682/1927 1678/1923
f 1678/1923 1682/1927 1677/1922
f 1683/1928 1678/1923 1376/1562
f 1376/1562 1678/1923 1370/1556
f 1678/1923 1683/1928 1681/1924
f 1681/1924 1683/1928 1684/1929
f 1681/1924 1684/1929 1680/1926
f 1680/1926 1684/1929 1685/1930
f 1376/1562 1380/1566 1683/1928
f 1683/1928 1380/1566 1686/1931
f 1683/1928 1686/1931 1684/1932
f 1687/1933 1686/1931 1382/1569
f 1382/1569 1686/1931 1380/1566
f 1685/1934 1684/1932 1687/1933
f 1687/1933 1684/1932 1686/1931
f 1688/1935 1666/1910 1655/1899
f 1655/1899 1666/1910 1657/1901
f 1679/1937 1689/1936 1667/1911
f 1667/1911 1689/1936 1668/1912
f 1667/1911 1666/1910 1679/1937
f 1679/1937 1666/1910 1688/1935
f 1676/1920 1688/1935 1655/1899
f 1679/1925 1688/1938 1682/1927
f 1691/1941 1690/1940 1685/1939
f 1685/1939 1690/1940 1680/1942
f 1675/1919 1672/1917 1687/1943
f 1687/1943 1672/1917 1685/1939
f 1382/1582 1388/1581 1687/1943
f 1687/1943 1388/1581 1675/1919
f 1677/1922 1682/1927 1676/1921
f 1676/1921 1682/1927 1688/1938
f 1674/1916 1675/1919 1389/1583
f 1389/1583 1675/1919 1388/1581
f 1679/1937 1680/1942 1689/1936
f 1689/1936 1680/1942 1690/1940
f 1693/1945 1692/1944 1673/1918
f 1673/1918 1692/1944 1672/1917
f 1692/1944 1691/1941 1672/1917
f 1672/1917 1691/1941 1685/1939
f 1693/1945 1694/1946 1692/1944
f 1692/1944 1694/1946 1695/1947
f 1697/1950 1696/1949 1698/1948
f 1698/1948 1696/1949 1699/1951
f 1701/1953 1700/1952 1398/1593
f 1398/1593 1700/1952 1401/1595
f 1703/1955 1702/1954 1701/1953
f 1701/1953 1702/1954 1700/1952
f 1702/1954 1703/1955 1704/1956
f 1704/1956 1703/1955 1705/1957
f 1697/1950 1698/1948 1705/1957
f 1705/1957 1698/1948 1704/1956
f 1694/1946 1699/1951 1695/1947
f 1695/1947 1699/1951 1696/1949
f 1619/1852 1706/1958 1306/1473
f 1306/1473 1706/1958 1407/1601
f 1618/1850 1707/1959 1619/1852
f 1619/1852 1707/1959 1706/1958
f 1617/1848 1708/1960 1618/1850
f 1618/1850 1708/1960 1707/1959
f 1297/1456 1410/1604 1611/1836
f 1611/1836 1410/1604 1709/1961
f 1611/1836 1709/1961 1612/1838
f 1612/1838 1709/1961 1710/1962
f 1612/1838 1710/1962 1613/1840
f 1613/1840 1710/1962 1711/1963
f 1613/1840 1711/1963 1614/1842
f 1614/1842 1711/1963 1712/1964
f 1614/1842 1712/1964 1616/1847
f 1616/1847 1712/1964 1713/1965
f 1616/1847 1713/1965 1615/1844
f 1615/1844 1713/1965 1714/1966
f 1615/1844 1714/1966 1617/1848
f 1617/1848 1714/1966 1708/1960
f 1389/1583 1407/1601 1674/1916
f 1674/1916 1407/1601 1706/1958
f 1674/1916 1706/1958 1673/1918
f 1673/1918 1706/1958 1707/1959
f 1673/1918 1707/1959 1693/1945
f 1693/1945 1707/1959 1708/1960
f 1693/1945 1708/1960 1694/1946
f 1694/1946 1708/1960 1714/1966
f 1694/1946 1714/1966 1699/1951
f 1699/1951 1714/1966 1713/1965
f 1699/1951 1713/1965 1698/1948
f 1698/1948 1713/1965 1712/1964
f 1698/1948 1712/1964 1704/1956
f 1704/1956 1712/1964 1711/1963
f 1704/1956 1711/1963 1702/1954
f 1702/1954 1711/1963 1710/1962
f 1702/1954 1710/1962 1700/1952
f 1700/1952 1710/1962 1709/1961
f 1700/1952 1709/1961 1401/1595
f 1401/1595 1709/1961 1410/1604
f 1398/1593 1417/1611 1701/1953
f 1701/1953 1417/1611 1715/1967
f 1701/1953 1715/1967 1703/1955
f 1703/1955 1715/1967 1716/1968
f 1703/1955 1716/1968 1705/1957
f 1705/1957 1716/1968 1717/1969
f 1705/1957 1717/1969 1697/1950
f 1697/1950 1717/1969 1718/1970
f 1720/1973 1719/1972 1721/1971
f 1721/1971 1719/1972 1718/1970
f 1723/1975 1722/1974 1720/1973
f 1720/1973 1722/1974 1719/1972
f 1690/1940 1691/1941 1723/1975
f 1723/1975 1691/1941 1722/1974
f 1721/1971 1718/1970 1724/1976
f 1724/1976 1718/1970 1717/1969
f 1697/1950 1718/1970 1696/1949
f 1696/1949 1718/1970 1719/1972
f 1696/1949 1719/1972 1695/1947
f 1695/1947 1719/1972 1722/1974
f 1695/1947 1722/1974 1692/1944
f 1692/1944 1722/1974 1691/1941
f 1724/1976 1717/1969 1725/1977
f 1725/1977 1717/1969 1716/1968
f 1725/1977 1716/1968 1726/1978
f 1726/1978 1716/1968 1715/1967
f 1726/1978 1715/1967 1430/1624
f 1430/1624 1715/1967 1417/1611
f 1669/1913 1668/1912 1727/1979
f 1727/1979 1668/1912 1689/1936
f 1689/1936 1690/1940 1727/1979
f 1727/1979 1690/1940 1723/1975
f 1669/1913 1727/1979 1670/1914
f 1670/1914 1727/1979 1728/1980
f 1727/1979 1723/1975 1728/1980
f 1728/1980 1723/1975 1729/1981
f 1729/1981 1723/1975 1730/1982
f 1730/1982 1723/1975 1720/1973
f 1731/1983 1730/1982 1721/1971
f 1721/1971 1730/1982 1720/1973
f 1436/1631 1732/1984 1430/1624
f 1430/1624 1732/1984 1726/1978
f 1726/1978 1732/1984 1725/1977
f 1725/1977 1732/1984 1733/1985
f 1734/1986 1724/1976 1733/1985
f 1733/1985 1724/1976 1725/1977
f 1735/1987 1721/1971 1734/1986
f 1734/1986 1721/1971 1724/1976
f 1736/1988 1731/1983 1735/1987
f 1735/1987 1731/1983 1721/1971
f 1664/1908 1737/1989 1663/1907
f 1663/1907 1737/1989 1738/1990
f 1664/1908 1671/1915 1737/1989
f 1737/1989 1671/1915 1739/1991
f 1671/1915 1670/1914 1739/1991
f 1739/1991 1670/1914 1728/1980
f 1740/1992 1665/1909 1738/1990
f 1738/1990 1665/1909 1663/1907
f 1662/1906 1665/1909 1741/1993
f 1741/1993 1665/1909 1740/1992
f 1741/1993 1742/1994 1662/1906
f 1662/1906 1742/1994 1661/1905
f 1742/1994 1743/1995 1661/1905
f 1661/1905 1743/1995 1659/1903
f 1744/1996 1450/1643 1660/1904
f 1660/1904 1450/1643 1346/1530
f 1743/1995 1744/1996 1659/1903
f 1659/1903 1744/1996 1660/1904
f 1436/1631 1451/1997 1732/1984
f 1732/1984 1451/1997 1745/1998
f 1732/1984 1745/1998 1733/1985
f 1733/1985 1745/1998 1746/1999
f 1735/1987 1747/2000 1736/1988
f 1736/1988 1747/2000 1748/2001
f 1734/1986 1749/2002 1735/1987
f 1735/1987 1749/2002 1747/2000
f 1749/2002 1734/1986 1746/1999
f 1746/1999 1734/1986 1733/1985
f 1751/2004 1750/2003 1748/2001
f 1748/2001 1750/2003 1736/1988
f 1731/1983 1736/1988 1752/2005
f 1752/2005 1736/1988 1750/2003
f 1731/1983 1752/2005 1730/1982
f 1730/1982 1752/2005 1753/2006
f 1730/1982 1753/2006 1729/1981
f 1729/1981 1753/2006 1754/2007
f 1729/1981 1754/2007 1728/1980
f 1728/1980 1754/2007 1739/1991
f 1750/2003 1755/2009 1756/2008
f 1756/2008 1755/2009 1757/2010
f 1758/2011 1755/2009 1751/2004
f 1751/2004 1755/2009 1750/2003
f 1467/1662 1759/2012 1466/1661
f 1466/1661 1759/2012 1760/2013
f 1761/2015 1760/2013 1762/2014
f 1762/2014 1760/2013 1759/2012
f 1762/2014 1755/2016 1761/2015
f 1761/2015 1755/2016 1758/2017
f 1764/2020 1763/2019 1765/2018
f 1765/2018 1763/2019 1766/2021
f 1768/2024 1767/2023 1769/2022
f 1769/2022 1767/2023 1770/2025
f 1481/1678 1482/1676 1771/2026
f 1771/2026 1482/1676 1772/2027
f 1771/2026 1772/2027 1773/2028
f 1773/2028 1772/2027 1774/2029
f 1773/2028 1774/2029 1764/2030
f 1764/2030 1774/2029 1763/2031
f 1765/2018 1766/2021 1775/2032
f 1775/2032 1766/2021 1776/2033
f 1775/2032 1776/2033 1777/2034
f 1777/2034 1776/2033 1778/2035
f 1747/2000 1778/2035 1748/2001
f 1748/2001 1778/2035 1776/2033
f 1748/2001 1776/2033 1751/2004
f 1751/2004 1776/2033 1766/2021
f 1751/2004 1766/2021 1758/2011
f 1758/2011 1766/2021 1763/2019
f 1769/2038 1779/2037 1780/2036
f 1780/2036 1779/2037 1781/2039
f 1758/2017 1763/2031 1761/2015
f 1761/2015 1763/2031 1774/2029
f 1761/2015 1774/2029 1760/2013
f 1760/2013 1774/2029 1772/2027
f 1760/2013 1772/2027 1466/1661
f 1466/1661 1772/2027 1482/1676
f 1777/2034 1778/2035 1782/2040
f 1782/2040 1778/2035 1783/2041
f 1782/2040 1783/2041 1495/2042
f 1495/2042 1783/2041 1496/2043
f 1496/2043 1783/2041 1451/1997
f 1451/1997 1783/2041 1745/1998
f 1784/2045 1767/2023 1785/2044
f 1746/1999 1745/1998 1783/2041
f 1747/2000 1749/2002 1778/2035
f 1749/2002 1746/1999 1778/2035
f 1778/2035 1746/1999 1783/2041
f 1770/2025 1767/2023 1786/2046
f 1786/2046 1767/2023 1784/2045
f 1780/2036 1781/2039 1738/1990
f 1738/1990 1781/2039 1740/1992
f 1788/2049 1787/2048 1789/2047
f 1791/2052 1790/2051 1792/2050
f 1792/2050 1790/2051 1793/2053
f 1795/2056 1794/2055 1792/2054
f 1792/2054 1794/2055 1796/2057
f 1788/2049 1794/2055 1797/2058
f 1797/2058 1794/2055 1798/2059
f 1798/2059 1794/2055 1795/2056
f 1797/2058 1787/2048 1788/2049
f 1790/2051 1791/2052 1753/2006
f 1753/2006 1791/2052 1754/2007
f 1754/2007 1791/2052 1739/1991
f 1739/1991 1791/2052 1737/1989
f 1767/2023 1768/2024 1799/2060
f 1768/2024 1796/2057 1799/2060
f 1788/2049 1799/2060 1794/2055
f 1792/2054 1796/2057 1769/2022
f 1769/2022 1796/2057 1768/2024
f 1794/2055 1799/2060 1796/2057
f 1788/2049 1767/2023 1799/2060
f 1800/2061 1767/2023 1789/2047
f 1789/2047 1767/2023 1788/2049
f 1800/2061 1785/2044 1767/2023
f 1795/2056 1793/2062 1798/2059
f 1798/2059 1793/2062 1757/2063
f 1793/2062 1795/2056 1792/2054
f 1798/2059 1757/2063 1797/2058
f 1797/2058 1757/2063 1801/2064
f 1786/2046 1802/2065 1770/2025
f 1802/2065 1779/2066 1770/2025
f 1769/2038 1780/2036 1792/2050
f 1792/2050 1780/2036 1791/2052
f 1779/2066 1769/2022 1770/2025
f 1802/2065 1786/2046 1803/2067
f 1803/2067 1786/2046 1784/2045
f 1803/2070 1804/2069 1802/2068
f 1803/2067 1784/2045 1805/2071
f 1805/2071 1784/2045 1785/2044
f 1803/2070 1805/2072 1804/2069
f 1804/2069 1805/2072 1806/2073
f 1805/2071 1785/2044 1807/2074
f 1807/2074 1785/2044 1800/2061
f 1805/2072 1807/2074 1806/2073
f 1807/2074 1800/2061 1808/2075
f 1808/2075 1800/2061 1789/2047
f 1787/2048 1809/2076 1789/2047
f 1789/2047 1809/2076 1808/2075
f 1737/1989 1791/2052 1738/1990
f 1738/1990 1791/2052 1780/2036
f 1801/2064 1809/2076 1797/2058
f 1787/2048 1797/2058 1809/2076
f 1810/2078 1808/2075 1811/2077
f 1811/2077 1808/2075 1809/2076
f 1808/2075 1810/2078 1807/2074
f 1807/2074 1810/2078 1806/2073
f 1811/2077 1809/2076 1801/2079
f 1793/2053 1790/2051 1757/2010
f 1757/2010 1790/2051 1756/2008
f 1756/2008 1790/2051 1752/2005
f 1752/2005 1790/2051 1753/2006
f 1755/2009 1801/2080 1757/2010
f 1750/2003 1756/2008 1752/2005
f 1467/1662 1525/1733 1759/2012
f 1759/2012 1525/1733 1812/2081
f 1812/2081 1813/2082 1759/2012
f 1759/2012 1813/2082 1762/2014
f 1813/2082 1812/2081 1814/2083
f 1814/2083 1812/2081 1815/2084
f 1525/1733 1530/1738 1812/2081
f 1812/2081 1530/1738 1815/2084
f 1817/2086 1816/2085 1815/2084
f 1815/2084 1816/2085 1814/2083
f 1815/2084 1530/1738 1817/2086
f 1817/2086 1530/1738 1533/1741
f 1817/2086 1533/1741 1818/2087
f 1818/2087 1533/1741 1535/1743
f 1818/2087 1819/2088 1817/2086
f 1817/2086 1819/2088 1816/2085
f 1535/1743 1537/1745 1818/2087
f 1818/2087 1537/1745 1820/2089
f 1820/2089 1537/1745 1821/2090
f 1821/2090 1537/1745 1540/1748
f 1541/1750 1822/2091 1540/1748
f 1540/1748 1822/2091 1821/2090
f 1824/2093 1823/2092 1543/1752
f 1543/1752 1823/2092 1546/1754
f 1547/1756 1825/2094 1543/1752
f 1543/1752 1825/2094 1824/2093
f 1827/2096 1826/2095 1741/1993
f 1741/1993 1826/2095 1742/1994
f 1743/1995 1742/1994 1825/2094
f 1825/2094 1742/1994 1826/2095
f 1551/1760 1828/2097 1547/1756
f 1547/1756 1828/2097 1825/2094
f 1828/2097 1551/1760 1744/1996
f 1744/1996 1551/1760 1450/1643
f 1744/1996 1743/1995 1828/2097
f 1828/2097 1743/1995 1825/2094
f 1541/1762 1546/1754 1822/2098
f 1822/2098 1546/1754 1823/2092
f 1829/2099 1819/2088 1820/2089
f 1820/2089 1819/2088 1818/2087
f 1821/2090 1830/2100 1820/2089
f 1820/2089 1830/2100 1829/2099
f 1822/2091 1831/2101 1821/2090
f 1821/2090 1831/2101 1830/2100
f 1822/2098 1823/2092 1831/2102
f 1831/2102 1823/2092 1832/2103
f 1823/2092 1824/2093 1832/2103
f 1832/2103 1824/2093 1833/2104
f 1825/2094 1826/2095 1824/2093
f 1824/2093 1826/2095 1833/2104
f 1833/2104 1826/2095 1834/2105
f 1834/2105 1826/2095 1827/2096
f 1832/2103 1833/2104 1835/2106
f 1835/2106 1833/2104 1834/2105
f 1831/2102 1832/2103 1835/2106
f 1835/2108 1836/2107 1831/2101
f 1831/2101 1836/2107 1830/2100
f 1836/2107 1837/2109 1830/2100
f 1830/2100 1837/2109 1829/2099
f 1837/2109 1838/2110 1819/2088
f 1819/2088 1838/2110 1816/2085
f 1829/2099 1837/2109 1819/2088
f 1814/2083 1816/2085 1839/2111
f 1839/2111 1816/2085 1838/2110
f 1813/2082 1814/2083 1840/2112
f 1840/2112 1814/2083 1839/2111
f 1827/2096 1741/1993 1841/2113
f 1841/2113 1741/1993 1740/1992
f 1842/2114 1841/2113 1781/2039
f 1781/2039 1841/2113 1740/1992
f 1781/2039 1779/2037 1842/2114
f 1842/2114 1779/2037 1843/2115
f 1834/2116 1827/2096 1842/2114
f 1842/2114 1827/2096 1841/2113
f 1834/2116 1842/2114 1835/2117
f 1835/2117 1842/2114 1843/2115
f 1843/2119 1844/2118 1835/2108
f 1835/2108 1844/2118 1836/2107
f 1838/2110 1837/2109 1844/2118
f 1844/2118 1837/2109 1836/2107
f 1840/2112 1755/2016 1813/2082
f 1813/2082 1755/2016 1762/2014
f 1840/2112 1811/2120 1755/2016
f 1755/2016 1811/2120 1801/2121
f 1806/2123 1810/2122 1839/2111
f 1839/2111 1810/2122 1840/2112
f 1840/2112 1810/2122 1811/2120
f 1844/2118 1843/2119 1802/2124
f 1802/2124 1843/2119 1779/2125
f 1804/2126 1839/2111 1844/2118
f 1844/2118 1839/2111 1838/2110
f 1802/2124 1804/2126 1844/2118
f 1804/2126 1806/2123 1839/2111
f 1846/2129 1845/2128 1473/2127
f 1473/2127 1845/2128 1472/2130
f 1848/2133 1847/2132 1481/2131
f 1481/2131 1847/2132 1480/2134
f 1847/2132 1849/2135 1480/2134
f 1480/2134 1849/2135 1484/2136
f 1849/2135 1846/2129 1484/2136
f 1484/2136 1846/2129 1473/2127
f 1845/2128 1850/2137 1472/2130
f 1472/2130 1850/2137 1486/2138
f 1850/2137 1851/2139 1486/2138
f 1486/2138 1851/2139 1488/2140
f 1851/2139 1852/2141 1488/2140
f 1488/2140 1852/2141 1493/2142
f 1852/2141 1853/2143 1493/2142
f 1493/2142 1853/2143 1495/2144
f 1855/2147 1854/2146 1765/2145
f 1765/2145 1854/2146 1764/2148
f 1856/2150 1848/2133 1771/2149
f 1771/2149 1848/2133 1481/2131
f 1857/2152 1856/2150 1773/2151
f 1773/2151 1856/2150 1771/2149
f 1854/2146 1857/2152 1764/2148
f 1764/2148 1857/2152 1773/2151
f 1858/2154 1855/2147 1775/2153
f 1775/2153 1855/2147 1765/2145
f 1859/2156 1858/2154 1777/2155
f 1777/2155 1858/2154 1775/2153
f 1860/2158 1859/2156 1782/2157
f 1782/2157 1859/2156 1777/2155
f 1853/2143 1860/2158 1495/2144
f 1495/2144 1860/2158 1782/2157
f 1846/2129 1861/2159 1845/2128
f 1848/2133 1861/2159 1847/2132
f 1847/2132 1861/2159 1849/2135
f 1849/2135 1861/2159 1846/2129
f 1845/2128 1861/2159 1850/2137
f 1850/2137 1861/2159 1851/2139
f 1851/2139 1861/2159 1852/2141
f 1852/2141 1861/2159 1853/2143
f 1855/2147 1861/2159 1854/2146
f 1856/2150 1861/2159 1848/2133
f 1857/2152 1861/2159 1856/2150
f 1854/2146 1861/2159 1857/2152
f 1858/2154 1861/2159 1855/2147
f 1859/2156 1861/2159 1858/2154
f 1860/2158 1861/2159 1859/2156
f 1853/2143 1861/2159 1860/2158
f 1639/1874 1653/2160 1628/1863
f 1628/1863 1653/2160 1652/2161
f 1652/2161 1649/2162 1628/1863
f 1628/1863 1649/2162 1626/1859
f 1649/2162 1650/2163 1626/1859
f 1626/1859 1650/2163 1625/1861
f 1638/1871 1636/1872 1641/1876
f 1641/1876 1636/1872 1654/2164
f 1654/2164 1653/2160 1641/1876
f 1641/1876 1653/2160 1639/1874
f 1646/1881 1637/1873 1643/1878
f 1643/1878 1637/1873 1638/1871
f 1625/1861 1650/2163 1620/1856
f 1344/1528 1348/1532 1327/1497
f 1327/1497 1348/1532 1316/1485
f 1314/1483 1316/1485 1350/1535
f 1350/1535 1316/1485 1348/1532
f 1313/1480 1314/1483 1354/1538
f 1354/1538 1314/1483 1350/1535
f 1323/1493 1342/1525 1326/1495
f 1326/1495 1342/1525 1330/1499
f 1327/1497 1330/1499 1344/1528
f 1344/1528 1330/1499 1342/1525
f 1331/1500 1325/1492 1326/1495
f 1354/1538 1307/1477 1313/1480
f 1313/1480 1307/1477 1308/1478
f 1863/2167 1862/2166 1864/2165
f 1864/2165 1862/2166 1865/2168
f 1867/2171 1866/2170 1868/2169
f 1868/2169 1866/2170 1869/2172
f 1864/2165 1865/2168 1867/2171
f 1867/2171 1865/2168 1866/2170
f 1871/2175 1870/2174 1872/2173
f 1872/2173 1870/2174 1873/2176
f 1875/2178 1874/2177 1869/2172
f 1869/2172 1874/2177 1868/2169
f 1872/2173 1873/2176 1876/2179
f 1876/2179 1873/2176 1877/2180
f 1871/2175 1878/2181 1870/2174
f 1870/2174 1878/2181 1879/2182
f 1881/2184 1880/2183 1878/2181
f 1878/2181 1880/2183 1879/2182
f 1863/2167 1882/2185 1862/2166
f 1862/2166 1882/2185 1883/2186
f 1885/2189 1884/2188 1886/2187
f 1886/2187 1884/2188 1887/2190
f 1882/2185 1885/2189 1883/2186
f 1883/2186 1885/2189 1886/2187
f 1889/2193 1888/2192 1890/2191
f 1890/2191 1888/2192 1891/2194
f 1892/2196 1887/2190 1893/2195
f 1893/2195 1887/2190 1884/2188
f 1888/2192 1876/2179 1891/2194
f 1891/2194 1876/2179 1877/2180
f 1889/2193 1890/2191 1894/2197
f 1894/2197 1890/2191 1895/2198
f 1896/2200 1894/2197 1897/2199
f 1897/2199 1894/2197 1895/2198
f 1899/2203 1898/2202 1900/2201
f 1900/2201 1898/2202 1901/2204
f 1903/2207 1902/2206 1904/2205
f 1904/2205 1902/2206 1905/2208
f 1907/2210 1906/2209 1900/2201
f 1900/2201 1906/2209 1899/2203
f 1909/2212 1908/2211 1907/2210
f 1907/2210 1908/2211 1906/2209
f 1910/2214 1902/2206 1911/2213
f 1911/2213 1902/2206 1903/2207
f 1903/2207 1904/2205 1911/2213
f 1911/2213 1904/2205 1912/2215
f 1912/2215 1904/2205 1913/2216
f 1913/2216 1904/2205 1898/2202
f 1898/2202 1899/2203 1913/2216
f 1913/2216 1899/2203 1914/2217
f 1915/2218 1914/2217 1906/2209
f 1906/2209 1914/2217 1899/2203
f 1908/2211 1916/2219 1906/2209
f 1906/2209 1916/2219 1915/2218
f 1918/2222 1917/2221 1914/2220
f 1914/2220 1917/2221 1913/2223
f 1919/2225 1917/2221 1920/2224
f 1920/2224 1917/2221 1918/2222
f 1921/2227 1912/2226 1917/2221
f 1917/2221 1912/2226 1913/2223
f 1922/2228 1921/2227 1919/2225
f 1919/2225 1921/2227 1917/2221
f 1918/2222 1914/2220 1923/2229
f 1923/2229 1914/2220 1915/2230
f 1923/2229 1924/2231 1918/2222
f 1918/2222 1924/2231 1920/2224
f 1916/2233 1925/2232 1915/2230
f 1915/2230 1925/2232 1923/2229
f 1924/2231 1923/2229 1926/2234
f 1926/2234 1923/2229 1925/2232
f 1904/2205 1905/2208 1898/2202
f 1898/2202 1905/2208 1901/2204
f 1922/2228 1927/2235 1921/2227
f 1921/2227 1927/2235 1928/2236
f 1911/2213 1912/2226 1928/2236
f 1928/2236 1912/2226 1921/2227
f 1928/2236 1927/2235 1911/2213
f 1911/2213 1927/2235 1910/2214
f 1929/2238 1900/2201 1930/2237
f 1930/2237 1900/2201 1901/2204
f 1932/2240 1931/2239 1902/2206
f 1902/2206 1931/2239 1905/2208
f 1907/2210 1900/2201 1933/2241
f 1933/2241 1900/2201 1929/2238
f 1909/2212 1907/2210 1934/2242
f 1934/2242 1907/2210 1933/2241
f 1910/2214 1935/2243 1902/2206
f 1902/2206 1935/2243 1932/2240
f 1932/2240 1935/2243 1931/2239
f 1931/2239 1935/2243 1936/2244
f 1936/2244 1937/2245 1931/2239
f 1931/2239 1937/2245 1930/2237
f 1930/2237 1937/2245 1929/2238
f 1929/2238 1937/2245 1938/2246
f 1939/2247 1933/2241 1938/2246
f 1938/2246 1933/2241 1929/2238
f 1934/2242 1933/2241 1940/2248
f 1940/2248 1933/2241 1939/2247
f 1941/2251 1938/2250 1942/2249
f 1942/2249 1938/2250 1937/2252
f 1919/2225 1920/2224 1942/2249
f 1942/2249 1920/2224 1941/2251
f 1943/2254 1942/2249 1936/2253
f 1936/2253 1942/2249 1937/2252
f 1922/2228 1919/2225 1943/2254
f 1943/2254 1919/2225 1942/2249
f 1941/2251 1944/2255 1938/2250
f 1938/2250 1944/2255 1939/2256
f 1944/2255 1941/2251 1924/2231
f 1924/2231 1941/2251 1920/2224
f 1940/2258 1939/2256 1945/2257
f 1945/2257 1939/2256 1944/2255
f 1924/2231 1926/2234 1944/2255
f 1944/2255 1926/2234 1945/2257
f 1931/2239 1930/2237 1905/2208
f 1905/2208 1930/2237 1901/2204
f 1922/2228 1943/2254 1927/2235
f 1927/2235 1943/2254 1946/2259
f 1935/2243 1946/2259 1936/2253
f 1936/2253 1946/2259 1943/2254
f 1946/2259 1935/2243 1927/2235
f 1927/2235 1935/2243 1910/2214
f 1948/2262 1947/2261 1949/2260
f 1950/2263 1948/2262 1949/2260
f 1951/2264 1950/2263 1949/2260
f 1952/2265 1951/2264 1949/2260
f 1953/2266 1952/2265 1949/2260
f 1954/2267 1953/2266 1949/2260
f 1955/2268 1954/2267 1949/2260
f 1956/2269 1955/2268 1949/2260
f 1957/2270 1956/2269 1949/2260
f 1958/2271 1957/2270 1949/2260
f 1959/2272 1958/2271 1949/2260
f 1960/2273 1959/2272 1949/2260
f 1961/2274 1960/2273 1949/2260
f 1962/2275 1961/2274 1949/2260
f 1963/2276 1962/2275 1949/2260
f 1947/2261 1963/2276 1949/2260
f 1965/2279 1964/2278 1948/2277
f 1948/2277 1964/2278 1947/2280
f 1966/2282 1965/2279 1950/2281
f 1950/2281 1965/2279 1948/2277
f 1967/2284 1966/2282 1951/2283
f 1951/2283 1966/2282 1950/2281
f 1968/2286 1967/2284 1952/2285
f 1952/2285 1967/2284 1951/2283
f 1969/2288 1968/2286 1953/2287
f 1953/2287 1968/2286 1952/2285
f 1970/2290 1969/2288 1954/2289
f 1954/2289 1969/2288 1953/2287
f 1971/2292 1970/2290 1955/2291
f 1955/2291 1970/2290 1954/2289
f 1972/2294 1971/2292 1956/2293
f 1956/2293 1971/2292 1955/2291
f 1973/2296 1972/2294 1957/2295
f 1957/2295 1972/2294 1956/2293
f 1974/2298 1973/2296 1958/2297
f 1958/2297 1973/2296 1957/2295
f 1975/2300 1974/2298 1959/2299
f 1959/2299 1974/2298 1958/2297
f 1976/2302 1975/2300 1960/2301
f 1960/2301 1975/2300 1959/2299
f 1977/2304 1976/2302 1961/2303
f 1961/2303 1976/2302 1960/2301
f 1978/2306 1977/2304 1962/2305
f 1962/2305 1977/2304 1961/2303
f 1979/2308 1978/2306 1963/2307
f 1963/2307 1978/2306 1962/2305
f 1964/2278 1979/2308 1947/2280
f 1947/2280 1979/2308 1963/2307
f 1981/2310 1980/2309 1965/2279
f 1965/2279 1980/2309 1964/2278
f 1982/2311 1981/2310 1966/2282
f 1966/2282 1981/2310 1965/2279
f 1983/2312 1982/2311 1967/2284
f 1967/2284 1982/2311 1966/2282
f 1984/2313 1983/2312 1968/2286
f 1968/2286 1983/2312 1967/2284
f 1985/2314 1984/2313 1969/2288
f 1969/2288 1984/2313 1968/2286
f 1986/2315 1985/2314 1970/2290
f 1970/2290 1985/2314 1969/2288
f 1987/2316 1986/2315 1971/2292
f 1971/2292 1986/2315 1970/2290
f 1988/2317 1987/2316 1972/2294
f 1972/2294 1987/2316 1971/2292
f 1989/2318 1988/2317 1973/2296
f 1973/2296 1988/2317 1972/2294
f 1990/2319 1989/2318 1974/2298
f 1974/2298 1989/2318 1973/2296
f 1991/2320 1990/2319 1975/2300
f 1975/2300 1990/2319 1974/2298
f 1992/2321 1991/2320 1976/2302
f 1976/2302 1991/2320 1975/2300
f 1993/2322 1992/2321 1977/2304
f 1977/2304 1992/2321 1976/2302
f 1994/2323 1993/2322 1978/2306
f 1978/2306 1993/2322 1977/2304
f 1995/2324 1994/2323 1979/2308
f 1979/2308 1994/2323 1978/2306
f 1980/2309 1995/2324 1964/2278
f 1964/2278 1995/2324 1979/2308
f 1997/2326 1996/2325 1981/2310
f 1981/2310 1996/2325 1980/2309
f 1998/2327 1997/2326 1982/2311
f 1982/2311 1997/2326 1981/2310
f 1999/2328 1998/2327 1983/2312
f 1983/2312 1998/2327 1982/2311
f 2000/2329 1999/2328 1984/2313
f 1984/2313 1999/2328 1983/2312
f 2001/2330 2000/2329 1985/2314
f 1985/2314 2000/2329 1984/2313
f 2002/2331 2001/2330 1986/2315
f 1986/2315 2001/2330 1985/2314
f 2003/2332 2002/2331 1987/2316
f 1987/2316 2002/2331 1986/2315
f 2004/2333 2003/2332 1988/2317
f 1988/2317 2003/2332 1987/2316
f 2005/2334 2004/2333 1989/2318
f 1989/2318 2004/2333 1988/2317
f 2006/2335 2005/2334 1990/2319
f 1990/2319 2005/2334 1989/2318
f 2007/2336 2006/2335 1991/2320
f 1991/2320 2006/2335 1990/2319
f 2008/2337 2007/2336 1992/2321
f 1992/2321 2007/2336 1991/2320
f 2009/2338 2008/2337 1993/2322
f 1993/2322 2008/2337 1992/2321
f 2010/2339 2009/2338 1994/2323
f 1994/2323 2009/2338 1993/2322
f 2011/2340 2010/2339 1995/2324
f 1995/2324 2010/2339 1994/2323
f 1996/2325 2011/2340 1980/2309
f 1980/2309 2011/2340 1995/2324
f 2013/2342 2012/2341 1997/2326
f 1997/2326 2012/2341 1996/2325
f 2014/2343 2013/2342 1998/2327
f 1998/2327 2013/2342 1997/2326
f 2015/2344 2014/2343 1999/2328
f 1999/2328 2014/2343 1998/2327
f 2016/2345 2015/2344 2000/2329
f 2000/2329 2015/2344 1999/2328
f 2017/2346 2016/2345 2001/2330
f 2001/2330 2016/2345 2000/2329
f 2018/2347 2017/2346 2002/2331
f 2002/2331 2017/2346 2001/2330
f 2019/2348 2018/2347 2003/2332
f 2003/2332 2018/2347 2002/2331
f 2020/2349 2019/2348 2004/2333
f 2004/2333 2019/2348 2003/2332
f 2021/2350 2020/2349 2005/2334
f 2005/2334 2020/2349 2004/2333
f 2022/2351 2021/2350 2006/2335
f 2006/2335 2021/2350 2005/2334
f 2023/2352 2022/2351 2007/2336
f 2007/2336 2022/2351 2006/2335
f 2024/2353 2023/2352 2008/2337
f 2008/2337 2023/2352 2007/2336
f 2025/2354 2024/2353 2009/2338
f 2009/2338 2024/2353 2008/2337
f 2026/2355 2025/2354 2010/2339
f 2010/2339 2025/2354 2009/2338
f 2027/2356 2026/2355 2011/2340
f 2011/2340 2026/2355 2010/2339
f 2012/2341 2027/2356 1996/2325
f 1996/2325 2027/2356 2011/2340
f 2013/2342 2028/2357 2012/2341
f 2014/2343 2028/2357 2013/2342
f 2015/2344 2028/2357 2014/2343
f 2016/2345 2028/2357 2015/2344
f 2017/2346 2028/2357 2016/2345
f 2018/2347 2028/2357 2017/2346
f 2019/2348 2028/2357 2018/2347
f 2020/2349 2028/2357 2019/2348
f 2021/2350 2028/2357 2020/2349
f 2022/2351 2028/2357 2021/2350
f 2023/2352 2028/2357 2022/2351
f 2024/2353 2028/2357 2023/2352
f 2025/2354 2028/2357 2024/2353
f 2026/2355 2028/2357 2025/2354
f 2027/2356 2028/2357 2026/2355
f 2012/2341 2028/2357 2027/2356
f 2030/2262 2029/2261 2031/2260
f 2032/2263 2030/2262 2031/2260
f 2033/2264 2032/2263 2031/2260
f 2034/2265 2033/2264 2031/2260
f 2035/2266 2034/2265 2031/2260
f 2036/2267 2035/2266 2031/2260
f 2037/2268 2036/2267 2031/2260
f 2038/2269 2037/2268 2031/2260
f 2039/2270 2038/2269 2031/2260
f 2040/2271 2039/2270 2031/2260
f 2041/2272 2040/2271 2031/2260
f 2042/2273 2041/2272 2031/2260
f 2043/2274 2042/2273 2031/2260
f 2044/2275 2043/2274 2031/2260
f 2045/2276 2044/2275 2031/2260
f 2029/2261 2045/2276 2031/2260
f 2047/2279 2046/2278 2030/2277
f 2030/2277 2046/2278 2029/2280
f 2048/2282 2047/2279 2032/2281
f 2032/2281 2047/2279 2030/2277
f 2049/2284 2048/2282 2033/2283
f 2033/2283 2048/2282 2032/2281
f 2050/2286 2049/2284 2034/2285
f 2034/2285 2049/2284 2033/2283
f 2051/2288 2050/2286 2035/2287
f 2035/2287 2050/2286 2034/2285
f 2052/2290 2051/2288 2036/2289
f 2036/2289 2051/2288 2035/2287
f 2053/2292 2052/2290 2037/2291
f 2037/2291 2052/2290 2036/2289
f 2054/2294 2053/2292 2038/2293
f 2038/2293 2053/2292 2037/2291
f 2055/2296 2054/2294 2039/2295
f 2039/2295 2054/2294 2038/2293
f 2056/2298 2055/2296 2040/2297
f 2040/2297 2055/2296 2039/2295
f 2057/2300 2056/2298 2041/2299
f 2041/2299 2056/2298 2040/2297
f 2058/2302 2057/2300 2042/2301
f 2042/2301 2057/2300 2041/2299
f 2059/2304 2058/2302 2043/2303
f 2043/2303 2058/2302 2042/2301
f 2060/2306 2059/2304 2044/2305
f 2044/2305 2059/2304 2043/2303
f 2061/2308 2060/2306 2045/2307
f 2045/2307 2060/2306 2044/2305
f 2046/2278 2061/2308 2029/2280
f 2029/2280 2061/2308 2045/2307
f 2063/2310 2062/2309 2047/2279
f 2047/2279 2062/2309 2046/2278
f 2064/2311 2063/2310 2048/2282
f 2048/2282 2063/2310 2047/2279
f 2065/2312 2064/2311 2049/2284
f 2049/2284 2064/2311 2048/2282
f 2066/2313 2065/2312 2050/2286
f 2050/2286 2065/2312 2049/2284
f 2067/2314 2066/2313 2051/2288
f 2051/2288 2066/2313 2050/2286
f 2068/2315 2067/2314 2052/2290
f 2052/2290 2067/2314 2051/2288
f 2069/2316 2068/2315 2053/2292
f 2053/2292 2068/2315 2052/2290
f 2070/2317 2069/2316 2054/2294
f 2054/2294 2069/2316 2053/2292
f 2071/2318 2070/2317 2055/2296
f 2055/2296 2070/2317 2054/2294
f 2072/2319 2071/2318 2056/2298
f 2056/2298 2071/2318 2055/2296
f 2073/2320 2072/2319 2057/2300
f 2057/2300 2072/2319 2056/2298
f 2074/2321 2073/2320 2058/2302
f 2058/2302 2073/2320 2057/2300
f 2075/2322 2074/2321 2059/2304
f 2059/2304 2074/2321 2058/2302
f 2076/2323 2075/2322 2060/2306
f 2060/2306 2075/2322 2059/2304
f 2077/2324 2076/2323 2061/2308
f 2061/2308 2076/2323 2060/2306
f 2062/2309 2077/2324 2046/2278
f 2046/2278 2077/2324 2061/2308
f 2079/2359 2078/2358 2063/2310
f 2063/2310 2078/2358 2062/2309
f 2080/2360 2079/2359 2064/2311
f 2064/2311 2079/2359 2063/2310
f 2081/2361 2080/2360 2065/2312
f 2065/2312 2080/2360 2064/2311
f 2082/2362 2081/2361 2066/2313
f 2066/2313 2081/2361 2065/2312
f 2083/2363 2082/2362 2067/2314
f 2067/2314 2082/2362 2066/2313
f 2084/2364 2083/2363 2068/2315
f 2068/2315 2083/2363 2067/2314
f 2085/2365 2084/2364 2069/2316
f 2069/2316 2084/2364 2068/2315
f 2086/2366 2085/2365 2070/2317
f 2070/2317 2085/2365 2069/2316
f 2087/2367 2086/2366 2071/2318
f 2071/2318 2086/2366 2070/2317
f 2088/2368 2087/2367 2072/2319
f 2072/2319 2087/2367 2071/2318
f 2089/2369 2088/2368 2073/2320
f 2073/2320 2088/2368 2072/2319
f 2090/2370 2089/2369 2074/2321
f 2074/2321 2089/2369 2073/2320
f 2091/2371 2090/2370 2075/2322
f 2075/2322 2090/2370 2074/2321
f 2092/2372 2091/2371 2076/2323
f 2076/2323 2091/2371 2075/2322
f 2093/2373 2092/2372 2077/2324
f 2077/2324 2092/2372 2076/2323
f 2078/2358 2093/2373 2062/2309
f 2062/2309 2093/2373 2077/2324
f 2095/2375 2094/2374 2079/2359
f 2079/2359 2094/2374 2078/2358
f 2096/2376 2095/2375 2080/2360
f 2080/2360 2095/2375 2079/2359
f 2097/2377 2096/2376 2081/2361
f 2081/2361 2096/2376 2080/2360
f 2098/2378 2097/2377 2082/2362
f 2082/2362 2097/2377 2081/2361
f 2099/2379 2098/2378 2083/2363
f 2083/2363 2098/2378 2082/2362
f 2100/2380 2099/2379 2084/2364
f 2084/2364 2099/2379 2083/2363
f 2101/2381 2100/2380 2085/2365
f 2085/2365 2100/2380 2084/2364
f 2102/2382 2101/2381 2086/2366
f 2086/2366 2101/2381 2085/2365
f 2103/2383 2102/2382 2087/2367
f 2087/2367 2102/2382 2086/2366
f 2104/2384 2103/2383 2088/2368
f 2088/2368 2103/2383 2087/2367
f 2105/2385 2104/2384 2089/2369
f 2089/2369 2104/2384 2088/2368
f 2106/2386 2105/2385 2090/2370
f 2090/2370 2105/2385 2089/2369
f 2107/2387 2106/2386 2091/2371
f 2091/2371 2106/2386 2090/2370
f 2108/2388 2107/2387 2092/2372
f 2092/2372 2107/2387 2091/2371
f 2109/2389 2108/2388 2093/2373
f 2093/2373 2108/2388 2092/2372
f 2094/2374 2109/2389 2078/2358
f 2078/2358 2109/2389 2093/2373
f 2095/2375 2110/2390 2094/2374
f 2096/2376 2110/2390 2095/2375
f 2097/2377 2110/2390 2096/2376
f 2098/2378 2110/2390 2097/2377
f 2099/2379 2110/2390 2098/2378
f 2100/2380 2110/2390 2099/2379
f 2101/2381 2110/2390 2100/2380
f 2102/2382 2110/2390 2101/2381
f 2103/2383 2110/2390 2102/2382
f 2104/2384 2110/2390 2103/2383
f 2105/2385 2110/2390 2104/2384
f 2106/2386 2110/2390 2105/2385
f 2107/2387 2110/2390 2106/2386
f 2108/2388 2110/2390 2107/2387
f 2109/2389 2110/2390 2108/2388
f 2094/2374 2110/2390 2109/2389
usemtl Tex_0036_0.png
f 2112/2393 2111/2392 2113/2391
f 2113/2391 2111/2392 2114/2394
f 2116/2396 2115/2395 2113/2391
f 2113/2391 2115/2395 2112/2393
f 2114/2398 2111/2397 2116/2396
f 2116/2396 2111/2397 2115/2395
f 2118/2400 2117/2399 2112/2393
f 2112/2393 2117/2399 2111/2392
f 2119/2401 2118/2400 2115/2395
f 2115/2395 2118/2400 2112/2393
f 2117/2402 2119/2401 2111/2397
f 2111/2397 2119/2401 2115/2395
f 2121/2404 2120/2403 2118/2400
f 2118/2400 2120/2403 2117/2399
f 2122/2405 2121/2404 2119/2401
f 2119/2401 2121/2404 2118/2400
f 2120/2406 2122/2405 2117/2402
f 2117/2402 2122/2405 2119/2401
f 2123/2408 2121/2404 2124/2407
f 2124/2407 2121/2404 2122/2405
f 2125/2409 2120/2403 2123/2408
f 2123/2408 2120/2403 2121/2404
f 2124/2407 2122/2405 2125/2410
f 2125/2410 2122/2405 2120/2406
f 2126/2412 2123/2408 2127/2411
f 2127/2411 2123/2408 2124/2407
f 2128/2413 2125/2409 2126/2412
f 2126/2412 2125/2409 2123/2408
f 2127/2411 2124/2407 2128/2414
f 2128/2414 2124/2407 2125/2410
f 2129/2416 2126/2412 2130/2415
f 2130/2415 2126/2412 2127/2411
f 2131/2417 2128/2413 2129/2416
f 2129/2416 2128/2413 2126/2412
f 2130/2415 2127/2411 2131/2418
f 2131/2418 2127/2411 2128/2414
f 2132/2420 2129/2416 2133/2419
f 2133/2419 2129/2416 2130/2415
f 2134/2421 2131/2417 2132/2420
f 2132/2420 2131/2417 2129/2416
f 2133/2419 2130/2415 2134/2422
f 2134/2422 2130/2415 2131/2418
f 2135/2424 2132/2420 2136/2423
f 2136/2423 2132/2420 2133/2419
f 2137/2425 2134/2421 2135/2424
f 2135/2424 2134/2421 2132/2420
f 2136/2423 2133/2419 2137/2426
f 2137/2426 2133/2419 2134/2422
f 2138/2428 2135/2424 2139/2427
f 2139/2427 2135/2424 2136/2423
f 2140/2429 2137/2425 2138/2428
f 2138/2428 2137/2425 2135/2424
f 2139/2427 2136/2423 2140/2430
f 2140/2430 2136/2423 2137/2426
f 2141/2432 2138/2428 2142/2431
f 2142/2431 2138/2428 2139/2427
f 2143/2433 2140/2429 2141/2432
f 2141/2432 2140/2429 2138/2428
f 2142/2431 2139/2427 2143/2434
f 2143/2434 2139/2427 2140/2430
f 2144/2436 2141/2432 2145/2435
f 2145/2435 2141/2432 2142/2431
f 2146/2437 2143/2433 2144/2436
f 2144/2436 2143/2433 2141/2432
f 2145/2435 2142/2431 2146/2438
f 2146/2438 2142/2431 2143/2434
f 2147/2440 2144/2436 2148/2439
f 2148/2439 2144/2436 2145/2435
f 2149/2441 2146/2437 2147/2440
f 2147/2440 2146/2437 2144/2436
f 2148/2439 2145/2435 2149/2442
f 2149/2442 2145/2435 2146/2438
f 2150/2444 2147/2440 2151/2443
f 2151/2443 2147/2440 2148/2439
f 2152/2445 2149/2441 2150/2444
f 2150/2444 2149/2441 2147/2440
f 2151/2443 2148/2439 2152/2446
f 2152/2446 2148/2439 2149/2442
f 2113/2448 2150/2444 2116/2447
f 2116/2447 2150/2444 2151/2443
f 2114/2449 2152/2445 2113/2448
f 2113/2448 2152/2445 2150/2444
f 2116/2447 2151/2443 2114/2450
f 2114/2450 2151/2443 2152/2446
usemtl Tex_0024_0.png
f 2154/2453 2153/2452 2155/2451
f 2155/2451 2153/2452 2156/2454
f 2158/2456 2157/2455 2154/2453
f 2154/2453 2157/2455 2153/2452
f 2160/2458 2159/2457 2158/2456
f 2158/2456 2159/2457 2157/2455
f 2160/2458 2161/2459 2159/2457
f 2159/2457 2161/2459 2162/2460
f 2164/2462 2163/2461 2161/2459
f 2161/2459 2163/2461 2162/2460
f 2166/2464 2165/2463 2164/2462
f 2164/2462 2165/2463 2163/2461
f 2168/2466 2167/2465 2166/2464
f 2166/2464 2167/2465 2165/2463
f 2170/2468 2169/2467 2168/2466
f 2168/2466 2169/2467 2167/2465
f 2172/2470 2171/2469 2170/2468
f 2170/2468 2171/2469 2169/2467
f 2174/2472 2173/2471 2172/2470
f 2172/2470 2173/2471 2171/2469
f 2176/2474 2175/2473 2174/2472
f 2174/2472 2175/2473 2173/2471
f 2178/2476 2177/2475 2176/2474
f 2176/2474 2177/2475 2175/2473
f 2180/2478 2179/2477 2178/2476
f 2178/2476 2179/2477 2177/2475
f 2182/2480 2181/2479 2180/2478
f 2180/2478 2181/2479 2179/2477
f 2184/2482 2183/2481 2182/2480
f 2182/2480 2183/2481 2181/2479
f 2186/2484 2185/2483 2184/2482
f 2184/2482 2185/2483 2183/2481
f 2188/2486 2187/2485 2186/2484
f 2186/2484 2187/2485 2185/2483
f 2190/2488 2189/2487 2188/2486
f 2188/2486 2189/2487 2187/2485
f 2192/2490 2191/2489 2190/2488
f 2190/2488 2191/2489 2189/2487
f 2194/2492 2193/2491 2192/2490
f 2192/2490 2193/2491 2191/2489
f 2196/2494 2195/2493 2194/2492
f 2194/2492 2195/2493 2193/2491
f 2196/2494 2197/2495 2195/2493
f 2195/2493 2197/2495 2198/2496
f 2153/2452 2199/2497 2156/2454
f 2156/2454 2199/2497 2200/2498
f 2157/2455 2201/2499 2153/2452
f 2153/2452 2201/2499 2199/2497
f 2159/2457 2202/2500 2157/2455
f 2157/2455 2202/2500 2201/2499
f 2159/2457 2162/2460 2202/2500
f 2202/2500 2162/2460 2203/2501
f 2163/2461 2204/2502 2162/2460
f 2162/2460 2204/2502 2203/2501
f 2165/2463 2205/2503 2163/2461
f 2163/2461 2205/2503 2204/2502
f 2167/2465 2206/2504 2165/2463
f 2165/2463 2206/2504 2205/2503
f 2169/2467 2207/2505 2167/2465
f 2167/2465 2207/2505 2206/2504
f 2171/2469 2208/2506 2169/2467
f 2169/2467 2208/2506 2207/2505
f 2173/2471 2209/2507 2171/2469
f 2171/2469 2209/2507 2208/2506
f 2175/2473 2210/2508 2173/2471
f 2173/2471 2210/2508 2209/2507
f 2177/2475 2211/2509 2175/2473
f 2175/2473 2211/2509 2210/2508
f 2179/2477 2212/2510 2177/2475
f 2177/2475 2212/2510 2211/2509
f 2181/2479 2213/2511 2179/2477
f 2179/2477 2213/2511 2212/2510
f 2183/2481 2214/2512 2181/2479
f 2181/2479 2214/2512 2213/2511
f 2185/2483 2215/2513 2183/2481
f 2183/2481 2215/2513 2214/2512
f 2187/2485 2216/2514 2185/2483
f 2185/2483 2216/2514 2215/2513
f 2189/2487 2217/2515 2187/2485
f 2187/2485 2217/2515 2216/2514
f 2191/2489 2218/2516 2189/2487
f 2189/2487 2218/2516 2217/2515
f 2193/2491 2219/2517 2191/2489
f 2191/2489 2219/2517 2218/2516
f 2195/2493 2220/2518 2193/2491
f 2193/2491 2220/2518 2219/2517
f 2195/2493 2198/2496 2220/2518
f 2220/2518 2198/2496 2221/2519
f 2223/2521 2222/2520 2200/2498
f 2200/2498 2222/2520 2156/2454
f 2156/2454 2222/2520 2155/2451
f 2155/2451 2222/2520 2224/2522
f 2211/2509 2225/2523 2210/2508
f 2210/2508 2225/2523 2226/2524
f 2212/2510 2227/2525 2211/2509
f 2211/2509 2227/2525 2225/2523
f 2213/2511 2228/2526 2212/2510
f 2212/2510 2228/2526 2227/2525
f 2214/2512 2229/2527 2213/2511
f 2213/2511 2229/2527 2228/2526
f 2215/2513 2230/2528 2214/2512
f 2214/2512 2230/2528 2229/2527
f 2216/2514 2231/2529 2215/2513
f 2215/2513 2231/2529 2230/2528
f 2217/2515 2232/2530 2216/2514
f 2216/2514 2232/2530 2231/2529
f 2218/2516 2233/2531 2217/2515
f 2217/2515 2233/2531 2232/2530
f 2219/2517 2234/2532 2218/2516
f 2218/2516 2234/2532 2233/2531
f 2220/2518 2235/2533 2219/2517
f 2219/2517 2235/2533 2234/2532
f 2199/2497 2236/2534 2200/2498
f 2200/2498 2236/2534 2237/2535
f 2201/2499 2238/2536 2199/2497
f 2199/2497 2238/2536 2236/2534
f 2202/2500 2239/2537 2201/2499
f 2201/2499 2239/2537 2238/2536
f 2239/2537 2202/2500 2240/2538
f 2240/2538 2202/2500 2203/2501
f 2204/2502 2241/2539 2203/2501
f 2203/2501 2241/2539 2240/2538
f 2205/2503 2242/2540 2204/2502
f 2204/2502 2242/2540 2241/2539
f 2206/2504 2243/2541 2205/2503
f 2205/2503 2243/2541 2242/2540
f 2207/2505 2244/2542 2206/2504
f 2206/2504 2244/2542 2243/2541
f 2208/2506 2245/2543 2207/2505
f 2207/2505 2245/2543 2244/2542
f 2209/2507 2246/2544 2208/2506
f 2208/2506 2246/2544 2245/2543
f 2209/2507 2210/2508 2246/2544
f 2246/2544 2210/2508 2226/2524
f 2247/2545 2235/2533 2221/2519
f 2221/2519 2235/2533 2220/2518
f 2200/2498 2237/2535 2223/2521
f 2223/2521 2237/2535 2248/2546
f 2248/2546 2237/2535 2249/2547
f 2249/2547 2237/2535 2250/2548
f 2252/2551 2251/2550 2253/2549
f 2253/2549 2251/2550 2254/2552
f 2254/2552 2255/2553 2253/2549
f 2253/2549 2255/2553 2256/2554
f 2255/2553 2257/2555 2256/2554
f 2256/2554 2257/2555 2258/2556
f 2258/2556 2257/2555 2259/2557
f 2259/2557 2257/2555 2260/2558
f 2259/2557 2260/2558 2261/2559
f 2261/2559 2260/2558 2262/2560
f 2261/2559 2262/2560 2263/2561
f 2263/2561 2262/2560 2264/2562
f 2263/2561 2264/2562 2265/2563
f 2265/2563 2264/2562 2266/2564
f 2265/2563 2266/2564 2267/2565
f 2267/2565 2266/2564 2268/2566
f 2267/2565 2268/2566 2269/2567
f 2269/2567 2268/2566 2270/2568
f 2269/2567 2270/2568 2271/2569
f 2271/2569 2270/2568 2272/2570
f 2271/2569 2272/2570 2273/2571
f 2273/2571 2272/2570 2274/2572
f 2273/2571 2274/2572 2275/2573
f 2275/2573 2274/2572 2276/2574
f 2278/2577 2277/2576 2279/2575
f 2279/2575 2277/2576 2280/2578
f 2279/2575 2280/2578 2281/2579
f 2281/2579 2280/2578 2282/2580
f 2281/2579 2282/2580 2283/2581
f 2283/2581 2282/2580 2284/2582
f 2283/2581 2284/2582 2285/2583
f 2285/2583 2284/2582 2286/2584
f 2285/2583 2286/2584 2287/2585
f 2287/2585 2286/2584 2288/2586
f 2287/2585 2288/2586 2289/2587
f 2289/2587 2288/2586 2290/2588
f 2289/2587 2290/2588 2291/2589
f 2291/2589 2290/2588 2292/2590
f 2291/2589 2292/2590 2252/2551
f 2252/2551 2292/2590 2251/2550
f 2276/2574 2198/2496 2275/2573
f 2275/2573 2198/2496 2197/2495
f 2222/2592 2277/2576 2224/2591
f 2224/2591 2277/2576 2278/2577
f 2293/2594 2277/2576 2223/2593
f 2223/2593 2277/2576 2222/2592
f 2277/2576 2293/2594 2280/2578
f 2280/2578 2293/2594 2294/2595
f 2280/2578 2294/2595 2282/2580
f 2282/2580 2294/2595 2295/2596
f 2282/2580 2295/2596 2284/2582
f 2284/2582 2295/2596 2296/2597
f 2284/2582 2296/2597 2286/2584
f 2286/2584 2296/2597 2297/2598
f 2286/2584 2297/2598 2288/2586
f 2288/2586 2297/2598 2298/2599
f 2288/2586 2298/2599 2290/2588
f 2290/2588 2298/2599 2299/2600
f 2290/2588 2299/2600 2292/2590
f 2292/2590 2299/2600 2300/2601
f 2292/2590 2300/2601 2251/2550
f 2251/2550 2300/2601 2301/2602
f 2251/2550 2301/2602 2254/2552
f 2254/2552 2301/2602 2302/2603
f 2302/2603 2303/2604 2254/2552
f 2254/2552 2303/2604 2255/2553
f 2303/2604 2304/2605 2255/2553
f 2255/2553 2304/2605 2257/2555
f 2257/2555 2304/2605 2260/2558
f 2260/2558 2304/2605 2305/2606
f 2260/2558 2305/2606 2262/2560
f 2262/2560 2305/2606 2306/2607
f 2262/2560 2306/2607 2264/2562
f 2264/2562 2306/2607 2307/2608
f 2264/2562 2307/2608 2266/2564
f 2266/2564 2307/2608 2308/2609
f 2266/2564 2308/2609 2268/2566
f 2268/2566 2308/2609 2309/2610
f 2268/2566 2309/2610 2270/2568
f 2270/2568 2309/2610 2310/2611
f 2270/2568 2310/2611 2272/2570
f 2272/2570 2310/2611 2311/2612
f 2272/2570 2311/2612 2274/2572
f 2274/2572 2311/2612 2312/2613
f 2274/2572 2312/2613 2276/2574
f 2276/2574 2312/2613 2313/2614
f 2221/2519 2198/2496 2313/2614
f 2313/2614 2198/2496 2276/2574
f 2302/2603 2301/2602 2314/2615
f 2314/2615 2301/2602 2315/2616
f 2314/2615 2316/2617 2302/2603
f 2302/2603 2316/2617 2303/2604
f 2293/2594 2223/2593 2317/2618
f 2317/2618 2223/2593 2248/2619
f 2294/2595 2293/2594 2318/2620
f 2318/2620 2293/2594 2317/2618
f 2295/2596 2294/2595 2319/2621
f 2319/2621 2294/2595 2318/2620
f 2296/2597 2295/2596 2320/2622
f 2320/2622 2295/2596 2319/2621
f 2297/2598 2296/2597 2321/2623
f 2321/2623 2296/2597 2320/2622
f 2298/2599 2297/2598 2322/2624
f 2322/2624 2297/2598 2321/2623
f 2299/2600 2298/2599 2323/2625
f 2323/2625 2298/2599 2322/2624
f 2300/2601 2299/2600 2324/2626
f 2324/2626 2299/2600 2323/2625
f 2301/2602 2300/2601 2315/2616
f 2315/2616 2300/2601 2324/2626
f 2221/2519 2313/2614 2247/2545
f 2247/2545 2313/2614 2325/2627
f 2247/2545 2325/2627 2326/2628
f 2326/2628 2325/2627 2327/2629
f 2314/2615 2315/2616 2328/2630
f 2328/2630 2315/2616 2329/2631
f 2314/2615 2328/2630 2316/2617
f 2316/2617 2328/2630 2330/2632
f 2316/2617 2330/2632 2331/2633
f 2331/2633 2330/2632 2332/2634
f 2331/2633 2304/2605 2316/2617
f 2316/2617 2304/2605 2303/2604
f 2333/2636 2331/2633 2334/2635
f 2334/2635 2331/2633 2332/2634
f 2305/2606 2304/2605 2333/2636
f 2333/2636 2304/2605 2331/2633
f 2335/2638 2333/2636 2336/2637
f 2336/2637 2333/2636 2334/2635
f 2306/2607 2305/2606 2335/2638
f 2335/2638 2305/2606 2333/2636
f 2337/2640 2335/2638 2338/2639
f 2338/2639 2335/2638 2336/2637
f 2307/2608 2306/2607 2337/2640
f 2337/2640 2306/2607 2335/2638
f 2339/2642 2337/2640 2340/2641
f 2340/2641 2337/2640 2338/2639
f 2308/2609 2307/2608 2339/2642
f 2339/2642 2307/2608 2337/2640
f 2341/2644 2339/2642 2342/2643
f 2342/2643 2339/2642 2340/2641
f 2309/2610 2308/2609 2341/2644
f 2341/2644 2308/2609 2339/2642
f 2343/2646 2341/2644 2344/2645
f 2344/2645 2341/2644 2342/2643
f 2310/2611 2309/2610 2343/2646
f 2343/2646 2309/2610 2341/2644
f 2345/2648 2343/2646 2346/2647
f 2346/2647 2343/2646 2344/2645
f 2311/2612 2310/2611 2345/2648
f 2345/2648 2310/2611 2343/2646
f 2347/2650 2345/2648 2348/2649
f 2348/2649 2345/2648 2346/2647
f 2312/2613 2311/2612 2347/2650
f 2347/2650 2311/2612 2345/2648
f 2325/2627 2347/2650 2327/2629
f 2327/2629 2347/2650 2348/2649
f 2313/2614 2312/2613 2325/2627
f 2325/2627 2312/2613 2347/2650
f 2317/2618 2248/2619 2349/2651
f 2349/2651 2248/2619 2249/2652
f 2318/2620 2317/2618 2350/2653
f 2350/2653 2317/2618 2349/2651
f 2319/2621 2318/2620 2351/2654
f 2351/2654 2318/2620 2350/2653
f 2320/2622 2319/2621 2352/2655
f 2352/2655 2319/2621 2351/2654
f 2321/2623 2320/2622 2353/2656
f 2353/2656 2320/2622 2352/2655
f 2322/2624 2321/2623 2354/2657
f 2354/2657 2321/2623 2353/2656
f 2323/2625 2322/2624 2355/2658
f 2355/2658 2322/2624 2354/2657
f 2324/2626 2323/2625 2356/2659
f 2356/2659 2323/2625 2355/2658
f 2315/2616 2324/2626 2329/2631
f 2329/2631 2324/2626 2356/2659
f 2226/2524 2225/2523 2357/2660
f 2357/2660 2225/2523 2358/2661
f 2225/2523 2227/2525 2358/2661
f 2358/2661 2227/2525 2359/2662
f 2227/2525 2228/2526 2359/2662
f 2359/2662 2228/2526 2360/2663
f 2228/2526 2229/2527 2360/2663
f 2360/2663 2229/2527 2361/2664
f 2229/2527 2230/2528 2361/2664
f 2361/2664 2230/2528 2362/2665
f 2230/2528 2231/2529 2362/2665
f 2362/2665 2231/2529 2363/2666
f 2231/2529 2232/2530 2363/2666
f 2363/2666 2232/2530 2364/2667
f 2232/2530 2233/2531 2364/2667
f 2364/2667 2233/2531 2365/2668
f 2233/2531 2234/2532 2365/2668
f 2365/2668 2234/2532 2366/2669
f 2234/2532 2235/2533 2366/2669
f 2366/2669 2235/2533 2367/2670
f 2237/2535 2236/2534 2250/2548
f 2250/2548 2236/2534 2368/2671
f 2236/2534 2238/2536 2368/2671
f 2368/2671 2238/2536 2369/2672
f 2238/2536 2239/2537 2369/2672
f 2369/2672 2239/2537 2370/2673
f 2239/2537 2240/2538 2370/2673
f 2370/2673 2240/2538 2371/2674
f 2240/2538 2241/2539 2371/2674
f 2371/2674 2241/2539 2372/2675
f 2241/2539 2242/2540 2372/2675
f 2372/2675 2242/2540 2373/2676
f 2242/2540 2243/2541 2373/2676
f 2373/2676 2243/2541 2374/2677
f 2243/2541 2244/2542 2374/2677
f 2374/2677 2244/2542 2375/2678
f 2244/2542 2245/2543 2375/2678
f 2375/2678 2245/2543 2376/2679
f 2245/2543 2246/2544 2376/2679
f 2376/2679 2246/2544 2377/2680
f 2246/2544 2226/2524 2377/2680
f 2377/2680 2226/2524 2357/2660
f 2235/2533 2247/2545 2367/2670
f 2367/2670 2247/2545 2326/2628
f 2379/2683 2378/2682 2380/2681
f 2380/2681 2378/2682 2381/2684
f 2378/2682 2382/2685 2381/2684
f 2381/2684 2382/2685 2383/2686
f 2380/2681 2381/2684 2384/2687
f 2384/2687 2381/2684 2385/2688
f 2381/2684 2383/2686 2385/2688
f 2385/2688 2383/2686 2386/2689
f 2384/2687 2385/2688 2387/2690
f 2387/2690 2385/2688 2388/2691
f 2385/2688 2386/2689 2388/2691
f 2388/2691 2386/2689 2389/2692
f 2387/2690 2388/2691 2390/2693
f 2390/2693 2388/2691 2391/2694
f 2388/2691 2389/2692 2391/2694
f 2391/2694 2389/2692 2392/2695
f 2390/2693 2391/2694 2393/2696
f 2393/2696 2391/2694 2394/2697
f 2391/2694 2392/2695 2394/2697
f 2394/2697 2392/2695 2395/2698
f 2393/2696 2394/2697 2396/2699
f 2396/2699 2394/2697 2397/2700
f 2394/2697 2395/2698 2397/2700
f 2397/2700 2395/2698 2398/2701
f 2396/2699 2397/2700 2399/2702
f 2399/2702 2397/2700 2400/2703
f 2397/2700 2398/2701 2400/2703
f 2400/2703 2398/2701 2401/2704
f 2399/2702 2400/2703 2402/2705
f 2402/2705 2400/2703 2403/2706
f 2400/2703 2401/2704 2403/2706
f 2403/2706 2401/2704 2404/2707
f 2402/2705 2403/2706 2405/2708
f 2405/2708 2403/2706 2406/2709
f 2403/2706 2404/2707 2406/2709
f 2406/2709 2404/2707 2407/2710
f 2405/2708 2406/2709 2408/2711
f 2408/2711 2406/2709 2409/2712
f 2406/2709 2407/2710 2409/2712
f 2409/2712 2407/2710 2410/2713
f 2412/2716 2411/2715 2413/2714
f 2413/2714 2411/2715 2414/2717
f 2411/2715 2415/2718 2414/2717
f 2414/2717 2415/2718 2416/2719
f 2413/2714 2414/2717 2417/2720
f 2417/2720 2414/2717 2418/2721
f 2414/2717 2416/2719 2418/2721
f 2418/2721 2416/2719 2419/2722
f 2417/2720 2418/2721 2420/2723
f 2420/2723 2418/2721 2421/2724
f 2418/2721 2419/2722 2421/2724
f 2421/2724 2419/2722 2422/2725
f 2420/2723 2421/2724 2423/2726
f 2423/2726 2421/2724 2424/2727
f 2421/2724 2422/2725 2424/2727
f 2424/2727 2422/2725 2425/2728
f 2423/2726 2424/2727 2426/2729
f 2426/2729 2424/2727 2427/2730
f 2424/2727 2425/2728 2427/2730
f 2427/2730 2425/2728 2428/2731
f 2426/2729 2427/2730 2429/2732
f 2429/2732 2427/2730 2430/2733
f 2427/2730 2428/2731 2430/2733
f 2430/2733 2428/2731 2431/2734
f 2429/2732 2430/2733 2432/2735
f 2432/2735 2430/2733 2433/2736
f 2430/2733 2431/2734 2433/2736
f 2433/2736 2431/2734 2434/2737
f 2432/2735 2433/2736 2435/2738
f 2435/2738 2433/2736 2436/2739
f 2433/2736 2434/2737 2436/2739
f 2436/2739 2434/2737 2437/2740
f 2435/2738 2436/2739 2438/2741
f 2438/2741 2436/2739 2439/2742
f 2436/2739 2437/2740 2439/2742
f 2439/2742 2437/2740 2440/2743
f 2438/2741 2439/2742 2379/2683
f 2379/2683 2439/2742 2378/2682
f 2439/2742 2440/2743 2378/2682
f 2378/2682 2440/2743 2382/2685
f 2441/2745 2411/2715 2442/2744
f 2442/2744 2411/2715 2412/2716
f 2409/2712 2443/2746 2408/2711
f 2408/2711 2443/2746 2444/2747
f 2410/2713 2445/2748 2409/2712
f 2409/2712 2445/2748 2443/2746
f 2415/2718 2411/2715 2446/2749
f 2446/2749 2411/2715 2441/2745
f 2415/2718 2447/2750 2416/2719
f 2416/2719 2447/2750 2448/2751
f 2446/2749 2449/2752 2415/2718
f 2415/2718 2449/2752 2447/2750
f 2445/2748 2410/2713 2450/2753
f 2450/2753 2410/2713 2451/2754
f 2407/2710 2452/2755 2410/2713
f 2410/2713 2452/2755 2451/2754
f 2404/2707 2453/2756 2407/2710
f 2407/2710 2453/2756 2452/2755
f 2401/2704 2454/2757 2404/2707
f 2404/2707 2454/2757 2453/2756
f 2398/2701 2455/2758 2401/2704
f 2401/2704 2455/2758 2454/2757
f 2395/2698 2456/2759 2398/2701
f 2398/2701 2456/2759 2455/2758
f 2392/2695 2457/2760 2395/2698
f 2395/2698 2457/2760 2456/2759
f 2389/2692 2458/2761 2392/2695
f 2392/2695 2458/2761 2457/2760
f 2386/2689 2459/2762 2389/2692
f 2389/2692 2459/2762 2458/2761
f 2383/2686 2460/2763 2386/2689
f 2386/2689 2460/2763 2459/2762
f 2382/2685 2461/2764 2383/2686
f 2383/2686 2461/2764 2460/2763
f 2440/2743 2462/2765 2382/2685
f 2382/2685 2462/2765 2461/2764
f 2437/2740 2463/2766 2440/2743
f 2440/2743 2463/2766 2462/2765
f 2434/2737 2464/2767 2437/2740
f 2437/2740 2464/2767 2463/2766
f 2431/2734 2465/2768 2434/2737
f 2434/2737 2465/2768 2464/2767
f 2428/2731 2466/2769 2431/2734
f 2431/2734 2466/2769 2465/2768
f 2425/2728 2467/2770 2428/2731
f 2428/2731 2467/2770 2466/2769
f 2422/2725 2468/2771 2425/2728
f 2425/2728 2468/2771 2467/2770
f 2419/2722 2469/2772 2422/2725
f 2422/2725 2469/2772 2468/2771
f 2416/2719 2448/2751 2419/2722
f 2419/2722 2448/2751 2469/2772
f 2450/2753 2451/2754 2470/2773
f 2470/2773 2451/2754 2471/2774
f 2451/2754 2452/2755 2471/2774
f 2471/2774 2452/2755 2472/2775
f 2452/2755 2453/2756 2472/2775
f 2472/2775 2453/2756 2473/2776
f 2453/2756 2454/2757 2473/2776
f 2473/2776 2454/2757 2474/2777
f 2454/2757 2455/2758 2474/2777
f 2474/2777 2455/2758 2475/2778
f 2455/2758 2456/2759 2475/2778
f 2475/2778 2456/2759 2476/2779
f 2456/2759 2457/2760 2476/2779
f 2476/2779 2457/2760 2477/2780
f 2457/2760 2458/2761 2477/2780
f 2477/2780 2458/2761 2478/2781
f 2458/2761 2459/2762 2478/2781
f 2478/2781 2459/2762 2479/2782
f 2459/2762 2460/2763 2479/2782
f 2479/2782 2460/2763 2480/2783
f 2460/2763 2461/2764 2480/2783
f 2480/2783 2461/2764 2481/2784
f 2461/2764 2462/2765 2481/2784
f 2481/2784 2462/2765 2482/2785
f 2462/2765 2463/2766 2482/2785
f 2482/2785 2463/2766 2483/2786
f 2463/2766 2464/2767 2483/2786
f 2483/2786 2464/2767 2484/2787
f 2464/2767 2465/2768 2484/2787
f 2484/2787 2465/2768 2485/2788
f 2465/2768 2466/2769 2485/2788
f 2485/2788 2466/2769 2486/2789
f 2466/2769 2467/2770 2486/2789
f 2486/2789 2467/2770 2487/2790
f 2467/2770 2468/2771 2487/2790
f 2487/2790 2468/2771 2488/2791
f 2468/2771 2469/2772 2488/2791
f 2488/2791 2469/2772 2489/2792
f 2469/2772 2448/2751 2489/2792
f 2489/2792 2448/2751 2490/2793
f 2448/2751 2447/2750 2490/2793
f 2490/2793 2447/2750 2491/2794
f 2447/2750 2449/2752 2491/2794
f 2491/2794 2449/2752 2492/2795
f 2494/2798 2493/2797 2495/2796
f 2495/2796 2493/2797 2496/2799
f 2498/2801 2497/2800 2496/2799
f 2496/2799 2497/2800 2495/2796
f 2500/2803 2499/2802 2498/2801
f 2498/2801 2499/2802 2497/2800
f 2502/2805 2501/2804 2500/2803
f 2500/2803 2501/2804 2499/2802
f 2504/2807 2503/2806 2502/2805
f 2502/2805 2503/2806 2501/2804
f 2503/2806 2504/2807 2505/2808
f 2505/2808 2504/2807 2506/2809
f 2508/2811 2507/2810 2506/2809
f 2506/2809 2507/2810 2505/2808
f 2510/2813 2509/2812 2508/2811
f 2508/2811 2509/2812 2507/2810
f 2512/2815 2511/2814 2510/2813
f 2510/2813 2511/2814 2509/2812
f 2514/2817 2513/2816 2512/2815
f 2512/2815 2513/2816 2511/2814
f 2516/2819 2515/2818 2514/2817
f 2514/2817 2515/2818 2513/2816
f 2518/2822 2517/2821 2519/2820
f 2519/2820 2517/2821 2520/2823
f 2522/2825 2521/2824 2518/2822
f 2518/2822 2521/2824 2517/2821
f 2524/2827 2523/2826 2522/2825
f 2522/2825 2523/2826 2521/2824
f 2523/2826 2524/2827 2525/2828
f 2525/2828 2524/2827 2526/2829
f 2528/2831 2527/2830 2526/2829
f 2526/2829 2527/2830 2525/2828
f 2527/2830 2528/2831 2529/2832
f 2529/2832 2528/2831 2530/2833
f 2532/2835 2531/2834 2530/2833
f 2530/2833 2531/2834 2529/2832
f 2531/2834 2532/2835 2533/2836
f 2533/2836 2532/2835 2534/2837
f 2536/2839 2535/2838 2534/2837
f 2534/2837 2535/2838 2533/2836
f 2538/2841 2537/2840 2536/2839
f 2536/2839 2537/2840 2535/2838
f 2540/2843 2539/2842 2538/2841
f 2538/2841 2539/2842 2537/2840
f 2539/2842 2540/2843 2541/2844
f 2541/2844 2540/2843 2542/2845
f 2541/2844 2542/2845 2543/2846
f 2543/2846 2542/2845 2544/2847
f 2543/2846 2544/2847 2545/2848
f 2545/2848 2544/2847 2546/2849
f 2493/2797 2494/2798 2546/2850
f 2546/2850 2494/2798 2545/2851
f 2547/2853 2494/2798 2548/2852
f 2548/2852 2494/2798 2495/2796
f 2497/2800 2549/2854 2495/2796
f 2495/2796 2549/2854 2548/2852
f 2499/2802 2550/2855 2497/2800
f 2497/2800 2550/2855 2549/2854
f 2501/2804 2551/2856 2499/2802
f 2499/2802 2551/2856 2550/2855
f 2503/2806 2552/2857 2501/2804
f 2501/2804 2552/2857 2551/2856
f 2552/2857 2503/2806 2553/2858
f 2553/2858 2503/2806 2505/2808
f 2507/2810 2554/2859 2505/2808
f 2505/2808 2554/2859 2553/2858
f 2509/2812 2555/2860 2507/2810
f 2507/2810 2555/2860 2554/2859
f 2511/2814 2556/2861 2509/2812
f 2509/2812 2556/2861 2555/2860
f 2513/2816 2557/2862 2511/2814
f 2511/2814 2557/2862 2556/2861
f 2515/2818 2558/2863 2513/2816
f 2513/2816 2558/2863 2557/2862
f 2517/2821 2559/2864 2520/2823
f 2520/2823 2559/2864 2560/2865
f 2521/2824 2561/2866 2517/2821
f 2517/2821 2561/2866 2559/2864
f 2523/2826 2562/2867 2521/2824
f 2521/2824 2562/2867 2561/2866
f 2562/2867 2523/2826 2563/2868
f 2563/2868 2523/2826 2525/2828
f 2527/2830 2564/2869 2525/2828
f 2525/2828 2564/2869 2563/2868
f 2564/2869 2527/2830 2565/2870
f 2565/2870 2527/2830 2529/2832
f 2531/2834 2566/2871 2529/2832
f 2529/2832 2566/2871 2565/2870
f 2566/2871 2531/2834 2567/2872
f 2567/2872 2531/2834 2533/2836
f 2535/2838 2568/2873 2533/2836
f 2533/2836 2568/2873 2567/2872
f 2537/2840 2569/2874 2535/2838
f 2535/2838 2569/2874 2568/2873
f 2539/2842 2570/2875 2537/2840
f 2537/2840 2570/2875 2569/2874
f 2570/2875 2539/2842 2571/2876
f 2571/2876 2539/2842 2541/2844
f 2571/2876 2541/2844 2572/2877
f 2572/2877 2541/2844 2543/2846
f 2572/2877 2543/2846 2573/2878
f 2573/2878 2543/2846 2545/2848
f 2494/2798 2547/2853 2545/2851
f 2545/2851 2547/2853 2573/2879
f 2446/2749 2441/2745 2560/2865
f 2560/2865 2441/2745 2520/2823
f 2520/2823 2441/2745 2519/2820
f 2519/2820 2441/2745 2442/2744
f 2558/2863 2515/2818 2445/2748
f 2445/2748 2515/2818 2443/2746
f 2515/2818 2516/2819 2443/2746
f 2443/2746 2516/2819 2444/2747
f 2560/2865 2574/2880 2446/2749
f 2446/2749 2574/2880 2449/2752
f 2559/2864 2575/2881 2560/2865
f 2560/2865 2575/2881 2574/2880
f 2561/2866 2576/2882 2559/2864
f 2559/2864 2576/2882 2575/2881
f 2562/2867 2577/2883 2561/2866
f 2561/2866 2577/2883 2576/2882
f 2578/2884 2577/2883 2563/2868
f 2563/2868 2577/2883 2562/2867
f 2564/2869 2579/2885 2563/2868
f 2563/2868 2579/2885 2578/2884
f 2580/2886 2579/2885 2565/2870
f 2565/2870 2579/2885 2564/2869
f 2566/2871 2581/2887 2565/2870
f 2565/2870 2581/2887 2580/2886
f 2582/2888 2581/2887 2567/2872
f 2567/2872 2581/2887 2566/2871
f 2568/2873 2583/2889 2567/2872
f 2567/2872 2583/2889 2582/2888
f 2569/2874 2584/2890 2568/2873
f 2568/2873 2584/2890 2583/2889
f 2570/2875 2585/2891 2569/2874
f 2569/2874 2585/2891 2584/2890
f 2586/2892 2585/2891 2571/2876
f 2571/2876 2585/2891 2570/2875
f 2587/2893 2586/2892 2572/2877
f 2572/2877 2586/2892 2571/2876
f 2588/2894 2587/2893 2573/2878
f 2573/2878 2587/2893 2572/2877
f 2547/2853 2589/2895 2573/2879
f 2573/2879 2589/2895 2588/2896
f 2590/2897 2589/2895 2548/2852
f 2548/2852 2589/2895 2547/2853
f 2549/2854 2591/2898 2548/2852
f 2548/2852 2591/2898 2590/2897
f 2550/2855 2592/2899 2549/2854
f 2549/2854 2592/2899 2591/2898
f 2551/2856 2593/2900 2550/2855
f 2550/2855 2593/2900 2592/2899
f 2552/2857 2594/2901 2551/2856
f 2551/2856 2594/2901 2593/2900
f 2595/2902 2594/2901 2553/2858
f 2553/2858 2594/2901 2552/2857
f 2554/2859 2596/2903 2553/2858
f 2553/2858 2596/2903 2595/2902
f 2555/2860 2597/2904 2554/2859
f 2554/2859 2597/2904 2596/2903
f 2556/2861 2598/2905 2555/2860
f 2555/2860 2598/2905 2597/2904
f 2557/2862 2599/2906 2556/2861
f 2556/2861 2599/2906 2598/2905
f 2558/2863 2600/2907 2557/2862
f 2557/2862 2600/2907 2599/2906
f 2450/2753 2600/2907 2445/2748
f 2445/2748 2600/2907 2558/2863
f 2449/2752 2574/2880 2492/2795
f 2492/2795 2574/2880 2601/2908
f 2574/2880 2575/2881 2601/2908
f 2601/2908 2575/2881 2602/2909
f 2575/2881 2576/2882 2602/2909
f 2602/2909 2576/2882 2603/2910
f 2576/2882 2577/2883 2603/2910
f 2603/2910 2577/2883 2604/2911
f 2578/2884 2605/2912 2577/2883
f 2577/2883 2605/2912 2604/2911
f 2578/2884 2579/2885 2605/2912
f 2605/2912 2579/2885 2606/2913
f 2580/2886 2607/2914 2579/2885
f 2579/2885 2607/2914 2606/2913
f 2580/2886 2581/2887 2607/2914
f 2607/2914 2581/2887 2608/2915
f 2582/2888 2609/2916 2581/2887
f 2581/2887 2609/2916 2608/2915
f 2582/2888 2583/2889 2609/2916
f 2609/2916 2583/2889 2610/2917
f 2583/2889 2584/2890 2610/2917
f 2610/2917 2584/2890 2611/2918
f 2584/2890 2585/2891 2611/2918
f 2611/2918 2585/2891 2612/2919
f 2586/2892 2613/2920 2585/2891
f 2585/2891 2613/2920 2612/2919
f 2587/2893 2614/2921 2586/2892
f 2586/2892 2614/2921 2613/2920
f 2588/2894 2615/2922 2587/2893
f 2587/2893 2615/2922 2614/2921
f 2588/2896 2589/2895 2615/2923
f 2615/2923 2589/2895 2616/2924
f 2590/2897 2617/2925 2589/2895
f 2589/2895 2617/2925 2616/2924
f 2590/2897 2591/2898 2617/2925
f 2617/2925 2591/2898 2618/2926
f 2591/2898 2592/2899 2618/2926
f 2618/2926 2592/2899 2619/2927
f 2592/2899 2593/2900 2619/2927
f 2619/2927 2593/2900 2620/2928
f 2593/2900 2594/2901 2620/2928
f 2620/2928 2594/2901 2621/2929
f 2595/2902 2622/2930 2594/2901
f 2594/2901 2622/2930 2621/2929
f 2595/2902 2596/2903 2622/2930
f 2622/2930 2596/2903 2623/2931
f 2596/2903 2597/2904 2623/2931
f 2623/2931 2597/2904 2624/2932
f 2597/2904 2598/2905 2624/2932
f 2624/2932 2598/2905 2625/2933
f 2598/2905 2599/2906 2625/2933
f 2625/2933 2599/2906 2626/2934
f 2599/2906 2600/2907 2626/2934
f 2626/2934 2600/2907 2627/2935
f 2450/2753 2470/2773 2600/2907
f 2600/2907 2470/2773 2627/2935
f 2629/2938 2628/2937 2630/2936
f 2630/2936 2628/2937 2631/2939
f 2632/2941 2629/2938 2633/2940
f 2633/2940 2629/2938 2630/2936
f 2634/2943 2632/2941 2635/2942
f 2635/2942 2632/2941 2633/2940
f 2636/2945 2634/2943 2637/2944
f 2637/2944 2634/2943 2635/2942
f 2637/2944 2638/2946 2636/2945
f 2636/2945 2638/2946 2639/2947
f 2640/2949 2639/2947 2641/2948
f 2641/2948 2639/2947 2638/2946
f 2642/2951 2640/2949 2643/2950
f 2643/2950 2640/2949 2641/2948
f 2644/2953 2642/2951 2645/2952
f 2645/2952 2642/2951 2643/2950
f 2646/2955 2644/2953 2647/2954
f 2647/2954 2644/2953 2645/2952
f 2648/2957 2646/2955 2649/2956
f 2649/2956 2646/2955 2647/2954
f 2650/2959 2648/2957 2651/2958
f 2651/2958 2648/2957 2649/2956
f 2652/2961 2650/2959 2653/2960
f 2653/2960 2650/2959 2651/2958
f 2654/2963 2652/2961 2655/2962
f 2655/2962 2652/2961 2653/2960
f 2657/2966 2656/2965 2658/2964
f 2658/2964 2656/2965 2659/2967
f 2660/2969 2657/2966 2661/2968
f 2661/2968 2657/2966 2658/2964
f 2662/2971 2660/2969 2663/2970
f 2663/2970 2660/2969 2661/2968
f 2663/2970 2664/2972 2662/2971
f 2662/2971 2664/2972 2665/2973
f 2666/2975 2665/2973 2667/2974
f 2667/2974 2665/2973 2664/2972
f 2668/2977 2666/2975 2669/2976
f 2669/2976 2666/2975 2667/2974
f 2670/2979 2668/2977 2671/2978
f 2671/2978 2668/2977 2669/2976
f 2672/2981 2670/2979 2673/2980
f 2673/2980 2670/2979 2671/2978
f 2674/2983 2672/2981 2675/2982
f 2675/2982 2672/2981 2673/2980
f 2676/2985 2674/2983 2677/2984
f 2677/2984 2674/2983 2675/2982
f 2628/2937 2676/2985 2631/2939
f 2631/2939 2676/2985 2677/2984
f 2678/2987 2659/2967 2679/2986
f 2679/2986 2659/2967 2656/2965
f 2681/2990 2680/2989 2682/2988
f 2682/2988 2680/2989 2683/2991
f 2680/2989 2684/2992 2683/2991
f 2683/2991 2684/2992 2685/2993
f 2686/2995 2685/2993 2687/2994
f 2687/2994 2685/2993 2684/2992
f 2688/2997 2686/2995 2689/2996
f 2689/2996 2686/2995 2687/2994
f 2689/2996 2690/2998 2688/2997
f 2688/2997 2690/2998 2691/2999
f 2692/3001 2691/2999 2693/3000
f 2693/3000 2691/2999 2690/2998
f 2693/3000 2694/3002 2692/3001
f 2692/3001 2694/3002 2695/3003
f 2694/3002 2696/3004 2695/3003
f 2695/3003 2696/3004 2697/3005
f 2696/3004 2698/3006 2697/3005
f 2697/3005 2698/3006 2699/3007
f 2698/3006 2700/3008 2699/3007
f 2699/3007 2700/3008 2701/3009
f 2700/3008 2702/3010 2701/3009
f 2701/3009 2702/3010 2703/3011
f 2702/3010 2704/3012 2703/3011
f 2703/3011 2704/3012 2705/3013
f 2704/3012 2654/2963 2705/3013
f 2705/3013 2654/2963 2655/2962
f 2707/3016 2706/3015 2708/3014
f 2708/3014 2706/3015 2709/3017
f 2706/3015 2710/3018 2709/3017
f 2709/3017 2710/3018 2711/3019
f 2710/3018 2712/3020 2711/3019
f 2711/3019 2712/3020 2713/3021
f 2712/3020 2714/3022 2713/3021
f 2713/3021 2714/3022 2715/3023
f 2714/3022 2716/3024 2715/3023
f 2715/3023 2716/3024 2717/3025
f 2716/3024 2718/3026 2717/3025
f 2717/3025 2718/3026 2719/3027
f 2718/3026 2720/3028 2719/3027
f 2719/3027 2720/3028 2721/3029
f 2720/3028 2722/3030 2721/3029
f 2721/3029 2722/3030 2723/3031
f 2722/3030 2724/3032 2723/3031
f 2723/3031 2724/3032 2725/3033
f 2724/3032 2726/3034 2725/3033
f 2725/3033 2726/3034 2727/3035
f 2726/3034 2681/2990 2727/3035
f 2727/3035 2681/2990 2682/2988
f 2708/3014 2678/3036 2707/3016
f 2707/3016 2678/3036 2679/3037
f 2729/3040 2728/3039 2730/3038
f 2730/3038 2728/3039 2731/3041
f 2733/3043 2732/3042 2729/3040
f 2729/3040 2732/3042 2728/3039
f 2735/3045 2734/3044 2733/3043
f 2733/3043 2734/3044 2732/3042
f 2734/3044 2735/3045 2736/3046
f 2736/3046 2735/3045 2737/3047
f 2739/3049 2738/3048 2737/3047
f 2737/3047 2738/3048 2736/3046
f 2741/3051 2740/3050 2739/3049
f 2739/3049 2740/3050 2738/3048
f 2743/3053 2742/3052 2741/3051
f 2741/3051 2742/3052 2740/3050
f 2745/3055 2744/3054 2743/3053
f 2743/3053 2744/3054 2742/3052
f 2747/3057 2746/3056 2745/3055
f 2745/3055 2746/3056 2744/3054
f 2749/3059 2748/3058 2747/3057
f 2747/3057 2748/3058 2746/3056
f 2751/3061 2750/3060 2749/3059
f 2749/3059 2750/3060 2748/3058
f 2753/3063 2752/3062 2751/3061
f 2751/3061 2752/3062 2750/3060
f 2755/3066 2754/3065 2756/3064
f 2756/3064 2754/3065 2757/3067
f 2759/3069 2758/3068 2755/3066
f 2755/3066 2758/3068 2754/3065
f 2761/3071 2760/3070 2759/3069
f 2759/3069 2760/3070 2758/3068
f 2760/3070 2761/3071 2762/3072
f 2762/3072 2761/3071 2763/3073
f 2765/3075 2764/3074 2763/3073
f 2763/3073 2764/3074 2762/3072
f 2767/3077 2766/3076 2765/3075
f 2765/3075 2766/3076 2764/3074
f 2769/3079 2768/3078 2767/3077
f 2767/3077 2768/3078 2766/3076
f 2771/3081 2770/3080 2769/3079
f 2769/3079 2770/3080 2768/3078
f 2773/3083 2772/3082 2771/3081
f 2771/3081 2772/3082 2770/3080
f 2775/3085 2774/3084 2773/3083
f 2773/3083 2774/3084 2772/3082
f 2777/3087 2776/3086 2775/3085
f 2775/3085 2776/3086 2774/3084
f 2730/3038 2731/3041 2777/3087
f 2777/3087 2731/3041 2776/3086
f 2779/3089 2778/3088 2777/3087
f 2777/3087 2778/3088 2730/3038
f 2778/3088 2780/3090 2730/3038
f 2730/3038 2780/3090 2729/3040
f 2780/3090 2781/3091 2729/3040
f 2729/3040 2781/3091 2733/3043
f 2781/3091 2782/3092 2733/3043
f 2733/3043 2782/3092 2735/3045
f 2782/3092 2783/3093 2735/3045
f 2735/3045 2783/3093 2737/3047
f 2783/3093 2784/3094 2737/3047
f 2737/3047 2784/3094 2739/3049
f 2784/3094 2785/3095 2739/3049
f 2739/3049 2785/3095 2741/3051
f 2785/3095 2786/3096 2741/3051
f 2741/3051 2786/3096 2743/3053
f 2786/3096 2787/3097 2743/3053
f 2743/3053 2787/3097 2745/3055
f 2787/3097 2788/3098 2745/3055
f 2745/3055 2788/3098 2747/3057
f 2788/3098 2789/3099 2747/3057
f 2747/3057 2789/3099 2749/3059
f 2789/3099 2790/3100 2749/3059
f 2749/3059 2790/3100 2751/3061
f 2790/3100 2791/3101 2751/3061
f 2751/3061 2791/3101 2753/3063
f 2793/3103 2792/3102 2756/3064
f 2756/3064 2792/3102 2755/3066
f 2792/3102 2794/3104 2755/3066
f 2755/3066 2794/3104 2759/3069
f 2794/3104 2795/3105 2759/3069
f 2759/3069 2795/3105 2761/3071
f 2795/3105 2796/3106 2761/3071
f 2761/3071 2796/3106 2763/3073
f 2796/3106 2797/3107 2763/3073
f 2763/3073 2797/3107 2765/3075
f 2797/3107 2798/3108 2765/3075
f 2765/3075 2798/3108 2767/3077
f 2798/3108 2799/3109 2767/3077
f 2767/3077 2799/3109 2769/3079
f 2799/3109 2800/3110 2769/3079
f 2769/3079 2800/3110 2771/3081
f 2800/3110 2801/3111 2771/3081
f 2771/3081 2801/3111 2773/3083
f 2801/3111 2802/3112 2773/3083
f 2773/3083 2802/3112 2775/3085
f 2802/3112 2779/3089 2775/3085
f 2775/3085 2779/3089 2777/3087
f 2804/3114 2803/3113 2757/3067
f 2757/3067 2803/3113 2756/3064
f 2756/3064 2803/3113 2793/3103
f 2793/3103 2803/3113 2805/3115
f 2807/3118 2806/3117 2808/3116
f 2808/3116 2806/3117 2809/3119
f 2808/3116 2809/3119 2810/3120
f 2810/3120 2809/3119 2811/3121
f 2810/3120 2811/3121 2812/3122
f 2812/3122 2811/3121 2813/3123
f 2813/3123 2814/3124 2812/3122
f 2812/3122 2814/3124 2815/3125
f 2814/3124 2816/3126 2815/3125
f 2815/3125 2816/3126 2817/3127
f 2817/3127 2816/3126 2818/3128
f 2818/3128 2816/3126 2819/3129
f 2819/3129 2820/3130 2818/3128
f 2818/3128 2820/3130 2821/3131
f 2821/3131 2820/3130 2822/3132
f 2822/3132 2820/3130 2823/3133
f 2822/3132 2823/3133 2824/3134
f 2824/3134 2823/3133 2825/3135
f 2824/3134 2825/3135 2826/3136
f 2826/3136 2825/3135 2827/3137
f 2826/3136 2827/3137 2828/3138
f 2828/3138 2827/3137 2829/3139
f 2828/3138 2829/3139 2830/3140
f 2830/3140 2829/3139 2831/3141
f 2830/3140 2831/3141 2832/3142
f 2832/3142 2831/3141 2833/3143
f 2832/3142 2833/3143 2753/3063
f 2753/3063 2833/3143 2752/3062
f 2835/3146 2834/3145 2836/3144
f 2836/3144 2834/3145 2837/3147
f 2836/3144 2837/3147 2838/3148
f 2838/3148 2837/3147 2839/3149
f 2838/3148 2839/3149 2840/3150
f 2840/3150 2839/3149 2841/3151
f 2840/3150 2841/3151 2842/3152
f 2842/3152 2841/3151 2843/3153
f 2842/3152 2843/3153 2844/3154
f 2844/3154 2843/3153 2845/3155
f 2844/3154 2845/3155 2846/3156
f 2846/3156 2845/3155 2847/3157
f 2846/3156 2847/3157 2848/3158
f 2848/3158 2847/3157 2849/3159
f 2848/3158 2849/3159 2850/3160
f 2850/3160 2849/3159 2851/3161
f 2850/3160 2851/3161 2852/3162
f 2852/3162 2851/3161 2853/3163
f 2852/3162 2853/3163 2807/3118
f 2807/3118 2853/3163 2806/3117
f 2834/3145 2835/3146 2804/3164
f 2804/3164 2835/3146 2803/3165
f 2835/3146 2854/3166 2803/3165
f 2803/3165 2854/3166 2805/3167
f 2855/3169 2808/3116 2856/3168
f 2856/3168 2808/3116 2810/3120
f 2856/3168 2810/3120 2857/3170
f 2857/3170 2810/3120 2812/3122
f 2857/3170 2812/3122 2858/3171
f 2858/3171 2812/3122 2815/3125
f 2858/3171 2815/3125 2859/3172
f 2859/3172 2815/3125 2817/3127
f 2859/3172 2817/3127 2860/3173
f 2860/3173 2817/3127 2818/3128
f 2860/3173 2818/3128 2861/3174
f 2861/3174 2818/3128 2821/3131
f 2861/3174 2821/3131 2862/3175
f 2862/3175 2821/3131 2822/3132
f 2862/3175 2822/3132 2863/3176
f 2863/3176 2822/3132 2824/3134
f 2863/3176 2824/3134 2864/3177
f 2864/3177 2824/3134 2826/3136
f 2864/3177 2826/3136 2865/3178
f 2865/3178 2826/3136 2828/3138
f 2865/3178 2828/3138 2866/3179
f 2866/3179 2828/3138 2830/3140
f 2866/3179 2830/3140 2867/3180
f 2867/3180 2830/3140 2832/3142
f 2867/3180 2832/3142 2791/3101
f 2791/3101 2832/3142 2753/3063
f 2854/3166 2835/3146 2868/3181
f 2868/3181 2835/3146 2836/3144
f 2868/3181 2836/3144 2869/3182
f 2869/3182 2836/3144 2838/3148
f 2869/3182 2838/3148 2870/3183
f 2870/3183 2838/3148 2840/3150
f 2870/3183 2840/3150 2871/3184
f 2871/3184 2840/3150 2842/3152
f 2871/3184 2842/3152 2872/3185
f 2872/3185 2842/3152 2844/3154
f 2872/3185 2844/3154 2873/3186
f 2873/3186 2844/3154 2846/3156
f 2873/3186 2846/3156 2874/3187
f 2874/3187 2846/3156 2848/3158
f 2874/3187 2848/3158 2875/3188
f 2875/3188 2848/3158 2850/3160
f 2875/3188 2850/3160 2876/3189
f 2876/3189 2850/3160 2852/3162
f 2876/3189 2852/3162 2877/3190
f 2877/3190 2852/3162 2807/3118
f 2877/3190 2807/3118 2855/3169
f 2855/3169 2807/3118 2808/3116
f 2715/3023 2717/3025 2843/3153
f 2843/3153 2717/3025 2845/3155
f 2713/3021 2715/3023 2841/3151
f 2841/3151 2715/3023 2843/3153
f 2711/3019 2713/3021 2839/3149
f 2839/3149 2713/3021 2841/3151
f 2709/3017 2711/3019 2837/3147
f 2837/3147 2711/3019 2839/3149
f 2708/3014 2709/3017 2834/3145
f 2834/3145 2709/3017 2837/3147
f 2804/3164 2678/3036 2834/3145
f 2834/3145 2678/3036 2708/3014
f 2757/3067 2659/2967 2804/3114
f 2804/3114 2659/2967 2678/2987
f 2658/2964 2659/2967 2754/3065
f 2754/3065 2659/2967 2757/3067
f 2661/2968 2658/2964 2758/3068
f 2758/3068 2658/2964 2754/3065
f 2663/2970 2661/2968 2760/3070
f 2760/3070 2661/2968 2758/3068
f 2663/2970 2760/3070 2664/2972
f 2664/2972 2760/3070 2762/3072
f 2667/2974 2664/2972 2764/3074
f 2764/3074 2664/2972 2762/3072
f 2669/2976 2667/2974 2766/3076
f 2766/3076 2667/2974 2764/3074
f 2671/2978 2669/2976 2768/3078
f 2768/3078 2669/2976 2766/3076
f 2673/2980 2671/2978 2770/3080
f 2770/3080 2671/2978 2768/3078
f 2675/2982 2673/2980 2772/3082
f 2772/3082 2673/2980 2770/3080
f 2677/2984 2675/2982 2774/3084
f 2774/3084 2675/2982 2772/3082
f 2631/2939 2677/2984 2776/3086
f 2776/3086 2677/2984 2774/3084
f 2630/2936 2631/2939 2731/3041
f 2731/3041 2631/2939 2776/3086
f 2633/2940 2630/2936 2728/3039
f 2728/3039 2630/2936 2731/3041
f 2635/2942 2633/2940 2732/3042
f 2732/3042 2633/2940 2728/3039
f 2637/2944 2635/2942 2734/3044
f 2734/3044 2635/2942 2732/3042
f 2637/2944 2734/3044 2638/2946
f 2638/2946 2734/3044 2736/3046
f 2641/2948 2638/2946 2738/3048
f 2738/3048 2638/2946 2736/3046
f 2643/2950 2641/2948 2740/3050
f 2740/3050 2641/2948 2738/3048
f 2645/2952 2643/2950 2742/3052
f 2742/3052 2643/2950 2740/3050
f 2647/2954 2645/2952 2744/3054
f 2744/3054 2645/2952 2742/3052
f 2649/2956 2647/2954 2746/3056
f 2746/3056 2647/2954 2744/3054
f 2651/2958 2649/2956 2748/3058
f 2748/3058 2649/2956 2746/3056
f 2653/2960 2651/2958 2750/3060
f 2750/3060 2651/2958 2748/3058
f 2655/2962 2653/2960 2752/3062
f 2752/3062 2653/2960 2750/3060
f 2705/3013 2655/2962 2833/3143
f 2833/3143 2655/2962 2752/3062
f 2703/3011 2705/3013 2831/3141
f 2831/3141 2705/3013 2833/3143
f 2701/3009 2703/3011 2829/3139
f 2829/3139 2703/3011 2831/3141
f 2699/3007 2701/3009 2827/3137
f 2827/3137 2701/3009 2829/3139
f 2697/3005 2699/3007 2825/3135
f 2825/3135 2699/3007 2827/3137
f 2695/3003 2697/3005 2823/3133
f 2823/3133 2697/3005 2825/3135
f 2692/3001 2695/3003 2820/3130
f 2820/3130 2695/3003 2823/3133
f 2692/3001 2820/3130 2691/2999
f 2691/2999 2820/3130 2819/3129
f 2688/2997 2691/2999 2816/3126
f 2816/3126 2691/2999 2819/3129
f 2688/2997 2816/3126 2686/2995
f 2686/2995 2816/3126 2814/3124
f 2686/2995 2814/3124 2685/2993
f 2685/2993 2814/3124 2813/3123
f 2683/2991 2685/2993 2811/3121
f 2811/3121 2685/2993 2813/3123
f 2682/2988 2683/2991 2809/3119
f 2809/3119 2683/2991 2811/3121
f 2727/3035 2682/2988 2806/3117
f 2806/3117 2682/2988 2809/3119
f 2725/3033 2727/3035 2853/3163
f 2853/3163 2727/3035 2806/3117
f 2723/3031 2725/3033 2851/3161
f 2851/3161 2725/3033 2853/3163
f 2721/3029 2723/3031 2849/3159
f 2849/3159 2723/3031 2851/3161
f 2719/3027 2721/3029 2847/3157
f 2847/3157 2721/3029 2849/3159
f 2717/3025 2719/3027 2845/3155
f 2845/3155 2719/3027 2847/3157
f 2879/3193 2878/3192 2880/3191
f 2880/3191 2878/3192 2881/3194
f 2878/3192 2879/3193 2882/3195
f 2882/3195 2879/3193 2883/3196
f 2882/3195 2883/3196 2884/3197
f 2884/3197 2883/3196 2885/3198
f 2884/3197 2885/3198 2886/3199
f 2886/3199 2885/3198 2887/3200
f 2886/3199 2887/3200 2888/3201
f 2888/3201 2887/3200 2889/3202
f 2888/3201 2889/3202 2890/3203
f 2890/3203 2889/3202 2891/3204
f 2890/3203 2891/3204 2892/3205
f 2892/3205 2891/3204 2893/3206
f 2892/3205 2893/3206 2894/3207
f 2894/3207 2893/3206 2895/3208
f 2894/3207 2895/3208 2896/3209
f 2896/3209 2895/3208 2897/3210
f 2896/3209 2897/3210 2898/3211
f 2898/3211 2897/3210 2899/3212
f 2898/3211 2899/3212 2900/3213
f 2900/3213 2899/3212 2901/3214
f 2900/3213 2901/3214 2902/3215
f 2902/3215 2901/3214 2903/3216
f 2902/3215 2903/3216 2904/3217
f 2904/3217 2903/3216 2905/3218
f 2904/3217 2905/3218 2906/3219
f 2906/3219 2905/3218 2907/3220
f 2906/3219 2907/3220 2908/3221
f 2908/3221 2907/3220 2909/3222
f 2909/3222 2910/3223 2908/3221
f 2908/3221 2910/3223 2911/3224
f 2911/3224 2910/3223 2912/3225
f 2912/3225 2910/3223 2913/3226
f 2912/3225 2913/3226 2914/3227
f 2914/3227 2913/3226 2915/3228
f 2914/3227 2915/3228 2916/3229
f 2916/3229 2915/3228 2917/3230
f 2916/3229 2917/3230 2918/3231
f 2918/3231 2917/3230 2919/3232
f 2918/3231 2919/3232 2920/3233
f 2920/3233 2919/3232 2921/3234
f 2920/3233 2921/3234 2922/3235
f 2922/3235 2921/3234 2923/3236
f 2881/3194 2878/3192 2924/3237
f 2900/3213 2902/3215 2924/3238
f 2902/3215 2904/3217 2924/3238
f 2904/3217 2906/3219 2924/3238
f 2906/3219 2908/3221 2924/3238
f 2924/3238 2908/3221 2911/3224
f 2911/3224 2912/3225 2924/3238
f 2912/3225 2914/3227 2924/3238
f 2914/3227 2916/3229 2924/3238
f 2916/3229 2918/3231 2924/3238
f 2918/3231 2920/3233 2924/3238
f 2920/3233 2922/3235 2924/3238
f 2878/3192 2882/3195 2924/3237
f 2882/3195 2884/3197 2924/3237
f 2884/3197 2886/3199 2924/3237
f 2886/3199 2888/3201 2924/3237
f 2888/3201 2890/3203 2924/3237
f 2890/3203 2892/3205 2924/3237
f 2892/3205 2894/3207 2924/3237
f 2894/3207 2896/3209 2924/3237
f 2896/3209 2898/3211 2924/3237
f 2898/3211 2900/3213 2924/3238
f 2899/3212 2925/3239 2901/3214
f 2901/3214 2925/3239 2926/3240
f 2901/3214 2926/3240 2903/3216
f 2903/3216 2926/3240 2927/3241
f 2903/3216 2927/3241 2905/3218
f 2905/3218 2927/3241 2928/3242
f 2905/3218 2928/3242 2907/3220
f 2907/3220 2928/3242 2929/3243
f 2907/3220 2929/3243 2909/3222
f 2909/3222 2929/3243 2930/3244
f 2930/3244 2931/3245 2909/3222
f 2909/3222 2931/3245 2910/3223
f 2910/3223 2931/3245 2913/3226
f 2913/3226 2931/3245 2932/3246
f 2913/3226 2932/3246 2915/3228
f 2915/3228 2932/3246 2933/3247
f 2915/3228 2933/3247 2917/3230
f 2917/3230 2933/3247 2934/3248
f 2917/3230 2934/3248 2919/3232
f 2919/3232 2934/3248 2935/3249
f 2919/3232 2935/3249 2921/3234
f 2921/3234 2935/3249 2936/3250
f 2880/3191 2937/3251 2879/3193
f 2879/3193 2937/3251 2938/3252
f 2879/3193 2938/3252 2883/3196
f 2883/3196 2938/3252 2939/3253
f 2883/3196 2939/3253 2885/3198
f 2885/3198 2939/3253 2940/3254
f 2885/3198 2940/3254 2887/3200
f 2887/3200 2940/3254 2941/3255
f 2887/3200 2941/3255 2889/3202
f 2889/3202 2941/3255 2942/3256
f 2889/3202 2942/3256 2891/3204
f 2891/3204 2942/3256 2943/3257
f 2891/3204 2943/3257 2893/3206
f 2893/3206 2943/3257 2944/3258
f 2893/3206 2944/3258 2895/3208
f 2895/3208 2944/3258 2945/3259
f 2895/3208 2945/3259 2897/3210
f 2897/3210 2945/3259 2946/3260
f 2897/3210 2946/3260 2899/3212
f 2899/3212 2946/3260 2925/3239
f 2921/3234 2936/3250 2923/3236
f 2923/3236 2936/3250 2947/3261
f 2926/3240 2925/3239 2948/3262
f 2948/3262 2925/3239 2949/3263
f 2927/3241 2926/3240 2950/3264
f 2950/3264 2926/3240 2948/3262
f 2928/3242 2927/3241 2951/3265
f 2951/3265 2927/3241 2950/3264
f 2929/3243 2928/3242 2952/3266
f 2952/3266 2928/3242 2951/3265
f 2930/3244 2929/3243 2953/3267
f 2953/3267 2929/3243 2952/3266
f 2953/3267 2954/3268 2930/3244
f 2930/3244 2954/3268 2931/3245
f 2932/3246 2931/3245 2955/3269
f 2955/3269 2931/3245 2954/3268
f 2933/3247 2932/3246 2956/3270
f 2956/3270 2932/3246 2955/3269
f 2934/3248 2933/3247 2957/3271
f 2957/3271 2933/3247 2956/3270
f 2935/3249 2934/3248 2958/3272
f 2958/3272 2934/3248 2957/3271
f 2936/3250 2935/3249 2959/3273
f 2959/3273 2935/3249 2958/3272
f 2938/3252 2937/3251 2960/3274
f 2960/3274 2937/3251 2961/3275
f 2939/3253 2938/3252 2962/3276
f 2962/3276 2938/3252 2960/3274
f 2940/3254 2939/3253 2963/3277
f 2963/3277 2939/3253 2962/3276
f 2941/3255 2940/3254 2964/3278
f 2964/3278 2940/3254 2963/3277
f 2942/3256 2941/3255 2965/3279
f 2965/3279 2941/3255 2964/3278
f 2943/3257 2942/3256 2966/3280
f 2966/3280 2942/3256 2965/3279
f 2944/3258 2943/3257 2967/3281
f 2967/3281 2943/3257 2966/3280
f 2945/3259 2944/3258 2968/3282
f 2968/3282 2944/3258 2967/3281
f 2946/3260 2945/3259 2969/3283
f 2969/3283 2945/3259 2968/3282
f 2925/3239 2946/3260 2949/3263
f 2949/3263 2946/3260 2969/3283
f 2947/3261 2936/3250 2970/3284
f 2970/3284 2936/3250 2959/3273
f 2972/3287 2971/3286 2973/3285
f 2973/3285 2971/3286 2974/3288
f 2976/3290 2975/3289 2972/3287
f 2972/3287 2975/3289 2971/3286
f 2978/3292 2977/3291 2976/3290
f 2976/3290 2977/3291 2975/3289
f 2980/3294 2979/3293 2978/3292
f 2978/3292 2979/3293 2977/3291
f 2982/3296 2981/3295 2980/3294
f 2980/3294 2981/3295 2979/3293
f 2984/3298 2983/3297 2982/3296
f 2982/3296 2983/3297 2981/3295
f 2986/3300 2985/3299 2984/3298
f 2984/3298 2985/3299 2983/3297
f 2988/3302 2987/3301 2986/3300
f 2986/3300 2987/3301 2985/3299
f 2990/3304 2989/3303 2988/3302
f 2988/3302 2989/3303 2987/3301
f 2992/3306 2991/3305 2990/3304
f 2990/3304 2991/3305 2989/3303
f 2991/3305 2992/3306 2993/3307
f 2993/3307 2992/3306 2994/3308
f 2996/3310 2995/3309 2994/3308
f 2994/3308 2995/3309 2993/3307
f 2998/3312 2997/3311 2996/3310
f 2996/3310 2997/3311 2995/3309
f 3000/3314 2999/3313 2998/3312
f 2998/3312 2999/3313 2997/3311
f 3002/3316 3001/3315 3000/3314
f 3000/3314 3001/3315 2999/3313
f 3004/3318 3003/3317 3002/3316
f 3002/3316 3003/3317 3001/3315
f 3003/3317 3004/3318 3005/3319
f 3005/3319 3004/3318 3006/3320
f 3008/3322 3007/3321 3006/3320
f 3006/3320 3007/3321 3005/3319
f 3010/3324 3009/3323 3008/3322
f 3008/3322 3009/3323 3007/3321
f 3012/3326 3011/3325 3010/3324
f 3010/3324 3011/3325 3009/3323
f 3011/3325 3012/3326 3013/3327
f 3013/3327 3012/3326 3014/3328
f 3016/3330 3015/3329 3014/3328
f 3014/3328 3015/3329 3013/3327
f 2922/3332 2923/3331 3016/3330
f 3016/3330 2923/3331 3015/3329
f 2996/3310 2994/3308 2924/3333
f 2998/3312 2996/3310 2924/3333
f 3000/3314 2998/3312 2924/3333
f 3002/3316 3000/3314 2924/3333
f 3004/3318 3002/3316 2924/3333
f 3004/3318 2924/3333 3006/3320
f 3008/3322 3006/3320 2924/3333
f 3010/3324 3008/3322 2924/3333
f 3012/3326 3010/3324 2924/3333
f 3012/3326 2924/3333 3014/3328
f 3016/3330 3014/3328 2924/3333
f 2972/3287 2973/3285 2924/3237
f 2976/3290 2972/3287 2924/3237
f 2978/3292 2976/3290 2924/3237
f 2980/3294 2978/3292 2924/3237
f 2982/3296 2980/3294 2924/3237
f 2984/3298 2982/3296 2924/3237
f 2986/3300 2984/3298 2924/3237
f 2988/3302 2986/3300 2924/3237
f 2990/3304 2988/3302 2924/3237
f 2992/3306 2990/3304 2924/3333
f 2992/3306 2924/3333 2994/3308
f 2880/3191 2881/3194 2974/3288
f 2974/3288 2881/3194 2973/3285
f 2922/3332 3016/3330 2924/3333
f 2973/3285 2881/3194 2924/3237
f 2997/3311 3017/3334 2995/3309
f 2995/3309 3017/3334 3018/3335
f 2999/3313 3019/3336 2997/3311
f 2997/3311 3019/3336 3017/3334
f 3001/3315 3020/3337 2999/3313
f 2999/3313 3020/3337 3019/3336
f 3003/3317 3021/3338 3001/3315
f 3001/3315 3021/3338 3020/3337
f 3021/3338 3003/3317 3022/3339
f 3022/3339 3003/3317 3005/3319
f 3007/3321 3023/3340 3005/3319
f 3005/3319 3023/3340 3022/3339
f 3009/3323 3024/3341 3007/3321
f 3007/3321 3024/3341 3023/3340
f 3011/3325 3025/3342 3009/3323
f 3009/3323 3025/3342 3024/3341
f 3025/3342 3011/3325 3026/3343
f 3026/3343 3011/3325 3013/3327
f 3015/3329 3027/3344 3013/3327
f 3013/3327 3027/3344 3026/3343
f 2923/3331 2947/3345 3015/3329
f 3015/3329 2947/3345 3027/3344
f 2971/3286 3028/3346 2974/3288
f 2974/3288 3028/3346 3029/3347
f 2975/3289 3030/3348 2971/3286
f 2971/3286 3030/3348 3028/3346
f 2977/3291 3031/3349 2975/3289
f 2975/3289 3031/3349 3030/3348
f 2979/3293 3032/3350 2977/3291
f 2977/3291 3032/3350 3031/3349
f 2981/3295 3033/3351 2979/3293
f 2979/3293 3033/3351 3032/3350
f 2983/3297 3034/3352 2981/3295
f 2981/3295 3034/3352 3033/3351
f 2985/3299 3035/3353 2983/3297
f 2983/3297 3035/3353 3034/3352
f 2987/3301 3036/3354 2985/3299
f 2985/3299 3036/3354 3035/3353
f 2989/3303 3037/3355 2987/3301
f 2987/3301 3037/3355 3036/3354
f 2991/3305 3038/3356 2989/3303
f 2989/3303 3038/3356 3037/3355
f 3038/3356 2991/3305 3039/3357
f 3039/3357 2991/3305 2993/3307
f 2995/3309 3018/3335 2993/3307
f 2993/3307 3018/3335 3039/3357
f 2974/3288 3029/3347 2880/3191
f 2880/3191 3029/3347 2937/3251
f 2937/3251 3029/3347 2961/3275
f 2961/3275 3029/3347 3040/3358
f 3029/3347 3028/3346 3040/3358
f 3040/3358 3028/3346 3041/3359
f 3028/3346 3030/3348 3041/3359
f 3041/3359 3030/3348 3042/3360
f 3030/3348 3031/3349 3042/3360
f 3042/3360 3031/3349 3043/3361
f 3031/3349 3032/3350 3043/3361
f 3043/3361 3032/3350 3044/3362
f 3032/3350 3033/3351 3044/3362
f 3044/3362 3033/3351 3045/3363
f 3033/3351 3034/3352 3045/3363
f 3045/3363 3034/3352 3046/3364
f 3034/3352 3035/3353 3046/3364
f 3046/3364 3035/3353 3047/3365
f 3035/3353 3036/3354 3047/3365
f 3047/3365 3036/3354 3048/3366
f 3036/3354 3037/3355 3048/3366
f 3048/3366 3037/3355 3049/3367
f 3037/3355 3038/3356 3049/3367
f 3049/3367 3038/3356 3050/3368
f 3038/3356 3039/3357 3050/3368
f 3050/3368 3039/3357 3051/3369
f 3039/3357 3018/3335 3051/3369
f 3051/3369 3018/3335 3052/3370
f 3018/3335 3017/3334 3052/3370
f 3052/3370 3017/3334 3053/3371
f 3017/3334 3019/3336 3053/3371
f 3053/3371 3019/3336 3054/3372
f 3019/3336 3020/3337 3054/3372
f 3054/3372 3020/3337 3055/3373
f 3020/3337 3021/3338 3055/3373
f 3055/3373 3021/3338 3056/3374
f 3021/3338 3022/3339 3056/3374
f 3056/3374 3022/3339 3057/3375
f 3022/3339 3023/3340 3057/3375
f 3057/3375 3023/3340 3058/3376
f 3023/3340 3024/3341 3058/3376
f 3058/3376 3024/3341 3059/3377
f 3024/3341 3025/3342 3059/3377
f 3059/3377 3025/3342 3060/3378
f 3025/3342 3026/3343 3060/3378
f 3060/3378 3026/3343 3061/3379
f 3026/3343 3027/3344 3061/3379
f 3061/3379 3027/3344 3062/3380
f 3027/3344 2947/3345 3062/3380
f 3062/3380 2947/3345 2970/3381
f 3061/3379 3062/3380 3063/3382
f 3060/3378 3061/3379 3063/3382
f 3059/3377 3060/3378 3063/3382
f 3058/3376 3059/3377 3063/3382
f 3057/3375 3058/3376 3063/3382
f 3056/3374 3057/3375 3063/3382
f 3055/3373 3056/3374 3063/3382
f 3054/3372 3055/3373 3063/3382
f 3053/3371 3054/3372 3063/3382
f 3052/3370 3053/3371 3063/3382
f 3051/3369 3052/3370 3063/3383
f 3050/3368 3051/3369 3063/3383
f 3049/3367 3050/3368 3063/3383
f 3048/3366 3049/3367 3063/3384
f 3047/3365 3048/3366 3063/3385
f 3046/3364 3047/3365 3063/3385
f 3045/3363 3046/3364 3063/3385
f 3044/3362 3045/3363 3063/3386
f 3043/3361 3044/3362 3063/3386
f 3042/3360 3043/3361 3063/3386
f 3041/3359 3042/3360 3063/3386
f 3040/3358 3041/3359 3063/3386
f 2961/3275 3040/3358 3063/3386
f 2960/3274 2961/3275 3063/3386
f 2962/3276 2960/3274 3063/3386
f 2963/3277 2962/3276 3063/3386
f 2964/3278 2963/3277 3063/3387
f 2965/3279 2964/3278 3063/3387
f 2966/3280 2965/3279 3063/3387
f 2967/3281 2966/3280 3063/3387
f 2968/3282 2967/3281 3063/3387
f 2969/3283 2968/3282 3063/3388
f 2949/3263 2969/3283 3063/3388
f 2948/3262 2949/3263 3063/3388
f 2950/3264 2948/3262 3063/3388
f 2951/3265 2950/3264 3063/3388
f 2952/3266 2951/3265 3063/3389
f 2953/3267 2952/3266 3063/3389
f 2953/3267 3063/3389 2954/3268
f 2955/3269 2954/3268 3063/3389
f 2956/3270 2955/3269 3063/3389
f 2957/3271 2956/3270 3063/3389
f 2958/3272 2957/3271 3063/3390
f 2959/3273 2958/3272 3063/3390
f 2970/3284 2959/3273 3063/3390
f 3062/3380 2970/3381 3063/3382
f 2779/3393 3064/3392 2778/3391
f 2778/3391 3064/3392 2780/3394
f 2780/3394 3064/3392 2781/3395
f 2781/3395 3064/3392 2782/3396
f 2782/3396 3064/3392 2783/3397
f 2783/3397 3064/3392 2784/3398
f 2784/3398 3064/3392 2785/3399
f 2785/3399 3064/3392 2786/3400
f 2786/3400 3064/3392 2787/3401
f 2787/3401 3064/3392 2788/3402
f 2788/3402 3064/3392 2789/3403
f 2789/3403 3064/3392 2790/3404
f 2790/3404 3064/3392 2791/3405
f 2793/3407 3064/3392 2792/3406
f 2792/3406 3064/3392 2794/3408
f 2794/3408 3064/3392 2795/3409
f 2795/3409 3064/3392 2796/3410
f 2796/3410 3064/3392 2797/3411
f 2797/3411 3064/3392 2798/3412
f 2798/3412 3064/3392 2799/3413
f 2799/3413 3064/3392 2800/3414
f 2800/3414 3064/3392 2801/3415
f 2801/3415 3064/3392 2802/3416
f 2802/3416 3064/3392 2779/3393
f 2805/3417 3064/3392 2793/3407
f 2854/3418 3064/3392 2805/3417
f 2856/3420 3064/3392 2855/3419
f 2857/3421 3064/3392 2856/3420
f 2858/3422 3064/3392 2857/3421
f 2859/3423 3064/3392 2858/3422
f 2860/3424 3064/3392 2859/3423
f 2861/3425 3064/3392 2860/3424
f 2862/3426 3064/3392 2861/3425
f 2863/3427 3064/3392 2862/3426
f 2864/3428 3064/3392 2863/3427
f 2865/3429 3064/3392 2864/3428
f 2866/3430 3064/3392 2865/3429
f 2867/3431 3064/3392 2866/3430
f 2791/3405 3064/3392 2867/3431
f 2868/3432 3064/3392 2854/3418
f 2869/3433 3064/3392 2868/3432
f 2870/3434 3064/3392 2869/3433
f 2871/3435 3064/3392 2870/3434
f 2872/3436 3064/3392 2871/3435
f 2873/3437 3064/3392 2872/3436
f 2874/3438 3064/3392 2873/3437
f 2875/3439 3064/3392 2874/3438
f 2876/3440 3064/3392 2875/3439
f 2877/3441 3064/3392 2876/3440
f 2855/3419 3064/3392 2877/3441
usemtl Tex_0028_0.png
f 3066/3444 3065/3443 3067/3442
f 3067/3442 3065/3443 3068/3445
f 3069/3447 3066/3444 3070/3446
f 3070/3446 3066/3444 3067/3442
f 3071/3449 3069/3447 3072/3448
f 3072/3448 3069/3447 3070/3446
f 3074/3452 3073/3451 3075/3450
f 3075/3450 3073/3451 3076/3453
f 3078/3456 3077/3455 3079/3454
f 3079/3454 3077/3455 3080/3457
f 3082/3460 3081/3459 3068/3458
f 3068/3458 3081/3459 3067/3461
f 3081/3459 3083/3462 3067/3461
f 3067/3461 3083/3462 3070/3463
f 3083/3462 3084/3464 3070/3463
f 3070/3463 3084/3464 3072/3465
f 3086/3468 3085/3467 3076/3466
f 3076/3466 3085/3467 3075/3469
f 3087/3472 3079/3471 3088/3470
f 3088/3470 3079/3471 3080/3473
f 3090/3476 3089/3475 3087/3474
f 3087/3474 3089/3475 3079/3477
f 3092/3479 3091/3478 3090/3476
f 3090/3476 3091/3478 3089/3475
f 3092/3479 3093/3480 3091/3478
f 3091/3478 3093/3480 3094/3481
f 3095/3483 3078/3482 3089/3475
f 3089/3475 3078/3482 3079/3484
f 3096/3485 3095/3483 3091/3478
f 3091/3478 3095/3483 3089/3475
f 3097/3487 3096/3485 3094/3486
f 3094/3486 3096/3485 3091/3478
f 3065/3443 3066/3444 3098/3488
f 3098/3488 3066/3444 3099/3489
f 3066/3444 3069/3447 3099/3489
f 3099/3489 3069/3447 3100/3490
f 3069/3447 3071/3449 3100/3490
f 3100/3490 3071/3449 3101/3491
f 3073/3451 3074/3452 3102/3492
f 3102/3492 3074/3452 3103/3493
f 3077/3455 3078/3456 3104/3494
f 3104/3494 3078/3456 3105/3495
f 3078/3482 3095/3483 3105/3496
f 3105/3496 3095/3483 3106/3497
f 3095/3483 3096/3485 3106/3497
f 3106/3497 3096/3485 3107/3498
f 3096/3485 3097/3487 3107/3498
f 3107/3498 3097/3487 3108/3499
f 3109/3502 3098/3501 3110/3500
f 3110/3500 3098/3501 3099/3503
f 3099/3503 3100/3504 3110/3500
f 3110/3500 3100/3504 3111/3505
f 3100/3504 3101/3506 3111/3505
f 3111/3505 3101/3506 3112/3507
f 3102/3510 3103/3509 3113/3508
f 3113/3508 3103/3509 3114/3511
f 3104/3514 3105/3513 3115/3512
f 3115/3512 3105/3513 3116/3515
f 3105/3513 3106/3516 3116/3515
f 3116/3515 3106/3516 3117/3517
f 3106/3516 3107/3518 3117/3517
f 3117/3517 3107/3518 3118/3519
f 3118/3519 3107/3518 3119/3520
f 3119/3520 3107/3518 3108/3521
f 3121/3524 3120/3523 3122/3522
f 3122/3522 3120/3523 3123/3525
f 3123/3525 3124/3526 3122/3522
f 3122/3522 3124/3526 3125/3527
f 3124/3526 3126/3528 3125/3527
f 3125/3527 3126/3528 3127/3529
f 3126/3528 3128/3530 3127/3529
f 3127/3529 3128/3530 3129/3531
f 3131/3534 3130/3533 3132/3532
f 3132/3532 3130/3533 3133/3535
f 3134/3538 3123/3537 3135/3536
f 3135/3536 3123/3537 3120/3539
f 3136/3541 3124/3540 3134/3538
f 3134/3538 3124/3540 3123/3537
f 3137/3543 3126/3542 3136/3541
f 3136/3541 3126/3542 3124/3540
f 3138/3546 3128/3545 3137/3544
f 3137/3544 3128/3545 3126/3547
f 3139/3550 3131/3549 3140/3548
f 3140/3548 3131/3549 3132/3551
f 3142/3553 3141/3552 3135/3536
f 3135/3536 3141/3552 3134/3538
f 3141/3552 3143/3554 3134/3538
f 3134/3538 3143/3554 3136/3541
f 3143/3554 3144/3555 3136/3541
f 3136/3541 3144/3555 3137/3543
f 3144/3557 3145/3556 3137/3544
f 3137/3544 3145/3556 3138/3546
f 3147/3559 3146/3558 3140/3548
f 3140/3548 3146/3558 3139/3550
f 3131/3562 3148/3561 3130/3560
f 3130/3560 3148/3561 3149/3563
f 3148/3561 3150/3564 3149/3563
f 3149/3563 3150/3564 3151/3565
f 3151/3565 3150/3564 3152/3566
f 3152/3566 3150/3564 3153/3567
f 3146/3570 3154/3569 3139/3568
f 3139/3568 3154/3569 3155/3571
f 3154/3569 3156/3572 3155/3571
f 3155/3571 3156/3572 3157/3573
f 3156/3572 3158/3574 3157/3573
f 3157/3573 3158/3574 3159/3575
f 3155/3571 3148/3576 3139/3568
f 3139/3568 3148/3576 3131/3577
f 3157/3573 3150/3578 3155/3571
f 3155/3571 3150/3578 3148/3576
f 3159/3575 3153/3579 3157/3573
f 3157/3573 3153/3579 3150/3578
f 3161/3582 3160/3581 3142/3580
f 3142/3580 3160/3581 3141/3583
f 3160/3581 3162/3584 3141/3583
f 3141/3583 3162/3584 3143/3585
f 3162/3584 3163/3586 3143/3585
f 3143/3585 3163/3586 3144/3587
f 3163/3586 3164/3588 3144/3587
f 3144/3587 3164/3588 3145/3589
f 3166/3592 3165/3591 3147/3590
f 3147/3590 3165/3591 3146/3593
f 3165/3591 3167/3594 3146/3593
f 3146/3593 3167/3594 3154/3595
f 3167/3594 3168/3596 3154/3595
f 3154/3595 3168/3596 3156/3597
f 3168/3596 3169/3598 3156/3597
f 3156/3597 3169/3598 3158/3599
f 3171/3602 3170/3601 3172/3600
f 3172/3600 3170/3601 3173/3603
f 3172/3600 3173/3603 3174/3604
f 3174/3604 3173/3603 3175/3605
f 3174/3604 3175/3605 3176/3606
f 3176/3606 3175/3605 3177/3607
f 3176/3606 3178/3608 3174/3604
f 3174/3604 3178/3608 3179/3609
f 3174/3604 3179/3609 3172/3600
f 3172/3600 3179/3609 3180/3610
f 3172/3600 3180/3610 3171/3602
f 3171/3602 3180/3610 3181/3611
f 3183/3613 3182/3612 3181/3611
f 3181/3611 3182/3612 3171/3602
f 3182/3612 3183/3613 3184/3614
f 3184/3614 3183/3613 3185/3615
f 3184/3614 3185/3615 3186/3616
f 3186/3616 3185/3615 3187/3617
f 3187/3617 3188/3618 3186/3616
f 3186/3616 3188/3618 3189/3619
f 3190/3621 3189/3619 3191/3620
f 3191/3620 3189/3619 3188/3618
f 3191/3620 3192/3622 3190/3621
f 3190/3621 3192/3622 3193/3623
f 3195/3625 3194/3624 3192/3622
f 3192/3622 3194/3624 3193/3623
f 3196/3628 3194/3627 3197/3626
f 3197/3626 3194/3627 3195/3629
f 3182/3612 3198/3630 3171/3602
f 3171/3602 3198/3630 3170/3601
f 3184/3614 3199/3631 3182/3612
f 3182/3612 3199/3631 3198/3630
f 3186/3616 3200/3632 3184/3614
f 3184/3614 3200/3632 3199/3631
f 3189/3619 3201/3633 3186/3616
f 3186/3616 3201/3633 3200/3632
f 3190/3621 3202/3634 3189/3619
f 3189/3619 3202/3634 3201/3633
f 3193/3623 3203/3635 3190/3621
f 3190/3621 3203/3635 3202/3634
f 3204/3637 3177/3607 3205/3636
f 3205/3636 3177/3607 3175/3605
f 3205/3636 3175/3605 3206/3638
f 3206/3638 3175/3605 3173/3603
f 3206/3638 3173/3603 3207/3639
f 3207/3639 3173/3603 3170/3601
f 3207/3639 3170/3601 3208/3640
f 3208/3640 3170/3601 3198/3630
f 3208/3640 3198/3630 3209/3641
f 3209/3641 3198/3630 3199/3631
f 3209/3641 3199/3631 3210/3642
f 3210/3642 3199/3631 3200/3632
f 3210/3642 3200/3632 3211/3643
f 3211/3643 3200/3632 3201/3633
f 3211/3643 3201/3633 3212/3644
f 3212/3644 3201/3633 3202/3634
f 3212/3644 3202/3634 3213/3645
f 3213/3645 3202/3634 3203/3635
f 3215/3647 3214/3646 3196/3628
f 3196/3628 3214/3646 3194/3627
f 3203/3635 3214/3648 3213/3645
f 3213/3645 3214/3648 3216/3649
f 3214/3648 3203/3635 3194/3624
f 3194/3624 3203/3635 3193/3623
f 3218/3652 3217/3651 3219/3650
f 3219/3650 3217/3651 3220/3653
f 3219/3650 3220/3653 3221/3654
f 3221/3654 3220/3653 3222/3655
f 3221/3654 3222/3655 3223/3656
f 3223/3656 3222/3655 3224/3657
f 3223/3656 3224/3657 3225/3658
f 3225/3658 3224/3657 3226/3659
f 3225/3658 3226/3659 3227/3660
f 3227/3660 3226/3659 3228/3661
f 3227/3660 3228/3661 3229/3662
f 3229/3662 3228/3661 3230/3663
f 3229/3662 3230/3663 3231/3664
f 3231/3664 3230/3663 3232/3665
f 3231/3664 3232/3665 3233/3666
f 3233/3666 3232/3665 3234/3667
f 3233/3666 3234/3667 3235/3668
f 3235/3668 3234/3667 3236/3669
f 3214/3646 3215/3647 3216/3670
f 3216/3670 3215/3647 3237/3671
f 3239/3674 3238/3673 3240/3672
f 3240/3672 3238/3673 3241/3675
f 3240/3672 3241/3675 3242/3676
f 3242/3676 3241/3675 3243/3677
f 3242/3676 3243/3677 3244/3678
f 3244/3678 3243/3677 3245/3679
f 3244/3678 3245/3679 3246/3680
f 3246/3680 3245/3679 3247/3681
f 3246/3680 3247/3681 3248/3682
f 3248/3682 3247/3681 3249/3683
f 3248/3682 3249/3683 3250/3684
f 3250/3684 3249/3683 3251/3685
f 3250/3684 3251/3685 3252/3686
f 3252/3686 3251/3685 3253/3687
f 3252/3686 3253/3687 3254/3688
f 3254/3688 3253/3687 3255/3689
f 3254/3688 3255/3689 3256/3690
f 3256/3690 3255/3689 3257/3691
f 3259/3694 3258/3693 3235/3692
f 3235/3692 3258/3693 3257/3691
f 3260/3696 3239/3674 3261/3695
f 3261/3695 3239/3674 3240/3672
f 3261/3695 3240/3672 3262/3697
f 3262/3697 3240/3672 3242/3676
f 3262/3697 3242/3676 3263/3698
f 3263/3698 3242/3676 3244/3678
f 3263/3698 3244/3678 3264/3699
f 3264/3699 3244/3678 3246/3680
f 3264/3699 3246/3680 3265/3700
f 3265/3700 3246/3680 3248/3682
f 3265/3700 3248/3682 3266/3701
f 3266/3701 3248/3682 3250/3684
f 3266/3701 3250/3684 3267/3702
f 3267/3702 3250/3684 3252/3686
f 3267/3702 3252/3686 3268/3703
f 3268/3703 3252/3686 3254/3688
f 3268/3703 3254/3688 3269/3704
f 3269/3704 3254/3688 3256/3690
f 3269/3704 3256/3690 3270/3705
f 3270/3705 3256/3690 3271/3706
f 3273/3708 3272/3707 3261/3695
f 3261/3695 3272/3707 3260/3696
f 3261/3695 3262/3697 3273/3708
f 3273/3708 3262/3697 3274/3709
f 3263/3698 3275/3710 3262/3697
f 3262/3697 3275/3710 3274/3709
f 3275/3710 3263/3698 3276/3711
f 3276/3711 3263/3698 3264/3699
f 3276/3711 3264/3699 3277/3712
f 3277/3712 3264/3699 3265/3700
f 3277/3712 3265/3700 3278/3713
f 3278/3713 3265/3700 3266/3701
f 3267/3702 3279/3714 3266/3701
f 3266/3701 3279/3714 3278/3713
f 3267/3702 3268/3703 3279/3714
f 3279/3714 3268/3703 3280/3715
f 3268/3703 3269/3704 3280/3715
f 3280/3715 3269/3704 3281/3716
f 3269/3704 3270/3705 3281/3716
f 3281/3716 3270/3705 3282/3717
f 3259/3719 3235/3668 3283/3718
f 3283/3718 3235/3668 3236/3669
f 3213/3645 3236/3669 3212/3644
f 3212/3644 3236/3669 3234/3667
f 3212/3644 3234/3667 3211/3643
f 3211/3643 3234/3667 3232/3665
f 3211/3643 3232/3665 3210/3642
f 3210/3642 3232/3665 3230/3663
f 3210/3642 3230/3663 3209/3641
f 3209/3641 3230/3663 3228/3661
f 3209/3641 3228/3661 3208/3640
f 3208/3640 3228/3661 3226/3659
f 3208/3640 3226/3659 3207/3639
f 3207/3639 3226/3659 3224/3657
f 3207/3639 3224/3657 3206/3638
f 3206/3638 3224/3657 3222/3655
f 3206/3638 3222/3655 3205/3636
f 3205/3636 3222/3655 3220/3653
f 3205/3636 3220/3653 3204/3637
f 3204/3637 3220/3653 3217/3651
f 3235/3692 3257/3691 3233/3720
f 3233/3720 3257/3691 3255/3689
f 3257/3691 3258/3693 3256/3690
f 3256/3690 3258/3693 3271/3706
f 3271/3706 3258/3693 3284/3721
f 3233/3720 3255/3689 3231/3722
f 3231/3722 3255/3689 3253/3687
f 3231/3722 3253/3687 3229/3723
f 3229/3723 3253/3687 3251/3685
f 3229/3723 3251/3685 3227/3724
f 3227/3724 3251/3685 3249/3683
f 3227/3724 3249/3683 3225/3725
f 3225/3725 3249/3683 3247/3681
f 3225/3725 3247/3681 3223/3726
f 3223/3726 3247/3681 3245/3679
f 3223/3726 3245/3679 3221/3727
f 3221/3727 3245/3679 3243/3677
f 3221/3727 3243/3677 3219/3728
f 3219/3728 3243/3677 3241/3675
f 3219/3728 3241/3675 3218/3729
f 3218/3729 3241/3675 3238/3673
f 3283/3718 3236/3669 3216/3649
f 3216/3649 3236/3669 3213/3645
f 3272/3707 3285/3730 3260/3696
f 3260/3696 3285/3730 3286/3731
f 3287/3732 3239/3674 3286/3731
f 3286/3731 3239/3674 3260/3696
f 3288/3733 3238/3673 3287/3732
f 3287/3732 3238/3673 3239/3674
f 3238/3673 3288/3733 3218/3729
f 3218/3729 3288/3733 3289/3734
f 3218/3652 3289/3735 3217/3651
f 3217/3651 3289/3735 3290/3736
f 3291/3737 3204/3637 3290/3736
f 3290/3736 3204/3637 3217/3651
f 3292/3738 3177/3607 3291/3737
f 3291/3737 3177/3607 3204/3637
f 3293/3739 3176/3606 3292/3738
f 3292/3738 3176/3606 3177/3607
f 3176/3606 3293/3739 3178/3608
f 3178/3608 3293/3739 3294/3740
f 3216/3670 3237/3671 3283/3741
f 3283/3741 3237/3671 3295/3742
f 3283/3741 3295/3742 3259/3743
f 3259/3743 3295/3742 3296/3744
f 3259/3747 3296/3746 3258/3745
f 3258/3745 3296/3746 3297/3748
f 3271/3751 3298/3750 3270/3749
f 3270/3749 3298/3750 3299/3752
f 3270/3749 3299/3752 3282/3753
f 3282/3753 3299/3752 3300/3754
f 3298/3750 3284/3755 3297/3748
f 3297/3748 3284/3755 3258/3745
f 3298/3750 3271/3751 3284/3755
f 3302/3758 3301/3757 3303/3756
f 3305/3760 3304/3759 3302/3758
f 3302/3758 3304/3759 3301/3757
f 3282/3753 3300/3754 3306/3761
f 3306/3761 3300/3754 3307/3762
f 3306/3761 3307/3762 3303/3756
f 3303/3756 3307/3762 3302/3758
f 3304/3759 3305/3760 3308/3763
f 3308/3763 3305/3760 3309/3764
f 3308/3767 3309/3766 3310/3765
f 3310/3765 3309/3766 3311/3768
f 3310/3765 3311/3768 3312/3769
f 3312/3769 3311/3768 3313/3770
f 3178/3608 3294/3740 3314/3771
f 3314/3771 3294/3740 3315/3772
f 3317/3774 3316/3773 3315/3772
f 3315/3772 3316/3773 3314/3771
f 3319/3776 3318/3775 3317/3774
f 3317/3774 3318/3775 3316/3773
f 3321/3778 3320/3777 3319/3776
f 3319/3776 3320/3777 3318/3775
f 3320/3777 3321/3778 3322/3779
f 3322/3779 3321/3778 3323/3780
f 3322/3783 3323/3782 3324/3781
f 3324/3781 3323/3782 3325/3784
f 3327/3786 3326/3785 3325/3784
f 3325/3784 3326/3785 3324/3781
f 3329/3788 3328/3787 3327/3786
f 3327/3786 3328/3787 3326/3785
f 3328/3787 3329/3788 3272/3707
f 3272/3707 3329/3788 3285/3730
f 3312/3791 3330/3790 3310/3789
f 3310/3789 3330/3790 3331/3792
f 3322/3783 3324/3781 3332/3793
f 3332/3793 3324/3781 3333/3794
f 3332/3793 3333/3794 3334/3795
f 3334/3795 3333/3794 3335/3796
f 3334/3795 3335/3796 3336/3797
f 3336/3797 3335/3796 3337/3798
f 3336/3797 3337/3798 3338/3799
f 3338/3799 3337/3798 3339/3800
f 3338/3799 3339/3800 3340/3801
f 3340/3801 3339/3800 3341/3802
f 3340/3801 3341/3802 3342/3803
f 3342/3803 3341/3802 3343/3804
f 3342/3803 3343/3804 3344/3805
f 3344/3805 3343/3804 3345/3806
f 3344/3805 3345/3806 3346/3807
f 3346/3807 3345/3806 3347/3808
f 3348/3811 3303/3810 3349/3809
f 3349/3809 3303/3810 3304/3812
f 3304/3812 3303/3810 3301/3813
f 3346/3807 3347/3808 3350/3814
f 3350/3814 3347/3808 3349/3809
f 3318/3775 3320/3777 3351/3815
f 3351/3815 3320/3777 3352/3816
f 3351/3815 3352/3816 3353/3817
f 3353/3817 3352/3816 3354/3818
f 3353/3817 3354/3818 3355/3819
f 3355/3819 3354/3818 3356/3820
f 3355/3819 3356/3820 3357/3821
f 3357/3821 3356/3820 3358/3822
f 3357/3821 3358/3822 3359/3823
f 3359/3823 3358/3822 3360/3824
f 3359/3823 3360/3824 3361/3825
f 3361/3825 3360/3824 3362/3826
f 3361/3825 3362/3826 3363/3827
f 3363/3827 3362/3826 3364/3828
f 3363/3827 3364/3828 3365/3829
f 3365/3829 3364/3828 3366/3830
f 3365/3829 3366/3830 3330/3790
f 3330/3790 3366/3830 3331/3792
f 3310/3789 3331/3792 3308/3831
f 3308/3831 3331/3792 3350/3832
f 3281/3716 3282/3717 3367/3833
f 3367/3833 3282/3717 3306/3834
f 3280/3715 3281/3716 3368/3835
f 3368/3835 3281/3716 3367/3833
f 3279/3714 3280/3715 3369/3836
f 3369/3836 3280/3715 3368/3835
f 3370/3837 3278/3713 3369/3836
f 3369/3836 3278/3713 3279/3714
f 3278/3713 3370/3837 3277/3712
f 3277/3712 3370/3837 3371/3838
f 3277/3712 3371/3838 3276/3711
f 3276/3711 3371/3838 3372/3839
f 3276/3711 3372/3839 3275/3710
f 3275/3710 3372/3839 3373/3840
f 3374/3841 3274/3709 3373/3840
f 3373/3840 3274/3709 3275/3710
f 3273/3708 3274/3709 3375/3842
f 3375/3842 3274/3709 3374/3841
f 3375/3842 3328/3787 3273/3708
f 3273/3708 3328/3787 3272/3707
f 3306/3834 3303/3810 3367/3833
f 3367/3833 3303/3810 3348/3811
f 3367/3833 3348/3811 3368/3835
f 3368/3835 3348/3811 3376/3843
f 3368/3835 3376/3843 3369/3836
f 3369/3836 3376/3843 3377/3844
f 3369/3836 3377/3844 3370/3837
f 3370/3837 3377/3844 3378/3845
f 3370/3837 3378/3845 3371/3838
f 3371/3838 3378/3845 3379/3846
f 3371/3838 3379/3846 3372/3839
f 3372/3839 3379/3846 3380/3847
f 3372/3839 3380/3847 3373/3840
f 3373/3840 3380/3847 3381/3848
f 3373/3840 3381/3848 3374/3841
f 3374/3841 3381/3848 3382/3849
f 3374/3841 3382/3849 3375/3842
f 3375/3842 3382/3849 3383/3850
f 3375/3842 3383/3850 3328/3787
f 3328/3787 3383/3850 3326/3785
f 3350/3814 3349/3809 3308/3851
f 3308/3851 3349/3809 3304/3812
f 3348/3811 3349/3809 3376/3843
f 3376/3843 3349/3809 3347/3808
f 3376/3843 3347/3808 3377/3844
f 3377/3844 3347/3808 3345/3806
f 3377/3844 3345/3806 3378/3845
f 3378/3845 3345/3806 3343/3804
f 3378/3845 3343/3804 3379/3846
f 3379/3846 3343/3804 3341/3802
f 3379/3846 3341/3802 3380/3847
f 3380/3847 3341/3802 3339/3800
f 3380/3847 3339/3800 3381/3848
f 3381/3848 3339/3800 3337/3798
f 3381/3848 3337/3798 3382/3849
f 3382/3849 3337/3798 3335/3796
f 3382/3849 3335/3796 3383/3850
f 3383/3850 3335/3796 3333/3794
f 3383/3850 3333/3794 3326/3785
f 3326/3785 3333/3794 3324/3781
f 3312/3769 3313/3770 3384/3852
f 3384/3852 3313/3770 3385/3853
f 3350/3832 3331/3792 3346/3854
f 3346/3854 3331/3792 3366/3830
f 3346/3854 3366/3830 3344/3855
f 3344/3855 3366/3830 3364/3828
f 3344/3855 3364/3828 3342/3856
f 3342/3856 3364/3828 3362/3826
f 3342/3856 3362/3826 3340/3857
f 3340/3857 3362/3826 3360/3824
f 3340/3857 3360/3824 3338/3858
f 3338/3858 3360/3824 3358/3822
f 3338/3858 3358/3822 3336/3859
f 3336/3859 3358/3822 3356/3820
f 3336/3859 3356/3820 3334/3860
f 3334/3860 3356/3820 3354/3818
f 3334/3860 3354/3818 3332/3861
f 3332/3861 3354/3818 3352/3816
f 3332/3861 3352/3816 3322/3779
f 3322/3779 3352/3816 3320/3777
f 3387/3864 3386/3863 3384/3862
f 3384/3862 3386/3863 3388/3865
f 3330/3790 3312/3791 3388/3865
f 3388/3865 3312/3791 3384/3862
f 3389/3867 3387/3866 3385/3853
f 3385/3853 3387/3866 3384/3852
f 3330/3790 3388/3865 3365/3829
f 3365/3829 3388/3865 3390/3868
f 3365/3829 3390/3868 3363/3827
f 3363/3827 3390/3868 3391/3869
f 3363/3827 3391/3869 3361/3825
f 3361/3825 3391/3869 3392/3870
f 3361/3825 3392/3870 3359/3823
f 3359/3823 3392/3870 3393/3871
f 3359/3823 3393/3871 3357/3821
f 3357/3821 3393/3871 3394/3872
f 3357/3821 3394/3872 3355/3819
f 3355/3819 3394/3872 3395/3873
f 3355/3819 3395/3873 3353/3817
f 3353/3817 3395/3873 3396/3874
f 3353/3817 3396/3874 3351/3815
f 3351/3815 3396/3874 3397/3875
f 3351/3815 3397/3875 3318/3775
f 3318/3775 3397/3875 3316/3773
f 3398/3876 3390/3868 3386/3863
f 3386/3863 3390/3868 3388/3865
f 3399/3877 3391/3869 3398/3876
f 3398/3876 3391/3869 3390/3868
f 3400/3878 3392/3870 3399/3877
f 3399/3877 3392/3870 3391/3869
f 3401/3879 3393/3871 3400/3878
f 3400/3878 3393/3871 3392/3870
f 3402/3880 3394/3872 3401/3879
f 3401/3879 3394/3872 3393/3871
f 3403/3881 3395/3873 3402/3880
f 3402/3880 3395/3873 3394/3872
f 3197/3626 3195/3629 3389/3867
f 3389/3867 3195/3629 3387/3866
f 3192/3622 3386/3863 3195/3625
f 3195/3625 3386/3863 3387/3864
f 3398/3876 3386/3863 3191/3620
f 3191/3620 3386/3863 3192/3622
f 3191/3620 3188/3618 3398/3876
f 3398/3876 3188/3618 3399/3877
f 3400/3878 3399/3877 3187/3617
f 3187/3617 3399/3877 3188/3618
f 3400/3878 3187/3617 3401/3879
f 3401/3879 3187/3617 3185/3615
f 3401/3879 3185/3615 3402/3880
f 3402/3880 3185/3615 3183/3613
f 3181/3611 3403/3881 3183/3613
f 3183/3613 3403/3881 3402/3880
f 3403/3881 3181/3611 3404/3882
f 3404/3882 3181/3611 3180/3610
f 3404/3882 3180/3610 3405/3883
f 3405/3883 3180/3610 3179/3609
f 3405/3883 3179/3609 3314/3771
f 3314/3771 3179/3609 3178/3608
f 3314/3771 3316/3773 3405/3883
f 3405/3883 3316/3773 3397/3875
f 3405/3883 3397/3875 3404/3882
f 3404/3882 3397/3875 3396/3874
f 3404/3882 3396/3874 3403/3881
f 3403/3881 3396/3874 3395/3873
f 3101/3506 3102/3510 3112/3507
f 3112/3507 3102/3510 3113/3508
f 3101/3885 3071/3884 3102/3492
f 3102/3492 3071/3884 3073/3451
f 3073/3451 3071/3884 3076/3453
f 3076/3453 3071/3884 3072/3886
f 3072/3888 3084/3887 3076/3466
f 3076/3466 3084/3887 3086/3468
f 3164/3588 3406/3889 3145/3589
f 3145/3589 3406/3889 3407/3890
f 3145/3556 3407/3891 3138/3546
f 3138/3546 3407/3891 3408/3892
f 3408/3892 3409/3893 3138/3546
f 3138/3546 3409/3893 3128/3545
f 3128/3530 3409/3894 3129/3531
f 3129/3531 3409/3894 3410/3895
f 3103/3509 3104/3514 3114/3511
f 3114/3511 3104/3514 3115/3512
f 3103/3493 3074/3452 3104/3494
f 3104/3494 3074/3452 3077/3455
f 3077/3455 3074/3452 3080/3457
f 3080/3457 3074/3452 3075/3450
f 3088/3470 3080/3473 3085/3467
f 3085/3467 3080/3473 3075/3469
f 3132/3532 3133/3535 3409/3894
f 3409/3894 3133/3535 3410/3895
f 3140/3548 3132/3551 3408/3892
f 3408/3892 3132/3551 3409/3893
f 3408/3892 3407/3891 3140/3548
f 3140/3548 3407/3891 3147/3559
f 3407/3890 3406/3889 3147/3590
f 3147/3590 3406/3889 3166/3592
usemtl Tex_0037_0.png
f 3412/3898 3411/3897 3413/3896
f 3413/3896 3411/3897 3414/3899
f 3413/3896 3414/3899 3415/3900
f 3415/3900 3416/3901 3413/3896
f 3411/3897 3417/3903 3418/3902
f 3418/3902 3417/3903 3419/3904
f 3417/3903 3420/3905 3419/3904
f 3419/3904 3420/3905 3421/3906
f 3420/3905 3422/3907 3421/3906
f 3421/3906 3422/3907 3423/3908
f 3424/3910 3415/3900 3425/3909
f 3425/3909 3415/3900 3426/3911
f 3426/3911 3415/3900 3427/3912
f 3427/3912 3415/3900 3414/3899
f 3427/3912 3414/3899 3418/3902
f 3418/3902 3414/3899 3411/3897
f 3429/3914 3428/3913 3419/3904
f 3419/3904 3428/3913 3418/3902
f 3431/3916 3430/3915 3421/3906
f 3421/3906 3430/3915 3419/3904
f 3432/3917 3431/3916 3423/3908
f 3423/3908 3431/3916 3421/3906
f 3426/3911 3433/3918 3425/3909
f 3425/3909 3433/3918 3434/3919
f 3435/3920 3433/3918 3427/3912
f 3427/3912 3433/3918 3426/3911
f 3428/3913 3435/3920 3418/3902
f 3418/3902 3435/3920 3427/3912
f 3435/3920 3436/3921 3433/3918
f 3433/3918 3436/3921 3437/3922
f 3428/3913 3438/3923 3435/3920
f 3435/3920 3438/3923 3436/3921
f 3438/3923 3428/3913 3439/3924
f 3439/3924 3428/3913 3429/3914
f 3431/3916 3440/3925 3430/3915
f 3430/3915 3440/3925 3441/3926
f 3432/3917 3442/3927 3431/3916
f 3431/3916 3442/3927 3440/3925
f 3443/3928 3434/3919 3437/3922
f 3437/3922 3434/3919 3433/3918
f 3445/3931 3444/3930 3446/3929
f 3446/3929 3447/3932 3445/3931
f 3449/3934 3448/3933 3446/3929
f 3451/3937 3450/3936 3452/3935
f 3452/3935 3450/3936 3453/3938
f 3454/3940 3451/3937 3455/3939
f 3455/3939 3451/3937 3452/3935
f 3456/3941 3454/3940 3445/3931
f 3445/3931 3454/3940 3455/3939
f 3447/3932 3457/3942 3445/3931
f 3445/3931 3457/3942 3456/3941
f 3459/3945 3458/3944 3460/3943
f 3460/3943 3458/3944 3448/3933
f 3461/3947 3436/3921 3462/3946
f 3462/3946 3436/3921 3438/3923
f 3438/3923 3439/3924 3462/3946
f 3462/3946 3439/3924 3463/3948
f 3465/3950 3464/3949 3440/3925
f 3440/3925 3464/3949 3441/3926
f 3466/3951 3465/3950 3442/3927
f 3442/3927 3465/3950 3440/3925
f 3443/3928 3437/3922 3467/3952
f 3467/3952 3437/3922 3468/3953
f 3456/3941 3457/3942 3462/3946
f 3462/3946 3457/3942 3461/3947
f 3462/3946 3463/3948 3456/3941
f 3456/3941 3463/3948 3454/3940
f 3451/3937 3454/3940 3465/3950
f 3465/3950 3454/3940 3464/3949
f 3450/3936 3451/3937 3466/3951
f 3466/3951 3451/3937 3465/3950
f 3467/3952 3468/3953 3459/3945
f 3459/3945 3468/3953 3458/3944
f 3447/3932 3446/3929 3448/3933
f 3458/3944 3457/3942 3448/3933
f 3448/3933 3457/3942 3447/3932
f 3457/3942 3458/3944 3461/3947
f 3461/3947 3458/3944 3468/3953
f 3468/3953 3437/3922 3461/3947
f 3461/3947 3437/3922 3436/3921
f 3470/3956 3469/3955 3471/3954
f 3471/3954 3469/3955 3472/3957
f 3474/3960 3473/3959 3475/3958
f 3475/3958 3473/3959 3476/3961
f 3470/3956 3471/3954 3477/3962
f 3477/3962 3471/3954 3478/3963
f 3475/3958 3476/3961 3479/3964
f 3479/3964 3476/3961 3480/3965
f 3482/3967 3481/3966 3478/3963
f 3478/3963 3481/3966 3477/3962
f 3484/3969 3483/3968 3480/3965
f 3480/3965 3483/3968 3479/3964
f 3486/3971 3485/3970 3482/3967
f 3482/3967 3485/3970 3481/3966
f 3488/3973 3487/3972 3484/3969
f 3484/3969 3487/3972 3483/3968
f 3490/3975 3489/3974 3470/3956
f 3470/3956 3489/3974 3469/3955
f 3491/3976 3490/3975 3477/3962
f 3477/3962 3490/3975 3470/3956
f 3492/3977 3491/3976 3481/3966
f 3481/3966 3491/3976 3477/3962
f 3493/3978 3492/3977 3485/3970
f 3485/3970 3492/3977 3481/3966
f 3494/3980 3486/3971 3495/3979
f 3495/3979 3486/3971 3487/3972
f 3486/3971 3482/3967 3487/3972
f 3487/3972 3482/3967 3483/3968
f 3482/3967 3478/3963 3483/3968
f 3483/3968 3478/3963 3479/3964
f 3478/3963 3471/3954 3479/3964
f 3479/3964 3471/3954 3475/3958
f 3472/3957 3474/3960 3471/3954
f 3471/3954 3474/3960 3475/3958
f 3497/3983 3496/3982 3498/3981
f 3498/3981 3496/3982 3499/3984
f 3501/3987 3500/3986 3502/3985
f 3502/3985 3500/3986 3503/3988
f 3500/3986 3504/3989 3503/3988
f 3503/3988 3504/3989 3505/3990
f 3504/3989 3506/3991 3505/3990
f 3505/3990 3506/3991 3507/3992
f 3502/3985 3508/3993 3501/3987
f 3501/3987 3508/3993 3509/3994
f 3511/3996 3510/3995 3504/3989
f 3504/3989 3510/3995 3506/3991
f 3513/3998 3512/3997 3501/3987
f 3501/3987 3512/3997 3500/3986
f 3511/3996 3504/3989 3512/3997
f 3512/3997 3504/3989 3500/3986
f 3509/3994 3514/3999 3501/3987
f 3501/3987 3514/3999 3513/3998
f 3510/3995 3511/3996 3497/3983
f 3497/3983 3511/3996 3496/3982
f 3512/3997 3513/3998 3515/4000
f 3515/4000 3513/3998 3516/4001
f 3496/3982 3511/3996 3515/4000
f 3515/4000 3511/3996 3512/3997
f 3514/3999 3517/4002 3513/3998
f 3513/3998 3517/4002 3516/4001
f 3515/4000 3516/4001 3518/4003
f 3518/4003 3516/4001 3519/4004
f 3499/3984 3496/3982 3518/4003
f 3518/4003 3496/3982 3515/4000
f 3517/4002 3520/4005 3516/4001
f 3516/4001 3520/4005 3519/4004
f 3521/4007 3499/3984 3522/4006
f 3522/4006 3499/3984 3518/4003
f 3524/4010 3523/4009 3525/4008
f 3525/4008 3523/4009 3526/4011
f 3525/4008 3526/4011 3527/4012
f 3527/4012 3526/4011 3528/4013
f 3530/4015 3529/4014 3527/4012
f 3527/4012 3529/4014 3525/4008
f 3525/4008 3529/4014 3524/4010
f 3524/4010 3529/4014 3531/4016
f 3526/4011 3523/4009 3532/4017
f 3532/4017 3523/4009 3533/4018
f 3528/4013 3526/4011 3534/4019
f 3534/4019 3526/4011 3532/4017
f 3530/4015 3535/4020 3529/4014
f 3529/4014 3535/4020 3536/4021
f 3536/4021 3537/4022 3529/4014
f 3529/4014 3537/4022 3531/4016
f 3533/4018 3538/4023 3532/4017
f 3532/4017 3538/4023 3539/4024
f 3540/4025 3534/4019 3539/4024
f 3539/4024 3534/4019 3532/4017
f 3542/4028 3541/4027 3543/4026
f 3528/4013 3534/4019 3541/4027
f 3534/4019 3543/4026 3541/4027
f 3545/4031 3544/4030 3546/4029
f 3546/4029 3544/4030 3547/4032
f 3548/4034 3545/4031 3549/4033
f 3545/4031 3548/4034 3544/4030
f 3544/4030 3548/4034 3550/4035
f 3552/4038 3551/4037 3553/4036
f 3555/4041 3554/4040 3556/4039
f 3556/4039 3554/4040 3557/4042
f 3558/4044 3555/4041 3559/4043
f 3559/4043 3555/4041 3556/4039
f 3555/4041 3553/4036 3554/4040
f 3553/4036 3555/4041 3560/4045
f 3560/4045 3555/4041 3558/4044
f 3560/4045 3550/4035 3553/4036
f 3553/4036 3550/4035 3552/4038
f 3546/4029 3547/4032 3561/4046
f 3561/4046 3547/4032 3562/4047
f 3564/4049 3563/4048 3561/4046
f 3561/4046 3563/4048 3546/4029
f 3545/4031 3546/4029 3563/4048
f 3565/4050 3564/4049 3561/4046
f 3565/4050 3561/4046 3566/4051
f 3565/4050 3566/4051 3567/4052
f 3567/4052 3566/4051 3568/4053
f 3569/4054 3566/4051 3562/4047
f 3562/4047 3566/4051 3561/4046
f 3570/4055 3568/4053 3569/4054
f 3569/4054 3568/4053 3566/4051
f 3572/4058 3571/4057 3573/4056
f 3575/4060 3574/4059 3570/4055
f 3570/4055 3574/4059 3568/4053
f 3567/4052 3568/4053 3571/4057
f 3571/4057 3568/4053 3574/4059
f 3577/4063 3576/4062 3578/4061
f 3578/4061 3576/4062 3579/4064
f 3573/4056 3578/4061 3580/4065
f 3580/4065 3578/4061 3579/4064
f 3572/4058 3573/4056 3580/4065
f 3576/4062 3577/4063 3581/4066
f 3581/4066 3577/4063 3582/4067
f 3583/4069 3581/4066 3584/4068
f 3584/4068 3581/4066 3582/4067
f 3584/4068 3585/4070 3583/4069
f 3583/4069 3585/4070 3586/4071
f 3573/4056 3571/4057 3587/4072
f 3587/4072 3571/4057 3574/4059
f 3571/4057 3572/4058 3567/4052
f 3589/4074 3588/4073 3557/4042
f 3557/4042 3588/4073 3556/4039
f 3588/4073 3590/4075 3556/4039
f 3556/4039 3590/4075 3559/4043
f 3592/4077 3591/4076 3588/4073
f 3588/4073 3591/4076 3590/4075
f 3588/4073 3589/4074 3592/4077
f 3592/4077 3589/4074 3593/4078
f 3585/4070 3594/4079 3593/4078
f 3593/4078 3594/4079 3592/4077
f 3592/4077 3594/4079 3591/4076
f 3591/4076 3594/4079 3595/4080
f 3593/4078 3586/4071 3585/4070
f 3596/4081 3594/4079 3584/4068
f 3584/4068 3594/4079 3585/4070
f 3598/4084 3597/4083 3599/4082
f 3599/4082 3597/4083 3600/4085
f 3598/4084 3599/4082 3601/4086
f 3601/4086 3599/4082 3602/4087
f 3575/4060 3587/4072 3574/4059
f 3600/4085 3597/4083 3575/4060
f 3575/4060 3597/4083 3587/4072
f 3595/4080 3596/4081 3602/4087
f 3602/4087 3596/4081 3601/4086
f 3594/4079 3596/4081 3595/4080
f 3604/4090 3603/4089 3605/4088
f 3605/4088 3603/4089 3606/4091
f 3607/4092 3606/4091 3603/4089
f 3607/4092 3603/4089 3608/4093
f 3609/4094 3607/4092 3608/4093
f 3611/4096 3610/4095 3605/4088
f 3605/4088 3610/4095 3604/4090
f 3613/4098 3612/4097 3611/4096
f 3611/4096 3612/4097 3610/4095
f 3615/4100 3614/4099 3613/4098
f 3613/4098 3614/4099 3612/4097
f 3563/4048 3549/4033 3545/4031
f 3551/4037 3554/4040 3553/4036
f 3596/4081 3584/4068 3616/4101
f 3616/4101 3601/4086 3596/4081
f 3616/4101 3598/4084 3601/4086
f 3616/4101 3597/4083 3598/4084
f 3616/4101 3587/4072 3597/4083
f 3616/4101 3573/4056 3587/4072
f 3584/4068 3582/4067 3616/4101
f 3616/4101 3582/4067 3577/4063
f 3577/4063 3578/4061 3616/4101
f 3616/4101 3578/4061 3573/4056
f 3618/4103 3617/4102 3560/4045
f 3560/4045 3617/4102 3550/4035
f 3544/4030 3550/4035 3619/4104
f 3619/4104 3550/4035 3617/4102
f 3620/4105 3547/4032 3619/4104
f 3619/4104 3547/4032 3544/4030
f 3618/4103 3560/4045 3621/4106
f 3621/4106 3560/4045 3558/4044
f 3622/4107 3562/4047 3620/4105
f 3620/4105 3562/4047 3547/4032
f 3559/4043 3623/4108 3558/4044
f 3558/4044 3623/4108 3621/4106
f 3624/4109 3569/4054 3622/4107
f 3622/4107 3569/4054 3562/4047
f 3625/4110 3570/4055 3624/4109
f 3624/4109 3570/4055 3569/4054
f 3590/4075 3626/4111 3559/4043
f 3559/4043 3626/4111 3623/4108
f 3591/4076 3627/4112 3590/4075
f 3590/4075 3627/4112 3626/4111
f 3570/4055 3625/4110 3575/4060
f 3575/4060 3625/4110 3628/4113
f 3628/4113 3629/4114 3575/4060
f 3575/4060 3629/4114 3600/4085
f 3629/4114 3630/4115 3600/4085
f 3600/4085 3630/4115 3599/4082
f 3631/4116 3602/4087 3630/4115
f 3630/4115 3602/4087 3599/4082
f 3602/4087 3631/4116 3595/4080
f 3595/4080 3631/4116 3632/4117
f 3627/4112 3591/4076 3632/4117
f 3632/4117 3591/4076 3595/4080
f 3632/4117 3633/4118 3627/4112
f 3628/4113 3625/4110 3633/4118
f 3629/4114 3633/4118 3630/4115
f 3631/4116 3630/4115 3633/4118
f 3632/4117 3631/4116 3633/4118
f 3628/4113 3633/4118 3629/4114
f 3618/4103 3621/4106 3634/4119
f 3620/4105 3619/4104 3634/4119
f 3617/4102 3634/4119 3619/4104
f 3621/4106 3623/4108 3634/4119
f 3634/4119 3623/4108 3635/4120
f 3634/4119 3635/4120 3620/4105
f 3620/4105 3635/4120 3622/4107
f 3626/4111 3636/4121 3623/4108
f 3623/4108 3636/4121 3635/4120
f 3635/4120 3636/4121 3622/4107
f 3622/4107 3636/4121 3624/4109
f 3627/4112 3633/4118 3626/4111
f 3626/4111 3633/4118 3636/4121
f 3624/4109 3636/4121 3625/4110
f 3625/4110 3636/4121 3633/4118
f 3617/4102 3618/4103 3634/4119
f 3638/3897 3637/3898 3639/3896
f 3638/3897 3639/3896 3640/3899
f 3640/3899 3639/3896 3641/3900
f 3642/3901 3641/3900 3639/3896
f 3638/3897 3643/3902 3644/3903
f 3644/3903 3643/3902 3645/3904
f 3644/3903 3645/3904 3646/3905
f 3646/3905 3645/3904 3647/3906
f 3646/3905 3647/3906 3648/3907
f 3648/3907 3647/3906 3649/3908
f 3651/3910 3650/3909 3641/3900
f 3641/3900 3650/3909 3652/3911
f 3652/3911 3653/3912 3641/3900
f 3641/3900 3653/3912 3640/3899
f 3653/3912 3643/3902 3640/3899
f 3640/3899 3643/3902 3638/3897
f 3654/3914 3645/3904 3655/3913
f 3655/3913 3645/3904 3643/3902
f 3656/3916 3647/3906 3657/3915
f 3657/3915 3647/3906 3645/3904
f 3658/3917 3649/3908 3656/3916
f 3656/3916 3649/3908 3647/3906
f 3652/3911 3650/3909 3659/3918
f 3659/3918 3650/3909 3660/3919
f 3661/3920 3653/3912 3659/3918
f 3659/3918 3653/3912 3652/3911
f 3655/3913 3643/3902 3661/3920
f 3661/3920 3643/3902 3653/3912
f 3661/3920 3659/3918 3662/3921
f 3662/3921 3659/3918 3663/3922
f 3655/3913 3661/3920 3664/3923
f 3664/3923 3661/3920 3662/3921
f 3664/3923 3665/3924 3655/3913
f 3655/3913 3665/3924 3654/3914
f 3656/3916 3657/3915 3666/3925
f 3666/3925 3657/3915 3667/3926
f 3658/3917 3656/3916 3668/3927
f 3668/3927 3656/3916 3666/3925
f 3669/3928 3663/3922 3660/3919
f 3660/3919 3663/3922 3659/3918
f 3671/3930 3670/3931 3672/3929
f 3673/3932 3672/3929 3670/3931
f 3675/3933 3674/3934 3672/3929
f 3677/3937 3676/3935 3678/3936
f 3678/3936 3676/3935 3679/3938
f 3681/3940 3680/3939 3677/3937
f 3677/3937 3680/3939 3676/3935
f 3682/3941 3670/3931 3681/3940
f 3681/3940 3670/3931 3680/3939
f 3673/3932 3670/3931 3683/3942
f 3683/3942 3670/3931 3682/3941
f 3685/3945 3684/3943 3686/3944
f 3686/3944 3684/3943 3675/3933
f 3688/3947 3687/3946 3662/3921
f 3662/3921 3687/3946 3664/3923
f 3664/3923 3687/3946 3665/3924
f 3665/3924 3687/3946 3689/3948
f 3690/3950 3666/3925 3691/3949
f 3691/3949 3666/3925 3667/3926
f 3692/3951 3668/3927 3690/3950
f 3690/3950 3668/3927 3666/3925
f 3669/3928 3693/3952 3663/3922
f 3663/3922 3693/3952 3694/3953
f 3682/3941 3687/3946 3683/3942
f 3683/3942 3687/3946 3688/3947
f 3687/3946 3682/3941 3689/3948
f 3689/3948 3682/3941 3681/3940
f 3677/3937 3690/3950 3681/3940
f 3681/3940 3690/3950 3691/3949
f 3678/3936 3692/3951 3677/3937
f 3677/3937 3692/3951 3690/3950
f 3693/3952 3685/3945 3694/3953
f 3694/3953 3685/3945 3686/3944
f 3672/3929 3673/3932 3675/3933
f 3686/3944 3675/3933 3683/3942
f 3683/3942 3675/3933 3673/3932
f 3683/3942 3688/3947 3686/3944
f 3686/3944 3688/3947 3694/3953
f 3694/3953 3688/3947 3663/3922
f 3663/3922 3688/3947 3662/3921
f 3696/3956 3695/3954 3697/3955
f 3697/3955 3695/3954 3698/3957
f 3700/3960 3699/3958 3701/3959
f 3701/3959 3699/3958 3702/3961
f 3696/3956 3703/3962 3695/3954
f 3695/3954 3703/3962 3704/3963
f 3699/3958 3705/3964 3702/3961
f 3702/3961 3705/3964 3706/3965
f 3707/3967 3704/3963 3708/3966
f 3708/3966 3704/3963 3703/3962
f 3709/3969 3706/3965 3710/3968
f 3710/3968 3706/3965 3705/3964
f 3711/3971 3707/3967 3712/3970
f 3712/3970 3707/3967 3708/3966
f 3713/3973 3709/3969 3714/3972
f 3714/3972 3709/3969 3710/3968
f 3715/3975 3696/3956 3716/3974
f 3716/3974 3696/3956 3697/3955
f 3717/3976 3703/3962 3715/3975
f 3715/3975 3703/3962 3696/3956
f 3718/3977 3708/3966 3717/3976
f 3717/3976 3708/3966 3703/3962
f 3719/3978 3712/3970 3718/3977
f 3718/3977 3712/3970 3708/3966
f 3721/3980 3720/3979 3711/3971
f 3711/3971 3720/3979 3714/3972
f 3711/3971 3714/3972 3707/3967
f 3707/3967 3714/3972 3710/3968
f 3707/3967 3710/3968 3704/3963
f 3704/3963 3710/3968 3705/3964
f 3704/3963 3705/3964 3695/3954
f 3695/3954 3705/3964 3699/3958
f 3698/3957 3695/3954 3700/3960
f 3700/3960 3695/3954 3699/3958
f 3723/3983 3722/3981 3724/3982
f 3724/3982 3722/3981 3725/3984
f 3727/3987 3726/3985 3728/3986
f 3728/3986 3726/3985 3729/3988
f 3728/3986 3729/3988 3730/3989
f 3730/3989 3729/3988 3731/3990
f 3730/3989 3731/3990 3732/3991
f 3732/3991 3731/3990 3733/3992
f 3726/3985 3727/3987 3734/3993
f 3734/3993 3727/3987 3735/3994
f 3736/3996 3730/3989 3737/3995
f 3737/3995 3730/3989 3732/3991
f 3738/3998 3727/3987 3739/3997
f 3739/3997 3727/3987 3728/3986
f 3736/3996 3739/3997 3730/3989
f 3730/3989 3739/3997 3728/3986
f 3735/3994 3727/3987 3740/3999
f 3740/3999 3727/3987 3738/3998
f 3737/3995 3723/3983 3736/3996
f 3736/3996 3723/3983 3724/3982
f 3739/3997 3741/4000 3738/3998
f 3738/3998 3741/4000 3742/4001
f 3724/3982 3741/4000 3736/3996
f 3736/3996 3741/4000 3739/3997
f 3740/3999 3738/3998 3743/4002
f 3743/4002 3738/3998 3742/4001
f 3741/4000 3744/4003 3742/4001
f 3742/4001 3744/4003 3745/4004
f 3725/3984 3744/4003 3724/3982
f 3724/3982 3744/4003 3741/4000
f 3743/4002 3742/4001 3746/4005
f 3746/4005 3742/4001 3745/4004
f 3748/4007 3747/4006 3725/3984
f 3725/3984 3747/4006 3744/4003
f 3750/4010 3749/4008 3751/4009
f 3751/4009 3749/4008 3752/4011
f 3749/4008 3753/4012 3752/4011
f 3752/4011 3753/4012 3754/4013
f 3755/4015 3753/4012 3756/4014
f 3756/4014 3753/4012 3749/4008
f 3749/4008 3750/4010 3756/4014
f 3756/4014 3750/4010 3757/4016
f 3752/4011 3758/4017 3751/4009
f 3751/4009 3758/4017 3759/4018
f 3754/4013 3760/4019 3752/4011
f 3752/4011 3760/4019 3758/4017
f 3755/4015 3756/4014 3761/4020
f 3761/4020 3756/4014 3762/4021
f 3762/4021 3756/4014 3763/4022
f 3763/4022 3756/4014 3757/4016
f 3759/4018 3758/4017 3764/4023
f 3764/4023 3758/4017 3765/4024
f 3766/4025 3765/4024 3760/4019
f 3760/4019 3765/4024 3758/4017
f 3768/4027 3767/4028 3769/4026
f 3760/4019 3754/4013 3768/4027
f 3769/4026 3760/4019 3768/4027
f 3771/4031 3770/4029 3772/4030
f 3772/4030 3770/4029 3773/4032
f 3771/4031 3774/4034 3775/4033
f 3771/4031 3772/4030 3774/4034
f 3774/4034 3772/4030 3776/4035
f 3778/4037 3777/4038 3779/4036
f 3781/4041 3780/4039 3782/4040
f 3782/4040 3780/4039 3783/4042
f 3785/4044 3784/4043 3781/4041
f 3781/4041 3784/4043 3780/4039
f 3779/4036 3781/4041 3782/4040
f 3779/4036 3786/4045 3781/4041
f 3781/4041 3786/4045 3785/4044
f 3786/4045 3779/4036 3776/4035
f 3776/4035 3779/4036 3777/4038
f 3770/4029 3787/4046 3773/4032
f 3773/4032 3787/4046 3788/4047
f 3789/4049 3787/4046 3790/4048
f 3790/4048 3787/4046 3770/4029
f 3770/4029 3771/4031 3790/4048
f 3789/4049 3791/4050 3787/4046
f 3787/4046 3791/4050 3792/4051
f 3791/4050 3793/4052 3792/4051
f 3792/4051 3793/4052 3794/4053
f 3795/4054 3788/4047 3792/4051
f 3792/4051 3788/4047 3787/4046
f 3796/4055 3795/4054 3794/4053
f 3794/4053 3795/4054 3792/4051
f 3798/4057 3797/4058 3799/4056
f 3800/4060 3796/4055 3801/4059
f 3801/4059 3796/4055 3794/4053
f 3793/4052 3798/4057 3794/4053
f 3794/4053 3798/4057 3801/4059
f 3803/4063 3802/4061 3804/4062
f 3804/4062 3802/4061 3805/4064
f 3799/4056 3806/4065 3802/4061
f 3802/4061 3806/4065 3805/4064
f 3799/4056 3797/4058 3806/4065
f 3804/4062 3807/4066 3803/4063
f 3803/4063 3807/4066 3808/4067
f 3810/4069 3809/4068 3807/4066
f 3807/4066 3809/4068 3808/4067
f 3809/4068 3810/4069 3811/4070
f 3811/4070 3810/4069 3812/4071
f 3799/4056 3813/4072 3798/4057
f 3798/4057 3813/4072 3801/4059
f 3797/4058 3798/4057 3793/4052
f 3814/4074 3783/4042 3815/4073
f 3815/4073 3783/4042 3780/4039
f 3815/4073 3780/4039 3816/4075
f 3816/4075 3780/4039 3784/4043
f 3817/4077 3815/4073 3818/4076
f 3818/4076 3815/4073 3816/4075
f 3815/4073 3817/4077 3814/4074
f 3814/4074 3817/4077 3819/4078
f 3811/4070 3819/4078 3820/4079
f 3820/4079 3819/4078 3817/4077
f 3817/4077 3818/4076 3820/4079
f 3820/4079 3818/4076 3821/4080
f 3812/4071 3819/4078 3811/4070
f 3822/4081 3809/4068 3820/4079
f 3820/4079 3809/4068 3811/4070
f 3824/4084 3823/4082 3825/4083
f 3825/4083 3823/4082 3826/4085
f 3824/4084 3827/4086 3823/4082
f 3823/4082 3827/4086 3828/4087
f 3813/4072 3800/4060 3801/4059
f 3826/4085 3800/4060 3825/4083
f 3825/4083 3800/4060 3813/4072
f 3821/4080 3828/4087 3822/4081
f 3822/4081 3828/4087 3827/4086
f 3822/4081 3820/4079 3821/4080
f 3830/4090 3829/4088 3831/4089
f 3831/4089 3829/4088 3832/4091
f 3832/4091 3833/4092 3831/4089
f 3831/4089 3833/4092 3834/4093
f 3833/4092 3835/4094 3834/4093
f 3836/4096 3829/4088 3837/4095
f 3837/4095 3829/4088 3830/4090
f 3838/4098 3836/4096 3839/4097
f 3839/4097 3836/4096 3837/4095
f 3840/4100 3838/4098 3841/4099
f 3841/4099 3838/4098 3839/4097
f 3775/4033 3790/4048 3771/4031
f 3782/4040 3778/4037 3779/4036
f 3809/4068 3822/4081 3842/4101
f 3827/4086 3842/4101 3822/4081
f 3824/4084 3842/4101 3827/4086
f 3825/4083 3842/4101 3824/4084
f 3813/4072 3842/4101 3825/4083
f 3799/4056 3842/4101 3813/4072
f 3809/4068 3842/4101 3808/4067
f 3808/4067 3842/4101 3803/4063
f 3803/4063 3842/4101 3802/4061
f 3802/4061 3842/4101 3799/4056
f 3843/4103 3786/4045 3844/4102
f 3844/4102 3786/4045 3776/4035
f 3772/4030 3845/4104 3776/4035
f 3776/4035 3845/4104 3844/4102
f 3846/4105 3845/4104 3773/4032
f 3773/4032 3845/4104 3772/4030
f 3843/4103 3847/4106 3786/4045
f 3786/4045 3847/4106 3785/4044
f 3848/4107 3846/4105 3788/4047
f 3788/4047 3846/4105 3773/4032
f 3784/4043 3785/4044 3849/4108
f 3849/4108 3785/4044 3847/4106
f 3850/4109 3848/4107 3795/4054
f 3795/4054 3848/4107 3788/4047
f 3851/4110 3850/4109 3796/4055
f 3796/4055 3850/4109 3795/4054
f 3816/4075 3784/4043 3852/4111
f 3852/4111 3784/4043 3849/4108
f 3818/4076 3816/4075 3853/4112
f 3853/4112 3816/4075 3852/4111
f 3796/4055 3800/4060 3851/4110
f 3851/4110 3800/4060 3854/4113
f 3854/4113 3800/4060 3855/4114
f 3855/4114 3800/4060 3826/4085
f 3855/4114 3826/4085 3856/4115
f 3856/4115 3826/4085 3823/4082
f 3857/4116 3856/4115 3828/4087
f 3828/4087 3856/4115 3823/4082
f 3828/4087 3821/4080 3857/4116
f 3857/4116 3821/4080 3858/4117
f 3853/4112 3858/4117 3818/4076
f 3818/4076 3858/4117 3821/4080
f 3859/4118 3858/4117 3853/4112
f 3851/4110 3854/4113 3859/4118
f 3859/4118 3855/4114 3856/4115
f 3856/4115 3857/4116 3859/4118
f 3857/4116 3858/4117 3859/4118
f 3859/4118 3854/4113 3855/4114
f 3847/4106 3843/4103 3860/4119
f 3845/4104 3846/4105 3860/4119
f 3860/4119 3844/4102 3845/4104
f 3847/4106 3860/4119 3849/4108
f 3849/4108 3860/4119 3861/4120
f 3860/4119 3846/4105 3861/4120
f 3861/4120 3846/4105 3848/4107
f 3852/4111 3849/4108 3862/4121
f 3862/4121 3849/4108 3861/4120
f 3861/4120 3848/4107 3862/4121
f 3862/4121 3848/4107 3850/4109
f 3853/4112 3852/4111 3859/4118
f 3859/4118 3852/4111 3862/4121
f 3850/4109 3851/4110 3862/4121
f 3862/4121 3851/4110 3859/4118
f 3843/4103 3844/4102 3860/4119
usemtl Tex_0290_0.png
f 3864/4124 3863/4123 3865/4122
f 3865/4122 3863/4123 3866/4125
f 3867/4127 3864/4124 3868/4126
f 3868/4126 3864/4124 3865/4122
f 3870/4129 3869/4128 3868/4126
f 3868/4126 3869/4128 3867/4127
f 3872/4132 3871/4131 3873/4130
f 3873/4130 3871/4131 3874/4133
f 3876/4136 3875/4135 3877/4134
f 3877/4134 3875/4135 3878/4137
f 3873/4130 3874/4133 3870/4129
f 3870/4129 3874/4133 3869/4128
f 3880/4140 3879/4139 3881/4138
f 3863/4123 3882/4141 3866/4125
f 3866/4125 3882/4141 3883/4142
f 3882/4141 3884/4143 3883/4142
f 3883/4142 3884/4143 3885/4144
f 3885/4144 3886/4145 3876/4136
f 3876/4136 3886/4145 3875/4135
f 3885/4144 3884/4143 3886/4145
f 3887/4147 3880/4140 3888/4146
f 3888/4146 3880/4140 3881/4138
f 3890/4150 3889/4149 3891/4148
f 3891/4148 3889/4149 3892/4151
f 3892/4151 3887/4147 3891/4148
f 3891/4148 3887/4147 3888/4146
f 3893/4153 3871/4131 3894/4152
f 3894/4152 3871/4131 3872/4132
f 3881/4138 3879/4139 3894/4152
f 3894/4152 3879/4139 3893/4153
f 3877/4134 3878/4137 3890/4150
f 3890/4150 3878/4137 3889/4149
f 3896/4155 3895/4154 3882/4141
f 3882/4141 3895/4154 3884/4143
f 3895/4154 3897/4156 3884/4143
f 3884/4143 3897/4156 3886/4145
f 3875/4135 3886/4145 3898/4157
f 3898/4157 3886/4145 3897/4156
f 3878/4137 3875/4135 3899/4158
f 3899/4158 3875/4135 3898/4157
f 3889/4149 3878/4137 3900/4159
f 3900/4159 3878/4137 3899/4158
f 3892/4151 3889/4149 3901/4160
f 3901/4160 3889/4149 3900/4159
f 3901/4160 3902/4161 3892/4151
f 3892/4151 3902/4161 3887/4147
f 3902/4161 3903/4162 3887/4147
f 3887/4147 3903/4162 3880/4140
f 3903/4162 3904/4163 3880/4140
f 3880/4140 3904/4163 3879/4139
f 3893/4153 3879/4139 3905/4164
f 3905/4164 3879/4139 3904/4163
f 3905/4164 3906/4165 3893/4153
f 3893/4153 3906/4165 3871/4131
f 3874/4133 3871/4131 3907/4166
f 3907/4166 3871/4131 3906/4165
f 3869/4128 3874/4133 3908/4167
f 3908/4167 3874/4133 3907/4166
f 3867/4127 3869/4128 3909/4168
f 3909/4168 3869/4128 3908/4167
f 3909/4168 3910/4169 3867/4127
f 3867/4127 3910/4169 3864/4124
f 3910/4169 3911/4170 3864/4124
f 3864/4124 3911/4170 3863/4123
f 3911/4170 3896/4155 3863/4123
f 3863/4123 3896/4155 3882/4141
f 3913/4124 3912/4122 3914/4123
f 3914/4123 3912/4122 3915/4125
f 3917/4127 3916/4126 3913/4124
f 3913/4124 3916/4126 3912/4122
f 3918/4129 3916/4126 3919/4128
f 3919/4128 3916/4126 3917/4127
f 3921/4132 3920/4130 3922/4131
f 3922/4131 3920/4130 3923/4133
f 3925/4136 3924/4134 3926/4135
f 3926/4135 3924/4134 3927/4137
f 3920/4130 3918/4129 3923/4133
f 3923/4133 3918/4129 3919/4128
f 3929/4139 3928/4140 3930/4138
f 3914/4123 3915/4125 3931/4141
f 3931/4141 3915/4125 3932/4142
f 3931/4141 3932/4142 3933/4143
f 3933/4143 3932/4142 3934/4144
f 3934/4144 3925/4136 3935/4145
f 3935/4145 3925/4136 3926/4135
f 3933/4143 3934/4144 3935/4145
f 3937/4147 3936/4146 3928/4140
f 3928/4140 3936/4146 3930/4138
f 3939/4150 3938/4148 3940/4149
f 3940/4149 3938/4148 3941/4151
f 3941/4151 3938/4148 3937/4147
f 3937/4147 3938/4148 3936/4146
f 3943/4153 3942/4152 3922/4131
f 3922/4131 3942/4152 3921/4132
f 3930/4138 3942/4152 3929/4139
f 3929/4139 3942/4152 3943/4153
f 3924/4134 3939/4150 3927/4137
f 3927/4137 3939/4150 3940/4149
f 3944/4155 3931/4141 3945/4154
f 3945/4154 3931/4141 3933/4143
f 3945/4154 3933/4143 3946/4156
f 3946/4156 3933/4143 3935/4145
f 3926/4135 3947/4157 3935/4145
f 3935/4145 3947/4157 3946/4156
f 3927/4137 3948/4158 3926/4135
f 3926/4135 3948/4158 3947/4157
f 3940/4149 3949/4159 3927/4137
f 3927/4137 3949/4159 3948/4158
f 3941/4151 3950/4160 3940/4149
f 3940/4149 3950/4160 3949/4159
f 3950/4160 3941/4151 3951/4161
f 3951/4161 3941/4151 3937/4147
f 3951/4161 3937/4147 3952/4162
f 3952/4162 3937/4147 3928/4140
f 3952/4162 3928/4140 3953/4163
f 3953/4163 3928/4140 3929/4139
f 3943/4153 3954/4164 3929/4139
f 3929/4139 3954/4164 3953/4163
f 3954/4164 3943/4153 3955/4165
f 3955/4165 3943/4153 3922/4131
f 3923/4133 3956/4166 3922/4131
f 3922/4131 3956/4166 3955/4165
f 3919/4128 3957/4167 3923/4133
f 3923/4133 3957/4167 3956/4166
f 3917/4127 3958/4168 3919/4128
f 3919/4128 3958/4168 3957/4167
f 3958/4168 3917/4127 3959/4169
f 3959/4169 3917/4127 3913/4124
f 3959/4169 3913/4124 3960/4170
f 3960/4170 3913/4124 3914/4123
f 3960/4170 3914/4123 3944/4155
f 3944/4155 3914/4123 3931/4141
usemtl Tex_0268_1.png
f 3962/4173 3961/4172 3963/4171
f 3963/4171 3961/4172 3964/4174
f 3965/4176 3962/4173 3966/4175
f 3966/4175 3962/4173 3963/4171
f 3968/4178 3967/4177 3966/4175
f 3966/4175 3967/4177 3965/4176
f 3970/4180 3969/4179 3968/4178
f 3968/4178 3969/4179 3967/4177
f 3972/4183 3971/4182 3973/4181
f 3973/4181 3971/4182 3974/4184
f 3976/4187 3975/4186 3977/4185
f 3977/4185 3975/4186 3978/4188
f 3980/4190 3979/4189 3976/4187
f 3976/4187 3979/4189 3975/4186
f 3982/4193 3981/4192 3983/4191
f 3983/4191 3981/4192 3984/4194
f 3986/4196 3985/4195 3982/4193
f 3982/4193 3985/4195 3981/4192
f 3971/4182 3987/4197 3974/4184
f 3974/4184 3987/4197 3988/4198
f 3975/4186 3989/4199 3978/4188
f 3978/4188 3989/4199 3990/4200
f 3979/4189 3991/4201 3975/4186
f 3975/4186 3991/4201 3989/4199
f 3981/4192 3992/4202 3984/4194
f 3984/4194 3992/4202 3993/4203
f 3985/4195 3994/4204 3981/4192
f 3981/4192 3994/4204 3992/4202
f 3987/4197 3995/4205 3988/4198
f 3988/4198 3995/4205 3996/4206
f 3989/4199 3997/4207 3990/4200
f 3990/4200 3997/4207 3998/4208
f 3991/4201 3999/4209 3989/4199
f 3989/4199 3999/4209 3997/4207
f 3992/4202 4000/4210 3993/4203
f 3993/4203 4000/4210 4001/4211
f 3994/4204 4002/4212 3992/4202
f 3992/4202 4002/4212 4000/4210
f 4004/4214 4003/4213 3973/4181
f 3973/4181 4003/4213 3972/4183
f 3964/4174 3961/4172 4004/4214
f 4004/4214 3961/4172 4003/4213
f 4005/4216 3969/4179 4006/4215
f 4006/4215 3969/4179 3970/4180
f 4007/4218 4005/4216 4008/4217
f 4008/4217 4005/4216 4006/4215
f 4009/4220 3979/4189 4010/4219
f 4010/4219 3979/4189 3980/4190
f 3984/4194 4009/4220 3983/4191
f 3983/4191 4009/4220 4010/4219
f 4011/4222 3985/4195 4012/4221
f 4012/4221 3985/4195 3986/4196
f 4013/4224 4011/4222 4014/4223
f 4014/4223 4011/4222 4012/4221
f 4015/4225 3991/4201 4009/4220
f 4009/4220 3991/4201 3979/4189
f 3993/4203 4015/4225 3984/4194
f 3984/4194 4015/4225 4009/4220
f 4016/4226 3994/4204 4011/4222
f 4011/4222 3994/4204 3985/4195
f 4017/4227 4016/4226 4013/4224
f 4013/4224 4016/4226 4011/4222
f 3996/4206 3995/4205 4018/4228
f 4018/4228 3995/4205 4019/4229
f 3998/4208 3997/4207 4020/4230
f 4020/4230 3997/4207 4021/4231
f 4022/4232 3999/4209 4015/4225
f 4015/4225 3999/4209 3991/4201
f 4023/4234 3999/4209 4024/4233
f 4024/4233 3999/4209 4022/4232
f 3997/4207 3999/4209 4021/4231
f 4021/4231 3999/4209 4023/4234
f 4001/4211 4022/4232 3993/4203
f 3993/4203 4022/4232 4015/4225
f 4024/4233 4022/4232 4025/4235
f 4025/4235 4022/4232 4001/4211
f 4001/4211 4000/4210 4025/4235
f 4025/4235 4000/4210 4026/4236
f 4027/4237 4002/4212 4016/4226
f 4016/4226 4002/4212 3994/4204
f 4028/4239 4002/4212 4029/4238
f 4029/4238 4002/4212 4027/4237
f 4000/4210 4002/4212 4026/4236
f 4026/4236 4002/4212 4028/4239
f 4030/4240 4027/4237 4017/4227
f 4017/4227 4027/4237 4016/4226
f 4029/4238 4027/4237 4031/4241
f 4031/4241 4027/4237 4030/4240
f 4018/4228 4019/4229 4032/4242
f 4032/4242 4019/4229 4033/4243
f 4020/4230 4021/4231 4034/4244
f 4034/4244 4021/4231 4035/4245
f 4036/4247 4023/4234 4037/4246
f 4037/4246 4023/4234 4024/4233
f 4021/4231 4023/4234 4035/4245
f 4035/4245 4023/4234 4036/4247
f 4037/4246 4024/4233 4038/4248
f 4038/4248 4024/4233 4025/4235
f 4025/4235 4026/4236 4038/4248
f 4038/4248 4026/4236 4039/4249
f 4040/4251 4028/4239 4041/4250
f 4041/4250 4028/4239 4029/4238
f 4026/4236 4028/4239 4039/4249
f 4039/4249 4028/4239 4040/4251
f 4041/4250 4029/4238 4042/4252
f 4042/4252 4029/4238 4031/4241
f 4014/4223 4012/4221 4007/4218
f 4007/4218 4012/4221 4005/4216
f 4012/4221 3986/4196 4005/4216
f 4005/4216 3986/4196 3969/4179
f 3969/4179 3986/4196 3967/4177
f 3967/4177 3986/4196 3982/4193
f 3967/4177 3982/4193 3965/4176
f 3965/4176 3982/4193 3983/4191
f 3983/4191 4010/4219 3965/4176
f 3965/4176 4010/4219 3962/4173
f 4010/4219 3980/4190 3962/4173
f 3962/4173 3980/4190 3961/4172
f 3961/4172 3980/4190 4003/4213
f 4003/4213 3980/4190 3976/4187
f 4003/4213 3976/4187 3972/4183
f 3972/4183 3976/4187 3977/4185
f 3977/4185 3978/4188 3972/4183
f 3972/4183 3978/4188 3971/4182
f 3978/4188 3990/4200 3971/4182
f 3971/4182 3990/4200 3987/4197
f 3990/4200 3998/4208 3987/4197
f 3987/4197 3998/4208 3995/4205
f 3995/4205 3998/4208 4019/4229
f 4019/4229 3998/4208 4020/4230
f 4019/4229 4020/4230 4033/4243
f 4033/4243 4020/4230 4034/4244
f 4043/4254 4007/4218 4044/4253
f 4044/4253 4007/4218 4008/4217
f 4043/4254 4045/4255 4007/4218
f 4007/4218 4045/4255 4014/4223
f 4045/4255 4046/4256 4014/4223
f 4014/4223 4046/4256 4013/4224
f 4046/4256 4047/4257 4013/4224
f 4013/4224 4047/4257 4017/4227
f 4047/4257 4048/4258 4017/4227
f 4017/4227 4048/4258 4030/4240
f 4031/4241 4030/4240 4049/4259
f 4049/4259 4030/4240 4048/4258
f 4042/4252 4031/4241 4050/4260
f 4050/4260 4031/4241 4049/4259
f 4052/4263 4051/4262 4053/4261
f 4053/4261 4051/4262 4054/4264
f 4056/4267 4055/4266 4057/4265
f 4057/4265 4055/4266 4058/4268
f 4051/4262 4059/4269 4054/4264
f 4054/4264 4059/4269 4060/4270
f 4055/4266 4061/4271 4058/4268
f 4058/4268 4061/4271 4062/4272
f 4064/4275 4063/4274 4065/4273
f 4065/4273 4063/4274 4066/4276
f 4068/4279 4067/4278 4069/4277
f 4069/4277 4067/4278 4070/4280
f 4072/4283 4071/4282 4073/4281
f 4073/4281 4071/4282 4074/4284
f 4076/4287 4075/4286 4077/4285
f 4077/4285 4075/4286 4078/4288
f 4080/4291 4079/4290 4081/4289
f 4081/4289 4079/4290 4082/4292
f 4084/4295 4083/4294 4085/4293
f 4085/4293 4083/4294 4086/4296
f 4088/4299 4087/4298 4089/4297
f 4089/4297 4087/4298 4090/4300
f 4092/4303 4091/4302 4093/4301
f 4093/4301 4091/4302 4094/4304
f 4096/4306 4095/4305 4094/4304
f 4094/4304 4095/4305 4087/4298
f 4098/4309 4097/4308 4099/4307
f 4099/4307 4097/4308 4091/4302
f 4095/4305 4100/4311 4101/4310
f 4101/4310 4100/4311 4102/4312
f 4097/4308 4103/4313 4096/4306
f 4096/4306 4103/4313 4104/4314
f 4106/4317 4105/4316 4107/4315
f 4107/4315 4105/4316 4108/4318
f 4110/4321 4109/4320 4111/4319
f 4111/4319 4109/4320 4112/4322
f 4058/4268 4051/4262 4057/4265
f 4057/4265 4051/4262 4052/4263
f 4113/4324 4055/4266 4114/4323
f 4114/4323 4055/4266 4056/4267
f 4062/4272 4059/4269 4058/4268
f 4058/4268 4059/4269 4051/4262
f 4115/4326 4059/4269 4116/4325
f 4116/4325 4059/4269 4062/4272
f 4060/4270 4059/4269 4117/4327
f 4117/4327 4059/4269 4115/4326
f 4118/4328 4061/4271 4113/4324
f 4113/4324 4061/4271 4055/4266
f 4119/4330 4061/4271 4120/4329
f 4120/4329 4061/4271 4118/4328
f 4062/4272 4061/4271 4116/4325
f 4116/4325 4061/4271 4119/4330
f 4064/4275 4115/4326 4069/4277
f 4069/4277 4115/4326 4116/4325
f 4117/4327 4115/4326 4065/4273
f 4065/4273 4115/4326 4064/4275
f 4068/4279 4119/4330 4121/4331
f 4121/4331 4119/4330 4120/4329
f 4116/4325 4119/4330 4069/4277
f 4069/4277 4119/4330 4068/4279
f 4070/4280 4063/4274 4069/4277
f 4069/4277 4063/4274 4064/4275
f 4072/4283 4063/4274 4077/4285
f 4077/4285 4063/4274 4070/4280
f 4066/4276 4063/4274 4073/4281
f 4073/4281 4063/4274 4072/4283
f 4122/4332 4067/4278 4121/4331
f 4121/4331 4067/4278 4068/4279
f 4076/4287 4067/4278 4123/4333
f 4123/4333 4067/4278 4122/4332
f 4070/4280 4067/4278 4077/4285
f 4077/4285 4067/4278 4076/4287
f 4078/4288 4071/4282 4077/4285
f 4077/4285 4071/4282 4072/4283
f 4124/4335 4071/4282 4125/4334
f 4125/4334 4071/4282 4078/4288
f 4074/4284 4071/4282 4126/4336
f 4126/4336 4071/4282 4124/4335
f 4127/4337 4075/4286 4123/4333
f 4123/4333 4075/4286 4076/4287
f 4128/4339 4075/4286 4129/4338
f 4129/4338 4075/4286 4127/4337
f 4078/4288 4075/4286 4125/4334
f 4125/4334 4075/4286 4128/4339
f 4080/4291 4124/4335 4085/4293
f 4085/4293 4124/4335 4125/4334
f 4126/4336 4124/4335 4081/4289
f 4081/4289 4124/4335 4080/4291
f 4084/4295 4128/4339 4130/4340
f 4130/4340 4128/4339 4129/4338
f 4125/4334 4128/4339 4085/4293
f 4085/4293 4128/4339 4084/4295
f 4086/4296 4079/4290 4085/4293
f 4085/4293 4079/4290 4080/4291
f 4131/4341 4083/4294 4130/4340
f 4130/4340 4083/4294 4084/4295
f 4088/4299 4079/4290 4093/4301
f 4093/4301 4079/4290 4086/4296
f 4082/4292 4079/4290 4089/4297
f 4089/4297 4079/4290 4088/4299
f 4092/4303 4083/4294 4132/4342
f 4132/4342 4083/4294 4131/4341
f 4086/4296 4083/4294 4093/4301
f 4093/4301 4083/4294 4092/4303
f 4094/4304 4087/4298 4093/4301
f 4093/4301 4087/4298 4088/4299
f 4099/4307 4091/4302 4132/4342
f 4132/4342 4091/4302 4092/4303
f 4087/4298 4095/4305 4090/4300
f 4090/4300 4095/4305 4101/4310
f 4091/4302 4097/4308 4094/4304
f 4094/4304 4097/4308 4096/4306
f 4104/4314 4100/4311 4096/4306
f 4096/4306 4100/4311 4095/4305
f 4133/4344 4100/4311 4134/4343
f 4134/4343 4100/4311 4104/4314
f 4102/4312 4100/4311 4135/4345
f 4135/4345 4100/4311 4133/4344
f 4136/4346 4103/4313 4098/4309
f 4098/4309 4103/4313 4097/4308
f 4137/4348 4103/4313 4138/4347
f 4138/4347 4103/4313 4136/4346
f 4104/4314 4103/4313 4134/4343
f 4134/4343 4103/4313 4137/4348
f 4106/4317 4133/4344 4111/4319
f 4111/4319 4133/4344 4134/4343
f 4135/4345 4133/4344 4107/4315
f 4107/4315 4133/4344 4106/4317
f 4110/4321 4137/4348 4139/4349
f 4139/4349 4137/4348 4138/4347
f 4134/4343 4137/4348 4111/4319
f 4111/4319 4137/4348 4110/4321
f 4112/4322 4105/4316 4111/4319
f 4111/4319 4105/4316 4106/4317
f 4140/4351 4105/4316 4141/4350
f 4141/4350 4105/4316 4112/4322
f 4108/4318 4105/4316 4142/4352
f 4142/4352 4105/4316 4140/4351
f 4143/4353 4109/4320 4139/4349
f 4139/4349 4109/4320 4110/4321
f 4144/4355 4109/4320 4145/4354
f 4145/4354 4109/4320 4143/4353
f 4112/4322 4109/4320 4141/4350
f 4141/4350 4109/4320 4144/4355
f 4147/4358 4146/4357 4148/4356
f 4148/4356 4146/4357 4149/4359
f 4151/4362 4150/4361 4152/4360
f 4152/4360 4150/4361 4153/4363
f 4155/4366 4154/4365 4156/4364
f 4156/4364 4154/4365 4157/4367
f 4153/4363 4158/4368 4152/4360
f 4152/4360 4158/4368 4159/4369
f 4154/4365 4160/4370 4157/4367
f 4157/4367 4160/4370 4161/4371
f 4158/4368 4162/4372 4159/4369
f 4159/4369 4162/4372 4163/4373
f 4165/4376 4164/4375 4166/4374
f 4166/4374 4164/4375 4167/4377
f 4169/4380 4168/4379 4170/4378
f 4170/4378 4168/4379 4171/4381
f 4164/4375 4172/4382 4167/4377
f 4167/4377 4172/4382 4173/4383
f 4168/4379 4174/4384 4171/4381
f 4171/4381 4174/4384 4175/4385
f 4172/4382 4176/4386 4173/4383
f 4173/4383 4176/4386 4177/4387
f 4174/4384 4178/4388 4175/4385
f 4175/4385 4178/4388 4179/4389
f 4176/4386 4180/4390 4177/4387
f 4177/4387 4180/4390 4181/4391
f 4178/4388 4182/4392 4179/4389
f 4179/4389 4182/4392 4183/4393
f 4184/4395 4146/4357 4185/4394
f 4185/4394 4146/4357 4147/4358
f 4155/4366 4146/4357 4186/4396
f 4186/4396 4146/4357 4184/4395
f 4149/4359 4146/4357 4156/4364
f 4156/4364 4146/4357 4155/4366
f 4187/4398 4150/4361 4188/4397
f 4188/4397 4150/4361 4151/4362
f 4149/4359 4150/4361 4148/4356
f 4148/4356 4150/4361 4187/4398
f 4153/4363 4150/4361 4156/4364
f 4156/4364 4150/4361 4149/4359
f 4189/4399 4154/4365 4186/4396
f 4186/4396 4154/4365 4155/4366
f 4157/4367 4158/4368 4156/4364
f 4156/4364 4158/4368 4153/4363
f 4190/4400 4160/4370 4189/4399
f 4189/4399 4160/4370 4154/4365
f 4191/4402 4160/4370 4192/4401
f 4192/4401 4160/4370 4190/4400
f 4161/4371 4160/4370 4193/4403
f 4193/4403 4160/4370 4191/4402
f 4161/4371 4162/4372 4157/4367
f 4157/4367 4162/4372 4158/4368
f 4194/4404 4162/4372 4193/4403
f 4193/4403 4162/4372 4161/4371
f 4163/4373 4162/4372 4195/4405
f 4195/4405 4162/4372 4194/4404
f 4165/4376 4191/4402 4196/4406
f 4196/4406 4191/4402 4192/4401
f 4193/4403 4191/4402 4166/4374
f 4166/4374 4191/4402 4165/4376
f 4169/4380 4194/4404 4166/4374
f 4166/4374 4194/4404 4193/4403
f 4195/4405 4194/4404 4170/4378
f 4170/4378 4194/4404 4169/4380
f 4197/4407 4164/4375 4196/4406
f 4196/4406 4164/4375 4165/4376
f 4167/4377 4168/4379 4166/4374
f 4166/4374 4168/4379 4169/4380
f 4198/4408 4172/4382 4197/4407
f 4197/4407 4172/4382 4164/4375
f 4173/4383 4174/4384 4167/4377
f 4167/4377 4174/4384 4168/4379
f 4199/4409 4176/4386 4198/4408
f 4198/4408 4176/4386 4172/4382
f 4177/4387 4178/4388 4173/4383
f 4173/4383 4178/4388 4174/4384
f 4200/4410 4180/4390 4199/4409
f 4199/4409 4180/4390 4176/4386
f 4201/4412 4180/4390 4202/4411
f 4202/4411 4180/4390 4200/4410
f 4181/4391 4180/4390 4203/4413
f 4203/4413 4180/4390 4201/4412
f 4181/4391 4182/4392 4177/4387
f 4177/4387 4182/4392 4178/4388
f 4204/4414 4182/4392 4203/4413
f 4203/4413 4182/4392 4181/4391
f 4183/4393 4182/4392 4205/4415
f 4205/4415 4182/4392 4204/4414
f 4207/4418 4206/4417 4208/4416
f 4208/4416 4206/4417 4209/4419
f 4210/4421 4207/4418 4211/4420
f 4211/4420 4207/4418 4208/4416
f 4213/4424 4212/4423 4214/4422
f 4214/4422 4212/4423 4215/4425
f 4216/4427 4213/4424 4217/4426
f 4217/4426 4213/4424 4214/4422
f 4219/4430 4218/4429 4220/4428
f 4220/4428 4218/4429 4221/4431
f 4223/4434 4222/4433 4224/4432
f 4224/4432 4222/4433 4225/4435
f 4227/4438 4226/4437 4228/4436
f 4228/4436 4226/4437 4229/4439
f 4230/4441 4227/4438 4231/4440
f 4231/4440 4227/4438 4228/4436
f 4233/4444 4232/4443 4234/4442
f 4234/4442 4232/4443 4235/4445
f 4237/4448 4236/4447 4238/4446
f 4238/4446 4236/4447 4239/4449
f 4241/4452 4240/4451 4242/4450
f 4242/4450 4240/4451 4243/4453
f 4245/4456 4244/4455 4246/4454
f 4246/4454 4244/4455 4247/4457
f 4244/4455 4248/4458 4247/4457
f 4247/4457 4248/4458 4249/4459
f 4251/4462 4250/4461 4252/4460
f 4252/4460 4250/4461 4253/4463
f 4250/4461 4254/4464 4253/4463
f 4253/4463 4254/4464 4255/4465
f 4257/4468 4256/4467 4258/4466
f 4258/4466 4256/4467 4259/4469
f 4256/4467 4260/4470 4259/4469
f 4259/4469 4260/4470 4261/4471
f 4263/4474 4262/4473 4264/4472
f 4264/4472 4262/4473 4265/4475
f 4262/4473 4266/4476 4265/4475
f 4265/4475 4266/4476 4267/4477
f 4269/4480 4268/4479 4270/4478
f 4270/4478 4268/4479 4271/4481
f 4268/4479 4272/4482 4271/4481
f 4271/4481 4272/4482 4273/4483
f 4275/4486 4274/4485 4276/4484
f 4276/4484 4274/4485 4277/4487
f 4274/4485 4278/4488 4277/4487
f 4277/4487 4278/4488 4279/4489
f 4209/4419 4206/4417 4280/4490
f 4280/4490 4206/4417 4281/4491
f 4283/4493 4282/4492 4211/4420
f 4211/4420 4282/4492 4210/4421
f 4215/4425 4212/4423 4283/4493
f 4283/4493 4212/4423 4282/4492
f 4285/4495 4284/4494 4217/4426
f 4217/4426 4284/4494 4216/4427
f 4221/4431 4218/4429 4285/4495
f 4285/4495 4218/4429 4284/4494
f 4287/4497 4286/4496 4220/4428
f 4220/4428 4286/4496 4219/4430
f 4225/4435 4222/4433 4287/4497
f 4287/4497 4222/4433 4286/4496
f 4289/4499 4288/4498 4224/4432
f 4224/4432 4288/4498 4223/4434
f 4229/4439 4226/4437 4289/4499
f 4289/4499 4226/4437 4288/4498
f 4291/4501 4290/4500 4231/4440
f 4231/4440 4290/4500 4230/4441
f 4235/4445 4232/4443 4291/4501
f 4291/4501 4232/4443 4290/4500
f 4293/4503 4292/4502 4234/4442
f 4234/4442 4292/4502 4233/4444
f 4239/4449 4236/4447 4293/4503
f 4293/4503 4236/4447 4292/4502
f 4294/4505 4240/4451 4295/4504
f 4295/4504 4240/4451 4241/4452
f 4296/4507 4240/4451 4297/4506
f 4297/4506 4240/4451 4294/4505
f 4243/4453 4240/4451 4298/4508
f 4298/4508 4240/4451 4296/4507
f 4245/4456 4296/4507 4299/4509
f 4299/4509 4296/4507 4297/4506
f 4298/4508 4296/4507 4246/4454
f 4246/4454 4296/4507 4245/4456
f 4300/4510 4244/4455 4299/4509
f 4299/4509 4244/4455 4245/4456
f 4301/4511 4248/4458 4300/4510
f 4300/4510 4248/4458 4244/4455
f 4302/4513 4248/4458 4303/4512
f 4303/4512 4248/4458 4301/4511
f 4249/4459 4248/4458 4304/4514
f 4304/4514 4248/4458 4302/4513
f 4251/4462 4302/4513 4305/4515
f 4305/4515 4302/4513 4303/4512
f 4304/4514 4302/4513 4252/4460
f 4252/4460 4302/4513 4251/4462
f 4306/4516 4250/4461 4305/4515
f 4305/4515 4250/4461 4251/4462
f 4307/4517 4254/4464 4306/4516
f 4306/4516 4254/4464 4250/4461
f 4257/4468 4254/4464 4308/4518
f 4308/4518 4254/4464 4307/4517
f 4255/4465 4254/4464 4258/4466
f 4258/4466 4254/4464 4257/4468
f 4309/4519 4256/4467 4308/4518
f 4308/4518 4256/4467 4257/4468
f 4310/4520 4260/4470 4309/4519
f 4309/4519 4260/4470 4256/4467
f 4263/4474 4260/4470 4311/4521
f 4311/4521 4260/4470 4310/4520
f 4261/4471 4260/4470 4264/4472
f 4264/4472 4260/4470 4263/4474
f 4312/4522 4262/4473 4311/4521
f 4311/4521 4262/4473 4263/4474
f 4313/4523 4266/4476 4312/4522
f 4312/4522 4266/4476 4262/4473
f 4314/4525 4266/4476 4315/4524
f 4315/4524 4266/4476 4313/4523
f 4267/4477 4266/4476 4316/4526
f 4316/4526 4266/4476 4314/4525
f 4269/4480 4314/4525 4317/4527
f 4317/4527 4314/4525 4315/4524
f 4316/4526 4314/4525 4270/4478
f 4270/4478 4314/4525 4269/4480
f 4318/4528 4268/4479 4317/4527
f 4317/4527 4268/4479 4269/4480
f 4319/4529 4272/4482 4318/4528
f 4318/4528 4272/4482 4268/4479
f 4275/4486 4272/4482 4320/4530
f 4320/4530 4272/4482 4319/4529
f 4273/4483 4272/4482 4276/4484
f 4276/4484 4272/4482 4275/4486
f 4321/4531 4274/4485 4320/4530
f 4320/4530 4274/4485 4275/4486
f 4322/4532 4278/4488 4321/4531
f 4321/4531 4278/4488 4274/4485
f 4323/4534 4278/4488 4324/4533
f 4324/4533 4278/4488 4322/4532
f 4279/4489 4278/4488 4325/4535
f 4325/4535 4278/4488 4323/4534
f 4281/4491 4206/4417 4295/4504
f 4295/4504 4206/4417 4294/4505
f 4294/4505 4206/4417 4297/4506
f 4297/4506 4206/4417 4207/4418
f 4297/4506 4207/4418 4299/4509
f 4299/4509 4207/4418 4210/4421
f 4210/4421 4282/4492 4299/4509
f 4299/4509 4282/4492 4300/4510
f 4282/4492 4212/4423 4300/4510
f 4300/4510 4212/4423 4301/4511
f 4301/4511 4212/4423 4303/4512
f 4303/4512 4212/4423 4213/4424
f 4303/4512 4213/4424 4305/4515
f 4305/4515 4213/4424 4216/4427
f 4216/4427 4284/4494 4305/4515
f 4305/4515 4284/4494 4306/4516
f 4284/4494 4218/4429 4306/4516
f 4306/4516 4218/4429 4307/4517
f 4307/4517 4218/4429 4308/4518
f 4308/4518 4218/4429 4219/4430
f 4219/4430 4286/4496 4308/4518
f 4308/4518 4286/4496 4309/4519
f 4286/4496 4222/4433 4309/4519
f 4309/4519 4222/4433 4310/4520
f 4310/4520 4222/4433 4311/4521
f 4311/4521 4222/4433 4223/4434
f 4223/4434 4288/4498 4311/4521
f 4311/4521 4288/4498 4312/4522
f 4288/4498 4226/4437 4312/4522
f 4312/4522 4226/4437 4313/4523
f 4313/4523 4226/4437 4315/4524
f 4315/4524 4226/4437 4227/4438
f 4315/4524 4227/4438 4317/4527
f 4317/4527 4227/4438 4230/4441
f 4230/4441 4290/4500 4317/4527
f 4317/4527 4290/4500 4318/4528
f 4290/4500 4232/4443 4318/4528
f 4318/4528 4232/4443 4319/4529
f 4319/4529 4232/4443 4320/4530
f 4320/4530 4232/4443 4233/4444
f 4233/4444 4292/4502 4320/4530
f 4320/4530 4292/4502 4321/4531
f 4292/4502 4236/4447 4321/4531
f 4321/4531 4236/4447 4322/4532
f 4322/4532 4236/4447 4324/4533
f 4324/4533 4236/4447 4237/4448
f 4327/4538 4326/4537 4328/4536
f 4328/4536 4326/4537 4329/4539
f 4331/4542 4330/4541 4332/4540
f 4332/4540 4330/4541 4333/4543
f 4332/4540 4333/4543 4334/4544
f 4334/4544 4333/4543 4335/4545
f 4337/4548 4336/4547 4338/4546
f 4338/4546 4336/4547 4339/4549
f 4341/4552 4340/4551 4342/4550
f 4342/4550 4340/4551 4343/4553
f 4345/4555 4344/4554 4341/4552
f 4341/4552 4344/4554 4340/4551
f 4347/4558 4346/4557 4348/4556
f 4348/4556 4346/4557 4349/4559
f 4351/4562 4350/4561 4352/4560
f 4352/4560 4350/4561 4353/4563
f 4350/4561 4354/4564 4353/4563
f 4353/4563 4354/4564 4355/4565
f 4353/4563 4355/4565 4356/4566
f 4356/4566 4355/4565 4357/4567
f 4358/4569 4345/4555 4359/4568
f 4359/4568 4345/4555 4360/4570
f 4362/4573 4361/4572 4363/4571
f 4363/4571 4361/4572 4364/4574
f 4364/4574 4365/4575 4363/4571
f 4363/4571 4365/4575 4366/4576
f 4368/4579 4367/4578 4369/4577
f 4369/4577 4367/4578 4370/4580
f 4371/4582 4367/4578 4372/4581
f 4372/4581 4367/4578 4368/4579
f 4373/4584 4326/4537 4374/4583
f 4374/4583 4326/4537 4327/4538
f 4367/4578 4326/4537 4370/4580
f 4370/4580 4326/4537 4373/4584
f 4329/4539 4326/4537 4371/4582
f 4371/4582 4326/4537 4367/4578
f 4376/4586 4375/4585 4372/4581
f 4372/4581 4375/4585 4371/4582
f 4365/4575 4375/4585 4366/4576
f 4366/4576 4375/4585 4376/4586
f 4329/4539 4330/4541 4328/4536
f 4328/4536 4330/4541 4331/4542
f 4375/4585 4330/4541 4371/4582
f 4371/4582 4330/4541 4329/4539
f 4333/4543 4330/4541 4365/4575
f 4365/4575 4330/4541 4375/4585
f 4335/4545 4333/4543 4364/4574
f 4364/4574 4333/4543 4365/4575
f 4377/4587 4336/4547 4361/4572
f 4361/4572 4336/4547 4337/4548
f 4343/4553 4336/4547 4342/4550
f 4342/4550 4336/4547 4377/4587
f 4339/4549 4336/4547 4378/4588
f 4378/4588 4336/4547 4343/4553
f 4335/4545 4337/4548 4334/4544
f 4334/4544 4337/4548 4338/4546
f 4361/4572 4337/4548 4364/4574
f 4364/4574 4337/4548 4335/4545
f 4343/4553 4340/4551 4378/4588
f 4378/4588 4340/4551 4379/4589
f 4380/4590 4344/4554 4358/4569
f 4358/4569 4344/4554 4345/4555
f 4381/4592 4344/4554 4382/4591
f 4382/4591 4344/4554 4380/4590
f 4340/4551 4344/4554 4379/4589
f 4379/4589 4344/4554 4381/4592
f 4380/4590 4383/4593 4382/4591
f 4382/4591 4383/4593 4384/4594
f 4385/4595 4383/4593 4358/4569
f 4358/4569 4383/4593 4380/4590
f 4351/4562 4346/4557 4386/4596
f 4386/4596 4346/4557 4347/4558
f 4387/4597 4346/4557 4352/4560
f 4352/4560 4346/4557 4351/4562
f 4349/4559 4346/4557 4388/4598
f 4388/4598 4346/4557 4387/4597
f 4389/4599 4350/4561 4386/4596
f 4386/4596 4350/4561 4351/4562
f 4390/4600 4354/4564 4389/4599
f 4389/4599 4354/4564 4350/4561
f 4383/4593 4354/4564 4384/4594
f 4384/4594 4354/4564 4390/4600
f 4355/4565 4354/4564 4385/4595
f 4385/4595 4354/4564 4383/4593
f 4391/4602 4387/4597 4392/4601
f 4392/4601 4387/4597 4352/4560
f 4388/4598 4387/4597 4393/4603
f 4393/4603 4387/4597 4391/4602
f 4352/4560 4353/4563 4392/4601
f 4392/4601 4353/4563 4356/4566
f 4357/4567 4355/4565 4394/4604
f 4394/4604 4355/4565 4385/4595
f 4394/4604 4385/4595 4359/4568
f 4359/4568 4385/4595 4358/4569
f 4360/4570 4345/4555 4395/4605
f 4395/4605 4345/4555 4341/4552
f 4395/4605 4341/4552 4396/4606
f 4396/4606 4341/4552 4342/4550
f 4397/4607 4377/4587 4362/4573
f 4362/4573 4377/4587 4361/4572
f 4342/4550 4377/4587 4396/4606
f 4396/4606 4377/4587 4397/4607
f 4399/4610 4398/4609 4400/4608
f 4400/4608 4398/4609 4401/4611
f 4403/4614 4402/4613 4404/4612
f 4404/4612 4402/4613 4405/4615
f 4407/4618 4406/4617 4408/4616
f 4408/4616 4406/4617 4409/4619
f 4411/4622 4410/4621 4412/4620
f 4412/4620 4410/4621 4413/4623
f 4409/4619 4414/4624 4408/4616
f 4408/4616 4414/4624 4415/4625
f 4414/4624 4416/4626 4415/4625
f 4415/4625 4416/4626 4417/4627
f 4419/4630 4418/4629 4420/4628
f 4420/4628 4418/4629 4421/4631
f 4423/4634 4422/4633 4424/4632
f 4424/4632 4422/4633 4425/4635
f 4427/4638 4426/4637 4428/4636
f 4428/4636 4426/4637 4429/4639
f 4431/4642 4430/4641 4432/4640
f 4432/4640 4430/4641 4433/4643
f 4422/4633 4434/4644 4425/4635
f 4425/4635 4434/4644 4435/4645
f 4437/4648 4436/4647 4438/4646
f 4438/4646 4436/4647 4439/4649
f 4437/4648 4440/4651 4441/4650
f 4441/4650 4440/4651 4442/4652
f 4444/4655 4443/4654 4445/4653
f 4445/4653 4443/4654 4446/4656
f 4430/4641 4447/4657 4433/4643
f 4433/4643 4447/4657 4448/4658
f 4450/4661 4449/4660 4451/4659
f 4451/4659 4449/4660 4452/4662
f 4454/4665 4453/4664 4455/4663
f 4455/4663 4453/4664 4456/4666
f 4458/4669 4457/4668 4459/4667
f 4459/4667 4457/4668 4460/4670
f 4462/4673 4461/4672 4463/4671
f 4463/4671 4461/4672 4464/4674
f 4466/4677 4465/4676 4467/4675
f 4467/4675 4465/4676 4468/4678
f 4465/4676 4469/4680 4470/4679
f 4470/4679 4469/4680 4471/4681
f 4472/4683 4398/4609 4473/4682
f 4473/4682 4398/4609 4399/4610
f 4410/4621 4398/4609 4413/4623
f 4413/4623 4398/4609 4472/4683
f 4401/4611 4398/4609 4474/4684
f 4474/4684 4398/4609 4410/4621
f 4405/4615 4402/4613 4407/4618
f 4407/4618 4402/4613 4406/4617
f 4474/4684 4410/4621 4475/4685
f 4475/4685 4410/4621 4411/4622
f 4411/4622 4476/4686 4475/4685
f 4475/4685 4476/4686 4477/4687
f 4478/4688 4476/4686 4412/4620
f 4412/4620 4476/4686 4411/4622
f 4417/4627 4416/4626 4479/4689
f 4479/4689 4416/4626 4480/4690
f 4476/4686 4418/4629 4477/4687
f 4477/4687 4418/4629 4419/4630
f 4481/4691 4418/4629 4478/4688
f 4478/4688 4418/4629 4476/4686
f 4421/4631 4418/4629 4482/4692
f 4482/4692 4418/4629 4481/4691
f 4479/4689 4480/4690 4424/4632
f 4424/4632 4480/4690 4423/4634
f 4427/4638 4421/4631 4483/4693
f 4483/4693 4421/4631 4482/4692
f 4420/4628 4421/4631 4428/4636
f 4428/4636 4421/4631 4427/4638
f 4484/4694 4426/4637 4483/4693
f 4483/4693 4426/4637 4427/4638
f 4435/4645 4434/4644 4432/4640
f 4432/4640 4434/4644 4431/4642
f 4485/4695 4436/4647 4441/4650
f 4441/4650 4436/4647 4437/4648
f 4426/4637 4436/4647 4429/4639
f 4429/4639 4436/4647 4485/4695
f 4439/4649 4436/4647 4484/4694
f 4484/4694 4436/4647 4426/4637
f 4486/4696 4440/4651 4438/4646
f 4438/4646 4440/4651 4437/4648
f 4487/4698 4443/4654 4488/4697
f 4488/4697 4443/4654 4444/4655
f 4440/4651 4443/4654 4442/4652
f 4442/4652 4443/4654 4487/4698
f 4446/4656 4443/4654 4486/4696
f 4486/4696 4443/4654 4440/4651
f 4448/4658 4447/4657 4451/4659
f 4451/4659 4447/4657 4450/4661
f 4449/4660 4453/4664 4452/4662
f 4452/4662 4453/4664 4454/4665
f 4455/4663 4456/4666 4489/4699
f 4489/4699 4456/4666 4490/4700
f 4492/4703 4491/4702 4493/4701
f 4493/4701 4491/4702 4494/4704
f 4495/4706 4491/4702 4496/4705
f 4496/4705 4491/4702 4492/4703
f 4497/4708 4495/4706 4498/4707
f 4498/4707 4495/4706 4496/4705
f 4490/4700 4497/4708 4489/4699
f 4489/4699 4497/4708 4498/4707
f 4499/4710 4457/4668 4500/4709
f 4500/4709 4457/4668 4458/4669
f 4461/4672 4457/4668 4501/4711
f 4501/4711 4457/4668 4499/4710
f 4460/4670 4457/4668 4462/4673
f 4462/4673 4457/4668 4461/4672
f 4464/4674 4461/4672 4502/4712
f 4502/4712 4461/4672 4501/4711
f 4468/4678 4464/4674 4467/4675
f 4467/4675 4464/4674 4502/4712
f 4463/4671 4464/4674 4503/4713
f 4503/4713 4464/4674 4468/4678
f 4468/4678 4465/4676 4503/4713
f 4503/4713 4465/4676 4470/4679
f 4504/4714 4469/4680 4466/4677
f 4466/4677 4469/4680 4465/4676
f 4505/4716 4469/4680 4506/4715
f 4506/4715 4469/4680 4504/4714
f 4471/4681 4469/4680 4507/4717
f 4507/4717 4469/4680 4505/4716
f 4444/4655 4505/4716 4488/4697
f 4488/4697 4505/4716 4506/4715
f 4507/4717 4505/4716 4445/4653
f 4445/4653 4505/4716 4444/4655
f 4494/4704 4491/4702 4500/4709
f 4500/4709 4491/4702 4499/4710
f 4499/4710 4491/4702 4501/4711
f 4501/4711 4491/4702 4495/4706
f 4501/4711 4495/4706 4502/4712
f 4502/4712 4495/4706 4497/4708
f 4502/4712 4497/4708 4467/4675
f 4467/4675 4497/4708 4490/4700
f 4490/4700 4456/4666 4467/4675
f 4467/4675 4456/4666 4466/4677
f 4456/4666 4453/4664 4466/4677
f 4466/4677 4453/4664 4504/4714
f 4504/4714 4453/4664 4506/4715
f 4506/4715 4453/4664 4449/4660
f 4506/4715 4449/4660 4488/4697
f 4488/4697 4449/4660 4450/4661
f 4450/4661 4447/4657 4488/4697
f 4488/4697 4447/4657 4487/4698
f 4487/4698 4447/4657 4442/4652
f 4442/4652 4447/4657 4430/4641
f 4442/4652 4430/4641 4441/4650
f 4441/4650 4430/4641 4431/4642
f 4431/4642 4434/4644 4441/4650
f 4441/4650 4434/4644 4485/4695
f 4485/4695 4434/4644 4429/4639
f 4429/4639 4434/4644 4422/4633
f 4429/4639 4422/4633 4428/4636
f 4428/4636 4422/4633 4423/4634
f 4423/4634 4480/4690 4428/4636
f 4428/4636 4480/4690 4420/4628
f 4480/4690 4416/4626 4420/4628
f 4420/4628 4416/4626 4419/4630
f 4419/4630 4416/4626 4477/4687
f 4477/4687 4416/4626 4414/4624
f 4477/4687 4414/4624 4475/4685
f 4475/4685 4414/4624 4409/4619
f 4409/4619 4406/4617 4475/4685
f 4475/4685 4406/4617 4474/4684
f 4406/4617 4402/4613 4474/4684
f 4474/4684 4402/4613 4401/4611
f 4401/4611 4402/4613 4400/4608
f 4400/4608 4402/4613 4403/4614
f 4509/4720 4508/4719 4510/4718
f 4510/4718 4508/4719 4511/4721
f 4508/4719 4512/4722 4511/4721
f 4511/4721 4512/4722 4513/4723
f 4515/4726 4514/4725 4516/4724
f 4516/4724 4514/4725 4517/4727
f 4519/4730 4518/4729 4520/4728
f 4520/4728 4518/4729 4521/4731
f 4523/4734 4522/4733 4524/4732
f 4524/4732 4522/4733 4525/4735
f 4516/4724 4517/4727 4526/4736
f 4526/4736 4517/4727 4527/4737
f 4529/4740 4528/4739 4530/4738
f 4530/4738 4528/4739 4531/4741
f 4533/4744 4532/4743 4534/4742
f 4534/4742 4532/4743 4535/4745
f 4536/4747 4533/4744 4537/4746
f 4537/4746 4533/4744 4534/4742
f 4539/4749 4538/4748 4536/4747
f 4536/4747 4538/4748 4533/4744
f 4541/4752 4540/4751 4542/4750
f 4542/4750 4540/4751 4543/4753
f 4545/4756 4544/4755 4546/4754
f 4546/4754 4544/4755 4547/4757
f 4547/4757 4548/4758 4546/4754
f 4546/4754 4548/4758 4549/4759
f 4551/4762 4550/4761 4552/4760
f 4552/4760 4550/4761 4553/4763
f 4554/4765 4508/4719 4555/4764
f 4555/4764 4508/4719 4509/4720
f 4556/4766 4512/4722 4554/4765
f 4554/4765 4512/4722 4508/4719
f 4557/4768 4512/4722 4558/4767
f 4558/4767 4512/4722 4556/4766
f 4513/4723 4512/4722 4559/4769
f 4559/4769 4512/4722 4557/4768
f 4560/4771 4523/4734 4561/4770
f 4561/4770 4523/4734 4524/4732
f 4517/4727 4523/4734 4527/4737
f 4527/4737 4523/4734 4560/4771
f 4562/4773 4514/4725 4563/4772
f 4563/4772 4514/4725 4515/4726
f 4528/4739 4562/4773 4531/4741
f 4531/4741 4562/4773 4563/4772
f 4521/4731 4518/4729 4528/4739
f 4528/4739 4518/4729 4562/4773
f 4514/4725 4522/4733 4517/4727
f 4517/4727 4522/4733 4523/4734
f 4518/4729 4522/4733 4562/4773
f 4562/4773 4522/4733 4514/4725
f 4525/4735 4522/4733 4519/4730
f 4519/4730 4522/4733 4518/4729
f 4560/4771 4556/4766 4527/4737
f 4527/4737 4556/4766 4554/4765
f 4558/4767 4556/4766 4561/4770
f 4561/4770 4556/4766 4560/4771
f 4527/4737 4554/4765 4526/4736
f 4526/4736 4554/4765 4555/4764
f 4564/4774 4521/4731 4529/4740
f 4529/4740 4521/4731 4528/4739
f 4520/4728 4521/4731 4565/4775
f 4565/4775 4521/4731 4564/4774
f 4566/4776 4564/4774 4532/4743
f 4532/4743 4564/4774 4529/4740
f 4565/4775 4564/4774 4567/4777
f 4567/4777 4564/4774 4566/4776
f 4532/4743 4529/4740 4535/4745
f 4535/4745 4529/4740 4530/4738
f 4538/4748 4566/4776 4533/4744
f 4533/4744 4566/4776 4532/4743
f 4567/4777 4566/4776 4568/4778
f 4568/4778 4566/4776 4538/4748
f 4568/4778 4538/4748 4569/4779
f 4569/4779 4538/4748 4539/4749
f 4539/4749 4541/4752 4569/4779
f 4569/4779 4541/4752 4542/4750
f 4553/4763 4541/4752 4536/4747
f 4536/4747 4541/4752 4539/4749
f 4550/4761 4540/4751 4553/4763
f 4553/4763 4540/4751 4541/4752
f 4544/4755 4540/4751 4570/4780
f 4570/4780 4540/4751 4550/4761
f 4543/4753 4540/4751 4545/4756
f 4545/4756 4540/4751 4544/4755
f 4547/4757 4544/4755 4571/4781
f 4571/4781 4544/4755 4570/4780
f 4572/4782 4548/4758 4571/4781
f 4571/4781 4548/4758 4547/4757
f 4573/4784 4572/4782 4574/4783
f 4574/4783 4572/4782 4571/4781
f 4571/4781 4570/4780 4574/4783
f 4574/4783 4570/4780 4575/4785
f 4570/4780 4550/4761 4575/4785
f 4575/4785 4550/4761 4551/4762
f 4552/4760 4553/4763 4537/4746
f 4537/4746 4553/4763 4536/4747
f 4577/4788 4576/4787 4578/4786
f 4578/4786 4576/4787 4579/4789
f 4580/4791 4577/4788 4581/4790
f 4581/4790 4577/4788 4582/4792
f 4584/4795 4583/4794 4585/4793
f 4585/4793 4583/4794 4586/4796
f 4587/4798 4584/4795 4588/4797
f 4588/4797 4584/4795 4589/4799
f 4589/4799 4590/4800 4588/4797
f 4588/4797 4590/4800 4591/4801
f 4593/4804 4592/4803 4594/4802
f 4594/4802 4592/4803 4595/4805
f 4597/4807 4596/4806 4593/4804
f 4593/4804 4596/4806 4592/4803
f 4599/4810 4598/4809 4600/4808
f 4600/4808 4598/4809 4601/4811
f 4602/4813 4600/4808 4603/4812
f 4603/4812 4600/4808 4604/4814
f 4606/4817 4605/4816 4607/4815
f 4607/4815 4605/4816 4608/4818
f 4610/4821 4609/4820 4611/4819
f 4611/4819 4609/4820 4612/4822
f 4611/4819 4612/4822 4602/4813
f 4602/4813 4612/4822 4613/4823
f 4614/4824 4576/4787 4580/4791
f 4580/4791 4576/4787 4577/4788
f 4615/4826 4576/4787 4616/4825
f 4616/4825 4576/4787 4614/4824
f 4579/4789 4576/4787 4617/4827
f 4617/4827 4576/4787 4615/4826
f 4618/4829 4579/4789 4619/4828
f 4619/4828 4579/4789 4617/4827
f 4578/4786 4579/4789 4620/4830
f 4620/4830 4579/4789 4618/4829
f 4582/4792 4577/4788 4621/4831
f 4621/4831 4577/4788 4578/4786
f 4621/4831 4578/4786 4622/4832
f 4622/4832 4578/4786 4620/4830
f 4623/4833 4583/4794 4587/4798
f 4587/4798 4583/4794 4584/4795
f 4582/4792 4583/4794 4581/4790
f 4581/4790 4583/4794 4623/4833
f 4586/4796 4583/4794 4621/4831
f 4621/4831 4583/4794 4582/4792
f 4589/4799 4584/4795 4595/4805
f 4595/4805 4584/4795 4585/4793
f 4592/4803 4590/4800 4595/4805
f 4595/4805 4590/4800 4589/4799
f 4595/4805 4585/4793 4594/4802
f 4594/4802 4585/4793 4624/4834
f 4625/4835 4586/4796 4622/4832
f 4622/4832 4586/4796 4621/4831
f 4585/4793 4586/4796 4624/4834
f 4624/4834 4586/4796 4625/4835
f 4590/4800 4626/4836 4591/4801
f 4591/4801 4626/4836 4627/4837
f 4596/4806 4626/4836 4592/4803
f 4592/4803 4626/4836 4590/4800
f 4628/4838 4601/4811 4597/4807
f 4597/4807 4601/4811 4596/4806
f 4600/4808 4601/4811 4604/4814
f 4604/4814 4601/4811 4628/4838
f 4629/4840 4598/4809 4630/4839
f 4630/4839 4598/4809 4599/4810
f 4626/4836 4598/4809 4627/4837
f 4627/4837 4598/4809 4629/4840
f 4601/4811 4598/4809 4596/4806
f 4596/4806 4598/4809 4626/4836
f 4631/4841 4611/4819 4603/4812
f 4603/4812 4611/4819 4602/4813
f 4632/4842 4610/4821 4631/4841
f 4631/4841 4610/4821 4611/4819
f 4605/4816 4610/4821 4608/4818
f 4608/4818 4610/4821 4632/4842
f 4634/4844 4633/4843 4606/4817
f 4606/4817 4633/4843 4605/4816
f 4635/4846 4633/4843 4636/4845
f 4636/4845 4633/4843 4634/4844
f 4633/4843 4609/4820 4605/4816
f 4605/4816 4609/4820 4610/4821
f 4637/4847 4609/4820 4635/4846
f 4635/4846 4609/4820 4633/4843
f 4612/4822 4609/4820 4638/4848
f 4638/4848 4609/4820 4637/4847
f 4613/4823 4599/4810 4602/4813
f 4602/4813 4599/4810 4600/4808
f 4630/4839 4599/4810 4639/4849
f 4639/4849 4599/4810 4613/4823
f 4613/4823 4612/4822 4639/4849
f 4639/4849 4612/4822 4638/4848
f 4641/4852 4640/4851 4642/4850
f 4642/4850 4640/4851 4643/4853
f 4645/4855 4644/4854 4640/4851
f 4640/4851 4644/4854 4646/4856
f 4647/4857 4645/4855 4641/4852
f 4641/4852 4645/4855 4640/4851
f 4649/4859 4648/4858 4647/4857
f 4647/4857 4648/4858 4645/4855
f 4648/4858 4650/4860 4645/4855
f 4645/4855 4650/4860 4644/4854
f 4648/4858 4649/4859 4651/4861
f 4651/4861 4649/4859 4652/4862
f 4654/4865 4653/4864 4655/4863
f 4655/4863 4653/4864 4656/4866
f 4653/4864 4657/4867 4656/4866
f 4656/4866 4657/4867 4658/4868
f 4660/4870 4659/4869 4654/4865
f 4654/4865 4659/4869 4653/4864
f 4662/4873 4661/4872 4663/4871
f 4663/4871 4661/4872 4664/4874
f 4666/4876 4665/4875 4663/4871
f 4663/4871 4665/4875 4667/4877
f 4669/4880 4668/4879 4670/4878
f 4670/4878 4668/4879 4666/4876
f 4672/4883 4671/4882 4673/4881
f 4673/4881 4671/4882 4674/4884
f 4643/4853 4675/4885 4671/4882
f 4671/4882 4675/4885 4674/4884
f 4643/4853 4671/4882 4642/4850
f 4642/4850 4671/4882 4676/4886
f 4672/4883 4677/4887 4671/4882
f 4671/4882 4677/4887 4676/4886
f 4646/4856 4675/4885 4640/4851
f 4640/4851 4675/4885 4643/4853
f 4650/4860 4648/4858 4678/4888
f 4678/4888 4648/4858 4651/4861
f 4652/4862 4655/4863 4651/4861
f 4651/4861 4655/4863 4656/4866
f 4651/4861 4656/4866 4678/4888
f 4678/4888 4656/4866 4658/4868
f 4679/4889 4657/4867 4659/4869
f 4659/4869 4657/4867 4653/4864
f 4660/4870 4661/4872 4659/4869
f 4659/4869 4661/4872 4662/4873
f 4659/4869 4662/4873 4679/4889
f 4679/4889 4662/4873 4680/4890
f 4666/4876 4663/4871 4670/4878
f 4670/4878 4663/4871 4664/4874
f 4662/4873 4663/4871 4680/4890
f 4680/4890 4663/4871 4667/4877
f 4681/4891 4665/4875 4668/4879
f 4668/4879 4665/4875 4666/4876
f 4683/4894 4682/4893 4684/4892
f 4684/4892 4682/4893 4685/4895
f 4687/4898 4686/4897 4688/4896
f 4688/4896 4686/4897 4689/4899
f 4685/4895 4690/4900 4688/4896
f 4688/4896 4690/4900 4691/4901
f 4693/4903 4692/4902 4687/4898
f 4687/4898 4692/4902 4686/4897
f 4695/4906 4694/4905 4696/4904
f 4696/4904 4694/4905 4697/4907
f 4699/4910 4698/4909 4700/4908
f 4700/4908 4698/4909 4701/4911
f 4703/4914 4702/4913 4704/4912
f 4704/4912 4702/4913 4705/4915
f 4685/4895 4688/4896 4684/4892
f 4684/4892 4688/4896 4689/4899
f 4706/4916 4690/4900 4682/4893
f 4682/4893 4690/4900 4685/4895
f 4687/4898 4688/4896 4707/4917
f 4707/4917 4688/4896 4691/4901
f 4693/4903 4687/4898 4708/4918
f 4708/4918 4687/4898 4707/4917
f 4709/4920 4693/4903 4710/4919
f 4710/4919 4693/4903 4708/4918
f 4712/4923 4711/4922 4713/4921
f 4713/4921 4711/4922 4714/4924
f 4709/4920 4710/4919 4711/4922
f 4711/4922 4710/4919 4714/4924
f 4716/4926 4715/4925 4712/4923
f 4712/4923 4715/4925 4711/4922
f 4717/4927 4709/4920 4715/4925
f 4715/4925 4709/4920 4711/4922
f 4717/4927 4692/4902 4709/4920
f 4709/4920 4692/4902 4693/4903
f 4718/4929 4716/4926 4719/4928
f 4719/4928 4716/4926 4712/4923
f 4718/4929 4719/4928 4720/4930
f 4720/4930 4719/4928 4703/4914
f 4722/4933 4721/4932 4723/4931
f 4723/4931 4721/4932 4704/4912
f 4720/4930 4703/4914 4721/4932
f 4721/4932 4703/4914 4704/4912
f 4724/4934 4722/4933 4699/4910
f 4699/4910 4722/4933 4723/4931
f 4724/4934 4699/4910 4725/4935
f 4725/4935 4699/4910 4700/4908
f 4727/4938 4726/4937 4728/4936
f 4728/4936 4726/4937 4729/4939
f 4725/4935 4700/4908 4726/4937
f 4726/4937 4700/4908 4729/4939
f 4727/4938 4728/4936 4730/4940
f 4730/4940 4728/4936 4695/4906
f 4732/4943 4731/4942 4733/4941
f 4733/4941 4731/4942 4696/4904
f 4730/4940 4695/4906 4731/4942
f 4731/4942 4695/4906 4696/4904
f 4733/4941 4696/4904 4734/4944
f 4734/4944 4696/4904 4697/4907
f 4735/4945 4694/4905 4728/4936
f 4728/4936 4694/4905 4695/4906
f 4701/4911 4736/4946 4700/4908
f 4700/4908 4736/4946 4729/4939
f 4735/4945 4728/4936 4736/4946
f 4736/4946 4728/4936 4729/4939
f 4699/4910 4723/4931 4698/4909
f 4698/4909 4723/4931 4737/4947
f 4723/4931 4704/4912 4737/4947
f 4737/4947 4704/4912 4705/4915
f 4738/4948 4702/4913 4719/4928
f 4719/4928 4702/4913 4703/4914
f 4738/4948 4719/4928 4713/4921
f 4713/4921 4719/4928 4712/4923
f 4740/4951 4739/4950 4741/4949
f 4741/4949 4739/4950 4742/4952
f 4741/4949 4742/4952 4743/4953
f 4743/4953 4742/4952 4744/4954
f 4743/4953 4744/4954 4745/4955
f 4745/4955 4744/4954 4746/4956
f 4748/4958 4747/4909 4749/4957
f 4749/4957 4747/4909 4750/4959
f 4740/4951 4741/4949 4751/4960
f 4751/4960 4741/4949 4752/4961
f 4753/4963 4745/4955 4754/4962
f 4754/4962 4745/4955 4746/4956
f 4755/4965 4753/4963 4756/4964
f 4756/4964 4753/4963 4754/4962
f 4757/4967 4755/4965 4758/4966
f 4758/4966 4755/4965 4756/4964
f 4760/4969 4759/4968 4757/4967
f 4757/4967 4759/4968 4755/4965
f 4759/4968 4761/4970 4755/4965
f 4755/4965 4761/4970 4753/4963
f 4761/4970 4762/4971 4753/4963
f 4753/4963 4762/4971 4745/4955
f 4763/4972 4743/4953 4762/4971
f 4762/4971 4743/4953 4745/4955
f 4741/4949 4743/4953 4752/4961
f 4752/4961 4743/4953 4763/4972
f 4764/4974 4760/4969 4765/4973
f 4765/4973 4760/4969 4757/4967
f 4766/4976 4764/4974 4767/4975
f 4767/4975 4764/4974 4765/4973
f 4768/4934 4766/4976 4748/4958
f 4748/4958 4766/4976 4767/4975
f 4768/4934 4748/4958 4769/4977
f 4769/4977 4748/4958 4749/4957
f 4771/4980 4770/4979 4772/4978
f 4772/4978 4770/4979 4773/4981
f 4769/4977 4749/4957 4770/4979
f 4770/4979 4749/4957 4773/4981
f 4775/4984 4774/4983 4776/4982
f 4776/4982 4774/4983 4777/4985
f 4771/4980 4772/4978 4774/4983
f 4774/4983 4772/4978 4777/4985
f 4778/4943 4775/4984 4779/4941
f 4779/4941 4775/4984 4776/4982
f 4779/4941 4776/4982 4780/4944
f 4780/4944 4776/4982 4781/4986
f 4783/4988 4782/4987 4772/4978
f 4772/4978 4782/4987 4777/4985
f 4781/4986 4776/4982 4782/4987
f 4782/4987 4776/4982 4777/4985
f 4750/4959 4784/4989 4749/4957
f 4749/4957 4784/4989 4773/4981
f 4783/4988 4772/4978 4784/4989
f 4784/4989 4772/4978 4773/4981
f 4748/4958 4767/4975 4747/4909
f 4747/4909 4767/4975 4785/4990
f 4767/4975 4765/4973 4785/4990
f 4785/4990 4765/4973 4786/4991
f 4786/4991 4765/4973 4758/4966
f 4758/4966 4765/4973 4757/4967
f 4788/4994 4787/4993 4789/4992
f 4789/4992 4787/4993 4790/4995
f 4787/4993 4791/4996 4790/4995
f 4790/4995 4791/4996 4792/4997
f 4790/4995 4792/4997 4793/4998
f 4793/4998 4792/4997 4794/4999
f 4793/4998 4794/4999 4795/5000
f 4795/5000 4794/4999 4796/5001
f 4798/5003 4797/4934 4799/5002
f 4799/5002 4797/4934 4800/4935
f 4799/5002 4800/4935 4801/5004
f 4801/5004 4800/4935 4802/4937
f 4804/5007 4803/5006 4805/5005
f 4805/5005 4803/5006 4806/4942
f 4804/5007 4807/5009 4808/5008
f 4808/5008 4807/5009 4809/5010
f 4808/5008 4809/5010 4801/5004
f 4801/5004 4809/5010 4810/4946
f 4812/5012 4811/5011 4813/4951
f 4813/4951 4811/5011 4814/5013
f 4815/5015 4813/4951 4816/5014
f 4816/5014 4813/4951 4814/5013
f 4818/4918 4817/5017 4819/5016
f 4819/5016 4817/5017 4820/5018
f 4821/4962 4818/4918 4822/5019
f 4822/5019 4818/4918 4819/5016
f 4788/4994 4821/4962 4787/4993
f 4787/4993 4821/4962 4822/5019
f 4787/4993 4822/5019 4791/4996
f 4791/4996 4822/5019 4823/4970
f 4822/5019 4819/5016 4823/4970
f 4823/4970 4819/5016 4824/4902
f 4824/4902 4819/5016 4825/5020
f 4825/5020 4819/5016 4820/5018
f 4826/5021 4795/5000 4827/4976
f 4827/4976 4795/5000 4796/5001
f 4798/5003 4826/5021 4797/4934
f 4797/4934 4826/5021 4827/4976
f 4808/5008 4801/5004 4828/5022
f 4828/5022 4801/5004 4802/4937
f 4804/5007 4808/5008 4803/5006
f 4803/5006 4808/5008 4828/5022
f 4829/4941 4805/5005 4830/4943
f 4830/4943 4805/5005 4806/4942
f 4832/4944 4831/4907 4829/4941
f 4829/4941 4831/4907 4805/5005
f 4807/5009 4804/5007 4831/4907
f 4831/4907 4804/5007 4805/5005
f 4799/5002 4801/5004 4833/4911
f 4833/4911 4801/5004 4810/4946
f 4834/4909 4798/5003 4833/4911
f 4833/4911 4798/5003 4799/5002
f 4834/4909 4835/4990 4798/5003
f 4798/5003 4835/4990 4826/5021
f 4835/4990 4836/5023 4826/5021
f 4826/5021 4836/5023 4795/5000
f 4837/5024 4793/4998 4836/5023
f 4836/5023 4793/4998 4795/5000
f 4790/4995 4793/4998 4789/4992
f 4789/4992 4793/4998 4837/5024
f 4817/5017 4838/5025 4820/5018
f 4820/5018 4838/5025 4839/5026
f 4816/5014 4814/5013 4838/5025
f 4838/5025 4814/5013 4839/5026
f 4811/5011 4840/5027 4814/5013
f 4814/5013 4840/5027 4839/5026
f 4825/5020 4820/5018 4840/5027
f 4840/5027 4820/5018 4839/5026
f 4842/5030 4841/5029 4843/5028
f 4843/5028 4841/5029 4844/5031
f 4841/5029 4845/5032 4844/5031
f 4844/5031 4845/5032 4846/5033
f 4848/5035 4847/4972 4849/5034
f 4849/5034 4847/4972 4850/4971
f 4844/5031 4846/5033 4851/5036
f 4851/5036 4846/5033 4852/5037
f 4854/5040 4853/5039 4855/5038
f 4855/5038 4853/5039 4856/5041
f 4855/5038 4856/5041 4857/5042
f 4857/5042 4856/5041 4858/5043
f 4860/5046 4859/5045 4861/5044
f 4861/5044 4859/5045 4862/5047
f 4861/5044 4862/5047 4863/5048
f 4863/5048 4862/5047 4864/5049
f 4866/5051 4865/5050 4863/5048
f 4863/5048 4865/5050 4867/5052
f 4854/5040 4868/5053 4851/5036
f 4851/5036 4868/5053 4869/5054
f 4871/5057 4870/5056 4872/5055
f 4872/5055 4870/5056 4873/5058
f 4875/4893 4874/4894 4870/5056
f 4870/5056 4874/4894 4873/5058
f 4877/5060 4876/5059 4872/5055
f 4872/5055 4876/5059 4871/5057
f 4875/4893 4870/5056 4878/4916
f 4878/4916 4870/5056 4879/5061
f 4871/5057 4880/5062 4870/5056
f 4870/5056 4880/5062 4879/5061
f 4881/5063 4880/5062 4876/5059
f 4876/5059 4880/5062 4871/5057
f 4881/5063 4876/5059 4882/4954
f 4882/4954 4876/5059 4848/5035
f 4884/4962 4883/4956 4885/5064
f 4885/5064 4883/4956 4849/5034
f 4882/4954 4848/5035 4883/4956
f 4883/4956 4848/5035 4849/5034
f 4842/5030 4884/4962 4841/5029
f 4841/5029 4884/4962 4885/5064
f 4841/5029 4885/5064 4845/5032
f 4845/5032 4885/5064 4886/4970
f 4885/5064 4849/5034 4886/4970
f 4886/4970 4849/5034 4850/4971
f 4877/5060 4847/4972 4876/5059
f 4876/5059 4847/4972 4848/5035
f 4854/5040 4851/5036 4853/5039
f 4853/5039 4851/5036 4852/5037
f 4887/5066 4857/5042 4888/5065
f 4888/5065 4857/5042 4858/5043
f 4860/5046 4887/5066 4859/5045
f 4859/5045 4887/5066 4888/5065
f 4866/5051 4863/5048 4889/5067
f 4889/5067 4863/5048 4864/5049
f 4890/4941 4866/5051 4891/5068
f 4891/5068 4866/5051 4889/5067
f 4892/5069 4865/5050 4890/4941
f 4890/4941 4865/5050 4866/5051
f 4861/5044 4863/5048 4893/5070
f 4893/5070 4863/5048 4867/5052
f 4860/5046 4861/5044 4894/5071
f 4894/5071 4861/5044 4893/5070
f 4894/5071 4895/5072 4860/5046
f 4860/5046 4895/5072 4887/5066
f 4895/5072 4896/5073 4887/5066
f 4887/5066 4896/5073 4857/5042
f 4897/5074 4855/5038 4896/5073
f 4896/5073 4855/5038 4857/5042
f 4868/5053 4854/5040 4897/5074
f 4897/5074 4854/5040 4855/5038
f 4844/5031 4851/5036 4843/5028
f 4843/5028 4851/5036 4869/5054
f 4899/5077 4898/5076 4900/5075
f 4900/5075 4898/5076 4901/5078
f 4903/5081 4902/5080 4904/5079
f 4904/5079 4902/5080 4905/5082
f 4907/5085 4906/5084 4908/5083
f 4908/5083 4906/5084 4909/5086
f 4911/5089 4910/5088 4912/5087
f 4912/5087 4910/5088 4913/5090
f 4915/5093 4914/5092 4916/5091
f 4916/5091 4914/5092 4917/5094
f 4917/5094 4918/5095 4916/5091
f 4916/5091 4918/5095 4919/5096
f 4921/5099 4920/5098 4922/5097
f 4922/5097 4920/5098 4923/5100
f 4920/5098 4924/5101 4923/5100
f 4923/5100 4924/5101 4925/5102
f 4927/5105 4926/5104 4928/5103
f 4928/5103 4926/5104 4906/5084
f 4929/5107 4927/5105 4930/5106
f 4930/5106 4927/5105 4928/5103
f 4932/5109 4931/5108 4930/5106
f 4930/5106 4931/5108 4929/5107
f 4901/5078 4898/5076 4933/5110
f 4933/5110 4898/5076 4934/5111
f 4898/5076 4902/5080 4934/5111
f 4934/5111 4902/5080 4903/5081
f 4921/5099 4902/5080 4899/5077
f 4899/5077 4902/5080 4898/5076
f 4905/5082 4902/5080 4922/5097
f 4922/5097 4902/5080 4921/5099
f 4936/5113 4935/5112 4900/5075
f 4900/5075 4935/5112 4899/5077
f 4938/5115 4937/5114 4936/5113
f 4936/5113 4937/5114 4935/5112
f 4919/5096 4937/5114 4939/5116
f 4939/5116 4937/5114 4938/5115
f 4916/5091 4919/5096 4940/5117
f 4940/5117 4919/5096 4939/5116
f 4941/5118 4915/5093 4940/5117
f 4940/5117 4915/5093 4916/5091
f 4942/5119 4913/5090 4941/5118
f 4941/5118 4913/5090 4915/5093
f 4912/5087 4913/5090 4943/5120
f 4943/5120 4913/5090 4942/5119
f 4908/5083 4909/5086 4943/5120
f 4943/5120 4909/5086 4912/5087
f 4928/5103 4906/5084 4944/5121
f 4944/5121 4906/5084 4907/5085
f 4930/5106 4928/5103 4945/5122
f 4945/5122 4928/5103 4944/5121
f 4946/5123 4932/5109 4945/5122
f 4945/5122 4932/5109 4930/5106
f 4947/5125 4932/5109 4948/5124
f 4948/5124 4932/5109 4946/5123
f 4949/5127 4910/5088 4950/5126
f 4950/5126 4910/5088 4911/5089
f 4914/5092 4910/5088 4951/5128
f 4951/5128 4910/5088 4949/5127
f 4913/5090 4910/5088 4915/5093
f 4915/5093 4910/5088 4914/5092
f 4917/5094 4914/5092 4952/5129
f 4952/5129 4914/5092 4951/5128
f 4953/5130 4918/5095 4952/5129
f 4952/5129 4918/5095 4917/5094
f 4935/5112 4920/5098 4899/5077
f 4899/5077 4920/5098 4921/5099
f 4937/5114 4924/5101 4935/5112
f 4935/5112 4924/5101 4920/5098
f 4918/5095 4924/5101 4919/5096
f 4919/5096 4924/5101 4937/5114
f 4925/5102 4924/5101 4953/5130
f 4953/5130 4924/5101 4918/5095
f 4911/5089 4954/5131 4950/5126
f 4950/5126 4954/5131 4955/5132
f 4909/5086 4954/5131 4912/5087
f 4912/5087 4954/5131 4911/5089
f 4956/5134 4926/5104 4957/5133
f 4957/5133 4926/5104 4927/5105
f 4954/5131 4926/5104 4955/5132
f 4955/5132 4926/5104 4956/5134
f 4906/5084 4926/5104 4909/5086
f 4909/5086 4926/5104 4954/5131
f 4957/5133 4927/5105 4958/5135
f 4958/5135 4927/5105 4929/5107
f 4959/5136 4931/5108 4947/5125
f 4947/5125 4931/5108 4932/5109
f 4960/5138 4931/5108 4961/5137
f 4961/5137 4931/5108 4959/5136
f 4929/5107 4931/5108 4958/5135
f 4958/5135 4931/5108 4960/5138
f 4963/5141 4962/5140 4964/5139
f 4964/5139 4962/5140 4965/5142
f 4967/5145 4966/5144 4968/5143
f 4968/5143 4966/5144 4969/5146
f 4971/5149 4970/5148 4972/5147
f 4972/5147 4970/5148 4973/5150
f 4975/5153 4974/5152 4976/5151
f 4976/5151 4974/5152 4977/5154
f 4979/5156 4978/5155 4976/5151
f 4976/5151 4978/5155 4975/5153
f 4981/5158 4980/5157 4979/5156
f 4979/5156 4980/5157 4978/5155
f 4983/5161 4982/5160 4984/5159
f 4984/5159 4982/5160 4985/5162
f 4982/5160 4986/5163 4985/5162
f 4985/5162 4986/5163 4987/5164
f 4989/5167 4988/5166 4990/5165
f 4990/5165 4988/5166 4991/5168
f 4992/5170 4971/5149 4993/5169
f 4993/5169 4971/5149 4972/5147
f 4994/5172 4962/5140 4995/5171
f 4995/5171 4962/5140 4963/5141
f 4966/5144 4962/5140 4969/5146
f 4969/5146 4962/5140 4994/5172
f 4965/5142 4962/5140 4996/5173
f 4996/5173 4962/5140 4966/5144
f 4996/5173 4966/5144 4997/5174
f 4997/5174 4966/5144 4967/5145
f 4973/5150 4965/5142 4972/5147
f 4972/5147 4965/5142 4996/5173
f 4964/5139 4965/5142 4998/5175
f 4998/5175 4965/5142 4973/5150
f 4974/5152 4970/5148 4977/5154
f 4977/5154 4970/5148 4971/5149
f 4999/5177 4970/5148 5000/5176
f 5000/5176 4970/5148 4974/5152
f 4973/5150 4970/5148 4998/5175
f 4998/5175 4970/5148 4999/5177
f 5000/5176 4974/5152 5001/5178
f 5001/5178 4974/5152 4975/5153
f 4975/5153 4978/5155 5001/5178
f 5001/5178 4978/5155 5002/5179
f 4983/5161 4980/5157 5003/5180
f 5003/5180 4980/5157 4981/5158
f 5004/5181 4980/5157 4984/5159
f 4984/5159 4980/5157 4983/5161
f 4978/5155 4980/5157 5002/5179
f 5002/5179 4980/5157 5004/5181
f 5005/5182 4982/5160 5003/5180
f 5003/5180 4982/5160 4983/5161
f 5006/5183 4986/5163 5005/5182
f 5005/5182 4986/5163 4982/5160
f 5007/5185 4986/5163 5008/5184
f 5008/5184 4986/5163 5006/5183
f 4987/5164 4986/5163 5009/5186
f 5009/5186 4986/5163 5007/5185
f 4991/5168 5007/5185 4990/5165
f 4990/5165 5007/5185 5008/5184
f 5009/5186 5007/5185 5010/5187
f 5010/5187 5007/5185 4991/5168
f 5011/5189 4988/5166 5012/5188
f 5012/5188 4988/5166 4989/5167
f 5013/5191 4988/5166 5014/5190
f 5014/5190 4988/5166 5011/5189
f 4991/5168 4988/5166 5010/5187
f 5010/5187 4988/5166 5013/5191
f 5015/5193 4981/5158 5016/5192
f 5016/5192 4981/5158 4979/5156
f 5003/5180 4981/5158 5017/5194
f 5017/5194 4981/5158 5015/5193
f 5016/5192 4979/5156 5018/5195
f 5018/5195 4979/5156 4976/5151
f 4976/5151 4977/5154 5018/5195
f 5018/5195 4977/5154 5019/5196
f 4972/5147 4996/5173 4993/5169
f 4993/5169 4996/5173 4997/5174
f 4977/5154 4971/5149 5019/5196
f 5019/5196 4971/5149 4992/5170
f 5020/5197 5005/5182 5017/5194
f 5017/5194 5005/5182 5003/5180
f 5021/5198 5006/5183 5020/5197
f 5020/5197 5006/5183 5005/5182
f 5008/5184 5006/5183 5022/5199
f 5022/5199 5006/5183 5021/5198
f 4990/5165 5008/5184 5023/5200
f 5023/5200 5008/5184 5022/5199
f 5024/5201 4989/5167 5023/5200
f 5023/5200 4989/5167 4990/5165
f 5012/5188 4989/5167 5025/5202
f 5025/5202 4989/5167 5024/5201
f 5027/5205 5026/5204 5028/5203
f 5028/5203 5026/5204 5029/5206
f 5031/5209 5030/5208 5032/5207
f 5032/5207 5030/5208 5033/5210
f 5035/5213 5034/5212 5036/5211
f 5036/5211 5034/5212 5037/5214
f 5034/5212 5038/5215 5037/5214
f 5037/5214 5038/5215 5039/5216
f 5038/5215 5034/5212 5040/5217
f 5040/5217 5034/5212 5041/5218
f 5034/5212 5035/5213 5041/5218
f 5041/5218 5035/5213 5042/5219
f 5044/5222 5043/5221 5045/5220
f 5045/5220 5043/5221 5046/5223
f 5048/5225 5047/5224 5044/5222
f 5044/5222 5047/5224 5043/5221
f 5049/5227 5048/5225 5050/5226
f 5050/5226 5048/5225 5044/5222
f 5050/5226 5044/5222 5051/5228
f 5051/5228 5044/5222 5045/5220
f 5053/5231 5052/5230 5054/5229
f 5054/5229 5052/5230 5055/5232
f 5054/5229 5055/5232 5056/5233
f 5056/5233 5055/5232 5057/5234
f 5052/5230 5058/5235 5055/5232
f 5055/5232 5058/5235 5028/5203
f 5059/5236 5027/5205 5058/5235
f 5058/5235 5027/5205 5028/5203
f 5055/5232 5028/5203 5057/5234
f 5057/5234 5028/5203 5029/5206
f 5061/5238 5060/5237 5027/5205
f 5027/5205 5060/5237 5026/5204
f 5061/5238 5027/5205 5062/5239
f 5062/5239 5027/5205 5059/5236
f 5031/5209 5032/5207 5063/5240
f 5063/5240 5032/5207 5064/5241
f 5061/5238 5062/5239 5032/5207
f 5032/5207 5062/5239 5064/5241
f 5061/5238 5032/5207 5060/5237
f 5060/5237 5032/5207 5033/5210
f 5063/5240 5065/5242 5031/5209
f 5031/5209 5065/5242 5066/5243
f 5068/5245 5067/5244 5065/5242
f 5065/5242 5067/5244 5066/5243
f 5039/5216 5069/5246 5037/5214
f 5037/5214 5069/5246 5070/5247
f 5071/5248 5067/5244 5069/5246
f 5069/5246 5067/5244 5070/5247
f 5037/5214 5070/5247 5036/5211
f 5036/5211 5070/5247 5072/5249
f 5067/5244 5068/5245 5070/5247
f 5070/5247 5068/5245 5072/5249
f 5031/5209 5066/5243 5030/5208
f 5030/5208 5066/5243 5073/5250
f 5067/5244 5071/5248 5066/5243
f 5066/5243 5071/5248 5073/5250
f 5074/5252 5045/5220 5075/5251
f 5075/5251 5045/5220 5046/5223
f 5041/5218 5042/5219 5048/5225
f 5048/5225 5042/5219 5047/5224
f 5041/5218 5048/5225 5040/5217
f 5040/5217 5048/5225 5049/5227
f 5076/5253 5051/5228 5074/5252
f 5074/5252 5051/5228 5045/5220
f 5078/5255 5077/5254 5079/5204
f 5079/5204 5077/5254 5080/5256
f 5081/5258 5077/5254 5082/5257
f 5082/5257 5077/5254 5083/5259
f 5085/5261 5084/5245 5086/5260
f 5086/5260 5084/5245 5087/5242
f 5085/5261 5088/5248 5089/5262
f 5089/5262 5088/5248 5090/5263
f 5084/5245 5085/5261 5091/5264
f 5091/5264 5085/5261 5089/5262
f 5088/5248 5085/5261 5092/5250
f 5092/5250 5085/5261 5086/5260
f 5094/5267 5093/5266 5095/5265
f 5095/5265 5093/5266 5096/5268
f 5098/5229 5097/5270 5099/5269
f 5099/5269 5097/5270 5100/5271
f 5102/5273 5101/5272 5098/5229
f 5098/5229 5101/5272 5097/5270
f 5101/5272 5079/5204 5097/5270
f 5097/5270 5079/5204 5080/5256
f 5081/5258 5103/5236 5077/5254
f 5077/5254 5103/5236 5080/5256
f 5100/5271 5097/5270 5103/5236
f 5103/5236 5097/5270 5080/5256
f 5078/5255 5104/5274 5077/5254
f 5077/5254 5104/5274 5083/5259
f 5083/5259 5086/5260 5082/5257
f 5082/5257 5086/5260 5087/5242
f 5104/5274 5092/5250 5083/5259
f 5083/5259 5092/5250 5086/5260
f 5089/5262 5105/5275 5091/5264
f 5091/5264 5105/5275 5106/5276
f 5093/5266 5094/5267 5105/5275
f 5105/5275 5094/5267 5106/5276
f 5090/5263 5107/5277 5089/5262
f 5089/5262 5107/5277 5105/5275
f 5108/5278 5093/5266 5107/5277
f 5107/5277 5093/5266 5105/5275
f 5110/5251 5109/5279 5111/5252
f 5111/5252 5109/5279 5112/5280
f 5109/5279 5113/5281 5112/5280
f 5112/5280 5113/5281 5114/5282
f 5095/5265 5096/5268 5113/5281
f 5113/5281 5096/5268 5114/5282
f 5108/5278 5115/5283 5093/5266
f 5093/5266 5115/5283 5096/5268
f 5112/5280 5114/5282 5116/5284
f 5116/5284 5114/5282 5117/5285
f 5096/5268 5115/5283 5114/5282
f 5114/5282 5115/5283 5117/5285
f 5111/5252 5112/5280 5118/5253
f 5118/5253 5112/5280 5116/5284
f 5120/5288 5119/5287 5121/5286
f 5121/5286 5119/5287 5122/5289
f 5124/5291 5123/5290 5120/5288
f 5120/5288 5123/5290 5119/5287
f 5126/5294 5125/5293 5127/5292
f 5127/5292 5125/5293 5128/5295
f 5130/5297 5129/5296 5126/5294
f 5126/5294 5129/5296 5125/5293
f 5132/5300 5131/5299 5133/5298
f 5133/5298 5131/5299 5134/5301
f 5136/5303 5135/5302 5133/5298
f 5133/5298 5135/5302 5137/5304
f 5139/5307 5138/5306 5140/5305
f 5140/5305 5138/5306 5141/5308
f 5129/5296 5142/5309 5125/5293
f 5125/5293 5142/5309 5143/5310
f 5144/5312 5121/5286 5145/5311
f 5145/5311 5121/5286 5122/5289
f 5147/5314 5146/5313 5119/5287
f 5119/5287 5146/5313 5122/5289
f 5148/5315 5145/5311 5146/5313
f 5146/5313 5145/5311 5122/5289
f 5124/5291 5127/5292 5123/5290
f 5123/5290 5127/5292 5128/5295
f 5149/5316 5147/5314 5123/5290
f 5123/5290 5147/5314 5119/5287
f 5143/5310 5150/5317 5125/5293
f 5125/5293 5150/5317 5128/5295
f 5149/5316 5123/5290 5150/5317
f 5150/5317 5123/5290 5128/5295
f 5129/5296 5130/5297 5151/5318
f 5151/5318 5130/5297 5152/5319
f 5139/5307 5140/5305 5153/5320
f 5153/5320 5140/5305 5154/5321
f 5151/5318 5152/5319 5140/5305
f 5140/5305 5152/5319 5154/5321
f 5139/5307 5153/5320 5132/5300
f 5132/5300 5153/5320 5131/5299
f 5136/5303 5133/5298 5155/5322
f 5155/5322 5133/5298 5134/5301
f 5156/5324 5136/5303 5157/5323
f 5157/5323 5136/5303 5155/5322
f 5159/5327 5158/5326 5160/5325
f 5160/5325 5158/5326 5161/5328
f 5156/5324 5157/5323 5158/5326
f 5158/5326 5157/5323 5161/5328
f 5162/5329 5135/5302 5156/5324
f 5156/5324 5135/5302 5136/5303
f 5132/5300 5133/5298 5163/5330
f 5163/5330 5133/5298 5137/5304
f 5165/5332 5164/5331 5159/5327
f 5159/5327 5164/5331 5158/5326
f 5162/5329 5156/5324 5164/5331
f 5164/5331 5156/5324 5158/5326
f 5139/5307 5132/5300 5138/5306
f 5138/5306 5132/5300 5163/5330
f 5151/5318 5140/5305 5166/5333
f 5166/5333 5140/5305 5141/5308
f 5129/5296 5151/5318 5142/5309
f 5142/5309 5151/5318 5166/5333
f 5168/5336 5167/5335 5169/5334
f 5169/5334 5167/5335 5170/5337
f 5172/5340 5171/5339 5173/5338
f 5173/5338 5171/5339 5174/5341
f 5175/5343 5169/5334 5176/5342
f 5176/5342 5169/5334 5174/5341
f 5177/5344 5168/5336 5175/5343
f 5175/5343 5168/5336 5169/5334
f 5179/5347 5178/5346 5180/5345
f 5180/5345 5178/5346 5181/5348
f 5183/5351 5182/5350 5184/5349
f 5184/5349 5182/5350 5185/5352
f 5186/5354 5167/5335 5187/5353
f 5187/5353 5167/5335 5168/5336
f 5187/5353 5168/5336 5188/5355
f 5188/5355 5168/5336 5177/5344
f 5170/5337 5173/5338 5169/5334
f 5169/5334 5173/5338 5174/5341
f 5189/5356 5176/5342 5171/5339
f 5171/5339 5176/5342 5174/5341
f 5190/5358 5171/5339 5191/5357
f 5191/5357 5171/5339 5172/5340
f 5192/5359 5189/5356 5190/5358
f 5190/5358 5189/5356 5171/5339
f 5190/5358 5180/5345 5192/5359
f 5192/5359 5180/5345 5181/5348
f 5179/5347 5180/5345 5193/5360
f 5193/5360 5180/5345 5194/5361
f 5190/5358 5191/5357 5180/5345
f 5180/5345 5191/5357 5194/5361
f 5195/5363 5179/5347 5196/5362
f 5196/5362 5179/5347 5193/5360
f 5197/5364 5178/5346 5195/5363
f 5195/5363 5178/5346 5179/5347
f 5196/5362 5182/5350 5195/5363
f 5195/5363 5182/5350 5183/5351
f 5198/5366 5184/5349 5199/5365
f 5199/5365 5184/5349 5185/5352
f 5200/5368 5198/5366 5201/5367
f 5201/5367 5198/5366 5199/5365
f 5195/5363 5183/5351 5197/5364
f 5197/5364 5183/5351 5202/5369
f 5204/5371 5203/5370 5198/5366
f 5198/5366 5203/5370 5184/5349
f 5202/5369 5183/5351 5203/5370
f 5203/5370 5183/5351 5184/5349
f 5205/5372 5204/5371 5200/5368
f 5200/5368 5204/5371 5198/5366
f 5207/5375 5206/5374 5208/5373
f 5208/5373 5206/5374 5209/5376
f 5211/5379 5210/5378 5212/5377
f 5212/5377 5210/5378 5213/5380
f 5212/5377 5213/5380 5214/5381
f 5214/5381 5213/5380 5215/5382
f 5217/5385 5216/5384 5218/5383
f 5218/5383 5216/5384 5219/5386
f 5218/5383 5219/5386 5220/5387
f 5220/5387 5219/5386 5221/5388
f 5223/5391 5222/5390 5224/5389
f 5224/5389 5222/5390 5225/5392
f 5222/5390 5208/5373 5225/5392
f 5225/5392 5208/5373 5209/5376
f 5225/5392 5209/5376 5226/5393
f 5226/5393 5209/5376 5227/5394
f 5206/5374 5228/5395 5209/5376
f 5209/5376 5228/5395 5227/5394
f 5224/5389 5225/5392 5229/5396
f 5229/5396 5225/5392 5226/5393
f 5231/5399 5230/5398 5232/5397
f 5232/5397 5230/5398 5233/5400
f 5224/5389 5229/5396 5230/5398
f 5230/5398 5229/5396 5233/5400
f 5231/5399 5232/5397 5234/5401
f 5234/5401 5232/5397 5235/5402
f 5236/5404 5231/5399 5237/5403
f 5237/5403 5231/5399 5234/5401
f 5236/5404 5238/5405 5231/5399
f 5231/5399 5238/5405 5230/5398
f 5223/5391 5224/5389 5238/5405
f 5238/5405 5224/5389 5230/5398
f 5240/5408 5239/5407 5241/5406
f 5241/5406 5239/5407 5242/5409
f 5234/5401 5235/5402 5239/5407
f 5239/5407 5235/5402 5242/5409
f 5244/5411 5243/5410 5240/5408
f 5240/5408 5243/5410 5239/5407
f 5237/5403 5234/5401 5243/5410
f 5243/5410 5234/5401 5239/5407
f 5245/5412 5244/5411 5211/5379
f 5211/5379 5244/5411 5240/5408
f 5245/5412 5211/5379 5246/5413
f 5246/5413 5211/5379 5212/5377
f 5248/5415 5247/5414 5217/5385
f 5217/5385 5247/5414 5214/5381
f 5246/5413 5212/5377 5247/5414
f 5247/5414 5212/5377 5214/5381
f 5248/5415 5217/5385 5249/5416
f 5249/5416 5217/5385 5218/5383
f 5251/5419 5250/5418 5252/5417
f 5252/5417 5250/5418 5220/5387
f 5249/5416 5218/5383 5250/5418
f 5250/5418 5218/5383 5220/5387
f 5253/5421 5251/5419 5254/5420
f 5254/5420 5251/5419 5252/5417
f 5255/5423 5253/5421 5256/5422
f 5256/5422 5253/5421 5254/5420
f 5211/5379 5240/5408 5210/5378
f 5210/5378 5240/5408 5241/5406
f 5217/5385 5214/5381 5216/5384
f 5216/5384 5214/5381 5215/5382
f 5252/5417 5220/5387 5257/5424
f 5257/5424 5220/5387 5221/5388
f 5254/5420 5252/5417 5258/5425
f 5258/5425 5252/5417 5257/5424
f 5256/5422 5254/5420 5259/5426
f 5259/5426 5254/5420 5258/5425
f 5261/5428 5260/5427 4279/4489
f 4279/4489 5260/5427 5262/5429
f 5260/5427 5263/5430 5262/5429
f 5262/5429 5263/5430 4239/4449
f 5264/5432 4243/4453 5265/5431
f 5265/5431 4243/4453 5266/5433
f 4298/4508 5267/5434 4243/4453
f 4243/4453 5267/5434 5266/5433
f 4246/4454 5268/5435 4298/4508
f 4298/4508 5268/5435 5267/5434
f 4246/4454 4247/4457 5268/5435
f 5268/5435 4247/4457 5269/5436
f 4247/4457 4249/4459 5269/5436
f 5269/5436 4249/4459 5270/5437
f 4304/4514 5271/5438 4249/4459
f 4249/4459 5271/5438 5270/5437
f 4252/4460 5272/5439 4304/4514
f 4304/4514 5272/5439 5271/5438
f 4252/4460 4253/4463 5272/5439
f 5272/5439 4253/4463 5273/5440
f 4253/4463 4255/4465 5273/5440
f 5273/5440 4255/4465 5274/5441
f 4258/4466 5275/5442 4255/4465
f 4255/4465 5275/5442 5274/5441
f 4258/4466 4259/4469 5275/5442
f 5275/5442 4259/4469 5276/5443
f 4259/4469 4261/4471 5276/5443
f 5276/5443 4261/4471 5277/5444
f 4264/4472 5278/5445 4261/4471
f 4261/4471 5278/5445 5277/5444
f 4264/4472 4265/4475 5278/5445
f 5278/5445 4265/4475 5279/5446
f 4265/4475 4267/4477 5279/5446
f 5279/5446 4267/4477 5280/5447
f 4316/4526 5281/5448 4267/4477
f 4267/4477 5281/5448 5280/5447
f 4270/4478 5282/5449 4316/4526
f 4316/4526 5282/5449 5281/5448
f 4270/4478 4271/4481 5282/5449
f 5282/5449 4271/4481 5283/5450
f 4271/4481 4273/4483 5283/5450
f 5283/5450 4273/4483 5284/5451
f 4276/4484 5285/5452 4273/4483
f 4273/4483 5285/5452 5284/5451
f 4276/4484 4277/4487 5285/5452
f 5285/5452 4277/4487 5286/5453
f 4277/4487 4279/4489 5286/5453
f 5286/5453 4279/4489 5262/5429
f 5286/5453 5262/5429 4293/4503
f 4293/4503 5262/5429 4239/4449
f 5285/5452 5286/5453 4234/4442
f 4234/4442 5286/5453 4293/4503
f 5283/5450 5284/5451 4291/4501
f 4291/4501 5284/5451 4235/4445
f 5285/5452 4234/4442 5284/5451
f 5284/5451 4234/4442 4235/4445
f 5282/5449 5283/5450 4231/4440
f 4231/4440 5283/5450 4291/4501
f 5282/5449 4231/4440 5281/5448
f 5281/5448 4231/4440 4228/4436
f 5279/5446 5280/5447 4289/4499
f 4289/4499 5280/5447 4229/4439
f 5281/5448 4228/4436 5280/5447
f 5280/5447 4228/4436 4229/4439
f 5278/5445 5279/5446 4224/4432
f 4224/4432 5279/5446 4289/4499
f 5276/5443 5277/5444 4287/4497
f 4287/4497 5277/5444 4225/4435
f 5278/5445 4224/4432 5277/5444
f 5277/5444 4224/4432 4225/4435
f 5275/5442 5276/5443 4220/4428
f 4220/4428 5276/5443 4287/4497
f 5273/5440 5274/5441 4285/4495
f 4285/4495 5274/5441 4221/4431
f 5275/5442 4220/4428 5274/5441
f 5274/5441 4220/4428 4221/4431
f 5272/5439 5273/5440 4217/4426
f 4217/4426 5273/5440 4285/4495
f 5272/5439 4217/4426 5271/5438
f 5271/5438 4217/4426 4214/4422
f 5269/5436 5270/5437 4283/4493
f 4283/4493 5270/5437 4215/4425
f 5271/5438 4214/4422 5270/5437
f 5270/5437 4214/4422 4215/4425
f 5268/5435 5269/5436 5287/4420
f 5287/4420 5269/5436 4283/4493
f 5268/5435 5287/4420 5267/5434
f 5267/5434 5287/4420 5288/4416
f 5265/5431 5266/5433 5289/5454
f 5289/5454 5266/5433 5290/4419
f 5267/5434 5288/4416 5266/5433
f 5266/5433 5288/4416 5290/4419
f 4473/5457 4404/5456 5291/5455
f 5291/5455 4404/5456 4405/5458
f 4412/4620 4408/4616 4478/4688
f 4478/4688 4408/4616 4415/4625
f 4424/4632 4483/4693 4479/4689
f 4479/4689 4483/4693 4482/4692
f 4432/4640 4438/4646 4435/4645
f 4435/4645 4438/4646 4439/4649
f 4486/4696 4433/4643 4446/4656
f 4446/4656 4433/4643 4448/4658
f 5293/5460 5292/5459 4492/4703
f 4492/4703 5292/5459 4460/4670
f 4489/4699 4503/4713 5294/4663
f 5294/4663 4503/4713 5295/4679
f 5294/4663 5295/4679 4454/4665
f 4454/4665 5295/4679 4471/4681
f 4405/5458 4407/5461 5291/5455
f 5291/5455 4407/5461 5296/5462
f 4408/4616 4412/4620 4407/5461
f 4407/5461 4412/4620 5296/5462
f 4415/4625 4417/4627 4478/4688
f 4478/4688 4417/4627 4481/4691
f 4479/4689 4482/4692 4417/4627
f 4417/4627 4482/4692 4481/4691
f 4424/4632 4425/4635 4483/4693
f 4483/4693 4425/4635 4484/4694
f 4425/4635 4435/4645 4484/4694
f 4484/4694 4435/4645 4439/4649
f 4432/4640 4433/4643 4438/4646
f 4438/4646 4433/4643 4486/4696
f 4445/4653 4446/4656 4451/4659
f 4451/4659 4446/4656 4448/4658
f 4496/4705 4492/4703 4462/4673
f 4462/4673 4492/4703 4460/4670
f 4498/4707 4496/4705 4463/4671
f 4463/4671 4496/4705 4462/4673
f 4489/4699 4498/4707 4503/4713
f 4503/4713 4498/4707 4463/4671
f 4452/4662 4454/4665 4507/4717
f 4507/4717 4454/4665 4471/4681
f 4451/4659 4452/4662 4445/4653
f 4445/4653 4452/4662 4507/4717
f 5297/5465 4374/5464 5298/5463
f 5298/5463 4374/5464 4327/4538
f 5299/5467 4328/4536 5300/5466
f 5300/5466 4328/4536 5301/4542
f 4348/5469 5302/5468 4347/4558
f 4347/4558 5302/5468 5303/5470
f 4386/4596 5304/5471 4389/4599
f 4389/4599 5304/5471 5305/5472
f 4389/4599 5305/5472 4390/4600
f 4390/4600 5305/5472 5306/5473
f 4382/4591 5307/5474 4381/4592
f 4381/4592 5307/5474 5308/5475
f 4378/4588 5309/5476 4339/4549
f 4339/4549 5309/5476 5310/5477
f 4334/4544 5311/5478 5312/4540
f 5312/4540 5311/5478 5313/5479
f 5302/5468 4393/5480 5303/5470
f 5303/5470 4393/5480 4391/4602
f 5314/4581 5299/5467 4376/4586
f 4376/4586 5299/5467 5300/5466
f 4369/5481 5297/5465 4368/4579
f 4368/4579 5297/5465 5298/5463
f 5299/5467 5298/5463 4328/4536
f 4328/4536 5298/5463 4327/4538
f 5313/5479 5300/5466 5312/4540
f 5312/4540 5300/5466 5301/4542
f 4386/4596 4347/4558 5304/5471
f 5304/5471 4347/4558 5303/5470
f 4384/4594 4390/4600 5315/5482
f 5315/5482 4390/4600 5306/5473
f 4382/4591 4384/4594 5307/5474
f 5307/5474 4384/4594 5315/5482
f 4379/4589 4381/4592 5316/5483
f 5316/5483 4381/4592 5308/5475
f 4378/4588 4379/4589 5309/5476
f 5309/5476 4379/4589 5316/5483
f 4338/4546 4339/4549 5317/5484
f 5317/5484 4339/4549 5310/5477
f 4334/4544 4338/4546 5311/5478
f 5311/5478 4338/4546 5317/5484
f 5304/5471 5303/5470 4392/4601
f 4392/4601 5303/5470 4391/4602
f 4392/4601 4356/4566 5304/5471
f 5304/5471 4356/4566 5305/5472
f 4356/4566 4357/4567 5305/5472
f 5305/5472 4357/4567 5306/5473
f 4394/4604 5315/5482 4357/4567
f 4357/4567 5315/5482 5306/5473
f 4359/4568 5307/5474 4394/4604
f 4394/4604 5307/5474 5315/5482
f 4359/4568 4360/4570 5307/5474
f 5307/5474 4360/4570 5308/5475
f 4395/4605 5316/5483 4360/4570
f 4360/4570 5316/5483 5308/5475
f 5318/4606 5309/5476 4395/4605
f 4395/4605 5309/5476 5316/5483
f 5318/4606 4397/4607 5309/5476
f 5309/5476 4397/4607 5310/5477
f 4362/4573 5317/5484 4397/4607
f 4397/4607 5317/5484 5310/5477
f 5319/4571 5311/5478 4362/4573
f 4362/4573 5311/5478 5317/5484
f 5319/4571 4366/4576 5311/5478
f 5311/5478 4366/4576 5313/5479
f 4366/4576 4376/4586 5313/5479
f 5313/5479 4376/4586 5300/5466
f 5314/4581 4368/4579 5299/5467
f 5299/5467 4368/4579 5298/5463
f 5321/5486 5320/5485 4509/4720
f 4509/4720 5320/5485 4557/4768
f 4516/4724 4524/4732 4515/4726
f 4515/4726 4524/4732 4525/4735
f 4561/4770 4526/4736 4558/4767
f 4558/4767 4526/4736 4555/4764
f 4546/4754 4574/4783 4545/4756
f 4545/4756 4574/4783 4575/4785
f 4545/4756 4575/4785 4543/4753
f 4543/4753 4575/4785 4551/4762
f 4555/4764 4509/4720 4558/4767
f 4558/4767 4509/4720 4557/4768
f 4531/4741 4563/4772 4520/4728
f 4520/4728 4563/4772 4519/4730
f 4563/4772 4515/4726 4519/4730
f 4519/4730 4515/4726 4525/4735
f 4561/4770 4524/4732 4526/4736
f 4526/4736 4524/4732 4516/4724
f 4530/4738 4531/4741 4565/4775
f 4565/4775 4531/4741 4520/4728
f 4567/4777 4535/4745 4565/4775
f 4565/4775 4535/4745 4530/4738
f 4534/4742 4535/4745 4568/4778
f 4568/4778 4535/4745 4567/4777
f 4537/4746 4534/4742 4569/4779
f 4569/4779 4534/4742 4568/4778
f 4546/4754 5322/5487 4574/4783
f 4574/4783 5322/5487 5323/5488
f 4542/4750 4543/4753 4552/4760
f 4552/4760 4543/4753 4551/4762
f 4569/4779 4542/4750 4537/4746
f 4537/4746 4542/4750 4552/4760
f 4588/4797 4594/4802 4587/4798
f 4587/4798 4594/4802 4624/4834
f 4587/4798 4624/4834 4623/4833
f 4623/4833 4624/4834 4625/4835
f 4597/4807 4627/4837 4628/4838
f 4628/4838 4627/4837 4629/4840
f 4631/4841 4638/4848 4632/4842
f 4632/4842 4638/4848 4637/4847
f 4603/4812 4639/4849 4631/4841
f 4631/4841 4639/4849 4638/4848
f 5324/5490 4614/4824 5325/5489
f 5325/5489 4614/4824 4618/4829
f 4580/4791 4620/4830 4614/4824
f 4614/4824 4620/4830 4618/4829
f 4581/4790 4622/4832 4580/4791
f 4580/4791 4622/4832 4620/4830
f 4581/4790 4623/4833 4622/4832
f 4622/4832 4623/4833 4625/4835
f 4588/4797 4591/4801 4594/4802
f 4594/4802 4591/4801 4593/4804
f 4591/4801 4627/4837 4593/4804
f 4593/4804 4627/4837 4597/4807
f 4604/4814 4628/4838 4630/4839
f 4630/4839 4628/4838 4629/4840
f 5326/5492 4608/4818 5327/5491
f 5327/5491 4608/4818 4635/4846
f 4608/4818 4632/4842 4635/4846
f 4635/4846 4632/4842 4637/4847
f 4603/4812 4604/4814 4639/4849
f 4639/4849 4604/4814 4630/4839
f 4652/4862 4678/4888 4655/4863
f 4655/4863 4678/4888 4658/4868
f 4660/4870 4679/4889 4661/4872
f 4661/4872 4679/4889 4680/4890
f 4661/4872 4680/4890 4664/4874
f 4664/4874 4680/4890 4667/4877
f 5328/5494 4674/4884 5329/5493
f 5329/5493 4674/4884 4676/4886
f 4675/4885 4642/4850 4674/4884
f 4674/4884 4642/4850 4676/4886
f 4646/4856 4641/4852 4675/4885
f 4675/4885 4641/4852 4642/4850
f 4644/4854 4647/4857 4646/4856
f 4646/4856 4647/4857 4641/4852
f 4649/4859 4647/4857 4650/4860
f 4650/4860 4647/4857 4644/4854
f 4650/4860 4678/4888 4649/4859
f 4649/4859 4678/4888 4652/4862
f 4654/4865 4655/4863 4657/4867
f 4657/4867 4655/4863 4658/4868
f 4660/4870 4654/4865 4679/4889
f 4679/4889 4654/4865 4657/4867
f 4670/4878 4664/4874 4665/4875
f 4665/4875 4664/4874 4667/4877
f 5330/5496 4670/4878 5331/5495
f 5331/5495 4670/4878 4665/4875
f 4710/4919 4717/4927 4714/4924
f 4714/4924 4717/4927 4715/4925
f 5333/5498 5332/5497 4731/4942
f 4731/4942 5332/5497 4697/4907
f 4727/4938 4735/4945 4726/4937
f 4726/4937 4735/4945 4736/4946
f 4724/4934 4698/4909 4722/4933
f 4722/4933 4698/4909 4737/4947
f 4722/4933 4737/4947 4721/4932
f 4721/4932 4737/4947 4705/4915
f 4718/4929 4738/4948 4716/4926
f 4716/4926 4738/4948 4713/4921
f 5334/5500 4684/4892 4706/5499
f 4706/5499 4684/4892 4690/4900
f 4684/4892 4689/4899 4690/4900
f 4690/4900 4689/4899 4691/4901
f 4686/4897 4707/4917 4689/4899
f 4689/4899 4707/4917 4691/4901
f 4713/4921 4714/4924 4716/4926
f 4716/4926 4714/4924 4715/4925
f 4710/4919 4708/4918 4717/4927
f 4717/4927 4708/4918 4692/4902
f 4708/4918 4707/4917 4692/4902
f 4692/4902 4707/4917 4686/4897
f 4730/4940 4731/4942 4694/4905
f 4694/4905 4731/4942 4697/4907
f 4727/4938 4730/4940 4735/4945
f 4735/4945 4730/4940 4694/4905
f 4725/4935 4726/4937 4701/4911
f 4701/4911 4726/4937 4736/4946
f 4724/4934 4725/4935 4698/4909
f 4698/4909 4725/4935 4701/4911
f 4720/4930 4721/4932 4702/4913
f 4702/4913 4721/4932 4705/4915
f 4718/4929 4720/4930 4738/4948
f 4738/4948 4720/4930 4702/4913
f 4744/4954 4763/4972 4746/4956
f 4746/4956 4763/4972 4762/4971
f 4742/4952 4752/4961 4744/4954
f 4744/4954 4752/4961 4763/4972
f 5336/5498 5335/5497 4775/4984
f 4775/4984 5335/5497 4781/4986
f 4775/4984 4781/4986 4774/4983
f 4774/4983 4781/4986 4782/4987
f 4771/4980 4783/4988 4770/4979
f 4770/4979 4783/4988 4784/4989
f 4768/4934 4747/4909 4766/4976
f 4766/4976 4747/4909 4785/4990
f 4766/4976 4785/4990 4764/4974
f 4764/4974 4785/4990 4786/4991
f 4764/4974 4786/4991 4760/4969
f 4760/4969 4786/4991 4758/4966
f 4751/5502 4752/4961 4739/5501
f 4739/5501 4752/4961 4742/4952
f 4758/4966 4756/4964 4760/4969
f 4760/4969 4756/4964 4759/4968
f 4756/4964 4754/4962 4759/4968
f 4759/4968 4754/4962 4761/4970
f 4754/4962 4746/4956 4761/4970
f 4761/4970 4746/4956 4762/4971
f 4771/4980 4774/4983 4783/4988
f 4783/4988 4774/4983 4782/4987
f 4769/4977 4770/4979 4750/4959
f 4750/4959 4770/4979 4784/4989
f 4768/4934 4769/4977 4747/4909
f 4747/4909 4769/4977 4750/4959
f 5337/5504 4816/5014 5338/5503
f 5338/5503 4816/5014 4811/5011
f 4791/4996 4788/4994 4792/4997
f 4792/4997 4788/4994 4789/4992
f 4791/4996 4823/4970 4788/4994
f 4788/4994 4823/4970 4821/4962
f 4823/4970 4824/4902 4821/4962
f 4821/4962 4824/4902 4818/4918
f 4824/4902 4825/5020 4818/4918
f 4818/4918 4825/5020 4817/5017
f 4807/5009 4831/4907 4803/5006
f 4803/5006 4831/4907 4806/4942
f 5340/5497 5339/5498 4831/4907
f 4831/4907 5339/5498 4806/4942
f 4807/5009 4803/5006 4809/5010
f 4809/5010 4803/5006 4828/5022
f 4833/4911 4810/4946 4800/4935
f 4800/4935 4810/4946 4802/4937
f 4809/5010 4828/5022 4810/4946
f 4810/4946 4828/5022 4802/4937
f 4834/4909 4833/4911 4797/4934
f 4797/4934 4833/4911 4800/4935
f 4834/4909 4797/4934 4835/4990
f 4835/4990 4797/4934 4827/4976
f 4837/5024 4836/5023 4794/4999
f 4794/4999 4836/5023 4796/5001
f 4835/4990 4827/4976 4836/5023
f 4836/5023 4827/4976 4796/5001
f 4789/4992 4837/5024 4792/4997
f 4792/4997 4837/5024 4794/4999
f 4816/5014 4838/5025 4811/5011
f 4811/5011 4838/5025 4840/5027
f 4817/5017 4825/5020 4838/5025
f 4838/5025 4825/5020 4840/5027
f 4881/5063 4877/5060 4880/5062
f 4880/5062 4877/5060 4872/5055
f 5341/5499 4879/5061 5342/5500
f 5342/5500 4879/5061 4873/5058
f 4880/5062 4872/5055 4879/5061
f 4879/5061 4872/5055 4873/5058
f 4845/5032 4842/5030 4846/5033
f 4846/5033 4842/5030 4843/5028
f 4845/5032 4886/4970 4842/5030
f 4842/5030 4886/4970 4884/4962
f 4886/4970 4850/4971 4884/4962
f 4884/4962 4850/4971 4883/4956
f 4847/4972 4882/4954 4850/4971
f 4850/4971 4882/4954 4883/4956
f 4877/5060 4881/5063 4847/4972
f 4847/4972 4881/5063 4882/4954
f 5344/5506 5343/5505 4865/5050
f 4865/5050 5343/5505 4889/5067
f 4893/5070 4867/5052 4862/5047
f 4862/5047 4867/5052 4864/5049
f 4865/5050 4889/5067 4867/5052
f 4867/5052 4889/5067 4864/5049
f 4894/5071 4893/5070 4859/5045
f 4859/5045 4893/5070 4862/5047
f 4894/5071 4859/5045 4895/5072
f 4895/5072 4859/5045 4888/5065
f 4897/5074 4896/5073 4856/5041
f 4856/5041 4896/5073 4858/5043
f 4895/5072 4888/5065 4896/5073
f 4896/5073 4888/5065 4858/5043
f 4868/5053 4897/5074 4853/5039
f 4853/5039 4897/5074 4856/5041
f 4843/5028 4869/5054 4846/5033
f 4846/5033 4869/5054 4852/5037
f 4868/5053 4853/5039 4869/5054
f 4869/5054 4853/5039 4852/5037
f 4933/5508 4904/5507 4901/5078
f 4901/5078 4904/5507 4905/5082
f 4941/5118 4951/5128 4942/5119
f 4942/5119 4951/5128 4949/5127
f 4940/5117 4952/5129 4941/5118
f 4941/5118 4952/5129 4951/5128
f 4900/5075 4922/5097 4936/5113
f 4936/5113 4922/5097 4923/5100
f 4936/5113 4923/5100 4938/5115
f 4938/5115 4923/5100 4925/5102
f 4943/5120 4950/5126 4908/5083
f 4908/5083 4950/5126 4955/5132
f 4908/5083 4955/5132 4907/5085
f 4907/5085 4955/5132 4956/5134
f 4945/5122 4958/5135 4946/5123
f 4946/5123 4958/5135 4960/5138
f 4900/5075 4901/5078 4922/5097
f 4922/5097 4901/5078 4905/5082
f 4943/5120 4942/5119 4950/5126
f 4950/5126 4942/5119 4949/5127
f 4940/5117 4939/5116 4952/5129
f 4952/5129 4939/5116 4953/5130
f 4939/5116 4938/5115 4953/5130
f 4953/5130 4938/5115 4925/5102
f 4944/5121 4907/5085 4957/5133
f 4957/5133 4907/5085 4956/5134
f 4945/5122 4944/5121 4958/5135
f 4958/5135 4944/5121 4957/5133
f 5345/5510 4946/5123 5346/5509
f 5346/5509 4946/5123 4960/5138
f 4997/5174 4967/5145 4964/5139
f 4964/5139 4967/5145 4963/5141
f 5348/5512 5347/5511 4967/5145
f 4967/5145 5347/5511 4963/5141
f 5017/5194 5015/5193 4984/5159
f 4984/5159 5015/5193 5004/5181
f 5016/5192 5349/5179 5015/5193
f 5015/5193 5349/5179 5004/5181
f 5018/5195 5350/5178 5016/5192
f 5016/5192 5350/5178 5349/5179
f 5018/5195 5019/5196 5350/5178
f 5350/5178 5019/5196 5351/5176
f 4993/5169 4997/5174 5352/5175
f 5352/5175 4997/5174 4964/5139
f 5019/5196 4992/5170 5351/5176
f 5351/5176 4992/5170 5353/5177
f 4993/5169 5352/5175 4992/5170
f 4992/5170 5352/5175 5353/5177
f 5017/5194 4984/5159 5020/5197
f 5020/5197 4984/5159 4985/5162
f 5022/5199 5021/5198 5009/5186
f 5009/5186 5021/5198 4987/5164
f 5020/5197 4985/5162 5021/5198
f 5021/5198 4985/5162 4987/5164
f 5023/5200 5022/5199 5010/5187
f 5010/5187 5022/5199 5009/5186
f 5354/5514 5024/5201 5355/5513
f 5355/5513 5024/5201 5013/5191
f 5023/5200 5010/5187 5024/5201
f 5024/5201 5010/5187 5013/5191
f 5357/5516 5356/5515 5052/5230
f 5052/5230 5356/5515 5057/5234
f 5052/5230 5057/5234 5058/5235
f 5058/5235 5057/5234 5029/5206
f 5062/5239 5060/5237 5064/5241
f 5064/5241 5060/5237 5033/5210
f 5063/5240 5030/5208 5065/5242
f 5065/5242 5030/5208 5073/5250
f 5042/5219 5040/5217 5047/5224
f 5047/5224 5040/5217 5049/5227
f 5047/5224 5049/5227 5043/5221
f 5043/5221 5049/5227 5050/5226
f 5043/5221 5050/5226 5046/5223
f 5046/5223 5050/5226 5051/5228
f 5059/5236 5058/5235 5026/5204
f 5026/5204 5058/5235 5029/5206
f 5060/5237 5062/5239 5026/5204
f 5026/5204 5062/5239 5059/5236
f 5063/5240 5064/5241 5030/5208
f 5030/5208 5064/5241 5033/5210
f 5071/5248 5069/5246 5068/5245
f 5068/5245 5069/5246 5072/5249
f 5039/5216 5036/5211 5069/5246
f 5069/5246 5036/5211 5072/5249
f 5068/5245 5065/5242 5071/5248
f 5071/5248 5065/5242 5073/5250
f 5035/5213 5036/5211 5038/5215
f 5038/5215 5036/5211 5039/5216
f 5038/5215 5040/5217 5035/5213
f 5035/5213 5040/5217 5042/5219
f 5358/5518 5046/5223 5359/5517
f 5359/5517 5046/5223 5051/5228
f 5081/5258 5078/5255 5103/5236
f 5103/5236 5078/5255 5079/5204
f 5102/5520 5099/5519 5101/5272
f 5101/5272 5099/5519 5100/5271
f 5100/5271 5103/5236 5101/5272
f 5101/5272 5103/5236 5079/5204
f 5078/5255 5081/5258 5104/5274
f 5104/5274 5081/5258 5082/5257
f 5084/5245 5091/5264 5088/5248
f 5088/5248 5091/5264 5090/5263
f 5088/5248 5092/5250 5084/5245
f 5084/5245 5092/5250 5087/5242
f 5104/5274 5082/5257 5092/5250
f 5092/5250 5082/5257 5087/5242
f 5108/5278 5107/5277 5094/5267
f 5094/5267 5107/5277 5106/5276
f 5090/5263 5091/5264 5107/5277
f 5107/5277 5091/5264 5106/5276
f 5108/5278 5094/5267 5115/5283
f 5115/5283 5094/5267 5095/5265
f 5116/5284 5117/5285 5109/5279
f 5109/5279 5117/5285 5113/5281
f 5115/5283 5095/5265 5117/5285
f 5117/5285 5095/5265 5113/5281
f 5360/5517 5116/5284 5361/5518
f 5361/5518 5116/5284 5109/5279
f 5144/5522 5148/5521 5121/5286
f 5121/5286 5148/5521 5146/5313
f 5124/5291 5149/5316 5127/5292
f 5127/5292 5149/5316 5150/5317
f 5131/5299 5163/5330 5134/5301
f 5134/5301 5163/5330 5137/5304
f 5157/5323 5162/5329 5161/5328
f 5161/5328 5162/5329 5164/5331
f 5153/5320 5138/5306 5131/5299
f 5131/5299 5138/5306 5163/5330
f 5363/5524 5362/5523 5154/5321
f 5154/5321 5362/5523 5141/5308
f 5130/5297 5142/5309 5364/5525
f 5364/5525 5142/5309 5365/5526
f 5120/5288 5121/5286 5147/5314
f 5147/5314 5121/5286 5146/5313
f 5124/5291 5120/5288 5149/5316
f 5149/5316 5120/5288 5147/5314
f 5126/5294 5127/5292 5143/5310
f 5143/5310 5127/5292 5150/5317
f 5157/5323 5155/5322 5162/5329
f 5162/5329 5155/5322 5135/5302
f 5155/5322 5134/5301 5135/5302
f 5135/5302 5134/5301 5137/5304
f 5366/5528 5161/5328 5367/5527
f 5367/5527 5161/5328 5164/5331
f 5153/5320 5154/5321 5138/5306
f 5138/5306 5154/5321 5141/5308
f 5363/5524 5364/5525 5362/5523
f 5362/5523 5364/5525 5365/5526
f 5130/5297 5126/5294 5142/5309
f 5142/5309 5126/5294 5143/5310
f 5369/5530 5368/5529 5167/5335
f 5167/5335 5368/5529 5177/5344
f 5170/5337 5175/5343 5173/5338
f 5173/5338 5175/5343 5176/5531
f 5167/5335 5177/5344 5170/5337
f 5170/5337 5177/5344 5175/5343
f 5196/5362 5197/5364 5182/5350
f 5182/5350 5197/5364 5202/5369
f 5182/5350 5202/5369 5185/5352
f 5185/5352 5202/5369 5203/5370
f 5172/5340 5173/5338 5189/5356
f 5189/5356 5173/5338 5176/5531
f 5191/5532 5172/5340 5192/5359
f 5192/5359 5172/5340 5189/5356
f 5192/5359 5181/5348 5191/5532
f 5191/5532 5181/5348 5194/5361
f 5178/5346 5193/5360 5181/5348
f 5181/5348 5193/5360 5194/5361
f 5196/5362 5193/5360 5197/5364
f 5197/5364 5193/5360 5178/5346
f 5199/5365 5185/5352 5204/5371
f 5204/5371 5185/5352 5203/5370
f 5201/5534 5199/5365 5205/5533
f 5205/5533 5199/5365 5204/5371
f 5232/5536 5236/5535 5235/5402
f 5235/5402 5236/5535 5237/5403
f 5235/5402 5237/5403 5242/5409
f 5242/5409 5237/5403 5243/5410
f 5245/5412 5210/5378 5244/5411
f 5244/5411 5210/5378 5241/5406
f 5248/5415 5216/5384 5247/5414
f 5247/5414 5216/5384 5215/5382
f 5251/5419 5257/5424 5250/5418
f 5250/5418 5257/5424 5221/5388
f 5253/5421 5258/5425 5251/5419
f 5251/5419 5258/5425 5257/5424
f 5371/5538 5370/5537 5253/5421
f 5253/5421 5370/5537 5258/5425
f 5241/5406 5242/5409 5244/5411
f 5244/5411 5242/5409 5243/5410
f 5245/5412 5246/5413 5210/5378
f 5210/5378 5246/5413 5213/5380
f 5246/5413 5247/5414 5213/5380
f 5213/5380 5247/5414 5215/5382
f 5248/5415 5249/5416 5216/5384
f 5216/5384 5249/5416 5219/5386
f 5249/5416 5250/5418 5219/5386
f 5219/5386 5250/5418 5221/5388
f 5373/5541 5372/5540 5374/5539
f 5374/5539 5372/5540 5375/5542
f 5377/5545 5376/5544 5378/5543
f 5378/5543 5376/5544 5379/5546
f 5381/5549 5380/5548 5382/5547
f 5382/5547 5380/5548 5383/5550
f 5385/5553 5384/5552 5386/5551
f 5386/5551 5384/5552 5387/5554
f 5384/5552 5388/5555 5387/5554
f 5387/5554 5388/5555 5389/5556
f 5391/5559 5390/5558 5392/5557
f 5392/5557 5390/5558 5393/5560
f 5390/5558 5376/5544 5393/5560
f 5393/5560 5376/5544 5377/5545
f 5385/5553 5394/5561 5373/5541
f 5373/5541 5394/5561 5372/5540
f 5395/5562 5394/5561 5386/5551
f 5386/5551 5394/5561 5385/5553
f 5397/5564 5396/5563 5374/5539
f 5374/5539 5396/5563 5373/5541
f 5399/5566 5398/5565 5397/5564
f 5397/5564 5398/5565 5396/5563
f 5383/5550 5398/5565 5400/5567
f 5400/5567 5398/5565 5399/5566
f 5382/5547 5383/5550 5401/5568
f 5401/5568 5383/5550 5400/5567
f 5402/5570 5380/5548 5403/5569
f 5403/5569 5380/5548 5381/5549
f 5396/5563 5384/5552 5373/5541
f 5373/5541 5384/5552 5385/5553
f 5398/5565 5388/5555 5396/5563
f 5396/5563 5388/5555 5384/5552
f 5380/5548 5388/5555 5383/5550
f 5383/5550 5388/5555 5398/5565
f 5389/5556 5388/5555 5402/5570
f 5402/5570 5388/5555 5380/5548
f 5379/5546 5376/5544 5395/5562
f 5395/5562 5376/5544 5394/5561
f 5394/5561 5376/5544 5372/5540
f 5372/5540 5376/5544 5390/5558
f 5372/5540 5390/5558 5375/5542
f 5375/5542 5390/5558 5391/5559
f 5405/5572 5404/5551 5406/5571
f 5406/5571 5404/5551 5407/5562
f 5409/5575 5408/5574 5410/5573
f 5410/5573 5408/5574 5411/5559
f 5413/5578 5412/5577 5414/5576
f 5414/5576 5412/5577 5415/5579
f 5417/5581 5416/5539 5418/5580
f 5418/5580 5416/5539 5419/5582
f 5418/5580 5419/5582 5420/5583
f 5420/5583 5419/5582 5421/5566
f 5423/5546 5422/5585 5424/5584
f 5424/5584 5422/5585 5425/5586
f 5424/5584 5425/5586 5410/5573
f 5410/5573 5425/5586 5409/5575
f 5417/5581 5405/5572 5426/5587
f 5426/5587 5405/5572 5406/5571
f 5427/5542 5416/5539 5426/5587
f 5426/5587 5416/5539 5417/5581
f 5428/5589 5404/5551 5429/5588
f 5429/5588 5404/5551 5405/5572
f 5430/5556 5428/5589 5431/5590
f 5431/5590 5428/5589 5429/5588
f 5415/5579 5432/5570 5431/5590
f 5431/5590 5432/5570 5430/5556
f 5412/5577 5433/5569 5415/5579
f 5415/5579 5433/5569 5432/5570
f 5435/5567 5434/5568 5414/5576
f 5414/5576 5434/5568 5413/5578
f 5429/5588 5405/5572 5418/5580
f 5418/5580 5405/5572 5417/5581
f 5431/5590 5429/5588 5420/5583
f 5420/5583 5429/5588 5418/5580
f 5414/5576 5415/5579 5420/5583
f 5420/5583 5415/5579 5431/5590
f 5421/5566 5435/5567 5420/5583
f 5420/5583 5435/5567 5414/5576
f 5411/5559 5427/5542 5410/5573
f 5410/5573 5427/5542 5426/5587
f 5426/5587 5406/5571 5410/5573
f 5410/5573 5406/5571 5424/5584
f 5406/5571 5407/5562 5424/5584
f 5424/5584 5407/5562 5423/5546
usemtl Tex_0211_0.png
f 5436/5593 5437/5592 5438/5591
f 5436/5593 5438/5591 5439/5594
f 5436/5593 5440/5596 5441/5595
f 5436/5593 5441/5595 5442/5597
f 5441/5595 5440/5596 5443/5598
f 5441/5595 5443/5598 5444/5599
f 5439/5594 5438/5591 5445/5600
f 5439/5594 5445/5600 5446/5601
f 5446/5601 5445/5600 5447/5602
f 5446/5601 5447/5602 5448/5603
f 5448/5603 5447/5602 5449/5604
f 5448/5603 5449/5604 5450/5605
f 5451/5606 5450/5605 5449/5604
f 5451/5606 5449/5604 5452/5607
f 5451/5606 5452/5607 5453/5608
f 5451/5606 5453/5608 5454/5609
f 5455/5612 5456/5611 5457/5610
f 5458/5615 5459/5614 5460/5613
f 5458/5615 5460/5613 5461/5616
f 5462/5619 5463/5618 5464/5617
f 5462/5619 5464/5617 5465/5620
f 5465/5620 5464/5617 5466/5621
f 5465/5620 5466/5621 5467/5622
f 5468/5625 5469/5624 5470/5623
f 5468/5625 5470/5623 5471/5626
f 5471/5626 5470/5623 5472/5627
f 5471/5626 5472/5627 5473/5628
f 5473/5628 5472/5627 5474/5629
f 5473/5628 5474/5629 5475/5630
f 5475/5630 5474/5629 5476/5631
f 5475/5630 5476/5631 5477/5632
f 5477/5632 5476/5631 5478/5633
f 5477/5632 5478/5633 5479/5634
f 5479/5634 5478/5633 5443/5598
f 5479/5634 5443/5598 5440/5596
f 5480/5635 5458/5615 5461/5616
f 5480/5635 5461/5616 5481/5636
f 5449/5639 5482/5638 5483/5637
f 5449/5639 5483/5637 5452/5640
f 5482/5638 5449/5639 5447/5641
f 5482/5638 5447/5641 5484/5642
f 5445/5644 5485/5643 5484/5642
f 5445/5644 5484/5642 5447/5641
f 5438/5646 5486/5645 5485/5643
f 5438/5646 5485/5643 5445/5644
f 5437/5649 5487/5648 5486/5647
f 5437/5649 5486/5647 5438/5650
f 5442/5652 5488/5651 5487/5648
f 5442/5652 5487/5648 5437/5649
f 5489/5655 5490/5654 5441/5653
f 5489/5655 5441/5653 5444/5656
f 5491/5658 5453/5657 5452/5640
f 5491/5658 5452/5640 5483/5637
f 5458/5661 5480/5660 5492/5659
f 5458/5661 5492/5659 5493/5662
f 5458/5661 5493/5662 5494/5663
f 5458/5661 5494/5663 5459/5664
f 5495/5667 5456/5666 5455/5665
f 5495/5667 5455/5665 5496/5668
f 5456/5611 5497/5670 5498/5669
f 5456/5611 5498/5669 5499/5671
f 5500/5673 5497/5672 5456/5666
f 5500/5673 5456/5666 5495/5667
f 5440/5596 5436/5593 5439/5594
f 5440/5596 5439/5594 5479/5634
f 5479/5634 5439/5594 5446/5601
f 5479/5634 5446/5601 5477/5632
f 5477/5632 5446/5601 5448/5603
f 5477/5632 5448/5603 5475/5630
f 5475/5630 5448/5603 5450/5605
f 5475/5630 5450/5605 5473/5628
f 5471/5626 5473/5628 5450/5605
f 5471/5626 5450/5605 5451/5606
f 5471/5626 5451/5606 5454/5609
f 5471/5626 5454/5609 5468/5625
f 5481/5636 5461/5616 5465/5620
f 5481/5636 5465/5620 5467/5622
f 5461/5616 5460/5613 5462/5619
f 5461/5616 5462/5619 5465/5620
f 5436/5593 5442/5597 5437/5592
f 5441/5653 5490/5654 5488/5651
f 5441/5653 5488/5651 5442/5652
f 5499/5671 5498/5669 5463/5618
f 5499/5671 5463/5618 5462/5619
f 5457/5610 5499/5671 5462/5619
f 5457/5610 5462/5619 5460/5613
f 5455/5612 5457/5610 5460/5613
f 5455/5612 5460/5613 5459/5614
f 5459/5664 5494/5663 5496/5668
f 5459/5664 5496/5668 5455/5665
f 5467/5622 5466/5621 5469/5624
f 5467/5622 5469/5624 5468/5625
f 5468/5625 5454/5609 5481/5636
f 5468/5625 5481/5636 5467/5622
f 5454/5609 5453/5608 5480/5635
f 5454/5609 5480/5635 5481/5636
f 5492/5659 5480/5660 5453/5657
f 5492/5659 5453/5657 5491/5658
f 5457/5610 5456/5611 5499/5671
f 5501/5674 5500/5673 5495/5667
f 5501/5674 5495/5667 5502/5675
f 5502/5675 5495/5667 5496/5668
f 5502/5675 5496/5668 5503/5676
f 5504/5677 5503/5676 5496/5668
f 5504/5677 5496/5668 5494/5663
f 5505/5678 5504/5677 5494/5663
f 5505/5678 5494/5663 5493/5662
f 5493/5662 5492/5659 5506/5679
f 5493/5662 5506/5679 5505/5678
f 5506/5679 5492/5659 5491/5658
f 5506/5679 5491/5658 5507/5680
f 5507/5680 5491/5658 5483/5637
f 5507/5680 5483/5637 5508/5681
f 5509/5682 5508/5681 5483/5637
f 5509/5682 5483/5637 5482/5638
f 5509/5682 5482/5638 5484/5642
f 5509/5682 5484/5642 5510/5683
f 5511/5684 5510/5683 5484/5642
f 5511/5684 5484/5642 5485/5643
f 5512/5685 5511/5684 5485/5643
f 5512/5685 5485/5643 5486/5645
f 5513/5687 5512/5686 5486/5647
f 5513/5687 5486/5647 5487/5648
f 5514/5688 5513/5687 5487/5648
f 5514/5688 5487/5648 5488/5651
f 5515/5689 5514/5688 5488/5651
f 5515/5689 5488/5651 5490/5654
f 5489/5655 5516/5690 5515/5689
f 5489/5655 5515/5689 5490/5654
f 5517/5693 5518/5692 5519/5691
f 5517/5693 5519/5691 5520/5694
f 5521/5696 5522/5695 5519/5691
f 5521/5696 5519/5691 5523/5697
f 5443/5598 5522/5695 5521/5696
f 5443/5598 5521/5696 5444/5599
f 5524/5698 5517/5693 5520/5694
f 5524/5698 5520/5694 5525/5699
f 5526/5700 5524/5698 5525/5699
f 5526/5700 5525/5699 5527/5701
f 5528/5702 5526/5700 5527/5701
f 5528/5702 5527/5701 5529/5703
f 5528/5702 5529/5703 5530/5704
f 5528/5702 5530/5704 5531/5705
f 5532/5706 5531/5705 5530/5704
f 5532/5706 5530/5704 5533/5707
f 5534/5710 5535/5709 5536/5708
f 5537/5713 5538/5712 5539/5711
f 5537/5713 5539/5711 5540/5714
f 5464/5617 5463/5618 5541/5715
f 5464/5617 5541/5715 5542/5716
f 5466/5621 5464/5617 5542/5716
f 5466/5621 5542/5716 5543/5717
f 5470/5623 5469/5624 5544/5718
f 5470/5623 5544/5718 5545/5719
f 5472/5627 5470/5623 5545/5719
f 5472/5627 5545/5719 5546/5720
f 5474/5629 5472/5627 5546/5720
f 5474/5629 5546/5720 5547/5721
f 5476/5631 5474/5629 5547/5721
f 5476/5631 5547/5721 5548/5722
f 5478/5633 5476/5631 5548/5722
f 5478/5633 5548/5722 5549/5723
f 5443/5598 5478/5633 5549/5723
f 5443/5598 5549/5723 5522/5695
f 5540/5714 5539/5711 5550/5724
f 5540/5714 5550/5724 5551/5725
f 5552/5728 5553/5727 5528/5726
f 5552/5728 5528/5726 5531/5729
f 5526/5730 5528/5726 5553/5727
f 5526/5730 5553/5727 5554/5731
f 5554/5731 5555/5733 5524/5732
f 5554/5731 5524/5732 5526/5730
f 5555/5733 5556/5735 5517/5734
f 5555/5733 5517/5734 5524/5732
f 5556/5738 5557/5737 5518/5736
f 5556/5738 5518/5736 5517/5739
f 5557/5737 5558/5741 5523/5740
f 5557/5737 5523/5740 5518/5736
f 5521/5743 5559/5742 5489/5655
f 5521/5743 5489/5655 5444/5656
f 5531/5729 5532/5745 5560/5744
f 5531/5729 5560/5744 5552/5728
f 5561/5748 5550/5747 5539/5746
f 5561/5748 5539/5746 5562/5749
f 5563/5750 5562/5749 5539/5746
f 5563/5750 5539/5746 5538/5751
f 5535/5754 5534/5753 5564/5752
f 5535/5754 5564/5752 5565/5755
f 5498/5669 5497/5670 5534/5710
f 5498/5669 5534/5710 5566/5756
f 5534/5753 5497/5758 5500/5757
f 5534/5753 5500/5757 5564/5752
f 5520/5694 5519/5691 5522/5695
f 5520/5694 5522/5695 5549/5723
f 5525/5699 5520/5694 5549/5723
f 5525/5699 5549/5723 5548/5722
f 5527/5701 5525/5699 5548/5722
f 5527/5701 5548/5722 5547/5721
f 5529/5703 5527/5701 5547/5721
f 5529/5703 5547/5721 5546/5720
f 5529/5703 5546/5720 5545/5719
f 5529/5703 5545/5719 5530/5704
f 5533/5707 5530/5704 5545/5719
f 5533/5707 5545/5719 5544/5718
f 5542/5716 5540/5714 5551/5725
f 5542/5716 5551/5725 5543/5717
f 5541/5715 5537/5713 5540/5714
f 5541/5715 5540/5714 5542/5716
f 5523/5697 5519/5691 5518/5692
f 5558/5741 5559/5742 5521/5743
f 5558/5741 5521/5743 5523/5740
f 5463/5618 5498/5669 5566/5756
f 5463/5618 5566/5756 5541/5715
f 5541/5715 5566/5756 5536/5708
f 5541/5715 5536/5708 5537/5713
f 5537/5713 5536/5708 5535/5709
f 5537/5713 5535/5709 5538/5712
f 5565/5755 5563/5750 5538/5751
f 5565/5755 5538/5751 5535/5754
f 5469/5624 5466/5621 5543/5717
f 5469/5624 5543/5717 5544/5718
f 5551/5725 5533/5707 5544/5718
f 5551/5725 5544/5718 5543/5717
f 5550/5724 5532/5706 5533/5707
f 5550/5724 5533/5707 5551/5725
f 5532/5745 5550/5747 5561/5748
f 5532/5745 5561/5748 5560/5744
f 5534/5710 5536/5708 5566/5756
f 5564/5752 5500/5757 5501/5759
f 5564/5752 5501/5759 5567/5760
f 5565/5755 5564/5752 5567/5760
f 5565/5755 5567/5760 5568/5761
f 5565/5755 5568/5761 5569/5762
f 5565/5755 5569/5762 5563/5750
f 5563/5750 5569/5762 5570/5763
f 5563/5750 5570/5763 5562/5749
f 5571/5764 5561/5748 5562/5749
f 5571/5764 5562/5749 5570/5763
f 5560/5744 5561/5748 5571/5764
f 5560/5744 5571/5764 5572/5765
f 5552/5728 5560/5744 5572/5765
f 5552/5728 5572/5765 5573/5766
f 5552/5728 5573/5766 5574/5767
f 5552/5728 5574/5767 5553/5727
f 5554/5731 5553/5727 5574/5767
f 5554/5731 5574/5767 5575/5768
f 5554/5731 5575/5768 5576/5769
f 5554/5731 5576/5769 5555/5733
f 5555/5733 5576/5769 5577/5770
f 5555/5733 5577/5770 5556/5735
f 5556/5738 5577/5772 5578/5771
f 5556/5738 5578/5771 5557/5737
f 5557/5737 5578/5771 5579/5773
f 5557/5737 5579/5773 5558/5741
f 5558/5741 5579/5773 5580/5774
f 5558/5741 5580/5774 5559/5742
f 5580/5774 5516/5690 5489/5655
f 5580/5774 5489/5655 5559/5742
usemtl Tex_0208_1.png
f 5582/5777 5581/5776 5583/5775
f 5583/5775 5581/5776 5584/5778
f 5586/5780 5585/5779 5582/5777
f 5582/5777 5585/5779 5581/5776
f 5588/5782 5587/5781 5586/5780
f 5586/5780 5587/5781 5585/5779
f 5590/5785 5589/5784 5588/5783
f 5588/5783 5589/5784 5587/5786
f 5592/5788 5591/5787 5590/5785
f 5590/5785 5591/5787 5589/5784
f 5594/5790 5593/5789 5592/5788
f 5592/5788 5593/5789 5591/5787
f 5596/5792 5595/5791 5594/5790
f 5594/5790 5595/5791 5593/5789
f 5598/5794 5597/5793 5596/5792
f 5596/5792 5597/5793 5595/5791
f 5600/5796 5599/5795 5598/5794
f 5598/5794 5599/5795 5597/5793
f 5602/5798 5601/5797 5600/5796
f 5600/5796 5601/5797 5599/5795
f 5604/5800 5603/5799 5602/5798
f 5602/5798 5603/5799 5601/5797
f 5606/5802 5605/5801 5604/5800
f 5604/5800 5605/5801 5603/5799
f 5608/5804 5607/5803 5606/5802
f 5606/5802 5607/5803 5605/5801
f 5610/5806 5609/5805 5608/5804
f 5608/5804 5609/5805 5607/5803
f 5612/5808 5611/5807 5610/5806
f 5610/5806 5611/5807 5609/5805
f 5614/5811 5613/5810 5612/5809
f 5612/5809 5613/5810 5611/5812
f 5616/5814 5615/5813 5614/5811
f 5614/5811 5615/5813 5613/5810
f 5618/5816 5617/5815 5616/5814
f 5616/5814 5617/5815 5615/5813
f 5620/5818 5619/5817 5618/5816
f 5618/5816 5619/5817 5617/5815
f 5583/5775 5584/5778 5620/5818
f 5620/5818 5584/5778 5619/5817
f 5621/5821 5584/5820 5581/5819
f 5621/5821 5581/5819 5585/5822
f 5621/5821 5585/5822 5587/5823
f 5621/5821 5587/5823 5589/5824
f 5621/5821 5589/5824 5591/5825
f 5621/5821 5591/5825 5593/5826
f 5621/5821 5593/5826 5595/5827
f 5621/5821 5595/5827 5597/5828
f 5621/5821 5597/5828 5599/5829
f 5621/5821 5599/5829 5601/5830
f 5621/5821 5601/5830 5603/5831
f 5621/5821 5603/5831 5605/5832
f 5621/5821 5605/5832 5607/5833
f 5621/5821 5607/5833 5609/5834
f 5621/5821 5609/5834 5611/5835
f 5621/5821 5611/5835 5613/5836
f 5621/5821 5613/5836 5615/5837
f 5621/5821 5615/5837 5617/5838
f 5621/5821 5617/5838 5619/5839
f 5621/5821 5619/5839 5584/5820
f 5623/5842 5622/5841 5624/5840
f 5623/5842 5625/5843 5622/5841
f 5623/5842 5626/5844 5625/5843
f 5623/5842 5627/5845 5626/5844
f 5623/5842 5628/5846 5627/5845
f 5623/5842 5629/5847 5628/5846
f 5623/5842 5630/5848 5629/5847
f 5623/5842 5631/5849 5630/5848
f 5623/5842 5632/5850 5631/5849
f 5623/5842 5633/5851 5632/5850
f 5623/5842 5634/5852 5633/5851
f 5623/5842 5635/5853 5634/5852
f 5623/5842 5636/5854 5635/5853
f 5623/5842 5637/5855 5636/5854
f 5623/5842 5638/5856 5637/5855
f 5623/5842 5639/5857 5638/5856
f 5623/5842 5640/5858 5639/5857
f 5623/5842 5641/5859 5640/5858
f 5623/5842 5642/5860 5641/5859
f 5623/5842 5624/5840 5642/5860
f 5635/5862 5606/5802 5634/5861
f 5634/5861 5606/5802 5604/5800
f 5634/5861 5604/5800 5633/5863
f 5633/5863 5604/5800 5602/5798
f 5633/5863 5602/5798 5632/5864
f 5632/5864 5602/5798 5600/5796
f 5632/5864 5600/5796 5631/5865
f 5631/5865 5600/5796 5598/5794
f 5631/5865 5598/5794 5630/5866
f 5630/5866 5598/5794 5596/5792
f 5630/5866 5596/5792 5629/5867
f 5629/5867 5596/5792 5594/5790
f 5629/5867 5594/5790 5628/5868
f 5628/5868 5594/5790 5592/5788
f 5628/5868 5592/5788 5627/5869
f 5627/5869 5592/5788 5590/5785
f 5627/5869 5590/5785 5626/5870
f 5626/5870 5590/5785 5588/5783
f 5626/5872 5588/5782 5625/5871
f 5625/5871 5588/5782 5586/5780
f 5625/5871 5586/5780 5622/5873
f 5622/5873 5586/5780 5582/5777
f 5622/5873 5582/5777 5624/5874
f 5624/5874 5582/5777 5583/5775
f 5624/5874 5583/5775 5642/5875
f 5642/5875 5583/5775 5620/5818
f 5642/5875 5620/5818 5641/5876
f 5641/5876 5620/5818 5618/5816
f 5641/5876 5618/5816 5640/5877
f 5640/5877 5618/5816 5616/5814
f 5640/5877 5616/5814 5639/5878
f 5639/5878 5616/5814 5614/5811
f 5639/5878 5614/5811 5638/5879
f 5638/5879 5614/5811 5612/5809
f 5638/5881 5612/5808 5637/5880
f 5637/5880 5612/5808 5610/5806
f 5637/5880 5610/5806 5636/5882
f 5636/5882 5610/5806 5608/5804
f 5636/5882 5608/5804 5635/5862
f 5635/5862 5608/5804 5606/5802
# 9896 elements

