mtllib materials.mtl
v 2.980232E-08 0.09602392 0
v -0.01336944 0.09330189 0.007718861
v -0.01543769 0.09330189 0
v -0.007718831 0.09330189 0.01336944
v 0 0.09330189 0.01543772
v 0.007718861 0.09330189 0.01336944
v 0.01336947 0.09330189 0.007718861
v 0.01543772 0.09330189 0
v 0.01336947 0.09330189 -0.007718861
v 0.007718861 0.09330189 -0.01336944
v 2.980232E-08 0.09330189 -0.01543772
v -0.007718831 0.09330189 -0.01336944
v -0.01336944 0.09330189 -0.007718861
v -0.02512634 0.085464 0.0145067
v -0.0290134 0.085464 0
v -0.0145067 0.085464 0.02512634
v 0 0.08546388 0.0290134
v 0.0145067 0.08546388 0.02512634
v 0.02512637 0.08546388 0.0145067
v 0.02901343 0.08546388 0
v 0.02512637 0.08546388 -0.0145067
v 0.01450673 0.08546388 -0.02512634
v 2.980232E-08 0.08546388 -0.0290134
v -0.0145067 0.085464 -0.02512634
v -0.02512634 0.085464 -0.0145067
v -0.03385264 0.07345557 0.01954481
v -0.03908965 0.07345557 0
v -0.01954484 0.07345557 0.03385264
v 0 0.07345557 0.03908965
v 0.01954484 0.07345557 0.03385264
v 0.03385264 0.07345557 0.01954484
v 0.03908965 0.07345557 0
v 0.03385264 0.07345557 -0.01954484
v 0.01954484 0.07345557 -0.03385264
v 0 0.07345557 -0.03908965
v -0.01954481 0.07345557 -0.03385264
v -0.03385264 0.07345557 -0.01954484
v -0.03849581 0.058725 0.02222556
v -0.04445112 0.058725 0
v -0.02222556 0.058725 0.03849581
v 0 0.058725 0.04445112
v 0.02222556 0.058725 0.03849581
v 0.03849581 0.058725 0.02222556
v 0.04445112 0.058725 0
v 0.03849581 0.058725 -0.02222556
v 0.02222556 0.058725 -0.03849581
v 0 0.058725 -0.04445112
v -0.02222556 0.058725 -0.03849581
v -0.03849581 0.058725 -0.02222556
v -0.03849581 0.04304922 0.02222556
v -0.04445112 0.04304922 0
v -0.02222556 0.04304922 0.03849578
v 0 0.04304922 0.04445112
v 0.02222556 0.04304922 0.03849581
v 0.03849578 0.04304922 0.02222556
v 0.04445112 0.04304922 0
v 0.03849578 0.04304922 -0.02222556
v 0.02222556 0.04304922 -0.03849578
v 0 0.04304922 -0.04445112
v -0.02222556 0.04304922 -0.03849581
v -0.03849581 0.04304922 -0.02222556
v -0.03385264 0.02831864 0.01954481
v -0.03908965 0.02831864 0
v -0.01954484 0.02831864 0.03385264
v 0 0.02831864 0.03908965
v 0.01954481 0.02831864 0.03385264
v 0.03385261 0.02831864 0.01954484
v 0.03908965 0.02831864 0
v 0.03385264 0.02831864 -0.01954484
v 0.01954481 0.02831864 -0.03385264
v 0 0.02831864 -0.03908965
v -0.01954484 0.02831864 -0.03385264
v -0.03385264 0.02831864 -0.01954481
v -0.02512637 0.01631033 0.0145067
v -0.02901343 0.01631033 0
v -0.01450673 0.01631033 0.02512634
v -2.980232E-08 0.01631033 0.0290134
v 0.0145067 0.01631021 0.02512634
v 0.02512634 0.01631021 0.0145067
v 0.0290134 0.01631021 0
v 0.02512634 0.01631021 -0.0145067
v 0.0145067 0.01631021 -0.02512634
v 0 0.01631033 -0.0290134
v -0.0145067 0.01631033 -0.02512634
v -0.02512637 0.01631033 -0.0145067
v -0.01336947 0.008472323 0.007718861
v -0.01543772 0.008472323 0
v -0.007718861 0.008472323 0.01336944
v -2.980232E-08 0.008472323 0.01543769
v 0.007718831 0.008472323 0.01336944
v 0.01336944 0.008472323 0.007718861
v 0.01543769 0.008472323 0
v 0.01336944 0.008472323 -0.007718861
v 0.007718831 0.008472323 -0.01336944
v 0 0.008472323 -0.01543769
v -0.007718861 0.008472323 -0.01336944
v -0.01336947 0.008472323 -0.007718861
v -2.980232E-08 0.005750299 0
v 0 -0.003262162 0.01973653
v 0.009868264 -0.003262162 0.01709235
v 0.009868264 -0.03273523 0.01709235
v 0 -0.03273523 0.01973653
v 0.01709235 -0.003262162 0.009868264
v 0.01709232 -0.03273523 0.009868264
v 0.01973653 -0.003262162 0
v 0.0197365 -0.03273523 0
v 0.01709235 -0.003262162 -0.009868264
v 0.01709235 -0.03273523 -0.009868264
v 0.009868264 -0.003262162 -0.01709232
v 0.009868264 -0.03273523 -0.01709235
v 0 -0.003262162 -0.01973653
v 0 -0.03273523 -0.01973653
v -0.009868264 -0.003262162 -0.01709232
v -0.009868264 -0.03273523 -0.01709235
v -0.01709232 -0.003262162 -0.009868264
v -0.01709235 -0.03273523 -0.009868264
v -0.01973653 -0.003262162 0
v -0.01973653 -0.03273523 0
v -0.01709232 -0.003262162 0.009868264
v -0.01709235 -0.03273523 0.009868264
v -0.009868264 -0.003262162 0.01709235
v -0.009868264 -0.03273523 0.01709235
v -0.02489522 0.01673782 0.01437327
v -0.01437327 0.01673782 0.02489525
v 0.007993162 -0.040604 0.01384473
v -1.490116E-07 -0.04060388 0.0159865
v 0.01384464 -0.040604 0.007993251
v 0.01598644 -0.040604 -5.960464E-08
v 0.01384467 -0.040604 -0.00799337
v 0.007993162 -0.040604 -0.01384485
v -1.192093E-07 -0.040604 -0.01598665
v -0.00799343 -0.040604 -0.01384488
v -0.01384491 -0.040604 -0.00799337
v -0.01598671 -0.040604 -5.960464E-08
v -0.01384491 -0.040604 0.007993221
v -0.00799343 -0.040604 0.01384473
v -0.02874658 0.01673782 -2.980232E-08
v -0.02489522 0.01673782 -0.0143733
v -0.01437327 0.01673782 -0.02489525
v 0 0.01673782 -0.02874658
v 0.01437327 0.01673782 -0.02489525
v 0.02489528 0.01673782 -0.0143733
v 0.02874658 0.01673782 -2.980232E-08
v 0.02489528 0.01673782 0.01437327
v 0.01437327 0.01673782 0.02489525
v 0 0.01673782 0.02874655
v 0 -0.006933093 -0.01499999
v -0.007499993 -0.006933093 -0.01299039
v -0.008749992 -0.00760293 -0.01515543
v 0 -0.00760293 -0.01749998
v -0.009665042 -0.009433031 -0.01674038
v 0 -0.009433031 -0.01933011
v -0.00999999 -0.01193309 -0.01732051
v 0 -0.01193309 -0.01999998
v -0.009665042 -0.01443315 -0.01674038
v 0 -0.01443315 -0.01933011
v -0.008749992 -0.01626325 -0.01515543
v 0 -0.01626325 -0.01749998
v -0.007499993 -0.01693308 -0.01299039
v 0 -0.01693308 -0.01499999
v -0.006249994 -0.01626325 -0.01082531
v 0 -0.01626325 -0.01249999
v -0.005334944 -0.01443315 -0.009240389
v 0 -0.01443315 -0.01066986
v -0.004999995 -0.01193309 -0.008660257
v 0 -0.01193309 -0.00999999
v -0.005334944 -0.009433031 -0.009240389
v 0 -0.009433031 -0.01066986
v -0.006249994 -0.00760293 -0.01082531
v 0 -0.00760293 -0.01249999
v -0.01299039 -0.006933093 -0.007499993
v -0.01515543 -0.00760293 -0.008749992
v -0.01674038 -0.009433031 -0.009665072
v -0.01732051 -0.01193309 -0.00999999
v -0.01674038 -0.01443315 -0.009665072
v -0.01515543 -0.01626325 -0.008749992
v -0.01299039 -0.01693308 -0.007499993
v -0.01082531 -0.01626325 -0.006249994
v -0.009240389 -0.01443315 -0.005334944
v -0.008660257 -0.01193309 -0.004999995
v -0.009240389 -0.009433031 -0.005334944
v -0.01082531 -0.00760293 -0.006249994
v -0.01499999 -0.006933093 0
v -0.01749998 -0.00760293 0
v -0.01933011 -0.009433031 0
v -0.02000001 -0.01193309 0
v -0.01933011 -0.01443315 0
v -0.01749998 -0.01626325 0
v -0.01499999 -0.01693308 0
v -0.01249999 -0.01626325 0
v -0.01066986 -0.01443315 0
v -0.00999999 -0.01193309 0
v -0.01066986 -0.009433031 0
v -0.01249999 -0.00760293 0
v -0.01299039 -0.006933093 0.007499993
v -0.01515543 -0.00760293 0.008749992
v -0.01674038 -0.009433031 0.009665072
v -0.01732051 -0.01193309 0.00999999
v -0.01674038 -0.01443315 0.009665072
v -0.01515543 -0.01626325 0.008749992
v -0.01299039 -0.01693308 0.007499993
v -0.01082531 -0.01626325 0.006249994
v -0.009240389 -0.01443315 0.005334944
v -0.008660257 -0.01193309 0.004999995
v -0.009240389 -0.009433031 0.005334944
v -0.01082531 -0.00760293 0.006249994
v -0.007499993 -0.006933093 0.01299039
v -0.008749992 -0.00760293 0.01515543
v -0.009665072 -0.009433031 0.01674038
v -0.01000002 -0.01193309 0.01732051
v -0.009665072 -0.01443315 0.01674038
v -0.008749992 -0.01626325 0.01515543
v -0.007499993 -0.01693308 0.01299039
v -0.006249994 -0.01626325 0.01082531
v -0.005334944 -0.01443315 0.009240389
v -0.004999995 -0.01193309 0.008660257
v -0.005334944 -0.009433031 0.009240389
v -0.006249994 -0.00760293 0.01082531
v 0 -0.006933093 0.01499999
v 0 -0.00760293 0.01749998
v 0 -0.009433031 0.01933011
v 0 -0.01193309 0.01999998
v 0 -0.01443315 0.01933011
v 0 -0.01626325 0.01749998
v 0 -0.01693308 0.01499999
v 0 -0.01626325 0.01249999
v 0 -0.01443315 0.01066986
v 0 -0.01193309 0.00999999
v 0 -0.009433031 0.01066986
v 0 -0.00760293 0.01249999
v 0.007499993 -0.006933093 0.01299039
v 0.008749992 -0.00760293 0.01515543
v 0.009665072 -0.009433031 0.01674038
v 0.00999999 -0.01193309 0.01732051
v 0.009665072 -0.01443315 0.01674038
v 0.008749992 -0.01626325 0.01515543
v 0.007499993 -0.01693308 0.01299039
v 0.006249994 -0.01626325 0.01082531
v 0.005334944 -0.01443315 0.009240389
v 0.004999995 -0.01193309 0.008660257
v 0.005334944 -0.009433031 0.009240389
v 0.006249994 -0.00760293 0.01082531
v 0.01299039 -0.006933093 0.007499993
v 0.01515543 -0.00760293 0.008749992
v 0.01674038 -0.009433031 0.009665072
v 0.01732051 -0.01193309 0.00999999
v 0.01674038 -0.01443315 0.009665072
v 0.01515543 -0.01626325 0.008749992
v 0.01299039 -0.01693308 0.007499993
v 0.01082531 -0.01626325 0.006249994
v 0.009240389 -0.01443315 0.005334944
v 0.008660257 -0.01193309 0.004999995
v 0.009240389 -0.009433031 0.005334944
v 0.01082531 -0.00760293 0.006249994
v 0.01499999 -0.006933093 0
v 0.01749998 -0.00760293 0
v 0.01933011 -0.009433031 0
v 0.02000001 -0.01193309 0
v 0.01933011 -0.01443315 0
v 0.01749998 -0.01626325 0
v 0.01499999 -0.01693308 0
v 0.01249999 -0.01626325 0
v 0.01066986 -0.01443315 0
v 0.00999999 -0.01193309 0
v 0.01066986 -0.009433031 0
v 0.01249999 -0.00760293 0
v 0.01299039 -0.006933093 -0.007499993
v 0.01515543 -0.00760293 -0.008749992
v 0.01674038 -0.009433031 -0.009665042
v 0.01732051 -0.01193309 -0.00999999
v 0.01674038 -0.01443315 -0.009665042
v 0.01515543 -0.01626325 -0.008749992
v 0.01299039 -0.01693308 -0.007499993
v 0.01082531 -0.01626325 -0.006249994
v 0.009240389 -0.01443315 -0.005334944
v 0.008660257 -0.01193309 -0.004999995
v 0.009240389 -0.009433031 -0.005334944
v 0.01082531 -0.00760293 -0.006249994
v 0.007499993 -0.006933093 -0.01299039
v 0.008749992 -0.00760293 -0.01515543
v 0.009665072 -0.009433031 -0.01674038
v 0.00999999 -0.01193309 -0.01732051
v 0.009665072 -0.01443315 -0.01674038
v 0.008749992 -0.01626325 -0.01515543
v 0.007499993 -0.01693308 -0.01299039
v 0.006249994 -0.01626325 -0.01082531
v 0.005334944 -0.01443315 -0.009240389
v 0.004999995 -0.01193309 -0.008660257
v 0.005334944 -0.009433031 -0.009240389
v 0.006249994 -0.00760293 -0.01082531
v 0 -0.01448047 -0.01499999
v -0.007499993 -0.01448047 -0.01299039
v -0.008749992 -0.01515031 -0.01515543
v 0 -0.01515031 -0.01749998
v -0.009665042 -0.01698041 -0.01674038
v 0 -0.01698041 -0.01933011
v -0.00999999 -0.01948047 -0.01732051
v 0 -0.01948047 -0.01999998
v -0.009665042 -0.02198052 -0.01674038
v 0 -0.0219804 -0.01933011
v -0.008749992 -0.02381063 -0.01515543
v 0 -0.02381063 -0.01749998
v -0.007499993 -0.02448046 -0.01299039
v 0 -0.02448046 -0.01499999
v -0.006249994 -0.02381063 -0.01082531
v 0 -0.02381063 -0.01249999
v -0.005334944 -0.02198052 -0.009240389
v 0 -0.0219804 -0.01066986
v -0.004999995 -0.01948047 -0.008660257
v 0 -0.01948047 -0.00999999
v -0.005334944 -0.01698041 -0.009240389
v 0 -0.01698041 -0.01066986
v -0.006249994 -0.01515031 -0.01082531
v 0 -0.01515031 -0.01249999
v -0.01299039 -0.01448047 -0.007499993
v -0.01515543 -0.01515031 -0.008749992
v -0.01674038 -0.01698041 -0.009665072
v -0.01732051 -0.01948047 -0.00999999
v -0.01674038 -0.02198052 -0.009665072
v -0.01515543 -0.02381063 -0.008749992
v -0.01299039 -0.02448046 -0.007499993
v -0.01082531 -0.02381063 -0.006249994
v -0.009240389 -0.02198052 -0.005334944
v -0.008660257 -0.01948047 -0.004999995
v -0.009240389 -0.01698041 -0.005334944
v -0.01082531 -0.01515031 -0.006249994
v -0.01499999 -0.01448047 0
v -0.01749998 -0.01515031 0
v -0.01933011 -0.01698053 0
v -0.02000001 -0.01948047 0
v -0.01933011 -0.02198052 0
v -0.01749998 -0.02381063 0
v -0.01499999 -0.02448046 0
v -0.01249999 -0.02381063 0
v -0.01066986 -0.02198052 0
v -0.00999999 -0.01948047 0
v -0.01066986 -0.01698053 0
v -0.01249999 -0.01515031 0
v -0.01299039 -0.01448047 0.007499993
v -0.01515543 -0.01515031 0.008749992
v -0.01674038 -0.01698053 0.009665072
v -0.01732051 -0.01948047 0.00999999
v -0.01674038 -0.02198052 0.009665042
v -0.01515543 -0.02381063 0.008749992
v -0.01299039 -0.02448046 0.007499993
v -0.01082531 -0.02381063 0.006249994
v -0.009240389 -0.02198052 0.005334944
v -0.008660257 -0.01948047 0.004999995
v -0.009240389 -0.01698053 0.005334944
v -0.01082531 -0.01515031 0.006249994
v -0.007499993 -0.01448047 0.01299039
v -0.008749992 -0.01515031 0.01515543
v -0.009665072 -0.01698053 0.01674038
v -0.01000002 -0.01948047 0.01732051
v -0.009665072 -0.02198052 0.01674038
v -0.008749992 -0.02381063 0.01515543
v -0.007499993 -0.02448046 0.01299039
v -0.006249994 -0.02381063 0.01082531
v -0.005334944 -0.02198052 0.009240389
v -0.004999995 -0.01948047 0.008660257
v -0.005334944 -0.01698053 0.009240389
v -0.006249994 -0.01515031 0.01082531
v 0 -0.01448047 0.01499999
v 0 -0.01515031 0.01749998
v 0 -0.01698053 0.01933011
v 0 -0.01948047 0.01999998
v 0 -0.02198052 0.01933011
v 0 -0.02381063 0.01749998
v 0 -0.02448046 0.01499999
v 0 -0.02381063 0.01249999
v 0 -0.02198052 0.01066986
v 0 -0.01948047 0.00999999
v 0 -0.01698053 0.01066986
v 0 -0.01515031 0.01249999
v 0.007499993 -0.01448047 0.01299039
v 0.008749992 -0.01515031 0.01515543
v 0.009665072 -0.01698041 0.01674038
v 0.00999999 -0.01948047 0.01732051
v 0.009665072 -0.02198052 0.01674038
v 0.008749992 -0.02381063 0.01515543
v 0.007499993 -0.02448046 0.01299039
v 0.006249994 -0.02381063 0.01082531
v 0.005334944 -0.02198052 0.009240389
v 0.004999995 -0.01948047 0.008660257
v 0.005334944 -0.01698041 0.009240389
v 0.006249994 -0.01515031 0.01082531
v 0.01299039 -0.01448047 0.007499993
v 0.01515543 -0.01515031 0.008749992
v 0.01674038 -0.01698041 0.009665072
v 0.01732051 -0.01948047 0.00999999
v 0.01674038 -0.02198052 0.009665072
v 0.01515543 -0.02381063 0.008749992
v 0.01299039 -0.02448046 0.007499993
v 0.01082531 -0.02381063 0.006249994
v 0.009240389 -0.02198052 0.005334944
v 0.008660257 -0.01948047 0.004999995
v 0.009240389 -0.01698041 0.005334944
v 0.01082531 -0.01515031 0.006249994
v 0.01499999 -0.01448047 0
v 0.01749998 -0.01515031 0
v 0.01933011 -0.01698041 0
v 0.02000001 -0.01948047 0
v 0.01933011 -0.0219804 0
v 0.01749998 -0.02381063 0
v 0.01499999 -0.02448046 0
v 0.01249999 -0.02381063 0
v 0.01066986 -0.0219804 0
v 0.00999999 -0.01948047 0
v 0.01066986 -0.01698041 0
v 0.01249999 -0.01515031 0
v 0.01299039 -0.01448047 -0.007499993
v 0.01515543 -0.01515031 -0.008749992
v 0.01674038 -0.01698041 -0.009665042
v 0.01732051 -0.01948047 -0.00999999
v 0.01674038 -0.0219804 -0.009665042
v 0.01515543 -0.02381063 -0.008749992
v 0.01299039 -0.02448046 -0.007499993
v 0.01082531 -0.02381063 -0.006249994
v 0.009240389 -0.0219804 -0.005334944
v 0.008660257 -0.01948047 -0.004999995
v 0.009240389 -0.01698041 -0.005334944
v 0.01082531 -0.01515031 -0.006249994
v 0.007499993 -0.01448047 -0.01299039
v 0.008749992 -0.01515031 -0.01515543
v 0.009665072 -0.01698041 -0.01674038
v 0.00999999 -0.01948047 -0.01732051
v 0.009665072 -0.0219804 -0.01674038
v 0.008749992 -0.02381063 -0.01515543
v 0.007499993 -0.02448046 -0.01299039
v 0.006249994 -0.02381063 -0.01082531
v 0.005334944 -0.0219804 -0.009240389
v 0.004999995 -0.01948047 -0.008660257
v 0.005334944 -0.01698041 -0.009240389
v 0.006249994 -0.01515031 -0.01082531
v 0 -0.001475096 -0.01499999
v -0.007499993 -0.001475096 -0.01299039
v -0.008749992 -0.002144933 -0.01515543
v 0 -0.002144933 -0.01749998
v -0.009665042 -0.003975034 -0.01674038
v 0 -0.003975034 -0.01933011
v -0.00999999 -0.006475091 -0.01732051
v 0 -0.006475091 -0.01999998
v -0.009665042 -0.008975148 -0.01674038
v 0 -0.008975148 -0.01933011
v -0.008749992 -0.01080525 -0.01515543
v 0 -0.01080525 -0.01749998
v -0.007499993 -0.01147509 -0.01299039
v 0 -0.01147509 -0.01499999
v -0.006249994 -0.01080525 -0.01082531
v 0 -0.01080525 -0.01249999
v -0.005334944 -0.008975148 -0.009240389
v 0 -0.008975148 -0.01066986
v -0.004999995 -0.006475091 -0.008660257
v 0 -0.006475091 -0.00999999
v -0.005334944 -0.003975034 -0.009240389
v 0 -0.003975034 -0.01066986
v -0.006249994 -0.002144933 -0.01082531
v 0 -0.002144933 -0.01249999
v -0.01299039 -0.001475096 -0.007499993
v -0.01515543 -0.002144933 -0.008749992
v -0.01674038 -0.003975034 -0.009665072
v -0.01732051 -0.006475091 -0.00999999
v -0.01674038 -0.008975148 -0.009665072
v -0.01515543 -0.01080525 -0.008749992
v -0.01299039 -0.01147509 -0.007499993
v -0.01082531 -0.01080525 -0.006249994
v -0.009240389 -0.008975148 -0.005334944
v -0.008660257 -0.006475091 -0.004999995
v -0.009240389 -0.003975034 -0.005334944
v -0.01082531 -0.002144933 -0.006249994
v -0.01499999 -0.001475096 0
v -0.01749998 -0.002144933 0
v -0.01933011 -0.003975034 0
v -0.02000001 -0.006475091 0
v -0.01933011 -0.008975148 0
v -0.01749998 -0.01080525 0
v -0.01499999 -0.01147509 0
v -0.01249999 -0.01080525 0
v -0.01066986 -0.008975148 0
v -0.00999999 -0.006475091 0
v -0.01066986 -0.003975034 0
v -0.01249999 -0.002144933 0
v -0.01299039 -0.001475096 0.007499993
v -0.01515543 -0.002144933 0.008749992
v -0.01674038 -0.003975034 0.009665042
v -0.01732051 -0.006475091 0.00999999
v -0.01674038 -0.008975148 0.009665042
v -0.01515543 -0.01080525 0.008749992
v -0.01299039 -0.01147509 0.007499993
v -0.01082531 -0.01080525 0.006249994
v -0.009240389 -0.008975148 0.005334944
v -0.008660257 -0.006475091 0.004999995
v -0.009240389 -0.003975034 0.005334944
v -0.01082531 -0.002144933 0.006249994
v -0.007499993 -0.001475096 0.01299039
v -0.008749992 -0.002144933 0.01515543
v -0.009665072 -0.003975034 0.01674038
v -0.01000002 -0.006475091 0.01732051
v -0.009665072 -0.008975148 0.01674038
v -0.008749992 -0.01080525 0.01515543
v -0.007499993 -0.01147509 0.01299039
v -0.006249994 -0.01080525 0.01082531
v -0.005334944 -0.008975148 0.009240389
v -0.004999995 -0.006475091 0.008660257
v -0.005334944 -0.003975034 0.009240389
v -0.006249994 -0.002144933 0.01082531
v 0 -0.001475096 0.01499999
v 0 -0.002144933 0.01749998
v 0 -0.003975034 0.01933011
v 0 -0.006475091 0.01999998
v 0 -0.008975148 0.01933011
v 0 -0.01080525 0.01749998
v 0 -0.01147509 0.01499999
v 0 -0.01080525 0.01249999
v 0 -0.008975148 0.01066986
v 0 -0.006475091 0.00999999
v 0 -0.003975034 0.01066986
v 0 -0.002144933 0.01249999
v 0.007499993 -0.001475096 0.01299039
v 0.008749992 -0.002144933 0.01515543
v 0.009665042 -0.003975034 0.01674038
v 0.00999999 -0.006475091 0.01732051
v 0.009665042 -0.008975148 0.01674038
v 0.008749992 -0.01080525 0.01515543
v 0.007499993 -0.01147509 0.01299039
v 0.006249994 -0.01080525 0.01082531
v 0.005334944 -0.008975148 0.009240389
v 0.004999995 -0.006475091 0.008660257
v 0.005334944 -0.003975034 0.009240389
v 0.006249994 -0.002144933 0.01082531
v 0.01299039 -0.001475096 0.007499993
v 0.01515543 -0.002144933 0.008749992
v 0.01674038 -0.003975034 0.009665072
v 0.01732051 -0.006475091 0.00999999
v 0.01674038 -0.008975148 0.009665072
v 0.01515543 -0.01080525 0.008749992
v 0.01299039 -0.01147509 0.007499993
v 0.01082531 -0.01080525 0.006249994
v 0.009240389 -0.008975148 0.005334944
v 0.008660257 -0.006475091 0.004999995
v 0.009240389 -0.003975034 0.005334944
v 0.01082531 -0.002144933 0.006249994
v 0.01499999 -0.001475096 0
v 0.01749998 -0.002144933 0
v 0.01933011 -0.003975034 0
v 0.02000001 -0.006475091 0
v 0.01933011 -0.008975148 0
v 0.01749998 -0.01080525 0
v 0.01499999 -0.01147509 0
v 0.01249999 -0.01080525 0
v 0.01066986 -0.008975148 0
v 0.00999999 -0.006475091 0
v 0.01066986 -0.003975034 0
v 0.01249999 -0.002144933 0
v 0.01299039 -0.001475096 -0.007499993
v 0.01515543 -0.002144933 -0.008749992
v 0.01674038 -0.003975034 -0.009665042
v 0.01732051 -0.006475091 -0.00999999
v 0.01674038 -0.008975148 -0.009665042
v 0.01515543 -0.01080525 -0.008749992
v 0.01299039 -0.01147509 -0.007499993
v 0.01082531 -0.01080525 -0.006249994
v 0.009240389 -0.008975148 -0.005334944
v 0.008660257 -0.006475091 -0.004999995
v 0.009240389 -0.003975034 -0.005334944
v 0.01082531 -0.002144933 -0.006249994
v 0.007499993 -0.001475096 -0.01299039
v 0.008749992 -0.002144933 -0.01515543
v 0.009665072 -0.003975034 -0.01674038
v 0.00999999 -0.006475091 -0.01732051
v 0.009665072 -0.008975148 -0.01674038
v 0.008749992 -0.01080525 -0.01515543
v 0.007499993 -0.01147509 -0.01299039
v 0.006249994 -0.01080525 -0.01082531
v 0.005334944 -0.008975148 -0.009240389
v 0.004999995 -0.006475091 -0.008660257
v 0.005334944 -0.003975034 -0.009240389
v 0.006249994 -0.002144933 -0.01082531
vn -0.1734604 0.9837435 0.04647885
vn -0.1269817 0.9837435 0.1269817
vn -0.04647833 0.9837435 0.1734605
vn 0.04647897 0.9837434 0.1734608
vn 0.1269824 0.9837434 0.1269818
vn 0.1734611 0.9837434 0.0464784
vn 0.1734611 0.9837434 -0.04647885
vn 0.1269824 0.9837433 -0.1269826
vn 0.04647903 0.9837434 -0.1734608
vn -0.04647825 0.9837435 -0.1734606
vn -0.1269817 0.9837435 -0.1269815
vn -0.1734604 0.9837435 -0.04647805
vn -0.4955718 0.8583565 0.1327881
vn -0.3627837 0.8583565 0.3627838
vn -0.1327879 0.8583564 0.4955722
vn 0.1327884 0.8583563 0.4955721
vn 0.3627842 0.8583563 0.3627838
vn 0.4955724 0.8583562 0.1327882
vn 0.4955724 0.8583562 -0.1327881
vn 0.3627843 0.8583562 -0.362784
vn 0.1327885 0.8583562 -0.4955721
vn -0.1327878 0.8583564 -0.4955721
vn -0.3627836 0.8583565 -0.362784
vn -0.4955718 0.8583565 -0.1327882
vn -0.7503995 0.6296602 0.2010689
vn -0.5493306 0.6296601 0.5493306
vn -0.2010688 0.6296601 0.7503996
vn 0.2010691 0.6296599 0.7503996
vn 0.5493307 0.6296598 0.5493309
vn 0.7503998 0.6296598 0.2010691
vn 0.7503998 0.6296598 -0.2010689
vn 0.5493308 0.6296599 -0.5493307
vn 0.2010693 0.62966 -0.7503995
vn -0.2010687 0.6296602 -0.7503996
vn -0.5493303 0.6296601 -0.5493308
vn -0.7503994 0.6296603 -0.2010689
vn -0.9112507 0.3316684 0.2441688
vn -0.6670819 0.3316684 0.6670816
vn -0.2441688 0.3316683 0.9112507
vn 0.2441688 0.3316681 0.9112508
vn 0.6670818 0.3316679 0.667082
vn 0.9112508 0.3316679 0.244169
vn 0.9112508 0.3316678 -0.2441688
vn 0.667082 0.3316679 -0.6670818
vn 0.2441691 0.3316681 -0.9112507
vn -0.2441685 0.3316683 -0.9112508
vn -0.6670815 0.3316684 -0.667082
vn -0.9112507 0.3316684 -0.2441688
vn -0.9659259 2.10579E-07 0.2588188
vn -0.707107 4.861372E-08 0.7071066
vn -0.258819 -1.340502E-07 0.9659259
vn 0.2588188 -2.064117E-07 0.9659259
vn 0.7071067 -3.212612E-07 0.7071069
vn 0.9659258 -4.048291E-07 0.258819
vn 0.9659259 -6.787077E-07 -0.258819
vn 0.7071069 -6.068299E-07 -0.7071067
vn 0.2588191 -3.407108E-07 -0.9659258
vn -0.2588187 -1.411093E-07 -0.9659259
vn -0.7071067 -3.793282E-08 -0.7071069
vn -0.9659259 8.224891E-08 -0.258819
vn -0.9112509 -0.3316677 0.2441687
vn -0.6670821 -0.331668 0.6670817
vn -0.2441692 -0.331668 0.9112507
vn 0.2441685 -0.3316681 0.9112508
vn 0.6670815 -0.3316686 0.6670818
vn 0.9112505 -0.3316685 0.244169
vn 0.9112507 -0.3316681 -0.244169
vn 0.6670818 -0.3316683 -0.6670818
vn 0.244169 -0.3316681 -0.9112507
vn -0.2441688 -0.331668 -0.9112508
vn -0.6670819 -0.3316679 -0.6670819
vn -0.9112508 -0.3316677 -0.244169
vn -0.7503997 -0.62966 0.2010689
vn -0.5493309 -0.6296598 0.5493306
vn -0.2010694 -0.6296601 0.7503995
vn 0.2010686 -0.6296602 0.7503996
vn 0.5493304 -0.6296603 0.5493307
vn 0.7503994 -0.6296603 0.2010691
vn 0.7503994 -0.6296603 -0.201069
vn 0.5493304 -0.6296602 -0.5493306
vn 0.201069 -0.6296601 -0.7503995
vn -0.2010691 -0.62966 -0.7503996
vn -0.5493307 -0.6296599 -0.5493307
vn -0.7503997 -0.6296599 -0.201069
vn -0.4955724 -0.8583562 0.132788
vn -0.3627844 -0.8583563 0.3627838
vn -0.1327885 -0.8583564 0.4955719
vn 0.1327877 -0.8583564 0.4955722
vn 0.3627836 -0.8583565 0.362784
vn 0.4955718 -0.8583565 0.1327882
vn 0.4955719 -0.8583565 -0.1327883
vn 0.3627837 -0.8583565 -0.362784
vn 0.1327879 -0.8583565 -0.495572
vn -0.1327883 -0.8583562 -0.4955723
vn -0.3627842 -0.8583562 -0.362784
vn -0.4955724 -0.8583562 -0.1327882
vn -0.1734609 -0.9837434 0.04647851
vn -0.1269823 -0.9837434 0.1269823
vn -0.04647897 -0.9837435 0.1734605
vn 0.04647824 -0.9837435 0.1734607
vn 0.1269816 -0.9837435 0.126982
vn 0.1734602 -0.9837435 0.0464789
vn 0.1734602 -0.9837435 -0.0464785
vn 0.1269816 -0.9837435 -0.1269817
vn 0.04647829 -0.9837435 -0.1734603
vn -0.04647891 -0.9837434 -0.1734606
vn -0.1269823 -0.9837434 -0.1269818
vn -0.1734609 -0.9837434 -0.04647883
vn 0.2588178 -4.850286E-07 0.9659262
vn 0.7071067 -4.688365E-07 0.7071069
vn 0.9659261 -6.340109E-07 0.2588184
vn 0.9659262 -3.265156E-07 -0.2588175
vn 0.7071058 2.370957E-07 -0.7071078
vn 0.2588197 3.181032E-07 -0.9659256
vn -0.2588193 4.625676E-07 -0.9659258
vn -0.7071071 6.425986E-07 -0.7071065
vn -0.9659256 4.493353E-07 -0.2588199
vn -0.9659257 3.127539E-07 0.2588197
vn -0.7071073 -4.287778E-09 0.7071063
vn -0.2588183 -4.139282E-07 0.9659261
vn -0.6483803 -0.39901 0.6483781
vn 0.2350986 -0.4181564 0.8774246
vn 0.6423194 -0.4181598 0.6423149
vn 0.8774213 -0.4181603 0.235104
vn 0.8774234 -0.4181573 -0.2351015
vn 0.6423198 -0.4181508 -0.6423202
vn 0.2351057 -0.4181438 -0.8774287
vn -0.2351056 -0.4181373 -0.8774318
vn -0.6423277 -0.4181334 -0.6423236
vn -0.8774326 -0.4181348 -0.2351073
vn -0.877432 -0.4181381 0.2351038
vn -0.6423218 -0.4181442 0.6423225
vn -0.2351012 -0.4181515 0.8774263
vn -4.580514E-07 -1 1.512097E-07
vn -0.8857017 -0.3990104 0.2373252
vn -0.8857014 -0.399011 -0.2373254
vn -0.6483789 -0.3990109 -0.6483788
vn -0.2373243 -0.3990112 -0.8857016
vn 0.2373244 -0.3990112 -0.8857016
vn 0.6483771 -0.3990113 -0.6483803
vn 0.885702 -0.3990115 -0.2373222
vn 0.8857023 -0.399011 0.2373219
vn 0.6483784 -0.3990105 0.6483796
vn 0.2373224 -0.3990101 0.8857026
vn -0.2373224 -0.3990101 0.8857026
vn 1.317309E-08 1 -1.002101E-08
vn -0.06918419 0.9636113 -0.2581993
vn -0.1861564 0.6947468 -0.6947466
vn -0.2505625 0.2505626 -0.9351133
vn -0.2505626 -0.2505622 -0.9351134
vn -0.1861564 -0.6947469 -0.6947465
vn -0.06918419 -0.9636114 -0.2581991
vn 0.06918417 -0.9636114 0.2581989
vn 0.1861567 -0.6947462 0.694747
vn 0.2505626 -0.2505627 0.9351133
vn 0.2505626 0.2505629 0.9351131
vn 0.1861566 0.6947466 0.6947467
vn 0.06918409 0.9636114 0.2581987
vn -0.1890147 0.9636114 -0.1890149
vn -0.5085896 0.6947467 -0.5085899
vn -0.6845502 0.2505624 -0.6845506
vn -0.6845502 -0.2505626 -0.6845506
vn -0.5085896 -0.6947467 -0.50859
vn -0.1890148 -0.9636114 -0.1890149
vn 0.1890146 -0.9636114 0.1890149
vn 0.5085898 -0.6947464 0.5085902
vn 0.68455 -0.250563 0.6845505
vn 0.68455 0.2505631 0.6845506
vn 0.5085897 0.6947465 0.5085901
vn 0.1890145 0.9636114 0.1890146
vn -0.2581991 0.9636113 -0.0691843
vn -0.6947466 0.6947467 -0.1861569
vn -0.9351131 0.250563 -0.2505631
vn -0.9351131 -0.250563 -0.2505631
vn -0.6947466 -0.6947466 -0.1861569
vn -0.2581991 -0.9636113 -0.0691843
vn 0.2581991 -0.9636114 0.06918432
vn 0.6947468 -0.6947464 0.186157
vn 0.935113 -0.2505628 0.2505631
vn 0.935113 0.2505628 0.2505631
vn 0.6947467 0.6947465 0.186157
vn 0.2581987 0.9636114 0.0691842
vn -0.2581992 0.9636113 0.06918415
vn -0.6947466 0.6947468 0.1861564
vn -0.9351133 0.2505626 0.2505625
vn -0.9351133 -0.2505627 0.2505625
vn -0.6947464 -0.6947469 0.1861563
vn -0.2581992 -0.9636113 0.06918416
vn 0.2581991 -0.9636114 -0.06918412
vn 0.6947469 -0.6947464 -0.1861566
vn 0.9351132 -0.2505628 -0.2505626
vn 0.9351133 0.2505629 -0.2505625
vn 0.6947469 0.6947465 -0.1861566
vn 0.2581988 0.9636114 -0.06918404
vn -0.189015 0.9636113 0.1890148
vn -0.5085899 0.6947469 0.5085895
vn -0.6845507 0.2505622 0.6845502
vn -0.6845507 -0.2505622 0.6845502
vn -0.5085898 -0.6947469 0.5085894
vn -0.1890149 -0.9636114 0.1890148
vn 0.189015 -0.9636113 -0.1890148
vn 0.5085901 -0.6947466 -0.5085897
vn 0.6845506 -0.2505629 -0.6845501
vn 0.6845506 0.2505629 -0.6845501
vn 0.50859 0.6947465 -0.5085897
vn 0.1890147 0.9636114 -0.1890146
vn -0.06918433 0.9636113 0.2581991
vn -0.1861569 0.6947467 0.6947465
vn -0.2505631 0.2505625 0.9351132
vn -0.2505631 -0.2505628 0.9351131
vn -0.1861568 -0.6947471 0.6947461
vn -0.06918431 -0.9636114 0.2581991
vn 0.06918429 -0.9636114 -0.258199
vn 0.186157 -0.6947466 -0.6947466
vn 0.2505632 -0.250563 -0.9351131
vn 0.2505632 0.2505629 -0.9351131
vn 0.1861571 0.6947464 -0.6947468
vn 0.06918422 0.9636115 -0.2581986
vn 0.06918422 0.9636113 0.2581993
vn 0.1861565 0.6947468 0.6947465
vn 0.2505625 0.2505629 0.9351133
vn 0.2505625 -0.2505628 0.9351133
vn 0.1861565 -0.6947469 0.6947464
vn 0.0691842 -0.9636113 0.2581992
vn -0.06918419 -0.9636114 -0.258199
vn -0.1861567 -0.6947466 -0.6947467
vn -0.2505627 -0.2505626 -0.9351132
vn -0.2505627 0.2505624 -0.9351133
vn -0.1861567 0.6947464 -0.6947469
vn -0.06918415 0.9636114 -0.2581988
vn 0.1890147 0.9636114 0.1890149
vn 0.5085896 0.6947467 0.5085899
vn 0.6845503 0.2505625 0.6845505
vn 0.6845503 -0.2505625 0.6845505
vn 0.5085896 -0.6947468 0.5085898
vn 0.1890148 -0.9636114 0.1890149
vn -0.1890148 -0.9636114 -0.1890149
vn -0.5085899 -0.6947464 -0.5085901
vn -0.6845502 -0.2505629 -0.6845505
vn -0.6845502 0.2505628 -0.6845505
vn -0.5085897 0.6947466 -0.50859
vn -0.1890145 0.9636114 -0.1890146
vn 0.2581991 0.9636114 0.0691843
vn 0.6947467 0.6947466 0.1861569
vn 0.935113 0.250563 0.2505631
vn 0.935113 -0.250563 0.2505631
vn 0.6947466 -0.6947466 0.1861569
vn 0.2581991 -0.9636114 0.06918431
vn -0.258199 -0.9636114 -0.06918433
vn -0.6947468 -0.6947464 -0.186157
vn -0.935113 -0.2505628 -0.2505631
vn -0.9351131 0.2505629 -0.2505632
vn -0.6947467 0.6947464 -0.186157
vn -0.2581986 0.9636114 -0.06918421
vn 0.2581992 0.9636113 -0.06918412
vn 0.6947468 0.6947466 -0.1861564
vn 0.9351131 0.250563 -0.2505625
vn 0.9351133 -0.2505629 -0.2505625
vn 0.6947467 -0.6947467 -0.1861563
vn 0.2581991 -0.9636113 -0.06918411
vn -0.2581991 -0.9636114 0.06918414
vn -0.6947469 -0.6947464 0.1861566
vn -0.9351133 -0.2505629 0.2505626
vn -0.9351132 0.2505628 0.2505625
vn -0.6947469 0.6947465 0.1861565
vn -0.2581987 0.9636114 0.06918405
vn 0.189015 0.9636113 -0.1890148
vn 0.5085899 0.6947467 -0.5085897
vn 0.6845507 0.2505625 -0.6845501
vn 0.6845506 -0.2505628 -0.6845501
vn 0.5085901 -0.6947464 -0.5085897
vn 0.1890149 -0.9636114 -0.1890148
vn -0.1890149 -0.9636114 0.1890148
vn -0.5085901 -0.6947465 0.5085897
vn -0.6845506 -0.2505625 0.6845502
vn -0.6845506 0.2505627 0.6845501
vn -0.5085901 0.6947466 0.5085896
vn -0.1890147 0.9636114 0.1890145
vn 0.0691843 0.9636113 -0.2581992
vn 0.1861567 0.694747 -0.6947462
vn 0.2505628 0.2505629 -0.9351131
vn 0.2505629 -0.2505631 -0.9351131
vn 0.1861568 -0.6947465 -0.6947467
vn 0.06918427 -0.9636114 -0.2581991
vn -0.06918428 -0.9636114 0.2581991
vn -0.1861569 -0.6947465 0.6947467
vn -0.2505629 -0.2505624 0.9351133
vn -0.2505629 0.2505625 0.9351131
vn -0.1861568 0.6947467 0.6947466
vn -0.06918419 0.9636114 0.2581987
vn -0.06918435 0.9636113 -0.2581991
vn -0.1861566 0.6947469 -0.6947464
vn -0.2505625 0.2505627 -0.9351133
vn -0.2505625 -0.2505621 -0.9351134
vn -0.1861563 -0.6947467 -0.6947466
vn -0.06918402 -0.9636113 -0.2581992
vn 0.06918433 -0.9636114 0.2581987
vn 0.1861569 -0.6947463 0.6947469
vn 0.2505626 -0.2505628 0.9351133
vn 0.2505625 0.2505628 0.9351132
vn 0.1861565 0.6947465 0.6947469
vn 0.06918392 0.9636114 0.2581989
vn -0.1890149 0.9636114 -0.1890147
vn -0.5085897 0.6947467 -0.5085898
vn -0.6845502 0.2505624 -0.6845506
vn -0.6845501 -0.2505626 -0.6845506
vn -0.5085894 -0.6947467 -0.5085901
vn -0.1890146 -0.9636114 -0.1890151
vn 0.1890148 -0.9636114 0.1890147
vn 0.5085899 -0.6947464 0.50859
vn 0.6845501 -0.250563 0.6845505
vn 0.68455 0.2505631 0.6845506
vn 0.5085896 0.6947465 0.5085902
vn 0.1890143 0.9636114 0.1890148
vn -0.2581993 0.9636113 -0.06918414
vn -0.6947467 0.6947466 -0.1861567
vn -0.9351131 0.2505628 -0.2505631
vn -0.935113 -0.2505631 -0.2505631
vn -0.6947464 -0.6947467 -0.186157
vn -0.2581989 -0.9636114 -0.06918447
vn 0.2581993 -0.9636113 0.06918415
vn 0.6947469 -0.6947463 0.1861569
vn 0.9351131 -0.2505627 0.2505631
vn 0.935113 0.250563 0.2505632
vn 0.6947466 0.6947466 0.1861571
vn 0.2581985 0.9636115 0.06918437
vn -0.2581994 0.9636112 0.06918432
vn -0.6947467 0.6947466 0.1861565
vn -0.9351133 0.2505624 0.2505625
vn -0.9351132 -0.2505628 0.2505624
vn -0.6947463 -0.6947471 0.1861562
vn -0.258199 -0.9636114 0.06918399
vn 0.2581992 -0.9636113 -0.06918429
vn 0.694747 -0.6947463 -0.1861567
vn 0.9351133 -0.2505626 -0.2505626
vn 0.9351131 0.2505631 -0.2505625
vn 0.6947467 0.6947467 -0.1861565
vn 0.2581986 0.9636115 -0.06918387
vn -0.1890152 0.9636112 0.189015
vn -0.50859 0.6947467 0.5085896
vn -0.6845508 0.250562 0.6845503
vn -0.6845507 -0.2505625 0.6845502
vn -0.5085897 -0.6947471 0.5085893
vn -0.1890147 -0.9636114 0.1890146
vn 0.1890151 -0.9636112 -0.189015
vn 0.5085902 -0.6947464 -0.5085898
vn 0.6845506 -0.2505627 -0.6845502
vn 0.6845506 0.2505631 -0.6845501
vn 0.5085899 0.6947467 -0.5085896
vn 0.1890146 0.9636115 -0.1890144
vn -0.0691845 0.9636112 0.2581993
vn -0.186157 0.6947466 0.6947466
vn -0.2505632 0.2505623 0.9351131
vn -0.2505631 -0.250563 0.935113
vn -0.1861567 -0.6947473 0.694746
vn -0.06918414 -0.9636114 0.2581989
vn 0.06918445 -0.9636113 -0.2581992
vn 0.1861571 -0.6947464 -0.6947467
vn 0.2505632 -0.2505628 -0.935113
vn 0.2505631 0.2505631 -0.935113
vn 0.1861569 0.6947466 -0.6947466
vn 0.06918405 0.9636115 -0.2581985
vn 0.06918405 0.9636112 0.2581994
vn 0.1861564 0.6947467 0.6947467
vn 0.2505625 0.2505628 0.9351133
vn 0.2505626 -0.2505629 0.9351133
vn 0.1861566 -0.694747 0.6947463
vn 0.06918436 -0.9636114 0.258199
vn -0.06918402 -0.9636113 -0.2581992
vn -0.1861566 -0.6947464 -0.6947469
vn -0.2505626 -0.2505625 -0.9351133
vn -0.2505628 0.2505625 -0.9351133
vn -0.1861569 0.6947465 -0.6947467
vn -0.06918431 0.9636115 -0.2581986
vn 0.1890146 0.9636114 0.189015
vn 0.5085894 0.6947467 0.50859
vn 0.6845503 0.2505625 0.6845505
vn 0.6845504 -0.2505625 0.6845505
vn 0.5085897 -0.6947468 0.5085897
vn 0.189015 -0.9636114 0.1890147
vn -0.1890146 -0.9636114 -0.1890151
vn -0.5085897 -0.6947464 -0.5085902
vn -0.6845502 -0.2505629 -0.6845505
vn -0.6845502 0.2505628 -0.6845505
vn -0.5085898 0.6947466 -0.5085899
vn -0.1890147 0.9636114 -0.1890145
vn 0.2581989 0.9636114 0.06918447
vn 0.6947466 0.6947467 0.186157
vn 0.935113 0.2505631 0.2505632
vn 0.9351131 -0.2505628 0.2505631
vn 0.6947467 -0.6947465 0.1861568
vn 0.2581992 -0.9636113 0.06918414
vn -0.2581989 -0.9636114 -0.06918449
vn -0.6947467 -0.6947465 -0.1861571
vn -0.935113 -0.250563 -0.2505631
vn -0.9351131 0.2505628 -0.2505631
vn -0.6947469 0.6947463 -0.1861569
vn -0.2581989 0.9636114 -0.06918404
vn 0.258199 0.9636114 -0.06918395
vn 0.6947466 0.6947468 -0.1861563
vn 0.9351131 0.2505632 -0.2505624
vn 0.9351133 -0.2505627 -0.2505625
vn 0.6947468 -0.6947465 -0.1861565
vn 0.2581993 -0.9636112 -0.06918428
vn -0.2581989 -0.9636114 0.06918397
vn -0.6947467 -0.6947466 0.1861565
vn -0.9351131 -0.2505631 0.2505625
vn -0.9351133 0.2505626 0.2505625
vn -0.694747 0.6947463 0.1861566
vn -0.2581989 0.9636114 0.06918422
vn 0.1890149 0.9636114 -0.1890146
vn 0.5085897 0.6947468 -0.5085896
vn 0.6845506 0.2505628 -0.68455
vn 0.6845506 -0.2505626 -0.6845502
vn 0.5085902 -0.6947463 -0.5085899
vn 0.189015 -0.9636113 -0.1890149
vn -0.1890148 -0.9636114 0.1890146
vn -0.50859 -0.6947467 0.5085896
vn -0.6845506 -0.2505627 0.6845501
vn -0.6845506 0.2505625 0.6845502
vn -0.5085902 0.6947464 0.5085897
vn -0.1890149 0.9636114 0.1890147
vn 0.06918414 0.9636114 -0.2581991
vn 0.1861566 0.6947472 -0.6947461
vn 0.2505628 0.2505631 -0.9351131
vn 0.250563 -0.2505629 -0.9351131
vn 0.1861569 -0.6947463 -0.6947469
vn 0.06918444 -0.9636113 -0.2581993
vn -0.06918412 -0.9636114 0.2581989
vn -0.1861568 -0.6947467 0.6947466
vn -0.2505628 -0.2505626 0.9351131
vn -0.250563 0.2505623 0.9351132
vn -0.1861569 0.6947465 0.6947467
vn -0.06918436 0.9636114 0.2581989
vn -0.06918416 0.9636113 -0.2581993
vn -0.1861563 0.6947468 -0.6947466
vn -0.2505624 0.2505626 -0.9351133
vn -0.2505624 -0.2505622 -0.9351134
vn -0.1861563 -0.6947469 -0.6947466
vn -0.06918416 -0.9636114 -0.2581991
vn 0.06918414 -0.9636114 0.2581989
vn 0.1861566 -0.6947462 0.694747
vn 0.2505625 -0.2505627 0.9351133
vn 0.2505625 0.2505629 0.9351132
vn 0.1861565 0.6947466 0.6947467
vn 0.06918406 0.9636114 0.2581987
vn -0.1890147 0.9636114 -0.1890149
vn -0.5085895 0.6947467 -0.50859
vn -0.6845501 0.2505624 -0.6845508
vn -0.68455 -0.2505626 -0.6845507
vn -0.5085895 -0.6947467 -0.50859
vn -0.1890147 -0.9636114 -0.189015
vn 0.1890146 -0.9636114 0.1890149
vn 0.5085897 -0.6947464 0.5085902
vn 0.68455 -0.250563 0.6845506
vn 0.6845499 0.2505631 0.6845506
vn 0.5085897 0.6947465 0.5085902
vn 0.1890145 0.9636114 0.1890147
vn -0.2581991 0.9636113 -0.06918433
vn -0.6947466 0.6947467 -0.186157
vn -0.9351131 0.250563 -0.2505632
vn -0.935113 -0.250563 -0.2505631
vn -0.6947466 -0.6947466 -0.186157
vn -0.2581991 -0.9636113 -0.06918433
vn 0.2581991 -0.9636114 0.06918435
vn 0.6947468 -0.6947464 0.1861571
vn 0.935113 -0.2505628 0.2505632
vn 0.935113 0.2505628 0.2505633
vn 0.6947467 0.6947465 0.1861571
vn 0.2581987 0.9636114 0.06918423
vn -0.2581992 0.9636113 0.06918412
vn -0.6947466 0.6947468 0.1861563
vn -0.9351133 0.2505626 0.2505623
vn -0.9351134 -0.2505627 0.2505624
vn -0.6947464 -0.6947469 0.1861562
vn -0.2581992 -0.9636113 0.06918413
vn 0.2581991 -0.9636114 -0.06918409
vn 0.6947469 -0.6947464 -0.1861565
vn 0.9351133 -0.2505628 -0.2505625
vn 0.9351132 0.2505628 -0.2505624
vn 0.6947469 0.6947465 -0.1861565
vn 0.2581988 0.9636114 -0.06918401
vn -0.189015 0.9636113 0.1890148
vn -0.5085899 0.6947469 0.5085894
vn -0.6845508 0.2505622 0.6845501
vn -0.6845508 -0.2505622 0.6845501
vn -0.5085899 -0.6947469 0.5085893
vn -0.1890149 -0.9636114 0.1890148
vn 0.189015 -0.9636113 -0.1890148
vn 0.5085902 -0.6947466 -0.5085896
vn 0.6845507 -0.2505629 -0.68455
vn 0.6845507 0.2505629 -0.68455
vn 0.5085901 0.6947465 -0.5085896
vn 0.1890148 0.9636114 -0.1890145
vn -0.06918436 0.9636113 0.2581991
vn -0.186157 0.6947467 0.6947465
vn -0.2505632 0.2505625 0.9351131
vn -0.2505632 -0.2505628 0.935113
vn -0.1861569 -0.6947471 0.6947461
vn -0.06918435 -0.9636114 0.2581991
vn 0.06918432 -0.9636114 -0.258199
vn 0.186157 -0.6947466 -0.6947466
vn 0.2505633 -0.250563 -0.935113
vn 0.2505633 0.2505629 -0.935113
vn 0.1861571 0.6947464 -0.6947467
vn 0.06918426 0.9636115 -0.2581986
vn 0.06918419 0.9636113 0.2581993
vn 0.1861564 0.6947468 0.6947466
vn 0.2505624 0.2505629 0.9351132
vn 0.2505624 -0.2505628 0.9351133
vn 0.1861564 -0.6947469 0.6947465
vn 0.06918417 -0.9636113 0.2581992
vn -0.06918416 -0.9636114 -0.258199
vn -0.1861566 -0.6947465 -0.6947467
vn -0.2505626 -0.2505626 -0.9351133
vn -0.2505626 0.2505624 -0.9351133
vn -0.1861566 0.6947464 -0.6947469
vn -0.06918412 0.9636114 -0.2581988
vn 0.1890147 0.9636114 0.1890149
vn 0.5085895 0.6947467 0.50859
vn 0.6845503 0.2505625 0.6845506
vn 0.6845503 -0.2505625 0.6845506
vn 0.5085895 -0.6947468 0.5085899
vn 0.1890148 -0.9636114 0.1890149
vn -0.1890148 -0.9636114 -0.1890149
vn -0.5085898 -0.6947464 -0.5085902
vn -0.6845501 -0.2505629 -0.6845506
vn -0.6845501 0.2505628 -0.6845506
vn -0.5085896 0.6947466 -0.50859
vn -0.1890145 0.9636114 -0.1890147
vn 0.2581991 0.9636114 0.06918433
vn 0.6947467 0.6947466 0.186157
vn 0.935113 0.250563 0.2505632
vn 0.935113 -0.250563 0.2505632
vn 0.6947466 -0.6947466 0.186157
vn 0.2581991 -0.9636114 0.06918434
vn -0.258199 -0.9636114 -0.06918436
vn -0.6947468 -0.6947464 -0.1861571
vn -0.935113 -0.2505628 -0.2505632
vn -0.9351131 0.2505629 -0.2505633
vn -0.6947467 0.6947464 -0.1861571
vn -0.2581986 0.9636114 -0.06918424
vn 0.2581992 0.9636113 -0.06918409
vn 0.6947468 0.6947466 -0.1861563
vn 0.9351132 0.250563 -0.2505624
vn 0.9351132 -0.2505629 -0.2505624
vn 0.6947467 -0.6947467 -0.1861563
vn 0.2581991 -0.9636113 -0.06918408
vn -0.2581991 -0.9636114 0.06918411
vn -0.6947469 -0.6947464 0.1861565
vn -0.9351132 -0.2505628 0.2505624
vn -0.9351133 0.2505628 0.2505623
vn -0.6947469 0.6947465 0.1861564
vn -0.2581987 0.9636114 0.06918402
vn 0.189015 0.9636113 -0.1890148
vn 0.50859 0.6947467 -0.5085897
vn 0.6845508 0.2505625 -0.68455
vn 0.6845507 -0.2505628 -0.68455
vn 0.5085902 -0.6947464 -0.5085897
vn 0.1890149 -0.9636114 -0.1890147
vn -0.189015 -0.9636114 0.1890148
vn -0.5085902 -0.6947465 0.5085897
vn -0.6845508 -0.2505625 0.6845501
vn -0.6845507 0.2505627 0.68455
vn -0.5085902 0.6947466 0.5085895
vn -0.1890147 0.9636114 0.1890145
vn 0.06918434 0.9636113 -0.2581992
vn 0.1861568 0.694747 -0.6947462
vn 0.250563 0.2505629 -0.9351131
vn 0.2505631 -0.2505631 -0.9351131
vn 0.1861569 -0.6947465 -0.6947467
vn 0.0691843 -0.9636114 -0.2581991
vn -0.06918432 -0.9636114 0.2581991
vn -0.186157 -0.6947465 0.6947467
vn -0.250563 -0.2505624 0.9351133
vn -0.250563 0.2505625 0.9351131
vn -0.1861569 0.6947467 0.6947466
vn -0.06918422 0.9636114 0.2581987
vt -0.016373 -0.02241806
vt -0.01665626 -0.02395984
vt -0.01585945 -0.02389914
vt -0.002982977 -0.02484639
vt -0.003958855 -0.02607317
vt -0.003227331 -0.02639482
vt 0.007883876 -0.03271533
vt 0.006443991 -0.03333505
vt 0.006936567 -0.0339643
vt 0.01354235 -0.04415142
vt 0.01198173 -0.04400384
vt 0.01211176 -0.04479231
vt 0.01213289 -0.05643207
vt 0.01085184 -0.05552862
vt 0.01057295 -0.05627748
vt 0.0030706 -0.06627547
vt 0.002449223 -0.0648363
vt 0.00182054 -0.0653296
vt -0.01173785 -0.07028063
vt -0.01147663 -0.06873497
vt -0.01227249 -0.06880704
vt -0.02729717 -0.06677474
vt -0.02623238 -0.06562428
vt -0.02693783 -0.06524889
vt -0.03820192 -0.05740616
vt -0.03668937 -0.05699445
vt -0.03708885 -0.05630235
vt -0.04186574 -0.04556792
vt -0.04035186 -0.04597468
vt -0.04034805 -0.04517558
vt -0.03838252 -0.03427048
vt -0.03725482 -0.03535934
vt -0.03686462 -0.03466197
vt -0.0291472 -0.02590328
vt -0.02867068 -0.02739668
vt -0.02799645 -0.02696774
vt -0.01961768 0.02623962
vt -0.02041462 0.02618068
vt -0.02065236 0.02463123
vt -0.0191546 0.02474199
vt 0.01682028 0.02019779
vt 0.01608373 0.02050774
vt 0.01516733 0.01923591
vt 0.01655161 0.0186534
vt 0.04591182 -0.0007407783
vt 0.04538155 -0.0001429584
vt 0.04400551 -0.0008938521
vt 0.0450021 -0.002017387
vt 0.06284709 -0.02874018
vt 0.0626089 -0.02797738
vt 0.06104591 -0.02809734
vt 0.06149355 -0.02953092
vt 0.06567419 -0.05866911
vt 0.06578442 -0.05787763
vt 0.0643198 -0.05731888
vt 0.06411263 -0.05880638
vt 0.04755727 -0.08907415
vt 0.04806283 -0.08845527
vt 0.047102 -0.08721668
vt 0.04615187 -0.08837976
vt -0.004357682 -0.1076822
vt -0.003565455 -0.1075775
vt -0.003417273 -0.106017
vt -0.004906171 -0.1062137
vt -0.06259099 -0.0890844
vt -0.06196743 -0.08958416
vt -0.06073786 -0.08861179
vt -0.06190978 -0.08767257
vt -0.08706231 -0.05763711
vt -0.08683293 -0.05840259
vt -0.08526866 -0.05830066
vt -0.08569975 -0.05686201
vt -0.08888729 -0.03070337
vt -0.08902314 -0.03149085
vt -0.0875774 -0.03209681
vt -0.08732209 -0.03061682
vt -0.07726677 -0.006113045
vt -0.07771336 -0.006775728
vt -0.07664284 -0.007920856
vt -0.07580353 -0.006675422
vt -0.05356459 0.01522616
vt -0.05424982 0.01481501
vt -0.0537651 0.01332425
vt -0.05247729 0.01409696
vt -0.02308519 0.07040077
vt -0.02458205 0.07027852
vt -0.02471615 0.06871668
vt -0.02269944 0.06888139
vt 0.036533 0.0605153
vt 0.03516751 0.06114059
vt 0.03428684 0.05984376
vt 0.03612656 0.05900132
vt 0.07824859 0.02706623
vt 0.07725646 0.02819371
vt 0.07592375 0.02736838
vt 0.07726043 0.02584932
vt 0.1005292 -0.0083741
vt 0.09994972 -0.006988573
vt 0.09842306 -0.007344442
vt 0.09920386 -0.009211157
vt 0.1100804 -0.03795495
vt 0.1099214 -0.03646155
vt 0.1083567 -0.03636593
vt 0.108571 -0.03837798
vt 0.105916 -0.06896982
vt 0.1063042 -0.06751902
vt 0.1048784 -0.06686753
vt 0.1043554 -0.06882219
vt 0.02045396 -0.1294276
vt 0.02188848 -0.128983
vt 0.02167998 -0.1274293
vt 0.01974725 -0.1280284
vt -0.1159924 -0.06228597
vt -0.1153482 -0.06364267
vt -0.11384 -0.06321533
vt -0.1147079 -0.06138744
vt -0.12538 -0.02868674
vt -0.1253942 -0.03018851
vt -0.123851 -0.03046389
vt -0.1238319 -0.02844056
vt -0.1205622 -0.009137821
vt -0.1210145 -0.01056997
vt -0.119619 -0.01128408
vt -0.1190097 -0.009354563
vt -0.1063159 0.01619245
vt -0.1071797 0.01496384
vt -0.1060651 0.0138615
vt -0.1049014 0.0155168
vt -0.07588602 0.04818549
vt -0.07714902 0.04737287
vt -0.07653196 0.04593183
vt -0.07483032 0.04702667
vt -0.02807484 0.1047081
vt -0.03008726 0.1044974
vt -0.03006265 0.10293
vt -0.02777421 0.1031696
vt 0.06009803 0.08783741
vt 0.05834422 0.08884658
vt 0.05744519 0.08756241
vt 0.05943955 0.08641483
vt 0.1060571 0.04167793
vt 0.1048233 0.04328171
vt 0.1035011 0.04243964
vt 0.1049041 0.04061588
vt 0.125102 0.007393084
vt 0.1242373 0.009222439
vt 0.1227663 0.008680614
vt 0.1237496 0.006600348
vt 0.1339682 -0.007561804
vt 0.1333264 -0.005642842
vt 0.1318016 -0.006006469
vt 0.1325313 -0.008188635
vt 0.1381664 0.0003809602
vt 0.1375825 0.002318301
vt 0.1360474 0.002000552
vt 0.1367114 -0.00020251
vt 0.09534557 0.1007788
vt 0.09369878 0.1019545
vt 0.09267856 0.1007644
vt 0.09455122 0.09942739
vt -0.133113 0.03831982
vt -0.13376 0.03640264
vt -0.1323249 0.03577185
vt -0.1315891 0.03795199
vt -0.137715 0.01178959
vt -0.1383154 0.00985731
vt -0.1368655 0.009261431
vt -0.1361827 0.01145874
vt -0.1355577 0.008237125
vt -0.1363392 0.006370688
vt -0.1349525 0.005639655
vt -0.1340638 0.00776209
vt -0.1264575 0.02524393
vt -0.1275586 0.02354635
vt -0.1263241 0.02258022
vt -0.1250719 0.02451064
vt -0.09901465 0.06453288
vt -0.1006001 0.06327564
vt -0.09973863 0.06196596
vt -0.09793574 0.06339565
vt -0.03861129 0.1246852
vt -0.04087884 0.1242945
vt -0.04061265 0.1227496
vt -0.03834511 0.1231404
vt 0.09329759 0.09010451
vt 0.09159505 0.09165235
vt 0.09054055 0.09049246
vt 0.09224308 0.08894463
vt 0.1281131 0.03672593
vt 0.1269701 0.03872287
vt 0.1256096 0.03794412
vt 0.1267527 0.03594718
vt 0.1370694 0.01286626
vt 0.1360866 0.01494674
vt 0.1346692 0.01427713
vt 0.1356521 0.01219666
vt 0.137796 0.01564136
vt 0.1367327 0.01768195
vt 0.1353426 0.01695762
vt 0.1364058 0.01491703
vt 0.1249746 0.05201522
vt 0.1235071 0.05378742
vt 0.1222997 0.05278761
vt 0.1237673 0.05101541
vt 0.04087874 0.1242945
vt 0.0386112 0.1246852
vt 0.03834501 0.1231404
vt 0.04061255 0.1227497
vt -0.091595 0.09165236
vt -0.09329753 0.09010452
vt -0.09224304 0.08894464
vt -0.09054051 0.09049247
vt -0.12697 0.0387229
vt -0.1281131 0.03672596
vt -0.1267526 0.03594721
vt -0.1256096 0.03794415
vt -0.1360866 0.01494674
vt -0.1370694 0.01286627
vt -0.1356521 0.01219666
vt -0.1346692 0.01427714
vt -0.1367327 0.01768194
vt -0.137796 0.01564134
vt -0.1364058 0.01491702
vt -0.1353426 0.01695761
vt -0.1235071 0.0537874
vt -0.1249746 0.0520152
vt -0.1237673 0.0510154
vt -0.1222997 0.05278759
vt -0.0934742 0.1018788
vt -0.09534687 0.1005418
vt -0.09432665 0.0993516
vt -0.09267985 0.1005273
vt 0.1336223 0.03620972
vt 0.1328865 0.03838986
vt 0.1314515 0.03775907
vt 0.1320985 0.03584189
vt 0.1381731 0.009667786
vt 0.1374903 0.0118651
vt 0.1360404 0.01126922
vt 0.1366408 0.009336935
vt 0.1362155 0.006168484
vt 0.1353269 0.00829092
vt 0.1339402 0.007559886
vt 0.1347217 0.005693449
vt 0.1274729 0.02332537
vt 0.1262207 0.02525579
vt 0.1249862 0.02428965
vt 0.1260874 0.02259207
vt 0.1005894 0.06303883
vt 0.09878653 0.06446852
vt 0.09792507 0.06315885
vt 0.09951051 0.06190161
vt 0.03020523 0.1042918
vt 0.02791678 0.1045315
vt 0.02789217 0.1029641
vt 0.02990459 0.1027534
vt -0.05812816 0.08874924
vt -0.06012251 0.08760165
vt -0.05922348 0.08631748
vt -0.05746967 0.08732665
vt -0.1045864 0.04327456
vt -0.1059894 0.04145081
vt -0.1046671 0.04060873
vt -0.1034334 0.04221251
vt -0.1240043 0.009265778
vt -0.1249876 0.007185512
vt -0.1235166 0.006643686
vt -0.1226519 0.008473041
vt -0.1331002 -0.005572187
vt -0.1338299 -0.007754353
vt -0.1323051 -0.008117982
vt -0.1316634 -0.006199019
vt -0.1373585 0.002395757
vt -0.1380225 0.000192695
vt -0.1364874 -0.000125055
vt -0.1359035 0.001812283
vt -0.02204951 -0.1286217
vt -0.02011678 -0.1292208
vt -0.01990827 -0.1276671
vt -0.0213428 -0.1272225
vt 0.1149677 -0.06375074
vt 0.1158356 -0.06192286
vt 0.1143274 -0.0614955
vt 0.1136832 -0.0628522
vt 0.1250993 -0.03045212
vt 0.1250802 -0.02842878
vt 0.123537 -0.02870417
vt 0.1235512 -0.03020594
vt 0.1208094 -0.0109082
vt 0.1202001 -0.00897868
vt 0.1188047 -0.009692799
vt 0.1192569 -0.01112494
vt 0.1070863 0.01457946
vt 0.1059226 0.01623476
vt 0.1048081 0.01513242
vt 0.1056718 0.01390381
vt 0.07720745 0.04698164
vt 0.07550581 0.04807648
vt 0.07488875 0.04663544
vt 0.07615175 0.04582282
vt 0.02481776 0.06996088
vt 0.02280105 0.07012559
vt 0.02293515 0.06856374
vt 0.02443201 0.0684415
vt -0.03480659 0.06097874
vt -0.0366463 0.0601363
vt -0.03576563 0.05883948
vt -0.03440014 0.05946476
vt -0.07686091 0.02819306
vt -0.07819759 0.026674
vt -0.07686488 0.02584868
vt -0.07587274 0.02697616
vt -0.09957471 -0.006862745
vt -0.1003555 -0.008729461
vt -0.09882887 -0.009085329
vt -0.09824933 -0.007699803
vt -0.109598 -0.03623374
vt -0.1098123 -0.03824579
vt -0.1082477 -0.03815018
vt -0.1080886 -0.03665678
vt -0.1060843 -0.06719026
vt -0.1055613 -0.06914492
vt -0.1041355 -0.06849343
vt -0.1045237 -0.06704263
vt 0.003251766 -0.1072692
vt 0.004740664 -0.1074659
vt 0.004592482 -0.1059054
vt 0.003800255 -0.1058007
vt 0.06152773 -0.08959743
vt 0.06269965 -0.08865821
vt 0.06147008 -0.08768584
vt 0.06084651 -0.08818559
vt 0.08647858 -0.05866324
vt 0.08690967 -0.05722459
vt 0.08534539 -0.05712266
vt 0.08511601 -0.05788814
vt 0.08882213 -0.03188208
vt 0.08856681 -0.0304021
vt 0.08712108 -0.03100806
vt 0.08725692 -0.03179554
vt 0.07769027 -0.007214974
vt 0.07685097 -0.00596954
vt 0.07578046 -0.007114669
vt 0.07622704 -0.007777352
vt 0.05441496 0.01440733
vt 0.05312715 0.01518004
vt 0.05264243 0.01368928
vt 0.05332766 0.01327813
vt 0.02074549 0.0258909
vt 0.01924774 0.02600166
vt 0.01948547 0.02445221
vt 0.02028241 0.02439327
vt -0.01565725 0.02040013
vt -0.01704153 0.01981762
vt -0.01612514 0.01854579
vt -0.01538858 0.01885574
vt -0.04495041 -5.569488E-05
vt -0.04594701 -0.00117923
vt -0.04457096 -0.001930124
vt -0.04404069 -0.001332304
vt -0.06225161 -0.02772084
vt -0.06269925 -0.02915442
vt -0.06113626 -0.02927437
vt -0.06089807 -0.02851158
vt -0.06557082 -0.05749311
vt -0.06536366 -0.0589806
vt -0.06389903 -0.05842186
vt -0.06400926 -0.05763038
vt -0.0480802 -0.08801576
vt -0.04713007 -0.08917885
vt -0.04616923 -0.08794025
vt -0.04667479 -0.08732138
vt 0.01134938 -0.07013968
vt 0.01214524 -0.07021175
vt 0.01188402 -0.06866609
vt 0.02689492 -0.06686944
vt 0.02760037 -0.06649404
vt 0.02653558 -0.06534359
vt 0.03791091 -0.05769954
vt 0.03831039 -0.05700745
vt 0.03679784 -0.05659574
vt 0.04176234 -0.04596798
vt 0.04175854 -0.04516887
vt 0.04024465 -0.04557564
vt 0.03848578 -0.03467062
vt 0.03809557 -0.03397325
vt 0.03696787 -0.03506212
vt 0.0294279 -0.02620666
vt 0.02875366 -0.02577772
vt 0.02827714 -0.02727112
vt 0.01676344 -0.02255346
vt 0.01596664 -0.02249276
vt 0.0162499 -0.02403454
vt 0.003391124 -0.024782
vt 0.0026596 -0.02510365
vt 0.003635478 -0.02633043
vt -0.007554633 -0.03246564
vt -0.008047206 -0.03309489
vt -0.006607324 -0.03371461
vt -0.01337339 -0.04377433
vt -0.01350342 -0.04456279
vt -0.0119428 -0.04441522
vt -0.01217363 -0.05602087
vt -0.01189474 -0.05676974
vt -0.01061368 -0.05586629
vt -0.003319982 -0.06594592
vt -0.0026913 -0.06643922
vt -0.002069923 -0.06500005
vt 0.1311915 0.01079681
vt 0.1307551 0.01172055
vt 0.1280902 0.01046159
vt 0.1285266 0.009537845
vt 0.1320031 0.01334441
vt 0.131531 0.01425045
vt 0.1289172 0.01288859
vt 0.1293893 0.01198255
vt 0.1197923 0.04855443
vt 0.1191407 0.04934129
vt 0.1168707 0.04746149
vt 0.1175223 0.04667463
vt 0.03919624 0.1182943
vt 0.03818944 0.1184678
vt 0.03768896 0.1155633
vt 0.03869576 0.1153898
vt -0.08789878 0.08663525
vt -0.08865471 0.08594801
vt -0.08667208 0.08376723
vt -0.08591615 0.08445448
vt -0.1219081 0.03508834
vt -0.1224156 0.03420169
vt -0.1198578 0.03273751
vt -0.1193502 0.03362416
vt -0.1307551 0.01172052
vt -0.1311915 0.01079678
vt -0.1285266 0.009537814
vt -0.1280902 0.01046156
vt -0.131531 0.01425047
vt -0.1320031 0.01334444
vt -0.1293893 0.01198258
vt -0.1289172 0.01288861
vt -0.1191408 0.0493411
vt -0.1197924 0.04855424
vt -0.1175224 0.04667444
vt -0.1168708 0.04746131
vt -0.03818879 0.118468
vt -0.0391956 0.1182945
vt -0.03869513 0.11539
vt -0.03768833 0.1155635
vt 0.08865441 0.08594829
vt 0.08789848 0.08663554
vt 0.08591585 0.08445476
vt 0.08667178 0.08376751
vt 0.1224157 0.03420157
vt 0.1219082 0.03508823
vt 0.1193503 0.03362405
vt 0.1198578 0.0327374
vt 0.1324752 0.01517014
vt 0.1326428 0.01416233
vt 0.1348326 0.01428997
vt 0.1345886 0.01575786
vt 0.1263775 0.0001734299
vt 0.1260021 0.001123593
vt 0.1252321 0.0007150047
vt 0.1255362 -5.462458E-05
vt 0.1162552 0.01883809
vt 0.1156857 0.0196863
vt 0.1150206 0.01912287
vt 0.1154819 0.01843582
vt 0.08909502 0.05515842
vt 0.08827253 0.05576445
vt 0.08783682 0.0550095
vt 0.08850303 0.05451861
vt 0.02715031 0.08873345
vt 0.02613336 0.08883116
vt 0.02614712 0.0879596
vt 0.02697085 0.08788045
vt -0.04806827 0.07605617
vt -0.04897045 0.07557678
vt -0.04847828 0.07485736
vt -0.04774752 0.07524566
vt -0.09198968 0.03569097
vt -0.09263225 0.03489671
vt -0.09189776 0.03442732
vt -0.09137728 0.03507068
vt -0.1120493 0.002024973
vt -0.1124787 0.001097949
vt -0.1116519 0.0008219357
vt -0.1113041 0.001572826
vt -0.1218214 -0.01639972
vt -0.1220925 -0.01738474
vt -0.1212315 -0.01752103
vt -0.121012 -0.01672317
vt -0.1270902 -0.01967173
vt -0.1272391 -0.02068246
vt -0.126368 -0.0207127
vt -0.1262473 -0.01989401
vt -0.1303809 -4.659977E-05
vt -0.1305178 -0.001059023
vt -0.1296463 -0.001078913
vt -0.1295354 -0.0002588506
vt 0.130429 0.007350964
vt 0.1303108 0.00836575
vt 0.1294616 0.008169161
vt 0.1295573 0.007347186
vt 0.1299283 -0.001947003
vt 0.1296984 -0.0009515624
vt 0.1288763 -0.001241051
vt 0.1290625 -0.002047359
vt 0.01576138 -0.04761619
vt 0.01582852 -0.04679139
vt 0.01547427 -0.04604352
vt 0.01479354 -0.04557297
vt 0.01396875 -0.04550583
vt 0.01322088 -0.04586009
vt 0.01275033 -0.04654081
vt 0.01268319 -0.04736561
vt 0.01303744 -0.04811347
vt 0.01371817 -0.04858402
vt 0.01454297 -0.04865116
vt 0.01529084 -0.04829691
vt -0.1289011 0.03401921
vt -0.1285056 0.03496117
vt -0.1304264 0.03602064
vt -0.1310025 0.03464866
vt -0.1309258 -0.01580925
vt -0.1307428 -0.01480414
vt -0.1328469 -0.01418399
vt -0.1331135 -0.01564795
vt -0.1257177 -0.01486776
vt -0.1254343 -0.01388623
vt -0.1274651 -0.0130571
vt -0.1278779 -0.01448672
vt -0.1161394 0.003033803
vt -0.1157081 0.003959947
vt -0.1175869 0.00509211
vt -0.1182151 0.003743167
vt -0.09626752 0.0371992
vt -0.09562897 0.0379967
vt -0.09718584 0.039542
vt -0.0981159 0.03838044
vt -0.0516915 0.07930802
vt -0.05079266 0.07979362
vt -0.05162426 0.08182347
vt -0.05293344 0.08111615
vt 0.02673155 0.09333751
vt 0.02774833 0.09323805
vt 0.02819276 0.09538613
vt 0.0267118 0.095531
vt 0.09124456 0.05854655
vt 0.09206258 0.05793452
vt 0.09355596 0.05954126
vt 0.0923645 0.06043269
vt 0.1189398 0.02144631
vt 0.1195066 0.02059628
vt 0.1214507 0.02161226
vt 0.1206252 0.02285033
vt 0.1291065 0.00298047
vt 0.1294865 0.002032136
vt 0.1315979 0.002626971
vt 0.1310444 0.004008234
vt 0.1325679 0.001987976
vt 0.1328148 0.000996624
vt 0.1349876 0.00129748
vt 0.134628 0.002741399
vt -0.01611694 -0.04926934
vt -0.01477215 -0.04990634
vt -0.01328902 -0.04978562
vt -0.01206496 -0.04893949
vt -0.01142796 -0.0475947
vt -0.01154868 -0.04611158
vt -0.01239481 -0.04488752
vt -0.0137396 -0.04425051
vt -0.01522272 -0.04437124
vt -0.01644678 -0.04521737
vt -0.01708379 -0.04656216
vt -0.01696305 -0.04804529
vt -0.05093189 -0.04299355
vt -0.050969 -0.04376912
vt -0.05072178 -0.04384573
vt -0.05067849 -0.0429409
vt -0.1082502 -0.0164353
vt -0.1084971 -0.01730688
vt -0.1082652 -0.01742179
vt -0.1079925 -0.01645906
vt -0.1306083 0.007671728
vt -0.1310089 0.006754841
vt -0.1307792 0.00663555
vt -0.1303647 0.007584213
vt -0.1227562 0.008499651
vt -0.1232025 0.007565511
vt -0.122962 0.007469831
vt -0.1225307 0.008372683
vt -0.087893 -0.01385562
vt -0.08826169 -0.01478582
vt -0.0880077 -0.01483554
vt -0.08767392 -0.01399341
vt -0.0255956 -0.04101342
vt -0.02577729 -0.04190088
vt -0.0255188 -0.04188775
vt -0.02536307 -0.04112707
vt 0.05066485 -0.04300633
vt 0.05070195 -0.0437819
vt 0.05094917 -0.04370529
vt 0.05091825 -0.04305898
vt 0.1080091 -0.01663806
vt 0.1081854 -0.01726062
vt 0.1084173 -0.01714571
vt 0.1082668 -0.0166143
vt 0.1304465 0.007356436
vt 0.1306677 0.00685033
vt 0.1308974 0.00696962
vt 0.1306901 0.007443951
vt 0.1226494 0.008161763
vt 0.1228726 0.007694692
vt 0.1231131 0.007790372
vt 0.122875 0.008288731
vt 0.08776969 -0.01414562
vt 0.08797319 -0.01465907
vt 0.08822719 -0.01460935
vt 0.08798878 -0.01400783
vt 0.02539236 -0.04118712
vt 0.02552214 -0.04182102
vt 0.02578062 -0.04183415
vt 0.02562489 -0.04107346
vt -0.04569713 -0.02895289
vt -0.04609451 -0.02961996
vt -0.04591233 -0.0298038
vt -0.04544872 -0.02902556
vt -0.09487614 0.007840165
vt -0.09539752 0.007099389
vt -0.09521671 0.006914203
vt -0.0946408 0.00773245
vt -0.1242666 0.02069863
vt -0.1247957 0.01984939
vt -0.1245857 0.01969811
vt -0.1240382 0.02057677
vt -0.1299974 -0.001445705
vt -0.13037 -0.00241162
vt -0.1301228 -0.002488378
vt -0.1297627 -0.001554816
vt -0.09627803 -0.0438031
vt -0.09632368 -0.04480267
vt -0.09606734 -0.04476696
vt -0.09602602 -0.04386203
vt -0.02472716 -0.05840532
vt -0.02445329 -0.05926879
vt -0.02423398 -0.05913135
vt -0.02446872 -0.05839123
vt 0.04546747 -0.02908971
vt 0.04586486 -0.02975678
vt 0.04604704 -0.02957293
vt 0.04571589 -0.02901705
vt 0.09471568 0.007568967
vt 0.0950881 0.007039842
vt 0.09526891 0.007225026
vt 0.09495102 0.007676682
vt 0.1241521 0.02036325
vt 0.1244442 0.01989449
vt 0.1246542 0.02004577
vt 0.1243805 0.02048511
vt 0.1298647 -0.001774325
vt 0.130051 -0.002257282
vt 0.1302982 -0.002180523
vt 0.1300994 -0.001665214
vt 0.096067 -0.0440371
vt 0.09609219 -0.04458884
vt 0.09634854 -0.04462455
vt 0.09631902 -0.04397818
vt 0.02446502 -0.05845795
vt 0.0242694 -0.05907472
vt 0.02448871 -0.05921216
vt 0.02472346 -0.05847204
vt -0.03342335 -0.01840882
vt -0.03408354 -0.01881751
vt -0.03400665 -0.01906465
vt -0.03323643 -0.01858784
vt -0.06716774 0.03571183
vt -0.067936 0.03523187
vt -0.06784137 0.03499098
vt -0.06699275 0.03552113
vt -0.1008654 0.05911147
vt -0.1016244 0.05845948
vt -0.1014693 0.05825229
vt -0.100684 0.05892687
vt -0.1312019 0.01614343
vt -0.1316182 0.01519554
vt -0.1313748 0.01510757
vt -0.1309724 0.01602371
vt -0.0877721 -0.07699688
vt -0.08739294 -0.07792286
vt -0.08717542 -0.07778261
vt -0.08751868 -0.07694429
vt -0.01240367 -0.07317653
vt -0.01171439 -0.07376431
vt -0.01160102 -0.07353164
vt -0.01219183 -0.07302783
vt 0.03328265 -0.01863611
vt 0.03394284 -0.0190448
vt 0.03401973 -0.01879766
vt 0.03346957 -0.01845709
vt 0.06712528 0.03539958
vt 0.06767403 0.03505675
vt 0.06776868 0.03529764
vt 0.06730025 0.03559028
vt 0.1008566 0.05875722
vt 0.1012755 0.05839733
vt 0.1014307 0.05860453
vt 0.101038 0.05894182
vt 0.1310844 0.01580915
vt 0.1312925 0.01533521
vt 0.131536 0.01542319
vt 0.1313139 0.01592888
vt 0.08748218 -0.07712034
vt 0.0872729 -0.07763146
vt 0.08749042 -0.07777171
vt 0.08773561 -0.07717292
vt 0.01215339 -0.07308249
vt 0.01166105 -0.07350234
vt 0.01177442 -0.07373501
vt 0.01236523 -0.07323119
vt -0.01664884 -0.01393333
vt -0.01742314 -0.01399116
vt -0.017469 -0.01424588
vt -0.01656565 -0.01417841
vt -0.02186358 0.05380328
vt -0.02276666 0.05373222
vt -0.02279392 0.05347484
vt -0.0217964 0.05355334
vt -0.02961053 0.1040671
vt -0.03060458 0.1039528
vt -0.0305923 0.1036943
vt -0.0295638 0.1038126
vt -0.06406267 0.1149356
vt -0.06502599 0.1145564
vt -0.06491527 0.1143224
vt -0.06398421 0.114689
vt -0.009946385 -0.1217835
vt -0.008971103 -0.1220071
vt -0.008960395 -0.1217485
vt -0.009843338 -0.121546
vt 0.009914424 -0.07965651
vt 0.01081604 -0.07974417
vt 0.01077589 -0.07948849
vt 0.01000307 -0.07941335
vt 0.01662893 -0.01419991
vt 0.01740323 -0.01425775
vt 0.01735737 -0.01400302
vt 0.01671212 -0.01395483
vt 0.02197004 0.05350671
vt 0.02261509 0.05345595
vt 0.02258783 0.05371333
vt 0.02203722 0.05375665
vt 0.02980182 0.1037689
vt 0.03035052 0.1037058
vt 0.03036279 0.1039643
vt 0.02984854 0.1040234
vt 0.06421486 0.1146156
vt 0.06469652 0.114426
vt 0.06480724 0.1146599
vt 0.06429331 0.1148622
vt 0.009678392 -0.1216177
vt 0.009140054 -0.1217411
vt 0.009150764 -0.1219997
vt 0.009781437 -0.1218551
vt -0.01006586 -0.0794362
vt -0.01070988 -0.07949881
vt -0.01075003 -0.07975449
vt -0.009977215 -0.07967936
vt 0.0009465123 -0.01720213
vt 0.000233073 -0.01689571
vt 7.472547E-05 -0.01710043
vt 0.0009070694 -0.01745792
vt 0.02866597 0.04565197
vt 0.0278377 0.04601882
vt 0.02769135 0.04580535
vt 0.02860624 0.04540014
vt 0.06294285 0.08569934
vt 0.06209527 0.08623113
vt 0.06194333 0.08602159
vt 0.06282029 0.08547138
vt 0.1192632 0.05507673
vt 0.1187742 0.05598924
vt 0.1185547 0.05585198
vt 0.1190274 0.05497004
vt 0.09751298 -0.0752521
vt 0.0980731 -0.07442297
vt 0.09783573 -0.07431978
vt 0.09732865 -0.07507042
vt 0.03371054 -0.07416637
vt 0.03449597 -0.07371505
vt 0.03431502 -0.07353
vt 0.03364179 -0.07391685
vt -0.0008410279 -0.01744774
vt -0.0001275885 -0.01714132
vt -0.0002859389 -0.0169366
vt -0.0008804697 -0.01719194
vt -0.0284313 0.04544168
vt -0.02783968 0.04570371
vt -0.02798603 0.04591718
vt -0.02849103 0.04569351
vt -0.06260706 0.08558596
vt -0.06213921 0.0858795
vt -0.06229114 0.08608904
vt -0.06272962 0.08581392
vt -0.1189277 0.0551904
vt -0.1186832 0.05564665
vt -0.1189026 0.05578391
vt -0.1191635 0.05529709
vt -0.09745498 -0.07494228
vt -0.09776416 -0.0744846
vt -0.09800152 -0.07458778
vt -0.09763931 -0.07512395
vt -0.03370618 -0.07389909
vt -0.03426721 -0.07357671
vt -0.03444817 -0.07376175
vt -0.03377494 -0.07414861
vt 0.01527902 -0.02756841
vt 0.01478701 -0.02696773
vt 0.01455214 -0.02707647
vt 0.01512616 -0.02777726
vt 0.0657613 0.01701744
vt 0.06515832 0.01769346
vt 0.0649369 0.01755944
vt 0.06560294 0.01681272
vt 0.1061231 0.03870671
vt 0.1055346 0.03951591
vt 0.1053155 0.03937802
vt 0.1059245 0.03854079
vt 0.1312522 0.01668011
vt 0.1308837 0.01764756
vt 0.1306485 0.01753943
vt 0.1310047 0.01660438
vt 0.1134756 -0.03896993
vt 0.113544 -0.03797167
vt 0.1132869 -0.03800153
vt 0.113225 -0.03890528
vt 0.04926824 -0.06020341
vt 0.04968176 -0.05939744
vt 0.04942926 -0.05934061
vt 0.04907481 -0.06003144
vt -0.01507221 -0.02773781
vt -0.0145802 -0.02713713
vt -0.01481507 -0.02702839
vt -0.01522508 -0.02752895
vt -0.06546072 0.01692275
vt -0.06503002 0.01740562
vt -0.06525143 0.01753964
vt -0.06561907 0.01712746
vt -0.1057693 0.03872655
vt -0.1054444 0.0391732
vt -0.1056635 0.03931108
vt -0.1059679 0.03889247
vt -0.1309339 0.01683581
vt -0.1307497 0.01731953
vt -0.1309848 0.01742766
vt -0.1311814 0.01691154
vt -0.11327 -0.03873108
vt -0.1133078 -0.03818006
vt -0.1135649 -0.0381502
vt -0.1135206 -0.03879573
vt -0.04911915 -0.05998149
vt -0.04941453 -0.0594058
vt -0.04966703 -0.05946263
vt -0.04931258 -0.06015345
vt 0.02304511 -0.04239417
vt 0.02288938 -0.04163349
vt 0.0226309 -0.04162036
vt 0.02281258 -0.04250782
vt 0.08640327 -0.01547147
vt 0.08606949 -0.01462934
vt 0.08581549 -0.01467906
vt 0.08618418 -0.01560926
vt 0.1225545 0.007275127
vt 0.1221232 0.008177981
vt 0.1218827 0.008082299
vt 0.122329 0.007148159
vt 0.1316663 0.007023177
vt 0.1312518 0.00797184
vt 0.1310221 0.007852552
vt 0.1314227 0.006935662
vt 0.1104154 -0.01681278
vt 0.1101427 -0.01585005
vt 0.1099108 -0.01596497
vt 0.1101576 -0.01683655
vt 0.05374452 -0.04370111
vt 0.05370124 -0.04279628
vt 0.05345402 -0.04287289
vt 0.05349112 -0.04364846
vt -0.02278321 -0.04244779
vt -0.02262747 -0.04168711
vt -0.02288596 -0.04170024
vt -0.02301574 -0.04233414
vt -0.08608849 -0.01545704
vt -0.08585007 -0.01485552
vt -0.08610407 -0.0148058
vt -0.08630757 -0.01531925
vt -0.1222102 0.00735906
vt -0.1219722 0.007857418
vt -0.1222127 0.007953098
vt -0.1224358 0.007486028
vt -0.1313409 0.007163443
vt -0.1311336 0.007637774
vt -0.1313634 0.007757064
vt -0.1315845 0.007250958
vt -0.1101412 -0.01665745
vt -0.1099907 -0.01612604
vt -0.1102226 -0.01601112
vt -0.1103989 -0.01663368
vt -0.05350467 -0.04358304
vt -0.05347375 -0.04293673
vt -0.05372097 -0.04286012
vt -0.05375808 -0.04363569
vt 0.0218271 -0.05836796
vt 0.02206185 -0.05762784
vt 0.02184254 -0.0574904
vt 0.02156867 -0.05835388
vt 0.09434327 -0.04484568
vt 0.09430195 -0.04394076
vt 0.09404561 -0.04390505
vt 0.09409125 -0.0449046
vt 0.1297014 -0.002650895
vt 0.1293413 -0.001717334
vt 0.1290942 -0.001794092
vt 0.1294667 -0.002760007
vt 0.1254074 0.02021009
vt 0.1248599 0.02108875
vt 0.1246499 0.02093747
vt 0.125179 0.02008823
vt 0.09704418 0.008200455
vt 0.09646827 0.009018699
vt 0.09628746 0.008833514
vt 0.09680884 0.008092737
vt 0.04851219 -0.028255
vt 0.04804858 -0.02747676
vt 0.0478664 -0.0276606
vt 0.04826378 -0.02832766
vt -0.02157232 -0.05828715
vt -0.02180706 -0.05754703
vt -0.02202637 -0.05768447
vt -0.02183075 -0.05830123
vt -0.09405036 -0.04472949
vt -0.09402084 -0.04408311
vt -0.09427718 -0.04411883
vt -0.09430237 -0.04467056
vt -0.1293647 -0.002540573
vt -0.1291659 -0.002025264
vt -0.1294131 -0.001948504
vt -0.1295994 -0.002431462
vt -0.1250651 0.02030176
vt -0.1247913 0.0207411
vt -0.1250013 0.02089238
vt -0.1252934 0.02042362
vt -0.09673405 0.008256255
vt -0.09641615 0.008707912
vt -0.09659696 0.008893096
vt -0.09696938 0.008363971
vt -0.04824498 -0.02826356
vt -0.04791383 -0.02770767
vt -0.04809601 -0.02752383
vt -0.04849339 -0.02819089
vt 0.009962624 -0.07161035
vt 0.01055343 -0.07110653
vt 0.01044006 -0.07087386
vt 0.009750785 -0.07146164
vt 0.08557829 -0.07712863
vt 0.08592154 -0.07629032
vt 0.08570401 -0.07615007
vt 0.08532486 -0.07707605
vt 0.1309613 0.01492597
vt 0.1305589 0.01584211
vt 0.1303155 0.01575414
vt 0.1307318 0.01480626
vt 0.1021001 0.05898666
vt 0.1013148 0.05966124
vt 0.1011597 0.05945405
vt 0.1019187 0.05880206
vt 0.06902543 0.03688628
vt 0.06817682 0.03741643
vt 0.06808217 0.03717554
vt 0.06885044 0.03669558
vt 0.03559951 -0.01649156
vt 0.03482928 -0.01601475
vt 0.0347524 -0.01626189
vt 0.03541259 -0.01667058
vt -0.009789178 -0.07140695
vt -0.01037999 -0.07090313
vt -0.01049336 -0.0711358
vt -0.01000102 -0.07155564
vt -0.08536143 -0.07689995
vt -0.08560661 -0.07630116
vt -0.08582413 -0.07644141
vt -0.08561485 -0.07695253
vt -0.1306199 0.01502085
vt -0.1303978 0.01552654
vt -0.1306412 0.01561451
vt -0.1308493 0.01514057
vt -0.1017461 0.05897171
vt -0.1013534 0.059309
vt -0.1015085 0.05951619
vt -0.1019275 0.05915631
vt -0.06871797 0.03681717
vt -0.06824955 0.0371098
vt -0.06834419 0.0373507
vt -0.06889296 0.03700787
vt -0.03536635 -0.01662237
vt -0.03481618 -0.01628179
vt -0.03489307 -0.01603466
vt -0.03555327 -0.01644335
vt -0.01102021 -0.0769753
vt -0.01024739 -0.07690017
vt -0.01020724 -0.0766445
vt -0.01110886 -0.07673214
vt 0.008574658 -0.1200664
vt 0.009457601 -0.1198639
vt 0.00944689 -0.1196053
vt 0.008471611 -0.1198289
vt 0.06474989 0.1139022
vt 0.06381883 0.1142687
vt 0.06370811 0.1140348
vt 0.06467143 0.1136556
vt 0.03070288 0.1046561
vt 0.02967438 0.1047743
vt 0.0296621 0.1045158
vt 0.03065615 0.1044015
vt 0.02296923 0.05570272
vt 0.02197171 0.05578122
vt 0.02199897 0.05552384
vt 0.02290205 0.05545278
vt 0.0176944 -0.01122808
vt 0.01679105 -0.01116061
vt 0.01683691 -0.01141533
vt 0.01761121 -0.01147316
vt 0.01104608 -0.07670926
vt 0.01027327 -0.07663412
vt 0.01031342 -0.07688981
vt 0.01095743 -0.07695241
vt -0.008636517 -0.1197574
vt -0.00926719 -0.1196127
vt -0.009277901 -0.1198713
vt -0.008739563 -0.1199948
vt -0.06444074 0.113729
vt -0.06392681 0.1139313
vt -0.06403753 0.1141652
vt -0.0645192 0.1139756
vt -0.03041811 0.1044452
vt -0.02990386 0.1045043
vt -0.02991614 0.1047629
vt -0.03046484 0.1046998
vt -0.02272838 0.05549949
vt -0.02217777 0.05554282
vt -0.02215051 0.05580019
vt -0.02279556 0.05574943
vt -0.01754792 -0.01145173
vt -0.01690267 -0.01140354
vt -0.01685681 -0.01114882
vt -0.01763111 -0.01120665
vt -0.03305698 -0.0713407
vt -0.03238375 -0.07172756
vt -0.0322028 -0.07154252
vt -0.03298823 -0.07109119
vt -0.09640571 -0.07335358
vt -0.09589861 -0.07410422
vt -0.09566126 -0.07400103
vt -0.09622138 -0.0731719
vt -0.1181567 0.0556386
vt -0.1186293 0.05475666
vt -0.1184099 0.0546194
vt -0.1179209 0.05553191
vt -0.0624578 0.08684164
vt -0.06333476 0.08629142
vt -0.06318282 0.08608188
vt -0.06233523 0.08661367
vt -0.02859638 0.04784871
vt -0.02951126 0.04744351
vt -0.02936491 0.04723004
vt -0.02853665 0.04759688
vt -0.001268982 -0.01431984
vt -0.002101325 -0.01467733
vt -0.001942978 -0.01488206
vt -0.001229539 -0.01457564
vt 0.03292381 -0.07110892
vt 0.03225058 -0.07149578
vt 0.03243154 -0.07168083
vt 0.03299256 -0.07135845
vt 0.09609517 -0.07329996
vt 0.09573296 -0.07383613
vt 0.09597032 -0.07393931
vt 0.0962795 -0.07348164
vt 0.1180207 0.05531139
vt 0.1182816 0.05482457
vt 0.118501 0.05496184
vt 0.1182565 0.05541809
vt 0.06254842 0.08649907
vt 0.0629869 0.08622395
vt 0.06313884 0.08643349
vt 0.06267099 0.08672703
vt 0.02871159 0.04755538
vt 0.02921658 0.04733171
vt 0.02936294 0.04754518
vt 0.02877132 0.04780721
vt 0.001295565 -0.01458586
vt 0.001890096 -0.0148412
vt 0.002048446 -0.01463648
vt 0.001335007 -0.01433006
vt -0.04718271 -0.05818794
vt -0.04682826 -0.05887877
vt -0.04657575 -0.05882194
vt -0.04698928 -0.05801597
vt -0.1115651 -0.03788354
vt -0.1115032 -0.03878728
vt -0.1112461 -0.03881714
vt -0.1113145 -0.03781888
vt -0.1302265 0.01737863
vt -0.1305827 0.01644358
vt -0.1303476 0.01633544
vt -0.129979 0.01730289
vt -0.1060984 0.03994746
vt -0.1067074 0.03911022
vt -0.1064883 0.03897234
vt -0.1058998 0.03978153
vt -0.06660467 0.01904699
vt -0.06727071 0.01830026
vt -0.06704929 0.01816624
vt -0.06644632 0.01884227
vt -0.01689326 -0.02515888
vt -0.01746727 -0.02585967
vt -0.01723241 -0.02596841
vt -0.0167404 -0.02536773
vt 0.04694486 -0.05806591
vt 0.04659041 -0.05875675
vt 0.04684291 -0.05881357
vt 0.04713828 -0.05823788
vt 0.1112697 -0.03799293
vt 0.1112254 -0.03863846
vt 0.1114825 -0.0386086
vt 0.1115203 -0.03805758
vt 0.1300498 0.01707151
vt 0.1302464 0.01655538
vt 0.1304816 0.01666352
vt 0.1302973 0.01714724
vt 0.1060549 0.03959579
vt 0.1063594 0.03917717
vt 0.1065785 0.03931505
vt 0.1062536 0.03976171
vt 0.06658853 0.01873224
vt 0.06695617 0.01832006
vt 0.06717758 0.01845408
vt 0.06674688 0.01893696
vt 0.01679427 -0.02540723
vt 0.01720428 -0.02590779
vt 0.01743915 -0.02579905
vt 0.01694714 -0.02519838
vt -0.05073036 -0.04300318
vt -0.05076746 -0.04377874
vt -0.05052024 -0.04385535
vt -0.05047696 -0.04295052
vt -0.1077279 -0.01658323
vt -0.1079748 -0.01745481
vt -0.1077429 -0.01756972
vt -0.1074702 -0.016607
vt -0.1299388 0.00737916
vt -0.1303394 0.006462273
vt -0.1301097 0.006342983
vt -0.1296952 0.007291646
vt -0.122097 0.008184677
vt -0.1225433 0.007250536
vt -0.1223028 0.007154857
vt -0.1218714 0.008057714
vt -0.08738836 -0.01405562
vt -0.08775704 -0.01498582
vt -0.08750304 -0.01503554
vt -0.08716926 -0.01419341
vt -0.02539796 -0.04105385
vt -0.02557965 -0.04194131
vt -0.02532117 -0.04192818
vt -0.02516543 -0.04116751
vt 0.05046331 -0.04301595
vt 0.05050042 -0.04379153
vt 0.05074764 -0.04371492
vt 0.05071672 -0.04306861
vt 0.1074868 -0.016786
vt 0.1076631 -0.01740856
vt 0.107895 -0.01729364
vt 0.1077445 -0.01676223
vt 0.129777 0.007063881
vt 0.1299981 0.00655777
vt 0.1302278 0.00667706
vt 0.1300206 0.00715139
vt 0.1219901 0.007846789
vt 0.1222133 0.007379719
vt 0.1224538 0.007475398
vt 0.1222157 0.007973758
vt 0.08726504 -0.01434562
vt 0.08746855 -0.01485907
vt 0.08772255 -0.01480935
vt 0.08748413 -0.01420783
vt 0.02519473 -0.04122755
vt 0.0253245 -0.04186145
vt 0.02558299 -0.04187458
vt 0.02542726 -0.0411139
vt -0.04552379 -0.02905612
vt -0.04592118 -0.02972319
vt -0.045739 -0.02990703
vt -0.04527538 -0.02912879
vt -0.09443221 0.00752773
vt -0.0949536 0.006786955
vt -0.09477279 0.006601768
vt -0.09419687 0.007420016
vt -0.1236465 0.02031223
vt -0.1241756 0.01946299
vt -0.1239656 0.01931171
vt -0.1234181 0.02019037
vt -0.1293157 -0.001708654
vt -0.1296882 -0.00267457
vt -0.1294411 -0.002751328
vt -0.129081 -0.001817765
vt -0.09573574 -0.04382785
vt -0.09578139 -0.04482741
vt -0.09552504 -0.0447917
vt -0.09548373 -0.04388678
vt -0.02453486 -0.05834429
vt -0.02426099 -0.05920777
vt -0.02404168 -0.05907033
vt -0.02427643 -0.05833021
vt 0.04529414 -0.02919294
vt 0.04569152 -0.02986001
vt 0.0458737 -0.02967616
vt 0.04554255 -0.02912028
vt 0.09427174 0.007256532
vt 0.09464417 0.006727406
vt 0.09482498 0.006912591
vt 0.09450708 0.007364247
vt 0.123532 0.01997685
vt 0.1238241 0.01950809
vt 0.1240341 0.01965937
vt 0.1237604 0.0200987
vt 0.129183 -0.002037265
vt 0.1293693 -0.002520223
vt 0.1296165 -0.002443463
vt 0.1294177 -0.001928154
vt 0.09552471 -0.04406185
vt 0.0955499 -0.04461359
vt 0.09580624 -0.0446493
vt 0.09577673 -0.04400293
vt 0.02427273 -0.05839693
vt 0.02407711 -0.0590137
vt 0.02429642 -0.05915114
vt 0.02453117 -0.05841102
vt -0.03331714 -0.01858033
vt -0.03397734 -0.01898902
vt -0.03390045 -0.01923615
vt -0.03313022 -0.01875935
vt -0.06688011 0.03525146
vt -0.06764838 0.0347715
vt -0.06755374 0.0345306
vt -0.06670512 0.03506076
vt -0.1003893 0.05855722
vt -0.1011483 0.05790523
vt -0.1009932 0.05769804
vt -0.1002079 0.05837262
vt -0.1305329 0.01584959
vt -0.1309492 0.0149017
vt -0.1307058 0.01481373
vt -0.1303034 0.01572987
vt -0.08726971 -0.07679117
vt -0.08689056 -0.07771716
vt -0.08667304 -0.07757691
vt -0.08701629 -0.0767386
vt -0.01227278 -0.073023
vt -0.0115835 -0.07361078
vt -0.01147013 -0.07337811
vt -0.01206094 -0.0728743
vt 0.03317644 -0.01880762
vt 0.03383664 -0.01921631
vt 0.03391353 -0.01896917
vt 0.03336336 -0.0186286
vt 0.06683765 0.03493921
vt 0.0673864 0.03459638
vt 0.06748105 0.03483728
vt 0.06701263 0.03512991
vt 0.1003805 0.05820297
vt 0.1007995 0.05784308
vt 0.1009546 0.05805027
vt 0.1005619 0.05838757
vt 0.1304154 0.01551531
vt 0.1306236 0.01504137
vt 0.130867 0.01512934
vt 0.1306449 0.01563503
vt 0.08697981 -0.07691464
vt 0.08677051 -0.07742576
vt 0.08698805 -0.07756601
vt 0.08723323 -0.07696722
vt 0.0120225 -0.07292895
vt 0.01153016 -0.0733488
vt 0.01164353 -0.07358146
vt 0.01223434 -0.07307766
vt -0.0166338 -0.01413448
vt -0.0174081 -0.01419232
vt -0.01745396 -0.01444704
vt -0.01655061 -0.01437957
vt -0.02182099 0.05326213
vt -0.02272407 0.05319107
vt -0.02275133 0.05293368
vt -0.02175381 0.05301217
vt -0.02952706 0.1033413
vt -0.03052111 0.103227
vt -0.03050883 0.1029684
vt -0.02948033 0.1030867
vt -0.0637951 0.1142557
vt -0.06475843 0.1138765
vt -0.0646477 0.1136425
vt -0.06371664 0.114009
vt -0.009825042 -0.1212543
vt -0.008849763 -0.121478
vt -0.008839053 -0.1212194
vt -0.009721996 -0.1210169
vt 0.009933929 -0.07945569
vt 0.01083554 -0.07954334
vt 0.01079539 -0.07928766
vt 0.01002258 -0.07921253
vt 0.01661389 -0.01440106
vt 0.01738819 -0.0144589
vt 0.01734233 -0.01420417
vt 0.01669708 -0.01415598
vt 0.02192745 0.05296556
vt 0.0225725 0.05291481
vt 0.02254524 0.05317218
vt 0.02199463 0.05321551
vt 0.02971835 0.103043
vt 0.03026705 0.1029799
vt 0.03027932 0.1032384
vt 0.02976508 0.1032976
vt 0.0639473 0.1139357
vt 0.06442896 0.1137461
vt 0.06453968 0.11398
vt 0.06402574 0.1141823
vt 0.009557047 -0.1210885
vt 0.00901871 -0.121212
vt 0.009029421 -0.1214706
vt 0.009660095 -0.121326
vt -0.01008537 -0.07923537
vt -0.01072938 -0.07929798
vt -0.01076953 -0.07955367
vt -0.009996717 -0.07947853
vt 0.000866909 -0.01738747
vt 0.0001534697 -0.01708105
vt -4.877857E-06 -0.01728578
vt 0.000827466 -0.01764326
vt 0.02844615 0.04515565
vt 0.02761789 0.04552249
vt 0.02747154 0.04530901
vt 0.02838642 0.04490381
vt 0.06255455 0.08508042
vt 0.06170697 0.08561222
vt 0.06155504 0.08540268
vt 0.06243199 0.08485246
vt 0.1186192 0.05473157
vt 0.1181302 0.05564407
vt 0.1179107 0.05550681
vt 0.1183834 0.05462487
vt 0.09706311 -0.07494824
vt 0.09762324 -0.07411911
vt 0.09738588 -0.07401593
vt 0.09687878 -0.07476656
vt 0.03361001 -0.07399143
vt 0.03439543 -0.07354011
vt 0.03421448 -0.07335506
vt 0.03354125 -0.07374191
vt -0.0007614236 -0.01763308
vt -4.798421E-05 -0.01732666
vt -0.0002063345 -0.01712194
vt -0.0008008654 -0.01737729
vt -0.02821148 0.04494536
vt -0.02761986 0.04520739
vt -0.02776621 0.04542085
vt -0.02827121 0.04519719
vt -0.06221876 0.08496703
vt -0.0617509 0.08526057
vt -0.06190284 0.08547011
vt -0.06234131 0.085195
vt -0.1182837 0.05484522
vt -0.1180392 0.05530148
vt -0.1182586 0.05543873
vt -0.1185195 0.05495192
vt -0.09700511 -0.07463842
vt -0.09731428 -0.07418075
vt -0.09755165 -0.07428394
vt -0.09718944 -0.07482011
vt -0.03360565 -0.07372415
vt -0.03416667 -0.07340177
vt -0.03434763 -0.07358681
vt -0.03367441 -0.07397367
vt 0.01512296 -0.02769622
vt 0.01463095 -0.02709555
vt 0.01439608 -0.02720428
vt 0.0149701 -0.02790507
vt 0.06535619 0.01665612
vt 0.06475321 0.01733214
vt 0.06453179 0.01719812
vt 0.06519783 0.01645139
vt 0.1055322 0.03827692
vt 0.1049437 0.03908611
vt 0.1047246 0.03894824
vt 0.1053336 0.038111
vt 0.1305695 0.01641998
vt 0.1302009 0.01738744
vt 0.1299658 0.0172793
vt 0.130322 0.01634425
vt 0.112934 -0.03893284
vt 0.1130024 -0.03793458
vt 0.1127453 -0.03796444
vt 0.1126834 -0.03886819
vt 0.04908872 -0.06011129
vt 0.04950224 -0.05930532
vt 0.04924974 -0.05924849
vt 0.04889529 -0.05993932
vt -0.01491615 -0.02786561
vt -0.01442414 -0.02726494
vt -0.01465901 -0.0271562
vt -0.01506902 -0.02765676
vt -0.06505562 0.01656143
vt -0.06462492 0.0170443
vt -0.06484634 0.01717832
vt -0.06521398 0.01676614
vt -0.1051784 0.03829676
vt -0.1048535 0.03874342
vt -0.1050726 0.0388813
vt -0.1053771 0.03846269
vt -0.1302511 0.01657568
vt -0.1300669 0.0170594
vt -0.130302 0.01716753
vt -0.1304986 0.0166514
vt -0.1127284 -0.03869399
vt -0.1127662 -0.03814297
vt -0.1130233 -0.03811311
vt -0.112979 -0.03875864
vt -0.04893964 -0.05988938
vt -0.04923501 -0.05931368
vt -0.04948751 -0.05937051
vt -0.04913307 -0.06006134
vt 0.02284747 -0.04243461
vt 0.02269174 -0.04167392
vt 0.02243326 -0.0416608
vt 0.02261494 -0.04254826
vt 0.08589862 -0.01567147
vt 0.08556484 -0.01482934
vt 0.08531085 -0.01487906
vt 0.08567952 -0.01580926
vt 0.1218952 0.006960155
vt 0.1214639 0.007863014
vt 0.1212234 0.007767332
vt 0.1216697 0.006833192
vt 0.1309968 0.006730615
vt 0.1305823 0.007679277
vt 0.1303526 0.00755999
vt 0.1307532 0.006643099
vt 0.109893 -0.01696072
vt 0.1096204 -0.01599799
vt 0.1093885 -0.0161129
vt 0.1096353 -0.01698448
vt 0.05354299 -0.04371073
vt 0.05349971 -0.0428059
vt 0.05325248 -0.04288251
vt 0.05328958 -0.04365808
vt -0.02258557 -0.04248823
vt -0.02242984 -0.04172755
vt -0.02268832 -0.04174068
vt -0.0228181 -0.04237458
vt -0.08558384 -0.01565704
vt -0.08534542 -0.01505552
vt -0.08559942 -0.0150058
vt -0.08580293 -0.01551925
vt -0.121551 0.00704409
vt -0.1213129 0.007542449
vt -0.1215534 0.007638129
vt -0.1217765 0.007171059
vt -0.1306714 0.006870883
vt -0.1304641 0.007345214
vt -0.1306938 0.007464504
vt -0.130915 0.006958393
vt -0.1096189 -0.01680538
vt -0.1094683 -0.01627397
vt -0.1097002 -0.01615906
vt -0.1098766 -0.01678161
vt -0.05330313 -0.04359266
vt -0.05327221 -0.04294635
vt -0.05351944 -0.04286974
vt -0.05355654 -0.04364531
vt 0.02163481 -0.05830694
vt 0.02186955 -0.05756682
vt 0.02165024 -0.05742938
vt 0.02137637 -0.05829285
vt 0.09380098 -0.04487043
vt 0.09375967 -0.04396551
vt 0.09350333 -0.0439298
vt 0.09354897 -0.04492936
vt 0.1290197 -0.002913848
vt 0.1286596 -0.001980287
vt 0.1284124 -0.002057045
vt 0.128785 -0.00302296
vt 0.1247872 0.01982369
vt 0.1242397 0.02070235
vt 0.1240297 0.02055107
vt 0.1245589 0.01970184
vt 0.09660025 0.007888022
vt 0.09602434 0.008706266
vt 0.09584352 0.00852108
vt 0.09636492 0.007780305
vt 0.04833885 -0.02835823
vt 0.04787524 -0.02757999
vt 0.04769307 -0.02776383
vt 0.04809045 -0.0284309
vt -0.02138002 -0.05822613
vt -0.02161477 -0.05748601
vt -0.02183408 -0.05762345
vt -0.02163846 -0.05824022
vt -0.09350807 -0.04475424
vt -0.09347856 -0.04410786
vt -0.09373491 -0.04414358
vt -0.09376009 -0.04469531
vt -0.128683 -0.00280352
vt -0.1284842 -0.002288211
vt -0.1287314 -0.002211452
vt -0.1289177 -0.002694409
vt -0.1244449 0.01991536
vt -0.1241712 0.02035469
vt -0.1243812 0.02050597
vt -0.1246733 0.02003721
vt -0.09629012 0.007943824
vt -0.09597223 0.00839548
vt -0.09615304 0.008580664
vt -0.09652545 0.00805154
vt -0.04807165 -0.02836679
vt -0.04774049 -0.0278109
vt -0.04792267 -0.02762706
vt -0.04832006 -0.02829412
vt 0.009831728 -0.0714568
vt 0.01042254 -0.070953
vt 0.01030917 -0.07072033
vt 0.00961989 -0.07130811
vt 0.0850759 -0.07692293
vt 0.08541916 -0.07608462
vt 0.08520164 -0.07594437
vt 0.08482248 -0.07687035
vt 0.1302923 0.01463213
vt 0.12989 0.01554827
vt 0.1296465 0.0154603
vt 0.1300628 0.01451241
vt 0.101624 0.05843241
vt 0.1008387 0.05910699
vt 0.1006836 0.05889981
vt 0.1014426 0.05824781
vt 0.0687378 0.03642591
vt 0.0678892 0.03695607
vt 0.06779455 0.03671517
vt 0.06856281 0.03623521
vt 0.03549331 -0.01666307
vt 0.03472308 -0.01618627
vt 0.03464619 -0.0164334
vt 0.03530639 -0.01684209
vt -0.009658284 -0.0712534
vt -0.01024909 -0.07074959
vt -0.01036246 -0.07098226
vt -0.009870123 -0.0714021
vt -0.08485905 -0.07669426
vt -0.08510423 -0.07609546
vt -0.08532176 -0.07623572
vt -0.08511247 -0.07674684
vt -0.1299509 0.01472701
vt -0.1297288 0.0152327
vt -0.1299722 0.01532067
vt -0.1301804 0.01484673
vt -0.10127 0.05841746
vt -0.1008773 0.05875475
vt -0.1010324 0.05896194
vt -0.1014514 0.05860205
vt -0.06843034 0.0363568
vt -0.06796192 0.03664943
vt -0.06805657 0.03689032
vt -0.06860533 0.0365475
vt -0.03526014 -0.01679388
vt -0.03470998 -0.0164533
vt -0.03478687 -0.01620617
vt -0.03544706 -0.01661486
vt -0.01103971 -0.07677449
vt -0.0102669 -0.07669935
vt -0.01022675 -0.07644366
vt -0.01112836 -0.07653132
vt 0.008453313 -0.1195372
vt 0.009336256 -0.1193347
vt 0.009325545 -0.1190761
vt 0.008350266 -0.1192998
vt 0.06448233 0.1132223
vt 0.06355128 0.1135888
vt 0.06344055 0.1133548
vt 0.06440388 0.1129756
vt 0.03061941 0.1039302
vt 0.02959091 0.1040485
vt 0.02957864 0.1037899
vt 0.03057269 0.1036756
vt 0.02292664 0.05516158
vt 0.02192912 0.05524008
vt 0.02195638 0.05498268
vt 0.02285946 0.05491163
vt 0.01767936 -0.01142923
vt 0.01677601 -0.01136176
vt 0.01682187 -0.01161648
vt 0.01759617 -0.01167432
vt 0.01106558 -0.07650843
vt 0.01029277 -0.07643329
vt 0.01033292 -0.07668898
vt 0.01097693 -0.07675159
vt -0.008515175 -0.1192282
vt -0.009145848 -0.1190836
vt -0.009156561 -0.1193422
vt -0.008618223 -0.1194656
vt -0.06417318 0.113049
vt -0.06365926 0.1132514
vt -0.06376998 0.1134853
vt -0.06425164 0.1132957
vt -0.03033465 0.1037193
vt -0.0298204 0.1037785
vt -0.02983268 0.104037
vt -0.03038137 0.1039739
vt -0.02268579 0.05495834
vt -0.02213518 0.05500167
vt -0.02210792 0.05525904
vt -0.02275297 0.05520829
vt -0.01753288 -0.01165289
vt -0.01688763 -0.01160469
vt -0.01684177 -0.01134997
vt -0.01761607 -0.0114078
vt -0.03295645 -0.07116576
vt -0.03228322 -0.07155262
vt -0.03210226 -0.07136758
vt -0.03288769 -0.07091625
vt -0.09595584 -0.07304974
vt -0.09544875 -0.07380038
vt -0.09521139 -0.07369719
vt -0.09577151 -0.07286806
vt -0.1175127 0.05529343
vt -0.1179853 0.05441149
vt -0.1177659 0.05427423
vt -0.1172769 0.05518674
vt -0.06206949 0.08622272
vt -0.06294645 0.0856725
vt -0.06279452 0.08546297
vt -0.06194694 0.08599477
vt -0.02837656 0.0473524
vt -0.02929144 0.04694719
vt -0.02914509 0.04673372
vt -0.02831683 0.04710056
vt -0.001189378 -0.01450519
vt -0.002021722 -0.01486268
vt -0.001863374 -0.0150674
vt -0.001149935 -0.01476098
vt 0.03282327 -0.07093398
vt 0.03215005 -0.07132084
vt 0.032331 -0.07150588
vt 0.03289203 -0.07118351
vt 0.0956453 -0.07299611
vt 0.0952831 -0.07353228
vt 0.09552046 -0.07363547
vt 0.09582964 -0.0731778
vt 0.1173767 0.05496623
vt 0.1176376 0.05447941
vt 0.117857 0.05461667
vt 0.1176125 0.05507292
vt 0.06216012 0.08588015
vt 0.06259859 0.08560504
vt 0.06275053 0.08581458
vt 0.06228268 0.08610812
vt 0.02849176 0.04705906
vt 0.02899676 0.0468354
vt 0.02914311 0.04704886
vt 0.02855149 0.04731089
vt 0.00121596 -0.0147712
vt 0.001810491 -0.01502655
vt 0.001968841 -0.01482182
vt 0.001255402 -0.0145154
vt -0.04700319 -0.05809582
vt -0.04664874 -0.05878666
vt -0.04639624 -0.05872983
vt -0.04680976 -0.05792386
vt -0.1110235 -0.03784644
vt -0.1109616 -0.03875019
vt -0.1107045 -0.03878004
vt -0.1107729 -0.03778179
vt -0.1295437 0.01711849
vt -0.1298999 0.01618345
vt -0.1296648 0.01607531
vt -0.1292962 0.01704276
vt -0.1055075 0.03951767
vt -0.1061165 0.03868044
vt -0.1058975 0.03854256
vt -0.1053089 0.03935175
vt -0.06619959 0.01868567
vt -0.06686562 0.01793895
vt -0.0666442 0.01780492
vt -0.06604122 0.01848095
vt -0.0167372 -0.02528669
vt -0.01731121 -0.02598747
vt -0.01707635 -0.02609621
vt -0.01658433 -0.02549554
vt 0.04676534 -0.05797379
vt 0.0464109 -0.05866463
vt 0.0466634 -0.05872145
vt 0.04695877 -0.05814576
vt 0.1107281 -0.03795583
vt 0.1106838 -0.03860136
vt 0.1109409 -0.0385715
vt 0.1109787 -0.03802048
vt 0.129367 0.01681138
vt 0.1295637 0.01629525
vt 0.1297988 0.01640339
vt 0.1296145 0.01688711
vt 0.1054641 0.039166
vt 0.1057686 0.03874738
vt 0.1059876 0.03888527
vt 0.1056627 0.03933192
vt 0.06618343 0.01837092
vt 0.06655107 0.01795875
vt 0.06677248 0.01809277
vt 0.06634178 0.01857564
vt 0.01663821 -0.02553504
vt 0.01704822 -0.02603561
vt 0.01728309 -0.02592687
vt 0.01679108 -0.02532619
vt -0.05107763 -0.04298658
vt -0.05111473 -0.04376215
vt -0.05086751 -0.04383876
vt -0.05082422 -0.04293393
vt -0.108628 -0.01632832
vt -0.1088748 -0.0171999
vt -0.1086429 -0.01731482
vt -0.1083702 -0.01635209
vt -0.1310925 0.007883294
vt -0.1314931 0.006966406
vt -0.1312634 0.006847116
vt -0.1308489 0.007795779
vt -0.123233 0.008727438
vt -0.1236793 0.007793298
vt -0.1234388 0.007697618
vt -0.1230075 0.00860047
vt -0.08825795 -0.01371097
vt -0.08862664 -0.01464117
vt -0.08837264 -0.01469089
vt -0.08803886 -0.01384876
vt -0.02573853 -0.04098415
vt -0.02592022 -0.04187161
vt -0.02566173 -0.04185848
vt -0.025506 -0.0410978
vt 0.05081058 -0.04299936
vt 0.05084768 -0.04377493
vt 0.0510949 -0.04369833
vt 0.05106398 -0.04305202
vt 0.1083868 -0.01653108
vt 0.1085631 -0.01715364
vt 0.108795 -0.01703873
vt 0.1086445 -0.01650732
vt 0.1309307 0.007568006
vt 0.1311519 0.0070619
vt 0.1313816 0.00718119
vt 0.1311743 0.007655521
vt 0.1231262 0.008389547
vt 0.1233493 0.007922476
vt 0.1235898 0.008018157
vt 0.1233517 0.008516515
vt 0.08813463 -0.01400096
vt 0.08833814 -0.01451441
vt 0.08859214 -0.01446469
vt 0.08835372 -0.01386317
vt 0.02553529 -0.04115786
vt 0.02566507 -0.04179176
vt 0.02592355 -0.04180488
vt 0.02576782 -0.0410442
vt -0.04582247 -0.02887823
vt -0.04621986 -0.02954529
vt -0.04603768 -0.02972913
vt -0.04557407 -0.02895089
vt -0.09519717 0.008066102
vt -0.09571856 0.007325327
vt -0.09553774 0.007140141
vt -0.09496184 0.007958388
vt -0.124715 0.02097806
vt -0.1252442 0.02012883
vt -0.1250342 0.01997754
vt -0.1244867 0.02085621
vt -0.1304904 -0.001255551
vt -0.1308629 -0.002221466
vt -0.1306158 -0.002298224
vt -0.1302557 -0.001364662
vt -0.0966702 -0.0437852
vt -0.09671584 -0.04478476
vt -0.09645949 -0.04474904
vt -0.09641818 -0.04384412
vt -0.02486622 -0.05844942
vt -0.02459235 -0.0593129
vt -0.02437304 -0.05917546
vt -0.02460779 -0.05843534
vt 0.04559282 -0.02901505
vt 0.04599021 -0.02968211
vt 0.04617238 -0.02949827
vt 0.04584123 -0.02894239
vt 0.0950367 0.007794912
vt 0.09540913 0.007265787
vt 0.09558994 0.007450971
vt 0.09527204 0.007902628
vt 0.1246006 0.02064268
vt 0.1248927 0.02017392
vt 0.1251027 0.0203252
vt 0.1248289 0.02076453
vt 0.1303577 -0.00158417
vt 0.130544 -0.002067128
vt 0.1307912 -0.001990368
vt 0.1305924 -0.001475059
vt 0.09645917 -0.04401919
vt 0.09648435 -0.04457093
vt 0.09674069 -0.04460664
vt 0.09671117 -0.04396027
vt 0.02460409 -0.05850206
vt 0.02440847 -0.05911882
vt 0.02462778 -0.05925626
vt 0.02486253 -0.05851614
vt -0.03350014 -0.01828477
vt -0.03416034 -0.01869346
vt -0.03408345 -0.01894059
vt -0.03331322 -0.01846379
vt -0.06737575 0.03604477
vt -0.06814402 0.0355648
vt -0.06804937 0.03532391
vt -0.06720077 0.03585406
vt -0.1012097 0.05951228
vt -0.1019687 0.05886029
vt -0.1018136 0.0586531
vt -0.1010283 0.05932768
vt -0.1316857 0.0163559
vt -0.132102 0.01540802
vt -0.1318586 0.01532005
vt -0.1314562 0.01623618
vt -0.0881354 -0.07714561
vt -0.08775624 -0.0780716
vt -0.08753872 -0.07793135
vt -0.08788197 -0.07709303
vt -0.01249834 -0.07328754
vt -0.01180906 -0.07387532
vt -0.01169569 -0.07364266
vt -0.0122865 -0.07313885
vt 0.03335945 -0.01851206
vt 0.03401964 -0.01892075
vt 0.03409653 -0.01867361
vt 0.03354637 -0.01833304
vt 0.06733327 0.03573252
vt 0.06788204 0.03538969
vt 0.06797668 0.03563058
vt 0.06750827 0.03592322
vt 0.1012009 0.05915803
vt 0.1016199 0.05879814
vt 0.101775 0.05900533
vt 0.1013823 0.05934262
vt 0.1315682 0.01602163
vt 0.1317763 0.01554769
vt 0.1320197 0.01563566
vt 0.1317976 0.01614135
vt 0.0878455 -0.07726907
vt 0.08763621 -0.0777802
vt 0.08785374 -0.07792045
vt 0.08809891 -0.07732166
vt 0.01224806 -0.07319351
vt 0.01175572 -0.07361335
vt 0.01186909 -0.07384602
vt 0.0124599 -0.0733422
vt -0.01665971 -0.01378784
vt -0.01743401 -0.01384567
vt -0.01747987 -0.01410039
vt -0.01657652 -0.01403292
vt -0.02189439 0.05419464
vt -0.02279746 0.05412357
vt -0.02282472 0.0538662
vt -0.02182721 0.05394469
vt -0.02967091 0.1045921
vt -0.03066497 0.1044778
vt -0.03065269 0.1042192
vt -0.02962419 0.1043375
vt -0.06425627 0.1154272
vt -0.0652196 0.115048
vt -0.06510888 0.1148141
vt -0.06417782 0.1151806
vt -0.01003417 -0.1221661
vt -0.009058893 -0.1223897
vt -0.009048182 -0.1221311
vt -0.009931126 -0.1219287
vt 0.009900303 -0.07980172
vt 0.01080192 -0.07988937
vt 0.01076176 -0.0796337
vt 0.009988952 -0.07955856
vt 0.0166398 -0.01405442
vt 0.0174141 -0.01411225
vt 0.01736824 -0.01385753
vt 0.01672299 -0.01380934
vt 0.02200085 0.05389807
vt 0.0226459 0.05384731
vt 0.02261864 0.05410469
vt 0.02206803 0.05414801
vt 0.0298622 0.1042938
vt 0.0304109 0.1042307
vt 0.03042318 0.1044892
vt 0.02990893 0.1045484
vt 0.06440847 0.1151072
vt 0.06489012 0.1149176
vt 0.06500085 0.1151516
vt 0.06448692 0.1153539
vt 0.009766178 -0.1220003
vt 0.00922784 -0.1221238
vt 0.00923855 -0.1223824
vt 0.009869224 -0.1222377
vt -0.01005174 -0.07958141
vt -0.01069575 -0.07964402
vt -0.0107359 -0.07989971
vt -0.009963092 -0.07982457
vt 0.001004081 -0.01706807
vt 0.0002906414 -0.01676165
vt 0.0001322938 -0.01696637
vt 0.0009646377 -0.01732386
vt 0.02882494 0.04601092
vt 0.02799667 0.04637776
vt 0.02785032 0.0461643
vt 0.02876521 0.04575909
vt 0.06322367 0.08614694
vt 0.06237607 0.08667874
vt 0.06222414 0.0864692
vt 0.0631011 0.08591898
vt 0.1197289 0.05532634
vt 0.1192399 0.05623884
vt 0.1190205 0.05610158
vt 0.1194931 0.05521964
vt 0.09783827 -0.07547186
vt 0.09839839 -0.07464273
vt 0.09816103 -0.07453954
vt 0.09765394 -0.07529017
vt 0.03378323 -0.07429288
vt 0.03456866 -0.07384155
vt 0.0343877 -0.07365651
vt 0.03371448 -0.07404336
vt -0.0008985983 -0.01731368
vt -0.000185159 -0.01700726
vt -0.0003435094 -0.01680254
vt -0.0009380402 -0.01705788
vt -0.02859026 0.04580063
vt -0.02799865 0.04606266
vt -0.02814499 0.04627612
vt -0.02865 0.04605246
vt -0.06288786 0.08603355
vt -0.06242001 0.08632709
vt -0.06257194 0.08653663
vt -0.06301042 0.08626152
vt -0.1193934 0.05544
vt -0.1191489 0.05589625
vt -0.1193683 0.05603351
vt -0.1196292 0.05554669
vt -0.09778026 -0.07516204
vt -0.09808944 -0.07470437
vt -0.09832679 -0.07480755
vt -0.09796459 -0.07534372
vt -0.03377887 -0.07402559
vt -0.03433989 -0.07370321
vt -0.03452085 -0.07388826
vt -0.03384762 -0.07427511
vt 0.01539188 -0.02747596
vt 0.01489988 -0.02687528
vt 0.01466501 -0.02698402
vt 0.01523902 -0.02768481
vt 0.06605425 0.01727875
vt 0.06545128 0.01795477
vt 0.06522986 0.01782076
vt 0.0658959 0.01707403
vt 0.1065504 0.03901753
vt 0.1059619 0.03982672
vt 0.1057428 0.03968884
vt 0.1063518 0.03885161
vt 0.131746 0.01686823
vt 0.1313775 0.01783568
vt 0.1311423 0.01772755
vt 0.1314985 0.0167925
vt 0.1138673 -0.03899678
vt 0.1139357 -0.03799852
vt 0.1136786 -0.03802838
vt 0.1136167 -0.03893212
vt 0.04939804 -0.06027001
vt 0.04981157 -0.05946404
vt 0.04955907 -0.05940721
vt 0.04920462 -0.06009804
vt -0.01518508 -0.02764535
vt -0.01469307 -0.02704468
vt -0.01492794 -0.02693594
vt -0.01533795 -0.0274365
vt -0.06575367 0.01718407
vt -0.06532297 0.01766694
vt -0.06554438 0.01780096
vt -0.06591202 0.01738878
vt -0.1061966 0.03903735
vt -0.1058717 0.03948401
vt -0.1060908 0.0396219
vt -0.1063952 0.03920328
vt -0.1314277 0.01702392
vt -0.1312434 0.01750765
vt -0.1314786 0.01761578
vt -0.1316752 0.01709966
vt -0.1136617 -0.03875792
vt -0.1136994 -0.0382069
vt -0.1139565 -0.03817704
vt -0.1139123 -0.03882257
vt -0.04924896 -0.06004809
vt -0.04954434 -0.0594724
vt -0.04979684 -0.05952923
vt -0.04944239 -0.06022006
vt 0.02318804 -0.0423649
vt 0.02303231 -0.04160423
vt 0.02277383 -0.0415911
vt 0.02295551 -0.04247855
vt 0.08676821 -0.01532681
vt 0.08643443 -0.01448468
vt 0.08618043 -0.0145344
vt 0.08654912 -0.0154646
vt 0.1230313 0.007502916
vt 0.1225999 0.008405768
vt 0.1223595 0.008310089
vt 0.1228057 0.007375948
vt 0.1321505 0.007234742
vt 0.131736 0.008183405
vt 0.1315063 0.008064114
vt 0.1319069 0.007147228
vt 0.1107931 -0.0167058
vt 0.1105204 -0.01574307
vt 0.1102885 -0.01585799
vt 0.1105353 -0.01672957
vt 0.05389026 -0.04369415
vt 0.05384697 -0.04278931
vt 0.05359975 -0.04286592
vt 0.05363686 -0.04364149
vt -0.02292613 -0.04241853
vt -0.0227704 -0.04165785
vt -0.02302889 -0.04167098
vt -0.02315866 -0.04230488
vt -0.08645343 -0.01531238
vt -0.08621502 -0.01471086
vt -0.08646901 -0.01466114
vt -0.08667253 -0.01517459
vt -0.122687 0.007586848
vt -0.1224489 0.008085206
vt -0.1226894 0.008180887
vt -0.1229126 0.007713816
vt -0.1318251 0.007375015
vt -0.1316178 0.007849347
vt -0.1318475 0.007968636
vt -0.1320687 0.00746253
vt -0.1105189 -0.01655047
vt -0.1103684 -0.01601906
vt -0.1106003 -0.01590415
vt -0.1107766 -0.0165267
vt -0.0536504 -0.04357607
vt -0.05361948 -0.04292976
vt -0.0538667 -0.04285315
vt -0.05390381 -0.04362872
vt 0.02196617 -0.05841207
vt 0.02220092 -0.05767195
vt 0.02198161 -0.05753451
vt 0.02170774 -0.05839799
vt 0.09473543 -0.04482777
vt 0.09469412 -0.04392285
vt 0.09443777 -0.04388713
vt 0.09448341 -0.04488669
vt 0.1301944 -0.002460745
vt 0.1298343 -0.001527183
vt 0.1295871 -0.001603941
vt 0.1299597 -0.002569856
vt 0.1258558 0.02048951
vt 0.1253083 0.02136817
vt 0.1250983 0.02121689
vt 0.1256275 0.02036765
vt 0.09736522 0.008426395
vt 0.0967893 0.009244642
vt 0.09660849 0.009059456
vt 0.09712987 0.00831868
vt 0.04863753 -0.02818033
vt 0.04817392 -0.0274021
vt 0.04799175 -0.02758594
vt 0.04838913 -0.028253
vt -0.02171138 -0.05833125
vt -0.02194613 -0.05759113
vt -0.02216544 -0.05772857
vt -0.02196982 -0.05834534
vt -0.09444252 -0.04471157
vt -0.094413 -0.0440652
vt -0.09466935 -0.04410091
vt -0.09469454 -0.04465265
vt -0.1298577 -0.002350422
vt -0.1296589 -0.001835113
vt -0.1299061 -0.001758353
vt -0.1300924 -0.002241311
vt -0.1255135 0.02058118
vt -0.1252398 0.02102051
vt -0.1254498 0.0211718
vt -0.1257419 0.02070303
vt -0.09705507 0.008482201
vt -0.09673718 0.008933857
vt -0.09691799 0.009119041
vt -0.09729041 0.008589916
vt -0.04837032 -0.02818889
vt -0.04803918 -0.02763301
vt -0.04822135 -0.02744916
vt -0.04861874 -0.02811623
vt 0.01005729 -0.07172135
vt 0.0106481 -0.07121754
vt 0.01053473 -0.07098488
vt 0.009845454 -0.07157265
vt 0.08594159 -0.07727738
vt 0.08628484 -0.07643906
vt 0.08606732 -0.07629881
vt 0.08568817 -0.07722479
vt 0.1314451 0.01513844
vt 0.1310427 0.01605458
vt 0.1307993 0.01596661
vt 0.1312156 0.01501872
vt 0.1024444 0.05938747
vt 0.1016591 0.06006206
vt 0.101504 0.05985486
vt 0.102263 0.05920287
vt 0.06923343 0.03721921
vt 0.06838482 0.03774936
vt 0.06829018 0.03750847
vt 0.06905844 0.03702851
vt 0.03567631 -0.01636751
vt 0.03490608 -0.01589071
vt 0.0348292 -0.01613784
vt 0.03548939 -0.01654653
vt -0.009883853 -0.07151796
vt -0.01047466 -0.07101414
vt -0.01058803 -0.07124681
vt -0.01009569 -0.07166666
vt -0.08572473 -0.0770487
vt -0.08596991 -0.07644991
vt -0.08618744 -0.07659016
vt -0.08597815 -0.07710128
vt -0.1311037 0.01523332
vt -0.1308816 0.01573901
vt -0.131125 0.01582698
vt -0.1313331 0.01535304
vt -0.1020904 0.05937251
vt -0.1016977 0.05970981
vt -0.1018528 0.059917
vt -0.1022718 0.05955711
vt -0.06892598 0.0371501
vt -0.06845756 0.03744274
vt -0.06855221 0.03768363
vt -0.06910096 0.0373408
vt -0.03544314 -0.01649832
vt -0.03489298 -0.01615774
vt -0.03496987 -0.01591061
vt -0.03563006 -0.0163193
vt -0.01100608 -0.07712052
vt -0.01023327 -0.07704539
vt -0.01019312 -0.0767897
vt -0.01109473 -0.07687736
vt 0.008662441 -0.120449
vt 0.009545384 -0.1202465
vt 0.009534674 -0.1199879
vt 0.008559395 -0.1202116
vt 0.06494351 0.1143938
vt 0.06401245 0.1147604
vt 0.06390172 0.1145264
vt 0.06486505 0.1141472
vt 0.03076326 0.105181
vt 0.02973477 0.1052992
vt 0.02972249 0.1050407
vt 0.03071654 0.1049264
vt 0.02300003 0.05609408
vt 0.02200252 0.05617257
vt 0.02202978 0.0559152
vt 0.02293285 0.05584414
vt 0.01770527 -0.01108258
vt 0.01680192 -0.01101511
vt 0.01684778 -0.01126983
vt 0.01762208 -0.01132767
vt 0.01103195 -0.07685447
vt 0.01025914 -0.07677933
vt 0.01029929 -0.07703502
vt 0.0109433 -0.07709762
vt -0.008724304 -0.12014
vt -0.009354977 -0.1199954
vt -0.009365687 -0.1202539
vt -0.00882735 -0.1203774
vt -0.06463435 0.1142206
vt -0.06412043 0.1144229
vt -0.06423114 0.1146568
vt -0.06471281 0.1144672
vt -0.0304785 0.1049701
vt -0.02996425 0.1050292
vt -0.02997653 0.1052878
vt -0.03052523 0.1052247
vt -0.02275919 0.05589085
vt -0.02220858 0.05593417
vt -0.02218132 0.05619155
vt -0.02282637 0.05614079
vt -0.01755879 -0.01130624
vt -0.01691354 -0.01125805
vt -0.01686768 -0.01100332
vt -0.01764198 -0.01106116
vt -0.03312967 -0.07146721
vt -0.03245644 -0.07185406
vt -0.03227549 -0.07166902
vt -0.03306092 -0.07121769
vt -0.096731 -0.07357337
vt -0.09622391 -0.074324
vt -0.09598655 -0.07422081
vt -0.09654667 -0.07339168
vt -0.1186224 0.0558882
vt -0.1190951 0.05500625
vt -0.1188756 0.054869
vt -0.1183866 0.0557815
vt -0.0627386 0.08728923
vt -0.06361556 0.08673901
vt -0.06346363 0.08652948
vt -0.06261604 0.08706127
vt -0.02875534 0.04820765
vt -0.02967022 0.04780245
vt -0.02952387 0.04758898
vt -0.02869561 0.04795582
vt -0.00132655 -0.01418579
vt -0.002158894 -0.01454327
vt -0.002000547 -0.014748
vt -0.001287107 -0.01444158
vt 0.03299649 -0.07123543
vt 0.03232326 -0.07162228
vt 0.03250422 -0.07180732
vt 0.03306524 -0.07148495
vt 0.09642045 -0.07351972
vt 0.09605825 -0.0740559
vt 0.09629561 -0.07415907
vt 0.09660478 -0.0737014
vt 0.1184864 0.05556099
vt 0.1187473 0.05507418
vt 0.1189667 0.05521144
vt 0.1187222 0.05566769
vt 0.06282923 0.08694666
vt 0.0632677 0.08667155
vt 0.06341964 0.08688109
vt 0.06295179 0.08717463
vt 0.02887055 0.04791432
vt 0.02937555 0.04769065
vt 0.02952189 0.04790412
vt 0.02893028 0.04816615
vt 0.001353135 -0.0144518
vt 0.001947665 -0.01470715
vt 0.002106016 -0.01450242
vt 0.001392576 -0.014196
vt -0.04731251 -0.05825455
vt -0.04695807 -0.05894538
vt -0.04670556 -0.05888855
vt -0.04711909 -0.05808257
vt -0.1119568 -0.03791038
vt -0.1118948 -0.03881412
vt -0.1116378 -0.03884399
vt -0.1117062 -0.03784572
vt -0.1307203 0.01756674
vt -0.1310765 0.0166317
vt -0.1308413 0.01652356
vt -0.1304728 0.01749101
vt -0.1065257 0.04025828
vt -0.1071347 0.03942104
vt -0.1069156 0.03928316
vt -0.1063271 0.04009236
vt -0.06689764 0.0193083
vt -0.06756367 0.01856158
vt -0.06734226 0.01842756
vt -0.06673928 0.01910358
vt -0.01700613 -0.02506642
vt -0.01758014 -0.02576721
vt -0.01734527 -0.02587595
vt -0.01685326 -0.02527528
vt 0.04707466 -0.05813252
vt 0.04672021 -0.05882335
vt 0.04697271 -0.05888018
vt 0.04726809 -0.05830449
vt 0.1116613 -0.03801977
vt 0.1116171 -0.0386653
vt 0.1118742 -0.03863544
vt 0.1119119 -0.03808442
vt 0.1305436 0.01725962
vt 0.1307402 0.0167435
vt 0.1309754 0.01685163
vt 0.1307911 0.01733536
vt 0.1064823 0.0399066
vt 0.1067867 0.03948799
vt 0.1070058 0.03962587
vt 0.1066809 0.04007253
vt 0.06688149 0.01899356
vt 0.06724913 0.01858138
vt 0.06747054 0.0187154
vt 0.06703984 0.01919828
vt 0.01690714 -0.02531478
vt 0.01731715 -0.02581534
vt 0.01755201 -0.0257066
vt 0.01706 -0.02510593
o group1472566895
g mesh1472566895
usemtl mat24
f 3/3/1 2/2/1 1/1/1
f 2/6/2 4/5/2 1/4/2
f 4/9/3 5/8/3 1/7/3
f 5/12/4 6/11/4 1/10/4
f 6/15/5 7/14/5 1/13/5
f 7/18/6 8/17/6 1/16/6
f 8/21/7 9/20/7 1/19/7
f 9/24/8 10/23/8 1/22/8
f 10/27/9 11/26/9 1/25/9
f 11/30/10 12/29/10 1/28/10
f 12/33/11 13/32/11 1/31/11
f 13/36/12 3/35/12 1/34/12
f 15/40/13 14/39/13 2/38/13 3/37/13
f 14/44/14 16/43/14 4/42/14 2/41/14
f 16/48/15 17/47/15 5/46/15 4/45/15
f 17/52/16 18/51/16 6/50/16 5/49/16
f 18/56/17 19/55/17 7/54/17 6/53/17
f 19/60/18 20/59/18 8/58/18 7/57/18
f 20/64/19 21/63/19 9/62/19 8/61/19
f 21/68/20 22/67/20 10/66/20 9/65/20
f 22/72/21 23/71/21 11/70/21 10/69/21
f 23/76/22 24/75/22 12/74/22 11/73/22
f 24/80/23 25/79/23 13/78/23 12/77/23
f 25/84/24 15/83/24 3/82/24 13/81/24
f 27/88/25 26/87/25 14/86/25 15/85/25
f 26/92/26 28/91/26 16/90/26 14/89/26
f 28/96/27 29/95/27 17/94/27 16/93/27
f 29/100/28 30/99/28 18/98/28 17/97/28
f 30/104/29 31/103/29 19/102/29 18/101/29
f 31/108/30 32/107/30 20/106/30 19/105/30
f 32/112/31 33/111/31 21/110/31 20/109/31
f 33/116/32 34/115/32 22/114/32 21/113/32
f 34/120/33 35/119/33 23/118/33 22/117/33
f 35/124/34 36/123/34 24/122/34 23/121/34
f 36/128/35 37/127/35 25/126/35 24/125/35
f 37/132/36 27/131/36 15/130/36 25/129/36
f 39/136/37 38/135/37 26/134/37 27/133/37
f 38/140/38 40/139/38 28/138/38 26/137/38
f 40/144/39 41/143/39 29/142/39 28/141/39
f 41/148/40 42/147/40 30/146/40 29/145/40
f 42/152/41 43/151/41 31/150/41 30/149/41
f 43/156/42 44/155/42 32/154/42 31/153/42
f 44/160/43 45/159/43 33/158/43 32/157/43
f 45/164/44 46/163/44 34/162/44 33/161/44
f 46/168/45 47/167/45 35/166/45 34/165/45
f 47/172/46 48/171/46 36/170/46 35/169/46
f 48/176/47 49/175/47 37/174/47 36/173/47
f 49/180/48 39/179/48 27/178/48 37/177/48
f 51/184/49 50/183/49 38/182/49 39/181/49
f 50/188/50 52/187/50 40/186/50 38/185/50
f 52/192/51 53/191/51 41/190/51 40/189/51
f 53/196/52 54/195/52 42/194/52 41/193/52
f 54/200/53 55/199/53 43/198/53 42/197/53
f 55/204/54 56/203/54 44/202/54 43/201/54
f 56/208/55 57/207/55 45/206/55 44/205/55
f 57/212/56 58/211/56 46/210/56 45/209/56
f 58/216/57 59/215/57 47/214/57 46/213/57
f 59/220/58 60/219/58 48/218/58 47/217/58
f 60/224/59 61/223/59 49/222/59 48/221/59
f 61/228/60 51/227/60 39/226/60 49/225/60
f 63/232/61 62/231/61 50/230/61 51/229/61
f 62/236/62 64/235/62 52/234/62 50/233/62
f 64/240/63 65/239/63 53/238/63 52/237/63
f 65/244/64 66/243/64 54/242/64 53/241/64
f 66/248/65 67/247/65 55/246/65 54/245/65
f 67/252/66 68/251/66 56/250/66 55/249/66
f 68/256/67 69/255/67 57/254/67 56/253/67
f 69/260/68 70/259/68 58/258/68 57/257/68
f 70/264/69 71/263/69 59/262/69 58/261/69
f 71/268/70 72/267/70 60/266/70 59/265/70
f 72/272/71 73/271/71 61/270/71 60/269/71
f 73/276/72 63/275/72 51/274/72 61/273/72
f 75/280/73 74/279/73 62/278/73 63/277/73
f 74/284/74 76/283/74 64/282/74 62/281/74
f 76/288/75 77/287/75 65/286/75 64/285/75
f 77/292/76 78/291/76 66/290/76 65/289/76
f 78/296/77 79/295/77 67/294/77 66/293/77
f 79/300/78 80/299/78 68/298/78 67/297/78
f 80/304/79 81/303/79 69/302/79 68/301/79
f 81/308/80 82/307/80 70/306/80 69/305/80
f 82/312/81 83/311/81 71/310/81 70/309/81
f 83/316/82 84/315/82 72/314/82 71/313/82
f 84/320/83 85/319/83 73/318/83 72/317/83
f 85/324/84 75/323/84 63/322/84 73/321/84
f 87/328/85 86/327/85 74/326/85 75/325/85
f 86/332/86 88/331/86 76/330/86 74/329/86
f 88/336/87 89/335/87 77/334/87 76/333/87
f 89/340/88 90/339/88 78/338/88 77/337/88
f 90/344/89 91/343/89 79/342/89 78/341/89
f 91/348/90 92/347/90 80/346/90 79/345/90
f 92/352/91 93/351/91 81/350/91 80/349/91
f 93/356/92 94/355/92 82/354/92 81/353/92
f 94/360/93 95/359/93 83/358/93 82/357/93
f 95/364/94 96/363/94 84/362/94 83/361/94
f 96/368/95 97/367/95 85/366/95 84/365/95
f 97/372/96 87/371/96 75/370/96 85/369/96
f 98/375/97 86/374/97 87/373/97
f 98/378/98 88/377/98 86/376/98
f 98/381/99 89/380/99 88/379/99
f 98/384/100 90/383/100 89/382/100
f 98/387/101 91/386/101 90/385/101
f 98/390/102 92/389/102 91/388/102
f 98/393/103 93/392/103 92/391/103
f 98/396/104 94/395/104 93/394/104
f 98/399/105 95/398/105 94/397/105
f 98/402/106 96/401/106 95/400/106
f 98/405/107 97/404/107 96/403/107
f 98/408/108 87/407/108 97/406/108
o group2024846406
g mesh2024846406
usemtl mat15
f 102/412/109 101/411/109 100/410/109 99/409/109
f 101/416/110 104/415/110 103/414/110 100/413/110
f 104/420/111 106/419/111 105/418/111 103/417/111
f 106/424/112 108/423/112 107/422/112 105/421/112
f 108/428/113 110/427/113 109/426/113 107/425/113
f 110/432/114 112/431/114 111/430/114 109/429/114
f 112/436/115 114/435/115 113/434/115 111/433/115
f 114/440/116 116/439/116 115/438/116 113/437/116
f 116/444/117 118/443/117 117/442/117 115/441/117
f 118/448/118 120/447/118 119/446/118 117/445/118
f 120/452/119 122/451/119 121/450/119 119/449/119
f 122/456/120 102/455/120 99/454/120 121/453/120
f 124/460/121 123/459/121 119/458/121 121/457/121
f 126/464/122 125/463/122 101/462/122 102/461/122
f 125/468/123 127/467/123 104/466/123 101/465/123
f 127/472/124 128/471/124 106/470/124 104/469/124
f 128/476/125 129/475/125 108/474/125 106/473/125
f 129/480/126 130/479/126 110/478/126 108/477/126
f 130/484/127 131/483/127 112/482/127 110/481/127
f 131/488/128 132/487/128 114/486/128 112/485/128
f 132/492/129 133/491/129 116/490/129 114/489/129
f 133/496/130 134/495/130 118/494/130 116/493/130
f 134/500/131 135/499/131 120/498/131 118/497/131
f 135/504/132 136/503/132 122/502/132 120/501/132
f 136/508/133 126/507/133 102/506/133 122/505/133
f 136/520/134 135/519/134 134/518/134 133/517/134 132/516/134 131/515/134 130/514/134 129/513/134 128/512/134 127/511/134 125/510/134 126/509/134
f 123/524/135 137/523/135 117/522/135 119/521/135
f 137/528/136 138/527/136 115/526/136 117/525/136
f 138/532/137 139/531/137 113/530/137 115/529/137
f 139/536/138 140/535/138 111/534/138 113/533/138
f 140/540/139 141/539/139 109/538/139 111/537/139
f 141/544/140 142/543/140 107/542/140 109/541/140
f 142/548/141 143/547/141 105/546/141 107/545/141
f 143/552/142 144/551/142 103/550/142 105/549/142
f 144/556/143 145/555/143 100/554/143 103/553/143
f 145/560/144 146/559/144 99/558/144 100/557/144
f 146/564/145 124/563/145 121/562/145 99/561/145
f 146/576/146 145/575/146 144/574/146 143/573/146 142/572/146 141/571/146 140/570/146 139/569/146 138/568/146 137/567/146 123/566/146 124/565/146
o group1246136509
g mesh1246136509
usemtl mat17
f 150/580/147 149/579/147 148/578/147 147/577/147
f 152/584/148 151/583/148 149/582/148 150/581/148
f 154/588/149 153/587/149 151/586/149 152/585/149
f 156/592/150 155/591/150 153/590/150 154/589/150
f 158/596/151 157/595/151 155/594/151 156/593/151
f 160/600/152 159/599/152 157/598/152 158/597/152
f 162/604/153 161/603/153 159/602/153 160/601/153
f 164/608/154 163/607/154 161/606/154 162/605/154
f 166/612/155 165/611/155 163/610/155 164/609/155
f 168/616/156 167/615/156 165/614/156 166/613/156
f 170/620/157 169/619/157 167/618/157 168/617/157
f 147/624/158 148/623/158 169/622/158 170/621/158
f 149/628/159 172/627/159 171/626/159 148/625/159
f 151/632/160 173/631/160 172/630/160 149/629/160
f 153/636/161 174/635/161 173/634/161 151/633/161
f 155/640/162 175/639/162 174/638/162 153/637/162
f 157/644/163 176/643/163 175/642/163 155/641/163
f 159/648/164 177/647/164 176/646/164 157/645/164
f 161/652/165 178/651/165 177/650/165 159/649/165
f 163/656/166 179/655/166 178/654/166 161/653/166
f 165/660/167 180/659/167 179/658/167 163/657/167
f 167/664/168 181/663/168 180/662/168 165/661/168
f 169/668/169 182/667/169 181/666/169 167/665/169
f 148/672/170 171/671/170 182/670/170 169/669/170
f 172/676/171 184/675/171 183/674/171 171/673/171
f 173/680/172 185/679/172 184/678/172 172/677/172
f 174/684/173 186/683/173 185/682/173 173/681/173
f 175/688/174 187/687/174 186/686/174 174/685/174
f 176/692/175 188/691/175 187/690/175 175/689/175
f 177/696/176 189/695/176 188/694/176 176/693/176
f 178/700/177 190/699/177 189/698/177 177/697/177
f 179/704/178 191/703/178 190/702/178 178/701/178
f 180/708/179 192/707/179 191/706/179 179/705/179
f 181/712/180 193/711/180 192/710/180 180/709/180
f 182/716/181 194/715/181 193/714/181 181/713/181
f 171/720/182 183/719/182 194/718/182 182/717/182
f 184/724/183 196/723/183 195/722/183 183/721/183
f 185/728/184 197/727/184 196/726/184 184/725/184
f 186/732/185 198/731/185 197/730/185 185/729/185
f 187/736/186 199/735/186 198/734/186 186/733/186
f 188/740/187 200/739/187 199/738/187 187/737/187
f 189/744/188 201/743/188 200/742/188 188/741/188
f 190/748/189 202/747/189 201/746/189 189/745/189
f 191/752/190 203/751/190 202/750/190 190/749/190
f 192/756/191 204/755/191 203/754/191 191/753/191
f 193/760/192 205/759/192 204/758/192 192/757/192
f 194/764/193 206/763/193 205/762/193 193/761/193
f 183/768/194 195/767/194 206/766/194 194/765/194
f 196/772/195 208/771/195 207/770/195 195/769/195
f 197/776/196 209/775/196 208/774/196 196/773/196
f 198/780/197 210/779/197 209/778/197 197/777/197
f 199/784/198 211/783/198 210/782/198 198/781/198
f 200/788/199 212/787/199 211/786/199 199/785/199
f 201/792/200 213/791/200 212/790/200 200/789/200
f 202/796/201 214/795/201 213/794/201 201/793/201
f 203/800/202 215/799/202 214/798/202 202/797/202
f 204/804/203 216/803/203 215/802/203 203/801/203
f 205/808/204 217/807/204 216/806/204 204/805/204
f 206/812/205 218/811/205 217/810/205 205/809/205
f 195/816/206 207/815/206 218/814/206 206/813/206
f 208/820/207 220/819/207 219/818/207 207/817/207
f 209/824/208 221/823/208 220/822/208 208/821/208
f 210/828/209 222/827/209 221/826/209 209/825/209
f 211/832/210 223/831/210 222/830/210 210/829/210
f 212/836/211 224/835/211 223/834/211 211/833/211
f 213/840/212 225/839/212 224/838/212 212/837/212
f 214/844/213 226/843/213 225/842/213 213/841/213
f 215/848/214 227/847/214 226/846/214 214/845/214
f 216/852/215 228/851/215 227/850/215 215/849/215
f 217/856/216 229/855/216 228/854/216 216/853/216
f 218/860/217 230/859/217 229/858/217 217/857/217
f 207/864/218 219/863/218 230/862/218 218/861/218
f 220/868/219 232/867/219 231/866/219 219/865/219
f 221/872/220 233/871/220 232/870/220 220/869/220
f 222/876/221 234/875/221 233/874/221 221/873/221
f 223/880/222 235/879/222 234/878/222 222/877/222
f 224/884/223 236/883/223 235/882/223 223/881/223
f 225/888/224 237/887/224 236/886/224 224/885/224
f 226/892/225 238/891/225 237/890/225 225/889/225
f 227/896/226 239/895/226 238/894/226 226/893/226
f 228/900/227 240/899/227 239/898/227 227/897/227
f 229/904/228 241/903/228 240/902/228 228/901/228
f 230/908/229 242/907/229 241/906/229 229/905/229
f 219/912/230 231/911/230 242/910/230 230/909/230
f 232/916/231 244/915/231 243/914/231 231/913/231
f 233/920/232 245/919/232 244/918/232 232/917/232
f 234/924/233 246/923/233 245/922/233 233/921/233
f 235/928/234 247/927/234 246/926/234 234/925/234
f 236/932/235 248/931/235 247/930/235 235/929/235
f 237/936/236 249/935/236 248/934/236 236/933/236
f 238/940/237 250/939/237 249/938/237 237/937/237
f 239/944/238 251/943/238 250/942/238 238/941/238
f 240/948/239 252/947/239 251/946/239 239/945/239
f 241/952/240 253/951/240 252/950/240 240/949/240
f 242/956/241 254/955/241 253/954/241 241/953/241
f 231/960/242 243/959/242 254/958/242 242/957/242
f 244/964/243 256/963/243 255/962/243 243/961/243
f 245/968/244 257/967/244 256/966/244 244/965/244
f 246/972/245 258/971/245 257/970/245 245/969/245
f 247/976/246 259/975/246 258/974/246 246/973/246
f 248/980/247 260/979/247 259/978/247 247/977/247
f 249/984/248 261/983/248 260/982/248 248/981/248
f 250/988/249 262/987/249 261/986/249 249/985/249
f 251/992/250 263/991/250 262/990/250 250/989/250
f 252/996/251 264/995/251 263/994/251 251/993/251
f 253/1000/252 265/999/252 264/998/252 252/997/252
f 254/1004/253 266/1003/253 265/1002/253 253/1001/253
f 243/1008/254 255/1007/254 266/1006/254 254/1005/254
f 256/1012/255 268/1011/255 267/1010/255 255/1009/255
f 257/1016/256 269/1015/256 268/1014/256 256/1013/256
f 258/1020/257 270/1019/257 269/1018/257 257/1017/257
f 259/1024/258 271/1023/258 270/1022/258 258/1021/258
f 260/1028/259 272/1027/259 271/1026/259 259/1025/259
f 261/1032/260 273/1031/260 272/1030/260 260/1029/260
f 262/1036/261 274/1035/261 273/1034/261 261/1033/261
f 263/1040/262 275/1039/262 274/1038/262 262/1037/262
f 264/1044/263 276/1043/263 275/1042/263 263/1041/263
f 265/1048/264 277/1047/264 276/1046/264 264/1045/264
f 266/1052/265 278/1051/265 277/1050/265 265/1049/265
f 255/1056/266 267/1055/266 278/1054/266 266/1053/266
f 268/1060/267 280/1059/267 279/1058/267 267/1057/267
f 269/1064/268 281/1063/268 280/1062/268 268/1061/268
f 270/1068/269 282/1067/269 281/1066/269 269/1065/269
f 271/1072/270 283/1071/270 282/1070/270 270/1069/270
f 272/1076/271 284/1075/271 283/1074/271 271/1073/271
f 273/1080/272 285/1079/272 284/1078/272 272/1077/272
f 274/1084/273 286/1083/273 285/1082/273 273/1081/273
f 275/1088/274 287/1087/274 286/1086/274 274/1085/274
f 276/1092/275 288/1091/275 287/1090/275 275/1089/275
f 277/1096/276 289/1095/276 288/1094/276 276/1093/276
f 278/1100/277 290/1099/277 289/1098/277 277/1097/277
f 267/1104/278 279/1103/278 290/1102/278 278/1101/278
f 280/1108/279 150/1107/279 147/1106/279 279/1105/279
f 281/1112/280 152/1111/280 150/1110/280 280/1109/280
f 282/1116/281 154/1115/281 152/1114/281 281/1113/281
f 283/1120/282 156/1119/282 154/1118/282 282/1117/282
f 284/1124/283 158/1123/283 156/1122/283 283/1121/283
f 285/1128/284 160/1127/284 158/1126/284 284/1125/284
f 286/1132/285 162/1131/285 160/1130/285 285/1129/285
f 287/1136/286 164/1135/286 162/1134/286 286/1133/286
f 288/1140/287 166/1139/287 164/1138/287 287/1137/287
f 289/1144/288 168/1143/288 166/1142/288 288/1141/288
f 290/1148/289 170/1147/289 168/1146/289 289/1145/289
f 279/1152/290 147/1151/290 170/1150/290 290/1149/290
o group906973474
g mesh906973474
usemtl mat17
f 294/1156/291 293/1155/291 292/1154/291 291/1153/291
f 296/1160/292 295/1159/292 293/1158/292 294/1157/292
f 298/1164/293 297/1163/293 295/1162/293 296/1161/293
f 300/1168/294 299/1167/294 297/1166/294 298/1165/294
f 302/1172/295 301/1171/295 299/1170/295 300/1169/295
f 304/1176/296 303/1175/296 301/1174/296 302/1173/296
f 306/1180/297 305/1179/297 303/1178/297 304/1177/297
f 308/1184/298 307/1183/298 305/1182/298 306/1181/298
f 310/1188/299 309/1187/299 307/1186/299 308/1185/299
f 312/1192/300 311/1191/300 309/1190/300 310/1189/300
f 314/1196/301 313/1195/301 311/1194/301 312/1193/301
f 291/1200/302 292/1199/302 313/1198/302 314/1197/302
f 293/1204/303 316/1203/303 315/1202/303 292/1201/303
f 295/1208/304 317/1207/304 316/1206/304 293/1205/304
f 297/1212/305 318/1211/305 317/1210/305 295/1209/305
f 299/1216/306 319/1215/306 318/1214/306 297/1213/306
f 301/1220/307 320/1219/307 319/1218/307 299/1217/307
f 303/1224/308 321/1223/308 320/1222/308 301/1221/308
f 305/1228/309 322/1227/309 321/1226/309 303/1225/309
f 307/1232/310 323/1231/310 322/1230/310 305/1229/310
f 309/1236/311 324/1235/311 323/1234/311 307/1233/311
f 311/1240/312 325/1239/312 324/1238/312 309/1237/312
f 313/1244/313 326/1243/313 325/1242/313 311/1241/313
f 292/1248/314 315/1247/314 326/1246/314 313/1245/314
f 316/1252/315 328/1251/315 327/1250/315 315/1249/315
f 317/1256/316 329/1255/316 328/1254/316 316/1253/316
f 318/1260/317 330/1259/317 329/1258/317 317/1257/317
f 319/1264/318 331/1263/318 330/1262/318 318/1261/318
f 320/1268/319 332/1267/319 331/1266/319 319/1265/319
f 321/1272/320 333/1271/320 332/1270/320 320/1269/320
f 322/1276/321 334/1275/321 333/1274/321 321/1273/321
f 323/1280/322 335/1279/322 334/1278/322 322/1277/322
f 324/1284/323 336/1283/323 335/1282/323 323/1281/323
f 325/1288/324 337/1287/324 336/1286/324 324/1285/324
f 326/1292/325 338/1291/325 337/1290/325 325/1289/325
f 315/1296/326 327/1295/326 338/1294/326 326/1293/326
f 328/1300/327 340/1299/327 339/1298/327 327/1297/327
f 329/1304/328 341/1303/328 340/1302/328 328/1301/328
f 330/1308/329 342/1307/329 341/1306/329 329/1305/329
f 331/1312/330 343/1311/330 342/1310/330 330/1309/330
f 332/1316/331 344/1315/331 343/1314/331 331/1313/331
f 333/1320/332 345/1319/332 344/1318/332 332/1317/332
f 334/1324/333 346/1323/333 345/1322/333 333/1321/333
f 335/1328/334 347/1327/334 346/1326/334 334/1325/334
f 336/1332/335 348/1331/335 347/1330/335 335/1329/335
f 337/1336/336 349/1335/336 348/1334/336 336/1333/336
f 338/1340/337 350/1339/337 349/1338/337 337/1337/337
f 327/1344/338 339/1343/338 350/1342/338 338/1341/338
f 340/1348/339 352/1347/339 351/1346/339 339/1345/339
f 341/1352/340 353/1351/340 352/1350/340 340/1349/340
f 342/1356/341 354/1355/341 353/1354/341 341/1353/341
f 343/1360/342 355/1359/342 354/1358/342 342/1357/342
f 344/1364/343 356/1363/343 355/1362/343 343/1361/343
f 345/1368/344 357/1367/344 356/1366/344 344/1365/344
f 346/1372/345 358/1371/345 357/1370/345 345/1369/345
f 347/1376/346 359/1375/346 358/1374/346 346/1373/346
f 348/1380/347 360/1379/347 359/1378/347 347/1377/347
f 349/1384/348 361/1383/348 360/1382/348 348/1381/348
f 350/1388/349 362/1387/349 361/1386/349 349/1385/349
f 339/1392/350 351/1391/350 362/1390/350 350/1389/350
f 352/1396/351 364/1395/351 363/1394/351 351/1393/351
f 353/1400/352 365/1399/352 364/1398/352 352/1397/352
f 354/1404/353 366/1403/353 365/1402/353 353/1401/353
f 355/1408/354 367/1407/354 366/1406/354 354/1405/354
f 356/1412/355 368/1411/355 367/1410/355 355/1409/355
f 357/1416/356 369/1415/356 368/1414/356 356/1413/356
f 358/1420/357 370/1419/357 369/1418/357 357/1417/357
f 359/1424/358 371/1423/358 370/1422/358 358/1421/358
f 360/1428/359 372/1427/359 371/1426/359 359/1425/359
f 361/1432/360 373/1431/360 372/1430/360 360/1429/360
f 362/1436/361 374/1435/361 373/1434/361 361/1433/361
f 351/1440/362 363/1439/362 374/1438/362 362/1437/362
f 364/1444/363 376/1443/363 375/1442/363 363/1441/363
f 365/1448/364 377/1447/364 376/1446/364 364/1445/364
f 366/1452/365 378/1451/365 377/1450/365 365/1449/365
f 367/1456/366 379/1455/366 378/1454/366 366/1453/366
f 368/1460/367 380/1459/367 379/1458/367 367/1457/367
f 369/1464/368 381/1463/368 380/1462/368 368/1461/368
f 370/1468/369 382/1467/369 381/1466/369 369/1465/369
f 371/1472/370 383/1471/370 382/1470/370 370/1469/370
f 372/1476/371 384/1475/371 383/1474/371 371/1473/371
f 373/1480/372 385/1479/372 384/1478/372 372/1477/372
f 374/1484/373 386/1483/373 385/1482/373 373/1481/373
f 363/1488/374 375/1487/374 386/1486/374 374/1485/374
f 376/1492/375 388/1491/375 387/1490/375 375/1489/375
f 377/1496/376 389/1495/376 388/1494/376 376/1493/376
f 378/1500/377 390/1499/377 389/1498/377 377/1497/377
f 379/1504/378 391/1503/378 390/1502/378 378/1501/378
f 380/1508/379 392/1507/379 391/1506/379 379/1505/379
f 381/1512/380 393/1511/380 392/1510/380 380/1509/380
f 382/1516/381 394/1515/381 393/1514/381 381/1513/381
f 383/1520/382 395/1519/382 394/1518/382 382/1517/382
f 384/1524/383 396/1523/383 395/1522/383 383/1521/383
f 385/1528/384 397/1527/384 396/1526/384 384/1525/384
f 386/1532/385 398/1531/385 397/1530/385 385/1529/385
f 375/1536/386 387/1535/386 398/1534/386 386/1533/386
f 388/1540/387 400/1539/387 399/1538/387 387/1537/387
f 389/1544/388 401/1543/388 400/1542/388 388/1541/388
f 390/1548/389 402/1547/389 401/1546/389 389/1545/389
f 391/1552/390 403/1551/390 402/1550/390 390/1549/390
f 392/1556/391 404/1555/391 403/1554/391 391/1553/391
f 393/1560/392 405/1559/392 404/1558/392 392/1557/392
f 394/1564/393 406/1563/393 405/1562/393 393/1561/393
f 395/1568/394 407/1567/394 406/1566/394 394/1565/394
f 396/1572/395 408/1571/395 407/1570/395 395/1569/395
f 397/1576/396 409/1575/396 408/1574/396 396/1573/396
f 398/1580/397 410/1579/397 409/1578/397 397/1577/397
f 387/1584/398 399/1583/398 410/1582/398 398/1581/398
f 400/1588/399 412/1587/399 411/1586/399 399/1585/399
f 401/1592/400 413/1591/400 412/1590/400 400/1589/400
f 402/1596/401 414/1595/401 413/1594/401 401/1593/401
f 403/1600/402 415/1599/402 414/1598/402 402/1597/402
f 404/1604/403 416/1603/403 415/1602/403 403/1601/403
f 405/1608/404 417/1607/404 416/1606/404 404/1605/404
f 406/1612/405 418/1611/405 417/1610/405 405/1609/405
f 407/1616/406 419/1615/406 418/1614/406 406/1613/406
f 408/1620/407 420/1619/407 419/1618/407 407/1617/407
f 409/1624/408 421/1623/408 420/1622/408 408/1621/408
f 410/1628/409 422/1627/409 421/1626/409 409/1625/409
f 399/1632/410 411/1631/410 422/1630/410 410/1629/410
f 412/1636/411 424/1635/411 423/1634/411 411/1633/411
f 413/1640/412 425/1639/412 424/1638/412 412/1637/412
f 414/1644/413 426/1643/413 425/1642/413 413/1641/413
f 415/1648/414 427/1647/414 426/1646/414 414/1645/414
f 416/1652/415 428/1651/415 427/1650/415 415/1649/415
f 417/1656/416 429/1655/416 428/1654/416 416/1653/416
f 418/1660/417 430/1659/417 429/1658/417 417/1657/417
f 419/1664/418 431/1663/418 430/1662/418 418/1661/418
f 420/1668/419 432/1667/419 431/1666/419 419/1665/419
f 421/1672/420 433/1671/420 432/1670/420 420/1669/420
f 422/1676/421 434/1675/421 433/1674/421 421/1673/421
f 411/1680/422 423/1679/422 434/1678/422 422/1677/422
f 424/1684/423 294/1683/423 291/1682/423 423/1681/423
f 425/1688/424 296/1687/424 294/1686/424 424/1685/424
f 426/1692/425 298/1691/425 296/1690/425 425/1689/425
f 427/1696/426 300/1695/426 298/1694/426 426/1693/426
f 428/1700/427 302/1699/427 300/1698/427 427/1697/427
f 429/1704/428 304/1703/428 302/1702/428 428/1701/428
f 430/1708/429 306/1707/429 304/1706/429 429/1705/429
f 431/1712/430 308/1711/430 306/1710/430 430/1709/430
f 432/1716/431 310/1715/431 308/1714/431 431/1713/431
f 433/1720/432 312/1719/432 310/1718/432 432/1717/432
f 434/1724/433 314/1723/433 312/1722/433 433/1721/433
f 423/1728/434 291/1727/434 314/1726/434 434/1725/434
o group2042428126
g mesh2042428126
usemtl mat17
f 438/1732/435 437/1731/435 436/1730/435 435/1729/435
f 440/1736/436 439/1735/436 437/1734/436 438/1733/436
f 442/1740/437 441/1739/437 439/1738/437 440/1737/437
f 444/1744/438 443/1743/438 441/1742/438 442/1741/438
f 446/1748/439 445/1747/439 443/1746/439 444/1745/439
f 448/1752/440 447/1751/440 445/1750/440 446/1749/440
f 450/1756/441 449/1755/441 447/1754/441 448/1753/441
f 452/1760/442 451/1759/442 449/1758/442 450/1757/442
f 454/1764/443 453/1763/443 451/1762/443 452/1761/443
f 456/1768/444 455/1767/444 453/1766/444 454/1765/444
f 458/1772/445 457/1771/445 455/1770/445 456/1769/445
f 435/1776/446 436/1775/446 457/1774/446 458/1773/446
f 437/1780/447 460/1779/447 459/1778/447 436/1777/447
f 439/1784/448 461/1783/448 460/1782/448 437/1781/448
f 441/1788/449 462/1787/449 461/1786/449 439/1785/449
f 443/1792/450 463/1791/450 462/1790/450 441/1789/450
f 445/1796/451 464/1795/451 463/1794/451 443/1793/451
f 447/1800/452 465/1799/452 464/1798/452 445/1797/452
f 449/1804/453 466/1803/453 465/1802/453 447/1801/453
f 451/1808/454 467/1807/454 466/1806/454 449/1805/454
f 453/1812/455 468/1811/455 467/1810/455 451/1809/455
f 455/1816/456 469/1815/456 468/1814/456 453/1813/456
f 457/1820/457 470/1819/457 469/1818/457 455/1817/457
f 436/1824/458 459/1823/458 470/1822/458 457/1821/458
f 460/1828/459 472/1827/459 471/1826/459 459/1825/459
f 461/1832/460 473/1831/460 472/1830/460 460/1829/460
f 462/1836/461 474/1835/461 473/1834/461 461/1833/461
f 463/1840/462 475/1839/462 474/1838/462 462/1837/462
f 464/1844/463 476/1843/463 475/1842/463 463/1841/463
f 465/1848/464 477/1847/464 476/1846/464 464/1845/464
f 466/1852/465 478/1851/465 477/1850/465 465/1849/465
f 467/1856/466 479/1855/466 478/1854/466 466/1853/466
f 468/1860/467 480/1859/467 479/1858/467 467/1857/467
f 469/1864/468 481/1863/468 480/1862/468 468/1861/468
f 470/1868/469 482/1867/469 481/1866/469 469/1865/469
f 459/1872/470 471/1871/470 482/1870/470 470/1869/470
f 472/1876/471 484/1875/471 483/1874/471 471/1873/471
f 473/1880/472 485/1879/472 484/1878/472 472/1877/472
f 474/1884/473 486/1883/473 485/1882/473 473/1881/473
f 475/1888/474 487/1887/474 486/1886/474 474/1885/474
f 476/1892/475 488/1891/475 487/1890/475 475/1889/475
f 477/1896/476 489/1895/476 488/1894/476 476/1893/476
f 478/1900/477 490/1899/477 489/1898/477 477/1897/477
f 479/1904/478 491/1903/478 490/1902/478 478/1901/478
f 480/1908/479 492/1907/479 491/1906/479 479/1905/479
f 481/1912/480 493/1911/480 492/1910/480 480/1909/480
f 482/1916/481 494/1915/481 493/1914/481 481/1913/481
f 471/1920/482 483/1919/482 494/1918/482 482/1917/482
f 484/1924/483 496/1923/483 495/1922/483 483/1921/483
f 485/1928/484 497/1927/484 496/1926/484 484/1925/484
f 486/1932/485 498/1931/485 497/1930/485 485/1929/485
f 487/1936/486 499/1935/486 498/1934/486 486/1933/486
f 488/1940/487 500/1939/487 499/1938/487 487/1937/487
f 489/1944/488 501/1943/488 500/1942/488 488/1941/488
f 490/1948/489 502/1947/489 501/1946/489 489/1945/489
f 491/1952/490 503/1951/490 502/1950/490 490/1949/490
f 492/1956/491 504/1955/491 503/1954/491 491/1953/491
f 493/1960/492 505/1959/492 504/1958/492 492/1957/492
f 494/1964/493 506/1963/493 505/1962/493 493/1961/493
f 483/1968/494 495/1967/494 506/1966/494 494/1965/494
f 496/1972/495 508/1971/495 507/1970/495 495/1969/495
f 497/1976/496 509/1975/496 508/1974/496 496/1973/496
f 498/1980/497 510/1979/497 509/1978/497 497/1977/497
f 499/1984/498 511/1983/498 510/1982/498 498/1981/498
f 500/1988/499 512/1987/499 511/1986/499 499/1985/499
f 501/1992/500 513/1991/500 512/1990/500 500/1989/500
f 502/1996/501 514/1995/501 513/1994/501 501/1993/501
f 503/2000/502 515/1999/502 514/1998/502 502/1997/502
f 504/2004/503 516/2003/503 515/2002/503 503/2001/503
f 505/2008/504 517/2007/504 516/2006/504 504/2005/504
f 506/2012/505 518/2011/505 517/2010/505 505/2009/505
f 495/2016/506 507/2015/506 518/2014/506 506/2013/506
f 508/2020/507 520/2019/507 519/2018/507 507/2017/507
f 509/2024/508 521/2023/508 520/2022/508 508/2021/508
f 510/2028/509 522/2027/509 521/2026/509 509/2025/509
f 511/2032/510 523/2031/510 522/2030/510 510/2029/510
f 512/2036/511 524/2035/511 523/2034/511 511/2033/511
f 513/2040/512 525/2039/512 524/2038/512 512/2037/512
f 514/2044/513 526/2043/513 525/2042/513 513/2041/513
f 515/2048/514 527/2047/514 526/2046/514 514/2045/514
f 516/2052/515 528/2051/515 527/2050/515 515/2049/515
f 517/2056/516 529/2055/516 528/2054/516 516/2053/516
f 518/2060/517 530/2059/517 529/2058/517 517/2057/517
f 507/2064/518 519/2063/518 530/2062/518 518/2061/518
f 520/2068/519 532/2067/519 531/2066/519 519/2065/519
f 521/2072/520 533/2071/520 532/2070/520 520/2069/520
f 522/2076/521 534/2075/521 533/2074/521 521/2073/521
f 523/2080/522 535/2079/522 534/2078/522 522/2077/522
f 524/2084/523 536/2083/523 535/2082/523 523/2081/523
f 525/2088/524 537/2087/524 536/2086/524 524/2085/524
f 526/2092/525 538/2091/525 537/2090/525 525/2089/525
f 527/2096/526 539/2095/526 538/2094/526 526/2093/526
f 528/2100/527 540/2099/527 539/2098/527 527/2097/527
f 529/2104/528 541/2103/528 540/2102/528 528/2101/528
f 530/2108/529 542/2107/529 541/2106/529 529/2105/529
f 519/2112/530 531/2111/530 542/2110/530 530/2109/530
f 532/2116/531 544/2115/531 543/2114/531 531/2113/531
f 533/2120/532 545/2119/532 544/2118/532 532/2117/532
f 534/2124/533 546/2123/533 545/2122/533 533/2121/533
f 535/2128/534 547/2127/534 546/2126/534 534/2125/534
f 536/2132/535 548/2131/535 547/2130/535 535/2129/535
f 537/2136/536 549/2135/536 548/2134/536 536/2133/536
f 538/2140/537 550/2139/537 549/2138/537 537/2137/537
f 539/2144/538 551/2143/538 550/2142/538 538/2141/538
f 540/2148/539 552/2147/539 551/2146/539 539/2145/539
f 541/2152/540 553/2151/540 552/2150/540 540/2149/540
f 542/2156/541 554/2155/541 553/2154/541 541/2153/541
f 531/2160/542 543/2159/542 554/2158/542 542/2157/542
f 544/2164/543 556/2163/543 555/2162/543 543/2161/543
f 545/2168/544 557/2167/544 556/2166/544 544/2165/544
f 546/2172/545 558/2171/545 557/2170/545 545/2169/545
f 547/2176/546 559/2175/546 558/2174/546 546/2173/546
f 548/2180/547 560/2179/547 559/2178/547 547/2177/547
f 549/2184/548 561/2183/548 560/2182/548 548/2181/548
f 550/2188/549 562/2187/549 561/2186/549 549/2185/549
f 551/2192/550 563/2191/550 562/2190/550 550/2189/550
f 552/2196/551 564/2195/551 563/2194/551 551/2193/551
f 553/2200/552 565/2199/552 564/2198/552 552/2197/552
f 554/2204/553 566/2203/553 565/2202/553 553/2201/553
f 543/2208/554 555/2207/554 566/2206/554 554/2205/554
f 556/2212/555 568/2211/555 567/2210/555 555/2209/555
f 557/2216/556 569/2215/556 568/2214/556 556/2213/556
f 558/2220/557 570/2219/557 569/2218/557 557/2217/557
f 559/2224/558 571/2223/558 570/2222/558 558/2221/558
f 560/2228/559 572/2227/559 571/2226/559 559/2225/559
f 561/2232/560 573/2231/560 572/2230/560 560/2229/560
f 562/2236/561 574/2235/561 573/2234/561 561/2233/561
f 563/2240/562 575/2239/562 574/2238/562 562/2237/562
f 564/2244/563 576/2243/563 575/2242/563 563/2241/563
f 565/2248/564 577/2247/564 576/2246/564 564/2245/564
f 566/2252/565 578/2251/565 577/2250/565 565/2249/565
f 555/2256/566 567/2255/566 578/2254/566 566/2253/566
f 568/2260/567 438/2259/567 435/2258/567 567/2257/567
f 569/2264/568 440/2263/568 438/2262/568 568/2261/568
f 570/2268/569 442/2267/569 440/2266/569 569/2265/569
f 571/2272/570 444/2271/570 442/2270/570 570/2269/570
f 572/2276/571 446/2275/571 444/2274/571 571/2273/571
f 573/2280/572 448/2279/572 446/2278/572 572/2277/572
f 574/2284/573 450/2283/573 448/2282/573 573/2281/573
f 575/2288/574 452/2287/574 450/2286/574 574/2285/574
f 576/2292/575 454/2291/575 452/2290/575 575/2289/575
f 577/2296/576 456/2295/576 454/2294/576 576/2293/576
f 578/2300/577 458/2299/577 456/2298/577 577/2297/577
f 567/2304/578 435/2303/578 458/2302/578 578/2301/578
