# 3ds Max Wavefront OBJ Exporter v0.97b - (c)2007 guruware
# File Created: 02.10.2020 23:37:21

mtllib Tori_02.mtl

#
# object SM_Tori_02
#

v  -219.1270 577.3240 -7.7633
v  -241.7270 618.6290 -7.7633
v  -240.7200 619.5860 -7.7633
v  -234.3890 580.0550 -7.7633
v  -240.7200 619.5860 7.7633
v  -219.1270 614.8190 7.7633
v  -219.1270 614.8190 -7.7633
v  -192.1190 610.1890 7.7633
v  -192.1190 610.1890 -7.7633
v  -190.2340 609.8660 -7.7633
v  -190.2340 609.8660 7.7633
v  -164.3450 606.3030 7.7633
v  -164.3450 606.3030 -7.7633
v  -136.9420 602.9310 7.7633
v  -136.9420 602.9310 -7.7633
v  -109.5630 600.2190 7.7633
v  -109.5630 600.2190 -7.7633
v  -82.2134 597.9440 7.7633
v  -82.2134 597.9440 -7.7633
v  -54.7817 596.5700 7.7633
v  -54.7817 596.5700 -7.7633
v  -27.4019 595.7490 7.7633
v  -27.4019 595.7490 -7.7633
v  -0.0000 595.3530 7.7633
v  -0.0000 595.3530 -7.7633
v  27.4019 595.7490 -7.7633
v  27.4019 595.7490 7.7633
v  54.7817 596.5700 -7.7633
v  54.7817 596.5700 7.7633
v  82.2134 597.9440 -7.7633
v  82.2134 597.9440 7.7633
v  109.5630 600.2190 -7.7633
v  109.5630 600.2190 7.7633
v  136.9420 602.9310 -7.7633
v  136.9420 602.9310 7.7633
v  164.3450 606.3030 -7.7633
v  164.3450 606.3030 7.7633
v  190.2340 609.8660 -7.7633
v  190.2340 609.8660 7.7633
v  219.1270 614.8190 7.7633
v  219.1270 614.8190 -7.7633
v  239.7870 619.5860 -7.7633
v  239.7870 619.5860 7.7633
v  -192.1190 572.6940 -7.7633
v  -190.2340 572.3700 -7.7633
v  -164.3450 568.8070 -7.7633
v  -136.9420 565.4350 -7.7633
v  -109.5630 562.7240 -7.7633
v  -82.2134 560.4490 -7.7633
v  -54.7817 559.0740 -7.7633
v  -27.4019 558.2540 -7.7633
v  0.0000 557.8580 -7.7633
v  27.4019 558.2540 -7.7633
v  54.7817 559.0740 -7.7633
v  82.2134 560.4490 -7.7633
v  109.5630 562.7240 -7.7633
v  136.9420 565.4350 -7.7633
v  164.3450 568.8070 -7.7633
v  190.2340 572.3700 -7.7633
v  219.1270 577.3240 -7.7633
v  241.7270 618.6290 -7.7633
v  234.3890 580.0550 -7.7633
v  88.3789 598.1190 -4.3456
v  88.3789 598.1190 4.3456
v  87.6991 615.8020 4.3456
v  87.7034 615.7680 -4.3456
v  87.7817 617.1700 4.3456
v  87.7817 617.1700 -4.3456
v  88.7244 617.1660 4.3456
v  88.7244 617.1660 -4.3456
v  110.3920 598.8550 -4.3456
v  109.5900 610.7790 -4.3456
v  109.5900 610.7790 4.3456
v  110.3920 598.8550 4.3456
v  173.8720 607.4740 4.3456
v  173.8720 607.4740 -4.3456
v  174.1930 621.5890 -4.3456
v  174.1970 621.6230 4.3456
v  174.1160 622.4980 -4.3456
v  174.1160 622.4980 4.3456
v  173.0340 622.6850 4.3456
v  173.0340 622.6850 -4.3456
v  150.5500 603.3550 4.3456
v  150.7310 616.2680 4.3456
v  150.7310 616.2680 -4.3456
v  150.5500 603.3550 -4.3456
v  158.9420 650.5180 -0.0000
v  158.9420 660.5680 -0.0000
v  157.9600 660.5680 7.4571
v  157.9600 650.5180 7.4571
v  155.0820 660.5680 14.4060
v  155.0820 650.5180 14.4060
v  150.5030 660.5680 20.3731
v  150.5030 650.5180 20.3731
v  144.5360 660.5680 24.9519
v  144.5360 650.5180 24.9519
v  137.5870 660.5680 27.8302
v  137.5870 650.5180 27.8302
v  130.1300 660.5680 28.8120
v  130.1300 650.5180 28.8120
v  122.6730 660.5680 27.8302
v  122.6730 650.5180 27.8302
v  115.7240 660.5680 24.9519
v  115.7240 650.5180 24.9519
v  109.7570 660.5680 20.3732
v  109.7570 650.5180 20.3732
v  105.1780 660.5680 14.4060
v  105.1780 650.5180 14.4060
v  102.3000 660.5680 7.4571
v  102.3000 650.5180 7.4571
v  101.3180 660.5680 0.0000
v  101.3180 650.5180 0.0000
v  102.3000 660.5680 -7.4571
v  102.3000 650.5180 -7.4571
v  105.1780 660.5680 -14.4060
v  105.1780 650.5180 -14.4060
v  109.7570 660.5680 -20.3731
v  109.7570 650.5180 -20.3731
v  115.7240 660.5680 -24.9519
v  115.7240 650.5180 -24.9519
v  122.6730 660.5680 -27.8302
v  122.6730 650.5180 -27.8302
v  130.1300 660.5680 -28.8120
v  130.1300 650.5180 -28.8120
v  137.5870 660.5680 -27.8302
v  137.5870 650.5180 -27.8302
v  144.5360 660.5680 -24.9519
v  144.5360 650.5180 -24.9519
v  150.5030 660.5680 -20.3731
v  150.5030 650.5180 -20.3731
v  155.0820 660.5680 -14.4060
v  155.0820 650.5180 -14.4060
v  157.9600 660.5680 -7.4571
v  157.9600 650.5180 -7.4571
v  -158.9420 650.5180 -0.0000
v  -158.9420 660.5680 -0.0000
v  -157.9600 660.5680 -7.4571
v  -157.9600 650.5180 -7.4571
v  -155.0820 660.5680 -14.4060
v  -155.0820 650.5180 -14.4060
v  -150.5030 660.5680 -20.3731
v  -150.5030 650.5180 -20.3731
v  -144.5360 660.5680 -24.9519
v  -144.5360 650.5180 -24.9519
v  -137.5870 660.5680 -27.8302
v  -137.5870 650.5180 -27.8302
v  -130.1300 660.5680 -28.8120
v  -130.1300 650.5180 -28.8120
v  -122.6730 660.5680 -27.8302
v  -122.6730 650.5180 -27.8302
v  -115.7240 660.5680 -24.9519
v  -115.7240 650.5180 -24.9519
v  -109.7570 660.5680 -20.3731
v  -109.7570 650.5180 -20.3731
v  -105.1780 660.5680 -14.4060
v  -105.1780 650.5180 -14.4060
v  -102.3000 660.5680 -7.4571
v  -102.3000 650.5180 -7.4571
v  -101.3180 650.5180 0.0000
v  -101.3180 660.5680 0.0000
v  -102.3000 660.5680 7.4571
v  -102.3000 650.5180 7.4571
v  -105.1780 660.5680 14.4060
v  -105.1780 650.5180 14.4060
v  -109.7570 660.5680 20.3732
v  -109.7570 650.5180 20.3732
v  -115.7240 660.5680 24.9519
v  -115.7240 650.5180 24.9519
v  -122.6730 660.5680 27.8302
v  -122.6730 650.5180 27.8302
v  -130.1300 660.5680 28.8120
v  -130.1300 650.5180 28.8120
v  -137.5870 660.5680 27.8302
v  -137.5870 650.5180 27.8302
v  -144.5360 660.5680 24.9519
v  -144.5360 650.5180 24.9519
v  -150.5030 660.5680 20.3731
v  -150.5030 650.5180 20.3731
v  -155.0820 660.5680 14.4060
v  -155.0820 650.5180 14.4060
v  -157.9600 660.5680 7.4571
v  -157.9600 650.5180 7.4571
v  -219.1270 577.3240 7.7633
v  -234.3890 580.0550 7.7633
v  -192.1190 572.6940 7.7633
v  -190.2340 572.3700 7.7633
v  -164.3450 568.8070 7.7633
v  -136.9420 565.4350 7.7633
v  -109.5630 562.7240 7.7633
v  -82.2134 560.4490 7.7633
v  -54.7817 559.0740 7.7633
v  -27.4019 558.2540 7.7633
v  0.0000 557.8580 7.7633
v  27.4019 558.2540 7.7633
v  54.7817 559.0740 7.7633
v  82.2134 560.4490 7.7633
v  109.5630 562.7240 7.7633
v  136.9420 565.4350 7.7633
v  164.3450 568.8070 7.7633
v  190.2340 572.3700 7.7633
v  219.1270 577.3240 7.7633
v  234.3890 580.0550 7.7633
v  -87.6991 615.8020 4.3456
v  -88.3789 598.1190 4.3456
v  -88.3789 598.1190 -4.3456
v  -87.7034 615.7680 -4.3456
v  -87.7817 617.1700 4.3456
v  -87.7817 617.1700 -4.3456
v  -88.7244 617.1660 4.3456
v  -88.7244 617.1660 -4.3456
v  -110.3920 598.8550 -4.3456
v  -109.5900 610.7790 -4.3456
v  -109.5900 610.7790 4.3456
v  -110.3920 598.8550 4.3456
v  -174.1930 621.5890 -4.3456
v  -173.8720 607.4740 -4.3456
v  -173.8720 607.4740 4.3456
v  -174.1970 621.6230 4.3456
v  -174.1160 622.4980 -4.3456
v  -174.1160 622.4980 4.3456
v  -173.0340 622.6850 4.3456
v  -173.0340 622.6850 -4.3456
v  -150.5500 603.3550 4.3456
v  -150.7310 616.2680 4.3456
v  -150.7310 616.2680 -4.3456
v  -150.5500 603.3550 -4.3456
v  -241.7270 618.6320 7.7633
v  241.7270 618.6320 7.7633
v  -202.2110 538.5750 -0.7569
v  -202.5940 539.9310 0.5588
v  -201.6850 539.1360 -1.0171
v  -201.5240 540.1590 1.5019
v  -200.5030 539.3760 0.4075
v  -200.6920 539.8900 -1.4289
v  -198.8600 540.3550 -1.4914
v  -199.6430 540.2850 -1.6308
v  -199.1590 538.9280 -0.2571
v  -197.8360 539.8920 -0.6965
v  -197.0320 539.7170 0.0815
v  -198.2190 539.2560 0.9865
v  -199.3510 539.0430 1.5210
v  -198.4440 540.3100 1.7568
v  -199.7410 539.5770 2.3458
v  -200.2300 538.6490 1.4489
v  -201.3000 539.3970 2.5260
v  -201.4300 539.8390 1.9316
v  194.8640 538.5750 -0.7569
v  194.4810 539.9310 0.5588
v  195.3900 539.1360 -1.0171
v  195.5510 540.1590 1.5019
v  196.5720 539.3760 0.4075
v  196.3830 539.8900 -1.4289
v  198.2150 540.3550 -1.4914
v  197.4320 540.2850 -1.6308
v  197.9160 538.9280 -0.2571
v  199.2390 539.8920 -0.6965
v  200.0430 539.7170 0.0815
v  198.8560 539.2560 0.9865
v  197.7240 539.0430 1.5210
v  198.6310 540.3100 1.7568
v  197.3340 539.5770 2.3458
v  196.8450 538.6490 1.4489
v  195.7750 539.3970 2.5260
v  195.6450 539.8390 1.9316
v  -151.8530 621.2130 -0.0000
v  -151.8770 651.4690 -0.0000
v  -151.1360 651.4690 -5.6285
v  -151.1130 621.2130 -5.6223
v  -148.9640 651.4690 -10.8735
v  -152.6570 563.9770 -0.0000
v  -148.9430 621.2130 -10.8614
v  -145.5080 651.4690 -15.3774
v  -151.8890 563.9770 -5.8286
v  -152.3130 512.3600 -0.1946
v  -145.4900 621.2130 -15.3603
v  -141.0040 651.4690 -18.8334
v  -149.6370 563.9770 -11.2601
v  -151.5390 512.3600 -6.0674
v  -153.5230 457.0510 -0.9559
v  -140.9910 621.2130 -18.8124
v  -135.7590 651.4690 -21.0060
v  -152.7230 457.0510 -7.0174
v  -154.6120 414.5050 -0.0000
v  -149.2680 512.3600 -11.5401
v  -146.0540 563.9770 -15.9242
v  -153.7760 414.5050 -6.3304
v  -155.2990 332.8510 0.2163
v  -150.3770 457.0510 -12.6657
v  -145.6550 512.3600 -16.2396
v  -154.4380 332.8510 -6.2065
v  -156.5070 257.7280 0.4153
v  -151.3250 414.5050 -12.2294
v  -155.6040 257.7280 -6.2649
v  -156.3000 203.3630 0.1957
v  -151.9160 332.8510 -12.1917
v  -146.6450 457.0510 -17.5161
v  -155.3820 203.3630 -6.7423
v  -155.4940 154.9000 -0.0000
v  -152.9590 257.7280 -12.4899
v  -154.5440 154.9000 -7.1679
v  -155.7370 101.2060 -0.0000
v  -152.6900 203.3630 -13.2075
v  -154.7750 101.2060 -7.2638
v  -158.7710 54.4206 -0.0000
v  -151.7590 154.9000 -13.8472
v  -157.7470 54.4206 -7.3198
v  -163.5740 0.0191 -0.0000
v  -162.4340 0.0191 -7.7002
v  -151.9520 101.2060 -14.0327
v  -154.7440 54.4206 -14.1409
v  -159.0930 0.0191 -14.8756
v  -147.3290 154.9000 -19.5829
v  -149.9660 54.4206 -19.9982
v  -153.7790 0.0191 -21.0372
v  -147.4630 101.2060 -19.8452
v  -143.7400 54.4206 -24.4927
v  -146.8520 0.0191 -25.7652
v  -141.6120 101.2060 -24.3053
v  -136.4900 54.4206 -27.3181
v  -138.7860 0.0191 -28.7374
v  -134.7980 101.2060 -27.1090
v  -141.5550 154.9000 -23.9841
v  -134.8320 154.9000 -26.7508
v  -128.7090 54.4206 -28.2817
v  -130.1300 0.0191 -29.7511
v  -127.4870 101.2060 -28.0653
v  -120.9280 54.4206 -27.3181
v  -121.4740 0.0191 -28.7374
v  -120.1750 101.2060 -27.1090
v  -127.6170 154.9000 -27.6944
v  -120.4010 154.9000 -26.7508
v  -113.6780 54.4206 -24.4927
v  -113.4080 0.0191 -25.7652
v  -113.3610 101.2060 -24.3053
v  -107.4520 54.4206 -19.9982
v  -106.4820 0.0191 -21.0372
v  -107.5100 101.2060 -19.8452
v  -113.6780 154.9000 -23.9841
v  -107.9040 154.9000 -19.5829
v  -102.6740 54.4206 -14.1409
v  -101.1670 0.0191 -14.8756
v  -103.0210 101.2060 -14.0327
v  -99.6709 54.4206 -7.3198
v  -97.8257 0.0191 -7.7002
v  -96.6861 0.0191 -0.0000
v  -100.1990 101.2060 -7.2638
v  -103.4740 154.9000 -13.8472
v  -100.6890 154.9000 -7.1678
v  -99.2360 101.2060 -0.0000
v  -98.6465 54.4206 -0.0000
v  -99.6709 54.4206 7.3199
v  -97.8257 0.0191 7.7002
v  -100.1990 101.2060 7.2638
v  -99.7394 154.9000 -0.0000
v  -100.6890 154.9000 7.1679
v  -102.6740 54.4206 14.1409
v  -101.1670 0.0191 14.8756
v  -103.0210 101.2060 14.0327
v  -107.4520 54.4206 19.9982
v  -106.4820 0.0191 21.0372
v  -107.5100 101.2060 19.8452
v  -103.4740 154.9000 13.8472
v  -107.9040 154.9000 19.5829
v  -113.6780 54.4206 24.4927
v  -113.4080 0.0191 25.7652
v  -113.3610 101.2060 24.3053
v  -120.9280 54.4206 27.3181
v  -121.4740 0.0191 28.7374
v  -120.1750 101.2060 27.1090
v  -113.6780 154.9000 23.9841
v  -120.4010 154.9000 26.7508
v  -128.7090 54.4206 28.2817
v  -130.1300 0.0191 29.7511
v  -127.4870 101.2060 28.0653
v  -136.4900 54.4206 27.3181
v  -138.7860 0.0191 28.7374
v  -134.7980 101.2060 27.1090
v  -127.6170 154.9000 27.6944
v  -134.8320 154.9000 26.7508
v  -143.7400 54.4206 24.4927
v  -146.8520 0.0191 25.7652
v  -141.6120 101.2060 24.3053
v  -149.9660 54.4206 19.9982
v  -153.7790 0.0191 21.0372
v  -147.4630 101.2060 19.8452
v  -141.5550 154.9000 23.9841
v  -147.3290 154.9000 19.5829
v  -154.7440 54.4206 14.1409
v  -159.0930 0.0191 14.8756
v  -151.9520 101.2060 14.0327
v  -157.7470 54.4206 7.3198
v  -162.4340 0.0191 7.7002
v  -154.7750 101.2060 7.2638
v  -154.5440 154.9000 7.1679
v  -151.7590 154.9000 13.8472
v  -155.3820 203.3630 7.1337
v  -152.6900 203.3630 13.5989
v  -155.6040 257.7280 7.0954
v  -148.4080 203.3630 19.1507
v  -152.9590 257.7280 13.3204
v  -154.4380 332.8510 6.6391
v  -142.8270 203.3630 23.4108
v  -153.7760 414.5050 6.3304
v  -151.9160 332.8510 12.6242
v  -148.7510 257.7280 18.6659
v  -152.7230 457.0510 5.1056
v  -151.3250 414.5050 12.2294
v  -147.9030 332.8510 17.7638
v  -151.5390 512.3600 5.6783
v  -150.3770 457.0510 10.7540
v  -151.8890 563.9770 5.8286
v  -149.2680 512.3600 11.1510
v  -147.4250 414.5050 17.2951
v  -151.1130 621.2130 5.6223
v  -151.1360 651.4690 5.6285
v  -149.6370 563.9770 11.2601
v  -148.9430 621.2130 10.8614
v  -148.9640 651.4690 10.8735
v  -145.6550 512.3600 15.8504
v  -145.4900 621.2130 15.3603
v  -145.5080 651.4690 15.3774
v  -146.0540 563.9770 15.9242
v  -140.9910 621.2130 18.8124
v  -141.0040 651.4690 18.8334
v  -141.3850 563.9770 19.5030
v  -135.7520 621.2130 20.9825
v  -135.7590 651.4690 21.0060
v  -135.9490 563.9770 21.7528
v  -140.9470 512.3600 19.4565
v  -135.4640 512.3600 21.7233
v  -130.1300 621.2130 21.7227
v  -130.1300 651.4690 21.7470
v  -130.1140 563.9770 22.5202
v  -124.5080 621.2130 20.9825
v  -124.5020 651.4690 21.0060
v  -124.2800 563.9770 21.7528
v  -129.5810 512.3600 22.4965
v  -123.6970 512.3600 21.7233
v  -119.2690 621.2130 18.8124
v  -119.2570 651.4690 18.8334
v  -118.8430 563.9770 19.5030
v  -114.7700 621.2130 15.3603
v  -114.7530 651.4690 15.3774
v  -114.1740 563.9770 15.9242
v  -118.2140 512.3600 19.4565
v  -113.5060 512.3600 15.8504
v  -111.3180 621.2130 10.8614
v  -111.2970 651.4690 10.8735
v  -110.5920 563.9770 11.2601
v  -109.1480 621.2130 5.6223
v  -109.1240 651.4690 5.6285
v  -108.3400 563.9770 5.8286
v  -109.8940 512.3600 11.1510
v  -107.6230 512.3600 5.6783
v  -108.4070 621.2130 0.0000
v  -108.3830 651.4690 0.0000
v  -107.5720 563.9770 0.0000
v  -109.1480 621.2130 -5.6223
v  -109.1240 651.4690 -5.6285
v  -108.3400 563.9770 -5.8286
v  -106.8480 512.3600 -0.1946
v  -107.6230 512.3600 -6.0674
v  -111.3180 621.2130 -10.8614
v  -111.2970 651.4690 -10.8735
v  -110.5920 563.9770 -11.2601
v  -114.7700 621.2130 -15.3603
v  -114.7530 651.4690 -15.3774
v  -114.1740 563.9770 -15.9241
v  -109.8940 512.3600 -11.5401
v  -113.5060 512.3600 -16.2395
v  -119.2690 621.2130 -18.8124
v  -119.2570 651.4690 -18.8334
v  -118.8430 563.9770 -19.5030
v  -124.5080 621.2130 -20.9825
v  -124.5020 651.4690 -21.0060
v  -124.2800 563.9770 -21.7528
v  -118.2140 512.3600 -19.8456
v  -123.6970 512.3600 -22.1124
v  -130.1300 621.2130 -21.7227
v  -130.1300 651.4690 -21.7470
v  -130.1140 563.9770 -22.5201
v  -135.7520 621.2130 -20.9825
v  -135.9490 563.9770 -21.7528
v  -141.3850 563.9770 -19.5030
v  -140.9470 512.3600 -19.8456
v  -135.4640 512.3600 -22.1124
v  -141.7820 457.0510 -21.2379
v  -129.5810 512.3600 -22.8856
v  -136.1180 457.0510 -23.5776
v  -130.0410 457.0510 -24.3756
v  -147.4250 414.5050 -17.2951
v  -142.3420 414.5050 -21.1820
v  -147.9030 332.8510 -17.3312
v  -136.4240 414.5050 -23.6255
v  -142.6740 332.8510 -21.2749
v  -148.7510 257.7280 -17.8354
v  -136.5850 332.8510 -23.7540
v  -148.4080 203.3630 -18.7593
v  -143.2680 257.7280 -21.9371
v  -142.8270 203.3630 -23.0193
v  -136.8820 257.7280 -24.5156
v  -136.3280 203.3630 -25.6973
v  -130.0500 332.8510 -24.5996
v  -129.3540 203.3630 -26.6107
v  -130.0290 257.7280 -25.3950
v  -122.3800 203.3630 -25.6973
v  -123.1760 257.7280 -24.5155
v  -115.8810 203.3630 -23.0193
v  -116.7900 257.7280 -21.9371
v  -123.5150 332.8510 -23.7540
v  -117.4250 332.8510 -21.2749
v  -110.3000 203.3630 -18.7593
v  -111.3060 257.7280 -17.8354
v  -106.0180 203.3630 -13.2075
v  -107.0980 257.7280 -12.4899
v  -112.1960 332.8510 -17.3312
v  -108.1830 332.8510 -12.1917
v  -103.3260 203.3630 -6.7423
v  -104.4530 257.7280 -6.2649
v  -102.4080 203.3630 0.1957
v  -103.5510 257.7280 0.4153
v  -105.6610 332.8510 -6.2065
v  -104.8000 332.8510 0.2163
v  -103.3260 203.3630 7.1337
v  -104.4530 257.7280 7.0955
v  -106.0180 203.3630 13.5989
v  -107.0980 257.7280 13.3204
v  -105.6610 332.8510 6.6391
v  -108.1830 332.8510 12.6242
v  -110.3000 203.3630 19.1507
v  -111.3060 257.7280 18.6659
v  -115.8810 203.3630 23.4108
v  -116.7900 257.7280 22.7676
v  -112.1960 332.8510 17.7638
v  -117.4250 332.8510 21.7075
v  -122.3800 203.3630 26.0887
v  -123.1760 257.7280 25.3461
v  -129.3540 203.3630 27.0021
v  -130.0290 257.7280 26.2255
v  -123.5150 332.8510 24.1866
v  -130.0500 332.8510 25.0322
v  -136.3280 203.3630 26.0887
v  -136.8820 257.7280 25.3461
v  -143.2680 257.7280 22.7676
v  -142.6740 332.8510 21.7075
v  -136.5850 332.8510 24.1866
v  -142.3420 414.5050 21.1820
v  -136.4240 414.5050 23.6255
v  -146.6450 457.0510 15.6043
v  -141.7820 457.0510 19.3262
v  -136.1180 457.0510 21.6658
v  -130.0720 414.5050 24.4589
v  -130.0410 457.0510 22.4638
v  -123.7210 414.5050 23.6255
v  -123.9630 457.0510 21.6658
v  -117.8020 414.5050 21.1820
v  -118.2990 457.0510 19.3262
v  -112.7200 414.5050 17.2951
v  -113.4360 457.0510 15.6043
v  -108.8200 414.5050 12.2295
v  -109.7040 457.0510 10.7540
v  -106.3690 414.5050 6.3304
v  -107.3580 457.0510 5.1056
v  -105.5320 414.5050 0.0000
v  -106.5580 457.0510 -0.9559
v  -106.3690 414.5050 -6.3304
v  -107.3580 457.0510 -7.0173
v  -108.8200 414.5050 -12.2294
v  -109.7040 457.0510 -12.6657
v  -112.7200 414.5050 -17.2950
v  -113.4360 457.0510 -17.5161
v  -117.8020 414.5050 -21.1820
v  -118.2990 457.0510 -21.2379
v  -123.7210 414.5050 -23.6255
v  -123.9630 457.0510 -23.5776
v  -130.0720 414.5050 -24.4589
v  159.9750 50.9780 0.2650
v  162.9200 0.0191 -0.0000
v  161.8360 0.0191 -7.7185
v  158.4350 50.9780 -7.1398
v  158.6560 0.0191 -14.9109
v  159.3120 106.9950 -0.0000
v  155.5370 50.9780 -14.0399
v  153.5970 0.0191 -21.0872
v  158.3600 106.9950 -7.2344
v  150.9250 50.9780 -19.9652
v  147.0040 0.0191 -25.8265
v  155.5670 106.9950 -13.9758
v  156.6180 156.2280 -7.0840
v  157.5500 156.2280 -0.0000
v  157.8300 211.4030 -0.0000
v  153.8840 156.2280 -13.6853
v  156.9200 211.4030 -6.9155
v  157.1580 258.7710 -0.0000
v  149.5360 156.2280 -19.3540
v  156.2660 258.7710 -6.7708
v  156.1400 330.4970 -0.0000
v  154.2500 211.4030 -13.3597
v  155.2770 330.4970 -6.5517
v  152.7930 395.9960 -0.0000
v  153.6530 258.7710 -13.0802
v  151.9730 395.9960 -6.2331
v  152.9060 485.3230 1.1560
v  152.7480 330.4970 -12.6569
v  150.0040 211.4030 -18.8935
v  152.1350 485.3230 -4.6979
v  152.0610 562.9120 -0.0000
v  151.1360 651.4690 -5.6285
v  151.8770 651.4690 -0.0000
v  151.3230 562.9120 -5.6020
v  148.9630 651.4690 -10.8735
v  149.5670 395.9960 -12.0414
v  149.8750 485.3230 -10.1527
v  149.1610 562.9120 -10.8222
v  145.5080 651.4690 -15.3774
v  145.7390 395.9960 -17.0292
v  145.7210 562.9120 -15.3049
v  141.0040 651.4690 -18.8334
v  146.2810 485.3230 -14.8370
v  141.2390 562.9120 -18.7446
v  135.7590 651.4690 -21.0060
v  141.5970 485.3230 -18.4313
v  136.0180 562.9120 -20.9069
v  130.1300 651.4690 -21.7470
v  136.1420 485.3230 -20.6908
v  140.7520 395.9960 -20.8564
v  134.9430 395.9960 -23.2623
v  130.4170 562.9120 -21.6444
v  124.5020 651.4690 -21.0060
v  130.2880 485.3230 -21.4614
v  124.8150 562.9120 -20.9069
v  119.2570 651.4690 -18.8334
v  124.4340 485.3230 -20.6908
v  128.7100 395.9960 -24.0829
v  122.4770 395.9960 -23.2623
v  119.5940 562.9120 -18.7446
v  114.7530 651.4690 -15.3774
v  118.9790 485.3230 -18.4313
v  115.1120 562.9120 -15.3049
v  111.2970 651.4690 -10.8735
v  114.2950 485.3230 -14.8369
v  116.6690 395.9960 -20.8564
v  111.6810 395.9960 -17.0292
v  111.6720 562.9120 -10.8222
v  109.1240 651.4690 -5.6285
v  110.7010 485.3230 -10.1527
v  109.5100 562.9120 -5.6020
v  108.3830 651.4690 0.0000
v  108.4410 485.3230 -4.6978
v  107.8540 395.9960 -12.0414
v  105.4480 395.9960 -6.2331
v  108.7720 562.9120 0.0000
v  109.1240 651.4690 5.6285
v  107.6710 485.3230 1.1560
v  109.5100 562.9120 5.6020
v  111.2970 651.4690 10.8735
v  108.4410 485.3230 7.0098
v  104.6270 395.9960 0.0000
v  105.4480 395.9960 6.2331
v  111.6720 562.9120 10.8222
v  114.7530 651.4690 15.3774
v  110.7010 485.3230 12.4647
v  115.1120 562.9120 15.3049
v  119.2570 651.4690 18.8334
v  114.2950 485.3230 17.1489
v  107.8540 395.9960 12.0414
v  111.6810 395.9960 17.0292
v  119.5940 562.9120 18.7446
v  124.5020 651.4690 21.0060
v  118.9790 485.3230 20.7432
v  124.8150 562.9120 20.9069
v  130.1300 651.4690 21.7470
v  124.4340 485.3230 23.0027
v  116.6690 395.9960 20.8564
v  122.4770 395.9960 23.2623
v  130.4170 562.9120 21.6444
v  135.7590 651.4690 21.0060
v  130.2880 485.3230 23.7734
v  136.0180 562.9120 20.9069
v  141.0040 651.4690 18.8334
v  136.1420 485.3230 23.0027
v  128.7100 395.9960 24.0829
v  134.9430 395.9960 23.2623
v  141.2390 562.9120 18.7446
v  145.5080 651.4690 15.3774
v  141.5970 485.3230 20.7432
v  145.7210 562.9120 15.3049
v  148.9630 651.4690 10.8735
v  146.2810 485.3230 17.1489
v  140.7520 395.9960 20.8564
v  145.7390 395.9960 17.0292
v  149.1610 562.9120 10.8222
v  151.1360 651.4690 5.6285
v  149.8750 485.3230 12.4647
v  151.3230 562.9120 5.6020
v  152.1350 485.3230 7.0098
v  151.9730 395.9960 6.2331
v  149.5670 395.9960 12.0414
v  155.2770 330.4970 6.5517
v  152.7480 330.4970 12.6569
v  156.2660 258.7710 6.7708
v  148.7250 330.4970 17.8996
v  153.6530 258.7710 13.0802
v  156.9200 211.4030 6.9155
v  143.4830 330.4970 21.9224
v  149.4960 258.7710 18.4982
v  154.2500 211.4030 13.3597
v  157.0890 156.2280 7.3761
v  158.3600 106.9950 7.2344
v  154.3550 156.2280 13.9774
v  158.9860 50.9780 7.6697
v  161.8360 0.0191 7.7185
v  155.5680 106.9950 13.9758
v  156.0870 50.9780 14.5698
v  158.6560 0.0191 14.9109
v  151.1250 106.9950 19.7648
v  150.9250 50.9780 20.4951
v  153.5970 0.0191 21.0872
v  150.2410 156.2280 19.9055
v  144.5670 50.9780 24.9552
v  146.3160 0.0191 25.6595
v  145.3370 106.9950 24.2069
v  137.5680 50.9780 27.8134
v  138.6390 0.0191 28.6387
v  138.5950 106.9950 26.9993
v  130.4060 50.9780 28.8747
v  131.0880 0.0191 29.8219
v  131.3610 106.9950 27.9517
v  144.5750 156.2280 24.2552
v  137.2700 156.2280 26.6789
v  122.8950 50.9780 27.8998
v  122.8500 0.0191 28.8057
v  124.1260 106.9950 26.9993
v  115.8970 50.9780 25.0417
v  115.1730 0.0191 25.8265
v  117.3850 106.9950 24.2069
v  130.1890 156.2280 27.6115
v  123.1070 156.2280 26.6789
v  109.8870 50.9780 20.4951
v  108.5800 0.0191 21.0872
v  111.5960 106.9950 19.7648
v  105.2750 50.9780 14.5698
v  103.5210 0.0191 14.9109
v  107.1540 106.9950 13.9759
v  116.5080 156.2280 23.7037
v  110.8410 156.2280 19.3540
v  101.6420 50.9780 7.6697
v  99.9418 0.0191 7.7185
v  104.3610 106.9950 7.2344
v  100.6530 50.9780 0.2650
v  99.1288 0.0191 -0.0000
v  103.4090 106.9950 -0.0000
v  106.4930 156.2280 13.6853
v  103.2930 156.2280 7.0840
v  101.6420 50.9780 -7.1398
v  100.2140 0.0191 -7.7185
v  103.5250 106.9950 -7.2344
v  105.2750 50.9780 -14.0399
v  103.5210 0.0191 -14.9109
v  106.3170 106.9950 -13.9758
v  101.8760 156.2280 -0.0000
v  102.8090 156.2280 -7.0840
v  109.8870 50.9780 -19.9652
v  108.5800 0.0191 -21.0872
v  111.5960 106.9950 -19.7648
v  115.8970 50.9780 -24.5118
v  115.1730 0.0191 -25.8265
v  117.3850 106.9950 -24.2069
v  105.5060 156.2280 -13.6853
v  110.8410 156.2280 -19.3539
v  122.8950 50.9780 -27.3699
v  122.8500 0.0191 -28.8057
v  124.1260 106.9950 -27.4241
v  130.4060 50.9780 -28.5646
v  131.0880 0.0191 -29.8218
v  131.3610 106.9950 -28.3765
v  116.5080 156.2280 -23.7036
v  123.1070 156.2280 -26.4380
v  137.9160 50.9780 -27.3699
v  139.3270 0.0191 -28.8057
v  138.5950 106.9950 -26.9993
v  144.9150 50.9780 -24.5118
v  145.3370 106.9950 -24.2069
v  151.1250 106.9950 -19.7648
v  143.8700 156.2280 -23.7037
v  137.2700 156.2280 -26.4380
v  144.4710 211.4030 -23.1397
v  130.1890 156.2280 -27.3706
v  138.0260 211.4030 -25.8090
v  131.1110 211.4030 -26.7194
v  149.4960 258.7710 -18.4982
v  144.0780 258.7710 -22.6555
v  148.7250 330.4970 -17.8996
v  143.4830 330.4970 -21.9224
v  137.7680 258.7710 -25.2690
v  137.3770 330.4970 -24.4513
v  130.9970 258.7710 -26.1604
v  130.8260 330.4970 -25.3138
v  124.1950 211.4030 -25.8090
v  124.2270 258.7710 -25.2690
v  124.2740 330.4970 -24.4513
v  117.7510 211.4030 -23.1397
v  117.9170 258.7710 -22.6555
v  118.1690 330.4970 -21.9224
v  112.2170 211.4030 -18.8935
v  112.4990 258.7710 -18.4982
v  112.9260 330.4970 -17.8996
v  107.9710 211.4030 -13.3597
v  107.6010 258.7710 -13.0802
v  108.9030 330.4970 -12.6569
v  105.3020 211.4030 -6.9155
v  104.9880 258.7710 -6.7708
v  106.3750 330.4970 -6.5517
v  104.2700 211.4030 0.0000
v  103.6950 258.7710 0.0000
v  105.5120 330.4970 0.0000
v  105.1810 211.4030 6.9155
v  104.5870 258.7710 6.7708
v  105.8970 330.4970 6.5517
v  107.9710 211.4030 13.3597
v  107.2000 258.7710 13.0802
v  108.4260 330.4970 12.6569
v  112.2170 211.4030 18.8935
v  112.3410 258.7710 18.9301
v  112.4490 330.4970 17.8996
v  117.7510 211.4030 23.1397
v  117.7590 258.7710 23.0874
v  117.9470 330.4970 21.9754
v  124.1950 211.4030 25.8090
v  124.0690 258.7710 25.7009
v  124.2740 330.4970 24.5595
v  131.1110 211.4030 26.7194
v  130.9970 258.7710 26.1604
v  130.8260 330.4970 25.3138
v  138.0260 211.4030 25.8090
v  137.7680 258.7710 25.2690
v  137.3770 330.4970 24.4513
v  144.4710 211.4030 23.1397
v  144.0780 258.7710 22.6555
v  150.0040 211.4030 18.8935
v  -199.6640 530.1780 -4.1037
v  -198.2850 538.6020 -0.6580
v  -197.3020 538.6020 -0.6580
v  -195.9230 530.1780 -4.1037
v  -196.5650 538.6020 0.0793
v  -199.7380 522.0910 -4.2894
v  -196.4320 514.8930 -2.8318
v  -199.1550 514.8930 -2.8318
v  -195.8490 522.0910 -4.2894
v  -193.5200 530.1780 -1.2992
v  -193.3340 522.0910 -1.3735
v  -194.3910 514.8930 -0.7903
v  -193.5200 530.1780 2.4411
v  -196.5650 538.6020 1.0626
v  -193.3340 522.0910 2.5154
v  -194.7380 514.8930 1.4501
v  -197.3020 538.6020 1.7999
v  -196.0960 522.0910 4.7905
v  -196.5090 514.8930 3.4245
v  -196.1710 530.1780 4.6047
v  -199.4640 522.0910 5.2852
v  -199.0180 514.8930 3.7657
v  -199.3890 530.1780 5.0994
v  -198.2850 538.6020 1.7999
v  -199.0230 538.6020 1.0626
v  -202.4680 530.1780 2.4411
v  -202.6540 522.0910 2.5154
v  -201.1960 514.8930 1.9323
v  -202.3090 530.1780 -1.3985
v  -199.0230 538.6020 0.0793
v  -202.4950 522.0910 -1.4728
v  -201.1960 514.8930 -0.7903
v  -187.1110 605.6330 -8.9607
v  -187.1110 610.4120 -8.0804
v  -188.2630 609.8290 -7.7636
v  -188.2630 604.8420 -7.8458
v  -190.0800 609.8290 -7.7635
v  -187.1110 576.9190 -8.9607
v  -191.2320 610.8220 -8.2657
v  -191.2320 605.6330 -8.9607
v  -190.0800 604.8420 -7.8458
v  -188.2630 576.9430 -7.8458
v  -190.0800 576.9430 -7.8458
v  -191.2320 576.9190 -8.9607
v  -188.2630 572.4640 -7.6557
v  -187.1110 572.0750 -8.2847
v  -187.1110 567.9500 -3.5401
v  -190.0800 572.4640 -7.6557
v  -191.2320 572.0750 -8.2847
v  -188.2630 568.9950 -3.2443
v  -187.1110 566.6930 -0.0728
v  -190.0800 568.9950 -3.2444
v  -191.2320 567.9540 -3.5422
v  -188.2630 567.7690 -0.2696
v  -190.0800 567.7690 -0.2699
v  -191.2320 566.6990 -0.0769
v  -191.2320 566.9320 3.2953
v  -190.0800 567.9550 2.8179
v  -188.2630 567.9570 2.8196
v  -187.1110 566.9290 3.2877
v  -187.1110 571.4780 8.3502
v  -190.0800 572.1250 7.7232
v  -191.2320 571.4780 8.3502
v  -188.2630 572.1250 7.7232
v  -187.1110 575.9580 8.7165
v  -191.2320 575.9580 8.7165
v  -188.2630 576.7860 7.6099
v  -187.1110 605.6330 8.7164
v  -190.0800 576.7860 7.6099
v  -188.2630 604.8420 7.6099
v  -190.0800 604.8420 7.6099
v  -191.2320 605.6330 8.7165
v  -188.2630 609.8290 7.7635
v  -187.1110 610.8220 8.2657
v  -187.1110 611.6010 2.8151
v  -190.0800 609.8290 7.7635
v  -191.2320 610.8220 8.2657
v  -191.2320 611.6010 2.8151
v  -188.2630 609.8720 2.8151
v  -190.0800 609.8720 2.8151
v  -191.2320 611.6010 -2.8151
v  -190.0800 609.8720 -2.8151
v  -188.2630 609.8720 -2.8151
v  -187.1110 611.6010 -2.8151
v  -190.0690 611.2240 -8.8714
v  -190.0690 606.1410 -10.6332
v  -188.2740 611.2240 -8.8714
v  -188.2740 606.1410 -10.6332
v  -190.0690 575.6770 -10.6332
v  -188.2740 575.6770 -10.6332
v  -190.0690 571.5920 -9.4943
v  -188.2740 571.5920 -9.4943
v  -188.2740 567.1220 -4.1256
v  -190.0690 567.1250 -4.1488
v  -188.2740 565.8540 -0.0558
v  -190.0690 565.8590 -0.1014
v  -188.2740 566.0660 3.6898
v  -190.0690 566.0610 3.6542
v  -190.0690 570.6310 9.3807
v  -188.2740 570.6310 9.3807
v  -190.0690 574.7160 10.3763
v  -188.2740 574.7160 10.3763
v  -190.0690 606.1410 10.3763
v  -188.2740 606.1410 10.3763
v  -190.0690 611.2240 8.8714
v  -188.2740 611.2240 8.8713
v  -188.2740 612.8390 2.8151
v  -190.0690 612.8390 2.8151
v  -188.2740 612.8390 -2.8151
v  -190.0690 612.8390 -2.8151
v  -196.8620 538.6980 -1.7399
v  -198.5220 538.7010 -2.3066
v  -198.4910 544.5040 -2.4125
v  -196.8050 544.4490 -1.8359
v  -198.2620 551.0670 -2.5033
v  -196.0890 538.7120 -0.1658
v  -196.5550 550.9050 -1.9168
v  -197.6330 557.6770 -2.5478
v  -196.0190 544.4350 -0.2352
v  -196.6550 538.7350 1.4938
v  -195.9280 557.3160 -1.9529
v  -196.3890 563.6390 -2.5135
v  -195.7600 550.8310 -0.2896
v  -196.5950 544.4690 1.4519
v  -198.2300 538.7530 2.2666
v  -194.7800 562.8920 -1.9189
v  -194.2070 568.3350 -2.3468
v  -198.1950 544.5310 2.2371
v  -199.8890 538.7550 1.7000
v  -196.3440 550.8880 1.4251
v  -195.1360 557.1330 -0.3000
v  -199.8810 544.5860 1.6606
v  -200.6630 538.7410 0.1258
v  -197.9640 551.0430 2.2228
v  -195.7230 557.2330 1.4425
v  -200.6660 544.6010 0.0599
v  -200.0960 538.7190 -1.5337
v  -199.6710 551.2050 1.6364
v  -200.0900 544.5670 -1.6272
v  -200.4650 551.2790 0.0091
v  -199.8810 551.2210 -1.7055
v  -199.0490 557.9200 1.6592
v  -199.2530 558.0030 -1.7362
v  -199.8400 558.1030 0.0063
v  -197.9290 564.2980 -1.6805
v  -198.4990 564.4820 0.0917
v  -195.3490 569.5570 -1.4448
v  -195.8580 569.8350 0.3644
v  -197.7640 564.0830 1.7654
v  -195.4360 569.0060 2.0213
v  -190.8790 572.4820 -0.6702
v  -190.6780 570.9300 -1.7968
v  -191.3610 572.7770 1.1746
v  -186.0070 571.9250 0.6814
v  -186.3810 570.5360 -0.6470
v  -186.5170 572.2300 2.5475
v  -191.8400 571.6390 2.6571
v  -187.6120 571.2720 3.8582
v  -181.0670 568.8150 2.5245
v  -181.6310 567.5460 1.1025
v  -181.5910 569.1300 4.4158
v  -176.0890 564.2340 4.6508
v  -176.7360 563.0220 3.1746
v  -176.6200 564.5540 6.5698
v  -182.8960 568.3060 5.6685
v  -178.0190 563.7930 7.8076
v  -171.5020 559.2740 6.7319
v  -172.1930 558.0840 5.2182
v  -172.0390 559.5960 8.6799
v  -167.5810 554.7140 8.5489
v  -168.2890 553.5150 7.0104
v  -168.1260 555.0410 10.5244
v  -173.4890 558.8590 9.9213
v  -169.6050 554.3030 11.7798
v  -164.0190 550.5040 10.2131
v  -164.7090 549.2560 8.6656
v  -164.5780 550.8420 12.2136
v  -160.3970 546.4320 11.8972
v  -161.0430 545.1080 10.3534
v  -160.9730 546.7850 13.9210
v  -166.0590 550.0720 13.4955
v  -162.4340 545.9610 15.2396
v  -156.3100 542.2720 13.7707
v  -156.9190 540.8840 12.2274
v  -156.9020 542.6380 15.8187
v  -151.7600 538.0080 15.8314
v  -152.3460 536.5730 14.2811
v  -152.3650 538.3830 17.9049
v  -158.3470 541.7670 17.1719
v  -153.8060 537.4790 19.2872
v  -146.9290 533.7110 18.0017
v  -147.5060 532.2420 16.4381
v  -147.5420 534.0920 20.1024
v  -142.0510 529.4970 20.1770
v  -142.6440 528.0160 18.5897
v  -142.6240 529.8420 22.3261
v  -148.9880 533.1620 21.5097
v  -144.0270 528.8470 23.7782
v  -137.1660 525.4880 22.1210
v  -137.8150 524.0250 20.4976
v  -137.5710 525.7020 24.3543
v  -131.8580 521.6780 23.4689
v  -132.6040 520.2540 21.8114
v  -131.9720 521.7010 25.7751
v  -138.7940 524.5410 25.8892
v  -132.8780 520.3090 27.3791
v  -125.5890 518.0080 23.8338
v  -126.4270 516.6090 22.1579
v  -125.3910 517.8670 26.1594
v  -118.0980 514.5620 22.9877
v  -118.9440 513.1450 21.2905
v  -117.6980 514.3390 25.3103
v  -125.9470 516.2680 27.7724
v  -117.9770 512.6040 26.8979
v  -109.9870 511.7400 21.3121
v  -110.7480 510.2780 19.5723
v  -109.4650 511.4800 23.6369
v  -101.9460 509.9450 19.2996
v  -102.5460 508.4400 17.4946
v  -101.3410 509.6710 21.6329
v  -109.4880 509.6510 25.1850
v  -101.0860 507.7770 23.1278
v  -94.3001 509.3600 17.2415
v  -94.7368 507.8350 15.3673
v  -93.6116 509.0820 19.5818
v  -86.9446 509.8560 15.1274
v  -87.2389 508.3320 13.1873
v  -86.1744 509.5840 17.4738
v  -93.0744 507.1640 21.0172
v  -85.3794 507.6750 18.8519
v  -79.7556 511.2850 12.9228
v  -79.9378 509.7720 10.9233
v  -78.9112 511.0260 15.2762
v  -72.7159 513.4810 10.6273
v  -72.7817 511.9950 8.5650
v  -71.8028 513.2410 12.9884
v  -77.8990 509.1480 16.6050
v  -70.5770 511.4150 14.2653
v  -66.0635 516.3630 8.3377
v  -65.9770 514.9380 6.1980
v  -65.0812 516.1500 10.7054
v  -60.1517 519.9150 6.1971
v  -59.8720 518.6140 3.9619
v  -59.0993 519.7430 8.5698
v  -63.6055 514.4250 11.9141
v  -57.3311 518.1990 9.6902
v  -55.1899 524.2130 4.2969
v  -54.7115 523.0990 1.9620
v  -54.0978 524.0670 6.6857
v  -51.0648 529.3110 2.7015
v  -50.4189 528.4140 0.2825
v  -49.9804 529.1370 5.1240
v  -52.0747 522.7490 7.7290
v  -47.8008 527.9920 6.1308
v  -47.4534 535.2000 1.4900
v  -46.6971 534.4670 -0.9844
v  -46.4156 534.9240 3.9553
v  -43.8704 541.6360 0.6980
v  -43.0806 540.9370 -1.8072
v  -42.9330 541.1760 3.2077
v  -44.1915 533.8010 4.9675
v  -40.8173 539.8260 4.2517
v  -39.5727 547.9400 0.2879
v  -38.8589 547.1330 -2.2398
v  -38.8484 547.2120 2.8363
v  -33.9449 553.0320 0.2130
v  -33.4331 552.0740 -2.3425
v  -33.5417 552.0720 2.7871
v  -37.1103 545.3760 3.9128
v  -32.4598 549.7560 3.8720
v  -27.3089 558.0440 0.3579
v  -26.9862 557.0070 -2.2295
v  -27.1376 556.9910 2.9531
v  -20.2917 557.8190 0.5660
v  -20.1214 556.7450 -2.0522
v  -20.2240 556.7370 3.1856
v  -26.5727 554.4640 4.0358
v  -19.9580 554.1310 4.2720
v  -13.4119 557.9740 0.6996
v  -13.3629 556.8790 -1.9469
v  -13.3711 556.8780 3.3459
v  -6.7947 557.7350 0.7094
v  -6.8065 556.6280 -1.9640
v  -6.7706 556.6280 3.3827
v  -13.2644 554.2340 4.4418
v  -6.7482 553.9550 4.4900
v  0.0000 557.8120 0.6638
v  0.0000 556.6930 -2.0366
v  6.8065 556.6280 -1.9640
v  0.0000 556.6930 3.3643
v  6.7947 557.7350 0.7094
v  13.3629 556.8790 -1.9469
v  0.0000 553.9930 4.4828
v  6.7706 556.6280 3.3827
v  13.4119 557.9740 0.6996
v  20.1214 556.7450 -2.0522
v  6.7482 553.9550 4.4900
v  20.2917 557.8190 0.5660
v  26.9862 557.0070 -2.2295
v  13.3711 556.8780 3.3459
v  27.3089 558.0440 0.3579
v  33.4331 552.0740 -2.3425
v  20.2240 556.7370 3.1856
v  33.9449 553.0320 0.2130
v  38.8589 547.1330 -2.2398
v  27.1376 556.9910 2.9531
v  13.2644 554.2340 4.4418
v  39.5727 547.9400 0.2879
v  43.0806 540.9370 -1.8072
v  33.5417 552.0720 2.7871
v  43.8704 541.6360 0.6980
v  46.6971 534.4670 -0.9844
v  38.8484 547.2120 2.8363
v  47.4534 535.2000 1.4900
v  50.4189 528.4140 0.2825
v  42.9330 541.1760 3.2077
v  51.0648 529.3110 2.7015
v  54.7115 523.0990 1.9620
v  46.4156 534.9240 3.9553
v  55.1899 524.2130 4.2969
v  59.8720 518.6140 3.9619
v  49.9804 529.1370 5.1240
v  60.1517 519.9150 6.1971
v  65.9770 514.9380 6.1980
v  54.0978 524.0670 6.6857
v  66.0635 516.3630 8.3377
v  72.7817 511.9950 8.5650
v  59.0993 519.7430 8.5698
v  72.7159 513.4810 10.6273
v  79.9378 509.7720 10.9233
v  65.0812 516.1500 10.7054
v  79.7556 511.2850 12.9228
v  87.2389 508.3320 13.1873
v  71.8028 513.2410 12.9884
v  86.9445 509.8560 15.1274
v  94.7368 507.8350 15.3673
v  78.9111 511.0260 15.2762
v  94.3001 509.3600 17.2415
v  102.5460 508.4400 17.4946
v  86.1744 509.5840 17.4738
v  101.9460 509.9450 19.2996
v  110.7480 510.2780 19.5723
v  93.6116 509.0820 19.5818
v  109.9870 511.7400 21.3121
v  118.9440 513.1450 21.2905
v  101.3410 509.6710 21.6329
v  118.0980 514.5620 22.9877
v  126.4270 516.6090 22.1579
v  109.4650 511.4800 23.6369
v  125.5890 518.0080 23.8338
v  132.6040 520.2540 21.8114
v  117.6980 514.3390 25.3103
v  131.8580 521.6780 23.4689
v  137.8150 524.0250 20.4976
v  125.3910 517.8670 26.1594
v  137.1660 525.4880 22.1210
v  142.6440 528.0160 18.5897
v  131.9720 521.7010 25.7751
v  142.0510 529.4970 20.1770
v  147.5060 532.2420 16.4381
v  137.5710 525.7020 24.3543
v  146.9290 533.7110 18.0017
v  152.3460 536.5730 14.2811
v  142.6240 529.8420 22.3261
v  151.7600 538.0080 15.8314
v  156.9190 540.8840 12.2274
v  147.5420 534.0920 20.1024
v  156.3100 542.2720 13.7707
v  161.0430 545.1080 10.3534
v  152.3650 538.3830 17.9049
v  160.3970 546.4320 11.8972
v  164.7100 549.2560 8.6656
v  156.9020 542.6380 15.8187
v  164.0190 550.5040 10.2131
v  168.2890 553.5150 7.0104
v  160.9730 546.7850 13.9210
v  167.5810 554.7140 8.5489
v  172.1930 558.0840 5.2182
v  164.5780 550.8420 12.2136
v  171.5020 559.2740 6.7319
v  176.7360 563.0220 3.1746
v  168.1260 555.0410 10.5244
v  176.0890 564.2340 4.6508
v  181.6310 567.5460 1.1025
v  172.0390 559.5960 8.6799
v  181.0670 568.8150 2.5245
v  186.3810 570.5360 -0.6470
v  176.6200 564.5540 6.5698
v  186.0070 571.9250 0.6814
v  190.6780 570.9300 -1.7968
v  181.5910 569.1300 4.4158
v  190.8790 572.4820 -0.6702
v  194.2070 568.3350 -2.3468
v  186.5170 572.2300 2.5475
v  195.3490 569.5570 -1.4448
v  196.3890 563.6390 -2.5135
v  191.3610 572.7770 1.1746
v  197.9290 564.2980 -1.6805
v  197.6330 557.6770 -2.5478
v  195.8580 569.8350 0.3644
v  199.2530 558.0030 -1.7362
v  198.2620 551.0670 -2.5033
v  198.4990 564.4820 0.0917
v  199.8810 551.2210 -1.7055
v  198.4910 544.5040 -2.4125
v  199.8400 558.1030 0.0063
v  200.0900 544.5670 -1.6272
v  198.5220 538.7010 -2.3066
v  200.0960 538.7190 -1.5337
v  200.4650 551.2790 0.0091
v  200.6660 544.6010 0.0599
v  200.6630 538.7410 0.1258
v  199.0490 557.9200 1.6592
v  199.8810 544.5860 1.6606
v  199.8890 538.7550 1.7000
v  199.6710 551.2050 1.6364
v  198.1950 544.5310 2.2371
v  198.2300 538.7530 2.2666
v  197.9640 551.0430 2.2228
v  196.5950 544.4690 1.4519
v  196.6550 538.7350 1.4938
v  196.3440 550.8880 1.4251
v  197.3440 557.5590 2.2540
v  195.7230 557.2330 1.4425
v  196.0190 544.4350 -0.2352
v  196.0890 538.7120 -0.1658
v  195.7600 550.8310 -0.2896
v  196.8050 544.4490 -1.8359
v  196.8620 538.6980 -1.7399
v  196.5550 550.9050 -1.9168
v  195.9280 557.3160 -1.9529
v  195.1360 557.1330 -0.3000
v  194.7800 562.8920 -1.9189
v  194.0450 562.4940 -0.2452
v  193.1020 566.8850 -1.8129
v  194.6150 562.6780 1.5271
v  192.6790 566.0570 -0.1561
v  190.8750 569.0270 -1.5451
v  196.1550 563.3360 2.3599
v  187.4210 568.8760 -0.6594
v  191.3540 567.8890 -0.0625
v  193.1880 566.3350 1.6531
v  182.9530 566.0660 0.9827
v  188.5160 567.9170 0.6514
v  191.8350 568.1830 1.7823
v  178.1820 561.6270 3.0060
v  184.2580 565.2420 2.2354
v  173.7070 556.7210 5.0257
v  179.5810 560.8660 4.2437
v  189.0260 568.2230 2.5174
v  169.8350 552.1450 6.8103
v  175.1570 555.9840 6.2671
v  166.2450 547.8290 8.4779
v  171.3130 551.4070 8.0657
v  162.5340 543.5890 10.1943
v  167.7260 547.0590 9.7598
v  158.3710 539.2870 12.0930
v  163.9950 542.7650 11.5129
v  153.7800 534.9190 14.1623
v  159.8160 538.4160 13.4461
v  148.9370 530.5470 16.3276
v  155.2210 534.0150 15.5445
v  144.0550 526.2650 18.4943
v  150.3830 529.6170 17.7349
v  139.1380 522.1690 20.4350
v  145.4580 525.2700 19.9464
v  133.7720 518.2620 21.7737
v  140.3600 521.0080 21.9700
v  127.4120 514.4890 22.1135
v  134.6790 516.8700 23.3777
v  119.7390 510.9160 21.2130
v  127.9690 512.8900 23.7265
v  111.3030 507.9500 19.4368
v  120.0190 509.1820 22.8006
v  102.7910 506.0360 17.2753
v  111.3270 506.1200 20.9849
v  94.6657 505.4010 15.0570
v  102.5360 504.1420 18.7702
v  86.8849 505.9050 12.7898
v  94.1285 503.4830 16.4924
v  79.3508 507.3740 10.4491
v  86.0899 503.9970 14.1679
v  71.9613 509.6530 8.0097
v  78.3387 505.4960 11.7780
v  64.8723 512.7110 5.5396
v  70.7355 507.8270 9.2866
v  58.4239 516.6020 3.1736
v  63.3966 510.9850 6.7483
v  52.9426 521.3800 1.0488
v  56.6558 515.0570 4.2940
v  48.4211 526.9690 -0.7160
v  50.9196 520.0610 2.0921
v  44.5897 533.1550 -2.0183
v  46.2416 525.8240 0.2908
v  41.0262 539.4870 -2.8405
v  42.3656 532.0330 -1.0061
v  37.1252 545.2650 -3.2660
v  38.9106 538.1370 -1.7965
v  32.3062 549.7590 -3.3824
v  35.3872 543.4290 -2.1896
v  26.3586 554.4880 -3.2935
v  31.2243 547.4430 -2.2975
v  19.8129 554.1430 -3.1354
v  25.7938 551.9620 -2.2108
v  13.2528 554.2350 -3.0434
v  19.5469 551.5370 -2.0490
v  6.7989 553.9550 -3.0714
v  13.1460 551.5910 -1.9475
v  25.6225 550.9080 0.3843
v  0.0000 553.9930 -3.1551
v  19.4792 550.4550 0.5706
v  6.7765 551.2810 -1.9641
v  13.1052 550.4950 0.6988
v  -6.7989 553.9550 -3.0714
v  0.0000 551.2920 -2.0366
v  -13.2528 554.2350 -3.0434
v  -6.7765 551.2810 -1.9641
v  -13.1460 551.5910 -1.9475
v  -19.8129 554.1430 -3.1354
v  -19.5469 551.5370 -2.0490
v  -26.3586 554.4880 -3.2935
v  -25.7938 551.9620 -2.2108
v  -32.3063 549.7590 -3.3824
v  -31.2243 547.4430 -2.2975
v  -37.1252 545.2650 -3.2660
v  -35.3872 543.4290 -2.1896
v  -41.0262 539.4870 -2.8405
v  -38.9106 538.1370 -1.7965
v  -44.5897 533.1550 -2.0183
v  -42.3656 532.0330 -1.0061
v  -48.4211 526.9690 -0.7160
v  -46.2416 525.8240 0.2908
v  -52.9426 521.3800 1.0488
v  -50.9196 520.0610 2.0921
v  -58.4239 516.6020 3.1736
v  -56.6558 515.0570 4.2940
v  -64.8723 512.7110 5.5396
v  -63.3966 510.9850 6.7483
v  -71.9613 509.6530 8.0097
v  -70.7356 507.8270 9.2866
v  -79.3509 507.3740 10.4491
v  -78.3387 505.4960 11.7780
v  -86.8849 505.9050 12.7898
v  -86.0899 503.9970 14.1679
v  -94.6657 505.4010 15.0570
v  -94.1286 503.4830 16.4924
v  -102.7910 506.0360 17.2753
v  -102.5360 504.1420 18.7702
v  -111.3030 507.9500 19.4368
v  -111.3270 506.1200 20.9849
v  -119.7390 510.9160 21.2130
v  -120.0190 509.1820 22.8006
v  -127.4120 514.4890 22.1135
v  -127.9690 512.8900 23.7265
v  -133.7720 518.2620 21.7737
v  -134.6790 516.8700 23.3777
v  -139.1380 522.1690 20.4350
v  -140.3600 521.0080 21.9700
v  -144.0550 526.2650 18.4943
v  -145.4580 525.2700 19.9464
v  -148.9370 530.5470 16.3276
v  -150.3830 529.6170 17.7349
v  -153.7800 534.9190 14.1623
v  -155.2210 534.0150 15.5445
v  -158.3710 539.2870 12.0930
v  -159.8160 538.4160 13.4461
v  -162.5340 543.5890 10.1943
v  -163.9950 542.7650 11.5129
v  -166.2450 547.8290 8.4779
v  -167.7260 547.0590 9.7598
v  -169.8350 552.1450 6.8103
v  -171.3130 551.4070 8.0657
v  -173.7070 556.7210 5.0257
v  -175.1570 555.9840 6.2671
v  -178.1820 561.6270 3.0060
v  -179.5810 560.8660 4.2437
v  -182.9530 566.0660 0.9827
v  -184.2580 565.2420 2.2354
v  -187.4210 568.8760 -0.6594
v  -188.5160 567.9170 0.6514
v  -190.8750 569.0270 -1.5451
v  -191.3540 567.8890 -0.0625
v  -193.1020 566.8850 -1.8129
v  -192.6790 566.0570 -0.1561
v  -194.0450 562.4940 -0.2452
v  -194.6150 562.6780 1.5271
v  -193.1880 566.3350 1.6531
v  -197.3440 557.5590 2.2540
v  -196.1550 563.3360 2.3599
v  -194.3300 567.5570 2.5550
v  -191.8350 568.1830 1.7823
v  -192.0370 569.7370 2.9088
v  -189.0260 568.2230 2.5174
v  -188.6510 569.6120 3.8458
v  -184.7820 565.5570 4.1266
v  -184.2180 566.8260 5.5487
v  -180.1130 561.1860 6.1627
v  -179.4660 562.3980 7.6390
v  -175.6940 556.3050 8.2151
v  -175.0030 557.4960 9.7288
v  -171.8590 551.7330 10.0411
v  -171.1510 552.9330 11.5796
v  -168.2850 547.3970 11.7603
v  -167.5940 548.6450 13.3077
v  -164.5710 543.1180 13.5368
v  -163.9240 544.4420 15.0804
v  -160.4080 538.7820 15.4941
v  -159.8000 540.1700 17.0374
v  -155.8260 534.3900 17.6180
v  -155.2400 535.8250 19.1683
v  -150.9970 529.9980 19.8355
v  -150.4190 531.4660 21.3991
v  -146.0310 525.6150 22.0955
v  -145.4380 527.0960 23.6827
v  -140.7660 521.2220 24.2032
v  -140.1170 522.6860 25.8266
v  -134.7930 516.8930 25.6838
v  -134.0470 518.3180 27.3413
v  -127.7710 512.7490 26.0521
v  -126.9330 514.1480 27.7279
v  -119.6180 508.9580 25.1233
v  -118.7720 510.3760 26.8204
v  -110.8050 505.8610 23.3098
v  -110.0440 507.3230 25.0495
v  -101.9320 503.8680 21.1036
v  -101.3310 505.3730 22.9085
v  -93.4401 503.2040 18.8326
v  -93.0034 504.7290 20.7068
v  -85.3198 503.7250 16.5143
v  -85.0254 505.2490 18.4544
v  -77.4943 505.2370 14.1314
v  -77.3121 506.7500 16.1308
v  -69.8224 507.5870 11.6477
v  -69.7567 509.0730 13.7100
v  -62.4143 510.7720 9.1160
v  -62.5009 512.1970 11.2557
v  -55.6033 514.8850 6.6668
v  -55.8831 516.1870 8.9020
v  -49.8274 519.9160 4.4809
v  -50.3059 521.0290 6.8158
v  -45.1571 525.6490 2.7133
v  -45.8030 526.5470 5.1323
v  -41.3278 531.7570 1.4593
v  -42.0842 532.4900 3.9336
v  -37.9731 537.6770 0.7132
v  -38.7630 538.3760 3.2185
v  -34.6629 542.7010 0.3589
v  -35.3767 543.5080 2.8866
v  -30.8212 546.4830 0.2767
v  -31.3329 547.4410 2.8322
v  -25.6225 550.9080 0.3843
v  -25.9451 551.9450 2.9718
v  -19.4792 550.4550 0.5706
v  -19.6495 551.5290 3.1888
v  -13.1052 550.4950 0.6988
v  -13.1542 551.5900 3.3453
v  -6.7524 550.1740 0.7092
v  -6.7406 551.2810 3.3826
v  0.0000 550.1740 0.6638
v  0.0000 551.2920 3.3643
v  6.7406 551.2810 3.3826
v  6.7524 550.1740 0.7092
v  13.1542 551.5900 3.3453
v  19.6495 551.5290 3.1888
v  19.9580 554.1310 4.2720
v  26.5727 554.4640 4.0358
v  25.9451 551.9450 2.9718
v  32.4598 549.7560 3.8720
v  31.3329 547.4410 2.8322
v  37.1104 545.3760 3.9128
v  30.8212 546.4830 0.2767
v  35.3767 543.5080 2.8866
v  40.8173 539.8260 4.2517
v  34.6629 542.7010 0.3589
v  38.7630 538.3760 3.2185
v  44.1915 533.8010 4.9675
v  37.9731 537.6770 0.7132
v  42.0842 532.4900 3.9336
v  47.8008 527.9920 6.1308
v  41.3278 531.7570 1.4593
v  45.8030 526.5470 5.1323
v  52.0747 522.7490 7.7290
v  45.1571 525.6490 2.7133
v  50.3059 521.0290 6.8158
v  57.3311 518.1990 9.6902
v  49.8274 519.9160 4.4809
v  55.8831 516.1870 8.9020
v  63.6055 514.4250 11.9141
v  55.6033 514.8850 6.6668
v  62.5009 512.1970 11.2557
v  70.5769 511.4150 14.2653
v  62.4143 510.7720 9.1160
v  69.7567 509.0730 13.7100
v  77.8990 509.1480 16.6050
v  69.8224 507.5870 11.6478
v  77.3121 506.7500 16.1308
v  85.3794 507.6750 18.8519
v  77.4943 505.2370 14.1314
v  85.0254 505.2490 18.4544
v  93.0744 507.1640 21.0172
v  85.3198 503.7250 16.5143
v  93.0034 504.7290 20.7068
v  101.0860 507.7770 23.1278
v  93.4401 503.2040 18.8326
v  101.3310 505.3730 22.9085
v  109.4880 509.6510 25.1850
v  101.9320 503.8680 21.1036
v  110.0440 507.3230 25.0495
v  117.9770 512.6040 26.8979
v  110.8050 505.8610 23.3098
v  118.7720 510.3760 26.8204
v  125.9470 516.2680 27.7724
v  119.6180 508.9580 25.1233
v  126.9330 514.1480 27.7279
v  132.8780 520.3090 27.3791
v  127.7700 512.7490 26.0521
v  134.0470 518.3180 27.3413
v  138.7940 524.5410 25.8892
v  134.7930 516.8930 25.6839
v  140.1170 522.6860 25.8266
v  144.0270 528.8470 23.7782
v  140.7660 521.2220 24.2032
v  145.4380 527.0960 23.6827
v  148.9880 533.1620 21.5097
v  146.0310 525.6150 22.0955
v  150.4190 531.4660 21.3991
v  153.8060 537.4790 19.2872
v  150.9970 529.9980 19.8355
v  155.2400 535.8250 19.1683
v  158.3470 541.7670 17.1719
v  155.8260 534.3900 17.6180
v  159.8000 540.1700 17.0374
v  162.4340 545.9610 15.2396
v  160.4080 538.7820 15.4941
v  163.9240 544.4420 15.0804
v  166.0590 550.0720 13.4955
v  164.5710 543.1180 13.5368
v  167.5940 548.6450 13.3077
v  169.6050 554.3030 11.7798
v  168.2850 547.3970 11.7603
v  171.1510 552.9330 11.5796
v  173.4890 558.8590 9.9213
v  171.8590 551.7330 10.0411
v  175.0030 557.4960 9.7288
v  178.0190 563.7930 7.8076
v  175.6940 556.3050 8.2151
v  179.4660 562.3980 7.6390
v  182.8960 568.3060 5.6685
v  180.1130 561.1860 6.1627
v  184.2180 566.8260 5.5487
v  187.6120 571.2720 3.8582
v  184.7820 565.5570 4.1266
v  188.6510 569.6120 3.8458
v  191.8400 571.6390 2.6571
v  192.0370 569.7370 2.9088
v  195.4360 569.0060 2.0213
v  194.3300 567.5570 2.5550
v  197.7640 564.0830 1.7654
v  -201.3590 536.4180 -2.4668
v  -200.7340 536.6030 -1.7052
v  -200.7030 535.8800 -0.4024
v  -201.6200 535.5520 -1.5183
v  -200.5750 535.7600 0.4000
v  -202.5380 537.3230 -2.7369
v  -201.5990 534.9000 0.1326
v  -200.2750 535.8710 1.1952
v  -203.0290 536.0820 -1.4698
v  -202.8730 538.4220 -1.7741
v  -202.9750 535.3030 0.3669
v  -201.1530 534.9690 1.5748
v  -199.4270 536.8490 1.4280
v  -203.2810 537.3200 -0.6019
v  -200.2830 535.6020 2.6692
v  -198.8880 536.9660 2.2561
v  -202.3050 535.3560 2.2506
v  -199.2340 536.5090 3.2717
v  -197.9850 537.5730 2.3385
v  -201.1420 536.3380 3.7294
v  -203.3270 536.6940 0.8075
v  -202.8080 536.8480 2.1757
v  -199.8900 537.5820 4.2042
v  -197.8950 537.4410 3.2738
v  -196.7200 538.3230 1.1612
v  -201.7710 537.5330 3.3521
v  -196.6870 538.1480 2.7649
v  -196.0990 538.7100 0.6460
v  -198.0360 538.6230 4.0515
v  -200.6960 538.4780 3.7452
v  -198.9550 539.7190 3.6398
v  -196.6730 539.5210 3.4101
v  -195.4900 538.7750 1.9749
v  -197.6200 540.5700 2.7801
v  -195.2970 540.0970 2.4024
v  -194.4290 538.8490 0.8174
v  -194.9770 538.6860 0.2326
v  -194.1530 538.1220 -0.0468
v  -195.8470 541.2630 1.5270
v  -193.9590 540.2290 0.9212
v  -193.9720 538.5980 -0.0938
v  -194.7060 537.1760 -0.4160
v  -196.6680 541.0770 0.5409
v  -194.5560 541.3040 0.1427
v  -193.2120 539.5520 -0.7606
v  -193.9990 537.6980 -1.2211
v  -195.1280 536.4700 -0.6057
v  -195.5970 541.0680 -0.7965
v  -193.7770 540.5340 -1.5868
v  -193.3020 538.4110 -2.3353
v  -196.0890 539.7210 -1.0423
v  -195.1730 540.4230 -2.1516
v  -195.3150 539.5470 -3.1186
v  -193.8610 539.2310 -3.1348
v  -193.9550 537.1530 -3.0790
v  -194.3560 536.9840 -1.7400
v  -194.6230 538.0280 -3.9455
v  -195.2760 536.2520 -1.8213
v  -196.3830 535.6660 -1.5104
v  -195.4980 535.7750 -3.2703
v  -196.9290 535.2520 -2.5477
v  -197.1130 535.5090 -1.2850
v  -198.4920 535.1810 -1.9591
v  -196.0880 536.5980 -4.0823
v  -195.7680 538.7030 -3.6211
v  -197.5600 536.0300 -3.6100
v  -196.6990 537.9170 -3.7340
v  -196.2320 538.6280 -2.3157
v  -198.8670 536.0380 -2.9733
v  -199.6180 535.4380 -1.2272
v  -197.8040 537.4220 -3.4014
v  -199.9560 536.2130 -2.1646
v  -198.8000 537.1110 -2.9108
v  -199.5780 536.6930 -2.5201
v  -200.3200 537.2210 -1.9609
v  -199.9070 537.5700 -2.2035
v  -198.4380 537.5290 -2.9320
v  -200.8330 537.1910 -3.0372
v  -197.6090 537.6480 -2.9609
v  -201.7700 538.1100 -3.3178
v  -200.2640 537.6450 -3.2907
v  -199.6100 537.7420 -2.2868
v  -202.0830 539.2330 -2.4136
v  -200.8430 538.8680 -3.7186
v  -201.1000 539.9790 -2.7085
v  -199.4810 537.9740 -3.2335
v  -199.5930 539.4140 -3.8895
v  -199.7800 540.5070 -2.8418
v  -198.6180 538.1500 -3.3378
v  -198.2570 539.5140 -3.5848
v  -198.5270 540.5710 -2.5280
v  -198.8280 537.8770 -2.3264
v  -197.9070 537.9780 -2.9616
v  -197.0590 538.9640 -2.8794
v  -197.0240 540.0930 -1.7730
v  197.3020 538.6020 -0.6580
v  198.2850 538.6020 -0.6580
v  199.6640 530.1780 -4.1037
v  195.9230 530.1780 -4.1037
v  199.7380 522.0910 -4.2894
v  196.5650 538.6020 0.0793
v  199.1550 514.8930 -2.8318
v  196.4320 514.8930 -2.8318
v  195.8490 522.0910 -4.2894
v  193.5200 530.1780 -1.2992
v  193.3340 522.0910 -1.3735
v  194.3910 514.8930 -0.7903
v  193.5200 530.1780 2.4411
v  196.5650 538.6020 1.0626
v  197.3020 538.6020 1.7999
v  193.3340 522.0910 2.5154
v  194.7380 514.8930 1.4501
v  196.1710 530.1780 4.6047
v  196.0960 522.0910 4.7905
v  196.5090 514.8930 3.4245
v  199.3890 530.1780 5.0994
v  198.2850 538.6020 1.7999
v  199.0230 538.6020 1.0626
v  199.4640 522.0910 5.2852
v  199.0180 514.8930 3.7657
v  202.4680 530.1780 2.4411
v  202.6540 522.0910 2.5154
v  201.1960 514.8930 1.9323
v  202.3090 530.1780 -1.3985
v  199.0230 538.6020 0.0793
v  202.4950 522.0910 -1.4728
v  201.1960 514.8930 -0.7903
v  195.7160 536.4180 -2.4668
v  196.3410 536.6030 -1.7052
v  196.3720 535.8800 -0.4024
v  195.4550 535.5520 -1.5183
v  196.5000 535.7600 0.4000
v  194.5370 537.3230 -2.7369
v  195.4760 534.9000 0.1326
v  196.8000 535.8710 1.1952
v  194.0460 536.0820 -1.4698
v  194.2020 538.4220 -1.7741
v  194.1000 535.3030 0.3669
v  195.9230 534.9690 1.5748
v  197.6480 536.8490 1.4280
v  193.7940 537.3200 -0.6019
v  196.7920 535.6020 2.6692
v  198.1870 536.9660 2.2561
v  194.7700 535.3560 2.2506
v  197.8410 536.5090 3.2717
v  199.0900 537.5730 2.3385
v  195.9330 536.3380 3.7294
v  193.7480 536.6940 0.8075
v  194.2670 536.8480 2.1757
v  197.1850 537.5820 4.2042
v  199.1800 537.4410 3.2738
v  200.3550 538.3230 1.1612
v  195.3050 537.5330 3.3521
v  200.3880 538.1480 2.7649
v  200.9760 538.7100 0.6460
v  199.0390 538.6230 4.0515
v  196.3790 538.4780 3.7452
v  198.1200 539.7190 3.6398
v  200.4030 539.5210 3.4101
v  201.5850 538.7750 1.9749
v  199.4550 540.5700 2.7801
v  201.7780 540.0970 2.4024
v  202.6460 538.8490 0.8174
v  202.0980 538.6860 0.2326
v  202.9220 538.1220 -0.0468
v  201.2280 541.2630 1.5270
v  203.1170 540.2290 0.9212
v  203.1040 538.5980 -0.0938
v  202.3690 537.1760 -0.4160
v  200.4070 541.0770 0.5409
v  202.5190 541.3040 0.1427
v  203.8630 539.5520 -0.7606
v  203.0760 537.6980 -1.2211
v  201.9470 536.4700 -0.6057
v  201.4780 541.0680 -0.7965
v  203.2980 540.5340 -1.5868
v  203.7730 538.4110 -2.3353
v  200.9860 539.7210 -1.0423
v  201.9020 540.4230 -2.1516
v  201.7600 539.5470 -3.1186
v  203.2140 539.2310 -3.1348
v  203.1200 537.1530 -3.0790
v  202.7190 536.9840 -1.7400
v  202.4520 538.0280 -3.9455
v  201.7990 536.2520 -1.8213
v  200.6920 535.6660 -1.5104
v  201.5770 535.7750 -3.2703
v  200.1460 535.2520 -2.5477
v  199.9620 535.5090 -1.2850
v  198.5830 535.1810 -1.9591
v  200.9870 536.5980 -4.0823
v  201.3070 538.7030 -3.6211
v  199.5150 536.0300 -3.6100
v  200.3760 537.9170 -3.7340
v  200.8430 538.6280 -2.3157
v  198.2080 536.0380 -2.9733
v  197.4570 535.4380 -1.2272
v  199.2710 537.4220 -3.4014
v  197.1190 536.2130 -2.1646
v  198.2750 537.1110 -2.9108
v  197.4970 536.6930 -2.5201
v  196.7560 537.2210 -1.9609
v  197.1680 537.5700 -2.2035
v  198.6370 537.5290 -2.9320
v  196.2420 537.1910 -3.0372
v  199.4660 537.6480 -2.9609
v  195.3050 538.1100 -3.3178
v  196.8110 537.6450 -3.2907
v  197.4650 537.7420 -2.2868
v  194.9920 539.2330 -2.4136
v  196.2320 538.8680 -3.7186
v  195.9750 539.9790 -2.7085
v  197.5950 537.9740 -3.2335
v  197.4820 539.4140 -3.8895
v  197.2950 540.5070 -2.8418
v  198.4570 538.1500 -3.3378
v  198.8180 539.5140 -3.5848
v  198.5490 540.5710 -2.5280
v  198.2470 537.8770 -2.3264
v  199.1680 537.9780 -2.9616
v  200.0160 538.9640 -2.8794
v  200.0510 540.0930 -1.7730
v  -23.0350 591.0540 -8.9607
v  -23.0350 595.8330 -8.0804
v  -24.1867 595.2500 -7.7636
v  -24.1867 590.2630 -7.8458
v  -26.0041 595.2500 -7.7635
v  -23.0350 562.3410 -8.9607
v  -27.1558 596.2430 -8.2657
v  -27.1558 591.0540 -8.9607
v  -26.0041 590.2630 -7.8458
v  -24.1867 562.3650 -7.8458
v  -26.0041 562.3650 -7.8458
v  -27.1558 562.3410 -8.9607
v  -24.1867 557.8850 -7.6557
v  -23.0350 557.4970 -8.2847
v  -23.0350 551.2480 -3.5401
v  -26.0041 557.8850 -7.6557
v  -27.1558 557.4970 -8.2847
v  -24.1867 552.2930 -3.2443
v  -23.0350 549.9910 -0.0728
v  -26.0041 552.2930 -3.2444
v  -27.1558 551.2510 -3.5422
v  -24.1867 551.0660 -0.2696
v  -26.0041 551.0660 -0.2699
v  -27.1558 549.9970 -0.0769
v  -27.1558 550.7650 3.7288
v  -26.0041 551.7880 3.2514
v  -24.1867 551.7910 3.2531
v  -23.0350 550.7620 3.7211
v  -23.0350 556.9000 8.3502
v  -26.0041 557.5460 7.7232
v  -27.1558 556.9000 8.3502
v  -24.1867 557.5460 7.7232
v  -23.0350 561.3800 8.7165
v  -27.1558 561.3800 8.7165
v  -24.1867 562.2080 7.6099
v  -23.0350 591.0540 8.7164
v  -26.0041 562.2080 7.6099
v  -24.1867 590.2630 7.6099
v  -26.0041 590.2630 7.6099
v  -27.1558 591.0540 8.7165
v  -24.1867 595.2500 7.7635
v  -23.0350 596.2430 8.2657
v  -23.0350 597.0230 2.8151
v  -26.0041 595.2500 7.7635
v  -27.1558 596.2430 8.2657
v  -27.1558 597.0230 2.8151
v  -24.1867 595.2940 2.8151
v  -26.0041 595.2940 2.8151
v  -27.1558 597.0230 -2.8151
v  -26.0041 595.2940 -2.8151
v  -24.1867 595.2940 -2.8151
v  -23.0350 597.0230 -2.8151
v  -25.9927 596.6450 -8.8714
v  -25.9927 591.5630 -10.6332
v  -24.1981 596.6450 -8.8714
v  -24.1981 591.5630 -10.6332
v  -25.9927 561.0980 -10.6332
v  -24.1981 561.0980 -10.6332
v  -25.9927 557.0130 -9.4943
v  -24.1981 557.0130 -9.4943
v  -24.1981 550.4200 -4.1256
v  -25.9926 550.4230 -4.1488
v  -24.1981 549.1510 -0.0558
v  -25.9926 549.1560 -0.1014
v  -24.1981 549.8990 4.1233
v  -25.9926 549.8940 4.0877
v  -25.9927 556.0520 9.3807
v  -24.1981 556.0520 9.3807
v  -25.9927 560.1370 10.3763
v  -24.1981 560.1370 10.3763
v  -25.9927 591.5630 10.3763
v  -24.1981 591.5630 10.3763
v  -25.9927 596.6450 8.8714
v  -24.1981 596.6450 8.8713
v  -24.1981 598.2610 2.8151
v  -25.9927 598.2610 2.8151
v  -24.1981 598.2610 -2.8151
v  -25.9927 598.2610 -2.8151
v  27.2117 591.0540 -8.9607
v  27.2117 595.8330 -8.0804
v  26.0601 595.2500 -7.7636
v  26.0601 590.2630 -7.8458
v  24.2427 595.2500 -7.7635
v  27.2118 562.3410 -8.9607
v  23.0910 596.2430 -8.2657
v  23.0910 591.0540 -8.9607
v  24.2427 590.2630 -7.8458
v  26.0601 562.3650 -7.8458
v  24.2427 562.3650 -7.8458
v  23.0910 562.3410 -8.9607
v  26.0601 557.8850 -7.6557
v  27.2117 557.4970 -8.2847
v  27.2117 551.2480 -3.5401
v  24.2427 557.8850 -7.6557
v  23.0910 557.4970 -8.2847
v  26.0601 552.2930 -3.2443
v  27.2117 549.9910 -0.0728
v  24.2427 552.2930 -3.2444
v  23.0910 551.2510 -3.5422
v  26.0601 551.0660 -0.2696
v  24.2427 551.0660 -0.2699
v  23.0910 549.9970 -0.0769
v  23.0910 550.7650 3.7288
v  24.2427 551.7880 3.2514
v  26.0601 551.7910 3.2531
v  27.2118 550.7620 3.7211
v  27.2117 556.9000 8.3502
v  24.2427 557.5460 7.7232
v  23.0910 556.9000 8.3502
v  26.0601 557.5460 7.7232
v  27.2117 561.3800 8.7165
v  23.0910 561.3800 8.7165
v  26.0601 562.2080 7.6099
v  27.2118 591.0540 8.7164
v  24.2427 562.2080 7.6099
v  26.0601 590.2630 7.6099
v  24.2427 590.2630 7.6099
v  23.0910 591.0540 8.7165
v  26.0601 595.2500 7.7635
v  27.2117 596.2430 8.2657
v  27.2118 597.0230 2.8151
v  24.2427 595.2500 7.7635
v  23.0910 596.2430 8.2657
v  23.0910 597.0230 2.8151
v  26.0601 595.2940 2.8151
v  24.2427 595.2940 2.8151
v  23.0910 597.0230 -2.8151
v  24.2427 595.2940 -2.8151
v  26.0601 595.2940 -2.8151
v  27.2118 597.0230 -2.8151
v  24.2541 596.6450 -8.8714
v  24.2541 591.5630 -10.6332
v  26.0486 596.6450 -8.8714
v  26.0486 591.5630 -10.6332
v  24.2541 561.0980 -10.6332
v  26.0486 561.0980 -10.6332
v  24.2541 557.0130 -9.4943
v  26.0486 557.0130 -9.4943
v  26.0487 550.4200 -4.1256
v  24.2541 550.4230 -4.1488
v  26.0487 549.1510 -0.0558
v  24.2541 549.1560 -0.1014
v  26.0487 549.8990 4.1233
v  24.2541 549.8940 4.0877
v  24.2541 556.0520 9.3807
v  26.0486 556.0520 9.3807
v  24.2541 560.1370 10.3763
v  26.0486 560.1370 10.3763
v  24.2541 591.5630 10.3763
v  26.0486 591.5630 10.3763
v  24.2541 596.6450 8.8714
v  26.0486 596.6450 8.8713
v  26.0486 598.2610 2.8151
v  24.2541 598.2610 2.8151
v  26.0486 598.2610 -2.8151
v  24.2541 598.2610 -2.8151
v  191.2020 604.8350 -8.9607
v  191.2020 609.6140 -8.0804
v  190.0510 609.0310 -7.7636
v  190.0510 604.0440 -7.8458
v  188.2330 609.0310 -7.7635
v  191.2030 576.1210 -8.9607
v  187.0820 610.0240 -8.2657
v  187.0820 604.8350 -8.9607
v  188.2330 604.0440 -7.8458
v  190.0510 576.1450 -7.8458
v  188.2330 576.1450 -7.8458
v  187.0820 576.1210 -8.9607
v  190.0510 571.6660 -7.6557
v  191.2020 571.2780 -8.2847
v  191.2020 567.1520 -3.5401
v  188.2330 571.6660 -7.6557
v  187.0820 571.2780 -8.2847
v  190.0510 568.1970 -3.2443
v  191.2020 565.8960 -0.0728
v  188.2330 568.1980 -3.2444
v  187.0820 567.1560 -3.5422
v  190.0510 566.9710 -0.2696
v  188.2330 566.9710 -0.2699
v  187.0820 565.9020 -0.0769
v  187.0820 566.1340 3.2953
v  188.2330 567.1570 2.8179
v  190.0510 567.1590 2.8196
v  191.2020 566.1310 3.2877
v  191.2020 570.6810 8.3502
v  188.2330 571.3270 7.7232
v  187.0820 570.6810 8.3502
v  190.0510 571.3270 7.7232
v  191.2020 575.1600 8.7165
v  187.0820 575.1600 8.7165
v  190.0510 575.9890 7.6099
v  191.2030 604.8350 8.7164
v  188.2330 575.9890 7.6099
v  190.0510 604.0440 7.6099
v  188.2330 604.0440 7.6099
v  187.0820 604.8350 8.7165
v  190.0510 609.0310 7.7635
v  191.2020 610.0240 8.2657
v  191.2020 610.8030 2.8151
v  188.2330 609.0310 7.7635
v  187.0820 610.0240 8.2657
v  187.0820 610.8030 2.8151
v  190.0510 609.0750 2.8151
v  188.2330 609.0750 2.8151
v  187.0820 610.8030 -2.8151
v  188.2330 609.0750 -2.8151
v  190.0510 609.0750 -2.8151
v  191.2020 610.8030 -2.8151
v  188.2450 610.4260 -8.8714
v  188.2450 605.3440 -10.6332
v  190.0390 610.4260 -8.8714
v  190.0390 605.3440 -10.6332
v  188.2450 574.8790 -10.6332
v  190.0390 574.8790 -10.6332
v  188.2450 570.7940 -9.4943
v  190.0390 570.7940 -9.4943
v  190.0390 566.3240 -4.1256
v  188.2450 566.3280 -4.1488
v  190.0390 565.0560 -0.0558
v  188.2450 565.0610 -0.1014
v  190.0390 565.2680 3.6898
v  188.2450 565.2630 3.6542
v  188.2450 569.8330 9.3807
v  190.0390 569.8330 9.3807
v  188.2450 573.9180 10.3763
v  190.0390 573.9180 10.3763
v  188.2450 605.3440 10.3763
v  190.0390 605.3440 10.3763
v  188.2450 610.4260 8.8714
v  190.0390 610.4260 8.8713
v  190.0390 612.0420 2.8151
v  188.2450 612.0420 2.8151
v  190.0390 612.0420 -2.8151
v  188.2450 612.0420 -2.8151
v  -194.5580 537.6890 1.0425
v  -195.3390 536.4550 1.0641
v  -195.6040 535.8070 -0.1323
v  -195.9880 536.3670 0.3722
v  -198.1510 536.5830 0.3003
v  -196.1050 536.7870 0.7717
v  -196.5820 537.5830 0.7687
v  202.5180 537.6890 1.0425
v  201.7360 536.4550 1.0641
v  201.4720 535.8070 -0.1323
v  201.0870 536.3670 0.3722
v  198.9240 536.5830 0.3003
v  200.9700 536.7870 0.7717
v  200.4930 537.5830 0.7687
v  -202.3300 538.9900 1.8098
v  -203.4400 538.7910 0.7932
v  -202.1960 538.4330 2.5256
v  -202.5740 537.9430 -0.3591
v  -203.1380 538.0570 1.8736
v  -203.3400 538.2290 1.4385
v  194.7450 538.9900 1.8098
v  193.6360 538.7910 0.7932
v  194.8790 538.4330 2.5256
v  194.5010 537.9430 -0.3591
v  193.9370 538.0570 1.8736
v  193.7350 538.2290 1.4385
v  -197.7940 514.3600 0.5710
v  198.3760 538.7270 -0.0200
v  197.7940 514.3600 0.5710
v  66.9078 700.2760 -0.0000
v  57.8775 700.3160 -9.5123
v  57.2514 700.3160 -0.0000
v  57.8775 700.3160 9.5122
v  69.0620 700.2760 -16.3632
v  59.7347 700.3160 -18.8624
v  62.8014 700.3160 -27.8885
v  69.0620 700.2760 16.3631
v  59.7346 700.3160 18.8624
v  62.8014 700.3160 27.8885
v  75.3780 700.2760 -31.6112
v  67.0153 700.3160 -36.4394
v  72.3137 700.3160 -44.3642
v  75.3780 700.2760 31.6112
v  67.0153 700.3160 36.4394
v  72.3137 700.3160 44.3642
v  85.4252 700.2760 -44.7050
v  78.5972 700.3160 -51.5331
v  85.7661 700.3160 -57.8165
v  85.4252 700.2760 44.7050
v  78.5971 700.3160 51.5332
v  85.7661 700.3160 57.8166
v  98.5189 700.2760 -54.7522
v  93.6908 700.3160 -63.1149
v  102.2420 700.3160 -67.3288
v  98.5189 700.2760 54.7523
v  93.6908 700.3160 63.1150
v  102.2420 700.3160 67.3288
v  113.7670 700.2760 -61.0682
v  111.2680 700.3160 -70.3956
v  120.6180 700.3160 -72.2527
v  113.7670 700.2760 61.0682
v  111.2680 700.3160 70.3956
v  120.6180 700.3160 72.2527
v  130.1300 700.2760 -63.2224
v  130.1300 700.3160 -72.8788
v  139.6420 700.3160 -72.2527
v  130.1300 700.2760 63.2224
v  130.1300 700.3160 72.8788
v  139.6420 700.3160 72.2527
v  146.4930 700.2760 -61.0682
v  148.9930 700.3160 -70.3956
v  158.0190 700.3160 -67.3288
v  146.4930 700.2760 61.0682
v  148.9930 700.3160 70.3956
v  158.0190 700.3160 67.3288
v  161.7410 700.2760 -54.7523
v  166.5700 700.3160 -63.1150
v  174.4940 700.3160 -57.8166
v  161.7410 700.2760 54.7523
v  166.5700 700.3160 63.1150
v  174.4940 700.3160 57.8166
v  174.8350 700.2760 -44.7050
v  181.6630 700.3160 -51.5332
v  187.9470 700.3160 -44.3642
v  174.8350 700.2760 44.7050
v  181.6630 700.3160 51.5331
v  187.9470 700.3160 44.3642
v  184.8820 700.2760 -31.6112
v  193.2450 700.3160 -36.4394
v  197.4590 700.3160 -27.8885
v  184.8820 700.2760 31.6112
v  193.2450 700.3160 36.4394
v  197.4590 700.3160 27.8884
v  191.1980 700.2760 -16.3632
v  200.5260 700.3160 -18.8624
v  202.3830 700.3160 -9.5123
v  191.1980 700.2760 16.3631
v  200.5260 700.3160 18.8624
v  202.3830 700.3160 9.5122
v  193.3520 700.2760 -0.0000
v  203.0090 700.3160 -0.0000
v  186.3330 694.3820 15.0595
v  188.3160 694.3820 -0.0000
v  186.3330 694.3820 -15.0595
v  180.5200 694.3820 29.0927
v  180.1310 689.0330 13.3975
v  171.2730 694.3820 41.1433
v  174.9590 689.0330 25.8820
v  166.7330 689.0330 36.6027
v  159.2230 694.3820 50.3901
v  156.0120 689.0330 44.8290
v  145.1900 694.3820 56.2029
v  143.5280 689.0330 50.0003
v  130.1300 694.3820 58.1855
v  130.1300 689.0330 51.7641
v  115.0710 694.3820 56.2028
v  116.7330 689.0330 50.0003
v  101.0370 694.3820 50.3901
v  104.2480 689.0330 44.8290
v  88.9869 694.3820 41.1434
v  93.5275 689.0330 36.6027
v  79.7402 694.3820 29.0927
v  85.3012 689.0330 25.8820
v  73.9274 694.3820 15.0595
v  80.1300 689.0330 13.3975
v  71.9448 694.3820 -0.0000
v  78.3661 689.0330 -0.0000
v  73.9274 694.3820 -15.0595
v  80.1300 689.0330 -13.3975
v  79.7401 694.3820 -29.0927
v  85.3012 689.0330 -25.8820
v  88.9869 694.3820 -41.1433
v  93.5275 689.0330 -36.6027
v  101.0380 694.3820 -50.3901
v  104.2480 689.0330 -44.8290
v  115.0710 694.3820 -56.2029
v  116.7330 689.0330 -50.0003
v  130.1300 694.3820 -58.1855
v  130.1300 689.0330 -51.7641
v  145.1900 694.3820 -56.2029
v  143.5280 689.0330 -50.0003
v  159.2230 694.3820 -50.3901
v  156.0120 689.0330 -44.8290
v  171.2740 694.3820 -41.1433
v  166.7330 689.0330 -36.6027
v  180.5200 694.3820 -29.0927
v  174.9590 689.0330 -25.8820
v  180.1310 689.0330 -13.3975
v  181.8940 689.0330 -0.0000
v  168.4870 683.9160 -22.1456
v  172.9120 683.9160 -11.4634
v  174.4210 683.9160 -0.0000
v  161.4490 683.9160 -31.3186
v  161.4850 679.0260 -18.1029
v  152.2760 683.9160 -38.3573
v  155.7320 679.0260 -25.6013
v  148.2330 679.0260 -31.3551
v  141.5940 683.9160 -42.7820
v  139.5010 679.0260 -34.9720
v  148.6390 674.1370 -18.5084
v  130.1300 683.9160 -44.2911
v  152.7980 674.1370 -13.0874
v  143.2180 674.1370 -22.6680
v  155.4130 674.1370 -6.7745
v  136.9050 674.1370 -25.2829
v  165.1020 679.0260 -9.3707
v  130.1300 679.0260 -36.2057
v  130.1300 674.1370 -26.1748
v  120.7590 679.0260 -34.9720
v  118.6670 683.9160 -42.7820
v  123.3560 674.1370 -25.2829
v  107.9850 683.9160 -38.3573
v  112.0270 679.0260 -31.3551
v  98.8116 683.9160 -31.3186
v  104.5290 679.0260 -25.6013
v  117.0430 674.1370 -22.6680
v  91.7729 683.9160 -22.1456
v  98.7751 679.0260 -18.1029
v  111.6220 674.1370 -18.5084
v  87.3483 683.9160 -11.4634
v  95.1582 679.0260 -9.3707
v  107.4620 674.1370 -13.0874
v  85.8391 683.9160 -0.0000
v  93.9245 679.0260 -0.0000
v  104.8470 674.1370 -6.7745
v  87.3483 683.9160 11.4634
v  95.1581 679.0260 9.3707
v  103.9550 674.1370 0.0000
v  91.7729 683.9160 22.1456
v  98.7751 679.0260 18.1029
v  104.8470 674.1370 6.7745
v  98.8116 683.9160 31.3186
v  104.5290 679.0260 25.6013
v  107.4620 674.1370 13.0874
v  107.9850 683.9160 38.3572
v  112.0270 679.0260 31.3551
v  111.6220 674.1370 18.5084
v  118.6670 683.9160 42.7820
v  120.7590 679.0260 34.9720
v  117.0430 674.1370 22.6680
v  130.1300 683.9160 44.2911
v  130.1300 679.0260 36.2057
v  123.3560 674.1370 25.2829
v  141.5940 683.9160 42.7820
v  139.5010 679.0260 34.9721
v  130.1300 674.1370 26.1748
v  152.2760 683.9160 38.3572
v  148.2330 679.0260 31.3551
v  136.9050 674.1370 25.2829
v  161.4490 683.9160 31.3186
v  155.7320 679.0260 25.6013
v  143.2180 674.1370 22.6680
v  168.4870 683.9160 22.1456
v  161.4850 679.0260 18.1029
v  148.6390 674.1370 18.5084
v  172.9120 683.9160 11.4634
v  165.1020 679.0260 9.3707
v  166.3360 679.0260 0.0000
v  152.7980 674.1370 13.0874
v  155.4130 674.1370 6.7746
v  156.3050 674.1370 0.0000
v  130.1300 674.2200 0.0000
v  -66.9078 700.2760 -0.0000
v  -57.2514 700.3160 -0.0000
v  -57.8775 700.3160 -9.5123
v  -57.8775 700.3160 9.5122
v  -69.0620 700.2760 -16.3632
v  -59.7347 700.3160 -18.8624
v  -62.8014 700.3160 -27.8885
v  -69.0620 700.2760 16.3631
v  -59.7346 700.3160 18.8624
v  -62.8014 700.3160 27.8885
v  -75.3780 700.2760 -31.6112
v  -67.0153 700.3160 -36.4394
v  -72.3137 700.3160 -44.3642
v  -75.3780 700.2760 31.6112
v  -67.0153 700.3160 36.4394
v  -72.3137 700.3160 44.3642
v  -85.4252 700.2760 -44.7050
v  -78.5972 700.3160 -51.5331
v  -85.7661 700.3160 -57.8165
v  -85.4252 700.2760 44.7050
v  -78.5971 700.3160 51.5332
v  -85.7661 700.3160 57.8166
v  -98.5189 700.2760 -54.7522
v  -93.6908 700.3160 -63.1149
v  -102.2420 700.3160 -67.3288
v  -98.5189 700.2760 54.7523
v  -93.6908 700.3160 63.1150
v  -102.2420 700.3160 67.3288
v  -113.7670 700.2760 -61.0682
v  -111.2680 700.3160 -70.3956
v  -120.6180 700.3160 -72.2527
v  -113.7670 700.2760 61.0682
v  -111.2680 700.3160 70.3956
v  -120.6180 700.3160 72.2527
v  -130.1300 700.2760 -63.2224
v  -130.1300 700.3160 -72.8788
v  -139.6420 700.3160 -72.2527
v  -130.1300 700.2760 63.2224
v  -130.1300 700.3160 72.8788
v  -139.6420 700.3160 72.2527
v  -146.4930 700.2760 -61.0682
v  -148.9930 700.3160 -70.3956
v  -158.0190 700.3160 -67.3288
v  -146.4930 700.2760 61.0682
v  -148.9930 700.3160 70.3956
v  -158.0190 700.3160 67.3288
v  -161.7410 700.2760 -54.7523
v  -166.5700 700.3160 -63.1150
v  -174.4940 700.3160 -57.8166
v  -161.7410 700.2760 54.7523
v  -166.5700 700.3160 63.1150
v  -174.4940 700.3160 57.8166
v  -174.8350 700.2760 -44.7050
v  -181.6630 700.3160 -51.5332
v  -187.9470 700.3160 -44.3642
v  -174.8350 700.2760 44.7050
v  -181.6630 700.3160 51.5331
v  -187.9470 700.3160 44.3642
v  -184.8820 700.2760 -31.6112
v  -193.2450 700.3160 -36.4394
v  -197.4590 700.3160 -27.8885
v  -184.8820 700.2760 31.6112
v  -193.2450 700.3160 36.4394
v  -197.4590 700.3160 27.8884
v  -191.1980 700.2760 -16.3632
v  -200.5260 700.3160 -18.8624
v  -202.3830 700.3160 -9.5123
v  -191.1980 700.2760 16.3631
v  -200.5260 700.3160 18.8624
v  -202.3830 700.3160 9.5122
v  -193.3520 700.2760 -0.0000
v  -203.0090 700.3160 -0.0000
v  -186.3330 694.3820 15.0595
v  -188.3160 694.3820 -0.0000
v  -186.3330 694.3820 -15.0595
v  -180.5200 694.3820 -29.0927
v  -181.8940 689.0330 -0.0000
v  -171.2740 694.3820 -41.1433
v  -180.1310 689.0330 -13.3975
v  -174.9590 689.0330 -25.8820
v  -159.2230 694.3820 -50.3901
v  -166.7330 689.0330 -36.6027
v  -145.1900 694.3820 -56.2029
v  -156.0120 689.0330 -44.8290
v  -130.1300 694.3820 -58.1855
v  -143.5280 689.0330 -50.0003
v  -115.0710 694.3820 -56.2029
v  -130.1300 689.0330 -51.7641
v  -101.0380 694.3820 -50.3901
v  -116.7330 689.0330 -50.0003
v  -88.9869 694.3820 -41.1433
v  -104.2480 689.0330 -44.8290
v  -79.7401 694.3820 -29.0927
v  -93.5275 689.0330 -36.6027
v  -73.9274 694.3820 -15.0595
v  -85.3012 689.0330 -25.8820
v  -71.9448 694.3820 -0.0000
v  -80.1300 689.0330 -13.3975
v  -73.9274 694.3820 15.0595
v  -78.3661 689.0330 -0.0000
v  -79.7402 694.3820 29.0927
v  -80.1300 689.0330 13.3975
v  -88.9869 694.3820 41.1434
v  -85.3012 689.0330 25.8820
v  -101.0370 694.3820 50.3901
v  -93.5275 689.0330 36.6027
v  -115.0710 694.3820 56.2028
v  -104.2480 689.0330 44.8290
v  -130.1300 694.3820 58.1855
v  -116.7330 689.0330 50.0003
v  -145.1900 694.3820 56.2029
v  -130.1300 689.0330 51.7641
v  -159.2230 694.3820 50.3901
v  -143.5280 689.0330 50.0003
v  -171.2730 694.3820 41.1433
v  -156.0120 689.0330 44.8290
v  -180.5200 694.3820 29.0927
v  -166.7330 689.0330 36.6027
v  -174.9590 689.0330 25.8820
v  -180.1310 689.0330 13.3975
v  -168.4870 683.9160 22.1456
v  -172.9120 683.9160 11.4634
v  -174.4210 683.9160 -0.0000
v  -172.9120 683.9160 -11.4634
v  -166.3360 679.0260 0.0000
v  -168.4870 683.9160 -22.1456
v  -165.1020 679.0260 -9.3707
v  -161.4850 679.0260 -18.1029
v  -161.4490 683.9160 -31.3186
v  -155.7320 679.0260 -25.6013
v  -152.2760 683.9160 -38.3573
v  -148.2330 679.0260 -31.3551
v  -141.5940 683.9160 -42.7820
v  -139.5010 679.0260 -34.9720
v  -130.1300 683.9160 -44.2911
v  -130.1300 679.0260 -36.2057
v  -118.6670 683.9160 -42.7820
v  -120.7590 679.0260 -34.9720
v  -107.9850 683.9160 -38.3573
v  -112.0270 679.0260 -31.3551
v  -98.8116 683.9160 -31.3186
v  -104.5290 679.0260 -25.6013
v  -91.7729 683.9160 -22.1456
v  -98.7751 679.0260 -18.1029
v  -87.3483 683.9160 -11.4634
v  -95.1582 679.0260 -9.3707
v  -85.8391 683.9160 -0.0000
v  -93.9245 679.0260 -0.0000
v  -87.3483 683.9160 11.4634
v  -95.1581 679.0260 9.3707
v  -91.7729 683.9160 22.1456
v  -98.7751 679.0260 18.1029
v  -98.8116 683.9160 31.3186
v  -104.5290 679.0260 25.6013
v  -107.9850 683.9160 38.3572
v  -112.0270 679.0260 31.3551
v  -118.6670 683.9160 42.7820
v  -120.7590 679.0260 34.9720
v  -130.1300 683.9160 44.2911
v  -130.1300 679.0260 36.2057
v  -141.5940 683.9160 42.7820
v  -139.5010 679.0260 34.9721
v  -152.2760 683.9160 38.3572
v  -148.2330 679.0260 31.3551
v  -161.4490 683.9160 31.3186
v  -155.7320 679.0260 25.6013
v  -161.4850 679.0260 18.1029
v  -165.1020 679.0260 9.3707
v  -148.6390 674.1370 18.5084
v  -152.7980 674.1370 13.0874
v  -155.4130 674.1370 6.7746
v  -143.2180 674.1370 22.6680
v  -130.1300 674.2200 0.0000
v  -136.9050 674.1370 25.2829
v  -130.1300 674.1370 26.1748
v  -123.3560 674.1370 25.2829
v  -117.0430 674.1370 22.6680
v  -111.6220 674.1370 18.5084
v  -107.4620 674.1370 13.0874
v  -104.8470 674.1370 6.7745
v  -103.9550 674.1370 0.0000
v  -104.8470 674.1370 -6.7745
v  -107.4620 674.1370 -13.0874
v  -111.6220 674.1370 -18.5084
v  -117.0430 674.1370 -22.6680
v  -123.3560 674.1370 -25.2829
v  -130.1300 674.1370 -26.1748
v  -136.9050 674.1370 -25.2829
v  -143.2180 674.1370 -22.6680
v  -148.6390 674.1370 -18.5084
v  -152.7980 674.1370 -13.0874
v  -155.4130 674.1370 -6.7745
v  -156.3050 674.1370 0.0000
v  -130.1300 0.0191 -0.0000
v  130.1300 0.0191 -0.0000
v  130.1300 650.5180 0.0000
v  130.1300 660.5680 0.0000
v  -130.1300 650.5180 0.0000
v  -130.1300 660.5680 0.0000
v  69.1739 694.2550 -35.1932
v  65.1041 694.2550 -26.9347
v  74.2910 694.2550 -42.8469
v  62.1423 694.2550 -18.2173
v  74.3020 686.7190 -32.2324
v  60.3489 694.2550 -9.1869
v  70.5746 686.7190 -24.6687
v  67.8619 686.7190 -16.6847
v  59.7444 694.2540 -0.0000
v  66.2192 686.7190 -8.4141
v  75.1525 680.1330 -14.7312
v  60.3489 694.2550 9.1869
v  65.6654 686.7190 -0.0000
v  62.1423 694.2550 18.2173
v  66.2192 686.7190 8.4140
v  73.2131 680.1330 -0.0000
v  65.1041 694.2550 26.9347
v  67.8619 686.7190 16.6847
v  69.1738 694.2550 35.1932
v  70.5746 686.7190 24.6687
v  75.1525 680.1330 14.7312
v  74.2910 694.2550 42.8469
v  74.3020 686.7190 32.2325
v  80.3595 694.2550 49.7707
v  78.9886 686.7190 39.2423
v  80.8386 680.1330 28.4585
v  87.2832 694.2550 55.8392
v  84.5465 686.7190 45.5836
v  94.9369 694.2540 60.9564
v  90.8874 686.7190 51.1416
v  89.8838 680.1330 40.2465
v  103.1950 694.2550 65.0261
v  97.8970 686.7190 55.8283
v  111.9130 694.2540 67.9880
v  105.4610 686.7190 59.5556
v  101.6720 680.1330 49.2917
v  120.9430 694.2550 69.7816
v  113.4450 686.7190 62.2683
v  130.1300 694.2550 70.3863
v  121.7160 686.7190 63.9110
v  115.3990 680.1330 54.9777
v  139.3170 694.2550 69.7816
v  130.1300 686.7190 64.4649
v  148.3480 694.2540 67.9880
v  138.5440 686.7190 63.9110
v  130.1300 680.1330 56.9171
v  157.0650 694.2550 65.0261
v  146.8150 686.7190 62.2683
v  165.3230 694.2540 60.9564
v  154.7990 686.7190 59.5556
v  144.8610 680.1330 54.9777
v  172.9770 694.2550 55.8392
v  162.3630 686.7190 55.8283
v  179.9010 694.2540 49.7707
v  169.3730 686.7190 51.1416
v  158.5890 680.1330 49.2917
v  185.9690 694.2550 42.8469
v  175.7140 686.7190 45.5836
v  191.0870 694.2540 35.1932
v  181.2720 686.7190 39.2423
v  170.3770 680.1330 40.2464
v  195.1560 694.2550 26.9347
v  185.9590 686.7190 32.2324
v  198.1180 694.2550 18.2173
v  189.6860 686.7190 24.6687
v  179.4220 680.1330 28.4585
v  199.9120 694.2550 9.1869
v  192.3990 686.7190 16.6847
v  200.5170 694.2540 -0.0000
v  194.0410 686.7190 8.4140
v  185.1080 680.1330 14.7312
v  199.9120 694.2550 -9.1869
v  194.5950 686.7190 -0.0000
v  198.1180 694.2540 -18.2173
v  194.0410 686.7190 -8.4141
v  187.0470 680.1330 -0.0000
v  195.1560 694.2540 -26.9347
v  192.3980 686.7190 -16.6848
v  191.0870 694.2540 -35.1932
v  189.6860 686.7190 -24.6688
v  185.1080 680.1330 -14.7312
v  185.9690 694.2540 -42.8469
v  185.9580 686.7190 -32.2325
v  179.9010 694.2540 -49.7707
v  181.2720 686.7190 -39.2423
v  179.4210 680.1330 -28.4585
v  172.9770 694.2550 -55.8392
v  175.7140 686.7190 -45.5836
v  165.3230 694.2540 -60.9564
v  169.3730 686.7190 -51.1416
v  170.3760 680.1330 -40.2465
v  157.0650 694.2550 -65.0261
v  162.3630 686.7190 -55.8283
v  148.3480 694.2540 -67.9880
v  154.7990 686.7190 -59.5556
v  158.5890 680.1330 -49.2917
v  139.3170 694.2550 -69.7816
v  146.8150 686.7190 -62.2683
v  130.1300 694.2550 -70.3863
v  138.5440 686.7190 -63.9110
v  144.8610 680.1330 -54.9777
v  120.9430 694.2550 -69.7816
v  130.1300 686.7190 -64.4649
v  111.9130 694.2540 -67.9880
v  121.7160 686.7190 -63.9110
v  130.1300 680.1330 -56.9171
v  103.1950 694.2550 -65.0261
v  113.4450 686.7190 -62.2683
v  94.9369 694.2540 -60.9564
v  105.4610 686.7190 -59.5556
v  115.3990 680.1330 -54.9777
v  87.2832 694.2550 -55.8392
v  97.8970 686.7190 -55.8283
v  80.3595 694.2550 -49.7707
v  90.8874 686.7190 -51.1416
v  84.5465 686.7190 -45.5836
v  78.9887 686.7190 -39.2423
v  89.8837 680.1330 -40.2464
v  101.6710 680.1330 -49.2916
v  80.8387 680.1330 -28.4585
v  108.3500 680.1330 -52.5826
v  95.4825 680.1330 -45.1537
v  104.8580 675.7030 -43.7723
v  99.3621 675.7030 -40.0977
v  94.3903 675.7030 -35.7399
v  84.9766 680.1330 -34.6476
v  90.0325 675.7030 -30.7680
v  86.3580 675.7030 -25.2719
v  77.5477 680.1330 -21.7804
v  83.4355 675.7030 -19.3416
v  81.3085 675.7030 -13.0817
v  92.2460 671.9450 -21.8725
v  89.7166 671.9450 -16.7398
v  87.8758 671.9450 -11.3220
v  95.4263 671.9450 -26.6293
v  98.9350 668.6640 -18.0106
v  99.1979 671.9450 -30.9324
v  101.5540 668.6640 -21.9275
v  104.6590 668.6640 -25.4709
v  103.5010 671.9450 -34.7039
v  108.2030 668.6640 -28.5765
v  109.9570 665.6510 -20.1733
v  112.7630 665.6510 -22.6330
v  107.4970 665.6510 -17.3669
v  112.2630 665.5490 -17.8671
v  115.8660 665.6510 -24.7071
v  105.4230 665.6510 -14.2647
v  96.8521 668.6640 -13.7842
v  103.7740 665.6510 -10.9173
v  95.3364 668.6640 -9.3230
v  86.7611 671.9450 -5.7097
v  102.5730 665.6510 -7.3839
v  80.0205 675.7030 -6.5971
v  94.4185 668.6640 -4.7015
v  73.7022 680.1330 -7.4289
v  86.3853 671.9450 -0.0000
v  79.5863 675.7030 -0.0000
v  94.1089 668.6640 -0.0000
v  86.7611 671.9450 5.7096
v  80.0205 675.7030 6.5970
v  73.7022 680.1330 7.4289
v  81.3085 675.7030 13.0817
v  87.8759 671.9450 11.3220
v  94.4185 668.6640 4.7015
v  89.7166 671.9450 16.7399
v  101.6010 665.6510 0.0000
v  83.4355 675.7030 19.3416
v  95.3364 668.6640 9.3230
v  77.5476 680.1330 21.7804
v  86.3579 675.7030 25.2720
v  92.2460 671.9450 21.8725
v  96.8521 668.6640 13.7842
v  95.4262 671.9450 26.6293
v  101.8460 665.6510 3.7237
v  102.5730 665.6510 7.3839
v  104.8620 665.5490 0.0000
v  98.9349 668.6640 18.0106
v  103.7740 665.6510 10.9173
v  106.7860 665.5490 9.6697
v  105.4230 665.6510 14.2647
v  101.5540 668.6640 21.9275
v  90.0325 675.7030 30.7681
v  99.1979 671.9450 30.9324
v  84.9765 680.1330 34.6477
v  94.3903 675.7030 35.7400
v  99.3622 675.7030 40.0977
v  103.5010 671.9450 34.7040
v  104.6590 668.6640 25.4709
v  95.4825 680.1330 45.1537
v  104.8580 675.7030 43.7723
v  108.2580 671.9450 37.8843
v  108.2030 668.6640 28.5765
v  113.3900 671.9450 40.4136
v  107.4970 665.6510 17.3669
v  109.9570 665.6510 20.1733
v  112.2630 665.5490 17.8671
v  112.7630 665.6510 22.6330
v  112.1200 668.6640 31.1953
v  115.8660 665.6510 24.7071
v  116.3460 668.6640 33.2781
v  110.7890 675.7030 46.6948
v  118.8080 671.9450 42.2544
v  108.3500 680.1330 52.5826
v  117.0490 675.7030 48.8217
v  123.5330 675.7030 50.1097
v  124.4210 671.9450 43.3691
v  120.8080 668.6640 34.7939
v  122.7010 680.1330 56.4281
v  130.1300 675.7030 50.5439
v  130.1300 671.9450 43.7450
v  125.4290 668.6640 35.7118
v  135.8400 671.9450 43.3691
v  119.2130 665.6510 26.3567
v  122.7460 665.6510 27.5572
v  120.4600 665.5490 23.3448
v  126.4070 665.6510 28.2842
v  112.1970 660.2160 17.9333
v  120.4250 660.2160 23.4301
v  106.7010 660.2160 9.7051
v  130.1300 660.2160 25.3615
v  104.7690 660.2160 0.0000
v  130.1300 665.5490 25.2679
v  106.7850 665.5490 -9.6697
v  106.7000 660.2160 -9.7051
v  112.1970 660.2160 -17.9333
v  101.8460 665.6510 -3.7237
v  120.4600 665.5490 -23.3448
v  120.4250 660.2160 -23.4301
v  130.1300 660.2160 -25.3615
v  119.2130 665.6510 -26.3567
v  130.1300 665.5490 -25.2679
v  112.1200 668.6640 -31.1953
v  122.7460 665.6510 -27.5572
v  116.3460 668.6640 -33.2781
v  108.2580 671.9450 -37.8843
v  120.8080 668.6640 -34.7938
v  110.7890 675.7030 -46.6948
v  113.3900 671.9450 -40.4136
v  126.4070 665.6510 -28.2842
v  117.0480 675.7030 -48.8217
v  122.7010 680.1330 -56.4281
v  118.8080 671.9450 -42.2544
v  123.5330 675.7030 -50.1097
v  125.4290 668.6640 -35.7118
v  124.4210 671.9450 -43.3691
v  130.1300 675.7030 -50.5439
v  130.1300 665.6510 -28.5293
v  130.1300 668.6640 -36.0212
v  130.1300 671.9450 -43.7450
v  137.5590 680.1330 -56.4281
v  136.7270 675.7030 -50.1097
v  133.8540 665.6510 -28.2842
v  134.8320 668.6640 -35.7118
v  135.8400 671.9450 -43.3691
v  137.5140 665.6510 -27.5572
v  143.2120 675.7030 -48.8217
v  139.4530 668.6640 -34.7939
v  151.9110 680.1330 -52.5826
v  141.4520 671.9450 -42.2544
v  149.4720 675.7030 -46.6948
v  143.9140 668.6640 -33.2781
v  146.8700 671.9450 -40.4136
v  155.4020 675.7030 -43.7723
v  164.7780 680.1330 -45.1537
v  160.8980 675.7030 -40.0977
v  152.0030 671.9450 -37.8843
v  148.1410 668.6640 -31.1953
v  156.7600 671.9450 -34.7040
v  152.0580 668.6640 -28.5765
v  165.8700 675.7030 -35.7400
v  175.2830 680.1330 -34.6476
v  170.2270 675.7030 -30.7681
v  161.0630 671.9450 -30.9324
v  155.6010 668.6640 -25.4709
v  164.8340 671.9450 -26.6293
v  150.3040 665.6510 -20.1733
v  173.9020 675.7030 -25.2720
v  147.4970 665.6510 -22.6330
v  182.7120 680.1330 -21.7804
v  144.3950 665.6510 -24.7071
v  176.8240 675.7030 -19.3416
v  141.0480 665.6510 -26.3567
v  139.8000 665.5490 -23.3448
v  139.8350 660.2160 -23.4301
v  148.0640 660.2160 -17.9333
v  147.9970 665.5490 -17.8671
v  152.7630 665.6510 -17.3669
v  153.4750 665.5490 -9.6697
v  153.5600 660.2160 -9.7051
v  154.8370 665.6510 -14.2647
v  155.4920 660.2160 0.0000
v  158.7070 668.6640 -21.9275
v  161.3250 668.6650 -18.0106
v  156.4870 665.6510 -10.9173
v  168.0140 671.9450 -21.8725
v  163.4080 668.6650 -13.7842
v  157.6880 665.6510 -7.3839
v  170.5440 671.9450 -16.7398
v  178.9520 675.7030 -13.0817
v  164.9240 668.6650 -9.3230
v  186.5580 680.1330 -7.4289
v  172.3850 671.9450 -11.3220
v  180.2400 675.7030 -6.5971
v  165.8420 668.6640 -4.7015
v  173.4990 671.9450 -5.7097
v  180.6740 675.7030 -0.0000
v  186.5580 680.1330 7.4289
v  180.2400 675.7030 6.5970
v  173.8750 671.9450 -0.0000
v  166.1510 668.6640 -0.0000
v  173.4990 671.9450 5.7096
v  158.6600 665.6510 -0.0000
v  178.9520 675.7030 13.0817
v  158.4140 665.6510 -3.7237
v  155.3980 665.5490 0.0000
v  158.4140 665.6510 3.7237
v  153.4750 665.5490 9.6697
v  153.5600 660.2160 9.7051
v  157.6870 665.6510 7.3839
v  148.0640 660.2160 17.9333
v  165.8420 668.6640 4.7015
v  164.9240 668.6640 9.3230
v  156.4870 665.6510 10.9173
v  172.3850 671.9450 11.3220
v  163.4080 668.6640 13.7842
v  154.8370 665.6510 14.2647
v  176.8250 675.7030 19.3416
v  170.5440 671.9450 16.7399
v  161.3260 668.6640 18.0106
v  182.7130 680.1330 21.7804
v  173.9030 675.7030 25.2720
v  168.0140 671.9450 21.8725
v  175.2840 680.1330 34.6476
v  170.2280 675.7030 30.7681
v  165.8700 675.7030 35.7399
v  164.8340 671.9450 26.6293
v  158.7070 668.6640 21.9275
v  152.7630 665.6510 17.3669
v  155.6010 668.6640 25.4709
v  147.9970 665.5490 17.8671
v  150.3040 665.6510 20.1733
v  147.4970 665.6510 22.6330
v  161.0630 671.9450 30.9324
v  152.0580 668.6640 28.5765
v  144.3950 665.6510 24.7071
v  139.8000 665.5490 23.3448
v  139.8350 660.2160 23.4301
v  141.0480 665.6510 26.3567
v  137.5140 665.6510 27.5572
v  148.1410 668.6640 31.1953
v  143.9150 668.6640 33.2781
v  156.7600 671.9450 34.7040
v  152.0030 671.9450 37.8843
v  160.8980 675.7030 40.0977
v  155.4020 675.7030 43.7723
v  164.7780 680.1330 45.1537
v  151.9110 680.1330 52.5826
v  149.4720 675.7030 46.6948
v  146.8700 671.9450 40.4136
v  143.2120 675.7030 48.8217
v  137.5590 680.1330 56.4281
v  136.7270 675.7030 50.1097
v  141.4520 671.9450 42.2544
v  139.4530 668.6640 34.7939
v  134.8320 668.6640 35.7118
v  133.8540 665.6510 28.2842
v  130.1300 665.6510 28.5294
v  130.1300 668.6640 36.0213
v  -62.1423 694.2550 -18.2173
v  -65.1041 694.2550 -26.9347
v  -60.3489 694.2550 -9.1869
v  -69.1739 694.2550 -35.1932
v  -59.7444 694.2540 -0.0000
v  -67.8619 686.7190 -16.6847
v  -60.3489 694.2550 9.1869
v  -70.5746 686.7190 -24.6687
v  -66.2192 686.7190 -8.4141
v  -74.3020 686.7190 -32.2324
v  -65.6654 686.7190 -0.0000
v  -78.9887 686.7190 -39.2423
v  -66.2192 686.7190 8.4140
v  -74.2910 694.2550 -42.8469
v  -62.1423 694.2550 18.2173
v  -80.3595 694.2550 -49.7707
v  -84.5465 686.7190 -45.5836
v  -87.2832 694.2550 -55.8392
v  -90.8874 686.7190 -51.1416
v  -94.9369 694.2540 -60.9564
v  -97.8970 686.7190 -55.8283
v  -89.8837 680.1330 -40.2464
v  -101.6710 680.1330 -49.2916
v  -95.4825 680.1330 -45.1537
v  -105.4610 686.7190 -59.5556
v  -103.1950 694.2550 -65.0261
v  -111.9130 694.2540 -67.9880
v  -113.4450 686.7190 -62.2683
v  -120.9430 694.2550 -69.7816
v  -121.7160 686.7190 -63.9110
v  -115.3990 680.1330 -54.9777
v  -130.1300 694.2550 -70.3863
v  -130.1300 686.7190 -64.4649
v  -139.3170 694.2550 -69.7816
v  -138.5440 686.7190 -63.9110
v  -130.1300 680.1330 -56.9171
v  -148.3480 694.2540 -67.9880
v  -146.8150 686.7190 -62.2683
v  -157.0650 694.2550 -65.0261
v  -154.7990 686.7190 -59.5556
v  -144.8610 680.1330 -54.9777
v  -165.3230 694.2540 -60.9564
v  -162.3630 686.7190 -55.8283
v  -172.9770 694.2550 -55.8392
v  -169.3730 686.7190 -51.1416
v  -158.5890 680.1330 -49.2917
v  -179.9010 694.2540 -49.7707
v  -175.7140 686.7190 -45.5836
v  -185.9690 694.2540 -42.8469
v  -181.2720 686.7190 -39.2423
v  -170.3760 680.1330 -40.2465
v  -191.0870 694.2540 -35.1932
v  -185.9580 686.7190 -32.2325
v  -195.1560 694.2540 -26.9347
v  -189.6860 686.7190 -24.6688
v  -179.4210 680.1330 -28.4585
v  -198.1180 694.2540 -18.2173
v  -192.3980 686.7190 -16.6848
v  -199.9120 694.2550 -9.1869
v  -194.0410 686.7190 -8.4141
v  -185.1080 680.1330 -14.7312
v  -200.5170 694.2540 -0.0000
v  -194.5950 686.7190 -0.0000
v  -199.9120 694.2550 9.1869
v  -194.0410 686.7190 8.4140
v  -187.0470 680.1330 -0.0000
v  -198.1180 694.2550 18.2173
v  -192.3990 686.7190 16.6847
v  -195.1560 694.2550 26.9347
v  -189.6860 686.7190 24.6687
v  -185.1080 680.1330 14.7312
v  -191.0870 694.2540 35.1932
v  -185.9590 686.7190 32.2324
v  -185.9690 694.2550 42.8469
v  -181.2720 686.7190 39.2423
v  -179.4220 680.1330 28.4585
v  -179.9010 694.2540 49.7707
v  -175.7140 686.7190 45.5836
v  -172.9770 694.2550 55.8392
v  -169.3730 686.7190 51.1416
v  -170.3770 680.1330 40.2464
v  -165.3230 694.2540 60.9564
v  -162.3630 686.7190 55.8283
v  -157.0650 694.2550 65.0261
v  -154.7990 686.7190 59.5556
v  -158.5890 680.1330 49.2917
v  -148.3480 694.2540 67.9880
v  -146.8150 686.7190 62.2683
v  -139.3170 694.2550 69.7816
v  -138.5440 686.7190 63.9110
v  -144.8610 680.1330 54.9777
v  -130.1300 694.2550 70.3863
v  -130.1300 686.7190 64.4649
v  -120.9430 694.2550 69.7816
v  -121.7160 686.7190 63.9110
v  -130.1300 680.1330 56.9171
v  -111.9130 694.2540 67.9880
v  -113.4450 686.7190 62.2683
v  -103.1950 694.2550 65.0261
v  -105.4610 686.7190 59.5556
v  -115.3990 680.1330 54.9777
v  -94.9369 694.2540 60.9564
v  -97.8970 686.7190 55.8283
v  -87.2832 694.2550 55.8392
v  -90.8874 686.7190 51.1416
v  -101.6720 680.1330 49.2917
v  -80.3595 694.2550 49.7707
v  -84.5465 686.7190 45.5836
v  -74.2910 694.2550 42.8469
v  -78.9886 686.7190 39.2423
v  -89.8838 680.1330 40.2465
v  -69.1738 694.2550 35.1932
v  -74.3020 686.7190 32.2325
v  -65.1041 694.2550 26.9347
v  -70.5746 686.7190 24.6687
v  -67.8619 686.7190 16.6847
v  -80.8386 680.1330 28.4585
v  -75.1525 680.1330 14.7312
v  -77.5476 680.1330 21.7804
v  -84.9765 680.1330 34.6477
v  -86.3579 675.7030 25.2720
v  -90.0325 675.7030 30.7681
v  -94.3903 675.7030 35.7400
v  -83.4355 675.7030 19.3416
v  -95.4262 671.9450 26.6293
v  -92.2460 671.9450 21.8725
v  -81.3085 675.7030 13.0817
v  -99.1979 671.9450 30.9324
v  -89.7166 671.9450 16.7399
v  -98.9349 668.6640 18.0106
v  -73.7022 680.1330 7.4289
v  -96.8521 668.6640 13.7842
v  -73.2131 680.1330 -0.0000
v  -80.0205 675.7030 6.5970
v  -87.8759 671.9450 11.3220
v  -73.7022 680.1330 -7.4289
v  -79.5863 675.7030 -0.0000
v  -86.7611 671.9450 5.7096
v  -95.3364 668.6640 9.3230
v  -94.4185 668.6640 4.7015
v  -86.3853 671.9450 -0.0000
v  -101.8460 665.6510 3.7237
v  -94.1089 668.6640 -0.0000
v  -101.6010 665.6510 0.0000
v  -102.5730 665.6510 7.3839
v  -104.8620 665.5490 0.0000
v  -101.8460 665.6510 -3.7237
v  -103.7740 665.6510 10.9173
v  -94.4185 668.6640 -4.7015
v  -106.7860 665.5490 9.6697
v  -105.4230 665.6510 14.2647
v  -101.5540 668.6640 21.9275
v  -107.4970 665.6510 17.3669
v  -104.6590 668.6640 25.4709
v  -103.5010 671.9450 34.7040
v  -109.9570 665.6510 20.1733
v  -99.3622 675.7030 40.0977
v  -108.2030 668.6640 28.5765
v  -108.2580 671.9450 37.8843
v  -95.4825 680.1330 45.1537
v  -104.8580 675.7030 43.7723
v  -110.7890 675.7030 46.6948
v  -113.3900 671.9450 40.4136
v  -112.1200 668.6640 31.1953
v  -112.7630 665.6510 22.6330
v  -116.3460 668.6640 33.2781
v  -112.2630 665.5490 17.8671
v  -115.8660 665.6510 24.7071
v  -112.1970 660.2160 17.9333
v  -106.7010 660.2160 9.7051
v  -104.7690 660.2160 0.0000
v  -120.4600 665.5490 23.3448
v  -120.4250 660.2160 23.4301
v  -130.1300 660.2160 25.3615
v  -119.2130 665.6510 26.3567
v  -130.1300 665.5490 25.2679
v  -122.7460 665.6510 27.5572
v  -120.8080 668.6640 34.7939
v  -118.8080 671.9450 42.2544
v  -125.4290 668.6640 35.7118
v  -124.4210 671.9450 43.3691
v  -117.0490 675.7030 48.8217
v  -126.4070 665.6510 28.2842
v  -130.1300 671.9450 43.7450
v  -130.1300 668.6640 36.0213
v  -130.1300 665.6510 28.5294
v  -123.5330 675.7030 50.1097
v  -135.8400 671.9450 43.3691
v  -108.3500 680.1330 52.5826
v  -122.7010 680.1330 56.4281
v  -130.1300 675.7030 50.5439
v  -136.7270 675.7030 50.1097
v  -137.5590 680.1330 56.4281
v  -143.2120 675.7030 48.8217
v  -141.4520 671.9450 42.2544
v  -134.8320 668.6640 35.7118
v  -133.8540 665.6510 28.2842
v  -139.4530 668.6640 34.7939
v  -146.8700 671.9450 40.4136
v  -137.5140 665.6510 27.5572
v  -149.4720 675.7030 46.6948
v  -143.9150 668.6640 33.2781
v  -152.0030 671.9450 37.8843
v  -151.9110 680.1330 52.5826
v  -155.4020 675.7030 43.7723
v  -160.8980 675.7030 40.0977
v  -156.7600 671.9450 34.7040
v  -148.1410 668.6640 31.1953
v  -141.0480 665.6510 26.3567
v  -152.0580 668.6640 28.5765
v  -139.8000 665.5490 23.3448
v  -139.8350 660.2160 23.4301
v  -148.0640 660.2160 17.9333
v  -144.3950 665.6510 24.7071
v  -147.9970 665.5490 17.8671
v  -147.4970 665.6510 22.6330
v  -161.0630 671.9450 30.9324
v  -155.6010 668.6640 25.4709
v  -150.3040 665.6510 20.1733
v  -164.8340 671.9450 26.6293
v  -158.7070 668.6640 21.9275
v  -152.7630 665.6510 17.3669
v  -165.8700 675.7030 35.7399
v  -168.0140 671.9450 21.8725
v  -164.7780 680.1330 45.1537
v  -170.2280 675.7030 30.7681
v  -175.2840 680.1330 34.6476
v  -173.9030 675.7030 25.2720
v  -176.8250 675.7030 19.3416
v  -170.5440 671.9450 16.7399
v  -161.3260 668.6640 18.0106
v  -182.7130 680.1330 21.7804
v  -154.8370 665.6510 14.2647
v  -178.9520 675.7030 13.0817
v  -153.4750 665.5490 9.6697
v  -153.5600 660.2160 9.7051
v  -155.4920 660.2160 0.0000
v  -163.4080 668.6640 13.7842
v  -156.4870 665.6510 10.9173
v  -172.3850 671.9450 11.3220
v  -164.9240 668.6640 9.3230
v  -157.6870 665.6510 7.3839
v  -173.4990 671.9450 5.7096
v  -180.2400 675.7030 6.5970
v  -165.8420 668.6640 4.7015
v  -173.8750 671.9450 -0.0000
v  -186.5580 680.1330 7.4289
v  -180.6740 675.7030 -0.0000
v  -180.2400 675.7030 -6.5971
v  -173.4990 671.9450 -5.7097
v  -166.1510 668.6640 -0.0000
v  -158.4140 665.6510 3.7237
v  -165.8420 668.6640 -4.7015
v  -158.6600 665.6510 -0.0000
v  -155.3980 665.5490 0.0000
v  -158.4140 665.6510 -3.7237
v  -172.3850 671.9450 -11.3220
v  -164.9240 668.6650 -9.3230
v  -157.6880 665.6510 -7.3839
v  -153.4750 665.5490 -9.6697
v  -153.5600 660.2160 -9.7051
v  -148.0640 660.2160 -17.9333
v  -163.4080 668.6650 -13.7842
v  -156.4870 665.6510 -10.9173
v  -170.5440 671.9450 -16.7398
v  -178.9520 675.7030 -13.0817
v  -168.0140 671.9450 -21.8725
v  -186.5580 680.1330 -7.4289
v  -176.8240 675.7030 -19.3416
v  -182.7120 680.1330 -21.7804
v  -173.9020 675.7030 -25.2720
v  -170.2270 675.7030 -30.7681
v  -164.8340 671.9450 -26.6293
v  -161.3250 668.6650 -18.0106
v  -175.2830 680.1330 -34.6476
v  -154.8370 665.6510 -14.2647
v  -165.8700 675.7030 -35.7400
v  -158.7070 668.6640 -21.9275
v  -161.0630 671.9450 -30.9324
v  -152.7630 665.6510 -17.3669
v  -155.6010 668.6640 -25.4709
v  -156.7600 671.9450 -34.7040
v  -147.9970 665.5490 -17.8671
v  -150.3040 665.6510 -20.1733
v  -152.0580 668.6640 -28.5765
v  -147.4970 665.6510 -22.6330
v  -139.8000 665.5490 -23.3448
v  -139.8350 660.2160 -23.4301
v  -130.1300 660.2160 -25.3615
v  -144.3950 665.6510 -24.7071
v  -148.1410 668.6640 -31.1953
v  -152.0030 671.9450 -37.8843
v  -160.8980 675.7030 -40.0977
v  -146.8700 671.9450 -40.4136
v  -164.7780 680.1330 -45.1537
v  -155.4020 675.7030 -43.7723
v  -149.4720 675.7030 -46.6948
v  -151.9110 680.1330 -52.5826
v  -143.2120 675.7030 -48.8217
v  -141.4520 671.9450 -42.2544
v  -143.9140 668.6640 -33.2781
v  -141.0480 665.6510 -26.3567
v  -139.4530 668.6640 -34.7939
v  -135.8400 671.9450 -43.3691
v  -137.5140 665.6510 -27.5572
v  -136.7270 675.7030 -50.1097
v  -134.8320 668.6640 -35.7118
v  -130.1300 671.9450 -43.7450
v  -137.5590 680.1330 -56.4281
v  -130.1300 675.7030 -50.5439
v  -123.5330 675.7030 -50.1097
v  -124.4210 671.9450 -43.3691
v  -130.1300 668.6640 -36.0212
v  -133.8540 665.6510 -28.2842
v  -125.4290 668.6640 -35.7118
v  -130.1300 665.6510 -28.5293
v  -130.1300 665.5490 -25.2679
v  -126.4070 665.6510 -28.2842
v  -118.8080 671.9450 -42.2544
v  -120.8080 668.6640 -34.7938
v  -122.7460 665.6510 -27.5572
v  -120.4600 665.5490 -23.3448
v  -120.4250 660.2160 -23.4301
v  -112.1970 660.2160 -17.9333
v  -116.3460 668.6640 -33.2781
v  -119.2130 665.6510 -26.3567
v  -113.3900 671.9450 -40.4136
v  -117.0480 675.7030 -48.8217
v  -108.2580 671.9450 -37.8843
v  -122.7010 680.1330 -56.4281
v  -110.7890 675.7030 -46.6948
v  -108.3500 680.1330 -52.5826
v  -104.8580 675.7030 -43.7723
v  -99.3621 675.7030 -40.0977
v  -103.5010 671.9450 -34.7039
v  -112.1200 668.6640 -31.1953
v  -94.3903 675.7030 -35.7399
v  -115.8660 665.6510 -24.7071
v  -108.2030 668.6640 -28.5765
v  -99.1979 671.9450 -30.9324
v  -112.7630 665.6510 -22.6330
v  -104.6590 668.6640 -25.4709
v  -95.4263 671.9450 -26.6293
v  -112.2630 665.5490 -17.8671
v  -109.9570 665.6510 -20.1733
v  -101.5540 668.6640 -21.9275
v  -107.4970 665.6510 -17.3669
v  -106.7850 665.5490 -9.6697
v  -106.7000 660.2160 -9.7051
v  -105.4230 665.6510 -14.2647
v  -98.9350 668.6640 -18.0106
v  -102.5730 665.6510 -7.3839
v  -103.7740 665.6510 -10.9173
v  -96.8521 668.6640 -13.7842
v  -95.3364 668.6640 -9.3230
v  -86.7611 671.9450 -5.7097
v  -87.8758 671.9450 -11.3220
v  -89.7166 671.9450 -16.7398
v  -92.2460 671.9450 -21.8725
v  -83.4355 675.7030 -19.3416
v  -90.0325 675.7030 -30.7680
v  -86.3580 675.7030 -25.2719
v  -84.9766 680.1330 -34.6476
v  -80.8387 680.1330 -28.4585
v  -77.5477 680.1330 -21.7804
v  -81.3085 675.7030 -13.0817
v  -75.1525 680.1330 -14.7312
v  -80.0205 675.7030 -6.5971
# 3211 vertices

vn 0.0000 0.0000 -1.0000
vn 0.2156 0.9765 -0.0000
vn 0.1923 0.9813 -0.0000
vn 0.1689 0.9856 -0.0000
vn 0.1526 0.9883 -0.0000
vn 0.1292 0.9916 -0.0000
vn 0.1104 0.9939 -0.0000
vn 0.0907 0.9959 -0.0000
vn 0.0665 0.9978 -0.0000
vn 0.0400 0.9992 -0.0000
vn 0.0222 0.9998 -0.0000
vn 0.0000 1.0000 -0.0000
vn -0.0222 0.9998 0.0000
vn -0.0222 0.9998 -0.0000
vn -0.0400 0.9992 -0.0000
vn -0.0665 0.9978 -0.0000
vn -0.0907 0.9959 -0.0000
vn -0.1104 0.9939 -0.0000
vn -0.1292 0.9916 -0.0000
vn -0.1527 0.9883 -0.0000
vn -0.1970 0.9804 -0.0000
vn -0.2248 0.9744 -0.0000
vn -0.9993 -0.0384 -0.0001
vn -0.9993 -0.0384 -0.0000
vn -0.9999 0.0111 -0.0005
vn -1.0000 0.0089 -0.0002
vn -0.6841 0.7294 -0.0005
vn -0.6856 0.7280 -0.0000
vn 0.1106 0.7288 0.6757
vn 0.1106 0.7288 -0.6757
vn 0.1845 0.6027 -0.7764
vn 0.1845 0.6027 0.7764
vn 0.0000 0.0000 1.0000
vn 0.9997 -0.0228 -0.0001
vn 0.9997 -0.0227 -0.0000
vn 0.9995 0.0307 -0.0005
vn 0.9994 0.0346 -0.0002
vn 0.7369 0.6760 -0.0005
vn 0.7344 0.6787 -0.0000
vn -0.0409 0.7501 0.6600
vn -0.0409 0.7501 -0.6600
vn -0.1781 0.6191 0.7649
vn -0.1781 0.6191 -0.7649
vn 1.0000 0.0000 -0.0000
vn 0.9659 0.0000 0.2588
vn 0.8660 0.0000 0.5000
vn 0.7071 0.0000 0.7071
vn 0.5000 0.0000 0.8660
vn 0.2588 0.0000 0.9659
vn -0.2588 0.0000 0.9659
vn -0.5000 0.0000 0.8660
vn -0.7071 0.0000 0.7071
vn -0.8660 0.0000 0.5000
vn -0.9659 0.0000 0.2588
vn -1.0000 0.0000 -0.0000
vn -0.9659 0.0000 -0.2588
vn -0.8660 0.0000 -0.5000
vn -0.7071 0.0000 -0.7071
vn -0.5000 0.0000 -0.8660
vn -0.2588 0.0000 -0.9659
vn 0.2588 0.0000 -0.9659
vn 0.5000 0.0000 -0.8660
vn 0.7071 0.0000 -0.7071
vn 0.8660 0.0000 -0.5000
vn 0.9659 0.0000 -0.2588
vn -0.0000 0.0000 -1.0000
vn -0.0000 0.0000 1.0000
vn -0.1726 -0.9850 -0.0000
vn -0.1761 -0.9844 -0.0000
vn -0.1692 -0.9856 -0.0000
vn -0.1529 -0.9882 -0.0000
vn -0.1292 -0.9916 -0.0000
vn -0.1103 -0.9939 -0.0000
vn -0.0907 -0.9959 -0.0000
vn -0.0665 -0.9978 -0.0000
vn -0.0400 -0.9992 -0.0000
vn -0.0222 -0.9998 -0.0000
vn -0.0222 -0.9998 0.0000
vn 0.0000 -1.0000 -0.0000
vn 0.0222 -0.9998 -0.0000
vn 0.0400 -0.9992 -0.0000
vn 0.0665 -0.9978 -0.0000
vn 0.0907 -0.9959 -0.0000
vn 0.1103 -0.9939 -0.0000
vn 0.1292 -0.9916 -0.0000
vn 0.1527 -0.9883 -0.0000
vn 0.1726 -0.9850 -0.0000
vn 0.1761 -0.9844 -0.0000
vn 0.9999 0.0111 -0.0005
vn 0.9993 -0.0384 -0.0000
vn 0.9993 -0.0384 -0.0001
vn 1.0000 0.0089 -0.0002
vn 0.6841 0.7294 -0.0005
vn 0.6856 0.7280 -0.0000
vn -0.1106 0.7288 0.6757
vn -0.1106 0.7288 -0.6757
vn -0.1845 0.6027 -0.7764
vn -0.1845 0.6027 0.7764
vn -0.9995 0.0307 -0.0005
vn -0.9997 -0.0227 -0.0000
vn -0.9997 -0.0228 -0.0001
vn -0.9994 0.0346 -0.0002
vn -0.7369 0.6760 -0.0005
vn -0.7344 0.6787 -0.0000
vn 0.0409 0.7501 0.6600
vn 0.0409 0.7501 -0.6600
vn 0.1781 0.6191 0.7649
vn 0.1781 0.6191 -0.7649
vn -0.6878 0.7259 -0.0001
vn -0.6889 0.7249 -0.0000
vn -0.9519 0.3064 0.0000
vn -0.9516 0.3072 -0.0001
vn -0.9824 -0.1869 0.0000
vn -0.9824 -0.1869 -0.0000
vn 0.4423 0.8969 -0.0002
vn 0.4413 0.8974 -0.0000
vn 0.8948 0.4466 0.0000
vn 0.8951 0.4459 -0.0001
vn 0.9824 -0.1869 0.0000
vn 0.9824 -0.1869 -0.0000
vn -0.7038 0.3822 -0.5988
vn -0.0189 0.8882 -0.4590
vn -0.4249 0.8576 -0.2898
vn 0.5414 0.8400 -0.0372
vn 0.3026 0.9494 0.0835
vn -0.1613 0.8690 0.4677
vn -0.1910 0.6774 0.7103
vn -0.1769 0.7780 0.6028
vn -0.0430 0.9455 0.3228
vn -0.3191 0.7192 0.6173
vn -0.3733 0.8785 0.2981
vn -0.3750 0.8838 -0.2799
vn -0.3381 0.8689 -0.3615
vn -0.5080 0.4949 -0.7050
vn -0.3570 0.6714 -0.6494
vn 0.0689 0.9966 0.0445
vn 0.5122 0.8547 -0.0848
vn 0.7299 0.6151 0.2982
vn -1.0000 0.0066 0.0000
vn -1.0000 -0.0008 -0.0000
vn -0.9659 -0.0008 -0.2588
vn -0.9659 0.0066 -0.2588
vn -0.8660 -0.0008 -0.5000
vn -1.0000 0.0037 0.0000
vn -0.8660 0.0066 -0.5000
vn -0.7071 -0.0008 -0.7071
vn -0.9659 0.0043 -0.2588
vn -1.0000 0.0076 0.0000
vn -0.7070 0.0066 -0.7071
vn -0.5000 -0.0008 -0.8660
vn -0.8660 0.0052 -0.5001
vn -0.9658 0.0099 -0.2590
vn -0.9997 0.0237 0.0000
vn -0.5000 0.0066 -0.8660
vn -0.2588 -0.0008 -0.9659
vn -0.9652 0.0224 -0.2607
vn -0.9999 0.0170 0.0000
vn -0.8656 0.0120 -0.5007
vn -0.7070 0.0064 -0.7072
vn -0.9658 0.0136 -0.2588
vn -0.9999 0.0122 0.0000
vn -0.8647 0.0208 -0.5019
vn -0.7062 0.0139 -0.7079
vn -0.9648 0.0112 -0.2628
vn -1.0000 0.0062 -0.0000
vn -0.8656 0.0102 -0.5006
vn -0.9644 0.0066 -0.2642
vn -0.9999 -0.0101 -0.0001
vn -0.8624 0.0099 -0.5062
vn -0.7055 0.0191 -0.7085
vn -0.9656 -0.0078 -0.2600
vn -1.0000 -0.0061 0.0000
vn -0.8611 0.0079 -0.5084
vn -0.9654 -0.0049 -0.2609
vn -0.9994 0.0345 0.0002
vn -0.8650 -0.0035 -0.5018
vn -0.9647 0.0334 -0.2610
vn -0.9971 0.0759 0.0004
vn -0.8642 -0.0026 -0.5031
vn -0.9595 0.0726 -0.2724
vn -0.9962 0.0875 0.0003
vn -0.9553 0.0830 -0.2839
vn -0.8634 0.0295 -0.5037
vn -0.8511 0.0634 -0.5211
vn -0.8398 0.0727 -0.5380
vn -0.7041 0.0008 -0.7101
vn -0.6850 0.0505 -0.7268
vn -0.6682 0.0593 -0.7416
vn -0.7031 0.0235 -0.7107
vn -0.4775 0.0368 -0.8779
vn -0.4612 0.0459 -0.8861
vn -0.4955 0.0168 -0.8684
vn -0.2445 0.0248 -0.9693
vn -0.2353 0.0348 -0.9713
vn -0.2553 0.0106 -0.9668
vn -0.4965 0.0050 -0.8680
vn -0.2560 0.0097 -0.9666
vn 0.0003 0.0163 -0.9999
vn -0.0016 0.0275 -0.9996
vn 0.0014 0.0060 -1.0000
vn 0.2451 0.0120 -0.9694
vn 0.2323 0.0242 -0.9724
vn 0.2579 0.0036 -0.9662
vn 0.0014 0.0147 -0.9999
vn 0.2585 0.0196 -0.9658
vn 0.4781 0.0119 -0.8782
vn 0.4587 0.0247 -0.8882
vn 0.4975 0.0034 -0.8674
vn 0.6858 0.0147 -0.7276
vn 0.6668 0.0279 -0.7447
vn 0.7045 0.0049 -0.7097
vn 0.4985 0.0240 -0.8666
vn 0.7052 0.0278 -0.7085
vn 0.8525 0.0189 -0.5223
vn 0.8401 0.0319 -0.5415
vn 0.8643 0.0073 -0.5029
vn 0.9615 0.0227 -0.2738
vn 0.9574 0.0345 -0.2868
vn 0.9994 0.0350 -0.0000
vn 0.9653 0.0095 -0.2609
vn 0.8645 0.0305 -0.5016
vn 0.9651 0.0320 -0.2600
vn 0.9999 0.0107 -0.0002
vn 0.9997 0.0241 -0.0002
vn 0.9617 0.0224 0.2730
vn 0.9577 0.0332 0.2860
vn 0.9654 0.0105 0.2606
vn 0.9995 0.0321 -0.0002
vn 0.9652 0.0309 0.2597
vn 0.8527 0.0189 0.5221
vn 0.8403 0.0288 0.5413
vn 0.8644 0.0090 0.5028
vn 0.6858 0.0147 0.7276
vn 0.6668 0.0244 0.7448
vn 0.7045 0.0069 0.7097
vn 0.8647 0.0284 0.5014
vn 0.7054 0.0249 0.7083
vn 0.4778 0.0119 0.8784
vn 0.4584 0.0218 0.8885
vn 0.4974 0.0051 0.8675
vn 0.2446 0.0121 0.9696
vn 0.2317 0.0226 0.9725
vn 0.2576 0.0046 0.9663
vn 0.4986 0.0205 0.8666
vn 0.2586 0.0157 0.9659
vn -0.0003 0.0163 0.9999
vn -0.0022 0.0275 0.9996
vn 0.0010 0.0060 1.0000
vn -0.2451 0.0249 0.9692
vn -0.2359 0.0365 0.9711
vn -0.2556 0.0096 0.9667
vn 0.0014 0.0107 0.9999
vn -0.2561 0.0058 0.9666
vn -0.4778 0.0368 0.8777
vn -0.4615 0.0489 0.8858
vn -0.4957 0.0151 0.8684
vn -0.6850 0.0505 0.7268
vn -0.6681 0.0628 0.7414
vn -0.7031 0.0216 0.7107
vn -0.4967 0.0015 0.8679
vn -0.7043 -0.0020 0.7099
vn -0.8509 0.0633 0.5214
vn -0.8395 0.0757 0.5381
vn -0.8633 0.0278 0.5039
vn -0.9593 0.0725 0.2730
vn -0.9550 0.0848 0.2844
vn -0.9647 0.0324 0.2614
vn -0.9654 -0.0059 0.2605
vn -0.8644 -0.0046 0.5028
vn -0.9656 -0.0102 0.2599
vn -0.8650 -0.0081 0.5017
vn -0.9643 0.0066 0.2647
vn -0.7055 -0.0041 0.7087
vn -0.8608 0.0079 0.5088
vn -0.9647 0.0127 0.2629
vn -0.4985 0.0014 0.8669
vn -0.9653 0.0200 0.2603
vn -0.8623 0.0127 0.5062
vn -0.6988 0.0096 0.7152
vn -0.9659 0.0247 0.2579
vn -0.8647 0.0225 0.5018
vn -0.7011 0.0124 0.7129
vn -0.9657 0.0053 0.2598
vn -0.8659 0.0252 0.4996
vn -0.9658 0.0034 0.2591
vn -0.8652 0.0032 0.5013
vn -0.7052 0.0245 0.7085
vn -0.9659 0.0066 0.2588
vn -0.9659 -0.0008 0.2588
vn -0.8658 0.0034 0.5003
vn -0.8660 0.0066 0.5000
vn -0.8660 -0.0008 0.5000
vn -0.7059 0.0015 0.7083
vn -0.7070 0.0066 0.7071
vn -0.7071 -0.0008 0.7071
vn -0.7069 0.0037 0.7073
vn -0.5000 0.0065 0.8660
vn -0.5000 -0.0008 0.8660
vn -0.4999 0.0044 0.8661
vn -0.2588 0.0065 0.9659
vn -0.2588 -0.0008 0.9659
vn -0.2590 0.0055 0.9659
vn -0.4986 0.0002 0.8668
vn -0.2576 -0.0005 0.9663
vn -0.0000 0.0066 1.0000
vn 0.0000 -0.0008 1.0000
vn -0.0004 0.0067 1.0000
vn 0.2588 0.0066 0.9659
vn 0.2588 -0.0008 0.9659
vn 0.2582 0.0082 0.9661
vn 0.0008 -0.0005 1.0000
vn 0.2590 0.0001 0.9659
vn 0.5000 0.0067 0.8660
vn 0.5000 -0.0008 0.8660
vn 0.4992 0.0097 0.8664
vn 0.7071 0.0068 0.7071
vn 0.7071 -0.0008 0.7071
vn 0.7064 0.0112 0.7077
vn 0.4997 0.0013 0.8662
vn 0.7067 0.0029 0.7075
vn 0.8660 0.0068 0.5000
vn 0.8660 -0.0008 0.5000
vn 0.8656 0.0126 0.5006
vn 0.9659 0.0069 0.2589
vn 0.9659 -0.0008 0.2589
vn 0.9657 0.0136 0.2593
vn 0.8657 0.0050 0.5006
vn 0.9657 0.0073 0.2595
vn 1.0000 0.0069 -0.0000
vn 1.0000 -0.0008 -0.0000
vn 0.9999 0.0143 0.0002
vn 0.9659 0.0069 -0.2589
vn 0.9659 -0.0008 -0.2588
vn 0.9658 0.0146 -0.2590
vn 1.0000 0.0096 0.0004
vn 0.9659 0.0118 -0.2587
vn 0.8660 0.0068 -0.5000
vn 0.8660 -0.0008 -0.5000
vn 0.8657 0.0144 -0.5003
vn 0.7071 0.0068 -0.7071
vn 0.7071 -0.0008 -0.7071
vn 0.7066 0.0139 -0.7075
vn 0.8660 0.0138 -0.4999
vn 0.7070 0.0153 -0.7070
vn 0.5000 0.0067 -0.8660
vn 0.5000 -0.0008 -0.8660
vn 0.4993 0.0130 -0.8663
vn 0.2588 0.0066 -0.9659
vn 0.2588 -0.0008 -0.9659
vn 0.2582 0.0118 -0.9660
vn 0.5000 0.0164 -0.8659
vn 0.2592 0.0170 -0.9657
vn -0.0000 0.0066 -1.0000
vn 0.0000 -0.0008 -1.0000
vn -0.0004 0.0105 -0.9999
vn -0.2588 0.0066 -0.9659
vn -0.2590 0.0091 -0.9658
vn -0.5000 0.0077 -0.8660
vn -0.4989 0.0154 -0.8665
vn -0.2577 0.0165 -0.9661
vn -0.4985 0.0174 -0.8667
vn 0.0008 0.0170 -0.9999
vn -0.2581 0.0158 -0.9660
vn -0.0003 0.0144 -0.9999
vn -0.7063 0.0070 -0.7079
vn -0.4990 0.0043 -0.8666
vn -0.7012 0.0085 -0.7129
vn -0.2582 0.0026 -0.9661
vn -0.4938 0.0073 -0.8696
vn -0.6991 0.0098 -0.7150
vn -0.2548 0.0064 -0.9670
vn -0.7055 0.0023 -0.7087
vn -0.4917 0.0121 -0.8707
vn -0.4985 0.0089 -0.8668
vn -0.2537 0.0144 -0.9672
vn -0.2583 0.0158 -0.9659
vn 0.0000 0.0062 -1.0000
vn -0.0010 0.0222 -0.9998
vn -0.0005 0.0164 -0.9999
vn 0.2563 0.0279 -0.9662
vn 0.2527 0.0180 -0.9674
vn 0.4968 0.0324 -0.8673
vn 0.4908 0.0190 -0.8711
vn 0.2548 0.0066 -0.9670
vn 0.4938 0.0076 -0.8696
vn 0.7041 0.0357 -0.7092
vn 0.6984 0.0195 -0.7154
vn 0.8639 0.0377 -0.5022
vn 0.8607 0.0195 -0.5088
vn 0.7012 0.0090 -0.7129
vn 0.8623 0.0105 -0.5062
vn 0.9648 0.0385 -0.2602
vn 0.9642 0.0193 -0.2643
vn 0.9993 0.0381 0.0001
vn 0.9998 0.0189 0.0003
vn 0.9648 0.0118 -0.2629
vn 0.9999 0.0127 -0.0000
vn 0.9648 0.0367 0.2604
vn 0.9641 0.0185 0.2649
vn 0.8640 0.0342 0.5024
vn 0.8604 0.0181 0.5092
vn 0.9648 0.0132 0.2628
vn 0.8623 0.0131 0.5062
vn 0.7042 0.0306 0.7093
vn 0.6982 0.0177 0.7157
vn 0.4969 0.0259 0.8674
vn 0.4906 0.0171 0.8712
vn 0.7011 0.0127 0.7129
vn 0.4937 0.0122 0.8695
vn 0.2565 0.0204 0.9663
vn 0.2526 0.0163 0.9674
vn -0.0009 0.0142 0.9999
vn -0.0005 0.0150 0.9999
vn 0.2548 0.0117 0.9669
vn -0.0000 0.0115 0.9999
vn -0.2583 0.0077 0.9660
vn -0.2535 0.0134 0.9672
vn -0.4914 0.0115 0.8709
vn -0.4938 0.0120 0.8695
vn -0.2549 0.0116 0.9669
vn -0.4982 0.0259 0.8667
vn -0.2577 0.0267 0.9658
vn -0.7069 0.0253 0.7069
vn -0.4998 0.0250 0.8658
vn -0.2588 0.0242 0.9656
vn -0.0001 0.0269 0.9996
vn -0.0003 0.0232 0.9997
vn 0.2576 0.0267 0.9659
vn 0.2582 0.0219 0.9658
vn 0.4981 0.0258 0.8667
vn 0.4993 0.0204 0.8662
vn 0.7052 0.0244 0.7086
vn 0.7067 0.0189 0.7073
vn 0.8647 0.0223 0.5018
vn 0.8659 0.0174 0.4999
vn 0.9653 0.0197 0.2604
vn 0.9660 0.0159 0.2581
vn 0.9999 0.0165 0.0008
vn 0.9999 0.0147 -0.0015
vn 0.9658 0.0130 -0.2589
vn 0.9653 0.0137 -0.2609
vn 0.8656 0.0096 -0.5007
vn 0.8646 0.0130 -0.5022
vn 0.7062 0.0064 -0.7079
vn 0.7052 0.0127 -0.7089
vn 0.4990 0.0039 -0.8666
vn 0.4981 0.0129 -0.8670
vn 0.2582 0.0023 -0.9661
vn 0.2575 0.0134 -0.9662
vn -0.0000 0.0019 -1.0000
vn 0.9987 0.0371 -0.0346
vn 0.9984 0.0572 -0.0003
vn 0.9591 0.0627 -0.2761
vn 0.9546 0.0355 -0.2958
vn 0.8514 0.0623 -0.5208
vn 0.9998 0.0215 -0.0016
vn 0.8620 0.0300 -0.5060
vn 0.6857 0.0536 -0.7259
vn 0.9658 0.0177 -0.2587
vn 0.7009 0.0256 -0.7128
vn 0.4787 0.0439 -0.8769
vn 0.8661 0.0161 -0.4996
vn 0.9657 0.0153 -0.2592
vn 0.9994 0.0150 -0.0312
vn 1.0000 0.0046 0.0000
vn 0.8656 0.0149 -0.5006
vn 0.9660 0.0048 -0.2586
vn 0.9999 0.0142 0.0000
vn 0.7063 0.0143 -0.7077
vn 0.9658 0.0141 -0.2588
vn 0.9995 0.0326 -0.0000
vn 0.8662 0.0055 -0.4997
vn 0.9655 0.0320 -0.2584
vn 0.9997 0.0249 0.0000
vn 0.8660 0.0139 -0.4999
vn 0.9653 0.0264 -0.2597
vn 1.0000 0.0048 0.0000
vn 0.8659 0.0303 -0.4993
vn 0.7075 0.0067 -0.7067
vn 0.9662 0.0049 -0.2576
vn 1.0000 0.0065 0.0000
vn 0.9659 0.0020 -0.2589
vn 1.0000 0.0021 0.0000
vn 0.9658 0.0045 -0.2594
vn 0.8660 0.0016 -0.5001
vn 0.8649 0.0272 -0.5012
vn 0.8667 0.0056 -0.4988
vn 0.8658 0.0026 -0.5004
vn 0.7070 0.0011 -0.7072
vn 0.7055 0.0274 -0.7082
vn 0.7069 0.0010 -0.7073
vn 0.4998 0.0005 -0.8661
vn 0.7080 0.0069 -0.7062
vn 0.4999 -0.0004 -0.8661
vn 0.2586 -0.0003 -0.9660
vn 0.5010 0.0088 -0.8654
vn 0.2588 -0.0013 -0.9659
vn -0.0003 -0.0012 -1.0000
vn 0.2597 0.0110 -0.9656
vn 0.4980 0.0269 -0.8667
vn 0.2566 0.0257 -0.9662
vn 0.0002 -0.0018 -1.0000
vn -0.2591 -0.0020 -0.9659
vn 0.0007 0.0135 -0.9999
vn -0.2584 -0.0017 -0.9660
vn -0.5002 -0.0028 -0.8659
vn -0.2584 0.0160 -0.9659
vn -0.0021 0.0240 -0.9997
vn -0.2606 0.0219 -0.9652
vn -0.4996 -0.0012 -0.8663
vn -0.7072 -0.0034 -0.7070
vn -0.4999 0.0185 -0.8659
vn -0.7067 -0.0001 -0.7075
vn -0.8661 -0.0040 -0.4999
vn -0.7072 0.0206 -0.7067
vn -0.5012 0.0195 -0.8651
vn -0.7078 0.0169 -0.7062
vn -0.8657 0.0013 -0.5006
vn -0.9659 -0.0043 -0.2588
vn -0.8661 0.0224 -0.4993
vn -0.9657 0.0030 -0.2595
vn -1.0000 -0.0044 -0.0000
vn -0.9659 0.0236 -0.2578
vn -0.8662 0.0144 -0.4994
vn -0.9658 0.0122 -0.2588
vn -1.0000 0.0049 -0.0006
vn -0.9659 -0.0043 0.2588
vn -0.9997 0.0241 0.0012
vn -0.9660 0.0069 0.2583
vn -0.8661 -0.0040 0.4999
vn -0.9653 0.0241 0.2600
vn -0.9999 0.0120 -0.0017
vn -0.9661 0.0124 0.2579
vn -0.8662 0.0087 0.4996
vn -0.7072 -0.0034 0.7070
vn -0.8651 0.0233 0.5010
vn -0.7073 0.0104 0.7068
vn -0.5002 -0.0028 0.8659
vn -0.7060 0.0220 0.7078
vn -0.8666 0.0112 0.4988
vn -0.7080 0.0100 0.7061
vn -0.5001 0.0118 0.8659
vn -0.2591 -0.0020 0.9659
vn -0.4989 0.0201 0.8664
vn -0.2587 0.0127 0.9659
vn -0.0003 -0.0012 1.0000
vn -0.2579 0.0179 0.9660
vn -0.5016 0.0094 0.8650
vn -0.2607 0.0099 0.9654
vn 0.0002 0.0132 0.9999
vn 0.2586 -0.0003 0.9660
vn 0.0007 0.0154 0.9999
vn 0.2591 0.0131 0.9658
vn 0.4998 0.0005 0.8661
vn 0.2591 0.0129 0.9658
vn -0.0021 0.0111 0.9999
vn 0.2570 0.0132 0.9663
vn 0.5004 0.0125 0.8657
vn 0.7070 0.0011 0.7072
vn 0.5000 0.0105 0.8660
vn 0.7075 0.0115 0.7066
vn 0.8660 0.0016 0.5001
vn 0.7069 0.0083 0.7073
vn 0.4986 0.0156 0.8667
vn 0.7062 0.0182 0.7078
vn 0.8663 0.0101 0.4994
vn 0.9659 0.0020 0.2589
vn 0.8657 0.0066 0.5006
vn 0.9661 0.0084 0.2582
vn 0.9657 0.0054 0.2598
vn 0.9657 0.0230 0.2587
vn 0.8655 0.0207 0.5004
vn 0.9655 0.0320 0.2584
vn 0.8659 0.0303 0.4993
vn 0.9658 0.0141 0.2588
vn 0.7075 0.0275 0.7062
vn 0.8660 0.0139 0.4999
vn 0.9664 0.0075 0.2571
vn 0.5008 0.0240 0.8652
vn 0.7071 0.0135 0.7070
vn 0.8662 0.0105 0.4996
vn 0.9739 0.0147 0.2264
vn 0.9663 0.0209 0.2566
vn 0.8763 0.0141 0.4815
vn 0.9643 0.0336 0.2628
vn 0.9609 0.0528 0.2719
vn 0.8662 0.0175 0.4994
vn 0.8481 0.0287 0.5290
vn 0.8510 0.0485 0.5229
vn 0.7076 0.0124 0.7065
vn 0.6689 0.0232 0.7430
vn 0.6650 0.0401 0.7457
vn 0.7230 0.0134 0.6907
vn 0.4767 0.0186 0.8789
vn 0.4507 0.0266 0.8923
vn 0.5004 0.0072 0.8658
vn 0.2621 0.0163 0.9649
vn 0.2604 0.0216 0.9653
vn 0.2588 0.0088 0.9659
vn 0.0078 0.0173 0.9998
vn 0.0172 0.0192 0.9997
vn 0.0020 0.0112 0.9999
vn 0.4702 0.0129 0.8825
vn 0.2225 0.0123 0.9749
vn -0.2563 0.0192 0.9664
vn -0.2445 0.0186 0.9695
vn -0.2572 0.0110 0.9663
vn -0.4949 0.0228 0.8687
vn -0.4778 0.0220 0.8782
vn -0.4992 0.0119 0.8664
vn -0.0017 0.0115 0.9999
vn -0.2740 0.0107 0.9617
vn -0.7017 0.0278 0.7119
vn -0.6857 0.0277 0.7274
vn -0.7061 0.0127 0.7080
vn -0.8404 0.0351 0.5409
vn -0.8392 0.0309 0.5429
vn -0.8655 0.0126 0.5008
vn -0.5144 0.0100 0.8575
vn -0.7080 0.0093 0.7061
vn -0.9521 0.0412 0.3031
vn -0.9596 0.0304 0.2798
vn -0.9648 0.0134 0.2626
vn -0.9993 0.0370 0.0021
vn -0.9994 0.0295 -0.0174
vn -0.9982 0.0113 0.0589
vn -0.8525 0.0080 0.5226
vn -0.9490 0.0066 0.3153
vn -0.9531 0.0283 -0.3013
vn -0.9582 0.0338 -0.2840
vn -0.9779 0.0093 -0.2088
vn -0.8398 0.0278 -0.5422
vn -0.8482 0.0366 -0.5284
vn -0.8423 0.0059 -0.5389
vn -0.9993 0.0105 0.0354
vn -0.9665 0.0155 -0.2561
vn -0.7021 0.0295 -0.7115
vn -0.6852 0.0320 -0.7277
vn -0.6766 0.0066 -0.7363
vn -0.4960 0.0228 -0.8680
vn -0.4771 0.0283 -0.8784
vn -0.5213 0.0092 -0.8533
vn -0.8434 0.0127 -0.5372
vn -0.6712 0.0094 -0.7412
vn -0.2694 0.0176 -0.9629
vn -0.2450 0.0251 -0.9692
vn -0.2795 0.0094 -0.9601
vn 0.0000 0.0163 -0.9999
vn 0.0027 0.0271 -0.9996
vn 0.0301 0.0112 -0.9995
vn -0.5024 0.0118 -0.8645
vn -0.2605 0.0150 -0.9654
vn 0.2674 0.0177 -0.9634
vn 0.2461 0.0353 -0.9686
vn 0.2856 0.0117 -0.9583
vn 0.4933 0.0214 -0.8696
vn 0.5010 0.0122 -0.8654
vn 0.7076 0.0141 -0.7065
vn 0.4988 0.0136 -0.8666
vn 0.2573 0.0127 -0.9663
vn 0.5006 0.0082 -0.8656
vn -0.0003 0.0142 -0.9999
vn 0.2595 0.0099 -0.9657
vn 0.0008 0.0118 -0.9999
vn 0.7071 0.0135 -0.7070
vn 0.4999 0.0130 -0.8660
vn 0.7075 0.0275 -0.7062
vn 0.5008 0.0240 -0.8652
vn 0.2588 0.0124 -0.9659
vn 0.2599 0.0198 -0.9654
vn -0.0000 0.0118 -0.9999
vn 0.0012 0.0153 -0.9999
vn -0.2581 0.0136 -0.9660
vn -0.2588 0.0112 -0.9659
vn -0.2576 0.0108 -0.9662
vn -0.4993 0.0154 -0.8663
vn -0.5000 0.0106 -0.8660
vn -0.4991 0.0067 -0.8665
vn -0.7050 0.0200 -0.7089
vn -0.6794 0.0075 -0.7337
vn -0.7055 0.0050 -0.7087
vn -0.8644 0.0216 -0.5024
vn -0.8462 0.0058 -0.5328
vn -0.8656 0.0048 -0.5007
vn -0.9634 0.0189 -0.2672
vn -0.9584 0.0056 -0.2854
vn -0.9656 0.0048 -0.2601
vn -0.9999 0.0150 -0.0081
vn -0.9996 0.0053 -0.0280
vn -0.9994 0.0043 -0.0351
vn -0.9634 0.0099 0.2679
vn -0.9662 0.0046 0.2579
vn -0.9743 0.0048 0.2252
vn -0.8618 0.0081 0.5073
vn -0.8502 0.0057 0.5264
vn -0.8651 0.0058 0.5016
vn -0.7056 0.0100 0.7086
vn -0.6836 0.0078 0.7298
vn -0.7011 0.0067 0.7130
vn -0.5000 0.0115 0.8660
vn -0.4996 0.0075 0.8662
vn -0.4902 0.0106 0.8715
vn -0.2581 0.0109 0.9661
vn -0.2289 0.0109 0.9734
vn -0.2466 0.0133 0.9690
vn 0.0023 0.0118 0.9999
vn 0.0316 0.0129 0.9994
vn 0.0091 0.0158 0.9998
vn 0.2580 0.0144 0.9660
vn 0.2588 0.0124 0.9659
vn 0.2599 0.0198 0.9654
vn 0.5003 0.0157 0.8657
vn 0.4999 0.0130 0.8660
vn 0.7081 0.0133 0.7060
vn -0.0000 0.1945 -0.9809
vn 0.0000 0.3786 -0.9256
vn 0.3515 0.4031 -0.8450
vn 0.4063 0.2059 -0.8902
vn 0.8598 0.3794 -0.3418
vn -0.0000 -0.0857 -0.9963
vn 0.3868 -0.1990 -0.9004
vn 0.0000 -0.1985 -0.9801
vn 0.4136 -0.0916 -0.9058
vn 0.9196 0.1921 -0.3428
vn 0.9324 -0.0741 -0.3536
vn 0.9273 -0.1939 -0.3201
vn 0.8880 0.1886 0.4193
vn 0.8600 0.3686 0.3528
vn 0.8952 -0.0925 0.4360
vn 0.8783 -0.2083 0.4303
vn 0.3610 0.3720 0.8551
vn 0.4091 -0.0936 0.9077
vn 0.4685 -0.1924 0.8622
vn 0.3995 0.1786 0.8992
vn -0.2802 -0.0924 0.9555
vn -0.2746 -0.2118 0.9379
vn -0.2755 0.1962 0.9411
vn -0.3600 0.3808 0.8517
vn -0.8498 0.3859 0.3589
vn -0.8982 0.2076 0.3875
vn -0.9140 -0.0929 0.3949
vn -0.8888 -0.2051 0.4099
vn -0.8984 0.2054 -0.3882
vn -0.8506 0.3931 -0.3493
vn -0.6579 0.3718 -0.6549
vn -0.7018 0.1912 -0.6863
vn -0.9148 -0.0884 -0.3940
vn -0.9075 -0.2008 -0.3689
vn -0.7113 -0.0829 -0.6980
vn -0.6934 -0.1965 -0.6932
vn 0.6711 -0.0220 0.7411
vn 0.3405 -0.1703 0.9247
vn 0.2370 -0.0907 0.9673
vn 0.3768 -0.0067 0.9263
vn -0.3161 -0.0681 0.9463
vn 0.6799 0.0232 0.7330
vn -0.4796 -0.1165 0.8697
vn -0.6793 -0.0177 0.7336
vn -0.3768 -0.0067 0.9263
vn 0.3769 0.0196 0.9260
vn -0.3769 0.0196 0.9260
vn -0.6799 0.0232 0.7329
vn 0.3259 0.4353 0.8392
vn 0.5397 0.4056 0.7377
vn 0.6685 0.6538 0.3545
vn -0.3189 0.4468 0.8359
vn -0.5525 0.4149 0.7229
vn 0.3680 0.8026 0.4694
vn 0.6758 0.7310 0.0943
vn -0.3634 0.7955 0.4848
vn -0.6653 0.6445 0.3767
vn 0.3709 0.9132 0.1689
vn -0.3768 0.9127 0.1581
vn -0.6705 0.7371 0.0844
vn -0.6959 0.6636 -0.2746
vn -0.4073 0.8488 -0.3370
vn 0.4051 0.8465 -0.3455
vn 0.7000 0.6566 -0.2809
vn 0.6065 0.3894 -0.6932
vn -0.3547 0.3689 -0.8591
vn -0.5985 0.3845 -0.7029
vn 0.3521 0.3745 -0.8578
vn 0.6711 -0.0021 -0.7413
vn -0.6712 -0.0021 -0.7413
vn 0.3709 -0.0098 -0.9286
vn 0.6681 0.0049 -0.7441
vn -0.3709 -0.0098 -0.9286
vn 0.3703 0.0125 -0.9288
vn -0.3703 0.0125 -0.9288
vn -0.6681 0.0049 -0.7440
vn 0.4594 -0.5568 -0.6921
vn 0.6807 -0.5383 -0.4969
vn 0.8193 -0.5732 -0.0120
vn -0.4594 -0.5568 -0.6920
vn -0.6807 -0.5383 -0.4969
vn -0.8193 -0.5732 -0.0120
vn 0.4725 -0.8813 -0.0038
vn -0.4725 -0.8813 -0.0038
vn -0.8316 -0.5541 0.0380
vn -0.4620 -0.8866 0.0214
vn -0.7082 -0.7055 0.0267
vn -0.3807 -0.9247 0.0080
vn 0.4550 -0.8899 0.0332
vn 0.2493 -0.9684 0.0084
vn 0.8308 -0.5535 0.0584
vn 0.5654 -0.8239 0.0392
vn -0.8104 0.0771 -0.5807
vn -0.4899 0.1157 -0.8640
vn -0.2984 0.2486 -0.9215
vn -0.4513 0.1512 -0.8795
vn 0.3315 0.2707 -0.9038
vn -0.8251 -0.0442 -0.5633
vn 0.6224 0.1418 -0.7697
vn 0.8154 0.0792 -0.5734
vn 0.4513 0.1512 -0.8795
vn -0.4677 -0.1296 -0.8744
vn 0.4502 -0.1135 -0.8857
vn 0.8297 -0.0260 -0.5577
vn 0.7520 -0.3680 -0.5468
vn -0.3911 -0.4786 -0.7861
vn -0.7425 -0.3345 -0.5803
vn -0.6626 -0.6521 -0.3683
vn 0.3793 -0.4960 -0.7811
vn 0.3407 -0.8228 -0.4548
vn 0.6468 -0.6681 -0.3679
vn -0.3323 -0.8230 -0.4608
vn -0.5953 -0.7962 -0.1078
vn 0.3021 -0.9462 -0.1158
vn 0.5793 -0.8056 -0.1239
vn 0.6398 -0.7191 0.2713
vn -0.2968 -0.9477 -0.1172
vn 0.3147 -0.8849 0.3435
vn -0.3221 -0.8815 0.3454
vn -0.6294 -0.7150 0.3043
vn -0.7354 -0.2846 0.6150
vn -0.3959 -0.4852 0.7796
vn -0.8187 -0.0363 0.5731
vn 0.3899 -0.4802 0.7858
vn 0.7404 -0.2654 0.6175
vn 0.8187 -0.0363 0.5731
vn -0.4665 -0.1147 0.8771
vn -0.8218 0.0213 0.5693
vn 0.4665 -0.1147 0.8771
vn -0.4332 0.1070 0.8949
vn -0.5869 0.6023 0.5411
vn 0.4332 0.1070 0.8949
vn 0.8218 0.0213 0.5693
vn 0.5869 0.6023 0.5411
vn -0.2521 0.6854 0.6831
vn 0.2521 0.6854 0.6831
vn 0.3739 0.9218 0.1019
vn 0.7279 0.6838 0.0503
vn 0.7200 0.6876 -0.0939
vn -0.3739 0.9218 0.1019
vn -0.7279 0.6838 0.0503
vn 0.3839 0.9159 -0.1174
vn 0.6391 0.7503 -0.1694
vn 0.3068 0.9224 -0.2348
vn -0.2088 0.9542 -0.2143
vn -0.3839 0.9159 -0.1174
vn -0.7080 0.7003 -0.0909
vn -0.3840 0.9141 -0.1306
vn 0.6606 -0.0191 -0.7505
vn 0.3230 -0.0190 -0.9462
vn 0.3229 -0.0217 -0.9462
vn 0.6580 -0.0270 -0.7525
vn 0.3222 -0.0308 -0.9462
vn 0.9979 -0.0129 -0.0638
vn 0.6545 -0.0516 -0.7543
vn 0.3197 -0.0493 -0.9462
vn 0.9976 -0.0269 -0.0642
vn 0.7507 -0.0031 0.6606
vn 0.6456 -0.0980 -0.7573
vn 0.3101 -0.0850 -0.9469
vn 0.9955 -0.0697 -0.0644
vn 0.7490 -0.0147 0.6624
vn 0.0635 0.0047 0.9980
vn 0.6201 -0.1811 -0.7633
vn 0.2819 -0.1332 -0.9501
vn 0.0599 0.0024 0.9982
vn -0.6605 0.0060 0.7508
vn 0.7459 -0.0505 0.6641
vn 0.9867 -0.1489 -0.0649
vn -0.6630 0.0149 0.7485
vn -0.9980 0.0001 0.0638
vn 0.0558 -0.0050 0.9984
vn 0.7368 -0.1163 0.6661
vn -0.9979 0.0153 0.0626
vn -0.7507 -0.0098 -0.6605
vn -0.6646 0.0413 0.7461
vn -0.7521 0.0031 -0.6591
vn -0.4409 -0.0139 -0.8974
vn -0.4411 -0.0054 -0.8974
vn -0.9963 0.0609 0.0615
vn -0.7522 0.0414 -0.6576
vn -0.4407 0.0195 -0.8974
vn -0.6638 0.0915 0.7423
vn -0.7473 0.1146 -0.6545
vn -0.4372 0.0663 -0.8969
vn -0.9872 0.1480 0.0600
vn -0.7167 0.2648 -0.6451
vn -0.4202 0.1607 -0.8931
vn -0.9445 0.3235 0.0573
vn -0.5498 0.5649 -0.6153
vn -0.3278 0.3580 -0.8743
vn -0.7524 0.6558 0.0625
vn -0.6510 0.1917 0.7344
vn -0.5780 0.3786 0.7229
vn -0.0783 0.8479 -0.5244
vn -0.0367 0.5884 -0.8077
vn -0.2546 0.9564 0.1432
vn 0.4185 0.8150 -0.4009
vn 0.3988 0.5761 -0.7135
vn 0.2353 0.9275 0.2905
vn -0.3520 0.5698 0.7426
vn -0.0960 0.5495 0.8300
vn 0.6535 0.6827 -0.3270
vn 0.6052 0.4596 -0.6500
vn 0.4576 0.8007 0.3866
vn 0.7369 0.6079 -0.2958
vn 0.6721 0.4001 -0.6230
vn 0.5371 0.7281 0.4259
vn -0.0035 0.4685 0.8835
vn 0.0240 0.4304 0.9023
vn 0.7705 0.5717 -0.2821
vn 0.6980 0.3726 -0.6116
vn 0.5699 0.6918 0.4434
vn 0.7825 0.5571 -0.2779
vn 0.7071 0.3620 -0.6075
vn 0.5819 0.6774 0.4501
vn 0.0353 0.4119 0.9106
vn 0.0383 0.4041 0.9139
vn 0.7782 0.5614 -0.2815
vn 0.7044 0.3652 -0.6086
vn 0.5758 0.6836 0.4485
vn 0.7583 0.5827 -0.2922
vn 0.6905 0.3804 -0.6152
vn 0.5528 0.7086 0.4385
vn 0.0320 0.4063 0.9132
vn 0.0179 0.4181 0.9082
vn 0.7330 0.6088 -0.3036
vn 0.6728 0.3982 -0.6236
vn 0.5244 0.7377 0.4251
vn 0.7135 0.6276 -0.3115
vn 0.6592 0.4111 -0.6297
vn 0.5029 0.7583 0.4148
vn 0.0039 0.4335 0.9011
vn -0.0060 0.4448 0.8956
vn 0.7014 0.6387 -0.3164
vn 0.6506 0.4188 -0.6335
vn 0.4898 0.7701 0.4087
vn 0.6854 0.6536 -0.3209
vn 0.6344 0.4325 -0.6407
vn 0.4794 0.7767 0.4085
vn -0.0117 0.4510 0.8924
vn -0.0086 0.4447 0.8956
vn 0.6393 0.6932 -0.3328
vn 0.5800 0.4758 -0.6612
vn 0.4644 0.7831 0.4135
vn 0.5472 0.7604 -0.3498
vn 0.4675 0.5552 -0.6879
vn 0.4462 0.7914 0.4178
vn 0.0200 0.4116 0.9111
vn 0.0894 0.3553 0.9305
vn 0.4242 0.8324 -0.3567
vn 0.3171 0.6440 -0.6962
vn 0.4266 0.8023 0.4175
vn 0.3020 0.8867 -0.3501
vn 0.1771 0.7104 -0.6811
vn 0.3944 0.8198 0.4151
vn 0.1819 0.3002 0.9364
vn 0.2532 0.2694 0.9291
vn 0.1880 0.9243 -0.3321
vn 0.0622 0.7508 -0.6576
vn 0.3345 0.8417 0.4239
vn 0.0635 0.9504 -0.3046
vn -0.0500 0.7754 -0.6294
vn 0.2427 0.8616 0.4457
vn 0.2798 0.2593 0.9244
vn 0.2733 0.2577 0.9268
vn -0.0696 0.9606 -0.2690
vn -0.1652 0.7837 -0.5988
vn 0.1345 0.8698 0.4747
vn -0.1946 0.9529 -0.2326
vn -0.2733 0.7763 -0.5681
vn 0.0334 0.8635 0.5033
vn 0.2544 0.2586 0.9319
vn 0.2377 0.2586 0.9363
vn -0.3002 0.9328 -0.1997
vn -0.3651 0.7582 -0.5402
vn -0.0508 0.8479 0.5278
vn -0.3923 0.9040 -0.1699
vn -0.4457 0.7332 -0.5136
vn -0.1239 0.8251 0.5512
vn 0.2254 0.2585 0.9394
vn 0.2150 0.2545 0.9429
vn -0.4904 0.8606 -0.1374
vn -0.5310 0.6957 -0.4839
vn -0.2038 0.7891 0.5795
vn -0.6070 0.7888 -0.0967
vn -0.6310 0.6340 -0.4470
vn -0.3011 0.7277 0.6163
vn 0.2015 0.2446 0.9485
vn 0.1820 0.2264 0.9569
vn -0.7273 0.6843 -0.0531
vn -0.7299 0.5470 -0.4099
vn -0.4072 0.6358 0.6557
vn -0.8190 0.5735 -0.0204
vn -0.7989 0.4623 -0.3847
vn -0.4996 0.5284 0.6865
vn 0.1538 0.1999 0.9677
vn 0.1165 0.1612 0.9800
vn -0.8639 0.5036 -0.0058
vn -0.8253 0.4205 -0.3769
vn -0.5609 0.4411 0.7006
vn -0.8514 0.5245 -0.0068
vn -0.8023 0.4598 -0.3806
vn -0.5814 0.4205 0.6965
vn 0.0753 0.1133 0.9907
vn 0.0339 0.0704 0.9969
vn -0.7534 0.6574 -0.0145
vn -0.7049 0.5943 -0.3873
vn -0.5406 0.4911 0.6830
vn -0.6375 0.7703 -0.0179
vn -0.5921 0.7094 -0.3822
vn -0.4745 0.5557 0.6827
vn -0.0072 0.0428 0.9991
vn -0.0172 0.0101 0.9998
vn -0.2980 0.9545 -0.0072
vn -0.2775 0.8788 -0.3882
vn -0.2450 0.7071 0.6633
vn 0.0064 1.0000 0.0037
vn 0.0151 0.9253 -0.3789
vn -0.0153 0.7036 0.7105
vn -0.0628 0.0781 0.9950
vn -0.0325 -0.0102 0.9994
vn 0.0066 1.0000 0.0026
vn 0.0111 0.9240 -0.3822
vn -0.0041 0.7095 0.7047
vn 0.0126 0.9999 0.0010
vn 0.0106 0.9238 -0.3826
vn 0.0089 0.7038 0.7104
vn -0.0160 0.0066 0.9999
vn -0.0034 -0.0058 1.0000
vn -0.0000 1.0000 -0.0016
vn 0.0000 0.9238 -0.3828
vn -0.0106 0.9238 -0.3826
vn 0.0000 0.7086 0.7056
vn -0.0126 0.9999 0.0010
vn -0.0111 0.9240 -0.3822
vn 0.0000 0.0014 1.0000
vn -0.0089 0.7038 0.7104
vn -0.0066 1.0000 0.0026
vn -0.0151 0.9253 -0.3789
vn 0.0034 -0.0058 1.0000
vn -0.0064 1.0000 0.0037
vn 0.2775 0.8788 -0.3882
vn 0.0041 0.7095 0.7047
vn 0.2980 0.9545 -0.0072
vn 0.5921 0.7094 -0.3822
vn 0.0153 0.7036 0.7105
vn 0.6375 0.7703 -0.0179
vn 0.7049 0.5943 -0.3873
vn 0.2450 0.7071 0.6633
vn 0.0160 0.0066 0.9999
vn 0.7534 0.6574 -0.0145
vn 0.8023 0.4598 -0.3806
vn 0.4745 0.5557 0.6827
vn 0.8514 0.5245 -0.0068
vn 0.8253 0.4205 -0.3769
vn 0.5406 0.4911 0.6830
vn 0.8639 0.5036 -0.0058
vn 0.7989 0.4623 -0.3847
vn 0.5814 0.4205 0.6965
vn 0.8190 0.5735 -0.0204
vn 0.7299 0.5470 -0.4099
vn 0.5609 0.4411 0.7006
vn 0.7273 0.6843 -0.0531
vn 0.6310 0.6340 -0.4470
vn 0.4996 0.5284 0.6865
vn 0.6070 0.7888 -0.0967
vn 0.5310 0.6957 -0.4839
vn 0.4072 0.6358 0.6557
vn 0.4904 0.8606 -0.1374
vn 0.4457 0.7332 -0.5136
vn 0.3011 0.7277 0.6163
vn 0.3923 0.9040 -0.1699
vn 0.3651 0.7582 -0.5402
vn 0.2038 0.7891 0.5795
vn 0.3002 0.9328 -0.1997
vn 0.2733 0.7763 -0.5681
vn 0.1239 0.8251 0.5512
vn 0.1946 0.9529 -0.2326
vn 0.1652 0.7837 -0.5988
vn 0.0508 0.8479 0.5278
vn 0.0696 0.9606 -0.2690
vn 0.0500 0.7754 -0.6294
vn -0.0334 0.8635 0.5033
vn -0.0635 0.9504 -0.3046
vn -0.0622 0.7508 -0.6576
vn -0.1345 0.8698 0.4747
vn -0.1880 0.9243 -0.3321
vn -0.1771 0.7104 -0.6811
vn -0.2427 0.8616 0.4457
vn -0.3020 0.8867 -0.3501
vn -0.3171 0.6440 -0.6962
vn -0.3345 0.8417 0.4239
vn -0.4242 0.8324 -0.3567
vn -0.4675 0.5552 -0.6879
vn -0.3944 0.8198 0.4151
vn -0.5472 0.7604 -0.3498
vn -0.5800 0.4758 -0.6612
vn -0.4266 0.8023 0.4175
vn -0.6393 0.6932 -0.3328
vn -0.6344 0.4325 -0.6407
vn -0.4462 0.7914 0.4178
vn -0.6854 0.6536 -0.3209
vn -0.6506 0.4188 -0.6335
vn -0.4644 0.7831 0.4135
vn -0.7014 0.6387 -0.3164
vn -0.6592 0.4111 -0.6297
vn -0.4794 0.7767 0.4085
vn -0.7135 0.6276 -0.3115
vn -0.6728 0.3982 -0.6236
vn -0.4898 0.7701 0.4087
vn -0.7330 0.6088 -0.3036
vn -0.6905 0.3804 -0.6152
vn -0.5029 0.7583 0.4148
vn -0.7583 0.5828 -0.2922
vn -0.7044 0.3650 -0.6088
vn -0.5244 0.7377 0.4251
vn -0.7782 0.5613 -0.2816
vn -0.7071 0.3620 -0.6075
vn -0.5528 0.7086 0.4385
vn -0.7825 0.5571 -0.2779
vn -0.6980 0.3726 -0.6116
vn -0.5758 0.6836 0.4485
vn -0.7705 0.5717 -0.2821
vn -0.6721 0.4001 -0.6230
vn -0.5819 0.6774 0.4501
vn -0.7369 0.6079 -0.2958
vn -0.6052 0.4596 -0.6500
vn -0.5699 0.6918 0.4434
vn -0.6535 0.6827 -0.3270
vn -0.3988 0.5761 -0.7135
vn -0.5371 0.7281 0.4259
vn -0.4185 0.8150 -0.4009
vn 0.0367 0.5884 -0.8077
vn -0.4576 0.8007 0.3866
vn 0.0783 0.8479 -0.5244
vn 0.3278 0.3580 -0.8743
vn -0.2353 0.9275 0.2905
vn 0.5498 0.5649 -0.6153
vn 0.4202 0.1607 -0.8931
vn 0.2546 0.9564 0.1432
vn 0.7167 0.2648 -0.6451
vn 0.4372 0.0663 -0.8969
vn 0.7524 0.6558 0.0625
vn 0.7473 0.1146 -0.6545
vn 0.4407 0.0195 -0.8974
vn 0.9445 0.3235 0.0573
vn 0.7522 0.0414 -0.6576
vn 0.4411 -0.0054 -0.8974
vn 0.9872 0.1480 0.0600
vn 0.7521 0.0031 -0.6591
vn 0.0587 -0.4903 -0.8696
vn 0.5331 -0.7117 -0.4574
vn 0.9963 0.0609 0.0615
vn 0.9979 0.0153 0.0626
vn 0.7074 -0.7049 0.0531
vn 0.6638 0.0915 0.7423
vn 0.6630 0.0149 0.7485
vn 0.4694 -0.7006 0.5374
vn 0.6646 0.0413 0.7461
vn -0.0599 0.0024 0.9982
vn -0.0409 -0.7014 0.7116
vn -0.0558 -0.0050 0.9984
vn -0.7490 -0.0147 0.6624
vn -0.5250 -0.7069 0.4739
vn -0.7459 -0.0505 0.6641
vn -0.0484 -0.0186 0.9987
vn -0.7368 -0.1163 0.6661
vn -0.9976 -0.0269 -0.0642
vn -0.6993 -0.7139 -0.0366
vn -0.9955 -0.0697 -0.0644
vn -0.6580 -0.0270 -0.7525
vn -0.4615 -0.7182 -0.5207
vn -0.3229 -0.0217 -0.9462
vn -0.3222 -0.0308 -0.9462
vn -0.6545 -0.0516 -0.7543
vn -0.3197 -0.0493 -0.9462
vn -0.6456 -0.0980 -0.7573
vn -0.3101 -0.0850 -0.9469
vn -0.9867 -0.1489 -0.0649
vn -0.6201 -0.1811 -0.7633
vn -0.2819 -0.1332 -0.9501
vn -0.9576 -0.2811 -0.0625
vn -0.5362 -0.3142 -0.7834
vn -0.2493 -0.1522 -0.9564
vn -0.7115 -0.2241 0.6660
vn -0.8732 -0.4852 -0.0456
vn -0.3251 -0.4198 -0.8474
vn -0.2494 -0.1502 -0.9567
vn -0.0347 -0.0401 0.9986
vn -0.1264 -0.4506 -0.8837
vn -0.2580 -0.1535 -0.9539
vn -0.5292 -0.8436 -0.0907
vn -0.6518 -0.3898 0.6506
vn -0.0209 -0.4329 -0.9012
vn -0.2603 -0.1548 -0.9530
vn 0.1523 -0.9400 -0.3053
vn -0.2783 -0.7318 0.6221
vn 0.0182 -0.4120 -0.9110
vn -0.2597 -0.1538 -0.9534
vn 0.4514 -0.7963 -0.4027
vn 0.0364 -0.3990 -0.9162
vn -0.2590 -0.1529 -0.9537
vn 0.5395 -0.7208 -0.4352
vn 0.3627 -0.8123 0.4567
vn 0.0447 -0.3939 -0.9181
vn -0.2603 -0.1546 -0.9531
vn 0.5754 -0.6834 -0.4493
vn 0.0442 -0.3997 -0.9156
vn -0.2638 -0.1592 -0.9514
vn 0.5890 -0.6681 -0.4547
vn 0.0341 -0.4155 -0.9090
vn -0.2680 -0.1637 -0.9494
vn 0.5843 -0.6746 -0.4511
vn 0.0182 -0.4308 -0.9022
vn -0.2709 -0.1668 -0.9480
vn 0.5619 -0.7008 -0.4395
vn 0.0058 -0.4410 -0.8975
vn -0.2724 -0.1682 -0.9474
vn 0.5333 -0.7306 -0.4265
vn -0.0017 -0.4461 -0.8950
vn -0.2627 -0.1599 -0.9515
vn 0.5115 -0.7514 -0.4170
vn 0.0041 -0.4441 -0.8959
vn -0.2170 -0.1224 -0.9685
vn 0.4982 -0.7633 -0.4113
vn 0.0404 -0.4234 -0.9050
vn -0.1173 -0.0509 -0.9918
vn 0.4918 -0.7713 -0.4039
vn 0.1136 -0.3782 -0.9187
vn 0.0158 0.0275 -0.9995
vn 0.4855 -0.7819 -0.3910
vn 0.2043 -0.3264 -0.9229
vn 0.1281 0.0797 -0.9885
vn 0.4704 -0.7969 -0.3791
vn 0.2709 -0.2926 -0.9171
vn 0.1957 0.1032 -0.9752
vn 0.4439 -0.8130 -0.3767
vn 0.2946 -0.2847 -0.9122
vn 0.2364 0.1120 -0.9652
vn 0.4028 -0.8295 -0.3869
vn 0.2852 -0.2890 -0.9139
vn 0.2681 0.1140 -0.9566
vn 0.3380 -0.8505 -0.4031
vn 0.2623 -0.2913 -0.9200
vn 0.2988 0.1115 -0.9478
vn 0.2431 -0.8708 -0.4273
vn 0.2420 -0.2890 -0.9262
vn 0.3266 0.1057 -0.9392
vn 0.1342 -0.8794 -0.4568
vn 0.2273 -0.2844 -0.9314
vn 0.3511 0.0977 -0.9312
vn 0.0333 -0.8731 -0.4865
vn 0.2141 -0.2808 -0.9356
vn 0.3739 0.0874 -0.9234
vn -0.0504 -0.8568 -0.5133
vn 0.1949 -0.2762 -0.9411
vn 0.3966 0.0729 -0.9151
vn -0.1253 -0.8339 -0.5376
vn 0.1660 -0.2647 -0.9499
vn 0.4131 0.0577 -0.9089
vn -0.2099 -0.7979 -0.5651
vn 0.1312 -0.2357 -0.9629
vn 0.4138 0.0561 -0.9086
vn -0.3134 -0.7358 -0.6003
vn 0.0969 -0.1864 -0.9777
vn 0.3985 0.0804 -0.9137
vn -0.4198 -0.6417 -0.6419
vn 0.0702 -0.1258 -0.9896
vn 0.3667 0.1359 -0.9204
vn -0.5042 -0.5338 -0.6788
vn 0.0549 -0.0673 -0.9962
vn 0.3053 0.2232 -0.9257
vn -0.5541 -0.4473 -0.7020
vn 0.0439 -0.0159 -0.9989
vn 0.2435 0.2940 -0.9243
vn -0.5627 -0.4198 -0.7121
vn 0.0042 0.0002 -1.0000
vn 0.0934 0.3647 -0.9264
vn -0.5160 -0.4701 -0.7160
vn 0.0149 0.0830 -0.9964
vn -0.0255 0.3879 -0.9213
vn -0.4770 -0.5373 -0.6956
vn -0.0167 -0.0077 -0.9998
vn -0.0097 0.3836 -0.9234
vn -0.2232 -0.6191 -0.7530
vn -0.0052 0.0072 -1.0000
vn 0.0003 0.3828 -0.9238
vn 0.0075 -0.7136 -0.7005
vn 0.0087 -0.0060 -0.9999
vn 0.0000 0.3827 -0.9239
vn 0.0096 -0.7049 -0.7093
vn -0.3176 -0.9482 0.0061
vn 0.0000 0.0014 -1.0000
vn 0.0311 -0.9995 -0.0018
vn 0.0214 -0.7106 -0.7033
vn 0.0223 -0.9998 0.0018
vn -0.0087 -0.0060 -0.9999
vn -0.0003 0.3828 -0.9238
vn 0.0000 -0.7056 -0.7086
vn 0.0052 0.0072 -1.0000
vn 0.0097 0.3836 -0.9234
vn -0.0214 -0.7106 -0.7033
vn -0.0096 -0.7049 -0.7093
vn 0.0167 -0.0077 -0.9998
vn 0.0255 0.3879 -0.9213
vn -0.0075 -0.7136 -0.7005
vn -0.0149 0.0830 -0.9964
vn -0.0934 0.3647 -0.9264
vn 0.2232 -0.6191 -0.7530
vn -0.0042 0.0002 -1.0000
vn -0.2435 0.2940 -0.9243
vn 0.4770 -0.5373 -0.6956
vn -0.0439 -0.0159 -0.9989
vn -0.3053 0.2232 -0.9257
vn 0.5160 -0.4701 -0.7160
vn -0.0549 -0.0673 -0.9962
vn -0.3667 0.1359 -0.9204
vn 0.5627 -0.4198 -0.7121
vn -0.0702 -0.1258 -0.9896
vn -0.3985 0.0804 -0.9137
vn 0.5541 -0.4473 -0.7020
vn -0.0969 -0.1864 -0.9777
vn -0.4138 0.0561 -0.9086
vn 0.5042 -0.5338 -0.6788
vn -0.1312 -0.2357 -0.9629
vn -0.4131 0.0577 -0.9089
vn 0.4198 -0.6417 -0.6419
vn -0.1660 -0.2647 -0.9499
vn -0.3966 0.0729 -0.9151
vn 0.3134 -0.7358 -0.6003
vn -0.1949 -0.2762 -0.9411
vn -0.3739 0.0874 -0.9234
vn 0.2099 -0.7979 -0.5651
vn -0.2141 -0.2808 -0.9356
vn -0.3511 0.0977 -0.9312
vn 0.1252 -0.8339 -0.5376
vn -0.2273 -0.2844 -0.9314
vn -0.3266 0.1057 -0.9392
vn 0.0504 -0.8568 -0.5133
vn -0.2420 -0.2890 -0.9262
vn -0.2988 0.1115 -0.9478
vn -0.0333 -0.8731 -0.4865
vn -0.2623 -0.2913 -0.9200
vn -0.2681 0.1140 -0.9566
vn -0.1342 -0.8794 -0.4568
vn -0.2852 -0.2890 -0.9139
vn -0.2364 0.1120 -0.9652
vn -0.2431 -0.8708 -0.4273
vn -0.2946 -0.2847 -0.9122
vn -0.1957 0.1032 -0.9752
vn -0.3380 -0.8505 -0.4031
vn -0.2709 -0.2926 -0.9171
vn -0.1281 0.0797 -0.9885
vn -0.4028 -0.8295 -0.3870
vn -0.2043 -0.3264 -0.9229
vn -0.0158 0.0275 -0.9995
vn -0.4439 -0.8130 -0.3768
vn -0.1136 -0.3782 -0.9187
vn 0.1173 -0.0509 -0.9918
vn -0.4704 -0.7969 -0.3791
vn -0.0404 -0.4234 -0.9050
vn 0.2170 -0.1224 -0.9685
vn -0.4855 -0.7819 -0.3910
vn -0.0041 -0.4441 -0.8959
vn 0.2627 -0.1599 -0.9515
vn -0.4918 -0.7713 -0.4039
vn 0.0017 -0.4461 -0.8950
vn 0.2724 -0.1682 -0.9474
vn -0.4982 -0.7633 -0.4113
vn -0.0058 -0.4410 -0.8975
vn 0.2709 -0.1668 -0.9480
vn -0.5115 -0.7514 -0.4170
vn -0.0182 -0.4308 -0.9022
vn 0.2680 -0.1637 -0.9494
vn -0.5333 -0.7306 -0.4265
vn -0.0341 -0.4155 -0.9090
vn 0.2638 -0.1592 -0.9514
vn -0.5619 -0.7008 -0.4395
vn -0.0442 -0.3998 -0.9155
vn 0.2602 -0.1547 -0.9531
vn -0.5843 -0.6746 -0.4511
vn -0.0447 -0.3939 -0.9181
vn 0.2589 -0.1529 -0.9537
vn -0.5890 -0.6681 -0.4547
vn -0.0364 -0.3990 -0.9162
vn 0.2597 -0.1538 -0.9534
vn -0.5754 -0.6834 -0.4493
vn -0.0182 -0.4120 -0.9110
vn 0.2603 -0.1548 -0.9530
vn -0.5395 -0.7208 -0.4352
vn 0.0209 -0.4329 -0.9012
vn 0.2580 -0.1535 -0.9539
vn -0.4514 -0.7963 -0.4027
vn 0.1264 -0.4506 -0.8837
vn 0.2494 -0.1502 -0.9567
vn -0.1523 -0.9400 -0.3053
vn 0.3251 -0.4198 -0.8474
vn 0.2493 -0.1522 -0.9564
vn 0.5292 -0.8436 -0.0907
vn 0.5362 -0.3142 -0.7834
vn 0.8732 -0.4852 -0.0456
vn 0.9576 -0.2811 -0.0625
vn 0.7115 -0.2241 0.6660
vn 0.6518 -0.3898 0.6506
vn 0.0484 -0.0186 0.9987
vn 0.0347 -0.0401 0.9986
vn 0.0080 -0.0887 0.9960
vn 0.2783 -0.7318 0.6221
vn -0.1749 -0.1510 0.9729
vn -0.3627 -0.8123 0.4567
vn -0.3581 -0.1671 0.9186
vn -0.6561 -0.6737 0.3401
vn -0.4677 -0.1411 0.8725
vn -0.7430 -0.5985 0.2995
vn -0.5073 -0.1184 0.8536
vn -0.7775 -0.5620 0.2821
vn -0.5232 -0.1070 0.8455
vn -0.7903 -0.5478 0.2746
vn -0.5300 -0.1033 0.8417
vn -0.7862 -0.5535 0.2749
vn -0.5320 -0.1065 0.8400
vn -0.7661 -0.5769 0.2832
vn -0.5280 -0.1149 0.8414
vn -0.7408 -0.6034 0.2954
vn -0.5199 -0.1226 0.8454
vn -0.7213 -0.6218 0.3051
vn -0.5129 -0.1272 0.8490
vn -0.7092 -0.6325 0.3115
vn -0.5081 -0.1301 0.8514
vn -0.6921 -0.6459 0.3222
vn -0.4919 -0.1436 0.8587
vn -0.6426 -0.6831 0.3469
vn -0.4328 -0.1924 0.8807
vn -0.5455 -0.7499 0.3743
vn -0.3135 -0.2776 0.9081
vn -0.4204 -0.8238 0.3803
vn -0.1626 -0.3672 0.9158
vn -0.3009 -0.8824 0.3616
vn -0.0320 -0.4313 0.9016
vn -0.1887 -0.9236 0.3337
vn 0.0637 -0.4694 0.8807
vn -0.0654 -0.9518 0.2998
vn 0.1451 -0.4914 0.8587
vn 0.0669 -0.9621 0.2642
vn 0.2255 -0.4978 0.8374
vn 0.1905 -0.9544 0.2296
vn 0.3016 -0.4920 0.8167
vn 0.2953 -0.9346 0.1983
vn 0.3674 -0.4779 0.7979
vn 0.3885 -0.9060 0.1677
vn 0.4257 -0.4607 0.7788
vn 0.4897 -0.8618 0.1318
vn 0.4867 -0.4372 0.7563
vn 0.6087 -0.7886 0.0874
vn 0.5558 -0.3994 0.7291
vn 0.7265 -0.6860 0.0406
vn 0.6197 -0.3465 0.7042
vn 0.8140 -0.5808 0.0057
vn 0.6579 -0.2989 0.6912
vn 0.8581 -0.5135 -0.0088
vn 0.6631 -0.2831 0.6929
vn 0.8522 -0.5231 -0.0057
vn 0.6330 -0.3199 0.7050
vn 0.7731 -0.6343 0.0046
vn 0.5499 -0.4231 0.7201
vn 0.6743 -0.7383 0.0126
vn 0.4712 -0.5261 0.7079
vn 0.3176 -0.9482 0.0061
vn 0.1798 -0.6249 0.7597
vn -0.0311 -0.9995 -0.0018
vn -0.0398 -0.7147 0.6983
vn -0.0223 -0.9998 0.0018
vn -0.0241 -0.7030 0.7108
vn -0.0249 -0.9997 0.0011
vn -0.0174 -0.7095 0.7045
vn 0.0000 -1.0000 -0.0016
vn 0.0000 -0.7073 0.7069
vn 0.0174 -0.7095 0.7045
vn 0.0249 -0.9997 0.0011
vn 0.0241 -0.7030 0.7108
vn 0.0398 -0.7147 0.6983
vn 0.0325 -0.0102 0.9994
vn 0.0628 0.0781 0.9950
vn -0.1798 -0.6249 0.7597
vn 0.0172 0.0101 0.9998
vn -0.4712 -0.5261 0.7079
vn 0.0072 0.0428 0.9991
vn -0.6743 -0.7383 0.0126
vn -0.5499 -0.4231 0.7201
vn -0.0339 0.0704 0.9969
vn -0.7731 -0.6343 0.0046
vn -0.6330 -0.3199 0.7050
vn -0.0753 0.1133 0.9907
vn -0.8522 -0.5231 -0.0057
vn -0.6631 -0.2831 0.6929
vn -0.1165 0.1612 0.9800
vn -0.8581 -0.5135 -0.0088
vn -0.6579 -0.2989 0.6912
vn -0.1538 0.1999 0.9677
vn -0.8140 -0.5808 0.0057
vn -0.6197 -0.3465 0.7042
vn -0.1820 0.2264 0.9569
vn -0.7265 -0.6860 0.0406
vn -0.5558 -0.3994 0.7291
vn -0.2015 0.2446 0.9485
vn -0.6087 -0.7886 0.0874
vn -0.4867 -0.4372 0.7563
vn -0.2150 0.2545 0.9429
vn -0.4897 -0.8618 0.1318
vn -0.4257 -0.4607 0.7788
vn -0.2254 0.2585 0.9394
vn -0.3886 -0.9060 0.1677
vn -0.3674 -0.4779 0.7979
vn -0.2377 0.2586 0.9363
vn -0.2953 -0.9346 0.1983
vn -0.3016 -0.4920 0.8167
vn -0.2544 0.2586 0.9319
vn -0.1905 -0.9544 0.2296
vn -0.2255 -0.4978 0.8374
vn -0.2733 0.2577 0.9268
vn -0.0669 -0.9621 0.2642
vn -0.1451 -0.4914 0.8587
vn -0.2798 0.2593 0.9244
vn 0.0654 -0.9518 0.2998
vn -0.0637 -0.4694 0.8807
vn -0.2532 0.2694 0.9291
vn 0.1887 -0.9236 0.3337
vn 0.0320 -0.4313 0.9016
vn -0.1819 0.3002 0.9364
vn 0.3009 -0.8824 0.3616
vn 0.1627 -0.3672 0.9158
vn -0.0894 0.3553 0.9305
vn 0.4204 -0.8238 0.3803
vn 0.3135 -0.2776 0.9081
vn -0.0200 0.4116 0.9111
vn 0.5454 -0.7499 0.3743
vn 0.4328 -0.1924 0.8807
vn 0.0086 0.4447 0.8956
vn 0.6426 -0.6831 0.3469
vn 0.4919 -0.1436 0.8587
vn 0.0117 0.4510 0.8924
vn 0.6921 -0.6459 0.3222
vn 0.5081 -0.1301 0.8514
vn 0.0060 0.4448 0.8956
vn 0.7092 -0.6325 0.3115
vn 0.5129 -0.1272 0.8490
vn -0.0039 0.4335 0.9011
vn 0.7213 -0.6218 0.3051
vn 0.5199 -0.1226 0.8454
vn -0.0179 0.4181 0.9082
vn 0.7408 -0.6034 0.2954
vn 0.5280 -0.1149 0.8414
vn -0.0320 0.4063 0.9132
vn 0.7661 -0.5769 0.2832
vn 0.5320 -0.1065 0.8400
vn -0.0383 0.4041 0.9139
vn 0.7862 -0.5535 0.2749
vn 0.5300 -0.1033 0.8417
vn -0.0353 0.4119 0.9106
vn 0.7903 -0.5478 0.2746
vn 0.5232 -0.1070 0.8455
vn -0.0240 0.4304 0.9023
vn 0.7775 -0.5620 0.2821
vn 0.5073 -0.1184 0.8536
vn 0.0035 0.4685 0.8835
vn 0.7430 -0.5985 0.2995
vn 0.4677 -0.1411 0.8725
vn 0.0960 0.5495 0.8300
vn 0.6561 -0.6737 0.3401
vn 0.3581 -0.1671 0.9186
vn 0.3520 0.5698 0.7426
vn 0.1749 -0.1510 0.9729
vn 0.5780 0.3786 0.7229
vn -0.0080 -0.0887 0.9960
vn 0.6510 0.1917 0.7344
vn 0.0674 -0.7499 -0.6581
vn 0.6549 -0.6541 -0.3786
vn 0.5850 -0.7688 -0.2583
vn 0.1610 -0.8401 -0.5181
vn 0.6468 -0.7384 -0.1908
vn -0.7502 -0.3151 -0.5812
vn 0.1589 -0.9690 -0.1890
vn 0.7173 -0.6965 0.0176
vn -0.7436 -0.4991 -0.4449
vn -0.9467 0.3193 -0.0425
vn -0.7141 -0.7000 -0.0123
vn 0.2631 -0.9574 0.1191
vn 0.6668 -0.7108 -0.2241
vn -0.9724 0.1692 -0.1605
vn -0.8553 0.4899 -0.1689
vn 0.4186 -0.8634 0.2816
vn 0.6070 -0.7698 -0.1977
vn -0.5274 -0.6910 0.4944
vn 0.5034 -0.7488 0.4312
vn 0.4625 -0.8705 -0.1682
vn -0.2557 -0.4482 0.8566
vn -0.9745 -0.1816 0.1319
vn -0.8191 -0.1354 0.5575
vn -0.0083 -0.1249 0.9921
vn 0.5375 -0.7360 0.4117
vn 0.4556 -0.8832 -0.1114
vn -0.6294 0.1333 0.7656
vn 0.6064 -0.7024 0.3728
vn 0.2449 -0.9694 -0.0185
vn 0.2734 -0.0345 0.9613
vn -0.4098 0.3785 0.8299
vn -0.5257 0.6238 0.5785
vn -0.2002 0.6929 0.6927
vn 0.4562 0.1758 0.8723
vn -0.2590 0.9648 0.0446
vn 0.5814 -0.7092 0.3987
vn -0.1140 0.8727 0.4747
vn -0.5224 0.8395 -0.1494
vn 0.6035 0.2362 0.7616
vn 0.5163 -0.6670 0.5371
vn -0.1090 -0.9264 0.3604
vn 0.8496 -0.5275 -0.0031
vn 0.1143 0.9268 0.3576
vn 0.8257 0.2362 0.5123
vn 0.8403 -0.3650 0.4009
vn 0.7891 -0.5282 0.3136
vn -0.4899 0.8150 -0.3095
vn -0.6356 0.3764 -0.6740
vn -0.5353 0.6881 -0.4899
vn 0.4063 0.9109 0.0725
vn 0.9838 0.0710 0.1649
vn 0.8172 -0.5060 0.2762
vn 0.6573 -0.7339 0.1712
vn -0.3704 0.8213 -0.4339
vn 0.6051 0.7240 -0.3311
vn 0.9716 -0.1585 -0.1760
vn -0.4299 0.7786 -0.4572
vn 0.1528 0.9607 0.2318
vn -0.3050 0.7658 -0.5661
vn -0.3270 0.6694 -0.6670
vn 0.5814 0.4215 -0.6960
vn 0.7886 -0.4941 -0.3660
vn 0.7334 -0.6582 0.1697
vn 0.3558 0.0753 -0.9315
vn 0.5449 -0.8284 0.1295
vn 0.3896 -0.9119 0.1293
vn 0.4065 -0.8259 -0.3908
vn 0.1369 -0.9740 -0.1804
vn 0.2184 -0.9755 0.0277
vn -0.2603 -0.8873 -0.3808
vn 0.0352 -0.2890 -0.9567
vn -0.3678 0.5801 -0.7267
vn -0.2422 -0.4564 -0.8562
vn -0.3872 0.5289 -0.7552
vn -0.2346 0.7340 -0.6374
vn -0.4975 -0.3990 -0.7702
vn -0.5287 -0.7368 -0.4215
vn -0.4296 0.2851 -0.8568
vn -0.5832 -0.7161 -0.3835
vn -0.1640 -0.6888 -0.7062
vn -0.5735 -0.4950 -0.6527
vn -0.4756 0.1770 -0.8617
vn -0.3885 -0.2125 -0.8966
vn 0.0709 -0.5365 -0.8409
vn 0.2995 -0.6723 -0.6769
vn 0.0318 -0.5710 -0.8204
vn -0.3430 0.6501 -0.6780
vn 0.2238 -0.6732 -0.7048
vn -0.5381 -0.1059 -0.8362
vn -0.2195 0.7964 -0.5635
vn -0.4794 -0.0420 -0.8766
vn -0.7710 0.6068 -0.1933
vn 0.2603 -0.6398 -0.7231
vn -0.0040 -0.5253 -0.8509
vn -0.7165 0.6441 -0.2679
vn -0.6190 0.7451 0.2481
vn -0.6009 0.7672 0.2245
vn -0.4333 0.8801 0.1943
vn -0.2926 0.1110 -0.9498
vn -0.5113 0.8091 -0.2897
vn -0.2245 0.9555 0.1912
vn 0.1858 -0.7476 -0.6376
vn -0.0257 0.2236 -0.9743
vn -0.1830 0.9263 -0.3293
vn 0.0674 0.9708 0.2303
vn 0.1720 -0.6510 -0.7393
vn 0.3975 0.3064 -0.8649
vn 0.2258 0.9420 -0.2484
vn -0.1371 -0.2439 -0.9601
vn -0.0346 -0.4145 -0.9094
vn 0.5506 0.2127 -0.8072
vn 0.4369 0.8779 -0.1960
vn -0.3515 0.4031 -0.8450
vn 0.0000 0.1945 -0.9809
vn -0.4063 0.2059 -0.8902
vn 0.0000 -0.0857 -0.9963
vn -0.8598 0.3794 -0.3418
vn -0.3868 -0.1990 -0.9004
vn -0.4136 -0.0916 -0.9058
vn -0.9196 0.1921 -0.3428
vn -0.9324 -0.0741 -0.3536
vn -0.9273 -0.1939 -0.3201
vn -0.8880 0.1886 0.4193
vn -0.8600 0.3686 0.3528
vn -0.3610 0.3720 0.8551
vn -0.8952 -0.0925 0.4360
vn -0.8783 -0.2083 0.4303
vn -0.3995 0.1786 0.8992
vn -0.4091 -0.0936 0.9077
vn -0.4685 -0.1924 0.8622
vn 0.2755 0.1962 0.9411
vn 0.3600 0.3808 0.8517
vn 0.8498 0.3859 0.3589
vn 0.2802 -0.0924 0.9555
vn 0.2746 -0.2118 0.9379
vn 0.8982 0.2076 0.3875
vn 0.9140 -0.0929 0.3949
vn 0.8888 -0.2051 0.4099
vn 0.8984 0.2054 -0.3882
vn 0.8506 0.3931 -0.3493
vn 0.6579 0.3718 -0.6549
vn 0.7018 0.1912 -0.6863
vn 0.9148 -0.0884 -0.3940
vn 0.9075 -0.2008 -0.3689
vn 0.7113 -0.0829 -0.6980
vn 0.6934 -0.1965 -0.6932
vn 0.7175 -0.6963 0.0167
vn 0.2634 -0.9573 0.1189
vn 0.6669 -0.7107 -0.2241
vn -0.8553 0.4898 -0.1687
vn 0.4187 -0.8633 0.2817
vn -0.5274 -0.6910 0.4943
vn -0.2558 -0.4481 0.8566
vn -0.8190 -0.1353 0.5576
vn -0.0084 -0.1249 0.9921
vn -0.6292 0.1334 0.7657
vn 0.6063 -0.7025 0.3727
vn 0.2734 -0.0346 0.9613
vn -0.4099 0.3784 0.8299
vn -0.5257 0.6237 0.5785
vn 0.4563 0.1756 0.8723
vn 0.5815 -0.7092 0.3986
vn 0.5159 -0.6672 0.5374
vn 0.8489 -0.5286 -0.0001
vn 0.8257 0.2362 0.5122
vn 0.8400 -0.3654 0.4010
vn 0.7890 -0.5283 0.3136
vn 0.4062 0.9109 0.0724
vn 0.9838 0.0711 0.1646
vn 0.8172 -0.5060 0.2760
vn 0.1528 0.9607 0.2319
vn -0.3678 0.5801 -0.7268
vn -0.1639 -0.6891 -0.7059
vn -0.3886 -0.2125 -0.8966
vn 0.0702 -0.5359 -0.8413
vn 0.2993 -0.6725 -0.6769
vn 0.0319 -0.5711 -0.8203
vn 0.2238 -0.6731 -0.7049
vn 0.2602 -0.6399 -0.7231
vn -0.0040 -0.5254 -0.8509
vn 0.1857 -0.7478 -0.6375
vn 0.0673 0.9708 0.2304
vn 0.3974 0.3063 -0.8650
vn 0.2260 0.9419 -0.2484
vn 0.5507 0.2126 -0.8072
vn 0.4369 0.8779 -0.1959
vn 0.6712 -0.0220 0.7410
vn 0.3406 -0.1703 0.9246
vn -0.3162 -0.0681 0.9462
vn 0.6800 0.0232 0.7329
vn -0.4797 -0.1165 0.8697
vn -0.6794 -0.0177 0.7335
vn 0.3770 0.0196 0.9260
vn -0.3770 0.0196 0.9260
vn -0.6800 0.0232 0.7329
vn 0.3103 0.3374 0.8887
vn 0.5360 0.3336 0.7755
vn 0.6641 0.6208 0.4167
vn -0.3081 0.3414 0.8880
vn -0.5410 0.3383 0.7700
vn 0.3648 0.7343 0.5724
vn 0.6852 0.7271 0.0429
vn -0.3641 0.7276 0.5814
vn -0.6556 0.6178 0.4341
vn 0.3832 0.9177 0.1051
vn -0.3897 0.9159 0.0956
vn -0.6766 0.7355 0.0358
vn -0.6947 0.6162 -0.3710
vn -0.4084 0.7698 -0.4905
vn 0.4051 0.7686 -0.4951
vn 0.6980 0.6123 -0.3713
vn 0.5894 0.3226 -0.7406
vn -0.3339 0.2864 -0.8980
vn -0.5849 0.3190 -0.7457
vn 0.3327 0.2891 -0.8976
vn 0.6712 -0.0021 -0.7412
vn -0.6713 -0.0021 -0.7412
vn 0.3710 -0.0098 -0.9286
vn 0.6682 0.0049 -0.7440
vn -0.3710 -0.0098 -0.9286
vn 0.3704 0.0125 -0.9288
vn -0.3704 0.0125 -0.9288
vn -0.6682 0.0049 -0.7440
vn 0.4595 -0.5567 -0.6921
vn 0.8194 -0.5731 -0.0121
vn -0.4595 -0.5567 -0.6921
vn -0.8194 -0.5731 -0.0121
vn 0.4726 -0.8813 -0.0039
vn -0.4726 -0.8813 -0.0039
vn -0.8317 -0.5540 0.0380
vn -0.4620 -0.8866 0.0215
vn -0.7083 -0.7054 0.0268
vn -0.3808 -0.9246 0.0082
vn 0.4551 -0.8898 0.0332
vn 0.2494 -0.9684 0.0086
vn 0.8308 -0.5534 0.0584
vn 0.5655 -0.8238 0.0394
vn -0.8104 0.0771 -0.5808
vn -0.4899 0.1157 -0.8641
vn -0.4677 -0.1296 -0.8743
vn 0.8296 -0.0260 -0.5577
vn 0.7569 -0.2964 -0.5824
vn -0.3988 -0.4010 -0.8247
vn -0.7459 -0.2569 -0.6145
vn -0.6669 -0.6073 -0.4317
vn 0.3893 -0.4209 -0.8194
vn 0.3376 -0.7767 -0.5318
vn 0.6494 -0.6207 -0.4394
vn -0.3267 -0.7775 -0.5374
vn -0.5991 -0.7987 -0.0560
vn 0.3012 -0.9518 -0.0576
vn 0.5834 -0.8092 -0.0688
vn 0.6382 -0.6602 0.3960
vn -0.2954 -0.9534 -0.0618
vn 0.3114 -0.8258 0.4701
vn -0.3190 -0.8215 0.4727
vn -0.6216 -0.6497 0.4377
vn -0.7244 -0.2281 0.6505
vn -0.3998 -0.4107 0.8195
vn 0.3924 -0.4037 0.8265
vn 0.7295 -0.2091 0.6513
vn -0.8218 0.0213 0.5694
vn -0.4331 0.1071 0.8949
vn -0.5869 0.6022 0.5411
vn 0.4331 0.1071 0.8949
vn 0.8218 0.0213 0.5694
vn 0.5869 0.6022 0.5411
vn -0.2521 0.6854 0.6832
vn 0.2521 0.6854 0.6832
vn 0.3739 0.9218 0.1020
vn 0.7279 0.6839 0.0504
vn 0.7199 0.6877 -0.0939
vn -0.3739 0.9218 0.1020
vn -0.7279 0.6839 0.0504
vn 0.6391 0.7502 -0.1696
vn 0.3068 0.9223 -0.2350
vn -0.2088 0.9541 -0.2145
vn -0.3840 0.9140 -0.1308
vn 0.6712 -0.0220 0.7409
vn 0.3769 -0.0067 0.9262
vn 0.6641 0.6207 0.4167
vn 0.3328 0.2891 -0.8976
vn 0.6713 -0.0021 -0.7412
vn 0.6808 -0.5382 -0.4968
vn -0.6670 -0.6072 -0.4317
vn 0.3892 -0.4209 -0.8194
vn 0.3376 -0.7767 -0.5317
vn 0.6494 -0.6206 -0.4394
vn -0.5992 -0.7987 -0.0560
vn 0.5835 -0.8092 -0.0688
vn 0.3739 0.9219 0.1020
vn 0.7278 0.6839 0.0504
vn 0.7199 0.6877 -0.0940
vn 0.6714 -0.0220 0.7408
vn 0.3408 -0.1703 0.9246
vn 0.2371 -0.0908 0.9672
vn 0.3770 -0.0067 0.9262
vn -0.3164 -0.0681 0.9462
vn 0.6799 0.0232 0.7329
vn -0.4799 -0.1165 0.8696
vn -0.6797 -0.0177 0.7333
vn -0.3770 -0.0067 0.9262
vn -0.3771 0.0196 0.9259
vn -0.6802 0.0232 0.7327
vn 0.3259 0.4354 0.8392
vn 0.5398 0.4054 0.7377
vn 0.6688 0.6536 0.3542
vn -0.3189 0.4469 0.8358
vn -0.5526 0.4148 0.7229
vn 0.3685 0.8025 0.4693
vn 0.6759 0.7309 0.0943
vn -0.3636 0.7954 0.4849
vn -0.6658 0.6441 0.3766
vn -0.3769 0.9127 0.1582
vn -0.6961 0.6634 -0.2745
vn -0.4075 0.8487 -0.3370
vn 0.4053 0.8464 -0.3455
vn 0.7003 0.6563 -0.2807
vn 0.6066 0.3893 -0.6932
vn -0.3549 0.3689 -0.8591
vn -0.5986 0.3843 -0.7028
vn 0.3522 0.3745 -0.8577
vn 0.6715 -0.0021 -0.7410
vn -0.6715 -0.0021 -0.7410
vn 0.3711 -0.0098 -0.9285
vn 0.6681 0.0049 -0.7440
vn -0.3711 -0.0098 -0.9285
vn -0.3705 0.0125 -0.9287
vn -0.6684 0.0049 -0.7438
vn 0.4596 -0.5566 -0.6921
vn 0.6810 -0.5381 -0.4967
vn -0.4596 -0.5567 -0.6920
vn -0.6810 -0.5381 -0.4967
vn -0.7084 -0.7053 0.0268
vn -0.3809 -0.9246 0.0082
vn 0.2495 -0.9683 0.0086
vn 0.8308 -0.5534 0.0583
vn 0.5656 -0.8237 0.0393
vn -0.2985 0.2486 -0.9215
vn 0.6225 0.1418 -0.7697
vn 0.4501 -0.1135 -0.8857
vn 0.8295 -0.0260 -0.5580
vn 0.7521 -0.3679 -0.5468
vn -0.3912 -0.4786 -0.7861
vn -0.7427 -0.3343 -0.5803
vn -0.6624 -0.6524 -0.3682
vn 0.3794 -0.4960 -0.7811
vn 0.3405 -0.8229 -0.4549
vn 0.6468 -0.6680 -0.3679
vn -0.3324 -0.8229 -0.4608
vn -0.5956 -0.7960 -0.1079
vn 0.3023 -0.9461 -0.1158
vn 0.5798 -0.8053 -0.1239
vn 0.6399 -0.7190 0.2712
vn -0.2970 -0.9476 -0.1173
vn -0.3221 -0.8815 0.3453
vn -0.6294 -0.7151 0.3042
vn -0.7355 -0.2845 0.6149
vn -0.3959 -0.4853 0.7796
vn 0.3899 -0.4802 0.7857
vn 0.7405 -0.2652 0.6175
vn -0.4332 0.1071 0.8949
vn -0.5870 0.6022 0.5411
vn 0.4330 0.1071 0.8950
vn 0.8216 0.0213 0.5696
vn 0.5870 0.6022 0.5411
vn -0.2521 0.6853 0.6832
vn 0.3741 0.9218 0.1020
vn 0.7282 0.6835 0.0503
vn 0.7202 0.6873 -0.0939
vn -0.3741 0.9218 0.1020
vn -0.7282 0.6835 0.0503
vn 0.3841 0.9158 -0.1174
vn 0.3068 0.9223 -0.2349
vn -0.2089 0.9542 -0.2144
vn -0.3841 0.9158 -0.1174
vn -0.7083 0.7000 -0.0909
vn -0.3840 0.9140 -0.1306
vn 0.8810 0.0538 0.4700
vn 0.3462 0.0415 0.9372
vn 0.3302 0.3819 0.8632
vn 0.6430 0.0783 0.7618
vn 0.8414 -0.5308 0.1015
vn 0.2559 -0.5978 0.7597
vn 0.3655 -0.3029 0.8802
vn 0.7624 -0.6461 -0.0358
vn 0.0119 -0.9122 0.4097
vn 0.3020 -0.8811 0.3641
vn 0.3805 -0.9127 0.1487
vn -0.2671 -0.7236 0.6364
vn 0.1711 -0.8337 0.5251
vn 0.0459 -0.8519 0.5217
vn -0.3710 -0.5004 0.7823
vn 0.1068 -0.8421 0.5287
vn 0.2173 -0.9608 0.1721
vn 0.3159 -0.9431 -0.1037
vn 0.3989 -0.8841 0.2433
vn 0.2390 -0.8493 0.4708
vn 0.2995 -0.9087 0.2908
vn 0.5898 -0.7443 0.3135
vn -0.3730 -0.3957 0.8392
vn 0.8813 0.0542 0.4695
vn 0.6433 0.0782 0.7616
vn 0.8414 -0.5309 0.1012
vn 0.2558 -0.5979 0.7597
vn 0.7626 -0.6458 -0.0360
vn 0.0118 -0.9122 0.4097
vn 0.3810 -0.9126 0.1485
vn -0.2670 -0.7238 0.6363
vn -0.6095 0.5663 0.5547
vn -0.6097 0.5660 0.5549
vn -0.7804 0.6086 0.1433
vn -0.6134 0.5619 0.5550
vn -0.9215 0.3884 -0.0080
vn -0.6231 0.4030 0.6703
vn -0.7593 0.5734 -0.3075
vn -0.7826 0.2008 0.5893
vn -0.9041 0.2011 0.3769
vn -0.7807 0.6083 0.1434
vn -0.6135 0.5619 0.5549
vn -0.9213 0.3887 -0.0081
vn -0.6230 0.4029 0.6705
vn -0.7593 0.5735 -0.3074
vn -0.9042 0.2014 0.3766
vn 0.0772 -0.9858 0.1494
vn -0.0453 -0.9880 0.1475
vn 0.0066 -0.9999 0.0104
vn 0.1524 -0.9860 0.0680
vn -0.1313 -0.9896 0.0594
vn 0.1364 -0.9896 -0.0465
vn -0.1331 -0.9896 -0.0548
vn 0.0548 -0.9896 -0.1331
vn -0.0548 -0.9896 -0.1331
vn 0.0056 -0.9999 0.0117
vn -0.0772 -0.9858 0.1494
vn -0.0066 -0.9999 0.0104
vn 0.0453 -0.9880 0.1475
vn -0.1524 -0.9860 0.0680
vn 0.1313 -0.9896 0.0594
vn -0.1364 -0.9896 -0.0465
vn 0.1331 -0.9896 -0.0548
vn 0.3910 0.9204 -0.0000
vn 0.0040 1.0000 0.0005
vn 0.0041 1.0000 0.0000
vn 0.0040 1.0000 -0.0005
vn 0.3776 0.9204 0.1012
vn 0.0040 1.0000 0.0011
vn 0.0037 1.0000 0.0015
vn 0.3776 0.9204 -0.1012
vn 0.0040 1.0000 -0.0011
vn 0.0037 1.0000 -0.0015
vn 0.3386 0.9204 0.1955
vn 0.0036 1.0000 0.0021
vn 0.0032 1.0000 0.0025
vn 0.3386 0.9204 -0.1955
vn 0.0036 1.0000 -0.0021
vn 0.0032 1.0000 -0.0025
vn 0.2764 0.9204 0.2764
vn 0.0029 1.0000 0.0029
vn 0.0025 1.0000 0.0032
vn 0.2764 0.9204 -0.2764
vn 0.0029 1.0000 -0.0029
vn 0.0025 1.0000 -0.0032
vn 0.1955 0.9204 0.3386
vn 0.0021 1.0000 0.0036
vn 0.0015 1.0000 0.0037
vn 0.1955 0.9204 -0.3386
vn 0.0021 1.0000 -0.0036
vn 0.0015 1.0000 -0.0037
vn 0.1012 0.9204 0.3776
vn 0.0011 1.0000 0.0040
vn 0.0005 1.0000 0.0040
vn 0.1012 0.9204 -0.3776
vn 0.0011 1.0000 -0.0040
vn 0.0005 1.0000 -0.0040
vn 0.0000 0.9204 0.3910
vn -0.0000 1.0000 0.0041
vn -0.0005 1.0000 0.0040
vn 0.0000 0.9204 -0.3910
vn -0.0000 1.0000 -0.0041
vn -0.0005 1.0000 -0.0040
vn -0.1012 0.9204 0.3776
vn -0.0011 1.0000 0.0040
vn -0.0015 1.0000 0.0037
vn -0.1012 0.9204 -0.3776
vn -0.0011 1.0000 -0.0040
vn -0.0015 1.0000 -0.0037
vn -0.1955 0.9204 0.3386
vn -0.0021 1.0000 0.0036
vn -0.0025 1.0000 0.0032
vn -0.1955 0.9204 -0.3386
vn -0.0021 1.0000 -0.0036
vn -0.0025 1.0000 -0.0032
vn -0.2765 0.9204 0.2765
vn -0.0029 1.0000 0.0029
vn -0.0032 1.0000 0.0025
vn -0.2764 0.9204 -0.2764
vn -0.0029 1.0000 -0.0029
vn -0.0032 1.0000 -0.0025
vn -0.3386 0.9204 0.1955
vn -0.0036 1.0000 0.0021
vn -0.0037 1.0000 0.0015
vn -0.3386 0.9204 -0.1955
vn -0.0036 1.0000 -0.0021
vn -0.0037 1.0000 -0.0015
vn -0.3776 0.9204 0.1012
vn -0.0040 1.0000 0.0011
vn -0.0040 1.0000 0.0005
vn -0.3776 0.9204 -0.1012
vn -0.0040 1.0000 -0.0011
vn -0.0040 1.0000 -0.0005
vn -0.3910 0.9204 0.0000
vn -0.0041 1.0000 -0.0000
vn -0.6821 0.7080 -0.1828
vn -0.7062 0.7080 0.0000
vn -0.6821 0.7080 0.1828
vn -0.6116 0.7081 -0.3531
vn -0.5850 0.7957 -0.1568
vn -0.4993 0.7081 -0.4993
vn -0.5245 0.7957 -0.3028
vn -0.4283 0.7957 -0.4283
vn -0.3531 0.7081 -0.6115
vn -0.3028 0.7957 -0.5245
vn -0.1828 0.7080 -0.6821
vn -0.1568 0.7957 -0.5850
vn 0.0000 0.7081 -0.7062
vn 0.0000 0.7957 -0.6057
vn 0.1828 0.7081 -0.6821
vn 0.1568 0.7957 -0.5850
vn 0.3531 0.7081 -0.6116
vn 0.3028 0.7957 -0.5245
vn 0.4993 0.7081 -0.4993
vn 0.4283 0.7957 -0.4283
vn 0.6115 0.7081 -0.3531
vn 0.5245 0.7957 -0.3028
vn 0.6821 0.7081 -0.1828
vn 0.5850 0.7957 -0.1568
vn 0.7062 0.7081 0.0000
vn 0.6057 0.7957 0.0000
vn 0.6821 0.7081 0.1828
vn 0.5850 0.7957 0.1568
vn 0.6115 0.7081 0.3531
vn 0.5245 0.7957 0.3028
vn 0.4993 0.7081 0.4993
vn 0.4283 0.7957 0.4283
vn 0.3531 0.7081 0.6116
vn 0.3028 0.7957 0.5245
vn 0.1828 0.7081 0.6821
vn 0.1568 0.7957 0.5850
vn 0.0000 0.7081 0.7062
vn 0.0000 0.7957 0.6057
vn -0.1828 0.7081 0.6821
vn -0.1568 0.7957 0.5850
vn -0.3531 0.7081 0.6116
vn -0.3028 0.7957 0.5245
vn -0.4993 0.7080 0.4993
vn -0.4283 0.7957 0.4283
vn -0.6116 0.7080 0.3531
vn -0.5245 0.7957 0.3028
vn -0.5850 0.7957 0.1567
vn -0.6056 0.7957 0.0000
vn -0.4704 0.8397 0.2716
vn -0.5246 0.8397 0.1406
vn -0.5431 0.8397 0.0000
vn -0.3841 0.8397 0.3840
vn -0.4167 0.8766 0.2406
vn -0.2716 0.8397 0.4704
vn -0.3403 0.8766 0.3403
vn -0.2406 0.8766 0.4167
vn -0.1406 0.8397 0.5246
vn -0.1245 0.8766 0.4648
vn -0.1705 0.9705 0.1704
vn 0.0000 0.8397 0.5431
vn -0.2087 0.9705 0.1205
vn -0.1205 0.9705 0.2087
vn -0.2328 0.9705 0.0624
vn -0.0624 0.9705 0.2328
vn -0.4648 0.8766 0.1245
vn 0.0000 0.8766 0.4812
vn 0.0000 0.9705 0.2410
vn 0.1245 0.8766 0.4648
vn 0.1406 0.8397 0.5246
vn 0.0624 0.9705 0.2328
vn 0.2716 0.8397 0.4704
vn 0.2406 0.8766 0.4167
vn 0.3840 0.8397 0.3840
vn 0.3403 0.8766 0.3403
vn 0.1205 0.9705 0.2087
vn 0.4704 0.8397 0.2716
vn 0.4167 0.8766 0.2406
vn 0.1704 0.9705 0.1704
vn 0.5246 0.8397 0.1406
vn 0.4648 0.8766 0.1245
vn 0.2087 0.9705 0.1205
vn 0.5431 0.8397 0.0000
vn 0.4812 0.8766 0.0000
vn 0.2328 0.9705 0.0624
vn 0.5246 0.8397 -0.1406
vn 0.4648 0.8766 -0.1245
vn 0.2410 0.9705 0.0000
vn 0.4704 0.8397 -0.2716
vn 0.4167 0.8766 -0.2406
vn 0.2328 0.9705 -0.0624
vn 0.3840 0.8397 -0.3840
vn 0.3403 0.8766 -0.3403
vn 0.2087 0.9705 -0.1205
vn 0.2716 0.8397 -0.4704
vn 0.2406 0.8766 -0.4167
vn 0.1704 0.9705 -0.1704
vn 0.1406 0.8397 -0.5246
vn 0.1245 0.8766 -0.4648
vn 0.1205 0.9705 -0.2087
vn 0.0000 0.8397 -0.5431
vn 0.0000 0.8766 -0.4812
vn 0.0624 0.9705 -0.2328
vn -0.1406 0.8397 -0.5246
vn -0.1245 0.8766 -0.4648
vn 0.0000 0.9705 -0.2410
vn -0.2716 0.8397 -0.4704
vn -0.2406 0.8766 -0.4167
vn -0.0624 0.9705 -0.2328
vn -0.3841 0.8397 -0.3840
vn -0.3403 0.8766 -0.3403
vn -0.1205 0.9705 -0.2087
vn -0.4704 0.8397 -0.2716
vn -0.4167 0.8766 -0.2406
vn -0.1704 0.9705 -0.1704
vn -0.5246 0.8397 -0.1406
vn -0.4648 0.8766 -0.1246
vn -0.4812 0.8766 0.0000
vn -0.2087 0.9705 -0.1205
vn -0.2328 0.9705 -0.0624
vn -0.2410 0.9705 0.0000
vn -0.0000 1.0000 -0.0000
vn -0.3910 0.9204 -0.0000
vn -0.0041 1.0000 0.0000
vn -0.2764 0.9204 0.2764
vn -0.0000 0.9204 0.3910
vn 0.0000 1.0000 0.0041
vn -0.0000 0.9204 -0.3910
vn 0.0000 1.0000 -0.0041
vn 0.2765 0.9204 0.2765
vn 0.3910 0.9204 0.0000
vn 0.0041 1.0000 -0.0000
vn 0.6821 0.7080 -0.1828
vn 0.7062 0.7080 0.0000
vn 0.6821 0.7080 0.1828
vn 0.6116 0.7080 0.3531
vn 0.6056 0.7957 0.0000
vn 0.4993 0.7080 0.4993
vn 0.5850 0.7957 0.1567
vn -0.0000 0.7081 0.7062
vn -0.0000 0.7957 0.6057
vn -0.4993 0.7081 0.4993
vn -0.6115 0.7081 0.3531
vn -0.6821 0.7081 0.1828
vn -0.7062 0.7081 0.0000
vn -0.5850 0.7957 0.1568
vn -0.6821 0.7081 -0.1828
vn -0.6057 0.7957 0.0000
vn -0.6115 0.7081 -0.3531
vn -0.3531 0.7081 -0.6116
vn -0.1828 0.7081 -0.6821
vn -0.0000 0.7081 -0.7062
vn 0.1828 0.7080 -0.6821
vn -0.0000 0.7957 -0.6057
vn 0.3531 0.7081 -0.6115
vn 0.6116 0.7081 -0.3531
vn 0.3841 0.8397 0.3840
vn -0.0000 0.8397 0.5431
vn -0.0000 0.8766 0.4812
vn -0.3840 0.8397 0.3840
vn -0.4648 0.8766 -0.1245
vn -0.3840 0.8397 -0.3840
vn -0.0000 0.8397 -0.5431
vn -0.0000 0.8766 -0.4812
vn 0.3841 0.8397 -0.3840
vn 0.4648 0.8766 -0.1246
vn -0.0000 0.9705 -0.2410
vn -0.1704 0.9705 0.1704
vn -0.0000 0.9705 0.2410
vn 0.1705 0.9705 0.1704
vn -0.8545 -0.3803 -0.3539
vn -0.8009 -0.3803 -0.4624
vn -0.7493 -0.5014 -0.4326
vn -0.7337 -0.3803 -0.5630
vn -0.7994 -0.5014 -0.3311
vn -0.6864 -0.5014 -0.5267
vn -0.8357 -0.5014 -0.2239
vn -0.8933 -0.3803 -0.2394
vn -0.9169 -0.3803 -0.1207
vn -0.6295 -0.6867 -0.3635
vn -0.8578 -0.5014 -0.1129
vn -0.6716 -0.6867 -0.2782
vn -0.7021 -0.6867 -0.1881
vn -0.8652 -0.5014 0.0000
vn -0.9248 -0.3803 -0.0000
vn -0.9169 -0.3804 0.1207
vn -0.7207 -0.6867 -0.0949
vn -0.5955 -0.7874 -0.1596
vn -0.8578 -0.5014 0.1129
vn -0.7269 -0.6867 0.0000
vn -0.8357 -0.5014 0.2239
vn -0.8933 -0.3803 0.2394
vn -0.8545 -0.3803 0.3539
vn -0.7207 -0.6867 0.0949
vn -0.6165 -0.7874 -0.0000
vn -0.7994 -0.5014 0.3311
vn -0.7021 -0.6867 0.1881
vn -0.7493 -0.5014 0.4326
vn -0.8009 -0.3803 0.4624
vn -0.7337 -0.3803 0.5630
vn -0.6716 -0.6867 0.2782
vn -0.5955 -0.7874 0.1596
vn -0.6864 -0.5014 0.5267
vn -0.6295 -0.6867 0.3635
vn -0.6118 -0.5014 0.6118
vn -0.6540 -0.3803 0.6540
vn -0.5630 -0.3803 0.7337
vn -0.5767 -0.6867 0.4425
vn -0.5339 -0.7874 0.3082
vn -0.5267 -0.5014 0.6864
vn -0.5140 -0.6867 0.5140
vn -0.4326 -0.5014 0.7493
vn -0.4624 -0.3803 0.8010
vn -0.3539 -0.3803 0.8545
vn -0.4425 -0.6867 0.5767
vn -0.4359 -0.7874 0.4359
vn -0.3311 -0.5014 0.7994
vn -0.3634 -0.6868 0.6295
vn -0.2239 -0.5014 0.8357
vn -0.2394 -0.3803 0.8934
vn -0.1207 -0.3803 0.9169
vn -0.2782 -0.6867 0.6716
vn -0.3082 -0.7874 0.5339
vn -0.1129 -0.5014 0.8578
vn -0.1881 -0.6867 0.7021
vn -0.0000 -0.5014 0.8652
vn 0.0000 -0.3803 0.9248
vn 0.1207 -0.3803 0.9170
vn -0.0949 -0.6867 0.7207
vn -0.1596 -0.7874 0.5955
vn 0.1129 -0.5014 0.8578
vn -0.0000 -0.6867 0.7269
vn 0.2239 -0.5014 0.8357
vn 0.2394 -0.3803 0.8934
vn 0.3539 -0.3803 0.8545
vn 0.0949 -0.6867 0.7207
vn -0.0000 -0.7874 0.6165
vn 0.3311 -0.5014 0.7994
vn 0.1881 -0.6868 0.7021
vn 0.4326 -0.5014 0.7493
vn 0.4624 -0.3803 0.8009
vn 0.5630 -0.3803 0.7337
vn 0.2782 -0.6867 0.6716
vn 0.1595 -0.7874 0.5955
vn 0.5267 -0.5014 0.6864
vn 0.3634 -0.6867 0.6295
vn 0.6118 -0.5014 0.6118
vn 0.6540 -0.3802 0.6540
vn 0.7337 -0.3803 0.5630
vn 0.4425 -0.6867 0.5767
vn 0.3082 -0.7874 0.5339
vn 0.6864 -0.5014 0.5267
vn 0.5140 -0.6867 0.5140
vn 0.7493 -0.5014 0.4326
vn 0.8010 -0.3802 0.4624
vn 0.8545 -0.3803 0.3539
vn 0.5767 -0.6867 0.4425
vn 0.4359 -0.7874 0.4359
vn 0.7994 -0.5014 0.3311
vn 0.6295 -0.6868 0.3634
vn 0.8357 -0.5014 0.2240
vn 0.8933 -0.3804 0.2394
vn 0.9169 -0.3803 0.1207
vn 0.6716 -0.6867 0.2782
vn 0.5339 -0.7874 0.3082
vn 0.8578 -0.5014 0.1130
vn 0.7021 -0.6867 0.1881
vn 0.8652 -0.5014 -0.0000
vn 0.9249 -0.3802 -0.0000
vn 0.9170 -0.3803 -0.1207
vn 0.7207 -0.6868 0.0949
vn 0.5955 -0.7874 0.1595
vn 0.8578 -0.5014 -0.1130
vn 0.7269 -0.6868 -0.0000
vn 0.8357 -0.5014 -0.2239
vn 0.8933 -0.3803 -0.2394
vn 0.8545 -0.3803 -0.3539
vn 0.7207 -0.6868 -0.0949
vn 0.6165 -0.7874 0.0000
vn 0.7994 -0.5014 -0.3311
vn 0.7021 -0.6867 -0.1881
vn 0.7493 -0.5014 -0.4326
vn 0.8010 -0.3802 -0.4624
vn 0.7337 -0.3803 -0.5630
vn 0.6716 -0.6868 -0.2782
vn 0.5955 -0.7874 -0.1596
vn 0.6864 -0.5014 -0.5267
vn 0.6295 -0.6868 -0.3634
vn 0.6118 -0.5014 -0.6118
vn 0.6540 -0.3802 -0.6540
vn 0.5630 -0.3803 -0.7337
vn 0.5767 -0.6868 -0.4425
vn 0.5339 -0.7874 -0.3082
vn 0.5267 -0.5014 -0.6864
vn 0.5140 -0.6868 -0.5140
vn 0.4326 -0.5014 -0.7493
vn 0.4624 -0.3803 -0.8009
vn 0.3539 -0.3803 -0.8545
vn 0.4425 -0.6867 -0.5767
vn 0.4359 -0.7874 -0.4359
vn 0.3311 -0.5014 -0.7994
vn 0.3634 -0.6867 -0.6295
vn 0.2239 -0.5014 -0.8357
vn 0.2394 -0.3803 -0.8934
vn 0.1207 -0.3803 -0.9170
vn 0.2782 -0.6867 -0.6716
vn 0.3082 -0.7874 -0.5339
vn 0.1129 -0.5014 -0.8578
vn 0.1881 -0.6868 -0.7021
vn 0.0000 -0.5014 -0.8652
vn 0.0000 -0.3803 -0.9248
vn -0.1207 -0.3803 -0.9169
vn 0.0949 -0.6867 -0.7207
vn 0.1595 -0.7874 -0.5955
vn -0.1129 -0.5014 -0.8578
vn 0.0000 -0.6867 -0.7269
vn -0.2239 -0.5014 -0.8357
vn -0.2394 -0.3803 -0.8934
vn -0.3539 -0.3803 -0.8545
vn -0.0949 -0.6867 -0.7207
vn 0.0000 -0.7874 -0.6165
vn -0.3311 -0.5014 -0.7994
vn -0.1881 -0.6868 -0.7021
vn -0.4326 -0.5014 -0.7493
vn -0.4624 -0.3803 -0.8010
vn -0.5630 -0.3803 -0.7337
vn -0.2782 -0.6867 -0.6716
vn -0.1596 -0.7874 -0.5955
vn -0.5267 -0.5014 -0.6864
vn -0.3635 -0.6867 -0.6295
vn -0.6118 -0.5014 -0.6118
vn -0.6540 -0.3803 -0.6540
vn -0.4425 -0.6867 -0.5767
vn -0.5140 -0.6867 -0.5140
vn -0.5767 -0.6867 -0.4425
vn -0.4359 -0.7874 -0.4359
vn -0.3082 -0.7874 -0.5339
vn -0.5339 -0.7874 -0.3082
vn -0.2359 -0.7874 -0.5695
vn -0.3753 -0.7874 -0.4891
vn -0.2647 -0.8483 -0.4585
vn -0.3223 -0.8483 -0.4201
vn -0.3744 -0.8483 -0.3744
vn -0.4891 -0.7874 -0.3753
vn -0.4201 -0.8483 -0.3223
vn -0.4586 -0.8483 -0.2647
vn -0.5695 -0.7874 -0.2359
vn -0.4892 -0.8483 -0.2026
vn -0.5114 -0.8483 -0.1370
vn -0.3808 -0.8981 -0.2198
vn -0.4062 -0.8981 -0.1683
vn -0.4247 -0.8981 -0.1138
vn -0.3488 -0.8981 -0.2677
vn -0.3312 -0.9240 -0.1912
vn -0.3109 -0.8981 -0.3109
vn -0.3034 -0.9240 -0.2328
vn -0.2704 -0.9240 -0.2704
vn -0.2677 -0.8982 -0.3488
vn -0.2328 -0.9240 -0.3034
vn -0.1501 -0.9772 -0.1501
vn -0.1281 -0.9775 -0.1677
vn -0.1676 -0.9775 -0.1281
vn -0.4780 -0.7369 -0.4780
vn -0.1059 -0.9775 -0.1826
vn -0.1826 -0.9775 -0.1059
vn -0.3533 -0.9240 -0.1463
vn -0.1961 -0.9772 -0.0812
vn -0.3694 -0.9240 -0.0990
vn -0.4359 -0.8982 -0.0574
vn -0.2040 -0.9775 -0.0542
vn -0.5250 -0.8483 -0.0691
vn -0.3792 -0.9240 -0.0499
vn -0.6112 -0.7874 -0.0805
vn -0.4397 -0.8981 -0.0000
vn -0.5295 -0.8483 -0.0000
vn -0.3824 -0.9240 -0.0000
vn -0.4359 -0.8982 0.0574
vn -0.5250 -0.8483 0.0691
vn -0.6112 -0.7874 0.0805
vn -0.5114 -0.8483 0.1370
vn -0.4247 -0.8981 0.1138
vn -0.3792 -0.9240 0.0499
vn -0.4062 -0.8981 0.1683
vn -0.2123 -0.9772 0.0000
vn -0.4892 -0.8483 0.2026
vn -0.3694 -0.9240 0.0990
vn -0.5695 -0.7874 0.2359
vn -0.4586 -0.8483 0.2647
vn -0.3808 -0.8981 0.2198
vn -0.3533 -0.9240 0.1463
vn -0.3488 -0.8982 0.2677
vn -0.2091 -0.9775 0.0279
vn -0.2040 -0.9775 0.0542
vn -0.6759 -0.7370 0.0000
vn -0.3312 -0.9240 0.1912
vn -0.1961 -0.9772 0.0812
vn -0.6245 -0.7370 0.2587
vn -0.1826 -0.9775 0.1059
vn -0.3034 -0.9240 0.2328
vn -0.4201 -0.8483 0.3223
vn -0.3109 -0.8981 0.3109
vn -0.4891 -0.7874 0.3753
vn -0.3744 -0.8483 0.3744
vn -0.3223 -0.8483 0.4201
vn -0.2677 -0.8981 0.3488
vn -0.2704 -0.9240 0.2704
vn -0.3753 -0.7874 0.4891
vn -0.2647 -0.8483 0.4586
vn -0.2198 -0.8982 0.3808
vn -0.2328 -0.9240 0.3034
vn -0.1683 -0.8981 0.4062
vn -0.1676 -0.9775 0.1281
vn -0.1501 -0.9772 0.1501
vn -0.4780 -0.7369 0.4780
vn -0.1281 -0.9775 0.1677
vn -0.1912 -0.9240 0.3312
vn -0.1059 -0.9775 0.1826
vn -0.1463 -0.9240 0.3533
vn -0.2026 -0.8483 0.4892
vn -0.1138 -0.8981 0.4247
vn -0.2359 -0.7874 0.5695
vn -0.1370 -0.8483 0.5114
vn -0.0691 -0.8483 0.5250
vn -0.0574 -0.8982 0.4359
vn -0.0990 -0.9240 0.3694
vn -0.0805 -0.7874 0.6112
vn 0.0000 -0.8483 0.5295
vn -0.0000 -0.8981 0.4397
vn -0.0499 -0.9240 0.3792
vn 0.0574 -0.8981 0.4359
vn -0.0812 -0.9772 0.1961
vn -0.0542 -0.9775 0.2040
vn -0.2587 -0.7370 0.6245
vn -0.0279 -0.9775 0.2091
vn -0.7070 0.0174 0.7070
vn -0.3826 0.0173 0.9237
vn -0.9237 0.0173 0.3826
vn 0.0000 0.0175 0.9998
vn -0.9998 0.0174 0.0000
vn -0.0000 -0.7369 0.6760
vn -0.6244 -0.7370 -0.2586
vn -0.9237 0.0173 -0.3826
vn -0.7070 0.0174 -0.7070
vn -0.2091 -0.9775 -0.0279
vn -0.2587 -0.7370 -0.6245
vn -0.3826 0.0173 -0.9237
vn 0.0000 0.0175 -0.9998
vn -0.0812 -0.9772 -0.1961
vn -0.0000 -0.7369 -0.6760
vn -0.1912 -0.9240 -0.3312
vn -0.0542 -0.9775 -0.2040
vn -0.1463 -0.9240 -0.3533
vn -0.2198 -0.8982 -0.3808
vn -0.0990 -0.9240 -0.3694
vn -0.2026 -0.8483 -0.4892
vn -0.1683 -0.8981 -0.4062
vn -0.0279 -0.9775 -0.2091
vn -0.1371 -0.8483 -0.5115
vn -0.0805 -0.7874 -0.6112
vn -0.1138 -0.8982 -0.4247
vn -0.0691 -0.8483 -0.5250
vn -0.0499 -0.9240 -0.3792
vn -0.0574 -0.8982 -0.4359
vn -0.0000 -0.8483 -0.5295
vn -0.0000 -0.9772 -0.2123
vn -0.0000 -0.9240 -0.3824
vn -0.0000 -0.8981 -0.4397
vn 0.0805 -0.7874 -0.6112
vn 0.0691 -0.8483 -0.5250
vn 0.0280 -0.9775 -0.2091
vn 0.0499 -0.9240 -0.3792
vn 0.0574 -0.8981 -0.4359
vn 0.0542 -0.9775 -0.2040
vn 0.1370 -0.8483 -0.5115
vn 0.0990 -0.9240 -0.3694
vn 0.2359 -0.7874 -0.5696
vn 0.1138 -0.8981 -0.4247
vn 0.2026 -0.8483 -0.4892
vn 0.1463 -0.9240 -0.3533
vn 0.1683 -0.8982 -0.4062
vn 0.2647 -0.8483 -0.4585
vn 0.3753 -0.7874 -0.4891
vn 0.3223 -0.8483 -0.4201
vn 0.2198 -0.8981 -0.3808
vn 0.1912 -0.9240 -0.3312
vn 0.2677 -0.8981 -0.3488
vn 0.2328 -0.9240 -0.3034
vn 0.3744 -0.8483 -0.3744
vn 0.4891 -0.7874 -0.3753
vn 0.4201 -0.8483 -0.3223
vn 0.3109 -0.8981 -0.3109
vn 0.2704 -0.9240 -0.2704
vn 0.3489 -0.8981 -0.2676
vn 0.1502 -0.9772 -0.1501
vn 0.4586 -0.8483 -0.2647
vn 0.1281 -0.9775 -0.1676
vn 0.5695 -0.7874 -0.2359
vn 0.1059 -0.9775 -0.1826
vn 0.4892 -0.8483 -0.2027
vn 0.0812 -0.9772 -0.1961
vn 0.2587 -0.7370 -0.6245
vn 0.3826 0.0173 -0.9238
vn 0.7070 0.0175 -0.7070
vn 0.4780 -0.7369 -0.4780
vn 0.1676 -0.9775 -0.1281
vn 0.6245 -0.7370 -0.2587
vn 0.9237 0.0173 -0.3826
vn 0.1826 -0.9775 -0.1059
vn 0.9998 0.0175 0.0000
vn 0.3035 -0.9240 -0.2327
vn 0.3312 -0.9240 -0.1911
vn 0.1962 -0.9772 -0.0813
vn 0.3807 -0.8982 -0.2198
vn 0.3533 -0.9240 -0.1464
vn 0.2040 -0.9775 -0.0542
vn 0.4062 -0.8982 -0.1683
vn 0.5115 -0.8483 -0.1371
vn 0.3693 -0.9240 -0.0991
vn 0.6112 -0.7874 -0.0805
vn 0.4247 -0.8982 -0.1138
vn 0.5250 -0.8483 -0.0691
vn 0.3791 -0.9240 -0.0500
vn 0.4359 -0.8982 -0.0574
vn 0.5295 -0.8483 -0.0000
vn 0.6112 -0.7874 0.0804
vn 0.5250 -0.8483 0.0691
vn 0.4397 -0.8982 -0.0000
vn 0.3824 -0.9240 0.0000
vn 0.4359 -0.8982 0.0574
vn 0.2124 -0.9772 0.0000
vn 0.5115 -0.8483 0.1370
vn 0.2091 -0.9775 -0.0280
vn 0.6760 -0.7369 0.0000
vn 0.2091 -0.9775 0.0280
vn 0.6245 -0.7370 0.2587
vn 0.9237 0.0173 0.3826
vn 0.2039 -0.9775 0.0542
vn 0.7070 0.0175 0.7070
vn 0.3791 -0.9240 0.0499
vn 0.3694 -0.9240 0.0990
vn 0.1961 -0.9772 0.0812
vn 0.4247 -0.8981 0.1138
vn 0.3533 -0.9240 0.1463
vn 0.1825 -0.9775 0.1059
vn 0.4892 -0.8483 0.2026
vn 0.4062 -0.8982 0.1683
vn 0.3312 -0.9240 0.1912
vn 0.5695 -0.7874 0.2359
vn 0.4585 -0.8483 0.2647
vn 0.3808 -0.8982 0.2199
vn 0.4891 -0.7874 0.3753
vn 0.4201 -0.8483 0.3223
vn 0.3744 -0.8483 0.3744
vn 0.3488 -0.8981 0.2677
vn 0.3034 -0.9240 0.2328
vn 0.1676 -0.9775 0.1281
vn 0.2704 -0.9240 0.2704
vn 0.4780 -0.7369 0.4780
vn 0.1501 -0.9772 0.1501
vn 0.1281 -0.9775 0.1676
vn 0.3109 -0.8981 0.3109
vn 0.2328 -0.9240 0.3034
vn 0.1059 -0.9775 0.1826
vn 0.2587 -0.7370 0.6245
vn 0.3826 0.0173 0.9238
vn 0.0812 -0.9772 0.1961
vn 0.0542 -0.9775 0.2040
vn 0.1912 -0.9240 0.3312
vn 0.1463 -0.9240 0.3533
vn 0.2677 -0.8981 0.3488
vn 0.2198 -0.8981 0.3808
vn 0.3223 -0.8483 0.4201
vn 0.2648 -0.8483 0.4586
vn 0.3753 -0.7874 0.4891
vn 0.2359 -0.7874 0.5695
vn 0.2026 -0.8483 0.4892
vn 0.1683 -0.8981 0.4062
vn 0.1370 -0.8483 0.5115
vn 0.0805 -0.7874 0.6112
vn 0.0691 -0.8483 0.5250
vn 0.1138 -0.8981 0.4247
vn 0.0990 -0.9240 0.3694
vn 0.0499 -0.9240 0.3792
vn 0.0280 -0.9775 0.2091
vn -0.0000 -0.9772 0.2123
vn -0.0000 -0.9240 0.3824
vn 0.9169 -0.3803 -0.1207
vn 0.8578 -0.5014 -0.1129
vn 0.8009 -0.3803 -0.4624
vn 0.8652 -0.5014 0.0000
vn 0.9248 -0.3803 -0.0000
vn 0.9169 -0.3804 0.1207
vn 0.8578 -0.5014 0.1129
vn 0.6716 -0.6867 -0.2782
vn 0.7207 -0.6867 -0.0949
vn 0.6295 -0.6867 -0.3635
vn 0.7269 -0.6867 0.0000
vn 0.5767 -0.6867 -0.4425
vn 0.7207 -0.6867 0.0949
vn 0.8357 -0.5014 0.2239
vn 0.8933 -0.3803 0.2394
vn 0.6540 -0.3803 -0.6540
vn 0.5140 -0.6867 -0.5140
vn 0.4624 -0.3803 -0.8010
vn 0.3635 -0.6867 -0.6295
vn 0.1207 -0.3803 -0.9169
vn 0.1596 -0.7874 -0.5955
vn -0.0000 -0.5014 -0.8652
vn -0.0000 -0.3803 -0.9248
vn -0.1207 -0.3803 -0.9170
vn -0.0000 -0.6867 -0.7269
vn -0.0000 -0.7874 -0.6165
vn -0.1595 -0.7874 -0.5955
vn -0.4624 -0.3803 -0.8009
vn -0.3634 -0.6867 -0.6295
vn -0.6540 -0.3802 -0.6540
vn -0.5140 -0.6868 -0.5140
vn -0.5767 -0.6868 -0.4425
vn -0.8010 -0.3802 -0.4624
vn -0.6295 -0.6868 -0.3634
vn -0.6716 -0.6868 -0.2782
vn -0.9170 -0.3803 -0.1207
vn -0.8578 -0.5014 -0.1130
vn -0.7207 -0.6868 -0.0949
vn -0.8652 -0.5014 -0.0000
vn -0.9249 -0.3802 -0.0000
vn -0.9169 -0.3803 0.1207
vn -0.7269 -0.6868 -0.0000
vn -0.8578 -0.5014 0.1130
vn -0.7207 -0.6868 0.0949
vn -0.6165 -0.7874 0.0000
vn -0.8357 -0.5014 0.2240
vn -0.8933 -0.3804 0.2394
vn -0.5955 -0.7874 0.1595
vn -0.8010 -0.3802 0.4624
vn -0.6295 -0.6868 0.3634
vn -0.6540 -0.3802 0.6540
vn -0.4624 -0.3803 0.8009
vn -0.3634 -0.6867 0.6295
vn -0.1207 -0.3803 0.9170
vn -0.1881 -0.6868 0.7021
vn -0.1595 -0.7874 0.5955
vn 0.0000 -0.5014 0.8652
vn -0.0000 -0.3803 0.9248
vn 0.1207 -0.3803 0.9169
vn 0.0000 -0.6867 0.7269
vn 0.0000 -0.7874 0.6165
vn 0.1881 -0.6867 0.7021
vn 0.1596 -0.7874 0.5955
vn 0.4624 -0.3803 0.8010
vn 0.3634 -0.6868 0.6295
vn 0.6540 -0.3803 0.6540
vn 0.8009 -0.3803 0.4624
vn 0.6295 -0.6867 0.3635
vn 0.5955 -0.7874 0.1596
vn 0.4586 -0.8483 0.2647
vn 0.3488 -0.8982 0.2677
vn 0.3808 -0.8981 0.2198
vn 0.5114 -0.8483 0.1370
vn 0.4062 -0.8981 0.1683
vn 0.6112 -0.7874 0.0805
vn 0.6165 -0.7874 -0.0000
vn 0.3792 -0.9240 0.0499
vn 0.4397 -0.8981 -0.0000
vn 0.2091 -0.9775 0.0279
vn 0.3824 -0.9240 -0.0000
vn 0.2123 -0.9772 0.0000
vn 0.2040 -0.9775 0.0542
vn 0.6759 -0.7370 0.0000
vn 0.2091 -0.9775 -0.0279
vn 0.3792 -0.9240 -0.0499
vn 0.1826 -0.9775 0.1059
vn 0.2198 -0.8982 0.3808
vn 0.2647 -0.8483 0.4586
vn 0.1281 -0.9775 0.1677
vn 0.7070 0.0174 0.7070
vn 0.9998 0.0174 0.0000
vn 0.3826 0.0173 0.9237
vn -0.0000 0.0175 0.9998
vn 0.0000 -0.7369 0.6760
vn 0.0574 -0.8982 0.4359
vn 0.1370 -0.8483 0.5114
vn 0.0279 -0.9775 0.2091
vn 0.0000 -0.8981 0.4397
vn 0.0000 -0.9240 0.3824
vn 0.0000 -0.9772 0.2123
vn -0.0574 -0.8981 0.4359
vn -0.0000 -0.8483 0.5295
vn -0.1370 -0.8483 0.5115
vn -0.0280 -0.9775 0.2091
vn -0.2198 -0.8981 0.3808
vn -0.2648 -0.8483 0.4586
vn -0.3826 0.0173 0.9238
vn -0.7070 0.0175 0.7070
vn -0.1281 -0.9775 0.1676
vn -0.3488 -0.8981 0.2677
vn -0.3808 -0.8982 0.2199
vn -0.4585 -0.8483 0.2647
vn -0.4062 -0.8982 0.1683
vn -0.1825 -0.9775 0.1059
vn -0.5115 -0.8483 0.1370
vn -0.9998 0.0175 0.0000
vn -0.2039 -0.9775 0.0542
vn -0.3791 -0.9240 0.0499
vn -0.4397 -0.8982 -0.0000
vn -0.6112 -0.7874 0.0804
vn -0.3824 -0.9240 0.0000
vn -0.2091 -0.9775 0.0280
vn -0.3791 -0.9240 -0.0500
vn -0.2124 -0.9772 0.0000
vn -0.6760 -0.7369 0.0000
vn -0.2091 -0.9775 -0.0280
vn -0.4247 -0.8982 -0.1138
vn -0.3693 -0.9240 -0.0991
vn -0.6245 -0.7370 -0.2587
vn -0.7070 0.0175 -0.7070
vn -0.3533 -0.9240 -0.1464
vn -0.1962 -0.9772 -0.0813
vn -0.4062 -0.8982 -0.1683
vn -0.5115 -0.8483 -0.1371
vn -0.3807 -0.8982 -0.2198
vn -0.4892 -0.8483 -0.2027
vn -0.3489 -0.8981 -0.2676
vn -0.3312 -0.9240 -0.1911
vn -0.3035 -0.9240 -0.2327
vn -0.2677 -0.8981 -0.3488
vn -0.1502 -0.9772 -0.1501
vn -0.1281 -0.9775 -0.1676
vn -0.3826 0.0173 -0.9238
vn -0.0000 0.0175 -0.9998
vn -0.2198 -0.8981 -0.3808
vn -0.1683 -0.8982 -0.4062
vn -0.2359 -0.7874 -0.5696
vn -0.1370 -0.8483 -0.5115
vn -0.1138 -0.8981 -0.4247
vn -0.0574 -0.8981 -0.4359
vn 0.0000 -0.8981 -0.4397
vn 0.0000 -0.8483 -0.5295
vn 0.0574 -0.8982 -0.4359
vn 0.0000 -0.9240 -0.3824
vn -0.0280 -0.9775 -0.2091
vn 0.0000 -0.9772 -0.2123
vn 0.0000 -0.7369 -0.6760
vn 0.0279 -0.9775 -0.2091
vn 0.1138 -0.8982 -0.4247
vn 0.3826 0.0173 -0.9237
vn 0.7070 0.0174 -0.7070
vn 0.1683 -0.8981 -0.4062
vn 0.1371 -0.8483 -0.5115
vn 0.2198 -0.8982 -0.3808
vn 0.2359 -0.7874 -0.5695
vn 0.2677 -0.8982 -0.3488
vn 0.1281 -0.9775 -0.1677
vn 0.3488 -0.8981 -0.2677
vn 0.1501 -0.9772 -0.1501
vn 0.3034 -0.9240 -0.2328
vn 0.6244 -0.7370 -0.2586
vn 0.3312 -0.9240 -0.1912
vn 0.1961 -0.9772 -0.0812
vn 0.3533 -0.9240 -0.1463
vn 0.3694 -0.9240 -0.0990
vn 0.4247 -0.8981 -0.1138
vn 0.4062 -0.8981 -0.1683
vn 0.3808 -0.8981 -0.2198
vn 0.4892 -0.8483 -0.2026
vn 0.5114 -0.8483 -0.1370
# 2868 vertex normals

vt 0.4602 0.8285 0.8285
vt 0.4810 0.8667 0.8667
vt 0.4810 0.8651 0.8651
vt 0.4741 0.8285 0.8285
vt 0.4878 0.8442 0.8442
vt 0.4878 0.8285 0.8285
vt 0.5107 0.8285 0.8285
vt 0.5107 0.8442 0.8442
vt 0.5381 0.8285 0.8285
vt 0.5381 0.8442 0.8442
vt 0.5400 0.8442 0.8442
vt 0.5400 0.8285 0.8285
vt 0.5664 0.8285 0.8285
vt 0.5664 0.8442 0.8442
vt 0.5942 0.8285 0.8285
vt 0.5942 0.8442 0.8442
vt 0.6221 0.8285 0.8285
vt 0.6221 0.8442 0.8442
vt 0.6499 0.8285 0.8285
vt 0.6499 0.8442 0.8442
vt 0.6782 0.8285 0.8285
vt 0.6782 0.8442 0.8442
vt 0.7061 0.8285 0.8285
vt 0.7061 0.8442 0.8442
vt 0.7339 0.8285 0.8285
vt 0.7339 0.8442 0.8442
vt 0.7617 0.8442 0.8442
vt 0.7617 0.8285 0.8285
vt 0.7896 0.8442 0.8442
vt 0.7896 0.8285 0.8285
vt 0.8174 0.8442 0.8442
vt 0.8174 0.8285 0.8285
vt 0.8452 0.8442 0.8442
vt 0.8452 0.8285 0.8285
vt 0.8730 0.8442 0.8442
vt 0.8730 0.8285 0.8285
vt 0.9009 0.8442 0.8442
vt 0.9009 0.8285 0.8285
vt 0.9272 0.8442 0.8442
vt 0.9272 0.8285 0.8285
vt 0.9565 0.8285 0.8285
vt 0.9565 0.8442 0.8442
vt 0.9795 0.8442 0.8442
vt 0.9795 0.8285 0.8285
vt 0.4602 0.8673 0.8673
vt 0.4353 0.8678 0.8678
vt 0.4353 0.8287 0.8287
vt 0.4336 0.8287 0.8287
vt 0.4336 0.8678 0.8678
vt 0.4075 0.8678 0.8678
vt 0.4075 0.8287 0.8287
vt 0.3796 0.8678 0.8678
vt 0.3796 0.8287 0.8287
vt 0.3518 0.8678 0.8678
vt 0.3518 0.8287 0.8287
vt 0.3242 0.8678 0.8678
vt 0.3242 0.8287 0.8287
vt 0.2964 0.8678 0.8678
vt 0.2964 0.8287 0.8287
vt 0.2686 0.8678 0.8678
vt 0.2686 0.8287 0.8287
vt 0.2408 0.8678 0.8678
vt 0.2408 0.8287 0.8287
vt 0.2130 0.8287 0.8287
vt 0.2130 0.8678 0.8678
vt 0.1853 0.8287 0.8287
vt 0.1853 0.8678 0.8678
vt 0.1575 0.8287 0.8287
vt 0.1575 0.8678 0.8678
vt 0.1298 0.8287 0.8287
vt 0.1298 0.8678 0.8678
vt 0.1020 0.8287 0.8287
vt 0.1020 0.8678 0.8678
vt 0.0742 0.8287 0.8287
vt 0.0742 0.8678 0.8678
vt 0.0479 0.8287 0.8287
vt 0.0479 0.8678 0.8678
vt 0.0215 0.8285 0.8285
vt 0.0215 0.8673 0.8673
vt 0.0007 0.8676 0.8676
vt 0.0007 0.8667 0.8667
vt 0.0075 0.8285 0.8285
vt 0.9214 0.7246 0.7246
vt 0.9126 0.7246 0.7246
vt 0.9126 0.7053 0.7053
vt 0.9214 0.7053 0.7053
vt 0.9126 0.7039 0.7039
vt 0.9214 0.7039 0.7039
vt 0.9126 0.7029 0.7029
vt 0.9214 0.7029 0.7029
vt 0.9229 0.7034 0.7034
vt 0.9326 0.6753 0.6753
vt 0.9404 0.6960 0.6960
vt 0.9214 0.6799 0.6799
vt 0.9126 0.6799 0.6799
vt 0.9014 0.6750 0.6750
vt 0.9106 0.7034 0.7034
vt 0.9121 0.7039 0.7039
vt 0.8931 0.6958 0.6958
vt 0.8662 0.3120 0.3120
vt 0.8662 0.3027 0.3027
vt 0.8823 0.3027 0.3027
vt 0.8823 0.3120 0.3120
vt 0.8833 0.3027 0.3027
vt 0.8833 0.3120 0.3120
vt 0.8838 0.3120 0.3120
vt 0.8843 0.3027 0.3027
vt 0.8828 0.3130 0.3130
vt 0.8828 0.3125 0.3125
vt 0.9136 0.3242 0.3242
vt 0.8896 0.3281 0.3281
vt 0.9087 0.3120 0.3120
vt 0.9087 0.3027 0.3027
vt 0.8828 0.3013 0.3013
vt 0.8828 0.3022 0.3022
vt 0.9136 0.2905 0.2905
vt 0.8896 0.2866 0.2866
vt 0.8130 0.8942 0.8942
vt 0.8130 0.8840 0.8840
vt 0.8203 0.8840 0.8840
vt 0.8203 0.8942 0.8942
vt 0.8281 0.8840 0.8840
vt 0.8281 0.8942 0.8942
vt 0.8354 0.8840 0.8840
vt 0.8354 0.8942 0.8942
vt 0.8433 0.8840 0.8840
vt 0.8433 0.8942 0.8942
vt 0.8511 0.8840 0.8840
vt 0.8511 0.8942 0.8942
vt 0.8584 0.8840 0.8840
vt 0.8584 0.8942 0.8942
vt 0.8662 0.8840 0.8840
vt 0.8662 0.8942 0.8942
vt 0.8735 0.8840 0.8840
vt 0.8735 0.8942 0.8942
vt 0.8813 0.8840 0.8840
vt 0.8813 0.8942 0.8942
vt 0.8892 0.8840 0.8840
vt 0.8892 0.8942 0.8942
vt 0.8965 0.8840 0.8840
vt 0.8965 0.8942 0.8942
vt 0.9043 0.8840 0.8840
vt 0.9043 0.8942 0.8942
vt 0.9121 0.8840 0.8840
vt 0.9121 0.8942 0.8942
vt 0.9194 0.8840 0.8840
vt 0.9194 0.8942 0.8942
vt 0.9272 0.8840 0.8840
vt 0.9272 0.8942 0.8942
vt 0.9346 0.8840 0.8840
vt 0.9346 0.8942 0.8942
vt 0.9424 0.8840 0.8840
vt 0.9424 0.8942 0.8942
vt 0.9502 0.8840 0.8840
vt 0.9502 0.8942 0.8942
vt 0.9575 0.8840 0.8840
vt 0.9575 0.8942 0.8942
vt 0.9653 0.8840 0.8840
vt 0.9653 0.8942 0.8942
vt 0.9731 0.8840 0.8840
vt 0.9731 0.8942 0.8942
vt 0.9805 0.8840 0.8840
vt 0.9805 0.8942 0.8942
vt 0.9883 0.8840 0.8840
vt 0.9883 0.8942 0.8942
vt 0.9956 0.8840 0.8840
vt 0.9956 0.8942 0.8942
vt 0.8130 0.9070 0.9070
vt 0.8130 0.8969 0.8969
vt 0.8203 0.8969 0.8969
vt 0.8203 0.9070 0.9070
vt 0.8281 0.8969 0.8969
vt 0.8281 0.9070 0.9070
vt 0.8359 0.8969 0.8969
vt 0.8359 0.9070 0.9070
vt 0.8433 0.8969 0.8969
vt 0.8433 0.9070 0.9070
vt 0.8511 0.8969 0.8969
vt 0.8511 0.9070 0.9070
vt 0.8589 0.8969 0.8969
vt 0.8589 0.9070 0.9070
vt 0.8662 0.8969 0.8969
vt 0.8662 0.9070 0.9070
vt 0.8740 0.8969 0.8969
vt 0.8740 0.9070 0.9070
vt 0.8813 0.8969 0.8969
vt 0.8813 0.9070 0.9070
vt 0.8892 0.8969 0.8969
vt 0.8892 0.9070 0.9070
vt 0.8970 0.8969 0.8969
vt 0.8970 0.9070 0.9070
vt 0.9043 0.9070 0.9070
vt 0.9043 0.8969 0.8969
vt 0.9121 0.8969 0.8969
vt 0.9121 0.9070 0.9070
vt 0.9199 0.8969 0.8969
vt 0.9199 0.9070 0.9070
vt 0.9272 0.8969 0.8969
vt 0.9272 0.9070 0.9070
vt 0.9351 0.8969 0.8969
vt 0.9351 0.9070 0.9070
vt 0.9424 0.8969 0.8969
vt 0.9424 0.9070 0.9070
vt 0.9502 0.8969 0.8969
vt 0.9502 0.9070 0.9070
vt 0.9580 0.8969 0.8969
vt 0.9580 0.9070 0.9070
vt 0.9653 0.8969 0.8969
vt 0.9653 0.9070 0.9070
vt 0.9731 0.8969 0.8969
vt 0.9731 0.9070 0.9070
vt 0.9805 0.8969 0.8969
vt 0.9805 0.9070 0.9070
vt 0.9883 0.8969 0.8969
vt 0.9883 0.9070 0.9070
vt 0.9961 0.8969 0.8969
vt 0.9961 0.9070 0.9070
vt 0.9609 0.5986 0.5986
vt 0.9766 0.5986 0.5986
vt 0.9766 0.6145 0.6145
vt 0.9609 0.6145 0.6145
vt 0.9336 0.5986 0.5986
vt 0.9336 0.6145 0.6145
vt 0.9316 0.6145 0.6145
vt 0.9316 0.5986 0.5986
vt 0.9053 0.6145 0.6145
vt 0.9053 0.5986 0.5986
vt 0.8774 0.6145 0.6145
vt 0.8774 0.5986 0.5986
vt 0.8496 0.6145 0.6145
vt 0.8496 0.5986 0.5986
vt 0.8218 0.6145 0.6145
vt 0.8218 0.5986 0.5986
vt 0.7935 0.6145 0.6145
vt 0.7935 0.5986 0.5986
vt 0.7656 0.6145 0.6145
vt 0.7656 0.5986 0.5986
vt 0.7378 0.6145 0.6145
vt 0.7378 0.5986 0.5986
vt 0.7100 0.5986 0.5986
vt 0.7100 0.6145 0.6145
vt 0.6821 0.5986 0.5986
vt 0.6821 0.6145 0.6145
vt 0.6543 0.5986 0.5986
vt 0.6543 0.6145 0.6145
vt 0.6265 0.5986 0.5986
vt 0.6265 0.6145 0.6145
vt 0.5986 0.5986 0.5986
vt 0.5986 0.6145 0.6145
vt 0.5708 0.5986 0.5986
vt 0.5708 0.6145 0.6145
vt 0.5444 0.5986 0.5986
vt 0.5444 0.6145 0.6145
vt 0.5151 0.5986 0.5986
vt 0.5151 0.6145 0.6145
vt 0.4998 0.6145 0.6145
vt 0.4998 0.5986 0.5986
vt 0.5396 0.4736 0.4736
vt 0.5396 0.4897 0.4897
vt 0.5386 0.4897 0.4897
vt 0.5386 0.4736 0.4736
vt 0.4993 0.4736 0.4736
vt 0.4993 0.4897 0.4897
vt 0.4810 0.8723 0.8723
vt 0.4741 0.9105 0.9105
vt 0.4602 0.9105 0.9105
vt 0.4810 0.8715 0.8715
vt 0.4602 0.8716 0.8716
vt 0.4353 0.9105 0.9105
vt 0.4353 0.8715 0.8715
vt 0.4336 0.8715 0.8715
vt 0.4336 0.9105 0.9105
vt 0.4075 0.9105 0.9105
vt 0.4075 0.8715 0.8715
vt 0.3796 0.9105 0.9105
vt 0.3796 0.8715 0.8715
vt 0.3518 0.9105 0.9105
vt 0.3518 0.8715 0.8715
vt 0.3242 0.9105 0.9105
vt 0.3242 0.8715 0.8715
vt 0.2964 0.9105 0.9105
vt 0.2964 0.8715 0.8715
vt 0.2686 0.9105 0.9105
vt 0.2686 0.8715 0.8715
vt 0.2408 0.9105 0.9105
vt 0.2408 0.8715 0.8715
vt 0.2130 0.8715 0.8715
vt 0.2130 0.9105 0.9105
vt 0.1853 0.8715 0.8715
vt 0.1853 0.9105 0.9105
vt 0.1575 0.8715 0.8715
vt 0.1575 0.9105 0.9105
vt 0.1298 0.8715 0.8715
vt 0.1298 0.9105 0.9105
vt 0.1020 0.8715 0.8715
vt 0.1020 0.9105 0.9105
vt 0.0742 0.8715 0.8715
vt 0.0742 0.9105 0.9105
vt 0.0479 0.8715 0.8715
vt 0.0479 0.9105 0.9105
vt 0.0215 0.9105 0.9105
vt 0.0215 0.8716 0.8716
vt 0.0007 0.8715 0.8715
vt 0.0007 0.8723 0.8723
vt 0.0075 0.9105 0.9105
vt 0.5884 0.4761 0.4761
vt 0.5884 0.4922 0.4922
vt 0.5874 0.4922 0.4922
vt 0.5874 0.4761 0.4761
vt 0.5479 0.4761 0.4761
vt 0.5479 0.4922 0.4922
vt 0.9893 0.9328 0.9328
vt 0.9883 0.9344 0.9344
vt 0.9883 0.9325 0.9325
vt 0.9868 0.9347 0.9347
vt 0.9863 0.9329 0.9329
vt 0.9878 0.9314 0.9314
vt 0.9863 0.9299 0.9299
vt 0.9873 0.9304 0.9304
vt 0.9858 0.9316 0.9316
vt 0.9849 0.9301 0.9301
vt 0.9839 0.9302 0.9302
vt 0.9839 0.9318 0.9318
vt 0.9849 0.9330 0.9330
vt 0.9829 0.9327 0.9327
vt 0.9839 0.9340 0.9340
vt 0.9854 0.9335 0.9335
vt 0.9854 0.9351 0.9351
vt 0.9863 0.9349 0.9349
vt 0.6299 0.0000 0.0000
vt 0.6606 0.0000 0.0000
vt 0.6606 0.0068 0.0068
vt 0.6299 0.0068 0.0068
vt 0.6606 0.0137 0.0137
vt 0.5718 0.0000 0.0000
vt 0.6299 0.0137 0.0137
vt 0.6606 0.0205 0.0205
vt 0.5718 0.0068 0.0068
vt 0.5195 0.0000 0.0000
vt 0.6299 0.0205 0.0205
vt 0.6606 0.0278 0.0278
vt 0.5718 0.0137 0.0137
vt 0.5195 0.0068 0.0068
vt 0.4636 0.0000 0.0000
vt 0.6299 0.0278 0.0278
vt 0.6606 0.0347 0.0347
vt 0.4636 0.0068 0.0068
vt 0.4204 0.0000 0.0000
vt 0.5195 0.0137 0.0137
vt 0.5718 0.0205 0.0205
vt 0.4204 0.0068 0.0068
vt 0.3376 0.0000 0.0000
vt 0.4636 0.0137 0.0137
vt 0.5195 0.0205 0.0205
vt 0.3376 0.0068 0.0068
vt 0.2615 0.0000 0.0000
vt 0.4204 0.0137 0.0137
vt 0.2615 0.0068 0.0068
vt 0.2064 0.0000 0.0000
vt 0.3376 0.0137 0.0137
vt 0.4636 0.0205 0.0205
vt 0.2064 0.0068 0.0068
vt 0.1572 0.0000 0.0000
vt 0.2615 0.0137 0.0137
vt 0.1572 0.0068 0.0068
vt 0.1028 0.0000 0.0000
vt 0.2064 0.0137 0.0137
vt 0.1028 0.0068 0.0068
vt 0.0553 0.0000 0.0000
vt 0.1572 0.0137 0.0137
vt 0.0553 0.0068 0.0068
vt 0.0000 0.0000 0.0000
vt 0.0000 0.0068 0.0068
vt 0.1028 0.0137 0.0137
vt 0.0553 0.0137 0.0137
vt 0.0000 0.0137 0.0137
vt 0.1572 0.0205 0.0205
vt 0.0553 0.0205 0.0205
vt 0.0000 0.0205 0.0205
vt 0.1028 0.0205 0.0205
vt 0.0553 0.0278 0.0278
vt 0.0000 0.0278 0.0278
vt 0.1028 0.0278 0.0278
vt 0.0553 0.0347 0.0347
vt 0.0000 0.0347 0.0347
vt 0.1028 0.0347 0.0347
vt 0.1572 0.0278 0.0278
vt 0.1572 0.0347 0.0347
vt 0.0553 0.0420 0.0420
vt 0.0000 0.0420 0.0420
vt 0.1028 0.0420 0.0420
vt 0.0553 0.0488 0.0488
vt 0.0000 0.0488 0.0488
vt 0.1028 0.0488 0.0488
vt 0.1572 0.0420 0.0420
vt 0.1572 0.0488 0.0488
vt 0.0553 0.0562 0.0562
vt 0.0000 0.0562 0.0562
vt 0.1028 0.0562 0.0562
vt 0.0553 0.0630 0.0630
vt 0.0000 0.0630 0.0630
vt 0.1028 0.0630 0.0630
vt 0.1572 0.0562 0.0562
vt 0.1572 0.0630 0.0630
vt 0.0553 0.0698 0.0698
vt 0.0000 0.0698 0.0698
vt 0.1028 0.0698 0.0698
vt 0.0553 0.0767 0.0767
vt 0.0000 0.0767 0.0767
vt 0.0000 0.0835 0.0835
vt 0.1028 0.0767 0.0767
vt 0.1572 0.0698 0.0698
vt 0.1572 0.0767 0.0767
vt 0.1028 0.0835 0.0835
vt 0.0553 0.0835 0.0835
vt 0.0553 0.0898 0.0898
vt 0.0000 0.0898 0.0898
vt 0.1028 0.0898 0.0898
vt 0.1572 0.0835 0.0835
vt 0.1572 0.0898 0.0898
vt 0.0553 0.0967 0.0967
vt 0.0000 0.0967 0.0967
vt 0.1028 0.0967 0.0967
vt 0.0553 0.1035 0.1035
vt 0.0000 0.1035 0.1035
vt 0.1028 0.1035 0.1035
vt 0.1572 0.0967 0.0967
vt 0.1572 0.1035 0.1035
vt 0.0553 0.1108 0.1108
vt 0.0000 0.1108 0.1108
vt 0.1028 0.1108 0.1108
vt 0.0553 0.1177 0.1177
vt 0.0000 0.1177 0.1177
vt 0.1028 0.1177 0.1177
vt 0.1572 0.1108 0.1108
vt 0.1572 0.1177 0.1177
vt 0.0553 0.1250 0.1250
vt 0.0000 0.1250 0.1250
vt 0.1028 0.1250 0.1250
vt 0.0553 0.1318 0.1318
vt 0.0000 0.1318 0.1318
vt 0.1028 0.1318 0.1318
vt 0.1572 0.1250 0.1250
vt 0.1572 0.1318 0.1318
vt 0.0553 0.1392 0.1392
vt 0.0000 0.1392 0.1392
vt 0.1028 0.1392 0.1392
vt 0.0553 0.1460 0.1460
vt 0.0000 0.1460 0.1460
vt 0.1028 0.1460 0.1460
vt 0.1572 0.1392 0.1392
vt 0.1572 0.1460 0.1460
vt 0.0553 0.1528 0.1528
vt 0.0000 0.1528 0.1528
vt 0.1028 0.1528 0.1528
vt 0.0553 0.1597 0.1597
vt 0.0000 0.1597 0.1597
vt 0.0553 0.1665 0.1665
vt 0.0000 0.1665 0.1665
vt 0.1028 0.1665 0.1665
vt 0.1028 0.1597 0.1597
vt 0.1572 0.1665 0.1665
vt 0.1572 0.1597 0.1597
vt 0.2064 0.1665 0.1665
vt 0.1572 0.1528 0.1528
vt 0.2064 0.1597 0.1597
vt 0.2615 0.1665 0.1665
vt 0.2064 0.1528 0.1528
vt 0.2615 0.1597 0.1597
vt 0.3376 0.1665 0.1665
vt 0.2064 0.1460 0.1460
vt 0.2615 0.1528 0.1528
vt 0.3376 0.1597 0.1597
vt 0.4204 0.1665 0.1665
vt 0.2064 0.1392 0.1392
vt 0.4204 0.1597 0.1597
vt 0.4636 0.1665 0.1665
vt 0.3376 0.1528 0.1528
vt 0.2615 0.1460 0.1460
vt 0.4636 0.1597 0.1597
vt 0.5195 0.1665 0.1665
vt 0.4204 0.1528 0.1528
vt 0.3376 0.1460 0.1460
vt 0.5195 0.1597 0.1597
vt 0.5718 0.1665 0.1665
vt 0.4636 0.1528 0.1528
vt 0.5718 0.1597 0.1597
vt 0.6299 0.1665 0.1665
vt 0.5195 0.1528 0.1528
vt 0.4204 0.1460 0.1460
vt 0.6299 0.1597 0.1597
vt 0.6606 0.1665 0.1665
vt 0.6606 0.1597 0.1597
vt 0.5718 0.1528 0.1528
vt 0.6299 0.1528 0.1528
vt 0.6606 0.1528 0.1528
vt 0.5195 0.1460 0.1460
vt 0.6299 0.1460 0.1460
vt 0.6606 0.1460 0.1460
vt 0.5718 0.1460 0.1460
vt 0.6299 0.1392 0.1392
vt 0.6606 0.1392 0.1392
vt 0.5718 0.1392 0.1392
vt 0.6299 0.1318 0.1318
vt 0.6606 0.1318 0.1318
vt 0.5718 0.1318 0.1318
vt 0.5195 0.1392 0.1392
vt 0.5195 0.1318 0.1318
vt 0.6299 0.1250 0.1250
vt 0.6606 0.1250 0.1250
vt 0.5718 0.1250 0.1250
vt 0.6299 0.1177 0.1177
vt 0.6606 0.1177 0.1177
vt 0.5718 0.1177 0.1177
vt 0.5195 0.1250 0.1250
vt 0.5195 0.1177 0.1177
vt 0.6299 0.1108 0.1108
vt 0.6606 0.1108 0.1108
vt 0.5718 0.1108 0.1108
vt 0.6299 0.1035 0.1035
vt 0.6606 0.1035 0.1035
vt 0.5718 0.1035 0.1035
vt 0.5195 0.1108 0.1108
vt 0.5195 0.1035 0.1035
vt 0.6299 0.0967 0.0967
vt 0.6606 0.0967 0.0967
vt 0.5718 0.0967 0.0967
vt 0.6299 0.0898 0.0898
vt 0.6606 0.0898 0.0898
vt 0.5718 0.0898 0.0898
vt 0.5195 0.0967 0.0967
vt 0.5195 0.0898 0.0898
vt 0.6299 0.0835 0.0835
vt 0.6606 0.0835 0.0835
vt 0.5718 0.0835 0.0835
vt 0.6299 0.0767 0.0767
vt 0.6606 0.0767 0.0767
vt 0.5718 0.0767 0.0767
vt 0.5195 0.0835 0.0835
vt 0.5195 0.0767 0.0767
vt 0.6299 0.0698 0.0698
vt 0.6606 0.0698 0.0698
vt 0.5718 0.0698 0.0698
vt 0.6299 0.0630 0.0630
vt 0.6606 0.0630 0.0630
vt 0.5718 0.0630 0.0630
vt 0.5195 0.0698 0.0698
vt 0.5195 0.0630 0.0630
vt 0.6299 0.0562 0.0562
vt 0.6606 0.0562 0.0562
vt 0.5718 0.0562 0.0562
vt 0.6299 0.0488 0.0488
vt 0.6606 0.0488 0.0488
vt 0.5718 0.0488 0.0488
vt 0.5195 0.0562 0.0562
vt 0.5195 0.0488 0.0488
vt 0.6299 0.0420 0.0420
vt 0.6606 0.0420 0.0420
vt 0.5718 0.0420 0.0420
vt 0.6299 0.0347 0.0347
vt 0.5718 0.0347 0.0347
vt 0.5718 0.0278 0.0278
vt 0.5195 0.0278 0.0278
vt 0.5195 0.0347 0.0347
vt 0.4636 0.0278 0.0278
vt 0.5195 0.0420 0.0420
vt 0.4636 0.0347 0.0347
vt 0.4636 0.0420 0.0420
vt 0.4204 0.0205 0.0205
vt 0.4204 0.0278 0.0278
vt 0.3376 0.0205 0.0205
vt 0.4204 0.0347 0.0347
vt 0.3376 0.0278 0.0278
vt 0.2615 0.0205 0.0205
vt 0.3376 0.0347 0.0347
vt 0.2064 0.0205 0.0205
vt 0.2615 0.0278 0.0278
vt 0.2064 0.0278 0.0278
vt 0.2615 0.0347 0.0347
vt 0.2064 0.0347 0.0347
vt 0.3376 0.0420 0.0420
vt 0.2064 0.0420 0.0420
vt 0.2615 0.0420 0.0420
vt 0.2064 0.0488 0.0488
vt 0.2615 0.0488 0.0488
vt 0.2064 0.0562 0.0562
vt 0.2615 0.0562 0.0562
vt 0.3376 0.0488 0.0488
vt 0.3376 0.0562 0.0562
vt 0.2064 0.0630 0.0630
vt 0.2615 0.0630 0.0630
vt 0.2064 0.0698 0.0698
vt 0.2615 0.0698 0.0698
vt 0.3376 0.0630 0.0630
vt 0.3376 0.0698 0.0698
vt 0.2064 0.0767 0.0767
vt 0.2615 0.0767 0.0767
vt 0.2064 0.0835 0.0835
vt 0.2615 0.0835 0.0835
vt 0.3376 0.0767 0.0767
vt 0.3376 0.0835 0.0835
vt 0.2064 0.0898 0.0898
vt 0.2615 0.0898 0.0898
vt 0.2064 0.0967 0.0967
vt 0.2615 0.0967 0.0967
vt 0.3376 0.0898 0.0898
vt 0.3376 0.0967 0.0967
vt 0.2064 0.1035 0.1035
vt 0.2615 0.1035 0.1035
vt 0.2064 0.1108 0.1108
vt 0.2615 0.1108 0.1108
vt 0.3376 0.1035 0.1035
vt 0.3376 0.1108 0.1108
vt 0.2064 0.1177 0.1177
vt 0.2615 0.1177 0.1177
vt 0.2064 0.1250 0.1250
vt 0.2615 0.1250 0.1250
vt 0.3376 0.1177 0.1177
vt 0.3376 0.1250 0.1250
vt 0.2064 0.1318 0.1318
vt 0.2615 0.1318 0.1318
vt 0.2615 0.1392 0.1392
vt 0.3376 0.1392 0.1392
vt 0.3376 0.1318 0.1318
vt 0.4204 0.1392 0.1392
vt 0.4204 0.1318 0.1318
vt 0.4636 0.1460 0.1460
vt 0.4636 0.1392 0.1392
vt 0.4636 0.1318 0.1318
vt 0.4204 0.1250 0.1250
vt 0.4636 0.1250 0.1250
vt 0.4204 0.1177 0.1177
vt 0.4636 0.1177 0.1177
vt 0.4204 0.1108 0.1108
vt 0.4636 0.1108 0.1108
vt 0.4204 0.1035 0.1035
vt 0.4636 0.1035 0.1035
vt 0.4204 0.0967 0.0967
vt 0.4636 0.0967 0.0967
vt 0.4204 0.0898 0.0898
vt 0.4636 0.0898 0.0898
vt 0.4204 0.0835 0.0835
vt 0.4636 0.0835 0.0835
vt 0.4204 0.0767 0.0767
vt 0.4636 0.0767 0.0767
vt 0.4204 0.0698 0.0698
vt 0.4636 0.0698 0.0698
vt 0.4204 0.0630 0.0630
vt 0.4636 0.0630 0.0630
vt 0.4204 0.0562 0.0562
vt 0.4636 0.0562 0.0562
vt 0.4204 0.0488 0.0488
vt 0.4636 0.0488 0.0488
vt 0.4204 0.0420 0.0420
vt 0.6079 0.1689 0.1689
vt 0.6597 0.1689 0.1689
vt 0.6597 0.1738 0.1738
vt 0.6079 0.1738 0.1738
vt 0.6597 0.1787 0.1787
vt 0.5508 0.1689 0.1689
vt 0.6079 0.1787 0.1787
vt 0.6597 0.1855 0.1855
vt 0.5508 0.1738 0.1738
vt 0.6079 0.1855 0.1855
vt 0.6597 0.1924 0.1924
vt 0.5508 0.1787 0.1787
vt 0.5010 0.1738 0.1738
vt 0.5010 0.1689 0.1689
vt 0.4453 0.1689 0.1689
vt 0.5010 0.1787 0.1787
vt 0.4453 0.1738 0.1738
vt 0.3975 0.1689 0.1689
vt 0.5010 0.1855 0.1855
vt 0.3975 0.1738 0.1738
vt 0.3250 0.1689 0.1689
vt 0.4453 0.1787 0.1787
vt 0.3250 0.1738 0.1738
vt 0.2585 0.1689 0.1689
vt 0.3975 0.1787 0.1787
vt 0.2585 0.1738 0.1738
vt 0.1680 0.1689 0.1689
vt 0.3250 0.1787 0.1787
vt 0.4453 0.1855 0.1855
vt 0.1680 0.1738 0.1738
vt 0.0894 0.1689 0.1689
vt 0.0000 0.1738 0.1738
vt 0.0000 0.1689 0.1689
vt 0.0894 0.1738 0.1738
vt 0.0000 0.1787 0.1787
vt 0.2585 0.1787 0.1787
vt 0.1680 0.1787 0.1787
vt 0.0894 0.1787 0.1787
vt 0.0000 0.1855 0.1855
vt 0.2585 0.1855 0.1855
vt 0.0894 0.1855 0.1855
vt 0.0000 0.1924 0.1924
vt 0.1680 0.1855 0.1855
vt 0.0894 0.1924 0.1924
vt 0.0000 0.1992 0.1992
vt 0.1680 0.1924 0.1924
vt 0.0894 0.1992 0.1992
vt 0.0000 0.2065 0.2065
vt 0.1680 0.1992 0.1992
vt 0.2585 0.1924 0.1924
vt 0.2585 0.1992 0.1992
vt 0.0894 0.2065 0.2065
vt 0.0000 0.2134 0.2134
vt 0.1680 0.2065 0.2065
vt 0.0894 0.2134 0.2134
vt 0.0000 0.2202 0.2202
vt 0.1680 0.2134 0.2134
vt 0.2585 0.2065 0.2065
vt 0.2585 0.2134 0.2134
vt 0.0894 0.2202 0.2202
vt 0.0000 0.2271 0.2271
vt 0.1680 0.2202 0.2202
vt 0.0894 0.2271 0.2271
vt 0.0000 0.2339 0.2339
vt 0.1680 0.2271 0.2271
vt 0.2585 0.2202 0.2202
vt 0.2585 0.2271 0.2271
vt 0.0894 0.2339 0.2339
vt 0.0000 0.2402 0.2402
vt 0.1680 0.2339 0.2339
vt 0.0894 0.2402 0.2402
vt 0.0000 0.2471 0.2471
vt 0.1680 0.2402 0.2402
vt 0.2585 0.2339 0.2339
vt 0.2585 0.2402 0.2402
vt 0.0894 0.2471 0.2471
vt 0.0000 0.2539 0.2539
vt 0.1680 0.2471 0.2471
vt 0.0894 0.2539 0.2539
vt 0.0000 0.2607 0.2607
vt 0.1680 0.2539 0.2539
vt 0.2585 0.2471 0.2471
vt 0.2585 0.2539 0.2539
vt 0.0894 0.2607 0.2607
vt 0.0000 0.2676 0.2676
vt 0.1680 0.2607 0.2607
vt 0.0894 0.2676 0.2676
vt 0.0000 0.2744 0.2744
vt 0.1680 0.2676 0.2676
vt 0.2585 0.2607 0.2607
vt 0.2585 0.2676 0.2676
vt 0.0894 0.2744 0.2744
vt 0.0000 0.2813 0.2813
vt 0.1680 0.2744 0.2744
vt 0.0894 0.2813 0.2813
vt 0.0000 0.2881 0.2881
vt 0.1680 0.2813 0.2813
vt 0.2585 0.2744 0.2744
vt 0.2585 0.2813 0.2813
vt 0.0894 0.2881 0.2881
vt 0.0000 0.2944 0.2944
vt 0.1680 0.2881 0.2881
vt 0.0894 0.2944 0.2944
vt 0.0000 0.3013 0.3013
vt 0.1680 0.2944 0.2944
vt 0.2585 0.2881 0.2881
vt 0.2585 0.2944 0.2944
vt 0.0894 0.3013 0.3013
vt 0.0000 0.3081 0.3081
vt 0.1680 0.3013 0.3013
vt 0.0894 0.3081 0.3081
vt 0.0000 0.3149 0.3149
vt 0.1680 0.3081 0.3081
vt 0.2585 0.3013 0.3013
vt 0.2585 0.3081 0.3081
vt 0.0894 0.3149 0.3149
vt 0.0000 0.3213 0.3213
vt 0.1680 0.3149 0.3149
vt 0.0894 0.3213 0.3213
vt 0.0000 0.3281 0.3281
vt 0.0894 0.3281 0.3281
vt 0.1680 0.3281 0.3281
vt 0.1680 0.3213 0.3213
vt 0.2585 0.3281 0.3281
vt 0.2585 0.3213 0.3213
vt 0.3250 0.3281 0.3281
vt 0.2585 0.3149 0.3149
vt 0.3250 0.3213 0.3213
vt 0.3975 0.3281 0.3281
vt 0.3250 0.3149 0.3149
vt 0.3975 0.3213 0.3213
vt 0.4453 0.3281 0.3281
vt 0.3250 0.3081 0.3081
vt 0.3975 0.3149 0.3149
vt 0.4453 0.3213 0.3213
vt 0.5010 0.3281 0.3281
vt 0.3250 0.3013 0.3013
vt 0.3975 0.3081 0.3081
vt 0.4453 0.3149 0.3149
vt 0.5010 0.3213 0.3213
vt 0.5508 0.3213 0.3213
vt 0.5508 0.3281 0.3281
vt 0.6079 0.3281 0.3281
vt 0.5010 0.3149 0.3149
vt 0.6079 0.3213 0.3213
vt 0.6597 0.3281 0.3281
vt 0.6597 0.3213 0.3213
vt 0.5508 0.3149 0.3149
vt 0.6079 0.3149 0.3149
vt 0.6597 0.3149 0.3149
vt 0.5508 0.3081 0.3081
vt 0.6079 0.3081 0.3081
vt 0.6597 0.3081 0.3081
vt 0.5010 0.3081 0.3081
vt 0.6079 0.3013 0.3013
vt 0.6597 0.3013 0.3013
vt 0.5508 0.3013 0.3013
vt 0.6079 0.2944 0.2944
vt 0.6597 0.2944 0.2944
vt 0.5508 0.2944 0.2944
vt 0.6079 0.2881 0.2881
vt 0.6597 0.2881 0.2881
vt 0.5508 0.2881 0.2881
vt 0.5010 0.3013 0.3013
vt 0.5010 0.2944 0.2944
vt 0.6079 0.2813 0.2813
vt 0.6597 0.2813 0.2813
vt 0.5508 0.2813 0.2813
vt 0.6079 0.2744 0.2744
vt 0.6597 0.2744 0.2744
vt 0.5508 0.2744 0.2744
vt 0.5010 0.2881 0.2881
vt 0.5010 0.2813 0.2813
vt 0.6079 0.2676 0.2676
vt 0.6597 0.2676 0.2676
vt 0.5508 0.2676 0.2676
vt 0.6079 0.2607 0.2607
vt 0.6597 0.2607 0.2607
vt 0.5508 0.2607 0.2607
vt 0.5010 0.2744 0.2744
vt 0.5010 0.2676 0.2676
vt 0.6079 0.2539 0.2539
vt 0.6597 0.2539 0.2539
vt 0.5508 0.2539 0.2539
vt 0.6079 0.2471 0.2471
vt 0.6597 0.2471 0.2471
vt 0.5508 0.2471 0.2471
vt 0.5010 0.2607 0.2607
vt 0.5010 0.2539 0.2539
vt 0.6079 0.2402 0.2402
vt 0.6597 0.2402 0.2402
vt 0.5508 0.2402 0.2402
vt 0.6079 0.2339 0.2339
vt 0.6597 0.2339 0.2339
vt 0.5508 0.2339 0.2339
vt 0.5010 0.2471 0.2471
vt 0.5010 0.2402 0.2402
vt 0.6079 0.2271 0.2271
vt 0.6597 0.2271 0.2271
vt 0.5508 0.2271 0.2271
vt 0.6079 0.2202 0.2202
vt 0.6597 0.2202 0.2202
vt 0.5508 0.2202 0.2202
vt 0.5010 0.2339 0.2339
vt 0.5010 0.2271 0.2271
vt 0.6079 0.2134 0.2134
vt 0.6597 0.2134 0.2134
vt 0.5508 0.2134 0.2134
vt 0.6079 0.2065 0.2065
vt 0.6597 0.2065 0.2065
vt 0.5508 0.2065 0.2065
vt 0.5010 0.2202 0.2202
vt 0.5010 0.2134 0.2134
vt 0.6079 0.1992 0.1992
vt 0.6597 0.1992 0.1992
vt 0.5508 0.1992 0.1992
vt 0.6079 0.1924 0.1924
vt 0.5508 0.1924 0.1924
vt 0.5508 0.1855 0.1855
vt 0.5010 0.1924 0.1924
vt 0.5010 0.1992 0.1992
vt 0.4453 0.1924 0.1924
vt 0.5010 0.2065 0.2065
vt 0.4453 0.1992 0.1992
vt 0.4453 0.2065 0.2065
vt 0.3975 0.1855 0.1855
vt 0.3975 0.1924 0.1924
vt 0.3250 0.1855 0.1855
vt 0.3250 0.1924 0.1924
vt 0.3975 0.1992 0.1992
vt 0.3250 0.1992 0.1992
vt 0.3975 0.2065 0.2065
vt 0.3250 0.2065 0.2065
vt 0.4453 0.2134 0.2134
vt 0.3975 0.2134 0.2134
vt 0.3250 0.2134 0.2134
vt 0.4453 0.2202 0.2202
vt 0.3975 0.2202 0.2202
vt 0.3250 0.2202 0.2202
vt 0.4453 0.2271 0.2271
vt 0.3975 0.2271 0.2271
vt 0.3250 0.2271 0.2271
vt 0.4453 0.2339 0.2339
vt 0.3975 0.2339 0.2339
vt 0.3250 0.2339 0.2339
vt 0.4453 0.2402 0.2402
vt 0.3975 0.2402 0.2402
vt 0.3250 0.2402 0.2402
vt 0.4453 0.2471 0.2471
vt 0.3975 0.2471 0.2471
vt 0.3250 0.2471 0.2471
vt 0.4453 0.2539 0.2539
vt 0.3975 0.2539 0.2539
vt 0.3250 0.2539 0.2539
vt 0.4453 0.2607 0.2607
vt 0.3975 0.2607 0.2607
vt 0.3250 0.2607 0.2607
vt 0.4453 0.2676 0.2676
vt 0.3975 0.2676 0.2676
vt 0.3250 0.2676 0.2676
vt 0.4453 0.2744 0.2744
vt 0.3975 0.2744 0.2744
vt 0.3250 0.2744 0.2744
vt 0.4453 0.2813 0.2813
vt 0.3975 0.2813 0.2813
vt 0.3250 0.2813 0.2813
vt 0.4453 0.2881 0.2881
vt 0.3975 0.2881 0.2881
vt 0.3250 0.2881 0.2881
vt 0.4453 0.2944 0.2944
vt 0.3975 0.2944 0.2944
vt 0.3250 0.2944 0.2944
vt 0.4453 0.3013 0.3013
vt 0.3975 0.3013 0.3013
vt 0.4453 0.3081 0.3081
vt 0.9966 0.9543 0.9543
vt 0.9878 0.9616 0.9616
vt 0.9868 0.9610 0.9610
vt 0.9932 0.9526 0.9526
vt 0.9858 0.9604 0.9604
vt 0.9985 0.9443 0.9443
vt 0.9937 0.9368 0.9368
vt 0.9966 0.9366 0.9366
vt 0.9946 0.9441 0.9441
vt 0.9897 0.9517 0.9517
vt 0.9907 0.9436 0.9436
vt 0.9902 0.9369 0.9369
vt 0.9868 0.9511 0.9511
vt 0.9849 0.9601 0.9601
vt 0.9868 0.9434 0.9434
vt 0.9873 0.9367 0.9367
vt 0.9834 0.9600 0.9600
vt 0.9834 0.9432 0.9432
vt 0.9839 0.9366 0.9366
vt 0.9834 0.9510 0.9510
vt 0.9805 0.9434 0.9434
vt 0.9805 0.9366 0.9366
vt 0.9805 0.9510 0.9510
vt 0.9824 0.9601 0.9601
vt 0.9810 0.9604 0.9604
vt 0.9771 0.9516 0.9516
vt 0.9761 0.9437 0.9437
vt 0.9766 0.9367 0.9367
vt 0.9736 0.9527 0.9527
vt 0.9800 0.9609 0.9609
vt 0.9790 0.9617 0.9617
vt 0.9702 0.9544 0.9544
vt 0.9722 0.9441 0.9441
vt 0.9736 0.9367 0.9367
vt 0.9683 0.9445 0.9445
vt 0.9702 0.9365 0.9365
vt 0.6978 0.9680 0.9680
vt 0.6929 0.9676 0.9676
vt 0.6934 0.9664 0.9664
vt 0.6987 0.9663 0.9663
vt 0.6934 0.9646 0.9646
vt 0.7266 0.9673 0.9673
vt 0.6924 0.9633 0.9633
vt 0.6978 0.9629 0.9629
vt 0.6982 0.9645 0.9645
vt 0.7266 0.9657 0.9657
vt 0.7266 0.9639 0.9639
vt 0.7266 0.9622 0.9622
vt 0.7314 0.9656 0.9656
vt 0.7314 0.9669 0.9669
vt 0.7373 0.9669 0.9669
vt 0.7314 0.9637 0.9637
vt 0.7314 0.9623 0.9623
vt 0.7373 0.9654 0.9654
vt 0.7407 0.9669 0.9669
vt 0.7373 0.9636 0.9636
vt 0.7373 0.9620 0.9620
vt 0.7407 0.9653 0.9653
vt 0.7402 0.9635 0.9635
vt 0.7407 0.9619 0.9619
vt 0.7437 0.9617 0.9617
vt 0.7437 0.9634 0.9634
vt 0.7437 0.9652 0.9652
vt 0.7437 0.9669 0.9669
vt 0.7500 0.9665 0.9665
vt 0.7505 0.9632 0.9632
vt 0.7500 0.9618 0.9618
vt 0.7505 0.9651 0.9651
vt 0.7544 0.9666 0.9666
vt 0.7544 0.9615 0.9615
vt 0.7554 0.9649 0.9649
vt 0.7842 0.9659 0.9659
vt 0.7554 0.9631 0.9631
vt 0.7837 0.9644 0.9644
vt 0.7837 0.9626 0.9626
vt 0.7842 0.9609 0.9609
vt 0.7886 0.9644 0.9644
vt 0.7891 0.9659 0.9659
vt 0.7939 0.9661 0.9661
vt 0.7886 0.9623 0.9623
vt 0.7886 0.9608 0.9608
vt 0.7939 0.9603 0.9603
vt 0.7935 0.9641 0.9641
vt 0.7935 0.9623 0.9623
vt 0.7993 0.9601 0.9601
vt 0.7993 0.9622 0.9622
vt 0.8047 0.9606 0.9606
vt 0.8042 0.9621 0.9621
vt 0.7993 0.9641 0.9641
vt 0.8047 0.9640 0.9640
vt 0.7993 0.9661 0.9661
vt 0.8047 0.9652 0.9652
vt 0.6909 0.9601 0.9601
vt 0.6851 0.9596 0.9596
vt 0.6851 0.9582 0.9582
vt 0.6904 0.9581 0.9581
vt 0.6851 0.9564 0.9564
vt 0.7197 0.9596 0.9596
vt 0.6855 0.9547 0.9547
vt 0.6904 0.9542 0.9542
vt 0.6904 0.9563 0.9563
vt 0.7207 0.9575 0.9575
vt 0.7207 0.9557 0.9557
vt 0.7197 0.9536 0.9536
vt 0.7251 0.9539 0.9539
vt 0.7251 0.9574 0.9574
vt 0.7251 0.9591 0.9591
vt 0.7319 0.9589 0.9589
vt 0.7251 0.9556 0.9556
vt 0.7314 0.9555 0.9555
vt 0.7319 0.9539 0.9539
vt 0.7319 0.9573 0.9573
vt 0.7358 0.9587 0.9587
vt 0.7358 0.9554 0.9554
vt 0.7358 0.9540 0.9540
vt 0.7393 0.9539 0.9539
vt 0.7358 0.9572 0.9572
vt 0.7393 0.9554 0.9554
vt 0.7393 0.9572 0.9572
vt 0.7393 0.9587 0.9587
vt 0.7466 0.9588 0.9588
vt 0.7466 0.9571 0.9571
vt 0.7515 0.9591 0.9591
vt 0.7466 0.9553 0.9553
vt 0.7466 0.9536 0.9536
vt 0.7515 0.9531 0.9531
vt 0.7505 0.9570 0.9570
vt 0.7817 0.9585 0.9585
vt 0.7505 0.9552 0.9552
vt 0.7822 0.9565 0.9565
vt 0.7871 0.9577 0.9577
vt 0.7822 0.9547 0.9547
vt 0.7817 0.9526 0.9526
vt 0.7871 0.9532 0.9532
vt 0.7871 0.9564 0.9564
vt 0.7871 0.9546 0.9546
vt 0.7935 0.9545 0.9545
vt 0.7930 0.9528 0.9528
vt 0.7988 0.9528 0.9528
vt 0.7935 0.9563 0.9563
vt 0.7930 0.9580 0.9580
vt 0.7988 0.9545 0.9545
vt 0.8047 0.9528 0.9528
vt 0.8052 0.9543 0.9543
vt 0.8052 0.9562 0.9562
vt 0.7988 0.9563 0.9563
vt 0.7988 0.9579 0.9579
vt 0.8047 0.9575 0.9575
vt 0.9907 0.0044 0.0044
vt 0.9927 0.0044 0.0044
vt 0.9927 0.0103 0.0103
vt 0.9912 0.0103 0.0103
vt 0.9932 0.0166 0.0166
vt 0.9893 0.0044 0.0044
vt 0.9912 0.0166 0.0166
vt 0.9932 0.0234 0.0234
vt 0.9893 0.0103 0.0103
vt 0.9873 0.0044 0.0044
vt 0.9912 0.0234 0.0234
vt 0.9932 0.0293 0.0293
vt 0.9893 0.0166 0.0166
vt 0.9873 0.0103 0.0103
vt 0.9858 0.0044 0.0044
vt 0.9912 0.0293 0.0293
vt 0.9932 0.0342 0.0342
vt 0.9858 0.0103 0.0103
vt 0.9839 0.0044 0.0044
vt 0.9878 0.0166 0.0166
vt 0.9893 0.0234 0.0234
vt 0.9839 0.0103 0.0103
vt 0.9819 0.0044 0.0044
vt 0.9858 0.0166 0.0166
vt 0.9878 0.0234 0.0234
vt 0.9819 0.0103 0.0103
vt 0.9805 0.0044 0.0044
vt 0.9839 0.0171 0.0171
vt 0.9805 0.0103 0.0103
vt 0.9785 0.0044 0.0044
vt 0.9785 0.0103 0.0103
vt 0.9819 0.0166 0.0166
vt 0.9805 0.0166 0.0166
vt 0.9785 0.0166 0.0166
vt 0.9839 0.0234 0.0234
vt 0.9805 0.0234 0.0234
vt 0.9785 0.0234 0.0234
vt 0.9819 0.0234 0.0234
vt 0.9805 0.0293 0.0293
vt 0.9785 0.0293 0.0293
vt 0.9824 0.0293 0.0293
vt 0.9800 0.0342 0.0342
vt 0.9785 0.0337 0.0337
vt 0.9819 0.0342 0.0342
vt 0.9839 0.0298 0.0298
vt 0.9839 0.0347 0.0347
vt 0.9800 0.0386 0.0386
vt 0.9780 0.0381 0.0381
vt 0.9819 0.0386 0.0386
vt 0.9800 0.0425 0.0425
vt 0.9780 0.0420 0.0420
vt 0.9819 0.0425 0.0425
vt 0.9839 0.0381 0.0381
vt 0.9839 0.0420 0.0420
vt 0.9795 0.0479 0.0479
vt 0.9775 0.0474 0.0474
vt 0.9819 0.0479 0.0479
vt 0.9795 0.0542 0.0542
vt 0.9775 0.0542 0.0542
vt 0.9814 0.0542 0.0542
vt 0.9839 0.0474 0.0474
vt 0.9839 0.0542 0.0542
vt 0.9795 0.0615 0.0615
vt 0.9775 0.0610 0.0610
vt 0.9814 0.0615 0.0615
vt 0.9795 0.0679 0.0679
vt 0.9771 0.0674 0.0674
vt 0.9814 0.0679 0.0679
vt 0.9834 0.0615 0.0615
vt 0.9834 0.0679 0.0679
vt 0.9790 0.0732 0.0732
vt 0.9771 0.0732 0.0732
vt 0.9814 0.0737 0.0737
vt 0.9790 0.0791 0.0791
vt 0.9766 0.0791 0.0791
vt 0.9810 0.0791 0.0791
vt 0.9834 0.0737 0.0737
vt 0.9834 0.0796 0.0796
vt 0.9790 0.0854 0.0854
vt 0.9766 0.0854 0.0854
vt 0.9810 0.0854 0.0854
vt 0.9785 0.0923 0.0923
vt 0.9766 0.0923 0.0923
vt 0.9810 0.0923 0.0923
vt 0.9834 0.0854 0.0854
vt 0.9829 0.0923 0.0923
vt 0.9785 0.0991 0.0991
vt 0.9761 0.0991 0.0991
vt 0.9805 0.0991 0.0991
vt 0.9785 0.1064 0.1064
vt 0.9761 0.1064 0.1064
vt 0.9805 0.1064 0.1064
vt 0.9829 0.0991 0.0991
vt 0.9829 0.1064 0.1064
vt 0.9780 0.1133 0.1133
vt 0.9761 0.1133 0.1133
vt 0.9805 0.1133 0.1133
vt 0.9780 0.1201 0.1201
vt 0.9756 0.1201 0.1201
vt 0.9805 0.1206 0.1206
vt 0.9829 0.1133 0.1133
vt 0.9829 0.1206 0.1206
vt 0.9780 0.1279 0.1279
vt 0.9756 0.1279 0.1279
vt 0.9805 0.1284 0.1284
vt 0.9775 0.1367 0.1367
vt 0.9751 0.1367 0.1367
vt 0.9800 0.1367 0.1367
vt 0.9824 0.1284 0.1284
vt 0.9824 0.1372 0.1372
vt 0.9775 0.1460 0.1460
vt 0.9751 0.1460 0.1460
vt 0.9800 0.1460 0.1460
vt 0.9771 0.1548 0.1548
vt 0.9746 0.1548 0.1548
vt 0.9800 0.1548 0.1548
vt 0.9824 0.1465 0.1465
vt 0.9824 0.1553 0.1553
vt 0.9771 0.1636 0.1636
vt 0.9746 0.1636 0.1636
vt 0.9795 0.1636 0.1636
vt 0.9771 0.1714 0.1714
vt 0.9746 0.1714 0.1714
vt 0.9795 0.1714 0.1714
vt 0.9819 0.1636 0.1636
vt 0.9819 0.1719 0.1719
vt 0.9771 0.1797 0.1797
vt 0.9741 0.1797 0.1797
vt 0.9795 0.1797 0.1797
vt 0.9766 0.1880 0.1880
vt 0.9741 0.1880 0.1880
vt 0.9790 0.1880 0.1880
vt 0.9819 0.1797 0.1797
vt 0.9819 0.1880 0.1880
vt 0.9766 0.1958 0.1958
vt 0.9741 0.1958 0.1958
vt 0.9790 0.1958 0.1958
vt 0.9766 0.2036 0.2036
vt 0.9736 0.2036 0.2036
vt 0.9790 0.2036 0.2036
vt 0.9819 0.1963 0.1963
vt 0.9814 0.2041 0.2041
vt 0.9761 0.2109 0.2109
vt 0.9736 0.2109 0.2109
vt 0.9790 0.2109 0.2109
vt 0.9761 0.2183 0.2183
vt 0.9736 0.2183 0.2183
vt 0.9790 0.2183 0.2183
vt 0.9814 0.2114 0.2114
vt 0.9814 0.2188 0.2188
vt 0.9761 0.2256 0.2256
vt 0.9731 0.2256 0.2256
vt 0.9785 0.2256 0.2256
vt 0.9761 0.2329 0.2329
vt 0.9731 0.2324 0.2324
vt 0.9785 0.2329 0.2329
vt 0.9814 0.2261 0.2261
vt 0.9814 0.2329 0.2329
vt 0.9756 0.2397 0.2397
vt 0.9731 0.2397 0.2397
vt 0.9785 0.2397 0.2397
vt 0.9756 0.2471 0.2471
vt 0.9727 0.2466 0.2466
vt 0.9785 0.2466 0.2466
vt 0.9814 0.2397 0.2397
vt 0.9810 0.2466 0.2466
vt 0.9756 0.2534 0.2534
vt 0.9727 0.2534 0.2534
vt 0.9785 0.2534 0.2534
vt 0.9756 0.2603 0.2603
vt 0.9727 0.2603 0.2603
vt 0.9785 0.2603 0.2603
vt 0.9814 0.2529 0.2529
vt 0.9814 0.2598 0.2598
vt 0.9756 0.2666 0.2666
vt 0.9727 0.2666 0.2666
vt 0.9785 0.2666 0.2666
vt 0.9756 0.2734 0.2734
vt 0.9727 0.2734 0.2734
vt 0.9785 0.2734 0.2734
vt 0.9814 0.2666 0.2666
vt 0.9814 0.2729 0.2729
vt 0.9756 0.2798 0.2798
vt 0.9727 0.2798 0.2798
vt 0.9727 0.2866 0.2866
vt 0.9785 0.2798 0.2798
vt 0.9756 0.2866 0.2866
vt 0.9727 0.2930 0.2930
vt 0.9814 0.2798 0.2798
vt 0.9785 0.2866 0.2866
vt 0.9756 0.2930 0.2930
vt 0.9727 0.2998 0.2998
vt 0.9814 0.2866 0.2866
vt 0.9756 0.2998 0.2998
vt 0.9727 0.3066 0.3066
vt 0.9785 0.2930 0.2930
vt 0.9756 0.3066 0.3066
vt 0.9727 0.3135 0.3135
vt 0.9785 0.2998 0.2998
vt 0.9756 0.3130 0.3130
vt 0.9731 0.3203 0.3203
vt 0.9785 0.3066 0.3066
vt 0.9814 0.2935 0.2935
vt 0.9761 0.3198 0.3198
vt 0.9731 0.3271 0.3271
vt 0.9785 0.3130 0.3130
vt 0.9761 0.3271 0.3271
vt 0.9736 0.3345 0.3345
vt 0.9785 0.3198 0.3198
vt 0.9761 0.3345 0.3345
vt 0.9736 0.3418 0.3418
vt 0.9790 0.3271 0.3271
vt 0.9766 0.3418 0.3418
vt 0.9741 0.3491 0.3491
vt 0.9790 0.3345 0.3345
vt 0.9766 0.3491 0.3491
vt 0.9741 0.3564 0.3564
vt 0.9790 0.3418 0.3418
vt 0.9766 0.3564 0.3564
vt 0.9741 0.3643 0.3643
vt 0.9790 0.3486 0.3486
vt 0.9771 0.3643 0.3643
vt 0.9746 0.3721 0.3721
vt 0.9795 0.3560 0.3560
vt 0.9771 0.3721 0.3721
vt 0.9746 0.3804 0.3804
vt 0.9795 0.3638 0.3638
vt 0.9771 0.3804 0.3804
vt 0.9751 0.3882 0.3882
vt 0.9795 0.3721 0.3721
vt 0.9775 0.3882 0.3882
vt 0.9751 0.3965 0.3965
vt 0.9795 0.3804 0.3804
vt 0.9775 0.3965 0.3965
vt 0.9751 0.4048 0.4048
vt 0.9800 0.3882 0.3882
vt 0.9775 0.4048 0.4048
vt 0.9756 0.4141 0.4141
vt 0.9800 0.3965 0.3965
vt 0.9780 0.4141 0.4141
vt 0.9756 0.4233 0.4233
vt 0.9800 0.4048 0.4048
vt 0.9780 0.4233 0.4233
vt 0.9761 0.4321 0.4321
vt 0.9805 0.4141 0.4141
vt 0.9785 0.4321 0.4321
vt 0.9766 0.4399 0.4399
vt 0.9805 0.4229 0.4229
vt 0.9785 0.4399 0.4399
vt 0.9766 0.4468 0.4468
vt 0.9810 0.4316 0.4316
vt 0.9790 0.4468 0.4468
vt 0.9766 0.4536 0.4536
vt 0.9810 0.4395 0.4395
vt 0.9790 0.4536 0.4536
vt 0.9771 0.4604 0.4604
vt 0.9810 0.4468 0.4468
vt 0.9790 0.4604 0.4604
vt 0.9771 0.4678 0.4678
vt 0.9814 0.4536 0.4536
vt 0.9795 0.4678 0.4678
vt 0.9775 0.4746 0.4746
vt 0.9814 0.4604 0.4604
vt 0.9795 0.4741 0.4741
vt 0.9775 0.4805 0.4805
vt 0.9814 0.4678 0.4678
vt 0.9795 0.4805 0.4805
vt 0.9775 0.4863 0.4863
vt 0.9819 0.4741 0.4741
vt 0.9800 0.4863 0.4863
vt 0.9780 0.4922 0.4922
vt 0.9819 0.4805 0.4805
vt 0.9800 0.4922 0.4922
vt 0.9780 0.4985 0.4985
vt 0.9819 0.4863 0.4863
vt 0.9805 0.4985 0.4985
vt 0.9785 0.5054 0.5054
vt 0.9819 0.4922 0.4922
vt 0.9805 0.5054 0.5054
vt 0.9785 0.5122 0.5122
vt 0.9824 0.4985 0.4985
vt 0.9805 0.5120 0.5120
vt 0.9785 0.5176 0.5176
vt 0.9824 0.5054 0.5054
vt 0.9805 0.5173 0.5173
vt 0.9790 0.5220 0.5220
vt 0.9824 0.5120 0.5120
vt 0.9810 0.5215 0.5215
vt 0.9795 0.5259 0.5259
vt 0.9829 0.5173 0.5173
vt 0.9810 0.5256 0.5256
vt 0.9795 0.5308 0.5308
vt 0.9829 0.5212 0.5212
vt 0.9814 0.5305 0.5305
vt 0.9795 0.5366 0.5366
vt 0.9829 0.5254 0.5254
vt 0.9814 0.5364 0.5364
vt 0.9795 0.5430 0.5430
vt 0.9829 0.5303 0.5303
vt 0.9814 0.5430 0.5430
vt 0.9795 0.5496 0.5496
vt 0.9829 0.5364 0.5364
vt 0.9814 0.5496 0.5496
vt 0.9795 0.5554 0.5554
vt 0.9814 0.5554 0.5554
vt 0.9829 0.5430 0.5430
vt 0.9829 0.5496 0.5496
vt 0.9834 0.5554 0.5554
vt 0.9849 0.5361 0.5361
vt 0.9849 0.5496 0.5496
vt 0.9849 0.5554 0.5554
vt 0.9849 0.5430 0.5430
vt 0.9868 0.5496 0.5496
vt 0.9868 0.5554 0.5554
vt 0.9868 0.5430 0.5430
vt 0.9883 0.5496 0.5496
vt 0.9883 0.5554 0.5554
vt 0.9888 0.5430 0.5430
vt 0.9868 0.5361 0.5361
vt 0.9888 0.5364 0.5364
vt 0.9902 0.5496 0.5496
vt 0.9902 0.5554 0.5554
vt 0.9902 0.5430 0.5430
vt 0.9922 0.5496 0.5496
vt 0.9922 0.5554 0.5554
vt 0.9941 0.5496 0.5496
vt 0.9937 0.5554 0.5554
vt 0.9941 0.5430 0.5430
vt 0.9922 0.5430 0.5430
vt 0.9941 0.5364 0.5364
vt 0.9922 0.5364 0.5364
vt 0.9941 0.5303 0.5303
vt 0.9902 0.5364 0.5364
vt 0.9922 0.5303 0.5303
vt 0.9941 0.5254 0.5254
vt 0.9902 0.5303 0.5303
vt 0.9922 0.5256 0.5256
vt 0.9946 0.5217 0.5217
vt 0.9888 0.5303 0.5303
vt 0.9907 0.5259 0.5259
vt 0.9927 0.5225 0.5225
vt 0.9946 0.5181 0.5181
vt 0.9868 0.5303 0.5303
vt 0.9927 0.5186 0.5186
vt 0.9946 0.5125 0.5125
vt 0.9907 0.5229 0.5229
vt 0.9888 0.5256 0.5256
vt 0.9927 0.5127 0.5127
vt 0.9946 0.5056 0.5056
vt 0.9907 0.5190 0.5190
vt 0.9883 0.5227 0.5227
vt 0.9927 0.5056 0.5056
vt 0.9946 0.4985 0.4985
vt 0.9907 0.5129 0.5129
vt 0.9927 0.4985 0.4985
vt 0.9946 0.4922 0.4922
vt 0.9907 0.5056 0.5056
vt 0.9888 0.5190 0.5190
vt 0.9927 0.4922 0.4922
vt 0.9946 0.4863 0.4863
vt 0.9907 0.4985 0.4985
vt 0.9927 0.4863 0.4863
vt 0.9946 0.4805 0.4805
vt 0.9907 0.4922 0.4922
vt 0.9927 0.4805 0.4805
vt 0.9946 0.4741 0.4741
vt 0.9907 0.4863 0.4863
vt 0.9927 0.4741 0.4741
vt 0.9951 0.4673 0.4673
vt 0.9907 0.4805 0.4805
vt 0.9927 0.4673 0.4673
vt 0.9951 0.4604 0.4604
vt 0.9902 0.4741 0.4741
vt 0.9927 0.4604 0.4604
vt 0.9951 0.4536 0.4536
vt 0.9902 0.4673 0.4673
vt 0.9927 0.4536 0.4536
vt 0.9946 0.4468 0.4468
vt 0.9902 0.4604 0.4604
vt 0.9927 0.4468 0.4468
vt 0.9946 0.4395 0.4395
vt 0.9902 0.4536 0.4536
vt 0.9927 0.4395 0.4395
vt 0.9946 0.4321 0.4321
vt 0.9902 0.4463 0.4463
vt 0.9927 0.4316 0.4316
vt 0.9951 0.4233 0.4233
vt 0.9902 0.4395 0.4395
vt 0.9927 0.4229 0.4229
vt 0.9951 0.4141 0.4141
vt 0.9902 0.4316 0.4316
vt 0.9927 0.4136 0.4136
vt 0.9951 0.4048 0.4048
vt 0.9902 0.4229 0.4229
vt 0.9927 0.4048 0.4048
vt 0.9951 0.3965 0.3965
vt 0.9902 0.4136 0.4136
vt 0.9927 0.3960 0.3960
vt 0.9951 0.3882 0.3882
vt 0.9902 0.4043 0.4043
vt 0.9927 0.3882 0.3882
vt 0.9951 0.3799 0.3799
vt 0.9897 0.3960 0.3960
vt 0.9927 0.3799 0.3799
vt 0.9951 0.3721 0.3721
vt 0.9897 0.3877 0.3877
vt 0.9927 0.3716 0.3716
vt 0.9951 0.3638 0.3638
vt 0.9897 0.3799 0.3799
vt 0.9922 0.3638 0.3638
vt 0.9951 0.3560 0.3560
vt 0.9897 0.3716 0.3716
vt 0.9922 0.3560 0.3560
vt 0.9951 0.3486 0.3486
vt 0.9897 0.3638 0.3638
vt 0.9922 0.3481 0.3481
vt 0.9951 0.3413 0.3413
vt 0.9897 0.3555 0.3555
vt 0.9922 0.3408 0.3408
vt 0.9951 0.3340 0.3340
vt 0.9897 0.3481 0.3481
vt 0.9922 0.3340 0.3340
vt 0.9951 0.3267 0.3267
vt 0.9897 0.3408 0.3408
vt 0.9927 0.3267 0.3267
vt 0.9956 0.3198 0.3198
vt 0.9897 0.3335 0.3335
vt 0.9927 0.3198 0.3198
vt 0.9956 0.3130 0.3130
vt 0.9897 0.3267 0.3267
vt 0.9927 0.3135 0.3135
vt 0.9956 0.3066 0.3066
vt 0.9897 0.3198 0.3198
vt 0.9927 0.3071 0.3071
vt 0.9956 0.2998 0.2998
vt 0.9902 0.3140 0.3140
vt 0.9927 0.3003 0.3003
vt 0.9956 0.2935 0.2935
vt 0.9897 0.3071 0.3071
vt 0.9927 0.2935 0.2935
vt 0.9961 0.2866 0.2866
vt 0.9897 0.3003 0.3003
vt 0.9932 0.2866 0.2866
vt 0.9961 0.2798 0.2798
vt 0.9897 0.2935 0.2935
vt 0.9873 0.3076 0.3076
vt 0.9932 0.2798 0.2798
vt 0.9873 0.3003 0.3003
vt 0.9902 0.2871 0.2871
vt 0.9873 0.2935 0.2935
vt 0.9927 0.2729 0.2729
vt 0.9956 0.2729 0.2729
vt 0.9902 0.2798 0.2798
vt 0.9927 0.2666 0.2666
vt 0.9956 0.2666 0.2666
vt 0.9897 0.2729 0.2729
vt 0.9897 0.2661 0.2661
vt 0.9927 0.2598 0.2598
vt 0.9956 0.2598 0.2598
vt 0.9897 0.2593 0.2593
vt 0.9927 0.2529 0.2529
vt 0.9956 0.2534 0.2534
vt 0.9897 0.2524 0.2524
vt 0.9927 0.2466 0.2466
vt 0.9956 0.2466 0.2466
vt 0.9897 0.2461 0.2461
vt 0.9927 0.2402 0.2402
vt 0.9951 0.2402 0.2402
vt 0.9897 0.2397 0.2397
vt 0.9922 0.2334 0.2334
vt 0.9951 0.2329 0.2329
vt 0.9897 0.2334 0.2334
vt 0.9922 0.2261 0.2261
vt 0.9951 0.2256 0.2256
vt 0.9897 0.2261 0.2261
vt 0.9922 0.2188 0.2188
vt 0.9946 0.2183 0.2183
vt 0.9893 0.2192 0.2192
vt 0.9922 0.2114 0.2114
vt 0.9946 0.2114 0.2114
vt 0.9893 0.2119 0.2119
vt 0.9922 0.2041 0.2041
vt 0.9946 0.2036 0.2036
vt 0.9893 0.2041 0.2041
vt 0.9922 0.1963 0.1963
vt 0.9946 0.1958 0.1958
vt 0.9893 0.1963 0.1963
vt 0.9922 0.1880 0.1880
vt 0.9946 0.1880 0.1880
vt 0.9897 0.1880 0.1880
vt 0.9922 0.1802 0.1802
vt 0.9946 0.1797 0.1797
vt 0.9897 0.1802 0.1802
vt 0.9922 0.1719 0.1719
vt 0.9946 0.1719 0.1719
vt 0.9897 0.1719 0.1719
vt 0.9922 0.1636 0.1636
vt 0.9946 0.1636 0.1636
vt 0.9897 0.1641 0.1641
vt 0.9922 0.1553 0.1553
vt 0.9946 0.1553 0.1553
vt 0.9897 0.1553 0.1553
vt 0.9922 0.1460 0.1460
vt 0.9946 0.1460 0.1460
vt 0.9897 0.1465 0.1465
vt 0.9922 0.1367 0.1367
vt 0.9941 0.1367 0.1367
vt 0.9897 0.1372 0.1372
vt 0.9917 0.1279 0.1279
vt 0.9941 0.1279 0.1279
vt 0.9897 0.1284 0.1284
vt 0.9917 0.1206 0.1206
vt 0.9941 0.1201 0.1201
vt 0.9897 0.1206 0.1206
vt 0.9917 0.1133 0.1133
vt 0.9941 0.1133 0.1133
vt 0.9897 0.1133 0.1133
vt 0.9922 0.1064 0.1064
vt 0.9941 0.1064 0.1064
vt 0.9897 0.1064 0.1064
vt 0.9922 0.0996 0.0996
vt 0.9941 0.0996 0.0996
vt 0.9897 0.0996 0.0996
vt 0.9922 0.0923 0.0923
vt 0.9941 0.0923 0.0923
vt 0.9897 0.0923 0.0923
vt 0.9917 0.0859 0.0859
vt 0.9941 0.0859 0.0859
vt 0.9897 0.0859 0.0859
vt 0.9917 0.0796 0.0796
vt 0.9941 0.0796 0.0796
vt 0.9897 0.0796 0.0796
vt 0.9917 0.0737 0.0737
vt 0.9941 0.0737 0.0737
vt 0.9897 0.0737 0.0737
vt 0.9917 0.0679 0.0679
vt 0.9941 0.0679 0.0679
vt 0.9897 0.0674 0.0674
vt 0.9917 0.0610 0.0610
vt 0.9937 0.0615 0.0615
vt 0.9897 0.0610 0.0610
vt 0.9917 0.0542 0.0542
vt 0.9937 0.0542 0.0542
vt 0.9897 0.0542 0.0542
vt 0.9917 0.0469 0.0469
vt 0.9937 0.0474 0.0474
vt 0.9897 0.0469 0.0469
vt 0.9917 0.0410 0.0410
vt 0.9937 0.0415 0.0415
vt 0.9897 0.0405 0.0405
vt 0.9917 0.0376 0.0376
vt 0.9937 0.0381 0.0381
vt 0.9897 0.0366 0.0366
vt 0.9917 0.0342 0.0342
vt 0.9897 0.0342 0.0342
vt 0.9893 0.0293 0.0293
vt 0.9878 0.0293 0.0293
vt 0.9878 0.0342 0.0342
vt 0.9858 0.0234 0.0234
vt 0.9858 0.0298 0.0298
vt 0.9858 0.0342 0.0342
vt 0.9873 0.0371 0.0371
vt 0.9854 0.0376 0.0376
vt 0.9878 0.0405 0.0405
vt 0.9858 0.0415 0.0415
vt 0.9878 0.0469 0.0469
vt 0.9858 0.0469 0.0469
vt 0.9878 0.0542 0.0542
vt 0.9858 0.0542 0.0542
vt 0.9878 0.0610 0.0610
vt 0.9858 0.0615 0.0615
vt 0.9878 0.0674 0.0674
vt 0.9854 0.0679 0.0679
vt 0.9878 0.0737 0.0737
vt 0.9854 0.0737 0.0737
vt 0.9878 0.0796 0.0796
vt 0.9854 0.0796 0.0796
vt 0.9873 0.0859 0.0859
vt 0.9854 0.0859 0.0859
vt 0.9873 0.0923 0.0923
vt 0.9854 0.0923 0.0923
vt 0.9873 0.0996 0.0996
vt 0.9854 0.0991 0.0991
vt 0.9873 0.1064 0.1064
vt 0.9854 0.1064 0.1064
vt 0.9873 0.1133 0.1133
vt 0.9849 0.1133 0.1133
vt 0.9873 0.1206 0.1206
vt 0.9849 0.1206 0.1206
vt 0.9873 0.1284 0.1284
vt 0.9849 0.1284 0.1284
vt 0.9873 0.1372 0.1372
vt 0.9849 0.1372 0.1372
vt 0.9873 0.1465 0.1465
vt 0.9849 0.1465 0.1465
vt 0.9873 0.1553 0.1553
vt 0.9849 0.1553 0.1553
vt 0.9868 0.1641 0.1641
vt 0.9844 0.1641 0.1641
vt 0.9868 0.1719 0.1719
vt 0.9844 0.1719 0.1719
vt 0.9868 0.1802 0.1802
vt 0.9844 0.1802 0.1802
vt 0.9868 0.1880 0.1880
vt 0.9844 0.1880 0.1880
vt 0.9868 0.1963 0.1963
vt 0.9844 0.1963 0.1963
vt 0.9868 0.2041 0.2041
vt 0.9844 0.2041 0.2041
vt 0.9868 0.2119 0.2119
vt 0.9844 0.2114 0.2114
vt 0.9868 0.2192 0.2192
vt 0.9844 0.2188 0.2188
vt 0.9868 0.2261 0.2261
vt 0.9844 0.2261 0.2261
vt 0.9868 0.2334 0.2334
vt 0.9839 0.2334 0.2334
vt 0.9868 0.2397 0.2397
vt 0.9839 0.2397 0.2397
vt 0.9868 0.2461 0.2461
vt 0.9839 0.2461 0.2461
vt 0.9868 0.2524 0.2524
vt 0.9839 0.2524 0.2524
vt 0.9868 0.2593 0.2593
vt 0.9839 0.2598 0.2598
vt 0.9868 0.2661 0.2661
vt 0.9844 0.2666 0.2666
vt 0.9873 0.2729 0.2729
vt 0.9844 0.2729 0.2729
vt 0.9873 0.2798 0.2798
vt 0.9844 0.2798 0.2798
vt 0.9844 0.2866 0.2866
vt 0.9873 0.2871 0.2871
vt 0.9844 0.2935 0.2935
vt 0.9844 0.3003 0.3003
vt 0.9814 0.3003 0.3003
vt 0.9814 0.3071 0.3071
vt 0.9844 0.3071 0.3071
vt 0.9814 0.3135 0.3135
vt 0.9844 0.3140 0.3140
vt 0.9814 0.3198 0.3198
vt 0.9873 0.3140 0.3140
vt 0.9844 0.3203 0.3203
vt 0.9814 0.3267 0.3267
vt 0.9873 0.3203 0.3203
vt 0.9844 0.3267 0.3267
vt 0.9814 0.3340 0.3340
vt 0.9868 0.3267 0.3267
vt 0.9844 0.3340 0.3340
vt 0.9819 0.3413 0.3413
vt 0.9868 0.3335 0.3335
vt 0.9844 0.3408 0.3408
vt 0.9819 0.3486 0.3486
vt 0.9868 0.3408 0.3408
vt 0.9844 0.3481 0.3481
vt 0.9819 0.3560 0.3560
vt 0.9873 0.3481 0.3481
vt 0.9844 0.3560 0.3560
vt 0.9819 0.3638 0.3638
vt 0.9873 0.3555 0.3555
vt 0.9844 0.3638 0.3638
vt 0.9819 0.3721 0.3721
vt 0.9873 0.3638 0.3638
vt 0.9849 0.3716 0.3716
vt 0.9824 0.3799 0.3799
vt 0.9873 0.3716 0.3716
vt 0.9849 0.3799 0.3799
vt 0.9824 0.3882 0.3882
vt 0.9873 0.3799 0.3799
vt 0.9849 0.3877 0.3877
vt 0.9824 0.3965 0.3965
vt 0.9873 0.3877 0.3877
vt 0.9849 0.3960 0.3960
vt 0.9824 0.4048 0.4048
vt 0.9873 0.3960 0.3960
vt 0.9854 0.4043 0.4043
vt 0.9829 0.4136 0.4136
vt 0.9878 0.4043 0.4043
vt 0.9854 0.4136 0.4136
vt 0.9829 0.4229 0.4229
vt 0.9878 0.4136 0.4136
vt 0.9854 0.4229 0.4229
vt 0.9829 0.4316 0.4316
vt 0.9878 0.4229 0.4229
vt 0.9854 0.4312 0.4312
vt 0.9834 0.4395 0.4395
vt 0.9878 0.4312 0.4312
vt 0.9854 0.4390 0.4390
vt 0.9834 0.4468 0.4468
vt 0.9878 0.4390 0.4390
vt 0.9858 0.4463 0.4463
vt 0.9834 0.4536 0.4536
vt 0.9878 0.4463 0.4463
vt 0.9858 0.4536 0.4536
vt 0.9834 0.4604 0.4604
vt 0.9883 0.4536 0.4536
vt 0.9858 0.4604 0.4604
vt 0.9839 0.4673 0.4673
vt 0.9883 0.4604 0.4604
vt 0.9858 0.4673 0.4673
vt 0.9839 0.4741 0.4741
vt 0.9883 0.4673 0.4673
vt 0.9858 0.4741 0.4741
vt 0.9839 0.4805 0.4805
vt 0.9883 0.4741 0.4741
vt 0.9863 0.4805 0.4805
vt 0.9844 0.4863 0.4863
vt 0.9883 0.4805 0.4805
vt 0.9863 0.4863 0.4863
vt 0.9844 0.4922 0.4922
vt 0.9883 0.4863 0.4863
vt 0.9863 0.4922 0.4922
vt 0.9844 0.4985 0.4985
vt 0.9883 0.4922 0.4922
vt 0.9863 0.4985 0.4985
vt 0.9844 0.5054 0.5054
vt 0.9883 0.4985 0.4985
vt 0.9863 0.5056 0.5056
vt 0.9849 0.5122 0.5122
vt 0.9888 0.5056 0.5056
vt 0.9868 0.5127 0.5127
vt 0.9849 0.5178 0.5178
vt 0.9888 0.5129 0.5129
vt 0.9863 0.5183 0.5183
vt 0.9849 0.5215 0.5215
vt 0.9863 0.5222 0.5222
vt 0.9849 0.5254 0.5254
vt 0.9868 0.5254 0.5254
vt 0.9849 0.5303 0.5303
vt 0.9702 0.9221 0.9221
vt 0.9712 0.9210 0.9210
vt 0.9731 0.9207 0.9207
vt 0.9717 0.9220 0.9220
vt 0.9741 0.9205 0.9205
vt 0.9702 0.9241 0.9241
vt 0.9736 0.9218 0.9218
vt 0.9756 0.9206 0.9206
vt 0.9717 0.9236 0.9236
vt 0.9707 0.9259 0.9259
vt 0.9736 0.9232 0.9232
vt 0.9751 0.9218 0.9218
vt 0.9771 0.9200 0.9200
vt 0.9722 0.9252 0.9252
vt 0.9722 0.9269 0.9269
vt 0.9766 0.9218 0.9218
vt 0.9780 0.9208 0.9208
vt 0.9751 0.9231 0.9231
vt 0.9780 0.9219 0.9219
vt 0.9800 0.9209 0.9209
vt 0.9766 0.9233 0.9233
vt 0.9736 0.9246 0.9246
vt 0.9751 0.9246 0.9246
vt 0.9780 0.9236 0.9236
vt 0.9795 0.9219 0.9219
vt 0.9819 0.9202 0.9202
vt 0.9766 0.9246 0.9246
vt 0.9810 0.9218 0.9218
vt 0.9834 0.9201 0.9201
vt 0.9800 0.9233 0.9233
vt 0.9780 0.9250 0.9250
vt 0.9775 0.9267 0.9267
vt 0.9800 0.9250 0.9250
vt 0.9814 0.9233 0.9233
vt 0.9795 0.9265 0.9265
vt 0.9829 0.9216 0.9216
vt 0.9814 0.9250 0.9250
vt 0.9819 0.9266 0.9266
vt 0.9829 0.9230 0.9230
vt 0.9844 0.9213 0.9213
vt 0.9849 0.9205 0.9205
vt 0.9863 0.9206 0.9206
vt 0.9834 0.9246 0.9246
vt 0.9849 0.9227 0.9227
vt 0.9858 0.9211 0.9211
vt 0.9878 0.9199 0.9199
vt 0.9839 0.9258 0.9258
vt 0.9829 0.9278 0.9278
vt 0.9849 0.9274 0.9274
vt 0.9849 0.9241 0.9241
vt 0.9863 0.9224 0.9224
vt 0.9878 0.9211 0.9211
vt 0.9893 0.9198 0.9198
vt 0.9854 0.9254 0.9254
vt 0.9863 0.9237 0.9237
vt 0.9878 0.9224 0.9224
vt 0.9863 0.9266 0.9266
vt 0.9858 0.9285 0.9285
vt 0.9868 0.9251 0.9251
vt 0.9878 0.9249 0.9249
vt 0.9878 0.9236 0.9236
vt 0.9888 0.9224 0.9224
vt 0.9888 0.9211 0.9211
vt 0.9888 0.9237 0.9237
vt 0.9902 0.9211 0.9211
vt 0.9917 0.9211 0.9211
vt 0.9907 0.9225 0.9225
vt 0.9917 0.9226 0.9226
vt 0.9927 0.9214 0.9214
vt 0.9937 0.9235 0.9235
vt 0.9902 0.9238 0.9238
vt 0.9888 0.9249 0.9249
vt 0.9917 0.9241 0.9241
vt 0.9897 0.9251 0.9251
vt 0.9883 0.9262 0.9262
vt 0.9927 0.9249 0.9249
vt 0.9946 0.9249 0.9249
vt 0.9907 0.9255 0.9255
vt 0.9956 0.9262 0.9262
vt 0.9941 0.9269 0.9269
vt 0.9937 0.9259 0.9259
vt 0.9922 0.9258 0.9258
vt 0.9932 0.9260 0.9260
vt 0.9932 0.9271 0.9271
vt 0.9941 0.9283 0.9283
vt 0.9927 0.9271 0.9271
vt 0.9917 0.9261 0.9261
vt 0.9932 0.9284 0.9284
vt 0.9937 0.9303 0.9303
vt 0.9907 0.9261 0.9261
vt 0.9927 0.9299 0.9299
vt 0.9927 0.9319 0.9319
vt 0.9922 0.9283 0.9283
vt 0.9922 0.9270 0.9270
vt 0.9917 0.9312 0.9312
vt 0.9917 0.9329 0.9329
vt 0.9907 0.9325 0.9325
vt 0.9893 0.9316 0.9316
vt 0.9917 0.9294 0.9294
vt 0.9907 0.9306 0.9306
vt 0.9883 0.9305 0.9305
vt 0.9917 0.9278 0.9278
vt 0.9907 0.9288 0.9288
vt 0.9893 0.9298 0.9298
vt 0.9873 0.9297 0.9297
vt 0.9907 0.9273 0.9273
vt 0.9897 0.9280 0.9280
vt 0.9883 0.9290 0.9290
vt 0.9917 0.9268 0.9268
vt 0.9907 0.9265 0.9265
vt 0.9888 0.9269 0.9269
vt 0.9873 0.9276 0.9276
vt 0.9834 0.9295 0.9295
vt 0.9829 0.9307 0.9307
vt 0.9819 0.9317 0.9317
vt 0.9824 0.9299 0.9299
vt 0.9824 0.9283 0.9283
vt 0.9810 0.9296 0.9296
vt 0.9810 0.9318 0.9318
vt 0.9814 0.9282 0.9282
vt 0.9790 0.9283 0.9283
vt 0.9795 0.9277 0.9277
vt 0.9805 0.9287 0.9287
vt 0.9805 0.9296 0.9296
vt 0.9785 0.9307 0.9307
vt 0.9771 0.9281 0.9281
vt 0.9805 0.9301 0.9301
vt 0.9766 0.9292 0.9292
vt 0.9756 0.9304 0.9304
vt 0.9761 0.9312 0.9312
vt 0.9766 0.9319 0.9319
vt 0.9775 0.9323 0.9323
vt 0.9785 0.9329 0.9329
vt 0.9795 0.9329 0.9329
vt 0.9805 0.9310 0.9310
vt 0.9766 0.9275 0.9275
vt 0.9766 0.9280 0.9280
vt 0.9746 0.9279 0.9279
vt 0.9756 0.9267 0.9267
vt 0.9741 0.9265 0.9265
vt 0.9761 0.9258 0.9258
vt 0.9727 0.9262 0.9262
vt 0.9751 0.9257 0.9257
vt 0.9746 0.9259 0.9259
vt 0.9746 0.9302 0.9302
vt 0.9756 0.9325 0.9325
vt 0.9722 0.9323 0.9323
vt 0.9722 0.9291 0.9291
vt 0.9746 0.9352 0.9352
vt 0.9697 0.9294 0.9294
vt 0.9717 0.9360 0.9360
vt 0.9683 0.9320 0.9320
vt 0.9692 0.9346 0.9346
vt 0.6719 0.2441 0.2441
vt 0.6631 0.2544 0.2544
vt 0.6626 0.2441 0.2441
vt 0.6631 0.2344 0.2344
vt 0.6743 0.2617 0.2617
vt 0.6650 0.2642 0.2642
vt 0.6685 0.2734 0.2734
vt 0.6743 0.2271 0.2271
vt 0.6650 0.2246 0.2246
vt 0.6685 0.2148 0.2148
vt 0.6812 0.2778 0.2778
vt 0.6729 0.2822 0.2822
vt 0.6787 0.2905 0.2905
vt 0.6807 0.2104 0.2104
vt 0.6729 0.2061 0.2061
vt 0.6782 0.1978 0.1978
vt 0.6919 0.2915 0.2915
vt 0.6851 0.2983 0.2983
vt 0.6929 0.3047 0.3047
vt 0.6914 0.1968 0.1968
vt 0.6846 0.1899 0.1899
vt 0.6924 0.1836 0.1836
vt 0.7056 0.3022 0.3022
vt 0.7012 0.3105 0.3105
vt 0.7100 0.3145 0.3145
vt 0.7051 0.1860 0.1860
vt 0.7007 0.1777 0.1777
vt 0.7095 0.1733 0.1733
vt 0.7222 0.3091 0.3091
vt 0.7197 0.3179 0.3179
vt 0.7295 0.3198 0.3198
vt 0.7212 0.1792 0.1792
vt 0.7188 0.1699 0.1699
vt 0.7285 0.1680 0.1680
vt 0.7393 0.3110 0.3110
vt 0.7393 0.3203 0.3203
vt 0.7495 0.3198 0.3198
vt 0.7388 0.1768 0.1768
vt 0.7388 0.1675 0.1675
vt 0.7485 0.1680 0.1680
vt 0.7568 0.3086 0.3086
vt 0.7593 0.3179 0.3179
vt 0.7686 0.3145 0.3145
vt 0.7563 0.1792 0.1792
vt 0.7583 0.1699 0.1699
vt 0.7681 0.1733 0.1733
vt 0.7729 0.3018 0.3018
vt 0.7778 0.3101 0.3101
vt 0.7861 0.3042 0.3042
vt 0.7725 0.1855 0.1855
vt 0.7769 0.1772 0.1772
vt 0.7852 0.1831 0.1831
vt 0.7866 0.2910 0.2910
vt 0.7935 0.2979 0.2979
vt 0.7998 0.2900 0.2900
vt 0.7861 0.1963 0.1963
vt 0.7930 0.1895 0.1895
vt 0.7993 0.1973 0.1973
vt 0.7974 0.2773 0.2773
vt 0.8057 0.2817 0.2817
vt 0.8101 0.2729 0.2729
vt 0.7969 0.2100 0.2100
vt 0.8052 0.2056 0.2056
vt 0.8096 0.2144 0.2144
vt 0.8042 0.2612 0.2612
vt 0.8130 0.2632 0.2632
vt 0.8149 0.2534 0.2534
vt 0.8037 0.2261 0.2261
vt 0.8130 0.2236 0.2236
vt 0.8149 0.2334 0.2334
vt 0.8062 0.2437 0.2437
vt 0.8154 0.2437 0.2437
vt 0.7969 0.2280 0.2280
vt 0.7988 0.2437 0.2437
vt 0.7969 0.2593 0.2593
vt 0.7905 0.2139 0.2139
vt 0.7891 0.2305 0.2305
vt 0.7813 0.2017 0.2017
vt 0.7837 0.2178 0.2178
vt 0.7754 0.2070 0.2070
vt 0.7686 0.1919 0.1919
vt 0.7646 0.1987 0.1987
vt 0.7544 0.1860 0.1860
vt 0.7524 0.1938 0.1938
vt 0.7388 0.1841 0.1841
vt 0.7388 0.1919 0.1919
vt 0.7231 0.1860 0.1860
vt 0.7256 0.1938 0.1938
vt 0.7090 0.1924 0.1924
vt 0.7129 0.1992 0.1992
vt 0.6968 0.2017 0.2017
vt 0.7021 0.2075 0.2075
vt 0.6870 0.2144 0.2144
vt 0.6938 0.2183 0.2183
vt 0.6812 0.2285 0.2285
vt 0.6890 0.2310 0.2310
vt 0.6792 0.2441 0.2441
vt 0.6870 0.2441 0.2441
vt 0.6816 0.2598 0.2598
vt 0.6890 0.2573 0.2573
vt 0.6875 0.2739 0.2739
vt 0.6943 0.2700 0.2700
vt 0.6968 0.2861 0.2861
vt 0.7026 0.2808 0.2808
vt 0.7095 0.2959 0.2959
vt 0.7134 0.2891 0.2891
vt 0.7236 0.3018 0.3018
vt 0.7261 0.2939 0.2939
vt 0.7393 0.3037 0.3037
vt 0.7393 0.2959 0.2959
vt 0.7549 0.3018 0.3018
vt 0.7529 0.2939 0.2939
vt 0.7690 0.2954 0.2954
vt 0.7651 0.2886 0.2886
vt 0.7817 0.2861 0.2861
vt 0.7759 0.2803 0.2803
vt 0.7910 0.2734 0.2734
vt 0.7842 0.2695 0.2695
vt 0.7891 0.2573 0.2573
vt 0.7910 0.2437 0.2437
vt 0.7769 0.2656 0.2656
vt 0.7808 0.2549 0.2549
vt 0.7822 0.2437 0.2437
vt 0.7700 0.2744 0.2744
vt 0.7690 0.2612 0.2612
vt 0.7607 0.2813 0.2813
vt 0.7637 0.2681 0.2681
vt 0.7563 0.2739 0.2739
vt 0.7505 0.2856 0.2856
vt 0.7480 0.2773 0.2773
vt 0.7563 0.2607 0.2607
vt 0.7393 0.2871 0.2871
vt 0.7603 0.2559 0.2559
vt 0.7515 0.2646 0.2646
vt 0.7627 0.2500 0.2500
vt 0.7456 0.2671 0.2671
vt 0.7725 0.2529 0.2529
vt 0.7393 0.2783 0.2783
vt 0.7393 0.2681 0.2681
vt 0.7305 0.2773 0.2773
vt 0.7280 0.2856 0.2856
vt 0.7329 0.2671 0.2671
vt 0.7178 0.2817 0.2817
vt 0.7222 0.2739 0.2739
vt 0.7085 0.2749 0.2749
vt 0.7148 0.2686 0.2686
vt 0.7271 0.2651 0.2651
vt 0.7017 0.2656 0.2656
vt 0.7095 0.2612 0.2612
vt 0.7222 0.2612 0.2612
vt 0.6973 0.2554 0.2554
vt 0.7056 0.2529 0.2529
vt 0.7183 0.2563 0.2563
vt 0.6958 0.2441 0.2441
vt 0.7046 0.2441 0.2441
vt 0.7158 0.2505 0.2505
vt 0.6973 0.2329 0.2329
vt 0.7056 0.2354 0.2354
vt 0.7148 0.2441 0.2441
vt 0.7017 0.2222 0.2222
vt 0.7090 0.2266 0.2266
vt 0.7158 0.2378 0.2378
vt 0.7085 0.2134 0.2134
vt 0.7144 0.2197 0.2197
vt 0.7183 0.2319 0.2319
vt 0.7173 0.2065 0.2065
vt 0.7217 0.2139 0.2139
vt 0.7217 0.2271 0.2271
vt 0.7275 0.2021 0.2021
vt 0.7300 0.2104 0.2104
vt 0.7271 0.2231 0.2231
vt 0.7388 0.2007 0.2007
vt 0.7388 0.2095 0.2095
vt 0.7329 0.2207 0.2207
vt 0.7500 0.2021 0.2021
vt 0.7480 0.2104 0.2104
vt 0.7388 0.2197 0.2197
vt 0.7607 0.2061 0.2061
vt 0.7563 0.2139 0.2139
vt 0.7451 0.2207 0.2207
vt 0.7695 0.2129 0.2129
vt 0.7632 0.2192 0.2192
vt 0.7510 0.2227 0.2227
vt 0.7764 0.2222 0.2222
vt 0.7690 0.2266 0.2266
vt 0.7563 0.2266 0.2266
vt 0.7808 0.2324 0.2324
vt 0.7725 0.2349 0.2349
vt 0.7734 0.2437 0.2437
vt 0.7598 0.2319 0.2319
vt 0.7622 0.2373 0.2373
vt 0.7632 0.2437 0.2437
vt 0.7393 0.2441 0.2441
vt 0.8145 0.1816 0.1816
vt 0.8110 0.1743 0.1743
vt 0.8438 0.1665 0.1665
vt 0.8198 0.1880 0.1880
vt 0.8096 0.1665 0.1665
vt 0.8267 0.1929 0.1929
vt 0.8110 0.1587 0.1587
vt 0.8350 0.1958 0.1958
vt 0.8145 0.1519 0.1519
vt 0.8438 0.1968 0.1968
vt 0.8198 0.1455 0.1455
vt 0.8525 0.1958 0.1958
vt 0.8267 0.1406 0.1406
vt 0.8604 0.1929 0.1929
vt 0.8350 0.1377 0.1377
vt 0.8677 0.1880 0.1880
vt 0.8438 0.1367 0.1367
vt 0.8730 0.1816 0.1816
vt 0.8525 0.1377 0.1377
vt 0.8765 0.1743 0.1743
vt 0.8604 0.1406 0.1406
vt 0.8774 0.1665 0.1665
vt 0.8677 0.1455 0.1455
vt 0.8765 0.1587 0.1587
vt 0.8730 0.1519 0.1519
vt 0.9033 0.1992 0.1992
vt 0.9336 0.2070 0.2070
vt 0.9302 0.2144 0.2144
vt 0.9346 0.1992 0.1992
vt 0.9253 0.2207 0.2207
vt 0.9341 0.1914 0.1914
vt 0.9185 0.2256 0.2256
vt 0.9302 0.1841 0.1841
vt 0.9106 0.2285 0.2285
vt 0.9253 0.1777 0.1777
vt 0.9023 0.2295 0.2295
vt 0.9185 0.1729 0.1729
vt 0.8940 0.2285 0.2285
vt 0.9106 0.1699 0.1699
vt 0.8862 0.2256 0.2256
vt 0.9023 0.1689 0.1689
vt 0.8794 0.2207 0.2207
vt 0.8945 0.1704 0.1704
vt 0.8745 0.2144 0.2144
vt 0.8867 0.1733 0.1733
vt 0.8711 0.2070 0.2070
vt 0.8794 0.1777 0.1777
vt 0.8701 0.1992 0.1992
vt 0.8745 0.1841 0.1841
vt 0.8711 0.1914 0.1914
vt 0.8110 0.3789 0.3789
vt 0.8394 0.3867 0.3867
vt 0.8364 0.3936 0.3936
vt 0.8403 0.3789 0.3789
vt 0.8315 0.3999 0.3999
vt 0.8394 0.3716 0.3716
vt 0.8257 0.4043 0.4043
vt 0.8364 0.3643 0.3643
vt 0.8188 0.4072 0.4072
vt 0.8315 0.3584 0.3584
vt 0.8110 0.4082 0.4082
vt 0.8257 0.3535 0.3535
vt 0.8037 0.4072 0.4072
vt 0.8188 0.3511 0.3511
vt 0.7964 0.4043 0.4043
vt 0.8110 0.3496 0.3496
vt 0.7905 0.3999 0.3999
vt 0.8037 0.3511 0.3511
vt 0.7856 0.3936 0.3936
vt 0.7964 0.3535 0.3535
vt 0.7827 0.3867 0.3867
vt 0.7905 0.3584 0.3584
vt 0.7817 0.3789 0.3789
vt 0.7856 0.3643 0.3643
vt 0.7827 0.3716 0.3716
vt 0.8315 0.2017 0.2017
vt 0.8389 0.1987 0.1987
vt 0.8462 0.2271 0.2271
vt 0.8257 0.2065 0.2065
vt 0.8462 0.1978 0.1978
vt 0.8208 0.2124 0.2124
vt 0.8540 0.1987 0.1987
vt 0.8179 0.2197 0.2197
vt 0.8608 0.2017 0.2017
vt 0.8169 0.2271 0.2271
vt 0.8672 0.2065 0.2065
vt 0.8179 0.2344 0.2344
vt 0.8716 0.2124 0.2124
vt 0.8208 0.2417 0.2417
vt 0.8745 0.2197 0.2197
vt 0.8257 0.2476 0.2476
vt 0.8755 0.2271 0.2271
vt 0.8315 0.2524 0.2524
vt 0.8745 0.2344 0.2344
vt 0.8389 0.2554 0.2554
vt 0.8716 0.2417 0.2417
vt 0.8462 0.2563 0.2563
vt 0.8672 0.2476 0.2476
vt 0.8540 0.2554 0.2554
vt 0.8608 0.2524 0.2524
vt 0.8877 0.3286 0.3286
vt 0.8906 0.3359 0.3359
vt 0.8623 0.3433 0.3433
vt 0.8828 0.3228 0.3228
vt 0.8916 0.3433 0.3433
vt 0.8770 0.3184 0.3184
vt 0.8906 0.3511 0.3511
vt 0.8696 0.3154 0.3154
vt 0.8877 0.3579 0.3579
vt 0.8623 0.3145 0.3145
vt 0.8828 0.3643 0.3643
vt 0.8545 0.3154 0.3154
vt 0.8770 0.3687 0.3687
vt 0.8477 0.3184 0.3184
vt 0.8696 0.3716 0.3716
vt 0.8413 0.3228 0.3228
vt 0.8623 0.3726 0.3726
vt 0.8369 0.3286 0.3286
vt 0.8545 0.3716 0.3716
vt 0.8340 0.3359 0.3359
vt 0.8477 0.3687 0.3687
vt 0.8330 0.3433 0.3433
vt 0.8413 0.3643 0.3643
vt 0.8340 0.3511 0.3511
vt 0.8369 0.3579 0.3579
vt 0.8530 0.2617 0.2617
vt 0.8384 0.2871 0.2871
vt 0.8457 0.2588 0.2588
vt 0.8589 0.2661 0.2661
vt 0.8384 0.2578 0.2578
vt 0.8638 0.2725 0.2725
vt 0.8306 0.2588 0.2588
vt 0.8667 0.2793 0.2793
vt 0.8237 0.2617 0.2617
vt 0.8677 0.2871 0.2871
vt 0.8179 0.2661 0.2661
vt 0.8667 0.2944 0.2944
vt 0.8130 0.2725 0.2725
vt 0.8638 0.3018 0.3018
vt 0.8101 0.2793 0.2793
vt 0.8589 0.3076 0.3076
vt 0.8091 0.2871 0.2871
vt 0.8530 0.3120 0.3120
vt 0.8101 0.2944 0.2944
vt 0.8457 0.3149 0.3149
vt 0.8130 0.3018 0.3018
vt 0.8384 0.3159 0.3159
vt 0.8179 0.3076 0.3076
vt 0.8306 0.3149 0.3149
vt 0.8237 0.3120 0.3120
vt 0.7266 0.1611 0.1611
vt 0.7173 0.1577 0.1577
vt 0.7188 0.1514 0.1514
vt 0.7075 0.1528 0.1528
vt 0.7280 0.1543 0.1543
vt 0.7095 0.1470 0.1470
vt 0.7373 0.1567 0.1567
vt 0.7363 0.1636 0.1636
vt 0.7461 0.1650 0.1650
vt 0.7217 0.1426 0.1426
vt 0.7466 0.1582 0.1582
vt 0.7300 0.1455 0.1455
vt 0.7388 0.1475 0.1475
vt 0.7559 0.1587 0.1587
vt 0.7559 0.1655 0.1655
vt 0.7656 0.1650 0.1650
vt 0.7471 0.1489 0.1489
vt 0.7402 0.1382 0.1382
vt 0.7651 0.1582 0.1582
vt 0.7559 0.1494 0.1494
vt 0.7744 0.1572 0.1572
vt 0.7754 0.1636 0.1636
vt 0.7847 0.1611 0.1611
vt 0.7646 0.1489 0.1489
vt 0.7559 0.1401 0.1401
vt 0.7837 0.1548 0.1548
vt 0.7729 0.1479 0.1479
vt 0.7930 0.1519 0.1519
vt 0.7944 0.1582 0.1582
vt 0.8042 0.1538 0.1538
vt 0.7817 0.1460 0.1460
vt 0.7715 0.1387 0.1387
vt 0.8022 0.1475 0.1475
vt 0.7900 0.1431 0.1431
vt 0.8115 0.1421 0.1421
vt 0.8140 0.1479 0.1479
vt 0.8237 0.1406 0.1406
vt 0.7983 0.1392 0.1392
vt 0.7866 0.1343 0.1343
vt 0.8198 0.1353 0.1353
vt 0.8062 0.1343 0.1343
vt 0.8267 0.1265 0.1265
vt 0.8320 0.1304 0.1304
vt 0.8379 0.1187 0.1187
vt 0.8130 0.1279 0.1279
vt 0.7998 0.1260 0.1260
vt 0.8315 0.1162 0.1162
vt 0.8184 0.1206 0.1206
vt 0.8345 0.1060 0.1060
vt 0.8408 0.1069 0.1069
vt 0.8428 0.0957 0.0957
vt 0.8223 0.1123 0.1123
vt 0.8101 0.1147 0.1147
vt 0.8359 0.0952 0.0952
vt 0.8252 0.1030 0.1030
vt 0.8369 0.0845 0.0845
vt 0.8433 0.0845 0.0845
vt 0.8428 0.0732 0.0732
vt 0.8271 0.0938 0.0938
vt 0.8159 0.1001 0.1001
vt 0.8364 0.0737 0.0737
vt 0.8276 0.0840 0.0840
vt 0.8345 0.0630 0.0630
vt 0.8413 0.0620 0.0620
vt 0.8384 0.0503 0.0503
vt 0.8271 0.0747 0.0747
vt 0.8179 0.0840 0.0840
vt 0.8315 0.0522 0.0522
vt 0.8257 0.0654 0.0654
vt 0.8276 0.0420 0.0420
vt 0.8325 0.0381 0.0381
vt 0.8247 0.0278 0.0278
vt 0.8232 0.0562 0.0562
vt 0.8159 0.0679 0.0679
vt 0.8208 0.0337 0.0337
vt 0.8188 0.0479 0.0479
vt 0.8125 0.0259 0.0259
vt 0.8149 0.0200 0.0200
vt 0.8057 0.0142 0.0142
vt 0.8140 0.0400 0.0400
vt 0.8105 0.0532 0.0532
vt 0.8037 0.0205 0.0205
vt 0.8071 0.0342 0.0342
vt 0.7944 0.0161 0.0161
vt 0.7959 0.0098 0.0098
vt 0.7861 0.0063 0.0063
vt 0.7993 0.0288 0.0288
vt 0.8008 0.0420 0.0420
vt 0.7852 0.0127 0.0127
vt 0.7910 0.0249 0.0249
vt 0.7759 0.0103 0.0103
vt 0.7764 0.0039 0.0039
vt 0.7666 0.0024 0.0024
vt 0.7827 0.0220 0.0220
vt 0.7876 0.0332 0.0332
vt 0.7666 0.0088 0.0088
vt 0.7744 0.0195 0.0195
vt 0.7568 0.0083 0.0083
vt 0.7573 0.0020 0.0020
vt 0.7476 0.0024 0.0024
vt 0.7656 0.0181 0.0181
vt 0.7725 0.0288 0.0288
vt 0.7476 0.0088 0.0088
vt 0.7568 0.0176 0.0176
vt 0.7383 0.0103 0.0103
vt 0.7378 0.0034 0.0034
vt 0.7280 0.0059 0.0059
vt 0.7480 0.0181 0.0181
vt 0.7568 0.0269 0.0269
vt 0.7290 0.0122 0.0122
vt 0.7397 0.0195 0.0195
vt 0.7197 0.0156 0.0156
vt 0.7183 0.0093 0.0093
vt 0.7085 0.0137 0.0137
vt 0.7314 0.0215 0.0215
vt 0.7412 0.0288 0.0288
vt 0.7104 0.0195 0.0195
vt 0.7227 0.0244 0.0244
vt 0.7017 0.0249 0.0249
vt 0.6987 0.0190 0.0190
vt 0.6890 0.0269 0.0269
vt 0.7144 0.0283 0.0283
vt 0.7266 0.0327 0.0327
vt 0.6934 0.0322 0.0322
vt 0.7070 0.0332 0.0332
vt 0.6860 0.0410 0.0410
vt 0.6812 0.0371 0.0371
vt 0.6753 0.0488 0.0488
vt 0.6997 0.0391 0.0391
vt 0.7129 0.0410 0.0410
vt 0.6816 0.0508 0.0508
vt 0.6943 0.0469 0.0469
vt 0.6787 0.0615 0.0615
vt 0.6724 0.0605 0.0605
vt 0.6704 0.0718 0.0718
vt 0.6904 0.0552 0.0552
vt 0.7031 0.0522 0.0522
vt 0.6768 0.0723 0.0723
vt 0.6875 0.0640 0.0640
vt 0.6763 0.0830 0.0830
vt 0.6694 0.0830 0.0830
vt 0.6699 0.0942 0.0942
vt 0.6860 0.0737 0.0737
vt 0.6973 0.0669 0.0669
vt 0.6768 0.0938 0.0938
vt 0.6855 0.0830 0.0830
vt 0.6782 0.1045 0.1045
vt 0.6719 0.1055 0.1055
vt 0.6748 0.1172 0.1172
vt 0.6855 0.0928 0.0928
vt 0.6948 0.0830 0.0830
vt 0.6812 0.1152 0.1152
vt 0.6875 0.1021 0.1021
vt 0.6855 0.1255 0.1255
vt 0.6802 0.1289 0.1289
vt 0.6885 0.1392 0.1392
vt 0.6899 0.1113 0.1113
vt 0.6968 0.0991 0.0991
vt 0.6924 0.1338 0.1338
vt 0.6938 0.1191 0.1191
vt 0.7007 0.1411 0.1411
vt 0.6978 0.1470 0.1470
vt 0.6992 0.1274 0.1274
vt 0.7061 0.1333 0.1333
vt 0.7134 0.1382 0.1382
vt 0.7124 0.1255 0.1255
vt 0.7026 0.1138 0.1138
vt 0.7256 0.1338 0.1338
vt 0.6992 0.1069 0.1069
vt 0.7070 0.1201 0.1201
vt 0.7090 0.1099 0.1099
vt 0.7129 0.1152 0.1152
vt 0.7178 0.1201 0.1201
vt 0.7188 0.1304 0.1304
vt 0.7231 0.1240 0.1240
vt 0.7290 0.1274 0.1274
vt 0.7329 0.1362 0.1362
vt 0.7354 0.1294 0.1294
vt 0.7422 0.1313 0.1313
vt 0.7329 0.1211 0.1211
vt 0.7383 0.1230 0.1230
vt 0.7441 0.1250 0.1250
vt 0.7275 0.1182 0.1182
vt 0.7368 0.1143 0.1143
vt 0.7231 0.1147 0.1147
vt 0.7329 0.1118 0.1118
vt 0.7290 0.1089 0.1089
vt 0.7192 0.1104 0.1104
vt 0.7256 0.1055 0.1055
vt 0.7344 0.1040 0.1040
vt 0.7319 0.1011 0.1011
vt 0.7378 0.1064 0.1064
vt 0.7368 0.1025 0.1025
vt 0.7295 0.0981 0.0981
vt 0.7412 0.1084 0.1084
vt 0.7417 0.1162 0.1162
vt 0.7446 0.1099 0.1099
vt 0.7461 0.1177 0.1177
vt 0.7500 0.1260 0.1260
vt 0.7485 0.1108 0.1108
vt 0.7490 0.1328 0.1328
vt 0.7510 0.1187 0.1187
vt 0.7480 0.1396 0.1396
vt 0.7559 0.1265 0.1265
vt 0.7559 0.1333 0.1333
vt 0.7559 0.1187 0.1187
vt 0.7617 0.1260 0.1260
vt 0.7632 0.1328 0.1328
vt 0.7637 0.1401 0.1401
vt 0.7700 0.1318 0.1318
vt 0.7681 0.1250 0.1250
vt 0.7607 0.1187 0.1187
vt 0.7734 0.1235 0.1235
vt 0.7559 0.1113 0.1113
vt 0.7769 0.1299 0.1299
vt 0.7656 0.1177 0.1177
vt 0.7793 0.1367 0.1367
vt 0.7832 0.1274 0.1274
vt 0.7793 0.1216 0.1216
vt 0.7705 0.1167 0.1167
vt 0.7847 0.1187 0.1187
vt 0.7598 0.1113 0.1113
vt 0.7637 0.1108 0.1108
vt 0.7559 0.1084 0.1084
vt 0.7749 0.1147 0.1147
vt 0.7676 0.1099 0.1099
vt 0.7661 0.1074 0.1074
vt 0.7710 0.1084 0.1084
vt 0.7793 0.1123 0.1123
vt 0.7891 0.1245 0.1245
vt 0.7891 0.1152 0.1152
vt 0.7935 0.1309 0.1309
vt 0.7944 0.1206 0.1206
vt 0.7993 0.1157 0.1157
vt 0.7930 0.1113 0.1113
vt 0.7832 0.1094 0.1094
vt 0.8052 0.1211 0.1211
vt 0.8032 0.1104 0.1104
vt 0.7964 0.1064 0.1064
vt 0.7866 0.1060 0.1060
vt 0.7993 0.1016 0.1016
vt 0.7744 0.1069 0.1069
vt 0.7778 0.1045 0.1045
vt 0.7754 0.1025 0.1025
vt 0.7808 0.1016 0.1016
vt 0.7896 0.1025 0.1025
vt 0.7832 0.0986 0.0986
vt 0.7920 0.0981 0.0981
vt 0.8062 0.1045 0.1045
vt 0.8013 0.0957 0.0957
vt 0.8135 0.1079 0.1079
vt 0.8086 0.0981 0.0981
vt 0.8101 0.0913 0.0913
vt 0.8027 0.0898 0.0898
vt 0.7935 0.0938 0.0938
vt 0.8174 0.0923 0.0923
vt 0.8105 0.0840 0.0840
vt 0.8032 0.0840 0.0840
vt 0.7944 0.0889 0.0889
vt 0.8027 0.0781 0.0781
vt 0.7852 0.0952 0.0952
vt 0.7861 0.0918 0.0918
vt 0.7822 0.0952 0.0952
vt 0.7871 0.0879 0.0879
vt 0.7729 0.0986 0.0986
vt 0.7783 0.0923 0.0923
vt 0.7651 0.1030 0.1030
vt 0.7808 0.0840 0.0840
vt 0.7559 0.1040 0.1040
vt 0.7847 0.0840 0.0840
vt 0.7461 0.1069 0.1069
vt 0.7471 0.1025 0.1025
vt 0.7397 0.0986 0.0986
vt 0.7524 0.1113 0.1113
vt 0.7305 0.0942 0.0942
vt 0.7344 0.0918 0.0918
vt 0.7319 0.0830 0.0830
vt 0.7275 0.0947 0.0947
vt 0.7280 0.0830 0.0830
vt 0.7227 0.1016 0.1016
vt 0.7266 0.0908 0.0908
vt 0.7207 0.0972 0.0972
vt 0.7158 0.1060 0.1060
vt 0.7192 0.0928 0.0928
vt 0.7061 0.1035 0.1035
vt 0.7134 0.1006 0.1006
vt 0.7256 0.0869 0.0869
vt 0.7041 0.0972 0.0972
vt 0.6953 0.0913 0.0913
vt 0.7114 0.0952 0.0952
vt 0.7026 0.0903 0.0903
vt 0.7183 0.0879 0.0879
vt 0.7100 0.0894 0.0894
vt 0.7026 0.0830 0.0830
vt 0.7251 0.0830 0.0830
vt 0.7178 0.0830 0.0830
vt 0.7100 0.0830 0.0830
vt 0.6953 0.0752 0.0752
vt 0.7031 0.0762 0.0762
vt 0.7256 0.0796 0.0796
vt 0.7183 0.0781 0.0781
vt 0.7104 0.0771 0.0771
vt 0.7266 0.0757 0.0757
vt 0.7041 0.0693 0.0693
vt 0.7192 0.0737 0.0737
vt 0.6997 0.0596 0.0596
vt 0.7114 0.0713 0.0713
vt 0.7065 0.0625 0.0625
vt 0.7212 0.0693 0.0693
vt 0.7134 0.0659 0.0659
vt 0.7095 0.0566 0.0566
vt 0.7075 0.0464 0.0464
vt 0.7139 0.0513 0.0513
vt 0.7163 0.0605 0.0605
vt 0.7231 0.0649 0.0649
vt 0.7197 0.0562 0.0562
vt 0.7261 0.0610 0.0610
vt 0.7183 0.0464 0.0464
vt 0.7192 0.0366 0.0366
vt 0.7236 0.0425 0.0425
vt 0.7236 0.0522 0.0522
vt 0.7295 0.0576 0.0576
vt 0.7285 0.0488 0.0488
vt 0.7349 0.0630 0.0630
vt 0.7295 0.0396 0.0396
vt 0.7324 0.0654 0.0654
vt 0.7334 0.0308 0.0308
vt 0.7295 0.0684 0.0684
vt 0.7363 0.0371 0.0371
vt 0.7280 0.0718 0.0718
vt 0.7305 0.0723 0.0723
vt 0.7344 0.0747 0.0747
vt 0.7397 0.0684 0.0684
vt 0.7373 0.0645 0.0645
vt 0.7383 0.0605 0.0605
vt 0.7466 0.0601 0.0601
vt 0.7476 0.0645 0.0645
vt 0.7417 0.0586 0.0586
vt 0.7568 0.0635 0.0635
vt 0.7334 0.0547 0.0547
vt 0.7378 0.0522 0.0522
vt 0.7456 0.0571 0.0571
vt 0.7334 0.0459 0.0459
vt 0.7422 0.0508 0.0508
vt 0.7490 0.0562 0.0562
vt 0.7393 0.0439 0.0439
vt 0.7432 0.0356 0.0356
vt 0.7471 0.0493 0.0493
vt 0.7490 0.0273 0.0273
vt 0.7451 0.0420 0.0420
vt 0.7500 0.0342 0.0342
vt 0.7520 0.0488 0.0488
vt 0.7510 0.0410 0.0410
vt 0.7568 0.0337 0.0337
vt 0.7646 0.0273 0.0273
vt 0.7642 0.0342 0.0342
vt 0.7568 0.0410 0.0410
vt 0.7568 0.0483 0.0483
vt 0.7627 0.0410 0.0410
vt 0.7568 0.0557 0.0557
vt 0.7710 0.0356 0.0356
vt 0.7529 0.0557 0.0557
vt 0.7568 0.0586 0.0586
vt 0.7607 0.0562 0.0562
vt 0.7671 0.0601 0.0601
vt 0.7661 0.0645 0.0645
vt 0.7646 0.0566 0.0566
vt 0.7734 0.0688 0.0688
vt 0.7617 0.0488 0.0488
vt 0.7666 0.0498 0.0498
vt 0.7681 0.0576 0.0576
vt 0.7686 0.0425 0.0425
vt 0.7715 0.0508 0.0508
vt 0.7720 0.0591 0.0591
vt 0.7778 0.0376 0.0376
vt 0.7744 0.0439 0.0439
vt 0.7759 0.0527 0.0527
vt 0.7803 0.0313 0.0313
vt 0.7842 0.0400 0.0400
vt 0.7803 0.0464 0.0464
vt 0.7944 0.0371 0.0371
vt 0.7900 0.0430 0.0430
vt 0.7949 0.0474 0.0474
vt 0.7852 0.0493 0.0493
vt 0.7803 0.0552 0.0552
vt 0.7754 0.0610 0.0610
vt 0.7837 0.0581 0.0581
vt 0.7759 0.0649 0.0649
vt 0.7783 0.0635 0.0635
vt 0.7813 0.0659 0.0659
vt 0.7896 0.0527 0.0527
vt 0.7871 0.0615 0.0615
vt 0.7837 0.0693 0.0693
vt 0.7822 0.0732 0.0732
vt 0.7783 0.0757 0.0757
vt 0.7852 0.0728 0.0728
vt 0.7861 0.0762 0.0762
vt 0.7900 0.0654 0.0654
vt 0.7920 0.0698 0.0698
vt 0.7939 0.0566 0.0566
vt 0.7969 0.0615 0.0615
vt 0.7998 0.0522 0.0522
vt 0.8037 0.0576 0.0576
vt 0.8062 0.0474 0.0474
vt 0.8140 0.0605 0.0605
vt 0.8066 0.0635 0.0635
vt 0.7998 0.0669 0.0669
vt 0.8086 0.0703 0.0703
vt 0.8174 0.0762 0.0762
vt 0.8101 0.0771 0.0771
vt 0.8018 0.0723 0.0723
vt 0.7939 0.0742 0.0742
vt 0.7949 0.0791 0.0791
vt 0.7871 0.0801 0.0801
vt 0.7876 0.0840 0.0840
vt 0.7949 0.0840 0.0840
# 2718 texture coords

o SM_Tori_02
g SM_Tori_02
usemtl MI_Tori_01
s 1
f 1/1/1 2/2/1 3/3/1 
f 2/2/1 1/1/1 4/4/1 
f 3/5/2 5/6/2 6/7/3 
f 6/7/3 7/8/3 3/5/2 
f 7/8/3 6/7/3 8/9/4 
f 8/9/4 9/10/4 7/8/3 
f 10/11/5 9/10/4 8/9/4 
f 8/9/4 11/12/5 10/11/5 
f 10/11/5 11/12/5 12/13/6 
f 12/13/6 13/14/6 10/11/5 
f 13/14/6 12/13/6 14/15/7 
f 14/15/7 15/16/7 13/14/6 
f 15/16/7 14/15/7 16/17/8 
f 16/17/8 17/18/8 15/16/7 
f 17/18/8 16/17/8 18/19/9 
f 18/19/9 19/20/9 17/18/8 
f 19/20/9 18/19/9 20/21/10 
f 20/21/10 21/22/10 19/20/9 
f 21/22/10 20/21/10 22/23/11 
f 22/23/11 23/24/11 21/22/10 
f 23/24/11 22/23/11 24/25/12 
f 24/25/12 25/26/12 23/24/11 
f 26/27/13 25/26/12 24/25/12 
f 24/25/12 27/28/14 26/27/13 
f 28/29/15 26/27/13 27/28/14 
f 27/28/14 29/30/15 28/29/15 
f 30/31/16 28/29/15 29/30/15 
f 29/30/15 31/32/16 30/31/16 
f 32/33/17 30/31/16 31/32/16 
f 31/32/16 33/34/17 32/33/17 
f 34/35/18 32/33/17 33/34/17 
f 33/34/17 35/36/18 34/35/18 
f 36/37/19 34/35/18 35/36/18 
f 35/36/18 37/38/19 36/37/19 
f 38/39/20 36/37/19 37/38/19 
f 37/38/19 39/40/20 38/39/20 
f 38/39/20 39/40/20 40/41/21 
f 40/41/21 41/42/21 38/39/20 
f 42/43/22 41/42/21 40/41/21 
f 40/41/21 43/44/22 42/43/22 
f 3/3/1 7/45/1 1/1/1 
f 1/1/1 7/45/1 9/46/1 
f 9/46/1 44/47/1 1/1/1 
f 45/48/1 44/47/1 9/46/1 
f 9/46/1 10/49/1 45/48/1 
f 45/48/1 10/49/1 13/50/1 
f 13/50/1 46/51/1 45/48/1 
f 46/51/1 13/50/1 15/52/1 
f 15/52/1 47/53/1 46/51/1 
f 47/53/1 15/52/1 17/54/1 
f 17/54/1 48/55/1 47/53/1 
f 48/55/1 17/54/1 19/56/1 
f 19/56/1 49/57/1 48/55/1 
f 49/57/1 19/56/1 21/58/1 
f 21/58/1 50/59/1 49/57/1 
f 50/59/1 21/58/1 23/60/1 
f 23/60/1 51/61/1 50/59/1 
f 51/61/1 23/60/1 25/62/1 
f 25/62/1 52/63/1 51/61/1 
f 53/64/1 52/63/1 25/62/1 
f 25/62/1 26/65/1 53/64/1 
f 54/66/1 53/64/1 26/65/1 
f 26/65/1 28/67/1 54/66/1 
f 55/68/1 54/66/1 28/67/1 
f 28/67/1 30/69/1 55/68/1 
f 56/70/1 55/68/1 30/69/1 
f 30/69/1 32/71/1 56/70/1 
f 57/72/1 56/70/1 32/71/1 
f 32/71/1 34/73/1 57/72/1 
f 58/74/1 57/72/1 34/73/1 
f 34/73/1 36/75/1 58/74/1 
f 59/76/1 58/74/1 36/75/1 
f 36/75/1 38/77/1 59/76/1 
f 60/78/1 59/76/1 38/77/1 
f 38/77/1 41/79/1 60/78/1 
f 60/78/1 41/79/1 42/80/1 
f 42/80/1 61/81/1 60/78/1 
f 61/81/1 62/82/1 60/78/1 
f 63/83/23 64/84/24 65/85/25 
f 65/85/25 66/86/26 63/83/23 
f 66/86/26 65/85/25 67/87/27 
f 67/87/27 68/88/28 66/86/26 
f 68/88/28 67/87/27 69/89/29 
f 69/89/29 70/90/30 68/88/28 
f 70/90/30 66/91/1 68/88/1 
f 66/91/1 71/92/1 63/93/1 
f 71/92/1 66/91/1 70/90/30 
f 70/90/30 72/94/31 71/92/1 
f 72/94/31 70/90/30 69/89/29 
f 69/89/29 73/95/32 72/94/31 
f 74/96/33 73/95/32 69/89/29 
f 69/89/29 65/97/33 74/96/33 
f 65/97/33 69/89/29 67/98/33 
f 65/97/33 64/99/33 74/96/33 
f 75/100/34 76/101/35 77/102/36 
f 77/102/36 78/103/37 75/100/34 
f 78/103/37 77/102/36 79/104/38 
f 79/104/38 80/105/39 78/103/37 
f 81/106/40 80/105/39 79/104/38 
f 79/104/38 82/107/41 81/106/40 
f 81/106/40 78/108/33 80/109/33 
f 78/108/33 83/110/33 75/111/33 
f 83/110/33 78/108/33 81/106/40 
f 81/106/40 84/112/42 83/110/33 
f 84/112/42 81/106/40 82/107/41 
f 82/107/41 85/113/43 84/112/42 
f 85/113/43 82/107/41 77/114/1 
f 82/107/41 79/115/1 77/114/1 
f 77/114/1 86/116/1 85/113/43 
f 86/116/1 77/114/1 76/117/1 
f 87/118/44 88/119/44 89/120/45 
f 89/120/45 90/121/45 87/118/44 
f 90/121/45 89/120/45 91/122/46 
f 91/122/46 92/123/46 90/121/45 
f 92/123/46 91/122/46 93/124/47 
f 93/124/47 94/125/47 92/123/46 
f 94/125/47 93/124/47 95/126/48 
f 95/126/48 96/127/48 94/125/47 
f 96/127/48 95/126/48 97/128/49 
f 97/128/49 98/129/49 96/127/48 
f 98/129/49 97/128/49 99/130/33 
f 99/130/33 100/131/33 98/129/49 
f 100/131/33 99/130/33 101/132/50 
f 101/132/50 102/133/50 100/131/33 
f 102/133/50 101/132/50 103/134/51 
f 103/134/51 104/135/51 102/133/50 
f 104/135/51 103/134/51 105/136/52 
f 105/136/52 106/137/52 104/135/51 
f 106/137/52 105/136/52 107/138/53 
f 107/138/53 108/139/53 106/137/52 
f 108/139/53 107/138/53 109/140/54 
f 109/140/54 110/141/54 108/139/53 
f 110/141/54 109/140/54 111/142/55 
f 111/142/55 112/143/55 110/141/54 
f 112/143/55 111/142/55 113/144/56 
f 113/144/56 114/145/56 112/143/55 
f 114/145/56 113/144/56 115/146/57 
f 115/146/57 116/147/57 114/145/56 
f 116/147/57 115/146/57 117/148/58 
f 117/148/58 118/149/58 116/147/57 
f 118/149/58 117/148/58 119/150/59 
f 119/150/59 120/151/59 118/149/58 
f 120/151/59 119/150/59 121/152/60 
f 121/152/60 122/153/60 120/151/59 
f 122/153/60 121/152/60 123/154/1 
f 123/154/1 124/155/1 122/153/60 
f 124/155/1 123/154/1 125/156/61 
f 125/156/61 126/157/61 124/155/1 
f 126/157/61 125/156/61 127/158/62 
f 127/158/62 128/159/62 126/157/61 
f 128/159/62 127/158/62 129/160/63 
f 129/160/63 130/161/63 128/159/62 
f 130/161/63 129/160/63 131/162/64 
f 131/162/64 132/163/64 130/161/63 
f 132/163/64 131/162/64 133/164/65 
f 133/164/65 134/165/65 132/163/64 
f 134/165/65 133/164/65 88/166/44 
f 88/166/44 87/167/44 134/165/65 
f 135/168/55 136/169/55 137/170/56 
f 137/170/56 138/171/56 135/168/55 
f 138/171/56 137/170/56 139/172/57 
f 139/172/57 140/173/57 138/171/56 
f 140/173/57 139/172/57 141/174/58 
f 141/174/58 142/175/58 140/173/57 
f 142/175/58 141/174/58 143/176/59 
f 143/176/59 144/177/59 142/175/58 
f 144/177/59 143/176/59 145/178/60 
f 145/178/60 146/179/60 144/177/59 
f 146/179/60 145/178/60 147/180/66 
f 147/180/66 148/181/66 146/179/60 
f 148/181/66 147/180/66 149/182/61 
f 149/182/61 150/183/61 148/181/66 
f 150/183/61 149/182/61 151/184/62 
f 151/184/62 152/185/62 150/183/61 
f 152/185/62 151/184/62 153/186/63 
f 153/186/63 154/187/63 152/185/62 
f 154/187/63 153/186/63 155/188/64 
f 155/188/64 156/189/64 154/187/63 
f 156/189/64 155/188/64 157/190/65 
f 157/190/65 158/191/65 156/189/64 
f 159/192/44 158/191/65 157/190/65 
f 157/190/65 160/193/44 159/192/44 
f 159/192/44 160/193/44 161/194/45 
f 161/194/45 162/195/45 159/192/44 
f 162/195/45 161/194/45 163/196/46 
f 163/196/46 164/197/46 162/195/45 
f 164/197/46 163/196/46 165/198/47 
f 165/198/47 166/199/47 164/197/46 
f 166/199/47 165/198/47 167/200/48 
f 167/200/48 168/201/48 166/199/47 
f 168/201/48 167/200/48 169/202/49 
f 169/202/49 170/203/49 168/201/48 
f 170/203/49 169/202/49 171/204/67 
f 171/204/67 172/205/67 170/203/49 
f 172/205/67 171/204/67 173/206/50 
f 173/206/50 174/207/50 172/205/67 
f 174/207/50 173/206/50 175/208/51 
f 175/208/51 176/209/51 174/207/50 
f 176/209/51 175/208/51 177/210/52 
f 177/210/52 178/211/52 176/209/51 
f 178/211/52 177/210/52 179/212/53 
f 179/212/53 180/213/53 178/211/52 
f 180/213/53 179/212/53 181/214/54 
f 181/214/54 182/215/54 180/213/53 
f 182/215/54 181/214/54 136/216/55 
f 136/216/55 135/217/55 182/215/54 
f 183/218/68 184/219/69 4/220/69 
f 4/220/69 1/221/68 183/218/68 
f 185/222/70 183/218/68 1/221/68 
f 1/221/68 44/223/70 185/222/70 
f 185/222/70 44/223/70 45/224/71 
f 45/224/71 186/225/71 185/222/70 
f 186/225/71 45/224/71 46/226/72 
f 46/226/72 187/227/72 186/225/71 
f 187/227/72 46/226/72 47/228/73 
f 47/228/73 188/229/73 187/227/72 
f 188/229/73 47/228/73 48/230/74 
f 48/230/74 189/231/74 188/229/73 
f 189/231/74 48/230/74 49/232/75 
f 49/232/75 190/233/75 189/231/74 
f 190/233/75 49/232/75 50/234/76 
f 50/234/76 191/235/76 190/233/75 
f 191/235/76 50/234/76 51/236/77 
f 51/236/77 192/237/78 191/235/76 
f 192/237/78 51/236/77 52/238/79 
f 52/238/79 193/239/79 192/237/78 
f 194/240/80 193/239/79 52/238/79 
f 52/238/79 53/241/80 194/240/80 
f 195/242/81 194/240/80 53/241/80 
f 53/241/80 54/243/81 195/242/81 
f 196/244/82 195/242/81 54/243/81 
f 54/243/81 55/245/82 196/244/82 
f 197/246/83 196/244/82 55/245/82 
f 55/245/82 56/247/83 197/246/83 
f 198/248/84 197/246/83 56/247/83 
f 56/247/83 57/249/84 198/248/84 
f 199/250/85 198/248/84 57/249/84 
f 57/249/84 58/251/85 199/250/85 
f 200/252/86 199/250/85 58/251/85 
f 58/251/85 59/253/86 200/252/86 
f 201/254/87 200/252/86 59/253/86 
f 59/253/86 60/255/87 201/254/87 
f 201/254/87 60/255/87 62/256/88 
f 62/256/88 202/257/88 201/254/87 
f 203/85/89 204/84/90 205/83/91 
f 205/83/91 206/86/92 203/85/89 
f 207/87/93 203/85/89 206/86/92 
f 206/86/92 208/88/94 207/87/93 
f 209/89/95 207/87/93 208/88/94 
f 208/88/94 210/90/96 209/89/95 
f 210/90/96 208/88/1 206/91/1 
f 206/91/1 205/93/1 211/92/1 
f 210/90/96 206/91/1 211/92/1 
f 211/92/1 212/94/97 210/90/96 
f 209/89/95 210/90/96 212/94/97 
f 212/94/97 213/95/98 209/89/95 
f 209/89/95 213/95/98 214/96/33 
f 214/96/33 203/97/33 209/89/95 
f 203/97/33 214/96/33 204/99/33 
f 203/97/33 207/98/33 209/89/95 
f 215/102/99 216/101/100 217/100/101 
f 217/100/101 218/103/102 215/102/99 
f 219/104/103 215/102/99 218/103/102 
f 218/103/102 220/105/104 219/104/103 
f 219/104/103 220/105/104 221/106/105 
f 221/106/105 222/107/106 219/104/103 
f 221/106/105 220/109/33 218/108/33 
f 218/108/33 217/111/33 223/110/33 
f 221/106/105 218/108/33 223/110/33 
f 223/110/33 224/112/107 221/106/105 
f 222/107/106 221/106/105 224/112/107 
f 224/112/107 225/113/108 222/107/106 
f 215/114/1 222/107/106 225/113/108 
f 222/107/106 215/114/1 219/115/1 
f 225/113/108 226/116/1 215/114/1 
f 226/116/1 216/117/1 215/114/1 
f 5/258/109 3/259/110 2/260/111 
f 2/260/111 227/261/112 5/258/109 
f 184/262/113 227/261/112 2/260/111 
f 2/260/111 4/263/114 184/262/113 
f 227/264/33 184/265/33 183/266/33 
f 5/267/33 227/264/33 183/266/33 
f 183/266/33 6/268/33 5/267/33 
f 6/268/33 183/266/33 185/269/33 
f 185/269/33 8/270/33 6/268/33 
f 11/271/33 8/270/33 185/269/33 
f 185/269/33 186/272/33 11/271/33 
f 11/271/33 186/272/33 187/273/33 
f 187/273/33 12/274/33 11/271/33 
f 12/274/33 187/273/33 188/275/33 
f 188/275/33 14/276/33 12/274/33 
f 14/276/33 188/275/33 189/277/33 
f 189/277/33 16/278/33 14/276/33 
f 16/278/33 189/277/33 190/279/33 
f 190/279/33 18/280/33 16/278/33 
f 18/280/33 190/279/33 191/281/33 
f 191/281/33 20/282/33 18/280/33 
f 20/282/33 191/281/33 192/283/33 
f 192/283/33 22/284/33 20/282/33 
f 22/284/33 192/283/33 193/285/33 
f 193/285/33 24/286/33 22/284/33 
f 27/287/33 24/286/33 193/285/33 
f 193/285/33 194/288/33 27/287/33 
f 29/289/33 27/287/33 194/288/33 
f 194/288/33 195/290/33 29/289/33 
f 31/291/33 29/289/33 195/290/33 
f 195/290/33 196/292/33 31/291/33 
f 33/293/33 31/291/33 196/292/33 
f 196/292/33 197/294/33 33/293/33 
f 35/295/33 33/293/33 197/294/33 
f 197/294/33 198/296/33 35/295/33 
f 37/297/33 35/295/33 198/296/33 
f 198/296/33 199/298/33 37/297/33 
f 39/299/33 37/297/33 199/298/33 
f 199/298/33 200/300/33 39/299/33 
f 39/299/33 200/300/33 201/301/33 
f 201/301/33 40/302/33 39/299/33 
f 43/303/33 40/302/33 201/301/33 
f 201/301/33 228/304/33 43/303/33 
f 228/304/33 201/301/33 202/305/33 
f 42/306/115 43/307/116 228/308/117 
f 228/308/117 61/309/118 42/306/115 
f 62/310/119 61/309/118 228/308/117 
f 228/308/117 202/311/120 62/310/119 
f 229/312/121 230/313/122 231/314/123 
f 231/314/123 230/313/122 232/315/124 
f 232/315/124 233/316/125 231/314/123 
f 234/317/126 231/314/123 233/316/125 
f 235/318/127 236/319/128 234/317/126 
f 234/317/126 237/320/129 235/318/127 
f 233/316/125 237/320/129 234/317/126 
f 237/320/129 238/321/130 235/318/127 
f 239/322/131 238/321/130 237/320/129 
f 237/320/129 240/323/132 239/322/131 
f 241/324/133 240/323/132 237/320/129 
f 237/320/129 233/316/125 241/324/133 
f 242/325/134 240/323/132 241/324/133 
f 241/324/133 243/326/135 242/325/134 
f 233/316/125 244/327/136 241/324/133 
f 243/326/135 241/324/133 244/327/136 
f 244/327/136 233/316/125 232/315/124 
f 244/327/136 245/328/137 243/326/135 
f 232/315/124 246/329/138 244/327/136 
f 244/327/136 246/329/138 245/328/137 
f 247/312/121 248/313/122 249/314/123 
f 249/314/123 248/313/122 250/315/124 
f 250/315/124 251/316/125 249/314/123 
f 252/317/126 249/314/123 251/316/125 
f 253/318/127 254/319/128 252/317/126 
f 252/317/126 255/320/129 253/318/127 
f 251/316/125 255/320/129 252/317/126 
f 255/320/129 256/321/130 253/318/127 
f 257/322/131 256/321/130 255/320/129 
f 255/320/129 258/323/132 257/322/131 
f 259/324/133 258/323/132 255/320/129 
f 255/320/129 251/316/125 259/324/133 
f 260/325/134 258/323/132 259/324/133 
f 259/324/133 261/326/135 260/325/134 
f 251/316/125 262/327/136 259/324/133 
f 261/326/135 259/324/133 262/327/136 
f 262/327/136 251/316/125 250/315/124 
f 262/327/136 263/328/137 261/326/135 
f 250/315/124 264/329/138 262/327/136 
f 262/327/136 264/329/138 263/328/137 
f 265/330/139 266/331/140 267/332/141 
f 267/332/141 268/333/142 265/330/139 
f 268/333/142 267/332/141 269/334/143 
f 270/335/144 265/330/139 268/333/142 
f 269/334/143 271/336/145 268/333/142 
f 271/336/145 269/334/143 272/337/146 
f 268/333/142 273/338/147 270/335/144 
f 273/338/147 268/333/142 271/336/145 
f 274/339/148 270/335/144 273/338/147 
f 272/337/146 275/340/149 271/336/145 
f 275/340/149 272/337/146 276/341/150 
f 271/336/145 277/342/151 273/338/147 
f 277/342/151 271/336/145 275/340/149 
f 273/338/147 278/343/152 274/339/148 
f 278/343/152 273/338/147 277/342/151 
f 279/344/153 274/339/148 278/343/152 
f 276/341/150 280/345/154 275/340/149 
f 280/345/154 276/341/150 281/346/155 
f 278/343/152 282/347/156 279/344/153 
f 283/348/157 279/344/153 282/347/156 
f 277/342/151 284/349/158 278/343/152 
f 282/347/156 278/343/152 284/349/158 
f 275/340/149 285/350/159 277/342/151 
f 284/349/158 277/342/151 285/350/159 
f 285/350/159 275/340/149 280/345/154 
f 282/347/156 286/351/160 283/348/157 
f 287/352/161 283/348/157 286/351/160 
f 284/349/158 288/353/162 282/347/156 
f 286/351/160 282/347/156 288/353/162 
f 285/350/159 289/354/163 284/349/158 
f 288/353/162 284/349/158 289/354/163 
f 286/351/160 290/355/164 287/352/161 
f 291/356/165 287/352/161 290/355/164 
f 288/353/162 292/357/166 286/351/160 
f 290/355/164 286/351/160 292/357/166 
f 290/355/164 293/358/167 291/356/165 
f 294/359/168 291/356/165 293/358/167 
f 292/357/166 295/360/169 290/355/164 
f 293/358/167 290/355/164 295/360/169 
f 292/357/166 288/353/162 296/361/170 
f 289/354/163 296/361/170 288/353/162 
f 293/358/167 297/362/171 294/359/168 
f 298/363/172 294/359/168 297/362/171 
f 297/362/171 293/358/167 299/364/173 
f 295/360/169 299/364/173 293/358/167 
f 297/362/171 300/365/174 298/363/172 
f 301/366/175 298/363/172 300/365/174 
f 299/364/173 302/367/176 297/362/171 
f 300/365/174 297/362/171 302/367/176 
f 300/365/174 303/368/177 301/366/175 
f 304/369/178 301/366/175 303/368/177 
f 302/367/176 305/370/179 300/365/174 
f 303/368/177 300/365/174 305/370/179 
f 303/368/177 306/371/180 304/369/178 
f 307/372/181 304/369/178 306/371/180 
f 306/371/180 308/373/182 307/372/181 
f 306/371/180 303/368/177 309/374/183 
f 305/370/179 309/374/183 303/368/177 
f 308/373/182 306/371/180 310/375/184 
f 309/374/183 310/375/184 306/371/180 
f 310/375/184 311/376/185 308/373/182 
f 309/374/183 305/370/179 312/377/186 
f 311/376/185 310/375/184 313/378/187 
f 313/378/187 314/379/188 311/376/185 
f 310/375/184 309/374/183 315/380/189 
f 315/380/189 313/378/187 310/375/184 
f 312/377/186 315/380/189 309/374/183 
f 314/379/188 313/378/187 316/381/190 
f 316/381/190 317/382/191 314/379/188 
f 313/378/187 315/380/189 318/383/192 
f 318/383/192 316/381/190 313/378/187 
f 317/382/191 316/381/190 319/384/193 
f 319/384/193 320/385/194 317/382/191 
f 316/381/190 318/383/192 321/386/195 
f 321/386/195 319/384/193 316/381/190 
f 322/387/196 318/383/192 315/380/189 
f 315/380/189 312/377/186 322/387/196 
f 323/388/197 321/386/195 318/383/192 
f 318/383/192 322/387/196 323/388/197 
f 320/385/194 319/384/193 324/389/198 
f 324/389/198 325/390/199 320/385/194 
f 319/384/193 321/386/195 326/391/200 
f 326/391/200 324/389/198 319/384/193 
f 325/390/199 324/389/198 327/392/201 
f 327/392/201 328/393/202 325/390/199 
f 324/389/198 326/391/200 329/394/203 
f 329/394/203 327/392/201 324/389/198 
f 330/395/204 326/391/200 321/386/195 
f 321/386/195 323/388/197 330/395/204 
f 331/396/205 329/394/203 326/391/200 
f 326/391/200 330/395/204 331/396/205 
f 328/393/202 327/392/201 332/397/206 
f 332/397/206 333/398/207 328/393/202 
f 327/392/201 329/394/203 334/399/208 
f 334/399/208 332/397/206 327/392/201 
f 333/398/207 332/397/206 335/400/209 
f 335/400/209 336/401/210 333/398/207 
f 332/397/206 334/399/208 337/402/211 
f 337/402/211 335/400/209 332/397/206 
f 338/403/212 334/399/208 329/394/203 
f 329/394/203 331/396/205 338/403/212 
f 339/404/213 337/402/211 334/399/208 
f 334/399/208 338/403/212 339/404/213 
f 336/401/210 335/400/209 340/405/214 
f 340/405/214 341/406/215 336/401/210 
f 335/400/209 337/402/211 342/407/216 
f 342/407/216 340/405/214 335/400/209 
f 341/406/215 340/405/214 343/408/217 
f 343/408/217 344/409/218 341/406/215 
f 345/410/219 344/409/218 343/408/217 
f 340/405/214 342/407/216 346/411/220 
f 346/411/220 343/408/217 340/405/214 
f 347/412/221 342/407/216 337/402/211 
f 337/402/211 339/404/213 347/412/221 
f 348/413/222 346/411/220 342/407/216 
f 342/407/216 347/412/221 348/413/222 
f 343/408/217 346/411/220 349/414/223 
f 343/408/217 350/415/224 345/410/219 
f 349/414/223 350/415/224 343/408/217 
f 345/410/219 350/415/224 351/416/225 
f 351/416/225 352/417/226 345/410/219 
f 350/415/224 349/414/223 353/418/227 
f 353/418/227 351/416/225 350/415/224 
f 354/419/228 349/414/223 346/411/220 
f 346/411/220 348/413/222 354/419/228 
f 355/420/229 353/418/227 349/414/223 
f 349/414/223 354/419/228 355/420/229 
f 352/417/226 351/416/225 356/421/230 
f 356/421/230 357/422/231 352/417/226 
f 351/416/225 353/418/227 358/423/232 
f 358/423/232 356/421/230 351/416/225 
f 357/422/231 356/421/230 359/424/233 
f 359/424/233 360/425/234 357/422/231 
f 356/421/230 358/423/232 361/426/235 
f 361/426/235 359/424/233 356/421/230 
f 362/427/236 358/423/232 353/418/227 
f 353/418/227 355/420/229 362/427/236 
f 363/428/237 361/426/235 358/423/232 
f 358/423/232 362/427/236 363/428/237 
f 360/425/234 359/424/233 364/429/238 
f 364/429/238 365/430/239 360/425/234 
f 359/424/233 361/426/235 366/431/240 
f 366/431/240 364/429/238 359/424/233 
f 365/430/239 364/429/238 367/432/241 
f 367/432/241 368/433/242 365/430/239 
f 364/429/238 366/431/240 369/434/243 
f 369/434/243 367/432/241 364/429/238 
f 370/435/244 366/431/240 361/426/235 
f 361/426/235 363/428/237 370/435/244 
f 371/436/245 369/434/243 366/431/240 
f 366/431/240 370/435/244 371/436/245 
f 368/433/242 367/432/241 372/437/246 
f 372/437/246 373/438/247 368/433/242 
f 367/432/241 369/434/243 374/439/248 
f 374/439/248 372/437/246 367/432/241 
f 373/438/247 372/437/246 375/440/249 
f 375/440/249 376/441/250 373/438/247 
f 372/437/246 374/439/248 377/442/251 
f 377/442/251 375/440/249 372/437/246 
f 378/443/252 374/439/248 369/434/243 
f 369/434/243 371/436/245 378/443/252 
f 379/444/253 377/442/251 374/439/248 
f 374/439/248 378/443/252 379/444/253 
f 376/441/250 375/440/249 380/445/254 
f 380/445/254 381/446/255 376/441/250 
f 375/440/249 377/442/251 382/447/256 
f 382/447/256 380/445/254 375/440/249 
f 381/446/255 380/445/254 383/448/257 
f 383/448/257 384/449/258 381/446/255 
f 380/445/254 382/447/256 385/450/259 
f 385/450/259 383/448/257 380/445/254 
f 386/451/260 382/447/256 377/442/251 
f 377/442/251 379/444/253 386/451/260 
f 387/452/261 385/450/259 382/447/256 
f 382/447/256 386/451/260 387/452/261 
f 384/449/258 383/448/257 388/453/262 
f 388/453/262 389/454/263 384/449/258 
f 383/448/257 385/450/259 390/455/264 
f 390/455/264 388/453/262 383/448/257 
f 389/454/263 388/453/262 391/456/265 
f 391/456/265 392/457/266 389/454/263 
f 304/458/178 307/459/181 392/457/266 
f 392/457/266 391/456/265 304/458/178 
f 301/460/175 304/458/178 391/456/265 
f 393/461/267 391/456/265 388/453/262 
f 391/456/265 393/461/267 301/460/175 
f 388/453/262 390/455/264 393/461/267 
f 298/462/172 301/460/175 393/461/267 
f 393/461/267 394/463/268 298/462/172 
f 394/463/268 393/461/267 390/455/264 
f 294/464/168 298/462/172 394/463/268 
f 395/465/269 390/455/264 385/450/259 
f 390/455/264 395/465/269 394/463/268 
f 385/450/259 387/452/261 395/465/269 
f 394/463/268 396/466/270 294/464/168 
f 396/466/270 394/463/268 395/465/269 
f 291/467/165 294/464/168 396/466/270 
f 397/468/271 395/465/269 387/452/261 
f 395/465/269 397/468/271 396/466/270 
f 396/466/270 398/469/272 291/467/165 
f 398/469/272 396/466/270 397/468/271 
f 287/470/161 291/467/165 398/469/272 
f 387/452/261 399/471/273 397/468/271 
f 399/471/273 387/452/261 386/451/260 
f 397/468/271 400/472/274 398/469/272 
f 400/472/274 397/468/271 399/471/273 
f 398/469/272 401/473/275 287/470/161 
f 401/473/275 398/469/272 400/472/274 
f 283/474/157 287/470/161 401/473/275 
f 386/451/260 402/475/276 399/471/273 
f 402/475/276 386/451/260 379/444/253 
f 401/473/275 403/476/277 283/474/157 
f 279/477/153 283/474/157 403/476/277 
f 400/472/274 404/478/278 401/473/275 
f 403/476/277 401/473/275 404/478/278 
f 399/471/273 405/479/279 400/472/274 
f 404/478/278 400/472/274 405/479/279 
f 405/479/279 399/471/273 402/475/276 
f 403/476/277 406/480/280 279/477/153 
f 274/481/148 279/477/153 406/480/280 
f 404/478/278 407/482/281 403/476/277 
f 406/480/280 403/476/277 407/482/281 
f 405/479/279 408/483/282 404/478/278 
f 407/482/281 404/478/278 408/483/282 
f 406/480/280 409/484/283 274/481/148 
f 270/485/144 274/481/148 409/484/283 
f 407/482/281 410/486/284 406/480/280 
f 409/484/283 406/480/280 410/486/284 
f 409/484/283 411/487/285 270/485/144 
f 265/488/139 270/485/144 411/487/285 
f 410/486/284 412/489/286 409/484/283 
f 411/487/285 409/484/283 412/489/286 
f 410/486/284 407/482/281 413/490/287 
f 408/483/282 413/490/287 407/482/281 
f 411/487/285 414/491/288 265/488/139 
f 266/492/140 265/488/139 414/491/288 
f 414/491/288 415/493/289 266/492/140 
f 414/491/288 411/487/285 416/494/290 
f 412/489/286 416/494/290 411/487/285 
f 415/493/289 414/491/288 417/495/291 
f 416/494/290 417/495/291 414/491/288 
f 417/495/291 418/496/292 415/493/289 
f 416/494/290 412/489/286 419/497/293 
f 418/496/292 417/495/291 420/498/294 
f 420/498/294 421/499/295 418/496/292 
f 417/495/291 416/494/290 422/500/296 
f 422/500/296 420/498/294 417/495/291 
f 419/497/293 422/500/296 416/494/290 
f 421/499/295 420/498/294 423/501/297 
f 423/501/297 424/502/298 421/499/295 
f 420/498/294 422/500/296 425/503/299 
f 425/503/299 423/501/297 420/498/294 
f 424/502/298 423/501/297 426/504/300 
f 426/504/300 427/505/301 424/502/298 
f 423/501/297 425/503/299 428/506/302 
f 428/506/302 426/504/300 423/501/297 
f 429/507/303 425/503/299 422/500/296 
f 422/500/296 419/497/293 429/507/303 
f 430/508/304 428/506/302 425/503/299 
f 425/503/299 429/507/303 430/508/304 
f 427/505/301 426/504/300 431/509/305 
f 431/509/305 432/510/306 427/505/301 
f 426/504/300 428/506/302 433/511/307 
f 433/511/307 431/509/305 426/504/300 
f 432/510/306 431/509/305 434/512/308 
f 434/512/308 435/513/309 432/510/306 
f 431/509/305 433/511/307 436/514/310 
f 436/514/310 434/512/308 431/509/305 
f 437/515/311 433/511/307 428/506/302 
f 428/506/302 430/508/304 437/515/311 
f 438/516/312 436/514/310 433/511/307 
f 433/511/307 437/515/311 438/516/312 
f 435/513/309 434/512/308 439/517/313 
f 439/517/313 440/518/314 435/513/309 
f 434/512/308 436/514/310 441/519/315 
f 441/519/315 439/517/313 434/512/308 
f 440/518/314 439/517/313 442/520/316 
f 442/520/316 443/521/317 440/518/314 
f 439/517/313 441/519/315 444/522/318 
f 444/522/318 442/520/316 439/517/313 
f 445/523/319 441/519/315 436/514/310 
f 436/514/310 438/516/312 445/523/319 
f 446/524/320 444/522/318 441/519/315 
f 441/519/315 445/523/319 446/524/320 
f 443/521/317 442/520/316 447/525/321 
f 447/525/321 448/526/322 443/521/317 
f 442/520/316 444/522/318 449/527/323 
f 449/527/323 447/525/321 442/520/316 
f 448/526/322 447/525/321 450/528/324 
f 450/528/324 451/529/325 448/526/322 
f 447/525/321 449/527/323 452/530/326 
f 452/530/326 450/528/324 447/525/321 
f 453/531/327 449/527/323 444/522/318 
f 444/522/318 446/524/320 453/531/327 
f 454/532/328 452/530/326 449/527/323 
f 449/527/323 453/531/327 454/532/328 
f 451/529/325 450/528/324 455/533/329 
f 455/533/329 456/534/330 451/529/325 
f 450/528/324 452/530/326 457/535/331 
f 457/535/331 455/533/329 450/528/324 
f 456/534/330 455/533/329 458/536/332 
f 458/536/332 459/537/333 456/534/330 
f 455/533/329 457/535/331 460/538/334 
f 460/538/334 458/536/332 455/533/329 
f 461/539/335 457/535/331 452/530/326 
f 452/530/326 454/532/328 461/539/335 
f 462/540/336 460/538/334 457/535/331 
f 457/535/331 461/539/335 462/540/336 
f 459/537/333 458/536/332 463/541/337 
f 463/541/337 464/542/338 459/537/333 
f 458/536/332 460/538/334 465/543/339 
f 465/543/339 463/541/337 458/536/332 
f 464/542/338 463/541/337 466/544/340 
f 466/544/340 467/545/341 464/542/338 
f 463/541/337 465/543/339 468/546/342 
f 468/546/342 466/544/340 463/541/337 
f 469/547/343 465/543/339 460/538/334 
f 460/538/334 462/540/336 469/547/343 
f 470/548/344 468/546/342 465/543/339 
f 465/543/339 469/547/343 470/548/344 
f 467/545/341 466/544/340 471/549/345 
f 471/549/345 472/550/346 467/545/341 
f 466/544/340 468/546/342 473/551/347 
f 473/551/347 471/549/345 466/544/340 
f 472/550/346 471/549/345 474/552/348 
f 474/552/348 475/553/349 472/550/346 
f 471/549/345 473/551/347 476/554/350 
f 476/554/350 474/552/348 471/549/345 
f 477/555/351 473/551/347 468/546/342 
f 468/546/342 470/548/344 477/555/351 
f 478/556/352 476/554/350 473/551/347 
f 473/551/347 477/555/351 478/556/352 
f 475/553/349 474/552/348 479/557/353 
f 479/557/353 480/558/354 475/553/349 
f 474/552/348 476/554/350 481/559/355 
f 481/559/355 479/557/353 474/552/348 
f 480/558/354 479/557/353 482/560/356 
f 482/560/356 281/346/155 480/558/354 
f 281/346/155 482/560/356 280/345/154 
f 483/561/357 482/560/356 479/557/353 
f 479/557/353 481/559/355 483/561/357 
f 484/562/358 280/345/154 482/560/356 
f 482/560/356 483/561/357 484/562/358 
f 280/345/154 484/562/358 285/350/159 
f 289/354/163 285/350/159 484/562/358 
f 484/562/358 485/563/359 289/354/163 
f 485/563/359 484/562/358 483/561/357 
f 296/361/170 289/354/163 485/563/359 
f 483/561/357 486/564/360 485/563/359 
f 486/564/360 483/561/357 481/559/355 
f 485/563/359 487/565/361 296/361/170 
f 487/565/361 485/563/359 486/564/360 
f 481/559/355 488/566/362 486/564/360 
f 488/566/362 481/559/355 476/554/350 
f 476/554/350 478/556/352 488/566/362 
f 489/567/363 486/564/360 488/566/362 
f 486/564/360 489/567/363 487/565/361 
f 490/568/364 488/566/362 478/556/352 
f 488/566/362 490/568/364 489/567/363 
f 491/569/365 296/361/170 487/565/361 
f 296/361/170 491/569/365 292/357/166 
f 295/360/169 292/357/166 491/569/365 
f 492/570/366 487/565/361 489/567/363 
f 487/565/361 492/570/366 491/569/365 
f 491/569/365 493/571/367 295/360/169 
f 493/571/367 491/569/365 492/570/366 
f 299/364/173 295/360/169 493/571/367 
f 489/567/363 494/572/368 492/570/366 
f 494/572/368 489/567/363 490/568/364 
f 492/570/366 495/573/369 493/571/367 
f 495/573/369 492/570/366 494/572/368 
f 493/571/367 496/574/370 299/364/173 
f 496/574/370 493/571/367 495/573/369 
f 302/367/176 299/364/173 496/574/370 
f 494/572/368 497/575/371 495/573/369 
f 496/574/370 498/576/372 302/367/176 
f 305/370/179 302/367/176 498/576/372 
f 498/576/372 312/377/186 305/370/179 
f 495/573/369 499/577/373 496/574/370 
f 498/576/372 496/574/370 499/577/373 
f 499/577/373 495/573/369 497/575/371 
f 312/377/186 498/576/372 500/578/374 
f 499/577/373 500/578/374 498/576/372 
f 500/578/374 322/387/196 312/377/186 
f 500/578/374 499/577/373 501/579/375 
f 497/575/371 501/579/375 499/577/373 
f 322/387/196 500/578/374 502/580/376 
f 501/579/375 502/580/376 500/578/374 
f 502/580/376 323/388/197 322/387/196 
f 501/579/375 497/575/371 503/581/377 
f 323/388/197 502/580/376 504/582/378 
f 504/582/378 330/395/204 323/388/197 
f 502/580/376 501/579/375 505/583/379 
f 505/583/379 504/582/378 502/580/376 
f 503/581/377 505/583/379 501/579/375 
f 330/395/204 504/582/378 506/584/380 
f 506/584/380 331/396/205 330/395/204 
f 504/582/378 505/583/379 507/585/381 
f 507/585/381 506/584/380 504/582/378 
f 331/396/205 506/584/380 508/586/382 
f 508/586/382 338/403/212 331/396/205 
f 506/584/380 507/585/381 509/587/383 
f 509/587/383 508/586/382 506/584/380 
f 510/588/384 507/585/381 505/583/379 
f 505/583/379 503/581/377 510/588/384 
f 511/589/385 509/587/383 507/585/381 
f 507/585/381 510/588/384 511/589/385 
f 338/403/212 508/586/382 512/590/386 
f 512/590/386 339/404/213 338/403/212 
f 508/586/382 509/587/383 513/591/387 
f 513/591/387 512/590/386 508/586/382 
f 339/404/213 512/590/386 514/592/388 
f 514/592/388 347/412/221 339/404/213 
f 512/590/386 513/591/387 515/593/389 
f 515/593/389 514/592/388 512/590/386 
f 516/594/390 513/591/387 509/587/383 
f 509/587/383 511/589/385 516/594/390 
f 517/595/391 515/593/389 513/591/387 
f 513/591/387 516/594/390 517/595/391 
f 347/412/221 514/592/388 518/596/392 
f 518/596/392 348/413/222 347/412/221 
f 514/592/388 515/593/389 519/597/393 
f 519/597/393 518/596/392 514/592/388 
f 348/413/222 518/596/392 520/598/394 
f 520/598/394 354/419/228 348/413/222 
f 518/596/392 519/597/393 521/599/395 
f 521/599/395 520/598/394 518/596/392 
f 522/600/396 519/597/393 515/593/389 
f 515/593/389 517/595/391 522/600/396 
f 523/601/397 521/599/395 519/597/393 
f 519/597/393 522/600/396 523/601/397 
f 354/419/228 520/598/394 524/602/398 
f 524/602/398 355/420/229 354/419/228 
f 520/598/394 521/599/395 525/603/399 
f 525/603/399 524/602/398 520/598/394 
f 355/420/229 524/602/398 526/604/400 
f 526/604/400 362/427/236 355/420/229 
f 524/602/398 525/603/399 527/605/401 
f 527/605/401 526/604/400 524/602/398 
f 528/606/402 525/603/399 521/599/395 
f 521/599/395 523/601/397 528/606/402 
f 529/607/403 527/605/401 525/603/399 
f 525/603/399 528/606/402 529/607/403 
f 362/427/236 526/604/400 530/608/404 
f 530/608/404 363/428/237 362/427/236 
f 526/604/400 527/605/401 531/609/405 
f 531/609/405 530/608/404 526/604/400 
f 363/428/237 530/608/404 532/610/406 
f 532/610/406 370/435/244 363/428/237 
f 530/608/404 531/609/405 533/611/407 
f 533/611/407 532/610/406 530/608/404 
f 534/612/408 531/609/405 527/605/401 
f 527/605/401 529/607/403 534/612/408 
f 535/613/409 533/611/407 531/609/405 
f 531/609/405 534/612/408 535/613/409 
f 370/435/244 532/610/406 536/614/410 
f 536/614/410 371/436/245 370/435/244 
f 532/610/406 533/611/407 537/615/411 
f 537/615/411 536/614/410 532/610/406 
f 371/436/245 536/614/410 538/616/412 
f 538/616/412 378/443/252 371/436/245 
f 536/614/410 537/615/411 539/617/413 
f 539/617/413 538/616/412 536/614/410 
f 540/618/414 537/615/411 533/611/407 
f 533/611/407 535/613/409 540/618/414 
f 541/619/415 539/617/413 537/615/411 
f 537/615/411 540/618/414 541/619/415 
f 378/443/252 538/616/412 542/620/416 
f 542/620/416 379/444/253 378/443/252 
f 379/444/253 542/620/416 402/475/276 
f 538/616/412 539/617/413 543/621/417 
f 543/621/417 542/620/416 538/616/412 
f 544/622/418 402/475/276 542/620/416 
f 542/620/416 543/621/417 544/622/418 
f 402/475/276 544/622/418 405/479/279 
f 408/483/282 405/479/279 544/622/418 
f 544/622/418 545/623/419 408/483/282 
f 545/623/419 544/622/418 543/621/417 
f 413/490/287 408/483/282 545/623/419 
f 546/624/420 543/621/417 539/617/413 
f 543/621/417 546/624/420 545/623/419 
f 539/617/413 541/619/415 546/624/420 
f 545/623/419 547/625/421 413/490/287 
f 547/625/421 545/623/419 546/624/420 
f 548/626/422 546/624/420 541/619/415 
f 546/624/420 548/626/422 547/625/421 
f 549/627/423 413/490/287 547/625/421 
f 413/490/287 549/627/423 410/486/284 
f 412/489/286 410/486/284 549/627/423 
f 549/627/423 419/497/293 412/489/286 
f 547/625/421 550/628/424 549/627/423 
f 419/497/293 549/627/423 550/628/424 
f 550/628/424 547/625/421 548/626/422 
f 550/628/424 429/507/303 419/497/293 
f 429/507/303 550/628/424 551/629/425 
f 548/626/422 551/629/425 550/628/424 
f 551/629/425 430/508/304 429/507/303 
f 541/619/415 552/630/426 548/626/422 
f 551/629/425 548/626/422 552/630/426 
f 552/630/426 541/619/415 540/618/414 
f 430/508/304 551/629/425 553/631/427 
f 552/630/426 553/631/427 551/629/425 
f 553/631/427 437/515/311 430/508/304 
f 540/618/414 554/632/428 552/630/426 
f 553/631/427 552/630/426 554/632/428 
f 554/632/428 540/618/414 535/613/409 
f 437/515/311 553/631/427 555/633/429 
f 554/632/428 555/633/429 553/631/427 
f 555/633/429 438/516/312 437/515/311 
f 535/613/409 556/634/430 554/632/428 
f 555/633/429 554/632/428 556/634/430 
f 556/634/430 535/613/409 534/612/408 
f 438/516/312 555/633/429 557/635/431 
f 556/634/430 557/635/431 555/633/429 
f 557/635/431 445/523/319 438/516/312 
f 534/612/408 558/636/432 556/634/430 
f 557/635/431 556/634/430 558/636/432 
f 558/636/432 534/612/408 529/607/403 
f 445/523/319 557/635/431 559/637/433 
f 558/636/432 559/637/433 557/635/431 
f 559/637/433 446/524/320 445/523/319 
f 529/607/403 560/638/434 558/636/432 
f 559/637/433 558/636/432 560/638/434 
f 560/638/434 529/607/403 528/606/402 
f 446/524/320 559/637/433 561/639/435 
f 560/638/434 561/639/435 559/637/433 
f 561/639/435 453/531/327 446/524/320 
f 528/606/402 562/640/436 560/638/434 
f 561/639/435 560/638/434 562/640/436 
f 562/640/436 528/606/402 523/601/397 
f 453/531/327 561/639/435 563/641/437 
f 562/640/436 563/641/437 561/639/435 
f 563/641/437 454/532/328 453/531/327 
f 523/601/397 564/642/438 562/640/436 
f 563/641/437 562/640/436 564/642/438 
f 564/642/438 523/601/397 522/600/396 
f 454/532/328 563/641/437 565/643/439 
f 564/642/438 565/643/439 563/641/437 
f 565/643/439 461/539/335 454/532/328 
f 522/600/396 566/644/440 564/642/438 
f 565/643/439 564/642/438 566/644/440 
f 566/644/440 522/600/396 517/595/391 
f 461/539/335 565/643/439 567/645/441 
f 566/644/440 567/645/441 565/643/439 
f 567/645/441 462/540/336 461/539/335 
f 517/595/391 568/646/442 566/644/440 
f 567/645/441 566/644/440 568/646/442 
f 568/646/442 517/595/391 516/594/390 
f 462/540/336 567/645/441 569/647/443 
f 568/646/442 569/647/443 567/645/441 
f 569/647/443 469/547/343 462/540/336 
f 516/594/390 570/648/444 568/646/442 
f 569/647/443 568/646/442 570/648/444 
f 570/648/444 516/594/390 511/589/385 
f 469/547/343 569/647/443 571/649/445 
f 570/648/444 571/649/445 569/647/443 
f 571/649/445 470/548/344 469/547/343 
f 511/589/385 572/650/446 570/648/444 
f 571/649/445 570/648/444 572/650/446 
f 572/650/446 511/589/385 510/588/384 
f 470/548/344 571/649/445 573/651/447 
f 572/650/446 573/651/447 571/649/445 
f 573/651/447 477/555/351 470/548/344 
f 510/588/384 574/652/448 572/650/446 
f 573/651/447 572/650/446 574/652/448 
f 574/652/448 510/588/384 503/581/377 
f 477/555/351 573/651/447 575/653/449 
f 574/652/448 575/653/449 573/651/447 
f 575/653/449 478/556/352 477/555/351 
f 478/556/352 575/653/449 490/568/364 
f 503/581/377 576/654/450 574/652/448 
f 575/653/449 574/652/448 576/654/450 
f 576/654/450 490/568/364 575/653/449 
f 576/654/450 503/581/377 497/575/371 
f 490/568/364 576/654/450 494/572/368 
f 497/575/371 494/572/368 576/654/450 
f 577/655/451 578/656/452 579/657/453 
f 579/657/453 580/658/454 577/655/451 
f 580/658/454 579/657/453 581/659/455 
f 582/660/456 577/655/451 580/658/454 
f 581/659/455 583/661/457 580/658/454 
f 583/661/457 581/659/455 584/662/458 
f 580/658/454 585/663/459 582/660/456 
f 585/663/459 580/658/454 583/661/457 
f 584/662/458 586/664/460 583/661/457 
f 586/664/460 584/662/458 587/665/461 
f 583/661/457 588/666/462 585/663/459 
f 588/666/462 583/661/457 586/664/460 
f 582/660/456 585/663/459 589/667/463 
f 589/667/463 590/668/464 582/660/456 
f 591/669/465 590/668/464 589/667/463 
f 592/670/466 589/667/463 585/663/459 
f 585/663/459 588/666/462 592/670/466 
f 589/667/463 593/671/467 591/669/465 
f 593/671/467 589/667/463 592/670/466 
f 594/672/468 591/669/465 593/671/467 
f 595/673/469 592/670/466 588/666/462 
f 593/671/467 596/674/470 594/672/468 
f 597/675/471 594/672/468 596/674/470 
f 592/670/466 598/676/472 593/671/467 
f 596/674/470 593/671/467 598/676/472 
f 598/676/472 592/670/466 595/673/469 
f 596/674/470 599/677/473 597/675/471 
f 600/678/474 597/675/471 599/677/473 
f 598/676/472 601/679/475 596/674/470 
f 599/677/473 596/674/470 601/679/475 
f 599/677/473 602/680/476 600/678/474 
f 603/681/477 600/678/474 602/680/476 
f 601/679/475 604/682/478 599/677/473 
f 602/680/476 599/677/473 604/682/478 
f 601/679/475 598/676/472 605/683/479 
f 595/673/469 605/683/479 598/676/472 
f 602/680/476 606/684/480 603/681/477 
f 607/685/481 603/681/477 606/684/480 
f 608/686/482 609/687/483 607/685/481 
f 607/685/481 610/688/484 608/686/482 
f 606/684/480 610/688/484 607/685/481 
f 611/689/485 608/686/482 610/688/484 
f 606/684/480 602/680/476 612/690/486 
f 604/682/478 612/690/486 602/680/476 
f 610/688/484 606/684/480 613/691/487 
f 612/690/486 613/691/487 606/684/480 
f 610/688/484 614/692/488 611/689/485 
f 613/691/487 614/692/488 610/688/484 
f 615/693/489 611/689/485 614/692/488 
f 613/691/487 612/690/486 616/694/490 
f 614/692/488 617/695/491 615/693/489 
f 618/696/492 615/693/489 617/695/491 
f 614/692/488 613/691/487 619/697/493 
f 619/697/493 617/695/491 614/692/488 
f 616/694/490 619/697/493 613/691/487 
f 617/695/491 620/698/494 618/696/492 
f 621/699/495 618/696/492 620/698/494 
f 617/695/491 619/697/493 622/700/496 
f 622/700/496 620/698/494 617/695/491 
f 620/698/494 623/701/497 621/699/495 
f 624/702/498 621/699/495 623/701/497 
f 620/698/494 622/700/496 625/703/499 
f 625/703/499 623/701/497 620/698/494 
f 626/704/500 622/700/496 619/697/493 
f 619/697/493 616/694/490 626/704/500 
f 627/705/501 625/703/499 622/700/496 
f 622/700/496 626/704/500 627/705/501 
f 623/701/497 628/706/502 624/702/498 
f 629/707/503 624/702/498 628/706/502 
f 623/701/497 625/703/499 630/708/504 
f 630/708/504 628/706/502 623/701/497 
f 628/706/502 631/709/505 629/707/503 
f 632/710/506 629/707/503 631/709/505 
f 628/706/502 630/708/504 633/711/507 
f 633/711/507 631/709/505 628/706/502 
f 634/712/508 630/708/504 625/703/499 
f 625/703/499 627/705/501 634/712/508 
f 635/713/509 633/711/507 630/708/504 
f 630/708/504 634/712/508 635/713/509 
f 631/709/505 636/714/510 632/710/506 
f 637/715/511 632/710/506 636/714/510 
f 631/709/505 633/711/507 638/716/512 
f 638/716/512 636/714/510 631/709/505 
f 636/714/510 639/717/513 637/715/511 
f 640/718/514 637/715/511 639/717/513 
f 636/714/510 638/716/512 641/719/515 
f 641/719/515 639/717/513 636/714/510 
f 642/720/516 638/716/512 633/711/507 
f 633/711/507 635/713/509 642/720/516 
f 643/721/517 641/719/515 638/716/512 
f 638/716/512 642/720/516 643/721/517 
f 639/717/513 644/722/518 640/718/514 
f 645/723/519 640/718/514 644/722/518 
f 639/717/513 641/719/515 646/724/520 
f 646/724/520 644/722/518 639/717/513 
f 644/722/518 647/725/521 645/723/519 
f 648/726/522 645/723/519 647/725/521 
f 644/722/518 646/724/520 649/727/523 
f 649/727/523 647/725/521 644/722/518 
f 650/728/524 646/724/520 641/719/515 
f 641/719/515 643/721/517 650/728/524 
f 651/729/525 649/727/523 646/724/520 
f 646/724/520 650/728/524 651/729/525 
f 647/725/521 652/730/526 648/726/522 
f 653/731/527 648/726/522 652/730/526 
f 647/725/521 649/727/523 654/732/528 
f 654/732/528 652/730/526 647/725/521 
f 652/730/526 655/733/529 653/731/527 
f 656/734/530 653/731/527 655/733/529 
f 652/730/526 654/732/528 657/735/531 
f 657/735/531 655/733/529 652/730/526 
f 658/736/532 654/732/528 649/727/523 
f 649/727/523 651/729/525 658/736/532 
f 659/737/533 657/735/531 654/732/528 
f 654/732/528 658/736/532 659/737/533 
f 655/733/529 660/738/534 656/734/530 
f 661/739/535 656/734/530 660/738/534 
f 655/733/529 657/735/531 662/740/536 
f 662/740/536 660/738/534 655/733/529 
f 660/738/534 663/741/537 661/739/535 
f 664/742/538 661/739/535 663/741/537 
f 660/738/534 662/740/536 665/743/539 
f 665/743/539 663/741/537 660/738/534 
f 666/744/540 662/740/536 657/735/531 
f 657/735/531 659/737/533 666/744/540 
f 667/745/541 665/743/539 662/740/536 
f 662/740/536 666/744/540 667/745/541 
f 663/741/537 668/746/542 664/742/538 
f 669/747/543 664/742/538 668/746/542 
f 663/741/537 665/743/539 670/748/544 
f 670/748/544 668/746/542 663/741/537 
f 668/746/542 671/749/545 669/747/543 
f 672/750/546 669/747/543 671/749/545 
f 668/746/542 670/748/544 673/751/547 
f 673/751/547 671/749/545 668/746/542 
f 674/752/548 670/748/544 665/743/539 
f 665/743/539 667/745/541 674/752/548 
f 675/753/549 673/751/547 670/748/544 
f 670/748/544 674/752/548 675/753/549 
f 671/749/545 676/754/550 672/750/546 
f 677/755/551 672/750/546 676/754/550 
f 671/749/545 673/751/547 678/756/552 
f 678/756/552 676/754/550 671/749/545 
f 676/754/550 679/757/553 677/755/551 
f 680/758/554 677/755/551 679/757/553 
f 676/754/550 678/756/552 681/759/555 
f 681/759/555 679/757/553 676/754/550 
f 682/760/556 678/756/552 673/751/547 
f 673/751/547 675/753/549 682/760/556 
f 683/761/557 681/759/555 678/756/552 
f 678/756/552 682/760/556 683/761/557 
f 679/757/553 684/762/558 680/758/554 
f 685/763/559 680/758/554 684/762/558 
f 679/757/553 681/759/555 686/764/560 
f 686/764/560 684/762/558 679/757/553 
f 684/762/558 687/765/561 685/763/559 
f 688/766/562 685/763/559 687/765/561 
f 684/762/558 686/764/560 689/767/563 
f 689/767/563 687/765/561 684/762/558 
f 690/768/564 686/764/560 681/759/555 
f 681/759/555 683/761/557 690/768/564 
f 691/769/565 689/767/563 686/764/560 
f 686/764/560 690/768/564 691/769/565 
f 687/765/561 692/770/566 688/766/562 
f 693/771/567 688/766/562 692/770/566 
f 687/765/561 689/767/563 694/772/568 
f 694/772/568 692/770/566 687/765/561 
f 692/770/566 695/773/569 693/771/567 
f 609/774/483 693/771/567 695/773/569 
f 695/773/569 607/775/481 609/774/483 
f 603/776/477 607/775/481 695/773/569 
f 696/777/570 695/773/569 692/770/566 
f 695/773/569 696/777/570 603/776/477 
f 692/770/566 694/772/568 696/777/570 
f 600/778/474 603/776/477 696/777/570 
f 696/777/570 697/779/571 600/778/474 
f 697/779/571 696/777/570 694/772/568 
f 597/780/471 600/778/474 697/779/571 
f 698/781/572 694/772/568 689/767/563 
f 694/772/568 698/781/572 697/779/571 
f 689/767/563 691/769/565 698/781/572 
f 697/779/571 699/782/573 597/780/471 
f 699/782/573 697/779/571 698/781/572 
f 594/783/468 597/780/471 699/782/573 
f 700/784/574 698/781/572 691/769/565 
f 698/781/572 700/784/574 699/782/573 
f 699/782/573 701/785/575 594/783/468 
f 701/785/575 699/782/573 700/784/574 
f 591/786/465 594/783/468 701/785/575 
f 691/769/565 702/787/576 700/784/574 
f 702/787/576 691/769/565 690/768/564 
f 700/784/574 703/788/577 701/785/575 
f 703/788/577 700/784/574 702/787/576 
f 701/785/575 704/789/578 591/786/465 
f 704/789/578 701/785/575 703/788/577 
f 590/790/464 591/786/465 704/789/578 
f 690/768/564 705/791/579 702/787/576 
f 705/791/579 690/768/564 683/761/557 
f 702/787/576 706/792/580 703/788/577 
f 706/792/580 702/787/576 705/791/579 
f 703/788/577 707/793/581 704/789/578 
f 707/793/581 703/788/577 706/792/580 
f 704/789/578 708/794/582 590/790/464 
f 708/794/582 704/789/578 707/793/581 
f 590/790/464 708/794/582 709/795/583 
f 709/795/583 582/796/456 590/790/464 
f 577/797/451 582/796/456 709/795/583 
f 707/793/581 710/798/584 708/794/582 
f 709/795/583 711/799/585 577/797/451 
f 578/800/452 577/797/451 711/799/585 
f 711/799/585 712/801/586 578/800/452 
f 713/802/587 709/795/583 708/794/582 
f 711/799/585 709/795/583 713/802/587 
f 708/794/582 710/798/584 713/802/587 
f 712/801/586 711/799/585 714/803/588 
f 713/802/587 714/803/588 711/799/585 
f 714/803/588 715/804/589 712/801/586 
f 714/803/588 713/802/587 716/805/590 
f 716/805/590 713/802/587 710/798/584 
f 715/804/589 714/803/588 717/806/591 
f 716/805/590 717/806/591 714/803/588 
f 717/806/591 718/807/592 715/804/589 
f 710/798/584 719/808/593 716/805/590 
f 718/807/592 717/806/591 720/809/594 
f 720/809/594 721/810/595 718/807/592 
f 717/806/591 716/805/590 722/811/596 
f 722/811/596 720/809/594 717/806/591 
f 722/811/596 716/805/590 719/808/593 
f 721/810/595 720/809/594 723/812/597 
f 723/812/597 724/813/598 721/810/595 
f 720/809/594 722/811/596 725/814/599 
f 725/814/599 723/812/597 720/809/594 
f 724/813/598 723/812/597 726/815/600 
f 726/815/600 727/816/601 724/813/598 
f 723/812/597 725/814/599 728/817/602 
f 728/817/602 726/815/600 723/812/597 
f 725/814/599 722/811/596 729/818/603 
f 719/808/593 729/818/603 722/811/596 
f 728/817/602 725/814/599 730/819/604 
f 729/818/603 730/819/604 725/814/599 
f 727/816/601 726/815/600 731/820/605 
f 731/820/605 732/821/606 727/816/601 
f 726/815/600 728/817/602 733/822/607 
f 733/822/607 731/820/605 726/815/600 
f 732/821/606 731/820/605 734/823/608 
f 734/823/608 735/824/609 732/821/606 
f 731/820/605 733/822/607 736/825/610 
f 736/825/610 734/823/608 731/820/605 
f 733/822/607 728/817/602 737/826/611 
f 730/819/604 737/826/611 728/817/602 
f 736/825/610 733/822/607 738/827/612 
f 737/826/611 738/827/612 733/822/607 
f 735/824/609 734/823/608 739/828/613 
f 739/828/613 740/829/614 735/824/609 
f 734/823/608 736/825/610 741/830/615 
f 741/830/615 739/828/613 734/823/608 
f 740/829/614 739/828/613 742/831/616 
f 742/831/616 743/832/617 740/829/614 
f 739/828/613 741/830/615 744/833/618 
f 744/833/618 742/831/616 739/828/613 
f 741/830/615 736/825/610 745/834/619 
f 738/827/612 745/834/619 736/825/610 
f 744/833/618 741/830/615 746/835/620 
f 745/834/619 746/835/620 741/830/615 
f 743/832/617 742/831/616 747/836/621 
f 747/836/621 748/837/622 743/832/617 
f 742/831/616 744/833/618 749/838/623 
f 749/838/623 747/836/621 742/831/616 
f 748/837/622 747/836/621 750/839/624 
f 750/839/624 751/840/625 748/837/622 
f 747/836/621 749/838/623 752/841/626 
f 752/841/626 750/839/624 747/836/621 
f 749/838/623 744/833/618 753/842/627 
f 746/835/620 753/842/627 744/833/618 
f 752/841/626 749/838/623 754/843/628 
f 753/842/627 754/843/628 749/838/623 
f 751/840/625 750/839/624 755/844/629 
f 755/844/629 756/845/630 751/840/625 
f 750/839/624 752/841/626 757/846/631 
f 757/846/631 755/844/629 750/839/624 
f 756/845/630 755/844/629 758/847/632 
f 758/847/632 759/848/633 756/845/630 
f 755/844/629 757/846/631 760/849/634 
f 760/849/634 758/847/632 755/844/629 
f 757/846/631 752/841/626 761/850/635 
f 754/843/628 761/850/635 752/841/626 
f 760/849/634 757/846/631 762/851/636 
f 761/850/635 762/851/636 757/846/631 
f 759/848/633 758/847/632 763/852/637 
f 763/852/637 764/853/638 759/848/633 
f 758/847/632 760/849/634 765/854/639 
f 765/854/639 763/852/637 758/847/632 
f 764/853/638 763/852/637 766/855/640 
f 766/855/640 767/856/641 764/853/638 
f 763/852/637 765/854/639 768/857/642 
f 768/857/642 766/855/640 763/852/637 
f 765/854/639 760/849/634 769/858/643 
f 762/851/636 769/858/643 760/849/634 
f 768/857/642 765/854/639 770/859/644 
f 769/858/643 770/859/644 765/854/639 
f 767/856/641 766/855/640 771/860/645 
f 771/860/645 772/861/646 767/856/641 
f 766/855/640 768/857/642 773/862/647 
f 773/862/647 771/860/645 766/855/640 
f 772/861/646 771/860/645 774/863/648 
f 774/863/648 775/864/649 772/861/646 
f 771/860/645 773/862/647 776/865/650 
f 776/865/650 774/863/648 771/860/645 
f 773/862/647 768/857/642 777/866/651 
f 770/859/644 777/866/651 768/857/642 
f 776/865/650 773/862/647 778/867/652 
f 777/866/651 778/867/652 773/862/647 
f 775/864/649 774/863/648 779/868/653 
f 779/868/653 780/869/654 775/864/649 
f 774/863/648 776/865/650 781/870/655 
f 781/870/655 779/868/653 774/863/648 
f 780/869/654 779/868/653 782/871/656 
f 782/871/656 587/665/461 780/869/654 
f 587/665/461 782/871/656 586/664/460 
f 783/872/657 782/871/656 779/868/653 
f 779/868/653 781/870/655 783/872/657 
f 784/873/658 586/664/460 782/871/656 
f 782/871/656 783/872/657 784/873/658 
f 586/664/460 784/873/658 588/666/462 
f 588/666/462 784/873/658 595/673/469 
f 785/874/659 595/673/469 784/873/658 
f 784/873/658 783/872/657 785/874/659 
f 605/683/479 595/673/469 785/874/659 
f 786/875/660 785/874/659 783/872/657 
f 783/872/657 781/870/655 786/875/660 
f 785/874/659 787/876/661 605/683/479 
f 787/876/661 785/874/659 786/875/660 
f 788/877/662 786/875/660 781/870/655 
f 781/870/655 776/865/650 788/877/662 
f 778/867/652 788/877/662 776/865/650 
f 789/878/663 786/875/660 788/877/662 
f 786/875/660 789/878/663 787/876/661 
f 790/879/664 788/877/662 778/867/652 
f 788/877/662 790/879/664 789/878/663 
f 791/880/665 605/683/479 787/876/661 
f 605/683/479 791/880/665 601/679/475 
f 604/682/478 601/679/475 791/880/665 
f 792/881/666 787/876/661 789/878/663 
f 787/876/661 792/881/666 791/880/665 
f 791/880/665 793/882/667 604/682/478 
f 793/882/667 791/880/665 792/881/666 
f 612/690/486 604/682/478 793/882/667 
f 793/882/667 616/694/490 612/690/486 
f 616/694/490 793/882/667 794/883/668 
f 792/881/666 794/883/668 793/882/667 
f 794/883/668 626/704/500 616/694/490 
f 789/878/663 795/884/669 792/881/666 
f 794/883/668 792/881/666 795/884/669 
f 795/884/669 789/878/663 790/879/664 
f 626/704/500 794/883/668 796/885/670 
f 795/884/669 796/885/670 794/883/668 
f 796/885/670 627/705/501 626/704/500 
f 790/879/664 797/886/671 795/884/669 
f 796/885/670 795/884/669 797/886/671 
f 627/705/501 796/885/670 798/887/672 
f 797/886/671 798/887/672 796/885/670 
f 798/887/672 634/712/508 627/705/501 
f 797/886/671 790/879/664 799/888/673 
f 778/867/652 799/888/673 790/879/664 
f 799/888/673 778/867/652 777/866/651 
f 798/887/672 797/886/671 800/889/674 
f 799/888/673 800/889/674 797/886/671 
f 634/712/508 798/887/672 801/890/675 
f 800/889/674 801/890/675 798/887/672 
f 801/890/675 635/713/509 634/712/508 
f 777/866/651 802/891/676 799/888/673 
f 800/889/674 799/888/673 802/891/676 
f 802/891/676 777/866/651 770/859/644 
f 801/890/675 800/889/674 803/892/677 
f 802/891/676 803/892/677 800/889/674 
f 635/713/509 801/890/675 804/893/678 
f 803/892/677 804/893/678 801/890/675 
f 804/893/678 642/720/516 635/713/509 
f 770/859/644 805/894/679 802/891/676 
f 803/892/677 802/891/676 805/894/679 
f 805/894/679 770/859/644 769/858/643 
f 804/893/678 803/892/677 806/895/680 
f 805/894/679 806/895/680 803/892/677 
f 642/720/516 804/893/678 807/896/681 
f 806/895/680 807/896/681 804/893/678 
f 807/896/681 643/721/517 642/720/516 
f 769/858/643 808/897/682 805/894/679 
f 806/895/680 805/894/679 808/897/682 
f 808/897/682 769/858/643 762/851/636 
f 807/896/681 806/895/680 809/898/683 
f 808/897/682 809/898/683 806/895/680 
f 643/721/517 807/896/681 810/899/684 
f 809/898/683 810/899/684 807/896/681 
f 810/899/684 650/728/524 643/721/517 
f 762/851/636 811/900/685 808/897/682 
f 809/898/683 808/897/682 811/900/685 
f 811/900/685 762/851/636 761/850/635 
f 810/899/684 809/898/683 812/901/686 
f 811/900/685 812/901/686 809/898/683 
f 650/728/524 810/899/684 813/902/687 
f 812/901/686 813/902/687 810/899/684 
f 813/902/687 651/729/525 650/728/524 
f 761/850/635 814/903/688 811/900/685 
f 812/901/686 811/900/685 814/903/688 
f 814/903/688 761/850/635 754/843/628 
f 813/902/687 812/901/686 815/904/689 
f 814/903/688 815/904/689 812/901/686 
f 651/729/525 813/902/687 816/905/690 
f 815/904/689 816/905/690 813/902/687 
f 816/905/690 658/736/532 651/729/525 
f 754/843/628 817/906/691 814/903/688 
f 815/904/689 814/903/688 817/906/691 
f 817/906/691 754/843/628 753/842/627 
f 816/905/690 815/904/689 818/907/692 
f 817/906/691 818/907/692 815/904/689 
f 658/736/532 816/905/690 819/908/693 
f 818/907/692 819/908/693 816/905/690 
f 819/908/693 659/737/533 658/736/532 
f 753/842/627 820/909/694 817/906/691 
f 818/907/692 817/906/691 820/909/694 
f 820/909/694 753/842/627 746/835/620 
f 819/908/693 818/907/692 821/910/695 
f 820/909/694 821/910/695 818/907/692 
f 659/737/533 819/908/693 822/911/696 
f 821/910/695 822/911/696 819/908/693 
f 822/911/696 666/744/540 659/737/533 
f 746/835/620 823/912/697 820/909/694 
f 821/910/695 820/909/694 823/912/697 
f 823/912/697 746/835/620 745/834/619 
f 822/911/696 821/910/695 824/913/698 
f 823/912/697 824/913/698 821/910/695 
f 666/744/540 822/911/696 825/914/699 
f 824/913/698 825/914/699 822/911/696 
f 825/914/699 667/745/541 666/744/540 
f 745/834/619 826/915/700 823/912/697 
f 824/913/698 823/912/697 826/915/700 
f 826/915/700 745/834/619 738/827/612 
f 825/914/699 824/913/698 827/916/701 
f 826/915/700 827/916/701 824/913/698 
f 667/745/541 825/914/699 828/917/702 
f 827/916/701 828/917/702 825/914/699 
f 828/917/702 674/752/548 667/745/541 
f 738/827/612 829/918/703 826/915/700 
f 827/916/701 826/915/700 829/918/703 
f 829/918/703 738/827/612 737/826/611 
f 828/917/702 827/916/701 830/919/704 
f 829/918/703 830/919/704 827/916/701 
f 674/752/548 828/917/702 831/920/705 
f 830/919/704 831/920/705 828/917/702 
f 831/920/705 675/753/549 674/752/548 
f 737/826/611 832/921/706 829/918/703 
f 830/919/704 829/918/703 832/921/706 
f 832/921/706 737/826/611 730/819/604 
f 831/920/705 830/919/704 833/922/707 
f 832/921/706 833/922/707 830/919/704 
f 675/753/549 831/920/705 834/923/708 
f 833/922/707 834/923/708 831/920/705 
f 834/923/708 682/760/556 675/753/549 
f 730/819/604 835/924/709 832/921/706 
f 833/922/707 832/921/706 835/924/709 
f 835/924/709 730/819/604 729/818/603 
f 834/923/708 833/922/707 836/925/710 
f 835/924/709 836/925/710 833/922/707 
f 682/760/556 834/923/708 837/926/711 
f 836/925/710 837/926/711 834/923/708 
f 837/926/711 683/761/557 682/760/556 
f 683/761/557 837/926/711 705/791/579 
f 729/818/603 838/927/712 835/924/709 
f 836/925/710 835/924/709 838/927/712 
f 838/927/712 729/818/603 719/808/593 
f 837/926/711 836/925/710 839/928/713 
f 839/928/713 705/791/579 837/926/711 
f 838/927/712 839/928/713 836/925/710 
f 705/791/579 839/928/713 706/792/580 
f 719/808/593 840/929/714 838/927/712 
f 839/928/713 838/927/712 840/929/714 
f 840/929/714 706/792/580 839/928/713 
f 840/929/714 719/808/593 710/798/584 
f 706/792/580 840/929/714 707/793/581 
f 710/798/584 707/793/581 840/929/714 
f 841/930/715 842/931/716 843/932/717 
f 843/932/717 844/933/718 841/930/715 
f 844/933/718 843/932/717 845/934/719 
f 846/935/720 841/930/715 844/933/718 
f 847/936/721 848/937/722 846/935/720 
f 844/933/718 849/938/723 846/935/720 
f 846/935/720 849/938/723 847/936/721 
f 845/934/719 850/939/724 844/933/718 
f 849/938/723 844/933/718 850/939/724 
f 847/936/721 849/938/723 851/940/725 
f 850/939/724 851/940/725 849/938/723 
f 851/940/725 852/941/726 847/936/721 
f 853/942/727 850/939/724 845/934/719 
f 851/940/725 850/939/724 853/942/727 
f 845/934/719 854/943/728 853/942/727 
f 852/941/726 851/940/725 855/944/729 
f 853/942/727 855/944/729 851/940/725 
f 855/944/729 856/945/730 852/941/726 
f 853/942/727 854/943/728 857/946/731 
f 856/945/730 855/944/729 858/947/732 
f 858/947/732 859/948/733 856/945/730 
f 855/944/729 853/942/727 860/949/734 
f 860/949/734 858/947/732 855/944/729 
f 857/946/731 860/949/734 853/942/727 
f 859/948/733 858/947/732 861/950/735 
f 861/950/735 862/951/736 859/948/733 
f 858/947/732 860/949/734 863/952/737 
f 863/952/737 860/949/734 857/946/731 
f 863/952/737 861/950/735 858/947/732 
f 857/946/731 864/953/738 863/952/737 
f 863/952/737 864/953/738 865/954/739 
f 861/950/735 863/952/737 866/955/740 
f 865/954/739 866/955/740 863/952/737 
f 862/951/736 861/950/735 867/956/741 
f 866/955/740 867/956/741 861/950/735 
f 867/956/741 868/957/742 862/951/736 
f 869/958/743 866/955/740 865/954/739 
f 867/956/741 866/955/740 869/958/743 
f 865/954/739 870/959/744 869/958/743 
f 869/958/743 870/959/744 842/960/745 
f 842/960/745 841/961/746 869/958/743 
f 868/957/742 867/956/741 871/962/747 
f 869/958/743 871/962/747 867/956/741 
f 871/962/747 869/958/743 841/961/746 
f 871/962/747 872/963/748 868/957/742 
f 841/961/746 846/964/749 871/962/747 
f 872/963/748 871/962/747 846/964/749 
f 846/964/749 848/965/750 872/963/748 
f 873/966/751 874/967/752 875/968/753 
f 875/968/753 876/969/754 873/966/751 
f 876/969/754 875/968/753 877/970/755 
f 878/971/756 873/966/751 876/969/754 
f 877/970/755 879/972/757 880/973/758 
f 877/970/755 881/974/759 876/969/754 
f 880/973/758 881/974/759 877/970/755 
f 876/969/754 882/975/760 878/971/756 
f 882/975/760 876/969/754 881/974/759 
f 883/976/761 881/974/759 880/973/758 
f 881/974/759 883/976/761 882/975/760 
f 880/973/758 884/977/762 883/976/761 
f 878/971/756 882/975/760 885/978/763 
f 885/978/763 882/975/760 883/976/761 
f 885/978/763 886/979/764 878/971/756 
f 887/980/765 886/979/764 885/978/763 
f 888/981/766 883/976/761 884/977/762 
f 883/976/761 888/981/766 885/978/763 
f 884/977/762 889/982/767 888/981/766 
f 885/978/763 890/983/768 887/980/765 
f 890/983/768 885/978/763 888/981/766 
f 891/984/769 887/980/765 890/983/768 
f 892/985/770 888/981/766 889/982/767 
f 888/981/766 892/985/770 890/983/768 
f 889/982/767 893/986/771 892/985/770 
f 890/983/768 894/987/772 891/984/769 
f 894/987/772 890/983/768 892/985/770 
f 895/988/773 892/985/770 893/986/771 
f 892/985/770 895/988/773 894/987/772 
f 893/986/771 896/989/774 895/988/773 
f 895/988/773 896/989/774 897/990/775 
f 894/987/772 895/988/773 898/991/776 
f 897/990/775 898/991/776 895/988/773 
f 891/984/769 894/987/772 899/992/777 
f 898/991/776 899/992/777 894/987/772 
f 899/992/777 900/993/778 891/984/769 
f 901/994/779 900/993/778 899/992/777 
f 902/995/780 898/991/776 897/990/775 
f 899/992/777 898/991/776 902/995/780 
f 897/990/775 903/996/781 902/995/780 
f 899/992/777 904/997/782 901/994/779 
f 902/995/780 904/997/782 899/992/777 
f 905/998/783 901/994/779 904/997/782 
f 902/995/780 903/996/781 906/999/784 
f 904/997/782 907/1000/785 905/998/783 
f 907/1000/785 904/997/782 902/995/780 
f 908/1001/786 905/998/783 907/1000/785 
f 906/999/784 909/1002/787 902/995/780 
f 902/995/780 909/1002/787 907/1000/785 
f 907/1000/785 910/1003/788 908/1001/786 
f 910/1003/788 907/1000/785 909/1002/787 
f 911/1004/789 909/1002/787 906/999/784 
f 909/1002/787 911/1004/789 910/1003/788 
f 906/999/784 912/1005/790 911/1004/789 
f 908/1001/786 910/1003/788 913/1006/791 
f 913/1006/791 910/1003/788 911/1004/789 
f 913/1006/791 914/1007/792 908/1001/786 
f 915/1008/793 914/1007/792 913/1006/791 
f 916/1009/794 911/1004/789 912/1005/790 
f 911/1004/789 916/1009/794 913/1006/791 
f 912/1005/790 917/1010/795 916/1009/794 
f 916/1009/794 917/1010/795 918/1011/796 
f 913/1006/791 919/1012/797 915/1008/793 
f 919/1012/797 913/1006/791 916/1009/794 
f 918/1011/796 920/1013/798 916/1009/794 
f 916/1009/794 920/1013/798 919/1012/797 
f 920/1013/798 918/1011/796 921/1014/799 
f 921/1014/799 922/1015/800 920/1013/798 
f 919/1012/797 920/1013/798 922/1015/800 
f 922/1015/800 921/1014/799 879/1016/801 
f 879/1016/801 877/1017/802 922/1015/800 
f 922/1015/800 923/1018/803 919/1012/797 
f 923/1018/803 922/1015/800 877/1017/802 
f 915/1008/793 919/1012/797 923/1018/803 
f 877/1017/802 875/1019/804 923/1018/803 
f 923/1018/803 924/1020/805 915/1008/793 
f 923/1018/803 875/1019/804 874/1021/806 
f 874/1021/806 924/1020/805 923/1018/803 
f 880/1022/807 879/1023/808 925/1024/809 
f 925/1024/809 926/1025/810 880/1022/807 
f 926/1025/810 925/1024/809 927/1026/811 
f 884/1027/812 880/1022/807 926/1025/810 
f 927/1026/811 874/1028/813 873/1029/814 
f 927/1026/811 928/1030/815 926/1025/810 
f 873/1029/814 928/1030/815 927/1026/811 
f 926/1025/810 929/1031/816 884/1027/812 
f 929/1031/816 926/1025/810 928/1030/815 
f 930/1032/817 928/1030/815 873/1029/814 
f 928/1030/815 930/1032/817 929/1031/816 
f 873/1029/814 878/1033/818 930/1032/817 
f 930/1032/817 878/1033/818 886/1034/819 
f 884/1027/812 929/1031/816 931/1035/820 
f 931/1035/820 929/1031/816 930/1032/817 
f 931/1035/820 889/1036/821 884/1027/812 
f 893/1037/822 889/1036/821 931/1035/820 
f 886/1034/819 932/1038/823 930/1032/817 
f 930/1032/817 932/1038/823 931/1035/820 
f 933/1039/824 932/1038/823 886/1034/819 
f 931/1035/820 932/1038/823 933/1039/824 
f 886/1034/819 887/1040/825 933/1039/824 
f 931/1035/820 934/1041/826 893/1037/822 
f 933/1039/824 934/1041/826 931/1035/820 
f 896/1042/827 893/1037/822 934/1041/826 
f 935/1043/828 933/1039/824 887/1040/825 
f 887/1040/825 891/1044/829 935/1043/828 
f 935/1043/828 891/1044/829 900/1045/830 
f 936/1046/831 934/1041/826 933/1039/824 
f 933/1039/824 935/1043/828 936/1046/831 
f 934/1041/826 936/1046/831 896/1042/827 
f 900/1045/830 937/1047/832 935/1043/828 
f 936/1046/831 935/1043/828 937/1047/832 
f 896/1042/827 936/1046/831 938/1048/833 
f 937/1047/832 938/1048/833 936/1046/831 
f 938/1048/833 897/1049/834 896/1042/827 
f 903/1050/835 897/1049/834 938/1048/833 
f 938/1048/833 939/1051/836 903/1050/835 
f 939/1051/836 938/1048/833 937/1047/832 
f 906/1052/837 903/1050/835 939/1051/836 
f 940/1053/838 937/1047/832 900/1045/830 
f 937/1047/832 940/1053/838 939/1051/836 
f 900/1045/830 901/1054/839 940/1053/838 
f 940/1053/838 901/1054/839 905/1055/840 
f 939/1051/836 941/1056/841 906/1052/837 
f 941/1056/841 939/1051/836 940/1053/838 
f 912/1057/842 906/1052/837 941/1056/841 
f 905/1055/840 942/1058/843 940/1053/838 
f 940/1053/838 942/1058/843 941/1056/841 
f 941/1056/841 943/1059/844 912/1057/842 
f 943/1059/844 941/1056/841 942/1058/843 
f 917/1060/845 912/1057/842 943/1059/844 
f 944/1061/846 942/1058/843 905/1055/840 
f 942/1058/843 944/1061/846 943/1059/844 
f 905/1055/840 908/1062/847 944/1061/846 
f 944/1061/846 908/1062/847 914/1063/848 
f 943/1059/844 945/1064/849 917/1060/845 
f 945/1064/849 943/1059/844 944/1061/846 
f 914/1063/848 946/1065/850 944/1061/846 
f 944/1061/846 946/1065/850 945/1064/849 
f 947/1066/851 946/1065/850 914/1063/848 
f 945/1064/849 946/1065/850 947/1066/851 
f 914/1063/848 915/1067/852 947/1066/851 
f 947/1066/851 915/1067/852 924/1068/853 
f 917/1060/845 945/1064/849 948/1069/854 
f 947/1066/851 948/1069/854 945/1064/849 
f 948/1069/854 918/1070/855 917/1060/845 
f 924/1068/853 949/1071/856 947/1066/851 
f 948/1069/854 947/1066/851 949/1071/856 
f 924/1068/853 874/1072/857 927/1073/858 
f 927/1073/858 949/1071/856 924/1068/853 
f 949/1071/856 927/1073/858 925/1074/859 
f 918/1070/855 948/1069/854 950/1075/860 
f 949/1071/856 950/1075/860 948/1069/854 
f 925/1074/859 950/1075/860 949/1071/856 
f 950/1075/860 921/1076/861 918/1070/855 
f 921/1076/861 950/1075/860 925/1074/859 
f 925/1074/859 879/1077/862 921/1076/861 
f 951/1078/863 952/1079/864 953/1080/865 
f 953/1080/865 954/1081/866 951/1078/863 
f 954/1081/866 953/1080/865 955/1082/867 
f 956/1083/868 951/1078/863 954/1081/866 
f 955/1082/867 957/1084/869 954/1081/866 
f 957/1084/869 955/1082/867 958/1085/870 
f 954/1081/866 959/1086/871 956/1083/868 
f 959/1086/871 954/1081/866 957/1084/869 
f 960/1087/872 956/1083/868 959/1086/871 
f 958/1085/870 961/1088/873 957/1084/869 
f 961/1088/873 958/1085/870 962/1089/874 
f 957/1084/869 963/1090/875 959/1086/871 
f 963/1090/875 957/1084/869 961/1088/873 
f 959/1086/871 964/1091/876 960/1087/872 
f 964/1091/876 959/1086/871 963/1090/875 
f 965/1092/877 960/1087/872 964/1091/876 
f 962/1089/874 966/1093/878 961/1088/873 
f 966/1093/878 962/1089/874 967/1094/879 
f 964/1091/876 968/1095/880 965/1092/877 
f 969/1096/881 965/1092/877 968/1095/880 
f 963/1090/875 970/1097/882 964/1091/876 
f 968/1095/880 964/1091/876 970/1097/882 
f 961/1088/873 971/1098/883 963/1090/875 
f 970/1097/882 963/1090/875 971/1098/883 
f 971/1098/883 961/1088/873 966/1093/878 
f 968/1095/880 972/1099/884 969/1096/881 
f 973/1100/885 969/1096/881 972/1099/884 
f 970/1097/882 974/1101/886 968/1095/880 
f 972/1099/884 968/1095/880 974/1101/886 
f 971/1098/883 975/1102/887 970/1097/882 
f 974/1101/886 970/1097/882 975/1102/887 
f 972/1099/884 976/1103/888 973/1100/885 
f 977/1104/889 973/1100/885 976/1103/888 
f 974/1101/886 978/1105/890 972/1099/884 
f 976/1103/888 972/1099/884 978/1105/890 
f 976/1103/888 979/1106/891 977/1104/889 
f 952/1107/892 977/1104/889 979/1106/891 
f 979/1106/891 953/1108/893 952/1107/892 
f 979/1106/891 976/1103/888 980/1109/894 
f 978/1105/890 980/1109/894 976/1103/888 
f 953/1108/893 979/1106/891 981/1110/895 
f 980/1109/894 981/1110/895 979/1106/891 
f 981/1110/895 955/1111/896 953/1108/893 
f 980/1109/894 978/1105/890 982/1112/897 
f 955/1111/896 981/1110/895 983/1113/898 
f 983/1113/898 958/1114/899 955/1111/896 
f 981/1110/895 980/1109/894 984/1115/900 
f 984/1115/900 983/1113/898 981/1110/895 
f 982/1112/897 984/1115/900 980/1109/894 
f 958/1114/899 983/1113/898 985/1116/901 
f 985/1116/901 962/1117/902 958/1114/899 
f 983/1113/898 984/1115/900 986/1118/903 
f 986/1118/903 985/1116/901 983/1113/898 
f 962/1117/902 985/1116/901 987/1119/904 
f 987/1119/904 967/1120/905 962/1117/902 
f 985/1116/901 986/1118/903 988/1121/906 
f 988/1121/906 987/1119/904 985/1116/901 
f 989/1122/907 986/1118/903 984/1115/900 
f 984/1115/900 982/1112/897 989/1122/907 
f 990/1123/908 988/1121/906 986/1118/903 
f 986/1118/903 989/1122/907 990/1123/908 
f 967/1120/905 987/1119/904 991/1124/909 
f 991/1124/909 992/1125/910 967/1120/905 
f 987/1119/904 988/1121/906 993/1126/911 
f 993/1126/911 991/1124/909 987/1119/904 
f 992/1125/910 991/1124/909 994/1127/912 
f 994/1127/912 995/1128/913 992/1125/910 
f 991/1124/909 993/1126/911 996/1129/914 
f 996/1129/914 994/1127/912 991/1124/909 
f 997/1130/915 993/1126/911 988/1121/906 
f 988/1121/906 990/1123/908 997/1130/915 
f 998/1131/916 996/1129/914 993/1126/911 
f 993/1126/911 997/1130/915 998/1131/916 
f 995/1128/913 994/1127/912 999/1132/917 
f 999/1132/917 1000/1133/918 995/1128/913 
f 994/1127/912 996/1129/914 1001/1134/919 
f 1001/1134/919 999/1132/917 994/1127/912 
f 1000/1133/918 999/1132/917 1002/1135/920 
f 1002/1135/920 1003/1136/921 1000/1133/918 
f 999/1132/917 1001/1134/919 1004/1137/922 
f 1004/1137/922 1002/1135/920 999/1132/917 
f 1005/1138/923 1001/1134/919 996/1129/914 
f 996/1129/914 998/1131/916 1005/1138/923 
f 1006/1139/924 1004/1137/922 1001/1134/919 
f 1001/1134/919 1005/1138/923 1006/1139/924 
f 1003/1136/921 1002/1135/920 1007/1140/925 
f 1007/1140/925 1008/1141/926 1003/1136/921 
f 1002/1135/920 1004/1137/922 1009/1142/927 
f 1009/1142/927 1007/1140/925 1002/1135/920 
f 1008/1141/926 1007/1140/925 1010/1143/928 
f 1010/1143/928 1011/1144/929 1008/1141/926 
f 1007/1140/925 1009/1142/927 1012/1145/930 
f 1012/1145/930 1010/1143/928 1007/1140/925 
f 1013/1146/931 1009/1142/927 1004/1137/922 
f 1004/1137/922 1006/1139/924 1013/1146/931 
f 1014/1147/932 1012/1145/930 1009/1142/927 
f 1009/1142/927 1013/1146/931 1014/1147/932 
f 1011/1144/929 1010/1143/928 1015/1148/933 
f 1015/1148/933 1016/1149/934 1011/1144/929 
f 1010/1143/928 1012/1145/930 1017/1150/935 
f 1017/1150/935 1015/1148/933 1010/1143/928 
f 1016/1149/934 1015/1148/933 1018/1151/936 
f 1018/1151/936 1019/1152/937 1016/1149/934 
f 1015/1148/933 1017/1150/935 1020/1153/938 
f 1020/1153/938 1018/1151/936 1015/1148/933 
f 1021/1154/939 1017/1150/935 1012/1145/930 
f 1012/1145/930 1014/1147/932 1021/1154/939 
f 1022/1155/940 1020/1153/938 1017/1150/935 
f 1017/1150/935 1021/1154/939 1022/1155/940 
f 1019/1152/937 1018/1151/936 1023/1156/941 
f 1023/1156/941 1024/1157/942 1019/1152/937 
f 1018/1151/936 1020/1153/938 1025/1158/943 
f 1025/1158/943 1023/1156/941 1018/1151/936 
f 1024/1157/942 1023/1156/941 1026/1159/944 
f 1026/1159/944 1027/1160/945 1024/1157/942 
f 1023/1156/941 1025/1158/943 1028/1161/946 
f 1028/1161/946 1026/1159/944 1023/1156/941 
f 1029/1162/947 1025/1158/943 1020/1153/938 
f 1020/1153/938 1022/1155/940 1029/1162/947 
f 1030/1163/948 1028/1161/946 1025/1158/943 
f 1025/1158/943 1029/1162/947 1030/1163/948 
f 1027/1160/945 1026/1159/944 1031/1164/949 
f 1031/1164/949 1032/1165/950 1027/1160/945 
f 1026/1159/944 1028/1161/946 1033/1166/951 
f 1033/1166/951 1031/1164/949 1026/1159/944 
f 1032/1165/950 1031/1164/949 1034/1167/952 
f 1034/1167/952 1035/1168/953 1032/1165/950 
f 1031/1164/949 1033/1166/951 1036/1169/954 
f 1036/1169/954 1034/1167/952 1031/1164/949 
f 1037/1170/955 1033/1166/951 1028/1161/946 
f 1028/1161/946 1030/1163/948 1037/1170/955 
f 1038/1171/956 1036/1169/954 1033/1166/951 
f 1033/1166/951 1037/1170/955 1038/1171/956 
f 1035/1168/953 1034/1167/952 1039/1172/957 
f 1039/1172/957 1040/1173/958 1035/1168/953 
f 1034/1167/952 1036/1169/954 1041/1174/959 
f 1041/1174/959 1039/1172/957 1034/1167/952 
f 1040/1173/958 1039/1172/957 1042/1175/960 
f 1042/1175/960 1043/1176/961 1040/1173/958 
f 1039/1172/957 1041/1174/959 1044/1177/962 
f 1044/1177/962 1042/1175/960 1039/1172/957 
f 1045/1178/963 1041/1174/959 1036/1169/954 
f 1036/1169/954 1038/1171/956 1045/1178/963 
f 1046/1179/964 1044/1177/962 1041/1174/959 
f 1041/1174/959 1045/1178/963 1046/1179/964 
f 1043/1176/961 1042/1175/960 1047/1180/965 
f 1047/1180/965 1048/1181/966 1043/1176/961 
f 1042/1175/960 1044/1177/962 1049/1182/967 
f 1049/1182/967 1047/1180/965 1042/1175/960 
f 1048/1181/966 1047/1180/965 1050/1183/968 
f 1050/1183/968 1051/1184/969 1048/1181/966 
f 1047/1180/965 1049/1182/967 1052/1185/970 
f 1052/1185/970 1050/1183/968 1047/1180/965 
f 1053/1186/971 1049/1182/967 1044/1177/962 
f 1044/1177/962 1046/1179/964 1053/1186/971 
f 1054/1187/972 1052/1185/970 1049/1182/967 
f 1049/1182/967 1053/1186/971 1054/1187/972 
f 1051/1184/969 1050/1183/968 1055/1188/973 
f 1055/1188/973 1056/1189/974 1051/1184/969 
f 1050/1183/968 1052/1185/970 1057/1190/975 
f 1057/1190/975 1055/1188/973 1050/1183/968 
f 1056/1189/974 1055/1188/973 1058/1191/976 
f 1058/1191/976 1059/1192/977 1056/1189/974 
f 1055/1188/973 1057/1190/975 1060/1193/978 
f 1060/1193/978 1058/1191/976 1055/1188/973 
f 1061/1194/979 1057/1190/975 1052/1185/970 
f 1052/1185/970 1054/1187/972 1061/1194/979 
f 1062/1195/980 1060/1193/978 1057/1190/975 
f 1057/1190/975 1061/1194/979 1062/1195/980 
f 1059/1192/977 1058/1191/976 1063/1196/981 
f 1063/1196/981 1064/1197/982 1059/1192/977 
f 1058/1191/976 1060/1193/978 1065/1198/983 
f 1065/1198/983 1063/1196/981 1058/1191/976 
f 1064/1197/982 1063/1196/981 1066/1199/984 
f 1066/1199/984 1067/1200/985 1064/1197/982 
f 1063/1196/981 1065/1198/983 1068/1201/986 
f 1068/1201/986 1066/1199/984 1063/1196/981 
f 1069/1202/987 1065/1198/983 1060/1193/978 
f 1060/1193/978 1062/1195/980 1069/1202/987 
f 1070/1203/988 1068/1201/986 1065/1198/983 
f 1065/1198/983 1069/1202/987 1070/1203/988 
f 1067/1200/985 1066/1199/984 1071/1204/989 
f 1071/1204/989 1072/1205/990 1067/1200/985 
f 1066/1199/984 1068/1201/986 1073/1206/991 
f 1073/1206/991 1071/1204/989 1066/1199/984 
f 1072/1205/990 1071/1204/989 1074/1207/992 
f 1074/1207/992 1075/1208/993 1072/1205/990 
f 1071/1204/989 1073/1206/991 1076/1209/994 
f 1076/1209/994 1074/1207/992 1071/1204/989 
f 1077/1210/995 1073/1206/991 1068/1201/986 
f 1068/1201/986 1070/1203/988 1077/1210/995 
f 1078/1211/996 1076/1209/994 1073/1206/991 
f 1073/1206/991 1077/1210/995 1078/1211/996 
f 1075/1208/993 1074/1207/992 1079/1212/997 
f 1079/1212/997 1080/1213/998 1075/1208/993 
f 1074/1207/992 1076/1209/994 1081/1214/999 
f 1081/1214/999 1079/1212/997 1074/1207/992 
f 1080/1213/998 1079/1212/997 1082/1215/1000 
f 1082/1215/1000 1083/1216/1001 1080/1213/998 
f 1079/1212/997 1081/1214/999 1084/1217/1002 
f 1084/1217/1002 1082/1215/1000 1079/1212/997 
f 1085/1218/1003 1081/1214/999 1076/1209/994 
f 1076/1209/994 1078/1211/996 1085/1218/1003 
f 1086/1219/1004 1084/1217/1002 1081/1214/999 
f 1081/1214/999 1085/1218/1003 1086/1219/1004 
f 1083/1216/1001 1082/1215/1000 1087/1220/1005 
f 1087/1220/1005 1088/1221/1006 1083/1216/1001 
f 1082/1215/1000 1084/1217/1002 1089/1222/1007 
f 1089/1222/1007 1087/1220/1005 1082/1215/1000 
f 1088/1221/1006 1087/1220/1005 1090/1223/1008 
f 1090/1223/1008 1091/1224/1009 1088/1221/1006 
f 1087/1220/1005 1089/1222/1007 1092/1225/1010 
f 1092/1225/1010 1090/1223/1008 1087/1220/1005 
f 1093/1226/1011 1089/1222/1007 1084/1217/1002 
f 1084/1217/1002 1086/1219/1004 1093/1226/1011 
f 1094/1227/1012 1092/1225/1010 1089/1222/1007 
f 1089/1222/1007 1093/1226/1011 1094/1227/1012 
f 1091/1224/1009 1090/1223/1008 1095/1228/1013 
f 1095/1228/1013 1096/1229/1014 1091/1224/1009 
f 1090/1223/1008 1092/1225/1010 1097/1230/1015 
f 1097/1230/1015 1095/1228/1013 1090/1223/1008 
f 1096/1229/1014 1095/1228/1013 1098/1231/1016 
f 1098/1231/1016 1099/1232/1017 1096/1229/1014 
f 1095/1228/1013 1097/1230/1015 1100/1233/1018 
f 1100/1233/1018 1098/1231/1016 1095/1228/1013 
f 1101/1234/1019 1097/1230/1015 1092/1225/1010 
f 1092/1225/1010 1094/1227/1012 1101/1234/1019 
f 1102/1235/1020 1100/1233/1018 1097/1230/1015 
f 1097/1230/1015 1101/1234/1019 1102/1235/1020 
f 1099/1232/1017 1098/1231/1016 1103/1236/1021 
f 1103/1236/1021 1104/1237/1022 1099/1232/1017 
f 1098/1231/1016 1100/1233/1018 1105/1238/1023 
f 1105/1238/1023 1103/1236/1021 1098/1231/1016 
f 1104/1237/1022 1103/1236/1021 1106/1239/1024 
f 1106/1239/1024 1107/1240/1025 1104/1237/1022 
f 1103/1236/1021 1105/1238/1023 1108/1241/1026 
f 1108/1241/1026 1106/1239/1024 1103/1236/1021 
f 1109/1242/1027 1105/1238/1023 1100/1233/1018 
f 1100/1233/1018 1102/1235/1020 1109/1242/1027 
f 1110/1243/1028 1108/1241/1026 1105/1238/1023 
f 1105/1238/1023 1109/1242/1027 1110/1243/1028 
f 1107/1240/1025 1106/1239/1024 1111/1244/1029 
f 1111/1244/1029 1112/1245/1030 1107/1240/1025 
f 1106/1239/1024 1108/1241/1026 1113/1246/1031 
f 1113/1246/1031 1111/1244/1029 1106/1239/1024 
f 1112/1245/1030 1111/1244/1029 1114/1247/1032 
f 1114/1247/1032 1115/1248/1033 1112/1245/1030 
f 1111/1244/1029 1113/1246/1031 1116/1249/1034 
f 1116/1249/1034 1114/1247/1032 1111/1244/1029 
f 1117/1250/1035 1113/1246/1031 1108/1241/1026 
f 1108/1241/1026 1110/1243/1028 1117/1250/1035 
f 1118/1251/1036 1116/1249/1034 1113/1246/1031 
f 1113/1246/1031 1117/1250/1035 1118/1251/1036 
f 1115/1248/1033 1114/1247/1032 1119/1252/1037 
f 1119/1252/1037 1120/1253/1038 1115/1248/1033 
f 1114/1247/1032 1116/1249/1034 1121/1254/1039 
f 1121/1254/1039 1119/1252/1037 1114/1247/1032 
f 1120/1253/1038 1119/1252/1037 1122/1255/1040 
f 1122/1255/1040 1123/1256/1041 1120/1253/1038 
f 1119/1252/1037 1121/1254/1039 1124/1257/1042 
f 1124/1257/1042 1122/1255/1040 1119/1252/1037 
f 1125/1258/1043 1121/1254/1039 1116/1249/1034 
f 1116/1249/1034 1118/1251/1036 1125/1258/1043 
f 1126/1259/1044 1124/1257/1042 1121/1254/1039 
f 1121/1254/1039 1125/1258/1043 1126/1259/1044 
f 1123/1256/1041 1122/1255/1040 1127/1260/1045 
f 1127/1260/1045 1128/1261/1046 1123/1256/1041 
f 1129/1262/1047 1128/1261/1046 1127/1260/1045 
f 1122/1255/1040 1124/1257/1042 1130/1263/1048 
f 1130/1263/1048 1127/1260/1045 1122/1255/1040 
f 1127/1260/1045 1131/1264/1049 1129/1262/1047 
f 1131/1264/1049 1127/1260/1045 1130/1263/1048 
f 1132/1265/1050 1129/1262/1047 1131/1264/1049 
f 1133/1266/1051 1130/1263/1048 1124/1257/1042 
f 1124/1257/1042 1126/1259/1044 1133/1266/1051 
f 1130/1263/1048 1134/1267/1052 1131/1264/1049 
f 1134/1267/1052 1130/1263/1048 1133/1266/1051 
f 1131/1264/1049 1135/1268/1053 1132/1265/1050 
f 1135/1268/1053 1131/1264/1049 1134/1267/1052 
f 1136/1269/1054 1132/1265/1050 1135/1268/1053 
f 1133/1266/1051 1137/1270/1055 1134/1267/1052 
f 1135/1268/1053 1138/1271/1056 1136/1269/1054 
f 1139/1272/1057 1136/1269/1054 1138/1271/1056 
f 1134/1267/1052 1140/1273/1058 1135/1268/1053 
f 1138/1271/1056 1135/1268/1053 1140/1273/1058 
f 1140/1273/1058 1134/1267/1052 1137/1270/1055 
f 1138/1271/1056 1141/1274/1059 1139/1272/1057 
f 1142/1275/1060 1139/1272/1057 1141/1274/1059 
f 1140/1273/1058 1143/1276/1061 1138/1271/1056 
f 1141/1274/1059 1138/1271/1056 1143/1276/1061 
f 1141/1274/1059 1144/1277/1062 1142/1275/1060 
f 1145/1278/1063 1142/1275/1060 1144/1277/1062 
f 1143/1276/1061 1146/1279/1064 1141/1274/1059 
f 1144/1277/1062 1141/1274/1059 1146/1279/1064 
f 1143/1276/1061 1140/1273/1058 1147/1280/1065 
f 1137/1270/1055 1147/1280/1065 1140/1273/1058 
f 1144/1277/1062 1148/1281/1066 1145/1278/1063 
f 1149/1282/1067 1145/1278/1063 1148/1281/1066 
f 1148/1281/1066 1144/1277/1062 1150/1283/1068 
f 1146/1279/1064 1150/1283/1068 1144/1277/1062 
f 1148/1281/1066 1151/1284/1069 1149/1282/1067 
f 1152/1285/1070 1149/1282/1067 1151/1284/1069 
f 1150/1283/1068 1153/1286/1071 1148/1281/1066 
f 1151/1284/1069 1148/1281/1066 1153/1286/1071 
f 1151/1284/1069 1154/1287/1072 1152/1285/1070 
f 1155/1288/1073 1152/1285/1070 1154/1287/1072 
f 1153/1286/1071 1156/1289/1074 1151/1284/1069 
f 1154/1287/1072 1151/1284/1069 1156/1289/1074 
f 1154/1287/1072 1157/1290/1075 1155/1288/1073 
f 1158/1291/1076 1155/1288/1073 1157/1290/1075 
f 1156/1289/1074 1159/1292/1077 1154/1287/1072 
f 1157/1290/1075 1154/1287/1072 1159/1292/1077 
f 1157/1290/1075 1160/1293/1078 1158/1291/1076 
f 1161/1294/1079 1158/1291/1076 1160/1293/1078 
f 1159/1292/1077 1162/1295/1080 1157/1290/1075 
f 1160/1293/1078 1157/1290/1075 1162/1295/1080 
f 1160/1293/1078 1163/1296/1081 1161/1294/1079 
f 1164/1297/1082 1161/1294/1079 1163/1296/1081 
f 1162/1295/1080 1165/1298/1083 1160/1293/1078 
f 1163/1296/1081 1160/1293/1078 1165/1298/1083 
f 1163/1296/1081 1166/1299/1084 1164/1297/1082 
f 1167/1300/1085 1164/1297/1082 1166/1299/1084 
f 1165/1298/1083 1168/1301/1086 1163/1296/1081 
f 1166/1299/1084 1163/1296/1081 1168/1301/1086 
f 1166/1299/1084 1169/1302/1087 1167/1300/1085 
f 1170/1303/1088 1167/1300/1085 1169/1302/1087 
f 1168/1301/1086 1171/1304/1089 1166/1299/1084 
f 1169/1302/1087 1166/1299/1084 1171/1304/1089 
f 1169/1302/1087 1172/1305/1090 1170/1303/1088 
f 1173/1306/1091 1170/1303/1088 1172/1305/1090 
f 1171/1304/1089 1174/1307/1092 1169/1302/1087 
f 1172/1305/1090 1169/1302/1087 1174/1307/1092 
f 1172/1305/1090 1175/1308/1093 1173/1306/1091 
f 1176/1309/1094 1173/1306/1091 1175/1308/1093 
f 1174/1307/1092 1177/1310/1095 1172/1305/1090 
f 1175/1308/1093 1172/1305/1090 1177/1310/1095 
f 1175/1308/1093 1178/1311/1096 1176/1309/1094 
f 1179/1312/1097 1176/1309/1094 1178/1311/1096 
f 1177/1310/1095 1180/1313/1098 1175/1308/1093 
f 1178/1311/1096 1175/1308/1093 1180/1313/1098 
f 1178/1311/1096 1181/1314/1099 1179/1312/1097 
f 1182/1315/1100 1179/1312/1097 1181/1314/1099 
f 1180/1313/1098 1183/1316/1101 1178/1311/1096 
f 1181/1314/1099 1178/1311/1096 1183/1316/1101 
f 1181/1314/1099 1184/1317/1102 1182/1315/1100 
f 1185/1318/1103 1182/1315/1100 1184/1317/1102 
f 1183/1316/1101 1186/1319/1104 1181/1314/1099 
f 1184/1317/1102 1181/1314/1099 1186/1319/1104 
f 1184/1317/1102 1187/1320/1105 1185/1318/1103 
f 1188/1321/1106 1185/1318/1103 1187/1320/1105 
f 1186/1319/1104 1189/1322/1107 1184/1317/1102 
f 1187/1320/1105 1184/1317/1102 1189/1322/1107 
f 1187/1320/1105 1190/1323/1108 1188/1321/1106 
f 1191/1324/1109 1188/1321/1106 1190/1323/1108 
f 1189/1322/1107 1192/1325/1110 1187/1320/1105 
f 1190/1323/1108 1187/1320/1105 1192/1325/1110 
f 1190/1323/1108 1193/1326/1111 1191/1324/1109 
f 1194/1327/1112 1191/1324/1109 1193/1326/1111 
f 1192/1325/1110 1195/1328/1113 1190/1323/1108 
f 1193/1326/1111 1190/1323/1108 1195/1328/1113 
f 1193/1326/1111 1196/1329/1114 1194/1327/1112 
f 1197/1330/1115 1194/1327/1112 1196/1329/1114 
f 1195/1328/1113 1198/1331/1116 1193/1326/1111 
f 1196/1329/1114 1193/1326/1111 1198/1331/1116 
f 1196/1329/1114 1199/1332/1117 1197/1330/1115 
f 1200/1333/1118 1197/1330/1115 1199/1332/1117 
f 1198/1331/1116 1201/1334/1119 1196/1329/1114 
f 1199/1332/1117 1196/1329/1114 1201/1334/1119 
f 1199/1332/1117 1202/1335/1120 1200/1333/1118 
f 1203/1336/1121 1200/1333/1118 1202/1335/1120 
f 1201/1334/1119 1204/1337/1122 1199/1332/1117 
f 1202/1335/1120 1199/1332/1117 1204/1337/1122 
f 1202/1335/1120 1205/1338/1123 1203/1336/1121 
f 1206/1339/1124 1203/1336/1121 1205/1338/1123 
f 1204/1337/1122 1207/1340/1125 1202/1335/1120 
f 1205/1338/1123 1202/1335/1120 1207/1340/1125 
f 1205/1338/1123 1208/1341/1126 1206/1339/1124 
f 1209/1342/1127 1206/1339/1124 1208/1341/1126 
f 1207/1340/1125 1210/1343/1128 1205/1338/1123 
f 1208/1341/1126 1205/1338/1123 1210/1343/1128 
f 1208/1341/1126 1211/1344/1129 1209/1342/1127 
f 1212/1345/1130 1209/1342/1127 1211/1344/1129 
f 1210/1343/1128 1213/1346/1131 1208/1341/1126 
f 1211/1344/1129 1208/1341/1126 1213/1346/1131 
f 1211/1344/1129 1214/1347/1132 1212/1345/1130 
f 1215/1348/1133 1212/1345/1130 1214/1347/1132 
f 1213/1346/1131 1216/1349/1134 1211/1344/1129 
f 1214/1347/1132 1211/1344/1129 1216/1349/1134 
f 1214/1347/1132 1217/1350/1135 1215/1348/1133 
f 1218/1351/1136 1215/1348/1133 1217/1350/1135 
f 1216/1349/1134 1219/1352/1137 1214/1347/1132 
f 1217/1350/1135 1214/1347/1132 1219/1352/1137 
f 1217/1350/1135 1220/1353/1138 1218/1351/1136 
f 1221/1354/1139 1218/1351/1136 1220/1353/1138 
f 1219/1352/1137 1222/1355/1140 1217/1350/1135 
f 1220/1353/1138 1217/1350/1135 1222/1355/1140 
f 1220/1353/1138 1223/1356/1141 1221/1354/1139 
f 1224/1357/1142 1221/1354/1139 1223/1356/1141 
f 1222/1355/1140 1225/1358/1143 1220/1353/1138 
f 1223/1356/1141 1220/1353/1138 1225/1358/1143 
f 1223/1356/1141 1226/1359/1144 1224/1357/1142 
f 1227/1360/1145 1224/1357/1142 1226/1359/1144 
f 1225/1358/1143 1228/1361/1146 1223/1356/1141 
f 1226/1359/1144 1223/1356/1141 1228/1361/1146 
f 1226/1359/1144 1229/1362/1147 1227/1360/1145 
f 1230/1363/1148 1227/1360/1145 1229/1362/1147 
f 1228/1361/1146 1231/1364/1149 1226/1359/1144 
f 1229/1362/1147 1226/1359/1144 1231/1364/1149 
f 1229/1362/1147 1232/1365/1150 1230/1363/1148 
f 1233/1366/1151 1230/1363/1148 1232/1365/1150 
f 1231/1364/1149 1234/1367/1152 1229/1362/1147 
f 1232/1365/1150 1229/1362/1147 1234/1367/1152 
f 1232/1365/1150 1235/1368/1153 1233/1366/1151 
f 1236/1369/1154 1233/1366/1151 1235/1368/1153 
f 1234/1367/1152 1237/1370/1155 1232/1365/1150 
f 1235/1368/1153 1232/1365/1150 1237/1370/1155 
f 1235/1368/1153 1238/1371/1156 1236/1369/1154 
f 1239/1372/1157 1236/1369/1154 1238/1371/1156 
f 1237/1370/1155 1240/1373/1158 1235/1368/1153 
f 1238/1371/1156 1235/1368/1153 1240/1373/1158 
f 1238/1371/1156 1241/1374/1159 1239/1372/1157 
f 1242/1375/1160 1239/1372/1157 1241/1374/1159 
f 1240/1373/1158 1243/1376/1161 1238/1371/1156 
f 1241/1374/1159 1238/1371/1156 1243/1376/1161 
f 1241/1374/1159 1244/1377/1162 1242/1375/1160 
f 1245/1378/1163 1242/1375/1160 1244/1377/1162 
f 1243/1376/1161 1246/1379/1164 1241/1374/1159 
f 1244/1377/1162 1241/1374/1159 1246/1379/1164 
f 1244/1377/1162 1247/1380/1165 1245/1378/1163 
f 1248/1381/1166 1245/1378/1163 1247/1380/1165 
f 1247/1380/1165 1249/1382/1167 1248/1381/1166 
f 1247/1380/1165 1244/1377/1162 1250/1383/1168 
f 1246/1379/1164 1250/1383/1168 1244/1377/1162 
f 1249/1382/1167 1247/1380/1165 1251/1384/1169 
f 1250/1383/1168 1251/1384/1169 1247/1380/1165 
f 1251/1384/1169 1252/1385/1170 1249/1382/1167 
f 1250/1383/1168 1246/1379/1164 1253/1386/1171 
f 1252/1385/1170 1251/1384/1169 1254/1387/1172 
f 1254/1387/1172 1255/1388/1173 1252/1385/1170 
f 1251/1384/1169 1250/1383/1168 1256/1389/1174 
f 1256/1389/1174 1254/1387/1172 1251/1384/1169 
f 1253/1386/1171 1256/1389/1174 1250/1383/1168 
f 1255/1388/1173 1254/1387/1172 1257/1390/1175 
f 1257/1390/1175 1258/1391/1176 1255/1388/1173 
f 1254/1387/1172 1256/1389/1174 1259/1392/1177 
f 1259/1392/1177 1257/1390/1175 1254/1387/1172 
f 1258/1391/1176 1257/1390/1175 1260/1393/1178 
f 1260/1393/1178 1261/1394/1179 1258/1391/1176 
f 1257/1390/1175 1259/1392/1177 1262/1395/1180 
f 1262/1395/1180 1260/1393/1178 1257/1390/1175 
f 1263/1396/1181 1259/1392/1177 1256/1389/1174 
f 1256/1389/1174 1253/1386/1171 1263/1396/1181 
f 1264/1397/1182 1262/1395/1180 1259/1392/1177 
f 1259/1392/1177 1263/1396/1181 1264/1397/1182 
f 1261/1394/1179 1260/1393/1178 1265/1398/1183 
f 1265/1398/1183 1266/1399/1184 1261/1394/1179 
f 1260/1393/1178 1262/1395/1180 1267/1400/1185 
f 1267/1400/1185 1265/1398/1183 1260/1393/1178 
f 1266/1399/1184 1265/1398/1183 1268/1401/1186 
f 1268/1401/1186 1269/1402/1187 1266/1399/1184 
f 1245/1403/1188 1248/1404/1166 1269/1402/1187 
f 1269/1402/1187 1268/1401/1186 1245/1403/1188 
f 1242/1405/1189 1245/1403/1188 1268/1401/1186 
f 1270/1406/1190 1268/1401/1186 1265/1398/1183 
f 1268/1401/1186 1270/1406/1190 1242/1405/1189 
f 1265/1398/1183 1267/1400/1185 1270/1406/1190 
f 1239/1407/1191 1242/1405/1189 1270/1406/1190 
f 1270/1406/1190 1271/1408/1192 1239/1407/1191 
f 1271/1408/1192 1270/1406/1190 1267/1400/1185 
f 1236/1409/1193 1239/1407/1191 1271/1408/1192 
f 1272/1410/1194 1267/1400/1185 1262/1395/1180 
f 1267/1400/1185 1272/1410/1194 1271/1408/1192 
f 1262/1395/1180 1264/1397/1182 1272/1410/1194 
f 1271/1408/1192 1273/1411/1195 1236/1409/1193 
f 1273/1411/1195 1271/1408/1192 1272/1410/1194 
f 1233/1412/1196 1236/1409/1193 1273/1411/1195 
f 1274/1413/1197 1272/1410/1194 1264/1397/1182 
f 1272/1410/1194 1274/1413/1197 1273/1411/1195 
f 1273/1411/1195 1275/1414/1198 1233/1412/1196 
f 1275/1414/1198 1273/1411/1195 1274/1413/1197 
f 1230/1415/1199 1233/1412/1196 1275/1414/1198 
f 1264/1397/1182 1276/1416/1200 1274/1413/1197 
f 1276/1416/1200 1264/1397/1182 1263/1396/1181 
f 1274/1413/1197 1277/1417/1201 1275/1414/1198 
f 1277/1417/1201 1274/1413/1197 1276/1416/1200 
f 1275/1414/1198 1278/1418/1202 1230/1415/1199 
f 1278/1418/1202 1275/1414/1198 1277/1417/1201 
f 1227/1419/1203 1230/1415/1199 1278/1418/1202 
f 1263/1396/1181 1279/1420/1204 1276/1416/1200 
f 1279/1420/1204 1263/1396/1181 1253/1386/1171 
f 1278/1418/1202 1280/1421/1205 1227/1419/1203 
f 1224/1422/1206 1227/1419/1203 1280/1421/1205 
f 1277/1417/1201 1281/1423/1207 1278/1418/1202 
f 1280/1421/1205 1278/1418/1202 1281/1423/1207 
f 1276/1416/1200 1282/1424/1208 1277/1417/1201 
f 1281/1423/1207 1277/1417/1201 1282/1424/1208 
f 1282/1424/1208 1276/1416/1200 1279/1420/1204 
f 1280/1421/1205 1283/1425/1209 1224/1422/1206 
f 1221/1426/1210 1224/1422/1206 1283/1425/1209 
f 1281/1423/1207 1284/1427/1211 1280/1421/1205 
f 1283/1425/1209 1280/1421/1205 1284/1427/1211 
f 1282/1424/1208 1285/1428/1212 1281/1423/1207 
f 1284/1427/1211 1281/1423/1207 1285/1428/1212 
f 1283/1425/1209 1286/1429/1213 1221/1426/1210 
f 1218/1430/1214 1221/1426/1210 1286/1429/1213 
f 1284/1427/1211 1287/1431/1215 1283/1425/1209 
f 1286/1429/1213 1283/1425/1209 1287/1431/1215 
f 1286/1429/1213 1288/1432/1216 1218/1430/1214 
f 1215/1433/1217 1218/1430/1214 1288/1432/1216 
f 1287/1431/1215 1289/1434/1218 1286/1429/1213 
f 1288/1432/1216 1286/1429/1213 1289/1434/1218 
f 1287/1431/1215 1284/1427/1211 1290/1435/1219 
f 1285/1428/1212 1290/1435/1219 1284/1427/1211 
f 1288/1432/1216 1291/1436/1220 1215/1433/1217 
f 1212/1437/1221 1215/1433/1217 1291/1436/1220 
f 1291/1436/1220 1288/1432/1216 1292/1438/1222 
f 1289/1434/1218 1292/1438/1222 1288/1432/1216 
f 1291/1436/1220 1293/1439/1223 1212/1437/1221 
f 1209/1440/1224 1212/1437/1221 1293/1439/1223 
f 1292/1438/1222 1294/1441/1225 1291/1436/1220 
f 1293/1439/1223 1291/1436/1220 1294/1441/1225 
f 1293/1439/1223 1295/1442/1226 1209/1440/1224 
f 1206/1443/1227 1209/1440/1224 1295/1442/1226 
f 1294/1441/1225 1296/1444/1228 1293/1439/1223 
f 1295/1442/1226 1293/1439/1223 1296/1444/1228 
f 1295/1442/1226 1297/1445/1229 1206/1443/1227 
f 1203/1446/1230 1206/1443/1227 1297/1445/1229 
f 1296/1444/1228 1298/1447/1231 1295/1442/1226 
f 1297/1445/1229 1295/1442/1226 1298/1447/1231 
f 1297/1445/1229 1299/1448/1232 1203/1446/1230 
f 1200/1449/1233 1203/1446/1230 1299/1448/1232 
f 1298/1447/1231 1300/1450/1234 1297/1445/1229 
f 1299/1448/1232 1297/1445/1229 1300/1450/1234 
f 1299/1448/1232 1301/1451/1235 1200/1449/1233 
f 1197/1452/1236 1200/1449/1233 1301/1451/1235 
f 1300/1450/1234 1302/1453/1237 1299/1448/1232 
f 1301/1451/1235 1299/1448/1232 1302/1453/1237 
f 1301/1451/1235 1303/1454/1238 1197/1452/1236 
f 1194/1455/1239 1197/1452/1236 1303/1454/1238 
f 1302/1453/1237 1304/1456/1240 1301/1451/1235 
f 1303/1454/1238 1301/1451/1235 1304/1456/1240 
f 1303/1454/1238 1305/1457/1241 1194/1455/1239 
f 1191/1458/1242 1194/1455/1239 1305/1457/1241 
f 1304/1456/1240 1306/1459/1243 1303/1454/1238 
f 1305/1457/1241 1303/1454/1238 1306/1459/1243 
f 1305/1457/1241 1307/1460/1244 1191/1458/1242 
f 1188/1461/1245 1191/1458/1242 1307/1460/1244 
f 1306/1459/1243 1308/1462/1246 1305/1457/1241 
f 1307/1460/1244 1305/1457/1241 1308/1462/1246 
f 1307/1460/1244 1309/1463/1247 1188/1461/1245 
f 1185/1464/1248 1188/1461/1245 1309/1463/1247 
f 1308/1462/1246 1310/1465/1249 1307/1460/1244 
f 1309/1463/1247 1307/1460/1244 1310/1465/1249 
f 1309/1463/1247 1311/1466/1250 1185/1464/1248 
f 1182/1467/1251 1185/1464/1248 1311/1466/1250 
f 1310/1465/1249 1312/1468/1252 1309/1463/1247 
f 1311/1466/1250 1309/1463/1247 1312/1468/1252 
f 1311/1466/1250 1313/1469/1253 1182/1467/1251 
f 1179/1470/1254 1182/1467/1251 1313/1469/1253 
f 1312/1468/1252 1314/1471/1255 1311/1466/1250 
f 1313/1469/1253 1311/1466/1250 1314/1471/1255 
f 1313/1469/1253 1315/1472/1256 1179/1470/1254 
f 1176/1473/1257 1179/1470/1254 1315/1472/1256 
f 1314/1471/1255 1316/1474/1258 1313/1469/1253 
f 1315/1472/1256 1313/1469/1253 1316/1474/1258 
f 1315/1472/1256 1317/1475/1259 1176/1473/1257 
f 1173/1476/1260 1176/1473/1257 1317/1475/1259 
f 1316/1474/1258 1318/1477/1261 1315/1472/1256 
f 1317/1475/1259 1315/1472/1256 1318/1477/1261 
f 1317/1475/1259 1319/1478/1262 1173/1476/1260 
f 1170/1479/1263 1173/1476/1260 1319/1478/1262 
f 1318/1477/1261 1320/1480/1264 1317/1475/1259 
f 1319/1478/1262 1317/1475/1259 1320/1480/1264 
f 1319/1478/1262 1321/1481/1265 1170/1479/1263 
f 1167/1482/1266 1170/1479/1263 1321/1481/1265 
f 1320/1480/1264 1322/1483/1267 1319/1478/1262 
f 1321/1481/1265 1319/1478/1262 1322/1483/1267 
f 1321/1481/1265 1323/1484/1268 1167/1482/1266 
f 1164/1485/1269 1167/1482/1266 1323/1484/1268 
f 1322/1483/1267 1324/1486/1270 1321/1481/1265 
f 1323/1484/1268 1321/1481/1265 1324/1486/1270 
f 1323/1484/1268 1325/1487/1271 1164/1485/1269 
f 1161/1488/1272 1164/1485/1269 1325/1487/1271 
f 1324/1486/1270 1326/1489/1273 1323/1484/1268 
f 1325/1487/1271 1323/1484/1268 1326/1489/1273 
f 1325/1487/1271 1327/1490/1274 1161/1488/1272 
f 1158/1491/1275 1161/1488/1272 1327/1490/1274 
f 1326/1489/1273 1328/1492/1276 1325/1487/1271 
f 1327/1490/1274 1325/1487/1271 1328/1492/1276 
f 1327/1490/1274 1329/1493/1277 1158/1491/1275 
f 1155/1494/1278 1158/1491/1275 1329/1493/1277 
f 1328/1492/1276 1330/1495/1279 1327/1490/1274 
f 1329/1493/1277 1327/1490/1274 1330/1495/1279 
f 1329/1493/1277 1331/1496/1280 1155/1494/1278 
f 1152/1497/1281 1155/1494/1278 1331/1496/1280 
f 1330/1495/1279 1332/1498/1282 1329/1493/1277 
f 1331/1496/1280 1329/1493/1277 1332/1498/1282 
f 1331/1496/1280 1333/1499/1283 1152/1497/1281 
f 1149/1500/1284 1152/1497/1281 1333/1499/1283 
f 1332/1498/1282 1334/1501/1285 1331/1496/1280 
f 1333/1499/1283 1331/1496/1280 1334/1501/1285 
f 1333/1499/1283 1335/1502/1286 1149/1500/1284 
f 1145/1503/1287 1149/1500/1284 1335/1502/1286 
f 1334/1501/1285 1336/1504/1288 1333/1499/1283 
f 1335/1502/1286 1333/1499/1283 1336/1504/1288 
f 1335/1502/1286 1337/1505/1289 1145/1503/1287 
f 1142/1506/1290 1145/1503/1287 1337/1505/1289 
f 1336/1504/1288 1338/1507/1291 1335/1502/1286 
f 1337/1505/1289 1335/1502/1286 1338/1507/1291 
f 1337/1505/1289 1339/1508/1292 1142/1506/1290 
f 1139/1509/1293 1142/1506/1290 1339/1508/1292 
f 1338/1507/1291 1340/1510/1294 1337/1505/1289 
f 1339/1508/1292 1337/1505/1289 1340/1510/1294 
f 1339/1508/1292 1341/1511/1295 1139/1509/1293 
f 1136/1512/1296 1139/1509/1293 1341/1511/1295 
f 1340/1510/1294 1342/1513/1297 1339/1508/1292 
f 1341/1511/1295 1339/1508/1292 1342/1513/1297 
f 1341/1511/1295 1343/1514/1298 1136/1512/1296 
f 1132/1515/1299 1136/1512/1296 1343/1514/1298 
f 1342/1513/1297 1344/1516/1300 1341/1511/1295 
f 1343/1514/1298 1341/1511/1295 1344/1516/1300 
f 1343/1514/1298 1345/1517/1301 1132/1515/1299 
f 1129/1518/1302 1132/1515/1299 1345/1517/1301 
f 1344/1516/1300 1346/1519/1303 1343/1514/1298 
f 1345/1517/1301 1343/1514/1298 1346/1519/1303 
f 1345/1517/1301 1347/1520/1304 1129/1518/1302 
f 1128/1521/1305 1129/1518/1302 1347/1520/1304 
f 1346/1519/1303 1348/1522/1306 1345/1517/1301 
f 1347/1520/1304 1345/1517/1301 1348/1522/1306 
f 1346/1519/1303 1344/1516/1300 1349/1523/1307 
f 1347/1520/1304 1350/1524/1308 1128/1521/1305 
f 1348/1522/1306 1346/1519/1303 1351/1525/1309 
f 1349/1523/1307 1351/1525/1309 1346/1519/1303 
f 1348/1522/1306 1352/1526/1310 1347/1520/1304 
f 1350/1524/1308 1347/1520/1304 1352/1526/1310 
f 1351/1525/1309 1353/1527/1311 1348/1522/1306 
f 1352/1526/1310 1348/1522/1306 1353/1527/1311 
f 1128/1521/1305 1350/1524/1308 1354/1528/1312 
f 1354/1528/1312 1123/1529/1313 1128/1521/1305 
f 1352/1526/1310 1355/1530/1314 1350/1524/1308 
f 1123/1529/1313 1354/1528/1312 1356/1531/1315 
f 1356/1531/1315 1120/1532/1316 1123/1529/1313 
f 1357/1533/1317 1354/1528/1312 1350/1524/1308 
f 1350/1524/1308 1355/1530/1314 1357/1533/1317 
f 1358/1534/1318 1356/1531/1315 1354/1528/1312 
f 1354/1528/1312 1357/1533/1317 1358/1534/1318 
f 1120/1532/1316 1356/1531/1315 1359/1535/1319 
f 1359/1535/1319 1115/1536/1320 1120/1532/1316 
f 1356/1531/1315 1358/1534/1318 1360/1537/1321 
f 1360/1537/1321 1359/1535/1319 1356/1531/1315 
f 1115/1536/1320 1359/1535/1319 1361/1538/1322 
f 1361/1538/1322 1112/1539/1323 1115/1536/1320 
f 1359/1535/1319 1360/1537/1321 1362/1540/1324 
f 1362/1540/1324 1361/1538/1322 1359/1535/1319 
f 1112/1539/1323 1361/1538/1322 1363/1541/1325 
f 1363/1541/1325 1107/1542/1326 1112/1539/1323 
f 1361/1538/1322 1362/1540/1324 1364/1543/1327 
f 1364/1543/1327 1363/1541/1325 1361/1538/1322 
f 1107/1542/1326 1363/1541/1325 1365/1544/1328 
f 1365/1544/1328 1104/1545/1329 1107/1542/1326 
f 1363/1541/1325 1364/1543/1327 1366/1546/1330 
f 1366/1546/1330 1365/1544/1328 1363/1541/1325 
f 1104/1545/1329 1365/1544/1328 1367/1547/1331 
f 1367/1547/1331 1099/1548/1332 1104/1545/1329 
f 1365/1544/1328 1366/1546/1330 1368/1549/1333 
f 1368/1549/1333 1367/1547/1331 1365/1544/1328 
f 1099/1548/1332 1367/1547/1331 1369/1550/1334 
f 1369/1550/1334 1096/1551/1335 1099/1548/1332 
f 1367/1547/1331 1368/1549/1333 1370/1552/1336 
f 1370/1552/1336 1369/1550/1334 1367/1547/1331 
f 1096/1551/1335 1369/1550/1334 1371/1553/1337 
f 1371/1553/1337 1091/1554/1338 1096/1551/1335 
f 1369/1550/1334 1370/1552/1336 1372/1555/1339 
f 1372/1555/1339 1371/1553/1337 1369/1550/1334 
f 1091/1554/1338 1371/1553/1337 1373/1556/1340 
f 1373/1556/1340 1088/1557/1341 1091/1554/1338 
f 1371/1553/1337 1372/1555/1339 1374/1558/1342 
f 1374/1558/1342 1373/1556/1340 1371/1553/1337 
f 1088/1557/1341 1373/1556/1340 1375/1559/1343 
f 1375/1559/1343 1083/1560/1344 1088/1557/1341 
f 1373/1556/1340 1374/1558/1342 1376/1561/1345 
f 1376/1561/1345 1375/1559/1343 1373/1556/1340 
f 1083/1560/1344 1375/1559/1343 1377/1562/1346 
f 1377/1562/1346 1080/1563/1347 1083/1560/1344 
f 1375/1559/1343 1376/1561/1345 1378/1564/1348 
f 1378/1564/1348 1377/1562/1346 1375/1559/1343 
f 1080/1563/1347 1377/1562/1346 1379/1565/1349 
f 1379/1565/1349 1075/1566/1350 1080/1563/1347 
f 1377/1562/1346 1378/1564/1348 1380/1567/1351 
f 1380/1567/1351 1379/1565/1349 1377/1562/1346 
f 1075/1566/1350 1379/1565/1349 1381/1568/1352 
f 1381/1568/1352 1072/1569/1353 1075/1566/1350 
f 1379/1565/1349 1380/1567/1351 1382/1570/1354 
f 1382/1570/1354 1381/1568/1352 1379/1565/1349 
f 1072/1569/1353 1381/1568/1352 1383/1571/1355 
f 1383/1571/1355 1067/1572/1356 1072/1569/1353 
f 1381/1568/1352 1382/1570/1354 1384/1573/1357 
f 1384/1573/1357 1383/1571/1355 1381/1568/1352 
f 1067/1572/1356 1383/1571/1355 1385/1574/1358 
f 1385/1574/1358 1064/1575/1359 1067/1572/1356 
f 1383/1571/1355 1384/1573/1357 1386/1576/1360 
f 1386/1576/1360 1385/1574/1358 1383/1571/1355 
f 1064/1575/1359 1385/1574/1358 1387/1577/1361 
f 1387/1577/1361 1059/1578/1362 1064/1575/1359 
f 1385/1574/1358 1386/1576/1360 1388/1579/1363 
f 1388/1579/1363 1387/1577/1361 1385/1574/1358 
f 1059/1578/1362 1387/1577/1361 1389/1580/1364 
f 1389/1580/1364 1056/1581/1365 1059/1578/1362 
f 1387/1577/1361 1388/1579/1363 1390/1582/1366 
f 1390/1582/1366 1389/1580/1364 1387/1577/1361 
f 1056/1581/1365 1389/1580/1364 1391/1583/1367 
f 1391/1583/1367 1051/1584/1368 1056/1581/1365 
f 1389/1580/1364 1390/1582/1366 1392/1585/1369 
f 1392/1585/1369 1391/1583/1367 1389/1580/1364 
f 1051/1584/1368 1391/1583/1367 1393/1586/1370 
f 1393/1586/1370 1048/1587/1371 1051/1584/1368 
f 1391/1583/1367 1392/1585/1369 1394/1588/1372 
f 1394/1588/1372 1393/1586/1370 1391/1583/1367 
f 1048/1587/1371 1393/1586/1370 1395/1589/1373 
f 1395/1589/1373 1043/1590/1374 1048/1587/1371 
f 1393/1586/1370 1394/1588/1372 1396/1591/1375 
f 1396/1591/1375 1395/1589/1373 1393/1586/1370 
f 1043/1590/1374 1395/1589/1373 1397/1592/1376 
f 1397/1592/1376 1040/1593/1377 1043/1590/1374 
f 1395/1589/1373 1396/1591/1375 1398/1594/1378 
f 1398/1594/1378 1397/1592/1376 1395/1589/1373 
f 1040/1593/1377 1397/1592/1376 1399/1595/1379 
f 1399/1595/1379 1035/1596/1380 1040/1593/1377 
f 1397/1592/1376 1398/1594/1378 1400/1597/1381 
f 1400/1597/1381 1399/1595/1379 1397/1592/1376 
f 1035/1596/1380 1399/1595/1379 1401/1598/1382 
f 1401/1598/1382 1032/1599/1383 1035/1596/1380 
f 1399/1595/1379 1400/1597/1381 1402/1600/1384 
f 1402/1600/1384 1401/1598/1382 1399/1595/1379 
f 1032/1599/1383 1401/1598/1382 1403/1601/1385 
f 1403/1601/1385 1027/1602/1386 1032/1599/1383 
f 1401/1598/1382 1402/1600/1384 1404/1603/1387 
f 1404/1603/1387 1403/1601/1385 1401/1598/1382 
f 1027/1602/1386 1403/1601/1385 1405/1604/1388 
f 1405/1604/1388 1024/1605/1389 1027/1602/1386 
f 1403/1601/1385 1404/1603/1387 1406/1606/1390 
f 1406/1606/1390 1405/1604/1388 1403/1601/1385 
f 1024/1605/1389 1405/1604/1388 1407/1607/1391 
f 1407/1607/1391 1019/1608/1392 1024/1605/1389 
f 1405/1604/1388 1406/1606/1390 1408/1609/1393 
f 1408/1609/1393 1407/1607/1391 1405/1604/1388 
f 1019/1608/1392 1407/1607/1391 1409/1610/1394 
f 1409/1610/1394 1016/1611/1395 1019/1608/1392 
f 1407/1607/1391 1408/1609/1393 1410/1612/1396 
f 1410/1612/1396 1409/1610/1394 1407/1607/1391 
f 1016/1611/1395 1409/1610/1394 1411/1613/1397 
f 1411/1613/1397 1011/1614/1398 1016/1611/1395 
f 1409/1610/1394 1410/1612/1396 1412/1615/1399 
f 1412/1615/1399 1411/1613/1397 1409/1610/1394 
f 1011/1614/1398 1411/1613/1397 1413/1616/1400 
f 1413/1616/1400 1008/1617/1401 1011/1614/1398 
f 1411/1613/1397 1412/1615/1399 1414/1618/1402 
f 1414/1618/1402 1413/1616/1400 1411/1613/1397 
f 1008/1617/1401 1413/1616/1400 1415/1619/1403 
f 1415/1619/1403 1003/1620/1404 1008/1617/1401 
f 1413/1616/1400 1414/1618/1402 1416/1621/1405 
f 1416/1621/1405 1415/1619/1403 1413/1616/1400 
f 1003/1620/1404 1415/1619/1403 1417/1622/1406 
f 1417/1622/1406 1000/1623/1407 1003/1620/1404 
f 1415/1619/1403 1416/1621/1405 1418/1624/1408 
f 1418/1624/1408 1417/1622/1406 1415/1619/1403 
f 1000/1623/1407 1417/1622/1406 1419/1625/1409 
f 1419/1625/1409 995/1626/1410 1000/1623/1407 
f 1417/1622/1406 1418/1624/1408 1420/1627/1411 
f 1420/1627/1411 1419/1625/1409 1417/1622/1406 
f 995/1626/1410 1419/1625/1409 1421/1628/1412 
f 1421/1628/1412 992/1629/1413 995/1626/1410 
f 1419/1625/1409 1420/1627/1411 1422/1630/1414 
f 1422/1630/1414 1421/1628/1412 1419/1625/1409 
f 992/1629/1413 1421/1628/1412 1423/1631/1415 
f 1423/1631/1415 967/1094/879 992/1629/1413 
f 967/1094/879 1423/1631/1415 966/1093/878 
f 1424/1632/1416 1423/1631/1415 1421/1628/1412 
f 1421/1628/1412 1422/1630/1414 1424/1632/1416 
f 1425/1633/1417 966/1093/878 1423/1631/1415 
f 1423/1631/1415 1424/1632/1416 1425/1633/1417 
f 966/1093/878 1425/1633/1417 971/1098/883 
f 975/1102/887 971/1098/883 1425/1633/1417 
f 1426/1634/1418 1425/1633/1417 1424/1632/1416 
f 1425/1633/1417 1426/1634/1418 975/1102/887 
f 1427/1635/1419 1424/1632/1416 1422/1630/1414 
f 1424/1632/1416 1427/1635/1419 1426/1634/1418 
f 1428/1636/1420 975/1102/887 1426/1634/1418 
f 975/1102/887 1428/1636/1420 974/1101/886 
f 978/1105/890 974/1101/886 1428/1636/1420 
f 1428/1636/1420 982/1112/897 978/1105/890 
f 1426/1634/1418 1429/1637/1421 1428/1636/1420 
f 982/1112/897 1428/1636/1420 1429/1637/1421 
f 1429/1637/1421 1426/1634/1418 1427/1635/1419 
f 1429/1637/1421 989/1122/907 982/1112/897 
f 989/1122/907 1429/1637/1421 1430/1638/1422 
f 1427/1635/1419 1430/1638/1422 1429/1637/1421 
f 1430/1638/1422 990/1123/908 989/1122/907 
f 1422/1630/1414 1431/1639/1423 1427/1635/1419 
f 1430/1638/1422 1427/1635/1419 1431/1639/1423 
f 1431/1639/1423 1422/1630/1414 1420/1627/1411 
f 990/1123/908 1430/1638/1422 1432/1640/1424 
f 1431/1639/1423 1432/1640/1424 1430/1638/1422 
f 1432/1640/1424 997/1130/915 990/1123/908 
f 1420/1627/1411 1433/1641/1425 1431/1639/1423 
f 1432/1640/1424 1431/1639/1423 1433/1641/1425 
f 1433/1641/1425 1420/1627/1411 1418/1624/1408 
f 997/1130/915 1432/1640/1424 1434/1642/1426 
f 1433/1641/1425 1434/1642/1426 1432/1640/1424 
f 1434/1642/1426 998/1131/916 997/1130/915 
f 1418/1624/1408 1435/1643/1427 1433/1641/1425 
f 1434/1642/1426 1433/1641/1425 1435/1643/1427 
f 1435/1643/1427 1418/1624/1408 1416/1621/1405 
f 998/1131/916 1434/1642/1426 1436/1644/1428 
f 1435/1643/1427 1436/1644/1428 1434/1642/1426 
f 1436/1644/1428 1005/1138/923 998/1131/916 
f 1416/1621/1405 1437/1645/1429 1435/1643/1427 
f 1436/1644/1428 1435/1643/1427 1437/1645/1429 
f 1437/1645/1429 1416/1621/1405 1414/1618/1402 
f 1005/1138/923 1436/1644/1428 1438/1646/1430 
f 1437/1645/1429 1438/1646/1430 1436/1644/1428 
f 1438/1646/1430 1006/1139/924 1005/1138/923 
f 1414/1618/1402 1439/1647/1431 1437/1645/1429 
f 1438/1646/1430 1437/1645/1429 1439/1647/1431 
f 1439/1647/1431 1414/1618/1402 1412/1615/1399 
f 1006/1139/924 1438/1646/1430 1440/1648/1432 
f 1439/1647/1431 1440/1648/1432 1438/1646/1430 
f 1440/1648/1432 1013/1146/931 1006/1139/924 
f 1412/1615/1399 1441/1649/1433 1439/1647/1431 
f 1440/1648/1432 1439/1647/1431 1441/1649/1433 
f 1441/1649/1433 1412/1615/1399 1410/1612/1396 
f 1013/1146/931 1440/1648/1432 1442/1650/1434 
f 1441/1649/1433 1442/1650/1434 1440/1648/1432 
f 1442/1650/1434 1014/1147/932 1013/1146/931 
f 1410/1612/1396 1443/1651/1435 1441/1649/1433 
f 1442/1650/1434 1441/1649/1433 1443/1651/1435 
f 1443/1651/1435 1410/1612/1396 1408/1609/1393 
f 1014/1147/932 1442/1650/1434 1444/1652/1436 
f 1443/1651/1435 1444/1652/1436 1442/1650/1434 
f 1444/1652/1436 1021/1154/939 1014/1147/932 
f 1408/1609/1393 1445/1653/1437 1443/1651/1435 
f 1444/1652/1436 1443/1651/1435 1445/1653/1437 
f 1445/1653/1437 1408/1609/1393 1406/1606/1390 
f 1021/1154/939 1444/1652/1436 1446/1654/1438 
f 1445/1653/1437 1446/1654/1438 1444/1652/1436 
f 1446/1654/1438 1022/1155/940 1021/1154/939 
f 1406/1606/1390 1447/1655/1439 1445/1653/1437 
f 1446/1654/1438 1445/1653/1437 1447/1655/1439 
f 1447/1655/1439 1406/1606/1390 1404/1603/1387 
f 1022/1155/940 1446/1654/1438 1448/1656/1440 
f 1447/1655/1439 1448/1656/1440 1446/1654/1438 
f 1448/1656/1440 1029/1162/947 1022/1155/940 
f 1404/1603/1387 1449/1657/1441 1447/1655/1439 
f 1448/1656/1440 1447/1655/1439 1449/1657/1441 
f 1449/1657/1441 1404/1603/1387 1402/1600/1384 
f 1029/1162/947 1448/1656/1440 1450/1658/1442 
f 1449/1657/1441 1450/1658/1442 1448/1656/1440 
f 1450/1658/1442 1030/1163/948 1029/1162/947 
f 1402/1600/1384 1451/1659/1443 1449/1657/1441 
f 1450/1658/1442 1449/1657/1441 1451/1659/1443 
f 1451/1659/1443 1402/1600/1384 1400/1597/1381 
f 1030/1163/948 1450/1658/1442 1452/1660/1444 
f 1451/1659/1443 1452/1660/1444 1450/1658/1442 
f 1452/1660/1444 1037/1170/955 1030/1163/948 
f 1400/1597/1381 1453/1661/1445 1451/1659/1443 
f 1452/1660/1444 1451/1659/1443 1453/1661/1445 
f 1453/1661/1445 1400/1597/1381 1398/1594/1378 
f 1037/1170/955 1452/1660/1444 1454/1662/1446 
f 1453/1661/1445 1454/1662/1446 1452/1660/1444 
f 1454/1662/1446 1038/1171/956 1037/1170/955 
f 1398/1594/1378 1455/1663/1447 1453/1661/1445 
f 1454/1662/1446 1453/1661/1445 1455/1663/1447 
f 1455/1663/1447 1398/1594/1378 1396/1591/1375 
f 1038/1171/956 1454/1662/1446 1456/1664/1448 
f 1455/1663/1447 1456/1664/1448 1454/1662/1446 
f 1456/1664/1448 1045/1178/963 1038/1171/956 
f 1396/1591/1375 1457/1665/1449 1455/1663/1447 
f 1456/1664/1448 1455/1663/1447 1457/1665/1449 
f 1457/1665/1449 1396/1591/1375 1394/1588/1372 
f 1045/1178/963 1456/1664/1448 1458/1666/1450 
f 1457/1665/1449 1458/1666/1450 1456/1664/1448 
f 1458/1666/1450 1046/1179/964 1045/1178/963 
f 1394/1588/1372 1459/1667/1451 1457/1665/1449 
f 1458/1666/1450 1457/1665/1449 1459/1667/1451 
f 1459/1667/1451 1394/1588/1372 1392/1585/1369 
f 1046/1179/964 1458/1666/1450 1460/1668/1452 
f 1459/1667/1451 1460/1668/1452 1458/1666/1450 
f 1460/1668/1452 1053/1186/971 1046/1179/964 
f 1392/1585/1369 1461/1669/1453 1459/1667/1451 
f 1460/1668/1452 1459/1667/1451 1461/1669/1453 
f 1461/1669/1453 1392/1585/1369 1390/1582/1366 
f 1053/1186/971 1460/1668/1452 1462/1670/1454 
f 1461/1669/1453 1462/1670/1454 1460/1668/1452 
f 1462/1670/1454 1054/1187/972 1053/1186/971 
f 1390/1582/1366 1463/1671/1455 1461/1669/1453 
f 1462/1670/1454 1461/1669/1453 1463/1671/1455 
f 1463/1671/1455 1390/1582/1366 1388/1579/1363 
f 1054/1187/972 1462/1670/1454 1464/1672/1456 
f 1463/1671/1455 1464/1672/1456 1462/1670/1454 
f 1464/1672/1456 1061/1194/979 1054/1187/972 
f 1388/1579/1363 1465/1673/1457 1463/1671/1455 
f 1464/1672/1456 1463/1671/1455 1465/1673/1457 
f 1465/1673/1457 1388/1579/1363 1386/1576/1360 
f 1061/1194/979 1464/1672/1456 1466/1674/1458 
f 1465/1673/1457 1466/1674/1458 1464/1672/1456 
f 1466/1674/1458 1062/1195/980 1061/1194/979 
f 1386/1576/1360 1467/1675/1459 1465/1673/1457 
f 1466/1674/1458 1465/1673/1457 1467/1675/1459 
f 1467/1675/1459 1386/1576/1360 1384/1573/1357 
f 1062/1195/980 1466/1674/1458 1468/1676/1460 
f 1467/1675/1459 1468/1676/1460 1466/1674/1458 
f 1468/1676/1460 1069/1202/987 1062/1195/980 
f 1384/1573/1357 1469/1677/1461 1467/1675/1459 
f 1468/1676/1460 1467/1675/1459 1469/1677/1461 
f 1469/1677/1461 1384/1573/1357 1382/1570/1354 
f 1069/1202/987 1468/1676/1460 1470/1678/1462 
f 1469/1677/1461 1470/1678/1462 1468/1676/1460 
f 1470/1678/1462 1070/1203/988 1069/1202/987 
f 1382/1570/1354 1471/1679/1463 1469/1677/1461 
f 1470/1678/1462 1469/1677/1461 1471/1679/1463 
f 1471/1679/1463 1382/1570/1354 1380/1567/1351 
f 1070/1203/988 1470/1678/1462 1472/1680/1464 
f 1471/1679/1463 1472/1680/1464 1470/1678/1462 
f 1472/1680/1464 1077/1210/995 1070/1203/988 
f 1380/1567/1351 1473/1681/1465 1471/1679/1463 
f 1472/1680/1464 1471/1679/1463 1473/1681/1465 
f 1473/1681/1465 1380/1567/1351 1378/1564/1348 
f 1077/1210/995 1472/1680/1464 1474/1682/1466 
f 1473/1681/1465 1474/1682/1466 1472/1680/1464 
f 1474/1682/1466 1078/1211/996 1077/1210/995 
f 1378/1564/1348 1475/1683/1467 1473/1681/1465 
f 1474/1682/1466 1473/1681/1465 1475/1683/1467 
f 1475/1683/1467 1378/1564/1348 1376/1561/1345 
f 1078/1211/996 1474/1682/1466 1476/1684/1468 
f 1475/1683/1467 1476/1684/1468 1474/1682/1466 
f 1476/1684/1468 1085/1218/1003 1078/1211/996 
f 1376/1561/1345 1477/1685/1469 1475/1683/1467 
f 1476/1684/1468 1475/1683/1467 1477/1685/1469 
f 1477/1685/1469 1376/1561/1345 1374/1558/1342 
f 1085/1218/1003 1476/1684/1468 1478/1686/1470 
f 1477/1685/1469 1478/1686/1470 1476/1684/1468 
f 1478/1686/1470 1086/1219/1004 1085/1218/1003 
f 1374/1558/1342 1479/1687/1471 1477/1685/1469 
f 1478/1686/1470 1477/1685/1469 1479/1687/1471 
f 1479/1687/1471 1374/1558/1342 1372/1555/1339 
f 1086/1219/1004 1478/1686/1470 1480/1688/1472 
f 1479/1687/1471 1480/1688/1472 1478/1686/1470 
f 1480/1688/1472 1093/1226/1011 1086/1219/1004 
f 1372/1555/1339 1481/1689/1473 1479/1687/1471 
f 1480/1688/1472 1479/1687/1471 1481/1689/1473 
f 1481/1689/1473 1372/1555/1339 1370/1552/1336 
f 1093/1226/1011 1480/1688/1472 1482/1690/1474 
f 1481/1689/1473 1482/1690/1474 1480/1688/1472 
f 1482/1690/1474 1094/1227/1012 1093/1226/1011 
f 1370/1552/1336 1483/1691/1475 1481/1689/1473 
f 1482/1690/1474 1481/1689/1473 1483/1691/1475 
f 1483/1691/1475 1370/1552/1336 1368/1549/1333 
f 1094/1227/1012 1482/1690/1474 1484/1692/1476 
f 1483/1691/1475 1484/1692/1476 1482/1690/1474 
f 1484/1692/1476 1101/1234/1019 1094/1227/1012 
f 1368/1549/1333 1485/1693/1477 1483/1691/1475 
f 1484/1692/1476 1483/1691/1475 1485/1693/1477 
f 1485/1693/1477 1368/1549/1333 1366/1546/1330 
f 1101/1234/1019 1484/1692/1476 1486/1694/1478 
f 1485/1693/1477 1486/1694/1478 1484/1692/1476 
f 1486/1694/1478 1102/1235/1020 1101/1234/1019 
f 1366/1546/1330 1487/1695/1479 1485/1693/1477 
f 1486/1694/1478 1485/1693/1477 1487/1695/1479 
f 1487/1695/1479 1366/1546/1330 1364/1543/1327 
f 1102/1235/1020 1486/1694/1478 1488/1696/1480 
f 1487/1695/1479 1488/1696/1480 1486/1694/1478 
f 1488/1696/1480 1109/1242/1027 1102/1235/1020 
f 1364/1543/1327 1489/1697/1481 1487/1695/1479 
f 1488/1696/1480 1487/1695/1479 1489/1697/1481 
f 1489/1697/1481 1364/1543/1327 1362/1540/1324 
f 1109/1242/1027 1488/1696/1480 1490/1698/1482 
f 1489/1697/1481 1490/1698/1482 1488/1696/1480 
f 1490/1698/1482 1110/1243/1028 1109/1242/1027 
f 1362/1540/1324 1491/1699/1483 1489/1697/1481 
f 1490/1698/1482 1489/1697/1481 1491/1699/1483 
f 1491/1699/1483 1362/1540/1324 1360/1537/1321 
f 1110/1243/1028 1490/1698/1482 1492/1700/1484 
f 1491/1699/1483 1492/1700/1484 1490/1698/1482 
f 1492/1700/1484 1117/1250/1035 1110/1243/1028 
f 1360/1537/1321 1493/1701/1485 1491/1699/1483 
f 1492/1700/1484 1491/1699/1483 1493/1701/1485 
f 1493/1701/1485 1360/1537/1321 1358/1534/1318 
f 1117/1250/1035 1492/1700/1484 1494/1702/1486 
f 1493/1701/1485 1494/1702/1486 1492/1700/1484 
f 1494/1702/1486 1118/1251/1036 1117/1250/1035 
f 1358/1534/1318 1495/1703/1487 1493/1701/1485 
f 1494/1702/1486 1493/1701/1485 1495/1703/1487 
f 1495/1703/1487 1358/1534/1318 1357/1533/1317 
f 1118/1251/1036 1494/1702/1486 1496/1704/1488 
f 1495/1703/1487 1496/1704/1488 1494/1702/1486 
f 1496/1704/1488 1125/1258/1043 1118/1251/1036 
f 1357/1533/1317 1497/1705/1489 1495/1703/1487 
f 1496/1704/1488 1495/1703/1487 1497/1705/1489 
f 1497/1705/1489 1357/1533/1317 1355/1530/1314 
f 1125/1258/1043 1496/1704/1488 1498/1706/1490 
f 1497/1705/1489 1498/1706/1490 1496/1704/1488 
f 1498/1706/1490 1126/1259/1044 1125/1258/1043 
f 1355/1530/1314 1499/1707/1491 1497/1705/1489 
f 1498/1706/1490 1497/1705/1489 1499/1707/1491 
f 1126/1259/1044 1498/1706/1490 1500/1708/1492 
f 1499/1707/1491 1500/1708/1492 1498/1706/1490 
f 1500/1708/1492 1133/1266/1051 1126/1259/1044 
f 1137/1270/1055 1133/1266/1051 1500/1708/1492 
f 1500/1708/1492 1501/1709/1493 1137/1270/1055 
f 1501/1709/1493 1500/1708/1492 1499/1707/1491 
f 1147/1280/1065 1137/1270/1055 1501/1709/1493 
f 1502/1710/1494 1499/1707/1491 1355/1530/1314 
f 1499/1707/1491 1502/1710/1494 1501/1709/1493 
f 1355/1530/1314 1352/1526/1310 1502/1710/1494 
f 1353/1527/1311 1502/1710/1494 1352/1526/1310 
f 1503/1711/1495 1501/1709/1493 1502/1710/1494 
f 1502/1710/1494 1353/1527/1311 1503/1711/1495 
f 1501/1709/1493 1503/1711/1495 1147/1280/1065 
f 1504/1712/1496 1503/1711/1495 1353/1527/1311 
f 1353/1527/1311 1351/1525/1309 1504/1712/1496 
f 1505/1713/1497 1147/1280/1065 1503/1711/1495 
f 1503/1711/1495 1504/1712/1496 1505/1713/1497 
f 1147/1280/1065 1505/1713/1497 1143/1276/1061 
f 1146/1279/1064 1143/1276/1061 1505/1713/1497 
f 1505/1713/1497 1506/1714/1498 1146/1279/1064 
f 1506/1714/1498 1505/1713/1497 1504/1712/1496 
f 1150/1283/1068 1146/1279/1064 1506/1714/1498 
f 1507/1715/1499 1504/1712/1496 1351/1525/1309 
f 1504/1712/1496 1507/1715/1499 1506/1714/1498 
f 1351/1525/1309 1349/1523/1307 1507/1715/1499 
f 1506/1714/1498 1508/1716/1500 1150/1283/1068 
f 1508/1716/1500 1506/1714/1498 1507/1715/1499 
f 1153/1286/1071 1150/1283/1068 1508/1716/1500 
f 1509/1717/1501 1507/1715/1499 1349/1523/1307 
f 1507/1715/1499 1509/1717/1501 1508/1716/1500 
f 1508/1716/1500 1510/1718/1502 1153/1286/1071 
f 1510/1718/1502 1508/1716/1500 1509/1717/1501 
f 1156/1289/1074 1153/1286/1071 1510/1718/1502 
f 1349/1523/1307 1511/1719/1503 1509/1717/1501 
f 1511/1719/1503 1349/1523/1307 1344/1516/1300 
f 1344/1516/1300 1342/1513/1297 1511/1719/1503 
f 1509/1717/1501 1512/1720/1504 1510/1718/1502 
f 1512/1720/1504 1509/1717/1501 1511/1719/1503 
f 1510/1718/1502 1513/1721/1505 1156/1289/1074 
f 1513/1721/1505 1510/1718/1502 1512/1720/1504 
f 1159/1292/1077 1156/1289/1074 1513/1721/1505 
f 1514/1722/1506 1511/1719/1503 1342/1513/1297 
f 1511/1719/1503 1514/1722/1506 1512/1720/1504 
f 1342/1513/1297 1340/1510/1294 1514/1722/1506 
f 1512/1720/1504 1515/1723/1507 1513/1721/1505 
f 1515/1723/1507 1512/1720/1504 1514/1722/1506 
f 1513/1721/1505 1516/1724/1508 1159/1292/1077 
f 1516/1724/1508 1513/1721/1505 1515/1723/1507 
f 1162/1295/1080 1159/1292/1077 1516/1724/1508 
f 1517/1725/1509 1514/1722/1506 1340/1510/1294 
f 1514/1722/1506 1517/1725/1509 1515/1723/1507 
f 1340/1510/1294 1338/1507/1291 1517/1725/1509 
f 1515/1723/1507 1518/1726/1510 1516/1724/1508 
f 1518/1726/1510 1515/1723/1507 1517/1725/1509 
f 1516/1724/1508 1519/1727/1511 1162/1295/1080 
f 1519/1727/1511 1516/1724/1508 1518/1726/1510 
f 1165/1298/1083 1162/1295/1080 1519/1727/1511 
f 1520/1728/1512 1517/1725/1509 1338/1507/1291 
f 1517/1725/1509 1520/1728/1512 1518/1726/1510 
f 1338/1507/1291 1336/1504/1288 1520/1728/1512 
f 1518/1726/1510 1521/1729/1513 1519/1727/1511 
f 1521/1729/1513 1518/1726/1510 1520/1728/1512 
f 1519/1727/1511 1522/1730/1514 1165/1298/1083 
f 1522/1730/1514 1519/1727/1511 1521/1729/1513 
f 1168/1301/1086 1165/1298/1083 1522/1730/1514 
f 1523/1731/1515 1520/1728/1512 1336/1504/1288 
f 1520/1728/1512 1523/1731/1515 1521/1729/1513 
f 1336/1504/1288 1334/1501/1285 1523/1731/1515 
f 1521/1729/1513 1524/1732/1516 1522/1730/1514 
f 1524/1732/1516 1521/1729/1513 1523/1731/1515 
f 1522/1730/1514 1525/1733/1517 1168/1301/1086 
f 1525/1733/1517 1522/1730/1514 1524/1732/1516 
f 1171/1304/1089 1168/1301/1086 1525/1733/1517 
f 1526/1734/1518 1523/1731/1515 1334/1501/1285 
f 1523/1731/1515 1526/1734/1518 1524/1732/1516 
f 1334/1501/1285 1332/1498/1282 1526/1734/1518 
f 1524/1732/1516 1527/1735/1519 1525/1733/1517 
f 1527/1735/1519 1524/1732/1516 1526/1734/1518 
f 1525/1733/1517 1528/1736/1520 1171/1304/1089 
f 1528/1736/1520 1525/1733/1517 1527/1735/1519 
f 1174/1307/1092 1171/1304/1089 1528/1736/1520 
f 1529/1737/1521 1526/1734/1518 1332/1498/1282 
f 1526/1734/1518 1529/1737/1521 1527/1735/1519 
f 1332/1498/1282 1330/1495/1279 1529/1737/1521 
f 1527/1735/1519 1530/1738/1522 1528/1736/1520 
f 1530/1738/1522 1527/1735/1519 1529/1737/1521 
f 1528/1736/1520 1531/1739/1523 1174/1307/1092 
f 1531/1739/1523 1528/1736/1520 1530/1738/1522 
f 1177/1310/1095 1174/1307/1092 1531/1739/1523 
f 1532/1740/1524 1529/1737/1521 1330/1495/1279 
f 1529/1737/1521 1532/1740/1524 1530/1738/1522 
f 1330/1495/1279 1328/1492/1276 1532/1740/1524 
f 1530/1738/1522 1533/1741/1525 1531/1739/1523 
f 1533/1741/1525 1530/1738/1522 1532/1740/1524 
f 1531/1739/1523 1534/1742/1526 1177/1310/1095 
f 1534/1742/1526 1531/1739/1523 1533/1741/1525 
f 1180/1313/1098 1177/1310/1095 1534/1742/1526 
f 1535/1743/1527 1532/1740/1524 1328/1492/1276 
f 1532/1740/1524 1535/1743/1527 1533/1741/1525 
f 1328/1492/1276 1326/1489/1273 1535/1743/1527 
f 1533/1741/1525 1536/1744/1528 1534/1742/1526 
f 1536/1744/1528 1533/1741/1525 1535/1743/1527 
f 1534/1742/1526 1537/1745/1529 1180/1313/1098 
f 1537/1745/1529 1534/1742/1526 1536/1744/1528 
f 1183/1316/1101 1180/1313/1098 1537/1745/1529 
f 1538/1746/1530 1535/1743/1527 1326/1489/1273 
f 1535/1743/1527 1538/1746/1530 1536/1744/1528 
f 1326/1489/1273 1324/1486/1270 1538/1746/1530 
f 1536/1744/1528 1539/1747/1531 1537/1745/1529 
f 1539/1747/1531 1536/1744/1528 1538/1746/1530 
f 1537/1745/1529 1540/1748/1532 1183/1316/1101 
f 1540/1748/1532 1537/1745/1529 1539/1747/1531 
f 1186/1319/1104 1183/1316/1101 1540/1748/1532 
f 1541/1749/1533 1538/1746/1530 1324/1486/1270 
f 1538/1746/1530 1541/1749/1533 1539/1747/1531 
f 1324/1486/1270 1322/1483/1267 1541/1749/1533 
f 1539/1747/1531 1542/1750/1534 1540/1748/1532 
f 1542/1750/1534 1539/1747/1531 1541/1749/1533 
f 1540/1748/1532 1543/1751/1535 1186/1319/1104 
f 1543/1751/1535 1540/1748/1532 1542/1750/1534 
f 1189/1322/1107 1186/1319/1104 1543/1751/1535 
f 1544/1752/1536 1541/1749/1533 1322/1483/1267 
f 1541/1749/1533 1544/1752/1536 1542/1750/1534 
f 1322/1483/1267 1320/1480/1264 1544/1752/1536 
f 1542/1750/1534 1545/1753/1537 1543/1751/1535 
f 1545/1753/1537 1542/1750/1534 1544/1752/1536 
f 1543/1751/1535 1546/1754/1538 1189/1322/1107 
f 1546/1754/1538 1543/1751/1535 1545/1753/1537 
f 1192/1325/1110 1189/1322/1107 1546/1754/1538 
f 1547/1755/1539 1544/1752/1536 1320/1480/1264 
f 1544/1752/1536 1547/1755/1539 1545/1753/1537 
f 1320/1480/1264 1318/1477/1261 1547/1755/1539 
f 1545/1753/1537 1548/1756/1540 1546/1754/1538 
f 1548/1756/1540 1545/1753/1537 1547/1755/1539 
f 1546/1754/1538 1549/1757/1541 1192/1325/1110 
f 1549/1757/1541 1546/1754/1538 1548/1756/1540 
f 1195/1328/1113 1192/1325/1110 1549/1757/1541 
f 1550/1758/1542 1547/1755/1539 1318/1477/1261 
f 1547/1755/1539 1550/1758/1542 1548/1756/1540 
f 1318/1477/1261 1316/1474/1258 1550/1758/1542 
f 1548/1756/1540 1551/1759/1543 1549/1757/1541 
f 1551/1759/1543 1548/1756/1540 1550/1758/1542 
f 1549/1757/1541 1552/1760/1544 1195/1328/1113 
f 1552/1760/1544 1549/1757/1541 1551/1759/1543 
f 1198/1331/1116 1195/1328/1113 1552/1760/1544 
f 1553/1761/1545 1550/1758/1542 1316/1474/1258 
f 1550/1758/1542 1553/1761/1545 1551/1759/1543 
f 1316/1474/1258 1314/1471/1255 1553/1761/1545 
f 1551/1759/1543 1554/1762/1546 1552/1760/1544 
f 1554/1762/1546 1551/1759/1543 1553/1761/1545 
f 1552/1760/1544 1555/1763/1547 1198/1331/1116 
f 1555/1763/1547 1552/1760/1544 1554/1762/1546 
f 1201/1334/1119 1198/1331/1116 1555/1763/1547 
f 1556/1764/1548 1553/1761/1545 1314/1471/1255 
f 1553/1761/1545 1556/1764/1548 1554/1762/1546 
f 1314/1471/1255 1312/1468/1252 1556/1764/1548 
f 1554/1762/1546 1557/1765/1549 1555/1763/1547 
f 1557/1765/1549 1554/1762/1546 1556/1764/1548 
f 1555/1763/1547 1558/1766/1550 1201/1334/1119 
f 1558/1766/1550 1555/1763/1547 1557/1765/1549 
f 1204/1337/1122 1201/1334/1119 1558/1766/1550 
f 1559/1767/1551 1556/1764/1548 1312/1468/1252 
f 1556/1764/1548 1559/1767/1551 1557/1765/1549 
f 1312/1468/1252 1310/1465/1249 1559/1767/1551 
f 1557/1765/1549 1560/1768/1552 1558/1766/1550 
f 1560/1768/1552 1557/1765/1549 1559/1767/1551 
f 1558/1766/1550 1561/1769/1553 1204/1337/1122 
f 1561/1769/1553 1558/1766/1550 1560/1768/1552 
f 1207/1340/1125 1204/1337/1122 1561/1769/1553 
f 1562/1770/1554 1559/1767/1551 1310/1465/1249 
f 1559/1767/1551 1562/1770/1554 1560/1768/1552 
f 1310/1465/1249 1308/1462/1246 1562/1770/1554 
f 1560/1768/1552 1563/1771/1555 1561/1769/1553 
f 1563/1771/1555 1560/1768/1552 1562/1770/1554 
f 1561/1769/1553 1564/1772/1556 1207/1340/1125 
f 1564/1772/1556 1561/1769/1553 1563/1771/1555 
f 1210/1343/1128 1207/1340/1125 1564/1772/1556 
f 1565/1773/1557 1562/1770/1554 1308/1462/1246 
f 1562/1770/1554 1565/1773/1557 1563/1771/1555 
f 1308/1462/1246 1306/1459/1243 1565/1773/1557 
f 1563/1771/1555 1566/1774/1558 1564/1772/1556 
f 1566/1774/1558 1563/1771/1555 1565/1773/1557 
f 1564/1772/1556 1567/1775/1559 1210/1343/1128 
f 1567/1775/1559 1564/1772/1556 1566/1774/1558 
f 1213/1346/1131 1210/1343/1128 1567/1775/1559 
f 1568/1776/1560 1565/1773/1557 1306/1459/1243 
f 1565/1773/1557 1568/1776/1560 1566/1774/1558 
f 1306/1459/1243 1304/1456/1240 1568/1776/1560 
f 1566/1774/1558 1569/1777/1561 1567/1775/1559 
f 1569/1777/1561 1566/1774/1558 1568/1776/1560 
f 1567/1775/1559 1570/1778/1562 1213/1346/1131 
f 1570/1778/1562 1567/1775/1559 1569/1777/1561 
f 1216/1349/1134 1213/1346/1131 1570/1778/1562 
f 1571/1779/1563 1568/1776/1560 1304/1456/1240 
f 1568/1776/1560 1571/1779/1563 1569/1777/1561 
f 1304/1456/1240 1302/1453/1237 1571/1779/1563 
f 1569/1777/1561 1572/1780/1564 1570/1778/1562 
f 1572/1780/1564 1569/1777/1561 1571/1779/1563 
f 1570/1778/1562 1573/1781/1565 1216/1349/1134 
f 1573/1781/1565 1570/1778/1562 1572/1780/1564 
f 1219/1352/1137 1216/1349/1134 1573/1781/1565 
f 1574/1782/1566 1571/1779/1563 1302/1453/1237 
f 1571/1779/1563 1574/1782/1566 1572/1780/1564 
f 1302/1453/1237 1300/1450/1234 1574/1782/1566 
f 1572/1780/1564 1575/1783/1567 1573/1781/1565 
f 1575/1783/1567 1572/1780/1564 1574/1782/1566 
f 1573/1781/1565 1576/1784/1568 1219/1352/1137 
f 1576/1784/1568 1573/1781/1565 1575/1783/1567 
f 1222/1355/1140 1219/1352/1137 1576/1784/1568 
f 1577/1785/1569 1574/1782/1566 1300/1450/1234 
f 1574/1782/1566 1577/1785/1569 1575/1783/1567 
f 1300/1450/1234 1298/1447/1231 1577/1785/1569 
f 1575/1783/1567 1578/1786/1570 1576/1784/1568 
f 1578/1786/1570 1575/1783/1567 1577/1785/1569 
f 1576/1784/1568 1579/1787/1571 1222/1355/1140 
f 1579/1787/1571 1576/1784/1568 1578/1786/1570 
f 1225/1358/1143 1222/1355/1140 1579/1787/1571 
f 1580/1788/1572 1577/1785/1569 1298/1447/1231 
f 1577/1785/1569 1580/1788/1572 1578/1786/1570 
f 1298/1447/1231 1296/1444/1228 1580/1788/1572 
f 1578/1786/1570 1581/1789/1573 1579/1787/1571 
f 1581/1789/1573 1578/1786/1570 1580/1788/1572 
f 1579/1787/1571 1582/1790/1574 1225/1358/1143 
f 1582/1790/1574 1579/1787/1571 1581/1789/1573 
f 1228/1361/1146 1225/1358/1143 1582/1790/1574 
f 1583/1791/1575 1580/1788/1572 1296/1444/1228 
f 1580/1788/1572 1583/1791/1575 1581/1789/1573 
f 1296/1444/1228 1294/1441/1225 1583/1791/1575 
f 1581/1789/1573 1584/1792/1576 1582/1790/1574 
f 1584/1792/1576 1581/1789/1573 1583/1791/1575 
f 1582/1790/1574 1585/1793/1577 1228/1361/1146 
f 1585/1793/1577 1582/1790/1574 1584/1792/1576 
f 1231/1364/1149 1228/1361/1146 1585/1793/1577 
f 1586/1794/1578 1583/1791/1575 1294/1441/1225 
f 1583/1791/1575 1586/1794/1578 1584/1792/1576 
f 1294/1441/1225 1292/1438/1222 1586/1794/1578 
f 1584/1792/1576 1587/1795/1579 1585/1793/1577 
f 1587/1795/1579 1584/1792/1576 1586/1794/1578 
f 1585/1793/1577 1588/1796/1580 1231/1364/1149 
f 1588/1796/1580 1585/1793/1577 1587/1795/1579 
f 1234/1367/1152 1231/1364/1149 1588/1796/1580 
f 1589/1797/1581 1586/1794/1578 1292/1438/1222 
f 1586/1794/1578 1589/1797/1581 1587/1795/1579 
f 1292/1438/1222 1289/1434/1218 1589/1797/1581 
f 1587/1795/1579 1590/1798/1582 1588/1796/1580 
f 1590/1798/1582 1587/1795/1579 1589/1797/1581 
f 1588/1796/1580 1591/1799/1583 1234/1367/1152 
f 1591/1799/1583 1588/1796/1580 1590/1798/1582 
f 1237/1370/1155 1234/1367/1152 1591/1799/1583 
f 1592/1800/1584 1589/1797/1581 1289/1434/1218 
f 1589/1797/1581 1592/1800/1584 1590/1798/1582 
f 1289/1434/1218 1287/1431/1215 1592/1800/1584 
f 1290/1435/1219 1592/1800/1584 1287/1431/1215 
f 1593/1801/1585 1590/1798/1582 1592/1800/1584 
f 1592/1800/1584 1290/1435/1219 1593/1801/1585 
f 1590/1798/1582 1593/1801/1585 1591/1799/1583 
f 1591/1799/1583 1594/1802/1586 1237/1370/1155 
f 1594/1802/1586 1591/1799/1583 1593/1801/1585 
f 1240/1373/1158 1237/1370/1155 1594/1802/1586 
f 1595/1803/1587 1593/1801/1585 1290/1435/1219 
f 1593/1801/1585 1595/1803/1587 1594/1802/1586 
f 1290/1435/1219 1285/1428/1212 1595/1803/1587 
f 1594/1802/1586 1596/1804/1588 1240/1373/1158 
f 1596/1804/1588 1594/1802/1586 1595/1803/1587 
f 1243/1376/1161 1240/1373/1158 1596/1804/1588 
f 1597/1805/1589 1595/1803/1587 1285/1428/1212 
f 1595/1803/1587 1597/1805/1589 1596/1804/1588 
f 1285/1428/1212 1282/1424/1208 1597/1805/1589 
f 1279/1420/1204 1597/1805/1589 1282/1424/1208 
f 1596/1804/1588 1598/1806/1590 1243/1376/1161 
f 1598/1806/1590 1596/1804/1588 1597/1805/1589 
f 1597/1805/1589 1279/1420/1204 1598/1806/1590 
f 1246/1379/1164 1243/1376/1161 1598/1806/1590 
f 1253/1386/1171 1598/1806/1590 1279/1420/1204 
f 1598/1806/1590 1253/1386/1171 1246/1379/1164 
f 1599/1807/1591 1600/1808/1592 1601/1809/1593 
f 1601/1809/1593 1602/1810/1594 1599/1807/1591 
f 1602/1810/1594 1601/1809/1593 1603/1811/1595 
f 1604/1812/1596 1599/1807/1591 1602/1810/1594 
f 1603/1811/1595 1605/1813/1597 1602/1810/1594 
f 1605/1813/1597 1603/1811/1595 1606/1814/1598 
f 1602/1810/1594 1607/1815/1599 1604/1812/1596 
f 1608/1816/1600 1604/1812/1596 1607/1815/1599 
f 1602/1810/1594 1605/1813/1597 1609/1817/1601 
f 1609/1817/1601 1607/1815/1599 1602/1810/1594 
f 1606/1814/1598 1610/1818/1602 1605/1813/1597 
f 1609/1817/1601 1605/1813/1597 1610/1818/1602 
f 1610/1818/1602 1606/1814/1598 1611/1819/1603 
f 1607/1815/1599 1612/1820/1604 1608/1816/1600 
f 1612/1820/1604 1607/1815/1599 1609/1817/1601 
f 229/1821/1605 1608/1816/1600 1612/1820/1604 
f 1611/1819/1603 1613/1822/1606 1610/1818/1602 
f 1613/1822/1606 1611/1819/1603 1614/1823/1607 
f 1610/1818/1602 1615/1824/1608 1609/1817/1601 
f 1615/1824/1608 1610/1818/1602 1613/1822/1606 
f 1614/1823/1607 1616/1825/1609 1613/1822/1606 
f 1616/1825/1609 1614/1823/1607 1617/1826/1610 
f 1613/1822/1606 1618/1827/1611 1615/1824/1608 
f 1618/1827/1611 1613/1822/1606 1616/1825/1609 
f 1619/1828/1612 1609/1817/1601 1615/1824/1608 
f 1609/1817/1601 1619/1828/1612 1612/1820/1604 
f 1620/1829/1613 1615/1824/1608 1618/1827/1611 
f 1615/1824/1608 1620/1829/1613 1619/1828/1612 
f 1616/1825/1609 1621/1830/1614 1618/1827/1611 
f 1617/1826/1610 1622/1831/1615 1616/1825/1609 
f 1621/1830/1614 1616/1825/1609 1622/1831/1615 
f 1622/1831/1615 1617/1826/1610 1623/1832/1616 
f 1624/1833/1617 1618/1827/1611 1621/1830/1614 
f 1618/1827/1611 1624/1833/1617 1620/1829/1613 
f 1623/1832/1616 1625/1834/1618 1622/1831/1615 
f 1625/1834/1618 1623/1832/1616 1626/1835/1619 
f 1622/1831/1615 1627/1836/1620 1621/1830/1614 
f 1627/1836/1620 1622/1831/1615 1625/1834/1618 
f 1621/1830/1614 1628/1837/1621 1624/1833/1617 
f 1628/1837/1621 1621/1830/1614 1627/1836/1620 
f 1624/1833/1617 1628/1837/1621 245/1838/1622 
f 1627/1836/1620 1629/1839/1623 1628/1837/1621 
f 245/1838/1622 1628/1837/1621 1629/1839/1623 
f 1625/1834/1618 1630/1840/1624 1627/1836/1620 
f 1629/1839/1623 1627/1836/1620 1630/1840/1624 
f 1629/1839/1623 243/1841/1625 245/1838/1622 
f 1630/1840/1624 1625/1834/1618 1631/1842/1626 
f 1626/1835/1619 1631/1842/1626 1625/1834/1618 
f 243/1841/1625 1629/1839/1623 1632/1843/1627 
f 1630/1840/1624 1632/1843/1627 1629/1839/1623 
f 1632/1843/1627 242/1844/1628 243/1841/1625 
f 1631/1842/1626 1633/1845/1629 1630/1840/1624 
f 1632/1843/1627 1630/1840/1624 1633/1845/1629 
f 1634/1846/1630 1631/1842/1626 1626/1835/1619 
f 1633/1845/1629 1631/1842/1626 1634/1846/1630 
f 1626/1835/1619 1635/1847/1631 1634/1846/1630 
f 1634/1846/1630 1635/1847/1631 1636/1848/1632 
f 1633/1845/1629 1637/1849/1633 1632/1843/1627 
f 242/1844/1628 1632/1843/1627 1637/1849/1633 
f 1634/1846/1630 1638/1850/1634 1633/1845/1629 
f 1637/1849/1633 1633/1845/1629 1638/1850/1634 
f 1636/1848/1632 1639/1851/1635 1634/1846/1630 
f 1638/1850/1634 1634/1846/1630 1639/1851/1635 
f 1639/1851/1635 1636/1848/1632 1640/1852/1636 
f 1637/1849/1633 1641/1853/1637 242/1844/1628 
f 240/1854/1638 242/1844/1628 1641/1853/1637 
f 1641/1853/1637 239/1855/1639 240/1854/1638 
f 1638/1850/1634 1642/1856/1640 1637/1849/1633 
f 1641/1853/1637 1637/1849/1633 1642/1856/1640 
f 1639/1851/1635 1643/1857/1641 1638/1850/1634 
f 1642/1856/1640 1638/1850/1634 1643/1857/1641 
f 1640/1852/1636 1644/1858/1642 1639/1851/1635 
f 1643/1857/1641 1639/1851/1635 1644/1858/1642 
f 1644/1858/1642 1640/1852/1636 1645/1859/1643 
f 1642/1856/1640 1646/1860/1644 1641/1853/1637 
f 239/1855/1639 1641/1853/1637 1646/1860/1644 
f 1643/1857/1641 1647/1861/1645 1642/1856/1640 
f 1646/1860/1644 1642/1856/1640 1647/1861/1645 
f 1644/1858/1642 1648/1862/1646 1643/1857/1641 
f 1647/1861/1645 1643/1857/1641 1648/1862/1646 
f 1646/1860/1644 1649/1863/1647 239/1855/1639 
f 238/1864/1648 239/1855/1639 1649/1863/1647 
f 1647/1861/1645 1650/1865/1649 1646/1860/1644 
f 1649/1863/1647 1646/1860/1644 1650/1865/1649 
f 1651/1866/1650 1650/1865/1649 1647/1861/1645 
f 1649/1863/1647 1650/1865/1649 1651/1866/1650 
f 1648/1862/1646 1652/1867/1651 1647/1861/1645 
f 1647/1861/1645 1652/1867/1651 1651/1866/1650 
f 1653/1868/1652 1648/1862/1646 1644/1858/1642 
f 1652/1867/1651 1648/1862/1646 1653/1868/1652 
f 1644/1858/1642 1654/1869/1653 1653/1868/1652 
f 1645/1859/1643 1654/1869/1653 1644/1858/1642 
f 1653/1868/1652 1655/1870/1654 1652/1867/1651 
f 1645/1859/1643 1656/1871/1655 1654/1869/1653 
f 1657/1872/1656 1656/1871/1655 1645/1859/1643 
f 1658/1873/1657 1653/1868/1652 1654/1869/1653 
f 1654/1869/1653 1656/1871/1655 1658/1873/1657 
f 1655/1870/1654 1653/1868/1652 1658/1873/1657 
f 1656/1871/1655 1657/1872/1656 1659/1874/1658 
f 1659/1874/1658 1658/1873/1657 1656/1871/1655 
f 1657/1872/1656 1660/1875/1659 1661/1876/1660 
f 1661/1876/1660 1659/1874/1658 1657/1872/1656 
f 1658/1873/1657 1662/1877/1661 1655/1870/1654 
f 1662/1877/1661 1658/1873/1657 1659/1874/1658 
f 1652/1867/1651 1655/1870/1654 1663/1878/1662 
f 1663/1878/1662 1655/1870/1654 1662/1877/1661 
f 1663/1878/1662 1651/1866/1650 1652/1867/1651 
f 1659/1874/1658 1664/1879/1663 1662/1877/1661 
f 1664/1879/1663 1659/1874/1658 1661/1876/1660 
f 1662/1877/1661 1665/1880/1664 1663/1878/1662 
f 1665/1880/1664 1662/1877/1661 1664/1879/1663 
f 1663/1878/1662 1666/1881/1665 1651/1866/1650 
f 1666/1881/1665 1663/1878/1662 1665/1880/1664 
f 1651/1866/1650 1666/1881/1665 1649/1863/1647 
f 1661/1876/1660 1667/1882/1666 1664/1879/1663 
f 1667/1882/1666 1661/1876/1660 1668/1883/1667 
f 1664/1879/1663 1669/1884/1668 1665/1880/1664 
f 1669/1884/1668 1664/1879/1663 1667/1882/1666 
f 1668/1883/1667 1601/1885/1669 1600/1886/1670 
f 1668/1883/1667 1670/1887/1671 1667/1882/1666 
f 1600/1886/1670 1670/1887/1671 1668/1883/1667 
f 1667/1882/1666 1671/1888/1672 1669/1884/1668 
f 1671/1888/1672 1667/1882/1666 1670/1887/1671 
f 1672/1889/1673 1670/1887/1671 1600/1886/1670 
f 1670/1887/1671 1672/1889/1673 1671/1888/1672 
f 1600/1886/1670 1673/1890/1674 1672/1889/1673 
f 1673/1890/1674 1600/1886/1670 1599/1891/1675 
f 1674/1892/1676 1671/1888/1672 1672/1889/1673 
f 1672/1889/1673 1673/1890/1674 1674/1892/1676 
f 1675/1893/1677 1669/1884/1668 1671/1888/1672 
f 1675/1893/1677 1671/1888/1672 1674/1892/1676 
f 1665/1880/1664 1669/1884/1668 1675/1893/1677 
f 1599/1891/1675 1676/1894/1678 1673/1890/1674 
f 1674/1892/1676 1673/1890/1674 1676/1894/1678 
f 1676/1894/1678 1599/1891/1675 1604/1895/1679 
f 1675/1893/1677 1677/1896/1680 1665/1880/1664 
f 1665/1880/1664 1677/1896/1680 1666/1881/1665 
f 1604/1895/1679 1678/1897/1681 1676/1894/1678 
f 1678/1897/1681 1604/1895/1679 1608/1898/1682 
f 1676/1894/1678 1679/1899/1683 1674/1892/1676 
f 1679/1899/1683 1676/1894/1678 1678/1897/1681 
f 1674/1892/1676 1680/1900/1684 1675/1893/1677 
f 1680/1900/1684 1674/1892/1676 1679/1899/1683 
f 1677/1896/1680 1675/1893/1677 1680/1900/1684 
f 1608/1898/1682 1681/1901/1685 1678/1897/1681 
f 1681/1901/1685 1608/1898/1682 229/1902/1686 
f 229/1902/1686 231/1903/1687 1681/1901/1685 
f 1681/1901/1685 231/1903/1687 234/1904/1688 
f 1682/1905/1689 1678/1897/1681 1681/1901/1685 
f 1678/1897/1681 1682/1905/1689 1679/1899/1683 
f 234/1904/1688 1683/1906/1690 1681/1901/1685 
f 1681/1901/1685 1683/1906/1690 1682/1905/1689 
f 1683/1906/1690 234/1904/1688 236/1907/1691 
f 1684/1908/1692 1679/1899/1683 1682/1905/1689 
f 1679/1899/1683 1684/1908/1692 1680/1900/1684 
f 1685/1909/1693 1682/1905/1689 1683/1906/1690 
f 1682/1905/1689 1685/1909/1693 1684/1908/1692 
f 236/1907/1691 1686/1910/1694 1683/1906/1690 
f 1683/1906/1690 1686/1910/1694 1685/1909/1693 
f 1686/1910/1694 236/1907/1691 235/1911/1695 
f 1687/1912/1696 1684/1908/1692 1685/1909/1693 
f 1680/1900/1684 1684/1908/1692 1687/1912/1696 
f 1688/1913/1697 1685/1909/1693 1686/1910/1694 
f 1685/1909/1693 1688/1913/1697 1687/1912/1696 
f 235/1911/1695 1689/1914/1698 1686/1910/1694 
f 1686/1910/1694 1689/1914/1698 1688/1913/1697 
f 1689/1914/1698 235/1911/1695 238/1864/1648 
f 1687/1912/1696 1690/1915/1699 1680/1900/1684 
f 1680/1900/1684 1690/1915/1699 1677/1896/1680 
f 1690/1915/1699 1687/1912/1696 1691/1916/1700 
f 1691/1916/1700 1677/1896/1680 1690/1915/1699 
f 1691/1916/1700 1687/1912/1696 1688/1913/1697 
f 1677/1896/1680 1691/1916/1700 1692/1917/1701 
f 1688/1913/1697 1692/1917/1701 1691/1916/1700 
f 1692/1917/1701 1688/1913/1697 1689/1914/1698 
f 1692/1917/1701 1666/1881/1665 1677/1896/1680 
f 1689/1914/1698 1693/1918/1702 1692/1917/1701 
f 1666/1881/1665 1692/1917/1701 1693/1918/1702 
f 238/1864/1648 1693/1918/1702 1689/1914/1698 
f 1693/1918/1702 1649/1863/1647 1666/1881/1665 
f 1649/1863/1647 1693/1918/1702 238/1864/1648 
f 1694/932/1703 1695/931/716 1696/930/1704 
f 1696/930/1704 1697/933/1705 1694/932/1703 
f 1697/933/1705 1696/930/1704 1698/935/1706 
f 1699/934/1707 1694/932/1703 1697/933/1705 
f 1698/935/1706 1700/937/722 1701/936/1708 
f 1698/935/1706 1702/938/1709 1697/933/1705 
f 1701/936/1708 1702/938/1709 1698/935/1706 
f 1697/933/1705 1703/939/1710 1699/934/1707 
f 1703/939/1710 1697/933/1705 1702/938/1709 
f 1704/940/1711 1702/938/1709 1701/936/1708 
f 1702/938/1709 1704/940/1711 1703/939/1710 
f 1701/936/1708 1705/941/1712 1704/940/1711 
f 1699/934/1707 1703/939/1710 1706/942/1713 
f 1706/942/1713 1703/939/1710 1704/940/1711 
f 1706/942/1713 1707/943/1714 1699/934/1707 
f 1708/946/1715 1707/943/1714 1706/942/1713 
f 1709/944/1716 1704/940/1711 1705/941/1712 
f 1704/940/1711 1709/944/1716 1706/942/1713 
f 1705/941/1712 1710/945/1717 1709/944/1716 
f 1706/942/1713 1711/949/1718 1708/946/1715 
f 1711/949/1718 1706/942/1713 1709/944/1716 
f 1712/947/1719 1709/944/1716 1710/945/1717 
f 1709/944/1716 1712/947/1719 1711/949/1718 
f 1710/945/1717 1713/948/1720 1712/947/1719 
f 1708/946/1715 1711/949/1718 1714/952/1721 
f 1714/952/1721 1711/949/1718 1712/947/1719 
f 1714/952/1721 1715/953/1722 1708/946/1715 
f 1716/954/1723 1715/953/1722 1714/952/1721 
f 1717/950/1724 1712/947/1719 1713/948/1720 
f 1712/947/1719 1717/950/1724 1714/952/1721 
f 1713/948/1720 1718/951/1725 1717/950/1724 
f 1714/952/1721 1719/955/1726 1716/954/1723 
f 1719/955/1726 1714/952/1721 1717/950/1724 
f 1720/956/1727 1717/950/1724 1718/951/1725 
f 1717/950/1724 1720/956/1727 1719/955/1726 
f 1718/951/1725 1721/957/1728 1720/956/1727 
f 1716/954/1723 1719/955/1726 1722/958/1729 
f 1722/958/1729 1719/955/1726 1720/956/1727 
f 1722/958/1729 1723/959/1730 1716/954/1723 
f 1695/960/1731 1723/959/1730 1722/958/1729 
f 1722/958/1729 1696/961/1732 1695/960/1731 
f 1724/962/1733 1720/956/1727 1721/957/1728 
f 1720/956/1727 1724/962/1733 1722/958/1729 
f 1696/961/1732 1722/958/1729 1724/962/1733 
f 1721/957/1728 1725/963/1734 1724/962/1733 
f 1724/962/1733 1698/964/1735 1696/961/1732 
f 1698/964/1735 1724/962/1733 1725/963/1734 
f 1725/963/1734 1700/965/1736 1698/964/1735 
f 1726/1807/1591 1727/1808/1592 1728/1809/1593 
f 1728/1809/1593 1729/1810/1594 1726/1807/1591 
f 1729/1810/1594 1728/1809/1593 1730/1811/1595 
f 1731/1812/1596 1726/1807/1591 1729/1810/1594 
f 1730/1811/1595 1732/1813/1597 1729/1810/1594 
f 1732/1813/1597 1730/1811/1595 1733/1814/1737 
f 1729/1810/1594 1734/1815/1599 1731/1812/1596 
f 1735/1816/1600 1731/1812/1596 1734/1815/1599 
f 1729/1810/1594 1732/1813/1597 1736/1817/1601 
f 1736/1817/1601 1734/1815/1599 1729/1810/1594 
f 1733/1814/1737 1737/1818/1738 1732/1813/1597 
f 1736/1817/1601 1732/1813/1597 1737/1818/1738 
f 1737/1818/1738 1733/1814/1737 1738/1819/1739 
f 1734/1815/1599 1739/1820/1604 1735/1816/1600 
f 1739/1820/1604 1734/1815/1599 1736/1817/1601 
f 247/1821/1740 1735/1816/1600 1739/1820/1604 
f 1738/1819/1739 1740/1822/1741 1737/1818/1738 
f 1740/1822/1741 1738/1819/1739 1741/1823/1607 
f 1737/1818/1738 1742/1824/1742 1736/1817/1601 
f 1742/1824/1742 1737/1818/1738 1740/1822/1741 
f 1741/1823/1607 1743/1825/1609 1740/1822/1741 
f 1743/1825/1609 1741/1823/1607 1744/1826/1610 
f 1740/1822/1741 1745/1827/1743 1742/1824/1742 
f 1745/1827/1743 1740/1822/1741 1743/1825/1609 
f 1746/1828/1612 1736/1817/1601 1742/1824/1742 
f 1736/1817/1601 1746/1828/1612 1739/1820/1604 
f 1747/1829/1744 1742/1824/1742 1745/1827/1743 
f 1742/1824/1742 1747/1829/1744 1746/1828/1612 
f 1743/1825/1609 1748/1830/1745 1745/1827/1743 
f 1744/1826/1610 1749/1831/1615 1743/1825/1609 
f 1748/1830/1745 1743/1825/1609 1749/1831/1615 
f 1749/1831/1615 1744/1826/1610 1750/1832/1616 
f 1751/1833/1746 1745/1827/1743 1748/1830/1745 
f 1745/1827/1743 1751/1833/1746 1747/1829/1744 
f 1750/1832/1616 1752/1834/1747 1749/1831/1615 
f 1752/1834/1747 1750/1832/1616 1753/1835/1619 
f 1749/1831/1615 1754/1836/1748 1748/1830/1745 
f 1754/1836/1748 1749/1831/1615 1752/1834/1747 
f 1748/1830/1745 1755/1837/1749 1751/1833/1746 
f 1755/1837/1749 1748/1830/1745 1754/1836/1748 
f 1751/1833/1746 1755/1837/1749 263/1838/1750 
f 1754/1836/1748 1756/1839/1623 1755/1837/1749 
f 263/1838/1750 1755/1837/1749 1756/1839/1623 
f 1752/1834/1747 1757/1840/1751 1754/1836/1748 
f 1756/1839/1623 1754/1836/1748 1757/1840/1751 
f 1756/1839/1623 261/1841/1625 263/1838/1750 
f 1757/1840/1751 1752/1834/1747 1758/1842/1752 
f 1753/1835/1619 1758/1842/1752 1752/1834/1747 
f 261/1841/1625 1756/1839/1623 1759/1843/1627 
f 1757/1840/1751 1759/1843/1627 1756/1839/1623 
f 1759/1843/1627 260/1844/1628 261/1841/1625 
f 1758/1842/1752 1760/1845/1629 1757/1840/1751 
f 1759/1843/1627 1757/1840/1751 1760/1845/1629 
f 1761/1846/1753 1758/1842/1752 1753/1835/1619 
f 1760/1845/1629 1758/1842/1752 1761/1846/1753 
f 1753/1835/1619 1762/1847/1631 1761/1846/1753 
f 1761/1846/1753 1762/1847/1631 1763/1848/1754 
f 1760/1845/1629 1764/1849/1633 1759/1843/1627 
f 260/1844/1628 1759/1843/1627 1764/1849/1633 
f 1761/1846/1753 1765/1850/1755 1760/1845/1629 
f 1764/1849/1633 1760/1845/1629 1765/1850/1755 
f 1763/1848/1754 1766/1851/1756 1761/1846/1753 
f 1765/1850/1755 1761/1846/1753 1766/1851/1756 
f 1766/1851/1756 1763/1848/1754 1767/1852/1757 
f 1764/1849/1633 1768/1853/1637 260/1844/1628 
f 258/1854/1638 260/1844/1628 1768/1853/1637 
f 1768/1853/1637 257/1855/1639 258/1854/1638 
f 1765/1850/1755 1769/1856/1758 1764/1849/1633 
f 1768/1853/1637 1764/1849/1633 1769/1856/1758 
f 1766/1851/1756 1770/1857/1759 1765/1850/1755 
f 1769/1856/1758 1765/1850/1755 1770/1857/1759 
f 1767/1852/1757 1771/1858/1760 1766/1851/1756 
f 1770/1857/1759 1766/1851/1756 1771/1858/1760 
f 1771/1858/1760 1767/1852/1757 1772/1859/1643 
f 1769/1856/1758 1773/1860/1644 1768/1853/1637 
f 257/1855/1639 1768/1853/1637 1773/1860/1644 
f 1770/1857/1759 1774/1861/1645 1769/1856/1758 
f 1773/1860/1644 1769/1856/1758 1774/1861/1645 
f 1771/1858/1760 1775/1862/1646 1770/1857/1759 
f 1774/1861/1645 1770/1857/1759 1775/1862/1646 
f 1773/1860/1644 1776/1863/1647 257/1855/1639 
f 256/1864/1761 257/1855/1639 1776/1863/1647 
f 1774/1861/1645 1777/1865/1649 1773/1860/1644 
f 1776/1863/1647 1773/1860/1644 1777/1865/1649 
f 1778/1866/1650 1777/1865/1649 1774/1861/1645 
f 1776/1863/1647 1777/1865/1649 1778/1866/1650 
f 1775/1862/1646 1779/1867/1651 1774/1861/1645 
f 1774/1861/1645 1779/1867/1651 1778/1866/1650 
f 1780/1868/1652 1775/1862/1646 1771/1858/1760 
f 1779/1867/1651 1775/1862/1646 1780/1868/1652 
f 1771/1858/1760 1781/1869/1653 1780/1868/1652 
f 1772/1859/1643 1781/1869/1653 1771/1858/1760 
f 1780/1868/1652 1782/1870/1654 1779/1867/1651 
f 1772/1859/1643 1783/1871/1655 1781/1869/1653 
f 1784/1872/1656 1783/1871/1655 1772/1859/1643 
f 1785/1873/1657 1780/1868/1652 1781/1869/1653 
f 1781/1869/1653 1783/1871/1655 1785/1873/1657 
f 1782/1870/1654 1780/1868/1652 1785/1873/1657 
f 1783/1871/1655 1784/1872/1656 1786/1874/1658 
f 1786/1874/1658 1785/1873/1657 1783/1871/1655 
f 1784/1872/1656 1787/1875/1659 1788/1876/1660 
f 1788/1876/1660 1786/1874/1658 1784/1872/1656 
f 1785/1873/1657 1789/1877/1661 1782/1870/1654 
f 1789/1877/1661 1785/1873/1657 1786/1874/1658 
f 1779/1867/1651 1782/1870/1654 1790/1878/1762 
f 1790/1878/1762 1782/1870/1654 1789/1877/1661 
f 1790/1878/1762 1778/1866/1650 1779/1867/1651 
f 1786/1874/1658 1791/1879/1663 1789/1877/1661 
f 1791/1879/1663 1786/1874/1658 1788/1876/1660 
f 1789/1877/1661 1792/1880/1664 1790/1878/1762 
f 1792/1880/1664 1789/1877/1661 1791/1879/1663 
f 1790/1878/1762 1793/1881/1665 1778/1866/1650 
f 1793/1881/1665 1790/1878/1762 1792/1880/1664 
f 1778/1866/1650 1793/1881/1665 1776/1863/1647 
f 1788/1876/1660 1794/1882/1666 1791/1879/1663 
f 1794/1882/1666 1788/1876/1660 1795/1883/1667 
f 1791/1879/1663 1796/1884/1668 1792/1880/1664 
f 1796/1884/1668 1791/1879/1663 1794/1882/1666 
f 1795/1883/1667 1728/1885/1669 1727/1886/1763 
f 1795/1883/1667 1797/1887/1671 1794/1882/1666 
f 1727/1886/1763 1797/1887/1671 1795/1883/1667 
f 1794/1882/1666 1798/1888/1672 1796/1884/1668 
f 1798/1888/1672 1794/1882/1666 1797/1887/1671 
f 1799/1889/1764 1797/1887/1671 1727/1886/1763 
f 1797/1887/1671 1799/1889/1764 1798/1888/1672 
f 1727/1886/1763 1800/1890/1765 1799/1889/1764 
f 1800/1890/1765 1727/1886/1763 1726/1891/1766 
f 1801/1892/1767 1798/1888/1672 1799/1889/1764 
f 1799/1889/1764 1800/1890/1765 1801/1892/1767 
f 1802/1893/1677 1796/1884/1668 1798/1888/1672 
f 1802/1893/1677 1798/1888/1672 1801/1892/1767 
f 1792/1880/1664 1796/1884/1668 1802/1893/1677 
f 1726/1891/1766 1803/1894/1768 1800/1890/1765 
f 1801/1892/1767 1800/1890/1765 1803/1894/1768 
f 1803/1894/1768 1726/1891/1766 1731/1895/1679 
f 1802/1893/1677 1804/1896/1680 1792/1880/1664 
f 1792/1880/1664 1804/1896/1680 1793/1881/1665 
f 1731/1895/1679 1805/1897/1681 1803/1894/1768 
f 1805/1897/1681 1731/1895/1679 1735/1898/1682 
f 1803/1894/1768 1806/1899/1769 1801/1892/1767 
f 1806/1899/1769 1803/1894/1768 1805/1897/1681 
f 1801/1892/1767 1807/1900/1770 1802/1893/1677 
f 1807/1900/1770 1801/1892/1767 1806/1899/1769 
f 1804/1896/1680 1802/1893/1677 1807/1900/1770 
f 1735/1898/1682 1808/1901/1685 1805/1897/1681 
f 1808/1901/1685 1735/1898/1682 247/1902/1686 
f 247/1902/1686 249/1903/1687 1808/1901/1685 
f 1808/1901/1685 249/1903/1687 252/1904/1688 
f 1809/1905/1689 1805/1897/1681 1808/1901/1685 
f 1805/1897/1681 1809/1905/1689 1806/1899/1769 
f 252/1904/1688 1810/1906/1690 1808/1901/1685 
f 1808/1901/1685 1810/1906/1690 1809/1905/1689 
f 1810/1906/1690 252/1904/1688 254/1907/1691 
f 1811/1908/1771 1806/1899/1769 1809/1905/1689 
f 1806/1899/1769 1811/1908/1771 1807/1900/1770 
f 1812/1909/1693 1809/1905/1689 1810/1906/1690 
f 1809/1905/1689 1812/1909/1693 1811/1908/1771 
f 254/1907/1691 1813/1910/1694 1810/1906/1690 
f 1810/1906/1690 1813/1910/1694 1812/1909/1693 
f 1813/1910/1694 254/1907/1691 253/1911/1772 
f 1814/1912/1696 1811/1908/1771 1812/1909/1693 
f 1807/1900/1770 1811/1908/1771 1814/1912/1696 
f 1815/1913/1773 1812/1909/1693 1813/1910/1694 
f 1812/1909/1693 1815/1913/1773 1814/1912/1696 
f 253/1911/1772 1816/1914/1774 1813/1910/1694 
f 1813/1910/1694 1816/1914/1774 1815/1913/1773 
f 1816/1914/1774 253/1911/1772 256/1864/1761 
f 1814/1912/1696 1817/1915/1699 1807/1900/1770 
f 1807/1900/1770 1817/1915/1699 1804/1896/1680 
f 1817/1915/1699 1814/1912/1696 1818/1916/1700 
f 1818/1916/1700 1804/1896/1680 1817/1915/1699 
f 1818/1916/1700 1814/1912/1696 1815/1913/1773 
f 1804/1896/1680 1818/1916/1700 1819/1917/1775 
f 1815/1913/1773 1819/1917/1775 1818/1916/1700 
f 1819/1917/1775 1815/1913/1773 1816/1914/1774 
f 1819/1917/1775 1793/1881/1665 1804/1896/1680 
f 1816/1914/1774 1820/1918/1776 1819/1917/1775 
f 1793/1881/1665 1819/1917/1775 1820/1918/1776 
f 256/1864/1761 1820/1918/1776 1816/1914/1774 
f 1820/1918/1776 1776/1863/1647 1793/1881/1665 
f 1776/1863/1647 1820/1918/1776 256/1864/1761 
f 1821/966/1777 1822/967/1778 1823/968/753 
f 1823/968/753 1824/969/754 1821/966/1777 
f 1824/969/754 1823/968/753 1825/970/1779 
f 1826/971/1780 1821/966/1777 1824/969/754 
f 1825/970/1779 1827/972/1781 1828/973/1782 
f 1825/970/1779 1829/974/759 1824/969/754 
f 1828/973/1782 1829/974/759 1825/970/1779 
f 1824/969/754 1830/975/1783 1826/971/1780 
f 1830/975/1783 1824/969/754 1829/974/759 
f 1831/976/1784 1829/974/759 1828/973/1782 
f 1829/974/759 1831/976/1784 1830/975/1783 
f 1828/973/1782 1832/977/1785 1831/976/1784 
f 1826/971/1780 1830/975/1783 1833/978/1786 
f 1833/978/1786 1830/975/1783 1831/976/1784 
f 1833/978/1786 1834/979/1787 1826/971/1780 
f 1835/980/1788 1834/979/1787 1833/978/1786 
f 1836/981/1789 1831/976/1784 1832/977/1785 
f 1831/976/1784 1836/981/1789 1833/978/1786 
f 1832/977/1785 1837/982/1790 1836/981/1789 
f 1833/978/1786 1838/983/1791 1835/980/1788 
f 1838/983/1791 1833/978/1786 1836/981/1789 
f 1839/984/1792 1835/980/1788 1838/983/1791 
f 1840/985/1793 1836/981/1789 1837/982/1790 
f 1836/981/1789 1840/985/1793 1838/983/1791 
f 1837/982/1790 1841/986/1794 1840/985/1793 
f 1838/983/1791 1842/987/1795 1839/984/1792 
f 1842/987/1795 1838/983/1791 1840/985/1793 
f 1843/988/1796 1840/985/1793 1841/986/1794 
f 1840/985/1793 1843/988/1796 1842/987/1795 
f 1841/986/1794 1844/989/1797 1843/988/1796 
f 1843/988/1796 1844/989/1797 1845/990/1798 
f 1842/987/1795 1843/988/1796 1846/991/1799 
f 1845/990/1798 1846/991/1799 1843/988/1796 
f 1839/984/1792 1842/987/1795 1847/992/1800 
f 1846/991/1799 1847/992/1800 1842/987/1795 
f 1847/992/1800 1848/993/1801 1839/984/1792 
f 1849/994/1802 1848/993/1801 1847/992/1800 
f 1850/995/1803 1846/991/1799 1845/990/1798 
f 1847/992/1800 1846/991/1799 1850/995/1803 
f 1845/990/1798 1851/996/1804 1850/995/1803 
f 1847/992/1800 1852/997/1805 1849/994/1802 
f 1850/995/1803 1852/997/1805 1847/992/1800 
f 1853/998/1806 1849/994/1802 1852/997/1805 
f 1850/995/1803 1851/996/1804 1854/999/1807 
f 1852/997/1805 1855/1000/1808 1853/998/1806 
f 1855/1000/1808 1852/997/1805 1850/995/1803 
f 1856/1001/1809 1853/998/1806 1855/1000/1808 
f 1854/999/1807 1857/1002/1810 1850/995/1803 
f 1850/995/1803 1857/1002/1810 1855/1000/1808 
f 1855/1000/1808 1858/1003/1811 1856/1001/1809 
f 1858/1003/1811 1855/1000/1808 1857/1002/1810 
f 1859/1004/1812 1857/1002/1810 1854/999/1807 
f 1857/1002/1810 1859/1004/1812 1858/1003/1811 
f 1854/999/1807 1860/1005/1813 1859/1004/1812 
f 1856/1001/1809 1858/1003/1811 1861/1006/1814 
f 1861/1006/1814 1858/1003/1811 1859/1004/1812 
f 1861/1006/1814 1862/1007/792 1856/1001/1809 
f 1863/1008/1815 1862/1007/792 1861/1006/1814 
f 1864/1009/1816 1859/1004/1812 1860/1005/1813 
f 1859/1004/1812 1864/1009/1816 1861/1006/1814 
f 1860/1005/1813 1865/1010/795 1864/1009/1816 
f 1864/1009/1816 1865/1010/795 1866/1011/1817 
f 1861/1006/1814 1867/1012/1818 1863/1008/1815 
f 1867/1012/1818 1861/1006/1814 1864/1009/1816 
f 1866/1011/1817 1868/1013/1819 1864/1009/1816 
f 1864/1009/1816 1868/1013/1819 1867/1012/1818 
f 1868/1013/1819 1866/1011/1817 1869/1014/1820 
f 1869/1014/1820 1870/1015/1821 1868/1013/1819 
f 1867/1012/1818 1868/1013/1819 1870/1015/1821 
f 1870/1015/1821 1869/1014/1820 1827/1016/1822 
f 1827/1016/1822 1825/1017/1823 1870/1015/1821 
f 1870/1015/1821 1871/1018/1824 1867/1012/1818 
f 1871/1018/1824 1870/1015/1821 1825/1017/1823 
f 1863/1008/1815 1867/1012/1818 1871/1018/1824 
f 1825/1017/1823 1823/1019/1825 1871/1018/1824 
f 1871/1018/1824 1872/1020/1826 1863/1008/1815 
f 1871/1018/1824 1823/1019/1825 1822/1021/1827 
f 1822/1021/1827 1872/1020/1826 1871/1018/1824 
f 1828/1022/1828 1827/1023/1829 1873/1024/809 
f 1873/1024/809 1874/1025/810 1828/1022/1828 
f 1874/1025/810 1873/1024/809 1875/1026/811 
f 1832/1027/812 1828/1022/1828 1874/1025/810 
f 1875/1026/811 1822/1028/813 1821/1029/814 
f 1875/1026/811 1876/1030/815 1874/1025/810 
f 1821/1029/814 1876/1030/815 1875/1026/811 
f 1874/1025/810 1877/1031/1830 1832/1027/812 
f 1877/1031/1830 1874/1025/810 1876/1030/815 
f 1878/1032/817 1876/1030/815 1821/1029/814 
f 1876/1030/815 1878/1032/817 1877/1031/1830 
f 1821/1029/814 1826/1033/1831 1878/1032/817 
f 1878/1032/817 1826/1033/1831 1834/1034/1832 
f 1832/1027/812 1877/1031/1830 1879/1035/1833 
f 1879/1035/1833 1877/1031/1830 1878/1032/817 
f 1879/1035/1833 1837/1036/1834 1832/1027/812 
f 1841/1037/1835 1837/1036/1834 1879/1035/1833 
f 1834/1034/1832 1880/1038/1836 1878/1032/817 
f 1878/1032/817 1880/1038/1836 1879/1035/1833 
f 1881/1039/1837 1880/1038/1836 1834/1034/1832 
f 1879/1035/1833 1880/1038/1836 1881/1039/1837 
f 1834/1034/1832 1835/1040/1838 1881/1039/1837 
f 1879/1035/1833 1882/1041/1839 1841/1037/1835 
f 1881/1039/1837 1882/1041/1839 1879/1035/1833 
f 1844/1042/1840 1841/1037/1835 1882/1041/1839 
f 1883/1043/1841 1881/1039/1837 1835/1040/1838 
f 1835/1040/1838 1839/1044/1842 1883/1043/1841 
f 1883/1043/1841 1839/1044/1842 1848/1045/1843 
f 1884/1046/1844 1882/1041/1839 1881/1039/1837 
f 1881/1039/1837 1883/1043/1841 1884/1046/1844 
f 1882/1041/1839 1884/1046/1844 1844/1042/1840 
f 1848/1045/1843 1885/1047/1845 1883/1043/1841 
f 1884/1046/1844 1883/1043/1841 1885/1047/1845 
f 1844/1042/1840 1884/1046/1844 1886/1048/1846 
f 1885/1047/1845 1886/1048/1846 1884/1046/1844 
f 1886/1048/1846 1845/1049/1847 1844/1042/1840 
f 1851/1050/1848 1845/1049/1847 1886/1048/1846 
f 1886/1048/1846 1887/1051/1849 1851/1050/1848 
f 1887/1051/1849 1886/1048/1846 1885/1047/1845 
f 1854/1052/837 1851/1050/1848 1887/1051/1849 
f 1888/1053/1850 1885/1047/1845 1848/1045/1843 
f 1885/1047/1845 1888/1053/1850 1887/1051/1849 
f 1848/1045/1843 1849/1054/1851 1888/1053/1850 
f 1888/1053/1850 1849/1054/1851 1853/1055/840 
f 1887/1051/1849 1889/1056/841 1854/1052/837 
f 1889/1056/841 1887/1051/1849 1888/1053/1850 
f 1860/1057/1852 1854/1052/837 1889/1056/841 
f 1853/1055/840 1890/1058/843 1888/1053/1850 
f 1888/1053/1850 1890/1058/843 1889/1056/841 
f 1889/1056/841 1891/1059/1853 1860/1057/1852 
f 1891/1059/1853 1889/1056/841 1890/1058/843 
f 1865/1060/1854 1860/1057/1852 1891/1059/1853 
f 1892/1061/1855 1890/1058/843 1853/1055/840 
f 1890/1058/843 1892/1061/1855 1891/1059/1853 
f 1853/1055/840 1856/1062/1856 1892/1061/1855 
f 1892/1061/1855 1856/1062/1856 1862/1063/1857 
f 1891/1059/1853 1893/1064/1858 1865/1060/1854 
f 1893/1064/1858 1891/1059/1853 1892/1061/1855 
f 1862/1063/1857 1894/1065/1859 1892/1061/1855 
f 1892/1061/1855 1894/1065/1859 1893/1064/1858 
f 1895/1066/1860 1894/1065/1859 1862/1063/1857 
f 1893/1064/1858 1894/1065/1859 1895/1066/1860 
f 1862/1063/1857 1863/1067/1861 1895/1066/1860 
f 1895/1066/1860 1863/1067/1861 1872/1068/1862 
f 1865/1060/1854 1893/1064/1858 1896/1069/1863 
f 1895/1066/1860 1896/1069/1863 1893/1064/1858 
f 1896/1069/1863 1866/1070/1864 1865/1060/1854 
f 1872/1068/1862 1897/1071/856 1895/1066/1860 
f 1896/1069/1863 1895/1066/1860 1897/1071/856 
f 1872/1068/1862 1822/1072/1865 1875/1073/1866 
f 1875/1073/1866 1897/1071/856 1872/1068/1862 
f 1897/1071/856 1875/1073/1866 1873/1074/1867 
f 1866/1070/1864 1896/1069/1863 1898/1075/860 
f 1897/1071/856 1898/1075/860 1896/1069/1863 
f 1873/1074/1867 1898/1075/860 1897/1071/856 
f 1898/1075/860 1869/1076/861 1866/1070/1864 
f 1869/1076/861 1898/1075/860 1873/1074/1867 
f 1873/1074/1867 1827/1077/1868 1869/1076/861 
f 1899/966/1869 1900/967/1778 1901/968/753 
f 1901/968/753 1902/969/1870 1899/966/1869 
f 1902/969/1870 1901/968/753 1903/970/1779 
f 1904/971/1780 1899/966/1869 1902/969/1870 
f 1903/970/1779 1905/972/1781 1906/973/1782 
f 1903/970/1779 1907/974/759 1902/969/1870 
f 1906/973/1782 1907/974/759 1903/970/1779 
f 1902/969/1870 1908/975/1783 1904/971/1780 
f 1908/975/1783 1902/969/1870 1907/974/759 
f 1909/976/1784 1907/974/759 1906/973/1782 
f 1907/974/759 1909/976/1784 1908/975/1783 
f 1906/973/1782 1910/977/1785 1909/976/1784 
f 1904/971/1780 1908/975/1783 1911/978/1786 
f 1911/978/1786 1908/975/1783 1909/976/1784 
f 1911/978/1786 1912/979/1787 1904/971/1780 
f 1913/980/1871 1912/979/1787 1911/978/1786 
f 1914/981/1789 1909/976/1784 1910/977/1785 
f 1909/976/1784 1914/981/1789 1911/978/1786 
f 1910/977/1785 1915/982/1790 1914/981/1789 
f 1911/978/1786 1916/983/1791 1913/980/1871 
f 1916/983/1791 1911/978/1786 1914/981/1789 
f 1917/984/1792 1913/980/1871 1916/983/1791 
f 1918/985/1793 1914/981/1789 1915/982/1790 
f 1914/981/1789 1918/985/1793 1916/983/1791 
f 1915/982/1790 1919/986/1794 1918/985/1793 
f 1916/983/1791 1920/987/1795 1917/984/1792 
f 1920/987/1795 1916/983/1791 1918/985/1793 
f 1921/988/1796 1918/985/1793 1919/986/1794 
f 1918/985/1793 1921/988/1796 1920/987/1795 
f 1919/986/1794 1922/989/1797 1921/988/1796 
f 1921/988/1796 1922/989/1797 1923/990/1798 
f 1920/987/1795 1921/988/1796 1924/991/1799 
f 1923/990/1798 1924/991/1799 1921/988/1796 
f 1917/984/1792 1920/987/1795 1925/992/1800 
f 1924/991/1799 1925/992/1800 1920/987/1795 
f 1925/992/1800 1926/993/1801 1917/984/1792 
f 1927/994/1802 1926/993/1801 1925/992/1800 
f 1928/995/1803 1924/991/1799 1923/990/1798 
f 1925/992/1800 1924/991/1799 1928/995/1803 
f 1923/990/1798 1929/996/1804 1928/995/1803 
f 1925/992/1800 1930/997/1872 1927/994/1802 
f 1928/995/1803 1930/997/1872 1925/992/1800 
f 1931/998/1873 1927/994/1802 1930/997/1872 
f 1928/995/1803 1929/996/1804 1932/999/1807 
f 1930/997/1872 1933/1000/1808 1931/998/1873 
f 1933/1000/1808 1930/997/1872 1928/995/1803 
f 1934/1001/1809 1931/998/1873 1933/1000/1808 
f 1932/999/1807 1935/1002/1810 1928/995/1803 
f 1928/995/1803 1935/1002/1810 1933/1000/1808 
f 1933/1000/1808 1936/1003/1811 1934/1001/1809 
f 1936/1003/1811 1933/1000/1808 1935/1002/1810 
f 1937/1004/1812 1935/1002/1810 1932/999/1807 
f 1935/1002/1810 1937/1004/1812 1936/1003/1811 
f 1932/999/1807 1938/1005/1813 1937/1004/1812 
f 1934/1001/1809 1936/1003/1811 1939/1006/1814 
f 1939/1006/1814 1936/1003/1811 1937/1004/1812 
f 1939/1006/1814 1940/1007/1874 1934/1001/1809 
f 1941/1008/1815 1940/1007/1874 1939/1006/1814 
f 1942/1009/1816 1937/1004/1812 1938/1005/1813 
f 1937/1004/1812 1942/1009/1816 1939/1006/1814 
f 1938/1005/1813 1943/1010/795 1942/1009/1816 
f 1942/1009/1816 1943/1010/795 1944/1011/1817 
f 1939/1006/1814 1945/1012/1818 1941/1008/1815 
f 1945/1012/1818 1939/1006/1814 1942/1009/1816 
f 1944/1011/1817 1946/1013/1819 1942/1009/1816 
f 1942/1009/1816 1946/1013/1819 1945/1012/1818 
f 1946/1013/1819 1944/1011/1817 1947/1014/1820 
f 1947/1014/1820 1948/1015/1821 1946/1013/1819 
f 1945/1012/1818 1946/1013/1819 1948/1015/1821 
f 1948/1015/1821 1947/1014/1820 1905/1016/1822 
f 1905/1016/1822 1903/1017/1823 1948/1015/1821 
f 1948/1015/1821 1949/1018/1824 1945/1012/1818 
f 1949/1018/1824 1948/1015/1821 1903/1017/1823 
f 1941/1008/1815 1945/1012/1818 1949/1018/1824 
f 1903/1017/1823 1901/1019/1825 1949/1018/1824 
f 1949/1018/1824 1950/1020/1826 1941/1008/1815 
f 1949/1018/1824 1901/1019/1825 1900/1021/1827 
f 1900/1021/1827 1950/1020/1826 1949/1018/1824 
f 1906/1022/1828 1905/1023/1829 1951/1024/809 
f 1951/1024/809 1952/1025/810 1906/1022/1828 
f 1952/1025/810 1951/1024/809 1953/1026/811 
f 1910/1027/812 1906/1022/1828 1952/1025/810 
f 1953/1026/811 1900/1028/813 1899/1029/814 
f 1953/1026/811 1954/1030/815 1952/1025/810 
f 1899/1029/814 1954/1030/815 1953/1026/811 
f 1952/1025/810 1955/1031/1830 1910/1027/812 
f 1955/1031/1830 1952/1025/810 1954/1030/815 
f 1956/1032/817 1954/1030/815 1899/1029/814 
f 1954/1030/815 1956/1032/817 1955/1031/1830 
f 1899/1029/814 1904/1033/1831 1956/1032/817 
f 1956/1032/817 1904/1033/1831 1912/1034/1832 
f 1910/1027/812 1955/1031/1830 1957/1035/1833 
f 1957/1035/1833 1955/1031/1830 1956/1032/817 
f 1957/1035/1833 1915/1036/1834 1910/1027/812 
f 1919/1037/1875 1915/1036/1834 1957/1035/1833 
f 1912/1034/1832 1958/1038/1876 1956/1032/817 
f 1956/1032/817 1958/1038/1876 1957/1035/1833 
f 1959/1039/1877 1958/1038/1876 1912/1034/1832 
f 1957/1035/1833 1958/1038/1876 1959/1039/1877 
f 1912/1034/1832 1913/1040/1878 1959/1039/1877 
f 1957/1035/1833 1960/1041/1839 1919/1037/1875 
f 1959/1039/1877 1960/1041/1839 1957/1035/1833 
f 1922/1042/1879 1919/1037/1875 1960/1041/1839 
f 1961/1043/1841 1959/1039/1877 1913/1040/1878 
f 1913/1040/1878 1917/1044/1880 1961/1043/1841 
f 1961/1043/1841 1917/1044/1880 1926/1045/1843 
f 1962/1046/1844 1960/1041/1839 1959/1039/1877 
f 1959/1039/1877 1961/1043/1841 1962/1046/1844 
f 1960/1041/1839 1962/1046/1844 1922/1042/1879 
f 1926/1045/1843 1963/1047/1845 1961/1043/1841 
f 1962/1046/1844 1961/1043/1841 1963/1047/1845 
f 1922/1042/1879 1962/1046/1844 1964/1048/1846 
f 1963/1047/1845 1964/1048/1846 1962/1046/1844 
f 1964/1048/1846 1923/1049/1847 1922/1042/1879 
f 1929/1050/1848 1923/1049/1847 1964/1048/1846 
f 1964/1048/1846 1965/1051/1849 1929/1050/1848 
f 1965/1051/1849 1964/1048/1846 1963/1047/1845 
f 1932/1052/837 1929/1050/1848 1965/1051/1849 
f 1966/1053/1850 1963/1047/1845 1926/1045/1843 
f 1963/1047/1845 1966/1053/1850 1965/1051/1849 
f 1926/1045/1843 1927/1054/1851 1966/1053/1850 
f 1966/1053/1850 1927/1054/1851 1931/1055/840 
f 1965/1051/1849 1967/1056/841 1932/1052/837 
f 1967/1056/841 1965/1051/1849 1966/1053/1850 
f 1938/1057/1852 1932/1052/837 1967/1056/841 
f 1931/1055/840 1968/1058/843 1966/1053/1850 
f 1966/1053/1850 1968/1058/843 1967/1056/841 
f 1967/1056/841 1969/1059/1853 1938/1057/1852 
f 1969/1059/1853 1967/1056/841 1968/1058/843 
f 1943/1060/1854 1938/1057/1852 1969/1059/1853 
f 1970/1061/1855 1968/1058/843 1931/1055/840 
f 1968/1058/843 1970/1061/1855 1969/1059/1853 
f 1931/1055/840 1934/1062/1856 1970/1061/1855 
f 1970/1061/1855 1934/1062/1856 1940/1063/1857 
f 1969/1059/1853 1971/1064/1858 1943/1060/1854 
f 1971/1064/1858 1969/1059/1853 1970/1061/1855 
f 1940/1063/1857 1972/1065/1859 1970/1061/1855 
f 1970/1061/1855 1972/1065/1859 1971/1064/1858 
f 1973/1066/1881 1972/1065/1859 1940/1063/1857 
f 1971/1064/1858 1972/1065/1859 1973/1066/1881 
f 1940/1063/1857 1941/1067/1882 1973/1066/1881 
f 1973/1066/1881 1941/1067/1882 1950/1068/1883 
f 1943/1060/1854 1971/1064/1858 1974/1069/1863 
f 1973/1066/1881 1974/1069/1863 1971/1064/1858 
f 1974/1069/1863 1944/1070/1864 1943/1060/1854 
f 1950/1068/1883 1975/1071/856 1973/1066/1881 
f 1974/1069/1863 1973/1066/1881 1975/1071/856 
f 1950/1068/1883 1900/1072/1865 1953/1073/1866 
f 1953/1073/1866 1975/1071/856 1950/1068/1883 
f 1975/1071/856 1953/1073/1866 1951/1074/1867 
f 1944/1070/1864 1974/1069/1863 1976/1075/860 
f 1975/1071/856 1976/1075/860 1974/1069/1863 
f 1951/1074/1867 1976/1075/860 1975/1071/856 
f 1976/1075/860 1947/1076/861 1944/1070/1864 
f 1947/1076/861 1976/1075/860 1951/1074/1867 
f 1951/1074/1867 1905/1077/1868 1947/1076/861 
f 1977/966/1884 1978/967/1885 1979/968/1886 
f 1979/968/1886 1980/969/1887 1977/966/1884 
f 1980/969/1887 1979/968/1886 1981/970/1888 
f 1982/971/1889 1977/966/1884 1980/969/1887 
f 1981/970/1888 1983/972/1890 1984/973/1891 
f 1981/970/1888 1985/974/1892 1980/969/1887 
f 1984/973/1891 1985/974/1892 1981/970/1888 
f 1980/969/1887 1986/975/760 1982/971/1889 
f 1986/975/760 1980/969/1887 1985/974/1892 
f 1987/976/1893 1985/974/1892 1984/973/1891 
f 1985/974/1892 1987/976/1893 1986/975/760 
f 1984/973/1891 1988/977/1894 1987/976/1893 
f 1982/971/1889 1986/975/760 1989/978/1895 
f 1989/978/1895 1986/975/760 1987/976/1893 
f 1989/978/1895 1990/979/1896 1982/971/1889 
f 1991/980/1897 1990/979/1896 1989/978/1895 
f 1992/981/1898 1987/976/1893 1988/977/1894 
f 1987/976/1893 1992/981/1898 1989/978/1895 
f 1988/977/1894 1993/982/1899 1992/981/1898 
f 1989/978/1895 1994/983/1900 1991/980/1897 
f 1994/983/1900 1989/978/1895 1992/981/1898 
f 1995/984/1901 1991/980/1897 1994/983/1900 
f 1996/985/1902 1992/981/1898 1993/982/1899 
f 1992/981/1898 1996/985/1902 1994/983/1900 
f 1993/982/1899 1997/986/1903 1996/985/1902 
f 1994/983/1900 1998/987/772 1995/984/1901 
f 1998/987/772 1994/983/1900 1996/985/1902 
f 1999/988/1904 1996/985/1902 1997/986/1903 
f 1996/985/1902 1999/988/1904 1998/987/772 
f 1997/986/1903 2000/989/774 1999/988/1904 
f 1999/988/1904 2000/989/774 2001/990/1905 
f 1998/987/772 1999/988/1904 2002/991/1906 
f 2001/990/1905 2002/991/1906 1999/988/1904 
f 1995/984/1901 1998/987/772 2003/992/1907 
f 2002/991/1906 2003/992/1907 1998/987/772 
f 2003/992/1907 2004/993/1908 1995/984/1901 
f 2005/994/1909 2004/993/1908 2003/992/1907 
f 2006/995/1910 2002/991/1906 2001/990/1905 
f 2003/992/1907 2002/991/1906 2006/995/1910 
f 2001/990/1905 2007/996/1911 2006/995/1910 
f 2003/992/1907 2008/997/1912 2005/994/1909 
f 2006/995/1910 2008/997/1912 2003/992/1907 
f 2009/998/1913 2005/994/1909 2008/997/1912 
f 2006/995/1910 2007/996/1911 2010/999/1914 
f 2008/997/1912 2011/1000/1915 2009/998/1913 
f 2011/1000/1915 2008/997/1912 2006/995/1910 
f 2012/1001/1916 2009/998/1913 2011/1000/1915 
f 2010/999/1914 2013/1002/1917 2006/995/1910 
f 2006/995/1910 2013/1002/1917 2011/1000/1915 
f 2011/1000/1915 2014/1003/788 2012/1001/1916 
f 2014/1003/788 2011/1000/1915 2013/1002/1917 
f 2015/1004/1918 2013/1002/1917 2010/999/1914 
f 2013/1002/1917 2015/1004/1918 2014/1003/788 
f 2010/999/1914 2016/1005/1919 2015/1004/1918 
f 2012/1001/1916 2014/1003/788 2017/1006/1920 
f 2017/1006/1920 2014/1003/788 2015/1004/1918 
f 2017/1006/1920 2018/1007/1921 2012/1001/1916 
f 2019/1008/1815 2018/1007/1921 2017/1006/1920 
f 2020/1009/1922 2015/1004/1918 2016/1005/1919 
f 2015/1004/1918 2020/1009/1922 2017/1006/1920 
f 2016/1005/1919 2021/1010/1923 2020/1009/1922 
f 2020/1009/1922 2021/1010/1923 2022/1011/1817 
f 2017/1006/1920 2023/1012/1818 2019/1008/1815 
f 2023/1012/1818 2017/1006/1920 2020/1009/1922 
f 2022/1011/1817 2024/1013/1819 2020/1009/1922 
f 2020/1009/1922 2024/1013/1819 2023/1012/1818 
f 2024/1013/1819 2022/1011/1817 2025/1014/1820 
f 2025/1014/1820 2026/1015/1821 2024/1013/1819 
f 2023/1012/1818 2024/1013/1819 2026/1015/1821 
f 2026/1015/1821 2025/1014/1820 1983/1016/1924 
f 1983/1016/1924 1981/1017/1925 2026/1015/1821 
f 2026/1015/1821 2027/1018/1824 2023/1012/1818 
f 2027/1018/1824 2026/1015/1821 1981/1017/1925 
f 2019/1008/1815 2023/1012/1818 2027/1018/1824 
f 1981/1017/1925 1979/1019/1926 2027/1018/1824 
f 2027/1018/1824 2028/1020/1927 2019/1008/1815 
f 2027/1018/1824 1979/1019/1926 1978/1021/1928 
f 1978/1021/1928 2028/1020/1927 2027/1018/1824 
f 1984/1022/807 1983/1023/808 2029/1024/1929 
f 2029/1024/1929 2030/1025/810 1984/1022/807 
f 2030/1025/810 2029/1024/1929 2031/1026/811 
f 1988/1027/812 1984/1022/807 2030/1025/810 
f 2031/1026/811 1978/1028/1930 1977/1029/814 
f 2031/1026/811 2032/1030/815 2030/1025/810 
f 1977/1029/814 2032/1030/815 2031/1026/811 
f 2030/1025/810 2033/1031/816 1988/1027/812 
f 2033/1031/816 2030/1025/810 2032/1030/815 
f 2034/1032/1931 2032/1030/815 1977/1029/814 
f 2032/1030/815 2034/1032/1931 2033/1031/816 
f 1977/1029/814 1982/1033/1932 2034/1032/1931 
f 2034/1032/1931 1982/1033/1932 1990/1034/1933 
f 1988/1027/812 2033/1031/816 2035/1035/1934 
f 2035/1035/1934 2033/1031/816 2034/1032/1931 
f 2035/1035/1934 1993/1036/1935 1988/1027/812 
f 1997/1037/1936 1993/1036/1935 2035/1035/1934 
f 1990/1034/1933 2036/1038/1937 2034/1032/1931 
f 2034/1032/1931 2036/1038/1937 2035/1035/1934 
f 2037/1039/1938 2036/1038/1937 1990/1034/1933 
f 2035/1035/1934 2036/1038/1937 2037/1039/1938 
f 1990/1034/1933 1991/1040/1939 2037/1039/1938 
f 2035/1035/1934 2038/1041/1940 1997/1037/1936 
f 2037/1039/1938 2038/1041/1940 2035/1035/1934 
f 2000/1042/1941 1997/1037/1936 2038/1041/1940 
f 2039/1043/1942 2037/1039/1938 1991/1040/1939 
f 1991/1040/1939 1995/1044/1943 2039/1043/1942 
f 2039/1043/1942 1995/1044/1943 2004/1045/1944 
f 2040/1046/1945 2038/1041/1940 2037/1039/1938 
f 2037/1039/1938 2039/1043/1942 2040/1046/1945 
f 2038/1041/1940 2040/1046/1945 2000/1042/1941 
f 2004/1045/1944 2041/1047/832 2039/1043/1942 
f 2040/1046/1945 2039/1043/1942 2041/1047/832 
f 2000/1042/1941 2040/1046/1945 2042/1048/1946 
f 2041/1047/832 2042/1048/1946 2040/1046/1945 
f 2042/1048/1946 2001/1049/1947 2000/1042/1941 
f 2007/1050/1948 2001/1049/1947 2042/1048/1946 
f 2042/1048/1946 2043/1051/1949 2007/1050/1948 
f 2043/1051/1949 2042/1048/1946 2041/1047/832 
f 2010/1052/837 2007/1050/1948 2043/1051/1949 
f 2044/1053/1950 2041/1047/832 2004/1045/1944 
f 2041/1047/832 2044/1053/1950 2043/1051/1949 
f 2004/1045/1944 2005/1054/1951 2044/1053/1950 
f 2044/1053/1950 2005/1054/1951 2009/1055/840 
f 2043/1051/1949 2045/1056/841 2010/1052/837 
f 2045/1056/841 2043/1051/1949 2044/1053/1950 
f 2016/1057/842 2010/1052/837 2045/1056/841 
f 2009/1055/840 2046/1058/843 2044/1053/1950 
f 2044/1053/1950 2046/1058/843 2045/1056/841 
f 2045/1056/841 2047/1059/1952 2016/1057/842 
f 2047/1059/1952 2045/1056/841 2046/1058/843 
f 2021/1060/1953 2016/1057/842 2047/1059/1952 
f 2048/1061/1954 2046/1058/843 2009/1055/840 
f 2046/1058/843 2048/1061/1954 2047/1059/1952 
f 2009/1055/840 2012/1062/1955 2048/1061/1954 
f 2048/1061/1954 2012/1062/1955 2018/1063/1956 
f 2047/1059/1952 2049/1064/1957 2021/1060/1953 
f 2049/1064/1957 2047/1059/1952 2048/1061/1954 
f 2018/1063/1956 2050/1065/1859 2048/1061/1954 
f 2048/1061/1954 2050/1065/1859 2049/1064/1957 
f 2051/1066/1958 2050/1065/1859 2018/1063/1956 
f 2049/1064/1957 2050/1065/1859 2051/1066/1958 
f 2018/1063/1956 2019/1067/1959 2051/1066/1958 
f 2051/1066/1958 2019/1067/1959 2028/1068/1960 
f 2021/1060/1953 2049/1064/1957 2052/1069/1961 
f 2051/1066/1958 2052/1069/1961 2049/1064/1957 
f 2052/1069/1961 2022/1070/1962 2021/1060/1953 
f 2028/1068/1960 2053/1071/1963 2051/1066/1958 
f 2052/1069/1961 2051/1066/1958 2053/1071/1963 
f 2028/1068/1960 1978/1072/857 2031/1073/1964 
f 2031/1073/1964 2053/1071/1963 2028/1068/1960 
f 2053/1071/1963 2031/1073/1964 2029/1074/1965 
f 2022/1070/1962 2052/1069/1961 2054/1075/1966 
f 2053/1071/1963 2054/1075/1966 2052/1069/1961 
f 2029/1074/1965 2054/1075/1966 2053/1071/1963 
f 2054/1075/1966 2025/1076/1967 2022/1070/1962 
f 2025/1076/1967 2054/1075/1966 2029/1074/1965 
f 2029/1074/1965 1983/1077/1968 2025/1076/1967 
f 1636/1919/1969 1635/1920/1970 1626/1921/1971 
f 1626/1921/1971 2055/1922/1972 1636/1919/1969 
f 1640/1923/1973 1636/1919/1969 2055/1922/1972 
f 2056/1924/1974 2055/1922/1972 1626/1921/1971 
f 2055/1922/1972 2056/1924/1974 1640/1923/1973 
f 1626/1921/1971 1623/1925/1975 2056/1924/1974 
f 1645/1926/1976 1640/1923/1973 2056/1924/1974 
f 1660/1927/1977 1657/1928/1978 1645/1926/1976 
f 2056/1924/1974 2057/1929/1979 1645/1926/1976 
f 1645/1926/1976 2057/1929/1979 1660/1927/1977 
f 2058/1930/1980 2057/1929/1979 2056/1924/1974 
f 1660/1927/1977 2057/1929/1979 2059/1931/1981 
f 2057/1929/1979 2058/1930/1980 2059/1931/1981 
f 1661/1932/1982 1660/1927/1977 2059/1931/1981 
f 2056/1924/1974 2060/1933/1983 2058/1930/1980 
f 2060/1933/1983 2056/1924/1974 1623/1925/1975 
f 2058/1930/1980 2060/1933/1983 2059/1931/1981 
f 1668/1934/1984 1661/1932/1982 2059/1931/1981 
f 1601/1935/1985 1668/1934/1984 2059/1931/1981 
f 1603/1936/1986 1601/1935/1985 2059/1931/1981 
f 1606/1937/1987 1603/1936/1986 2059/1931/1981 
f 1611/1938/1988 1606/1937/1987 2059/1931/1981 
f 1614/1939/1989 1611/1938/1988 2059/1931/1981 
f 1617/1940/1990 1614/1939/1989 2059/1931/1981 
f 1623/1925/1975 1617/1940/1990 2059/1931/1981 
f 2061/1941/1991 1623/1925/1975 2059/1931/1981 
f 1623/1925/1975 2061/1941/1991 2060/1933/1983 
f 2060/1933/1983 2061/1941/1991 2059/1931/1981 
f 1763/1919/1992 1762/1920/1970 1753/1921/1971 
f 1753/1921/1971 2062/1922/1993 1763/1919/1992 
f 1767/1923/1994 1763/1919/1992 2062/1922/1993 
f 2063/1924/1995 2062/1922/1993 1753/1921/1971 
f 2062/1922/1993 2063/1924/1995 1767/1923/1994 
f 1753/1921/1971 1750/1925/1975 2063/1924/1995 
f 1772/1926/1996 1767/1923/1994 2063/1924/1995 
f 1787/1927/1997 1784/1928/1978 1772/1926/1996 
f 2063/1924/1995 2064/1929/1998 1772/1926/1996 
f 1772/1926/1996 2064/1929/1998 1787/1927/1997 
f 2065/1930/1999 2064/1929/1998 2063/1924/1995 
f 1787/1927/1997 2064/1929/1998 2066/1931/1981 
f 2064/1929/1998 2065/1930/1999 2066/1931/1981 
f 1788/1932/1982 1787/1927/1997 2066/1931/1981 
f 2063/1924/1995 2067/1933/1983 2065/1930/1999 
f 2067/1933/1983 2063/1924/1995 1750/1925/1975 
f 2065/1930/1999 2067/1933/1983 2066/1931/1981 
f 1795/1934/1984 1788/1932/1982 2066/1931/1981 
f 1728/1935/1985 1795/1934/1984 2066/1931/1981 
f 1730/1936/1986 1728/1935/1985 2066/1931/1981 
f 1733/1937/1987 1730/1936/1986 2066/1931/1981 
f 1738/1938/1988 1733/1937/1987 2066/1931/1981 
f 1741/1939/1989 1738/1938/1988 2066/1931/1981 
f 1744/1940/1990 1741/1939/1989 2066/1931/1981 
f 1750/1925/1975 1744/1940/1990 2066/1931/1981 
f 2068/1941/1991 1750/1925/1975 2066/1931/1981 
f 1750/1925/1975 2068/1941/1991 2067/1933/1983 
f 2067/1933/1983 2068/1941/1991 2066/1931/1981 
f 246/1942/2000 232/1943/2001 230/1944/2002 
f 230/1944/2002 2069/1945/2003 246/1942/2000 
f 2069/1945/2003 230/1944/2002 2070/1946/2004 
f 2070/1946/2004 230/1944/2002 229/1821/1605 
f 246/1942/2000 2069/1945/2003 2071/1947/2005 
f 2071/1947/2005 245/1838/1622 246/1942/2000 
f 245/1838/1622 2071/1947/2005 1624/1833/1617 
f 1620/1829/1613 1624/1833/1617 2071/1947/2005 
f 229/1821/1605 2072/1948/2006 2070/1946/2004 
f 1612/1820/1604 2072/1948/2006 229/1821/1605 
f 2070/1946/2004 2072/1948/2006 1612/1820/1604 
f 2071/1947/2005 2073/1949/2007 1620/1829/1613 
f 1619/1828/1612 1620/1829/1613 2073/1949/2007 
f 2074/1950/2008 2070/1946/2004 1612/1820/1604 
f 1612/1820/1604 1619/1828/1612 2074/1950/2008 
f 2073/1949/2007 2074/1950/2008 1619/1828/1612 
f 2074/1950/2008 2073/1949/2007 2071/1947/2005 
f 2070/1946/2004 2074/1950/2008 2069/1945/2003 
f 2071/1947/2005 2069/1945/2003 2074/1950/2008 
f 264/1942/2000 250/1943/2001 248/1944/2009 
f 248/1944/2009 2075/1945/2010 264/1942/2000 
f 2075/1945/2010 248/1944/2009 2076/1946/2011 
f 2076/1946/2011 248/1944/2009 247/1821/1740 
f 264/1942/2000 2075/1945/2010 2077/1947/2012 
f 2077/1947/2012 263/1838/1750 264/1942/2000 
f 263/1838/1750 2077/1947/2012 1751/1833/1746 
f 1747/1829/1744 1751/1833/1746 2077/1947/2012 
f 247/1821/1740 2078/1948/2013 2076/1946/2011 
f 1739/1820/1604 2078/1948/2013 247/1821/1740 
f 2076/1946/2011 2078/1948/2013 1739/1820/1604 
f 2077/1947/2012 2079/1949/2007 1747/1829/1744 
f 1746/1828/1612 1747/1829/1744 2079/1949/2007 
f 2080/1950/2014 2076/1946/2011 1739/1820/1604 
f 1739/1820/1604 1746/1828/1612 2080/1950/2014 
f 2079/1949/2007 2080/1950/2014 1746/1828/1612 
f 2080/1950/2014 2079/1949/2007 2077/1947/2012 
f 2076/1946/2011 2080/1950/2014 2075/1945/2010 
f 2077/1947/2012 2075/1945/2010 2080/1950/2014 
f 859/1951/2015 862/1952/2016 2081/1953/2017 
f 856/1954/2018 859/1951/2015 2081/1953/2017 
f 862/1952/2016 868/1955/2019 2081/1953/2017 
f 852/1956/2020 856/1954/2018 2081/1953/2017 
f 868/1955/2019 872/1957/2021 2081/1953/2017 
f 847/1958/2022 852/1956/2020 2081/1953/2017 
f 872/1957/2021 848/1959/2023 2081/1953/2017 
f 848/1959/2023 847/1958/2022 2081/1953/2017 
f 1269/372/1187 1248/372/1166 2082/372/2024 
f 1266/372/1184 1269/372/1187 2082/372/2024 
f 1248/372/1166 1249/372/1167 2082/372/2024 
f 1261/372/1179 1266/372/1184 2082/372/2024 
f 1249/372/1167 1252/372/1170 2082/372/2024 
f 1258/372/1176 1261/372/1179 2082/372/2024 
f 1252/372/1170 1255/372/1173 2082/372/2024 
f 1255/372/1173 1258/372/1176 2082/372/2024 
f 1713/1951/2025 2083/1953/2026 1718/1952/2027 
f 1710/1954/2028 2083/1953/2026 1713/1951/2025 
f 1718/1952/2027 2083/1953/2026 1721/1955/2029 
f 1705/1956/2030 2083/1953/2026 1710/1954/2028 
f 1721/1955/2029 2083/1953/2026 1725/1957/2031 
f 1701/1958/2023 2083/1953/2026 1705/1956/2030 
f 1725/1957/2031 2083/1953/2026 1700/1959/2022 
f 1700/1959/2022 2083/1953/2026 1701/1958/2023 
f 2084/1960/2032 2085/1961/2033 2086/1962/2034 
f 2084/1960/2032 2086/1962/2034 2087/1963/2035 
f 2085/1961/2033 2084/1960/2032 2088/1964/2036 
f 2088/1964/2036 2089/1965/2037 2085/1961/2033 
f 2088/1964/2036 2090/1966/2038 2089/1965/2037 
f 2087/1963/2035 2091/1967/2039 2084/1960/2032 
f 2091/1967/2039 2087/1963/2035 2092/1968/2040 
f 2091/1967/2039 2092/1968/2040 2093/1969/2041 
f 2090/1966/2038 2088/1964/2036 2094/1970/2042 
f 2094/1970/2042 2095/1971/2043 2090/1966/2038 
f 2094/1970/2042 2096/1972/2044 2095/1971/2043 
f 2093/1969/2041 2097/1973/2045 2091/1967/2039 
f 2097/1973/2045 2093/1969/2041 2098/1974/2046 
f 2097/1973/2045 2098/1974/2046 2099/1975/2047 
f 2096/1972/2044 2094/1970/2042 2100/1976/2048 
f 2100/1976/2048 2101/1977/2049 2096/1972/2044 
f 2100/1976/2048 2102/1978/2050 2101/1977/2049 
f 2099/1975/2047 2103/1979/2051 2097/1973/2045 
f 2103/1979/2051 2099/1975/2047 2104/1980/2052 
f 2103/1979/2051 2104/1980/2052 2105/1981/2053 
f 2102/1978/2050 2100/1976/2048 2106/1982/2054 
f 2106/1982/2054 2107/1983/2055 2102/1978/2050 
f 2106/1982/2054 2108/1984/2056 2107/1983/2055 
f 2105/1981/2053 2109/1985/2057 2103/1979/2051 
f 2109/1985/2057 2105/1981/2053 2110/1986/2058 
f 2109/1985/2057 2110/1986/2058 2111/1987/2059 
f 2108/1984/2056 2106/1982/2054 2112/1988/2060 
f 2112/1988/2060 2113/1989/2061 2108/1984/2056 
f 2112/1988/2060 2114/1990/2062 2113/1989/2061 
f 2111/1987/2059 2115/1991/2063 2109/1985/2057 
f 2115/1991/2063 2111/1987/2059 2116/1992/2064 
f 2115/1991/2063 2116/1992/2064 2117/1993/2065 
f 2114/1990/2062 2112/1988/2060 2118/1994/2066 
f 2118/1994/2066 2119/1995/2067 2114/1990/2062 
f 2118/1994/2066 2120/1996/2068 2119/1995/2067 
f 2117/1993/2065 2121/1997/2069 2115/1991/2063 
f 2121/1997/2069 2117/1993/2065 2122/1998/2070 
f 2121/1997/2069 2122/1998/2070 2123/1999/2071 
f 2120/1996/2068 2118/1994/2066 2124/2000/2072 
f 2124/2000/2072 2125/2001/2073 2120/1996/2068 
f 2124/2000/2072 2126/2002/2074 2125/2001/2073 
f 2123/1999/2071 2127/2003/2075 2121/1997/2069 
f 2127/2003/2075 2123/1999/2071 2128/2004/2076 
f 2127/2003/2075 2128/2004/2076 2129/2005/2077 
f 2126/2002/2074 2124/2000/2072 2130/2006/2078 
f 2130/2006/2078 2131/2007/2079 2126/2002/2074 
f 2130/2006/2078 2132/2008/2080 2131/2007/2079 
f 2129/2005/2077 2133/2009/2081 2127/2003/2075 
f 2133/2009/2081 2129/2005/2077 2134/2010/2082 
f 2133/2009/2081 2134/2010/2082 2135/2011/2083 
f 2132/2008/2080 2130/2006/2078 2136/2012/2084 
f 2136/2012/2084 2137/2013/2085 2132/2008/2080 
f 2136/2012/2084 2138/2014/2086 2137/2013/2085 
f 2135/2011/2083 2139/2015/2087 2133/2009/2081 
f 2139/2015/2087 2135/2011/2083 2140/2016/2088 
f 2139/2015/2087 2140/2016/2088 2141/2017/2089 
f 2138/2014/2086 2136/2012/2084 2142/2018/2090 
f 2142/2018/2090 2143/2019/2091 2138/2014/2086 
f 2142/2018/2090 2144/2020/2092 2143/2019/2091 
f 2141/2017/2089 2145/2021/2093 2139/2015/2087 
f 2145/2021/2093 2141/2017/2089 2146/2022/2094 
f 2145/2021/2093 2146/2022/2094 2147/2023/2095 
f 2144/2020/2092 2142/2018/2090 2148/2024/2096 
f 2148/2024/2096 2149/2025/2097 2144/2020/2092 
f 2148/2024/2096 2150/2026/2098 2149/2025/2097 
f 2147/2023/2095 2151/2027/2099 2145/2021/2093 
f 2151/2027/2099 2147/2023/2095 2152/2028/2100 
f 2151/2027/2099 2152/2028/2100 2153/2029/2101 
f 2150/2026/2098 2148/2024/2096 2154/2030/2102 
f 2153/2029/2101 2154/2030/2102 2151/2027/2099 
f 2154/2030/2102 2155/2031/2103 2150/2026/2098 
f 2154/2030/2102 2153/2029/2101 2155/2031/2103 
f 2145/2021/2093 2151/2027/2099 2156/2032/2104 
f 2151/2027/2099 2154/2030/2102 2157/2033/2105 
f 2157/2033/2105 2156/2032/2104 2151/2027/2099 
f 2154/2030/2102 2148/2024/2096 2158/2034/2106 
f 2158/2034/2106 2157/2033/2105 2154/2030/2102 
f 2156/2032/2104 2159/2035/2107 2145/2021/2093 
f 2139/2015/2087 2145/2021/2093 2159/2035/2107 
f 2160/2036/2108 2156/2032/2104 2157/2033/2105 
f 2159/2035/2107 2161/2037/2109 2139/2015/2087 
f 2133/2009/2081 2139/2015/2087 2161/2037/2109 
f 2162/2038/2110 2159/2035/2107 2156/2032/2104 
f 2156/2032/2104 2160/2036/2108 2162/2038/2110 
f 2163/2039/2111 2161/2037/2109 2159/2035/2107 
f 2159/2035/2107 2162/2038/2110 2163/2039/2111 
f 2161/2037/2109 2164/2040/2112 2133/2009/2081 
f 2127/2003/2075 2133/2009/2081 2164/2040/2112 
f 2161/2037/2109 2163/2039/2111 2165/2041/2113 
f 2165/2041/2113 2164/2040/2112 2161/2037/2109 
f 2164/2040/2112 2166/2042/2114 2127/2003/2075 
f 2121/1997/2069 2127/2003/2075 2166/2042/2114 
f 2164/2040/2112 2165/2041/2113 2167/2043/2115 
f 2167/2043/2115 2166/2042/2114 2164/2040/2112 
f 2166/2042/2114 2168/2044/2116 2121/1997/2069 
f 2115/1991/2063 2121/1997/2069 2168/2044/2116 
f 2166/2042/2114 2167/2043/2115 2169/2045/2117 
f 2169/2045/2117 2168/2044/2116 2166/2042/2114 
f 2168/2044/2116 2170/2046/2118 2115/1991/2063 
f 2109/1985/2057 2115/1991/2063 2170/2046/2118 
f 2168/2044/2116 2169/2045/2117 2171/2047/2119 
f 2171/2047/2119 2170/2046/2118 2168/2044/2116 
f 2170/2046/2118 2172/2048/2120 2109/1985/2057 
f 2103/1979/2051 2109/1985/2057 2172/2048/2120 
f 2170/2046/2118 2171/2047/2119 2173/2049/2121 
f 2173/2049/2121 2172/2048/2120 2170/2046/2118 
f 2172/2048/2120 2174/2050/2122 2103/1979/2051 
f 2097/1973/2045 2103/1979/2051 2174/2050/2122 
f 2172/2048/2120 2173/2049/2121 2175/2051/2123 
f 2175/2051/2123 2174/2050/2122 2172/2048/2120 
f 2174/2050/2122 2176/2052/2124 2097/1973/2045 
f 2091/1967/2039 2097/1973/2045 2176/2052/2124 
f 2174/2050/2122 2175/2051/2123 2177/2053/2125 
f 2177/2053/2125 2176/2052/2124 2174/2050/2122 
f 2176/2052/2124 2178/2054/2126 2091/1967/2039 
f 2084/1960/2032 2091/1967/2039 2178/2054/2126 
f 2176/2052/2124 2177/2053/2125 2179/2055/2127 
f 2179/2055/2127 2178/2054/2126 2176/2052/2124 
f 2178/2054/2126 2180/2056/2128 2084/1960/2032 
f 2088/1964/2036 2084/1960/2032 2180/2056/2128 
f 2178/2054/2126 2179/2055/2127 2181/2057/2129 
f 2181/2057/2129 2180/2056/2128 2178/2054/2126 
f 2180/2056/2128 2182/2058/2130 2088/1964/2036 
f 2094/1970/2042 2088/1964/2036 2182/2058/2130 
f 2180/2056/2128 2181/2057/2129 2183/2059/2131 
f 2183/2059/2131 2182/2058/2130 2180/2056/2128 
f 2182/2058/2130 2184/2060/2132 2094/1970/2042 
f 2100/1976/2048 2094/1970/2042 2184/2060/2132 
f 2182/2058/2130 2183/2059/2131 2185/2061/2133 
f 2185/2061/2133 2184/2060/2132 2182/2058/2130 
f 2184/2060/2132 2186/2062/2134 2100/1976/2048 
f 2106/1982/2054 2100/1976/2048 2186/2062/2134 
f 2184/2060/2132 2185/2061/2133 2187/2063/2135 
f 2187/2063/2135 2186/2062/2134 2184/2060/2132 
f 2186/2062/2134 2188/2064/2136 2106/1982/2054 
f 2112/1988/2060 2106/1982/2054 2188/2064/2136 
f 2186/2062/2134 2187/2063/2135 2189/2065/2137 
f 2189/2065/2137 2188/2064/2136 2186/2062/2134 
f 2188/2064/2136 2190/2066/2138 2112/1988/2060 
f 2118/1994/2066 2112/1988/2060 2190/2066/2138 
f 2188/2064/2136 2189/2065/2137 2191/2067/2139 
f 2191/2067/2139 2190/2066/2138 2188/2064/2136 
f 2190/2066/2138 2192/2068/2140 2118/1994/2066 
f 2124/2000/2072 2118/1994/2066 2192/2068/2140 
f 2190/2066/2138 2191/2067/2139 2193/2069/2141 
f 2193/2069/2141 2192/2068/2140 2190/2066/2138 
f 2192/2068/2140 2194/2070/2142 2124/2000/2072 
f 2130/2006/2078 2124/2000/2072 2194/2070/2142 
f 2192/2068/2140 2193/2069/2141 2195/2071/2143 
f 2195/2071/2143 2194/2070/2142 2192/2068/2140 
f 2194/2070/2142 2196/2072/2144 2130/2006/2078 
f 2136/2012/2084 2130/2006/2078 2196/2072/2144 
f 2194/2070/2142 2195/2071/2143 2197/2073/2145 
f 2197/2073/2145 2196/2072/2144 2194/2070/2142 
f 2196/2072/2144 2198/2074/2146 2136/2012/2084 
f 2142/2018/2090 2136/2012/2084 2198/2074/2146 
f 2196/2072/2144 2197/2073/2145 2199/2075/2147 
f 2199/2075/2147 2198/2074/2146 2196/2072/2144 
f 2198/2074/2146 2200/2076/2148 2142/2018/2090 
f 2148/2024/2096 2142/2018/2090 2200/2076/2148 
f 2200/2076/2148 2158/2034/2106 2148/2024/2096 
f 2201/2077/2149 2200/2076/2148 2198/2074/2146 
f 2198/2074/2146 2199/2075/2147 2201/2077/2149 
f 2202/2078/2150 2158/2034/2106 2200/2076/2148 
f 2200/2076/2148 2201/2077/2149 2202/2078/2150 
f 2158/2034/2106 2202/2078/2150 2203/2079/2151 
f 2203/2079/2151 2157/2033/2105 2158/2034/2106 
f 2157/2033/2105 2203/2079/2151 2160/2036/2108 
f 2202/2078/2150 2201/2077/2149 2204/2080/2152 
f 2203/2079/2151 2202/2078/2150 2205/2081/2153 
f 2204/2080/2152 2205/2081/2153 2202/2078/2150 
f 2160/2036/2108 2203/2079/2151 2206/2082/2154 
f 2205/2081/2153 2206/2082/2154 2203/2079/2151 
f 2207/2083/2155 2204/2080/2152 2201/2077/2149 
f 2201/2077/2149 2199/2075/2147 2207/2083/2155 
f 2205/2081/2153 2204/2080/2152 2208/2084/2156 
f 2209/2085/2157 2207/2083/2155 2199/2075/2147 
f 2199/2075/2147 2197/2073/2145 2209/2085/2157 
f 2204/2080/2152 2207/2083/2155 2210/2086/2158 
f 2210/2086/2158 2208/2084/2156 2204/2080/2152 
f 2207/2083/2155 2209/2085/2157 2211/2087/2159 
f 2211/2087/2159 2210/2086/2158 2207/2083/2155 
f 2212/2088/2160 2209/2085/2157 2197/2073/2145 
f 2197/2073/2145 2195/2071/2143 2212/2088/2160 
f 2213/2089/2161 2211/2087/2159 2209/2085/2157 
f 2209/2085/2157 2212/2088/2160 2213/2089/2161 
f 2214/2090/2162 2210/2086/2158 2211/2087/2159 
f 2215/2091/2163 2212/2088/2160 2195/2071/2143 
f 2195/2071/2143 2193/2069/2141 2215/2091/2163 
f 2210/2086/2158 2214/2090/2162 2216/2092/2164 
f 2216/2092/2164 2208/2084/2156 2210/2086/2158 
f 2211/2087/2159 2217/2093/2165 2214/2090/2162 
f 2217/2093/2165 2211/2087/2159 2213/2089/2161 
f 2208/2084/2156 2216/2092/2164 2218/2094/2166 
f 2213/2089/2161 2219/2095/2167 2217/2093/2165 
f 2218/2094/2166 2220/2096/2168 2208/2084/2156 
f 2208/2084/2156 2220/2096/2168 2205/2081/2153 
f 2206/2082/2154 2205/2081/2153 2220/2096/2168 
f 2221/2097/2169 2213/2089/2161 2212/2088/2160 
f 2219/2095/2167 2213/2089/2161 2221/2097/2169 
f 2212/2088/2160 2215/2091/2163 2221/2097/2169 
f 2221/2097/2169 2222/2098/2170 2219/2095/2167 
f 2223/2099/2171 2221/2097/2169 2215/2091/2163 
f 2222/2098/2170 2221/2097/2169 2223/2099/2171 
f 2215/2091/2163 2224/2100/2172 2223/2099/2171 
f 2224/2100/2172 2215/2091/2163 2193/2069/2141 
f 2193/2069/2141 2191/2067/2139 2224/2100/2172 
f 2223/2099/2171 2225/2101/2173 2222/2098/2170 
f 2226/2102/2174 2224/2100/2172 2191/2067/2139 
f 2191/2067/2139 2189/2065/2137 2226/2102/2174 
f 2227/2103/2175 2223/2099/2171 2224/2100/2172 
f 2224/2100/2172 2226/2102/2174 2227/2103/2175 
f 2225/2101/2173 2223/2099/2171 2227/2103/2175 
f 2228/2104/2176 2226/2102/2174 2189/2065/2137 
f 2189/2065/2137 2187/2063/2135 2228/2104/2176 
f 2229/2105/2177 2227/2103/2175 2226/2102/2174 
f 2226/2102/2174 2228/2104/2176 2229/2105/2177 
f 2227/2103/2175 2230/2106/2178 2225/2101/2173 
f 2230/2106/2178 2227/2103/2175 2229/2105/2177 
f 2231/2107/2179 2228/2104/2176 2187/2063/2135 
f 2187/2063/2135 2185/2061/2133 2231/2107/2179 
f 2232/2108/2180 2229/2105/2177 2228/2104/2176 
f 2228/2104/2176 2231/2107/2179 2232/2108/2180 
f 2229/2105/2177 2233/2109/2181 2230/2106/2178 
f 2233/2109/2181 2229/2105/2177 2232/2108/2180 
f 2234/2110/2182 2231/2107/2179 2185/2061/2133 
f 2185/2061/2133 2183/2059/2131 2234/2110/2182 
f 2235/2111/2183 2232/2108/2180 2231/2107/2179 
f 2231/2107/2179 2234/2110/2182 2235/2111/2183 
f 2232/2108/2180 2236/2112/2184 2233/2109/2181 
f 2236/2112/2184 2232/2108/2180 2235/2111/2183 
f 2237/2113/2185 2234/2110/2182 2183/2059/2131 
f 2183/2059/2131 2181/2057/2129 2237/2113/2185 
f 2238/2114/2186 2235/2111/2183 2234/2110/2182 
f 2234/2110/2182 2237/2113/2185 2238/2114/2186 
f 2235/2111/2183 2239/2115/2187 2236/2112/2184 
f 2239/2115/2187 2235/2111/2183 2238/2114/2186 
f 2240/2116/2188 2237/2113/2185 2181/2057/2129 
f 2181/2057/2129 2179/2055/2127 2240/2116/2188 
f 2241/2117/2189 2238/2114/2186 2237/2113/2185 
f 2237/2113/2185 2240/2116/2188 2241/2117/2189 
f 2238/2114/2186 2242/2118/2190 2239/2115/2187 
f 2242/2118/2190 2238/2114/2186 2241/2117/2189 
f 2243/2119/2191 2240/2116/2188 2179/2055/2127 
f 2179/2055/2127 2177/2053/2125 2243/2119/2191 
f 2244/2120/2192 2241/2117/2189 2240/2116/2188 
f 2240/2116/2188 2243/2119/2191 2244/2120/2192 
f 2241/2117/2189 2245/2121/2193 2242/2118/2190 
f 2245/2121/2193 2241/2117/2189 2244/2120/2192 
f 2246/2122/2194 2243/2119/2191 2177/2053/2125 
f 2177/2053/2125 2175/2051/2123 2246/2122/2194 
f 2247/2123/2195 2244/2120/2192 2243/2119/2191 
f 2243/2119/2191 2246/2122/2194 2247/2123/2195 
f 2244/2120/2192 2248/2124/2196 2245/2121/2193 
f 2248/2124/2196 2244/2120/2192 2247/2123/2195 
f 2249/2125/2197 2246/2122/2194 2175/2051/2123 
f 2175/2051/2123 2173/2049/2121 2249/2125/2197 
f 2250/2126/2198 2247/2123/2195 2246/2122/2194 
f 2246/2122/2194 2249/2125/2197 2250/2126/2198 
f 2247/2123/2195 2251/2127/2199 2248/2124/2196 
f 2251/2127/2199 2247/2123/2195 2250/2126/2198 
f 2252/2128/2200 2249/2125/2197 2173/2049/2121 
f 2173/2049/2121 2171/2047/2119 2252/2128/2200 
f 2253/2129/2201 2250/2126/2198 2249/2125/2197 
f 2249/2125/2197 2252/2128/2200 2253/2129/2201 
f 2250/2126/2198 2254/2130/2202 2251/2127/2199 
f 2254/2130/2202 2250/2126/2198 2253/2129/2201 
f 2255/2131/2203 2252/2128/2200 2171/2047/2119 
f 2171/2047/2119 2169/2045/2117 2255/2131/2203 
f 2256/2132/2204 2253/2129/2201 2252/2128/2200 
f 2252/2128/2200 2255/2131/2203 2256/2132/2204 
f 2253/2129/2201 2257/2133/2205 2254/2130/2202 
f 2257/2133/2205 2253/2129/2201 2256/2132/2204 
f 2258/2134/2206 2255/2131/2203 2169/2045/2117 
f 2169/2045/2117 2167/2043/2115 2258/2134/2206 
f 2259/2135/2207 2256/2132/2204 2255/2131/2203 
f 2255/2131/2203 2258/2134/2206 2259/2135/2207 
f 2256/2132/2204 2260/2136/2208 2257/2133/2205 
f 2260/2136/2208 2256/2132/2204 2259/2135/2207 
f 2261/2137/2209 2258/2134/2206 2167/2043/2115 
f 2167/2043/2115 2165/2041/2113 2261/2137/2209 
f 2262/2138/2210 2259/2135/2207 2258/2134/2206 
f 2258/2134/2206 2261/2137/2209 2262/2138/2210 
f 2259/2135/2207 2263/2139/2211 2260/2136/2208 
f 2263/2139/2211 2259/2135/2207 2262/2138/2210 
f 2264/2140/2212 2261/2137/2209 2165/2041/2113 
f 2165/2041/2113 2163/2039/2111 2264/2140/2212 
f 2265/2141/2213 2262/2138/2210 2261/2137/2209 
f 2261/2137/2209 2264/2140/2212 2265/2141/2213 
f 2262/2138/2210 2266/2142/2214 2263/2139/2211 
f 2266/2142/2214 2262/2138/2210 2265/2141/2213 
f 2267/2143/2215 2264/2140/2212 2163/2039/2111 
f 2163/2039/2111 2162/2038/2110 2267/2143/2215 
f 2268/2144/2216 2265/2141/2213 2264/2140/2212 
f 2264/2140/2212 2267/2143/2215 2268/2144/2216 
f 2265/2141/2213 2269/2145/2217 2266/2142/2214 
f 2269/2145/2217 2265/2141/2213 2268/2144/2216 
f 2270/2146/2218 2267/2143/2215 2162/2038/2110 
f 2162/2038/2110 2160/2036/2108 2270/2146/2218 
f 2206/2082/2154 2270/2146/2218 2160/2036/2108 
f 2271/2147/2219 2268/2144/2216 2267/2143/2215 
f 2267/2143/2215 2270/2146/2218 2271/2147/2219 
f 2270/2146/2218 2206/2082/2154 2272/2148/2220 
f 2272/2148/2220 2271/2147/2219 2270/2146/2218 
f 2220/2096/2168 2272/2148/2220 2206/2082/2154 
f 2273/2149/2221 2268/2144/2216 2271/2147/2219 
f 2268/2144/2216 2273/2149/2221 2269/2145/2217 
f 2274/2150/2222 2271/2147/2219 2272/2148/2220 
f 2271/2147/2219 2274/2150/2222 2273/2149/2221 
f 2275/2151/2223 2272/2148/2220 2220/2096/2168 
f 2272/2148/2220 2275/2151/2223 2274/2150/2222 
f 2220/2096/2168 2218/2094/2166 2275/2151/2223 
f 2274/2150/2222 2276/2152/2224 2273/2149/2221 
f 2275/2151/2223 2276/2152/2224 2274/2150/2222 
f 2273/2149/2221 2276/2152/2224 2269/2145/2217 
f 2218/2094/2166 2276/2152/2224 2275/2151/2223 
f 2269/2145/2217 2276/2152/2224 2266/2142/2214 
f 2266/2142/2214 2276/2152/2224 2263/2139/2211 
f 2216/2092/2164 2276/2152/2224 2218/2094/2166 
f 2263/2139/2211 2276/2152/2224 2260/2136/2208 
f 2214/2090/2162 2276/2152/2224 2216/2092/2164 
f 2260/2136/2208 2276/2152/2224 2257/2133/2205 
f 2217/2093/2165 2276/2152/2224 2214/2090/2162 
f 2257/2133/2205 2276/2152/2224 2254/2130/2202 
f 2219/2095/2167 2276/2152/2224 2217/2093/2165 
f 2254/2130/2202 2276/2152/2224 2251/2127/2199 
f 2222/2098/2170 2276/2152/2224 2219/2095/2167 
f 2251/2127/2199 2276/2152/2224 2248/2124/2196 
f 2225/2101/2173 2276/2152/2224 2222/2098/2170 
f 2248/2124/2196 2276/2152/2224 2245/2121/2193 
f 2230/2106/2178 2276/2152/2224 2225/2101/2173 
f 2245/2121/2193 2276/2152/2224 2242/2118/2190 
f 2233/2109/2181 2276/2152/2224 2230/2106/2178 
f 2242/2118/2190 2276/2152/2224 2239/2115/2187 
f 2236/2112/2184 2276/2152/2224 2233/2109/2181 
f 2239/2115/2187 2276/2152/2224 2236/2112/2184 
f 2277/1960/2225 2278/1962/2226 2279/1961/2098 
f 2280/1963/2101 2278/1962/2226 2277/1960/2225 
f 2281/1964/2096 2277/1960/2225 2279/1961/2098 
f 2279/1961/2098 2282/1965/2097 2281/1964/2096 
f 2281/1964/2096 2282/1965/2097 2283/1966/2092 
f 2277/1960/2225 2284/1967/2099 2280/1963/2101 
f 2284/1967/2099 2285/1968/2100 2280/1963/2101 
f 2286/1969/2095 2285/1968/2100 2284/1967/2099 
f 2287/1970/2090 2281/1964/2096 2283/1966/2092 
f 2283/1966/2092 2288/1971/2091 2287/1970/2090 
f 2287/1970/2090 2288/1971/2091 2289/1972/2086 
f 2284/1967/2099 2290/1973/2093 2286/1969/2095 
f 2290/1973/2093 2291/1974/2094 2286/1969/2095 
f 2292/1975/2089 2291/1974/2094 2290/1973/2093 
f 2293/1976/2227 2287/1970/2090 2289/1972/2086 
f 2289/1972/2086 2294/1977/2085 2293/1976/2227 
f 2293/1976/2227 2294/1977/2085 2295/1978/2080 
f 2290/1973/2093 2296/1979/2087 2292/1975/2089 
f 2296/1979/2087 2297/1980/2088 2292/1975/2089 
f 2298/1981/2083 2297/1980/2088 2296/1979/2087 
f 2299/1982/2078 2293/1976/2227 2295/1978/2080 
f 2295/1978/2080 2300/1983/2079 2299/1982/2078 
f 2299/1982/2078 2300/1983/2079 2301/1984/2074 
f 2296/1979/2087 2302/1985/2081 2298/1981/2083 
f 2302/1985/2081 2303/1986/2082 2298/1981/2083 
f 2304/1987/2077 2303/1986/2082 2302/1985/2081 
f 2305/1988/2072 2299/1982/2078 2301/1984/2074 
f 2301/1984/2074 2306/1989/2073 2305/1988/2072 
f 2305/1988/2072 2306/1989/2073 2307/1990/2068 
f 2302/1985/2081 2308/1991/2075 2304/1987/2077 
f 2308/1991/2075 2309/1992/2076 2304/1987/2077 
f 2310/1993/2071 2309/1992/2076 2308/1991/2075 
f 2311/1994/2228 2305/1988/2072 2307/1990/2068 
f 2307/1990/2068 2312/1995/2229 2311/1994/2228 
f 2311/1994/2228 2312/1995/2229 2313/1996/2062 
f 2308/1991/2075 2314/1997/2230 2310/1993/2071 
f 2314/1997/2230 2315/1998/2231 2310/1993/2071 
f 2316/1999/2065 2315/1998/2231 2314/1997/2230 
f 2317/2000/2060 2311/1994/2228 2313/1996/2062 
f 2313/1996/2062 2318/2001/2061 2317/2000/2060 
f 2317/2000/2060 2318/2001/2061 2319/2002/2056 
f 2314/1997/2230 2320/2003/2063 2316/1999/2065 
f 2320/2003/2063 2321/2004/2064 2316/1999/2065 
f 2322/2005/2059 2321/2004/2064 2320/2003/2063 
f 2323/2006/2054 2317/2000/2060 2319/2002/2056 
f 2319/2002/2056 2324/2007/2055 2323/2006/2054 
f 2323/2006/2054 2324/2007/2055 2325/2008/2050 
f 2320/2003/2063 2326/2009/2057 2322/2005/2059 
f 2326/2009/2057 2327/2010/2058 2322/2005/2059 
f 2328/2011/2053 2327/2010/2058 2326/2009/2057 
f 2329/2012/2232 2323/2006/2054 2325/2008/2050 
f 2325/2008/2050 2330/2013/2049 2329/2012/2232 
f 2329/2012/2232 2330/2013/2049 2331/2014/2044 
f 2326/2009/2057 2332/2015/2051 2328/2011/2053 
f 2332/2015/2051 2333/2016/2052 2328/2011/2053 
f 2334/2017/2047 2333/2016/2052 2332/2015/2051 
f 2335/2018/2042 2329/2012/2232 2331/2014/2044 
f 2331/2014/2044 2336/2019/2043 2335/2018/2042 
f 2335/2018/2042 2336/2019/2043 2337/2020/2038 
f 2332/2015/2051 2338/2021/2045 2334/2017/2047 
f 2338/2021/2045 2339/2022/2046 2334/2017/2047 
f 2340/2023/2041 2339/2022/2046 2338/2021/2045 
f 2341/2024/2036 2335/2018/2042 2337/2020/2038 
f 2337/2020/2038 2342/2025/2037 2341/2024/2036 
f 2341/2024/2036 2342/2025/2037 2343/2026/2033 
f 2338/2021/2045 2344/2027/2039 2340/2023/2041 
f 2344/2027/2039 2345/2028/2040 2340/2023/2041 
f 2346/2029/2035 2345/2028/2040 2344/2027/2039 
f 2347/2030/2233 2341/2024/2036 2343/2026/2033 
f 2344/2027/2039 2347/2030/2233 2346/2029/2035 
f 2343/2026/2033 2348/2031/2234 2347/2030/2233 
f 2347/2030/2233 2348/2031/2234 2346/2029/2035 
f 2349/2032/2235 2344/2027/2039 2338/2021/2045 
f 2350/2033/2236 2347/2030/2233 2344/2027/2039 
f 2344/2027/2039 2349/2032/2235 2350/2033/2236 
f 2351/2034/2237 2341/2024/2036 2347/2030/2233 
f 2347/2030/2233 2350/2033/2236 2351/2034/2237 
f 2341/2024/2036 2351/2034/2237 2352/2076/2238 
f 2352/2076/2238 2335/2018/2042 2341/2024/2036 
f 2351/2034/2237 2350/2033/2236 2353/2079/2239 
f 2335/2018/2042 2352/2076/2238 2354/2074/2240 
f 2354/2074/2240 2329/2012/2232 2335/2018/2042 
f 2352/2076/2238 2351/2034/2237 2355/2078/2241 
f 2353/2079/2239 2355/2078/2241 2351/2034/2237 
f 2354/2074/2240 2352/2076/2238 2356/2077/2133 
f 2355/2078/2241 2356/2077/2133 2352/2076/2238 
f 2329/2012/2232 2354/2074/2240 2357/2072/2136 
f 2357/2072/2136 2323/2006/2054 2329/2012/2232 
f 2356/2077/2133 2358/2075/2135 2354/2074/2240 
f 2357/2072/2136 2354/2074/2240 2358/2075/2135 
f 2323/2006/2054 2357/2072/2136 2359/2070/2138 
f 2359/2070/2138 2317/2000/2060 2323/2006/2054 
f 2358/2075/2135 2360/2073/2137 2357/2072/2136 
f 2359/2070/2138 2357/2072/2136 2360/2073/2137 
f 2317/2000/2060 2359/2070/2138 2361/2068/2242 
f 2361/2068/2242 2311/1994/2228 2317/2000/2060 
f 2360/2073/2137 2362/2071/2139 2359/2070/2138 
f 2361/2068/2242 2359/2070/2138 2362/2071/2139 
f 2311/1994/2228 2361/2068/2242 2363/2066/2142 
f 2363/2066/2142 2305/1988/2072 2311/1994/2228 
f 2362/2071/2139 2364/2069/2243 2361/2068/2242 
f 2363/2066/2142 2361/2068/2242 2364/2069/2243 
f 2305/1988/2072 2363/2066/2142 2365/2064/2144 
f 2365/2064/2144 2299/1982/2078 2305/1988/2072 
f 2364/2069/2243 2366/2067/2143 2363/2066/2142 
f 2365/2064/2144 2363/2066/2142 2366/2067/2143 
f 2299/1982/2078 2365/2064/2144 2367/2062/2244 
f 2367/2062/2244 2293/1976/2227 2299/1982/2078 
f 2366/2067/2143 2368/2065/2145 2365/2064/2144 
f 2367/2062/2244 2365/2064/2144 2368/2065/2145 
f 2293/1976/2227 2367/2062/2244 2369/2060/2245 
f 2369/2060/2245 2287/1970/2090 2293/1976/2227 
f 2368/2065/2145 2370/2063/2147 2367/2062/2244 
f 2369/2060/2245 2367/2062/2244 2370/2063/2147 
f 2287/1970/2090 2369/2060/2245 2371/2058/2246 
f 2371/2058/2246 2281/1964/2096 2287/1970/2090 
f 2370/2063/2147 2372/2061/2149 2369/2060/2245 
f 2371/2058/2246 2369/2060/2245 2372/2061/2149 
f 2281/1964/2096 2371/2058/2246 2373/2056/2247 
f 2373/2056/2247 2277/1960/2225 2281/1964/2096 
f 2372/2061/2149 2374/2059/2248 2371/2058/2246 
f 2373/2056/2247 2371/2058/2246 2374/2059/2248 
f 2277/1960/2225 2373/2056/2247 2375/2054/2249 
f 2375/2054/2249 2284/1967/2099 2277/1960/2225 
f 2374/2059/2248 2376/2057/2250 2373/2056/2247 
f 2375/2054/2249 2373/2056/2247 2376/2057/2250 
f 2284/1967/2099 2375/2054/2249 2377/2052/2251 
f 2377/2052/2251 2290/1973/2093 2284/1967/2099 
f 2376/2057/2250 2378/2055/2108 2375/2054/2249 
f 2377/2052/2251 2375/2054/2249 2378/2055/2108 
f 2290/1973/2093 2377/2052/2251 2379/2050/2109 
f 2379/2050/2109 2296/1979/2087 2290/1973/2093 
f 2378/2055/2108 2380/2053/2110 2377/2052/2251 
f 2379/2050/2109 2377/2052/2251 2380/2053/2110 
f 2296/1979/2087 2379/2050/2109 2381/2048/2252 
f 2381/2048/2252 2302/1985/2081 2296/1979/2087 
f 2380/2053/2110 2382/2051/2111 2379/2050/2109 
f 2381/2048/2252 2379/2050/2109 2382/2051/2111 
f 2302/1985/2081 2381/2048/2252 2383/2046/2253 
f 2383/2046/2253 2308/1991/2075 2302/1985/2081 
f 2382/2051/2111 2384/2049/2113 2381/2048/2252 
f 2383/2046/2253 2381/2048/2252 2384/2049/2113 
f 2308/1991/2075 2383/2046/2253 2385/2044/2254 
f 2385/2044/2254 2314/1997/2230 2308/1991/2075 
f 2384/2049/2113 2386/2047/2115 2383/2046/2253 
f 2385/2044/2254 2383/2046/2253 2386/2047/2115 
f 2314/1997/2230 2385/2044/2254 2387/2042/2255 
f 2387/2042/2255 2320/2003/2063 2314/1997/2230 
f 2386/2047/2115 2388/2045/2256 2385/2044/2254 
f 2387/2042/2255 2385/2044/2254 2388/2045/2256 
f 2320/2003/2063 2387/2042/2255 2389/2040/2257 
f 2389/2040/2257 2326/2009/2057 2320/2003/2063 
f 2388/2045/2256 2390/2043/2119 2387/2042/2255 
f 2389/2040/2257 2387/2042/2255 2390/2043/2119 
f 2326/2009/2057 2389/2040/2257 2391/2037/2122 
f 2391/2037/2122 2332/2015/2051 2326/2009/2057 
f 2390/2043/2119 2392/2041/2121 2389/2040/2257 
f 2391/2037/2122 2389/2040/2257 2392/2041/2121 
f 2332/2015/2051 2391/2037/2122 2393/2035/2258 
f 2393/2035/2258 2338/2021/2045 2332/2015/2051 
f 2338/2021/2045 2393/2035/2258 2349/2032/2235 
f 2393/2035/2258 2391/2037/2122 2394/2039/2123 
f 2392/2041/2121 2394/2039/2123 2391/2037/2122 
f 2349/2032/2235 2393/2035/2258 2395/2038/2125 
f 2394/2039/2123 2395/2038/2125 2393/2035/2258 
f 2395/2038/2125 2396/2036/2127 2349/2032/2235 
f 2350/2033/2236 2349/2032/2235 2396/2036/2127 
f 2396/2036/2127 2353/2079/2239 2350/2033/2236 
f 2397/2143/2191 2395/2038/2125 2394/2039/2123 
f 2398/2146/2188 2396/2036/2127 2395/2038/2125 
f 2395/2038/2125 2397/2143/2191 2398/2146/2188 
f 2399/2082/2185 2353/2079/2239 2396/2036/2127 
f 2396/2036/2127 2398/2146/2188 2399/2082/2185 
f 2353/2079/2239 2399/2082/2185 2400/2081/2182 
f 2400/2081/2182 2355/2078/2241 2353/2079/2239 
f 2401/2148/2186 2399/2082/2185 2398/2146/2188 
f 2355/2078/2241 2400/2081/2182 2402/2080/2179 
f 2402/2080/2179 2356/2077/2133 2355/2078/2241 
f 2403/2096/2183 2400/2081/2182 2399/2082/2185 
f 2399/2082/2185 2401/2148/2186 2403/2096/2183 
f 2404/2084/2180 2402/2080/2179 2400/2081/2182 
f 2400/2081/2182 2403/2096/2183 2404/2084/2180 
f 2356/2077/2133 2402/2080/2179 2405/2083/2259 
f 2405/2083/2259 2358/2075/2135 2356/2077/2133 
f 2402/2080/2179 2404/2084/2180 2406/2086/2177 
f 2406/2086/2177 2405/2083/2259 2402/2080/2179 
f 2358/2075/2135 2405/2083/2259 2407/2085/2174 
f 2407/2085/2174 2360/2073/2137 2358/2075/2135 
f 2405/2083/2259 2406/2086/2177 2408/2087/2175 
f 2408/2087/2175 2407/2085/2174 2405/2083/2259 
f 2360/2073/2137 2407/2085/2174 2409/2088/2172 
f 2409/2088/2172 2362/2071/2139 2360/2073/2137 
f 2407/2085/2174 2408/2087/2175 2410/2089/2171 
f 2410/2089/2171 2409/2088/2172 2407/2085/2174 
f 2362/2071/2139 2409/2088/2172 2411/2091/2260 
f 2411/2091/2260 2364/2069/2243 2362/2071/2139 
f 2409/2088/2172 2410/2089/2171 2412/2097/2261 
f 2412/2097/2261 2411/2091/2260 2409/2088/2172 
f 2364/2069/2243 2411/2091/2260 2413/2100/2160 
f 2413/2100/2160 2366/2067/2143 2364/2069/2243 
f 2411/2091/2260 2412/2097/2261 2414/2099/2161 
f 2414/2099/2161 2413/2100/2160 2411/2091/2260 
f 2366/2067/2143 2413/2100/2160 2415/2102/2157 
f 2415/2102/2157 2368/2065/2145 2366/2067/2143 
f 2413/2100/2160 2414/2099/2161 2416/2103/2159 
f 2416/2103/2159 2415/2102/2157 2413/2100/2160 
f 2368/2065/2145 2415/2102/2157 2417/2104/2262 
f 2417/2104/2262 2370/2063/2147 2368/2065/2145 
f 2415/2102/2157 2416/2103/2159 2418/2105/2158 
f 2418/2105/2158 2417/2104/2262 2415/2102/2157 
f 2370/2063/2147 2417/2104/2262 2419/2107/2152 
f 2419/2107/2152 2372/2061/2149 2370/2063/2147 
f 2417/2104/2262 2418/2105/2158 2420/2108/2156 
f 2420/2108/2156 2419/2107/2152 2417/2104/2262 
f 2372/2061/2149 2419/2107/2152 2421/2110/2153 
f 2421/2110/2153 2374/2059/2248 2372/2061/2149 
f 2419/2107/2152 2420/2108/2156 2422/2111/2168 
f 2422/2111/2168 2421/2110/2153 2419/2107/2152 
f 2374/2059/2248 2421/2110/2153 2423/2113/2154 
f 2423/2113/2154 2376/2057/2250 2374/2059/2248 
f 2421/2110/2153 2422/2111/2168 2424/2114/2220 
f 2424/2114/2220 2423/2113/2154 2421/2110/2153 
f 2376/2057/2250 2423/2113/2154 2425/2116/2218 
f 2425/2116/2218 2378/2055/2108 2376/2057/2250 
f 2423/2113/2154 2424/2114/2220 2426/2117/2263 
f 2426/2117/2263 2425/2116/2218 2423/2113/2154 
f 2378/2055/2108 2425/2116/2218 2427/2119/2215 
f 2427/2119/2215 2380/2053/2110 2378/2055/2108 
f 2425/2116/2218 2426/2117/2263 2428/2120/2216 
f 2428/2120/2216 2427/2119/2215 2425/2116/2218 
f 2380/2053/2110 2427/2119/2215 2429/2122/2264 
f 2429/2122/2264 2382/2051/2111 2380/2053/2110 
f 2427/2119/2215 2428/2120/2216 2430/2123/2213 
f 2430/2123/2213 2429/2122/2264 2427/2119/2215 
f 2382/2051/2111 2429/2122/2264 2431/2125/2209 
f 2431/2125/2209 2384/2049/2113 2382/2051/2111 
f 2429/2122/2264 2430/2123/2213 2432/2126/2210 
f 2432/2126/2210 2431/2125/2209 2429/2122/2264 
f 2384/2049/2113 2431/2125/2209 2433/2128/2206 
f 2433/2128/2206 2386/2047/2115 2384/2049/2113 
f 2431/2125/2209 2432/2126/2210 2434/2129/2207 
f 2434/2129/2207 2433/2128/2206 2431/2125/2209 
f 2386/2047/2115 2433/2128/2206 2435/2131/2265 
f 2435/2131/2265 2388/2045/2256 2386/2047/2115 
f 2433/2128/2206 2434/2129/2207 2436/2132/2266 
f 2436/2132/2266 2435/2131/2265 2433/2128/2206 
f 2388/2045/2256 2435/2131/2265 2437/2134/2200 
f 2437/2134/2200 2390/2043/2119 2388/2045/2256 
f 2435/2131/2265 2436/2132/2266 2438/2135/2201 
f 2438/2135/2201 2437/2134/2200 2435/2131/2265 
f 2390/2043/2119 2437/2134/2200 2439/2137/2197 
f 2439/2137/2197 2392/2041/2121 2390/2043/2119 
f 2437/2134/2200 2438/2135/2201 2440/2138/2198 
f 2440/2138/2198 2439/2137/2197 2437/2134/2200 
f 2392/2041/2121 2439/2137/2197 2441/2140/2267 
f 2441/2140/2267 2394/2039/2123 2392/2041/2121 
f 2394/2039/2123 2441/2140/2267 2397/2143/2191 
f 2442/2141/2195 2441/2140/2267 2439/2137/2197 
f 2439/2137/2197 2440/2138/2198 2442/2141/2195 
f 2443/2144/2192 2397/2143/2191 2441/2140/2267 
f 2441/2140/2267 2442/2141/2195 2443/2144/2192 
f 2397/2143/2191 2443/2144/2192 2444/2147/2268 
f 2444/2147/2268 2398/2146/2188 2397/2143/2191 
f 2398/2146/2188 2444/2147/2268 2401/2148/2186 
f 2443/2144/2192 2442/2141/2195 2445/2145/2199 
f 2444/2147/2268 2443/2144/2192 2446/2149/2196 
f 2445/2145/2199 2446/2149/2196 2443/2144/2192 
f 2401/2148/2186 2444/2147/2268 2447/2150/2193 
f 2446/2149/2196 2447/2150/2193 2444/2147/2268 
f 2448/2142/2202 2445/2145/2199 2442/2141/2195 
f 2442/2141/2195 2440/2138/2198 2448/2142/2202 
f 2446/2149/2196 2445/2145/2199 2449/2152/12 
f 2445/2145/2199 2448/2142/2202 2449/2152/12 
f 2447/2150/2193 2446/2149/2196 2449/2152/12 
f 2450/2139/2205 2448/2142/2202 2440/2138/2198 
f 2440/2138/2198 2438/2135/2201 2450/2139/2205 
f 2448/2142/2202 2450/2139/2205 2449/2152/12 
f 2451/2136/2269 2450/2139/2205 2438/2135/2201 
f 2450/2139/2205 2451/2136/2269 2449/2152/12 
f 2438/2135/2201 2436/2132/2266 2451/2136/2269 
f 2452/2133/2211 2451/2136/2269 2436/2132/2266 
f 2451/2136/2269 2452/2133/2211 2449/2152/12 
f 2436/2132/2266 2434/2129/2207 2452/2133/2211 
f 2453/2130/2214 2452/2133/2211 2434/2129/2207 
f 2452/2133/2211 2453/2130/2214 2449/2152/12 
f 2434/2129/2207 2432/2126/2210 2453/2130/2214 
f 2454/2127/2217 2453/2130/2214 2432/2126/2210 
f 2453/2130/2214 2454/2127/2217 2449/2152/12 
f 2432/2126/2210 2430/2123/2213 2454/2127/2217 
f 2455/2124/2221 2454/2127/2217 2430/2123/2213 
f 2454/2127/2217 2455/2124/2221 2449/2152/12 
f 2430/2123/2213 2428/2120/2216 2455/2124/2221 
f 2456/2121/2222 2455/2124/2221 2428/2120/2216 
f 2455/2124/2221 2456/2121/2222 2449/2152/12 
f 2428/2120/2216 2426/2117/2263 2456/2121/2222 
f 2457/2118/2223 2456/2121/2222 2426/2117/2263 
f 2456/2121/2222 2457/2118/2223 2449/2152/12 
f 2426/2117/2263 2424/2114/2220 2457/2118/2223 
f 2458/2115/2166 2457/2118/2223 2424/2114/2220 
f 2457/2118/2223 2458/2115/2166 2449/2152/12 
f 2424/2114/2220 2422/2111/2168 2458/2115/2166 
f 2459/2112/2164 2458/2115/2166 2422/2111/2168 
f 2458/2115/2166 2459/2112/2164 2449/2152/12 
f 2422/2111/2168 2420/2108/2156 2459/2112/2164 
f 2460/2109/2270 2459/2112/2164 2420/2108/2156 
f 2459/2112/2164 2460/2109/2270 2449/2152/12 
f 2420/2108/2156 2418/2105/2158 2460/2109/2270 
f 2461/2106/2165 2460/2109/2270 2418/2105/2158 
f 2460/2109/2270 2461/2106/2165 2449/2152/12 
f 2418/2105/2158 2416/2103/2159 2461/2106/2165 
f 2462/2101/2167 2461/2106/2165 2416/2103/2159 
f 2461/2106/2165 2462/2101/2167 2449/2152/12 
f 2416/2103/2159 2414/2099/2161 2462/2101/2167 
f 2463/2098/2271 2462/2101/2167 2414/2099/2161 
f 2462/2101/2167 2463/2098/2271 2449/2152/12 
f 2414/2099/2161 2412/2097/2261 2463/2098/2271 
f 2464/2095/2173 2463/2098/2271 2412/2097/2261 
f 2463/2098/2271 2464/2095/2173 2449/2152/12 
f 2412/2097/2261 2410/2089/2171 2464/2095/2173 
f 2465/2093/2178 2464/2095/2173 2410/2089/2171 
f 2464/2095/2173 2465/2093/2178 2449/2152/12 
f 2410/2089/2171 2408/2087/2175 2465/2093/2178 
f 2466/2090/2272 2465/2093/2178 2408/2087/2175 
f 2465/2093/2178 2466/2090/2272 2449/2152/12 
f 2408/2087/2175 2406/2086/2177 2466/2090/2272 
f 2467/2092/2184 2466/2090/2272 2406/2086/2177 
f 2466/2090/2272 2467/2092/2184 2449/2152/12 
f 2406/2086/2177 2404/2084/2180 2467/2092/2184 
f 2468/2094/2187 2467/2092/2184 2404/2084/2180 
f 2467/2092/2184 2468/2094/2187 2449/2152/12 
f 2404/2084/2180 2403/2096/2183 2468/2094/2187 
f 2468/2094/2187 2469/2151/2190 2449/2152/12 
f 2469/2151/2190 2468/2094/2187 2403/2096/2183 
f 2469/2151/2190 2447/2150/2193 2449/2152/12 
f 2403/2096/2183 2401/2148/2186 2469/2151/2190 
f 2447/2150/2193 2469/2151/2190 2401/2148/2186 
f 341/2153/79 344/2154/79 2470/2155/79 
f 336/2156/79 341/2153/79 2470/2155/79 
f 2470/2155/79 344/2154/79 345/2157/79 
f 333/2158/79 336/2156/79 2470/2155/79 
f 345/2157/79 352/2159/79 2470/2155/79 
f 328/2160/79 333/2158/79 2470/2155/79 
f 352/2159/79 357/2161/79 2470/2155/79 
f 325/2162/79 328/2160/79 2470/2155/79 
f 357/2161/79 360/2163/79 2470/2155/79 
f 320/2164/79 325/2162/79 2470/2155/79 
f 360/2163/79 365/2165/79 2470/2155/79 
f 317/2166/79 320/2164/79 2470/2155/79 
f 365/2165/79 368/2167/79 2470/2155/79 
f 314/2168/79 317/2166/79 2470/2155/79 
f 368/2167/79 373/2169/79 2470/2155/79 
f 311/2170/79 314/2168/79 2470/2155/79 
f 373/2169/79 376/2171/79 2470/2155/79 
f 308/2172/79 311/2170/79 2470/2155/79 
f 376/2171/79 381/2173/79 2470/2155/79 
f 307/2174/79 308/2172/79 2470/2155/79 
f 381/2173/79 384/2175/79 2470/2155/79 
f 392/2176/79 307/2174/79 2470/2155/79 
f 384/2175/79 389/2177/79 2470/2155/79 
f 389/2177/79 392/2176/79 2470/2155/79 
f 2471/2178/79 756/2179/79 759/2180/79 
f 756/2179/79 2471/2178/79 751/2181/79 
f 2471/2178/79 759/2180/79 764/2182/79 
f 2471/2178/79 748/2183/79 751/2181/79 
f 2471/2178/79 764/2182/79 767/2184/79 
f 2471/2178/79 743/2185/79 748/2183/79 
f 2471/2178/79 767/2184/79 772/2186/79 
f 2471/2178/79 740/2187/79 743/2185/79 
f 2471/2178/79 772/2186/79 775/2188/79 
f 2471/2178/79 735/2189/79 740/2187/79 
f 2471/2178/79 775/2188/79 780/2190/79 
f 2471/2178/79 732/2191/79 735/2189/79 
f 2471/2178/79 780/2190/79 587/2192/79 
f 2471/2178/79 727/2193/79 732/2191/79 
f 2471/2178/79 587/2192/79 584/2194/79 
f 2471/2178/79 724/2195/79 727/2193/79 
f 2471/2178/79 584/2194/79 581/2196/79 
f 2471/2178/79 721/2197/79 724/2195/79 
f 2471/2178/79 581/2196/79 579/2198/79 
f 2471/2178/79 718/2199/79 721/2197/79 
f 2471/2178/79 579/2198/79 578/2200/79 
f 2471/2178/79 715/2201/79 718/2199/79 
f 2471/2178/79 578/2200/79 712/2202/79 
f 2471/2178/79 712/2202/79 715/2201/79 
f 2472/2203/79 114/2204/79 116/2205/79 
f 114/2204/79 2472/2203/79 112/2206/79 
f 2472/2203/79 116/2205/79 118/2207/79 
f 2472/2203/79 110/2208/79 112/2206/79 
f 2472/2203/79 118/2207/79 120/2209/79 
f 2472/2203/79 108/2210/79 110/2208/79 
f 2472/2203/79 120/2209/79 122/2211/79 
f 2472/2203/79 106/2212/79 108/2210/79 
f 2472/2203/79 122/2211/79 124/2213/79 
f 2472/2203/79 104/2214/79 106/2212/79 
f 2472/2203/79 124/2213/79 126/2215/79 
f 2472/2203/79 102/2216/79 104/2214/79 
f 2472/2203/79 126/2215/79 128/2217/79 
f 2472/2203/79 100/2218/79 102/2216/79 
f 2472/2203/79 128/2217/79 130/2219/79 
f 2472/2203/79 98/2220/79 100/2218/79 
f 2472/2203/79 130/2219/79 132/2221/79 
f 2472/2203/79 96/2222/79 98/2220/79 
f 2472/2203/79 132/2221/79 134/2223/79 
f 2472/2203/79 94/2224/79 96/2222/79 
f 2472/2203/79 134/2223/79 87/2225/79 
f 2472/2203/79 92/2226/79 94/2224/79 
f 2472/2203/79 87/2225/79 90/2227/79 
f 2472/2203/79 90/2227/79 92/2226/79 
f 115/2228/12 113/2229/12 2473/2230/12 
f 117/2231/12 115/2228/12 2473/2230/12 
f 113/2229/12 111/2232/12 2473/2230/12 
f 119/2233/12 117/2231/12 2473/2230/12 
f 111/2232/12 109/2234/12 2473/2230/12 
f 121/2235/12 119/2233/12 2473/2230/12 
f 109/2234/12 107/2236/12 2473/2230/12 
f 123/2237/12 121/2235/12 2473/2230/12 
f 107/2236/12 105/2238/12 2473/2230/12 
f 125/2239/12 123/2237/12 2473/2230/12 
f 105/2238/12 103/2240/12 2473/2230/12 
f 127/2241/12 125/2239/12 2473/2230/12 
f 103/2240/12 101/2242/12 2473/2230/12 
f 129/2243/12 127/2241/12 2473/2230/12 
f 101/2242/12 99/2244/12 2473/2230/12 
f 131/2245/12 129/2243/12 2473/2230/12 
f 99/2244/12 97/2246/12 2473/2230/12 
f 133/2247/12 131/2245/12 2473/2230/12 
f 97/2246/12 95/2248/12 2473/2230/12 
f 88/2249/12 133/2247/12 2473/2230/12 
f 95/2248/12 93/2250/12 2473/2230/12 
f 89/2251/12 88/2249/12 2473/2230/12 
f 93/2250/12 91/2252/12 2473/2230/12 
f 91/2252/12 89/2251/12 2473/2230/12 
f 156/2253/79 158/2254/79 2474/2255/79 
f 154/2256/79 156/2253/79 2474/2255/79 
f 2474/2255/79 158/2254/79 159/2257/79 
f 152/2258/79 154/2256/79 2474/2255/79 
f 159/2257/79 162/2259/79 2474/2255/79 
f 150/2260/79 152/2258/79 2474/2255/79 
f 162/2259/79 164/2261/79 2474/2255/79 
f 148/2262/79 150/2260/79 2474/2255/79 
f 164/2261/79 166/2263/79 2474/2255/79 
f 146/2264/79 148/2262/79 2474/2255/79 
f 166/2263/79 168/2265/79 2474/2255/79 
f 144/2266/79 146/2264/79 2474/2255/79 
f 168/2265/79 170/2267/79 2474/2255/79 
f 142/2268/79 144/2266/79 2474/2255/79 
f 170/2267/79 172/2269/79 2474/2255/79 
f 140/2270/79 142/2268/79 2474/2255/79 
f 172/2269/79 174/2271/79 2474/2255/79 
f 138/2272/79 140/2270/79 2474/2255/79 
f 174/2271/79 176/2273/79 2474/2255/79 
f 135/2274/79 138/2272/79 2474/2255/79 
f 176/2273/79 178/2275/79 2474/2255/79 
f 182/2276/79 135/2274/79 2474/2255/79 
f 178/2275/79 180/2277/79 2474/2255/79 
f 180/2277/79 182/2276/79 2474/2255/79 
f 155/2278/12 2475/2279/12 157/2280/12 
f 153/2281/12 2475/2279/12 155/2278/12 
f 157/2280/12 2475/2279/12 160/2282/12 
f 151/2283/12 2475/2279/12 153/2281/12 
f 160/2282/12 2475/2279/12 161/2284/12 
f 149/2285/12 2475/2279/12 151/2283/12 
f 161/2284/12 2475/2279/12 163/2286/12 
f 147/2287/12 2475/2279/12 149/2285/12 
f 163/2286/12 2475/2279/12 165/2288/12 
f 145/2289/12 2475/2279/12 147/2287/12 
f 165/2288/12 2475/2279/12 167/2290/12 
f 143/2291/12 2475/2279/12 145/2289/12 
f 167/2290/12 2475/2279/12 169/2292/12 
f 141/2293/12 2475/2279/12 143/2291/12 
f 169/2292/12 2475/2279/12 171/2294/12 
f 139/2295/12 2475/2279/12 141/2293/12 
f 171/2294/12 2475/2279/12 173/2296/12 
f 137/2297/12 2475/2279/12 139/2295/12 
f 173/2296/12 2475/2279/12 175/2298/12 
f 136/2299/12 2475/2279/12 137/2297/12 
f 175/2298/12 2475/2279/12 177/2300/12 
f 181/2301/12 2475/2279/12 136/2299/12 
f 177/2300/12 2475/2279/12 179/2302/12 
f 179/2302/12 2475/2279/12 181/2301/12 
f 2090/2303/2273 2095/2304/2274 2476/2305/2275 
f 2476/2305/2275 2095/2304/2274 2096/2306/2276 
f 2476/2305/2275 2477/2307/2277 2090/2303/2273 
f 2096/2306/2276 2478/2308/2278 2476/2305/2275 
f 2090/2303/2273 2477/2307/2277 2479/2309/2279 
f 2479/2309/2279 2089/2310/2280 2090/2303/2273 
f 2085/2311/2281 2089/2310/2280 2479/2309/2279 
f 2477/2307/2277 2476/2305/2275 2480/2312/2282 
f 2479/2309/2279 2481/2313/2283 2085/2311/2281 
f 2479/2309/2279 2477/2307/2277 2482/2314/2284 
f 2480/2312/2282 2482/2314/2284 2477/2307/2277 
f 2481/2313/2283 2479/2309/2279 2483/2315/2285 
f 2482/2314/2284 2483/2315/2285 2479/2309/2279 
f 2085/2311/2281 2481/2313/2283 2484/2316/2286 
f 2484/2316/2286 2086/2317/2287 2085/2311/2281 
f 2087/2318/2288 2086/2317/2287 2484/2316/2286 
f 2483/2315/2285 2485/2319/2289 2481/2313/2283 
f 2484/2316/2286 2481/2313/2283 2485/2319/2289 
f 2486/2320/2290 2483/2315/2285 2482/2314/2284 
f 2485/2319/2289 2483/2315/2285 2486/2320/2290 
f 2484/2316/2286 2487/2321/2291 2087/2318/2288 
f 2485/2319/2289 2488/2322/2292 2484/2316/2286 
f 2487/2321/2291 2484/2316/2286 2488/2322/2292 
f 2087/2318/2288 2487/2321/2291 2489/2323/2293 
f 2489/2323/2293 2092/2324/2294 2087/2318/2288 
f 2093/2325/2295 2092/2324/2294 2489/2323/2293 
f 2488/2322/2292 2490/2326/2296 2487/2321/2291 
f 2489/2323/2293 2487/2321/2291 2490/2326/2296 
f 2491/2327/2297 2488/2322/2292 2485/2319/2289 
f 2490/2326/2296 2488/2322/2292 2491/2327/2297 
f 2489/2323/2293 2492/2328/2298 2093/2325/2295 
f 2490/2326/2296 2493/2329/2299 2489/2323/2293 
f 2492/2328/2298 2489/2323/2293 2493/2329/2299 
f 2093/2325/2295 2492/2328/2298 2494/2330/2300 
f 2494/2330/2300 2098/2331/2301 2093/2325/2295 
f 2099/2332/2302 2098/2331/2301 2494/2330/2300 
f 2493/2329/2299 2495/2333/2303 2492/2328/2298 
f 2494/2330/2300 2492/2328/2298 2495/2333/2303 
f 2496/2334/2304 2493/2329/2299 2490/2326/2296 
f 2495/2333/2303 2493/2329/2299 2496/2334/2304 
f 2494/2330/2300 2497/2335/2305 2099/2332/2302 
f 2495/2333/2303 2498/2336/2306 2494/2330/2300 
f 2497/2335/2305 2494/2330/2300 2498/2336/2306 
f 2099/2332/2302 2497/2335/2305 2499/2337/2307 
f 2499/2337/2307 2104/2338/2308 2099/2332/2302 
f 2105/2339/2309 2104/2338/2308 2499/2337/2307 
f 2498/2336/2306 2500/2340/2310 2497/2335/2305 
f 2499/2337/2307 2497/2335/2305 2500/2340/2310 
f 2501/2341/2311 2498/2336/2306 2495/2333/2303 
f 2500/2340/2310 2498/2336/2306 2501/2341/2311 
f 2499/2337/2307 2502/2342/2312 2105/2339/2309 
f 2500/2340/2310 2503/2343/2313 2499/2337/2307 
f 2502/2342/2312 2499/2337/2307 2503/2343/2313 
f 2105/2339/2309 2502/2342/2312 2504/2344/2314 
f 2504/2344/2314 2110/2345/2315 2105/2339/2309 
f 2111/2346/2316 2110/2345/2315 2504/2344/2314 
f 2503/2343/2313 2505/2347/2317 2502/2342/2312 
f 2504/2344/2314 2502/2342/2312 2505/2347/2317 
f 2506/2348/2318 2503/2343/2313 2500/2340/2310 
f 2505/2347/2317 2503/2343/2313 2506/2348/2318 
f 2504/2344/2314 2507/2349/2319 2111/2346/2316 
f 2505/2347/2317 2508/2350/2320 2504/2344/2314 
f 2507/2349/2319 2504/2344/2314 2508/2350/2320 
f 2111/2346/2316 2507/2349/2319 2509/2351/2321 
f 2509/2351/2321 2116/2352/2322 2111/2346/2316 
f 2117/2353/2323 2116/2352/2322 2509/2351/2321 
f 2508/2350/2320 2510/2354/2324 2507/2349/2319 
f 2509/2351/2321 2507/2349/2319 2510/2354/2324 
f 2511/2355/2325 2508/2350/2320 2505/2347/2317 
f 2510/2354/2324 2508/2350/2320 2511/2355/2325 
f 2509/2351/2321 2512/2356/2326 2117/2353/2323 
f 2510/2354/2324 2513/2357/2327 2509/2351/2321 
f 2512/2356/2326 2509/2351/2321 2513/2357/2327 
f 2117/2353/2323 2512/2356/2326 2514/2358/2328 
f 2514/2358/2328 2122/2359/2329 2117/2353/2323 
f 2123/2360/2330 2122/2359/2329 2514/2358/2328 
f 2513/2357/2327 2515/2361/2331 2512/2356/2326 
f 2514/2358/2328 2512/2356/2326 2515/2361/2331 
f 2516/2362/2332 2513/2357/2327 2510/2354/2324 
f 2515/2361/2331 2513/2357/2327 2516/2362/2332 
f 2514/2358/2328 2517/2363/2333 2123/2360/2330 
f 2515/2361/2331 2518/2364/2334 2514/2358/2328 
f 2517/2363/2333 2514/2358/2328 2518/2364/2334 
f 2123/2360/2330 2517/2363/2333 2519/2365/2335 
f 2519/2365/2335 2128/2366/2336 2123/2360/2330 
f 2129/2367/2337 2128/2366/2336 2519/2365/2335 
f 2518/2364/2334 2520/2368/2338 2517/2363/2333 
f 2519/2365/2335 2517/2363/2333 2520/2368/2338 
f 2521/2369/2339 2518/2364/2334 2515/2361/2331 
f 2520/2368/2338 2518/2364/2334 2521/2369/2339 
f 2519/2365/2335 2522/2370/2340 2129/2367/2337 
f 2520/2368/2338 2523/2371/2341 2519/2365/2335 
f 2522/2370/2340 2519/2365/2335 2523/2371/2341 
f 2129/2367/2337 2522/2370/2340 2524/2372/2342 
f 2524/2372/2342 2134/2373/2343 2129/2367/2337 
f 2135/2374/2344 2134/2373/2343 2524/2372/2342 
f 2523/2371/2341 2525/2375/2345 2522/2370/2340 
f 2524/2372/2342 2522/2370/2340 2525/2375/2345 
f 2526/2376/2346 2523/2371/2341 2520/2368/2338 
f 2525/2375/2345 2523/2371/2341 2526/2376/2346 
f 2524/2372/2342 2527/2377/2347 2135/2374/2344 
f 2525/2375/2345 2528/2378/2348 2524/2372/2342 
f 2527/2377/2347 2524/2372/2342 2528/2378/2348 
f 2135/2374/2344 2527/2377/2347 2529/2379/2349 
f 2529/2379/2349 2140/2380/2350 2135/2374/2344 
f 2141/2381/2351 2140/2380/2350 2529/2379/2349 
f 2528/2378/2348 2530/2382/2352 2527/2377/2347 
f 2529/2379/2349 2527/2377/2347 2530/2382/2352 
f 2531/2383/2353 2528/2378/2348 2525/2375/2345 
f 2530/2382/2352 2528/2378/2348 2531/2383/2353 
f 2529/2379/2349 2532/2384/2354 2141/2381/2351 
f 2530/2382/2352 2533/2385/2355 2529/2379/2349 
f 2532/2384/2354 2529/2379/2349 2533/2385/2355 
f 2141/2381/2351 2532/2384/2354 2534/2386/2356 
f 2534/2386/2356 2146/2387/2357 2141/2381/2351 
f 2147/2388/2358 2146/2387/2357 2534/2386/2356 
f 2533/2385/2355 2535/2389/2359 2532/2384/2354 
f 2534/2386/2356 2532/2384/2354 2535/2389/2359 
f 2536/2390/2360 2533/2385/2355 2530/2382/2352 
f 2535/2389/2359 2533/2385/2355 2536/2390/2360 
f 2534/2386/2356 2537/2391/2361 2147/2388/2358 
f 2535/2389/2359 2538/2392/2362 2534/2386/2356 
f 2537/2391/2361 2534/2386/2356 2538/2392/2362 
f 2147/2388/2358 2537/2391/2361 2539/2393/2363 
f 2539/2393/2363 2152/2394/2364 2147/2388/2358 
f 2153/2395/2365 2152/2394/2364 2539/2393/2363 
f 2538/2392/2362 2540/2396/2366 2537/2391/2361 
f 2539/2393/2363 2537/2391/2361 2540/2396/2366 
f 2541/2397/2367 2538/2392/2362 2535/2389/2359 
f 2540/2396/2366 2538/2392/2362 2541/2397/2367 
f 2539/2393/2363 2542/2398/2368 2153/2395/2365 
f 2540/2396/2366 2543/2399/2369 2539/2393/2363 
f 2542/2398/2368 2539/2393/2363 2543/2399/2369 
f 2153/2395/2365 2542/2398/2368 2544/2400/2370 
f 2544/2400/2370 2155/2401/2371 2153/2395/2365 
f 2150/2402/2372 2155/2401/2371 2544/2400/2370 
f 2543/2399/2369 2545/2403/2373 2542/2398/2368 
f 2544/2400/2370 2542/2398/2368 2545/2403/2373 
f 2546/2404/2374 2543/2399/2369 2540/2396/2366 
f 2545/2403/2373 2543/2399/2369 2546/2404/2374 
f 2544/2400/2370 2547/2405/2375 2150/2402/2372 
f 2545/2403/2373 2548/2406/2376 2544/2400/2370 
f 2547/2405/2375 2544/2400/2370 2548/2406/2376 
f 2150/2402/2372 2547/2405/2375 2549/2407/2377 
f 2549/2407/2377 2149/2408/2378 2150/2402/2372 
f 2144/2409/2379 2149/2408/2378 2549/2407/2377 
f 2548/2406/2376 2550/2410/2380 2547/2405/2375 
f 2549/2407/2377 2547/2405/2375 2550/2410/2380 
f 2551/2411/2381 2548/2406/2376 2545/2403/2373 
f 2550/2410/2380 2548/2406/2376 2551/2411/2381 
f 2549/2407/2377 2552/2412/2382 2144/2409/2379 
f 2550/2410/2380 2553/2413/2383 2549/2407/2377 
f 2552/2412/2382 2549/2407/2377 2553/2413/2383 
f 2144/2409/2379 2552/2412/2382 2554/2414/2384 
f 2554/2414/2384 2143/2415/2385 2144/2409/2379 
f 2138/2416/2386 2143/2415/2385 2554/2414/2384 
f 2553/2413/2383 2555/2417/2387 2552/2412/2382 
f 2554/2414/2384 2552/2412/2382 2555/2417/2387 
f 2556/2418/2388 2553/2413/2383 2550/2410/2380 
f 2555/2417/2387 2553/2413/2383 2556/2418/2388 
f 2554/2414/2384 2557/2419/2389 2138/2416/2386 
f 2555/2417/2387 2558/2420/2390 2554/2414/2384 
f 2557/2419/2389 2554/2414/2384 2558/2420/2390 
f 2138/2416/2386 2557/2419/2389 2559/2421/2391 
f 2559/2421/2391 2137/2422/2392 2138/2416/2386 
f 2132/2423/2393 2137/2422/2392 2559/2421/2391 
f 2558/2420/2390 2560/2424/2394 2557/2419/2389 
f 2559/2421/2391 2557/2419/2389 2560/2424/2394 
f 2561/2425/2395 2558/2420/2390 2555/2417/2387 
f 2560/2424/2394 2558/2420/2390 2561/2425/2395 
f 2559/2421/2391 2562/2426/2396 2132/2423/2393 
f 2560/2424/2394 2563/2427/2397 2559/2421/2391 
f 2562/2426/2396 2559/2421/2391 2563/2427/2397 
f 2132/2423/2393 2562/2426/2396 2564/2428/2398 
f 2564/2428/2398 2131/2429/2399 2132/2423/2393 
f 2126/2430/2400 2131/2429/2399 2564/2428/2398 
f 2563/2427/2397 2565/2431/2401 2562/2426/2396 
f 2564/2428/2398 2562/2426/2396 2565/2431/2401 
f 2566/2432/2402 2563/2427/2397 2560/2424/2394 
f 2565/2431/2401 2563/2427/2397 2566/2432/2402 
f 2564/2428/2398 2567/2433/2403 2126/2430/2400 
f 2565/2431/2401 2568/2434/2404 2564/2428/2398 
f 2567/2433/2403 2564/2428/2398 2568/2434/2404 
f 2126/2430/2400 2567/2433/2403 2569/2435/2405 
f 2569/2435/2405 2125/2436/2406 2126/2430/2400 
f 2120/2437/2407 2125/2436/2406 2569/2435/2405 
f 2568/2434/2404 2570/2438/2408 2567/2433/2403 
f 2569/2435/2405 2567/2433/2403 2570/2438/2408 
f 2571/2439/2409 2568/2434/2404 2565/2431/2401 
f 2570/2438/2408 2568/2434/2404 2571/2439/2409 
f 2569/2435/2405 2572/2440/2410 2120/2437/2407 
f 2570/2438/2408 2573/2441/2411 2569/2435/2405 
f 2572/2440/2410 2569/2435/2405 2573/2441/2411 
f 2120/2437/2407 2572/2440/2410 2574/2442/2412 
f 2574/2442/2412 2119/2443/2413 2120/2437/2407 
f 2114/2444/2414 2119/2443/2413 2574/2442/2412 
f 2573/2441/2411 2575/2445/2415 2572/2440/2410 
f 2574/2442/2412 2572/2440/2410 2575/2445/2415 
f 2576/2446/2416 2573/2441/2411 2570/2438/2408 
f 2575/2445/2415 2573/2441/2411 2576/2446/2416 
f 2574/2442/2412 2577/2447/2417 2114/2444/2414 
f 2575/2445/2415 2578/2448/2418 2574/2442/2412 
f 2577/2447/2417 2574/2442/2412 2578/2448/2418 
f 2114/2444/2414 2577/2447/2417 2579/2449/2419 
f 2579/2449/2419 2113/2450/2420 2114/2444/2414 
f 2108/2451/2421 2113/2450/2420 2579/2449/2419 
f 2578/2448/2418 2580/2452/2422 2577/2447/2417 
f 2579/2449/2419 2577/2447/2417 2580/2452/2422 
f 2581/2453/2423 2578/2448/2418 2575/2445/2415 
f 2580/2452/2422 2578/2448/2418 2581/2453/2423 
f 2579/2449/2419 2582/2454/2424 2108/2451/2421 
f 2580/2452/2422 2583/2455/2425 2579/2449/2419 
f 2582/2454/2424 2579/2449/2419 2583/2455/2425 
f 2108/2451/2421 2582/2454/2424 2584/2456/2426 
f 2584/2456/2426 2107/2457/2427 2108/2451/2421 
f 2102/2458/2428 2107/2457/2427 2584/2456/2426 
f 2583/2455/2425 2585/2459/2429 2582/2454/2424 
f 2584/2456/2426 2582/2454/2424 2585/2459/2429 
f 2586/2460/2430 2583/2455/2425 2580/2452/2422 
f 2585/2459/2429 2583/2455/2425 2586/2460/2430 
f 2584/2456/2426 2587/2461/2431 2102/2458/2428 
f 2585/2459/2429 2588/2462/2432 2584/2456/2426 
f 2587/2461/2431 2584/2456/2426 2588/2462/2432 
f 2102/2458/2428 2587/2461/2431 2589/2463/2433 
f 2589/2463/2433 2101/2464/2434 2102/2458/2428 
f 2096/2306/2276 2101/2464/2434 2589/2463/2433 
f 2589/2463/2433 2478/2308/2278 2096/2306/2276 
f 2588/2462/2432 2590/2465/2435 2587/2461/2431 
f 2589/2463/2433 2587/2461/2431 2590/2465/2435 
f 2478/2308/2278 2589/2463/2433 2591/2466/2436 
f 2590/2465/2435 2591/2466/2436 2589/2463/2433 
f 2591/2466/2436 2592/2467/2437 2478/2308/2278 
f 2476/2305/2275 2478/2308/2278 2592/2467/2437 
f 2592/2467/2437 2480/2312/2282 2476/2305/2275 
f 2593/2468/2438 2591/2466/2436 2590/2465/2435 
f 2592/2467/2437 2591/2466/2436 2593/2468/2438 
f 2590/2465/2435 2588/2462/2432 2594/2469/2439 
f 2594/2469/2439 2588/2462/2432 2585/2459/2429 
f 2595/2470/2440 2480/2312/2282 2592/2467/2437 
f 2482/2314/2284 2480/2312/2282 2595/2470/2440 
f 2585/2459/2429 2596/2471/2441 2594/2469/2439 
f 2586/2460/2430 2596/2471/2441 2585/2459/2429 
f 2594/2469/2439 2597/2472/2442 2590/2465/2435 
f 2590/2465/2435 2597/2472/2442 2593/2468/2438 
f 2598/2473/2443 2594/2469/2439 2596/2471/2441 
f 2599/2474/2444 2597/2472/2442 2594/2469/2439 
f 2594/2469/2439 2598/2473/2443 2599/2474/2444 
f 2600/2475/2445 2593/2468/2438 2597/2472/2442 
f 2597/2472/2442 2599/2474/2444 2600/2475/2445 
f 2593/2468/2438 2601/2476/2446 2592/2467/2437 
f 2592/2467/2437 2601/2476/2446 2595/2470/2440 
f 2602/2477/2447 2601/2476/2446 2593/2468/2438 
f 2593/2468/2438 2600/2475/2445 2602/2477/2447 
f 2603/2478/2448 2595/2470/2440 2601/2476/2446 
f 2601/2476/2446 2602/2477/2447 2603/2478/2448 
f 2595/2470/2440 2604/2479/2449 2482/2314/2284 
f 2482/2314/2284 2604/2479/2449 2486/2320/2290 
f 2605/2480/2450 2604/2479/2449 2595/2470/2440 
f 2595/2470/2440 2603/2478/2448 2605/2480/2450 
f 2606/2481/2451 2486/2320/2290 2604/2479/2449 
f 2604/2479/2449 2605/2480/2450 2606/2481/2451 
f 2607/2482/2452 2603/2478/2448 2602/2477/2447 
f 2608/2483/2453 2605/2480/2450 2603/2478/2448 
f 2603/2478/2448 2607/2482/2452 2608/2483/2453 
f 2609/2484/2454 2606/2481/2451 2605/2480/2450 
f 2605/2480/2450 2608/2483/2453 2609/2484/2454 
f 2602/2477/2447 2610/2485/2455 2607/2482/2452 
f 2610/2485/2455 2602/2477/2447 2600/2475/2445 
f 2608/2483/2453 2607/2482/2452 2611/2486/2456 
f 2600/2475/2445 2612/2487/2457 2610/2485/2455 
f 2612/2487/2457 2600/2475/2445 2599/2474/2444 
f 2607/2482/2452 2610/2485/2455 2613/2488/2458 
f 2613/2488/2458 2611/2486/2456 2607/2482/2452 
f 2610/2485/2455 2612/2487/2457 2614/2489/2459 
f 2614/2489/2459 2613/2488/2458 2610/2485/2455 
f 2599/2474/2444 2615/2490/2460 2612/2487/2457 
f 2615/2490/2460 2599/2474/2444 2598/2473/2443 
f 2616/2491/2461 2614/2489/2459 2612/2487/2457 
f 2612/2487/2457 2615/2490/2460 2616/2491/2461 
f 2613/2488/2458 2614/2489/2459 2617/2492/2462 
f 2614/2489/2459 2616/2491/2461 2618/2493/2463 
f 2618/2493/2463 2617/2492/2462 2614/2489/2459 
f 2617/2492/2462 2619/2494/2464 2613/2488/2458 
f 2611/2486/2456 2613/2488/2458 2619/2494/2464 
f 2618/2493/2463 2620/2495/2465 2617/2492/2462 
f 2619/2494/2464 2617/2492/2462 2620/2495/2465 
f 2621/2496/2466 2618/2493/2463 2616/2491/2461 
f 2620/2495/2465 2618/2493/2463 2621/2496/2466 
f 2619/2494/2464 2622/2497/2467 2611/2486/2456 
f 2622/2497/2467 2619/2494/2464 2620/2495/2465 
f 2611/2486/2456 2623/2498/2468 2608/2483/2453 
f 2623/2498/2468 2611/2486/2456 2622/2497/2467 
f 2609/2484/2454 2608/2483/2453 2623/2498/2468 
f 2622/2497/2467 2624/2499/2469 2623/2498/2468 
f 2623/2498/2468 2625/2500/2470 2609/2484/2454 
f 2625/2500/2470 2623/2498/2468 2624/2499/2469 
f 2626/2501/2471 2609/2484/2454 2625/2500/2470 
f 2606/2481/2451 2609/2484/2454 2626/2501/2471 
f 2624/2499/2469 2627/2502/2472 2625/2500/2470 
f 2626/2501/2471 2628/2503/2473 2606/2481/2451 
f 2486/2320/2290 2606/2481/2451 2628/2503/2473 
f 2625/2500/2470 2629/2504/2474 2626/2501/2471 
f 2629/2504/2474 2625/2500/2470 2627/2502/2472 
f 2628/2503/2473 2630/2505/2475 2486/2320/2290 
f 2486/2320/2290 2630/2505/2475 2485/2319/2289 
f 2485/2319/2289 2630/2505/2475 2491/2327/2297 
f 2628/2503/2473 2626/2501/2471 2631/2506/2476 
f 2631/2506/2476 2626/2501/2471 2629/2504/2474 
f 2630/2505/2475 2628/2503/2473 2632/2507/2477 
f 2631/2506/2476 2632/2507/2477 2628/2503/2473 
f 2632/2507/2477 2491/2327/2297 2630/2505/2475 
f 2629/2504/2474 2633/2508/2478 2631/2506/2476 
f 2632/2507/2477 2631/2506/2476 2634/2509/2479 
f 2634/2509/2479 2631/2506/2476 2633/2508/2478 
f 2491/2327/2297 2632/2507/2477 2635/2510/2480 
f 2634/2509/2479 2635/2510/2480 2632/2507/2477 
f 2635/2510/2480 2636/2511/2481 2491/2327/2297 
f 2491/2327/2297 2636/2511/2481 2490/2326/2296 
f 2490/2326/2296 2636/2511/2481 2496/2334/2304 
f 2636/2511/2481 2635/2510/2480 2637/2512/2482 
f 2637/2512/2482 2496/2334/2304 2636/2511/2481 
f 2635/2510/2480 2634/2509/2479 2638/2513/2483 
f 2638/2513/2483 2637/2512/2482 2635/2510/2480 
f 2638/2513/2483 2634/2509/2479 2639/2514/2484 
f 2633/2508/2478 2639/2514/2484 2634/2509/2479 
f 2637/2512/2482 2638/2513/2483 2640/2515/2485 
f 2639/2514/2484 2633/2508/2478 2641/2516/2486 
f 2496/2334/2304 2637/2512/2482 2642/2517/2487 
f 2640/2515/2485 2642/2517/2487 2637/2512/2482 
f 2639/2514/2484 2643/2518/2488 2638/2513/2483 
f 2640/2515/2485 2638/2513/2483 2643/2518/2488 
f 2642/2517/2487 2644/2519/2489 2496/2334/2304 
f 2496/2334/2304 2644/2519/2489 2495/2333/2303 
f 2495/2333/2303 2644/2519/2489 2501/2341/2311 
f 2644/2519/2489 2642/2517/2487 2645/2520/2490 
f 2645/2520/2490 2501/2341/2311 2644/2519/2489 
f 2642/2517/2487 2640/2515/2485 2646/2521/2491 
f 2646/2521/2491 2645/2520/2490 2642/2517/2487 
f 2646/2521/2491 2640/2515/2485 2647/2522/2492 
f 2643/2518/2488 2647/2522/2492 2640/2515/2485 
f 2645/2520/2490 2646/2521/2491 2648/2523/2493 
f 2643/2518/2488 2639/2514/2484 2649/2524/2494 
f 2641/2516/2486 2649/2524/2494 2639/2514/2484 
f 2649/2524/2494 2650/2525/2495 2643/2518/2488 
f 2647/2522/2492 2643/2518/2488 2650/2525/2495 
f 2649/2524/2494 2641/2516/2486 2651/2526/2496 
f 2650/2525/2495 2649/2524/2494 2651/2526/2496 
f 2647/2522/2492 2652/2527/2497 2646/2521/2491 
f 2648/2523/2493 2646/2521/2491 2652/2527/2497 
f 2650/2525/2495 2653/2528/2498 2647/2522/2492 
f 2652/2527/2497 2647/2522/2492 2653/2528/2498 
f 2653/2528/2498 2650/2525/2495 2654/2529/2499 
f 2651/2526/2496 2654/2529/2499 2650/2525/2495 
f 2653/2528/2498 2655/2530/2500 2652/2527/2497 
f 2653/2528/2498 2654/2529/2499 2655/2530/2500 
f 2652/2527/2497 2656/2531/2501 2648/2523/2493 
f 2656/2531/2501 2652/2527/2497 2655/2530/2500 
f 2648/2523/2493 2657/2532/2502 2645/2520/2490 
f 2501/2341/2311 2645/2520/2490 2657/2532/2502 
f 2658/2533/2503 2648/2523/2493 2656/2531/2501 
f 2657/2532/2502 2648/2523/2493 2658/2533/2503 
f 2657/2532/2502 2659/2534/2504 2501/2341/2311 
f 2501/2341/2311 2659/2534/2504 2500/2340/2310 
f 2500/2340/2310 2659/2534/2504 2506/2348/2318 
f 2659/2534/2504 2657/2532/2502 2660/2535/2505 
f 2660/2535/2505 2506/2348/2318 2659/2534/2504 
f 2658/2533/2503 2660/2535/2505 2657/2532/2502 
f 2506/2348/2318 2660/2535/2505 2661/2536/2506 
f 2660/2535/2505 2658/2533/2503 2662/2537/2507 
f 2662/2537/2507 2661/2536/2506 2660/2535/2505 
f 2656/2531/2501 2663/2538/2508 2658/2533/2503 
f 2662/2537/2507 2658/2533/2503 2663/2538/2508 
f 2661/2536/2506 2664/2539/2509 2506/2348/2318 
f 2506/2348/2318 2664/2539/2509 2505/2347/2317 
f 2505/2347/2317 2664/2539/2509 2511/2355/2325 
f 2664/2539/2509 2661/2536/2506 2665/2540/2510 
f 2665/2540/2510 2511/2355/2325 2664/2539/2509 
f 2661/2536/2506 2662/2537/2507 2666/2541/2511 
f 2666/2541/2511 2665/2540/2510 2661/2536/2506 
f 2666/2541/2511 2662/2537/2507 2667/2542/2512 
f 2663/2538/2508 2667/2542/2512 2662/2537/2507 
f 2665/2540/2510 2666/2541/2511 2668/2543/2513 
f 2663/2538/2508 2656/2531/2501 2669/2544/2514 
f 2655/2530/2500 2669/2544/2514 2656/2531/2501 
f 2669/2544/2514 2670/2545/2515 2663/2538/2508 
f 2667/2542/2512 2663/2538/2508 2670/2545/2515 
f 2671/2546/2516 2669/2544/2514 2655/2530/2500 
f 2669/2544/2514 2671/2546/2516 2670/2545/2515 
f 2655/2530/2500 2654/2529/2499 2671/2546/2516 
f 2670/2545/2515 2672/2547/2517 2667/2542/2512 
f 2672/2547/2517 2670/2545/2515 2671/2546/2516 
f 2667/2542/2512 2673/2548/2518 2666/2541/2511 
f 2673/2548/2518 2667/2542/2512 2672/2547/2517 
f 2668/2543/2513 2666/2541/2511 2673/2548/2518 
f 2672/2547/2517 2674/2549/2519 2673/2548/2518 
f 2674/2549/2519 2672/2547/2517 2671/2546/2516 
f 2673/2548/2518 2675/2550/2520 2668/2543/2513 
f 2675/2550/2520 2673/2548/2518 2674/2549/2519 
f 2668/2543/2513 2676/2551/2521 2665/2540/2510 
f 2511/2355/2325 2665/2540/2510 2676/2551/2521 
f 2677/2552/2522 2668/2543/2513 2675/2550/2520 
f 2676/2551/2521 2668/2543/2513 2677/2552/2522 
f 2676/2551/2521 2678/2553/2523 2511/2355/2325 
f 2511/2355/2325 2678/2553/2523 2510/2354/2324 
f 2510/2354/2324 2678/2553/2523 2516/2362/2332 
f 2678/2553/2523 2676/2551/2521 2679/2554/2524 
f 2679/2554/2524 2516/2362/2332 2678/2553/2523 
f 2677/2552/2522 2679/2554/2524 2676/2551/2521 
f 2516/2362/2332 2679/2554/2524 2680/2555/2525 
f 2679/2554/2524 2677/2552/2522 2681/2556/2526 
f 2681/2556/2526 2680/2555/2525 2679/2554/2524 
f 2675/2550/2520 2682/2557/2527 2677/2552/2522 
f 2681/2556/2526 2677/2552/2522 2682/2557/2527 
f 2680/2555/2525 2683/2558/2528 2516/2362/2332 
f 2516/2362/2332 2683/2558/2528 2515/2361/2331 
f 2515/2361/2331 2683/2558/2528 2521/2369/2339 
f 2683/2558/2528 2680/2555/2525 2684/2559/2529 
f 2684/2559/2529 2521/2369/2339 2683/2558/2528 
f 2680/2555/2525 2681/2556/2526 2685/2560/2530 
f 2685/2560/2530 2684/2559/2529 2680/2555/2525 
f 2685/2560/2530 2681/2556/2526 2686/2561/2531 
f 2682/2557/2527 2686/2561/2531 2681/2556/2526 
f 2684/2559/2529 2685/2560/2530 2687/2562/2532 
f 2682/2557/2527 2675/2550/2520 2688/2563/2533 
f 2674/2549/2519 2688/2563/2533 2675/2550/2520 
f 2688/2563/2533 2689/2564/2534 2682/2557/2527 
f 2686/2561/2531 2682/2557/2527 2689/2564/2534 
f 2688/2563/2533 2674/2549/2519 2690/2565/2535 
f 2688/2563/2533 2690/2565/2535 2689/2564/2534 
f 2671/2546/2516 2690/2565/2535 2674/2549/2519 
f 2689/2564/2534 2691/2566/2536 2686/2561/2531 
f 2690/2565/2535 2671/2546/2516 2692/2567/2537 
f 2692/2567/2537 2671/2546/2516 2654/2529/2499 
f 2692/2567/2537 2693/2568/2538 2690/2565/2535 
f 2654/2529/2499 2694/2569/2539 2692/2567/2537 
f 2690/2565/2535 2693/2568/2538 2695/2570/2540 
f 2696/2571/2541 2694/2569/2539 2654/2529/2499 
f 2654/2529/2499 2651/2526/2496 2696/2571/2541 
f 2689/2564/2534 2690/2565/2535 2697/2572/2542 
f 2695/2570/2540 2697/2572/2542 2690/2565/2535 
f 2697/2572/2542 2691/2566/2536 2689/2564/2534 
f 2696/2571/2541 2651/2526/2496 2698/2573/2543 
f 2698/2573/2543 2699/2574/2544 2696/2571/2541 
f 2700/2575/2545 2699/2574/2544 2698/2573/2543 
f 2627/2502/2472 2698/2573/2543 2651/2526/2496 
f 2624/2499/2469 2698/2573/2543 2627/2502/2472 
f 2624/2499/2469 2622/2497/2467 2698/2573/2543 
f 2620/2495/2465 2698/2573/2543 2622/2497/2467 
f 2698/2573/2543 2620/2495/2465 2700/2575/2545 
f 2651/2526/2496 2701/2576/2546 2627/2502/2472 
f 2701/2576/2546 2651/2526/2496 2641/2516/2486 
f 2627/2502/2472 2701/2576/2546 2629/2504/2474 
f 2701/2576/2546 2641/2516/2486 2633/2508/2478 
f 2633/2508/2478 2629/2504/2474 2701/2576/2546 
f 2700/2575/2545 2620/2495/2465 2702/2577/2547 
f 2702/2577/2547 2703/2578/2548 2700/2575/2545 
f 2621/2496/2466 2702/2577/2547 2620/2495/2465 
f 2704/2579/2549 2703/2578/2548 2702/2577/2547 
f 2705/2580/2550 2702/2577/2547 2621/2496/2466 
f 2702/2577/2547 2706/2581/2551 2704/2579/2549 
f 2705/2580/2550 2621/2496/2466 2707/2582/2552 
f 2616/2491/2461 2707/2582/2552 2621/2496/2466 
f 2707/2582/2552 2616/2491/2461 2615/2490/2460 
f 2705/2580/2550 2708/2583/2553 2702/2577/2547 
f 2706/2581/2551 2702/2577/2547 2708/2583/2553 
f 2707/2582/2552 2709/2584/2554 2705/2580/2550 
f 2708/2583/2553 2705/2580/2550 2709/2584/2554 
f 2615/2490/2460 2710/2585/2555 2707/2582/2552 
f 2709/2584/2554 2707/2582/2552 2710/2585/2555 
f 2598/2473/2443 2710/2585/2555 2615/2490/2460 
f 2709/2584/2554 2711/2586/2556 2708/2583/2553 
f 2710/2585/2555 2598/2473/2443 2712/2587/2557 
f 2596/2471/2441 2712/2587/2557 2598/2473/2443 
f 2710/2585/2555 2713/2588/2558 2709/2584/2554 
f 2712/2587/2557 2713/2588/2558 2710/2585/2555 
f 2711/2586/2556 2709/2584/2554 2713/2588/2558 
f 2712/2587/2557 2596/2471/2441 2586/2460/2430 
f 2714/2589/2559 2708/2583/2553 2711/2586/2556 
f 2708/2583/2553 2714/2589/2559 2706/2581/2551 
f 2586/2460/2430 2715/2590/2560 2712/2587/2557 
f 2713/2588/2558 2712/2587/2557 2715/2590/2560 
f 2715/2590/2560 2586/2460/2430 2716/2591/2561 
f 2580/2452/2422 2716/2591/2561 2586/2460/2430 
f 2581/2453/2423 2716/2591/2561 2580/2452/2422 
f 2715/2590/2560 2717/2592/2562 2713/2588/2558 
f 2713/2588/2558 2717/2592/2562 2711/2586/2556 
f 2716/2591/2561 2718/2593/2563 2715/2590/2560 
f 2717/2592/2562 2715/2590/2560 2718/2593/2563 
f 2718/2593/2563 2716/2591/2561 2581/2453/2423 
f 2719/2594/2564 2711/2586/2556 2717/2592/2562 
f 2711/2586/2556 2719/2594/2564 2714/2589/2559 
f 2718/2593/2563 2720/2595/2565 2717/2592/2562 
f 2717/2592/2562 2720/2595/2565 2719/2594/2564 
f 2581/2453/2423 2721/2596/2566 2718/2593/2563 
f 2720/2595/2565 2718/2593/2563 2721/2596/2566 
f 2722/2597/2567 2714/2589/2559 2719/2594/2564 
f 2714/2589/2559 2722/2597/2567 2706/2581/2551 
f 2723/2598/2568 2719/2594/2564 2720/2595/2565 
f 2719/2594/2564 2723/2598/2568 2722/2597/2567 
f 2721/2596/2566 2724/2599/2569 2720/2595/2565 
f 2720/2595/2565 2724/2599/2569 2723/2598/2568 
f 2721/2596/2566 2581/2453/2423 2725/2600/2570 
f 2575/2445/2415 2725/2600/2570 2581/2453/2423 
f 2576/2446/2416 2725/2600/2570 2575/2445/2415 
f 2725/2600/2570 2726/2601/2571 2721/2596/2566 
f 2726/2601/2571 2725/2600/2570 2576/2446/2416 
f 2724/2599/2569 2721/2596/2566 2726/2601/2571 
f 2727/2602/2572 2722/2597/2567 2723/2598/2568 
f 2727/2602/2572 2706/2581/2551 2722/2597/2567 
f 2728/2603/2573 2723/2598/2568 2724/2599/2569 
f 2723/2598/2568 2728/2603/2573 2727/2602/2572 
f 2726/2601/2571 2729/2604/2574 2724/2599/2569 
f 2724/2599/2569 2729/2604/2574 2728/2603/2573 
f 2706/2581/2551 2727/2602/2572 2730/2605/2575 
f 2730/2605/2575 2727/2602/2572 2728/2603/2573 
f 2729/2604/2574 2726/2601/2571 2731/2606/2576 
f 2576/2446/2416 2731/2606/2576 2726/2601/2571 
f 2732/2607/2577 2728/2603/2573 2729/2604/2574 
f 2728/2603/2573 2732/2607/2577 2730/2605/2575 
f 2731/2606/2576 2576/2446/2416 2733/2608/2578 
f 2570/2438/2408 2733/2608/2578 2576/2446/2416 
f 2571/2439/2409 2733/2608/2578 2570/2438/2408 
f 2731/2606/2576 2734/2609/2579 2729/2604/2574 
f 2729/2604/2574 2734/2609/2579 2732/2607/2577 
f 2733/2608/2578 2735/2610/2580 2731/2606/2576 
f 2734/2609/2579 2731/2606/2576 2735/2610/2580 
f 2735/2610/2580 2733/2608/2578 2571/2439/2409 
f 2736/2611/2581 2732/2607/2577 2734/2609/2579 
f 2735/2610/2580 2737/2612/2582 2734/2609/2579 
f 2734/2609/2579 2737/2612/2582 2736/2611/2581 
f 2571/2439/2409 2738/2613/2583 2735/2610/2580 
f 2737/2612/2582 2735/2610/2580 2738/2613/2583 
f 2738/2613/2583 2571/2439/2409 2739/2614/2584 
f 2565/2431/2401 2739/2614/2584 2571/2439/2409 
f 2566/2432/2402 2739/2614/2584 2565/2431/2401 
f 2739/2614/2584 2740/2615/2585 2738/2613/2583 
f 2740/2615/2585 2739/2614/2584 2566/2432/2402 
f 2738/2613/2583 2741/2616/2586 2737/2612/2582 
f 2741/2616/2586 2738/2613/2583 2740/2615/2585 
f 2737/2612/2582 2741/2616/2586 2742/2617/2587 
f 2742/2617/2587 2736/2611/2581 2737/2612/2582 
f 2740/2615/2585 2743/2618/2588 2741/2616/2586 
f 2744/2619/2589 2742/2617/2587 2741/2616/2586 
f 2741/2616/2586 2743/2618/2588 2744/2619/2589 
f 2566/2432/2402 2745/2620/2590 2740/2615/2585 
f 2743/2618/2588 2740/2615/2585 2745/2620/2590 
f 2745/2620/2590 2566/2432/2402 2746/2621/2591 
f 2560/2424/2394 2746/2621/2591 2566/2432/2402 
f 2561/2425/2395 2746/2621/2591 2560/2424/2394 
f 2746/2621/2591 2747/2622/2592 2745/2620/2590 
f 2747/2622/2592 2746/2621/2591 2561/2425/2395 
f 2745/2620/2590 2748/2623/2593 2743/2618/2588 
f 2748/2623/2593 2745/2620/2590 2747/2622/2592 
f 2743/2618/2588 2748/2623/2593 2749/2624/2594 
f 2749/2624/2594 2744/2619/2589 2743/2618/2588 
f 2747/2622/2592 2750/2625/2595 2748/2623/2593 
f 2744/2619/2589 2749/2624/2594 2751/2626/2596 
f 2561/2425/2395 2752/2627/2597 2747/2622/2592 
f 2750/2625/2595 2747/2622/2592 2752/2627/2597 
f 2751/2626/2596 2753/2628/2598 2744/2619/2589 
f 2742/2617/2587 2744/2619/2589 2753/2628/2598 
f 2752/2627/2597 2561/2425/2395 2754/2629/2599 
f 2555/2417/2387 2754/2629/2599 2561/2425/2395 
f 2556/2418/2388 2754/2629/2599 2555/2417/2387 
f 2753/2628/2598 2755/2630/2600 2742/2617/2587 
f 2736/2611/2581 2742/2617/2587 2755/2630/2600 
f 2756/2631/2601 2754/2629/2599 2556/2418/2388 
f 2754/2629/2599 2756/2631/2601 2752/2627/2597 
f 2755/2630/2600 2757/2632/2602 2736/2611/2581 
f 2732/2607/2577 2736/2611/2581 2757/2632/2602 
f 2757/2632/2602 2730/2605/2575 2732/2607/2577 
f 2757/2632/2602 2758/2633/2603 2730/2605/2575 
f 2757/2632/2602 2755/2630/2600 2758/2633/2603 
f 2730/2605/2575 2758/2633/2603 2706/2581/2551 
f 2704/2579/2549 2706/2581/2551 2758/2633/2603 
f 2758/2633/2603 2759/2634/2604 2704/2579/2549 
f 2760/2635/2605 2759/2634/2604 2758/2633/2603 
f 2761/2636/2606 2758/2633/2603 2755/2630/2600 
f 2758/2633/2603 2761/2636/2606 2760/2635/2605 
f 2755/2630/2600 2753/2628/2598 2761/2636/2606 
f 2753/2628/2598 2751/2626/2596 2761/2636/2606 
f 2762/2637/2607 2761/2636/2606 2751/2626/2596 
f 2762/2637/2607 2751/2626/2596 2749/2624/2594 
f 2760/2635/2605 2761/2636/2606 2763/2638/2608 
f 2763/2638/2608 2764/2639/2609 2760/2635/2605 
f 2761/2636/2606 2762/2637/2607 2765/2640/2610 
f 2765/2640/2610 2763/2638/2608 2761/2636/2606 
f 2766/2641/2611 2764/2639/2609 2763/2638/2608 
f 2749/2624/2594 2767/2642/2612 2762/2637/2607 
f 2765/2640/2610 2762/2637/2607 2767/2642/2612 
f 2767/2642/2612 2749/2624/2594 2748/2623/2593 
f 2748/2623/2593 2750/2625/2595 2767/2642/2612 
f 2767/2642/2612 2768/2643/2613 2765/2640/2610 
f 2768/2643/2613 2767/2642/2612 2750/2625/2595 
f 2769/2644/2614 2765/2640/2610 2768/2643/2613 
f 2769/2644/2614 2763/2638/2608 2765/2640/2610 
f 2750/2625/2595 2770/2645/2615 2768/2643/2613 
f 2752/2627/2597 2770/2645/2615 2750/2625/2595 
f 2770/2645/2615 2752/2627/2597 2756/2631/2601 
f 2768/2643/2613 2771/2646/2616 2769/2644/2614 
f 2771/2646/2616 2768/2643/2613 2770/2645/2615 
f 2769/2644/2614 2772/2647/2617 2763/2638/2608 
f 2772/2647/2617 2769/2644/2614 2771/2646/2616 
f 2756/2631/2601 2773/2648/2618 2770/2645/2615 
f 2770/2645/2615 2773/2648/2618 2771/2646/2616 
f 2773/2648/2618 2756/2631/2601 2774/2649/2619 
f 2556/2418/2388 2774/2649/2619 2756/2631/2601 
f 2775/2650/2620 2771/2646/2616 2773/2648/2618 
f 2771/2646/2616 2775/2650/2620 2772/2647/2617 
f 2774/2649/2619 2556/2418/2388 2776/2651/2621 
f 2550/2410/2380 2776/2651/2621 2556/2418/2388 
f 2551/2411/2381 2776/2651/2621 2550/2410/2380 
f 2774/2649/2619 2777/2652/2622 2773/2648/2618 
f 2773/2648/2618 2777/2652/2622 2775/2650/2620 
f 2776/2651/2621 2778/2653/2623 2774/2649/2619 
f 2777/2652/2622 2774/2649/2619 2778/2653/2623 
f 2778/2653/2623 2776/2651/2621 2551/2411/2381 
f 2779/2654/2624 2775/2650/2620 2777/2652/2622 
f 2778/2653/2623 2780/2655/2625 2777/2652/2622 
f 2777/2652/2622 2780/2655/2625 2779/2654/2624 
f 2551/2411/2381 2781/2656/2626 2778/2653/2623 
f 2780/2655/2625 2778/2653/2623 2781/2656/2626 
f 2781/2656/2626 2551/2411/2381 2782/2657/2627 
f 2545/2403/2373 2782/2657/2627 2551/2411/2381 
f 2546/2404/2374 2782/2657/2627 2545/2403/2373 
f 2782/2657/2627 2783/2658/2628 2781/2656/2626 
f 2783/2658/2628 2782/2657/2627 2546/2404/2374 
f 2781/2656/2626 2784/2659/2629 2780/2655/2625 
f 2784/2659/2629 2781/2656/2626 2783/2658/2628 
f 2780/2655/2625 2784/2659/2629 2785/2660/2630 
f 2785/2660/2630 2779/2654/2624 2780/2655/2625 
f 2783/2658/2628 2786/2661/2631 2784/2659/2629 
f 2779/2654/2624 2785/2660/2630 2787/2662/2632 
f 2546/2404/2374 2788/2663/2633 2783/2658/2628 
f 2786/2661/2631 2783/2658/2628 2788/2663/2633 
f 2775/2650/2620 2779/2654/2624 2789/2664/2634 
f 2787/2662/2632 2789/2664/2634 2779/2654/2624 
f 2789/2664/2634 2772/2647/2617 2775/2650/2620 
f 2772/2647/2617 2789/2664/2634 2790/2665/2635 
f 2789/2664/2634 2787/2662/2632 2790/2665/2635 
f 2790/2665/2635 2763/2638/2608 2772/2647/2617 
f 2763/2638/2608 2790/2665/2635 2766/2641/2611 
f 2791/2666/2636 2790/2665/2635 2787/2662/2632 
f 2791/2666/2636 2787/2662/2632 2785/2660/2630 
f 2766/2641/2611 2790/2665/2635 2792/2667/2637 
f 2792/2667/2637 2793/2668/2638 2766/2641/2611 
f 2790/2665/2635 2791/2666/2636 2794/2669/2639 
f 2794/2669/2639 2792/2667/2637 2790/2665/2635 
f 2795/2670/2640 2793/2668/2638 2792/2667/2637 
f 2785/2660/2630 2796/2671/2641 2791/2666/2636 
f 2794/2669/2639 2791/2666/2636 2796/2671/2641 
f 2796/2671/2641 2785/2660/2630 2784/2659/2629 
f 2784/2659/2629 2786/2661/2631 2796/2671/2641 
f 2796/2671/2641 2797/2672/2642 2794/2669/2639 
f 2797/2672/2642 2796/2671/2641 2786/2661/2631 
f 2798/2673/2643 2794/2669/2639 2797/2672/2642 
f 2798/2673/2643 2792/2667/2637 2794/2669/2639 
f 2786/2661/2631 2799/2674/2644 2797/2672/2642 
f 2788/2663/2633 2799/2674/2644 2786/2661/2631 
f 2797/2672/2642 2800/2675/2645 2798/2673/2643 
f 2800/2675/2645 2797/2672/2642 2799/2674/2644 
f 2798/2673/2643 2801/2676/2646 2792/2667/2637 
f 2801/2676/2646 2798/2673/2643 2800/2675/2645 
f 2799/2674/2644 2788/2663/2633 2802/2677/2647 
f 2799/2674/2644 2803/2678/2648 2800/2675/2645 
f 2802/2677/2647 2803/2678/2648 2799/2674/2644 
f 2800/2675/2645 2804/2679/2649 2801/2676/2646 
f 2804/2679/2649 2800/2675/2645 2803/2678/2648 
f 2805/2680/2650 2802/2677/2647 2788/2663/2633 
f 2788/2663/2633 2546/2404/2374 2805/2680/2650 
f 2540/2396/2366 2805/2680/2650 2546/2404/2374 
f 2541/2397/2367 2805/2680/2650 2540/2396/2366 
f 2802/2677/2647 2805/2680/2650 2541/2397/2367 
f 2803/2678/2648 2802/2677/2647 2806/2681/2651 
f 2541/2397/2367 2806/2681/2651 2802/2677/2647 
f 2803/2678/2648 2807/2682/2652 2804/2679/2649 
f 2806/2681/2651 2807/2682/2652 2803/2678/2648 
f 2806/2681/2651 2541/2397/2367 2808/2683/2653 
f 2535/2389/2359 2808/2683/2653 2541/2397/2367 
f 2536/2390/2360 2808/2683/2653 2535/2389/2359 
f 2808/2683/2653 2809/2684/2654 2806/2681/2651 
f 2809/2684/2654 2808/2683/2653 2536/2390/2360 
f 2807/2682/2652 2806/2681/2651 2809/2684/2654 
f 2536/2390/2360 2810/2685/2655 2809/2684/2654 
f 2809/2684/2654 2811/2686/2656 2807/2682/2652 
f 2811/2686/2656 2809/2684/2654 2810/2685/2655 
f 2812/2687/2657 2804/2679/2649 2807/2682/2652 
f 2807/2682/2652 2811/2686/2656 2812/2687/2657 
f 2804/2679/2649 2812/2687/2657 2813/2688/2658 
f 2813/2688/2658 2801/2676/2646 2804/2679/2649 
f 2814/2689/2659 2812/2687/2657 2811/2686/2656 
f 2801/2676/2646 2813/2688/2658 2815/2690/2660 
f 2815/2690/2660 2792/2667/2637 2801/2676/2646 
f 2816/2691/2661 2813/2688/2658 2812/2687/2657 
f 2813/2688/2658 2816/2691/2661 2815/2690/2660 
f 2812/2687/2657 2814/2689/2659 2816/2691/2661 
f 2792/2667/2637 2815/2690/2660 2795/2670/2640 
f 2817/2692/2662 2816/2691/2661 2814/2689/2659 
f 2817/2692/2662 2815/2690/2660 2816/2691/2661 
f 2811/2686/2656 2818/2693/2663 2814/2689/2659 
f 2810/2685/2655 2818/2693/2663 2811/2686/2656 
f 2814/2689/2659 2819/2694/2664 2817/2692/2662 
f 2819/2694/2664 2814/2689/2659 2818/2693/2663 
f 2815/2690/2660 2817/2692/2662 2820/2695/2665 
f 2820/2695/2665 2817/2692/2662 2819/2694/2664 
f 2795/2670/2640 2815/2690/2660 2821/2696/2666 
f 2820/2695/2665 2821/2696/2666 2815/2690/2660 
f 2821/2696/2666 2822/2697/2667 2795/2670/2640 
f 2695/2570/2540 2822/2697/2667 2821/2696/2666 
f 2821/2696/2666 2697/2572/2542 2695/2570/2540 
f 2823/2698/2668 2821/2696/2666 2820/2695/2665 
f 2697/2572/2542 2821/2696/2666 2824/2699/2669 
f 2823/2698/2668 2824/2699/2669 2821/2696/2666 
f 2823/2698/2668 2820/2695/2665 2825/2700/2670 
f 2819/2694/2664 2825/2700/2670 2820/2695/2665 
f 2824/2699/2669 2823/2698/2668 2826/2701/2671 
f 2825/2700/2670 2826/2701/2671 2823/2698/2668 
f 2825/2700/2670 2819/2694/2664 2827/2702/2672 
f 2818/2693/2663 2827/2702/2672 2819/2694/2664 
f 2826/2701/2671 2825/2700/2670 2828/2703/2673 
f 2827/2702/2672 2828/2703/2673 2825/2700/2670 
f 2829/2704/2674 2827/2702/2672 2818/2693/2663 
f 2818/2693/2663 2810/2685/2655 2829/2704/2674 
f 2830/2705/2675 2828/2703/2673 2827/2702/2672 
f 2827/2702/2672 2829/2704/2674 2830/2705/2675 
f 2831/2706/2676 2829/2704/2674 2810/2685/2655 
f 2810/2685/2655 2536/2390/2360 2831/2706/2676 
f 2530/2382/2352 2831/2706/2676 2536/2390/2360 
f 2531/2383/2353 2831/2706/2676 2530/2382/2352 
f 2829/2704/2674 2831/2706/2676 2531/2383/2353 
f 2531/2383/2353 2830/2705/2675 2829/2704/2674 
f 2830/2705/2675 2531/2383/2353 2832/2707/2677 
f 2525/2375/2345 2832/2707/2677 2531/2383/2353 
f 2526/2376/2346 2832/2707/2677 2525/2375/2345 
f 2832/2707/2677 2833/2708/2678 2830/2705/2675 
f 2833/2708/2678 2832/2707/2677 2526/2376/2346 
f 2828/2703/2673 2830/2705/2675 2833/2708/2678 
f 2833/2708/2678 2834/2709/2679 2828/2703/2673 
f 2828/2703/2673 2834/2709/2679 2826/2701/2671 
f 2526/2376/2346 2835/2710/2680 2833/2708/2678 
f 2834/2709/2679 2833/2708/2678 2835/2710/2680 
f 2835/2710/2680 2526/2376/2346 2836/2711/2681 
f 2520/2368/2338 2836/2711/2681 2526/2376/2346 
f 2521/2369/2339 2836/2711/2681 2520/2368/2338 
f 2837/2712/2682 2836/2711/2681 2521/2369/2339 
f 2836/2711/2681 2837/2712/2682 2835/2710/2680 
f 2521/2369/2339 2684/2559/2529 2837/2712/2682 
f 2687/2562/2532 2837/2712/2682 2684/2559/2529 
f 2838/2713/2683 2835/2710/2680 2837/2712/2682 
f 2837/2712/2682 2687/2562/2532 2838/2713/2683 
f 2835/2710/2680 2838/2713/2683 2834/2709/2679 
f 2839/2714/2684 2826/2701/2671 2834/2709/2679 
f 2834/2709/2679 2838/2713/2683 2839/2714/2684 
f 2826/2701/2671 2839/2714/2684 2824/2699/2669 
f 2838/2713/2683 2687/2562/2532 2840/2715/2685 
f 2840/2715/2685 2839/2714/2684 2838/2713/2683 
f 2841/2716/2686 2824/2699/2669 2839/2714/2684 
f 2839/2714/2684 2840/2715/2685 2841/2716/2686 
f 2824/2699/2669 2841/2716/2686 2697/2572/2542 
f 2841/2716/2686 2842/2717/2687 2697/2572/2542 
f 2842/2717/2687 2841/2716/2686 2840/2715/2685 
f 2691/2566/2536 2697/2572/2542 2842/2717/2687 
f 2843/2718/2688 2840/2715/2685 2687/2562/2532 
f 2840/2715/2685 2843/2718/2688 2842/2717/2687 
f 2691/2566/2536 2842/2717/2687 2843/2718/2688 
f 2687/2562/2532 2685/2560/2530 2843/2718/2688 
f 2843/2718/2688 2686/2561/2531 2691/2566/2536 
f 2686/2561/2531 2843/2718/2688 2685/2560/2530 
f 2283/2303/2379 2282/2310/2378 2844/2309/2377 
f 2844/2309/2377 2282/2310/2378 2279/2311/2689 
f 2844/2309/2377 2845/2307/2382 2283/2303/2379 
f 2279/2311/2689 2846/2313/2690 2844/2309/2377 
f 2283/2303/2379 2845/2307/2382 2847/2305/2384 
f 2847/2305/2384 2288/2304/2691 2283/2303/2379 
f 2289/2306/2386 2288/2304/2691 2847/2305/2384 
f 2848/2316/2692 2846/2313/2690 2279/2311/2689 
f 2279/2311/2689 2278/2317/2693 2848/2316/2692 
f 2848/2316/2692 2278/2317/2693 2280/2318/2694 
f 2849/2315/2383 2844/2309/2377 2846/2313/2690 
f 2280/2318/2694 2850/2321/2695 2848/2316/2692 
f 2844/2309/2377 2849/2315/2383 2851/2314/2696 
f 2851/2314/2696 2845/2307/2382 2844/2309/2377 
f 2846/2313/2690 2852/2319/2697 2849/2315/2383 
f 2852/2319/2697 2846/2313/2690 2848/2316/2692 
f 2845/2307/2382 2851/2314/2696 2853/2312/2698 
f 2853/2312/2698 2847/2305/2384 2845/2307/2382 
f 2848/2316/2692 2854/2322/2699 2852/2319/2697 
f 2854/2322/2699 2848/2316/2692 2850/2321/2695 
f 2847/2305/2384 2853/2312/2698 2855/2467/2700 
f 2850/2321/2695 2856/2326/2701 2854/2322/2699 
f 2855/2467/2700 2857/2308/2389 2847/2305/2384 
f 2847/2305/2384 2857/2308/2389 2289/2306/2386 
f 2858/2323/2702 2850/2321/2695 2280/2318/2694 
f 2856/2326/2701 2850/2321/2695 2858/2323/2702 
f 2280/2318/2694 2285/2324/2703 2858/2323/2702 
f 2858/2323/2702 2285/2324/2703 2286/2325/2358 
f 2289/2306/2386 2857/2308/2389 2859/2463/2391 
f 2859/2463/2391 2294/2464/2704 2289/2306/2386 
f 2295/2458/2393 2294/2464/2704 2859/2463/2391 
f 2860/2466/2705 2859/2463/2391 2857/2308/2389 
f 2857/2308/2389 2855/2467/2700 2860/2466/2705 
f 2859/2463/2391 2861/2461/2396 2295/2458/2393 
f 2859/2463/2391 2860/2466/2705 2862/2465/2401 
f 2862/2465/2401 2861/2461/2396 2859/2463/2391 
f 2295/2458/2393 2861/2461/2396 2863/2456/2398 
f 2863/2456/2398 2300/2457/2706 2295/2458/2393 
f 2301/2451/2400 2300/2457/2706 2863/2456/2398 
f 2861/2461/2396 2862/2465/2401 2864/2462/2707 
f 2864/2462/2707 2863/2456/2398 2861/2461/2396 
f 2862/2465/2401 2860/2466/2705 2865/2468/2402 
f 2865/2468/2402 2860/2466/2705 2855/2467/2700 
f 2866/2469/2409 2864/2462/2707 2862/2465/2401 
f 2865/2468/2402 2867/2472/2584 2862/2465/2401 
f 2862/2465/2401 2867/2472/2584 2866/2469/2409 
f 2863/2456/2398 2864/2462/2707 2868/2459/2408 
f 2868/2459/2408 2864/2462/2707 2866/2469/2409 
f 2863/2456/2398 2869/2454/2403 2301/2451/2400 
f 2868/2459/2408 2869/2454/2403 2863/2456/2398 
f 2301/2451/2400 2869/2454/2403 2870/2449/2405 
f 2870/2449/2405 2306/2450/2406 2301/2451/2400 
f 2307/2444/2708 2306/2450/2406 2870/2449/2405 
f 2869/2454/2403 2868/2459/2408 2871/2455/2411 
f 2871/2455/2411 2870/2449/2405 2869/2454/2403 
f 2870/2449/2405 2872/2447/2410 2307/2444/2708 
f 2870/2449/2405 2871/2455/2411 2873/2452/2415 
f 2873/2452/2415 2872/2447/2410 2870/2449/2405 
f 2874/2460/2709 2871/2455/2411 2868/2459/2408 
f 2873/2452/2415 2871/2455/2411 2874/2460/2709 
f 2307/2444/2708 2872/2447/2410 2875/2442/2710 
f 2875/2442/2710 2312/2443/2711 2307/2444/2708 
f 2313/2437/2712 2312/2443/2711 2875/2442/2710 
f 2872/2447/2410 2873/2452/2415 2876/2448/2713 
f 2876/2448/2713 2875/2442/2710 2872/2447/2410 
f 2875/2442/2710 2877/2440/2417 2313/2437/2712 
f 2875/2442/2710 2876/2448/2713 2878/2445/2422 
f 2878/2445/2422 2877/2440/2417 2875/2442/2710 
f 2879/2453/2714 2876/2448/2713 2873/2452/2415 
f 2878/2445/2422 2876/2448/2713 2879/2453/2714 
f 2313/2437/2712 2877/2440/2417 2880/2435/2419 
f 2880/2435/2419 2318/2436/2420 2313/2437/2712 
f 2319/2430/2421 2318/2436/2420 2880/2435/2419 
f 2877/2440/2417 2878/2445/2422 2881/2441/2425 
f 2881/2441/2425 2880/2435/2419 2877/2440/2417 
f 2880/2435/2419 2882/2433/2424 2319/2430/2421 
f 2880/2435/2419 2881/2441/2425 2883/2438/2429 
f 2883/2438/2429 2882/2433/2424 2880/2435/2419 
f 2884/2446/2715 2881/2441/2425 2878/2445/2422 
f 2883/2438/2429 2881/2441/2425 2884/2446/2715 
f 2319/2430/2421 2882/2433/2424 2885/2428/2426 
f 2885/2428/2426 2324/2429/2716 2319/2430/2421 
f 2325/2423/2428 2324/2429/2716 2885/2428/2426 
f 2882/2433/2424 2883/2438/2429 2886/2434/2717 
f 2886/2434/2717 2885/2428/2426 2882/2433/2424 
f 2885/2428/2426 2887/2426/2431 2325/2423/2428 
f 2885/2428/2426 2886/2434/2717 2888/2431/2435 
f 2888/2431/2435 2887/2426/2431 2885/2428/2426 
f 2889/2439/2439 2886/2434/2717 2883/2438/2429 
f 2888/2431/2435 2886/2434/2717 2889/2439/2439 
f 2325/2423/2428 2887/2426/2431 2890/2421/2433 
f 2890/2421/2433 2330/2422/2718 2325/2423/2428 
f 2331/2416/2276 2330/2422/2718 2890/2421/2433 
f 2887/2426/2431 2888/2431/2435 2891/2427/2719 
f 2891/2427/2719 2890/2421/2433 2887/2426/2431 
f 2890/2421/2433 2892/2419/2278 2331/2416/2276 
f 2890/2421/2433 2891/2427/2719 2893/2424/2720 
f 2893/2424/2720 2892/2419/2278 2890/2421/2433 
f 2894/2432/2438 2891/2427/2719 2888/2431/2435 
f 2893/2424/2720 2891/2427/2719 2894/2432/2438 
f 2331/2416/2276 2892/2419/2278 2895/2414/2275 
f 2895/2414/2275 2336/2415/2721 2331/2416/2276 
f 2337/2409/2273 2336/2415/2721 2895/2414/2275 
f 2892/2419/2278 2893/2424/2720 2896/2420/2722 
f 2896/2420/2722 2895/2414/2275 2892/2419/2278 
f 2895/2414/2275 2897/2412/2277 2337/2409/2273 
f 2895/2414/2275 2896/2420/2722 2898/2417/2723 
f 2898/2417/2723 2897/2412/2277 2895/2414/2275 
f 2899/2425/2440 2896/2420/2722 2893/2424/2720 
f 2898/2417/2723 2896/2420/2722 2899/2425/2440 
f 2337/2409/2273 2897/2412/2277 2900/2407/2279 
f 2900/2407/2279 2342/2408/2280 2337/2409/2273 
f 2343/2402/2724 2342/2408/2280 2900/2407/2279 
f 2897/2412/2277 2898/2417/2723 2901/2413/2285 
f 2901/2413/2285 2900/2407/2279 2897/2412/2277 
f 2900/2407/2279 2902/2405/2725 2343/2402/2724 
f 2900/2407/2279 2901/2413/2285 2903/2410/2726 
f 2903/2410/2726 2902/2405/2725 2900/2407/2279 
f 2904/2418/2290 2901/2413/2285 2898/2417/2723 
f 2903/2410/2726 2901/2413/2285 2904/2418/2290 
f 2343/2402/2724 2902/2405/2725 2905/2400/2727 
f 2905/2400/2727 2348/2401/2728 2343/2402/2724 
f 2346/2395/2729 2348/2401/2728 2905/2400/2727 
f 2902/2405/2725 2903/2410/2726 2906/2406/2730 
f 2906/2406/2730 2905/2400/2727 2902/2405/2725 
f 2905/2400/2727 2907/2398/2731 2346/2395/2729 
f 2905/2400/2727 2906/2406/2730 2908/2403/2732 
f 2908/2403/2732 2907/2398/2731 2905/2400/2727 
f 2909/2411/2733 2906/2406/2730 2903/2410/2726 
f 2908/2403/2732 2906/2406/2730 2909/2411/2733 
f 2346/2395/2729 2907/2398/2731 2910/2393/2734 
f 2910/2393/2734 2345/2394/2735 2346/2395/2729 
f 2340/2388/2295 2345/2394/2735 2910/2393/2734 
f 2907/2398/2731 2908/2403/2732 2911/2399/2299 
f 2911/2399/2299 2910/2393/2734 2907/2398/2731 
f 2910/2393/2734 2912/2391/2298 2340/2388/2295 
f 2910/2393/2734 2911/2399/2299 2913/2396/2303 
f 2913/2396/2303 2912/2391/2298 2910/2393/2734 
f 2914/2404/2736 2911/2399/2299 2908/2403/2732 
f 2913/2396/2303 2911/2399/2299 2914/2404/2736 
f 2340/2388/2295 2912/2391/2298 2915/2386/2300 
f 2915/2386/2300 2339/2387/2737 2340/2388/2295 
f 2334/2381/2302 2339/2387/2737 2915/2386/2300 
f 2912/2391/2298 2913/2396/2303 2916/2392/2738 
f 2916/2392/2738 2915/2386/2300 2912/2391/2298 
f 2915/2386/2300 2917/2384/2305 2334/2381/2302 
f 2915/2386/2300 2916/2392/2738 2918/2389/2310 
f 2918/2389/2310 2917/2384/2305 2915/2386/2300 
f 2919/2397/2311 2916/2392/2738 2913/2396/2303 
f 2918/2389/2310 2916/2392/2738 2919/2397/2311 
f 2334/2381/2302 2917/2384/2305 2920/2379/2307 
f 2920/2379/2307 2333/2380/2739 2334/2381/2302 
f 2328/2374/2309 2333/2380/2739 2920/2379/2307 
f 2917/2384/2305 2918/2389/2310 2921/2385/2313 
f 2921/2385/2313 2920/2379/2307 2917/2384/2305 
f 2920/2379/2307 2922/2377/2312 2328/2374/2309 
f 2920/2379/2307 2921/2385/2313 2923/2382/2317 
f 2923/2382/2317 2922/2377/2312 2920/2379/2307 
f 2924/2390/2318 2921/2385/2313 2918/2389/2310 
f 2923/2382/2317 2921/2385/2313 2924/2390/2318 
f 2328/2374/2309 2922/2377/2312 2925/2372/2314 
f 2925/2372/2314 2327/2373/2740 2328/2374/2309 
f 2322/2367/2316 2327/2373/2740 2925/2372/2314 
f 2922/2377/2312 2923/2382/2317 2926/2378/2741 
f 2926/2378/2741 2925/2372/2314 2922/2377/2312 
f 2925/2372/2314 2927/2370/2319 2322/2367/2316 
f 2925/2372/2314 2926/2378/2741 2928/2375/2324 
f 2928/2375/2324 2927/2370/2319 2925/2372/2314 
f 2929/2383/2325 2926/2378/2741 2923/2382/2317 
f 2928/2375/2324 2926/2378/2741 2929/2383/2325 
f 2322/2367/2316 2927/2370/2319 2930/2365/2321 
f 2930/2365/2321 2321/2366/2322 2322/2367/2316 
f 2316/2360/2742 2321/2366/2322 2930/2365/2321 
f 2927/2370/2319 2928/2375/2324 2931/2371/2743 
f 2931/2371/2743 2930/2365/2321 2927/2370/2319 
f 2930/2365/2321 2932/2363/2326 2316/2360/2742 
f 2930/2365/2321 2931/2371/2743 2933/2368/2331 
f 2933/2368/2331 2932/2363/2326 2930/2365/2321 
f 2934/2376/2744 2931/2371/2743 2928/2375/2324 
f 2933/2368/2331 2931/2371/2743 2934/2376/2744 
f 2316/2360/2742 2932/2363/2326 2935/2358/2745 
f 2935/2358/2745 2315/2359/2746 2316/2360/2742 
f 2310/2353/2747 2315/2359/2746 2935/2358/2745 
f 2932/2363/2326 2933/2368/2331 2936/2364/2748 
f 2936/2364/2748 2935/2358/2745 2932/2363/2326 
f 2935/2358/2745 2937/2356/2333 2310/2353/2747 
f 2935/2358/2745 2936/2364/2748 2938/2361/2338 
f 2938/2361/2338 2937/2356/2333 2935/2358/2745 
f 2939/2369/2749 2936/2364/2748 2933/2368/2331 
f 2938/2361/2338 2936/2364/2748 2939/2369/2749 
f 2310/2353/2747 2937/2356/2333 2940/2351/2335 
f 2940/2351/2335 2309/2352/2336 2310/2353/2747 
f 2304/2346/2337 2309/2352/2336 2940/2351/2335 
f 2937/2356/2333 2938/2361/2338 2941/2357/2750 
f 2941/2357/2750 2940/2351/2335 2937/2356/2333 
f 2940/2351/2335 2942/2349/2340 2304/2346/2337 
f 2940/2351/2335 2941/2357/2750 2943/2354/2345 
f 2943/2354/2345 2942/2349/2340 2940/2351/2335 
f 2944/2362/2751 2941/2357/2750 2938/2361/2338 
f 2943/2354/2345 2941/2357/2750 2944/2362/2751 
f 2304/2346/2337 2942/2349/2340 2945/2344/2342 
f 2945/2344/2342 2303/2345/2752 2304/2346/2337 
f 2298/2339/2344 2303/2345/2752 2945/2344/2342 
f 2942/2349/2340 2943/2354/2345 2946/2350/2753 
f 2946/2350/2753 2945/2344/2342 2942/2349/2340 
f 2945/2344/2342 2947/2342/2347 2298/2339/2344 
f 2945/2344/2342 2946/2350/2753 2948/2347/2352 
f 2948/2347/2352 2947/2342/2347 2945/2344/2342 
f 2949/2355/2353 2946/2350/2753 2943/2354/2345 
f 2948/2347/2352 2946/2350/2753 2949/2355/2353 
f 2298/2339/2344 2947/2342/2347 2950/2337/2349 
f 2950/2337/2349 2297/2338/2754 2298/2339/2344 
f 2292/2332/2351 2297/2338/2754 2950/2337/2349 
f 2947/2342/2347 2948/2347/2352 2951/2343/2355 
f 2951/2343/2355 2950/2337/2349 2947/2342/2347 
f 2950/2337/2349 2952/2335/2354 2292/2332/2351 
f 2950/2337/2349 2951/2343/2355 2953/2340/2359 
f 2953/2340/2359 2952/2335/2354 2950/2337/2349 
f 2954/2348/2360 2951/2343/2355 2948/2347/2352 
f 2953/2340/2359 2951/2343/2355 2954/2348/2360 
f 2292/2332/2351 2952/2335/2354 2955/2330/2356 
f 2955/2330/2356 2291/2331/2755 2292/2332/2351 
f 2286/2325/2358 2291/2331/2755 2955/2330/2356 
f 2952/2335/2354 2953/2340/2359 2956/2336/2756 
f 2956/2336/2756 2955/2330/2356 2952/2335/2354 
f 2955/2330/2356 2957/2328/2361 2286/2325/2358 
f 2286/2325/2358 2957/2328/2361 2858/2323/2702 
f 2955/2330/2356 2956/2336/2756 2958/2333/2366 
f 2958/2333/2366 2957/2328/2361 2955/2330/2356 
f 2959/2329/2369 2858/2323/2702 2957/2328/2361 
f 2957/2328/2361 2958/2333/2366 2959/2329/2369 
f 2858/2323/2702 2959/2329/2369 2856/2326/2701 
f 2958/2333/2366 2956/2336/2756 2960/2341/2367 
f 2960/2341/2367 2956/2336/2756 2953/2340/2359 
f 2961/2334/2757 2959/2329/2369 2958/2333/2366 
f 2856/2326/2701 2959/2329/2369 2961/2334/2757 
f 2960/2341/2367 2962/2519/2650 2958/2333/2366 
f 2958/2333/2366 2962/2519/2650 2961/2334/2757 
f 2953/2340/2359 2963/2534/2653 2960/2341/2367 
f 2954/2348/2360 2963/2534/2653 2953/2340/2359 
f 2962/2519/2650 2960/2341/2367 2964/2520/2758 
f 2960/2341/2367 2963/2534/2653 2965/2532/2654 
f 2965/2532/2654 2964/2520/2758 2960/2341/2367 
f 2963/2534/2653 2954/2348/2360 2966/2535/2655 
f 2966/2535/2655 2965/2532/2654 2963/2534/2653 
f 2964/2520/2758 2967/2517/2647 2962/2519/2650 
f 2961/2334/2757 2962/2519/2650 2967/2517/2647 
f 2964/2520/2758 2965/2532/2654 2968/2523/2759 
f 2967/2517/2647 2964/2520/2758 2969/2521/2760 
f 2968/2523/2759 2969/2521/2760 2964/2520/2758 
f 2967/2517/2647 2970/2512/2761 2961/2334/2757 
f 2971/2533/2663 2968/2523/2759 2965/2532/2654 
f 2965/2532/2654 2966/2535/2655 2971/2533/2663 
f 2969/2521/2760 2972/2515/2762 2967/2517/2647 
f 2970/2512/2761 2967/2517/2647 2972/2515/2762 
f 2973/2527/2649 2969/2521/2760 2968/2523/2759 
f 2974/2511/2763 2961/2334/2757 2970/2512/2761 
f 2961/2334/2757 2974/2511/2763 2856/2326/2701 
f 2969/2521/2760 2973/2527/2649 2975/2522/2645 
f 2975/2522/2645 2972/2515/2762 2969/2521/2760 
f 2856/2326/2701 2974/2511/2763 2976/2327/2764 
f 2976/2327/2764 2854/2322/2699 2856/2326/2701 
f 2852/2319/2697 2854/2322/2699 2976/2327/2764 
f 2970/2512/2761 2977/2510/2628 2974/2511/2763 
f 2976/2327/2764 2974/2511/2763 2977/2510/2628 
f 2972/2515/2762 2978/2513/2644 2970/2512/2761 
f 2977/2510/2628 2970/2512/2761 2978/2513/2644 
f 2976/2327/2764 2979/2505/2621 2852/2319/2697 
f 2977/2510/2628 2980/2507/2626 2976/2327/2764 
f 2979/2505/2621 2976/2327/2764 2980/2507/2626 
f 2978/2513/2644 2981/2509/2631 2977/2510/2628 
f 2980/2507/2626 2977/2510/2628 2981/2509/2631 
f 2982/2518/2642 2978/2513/2644 2972/2515/2762 
f 2972/2515/2762 2975/2522/2645 2982/2518/2642 
f 2983/2514/2765 2981/2509/2631 2978/2513/2644 
f 2978/2513/2644 2982/2518/2642 2983/2514/2765 
f 2981/2509/2631 2984/2506/2766 2980/2507/2626 
f 2985/2524/2767 2983/2514/2765 2982/2518/2642 
f 2981/2509/2631 2983/2514/2765 2986/2508/2768 
f 2986/2508/2768 2984/2506/2766 2981/2509/2631 
f 2983/2514/2765 2985/2524/2767 2987/2516/2769 
f 2987/2516/2769 2986/2508/2768 2983/2514/2765 
f 2982/2518/2642 2988/2525/2770 2985/2524/2767 
f 2988/2525/2770 2982/2518/2642 2975/2522/2645 
f 2985/2524/2767 2989/2526/2771 2987/2516/2769 
f 2989/2526/2771 2985/2524/2767 2988/2525/2770 
f 2986/2508/2768 2987/2516/2769 2990/2576/2772 
f 2990/2576/2772 2987/2516/2769 2989/2526/2771 
f 2975/2522/2645 2991/2528/2643 2988/2525/2770 
f 2991/2528/2643 2975/2522/2645 2973/2527/2649 
f 2990/2576/2772 2992/2504/2773 2986/2508/2768 
f 2984/2506/2766 2986/2508/2768 2992/2504/2773 
f 2991/2528/2643 2993/2529/2637 2988/2525/2770 
f 2988/2525/2770 2993/2529/2637 2989/2526/2771 
f 2973/2527/2649 2994/2530/2774 2991/2528/2643 
f 2991/2528/2643 2994/2530/2774 2993/2529/2637 
f 2994/2530/2774 2973/2527/2649 2995/2531/2657 
f 2968/2523/2759 2995/2531/2657 2973/2527/2649 
f 2995/2531/2657 2968/2523/2759 2971/2533/2663 
f 2995/2531/2657 2996/2544/2658 2994/2530/2774 
f 2971/2533/2663 2997/2538/2659 2995/2531/2657 
f 2996/2544/2658 2995/2531/2657 2997/2538/2659 
f 2997/2538/2659 2971/2533/2663 2998/2537/2672 
f 2998/2537/2672 2971/2533/2663 2966/2535/2655 
f 2997/2538/2659 2999/2545/2661 2996/2544/2658 
f 2966/2535/2655 3000/2536/2674 2998/2537/2672 
f 3000/2536/2674 2966/2535/2655 2954/2348/2360 
f 2998/2537/2672 3001/2542/2664 2997/2538/2659 
f 2999/2545/2661 2997/2538/2659 3001/2542/2664 
f 3002/2541/2775 2998/2537/2672 3000/2536/2674 
f 3001/2542/2664 2998/2537/2672 3002/2541/2775 
f 2954/2348/2360 3003/2539/2676 3000/2536/2674 
f 2948/2347/2352 3003/2539/2676 2954/2348/2360 
f 2949/2355/2353 3003/2539/2676 2948/2347/2352 
f 3004/2540/2776 3000/2536/2674 3003/2539/2676 
f 3003/2539/2676 2949/2355/2353 3004/2540/2776 
f 3000/2536/2674 3004/2540/2776 3002/2541/2775 
f 3005/2551/2678 3004/2540/2776 2949/2355/2353 
f 3006/2543/2679 3002/2541/2775 3004/2540/2776 
f 3004/2540/2776 3005/2551/2678 3006/2543/2679 
f 3002/2541/2775 3007/2548/2670 3001/2542/2664 
f 3007/2548/2670 3002/2541/2775 3006/2543/2679 
f 3008/2547/2777 3001/2542/2664 3007/2548/2670 
f 3001/2542/2664 3008/2547/2777 2999/2545/2661 
f 3006/2543/2679 3009/2550/2671 3007/2548/2670 
f 3008/2547/2777 3010/2546/2660 2999/2545/2661 
f 2996/2544/2658 2999/2545/2661 3010/2546/2660 
f 2994/2530/2774 2996/2544/2658 3010/2546/2660 
f 3010/2546/2660 2993/2529/2637 2994/2530/2774 
f 3007/2548/2670 3011/2549/2665 3008/2547/2777 
f 3010/2546/2660 3008/2547/2777 3011/2549/2665 
f 3011/2549/2665 3007/2548/2670 3009/2550/2671 
f 2993/2529/2637 3010/2546/2660 3012/2567/2778 
f 3012/2567/2778 3013/2569/2638 2993/2529/2637 
f 2993/2529/2637 3013/2569/2638 3014/2571/2779 
f 3014/2571/2779 2989/2526/2771 2993/2529/2637 
f 3012/2567/2778 3010/2546/2660 3015/2565/2666 
f 3011/2549/2665 3015/2565/2666 3010/2546/2660 
f 3015/2565/2666 3016/2568/2780 3012/2567/2778 
f 3017/2570/2781 3016/2568/2780 3015/2565/2666 
f 3018/2563/2668 3015/2565/2666 3011/2549/2665 
f 3009/2550/2671 3018/2563/2668 3011/2549/2665 
f 3015/2565/2666 3019/2572/2782 3017/2570/2781 
f 3018/2563/2668 3020/2564/2669 3015/2565/2666 
f 3019/2572/2782 3015/2565/2666 3020/2564/2669 
f 3018/2563/2668 3009/2550/2671 3021/2557/2684 
f 3021/2557/2684 3020/2564/2669 3018/2563/2668 
f 3022/2552/2683 3021/2557/2684 3009/2550/2671 
f 3009/2550/2671 3006/2543/2679 3022/2552/2683 
f 3022/2552/2683 3006/2543/2679 3005/2551/2678 
f 3020/2564/2669 3021/2557/2684 3023/2561/2685 
f 3021/2557/2684 3022/2552/2683 3024/2556/2783 
f 3024/2556/2783 3023/2561/2685 3021/2557/2684 
f 3005/2551/2678 3025/2554/2784 3022/2552/2683 
f 3024/2556/2783 3022/2552/2683 3025/2554/2784 
f 3023/2561/2685 3026/2566/2785 3020/2564/2669 
f 3020/2564/2669 3026/2566/2785 3019/2572/2782 
f 3023/2561/2685 3024/2556/2783 3027/2560/2786 
f 3026/2566/2785 3023/2561/2685 3028/2718/2787 
f 3027/2560/2786 3028/2718/2787 3023/2561/2685 
f 3028/2718/2787 3029/2717/2788 3026/2566/2785 
f 3026/2566/2785 3029/2717/2788 3019/2572/2782 
f 3027/2560/2786 3024/2556/2783 3030/2555/2682 
f 3025/2554/2784 3030/2555/2682 3024/2556/2783 
f 3028/2718/2787 3027/2560/2786 3031/2562/2789 
f 3025/2554/2784 3005/2551/2678 3032/2553/2677 
f 2949/2355/2353 3032/2553/2677 3005/2551/2678 
f 2943/2354/2345 3032/2553/2677 2949/2355/2353 
f 2944/2362/2751 3032/2553/2677 2943/2354/2345 
f 3032/2553/2677 2944/2362/2751 3025/2554/2784 
f 3030/2555/2682 3025/2554/2784 2944/2362/2751 
f 2944/2362/2751 3033/2558/2681 3030/2555/2682 
f 2938/2361/2338 3033/2558/2681 2944/2362/2751 
f 2939/2369/2749 3033/2558/2681 2938/2361/2338 
f 3034/2559/2790 3030/2555/2682 3033/2558/2681 
f 3033/2558/2681 2939/2369/2749 3034/2559/2790 
f 3030/2555/2682 3034/2559/2790 3027/2560/2786 
f 3031/2562/2789 3027/2560/2786 3034/2559/2790 
f 3035/2712/2525 3034/2559/2790 2939/2369/2749 
f 3034/2559/2790 3035/2712/2525 3031/2562/2789 
f 2939/2369/2749 3036/2711/2528 3035/2712/2525 
f 2933/2368/2331 3036/2711/2528 2939/2369/2749 
f 2934/2376/2744 3036/2711/2528 2933/2368/2331 
f 3037/2710/2791 3035/2712/2525 3036/2711/2528 
f 3036/2711/2528 2934/2376/2744 3037/2710/2791 
f 3038/2713/2522 3031/2562/2789 3035/2712/2525 
f 3035/2712/2525 3037/2710/2791 3038/2713/2522 
f 3039/2715/2531 3031/2562/2789 3038/2713/2522 
f 3031/2562/2789 3039/2715/2531 3028/2718/2787 
f 3029/2717/2788 3028/2718/2787 3039/2715/2531 
f 3039/2715/2531 3040/2716/2792 3029/2717/2788 
f 3040/2716/2792 3019/2572/2782 3029/2717/2788 
f 3038/2713/2522 3041/2714/2527 3039/2715/2531 
f 3040/2716/2792 3039/2715/2531 3041/2714/2527 
f 3042/2709/2513 3038/2713/2522 3037/2710/2791 
f 3041/2714/2527 3038/2713/2522 3042/2709/2513 
f 3019/2572/2782 3040/2716/2792 3043/2699/2534 
f 3041/2714/2527 3043/2699/2534 3040/2716/2792 
f 3037/2710/2791 3044/2708/2521 3042/2709/2513 
f 3044/2708/2521 3037/2710/2791 2934/2376/2744 
f 3042/2709/2513 3045/2701/2520 3041/2714/2527 
f 3043/2699/2534 3041/2714/2527 3045/2701/2520 
f 3046/2703/2793 3042/2709/2513 3044/2708/2521 
f 3045/2701/2520 3042/2709/2513 3046/2703/2793 
f 2934/2376/2744 3047/2707/2523 3044/2708/2521 
f 2928/2375/2324 3047/2707/2523 2934/2376/2744 
f 2929/2383/2325 3047/2707/2523 2928/2375/2324 
f 3048/2705/2794 3044/2708/2521 3047/2707/2523 
f 3047/2707/2523 2929/2383/2325 3048/2705/2794 
f 3044/2708/2521 3048/2705/2794 3046/2703/2793 
f 3049/2704/2506 3048/2705/2794 2929/2383/2325 
f 3050/2702/2507 3046/2703/2793 3048/2705/2794 
f 3048/2705/2794 3049/2704/2506 3050/2702/2507 
f 3046/2703/2793 3051/2700/2518 3045/2701/2520 
f 3051/2700/2518 3046/2703/2793 3050/2702/2507 
f 3052/2698/2533 3045/2701/2520 3051/2700/2518 
f 3045/2701/2520 3052/2698/2533 3043/2699/2534 
f 3050/2702/2507 3053/2694/2512 3051/2700/2518 
f 3052/2698/2533 3054/2696/2535 3043/2699/2534 
f 3043/2699/2534 3054/2696/2535 3019/2572/2782 
f 3017/2570/2781 3019/2572/2782 3054/2696/2535 
f 3054/2696/2535 3055/2697/2795 3017/2570/2781 
f 3056/2670/2796 3055/2697/2795 3054/2696/2535 
f 3051/2700/2518 3057/2695/2519 3052/2698/2533 
f 3052/2698/2533 3057/2695/2519 3054/2696/2535 
f 3057/2695/2519 3051/2700/2518 3053/2694/2512 
f 3054/2696/2535 3058/2690/2516 3056/2670/2796 
f 3058/2690/2516 3054/2696/2535 3057/2695/2519 
f 3053/2694/2512 3059/2692/2797 3057/2695/2519 
f 3057/2695/2519 3059/2692/2797 3058/2690/2516 
f 3053/2694/2512 3050/2702/2507 3060/2693/2503 
f 3060/2693/2503 3050/2702/2507 3049/2704/2506 
f 3059/2692/2797 3053/2694/2512 3061/2689/2508 
f 3060/2693/2503 3061/2689/2508 3053/2694/2512 
f 3061/2689/2508 3062/2691/2515 3059/2692/2797 
f 3059/2692/2797 3062/2691/2515 3058/2690/2516 
f 3061/2689/2508 3060/2693/2503 3063/2686/2798 
f 3062/2691/2515 3061/2689/2508 3064/2687/2501 
f 3063/2686/2798 3064/2687/2501 3061/2689/2508 
f 3065/2688/2514 3058/2690/2516 3062/2691/2515 
f 3064/2687/2501 3065/2688/2514 3062/2691/2515 
f 3063/2686/2798 3060/2693/2503 3066/2685/2505 
f 3049/2704/2506 3066/2685/2505 3060/2693/2503 
f 3064/2687/2501 3063/2686/2798 3067/2682/2799 
f 3066/2685/2505 3049/2704/2506 3068/2706/2509 
f 2929/2383/2325 3068/2706/2509 3049/2704/2506 
f 2923/2382/2317 3068/2706/2509 2929/2383/2325 
f 2924/2390/2318 3068/2706/2509 2923/2382/2317 
f 3068/2706/2509 2924/2390/2318 3066/2685/2505 
f 3066/2685/2505 3069/2684/2502 3063/2686/2798 
f 3069/2684/2502 3066/2685/2505 2924/2390/2318 
f 3067/2682/2799 3063/2686/2798 3069/2684/2502 
f 2924/2390/2318 3070/2683/2504 3069/2684/2502 
f 2918/2389/2310 3070/2683/2504 2924/2390/2318 
f 2919/2397/2311 3070/2683/2504 2918/2389/2310 
f 3071/2681/2800 3069/2684/2502 3070/2683/2504 
f 3070/2683/2504 2919/2397/2311 3071/2681/2800 
f 3069/2684/2502 3071/2681/2800 3067/2682/2799 
f 3072/2677/2487 3071/2681/2800 2919/2397/2311 
f 3073/2678/2801 3067/2682/2799 3071/2681/2800 
f 3071/2681/2800 3072/2677/2487 3073/2678/2801 
f 3067/2682/2799 3074/2679/2497 3064/2687/2501 
f 3074/2679/2497 3067/2682/2799 3073/2678/2801 
f 3065/2688/2514 3064/2687/2501 3074/2679/2497 
f 2919/2397/2311 3075/2680/2489 3072/2677/2487 
f 2913/2396/2303 3075/2680/2489 2919/2397/2311 
f 2914/2404/2736 3075/2680/2489 2913/2396/2303 
f 3074/2679/2497 3076/2676/2802 3065/2688/2514 
f 3058/2690/2516 3065/2688/2514 3076/2676/2802 
f 3075/2680/2489 2914/2404/2736 3077/2663/2803 
f 3077/2663/2803 3072/2677/2487 3075/2680/2489 
f 3076/2676/2802 3078/2667/2499 3058/2690/2516 
f 3056/2670/2796 3058/2690/2516 3078/2667/2499 
f 3078/2667/2499 3079/2668/2539 3056/2670/2796 
f 3080/2641/2804 3079/2668/2539 3078/2667/2499 
f 3076/2676/2802 3074/2679/2497 3081/2675/2492 
f 3073/2678/2801 3081/2675/2492 3074/2679/2497 
f 3082/2673/2498 3078/2667/2499 3076/2676/2802 
f 3081/2675/2492 3082/2673/2498 3076/2676/2802 
f 3083/2674/2483 3073/2678/2801 3072/2677/2487 
f 3081/2675/2492 3073/2678/2801 3083/2674/2483 
f 3072/2677/2487 3077/2663/2803 3083/2674/2483 
f 3082/2673/2498 3081/2675/2492 3084/2672/2488 
f 3083/2674/2483 3084/2672/2488 3081/2675/2492 
f 3082/2673/2498 3085/2669/2805 3078/2667/2499 
f 3084/2672/2488 3085/2669/2805 3082/2673/2498 
f 3086/2661/2479 3083/2674/2483 3077/2663/2803 
f 3084/2672/2488 3083/2674/2483 3086/2661/2479 
f 3077/2663/2803 3087/2658/2480 3086/2661/2479 
f 3087/2658/2480 3077/2663/2803 2914/2404/2736 
f 3086/2661/2479 3088/2671/2806 3084/2672/2488 
f 3085/2669/2805 3084/2672/2488 3088/2671/2806 
f 3089/2659/2807 3086/2661/2479 3087/2658/2480 
f 3088/2671/2806 3086/2661/2479 3089/2659/2807 
f 2914/2404/2736 3090/2657/2808 3087/2658/2480 
f 2908/2403/2732 3090/2657/2808 2914/2404/2736 
f 2909/2411/2733 3090/2657/2808 2908/2403/2732 
f 3091/2656/2477 3087/2658/2480 3090/2657/2808 
f 3090/2657/2808 2909/2411/2733 3091/2656/2477 
f 3087/2658/2480 3091/2656/2477 3089/2659/2807 
f 3092/2653/2473 3091/2656/2477 2909/2411/2733 
f 3093/2655/2471 3089/2659/2807 3091/2656/2477 
f 3091/2656/2477 3092/2653/2473 3093/2655/2471 
f 3089/2659/2807 3094/2660/2809 3088/2671/2806 
f 3094/2660/2809 3089/2659/2807 3093/2655/2471 
f 3095/2666/2810 3088/2671/2806 3094/2660/2809 
f 3088/2671/2806 3095/2666/2810 3085/2669/2805 
f 3093/2655/2471 3096/2654/2811 3094/2660/2809 
f 3094/2660/2809 3097/2662/2812 3095/2666/2810 
f 3097/2662/2812 3094/2660/2809 3096/2654/2811 
f 3085/2669/2805 3095/2666/2810 3098/2665/2813 
f 3095/2666/2810 3097/2662/2812 3098/2665/2813 
f 3098/2665/2813 3078/2667/2499 3085/2669/2805 
f 3078/2667/2499 3098/2665/2813 3080/2641/2804 
f 3096/2654/2811 3099/2664/2814 3097/2662/2812 
f 3099/2664/2814 3098/2665/2813 3097/2662/2812 
f 3096/2654/2811 3093/2655/2471 3100/2652/2815 
f 3100/2652/2815 3093/2655/2471 3092/2653/2473 
f 3099/2664/2814 3096/2654/2811 3101/2650/2816 
f 3100/2652/2815 3101/2650/2816 3096/2654/2811 
f 3098/2665/2813 3099/2664/2814 3102/2647/2472 
f 3101/2650/2816 3102/2647/2472 3099/2664/2814 
f 3080/2641/2804 3098/2665/2813 3103/2638/2817 
f 3102/2647/2472 3103/2638/2817 3098/2665/2813 
f 3103/2638/2817 3104/2639/2544 3080/2641/2804 
f 3105/2635/2818 3104/2639/2544 3103/2638/2817 
f 3102/2647/2472 3101/2650/2816 3106/2646/2819 
f 3107/2644/2820 3103/2638/2817 3102/2647/2472 
f 3106/2646/2819 3107/2644/2820 3102/2647/2472 
f 3101/2650/2816 3100/2652/2815 3108/2648/2821 
f 3108/2648/2821 3106/2646/2819 3101/2650/2816 
f 3108/2648/2821 3100/2652/2815 3109/2649/2822 
f 3092/2653/2473 3109/2649/2822 3100/2652/2815 
f 3106/2646/2819 3108/2648/2821 3110/2645/2823 
f 3109/2649/2822 3092/2653/2473 3111/2651/2475 
f 2909/2411/2733 3111/2651/2475 3092/2653/2473 
f 2903/2410/2726 3111/2651/2475 2909/2411/2733 
f 2904/2418/2290 3111/2651/2475 2903/2410/2726 
f 3111/2651/2475 2904/2418/2290 3109/2649/2822 
f 3109/2649/2822 3112/2631/2824 3108/2648/2821 
f 3112/2631/2824 3109/2649/2822 2904/2418/2290 
f 3110/2645/2823 3108/2648/2821 3112/2631/2824 
f 2904/2418/2290 3113/2629/2449 3112/2631/2824 
f 2898/2417/2723 3113/2629/2449 2904/2418/2290 
f 2899/2425/2440 3113/2629/2449 2898/2417/2723 
f 3114/2627/2448 3112/2631/2824 3113/2629/2449 
f 3113/2629/2449 2899/2425/2440 3114/2627/2448 
f 3112/2631/2824 3114/2627/2448 3110/2645/2823 
f 3115/2622/2447 3114/2627/2448 2899/2425/2440 
f 3116/2625/2825 3110/2645/2823 3114/2627/2448 
f 3114/2627/2448 3115/2622/2447 3116/2625/2825 
f 3110/2645/2823 3117/2643/2826 3106/2646/2819 
f 3117/2643/2826 3110/2645/2823 3116/2625/2825 
f 3107/2644/2820 3106/2646/2819 3117/2643/2826 
f 2899/2425/2440 3118/2621/2446 3115/2622/2447 
f 2893/2424/2720 3118/2621/2446 2899/2425/2440 
f 2894/2432/2438 3118/2621/2446 2893/2424/2720 
f 3117/2643/2826 3119/2640/2467 3107/2644/2820 
f 3107/2644/2820 3119/2640/2467 3103/2638/2817 
f 3118/2621/2446 2894/2432/2438 3120/2620/2445 
f 3120/2620/2445 3115/2622/2447 3118/2621/2446 
f 3119/2640/2467 3117/2643/2826 3121/2642/2827 
f 3116/2625/2825 3121/2642/2827 3117/2643/2826 
f 3122/2623/2457 3116/2625/2825 3115/2622/2447 
f 3121/2642/2827 3116/2625/2825 3122/2623/2457 
f 3115/2622/2447 3120/2620/2445 3122/2623/2457 
f 3121/2642/2827 3123/2637/2464 3119/2640/2467 
f 3122/2623/2457 3124/2624/2459 3121/2642/2827 
f 3123/2637/2464 3121/2642/2827 3124/2624/2459 
f 3125/2618/2828 3122/2623/2457 3120/2620/2445 
f 3124/2624/2459 3122/2623/2457 3125/2618/2828 
f 3119/2640/2467 3123/2637/2464 3126/2636/2465 
f 3126/2636/2465 3103/2638/2817 3119/2640/2467 
f 3103/2638/2817 3126/2636/2465 3105/2635/2818 
f 3124/2624/2459 3127/2626/2829 3123/2637/2464 
f 3123/2637/2464 3127/2626/2829 3126/2636/2465 
f 3127/2626/2829 3124/2624/2459 3128/2619/2461 
f 3125/2618/2828 3128/2619/2461 3124/2624/2459 
f 3129/2628/2830 3126/2636/2465 3127/2626/2829 
f 3128/2619/2461 3129/2628/2830 3127/2626/2829 
f 3105/2635/2818 3126/2636/2465 3130/2633/2547 
f 3130/2633/2547 3131/2634/2831 3105/2635/2818 
f 3132/2579/2832 3131/2634/2831 3130/2633/2547 
f 3126/2636/2465 3129/2628/2830 3133/2630/2466 
f 3133/2630/2466 3130/2633/2547 3126/2636/2465 
f 3129/2628/2830 3128/2619/2461 3134/2617/2552 
f 3134/2617/2552 3133/2630/2466 3129/2628/2830 
f 3128/2619/2461 3125/2618/2828 3135/2616/2833 
f 3135/2616/2833 3134/2617/2552 3128/2619/2461 
f 3120/2620/2445 3136/2615/2444 3125/2618/2828 
f 3135/2616/2833 3125/2618/2828 3136/2615/2444 
f 3136/2615/2444 3120/2620/2445 2894/2432/2438 
f 3134/2617/2552 3135/2616/2833 3137/2612/2834 
f 2894/2432/2438 3138/2614/2442 3136/2615/2444 
f 2888/2431/2435 3138/2614/2442 2894/2432/2438 
f 2889/2439/2439 3138/2614/2442 2888/2431/2435 
f 3136/2615/2444 3139/2613/2443 3135/2616/2833 
f 3139/2613/2443 3136/2615/2444 3138/2614/2442 
f 3138/2614/2442 2889/2439/2439 3139/2613/2443 
f 3137/2612/2834 3135/2616/2833 3139/2613/2443 
f 3140/2610/2557 3139/2613/2443 2889/2439/2439 
f 3139/2613/2443 3140/2610/2557 3137/2612/2834 
f 2889/2439/2439 3141/2608/2835 3140/2610/2557 
f 2883/2438/2429 3141/2608/2835 2889/2439/2439 
f 2884/2446/2715 3141/2608/2835 2883/2438/2429 
f 3142/2606/2836 3140/2610/2557 3141/2608/2835 
f 3141/2608/2835 2884/2446/2715 3142/2606/2836 
f 3143/2609/2837 3137/2612/2834 3140/2610/2557 
f 3140/2610/2557 3142/2606/2836 3143/2609/2837 
f 3137/2612/2834 3144/2611/2554 3134/2617/2552 
f 3144/2611/2554 3137/2612/2834 3143/2609/2837 
f 3133/2630/2466 3134/2617/2552 3144/2611/2554 
f 3144/2611/2554 3145/2632/2550 3133/2630/2466 
f 3145/2632/2550 3130/2633/2547 3133/2630/2466 
f 3143/2609/2837 3146/2607/2556 3144/2611/2554 
f 3145/2632/2550 3144/2611/2554 3146/2607/2556 
f 3147/2604/2838 3143/2609/2837 3142/2606/2836 
f 3146/2607/2556 3143/2609/2837 3147/2604/2838 
f 3145/2632/2550 3148/2605/2553 3130/2633/2547 
f 3146/2607/2556 3148/2605/2553 3145/2632/2550 
f 3142/2606/2836 3149/2601/2563 3147/2604/2838 
f 3149/2601/2563 3142/2606/2836 2884/2446/2715 
f 3147/2604/2838 3150/2603/2564 3146/2607/2556 
f 3148/2605/2553 3146/2607/2556 3150/2603/2564 
f 3151/2599/2839 3147/2604/2838 3149/2601/2563 
f 3150/2603/2564 3147/2604/2838 3151/2599/2839 
f 2884/2446/2715 3152/2600/2561 3149/2601/2563 
f 2878/2445/2422 3152/2600/2561 2884/2446/2715 
f 2879/2453/2714 3152/2600/2561 2878/2445/2422 
f 3153/2596/2840 3149/2601/2563 3152/2600/2561 
f 3152/2600/2561 2879/2453/2714 3153/2596/2840 
f 3149/2601/2563 3153/2596/2840 3151/2599/2839 
f 3154/2593/2571 3153/2596/2840 2879/2453/2714 
f 3155/2595/2841 3151/2599/2839 3153/2596/2840 
f 3153/2596/2840 3154/2593/2571 3155/2595/2841 
f 3151/2599/2839 3156/2598/2842 3150/2603/2564 
f 3156/2598/2842 3151/2599/2839 3155/2595/2841 
f 3157/2602/2843 3150/2603/2564 3156/2598/2842 
f 3150/2603/2564 3157/2602/2843 3148/2605/2553 
f 3155/2595/2841 3158/2594/2573 3156/2598/2842 
f 3156/2598/2842 3159/2597/2844 3157/2602/2843 
f 3159/2597/2844 3156/2598/2842 3158/2594/2573 
f 3148/2605/2553 3157/2602/2843 3160/2581/2845 
f 3157/2602/2843 3159/2597/2844 3160/2581/2845 
f 3160/2581/2845 3130/2633/2547 3148/2605/2553 
f 3130/2633/2547 3160/2581/2845 3132/2579/2832 
f 3158/2594/2573 3161/2589/2846 3159/2597/2844 
f 3161/2589/2846 3160/2581/2845 3159/2597/2844 
f 3158/2594/2573 3155/2595/2841 3162/2592/2847 
f 3162/2592/2847 3155/2595/2841 3154/2593/2571 
f 3161/2589/2846 3158/2594/2573 3163/2586/2577 
f 3162/2592/2847 3163/2586/2577 3158/2594/2573 
f 3160/2581/2845 3161/2589/2846 3164/2583/2575 
f 3163/2586/2577 3164/2583/2575 3161/2589/2846 
f 3132/2579/2832 3160/2581/2845 3165/2577/2603 
f 3164/2583/2575 3165/2577/2603 3160/2581/2845 
f 3165/2577/2603 3166/2578/2848 3132/2579/2832 
f 3167/2575/2849 3166/2578/2848 3165/2577/2603 
f 3164/2583/2575 3163/2586/2577 3168/2584/2581 
f 3169/2580/2602 3165/2577/2603 3164/2583/2575 
f 3168/2584/2581 3169/2580/2602 3164/2583/2575 
f 3163/2586/2577 3162/2592/2847 3170/2588/2850 
f 3170/2588/2850 3168/2584/2581 3163/2586/2577 
f 3170/2588/2850 3162/2592/2847 3171/2590/2851 
f 3154/2593/2571 3171/2590/2851 3162/2592/2847 
f 3168/2584/2581 3170/2588/2850 3172/2585/2852 
f 3171/2590/2851 3154/2593/2571 3173/2591/2570 
f 2879/2453/2714 3173/2591/2570 3154/2593/2571 
f 2873/2452/2415 3173/2591/2570 2879/2453/2714 
f 2874/2460/2709 3173/2591/2570 2873/2452/2415 
f 3173/2591/2570 2874/2460/2709 3171/2590/2851 
f 3171/2590/2851 3174/2587/2580 3170/2588/2850 
f 3174/2587/2580 3171/2590/2851 2874/2460/2709 
f 3172/2585/2852 3170/2588/2850 3174/2587/2580 
f 2874/2460/2709 3175/2471/2853 3174/2587/2580 
f 2868/2459/2408 3175/2471/2853 2874/2460/2709 
f 2866/2469/2409 3175/2471/2853 2868/2459/2408 
f 3176/2473/2583 3174/2587/2580 3175/2471/2853 
f 3175/2471/2853 2866/2469/2409 3176/2473/2583 
f 3174/2587/2580 3176/2473/2583 3172/2585/2852 
f 3177/2474/2585 3176/2473/2583 2866/2469/2409 
f 2866/2469/2409 2867/2472/2584 3177/2474/2585 
f 3178/2490/2854 3172/2585/2852 3176/2473/2583 
f 3176/2473/2583 3177/2474/2585 3178/2490/2854 
f 3172/2585/2852 3179/2582/2587 3168/2584/2581 
f 3179/2582/2587 3172/2585/2852 3178/2490/2854 
f 3169/2580/2602 3168/2584/2581 3179/2582/2587 
f 3180/2475/2590 3177/2474/2585 2867/2472/2584 
f 2867/2472/2584 2865/2468/2402 3180/2475/2590 
f 3179/2582/2587 3181/2496/2600 3169/2580/2602 
f 3169/2580/2602 3181/2496/2600 3165/2577/2603 
f 3178/2490/2854 3182/2491/2589 3179/2582/2587 
f 3181/2496/2600 3179/2582/2587 3182/2491/2589 
f 3183/2487/2593 3178/2490/2854 3177/2474/2585 
f 3182/2491/2589 3178/2490/2854 3183/2487/2593 
f 3177/2474/2585 3180/2475/2590 3183/2487/2593 
f 3182/2491/2589 3184/2493/2855 3181/2496/2600 
f 3183/2487/2593 3185/2489/2594 3182/2491/2589 
f 3184/2493/2855 3182/2491/2589 3185/2489/2594 
f 3186/2485/2856 3183/2487/2593 3180/2475/2590 
f 3185/2489/2594 3183/2487/2593 3186/2485/2856 
f 3181/2496/2600 3184/2493/2855 3187/2495/2606 
f 3187/2495/2606 3165/2577/2603 3181/2496/2600 
f 3165/2577/2603 3187/2495/2606 3167/2575/2849 
f 3185/2489/2594 3188/2492/2857 3184/2493/2855 
f 3184/2493/2855 3188/2492/2857 3187/2495/2606 
f 3188/2492/2857 3185/2489/2594 3189/2488/2858 
f 3186/2485/2856 3189/2488/2858 3185/2489/2594 
f 3190/2494/2607 3187/2495/2606 3188/2492/2857 
f 3189/2488/2858 3190/2494/2607 3188/2492/2857 
f 3167/2575/2849 3187/2495/2606 3191/2573/2859 
f 3191/2573/2859 3192/2574/2609 3167/2575/2849 
f 3014/2571/2779 3192/2574/2609 3191/2573/2859 
f 3191/2573/2859 2989/2526/2771 3014/2571/2779 
f 3187/2495/2606 3190/2494/2607 3193/2497/2610 
f 3193/2497/2610 3191/2573/2859 3187/2495/2606 
f 3190/2494/2607 3189/2488/2858 3194/2486/2860 
f 3194/2486/2860 3193/2497/2610 3190/2494/2607 
f 2989/2526/2771 3191/2573/2859 3195/2502/2617 
f 3195/2502/2617 2990/2576/2772 2989/2526/2771 
f 2992/2504/2773 2990/2576/2772 3195/2502/2617 
f 3196/2499/2861 3191/2573/2859 3193/2497/2610 
f 3196/2499/2861 3195/2502/2617 3191/2573/2859 
f 3197/2498/2862 3196/2499/2861 3193/2497/2610 
f 3193/2497/2610 3194/2486/2860 3197/2498/2862 
f 3198/2500/2863 3195/2502/2617 3196/2499/2861 
f 3195/2502/2617 3198/2500/2863 2992/2504/2773 
f 3196/2499/2861 3197/2498/2862 3198/2500/2863 
f 3199/2501/2625 2992/2504/2773 3198/2500/2863 
f 2992/2504/2773 3199/2501/2625 2984/2506/2766 
f 3200/2484/2864 3198/2500/2863 3197/2498/2862 
f 3198/2500/2863 3200/2484/2864 3199/2501/2625 
f 3201/2483/2865 3197/2498/2862 3194/2486/2860 
f 3197/2498/2862 3201/2483/2865 3200/2484/2864 
f 3202/2482/2866 3194/2486/2860 3189/2488/2858 
f 3194/2486/2860 3202/2482/2866 3201/2483/2865 
f 3189/2488/2858 3186/2485/2856 3202/2482/2866 
f 3200/2484/2864 3201/2483/2865 3203/2480/2867 
f 3202/2482/2866 3186/2485/2856 3204/2477/2592 
f 3180/2475/2590 3204/2477/2592 3186/2485/2856 
f 3204/2477/2592 3180/2475/2590 2865/2468/2402 
f 3201/2483/2865 3202/2482/2866 3205/2478/2597 
f 3204/2477/2592 3205/2478/2597 3202/2482/2866 
f 3205/2478/2597 3203/2480/2867 3201/2483/2865 
f 2865/2468/2402 3206/2476/2591 3204/2477/2592 
f 3205/2478/2597 3204/2477/2592 3206/2476/2591 
f 2855/2467/2700 3206/2476/2591 2865/2468/2402 
f 3206/2476/2591 3207/2470/2395 3205/2478/2597 
f 3207/2470/2395 3206/2476/2591 2855/2467/2700 
f 3203/2480/2867 3205/2478/2597 3207/2470/2395 
f 2855/2467/2700 2853/2312/2698 3207/2470/2395 
f 3207/2470/2395 2853/2312/2698 2851/2314/2696 
f 3207/2470/2395 3208/2479/2599 3203/2480/2867 
f 2851/2314/2696 3208/2479/2599 3207/2470/2395 
f 3209/2481/2868 3203/2480/2867 3208/2479/2599 
f 3203/2480/2867 3209/2481/2868 3200/2484/2864 
f 3199/2501/2625 3200/2484/2864 3209/2481/2868 
f 3210/2320/2388 3208/2479/2599 2851/2314/2696 
f 3208/2479/2599 3210/2320/2388 3209/2481/2868 
f 2851/2314/2696 2849/2315/2383 3210/2320/2388 
f 3210/2320/2388 2849/2315/2383 2852/2319/2697 
f 2852/2319/2697 2979/2505/2621 3210/2320/2388 
f 3209/2481/2868 3211/2503/2623 3199/2501/2625 
f 3211/2503/2623 3209/2481/2868 3210/2320/2388 
f 3210/2320/2388 2979/2505/2621 3211/2503/2623 
f 2984/2506/2766 3199/2501/2625 3211/2503/2623 
f 2980/2507/2626 3211/2503/2623 2979/2505/2621 
f 3211/2503/2623 2980/2507/2626 2984/2506/2766 
# 0 polygons - 6252 triangles

