# Blender v2.79 (sub 0) OBJ File: ''
# www.blender.org
mtllib TT_CAR.mtl
o TT_CAR
v 0.402729 0.193151 -1.628510
v 0.420981 0.212684 -1.541300
v 0.421220 0.212658 -1.625770
v -0.351041 0.012316 1.620480
v -0.372708 0.031028 1.613350
v -0.238111 0.044571 1.618550
v -0.689881 0.129361 1.542780
v -0.763659 0.112784 1.530730
v -0.744502 0.077261 1.548310
v -0.745988 0.143156 -0.715672
v -0.712016 0.177722 -0.541502
v -0.713757 0.177722 -0.739317
v -0.827057 -0.071984 -1.320670
v -0.789617 -0.071978 -1.077650
v -0.832223 0.033142 -1.297150
v 0.486997 0.212658 -1.617430
v 0.506465 0.193169 -1.531220
v 0.506562 0.193143 -1.615530
v 0.544066 0.030680 1.591160
v 0.525580 -0.034635 1.557730
v 0.520881 0.001611 1.594580
v -0.436910 0.109133 1.575320
v -0.509623 0.119165 1.566710
v -0.513314 0.080599 1.586560
v -0.451128 0.076707 1.594260
v -0.265290 0.087566 1.593950
v -0.372854 0.082953 1.583000
v -0.396191 0.066078 1.593710
v -0.425419 0.044942 1.606570
v -0.265291 0.108628 1.496330
v -0.364565 0.102652 1.488700
v -0.431129 0.131103 1.482580
v -0.508836 0.136785 1.474750
v -0.265290 0.123941 1.356160
v -0.361441 0.123103 1.352160
v -0.431419 0.153615 1.348660
v -0.508768 0.156283 1.344420
v -0.374566 0.133605 1.092790
v -0.263185 0.147152 0.890727
v -0.387588 0.144087 0.888768
v -0.504067 0.178781 0.849555
v -0.506679 0.168215 1.090980
v -0.464048 0.166084 1.091600
v -0.439287 0.175761 0.808934
v -0.459369 0.176592 0.701477
v -0.519906 0.182084 0.669592
v -0.517896 0.177723 0.541024
v -0.538785 0.183166 0.606499
v -0.507392 0.178115 0.627440
v -0.262574 0.159445 0.671740
v -0.248481 0.177723 0.569735
v 0.000000 0.106253 1.505210
v 0.000000 0.085190 1.605540
v -0.600115 0.142077 1.464830
v -0.599997 0.128126 1.555650
v -0.596222 0.085600 1.574280
v -0.689881 0.129361 1.542780
v -0.659293 0.082544 1.563350
v -0.696339 0.144354 1.453120
v -0.696339 0.144354 1.453120
v -0.776033 0.128863 1.442590
v -0.797038 0.084625 1.524640
v -0.826190 0.092288 1.436390
v -0.817417 0.046856 1.520700
v -0.824798 0.008760 1.519210
v -0.779559 -0.010671 1.542230
v -0.845812 0.020057 1.432870
v -0.846589 0.060792 1.433920
v 0.755605 -0.089412 -0.696693
v 0.692607 -0.090605 -0.793125
v 0.733556 -0.191258 -0.594960
v 0.730739 -0.307460 -0.568167
v 0.716340 -0.193422 -0.633212
v 0.512608 -0.034635 1.595790
v 0.552159 0.020538 1.554100
v -0.383351 0.014153 1.575800
v -0.358293 -0.037879 1.578630
v -0.382970 -0.017713 1.541740
v -0.414503 0.007433 1.538310
v -0.439655 0.027004 1.568990
v -0.456495 -0.004345 1.534810
v -0.484808 -0.009003 1.563170
v -0.471324 -0.037879 1.531750
v -0.484808 -0.066755 1.563170
v -0.453825 -0.074217 1.533820
v -0.439655 -0.102764 1.568990
v -0.414504 -0.083192 1.538310
v -0.596696 -0.389812 1.341580
v -0.791076 -0.389779 1.193570
v -0.538857 -0.394465 1.148040
v -0.725010 -0.393794 0.431160
v -0.530320 -0.393813 0.355356
v -0.534327 -0.393086 0.564355
v -0.751634 -0.389790 0.531153
v -0.707243 -0.393794 0.358134
v -0.701739 -0.401584 -0.585674
v -0.541467 -0.403976 -0.642205
v -0.533073 -0.397482 -0.067674
v -0.693279 -0.396847 -0.064702
v -0.700273 0.177723 0.477491
v -0.725734 0.189467 0.562900
v -0.678346 0.190954 0.562212
v -0.678346 0.190954 0.562212
v -0.653341 0.177723 0.513430
v -0.700273 0.177723 0.477491
v -0.691542 0.182998 0.852453
v -0.778797 0.134399 -1.584090
v -0.787696 0.136327 -1.453130
v -0.760354 0.165427 -1.458990
v -0.759264 0.165666 -1.524390
v -0.787793 -0.034431 -1.491960
v -0.815660 -0.063099 -1.419620
v -0.812385 0.086244 -1.442720
v -0.785973 0.087185 -1.580500
v -0.747957 -0.034745 -1.541400
v -0.780293 -0.034717 -1.520470
v -0.756567 0.131237 -1.623780
v -0.802240 0.139737 -1.241670
v -0.760288 0.169865 -1.241500
v -0.804054 0.143627 -1.071900
v -0.756641 0.174565 -1.110200
v -0.781865 0.141662 -0.892101
v -0.743881 0.177719 -0.901781
v -0.732526 0.174733 -1.083880
v -0.738247 0.144682 -0.539741
v -0.731410 0.151709 -0.063977
v -0.700027 0.177728 -0.064573
v -0.737888 0.177571 0.490623
v -0.789539 0.147520 0.563542
v -0.764362 0.177343 0.563273
v -0.738520 0.164863 0.457559
v -0.757858 0.151292 0.442913
v -0.823852 0.044487 0.563717
v -0.849763 0.044691 0.856079
v -0.841069 0.094822 0.855704
v -0.816495 0.145983 0.854913
v -0.772891 0.173300 0.854018
v -0.785642 0.156085 1.326120
v -0.779288 0.163806 1.086170
v -0.823166 0.139188 1.085230
v -0.858598 0.036005 1.084460
v -0.848962 0.092642 1.084670
v -0.827099 0.130336 1.322900
v -0.867218 0.028941 1.319670
v -0.855592 0.090913 1.320620
v -0.774314 -0.363265 0.508897
v -0.775170 -0.295861 0.513191
v -0.762627 -0.299857 0.440943
v -0.756885 -0.367299 0.440402
v -0.781959 -0.172464 0.540777
v -0.771932 -0.183493 0.441815
v -0.786878 -0.091309 0.563742
v -0.781579 -0.095506 0.442718
v -0.788851 0.040207 0.443399
v -0.842403 -0.055618 1.084770
v -0.812730 -0.013498 0.853820
v -0.814117 -0.055538 1.010450
v -0.814900 -0.098894 1.085510
v -0.811743 -0.197659 1.150800
v -0.812389 -0.163303 1.217290
v -0.810479 -0.099142 1.324390
v -0.809666 -0.197336 1.328580
v -0.810975 -0.287386 1.183350
v -0.812440 -0.287411 1.329710
v -0.810169 -0.372053 1.192730
v -0.809637 -0.372016 1.332490
v -0.760717 -0.389821 1.159950
v -0.791297 -0.389724 1.334290
v -0.804846 -0.373460 -1.247090
v -0.807553 -0.300265 -1.239260
v -0.815607 -0.287920 -1.359730
v -0.809917 -0.374477 -1.357910
v -0.813058 -0.181439 -1.417440
v -0.801317 -0.182814 -1.199090
v -0.813247 0.031563 -1.083440
v -0.776741 -0.057172 -0.990485
v -0.788557 0.031210 -0.930540
v -0.774429 -0.050089 -0.892890
v -0.766244 0.031763 -0.770395
v -0.755606 -0.089412 -0.696693
v -0.766634 -0.054925 -0.792243
v -0.737933 -0.090242 -0.625939
v -0.733556 -0.191258 -0.594960
v -0.752464 -0.095592 0.360019
v -0.762315 0.040038 0.352155
v -0.740974 0.037495 -0.063796
v -0.745748 0.032477 -0.601532
v -0.737714 -0.300143 0.359367
v -0.738532 -0.185235 0.360111
v -0.718776 -0.303097 -0.064217
v -0.719974 -0.187477 -0.064194
v -0.730739 -0.307460 -0.568167
v -0.730202 -0.374341 -0.560501
v -0.717270 -0.370134 -0.064245
v -0.735286 -0.367232 0.358722
v -0.805090 -0.262391 -1.418970
v -0.797379 -0.374478 -1.418810
v 0.486843 0.212684 -1.534150
v 0.402491 0.137824 -1.571510
v 0.402683 0.153746 -1.628700
v 0.417592 0.137799 -1.626550
v -0.383351 -0.089912 1.575800
v -0.382971 -0.058045 1.541740
v -0.777823 -0.181439 -1.542290
v -0.747957 -0.034745 -1.541400
v -0.684386 -0.181439 -1.590500
v -0.746858 -0.181439 -1.587840
v 0.505403 0.137824 -1.559810
v 0.489452 0.137799 -1.617420
v 0.505789 0.153743 -1.615780
v -0.697080 0.163784 1.332590
v -0.694200 0.172412 1.087850
v -0.697080 0.163784 1.332590
v -0.600605 0.158651 1.338990
v -0.598293 0.167835 1.089550
v -0.591458 0.179071 0.850788
v -0.691542 0.182998 0.852453
v -0.694200 0.172412 1.087850
v -0.590067 0.185041 0.560596
v 0.000000 0.144777 0.880979
v 0.000000 0.160994 0.671571
v 0.000000 0.121565 1.360690
v 0.489452 0.137799 -1.617420
v 0.486773 0.162078 -1.689760
v 0.417592 0.137799 -1.626550
v -0.853681 -0.055826 1.320760
v -0.834507 -0.055688 1.433620
v 0.486997 0.212658 -1.617430
v 0.487257 0.186888 -1.689520
v 0.506562 0.193143 -1.615530
v -0.360356 -0.006822 1.621230
v -0.360356 -0.068936 1.621230
v -0.408918 0.031904 1.615060
v 0.000000 -0.068241 1.656480
v 0.000000 0.015653 1.643280
v -0.203781 -0.001994 1.636750
v -0.165375 -0.068581 1.651950
v -0.330083 -0.006628 1.625120
v -0.304453 -0.068558 1.636900
v 0.383350 -0.089912 1.575800
v 0.382970 -0.058045 1.541740
v 0.358292 -0.037879 1.578630
v 0.414503 -0.083192 1.538310
v -0.408918 -0.107663 1.615060
v -0.469474 -0.093841 1.606710
v -0.496425 -0.037879 1.602830
v -0.469474 0.018082 1.606710
v -0.353861 -0.072064 1.617140
v -0.346059 -0.037879 1.618060
v -0.375723 -0.099477 1.614490
v 0.382969 -0.017713 1.541740
v -0.407314 -0.114691 1.610460
v -0.442378 -0.114691 1.605760
v -0.473969 -0.099477 1.601350
v -0.495831 -0.072064 1.598230
v -0.503633 -0.037879 1.597100
v 0.000000 0.177723 0.584455
v 0.000000 0.177718 -0.895228
v -0.251959 0.177719 -0.894341
v 0.000000 0.177722 -0.766267
v -0.493832 0.177722 -0.769670
v -0.503918 0.177719 -0.893454
v -0.251959 0.177722 -0.768003
v -0.660676 0.177719 -0.906711
v -0.640306 0.177722 -0.770397
v -0.705406 0.177719 -0.902815
v -0.680626 0.177722 -0.768219
v -0.705406 0.177719 -0.902815
v -0.713757 0.177722 -0.739317
v -0.251959 0.172947 -1.087500
v 0.000000 0.172023 -1.571400
v -0.251959 0.172024 -1.552260
v 0.000000 0.176213 -1.073950
v -0.420981 0.212684 -1.541300
v -0.486843 0.212684 -1.534150
v -0.492244 0.211648 -1.142190
v -0.422477 0.211623 -1.144160
v -0.506443 0.172023 -1.529780
v -0.581932 0.172023 -1.525880
v -0.600611 0.171327 -1.076280
v -0.511846 0.170993 -1.095180
v -0.662421 0.170841 -1.100430
v -0.664449 0.172024 -1.523860
v -0.714559 0.416040 -1.302290
v -0.698862 0.408270 -1.302840
v -0.699384 0.443584 -1.396660
v -0.715195 0.451360 -1.395800
v -0.715021 0.456550 -1.457950
v -0.726709 0.448758 -1.459700
v -0.727628 0.443601 -1.397160
v -0.727419 0.408281 -1.304810
v 0.000000 0.137824 -1.604070
v -0.251959 -0.032504 -1.495510
v -0.251959 0.137824 -1.583680
v -0.412100 0.171148 -1.076090
v -0.492823 0.171334 -1.076000
v -0.403545 -0.032519 -1.484230
v -0.577361 -0.032480 -1.469920
v -0.505404 0.137824 -1.559820
v -0.402491 0.137825 -1.571510
v -0.580683 0.137824 -1.555620
v -0.684966 0.171510 -1.076230
v -0.653718 -0.032480 -1.467940
v -0.652506 0.137824 -1.553610
v -0.707569 0.174491 -1.064060
v -0.707569 0.174491 -1.064060
v -0.713746 0.461096 -1.558980
v -0.725614 0.453206 -1.536520
v -0.687125 -0.034028 -1.541240
v -0.756567 0.131237 -1.623780
v -0.685536 0.131948 -1.626950
v 0.720193 0.177723 0.442065
v 0.627881 0.023449 0.460865
v 0.700272 0.177723 0.477491
v 0.680625 0.177721 -0.768219
v 0.631860 -0.125982 -0.736471
v 0.640305 0.177722 -0.770397
v -0.473969 0.023718 1.601350
v -0.495831 -0.003695 1.598230
v -0.407314 0.038932 1.610460
v -0.375723 0.023718 1.614490
v -0.353861 -0.003695 1.617140
v -0.420002 -0.181439 -1.541830
v -0.574522 -0.181439 -1.529300
v 0.714857 0.177730 0.360409
v 0.627881 0.023449 0.460865
v 0.720193 0.177723 0.442065
v -0.815294 -0.055392 1.521050
v -0.715378 -0.058885 1.561290
v -0.712497 -0.028582 1.561820
v -0.779559 -0.010671 1.542230
v -0.753120 -0.097000 1.546310
v -0.753120 -0.097000 1.546310
v -0.757280 0.164532 -1.601840
v -0.402463 0.172024 -1.540830
v -0.506443 0.172023 -1.529780
v -0.757280 0.164532 -1.601840
v -0.686128 0.168574 -1.601230
v 0.000000 0.177269 0.355837
v 0.572013 0.061115 0.353860
v 0.596169 0.177269 0.354783
v -0.429581 -0.343605 -1.178100
v -0.542395 -0.403355 -1.208440
v -0.444243 -0.400997 -1.427150
v -0.771261 -0.399642 -1.216410
v -0.775490 -0.400989 -1.436550
v -0.699750 -0.097662 1.564120
v -0.803010 -0.096698 1.523400
v -0.803208 -0.096827 1.437810
v -0.433326 0.162854 1.092030
v -0.393930 0.148237 0.808249
v -0.414872 0.153625 0.700801
v -0.438292 0.155433 0.654141
v 0.000000 0.059026 1.622800
v -0.154790 -0.113733 1.648070
v 0.000000 -0.113642 1.652000
v 0.439292 -0.397561 -0.069271
v 0.436684 -0.401689 -0.457161
v 0.000000 -0.401888 -0.464397
v 0.537379 -0.403976 -0.642205
v 0.533073 -0.397482 -0.067674
v -0.552160 0.020538 1.554100
v -0.565442 0.003895 1.520100
v -0.546872 -0.034635 1.522480
v -0.525581 -0.034635 1.557730
v -0.611949 0.034165 1.545450
v -0.607194 0.013412 1.514530
v -0.659931 -0.004016 1.538050
v -0.640692 -0.013252 1.509860
v -0.659931 -0.065255 1.538050
v -0.640692 -0.056019 1.509860
v -0.611949 -0.103437 1.545450
v -0.607194 -0.082684 1.514540
v -0.552159 -0.089809 1.554100
v -0.565441 -0.073167 1.520100
v -0.527769 -0.001704 1.598210
v -0.643661 0.024704 1.579730
v -0.579307 0.039360 1.590320
v -0.527769 -0.067567 1.598210
v -0.579306 -0.108632 1.590320
v -0.643661 -0.093976 1.579730
v -0.672310 -0.034635 1.574760
v -0.520882 -0.070883 1.594580
v -0.512609 -0.034635 1.595790
v -0.544067 -0.099952 1.591160
v -0.577602 -0.116084 1.586020
v -0.614856 -0.116084 1.580060
v -0.648435 -0.099952 1.574460
v -0.671674 -0.070883 1.570460
v -0.679968 -0.034635 1.569000
v -0.671674 0.001611 1.570460
v -0.648435 0.030680 1.574460
v -0.614856 0.046812 1.580060
v -0.577602 0.046812 1.586020
v -0.544067 0.030680 1.591160
v -0.520882 0.001611 1.594580
v -0.372213 0.030889 1.554280
v -0.515354 0.047726 1.537310
v -0.461079 0.047161 1.544070
v -0.461630 0.046447 1.601610
v -0.515905 0.047012 1.593860
v -0.425360 0.044974 1.548330
v -0.593012 0.049269 1.527050
v -0.593577 0.048555 1.582080
v -0.660717 0.037448 1.517290
v -0.661311 0.036734 1.570870
v -0.699842 0.007099 1.511300
v -0.700452 0.006385 1.563990
v -0.711883 -0.027868 1.509400
v 0.636591 -0.229803 0.402886
v 0.714857 0.177730 0.360409
v 0.700026 0.177728 -0.064573
v 0.752463 -0.095592 0.360019
v 0.740974 0.037495 -0.063796
v 0.730264 -0.093688 -0.063999
v -0.329532 -0.005914 1.558650
v -0.714763 -0.058171 1.508940
v -0.699141 -0.096948 1.511410
v -0.303902 -0.067844 1.561070
v -0.294607 -0.113006 1.561910
v -0.295158 -0.113720 1.637110
v -0.480332 -0.112928 1.541710
v 0.000000 -0.045353 -0.130330
v 0.627965 -0.239433 -0.132141
v 0.627695 -0.042635 -0.132142
v 0.000000 -0.242153 -0.130329
v 0.616812 -0.010663 -0.410949
v 0.000000 0.286890 -0.488131
v 0.000000 -0.013383 -0.369007
v 0.630457 0.347111 -0.736582
v 0.631518 -0.010809 -0.736498
v 0.621308 0.347207 -0.615287
v 0.270041 0.862037 -1.760280
v 0.276587 0.861083 -1.741320
v 0.259455 0.871788 -1.756370
v -0.435389 0.172646 0.889339
v 0.626253 -0.017189 -0.156940
v 0.000000 -0.019802 -0.155125
v 0.247633 0.829139 -1.735450
v 0.242430 0.830953 -1.752980
v 0.237197 0.838760 -1.731600
v 0.231940 0.840704 -1.749210
v 0.259488 0.843797 -1.767580
v 0.266106 0.830954 -1.752980
v 0.270041 0.853584 -1.763660
v 0.276596 0.840705 -1.749210
v -0.809637 -0.372016 1.332490
v -0.810169 -0.372053 1.192730
v -0.668030 -0.389685 1.457010
v 0.000000 -0.390101 1.586240
v 0.000000 0.313315 -0.509203
v 0.617863 0.316046 -0.551574
v 0.000000 0.334582 -0.540271
v 0.619378 0.337237 -0.582829
v 0.237197 0.849886 -1.727150
v 0.231949 0.861084 -1.741320
v 0.247604 0.859537 -1.723280
v -0.811237 -0.140109 1.339200
v 0.271340 0.849885 -1.727150
v 0.266087 0.870827 -1.737550
v 0.260933 0.859537 -1.723280
v 0.249048 0.843797 -1.767580
v 0.238495 0.853584 -1.763660
v 0.260903 0.829139 -1.735450
v 0.271340 0.838761 -1.731600
v 0.249951 0.848090 -1.727870
v 0.258613 0.848090 -1.727870
v 0.258613 0.840610 -1.730860
v 0.249895 0.840562 -1.730880
v 0.238495 0.862036 -1.760280
v 0.242449 0.870827 -1.737550
v 0.249080 0.871788 -1.756370
v 0.250397 0.793108 -1.611130
v 0.249895 0.840562 -1.730880
v 0.250397 0.799793 -1.608450
v 0.249951 0.848090 -1.727870
v 0.249004 0.726406 -1.497060
v 0.249004 0.734614 -1.491720
v 0.248305 0.647408 -1.394640
v 0.248306 0.655988 -1.387610
v 0.244268 0.544042 -1.304380
v 0.244268 0.556334 -1.290410
v 0.244268 0.434519 -1.227780
v 0.244268 0.444568 -1.212120
v 0.244268 0.322243 -1.165760
v 0.244268 0.327074 -1.147790
v 0.244268 0.169721 -1.116830
v 0.244268 0.169721 -1.098230
v 0.000000 0.344536 -0.572324
v 0.617863 0.316046 -0.551574
v 0.619378 0.337237 -0.582829
v -0.744502 0.077261 1.548310
v -0.750680 0.155329 0.349509
v -0.800469 -0.032873 0.717226
v -0.787930 -0.091312 0.606213
v 0.780179 0.227018 0.379246
v 0.720193 0.177723 0.442065
v 0.772577 0.239835 0.360469
v 0.258613 0.848090 -1.727870
v 0.258138 0.799793 -1.608450
v -0.810310 -0.163371 1.326580
v 0.738519 0.164862 0.457559
v 0.259532 0.734614 -1.491720
v 0.260230 0.655988 -1.387610
v 0.264268 0.556334 -1.290410
v -0.813075 -0.287750 1.354310
v -0.812465 -0.273715 1.346540
v -0.811801 -0.218500 1.355520
v -0.810707 -0.197338 1.343150
v 0.795022 0.185013 0.347244
v 0.801148 0.173834 0.375406
v 0.814284 0.172677 0.343814
v 0.264268 0.444568 -1.212120
v 0.264268 0.327074 -1.147790
v 0.264268 0.169721 -1.098230
v 0.819118 0.169928 0.373663
v 0.792229 0.200236 0.399831
v -0.746858 -0.181439 -1.587840
v -0.767320 -0.181439 -1.565250
v 0.765983 0.243957 0.339476
v 0.814284 0.273370 0.338220
v 0.258138 0.793108 -1.611130
v 0.258613 0.840610 -1.730860
v 0.259532 0.726406 -1.497060
v -0.653187 -0.033125 -1.512020
v -0.651866 0.137179 -1.597730
v -0.715572 0.168571 -1.546030
v -0.759264 0.165666 -1.524390
v -0.664076 0.171546 -1.556450
v 0.814284 0.273370 0.338220
v 0.795022 0.185013 0.347244
v 0.765983 0.243957 0.339476
v 0.814284 0.172677 0.343814
v 0.260230 0.647408 -1.394640
v 0.264268 0.544042 -1.304380
v 0.814284 0.264319 0.370940
v 0.264268 0.434519 -1.227780
v 0.264268 0.322243 -1.165760
v 0.264268 0.169721 -1.116830
v 0.814284 0.232141 0.426501
v 0.868795 0.174962 0.371693
v 0.863960 0.178199 0.342791
v -0.752202 -0.303445 0.536725
v -0.751634 -0.389790 0.531153
v -0.534327 -0.393086 0.564355
v -0.534800 -0.227287 0.657494
v -0.758526 -0.171324 0.569625
v -0.771082 -0.034823 0.852807
v -0.771254 -0.046298 0.753384
v -0.538852 -0.161160 0.884617
v -0.538855 -0.229078 1.102330
v -0.774638 -0.057616 0.971478
v -0.538857 -0.394465 1.148040
v -0.774983 -0.203954 1.125030
v -0.775289 -0.100619 1.067230
v -0.774771 -0.286926 1.161410
v -0.770147 -0.371966 1.160100
v -0.770147 -0.371966 1.160100
v -0.763221 -0.091105 0.636628
v -0.771254 -0.046298 0.753384
v -0.774638 -0.057616 0.971478
v -0.751634 -0.389790 0.531153
v -0.752202 -0.303445 0.536725
v -0.758526 -0.171324 0.569625
v -0.771082 -0.034823 0.852807
v -0.775289 -0.100619 1.067230
v -0.774983 -0.203954 1.125030
v -0.774771 -0.286926 1.161410
v -0.770147 -0.371966 1.160100
v -0.763221 -0.091105 0.636628
v 0.915741 0.232567 0.360017
v 0.914982 0.233323 0.338173
v 0.895089 0.266535 0.344009
v 0.895643 0.261341 0.373629
v -0.767710 -0.313252 -1.206960
v -0.771261 -0.399642 -1.216410
v -0.542395 -0.403355 -1.208440
v -0.766593 -0.200059 -1.167880
v -0.542300 -0.233851 -1.112070
v -0.773950 -0.099246 -1.045980
v -0.716611 -0.083469 -0.916323
v -0.541933 -0.192475 -0.907645
v -0.541544 -0.232615 -0.693034
v -0.696695 -0.090605 -0.793126
v -0.702307 -0.308327 -0.603617
v -0.720428 -0.193422 -0.633213
v -0.541467 -0.403976 -0.642205
v -0.701660 -0.390527 -0.594296
v -0.701660 -0.390527 -0.594296
v -0.751523 0.209927 -1.459180
v -0.750831 0.209955 -1.505580
v -0.748442 0.213474 -1.128750
v -0.671595 0.209159 -1.115700
v -0.662421 0.170841 -1.100430
v -0.674123 0.210523 -1.456280
v -0.664449 0.172024 -1.523860
v -0.689923 0.210634 -1.094640
v -0.708964 0.214045 -1.087640
v -0.684966 0.171510 -1.076230
v -0.728735 0.213501 -1.102280
v -0.673722 0.210695 -1.505050
v -0.718220 0.210265 -1.527350
v -0.715572 0.168571 -1.546030
v -0.697164 0.303492 -1.179930
v -0.712208 0.311283 -1.167400
v -0.683588 0.295504 -1.202890
v -0.684694 0.303355 -1.456980
v -0.740527 0.303476 -1.214110
v -0.741327 0.302616 -1.459890
v -0.725889 0.303550 -1.181960
v -0.740838 0.302650 -1.496010
v -0.719474 0.302992 -1.517900
v -0.684364 0.303567 -1.495470
v -0.714086 0.374690 -1.230760
v -0.698215 0.366916 -1.243260
v -0.684836 0.394448 -1.322730
v -0.685154 0.422432 -1.405590
v -0.684410 0.359514 -1.267440
v -0.741762 0.422556 -1.406790
v -0.740918 0.425694 -1.460410
v -0.741138 0.359436 -1.271340
v -0.741709 0.394369 -1.326610
v -0.726687 0.366926 -1.245240
v -0.739828 0.430567 -1.532200
v -0.714836 0.430676 -1.554070
v -0.683933 0.430816 -1.533810
v -0.684697 0.425812 -1.457510
v -0.698836 0.448817 -1.458260
v -0.697955 0.453329 -1.536270
v -0.436985 -0.444750 -0.573705
v -0.430224 -0.444012 -1.092290
v 0.000000 -0.444183 -1.095810
v 0.000000 -0.444949 -0.580940
v -0.720194 0.177723 0.442065
v -0.772577 0.239835 0.360469
v -0.765984 0.243957 0.339476
v -0.792230 0.200237 0.399831
v -0.801148 0.173834 0.375406
v -0.757858 0.151292 0.442913
v 0.000000 -0.181439 -1.574850
v 0.236247 -0.181439 -1.558670
v 0.249277 -0.032504 -1.495710
v 0.000000 -0.032480 -1.514250
v 0.264179 0.137824 -1.582690
v 0.267171 0.172023 -1.551100
v 0.402463 0.172023 -1.540830
v 0.267235 0.172749 -1.088320
v 0.267670 0.177719 -0.894285
v -0.780180 0.227018 0.379245
v -0.795022 0.185013 0.347244
v -0.750680 0.155329 0.349509
v -0.714858 0.177731 0.360409
v 0.403545 -0.032519 -1.484230
v 0.402491 0.137824 -1.571510
v 0.403156 0.170987 -1.078250
v 0.267670 0.177721 -0.768111
v -0.251959 -0.181439 -1.557600
v 0.577601 0.046812 1.586020
v 0.614855 0.046812 1.580060
v 0.611948 0.034165 1.545450
v 0.648435 0.030680 1.574460
v 0.671674 0.001611 1.570460
v 0.659930 -0.004016 1.538050
v -0.819119 0.169928 0.373663
v -0.814284 0.172677 0.343814
v -0.738520 0.164863 0.457559
v 0.671674 -0.070883 1.570460
v 0.659930 -0.065255 1.538050
v 0.679967 -0.034635 1.569000
v -0.795022 0.185013 0.347244
v 0.648434 -0.099952 1.574460
v -0.650839 -0.181439 -1.527190
v 0.614855 -0.116084 1.580060
v 0.611948 -0.103437 1.545450
v -0.650471 -0.181439 -1.556930
v -0.814284 0.273370 0.338220
v -0.423899 -0.391412 0.759531
v -0.441805 -0.393803 0.356031
v 0.000000 -0.391591 0.760945
v -0.439293 -0.397561 -0.069272
v 0.000000 -0.434652 0.787222
v 0.000000 -0.433392 1.075890
v -0.424351 -0.433222 1.080490
v -0.423942 -0.434473 0.796690
v -0.436685 -0.401689 -0.457161
v -0.424369 -0.390162 1.133400
v 0.000000 -0.390082 1.363930
v 0.000000 -0.390331 1.133170
v 0.000000 -0.343775 -1.184470
v -0.863960 0.178199 0.342790
v -0.814284 0.172677 0.343814
v -0.814284 0.273370 0.338220
v 0.544066 -0.099952 1.591160
v 0.577601 -0.116084 1.586020
v -0.353677 -0.181439 -1.550630
v -0.863960 0.238019 0.425810
v -0.814284 0.232141 0.426501
v -0.814284 0.264319 0.370939
v -0.863960 0.270673 0.372662
v 0.552159 -0.089810 1.554100
v 0.520881 -0.070883 1.594580
v 0.527768 -0.001704 1.598210
v 0.579306 0.039360 1.590320
v 0.643660 0.024704 1.579730
v 0.672309 -0.034635 1.574760
v 0.643660 -0.093976 1.579730
v 0.579306 -0.108632 1.590320
v 0.527768 -0.067567 1.598210
v 0.565441 -0.073167 1.520100
v 0.546871 -0.034635 1.522480
v 0.607193 -0.082684 1.514540
v 0.640692 -0.056019 1.509860
v 0.640692 -0.013252 1.509860
v 0.607193 0.013412 1.514540
v 0.565441 0.003895 1.520100
v 0.353860 -0.003695 1.617140
v 0.346058 -0.037879 1.618060
v 0.375722 0.023718 1.614490
v 0.383350 0.014153 1.575800
v -0.773950 -0.099246 -1.045980
v -0.696695 -0.090605 -0.793126
v -0.730202 -0.374341 -0.560501
v -0.771261 -0.399642 -1.216410
v -0.767710 -0.313252 -1.206960
v -0.766593 -0.200059 -1.167880
v -0.716611 -0.083469 -0.916323
v -0.720428 -0.193422 -0.633213
v -0.702307 -0.308327 -0.603617
v -0.701660 -0.390527 -0.594296
v -0.402487 0.193177 -1.542300
v -0.402973 0.192015 -1.131980
v -0.511619 0.192028 -1.129160
v -0.506465 0.193169 -1.531220
v -0.422722 0.192523 -1.102790
v -0.492776 0.192548 -1.101270
v 0.414502 0.007433 1.538310
v 0.439654 0.027004 1.568990
v 0.456494 -0.004345 1.534810
v 0.484807 -0.009003 1.563170
v 0.471324 -0.037879 1.531750
v 0.484807 -0.066755 1.563170
v 0.453824 -0.074218 1.533820
v 0.439654 -0.102764 1.568990
v -0.774314 -0.363265 0.508897
v 0.407313 0.038932 1.610460
v -0.756885 -0.367299 0.440402
v -0.735286 -0.367232 0.358722
v -0.717270 -0.370134 -0.064245
v -0.804846 -0.373460 -1.247090
v -0.809917 -0.374477 -1.357910
v -0.797379 -0.374478 -1.418810
v -0.730264 -0.093688 -0.063999
v -0.713757 0.177722 -0.739317
v -0.712016 0.177722 -0.541502
v -0.621333 -0.125836 -0.627863
v -0.631860 -0.125981 -0.736471
v 0.000000 -0.128556 -0.736256
v -0.251959 0.177722 -0.768003
v -0.493832 0.177722 -0.769670
v 0.000000 0.177722 -0.766267
v -0.640306 0.177722 -0.770397
v -0.680626 0.177722 -0.768219
v -0.720194 0.177723 0.442065
v -0.700273 0.177723 0.477491
v -0.627882 0.023449 0.460865
v -0.714858 0.177731 0.360409
v -0.720194 0.177723 0.442065
v -0.627882 0.023449 0.460865
v -0.627882 0.023449 0.460865
v -0.636591 -0.229803 0.402886
v -0.714858 0.177731 0.360409
v 0.000000 -0.232450 0.449298
v 0.000000 0.023628 0.482493
v -0.630457 0.347111 -0.736582
v -0.621309 0.347208 -0.615288
v 0.000000 0.344536 -0.736368
v -0.700027 0.177728 -0.064573
v -0.596170 0.177269 0.354782
v -0.572014 0.061115 0.353860
v 0.000000 0.061216 0.354181
v -0.714858 0.177731 0.360409
v -0.636591 -0.229803 0.402886
v -0.495444 -0.232451 -0.617954
v -0.621333 -0.125836 -0.627863
v 0.000000 -0.232450 0.449298
v 0.000000 -0.232451 -0.584538
v 0.000000 -0.128556 -0.736256
v -0.631860 -0.125981 -0.736471
v -0.631519 -0.010809 -0.736498
v 0.000000 -0.013383 -0.736283
v -0.631860 -0.125981 -0.736471
v -0.621333 -0.125836 -0.627863
v -0.616812 -0.010663 -0.410949
v -0.631519 -0.010809 -0.736498
v -0.627965 -0.239433 -0.132141
v -0.627695 -0.042635 -0.132142
v -0.617105 0.289582 -0.530295
v -0.621309 0.347208 -0.615288
v -0.630457 0.347111 -0.736582
v -0.616812 -0.010663 -0.410949
v -0.617105 0.289582 -0.530295
v 0.000000 -0.013383 -0.736283
v -0.631519 -0.010809 -0.736498
v -0.630457 0.347111 -0.736582
v 0.000000 0.344536 -0.736368
v -0.627965 -0.239433 -0.132141
v -0.626253 -0.017189 -0.156940
v -0.626253 -0.017189 -0.156940
v -0.619378 0.337237 -0.582829
v -0.617863 0.316046 -0.551574
v -0.617863 0.316046 -0.551574
v -0.619378 0.337237 -0.582829
v -0.627695 -0.042635 -0.132142
v -0.720194 0.177723 0.442065
v -0.517896 0.177723 0.541024
v -0.248481 0.177723 0.569735
v 0.000000 0.177269 0.355837
v -0.700273 0.177723 0.477491
v -0.653341 0.177723 0.513430
v -0.655830 0.190166 0.369975
v -0.653341 0.177723 0.513430
v -0.517896 0.177723 0.541024
v -0.655830 0.190166 0.369975
v -0.248481 0.177723 0.569735
v 0.000000 0.177723 0.584455
v 0.000000 0.177269 0.355837
v 0.000000 0.177269 0.355837
v -0.596170 0.177269 0.354782
v -0.517896 0.177723 0.541024
v -0.700273 0.177723 0.477491
v -0.655830 0.190166 0.369975
v -0.616515 0.057777 0.372366
v -0.572014 0.061115 0.353860
v 0.000000 0.061216 0.354181
v -0.655830 0.190166 0.369975
v -0.616515 0.057777 0.372366
v 0.238110 0.044571 1.618550
v 0.351040 0.012316 1.620480
v 0.372707 0.031028 1.613350
v 0.689880 0.129361 1.542780
v 0.744502 0.077260 1.548310
v 0.763658 0.112784 1.530730
v 0.745988 0.143156 -0.715671
v 0.713757 0.177721 -0.739316
v 0.712015 0.177722 -0.541501
v 0.827057 -0.071984 -1.320670
v 0.832223 0.033142 -1.297150
v 0.789617 -0.071978 -1.077650
v -0.777876 0.381952 -1.480360
v -0.779039 0.381952 -1.560400
v -0.746168 0.432758 -1.559870
v 0.436909 0.109133 1.575320
v 0.513313 0.080599 1.586560
v 0.509623 0.119165 1.566710
v 0.451127 0.076707 1.594260
v 0.265290 0.087565 1.593950
v 0.396190 0.066078 1.593710
v 0.372854 0.082953 1.583000
v 0.425418 0.044942 1.606570
v 0.364564 0.102652 1.488700
v 0.265290 0.108628 1.496330
v 0.508836 0.136785 1.474750
v 0.431128 0.131103 1.482580
v 0.361440 0.123103 1.352160
v 0.265289 0.123941 1.356160
v 0.508768 0.156283 1.344420
v 0.431418 0.153615 1.348660
v 0.374566 0.133605 1.092790
v 0.263184 0.147152 0.890727
v 0.387587 0.144087 0.888768
v 0.504067 0.178781 0.849555
v 0.464047 0.166084 1.091600
v 0.506678 0.168215 1.090980
v 0.439287 0.175761 0.808934
v 0.519905 0.182084 0.669592
v 0.459368 0.176592 0.701477
v 0.517896 0.177723 0.541024
v 0.507391 0.178115 0.627440
v 0.538785 0.183165 0.606499
v 0.262573 0.159445 0.671740
v 0.248480 0.177723 0.569735
v 0.599996 0.128126 1.555650
v 0.600114 0.142077 1.464830
v 0.596221 0.085600 1.574280
v 0.659292 0.082544 1.563350
v 0.689880 0.129361 1.542780
v 0.696338 0.144354 1.453120
v 0.696338 0.144354 1.453120
v 0.776033 0.128863 1.442590
v 0.797037 0.084625 1.524640
v 0.831289 0.086038 1.436390
v 0.817417 0.046856 1.520700
v 0.779559 -0.010671 1.542230
v 0.824797 0.008760 1.519210
v 0.845811 0.020057 1.432870
v 0.837368 0.074855 1.433920
v -0.737705 0.339035 -1.671510
v -0.764965 0.381952 -1.671960
v -0.683174 0.339035 -1.671480
v -0.655913 0.381952 -1.671890
v 0.495830 -0.003695 1.598230
v 0.473968 0.023718 1.601350
v 0.503632 -0.037879 1.597100
v 0.495830 -0.072064 1.598230
v 0.473968 -0.099477 1.601350
v 0.442377 -0.114691 1.605760
v 0.407313 -0.114691 1.610460
v 0.375722 -0.099477 1.614490
v 0.596696 -0.389812 1.341580
v 0.534768 -0.394465 1.148040
v 0.791076 -0.389779 1.193570
v 0.725009 -0.393794 0.431160
v 0.534870 -0.393086 0.564356
v 0.530319 -0.393813 0.355356
v 0.751633 -0.389790 0.531153
v 0.707243 -0.393794 0.358134
v 0.701738 -0.401584 -0.585674
v 0.693278 -0.396847 -0.064701
v 0.700272 0.177723 0.477491
v 0.678345 0.190954 0.562213
v 0.725734 0.189467 0.562900
v 0.678345 0.190954 0.562213
v 0.700272 0.177723 0.477491
v 0.653340 0.177723 0.513430
v 0.691541 0.182998 0.852453
v 0.778797 0.134399 -1.584090
v 0.760354 0.165427 -1.458990
v 0.787696 0.136327 -1.453130
v 0.759264 0.165665 -1.524390
v 0.787793 -0.034431 -1.491960
v 0.812385 0.086244 -1.442720
v 0.815660 -0.063099 -1.419620
v 0.785973 0.087185 -1.580500
v 0.747957 -0.034745 -1.541390
v 0.756567 0.131237 -1.623780
v 0.780292 -0.034717 -1.520470
v 0.760288 0.169865 -1.241500
v 0.802240 0.139737 -1.241670
v 0.756641 0.174565 -1.110200
v 0.804054 0.143627 -1.071900
v 0.743881 0.177719 -0.901780
v 0.781865 0.141662 -0.892101
v 0.732526 0.174733 -1.083880
v 0.738246 0.144682 -0.539741
v 0.700026 0.177728 -0.064573
v 0.731409 0.151709 -0.063977
v 0.900690 0.201523 0.338363
v 0.900807 0.195998 0.364889
v 0.737888 0.177571 0.490623
v 0.764362 0.177343 0.563273
v 0.789538 0.147520 0.563542
v 0.757857 0.151292 0.442913
v 0.738519 0.164862 0.457559
v 0.823851 0.044487 0.563717
v 0.841068 0.094822 0.855704
v 0.849762 0.044691 0.856079
v 0.772891 0.173300 0.854018
v 0.816495 0.145983 0.854913
v 0.785641 0.156085 1.326120
v 0.823165 0.139188 1.085230
v 0.779288 0.163806 1.086170
v 0.848961 0.092642 1.084670
v 0.858597 0.036005 1.084460
v 0.827098 0.130335 1.322900
v 0.867217 0.028941 1.319670
v 0.855591 0.090913 1.320620
v 0.774313 -0.363265 0.508897
v 0.762626 -0.299857 0.440943
v 0.775169 -0.295861 0.513191
v 0.756884 -0.367299 0.440402
v 0.771931 -0.183493 0.441816
v 0.781959 -0.172464 0.540777
v 0.781578 -0.095506 0.442719
v 0.786877 -0.091309 0.563742
v 0.788850 0.040207 0.443399
v 0.842402 -0.055618 1.084780
v 0.814116 -0.055538 1.010450
v 0.812729 -0.013498 0.853821
v 0.814899 -0.098894 1.085510
v 0.812388 -0.163303 1.217290
v 0.811742 -0.197659 1.150800
v 0.810478 -0.099142 1.324390
v 0.809665 -0.197336 1.328580
v 0.812439 -0.287412 1.329710
v 0.810974 -0.287386 1.183350
v 0.809636 -0.372016 1.332490
v 0.810167 -0.372053 1.192730
v 0.761260 -0.389821 1.159950
v 0.791296 -0.389724 1.334290
v 0.804846 -0.373461 -1.247090
v 0.815607 -0.287920 -1.359730
v 0.807553 -0.300265 -1.239260
v 0.809917 -0.374477 -1.357910
v 0.813058 -0.181439 -1.417440
v 0.801317 -0.182814 -1.199090
v 0.813247 0.031563 -1.083440
v 0.776741 -0.057172 -0.990485
v 0.788557 0.031209 -0.930539
v 0.766244 0.031763 -0.770395
v 0.774428 -0.050089 -0.892890
v 0.766634 -0.054925 -0.792243
v 0.737933 -0.090242 -0.625939
v 0.762315 0.040038 0.352155
v 0.745748 0.032477 -0.601532
v 0.737713 -0.300143 0.359367
v 0.718776 -0.303097 -0.064216
v 0.738532 -0.185235 0.360111
v 0.719973 -0.187477 -0.064193
v 0.717270 -0.370134 -0.064245
v 0.730201 -0.374341 -0.560501
v 0.735285 -0.367232 0.358722
v 0.797379 -0.374478 -1.418810
v 0.805090 -0.262391 -1.418970
v -0.675278 0.289173 -1.577060
v -0.694095 0.317026 -1.576900
v -0.691688 0.322146 -1.504600
v -0.694095 0.317026 -1.576900
v -0.691688 0.322146 -1.504600
v -0.736628 0.322146 -1.504620
v 0.353860 -0.072064 1.617140
v 0.777822 -0.181439 -1.542290
v 0.747957 -0.034745 -1.541390
v 0.746858 -0.181439 -1.587840
v 0.684385 -0.181439 -1.590500
v -0.669230 0.289173 -1.504800
v 0.360355 -0.006822 1.621230
v 0.694199 0.172412 1.087850
v 0.697079 0.163784 1.332590
v 0.697079 0.163784 1.332590
v 0.598292 0.167835 1.089550
v 0.600604 0.158651 1.338990
v 0.591457 0.179071 0.850788
v 0.694199 0.172412 1.087850
v 0.691541 0.182998 0.852453
v 0.590066 0.185041 0.560596
v -0.714845 0.221383 -1.339680
v -0.732566 0.247185 -1.416940
v -0.697223 0.247185 -1.416930
v 0.834506 -0.055688 1.433620
v 0.853681 -0.055826 1.320760
v -0.736263 0.189839 -1.453420
v -0.732566 0.195580 -1.416940
v -0.697223 0.195580 -1.416930
v 0.408918 0.031904 1.615060
v 0.203780 -0.001994 1.636750
v 0.165374 -0.068581 1.651950
v 0.330082 -0.006628 1.625120
v 0.304452 -0.068558 1.636900
v -0.750229 0.221383 -1.417040
v -0.757823 0.221383 -1.453590
v 0.469473 0.018082 1.606710
v 0.496423 -0.037879 1.602830
v 0.807820 -0.183195 1.543640
v 0.789539 -0.230255 1.547260
v 0.807850 -0.206860 1.549910
v -0.736263 0.252926 -1.453420
v 0.469473 -0.093841 1.606710
v 0.408918 -0.107663 1.615060
v 0.360355 -0.068936 1.621230
v 0.493831 0.177721 -0.769670
v 0.503918 0.177719 -0.893453
v 0.660676 0.177718 -0.906710
v 0.640305 0.177722 -0.770397
v 0.680625 0.177721 -0.768219
v 0.705405 0.177719 -0.902814
v 0.705405 0.177719 -0.902814
v 0.713757 0.177721 -0.739316
v 0.420981 0.212684 -1.541300
v 0.492244 0.211648 -1.142190
v 0.486843 0.212684 -1.534150
v 0.422477 0.211623 -1.144160
v 0.506442 0.172023 -1.529780
v 0.600611 0.171327 -1.076280
v 0.581931 0.172023 -1.525880
v 0.511845 0.170993 -1.095180
v 0.662421 0.170841 -1.100430
v 0.664449 0.172023 -1.523860
v 0.714559 0.416040 -1.302290
v 0.699384 0.443584 -1.396660
v 0.698862 0.408270 -1.302840
v 0.715195 0.451360 -1.395800
v 0.726709 0.448758 -1.459700
v 0.715021 0.456550 -1.457950
v 0.727628 0.443601 -1.397160
v 0.727419 0.408281 -1.304810
v 0.492823 0.171334 -1.076000
v 0.505403 0.137824 -1.559810
v 0.577361 -0.032480 -1.469920
v 0.580683 0.137824 -1.555620
v 0.684966 0.171510 -1.076230
v 0.652506 0.137824 -1.553610
v 0.653718 -0.032480 -1.467940
v 0.707569 0.174491 -1.064060
v 0.707569 0.174491 -1.064060
v 0.725614 0.453205 -1.536520
v 0.713746 0.461096 -1.558980
v 0.687125 -0.034028 -1.541240
v 0.756567 0.131237 -1.623780
v 0.685536 0.131947 -1.626950
v -0.691685 0.255278 -1.504900
v -0.694084 0.249236 -1.577510
v -0.675268 0.221383 -1.577670
v -0.669224 0.221383 -1.505400
v -0.694083 0.193530 -1.577510
v -0.809637 -0.372016 1.332490
v -0.815555 -0.361530 1.382020
v -0.815822 -0.372158 1.387860
v -0.691681 0.188410 -1.505210
v -0.813690 -0.287379 1.371790
v -0.815822 -0.372158 1.387860
v -0.809637 -0.372016 1.332490
v -0.759072 0.221383 -1.505440
v -0.736622 0.255278 -1.504920
v -0.815837 -0.372154 1.409550
v 0.896719 -0.214556 1.530890
v 0.896720 -0.300389 1.530890
v 0.874496 -0.214556 1.530880
v 0.927465 -0.241107 1.516940
v 0.420002 -0.181439 -1.541830
v 0.574522 -0.181439 -1.529300
v 0.927465 -0.273839 1.516940
v 0.815293 -0.055392 1.521050
v 0.753119 -0.097000 1.546310
v 0.715378 -0.058886 1.561290
v 0.779559 -0.010671 1.542230
v 0.712496 -0.028582 1.561820
v 0.753119 -0.097000 1.546310
v 0.757280 0.164532 -1.601840
v 0.757280 0.164532 -1.601840
v 0.686128 0.168573 -1.601230
v 0.750538 0.221383 -1.577710
v 0.694083 0.193529 -1.577510
v 0.731724 0.193530 -1.577530
v 0.675268 0.221383 -1.577670
v 0.694084 0.249235 -1.577510
v 0.731724 0.249235 -1.577530
v 0.669224 0.221383 -1.505400
v 0.675268 0.221383 -1.577670
v 0.691684 0.255278 -1.504900
v 0.694084 0.249235 -1.577510
v 0.731724 0.249235 -1.577530
v 0.736622 0.255278 -1.504920
v 0.694084 0.249235 -1.577510
v 0.691684 0.255278 -1.504900
v 0.694084 0.249235 -1.577510
v 0.736622 0.255278 -1.504920
v 0.759072 0.221383 -1.505440
v 0.750538 0.221383 -1.577710
v 0.736618 0.188409 -1.505230
v 0.731724 0.193530 -1.577530
v 0.000000 -0.400997 -1.453520
v 0.444243 -0.400997 -1.427150
v 0.538307 -0.403355 -1.208440
v 0.775490 -0.400989 -1.436550
v 0.767173 -0.399642 -1.216410
v 0.699750 -0.097663 1.564120
v 0.803009 -0.096698 1.523400
v 0.803207 -0.096827 1.437810
v 0.433325 0.162854 1.092030
v 0.393929 0.148237 0.808249
v 0.414871 0.153625 0.700801
v 0.438291 0.155433 0.654141
v 0.154789 -0.113733 1.648070
v 0.698219 -0.308327 -0.603617
v 0.694083 0.193529 -1.577510
v 0.691681 0.188409 -1.505210
v 0.671555 0.221383 -1.453550
v 0.693117 0.252926 -1.453400
v 0.736622 0.255278 -1.504920
v 0.736263 0.252926 -1.453410
v 0.691684 0.255278 -1.504900
v 0.693117 0.252926 -1.453400
v 0.691684 0.255278 -1.504900
v 0.736263 0.252926 -1.453410
v 0.757823 0.221382 -1.453590
v 0.736263 0.189839 -1.453410
v 0.693117 0.189839 -1.453400
v 0.679558 0.221383 -1.417020
v 0.697223 0.247185 -1.416920
v 0.697223 0.247185 -1.416920
v 0.732566 0.247185 -1.416940
v 0.750229 0.221383 -1.417040
v 0.732566 0.195580 -1.416940
v 0.697223 0.195580 -1.416920
v 0.714845 0.221383 -1.339680
v 0.807982 -0.182368 1.549880
v 0.750554 0.289173 -1.577100
v 0.694095 0.261320 -1.576900
v 0.731739 0.261320 -1.576920
v 0.675278 0.289173 -1.577060
v 0.694095 0.317026 -1.576900
v 0.731739 0.317026 -1.576920
v 0.669230 0.289173 -1.504800
v 0.675278 0.289173 -1.577060
v 0.691688 0.322146 -1.504600
v 0.694095 0.317026 -1.576900
v 0.691688 0.322146 -1.504600
v 0.694095 0.317026 -1.576900
v 0.736627 0.322146 -1.504620
v 0.731739 0.317026 -1.576920
v 0.759083 0.289173 -1.504840
v 0.750554 0.289173 -1.577100
v 0.736622 0.255278 -1.504920
v 0.731739 0.261320 -1.576920
v 0.691684 0.255278 -1.504900
v 0.789588 -0.229502 1.553580
v 0.697572 -0.390527 -0.594296
v 0.694095 0.261320 -1.576900
v 0.671558 0.289173 -1.452950
v 0.693121 0.320717 -1.452790
v 0.693121 0.320717 -1.452790
v 0.736269 0.320717 -1.452810
v 0.757829 0.289173 -1.452980
v 0.736269 0.257629 -1.452810
v 0.372212 0.030889 1.554280
v 0.515354 0.047726 1.537310
v 0.461629 0.046447 1.601610
v 0.461078 0.047161 1.544070
v 0.515904 0.047012 1.593860
v 0.425360 0.044974 1.548330
v 0.593011 0.049269 1.527050
v 0.593576 0.048555 1.582080
v 0.660716 0.037448 1.517290
v 0.661310 0.036734 1.570870
v 0.699841 0.007099 1.511300
v 0.700451 0.006385 1.563990
v 0.711882 -0.027868 1.509400
v 0.402973 0.192015 -1.131980
v 0.402487 0.193177 -1.542300
v 0.693121 0.257629 -1.452790
v 0.329532 -0.005914 1.558650
v 0.679560 0.289173 -1.416410
v 0.697225 0.314975 -1.416320
v 0.714762 -0.058171 1.508950
v 0.699140 -0.096948 1.511410
v 0.303902 -0.067844 1.561070
v 0.295157 -0.113720 1.637110
v 0.294606 -0.113006 1.561910
v 0.480331 -0.112928 1.541710
v 0.492775 0.192548 -1.101270
v 0.486773 0.162078 -1.689760
v 0.487257 0.186888 -1.689520
v 0.421957 0.162079 -1.698760
v 0.732568 0.314975 -1.416330
v 0.750232 0.289173 -1.416440
v 0.435388 0.172646 0.889339
v 0.422721 0.192523 -1.102790
v 0.809636 -0.372016 1.332490
v 0.810167 -0.372053 1.192730
v 0.815821 -0.372158 1.387860
v 0.815836 -0.372154 1.409550
v 0.668029 -0.389685 1.457010
v 0.732568 0.263371 -1.416330
v 0.811236 -0.140109 1.339200
v 0.421220 0.212658 -1.625770
v 0.697225 0.263371 -1.416320
v 0.714842 0.289173 -1.339070
v 0.697225 0.314975 -1.416320
v 0.764965 0.381952 -1.671960
v 0.683173 0.339035 -1.671480
v 0.737705 0.339035 -1.671510
v 0.655912 0.381952 -1.671890
v 0.683173 0.424869 -1.671480
v 0.737705 0.424869 -1.671510
v 0.647481 0.381952 -1.560330
v 0.655912 0.381952 -1.671890
v 0.680357 0.432758 -1.559830
v 0.683173 0.424869 -1.671480
v 0.680357 0.432758 -1.559830
v 0.683173 0.424869 -1.671480
v 0.746168 0.432758 -1.559870
v 0.737705 0.424869 -1.671510
v 0.779039 0.381952 -1.560400
v 0.764965 0.381952 -1.671960
v 0.746168 0.331146 -1.559870
v 0.737705 0.339035 -1.671510
v 0.680357 0.331146 -1.559830
v 0.683173 0.339035 -1.671480
v 0.651019 0.381952 -1.480300
v 0.682717 0.430556 -1.479930
v 0.682717 0.430556 -1.479930
v 0.746183 0.430556 -1.479960
v 0.777875 0.381952 -1.480360
v 0.746183 0.333348 -1.479960
v 0.682717 0.333348 -1.479930
v 0.662825 0.381952 -1.423910
v 0.688836 0.421709 -1.423700
v 0.688836 0.421709 -1.423700
v 0.740899 0.421709 -1.423720
v 0.420981 0.212684 -1.541300
v 0.766906 0.381952 -1.423950
v 0.744502 0.077260 1.548310
v 0.750679 0.155329 0.349510
v 0.800468 -0.032873 0.717227
v 0.787930 -0.091312 0.606214
v 0.505789 0.153743 -1.615780
v 0.740899 0.342195 -1.423720
v 0.810309 -0.163371 1.326580
v 0.688836 0.342195 -1.423700
v 0.714607 0.381952 -1.304650
v -0.896721 -0.300389 1.530890
v -0.896720 -0.214556 1.530890
v -0.874497 -0.214556 1.530880
v -0.927466 -0.241106 1.516940
v -0.927466 -0.273839 1.516940
v 0.421986 0.186893 -1.698570
v 0.402729 0.193151 -1.628510
v 0.421957 0.162079 -1.698760
v -0.874497 -0.300389 1.530880
v 0.402683 0.153746 -1.628700
v 0.813074 -0.287750 1.354310
v 0.813914 -0.361530 1.382020
v 0.813914 -0.361530 1.382020
v 0.813074 -0.287750 1.354310
v 0.812595 -0.287379 1.371790
v 0.815821 -0.372158 1.387860
v 0.812464 -0.273715 1.346540
v 0.811800 -0.218500 1.355520
v 0.810706 -0.197338 1.343150
v -0.694083 0.193530 -1.577510
v -0.750538 0.221383 -1.577710
v -0.731724 0.193530 -1.577530
v -0.675268 0.221383 -1.577670
v -0.694084 0.249236 -1.577510
v -0.731725 0.249236 -1.577530
v -0.731725 0.249236 -1.577530
v -0.694084 0.249236 -1.577510
v 0.746858 -0.181439 -1.587840
v 0.767319 -0.181439 -1.565250
v -0.694084 0.249236 -1.577510
v -0.691685 0.255278 -1.504900
v -0.736622 0.255278 -1.504920
v -0.750538 0.221383 -1.577710
v -0.736618 0.188410 -1.505230
v 0.653186 -0.033125 -1.512010
v 0.651866 0.137179 -1.597730
v 0.715571 0.168570 -1.546030
v 0.759264 0.165665 -1.524390
v 0.664076 0.171546 -1.556450
v -0.731724 0.193530 -1.577530
v -0.671555 0.221383 -1.453550
v -0.693117 0.252926 -1.453400
v -0.736263 0.252926 -1.453420
v -0.736622 0.255278 -1.504920
v -0.691685 0.255278 -1.504900
v -0.691685 0.255278 -1.504900
v -0.693117 0.252926 -1.453400
v -0.693117 0.189839 -1.453400
v 0.752201 -0.303445 0.536725
v 0.534870 -0.393086 0.564356
v 0.751633 -0.389790 0.531153
v 0.758526 -0.171324 0.569625
v 0.534800 -0.227287 0.657494
v 0.771082 -0.034823 0.852807
v 0.534764 -0.161160 0.884617
v 0.771254 -0.046298 0.753384
v 0.770550 -0.057616 0.971478
v 0.534766 -0.229078 1.102330
v 0.770895 -0.203954 1.125030
v 0.534768 -0.394465 1.148040
v 0.771200 -0.100619 1.067230
v 0.770683 -0.286926 1.161420
v 0.770690 -0.371966 1.160100
v 0.770690 -0.371966 1.160100
v 0.763220 -0.091105 0.636629
v 0.771254 -0.046298 0.753384
v 0.770550 -0.057616 0.971478
v 0.751633 -0.389790 0.531153
v 0.752201 -0.303445 0.536725
v 0.758526 -0.171324 0.569625
v 0.771082 -0.034823 0.852807
v 0.771200 -0.100619 1.067230
v 0.770895 -0.203954 1.125030
v 0.770683 -0.286926 1.161420
v 0.770690 -0.371966 1.160100
v 0.763220 -0.091105 0.636629
v -0.679558 0.221383 -1.417020
v -0.697223 0.247185 -1.416930
v 0.763622 -0.313252 -1.206960
v 0.538307 -0.403355 -1.208440
v 0.767173 -0.399642 -1.216410
v 0.762505 -0.200059 -1.167880
v 0.538211 -0.233851 -1.112070
v 0.769862 -0.099246 -1.045970
v 0.712523 -0.083469 -0.916323
v 0.537845 -0.192475 -0.907645
v 0.692607 -0.090605 -0.793125
v 0.537456 -0.232615 -0.693033
v 0.698219 -0.308327 -0.603617
v 0.537379 -0.403976 -0.642205
v 0.716340 -0.193422 -0.633212
v 0.697572 -0.390527 -0.594296
v 0.697572 -0.390527 -0.594296
v 0.751523 0.209927 -1.459180
v 0.750831 0.209955 -1.505580
v 0.748442 0.213473 -1.128750
v 0.671595 0.209159 -1.115700
v 0.674123 0.210523 -1.456280
v 0.662421 0.170841 -1.100430
v 0.664449 0.172023 -1.523860
v 0.689922 0.210634 -1.094640
v 0.708964 0.214045 -1.087640
v 0.684966 0.171510 -1.076230
v 0.728735 0.213501 -1.102280
v 0.673721 0.210695 -1.505050
v 0.715571 0.168570 -1.546030
v 0.718220 0.210264 -1.527350
v 0.697164 0.303492 -1.179930
v 0.712207 0.311283 -1.167400
v 0.683588 0.295504 -1.202890
v 0.684694 0.303355 -1.456980
v 0.740527 0.303476 -1.214100
v 0.741327 0.302616 -1.459890
v 0.725889 0.303550 -1.181960
v 0.740837 0.302650 -1.496010
v 0.719474 0.302992 -1.517890
v 0.684364 0.303567 -1.495470
v 0.714086 0.374689 -1.230760
v 0.698215 0.366916 -1.243260
v 0.684836 0.394448 -1.322730
v 0.685154 0.422432 -1.405590
v 0.684410 0.359514 -1.267440
v 0.741762 0.422556 -1.406790
v 0.740918 0.425694 -1.460410
v 0.741138 0.359436 -1.271340
v 0.741708 0.394368 -1.326610
v 0.726687 0.366926 -1.245240
v 0.739828 0.430566 -1.532200
v 0.714836 0.430676 -1.554070
v 0.683933 0.430815 -1.533810
v 0.684697 0.425812 -1.457510
v 0.698835 0.448817 -1.458260
v 0.697955 0.453329 -1.536270
v 0.436985 -0.444750 -0.573705
v 0.430224 -0.444012 -1.092290
v -0.694095 0.261320 -1.576900
v -0.750555 0.289173 -1.577100
v -0.731739 0.261320 -1.576920
v -0.675278 0.289173 -1.577060
v -0.731739 0.317026 -1.576920
v -0.694095 0.317026 -1.576900
v -0.731739 0.317026 -1.576920
v -0.759083 0.289173 -1.504840
v -0.750555 0.289173 -1.577100
v -0.736622 0.255278 -1.504920
v -0.731739 0.261320 -1.576920
v -0.691685 0.255278 -1.504900
v -0.694095 0.261320 -1.576900
v -0.671558 0.289173 -1.452950
v -0.693121 0.320717 -1.452790
v -0.693121 0.320717 -1.452790
v -0.736269 0.320717 -1.452810
v -0.757829 0.289173 -1.452980
v -0.736269 0.257629 -1.452810
v 0.617105 0.289582 -0.530294
v 0.627965 -0.239433 -0.132141
v 0.626253 -0.017189 -0.156940
v 0.627695 -0.042635 -0.132142
v -0.693121 0.257629 -1.452790
v 0.650839 -0.181439 -1.527190
v -0.679560 0.289173 -1.416410
v -0.697225 0.314976 -1.416320
v 0.650471 -0.181439 -1.556930
v 0.750679 0.155329 0.349510
v 0.757857 0.151292 0.442913
v 0.423898 -0.391412 0.759531
v 0.441804 -0.393803 0.356031
v 0.424350 -0.433222 1.080490
v 0.423942 -0.434473 0.796690
v 0.429580 -0.343605 -1.178100
v 0.424369 -0.390161 1.133400
v 0.815885 0.201238 0.426788
v -0.732569 0.314976 -1.416330
v -0.750232 0.289173 -1.416440
v 0.353676 -0.181439 -1.550630
v -0.732568 0.263371 -1.416330
v -0.697225 0.263371 -1.416320
v -0.714843 0.289173 -1.339070
v -0.697225 0.314976 -1.416320
v -0.683173 0.424869 -1.671480
v -0.737705 0.424869 -1.671510
v -0.655913 0.381952 -1.671890
v -0.647481 0.381952 -1.560330
v -0.680357 0.432758 -1.559830
v -0.683173 0.424869 -1.671480
v -0.683173 0.424869 -1.671480
v -0.680357 0.432758 -1.559830
v -0.737705 0.424869 -1.671510
v -0.764965 0.381952 -1.671960
v -0.746168 0.331146 -1.559870
v -0.737705 0.339035 -1.671510
v -0.680357 0.331146 -1.559830
v -0.683174 0.339035 -1.671480
v -0.651019 0.381952 -1.480310
v -0.682717 0.430556 -1.479930
v -0.682717 0.430556 -1.479930
v -0.746183 0.430556 -1.479960
v 0.874496 -0.300389 1.530880
v -0.746183 0.333348 -1.479960
v -0.682717 0.333348 -1.479930
v -0.662825 0.381952 -1.423910
v -0.688836 0.421709 -1.423700
v -0.688836 0.421709 -1.423700
v -0.740899 0.421709 -1.423720
v 0.769862 -0.099246 -1.045970
v 0.701738 -0.401584 -0.585674
v 0.767173 -0.399642 -1.216410
v 0.763622 -0.313252 -1.206960
v 0.762505 -0.200059 -1.167880
v 0.712523 -0.083469 -0.916323
v 0.511619 0.192028 -1.129160
v 0.506465 0.193169 -1.531220
v 0.402463 0.172023 -1.540830
v 0.402487 0.193177 -1.542300
v 0.421957 0.162079 -1.698760
v 0.421986 0.186893 -1.698570
v 0.863960 0.238019 0.425810
v 0.863960 0.270672 0.372662
v 0.421986 0.186893 -1.698570
v 0.421220 0.212658 -1.625770
v 0.421220 0.212658 -1.625770
v 0.900866 0.226308 0.382577
v 0.725009 -0.393794 0.431160
v 0.517896 0.177723 0.541024
v 0.655829 0.190166 0.369975
v 0.653340 0.177723 0.513430
v 0.707243 -0.393794 0.358134
v 0.693278 -0.396847 -0.064701
v 0.804846 -0.373461 -1.247090
v 0.809917 -0.374477 -1.357910
v 0.797379 -0.374478 -1.418810
v 0.713757 0.177721 -0.739316
v 0.621332 -0.125836 -0.627862
v 0.712015 0.177722 -0.541501
v 0.267670 0.177721 -0.768111
v 0.493831 0.177721 -0.769670
v 0.627881 0.023449 0.460865
v 0.630457 0.347111 -0.736582
v 0.621308 0.347207 -0.615287
v 0.680625 0.177721 -0.768219
v 0.631860 -0.125982 -0.736471
v 0.714857 0.177730 0.360409
v 0.636591 -0.229803 0.402886
v 0.621332 -0.125836 -0.627862
v 0.495444 -0.232451 -0.617953
v 0.000000 -0.128556 -0.736256
v 0.631518 -0.010809 -0.736498
v 0.631860 -0.125982 -0.736471
v 0.000000 -0.013383 -0.736283
v 0.631860 -0.125982 -0.736471
v 0.616812 -0.010663 -0.410949
v 0.621332 -0.125836 -0.627862
v 0.617105 0.289582 -0.530294
v 0.630457 0.347111 -0.736582
v 0.631518 -0.010809 -0.736498
v 0.714857 0.177730 0.360409
v 0.714857 0.177730 0.360409
v 0.750679 0.155329 0.349510
v 0.720193 0.177723 0.442065
v -0.766906 0.381952 -1.423950
v 0.865540 0.206974 0.426076
v 0.863960 0.280378 0.338198
v 0.863960 0.178199 0.342791
v 0.863960 0.280378 0.338198
v 0.900690 0.201523 0.338363
v 0.914982 0.233323 0.338173
v -0.765984 0.243957 0.339476
v 0.895089 0.266535 0.344009
v -0.868796 0.174962 0.371693
v -0.863960 0.178199 0.342790
v 0.517896 0.177723 0.541024
v 0.000000 0.177269 0.355837
v 0.248480 0.177723 0.569735
v 0.700272 0.177723 0.477491
v 0.655829 0.190166 0.369975
v 0.653340 0.177723 0.513430
v 0.248480 0.177723 0.569735
v 0.000000 0.177269 0.355837
v 0.000000 0.177723 0.584455
v 0.517896 0.177723 0.541024
v 0.596169 0.177269 0.354783
v 0.655829 0.190166 0.369975
v 0.700272 0.177723 0.477491
v 0.616514 0.057776 0.372366
v 0.572013 0.061115 0.353860
v 0.655829 0.190166 0.369975
v 0.616514 0.057776 0.372366
v -0.402463 0.172024 -1.540830
v -0.402491 0.137825 -1.571510
v -0.402683 0.153746 -1.628700
v -0.402487 0.193177 -1.542300
v -0.421957 0.162080 -1.698760
v -0.486773 0.162078 -1.689760
v -0.487257 0.186888 -1.689520
v -0.421986 0.186893 -1.698570
v -0.421220 0.212658 -1.625770
v -0.486997 0.212658 -1.617430
v -0.486843 0.212684 -1.534150
v -0.420981 0.212684 -1.541300
v -0.402729 0.193151 -1.628510
v -0.506562 0.193143 -1.615530
v -0.505789 0.153743 -1.615780
v -0.505404 0.137824 -1.559820
v -0.506465 0.193169 -1.531220
v -0.421220 0.212658 -1.625770
v -0.420981 0.212684 -1.541300
v -0.417592 0.137799 -1.626550
v -0.489452 0.137799 -1.617420
v -0.486997 0.212658 -1.617430
v -0.421220 0.212658 -1.625770
v -0.421986 0.186893 -1.698570
v -0.487257 0.186888 -1.689520
v -0.421220 0.212658 -1.625770
v -0.402729 0.193151 -1.628510
v -0.421986 0.186893 -1.698570
v -0.402683 0.153746 -1.628700
v -0.421957 0.162080 -1.698760
v -0.417592 0.137799 -1.626550
v -0.489452 0.137799 -1.617420
v -0.486773 0.162078 -1.689760
v -0.505789 0.153743 -1.615780
v -0.506562 0.193143 -1.615530
v -0.900690 0.201523 0.338362
v -0.900807 0.195998 0.364889
v -0.915741 0.232567 0.360017
v -0.914982 0.233323 0.338173
v -0.750680 0.155329 0.349509
v -0.865540 0.206974 0.426076
v -0.815885 0.201238 0.426788
v -0.714858 0.177731 0.360409
v -0.740899 0.342195 -1.423720
v -0.688836 0.342195 -1.423700
v -0.863961 0.280378 0.338197
v -0.863961 0.280378 0.338197
v -0.900867 0.226308 0.382576
v -0.895090 0.266535 0.344009
v -0.895643 0.261341 0.373629
v -0.900690 0.201523 0.338362
v -0.914982 0.233323 0.338173
v -0.895090 0.266535 0.344009
v -0.714607 0.381952 -1.304650
v -0.500006 -0.180671 1.671500
v -0.447129 -0.211199 1.714430
v -0.482381 -0.211199 1.708550
v -0.429504 -0.180671 1.682760
v -0.429504 -0.241728 1.717290
v -0.394252 -0.241728 1.688050
v -0.500006 -0.241728 1.705540
v -0.535259 -0.241728 1.665620
v -0.482381 -0.272257 1.708550
v -0.500006 -0.302785 1.671500
v -0.447129 -0.272257 1.714430
v -0.429504 -0.302785 1.682760
v 0.624567 -0.208069 -1.677460
v 0.744737 -0.193188 -1.620940
v 0.774622 -0.204629 -1.691760
v -0.429504 -0.180671 1.561590
v -0.429504 -0.180671 1.682760
v -0.394252 -0.241728 1.688050
v -0.500006 -0.180671 1.552690
v -0.500006 -0.180671 1.671500
v -0.500006 -0.180671 1.671500
v -0.500006 -0.180671 1.552690
v -0.535258 -0.241728 1.548050
v -0.535259 -0.241728 1.665620
v -0.500006 -0.302785 1.552690
v -0.500006 -0.302785 1.671500
v -0.429504 -0.302785 1.561600
v -0.429504 -0.302785 1.682760
v -0.394252 -0.241728 1.565770
v 0.647368 -0.192022 -1.587910
v 0.650471 -0.181439 -1.556930
v 0.647953 -0.191377 -1.543830
v -0.827638 -0.237609 -1.535560
v -0.805090 -0.262391 -1.418970
v -0.824162 -0.400934 -1.533030
v -0.797379 -0.374478 -1.418810
v -0.824162 -0.400934 -1.533030
v -0.775490 -0.400989 -1.436550
v 0.821176 -0.331749 1.540960
v 0.776331 -0.331807 1.549840
v 0.875442 -0.332032 1.535770
v -0.776332 -0.331807 1.549840
v -0.821176 -0.331749 1.540960
v -0.875443 -0.332032 1.535770
v -0.572309 -0.237755 -1.662960
v -0.589687 -0.208018 -1.644670
v -0.624568 -0.208068 -1.677460
v 0.821337 -0.402067 -1.610720
v 0.824162 -0.400934 -1.533030
v 0.824751 -0.237799 -1.613270
v 0.882127 -0.157823 1.334070
v 0.867637 -0.163260 1.321910
v 0.867682 -0.140001 1.334190
v -0.882128 -0.157823 1.334070
v -0.884929 -0.140414 1.521620
v -0.882803 -0.197320 1.336650
v 0.420064 -0.204104 -1.659710
v 0.407730 -0.203406 -1.682820
v 0.419968 -0.213125 -1.680580
v -0.824751 -0.237799 -1.613270
v -0.802750 -0.201498 -1.618300
v -0.806138 -0.200339 -1.538350
v 0.824162 -0.400934 -1.533030
v 0.775490 -0.400989 -1.436550
v 0.797379 -0.374478 -1.418810
v 0.407585 -0.214885 -1.699750
v 0.821337 -0.402067 -1.610720
v 0.407033 -0.248910 -1.718120
v 0.419392 -0.247187 -1.703520
v 0.407255 -0.229823 -1.711350
v 0.650839 -0.181439 -1.527190
v 0.571710 -0.191377 -1.546080
v 0.574522 -0.181439 -1.529300
v 0.419573 -0.231150 -1.696520
v 0.406577 -0.382066 -1.720670
v 0.419792 -0.191377 -1.558980
v 0.407579 -0.192019 -1.643710
v 0.353804 -0.203405 -1.691860
v 0.353700 -0.214897 -1.708920
v 0.353291 -0.248911 -1.727330
v 0.353453 -0.229812 -1.720540
v 0.419189 -0.237638 -1.633490
v 0.419924 -0.205786 -1.608630
v 0.353636 -0.205785 -1.618610
v 0.353084 -0.237640 -1.643710
v 0.353024 -0.382066 -1.729870
v 0.352922 -0.401399 -1.710320
v 0.352753 -0.400911 -1.646860
v 0.418860 -0.391662 -1.694340
v 0.418625 -0.400911 -1.636620
v 0.419865 -0.191665 -1.596140
v 0.420002 -0.181439 -1.541830
v 0.353677 -0.192019 -1.652330
v 0.353525 -0.191377 -1.568100
v 0.353676 -0.181439 -1.550630
v 0.418625 -0.400911 -1.636620
v 0.352753 -0.400911 -1.646860
v 0.444243 -0.400997 -1.427150
v 0.000000 -0.400911 -1.674760
v 0.000000 -0.400911 -1.674760
v 0.000000 -0.389876 1.729760
v 0.465253 -0.389880 1.652930
v 0.000000 -0.390101 1.586240
v 0.767319 -0.181439 -1.565250
v 0.746858 -0.181439 -1.587840
v 0.773075 -0.191974 -1.579440
v 0.680933 -0.192878 -1.626290
v 0.684385 -0.181439 -1.590500
v 0.781834 -0.190794 -1.540120
v 0.805090 -0.262391 -1.418970
v 0.777822 -0.181439 -1.542290
v 0.875578 -0.239526 1.549580
v 0.872353 -0.230874 1.551420
v 0.875622 -0.237730 1.535090
v 0.872379 -0.230562 1.536130
v 0.872352 -0.238057 1.555110
v 0.871649 -0.252749 1.555270
v 0.875160 -0.252656 1.550570
v 0.884237 -0.220334 1.521890
v 0.884236 -0.286876 1.499460
v 0.875442 -0.332032 1.535770
v 0.884237 -0.341067 1.533870
v 0.875552 -0.332131 1.547240
v 0.884310 -0.341054 1.542630
v 0.875640 -0.346203 1.554280
v 0.884348 -0.350040 1.547290
v 0.884348 -0.371800 1.547290
v 0.868968 -0.389524 1.551610
v 0.875640 -0.373504 1.554280
v 0.884348 -0.371800 1.547290
v 0.875640 -0.373504 1.554280
v 0.884236 -0.371819 1.493560
v 0.884237 -0.371819 1.533870
v 0.873062 -0.123633 1.524040
v 0.859975 -0.130209 1.539070
v 0.827722 -0.113701 1.533310
v 0.810821 -0.122210 1.549300
v 0.871922 -0.149317 1.536520
v 0.884929 -0.140414 1.521620
v 0.589687 -0.208018 -1.644670
v 0.572309 -0.237755 -1.662960
v 0.606452 -0.237838 -1.693390
v 0.596698 -0.205885 -1.593780
v 0.572586 -0.237641 -1.618640
v 0.827638 -0.237609 -1.535560
v 0.806138 -0.200339 -1.538350
v 0.802750 -0.201498 -1.618300
v 0.796686 -0.237837 -1.692840
v 0.572170 -0.205788 -1.594460
v 0.000000 -0.205783 -1.646000
v 0.000000 -0.237643 -1.672060
v 0.781834 -0.190794 -1.540120
v 0.805090 -0.262391 -1.418970
v 0.742270 -0.113441 1.553200
v 0.665957 -0.113190 1.570070
v 0.748700 -0.106580 1.549340
v 0.744998 -0.114024 1.565350
v 0.803009 -0.096698 1.523400
v 0.753119 -0.097000 1.546310
v 0.573651 -0.401556 -1.666180
v 0.606962 -0.402045 -1.693390
v 0.573938 -0.400911 -1.621850
v 0.573938 -0.400911 -1.621850
v 0.795324 -0.402046 -1.693060
v 0.573651 -0.401556 -1.666180
v 0.606962 -0.402045 -1.693390
v 0.767319 -0.181439 -1.565250
v 0.882349 -0.197326 1.322530
v 0.809665 -0.197336 1.328580
v 0.883476 -0.287465 1.347390
v 0.883687 -0.287375 1.364240
v 0.883178 -0.218359 1.348450
v -0.873985 -0.269108 1.424680
v -0.874497 -0.285533 1.437520
v -0.899915 -0.285533 1.437530
v -0.874497 -0.308278 1.516720
v -0.905184 -0.308279 1.516730
v -0.927466 -0.273839 1.516940
v -0.905183 -0.206667 1.516730
v -0.899914 -0.229412 1.437530
v -0.927466 -0.241106 1.516940
v -0.896721 -0.300389 1.530890
v -0.874497 -0.308278 1.516720
v -0.874497 -0.300389 1.530880
v -0.905184 -0.308279 1.516730
v -0.927466 -0.273839 1.516940
v -0.927466 -0.241106 1.516940
v -0.896720 -0.214556 1.530890
v -0.905183 -0.206667 1.516730
v 0.813074 -0.287750 1.354310
v 0.812595 -0.287379 1.371790
v -0.874497 -0.229412 1.437520
v -0.873985 -0.245837 1.424680
v -0.874497 -0.206667 1.516720
v -0.874497 -0.206667 1.516720
v -0.874497 -0.214556 1.530880
v 0.810706 -0.197338 1.343150
v 0.811800 -0.218500 1.355520
v 0.882802 -0.197320 1.336650
v 0.883687 -0.287375 1.364240
v 0.812595 -0.287379 1.371790
v 0.813690 -0.287407 1.384390
v 0.883225 -0.273448 1.339530
v 0.812464 -0.273715 1.346540
v 0.811236 -0.140109 1.339200
v 0.810309 -0.163371 1.326580
v 0.699750 -0.097663 1.564120
v 0.481684 -0.113346 1.622750
v 0.000000 -0.113647 1.709220
v 0.295157 -0.113720 1.637110
v 0.782433 -0.346066 1.579460
v 0.777921 -0.331889 1.572940
v 0.669808 -0.332043 1.599860
v 0.670985 -0.346216 1.607570
v 0.485075 -0.346216 1.649790
v 0.483918 -0.332042 1.641670
v 0.000000 -0.332044 1.721410
v 0.000000 -0.346217 1.729760
v 0.666694 -0.236912 1.608590
v 0.665910 -0.229781 1.604790
v 0.784924 -0.237064 1.578790
v 0.788800 -0.229904 1.573950
v 0.483430 -0.229596 1.645950
v 0.483839 -0.236679 1.650040
v 0.000000 -0.237643 1.729850
v 0.000000 -0.230562 1.725660
v 0.789588 -0.229502 1.553580
v 0.668933 -0.252395 1.608050
v 0.483898 -0.252219 1.650030
v 0.776669 -0.252749 1.580950
v 0.775674 -0.331892 1.556340
v 0.884237 -0.371819 1.533870
v 0.789857 -0.316912 1.553530
v 0.789926 -0.264674 1.553520
v 0.875424 -0.252271 1.535770
v 0.884237 -0.216977 1.506880
v 0.807850 -0.206860 1.549910
v 0.807982 -0.182368 1.549880
v 0.670966 -0.389661 1.607570
v 0.665361 -0.112476 1.516590
v 0.480331 -0.112928 1.541710
v 0.699140 -0.096948 1.511410
v 0.294606 -0.113006 1.561910
v 0.480882 -0.113642 1.598900
v 0.789926 -0.264674 1.553520
v 0.777955 -0.253027 1.549520
v 0.668933 -0.252395 1.608050
v 0.710744 -0.252607 1.562140
v 0.777955 -0.253027 1.549520
v 0.670966 -0.389661 1.607570
v 0.776331 -0.331807 1.549840
v 0.789857 -0.316912 1.553530
v 0.776331 -0.331807 1.549840
v 0.777955 -0.253027 1.549520
v 0.711108 -0.332091 1.562080
v 0.783848 -0.160698 1.548380
v 0.784681 -0.159945 1.554550
v 0.807820 -0.183195 1.543640
v 0.710746 -0.230308 1.562140
v 0.480835 -0.160290 1.598910
v 0.481637 -0.159538 1.622750
v 0.687348 -0.161471 1.566330
v 0.665426 -0.160719 1.583110
v 0.000000 -0.159879 1.636560
v 0.000000 -0.159127 1.709230
v 0.480505 -0.230376 1.598960
v 0.000000 -0.231341 1.636560
v 0.789539 -0.230255 1.547260
v 0.665404 -0.114319 1.583120
v 0.000000 -0.252247 1.729870
v 0.795324 -0.402046 -1.693060
v 0.000000 -0.332093 1.636560
v 0.479466 -0.332090 1.599110
v 0.480170 -0.252590 1.599010
v 0.000000 -0.241092 1.636560
v 0.000000 -0.113642 1.652000
v 0.154789 -0.113733 1.648070
v 0.000000 -0.400997 -1.453520
v 0.236218 -0.191377 -1.576430
v 0.873984 -0.269108 1.424680
v 0.899914 -0.285533 1.437530
v 0.874496 -0.285533 1.437520
v 0.874496 -0.308278 1.516720
v 0.905183 -0.308279 1.516730
v 0.927465 -0.273839 1.516940
v 0.905183 -0.206667 1.516730
v 0.927465 -0.241107 1.516940
v 0.899914 -0.229412 1.437530
v 0.896720 -0.300389 1.530890
v 0.874496 -0.300389 1.530880
v 0.874496 -0.308278 1.516720
v 0.905183 -0.308279 1.516730
v 0.927465 -0.273839 1.516940
v 0.927465 -0.241107 1.516940
v 0.905183 -0.206667 1.516730
v 0.896719 -0.214556 1.530890
v 0.874496 -0.229412 1.437520
v 0.873984 -0.245837 1.424680
v 0.874496 -0.206667 1.516720
v 0.874496 -0.206667 1.516720
v 0.874496 -0.214556 1.530880
v 0.000000 -0.181439 -1.574850
v 0.000000 -0.191377 -1.593180
v 0.236247 -0.181439 -1.558670
v 0.399495 -0.405056 -0.248762
v 0.399067 -0.396745 -0.248240
v 0.377960 -0.398377 -0.239571
v 0.379040 -0.419332 -0.240888
v 0.407889 -0.396507 -0.269402
v 0.399495 -0.402405 -0.290949
v 0.399067 -0.394093 -0.290426
v 0.379040 -0.415584 -0.300549
v 0.377960 -0.394627 -0.299231
v 0.350112 -0.436872 -0.271938
v 0.348110 -0.398034 -0.269497
v 0.379040 -0.419332 -0.240888
v 0.377960 -0.398377 -0.239571
v 0.412086 -0.411237 -0.248903
v 0.408515 -0.433507 -0.241781
v 0.412942 -0.400395 -0.269293
v 0.410580 -0.407332 -0.291007
v 0.406384 -0.427985 -0.301326
v 0.401957 -0.461096 -0.273814
v 0.408515 -0.433507 -0.241781
v 0.735277 -0.393780 -0.246154
v 0.754297 -0.414305 -0.241517
v 0.718218 -0.383748 -0.264818
v 0.713112 -0.390087 -0.286577
v 0.722950 -0.409083 -0.298685
v 0.759029 -0.439640 -0.275384
v 0.754297 -0.414305 -0.241517
v 0.799839 0.080435 -0.486569
v 0.839489 0.071834 -0.494462
v 0.763809 0.072654 -0.505413
v 0.752507 0.053049 -0.539957
v 0.772552 0.033104 -0.569965
v 0.812202 0.024503 -0.577859
v 0.848232 0.032284 -0.559014
v 0.855968 0.051889 -0.524645
v 0.839489 0.071834 -0.494462
v 0.810494 0.243419 -0.576998
v 0.858017 0.233550 -0.581299
v 0.770122 0.226693 -0.598904
v 0.760549 0.193169 -0.634185
v 0.787385 0.162485 -0.662173
v 0.834907 0.152616 -0.666474
v 0.871224 0.169342 -0.644694
v 0.879774 0.202867 -0.610465
v 0.858017 0.233550 -0.581299
v 0.820422 0.297747 -0.659132
v 0.867481 0.284781 -0.659589
v 0.779263 0.275771 -0.674522
v 0.768112 0.231727 -0.696745
v 0.793502 0.191415 -0.712782
v 0.840560 0.178449 -0.713239
v 0.881720 0.200425 -0.697848
v 0.892871 0.244469 -0.675626
v 0.867481 0.284781 -0.659589
v 0.881969 0.386640 -1.143000
v 0.939579 0.369476 -1.143080
v 0.829240 0.357549 -1.143140
v 0.812281 0.299244 -1.143420
v 0.841025 0.245879 -1.143680
v 0.898635 0.228714 -1.143770
v 0.951363 0.257805 -1.143630
v 0.968323 0.316111 -1.143340
v 0.939579 0.369476 -1.143080
v 0.377960 -0.394627 -0.299231
v 0.348110 -0.398034 -0.269497
v 0.399067 -0.394093 -0.290426
v 0.407889 -0.396507 -0.269402
v 0.399067 -0.396745 -0.248240
v 0.882532 0.355651 -1.041960
v 0.939918 0.308676 -1.042230
v 0.893576 0.250430 -1.042570
v 0.399495 -0.405056 -0.320009
v 0.399067 -0.396745 -0.319486
v 0.377960 -0.398377 -0.310817
v 0.379040 -0.419332 -0.312134
v 0.407889 -0.396507 -0.340648
v 0.399495 -0.402405 -0.362195
v 0.399067 -0.394093 -0.361673
v 0.379040 -0.415584 -0.371795
v 0.377960 -0.394627 -0.370478
v 0.350112 -0.436872 -0.343185
v 0.348110 -0.398034 -0.340744
v 0.379040 -0.419332 -0.312134
v 0.377960 -0.398377 -0.310817
v 0.412087 -0.411237 -0.320149
v 0.408515 -0.433507 -0.313027
v 0.412942 -0.400395 -0.340540
v 0.410580 -0.407332 -0.362254
v 0.406384 -0.427985 -0.372572
v 0.401957 -0.461096 -0.345060
v 0.408515 -0.433507 -0.313027
v 0.735277 -0.393780 -0.317400
v 0.754297 -0.414305 -0.312764
v 0.718218 -0.383748 -0.336064
v 0.713112 -0.390087 -0.357824
v 0.722950 -0.409083 -0.369931
v 0.759030 -0.439640 -0.346630
v 0.754297 -0.414305 -0.312764
v 0.799839 0.020090 -0.584947
v 0.839489 0.012256 -0.592136
v 0.763809 0.013003 -0.602109
v 0.752507 -0.004851 -0.633570
v 0.772552 -0.023016 -0.660899
v 0.812203 -0.030849 -0.668088
v 0.848232 -0.023763 -0.650926
v 0.859534 -0.005907 -0.619465
v 0.839489 0.012256 -0.592136
v 0.813445 0.144906 -0.676526
v 0.859070 0.132802 -0.675908
v 0.773939 0.128748 -0.696203
v 0.763693 0.093794 -0.723415
v 0.788711 0.060519 -0.742219
v 0.834337 0.048416 -0.741602
v 0.869281 0.064573 -0.721971
v 0.882625 0.099527 -0.694062
v 0.859070 0.132802 -0.675908
v 0.821940 0.173003 -0.721093
v 0.867380 0.159988 -0.719563
v 0.782119 0.155300 -0.739224
v 0.771242 0.117249 -0.763335
v 0.795682 0.081138 -0.779303
v 0.841122 0.068122 -0.777773
v 0.880943 0.085825 -0.759642
v 0.891820 0.123878 -0.735531
v 0.867380 0.159988 -0.719563
v 0.881951 0.221521 -1.144620
v 0.939628 0.205215 -1.144700
v 0.829161 0.193885 -1.144750
v 0.812181 0.138495 -1.145010
v 0.840959 0.087798 -1.145250
v 0.898636 0.071492 -1.145320
v 0.951427 0.099128 -1.145190
v 0.968406 0.154518 -1.144940
v 0.939628 0.205215 -1.144700
v 0.377960 -0.394627 -0.370478
v 0.348110 -0.398034 -0.340744
v 0.399067 -0.394093 -0.361673
v 0.407889 -0.396507 -0.340648
v 0.399067 -0.396745 -0.319486
v 0.885109 0.192333 -1.043580
v 0.942543 0.148163 -1.043820
v 0.896298 0.093559 -1.044130
v 0.838863 0.137730 -1.043880
v 0.399495 -0.405056 -0.398575
v 0.399067 -0.396745 -0.398053
v 0.377960 -0.398377 -0.389384
v 0.379040 -0.419332 -0.390701
v 0.407889 -0.396507 -0.419214
v 0.399495 -0.402405 -0.440762
v 0.399067 -0.394093 -0.440239
v 0.379040 -0.415584 -0.450361
v 0.377960 -0.394627 -0.449044
v 0.350112 -0.436872 -0.421751
v 0.348110 -0.398034 -0.419310
v 0.379040 -0.419332 -0.390701
v 0.377960 -0.398377 -0.389384
v 0.412087 -0.411237 -0.398716
v 0.408515 -0.433507 -0.391594
v 0.412942 -0.400395 -0.419106
v 0.410580 -0.407332 -0.440820
v 0.406384 -0.427985 -0.451139
v 0.401957 -0.461096 -0.423626
v 0.408515 -0.433507 -0.391594
v 0.735277 -0.393780 -0.395966
v 0.754297 -0.414305 -0.391330
v 0.718218 -0.383748 -0.414631
v 0.713112 -0.390087 -0.436390
v 0.722950 -0.409083 -0.448498
v 0.759030 -0.439640 -0.425197
v 0.754297 -0.414305 -0.391330
v 0.799839 -0.039356 -0.674236
v 0.839489 -0.046397 -0.679681
v 0.763810 -0.046477 -0.688053
v 0.752507 -0.063590 -0.713039
v 0.775172 -0.080670 -0.734590
v 0.814286 -0.087712 -0.739522
v 0.848232 -0.080590 -0.726184
v 0.859534 -0.063477 -0.701199
v 0.839489 -0.046397 -0.679681
v 0.816373 0.042358 -0.746321
v 0.860050 0.031953 -0.744511
v 0.778208 0.029080 -0.763978
v 0.767912 -0.000102 -0.787139
v 0.790060 -0.028094 -0.801694
v 0.831166 -0.038499 -0.800393
v 0.869304 -0.025221 -0.784278
v 0.880100 0.003960 -0.761648
v 0.860050 0.031953 -0.744511
v 0.823348 0.063708 -0.784986
v 0.866875 0.052539 -0.782413
v 0.784929 0.049136 -0.801349
v 0.774126 0.017360 -0.821915
v 0.797265 -0.013005 -0.834638
v 0.840792 -0.024173 -0.832064
v 0.879210 -0.009602 -0.815702
v 0.890014 0.022173 -0.795136
v 0.866875 0.052539 -0.782413
v 0.884651 0.068488 -1.140050
v 0.936746 0.054837 -1.140110
v 0.836969 0.045351 -1.140150
v 0.821633 -0.001019 -1.140370
v 0.847626 -0.043460 -1.140570
v 0.899721 -0.057112 -1.140630
v 0.947402 -0.033975 -1.140520
v 0.961697 0.012395 -1.140310
v 0.936746 0.054837 -1.140110
v 0.377960 -0.394627 -0.449044
v 0.348110 -0.398034 -0.419310
v 0.399067 -0.394093 -0.440239
v 0.407889 -0.396507 -0.419214
v 0.399067 -0.396745 -0.398053
v 0.886920 0.042317 -1.039000
v 0.936498 0.007092 -1.039200
v 0.896931 -0.036174 -1.039440
v 0.846600 -0.000951 -1.039240
v 0.881969 0.386640 -1.143000
v 0.939579 0.369476 -1.143080
v 0.929212 0.356738 -1.143140
v 0.883730 0.370289 -1.143080
v 0.968323 0.316111 -1.143340
v 0.952024 0.314385 -1.143350
v 0.951363 0.257805 -1.143630
v 0.938549 0.268059 -1.143580
v 0.898635 0.228714 -1.143770
v 0.896874 0.245066 -1.143690
v 0.841025 0.245879 -1.143680
v 0.851392 0.258617 -1.143620
v 0.812281 0.299244 -1.143420
v 0.828580 0.300970 -1.143420
v 0.829240 0.357549 -1.143140
v 0.842055 0.347296 -1.143190
v 0.881951 0.221521 -1.144620
v 0.939628 0.205215 -1.144700
v 0.929511 0.192313 -1.144760
v 0.883636 0.205282 -1.144700
v 0.968406 0.154518 -1.144940
v 0.951988 0.152715 -1.144940
v 0.951427 0.099128 -1.145190
v 0.938781 0.109629 -1.145150
v 0.898636 0.071492 -1.145320
v 0.896951 0.087731 -1.145250
v 0.840959 0.087798 -1.145250
v 0.851077 0.100701 -1.145190
v 0.812181 0.138495 -1.145010
v 0.828599 0.140299 -1.145000
v 0.829161 0.193885 -1.144750
v 0.841807 0.183384 -1.144800
v 0.884651 0.068488 -1.140050
v 0.936746 0.054837 -1.140110
v 0.926843 0.041751 -1.140170
v 0.886229 0.052394 -1.140120
v 0.961697 0.012395 -1.140310
v 0.945232 0.010473 -1.140320
v 0.947402 -0.033975 -1.140520
v 0.934849 -0.023207 -1.140470
v 0.899721 -0.057112 -1.140630
v 0.898143 -0.041018 -1.140560
v 0.847626 -0.043460 -1.140570
v 0.857374 -0.030335 -1.140510
v 0.821633 -0.001019 -1.140370
v 0.838244 0.000900 -1.140360
v 0.836969 0.045351 -1.140150
v 0.849358 0.034503 -1.140200
v 0.836191 0.297404 -1.042300
v 0.157626 0.169420 -1.312500
v 0.174052 0.169932 -1.341160
v 0.174052 0.195349 -1.341170
v 0.160419 0.207984 -1.341310
v 0.117931 0.195349 -1.341170
v 0.134355 0.169420 -1.312500
v 0.131563 0.207984 -1.341310
v 0.196797 0.169932 -1.517950
v 0.196797 0.200619 -1.517970
v 0.162357 0.222901 -1.518430
v 0.095185 0.200618 -1.517970
v 0.129625 0.222900 -1.518430
v 0.188908 0.192155 -1.549570
v 0.188908 0.169932 -1.549550
v 0.163036 0.208589 -1.549920
v 0.103074 0.192155 -1.549570
v 0.128946 0.208589 -1.549920
v 0.103074 0.169932 -1.549550
v 0.117931 0.169932 -1.341160
v 0.095185 0.169932 -1.517950
v -0.133873 0.169420 -1.312500
v -0.117448 0.169932 -1.341160
v -0.117448 0.195349 -1.341170
v -0.131080 0.207984 -1.341310
v -0.173568 0.195349 -1.341170
v -0.157143 0.169420 -1.312500
v -0.159936 0.207984 -1.341310
v -0.094701 0.169932 -1.517950
v -0.094701 0.200619 -1.517970
v -0.129142 0.222901 -1.518430
v -0.196314 0.200618 -1.517970
v -0.161874 0.222900 -1.518430
v -0.102591 0.192155 -1.549570
v -0.102591 0.169932 -1.549550
v -0.128463 0.208589 -1.549920
v -0.188425 0.192155 -1.549570
v -0.162553 0.208589 -1.549920
v -0.188425 0.169932 -1.549550
v -0.173568 0.169932 -1.341160
v -0.196314 0.169932 -1.517950
v 0.499352 -0.211199 1.708550
v 0.464100 -0.211199 1.714430
v 0.446475 -0.241728 1.717290
v 0.499352 -0.272257 1.708550
v 0.516977 -0.241728 1.705540
v 0.464100 -0.272257 1.714430
v 0.446474 -0.180671 1.682760
v 0.411223 -0.241728 1.688050
v 0.516977 -0.180671 1.671500
v 0.552230 -0.241728 1.665620
v 0.516977 -0.302785 1.671500
v 0.446474 -0.302785 1.682760
v 0.411223 -0.241728 1.688050
v 0.446474 -0.180671 1.561590
v 0.411223 -0.241728 1.565770
v 0.446474 -0.180671 1.682760
v 0.516977 -0.180671 1.552690
v 0.516977 -0.180671 1.671500
v 0.516977 -0.180671 1.671500
v 0.552229 -0.241728 1.548050
v 0.516977 -0.180671 1.552690
v 0.552230 -0.241728 1.665620
v 0.516977 -0.302785 1.552690
v 0.516977 -0.302785 1.671500
v 0.446474 -0.302785 1.561600
v 0.446474 -0.302785 1.682760
v -0.399495 -0.405056 -0.248763
v -0.377960 -0.398377 -0.239571
v -0.399067 -0.396744 -0.248240
v -0.379040 -0.419332 -0.240888
v -0.407889 -0.396507 -0.269402
v -0.399495 -0.402405 -0.290949
v -0.399067 -0.394093 -0.290427
v -0.379040 -0.415584 -0.300549
v -0.377960 -0.394627 -0.299232
v -0.350112 -0.436872 -0.271939
v -0.348111 -0.398034 -0.269498
v -0.379040 -0.419332 -0.240888
v -0.377960 -0.398377 -0.239571
v -0.412087 -0.411237 -0.248903
v -0.408515 -0.433506 -0.241781
v -0.412942 -0.400395 -0.269294
v -0.410580 -0.407332 -0.291008
v -0.406384 -0.427985 -0.301326
v -0.401957 -0.461096 -0.273814
v -0.408515 -0.433506 -0.241781
v -0.735278 -0.393780 -0.246154
v -0.754297 -0.414305 -0.241518
v -0.718218 -0.383748 -0.264819
v -0.713112 -0.390087 -0.286578
v -0.722951 -0.409083 -0.298685
v -0.759030 -0.439640 -0.275385
v -0.754297 -0.414305 -0.241518
v -0.799839 0.080435 -0.486569
v -0.839489 0.071834 -0.494463
v -0.763810 0.072654 -0.505413
v -0.752507 0.053049 -0.539957
v -0.772552 0.033104 -0.569965
v -0.812203 0.024503 -0.577859
v -0.848232 0.032284 -0.559015
v -0.855968 0.051889 -0.524646
v -0.839489 0.071834 -0.494463
v -0.810495 0.243420 -0.576998
v -0.858017 0.233550 -0.581300
v -0.770122 0.226693 -0.598904
v -0.760550 0.193169 -0.634185
v -0.787384 0.162485 -0.662174
v -0.834907 0.152616 -0.666475
v -0.871224 0.169342 -0.644695
v -0.879775 0.202867 -0.610465
v -0.858017 0.233550 -0.581300
v -0.820423 0.297747 -0.659132
v -0.867481 0.284781 -0.659590
v -0.779263 0.275772 -0.674523
v -0.768112 0.231728 -0.696745
v -0.793502 0.191415 -0.712782
v -0.840560 0.178449 -0.713239
v -0.881720 0.200425 -0.697849
v -0.892871 0.244469 -0.675626
v -0.867481 0.284781 -0.659590
v -0.881969 0.386640 -1.143000
v -0.939579 0.369476 -1.143080
v -0.829240 0.357550 -1.143140
v -0.812281 0.299244 -1.143430
v -0.841025 0.245879 -1.143690
v -0.898635 0.228714 -1.143770
v -0.951364 0.257805 -1.143630
v -0.968323 0.316111 -1.143340
v -0.939579 0.369476 -1.143080
v -0.377960 -0.394627 -0.299232
v -0.348111 -0.398034 -0.269498
v -0.399067 -0.394093 -0.290427
v -0.407889 -0.396507 -0.269402
v -0.399067 -0.396744 -0.248240
v -0.882532 0.355651 -1.041960
v -0.893576 0.250430 -1.042570
v -0.939918 0.308677 -1.042230
v -0.399495 -0.405056 -0.320009
v -0.377960 -0.398377 -0.310818
v -0.399067 -0.396744 -0.319487
v -0.379040 -0.419332 -0.312135
v -0.407889 -0.396507 -0.340648
v -0.399495 -0.402405 -0.362196
v -0.399067 -0.394093 -0.361673
v -0.379040 -0.415584 -0.371795
v -0.377960 -0.394627 -0.370478
v -0.350112 -0.436872 -0.343185
v -0.348111 -0.398034 -0.340744
v -0.379040 -0.419332 -0.312135
v -0.377960 -0.398377 -0.310818
v -0.412087 -0.411237 -0.320150
v -0.408515 -0.433506 -0.313028
v -0.412942 -0.400395 -0.340540
v -0.410580 -0.407332 -0.362254
v -0.406384 -0.427985 -0.372573
v -0.401957 -0.461096 -0.345061
v -0.408515 -0.433506 -0.313028
v -0.735278 -0.393780 -0.317401
v -0.754297 -0.414305 -0.312765
v -0.718218 -0.383748 -0.336065
v -0.713112 -0.390087 -0.357824
v -0.722951 -0.409083 -0.369932
v -0.759030 -0.439640 -0.346631
v -0.754297 -0.414305 -0.312765
v -0.799839 0.020090 -0.584947
v -0.839490 0.012257 -0.592137
v -0.763810 0.013003 -0.602110
v -0.752507 -0.004851 -0.633570
v -0.772552 -0.023016 -0.660900
v -0.812203 -0.030849 -0.668089
v -0.848232 -0.023763 -0.650927
v -0.859534 -0.005907 -0.619466
v -0.839490 0.012257 -0.592137
v -0.813445 0.144906 -0.676526
v -0.859071 0.132802 -0.675909
v -0.773939 0.128749 -0.696204
v -0.763694 0.093794 -0.723415
v -0.788711 0.060520 -0.742220
v -0.834337 0.048416 -0.741603
v -0.869281 0.064573 -0.721972
v -0.882625 0.099527 -0.694063
v -0.859071 0.132802 -0.675909
v -0.821940 0.173004 -0.721093
v -0.867380 0.159988 -0.719564
v -0.782119 0.155301 -0.739224
v -0.771242 0.117249 -0.763336
v -0.795682 0.081138 -0.779304
v -0.841122 0.068123 -0.777774
v -0.880944 0.085826 -0.759643
v -0.891820 0.123878 -0.735531
v -0.867380 0.159988 -0.719564
v -0.881951 0.221521 -1.144620
v -0.939628 0.205215 -1.144700
v -0.829161 0.193885 -1.144750
v -0.812181 0.138495 -1.145010
v -0.840959 0.087798 -1.145250
v -0.898636 0.071492 -1.145320
v -0.951427 0.099128 -1.145200
v -0.968406 0.154518 -1.144940
v -0.939628 0.205215 -1.144700
v -0.377960 -0.394627 -0.370478
v -0.348111 -0.398034 -0.340744
v -0.399067 -0.394093 -0.361673
v -0.407889 -0.396507 -0.340648
v -0.399067 -0.396744 -0.319487
v -0.885109 0.192333 -1.043580
v -0.896298 0.093559 -1.044130
v -0.942543 0.148163 -1.043820
v -0.838863 0.137730 -1.043880
v -0.399495 -0.405056 -0.398576
v -0.377960 -0.398377 -0.389384
v -0.399067 -0.396744 -0.398053
v -0.379040 -0.419332 -0.390701
v -0.407889 -0.396507 -0.419215
v -0.399495 -0.402405 -0.440762
v -0.399067 -0.394093 -0.440240
v -0.379040 -0.415584 -0.450362
v -0.377960 -0.394627 -0.449045
v -0.350112 -0.436872 -0.421751
v -0.348111 -0.398034 -0.419311
v -0.379040 -0.419332 -0.390701
v -0.377960 -0.398377 -0.389384
v -0.412087 -0.411237 -0.398716
v -0.408515 -0.433506 -0.391594
v -0.412942 -0.400395 -0.419106
v -0.410580 -0.407332 -0.440821
v -0.406384 -0.427985 -0.451139
v -0.401957 -0.461096 -0.423627
v -0.408515 -0.433506 -0.391594
v -0.735278 -0.393780 -0.395967
v -0.754297 -0.414305 -0.391331
v -0.718218 -0.383748 -0.414631
v -0.713112 -0.390087 -0.436390
v -0.722951 -0.409083 -0.448498
v -0.759030 -0.439640 -0.425197
v -0.754297 -0.414305 -0.391331
v -0.799839 -0.039356 -0.674236
v -0.839490 -0.046397 -0.679681
v -0.763810 -0.046477 -0.688054
v -0.752507 -0.063590 -0.713040
v -0.775172 -0.080670 -0.734591
v -0.814286 -0.087711 -0.739523
v -0.848232 -0.080590 -0.726185
v -0.859535 -0.063477 -0.701199
v -0.839490 -0.046397 -0.679681
v -0.816373 0.042358 -0.746321
v -0.860050 0.031953 -0.744512
v -0.778208 0.029080 -0.763978
v -0.767912 -0.000101 -0.787139
v -0.790060 -0.028094 -0.801694
v -0.831167 -0.038499 -0.800394
v -0.869304 -0.025221 -0.784278
v -0.880100 0.003961 -0.761648
v -0.860050 0.031953 -0.744512
v -0.823348 0.063708 -0.784987
v -0.866875 0.052540 -0.782413
v -0.784930 0.049136 -0.801349
v -0.774126 0.017360 -0.821915
v -0.797265 -0.013005 -0.834638
v -0.840792 -0.024173 -0.832065
v -0.879211 -0.009601 -0.815703
v -0.890014 0.022173 -0.795136
v -0.866875 0.052540 -0.782413
v -0.884651 0.068488 -1.140050
v -0.936746 0.054837 -1.140110
v -0.836970 0.045352 -1.140150
v -0.821633 -0.001018 -1.140370
v -0.847626 -0.043460 -1.140570
v -0.899721 -0.057111 -1.140630
v -0.947402 -0.033975 -1.140520
v -0.961697 0.012395 -1.140310
v -0.936746 0.054837 -1.140110
v -0.377960 -0.394627 -0.449045
v -0.348111 -0.398034 -0.419311
v -0.399067 -0.394093 -0.440240
v -0.407889 -0.396507 -0.419215
v -0.399067 -0.396744 -0.398053
v -0.886920 0.042317 -1.039000
v -0.896931 -0.036174 -1.039440
v -0.936498 0.007092 -1.039200
v -0.846600 -0.000951 -1.039240
v -0.881969 0.386640 -1.143000
v -0.929212 0.356738 -1.143140
v -0.939579 0.369476 -1.143080
v -0.883730 0.370289 -1.143080
v -0.952024 0.314385 -1.143350
v -0.968323 0.316111 -1.143340
v -0.938549 0.268059 -1.143580
v -0.951364 0.257805 -1.143630
v -0.896874 0.245066 -1.143690
v -0.898635 0.228714 -1.143770
v -0.851392 0.258617 -1.143620
v -0.841025 0.245879 -1.143690
v -0.828580 0.300970 -1.143420
v -0.812281 0.299244 -1.143430
v -0.842055 0.347296 -1.143190
v -0.829240 0.357550 -1.143140
v -0.881951 0.221521 -1.144620
v -0.929511 0.192313 -1.144760
v -0.939628 0.205215 -1.144700
v -0.883636 0.205282 -1.144700
v -0.951988 0.152715 -1.144940
v -0.968406 0.154518 -1.144940
v -0.938781 0.109629 -1.145150
v -0.951427 0.099128 -1.145200
v -0.896951 0.087731 -1.145250
v -0.898636 0.071492 -1.145320
v -0.851077 0.100701 -1.145190
v -0.840959 0.087798 -1.145250
v -0.828599 0.140299 -1.145000
v -0.812181 0.138495 -1.145010
v -0.841807 0.183384 -1.144800
v -0.829161 0.193885 -1.144750
v -0.884651 0.068488 -1.140050
v -0.926843 0.041752 -1.140170
v -0.936746 0.054837 -1.140110
v -0.886229 0.052394 -1.140120
v -0.945232 0.010473 -1.140320
v -0.961697 0.012395 -1.140310
v -0.934849 -0.023207 -1.140470
v -0.947402 -0.033975 -1.140520
v -0.898143 -0.041018 -1.140560
v -0.899721 -0.057111 -1.140630
v -0.857374 -0.030335 -1.140510
v -0.847626 -0.043460 -1.140570
v -0.838244 0.000900 -1.140360
v -0.821633 -0.001018 -1.140370
v -0.849358 0.034503 -1.140210
v -0.836970 0.045352 -1.140150
v -0.836191 0.297404 -1.042300
v 0.000800 0.269089 0.739552
v 0.207365 0.240687 0.932615
v 0.239320 0.240687 0.739553
v 0.000800 0.240687 1.125680
v -0.205764 0.240687 0.932615
v -0.237719 0.240687 0.739552
v 0.315842 0.191071 0.739553
v 0.315841 0.124483 1.185410
v 0.364579 0.124483 0.739553
v 0.273634 0.191071 1.125680
v 0.182689 0.101986 1.511800
v 0.049354 0.191071 1.479910
v 0.049354 0.084795 1.599380
v -0.047753 0.191071 1.479910
v -0.181089 0.101986 1.511800
v -0.047753 0.084795 1.599380
v -0.272033 0.191071 1.125680
v -0.314241 0.124483 1.185410
v -0.362978 0.124483 0.739552
v -0.314241 0.191071 0.739552
v -0.163234 0.187806 1.099330
v 0.000800 0.124600 1.099330
v -0.183438 0.124600 1.099330
v 0.185038 0.124600 1.099330
v 0.164835 0.187806 1.099330
v -0.126275 0.210786 1.099330
v 0.000800 0.225296 1.099330
v 0.127876 0.210786 1.099330
v 0.239320 0.240687 0.739553
v 0.000800 0.249485 0.739553
v 0.000800 0.269089 0.739552
v 0.220154 0.223365 0.739553
v -0.218553 0.223365 0.739552
v -0.237719 0.240687 0.739552
v -0.282350 0.181999 0.739552
v -0.314241 0.191071 0.739552
v -0.317224 0.124523 0.739552
v -0.362978 0.124483 0.739552
v 0.364579 0.124483 0.739553
v 0.283951 0.181999 0.739553
v 0.315842 0.191071 0.739553
v 0.318826 0.124523 0.739553
v -0.883179 -0.218359 1.348450
v -0.883688 -0.287375 1.364240
v -0.884237 -0.286876 1.499460
v -0.884066 -0.371886 1.400560
v -0.866868 -0.389554 1.495920
v -0.668030 -0.389685 1.457010
v -0.670967 -0.389661 1.607570
v -0.866841 -0.389552 1.428820
v -0.815837 -0.372154 1.409550
v -0.813690 -0.287379 1.371790
v -0.815555 -0.361530 1.382020
v -0.884027 -0.361261 1.374180
v -0.868969 -0.389524 1.551610
v -0.884066 -0.371886 1.400560
v -0.883226 -0.273447 1.339530
v -0.883477 -0.287465 1.347390
v -0.813075 -0.287750 1.354310
v -0.812465 -0.273715 1.346540
v -0.811801 -0.218500 1.355520
v -0.884071 -0.371889 1.379770
v -0.884071 -0.371889 1.379770
v -0.815822 -0.372158 1.387860
v -0.815822 -0.372158 1.387860
v -0.883688 -0.287375 1.364240
v -0.813691 -0.287407 1.384390
v -0.813690 -0.287379 1.371790
v 0.884065 -0.371886 1.400560
v 0.866867 -0.389554 1.495920
v 0.668029 -0.389685 1.457010
v 0.866841 -0.389552 1.428820
v 0.815836 -0.372154 1.409550
v 0.882386 -0.361261 1.374180
v 0.813914 -0.361530 1.382020
v 0.884236 -0.371819 1.493560
v 0.884065 -0.371886 1.400560
v 0.884070 -0.371889 1.379770
v 0.884070 -0.371889 1.379770
v 0.815821 -0.372158 1.387860
v 0.815821 -0.372158 1.387860
v 0.465253 -0.389880 1.652930
v 0.000000 -0.389876 1.729760
v 0.803207 -0.096827 1.437810
v 0.797379 -0.374478 -1.418810
v -0.407730 -0.203406 -1.682830
v -0.420064 -0.204104 -1.659710
v -0.419968 -0.213125 -1.680580
v -0.407585 -0.214885 -1.699750
v -0.419392 -0.247187 -1.703520
v -0.407033 -0.248910 -1.718120
v -0.407255 -0.229823 -1.711350
v -0.419573 -0.231150 -1.696520
v -0.418861 -0.391662 -1.694340
v -0.352922 -0.401399 -1.710330
v -0.406577 -0.382066 -1.720670
v -0.407580 -0.192019 -1.643710
v -0.419865 -0.191665 -1.596140
v -0.420002 -0.181439 -1.541830
v -0.353700 -0.214897 -1.708920
v -0.353804 -0.203405 -1.691860
v -0.353291 -0.248911 -1.727330
v -0.353453 -0.229812 -1.720540
v -0.419189 -0.237638 -1.633490
v -0.419924 -0.205786 -1.608630
v -0.353636 -0.205785 -1.618610
v -0.353084 -0.237640 -1.643710
v -0.353024 -0.382066 -1.729870
v -0.352753 -0.400911 -1.646860
v -0.418626 -0.400911 -1.636620
v -0.419792 -0.191377 -1.558990
v -0.353525 -0.191377 -1.568110
v -0.353677 -0.192019 -1.652330
v -0.353677 -0.181439 -1.550630
v -0.352753 -0.400911 -1.646860
v -0.418626 -0.400911 -1.636620
v -0.444243 -0.400997 -1.427150
v -0.465254 -0.389880 1.652930
v -0.746858 -0.181439 -1.587840
v -0.767320 -0.181439 -1.565250
v -0.773076 -0.191974 -1.579440
v -0.744737 -0.193188 -1.620940
v -0.574522 -0.181439 -1.529300
v -0.680933 -0.192878 -1.626290
v -0.684386 -0.181439 -1.590500
v -0.805090 -0.262391 -1.418970
v -0.781834 -0.190794 -1.540120
v -0.777823 -0.181439 -1.542290
v -0.872354 -0.230874 1.551420
v -0.875578 -0.239526 1.549580
v -0.875622 -0.237730 1.535090
v -0.872380 -0.230562 1.536130
v -0.872353 -0.238057 1.555110
v -0.871650 -0.252749 1.555270
v -0.875160 -0.252656 1.550570
v -0.884238 -0.220334 1.521890
v -0.884237 -0.286876 1.499460
v -0.884238 -0.341067 1.533870
v -0.875443 -0.332032 1.535770
v -0.875553 -0.332131 1.547240
v -0.884311 -0.341054 1.542630
v -0.875641 -0.346203 1.554280
v -0.884349 -0.350040 1.547290
v -0.884349 -0.371800 1.547290
v -0.875641 -0.373504 1.554280
v -0.875641 -0.373504 1.554280
v -0.884349 -0.371800 1.547290
v -0.884238 -0.371819 1.533870
v -0.884237 -0.371819 1.493560
v -0.859976 -0.130209 1.539070
v -0.873063 -0.123633 1.524040
v -0.827723 -0.113701 1.533310
v -0.810822 -0.122210 1.549300
v -0.871923 -0.149317 1.536520
v -0.606452 -0.237838 -1.693390
v -0.572586 -0.237641 -1.618640
v -0.596698 -0.205885 -1.593780
v -0.251959 -0.181439 -1.557600
v -0.251887 -0.191377 -1.575320
v -0.774622 -0.204629 -1.691760
v -0.796686 -0.237837 -1.692840
v -0.572171 -0.205788 -1.594460
v -0.781834 -0.190794 -1.540120
v -0.665958 -0.113190 1.570070
v -0.742271 -0.113441 1.553200
v -0.748701 -0.106580 1.549340
v -0.744999 -0.114024 1.565350
v -0.803010 -0.096698 1.523400
v -0.753120 -0.097000 1.546310
v -0.647368 -0.192022 -1.587910
v -0.650471 -0.181439 -1.556930
v -0.606963 -0.402045 -1.693390
v -0.573651 -0.401556 -1.666180
v -0.647953 -0.191377 -1.543830
v -0.650839 -0.181439 -1.527190
v -0.573938 -0.400911 -1.621850
v -0.821337 -0.402067 -1.610720
v -0.573938 -0.400911 -1.621850
v -0.795324 -0.402046 -1.693060
v -0.573651 -0.401556 -1.666180
v -0.606963 -0.402045 -1.693390
v -0.767320 -0.181439 -1.565250
v -0.821337 -0.402067 -1.610720
v -0.867637 -0.163260 1.321900
v -0.867683 -0.140001 1.334190
v -0.882350 -0.197326 1.322530
v -0.809666 -0.197336 1.328580
v -0.811801 -0.218500 1.355520
v -0.810707 -0.197338 1.343150
v -0.883179 -0.218359 1.348450
v -0.810310 -0.163371 1.326580
v -0.811237 -0.140109 1.339200
v -0.699750 -0.097662 1.564120
v -0.481685 -0.113346 1.622750
v -0.295158 -0.113720 1.637110
v -0.777921 -0.331889 1.572940
v -0.782434 -0.346066 1.579460
v -0.669809 -0.332043 1.599860
v -0.670986 -0.346216 1.607570
v -0.483918 -0.332042 1.641670
v -0.485076 -0.346216 1.649790
v -0.665911 -0.229781 1.604790
v -0.666695 -0.236912 1.608590
v -0.784924 -0.237064 1.578790
v -0.788801 -0.229904 1.573950
v -0.483431 -0.229596 1.645950
v -0.483840 -0.236679 1.650040
v -0.789589 -0.229502 1.553580
v -0.483899 -0.252219 1.650030
v -0.668934 -0.252395 1.608050
v -0.776670 -0.252749 1.580950
v -0.775675 -0.331892 1.556340
v -0.884238 -0.371819 1.533870
v -0.789857 -0.316912 1.553530
v -0.789927 -0.264674 1.553520
v -0.875425 -0.252271 1.535770
v -0.884238 -0.216977 1.506880
v -0.807983 -0.182368 1.549880
v -0.807851 -0.206860 1.549910
v -0.884237 -0.371819 1.493560
v -0.480332 -0.112928 1.541710
v -0.665362 -0.112476 1.516590
v -0.699141 -0.096948 1.511410
v -0.294607 -0.113006 1.561910
v -0.480883 -0.113642 1.598900
v -0.777956 -0.253027 1.549520
v -0.710744 -0.252607 1.562140
v -0.670967 -0.389661 1.607570
v -0.776332 -0.331807 1.549840
v -0.776332 -0.331807 1.549840
v -0.789857 -0.316912 1.553530
v -0.777956 -0.253027 1.549520
v -0.711109 -0.332091 1.562080
v -0.789540 -0.230254 1.547260
v -0.784682 -0.159945 1.554550
v -0.783849 -0.160698 1.548380
v -0.807821 -0.183195 1.543640
v -0.710747 -0.230307 1.562140
v -0.481637 -0.159538 1.622750
v -0.480835 -0.160290 1.598910
v -0.687349 -0.161471 1.566330
v -0.665427 -0.160719 1.583110
v -0.480505 -0.230376 1.598960
v -0.665405 -0.114319 1.583120
v -0.795324 -0.402046 -1.693060
v -0.479467 -0.332090 1.599110
v -0.480171 -0.252590 1.599010
v -0.154790 -0.113733 1.648070
v -0.571710 -0.191377 -1.546080
v -0.465254 -0.389880 1.652930
v -0.803208 -0.096827 1.437810
v -0.797379 -0.374478 -1.418810
v -0.884066 -0.371886 1.400560
v 0.107552 0.041325 0.118114
v 0.025247 0.120709 0.131873
v 0.025401 0.113908 0.152109
v 0.004978 0.273822 0.219038
v 0.083780 0.205187 0.224611
v 0.103827 0.239378 0.201614
v 0.004978 0.232658 0.238461
v 0.083780 0.205187 0.224611
v 0.083780 0.227910 0.155214
v 0.004978 0.232658 0.238461
v 0.004978 0.255382 0.169064
v 0.083780 0.227910 0.155214
v 0.004978 0.255382 0.169064
v 0.156423 0.152163 0.157496
v 0.125710 0.135626 0.189542
v 0.125710 0.135626 0.189542
v 0.125710 0.158350 0.120145
v 0.125710 0.158350 0.120145
v 0.138157 0.052985 0.107327
v 0.111148 0.056524 0.149663
v 0.111148 0.056524 0.149663
v 0.111148 0.079248 0.080266
v 0.111148 0.079248 0.080266
v 0.057575 -0.011748 0.074581
v 0.046908 0.004894 0.123634
v 0.046908 0.004894 0.123634
v 0.046908 0.027618 0.054237
v 0.046908 0.027618 0.054237
v -0.047617 -0.011748 0.074581
v -0.036950 0.004894 0.123634
v -0.036950 0.004894 0.123634
v -0.036950 0.027618 0.054237
v -0.036950 0.027618 0.054237
v -0.128199 0.052985 0.107327
v -0.101190 0.056524 0.149663
v -0.101190 0.056524 0.149663
v -0.101190 0.079248 0.080266
v -0.101190 0.079248 0.080266
v -0.146465 0.152163 0.157496
v -0.115752 0.135626 0.189542
v -0.115752 0.135626 0.189542
v -0.115752 0.158350 0.120145
v -0.115752 0.158350 0.120145
v -0.093869 0.239378 0.201614
v -0.073822 0.205187 0.224611
v -0.073822 0.205187 0.224611
v -0.073822 0.227910 0.155214
v -0.073822 0.227910 0.155214
v 0.003411 0.106560 0.124745
v 0.003567 0.099778 0.144991
v 0.069828 0.013063 0.074066
v 0.069892 0.004684 0.099462
v 0.003567 0.099778 0.144991
v 0.107497 0.049701 0.092717
v -0.017189 0.122148 0.132598
v -0.017238 0.115415 0.152869
v -0.098933 0.052245 0.094015
v -0.098879 0.043786 0.119374
v 0.003567 0.099778 0.144991
v -0.061063 0.009064 0.101699
v 0.003567 0.099778 0.144991
v -0.061123 0.017488 0.076321
v -0.019717 0.251549 0.189605
v -0.019800 0.243138 0.214974
v -0.008149 0.145528 0.144377
v -0.008199 0.138790 0.164645
v 0.030925 0.243014 0.214911
v 0.018196 0.138666 0.164583
v 0.031009 0.251423 0.189540
v 0.018034 0.145473 0.144349
v -0.006129 0.011933 0.521912
v -0.013753 -0.007760 0.511912
v -0.008199 0.138790 0.164645
v -0.017238 0.115415 0.152869
v 0.016135 0.011828 0.521862
v 0.018196 0.138666 0.164583
v -0.008199 0.138790 0.164645
v 0.022212 -0.009033 0.511277
v 0.025401 0.113908 0.152109
v 0.018196 0.138666 0.164583
v 0.003796 -0.020937 0.505229
v 0.003567 0.099778 0.144991
v 0.025401 0.113908 0.152109
v -0.017238 0.115415 0.152869
v -0.669507 0.394358 0.327056
v -0.700273 0.177723 0.477491
v -0.692494 0.384181 0.312666
v 0.692493 0.384181 0.312666
v 0.669507 0.394358 0.327056
v 0.700272 0.177723 0.477491
v 0.720193 0.177723 0.442065
v 0.703920 0.354796 0.304051
v 0.653340 0.177723 0.513430
v 0.633313 0.400551 0.354930
v 0.000000 0.400551 0.419822
v 0.568034 0.400552 0.370132
v 0.248480 0.177723 0.569735
v 0.000000 0.177723 0.584455
v 0.517896 0.177723 0.541024
v 0.714857 0.177730 0.360409
v -0.720194 0.177723 0.442065
v -0.703921 0.354796 0.304050
v -0.653341 0.177723 0.513430
v -0.633314 0.400552 0.354929
v -0.248481 0.177723 0.569735
v -0.568035 0.400552 0.370132
v -0.517896 0.177723 0.541024
v -0.714858 0.177731 0.360409
vt 0.395803 -0.487841
vt 0.458221 -0.571435
vt 0.498128 -0.494549
vt 0.756514 -0.941329
vt 0.754960 -0.941329
vt 0.754954 -0.961463
vt 0.760094 -0.941328
vt 0.756514 -0.941329
vt 0.754954 -0.961463
vt 0.915367 -0.967090
vt 0.915448 -0.959671
vt 0.893732 -0.959870
vt 0.893766 -0.966872
vt 0.690598 -0.944088
vt 0.695107 -0.941328
vt 0.695088 -0.961516
vt 0.695088 -0.961516
vt 0.687017 -0.944087
vt 0.690598 -0.944088
vt -92.335396 2.683600
vt -92.335396 2.683600
vt -92.335396 2.683600
vt -92.335396 2.683600
vt 0.107165 -0.006300
vt 0.200648 -0.006295
vt 0.200642 -0.078450
vt 0.107165 -0.078980
vt 0.724145 -0.941329
vt 0.714848 -0.927911
vt 0.704848 -0.927911
vt 0.697919 -0.941197
vt 0.695100 -0.927908
vt 0.695107 -0.941328
vt 0.695100 -0.927908
vt 0.704848 -0.927911
vt 0.697919 -0.941197
vt 0.714848 -0.927911
vt 0.724145 -0.927911
vt 0.724145 -0.941329
vt 0.083290 -0.570428
vt 0.115093 -0.488617
vt 0.063534 -0.494549
vt 0.680341 -0.660816
vt 0.671092 -0.638266
vt 0.671092 -0.660816
vt 0.680341 -0.660816
vt 0.680341 -0.683366
vt 0.671092 -0.660816
vt 0.671092 -0.638266
vt 0.680341 -0.660816
vt 0.671092 -0.660816
vt 0.671092 -0.660816
vt 0.680341 -0.683366
vt 0.680341 -0.660816
vt 0.915448 -0.890168
vt 0.915366 -0.882749
vt 0.893732 -0.889970
vt 0.893766 -0.882967
vt 0.754797 -0.927899
vt 0.743293 -0.927911
vt 0.750386 -0.941196
vt -92.335396 2.683600
vt -92.335396 2.683600
vt -92.335396 2.683600
vt -92.335396 2.683600
vt 0.013719 -0.078450
vt 0.013718 -0.006295
vt 0.733293 -0.927911
vt 0.724145 -0.941329
vt 0.743293 -0.927911
vt 0.754797 -0.927899
vt 0.750386 -0.941196
vt 0.754960 -0.941329
vt 0.724145 -0.927911
vt 0.733293 -0.927911
vt 0.724145 -0.941329
vt 36.690498 -26.657900
vt 36.690498 -26.677198
vt 37.347698 -26.757799
vt 0.708700 -0.398454
vt 0.690408 -0.404329
vt 0.685476 -0.401691
vt 20.491600 -24.229399
vt 20.491600 -24.229399
vt 20.952599 -24.213299
vt 0.308721 -0.395066
vt 0.311273 -0.400419
vt 0.311938 -0.390220
vt 20.491600 -24.229399
vt 20.491600 -24.229399
vt 20.952599 -24.213299
vt 0.685476 -0.401691
vt 0.683012 -0.395686
vt 0.692045 -0.395415
vt 0.756159 -0.008018
vt 0.745630 -0.010677
vt 0.756111 -0.014026
vt 0.735998 -0.625664
vt 0.750806 -0.619299
vt 0.735997 -0.572414
vt 0.797941 -0.775829
vt 0.842981 -0.782159
vt 0.842978 -0.716740
vt 0.603783 -0.255095
vt 0.621298 -0.250785
vt 0.623148 -0.265836
vt 0.608120 -0.267173
vt 0.594844 -0.270825
vt 0.563210 -0.263443
vt 0.587651 -0.259773
vt 0.599962 -0.277968
vt 0.556643 -0.278215
vt 0.561674 -0.225105
vt 0.585683 -0.223421
vt 0.601782 -0.222068
vt 0.620575 -0.220337
vt 0.561674 -0.194133
vt 0.584928 -0.193249
vt 0.601852 -0.192477
vt 0.620559 -0.191541
vt 0.588102 -0.135939
vt 0.561165 -0.091290
vt 0.591251 -0.090857
vt 0.609743 -0.135676
vt 0.619422 -0.082192
vt 0.620053 -0.135539
vt 0.603755 -0.073217
vt 0.608612 -0.049472
vt 0.623253 -0.042427
vt 0.622767 -0.014018
vt 0.627818 -0.028486
vt 0.620226 -0.033113
vt 0.561017 -0.042902
vt 0.557609 -0.020362
vt 0.497514 -0.227069
vt 0.499101 -0.264259
vt 0.587780 -0.283945
vt 0.642651 -0.218147
vt 0.643066 -0.246935
vt 0.643183 -0.264117
vt 0.667084 -0.246404
vt 0.658425 -0.265167
vt 0.662865 -0.215559
vt 0.740424 -0.035247
vt 0.751607 -0.037716
vt 0.771404 -0.015064
vt 0.781912 -0.038200
vt 0.785920 -0.015572
vt 0.811287 -0.016678
vt 0.808096 -0.006353
vt 0.805310 -0.039764
vt 0.781782 -0.038376
vt 0.850427 -0.614141
vt 0.894046 -0.586759
vt 0.850938 -0.640097
vt 0.943813 -0.579547
vt 0.894973 -0.597055
vt 0.682068 -0.896068
vt 0.677651 -0.875995
vt 0.675143 -0.896068
vt 0.661410 -0.884321
vt 0.661190 -0.865254
vt 0.675677 -0.896387
vt 0.643179 -0.869275
vt 0.628637 -0.857565
vt 0.618901 -0.876323
vt 0.602532 -0.879110
vt 0.610328 -0.896387
vt 0.602532 -0.913664
vt 0.620445 -0.918128
vt 0.628637 -0.935208
vt 0.843408 -0.972123
vt 0.850966 -0.987500
vt 0.853291 -0.967224
vt 0.889896 -0.982274
vt 0.883094 -0.967232
vt 0.884790 -0.984380
vt 0.893624 -0.980868
vt 0.941816 -0.980433
vt 0.944703 -0.967430
vt 0.915215 -0.979763
vt 0.723813 -0.277186
vt 0.726846 -0.299239
vt 0.730963 -0.275117
vt 0.671800 -0.019109
vt 0.655524 -0.007921
vt 0.673505 0.000019
vt 0.723467 -0.196896
vt 0.741266 -0.819394
vt 0.754560 -0.853069
vt 0.753733 -0.817816
vt 0.741164 -0.837000
vt 0.826892 -0.828271
vt 0.839174 -0.808796
vt 0.775190 -0.815014
vt 0.774787 -0.852104
vt 0.755914 -0.863755
vt 0.827026 -0.841577
vt 0.827014 -0.835945
vt 0.739364 -0.760847
vt 0.752272 -0.760893
vt 0.737350 -0.725502
vt 0.750605 -0.715194
vt 0.735999 -0.669398
vt 0.751447 -0.666792
vt 0.737278 -0.718419
vt 0.750152 -0.571940
vt 0.747141 -0.443868
vt 0.735994 -0.444028
vt 0.736158 -0.275017
vt 0.736060 -0.294574
vt 0.748935 -0.274944
vt 0.741505 -0.303474
vt 0.747319 -0.307417
vt 0.771512 -0.196297
vt 0.793078 -0.274898
vt 0.797265 -0.195768
vt 0.749593 -0.196510
vt 0.737890 -0.196751
vt 0.752504 -0.134510
vt 0.744315 -0.071791
vt 0.741957 -0.134258
vt 0.800986 -0.134290
vt 0.779287 -0.133378
vt 0.756831 -0.070264
vt 0.803624 -0.070956
vt 0.777382 -0.069863
vt 0.967772 -0.289654
vt 0.938895 -0.288498
vt 0.940607 -0.307947
vt 0.969501 -0.308092
vt 0.890752 -0.307712
vt 0.886027 -0.281073
vt 0.851258 -0.274891
vt 0.853056 -0.307469
vt 0.794912 -0.307286
vt 0.835966 -0.134632
vt 0.817921 -0.196804
vt 0.835932 -0.154639
vt 0.882101 -0.098961
vt 0.854507 -0.134436
vt 0.896821 -0.116858
vt 0.854612 -0.070130
vt 0.896682 -0.069001
vt 0.935262 -0.108096
vt 0.935273 -0.068697
vt 0.971537 -0.105570
vt 0.971521 -0.067949
vt 0.852682 -0.985142
vt 0.843780 -0.987518
vt 0.935495 -0.792674
vt 0.972143 -0.762352
vt 0.940783 -0.760243
vt 0.972578 -0.792183
vt 0.889875 -0.808209
vt 0.890463 -0.749432
vt 0.798617 -0.718300
vt 0.836634 -0.693276
vt 0.798768 -0.677140
vt 0.798531 -0.634030
vt 0.833600 -0.667005
vt 0.850446 -0.614190
vt 0.835671 -0.639911
vt 0.894080 -0.586804
vt 0.850802 -0.595143
vt 0.796074 -0.443819
vt 0.853093 -0.329731
vt 0.794984 -0.331848
vt 0.798225 -0.588573
vt 0.940729 -0.329906
vt 0.891499 -0.329706
vt 0.941995 -0.443932
vt 0.892460 -0.443926
vt 0.943865 -0.579592
vt 0.970716 -0.443939
vt 0.972519 -0.577528
vt 0.969472 -0.330080
vt 0.972579 -0.808576
vt 0.924557 -0.808620
vt 0.661190 -0.927519
vt 0.643179 -0.923498
vt 0.661409 -0.908453
vt 0.889875 -0.841819
vt 0.498772 -0.864387
vt 0.479446 -0.914730
vt 0.498438 -0.914730
vt 0.944719 -0.269780
vt 0.944687 -0.222806
vt 0.937555 -0.222867
vt 0.967864 -0.222461
vt 0.969876 -0.269825
vt 0.974084 -0.222380
vt 0.725068 -0.133530
vt 0.731779 -0.067285
vt 0.642210 -0.135223
vt 0.661882 -0.188927
vt 0.642770 -0.190339
vt 0.663123 -0.134847
vt 0.640557 -0.082465
vt 0.670231 -0.082058
vt 0.640221 -0.018343
vt 0.497514 -0.042864
vt 0.497514 -0.089136
vt 0.497514 -0.195135
vt 0.944687 -0.222806
vt 0.967864 -0.222461
vt 0.944512 -0.187515
vt 0.840427 -0.040219
vt 0.840182 -0.069906
vt 0.917935 -0.222805
vt 0.926521 -0.222876
vt 0.926807 -0.187425
vt 0.646408 -0.854634
vt 0.674484 -0.914968
vt 0.674484 -0.877805
vt 0.499102 -0.316978
vt 0.499101 -0.288152
vt 0.548347 -0.294215
vt 0.539066 -0.317094
vt 0.576924 -0.295448
vt 0.565311 -0.314695
vt 0.661093 -0.926851
vt 0.675580 -0.895719
vt 0.661313 -0.907784
vt 0.643082 -0.922830
vt 0.595816 -0.896387
vt 0.611397 -0.929870
vt 0.646408 -0.938140
vt 0.611397 -0.862903
vt 0.682750 -0.896387
vt 0.678239 -0.916840
vt 0.665600 -0.933242
vt 0.661313 -0.883653
vt 0.627063 -0.942344
vt 0.647335 -0.942344
vt 0.608799 -0.933242
vt 0.596159 -0.916840
vt 0.591648 -0.896387
vt 0.497514 -0.023615
vt 0.280832 -0.431704
vt 0.280832 -0.489411
vt 0.339325 -0.489130
vt 0.395199 -0.435165
vt 0.339183 -0.433470
vt 0.491429 -0.433552
vt 0.504690 -0.432578
vt 0.512840 -0.492805
vt 0.735999 -0.669676
vt 0.515587 -0.419645
vt 0.347858 -0.780706
vt 0.363701 -0.570286
vt 0.271049 -0.780706
vt 0.280832 -0.569384
vt 0.442731 -0.599918
vt 0.424035 -0.778511
vt 0.440955 -0.775312
vt 0.419785 -0.600800
vt 0.456193 -0.771054
vt 0.460618 -0.779783
vt 0.449178 -0.578884
vt 0.495680 -0.577204
vt 0.487479 -0.769964
vt 0.633895 -0.777212
vt 0.637224 -0.777361
vt 0.622094 -0.802616
vt 0.619877 -0.819585
vt 0.618762 -0.802385
vt 0.616539 -0.819113
vt 0.622086 -0.802751
vt 0.637219 -0.777891
vt 0.271387 -0.805164
vt 0.347985 -0.864022
vt 0.347985 -0.805164
vt 0.395752 -0.569371
vt 0.442922 -0.570300
vt 0.428083 -0.807072
vt 0.394068 -0.863623
vt 0.447207 -0.862418
vt 0.393748 -0.805164
vt 0.453055 -0.805941
vt 0.506118 -0.570405
vt 0.470123 -0.863610
vt 0.475716 -0.805760
vt 0.513552 -0.564960
vt 0.737382 -0.713084
vt 0.617972 -0.840264
vt 0.614592 -0.846312
vt 0.480279 -0.864141
vt 0.501389 -0.807425
vt 0.479796 -0.807181
vt 0.579547 -0.944002
vt 0.580693 -0.992545
vt 0.587769 -0.944002
vt 0.608799 -0.859531
vt 0.596159 -0.875934
vt 0.647335 -0.850429
vt 0.665600 -0.859531
vt 0.678239 -0.875934
vt 0.399071 -0.914730
vt 0.446046 -0.914730
vt 0.841565 -0.016710
vt 0.687490 -0.297196
vt 0.676063 -0.314584
vt 0.677451 -0.302079
vt 0.686424 -0.320080
vt 0.850759 -0.006722
vt 0.741649 -0.857848
vt 0.393739 -0.780706
vt 0.447408 -0.773998
vt 0.501606 -0.801087
vt 0.479976 -0.794611
vt 0.005678 -0.412526
vt 0.005677 -0.538167
vt 0.045642 -0.417057
vt 0.972067 -0.958902
vt 0.973616 -0.967504
vt 0.984783 -0.960062
vt 0.985263 -0.986267
vt 0.974023 -0.985609
vt 0.670150 -0.326009
vt 0.850997 -0.016593
vt 0.851420 -0.039965
vt 0.602313 -0.135770
vt 0.592785 -0.073065
vt 0.597850 -0.049323
vt 0.603514 -0.039013
vt 0.581293 -0.288461
vt 0.499101 -0.273249
vt 0.536935 -0.329860
vt 0.499103 -0.332577
vt 0.935624 -0.924919
vt 0.935254 -0.890374
vt 0.944703 -0.882409
vt 0.663868 -0.896686
vt 0.653956 -0.875349
vt 0.661046 -0.866132
vt 0.675232 -0.896686
vt 0.631670 -0.870079
vt 0.629131 -0.858586
vt 0.613789 -0.884845
vt 0.603520 -0.879730
vt 0.613789 -0.908528
vt 0.603520 -0.913643
vt 0.629131 -0.934786
vt 0.631670 -0.923294
vt 0.661046 -0.927240
vt 0.653956 -0.918024
vt 0.674065 -0.878450
vt 0.646555 -0.855709
vt 0.612204 -0.863825
vt 0.674065 -0.914923
vt 0.646555 -0.937663
vt 0.596912 -0.896686
vt 0.612204 -0.929547
vt 0.677741 -0.916759
vt 0.682157 -0.896686
vt 0.665365 -0.932857
vt 0.647465 -0.941790
vt 0.627580 -0.941790
vt 0.609656 -0.932857
vt 0.597252 -0.916759
vt 0.592825 -0.896686
vt 0.597252 -0.876613
vt 0.609656 -0.860516
vt 0.627580 -0.851583
vt 0.647465 -0.851583
vt 0.665365 -0.860516
vt 0.677741 -0.876613
vt 0.592385 -0.288895
vt 0.621696 -0.283468
vt 0.608441 -0.283304
vt 0.610658 -0.277570
vt 0.623774 -0.277376
vt 0.602172 -0.283697
vt 0.641296 -0.281384
vt 0.642545 -0.276846
vt 0.654323 -0.285684
vt 0.658913 -0.280907
vt 0.666297 -0.291650
vt 0.672325 -0.289878
vt 0.671135 -0.303104
vt 0.755001 -0.992391
vt 0.778730 -0.941328
vt 0.760094 -0.941328
vt 0.853073 -0.329718
vt 0.852257 -0.443846
vt 0.796073 -0.443792
vt 0.582905 -0.298551
vt 0.671832 -0.313517
vt 0.665191 -0.322804
vt 0.572543 -0.316841
vt 0.562042 -0.335066
vt 0.571270 -0.327934
vt 0.615319 -0.322884
vt 0.750517 -0.871881
vt 0.764921 -0.871873
vt 0.750528 -0.904445
vt 0.956931 -0.593662
vt 0.954416 -0.604006
vt 0.950726 -0.593776
vt 0.602812 -0.090983
vt 0.013723 -0.169491
vt 0.107165 -0.149965
vt 0.107165 -0.169675
vt 0.013733 -0.149876
vt 0.938233 -0.614240
vt 0.944355 -0.614127
vt 0.935330 -0.604572
vt 0.941507 -0.604389
vt 0.945346 -0.593876
vt 0.935330 -0.604572
vt 0.939118 -0.593990
vt 0.941508 -0.604389
vt 0.843872 -0.988968
vt 0.851009 -0.989011
vt 0.837514 -0.977766
vt 0.830915 -0.924920
vt 0.013732 -0.101263
vt 0.013730 -0.095051
vt 0.107165 -0.095829
vt 0.951437 -0.613997
vt 0.957579 -0.613883
vt 0.954417 -0.604006
vt 0.872164 -0.066143
vt 0.107165 -0.102064
vt 0.957578 -0.613883
vt 0.951436 -0.613997
vt 0.960589 -0.603824
vt 0.939118 -0.593990
vt 0.945346 -0.593875
vt 0.938233 -0.614240
vt 0.944356 -0.614127
vt 0.950293 -0.615816
vt 0.950293 -0.615816
vt 0.945502 -0.615904
vt 0.945502 -0.615904
vt 0.950725 -0.593776
vt 0.956931 -0.593662
vt 0.960589 -0.603824
vt 0.982477 -0.632192
vt 0.982512 -0.623331
vt 0.998396 -0.632134
vt 0.998390 -0.623343
vt 0.962610 -0.632135
vt 0.962525 -0.623331
vt 0.945213 -0.632135
vt 0.944904 -0.623331
vt 0.933314 -0.632218
vt 0.933513 -0.623331
vt 0.909918 -0.623331
vt 0.909841 -0.632217
vt 0.886982 -0.632217
vt 0.886790 -0.623331
vt 0.867703 -0.623331
vt 0.868048 -0.632135
vt 0.107165 -0.088213
vt 0.772487 -0.874708
vt 0.768775 -0.872780
vt 0.674754 -0.266982
vt 0.745590 -0.332561
vt 0.826222 -0.233574
vt 0.851259 -0.263458
vt 0.210326 -0.382758
vt 0.215435 -0.376606
vt 0.232405 -0.396873
vt 0.982512 -0.623331
vt 0.998390 -0.623343
vt 0.882130 -0.069541
vt 0.962525 -0.623331
vt 0.944904 -0.623331
vt 0.933513 -0.623331
vt 0.934977 -0.062185
vt 0.929406 -0.064166
vt 0.905749 -0.061748
vt 0.896683 -0.065079
vt 0.195807 -0.407021
vt 0.205008 -0.401101
vt 0.204608 -0.407490
vt 0.909918 -0.623331
vt 0.886790 -0.623331
vt 0.867703 -0.623331
vt 0.206458 -0.392597
vt 0.197357 -0.400841
vt 0.889875 -0.854079
vt 0.889875 -0.847997
vt 0.220078 -0.373690
vt 0.198909 -0.365299
vt 0.982477 -0.632135
vt 0.998396 -0.632134
vt 0.962610 -0.632135
vt 0.469961 -0.863831
vt 0.471348 -0.806280
vt 0.489266 -0.784435
vt 0.504581 -0.787341
vt 0.487479 -0.769964
vt 0.945213 -0.632135
vt 0.933314 -0.632135
vt 0.227099 -0.335669
vt 0.210221 -0.326394
vt 0.216951 -0.354258
vt 0.909841 -0.632217
vt 0.886982 -0.632135
vt 0.868048 -0.632218
vt 0.198909 -0.371149
vt 0.198281 -0.381613
vt 0.879517 -0.994366
vt 0.879284 -0.995793
vt 0.873165 -0.995553
vt 0.863801 -0.994139
vt 0.867767 -0.990363
vt 0.854127 -0.981970
vt 0.863081 -0.980877
vt 0.854940 -0.986243
vt 0.855743 -0.976871
vt 0.867894 -0.971248
vt 0.866113 -0.970272
vt 0.879615 -0.969284
vt 0.858790 -0.972756
vt 0.871994 -0.968709
vt 0.878020 -0.968765
vt 0.852675 -0.985887
vt 0.858116 -0.991260
vt 0.831973 -0.223841
vt 0.836822 -0.165131
vt 0.979136 -0.283663
vt 0.942144 -0.282163
vt 0.885539 -0.273307
vt 0.827057 -0.197077
vt 0.855246 -0.139357
vt 0.899518 -0.123797
vt 0.935066 -0.114002
vt 0.971499 -0.114355
vt 0.851170 -0.255270
vt 0.166651 -0.383107
vt 0.160358 -0.382952
vt 0.170195 -0.368637
vt 0.969034 -0.992824
vt 0.968763 -0.993152
vt 0.962443 -0.992763
vt 0.954163 -0.991152
vt 0.956635 -0.988852
vt 0.946788 -0.986129
vt 0.953608 -0.980428
vt 0.945634 -0.980786
vt 0.946156 -0.975709
vt 0.956544 -0.971584
vt 0.962083 -0.967900
vt 0.969080 -0.969490
vt 0.953677 -0.969119
vt 0.968096 -0.967516
vt 0.942257 -0.980103
vt 0.722201 -0.819447
vt 0.722189 -0.831936
vt 0.720680 -0.730497
vt 0.722529 -0.726983
vt 0.738946 -0.722874
vt 0.721945 -0.818665
vt 0.738440 -0.836858
vt 0.721897 -0.721314
vt 0.720436 -0.719431
vt 0.738659 -0.716359
vt 0.720669 -0.723371
vt 0.721872 -0.831793
vt 0.722056 -0.837796
vt 0.739919 -0.842824
vt 0.682114 -0.744274
vt 0.678776 -0.740900
vt 0.685536 -0.750455
vt 0.682173 -0.818854
vt 0.682121 -0.753473
vt 0.682490 -0.819637
vt 0.682089 -0.744819
vt 0.682475 -0.829360
vt 0.682329 -0.835251
vt 0.682082 -0.829215
vt 0.651610 -0.757957
vt 0.654941 -0.761322
vt 0.631156 -0.805021
vt 0.643145 -0.782715
vt 0.658112 -0.767831
vt 0.631103 -0.805343
vt 0.629759 -0.819777
vt 0.658146 -0.768880
vt 0.643179 -0.783758
vt 0.654936 -0.761855
vt 0.627671 -0.839103
vt 0.627624 -0.844990
vt 0.627564 -0.839534
vt 0.629708 -0.818995
vt 0.619852 -0.819198
vt 0.617919 -0.840198
vt 0.967865 -0.924919
vt 0.941205 -0.959488
vt 0.967685 -0.958953
vt 0.941575 -0.924919
vt 0.220078 -0.373690
vt 0.215435 -0.376606
vt 0.232405 -0.396873
vt 0.271387 -0.914730
vt 0.195605 -0.863618
vt 0.199566 -0.914730
vt 0.219217 -0.405528
vt 0.206458 -0.392597
vt 0.205008 -0.401101
vt 0.271387 -0.863610
vt 0.148461 -0.778298
vt 0.191075 -0.805164
vt 0.189670 -0.779108
vt 0.192795 -0.488989
vt 0.192928 -0.570340
vt 0.210326 -0.382758
vt 0.149027 -0.805164
vt 0.148706 -0.863623
vt 0.152643 -0.570265
vt 0.192795 -0.432529
vt 0.347985 -0.914730
vt 0.647376 -0.850964
vt 0.660956 -0.865514
vt 0.665276 -0.859898
vt 0.629042 -0.857968
vt 0.627491 -0.850964
vt 0.609567 -0.859898
vt 0.603431 -0.879112
vt 0.597162 -0.875995
vt 0.197357 -0.400841
vt 0.195807 -0.407021
vt 0.225581 -0.401359
vt 0.597162 -0.916141
vt 0.603431 -0.913024
vt 0.592736 -0.896068
vt 0.469248 -0.914730
vt 0.204608 -0.407490
vt 0.609567 -0.932239
vt 0.627491 -0.941172
vt 0.469136 -0.914730
vt 0.198909 -0.365299
vt 0.873056 -0.924920
vt 0.873128 -0.958453
vt 0.856740 -0.958489
vt 0.871714 -0.924920
vt 0.856975 -0.924920
vt 0.871231 -0.958457
vt 0.935254 -0.959465
vt 0.842267 -0.924920
vt 0.854038 -0.958491
vt 0.854050 -0.924920
vt 0.972391 -0.924919
vt 0.192862 -0.356406
vt 0.210221 -0.326394
vt 0.210221 -0.358148
vt 0.647376 -0.941172
vt 0.665276 -0.932239
vt 0.629042 -0.934168
vt 0.378908 -0.914730
vt 0.182964 -0.378911
vt 0.198281 -0.381613
vt 0.198909 -0.371149
vt 0.183984 -0.368789
vt 0.660957 -0.926622
vt 0.677651 -0.916141
vt 0.673976 -0.877832
vt 0.646466 -0.855091
vt 0.612115 -0.863207
vt 0.596823 -0.896068
vt 0.612115 -0.928929
vt 0.646466 -0.937045
vt 0.673976 -0.914305
vt 0.653867 -0.917406
vt 0.663779 -0.896068
vt 0.631580 -0.922676
vt 0.613700 -0.907910
vt 0.613700 -0.884226
vt 0.631580 -0.869460
vt 0.653867 -0.874730
vt 0.682654 -0.895719
vt 0.678143 -0.875266
vt 0.665503 -0.858863
vt 0.661093 -0.864586
vt 0.854660 -0.708214
vt 0.850958 -0.640149
vt 0.940531 -0.982684
vt 0.983360 -0.754093
vt 0.946347 -0.751550
vt 0.897852 -0.741029
vt 0.847901 -0.673312
vt 0.895008 -0.597101
vt 0.944236 -0.589134
vt 0.979454 -0.586625
vt 0.407451 -0.779592
vt 0.413370 -0.595352
vt 0.449104 -0.594090
vt 0.447408 -0.773998
vt 0.419865 -0.582287
vt 0.442906 -0.581609
vt 0.643082 -0.868607
vt 0.628541 -0.856897
vt 0.618805 -0.875655
vt 0.602435 -0.878442
vt 0.610231 -0.895719
vt 0.602435 -0.912996
vt 0.620348 -0.917461
vt 0.628541 -0.934540
vt 0.885926 -0.986174
vt 0.647239 -0.849761
vt 0.889424 -0.984795
vt 0.893594 -0.983086
vt 0.915192 -0.981661
vt 0.975589 -0.988589
vt 0.981248 -0.988990
vt 0.984357 -0.987998
vt 0.852277 -0.443874
vt 0.641342 -0.944089
vt 0.644192 -0.992442
vt 0.647468 -0.944088
vt 0.637618 -0.992447
vt 0.621461 -0.944001
vt 0.611537 -0.992644
vt 0.629866 -0.944001
vt 0.612705 -0.944001
vt 0.635303 -0.944001
vt 0.637526 -0.944089
vt 0.695088 -0.961516
vt 0.687017 -0.944087
vt 0.695083 -0.992430
vt 0.724179 -0.992493
vt 0.724398 -0.973175
vt 0.200642 -0.078450
vt 0.200590 -0.087800
vt 0.107165 -0.078980
vt 0.668382 -0.944087
vt 0.045640 -0.658157
vt 0.005675 -0.663808
vt 0.045610 -0.537607
vt 0.735992 -0.329627
vt 0.006134 -0.774528
vt 0.012143 -0.773781
vt 0.005406 -0.696848
vt 0.035792 -0.693349
vt 0.035792 -0.771261
vt 0.750531 -0.914924
vt 0.763428 -0.914910
vt 0.789185 -0.904432
vt 0.750528 -0.904445
vt 0.200628 -0.199904
vt 0.107165 -0.199913
vt 0.107165 -0.177137
vt 0.200626 -0.176949
vt 0.775014 -0.877115
vt 0.764921 -0.871873
vt 0.750517 -0.871881
vt 0.200564 -0.149876
vt 0.107165 -0.109810
vt 0.200566 -0.109021
vt 0.822293 -0.925245
vt 0.819348 -0.905026
vt 0.200618 -0.169491
vt 0.200579 -0.095051
vt 0.200570 -0.101263
vt 0.768775 -0.872780
vt 0.772487 -0.874708
vt 0.822293 -0.907341
vt 0.732367 -0.303891
vt 0.724145 -0.941329
vt 0.704848 -0.927911
vt 0.705670 -0.941332
vt 0.697919 -0.941197
vt 0.695107 -0.941328
vt 0.699379 -0.961441
vt 0.724378 -0.961549
vt 0.706800 -0.961550
vt 0.005592 -0.675821
vt 0.046676 -0.667536
vt 0.409284 -0.282653
vt 0.441559 -0.278216
vt 0.416284 -0.288865
vt 0.745860 -0.010705
vt 0.756164 -0.008045
vt 0.756121 -0.014031
vt 0.750821 -0.619250
vt 0.736017 -0.625614
vt 0.736017 -0.572371
vt 0.842960 -0.716678
vt 0.842964 -0.782090
vt 0.797939 -0.775760
vt 0.689589 -0.683366
vt 0.680341 -0.660816
vt 0.689589 -0.660816
vt 0.375789 -0.250787
vt 0.393303 -0.255097
vt 0.375053 -0.265838
vt 0.390081 -0.267175
vt 0.409546 -0.258343
vt 0.434990 -0.263443
vt 0.403357 -0.270827
vt 0.397302 -0.278306
vt 0.433353 -0.225105
vt 0.409344 -0.223421
vt 0.374452 -0.220337
vt 0.393245 -0.222068
vt 0.433353 -0.194133
vt 0.410099 -0.193249
vt 0.374468 -0.191541
vt 0.393175 -0.192477
vt 0.406925 -0.135939
vt 0.433862 -0.091290
vt 0.403776 -0.090857
vt 0.374974 -0.135539
vt 0.375605 -0.082192
vt 0.385284 -0.135676
vt 0.391272 -0.073216
vt 0.371774 -0.042427
vt 0.386415 -0.049472
vt 0.372261 -0.014018
vt 0.374801 -0.033113
vt 0.367209 -0.028486
vt 0.437419 -0.020362
vt 0.434010 -0.042902
vt 0.352376 -0.218147
vt 0.353207 -0.244651
vt 0.355017 -0.264119
vt 0.309843 -0.246407
vt 0.339776 -0.265170
vt 0.309912 -0.215559
vt 0.751620 -0.037739
vt 0.740438 -0.035270
vt 0.771410 -0.015068
vt 0.781919 -0.038223
vt 0.785920 -0.015577
vt 0.808088 -0.006380
vt 0.811281 -0.016683
vt 0.805307 -0.039787
vt 0.781785 -0.038399
vt 0.994987 -0.135011
vt 0.985651 -0.149260
vt 0.957642 -0.135011
vt 0.596063 -0.875266
vt 0.608702 -0.858863
vt 0.591552 -0.895719
vt 0.596063 -0.916172
vt 0.608702 -0.932574
vt 0.626967 -0.941676
vt 0.647239 -0.941676
vt 0.665503 -0.932574
vt 0.843408 -0.877717
vt 0.853291 -0.882616
vt 0.850965 -0.862340
vt 0.889895 -0.867566
vt 0.883094 -0.882607
vt 0.884789 -0.865460
vt 0.893624 -0.868971
vt 0.941816 -0.869407
vt 0.915215 -0.870076
vt 0.726865 -0.299230
vt 0.723835 -0.277180
vt 0.730985 -0.275111
vt 0.309818 -0.025925
vt 0.311480 -0.007205
vt 0.339503 -0.007921
vt 0.723488 -0.196899
vt 0.754573 -0.852991
vt 0.741284 -0.819320
vt 0.753747 -0.817742
vt 0.741182 -0.836924
vt 0.826880 -0.828196
vt 0.775196 -0.814941
vt 0.839158 -0.808724
vt 0.774794 -0.852025
vt 0.827015 -0.841500
vt 0.755927 -0.863676
vt 0.827002 -0.835869
vt 0.752286 -0.760826
vt 0.739383 -0.760780
vt 0.750620 -0.715133
vt 0.737369 -0.725440
vt 0.751461 -0.666737
vt 0.736019 -0.669343
vt 0.737297 -0.718357
vt 0.750167 -0.571896
vt 0.736014 -0.444001
vt 0.747157 -0.443841
vt 0.174276 -0.392055
vt 0.167070 -0.395414
vt 0.736080 -0.294565
vt 0.736178 -0.275011
vt 0.748950 -0.274939
vt 0.747335 -0.307407
vt 0.741523 -0.303465
vt 0.797265 -0.195772
vt 0.793078 -0.274892
vt 0.771520 -0.196301
vt 0.749608 -0.196514
vt 0.737909 -0.196755
vt 0.744331 -0.071810
vt 0.752518 -0.134521
vt 0.741975 -0.134269
vt 0.800985 -0.134302
vt 0.779294 -0.133389
vt 0.756844 -0.070283
vt 0.803621 -0.070975
vt 0.777389 -0.069882
vt 0.967712 -0.289646
vt 0.940556 -0.307936
vt 0.938844 -0.288490
vt 0.969441 -0.308082
vt 0.890719 -0.307702
vt 0.885995 -0.281065
vt 0.851238 -0.274885
vt 0.853035 -0.307459
vt 0.794911 -0.307276
vt 0.817912 -0.196808
vt 0.835951 -0.134644
vt 0.835917 -0.154648
vt 0.896785 -0.116872
vt 0.854486 -0.134447
vt 0.882071 -0.098977
vt 0.854591 -0.070150
vt 0.935214 -0.108111
vt 0.896647 -0.069021
vt 0.935225 -0.068717
vt 0.971459 -0.067968
vt 0.971476 -0.105586
vt 0.852682 -0.864698
vt 0.844703 -0.862855
vt 0.972081 -0.762285
vt 0.935446 -0.792604
vt 0.940733 -0.760177
vt 0.972517 -0.792113
vt 0.890430 -0.749367
vt 0.889842 -0.808136
vt 0.798616 -0.718239
vt 0.836620 -0.693218
vt 0.798766 -0.677083
vt 0.798529 -0.633979
vt 0.833586 -0.666950
vt 0.835657 -0.639859
vt 0.850782 -0.595097
vt 0.794983 -0.331835
vt 0.798223 -0.588528
vt 0.891465 -0.329693
vt 0.940679 -0.329894
vt 0.941944 -0.443905
vt 0.892426 -0.443899
vt 0.972458 -0.577484
vt 0.970655 -0.443912
vt 0.969412 -0.330067
vt 0.972517 -0.808504
vt 0.924512 -0.808547
vt 0.678143 -0.916172
vt 0.889842 -0.841742
vt 0.063328 -0.914730
vt 0.044002 -0.864387
vt 0.044336 -0.914730
vt 0.726583 -0.660816
vt 0.717335 -0.660816
vt 0.717335 -0.638266
vt 0.726583 -0.638266
vt 0.674388 -0.877137
vt 0.732205 -0.066880
vt 0.725087 -0.133541
vt 0.309733 -0.188927
vt 0.352817 -0.135223
vt 0.352257 -0.190339
vt 0.309561 -0.082329
vt 0.354470 -0.082465
vt 0.310429 -0.134847
vt 0.354806 -0.018343
vt 0.671092 -0.705592
vt 0.680341 -0.705916
vt 0.698862 -0.723599
vt 0.840412 -0.040242
vt 0.840168 -0.069925
vt 0.698838 -0.683366
vt 0.708086 -0.705916
vt 0.698838 -0.705916
vt 0.646311 -0.853966
vt 0.449856 -0.294216
vt 0.459138 -0.317095
vt 0.422105 -0.294508
vt 0.431751 -0.315678
vt 0.689589 -0.705916
vt 0.689589 -0.683366
vt 0.611301 -0.862236
vt 0.595720 -0.895719
vt 0.305679 -0.361273
vt 0.309090 -0.363334
vt 0.310994 -0.353305
vt 0.680341 -0.683366
vt 0.611301 -0.929202
vt 0.646311 -0.937472
vt 0.674388 -0.914301
vt 0.118410 -0.433227
vt 0.070234 -0.433552
vt 0.048823 -0.492805
vt 0.056973 -0.432578
vt 0.736019 -0.669621
vt 0.046076 -0.419645
vt 0.142371 -0.778511
vt 0.118932 -0.599918
vt 0.120708 -0.775312
vt 0.141879 -0.600800
vt 0.089433 -0.779243
vt 0.100902 -0.780337
vt 0.103819 -0.579365
vt 0.062960 -0.581234
vt 0.072108 -0.779109
vt 0.637277 -0.777292
vt 0.633950 -0.777143
vt 0.622153 -0.802544
vt 0.616600 -0.819040
vt 0.618822 -0.802313
vt 0.619937 -0.819511
vt 0.622146 -0.802678
vt 0.637273 -0.777822
vt 0.118742 -0.570300
vt 0.116623 -0.807630
vt 0.095864 -0.863610
vt 0.091644 -0.804705
vt 0.055545 -0.570405
vt 0.073020 -0.805164
vt 0.072651 -0.863610
vt 0.048111 -0.564960
vt 0.737401 -0.713023
vt 0.614653 -0.846235
vt 0.618032 -0.840187
vt 0.062495 -0.864141
vt 0.041385 -0.807425
vt 0.062979 -0.807181
vt 0.726583 -0.660816
vt 0.717335 -0.638266
vt 0.726583 -0.638266
vt 0.717335 -0.660816
vt 0.708086 -0.660816
vt 0.708086 -0.638266
vt 0.967028 -0.054617
vt 0.935260 -0.057370
vt 0.971581 -0.053043
vt 0.971521 -0.067949
vt 0.841045 -0.989496
vt 0.843872 -0.988968
vt 0.689589 -0.660816
vt 0.839938 -0.989459
vt 0.635843 -0.861007
vt 0.607311 -0.861007
vt 0.635843 -0.928975
vt 0.675316 -0.882031
vt 0.143703 -0.914730
vt 0.096728 -0.914730
vt 0.675316 -0.907951
vt 0.850739 -0.006749
vt 0.841550 -0.016715
vt 0.322570 -0.313656
vt 0.310713 -0.297198
vt 0.322636 -0.300642
vt 0.317103 -0.326860
vt 0.741667 -0.857769
vt 0.041167 -0.795998
vt 0.062799 -0.794611
vt 0.966867 -0.149110
vt 0.985619 -0.149110
vt 0.957494 -0.135028
vt 0.994992 -0.135028
vt 0.985619 -0.120947
vt 0.966867 -0.120947
vt 0.717335 -0.660816
vt 0.726583 -0.660816
vt 0.717335 -0.638266
vt 0.726583 -0.638266
vt 0.680341 -0.638266
vt 0.671092 -0.638266
vt 0.680341 -0.660816
vt 0.689589 -0.660816
vt 0.689589 -0.638266
vt 0.698838 -0.660816
vt 0.698838 -0.638266
vt 0.986130 -0.924919
vt 0.984783 -0.889776
vt 0.973616 -0.882335
vt 0.985263 -0.863572
vt 0.974022 -0.864230
vt 0.326100 -0.326706
vt 0.850976 -0.016598
vt 0.851399 -0.039988
vt 0.392714 -0.135770
vt 0.402242 -0.073065
vt 0.397177 -0.049323
vt 0.391513 -0.039013
vt 0.462335 -0.332608
vt 0.708086 -0.660816
vt 0.708086 -0.638266
vt 0.717335 -0.683366
vt 0.726583 -0.683366
vt 0.680341 -0.683366
vt 0.671092 -0.660816
vt 0.671092 -0.683366
vt 0.689589 -0.683366
vt 0.698838 -0.683366
vt 0.708086 -0.683366
vt 0.726583 -0.705916
vt 0.717335 -0.705916
vt 0.680341 -0.705916
vt 0.671092 -0.705592
vt 0.689589 -0.705916
vt 0.698838 -0.705916
vt 0.708086 -0.705916
vt 0.698862 -0.723599
vt 0.306014 -0.351577
vt 0.944185 -0.589089
vt 0.967158 -0.149377
vt 0.985821 -0.149377
vt 0.957829 -0.135080
vt 0.995150 -0.135080
vt 0.985821 -0.120783
vt 0.967158 -0.120783
vt 0.717335 -0.660816
vt 0.726583 -0.660816
vt 0.717335 -0.638266
vt 0.726583 -0.638266
vt 0.680341 -0.660816
vt 0.671092 -0.638266
vt 0.671092 -0.660816
vt 0.680341 -0.638266
vt 0.689589 -0.660816
vt 0.689589 -0.638266
vt 0.698838 -0.660816
vt 0.698838 -0.638266
vt 0.708086 -0.660816
vt 0.305773 -0.368213
vt 0.708086 -0.638266
vt 0.726583 -0.683366
vt 0.717335 -0.683366
vt 0.671092 -0.683366
vt 0.680341 -0.683366
vt 0.689589 -0.683366
vt 0.698838 -0.683366
vt 0.406759 -0.289096
vt 0.387677 -0.282313
vt 0.374812 -0.281035
vt 0.387543 -0.277572
vt 0.374427 -0.277378
vt 0.397064 -0.285232
vt 0.358313 -0.282564
vt 0.355657 -0.276848
vt 0.341448 -0.284133
vt 0.337777 -0.277983
vt 0.332623 -0.293260
vt 0.325421 -0.289170
vt 0.327068 -0.303107
vt 0.148293 -0.595352
vt 0.148453 -0.778956
vt 0.708086 -0.683366
vt 0.415184 -0.299248
vt 0.726583 -0.705916
vt 0.326372 -0.313519
vt 0.332541 -0.322507
vt 0.425661 -0.316842
vt 0.426270 -0.330809
vt 0.432852 -0.334929
vt 0.383026 -0.329514
vt 0.118757 -0.581609
vt 0.841377 -0.191608
vt 0.891134 -0.174318
vt 0.891168 -0.191684
vt 0.689589 -0.705916
vt 0.680341 -0.705916
vt 0.392215 -0.090983
vt 0.141798 -0.582287
vt 0.844333 -0.860491
vt 0.851008 -0.860829
vt 0.842352 -0.860535
vt 0.838938 -0.860762
vt 0.837514 -0.872074
vt 0.698838 -0.705916
vt 0.872137 -0.066163
vt 0.708086 -0.705916
vt 0.717335 -0.705916
vt 0.698862 -0.723599
vt 0.671092 -0.705592
vt 0.967073 -0.149260
vt 0.985747 -0.149260
vt 0.957738 -0.135011
vt 0.995082 -0.135011
vt 0.985747 -0.120763
vt 0.967073 -0.120763
vt 0.726583 -0.660816
vt 0.717335 -0.638266
vt 0.717335 -0.660816
vt 0.726583 -0.638266
vt 0.671092 -0.660816
vt 0.680341 -0.660816
vt 0.671092 -0.638266
vt 0.680341 -0.638266
vt 0.689589 -0.660816
vt 0.689589 -0.638266
vt 0.698838 -0.660816
vt 0.698838 -0.638266
vt 0.708086 -0.660816
vt 0.708086 -0.638266
vt 0.717335 -0.683366
vt 0.726583 -0.683366
vt 0.671092 -0.683366
vt 0.680341 -0.683366
vt 0.689589 -0.683366
vt 0.698838 -0.683366
vt 0.708086 -0.683366
vt 0.726583 -0.705916
vt 0.717335 -0.705916
vt 0.680341 -0.705916
vt 0.671092 -0.705592
vt 0.893344 -0.276060
vt 0.917894 -0.276138
vt 0.893347 -0.222757
vt 0.689589 -0.705916
vt 0.309832 -0.266985
vt 0.745606 -0.332547
vt 0.826210 -0.233573
vt 0.851239 -0.263453
vt 0.937555 -0.222867
vt 0.698838 -0.705916
vt 0.882100 -0.069560
vt 0.708086 -0.705916
vt 0.698862 -0.723599
vt 0.607761 -0.861027
vt 0.636293 -0.861027
vt 0.636294 -0.928996
vt 0.675766 -0.882052
vt 0.607761 -0.928996
vt 0.974084 -0.222380
vt 0.972932 -0.187232
vt 0.935259 -0.062073
vt 0.966968 -0.054638
vt 0.273950 -0.401045
vt 0.268447 -0.414961
vt 0.266196 -0.390146
vt 0.971520 -0.053065
vt 0.929359 -0.064186
vt 0.905711 -0.061769
vt 0.896647 -0.065099
vt 0.985480 -0.149110
vt 0.966728 -0.149110
vt 0.957356 -0.135028
vt 0.994853 -0.135028
vt 0.985480 -0.120947
vt 0.966728 -0.120947
vt 0.680341 -0.660816
vt 0.671092 -0.638266
vt 0.680341 -0.638266
vt 0.889842 -0.854001
vt 0.889842 -0.847920
vt 0.689589 -0.638266
vt 0.698838 -0.660816
vt 0.072813 -0.863831
vt 0.073214 -0.805385
vt 0.052492 -0.781891
vt 0.040565 -0.795610
vt 0.069502 -0.793591
vt 0.698838 -0.638266
vt 0.726583 -0.683366
vt 0.717335 -0.683366
vt 0.671092 -0.683366
vt 0.671092 -0.660816
vt 0.708086 -0.683366
vt 0.879258 -0.879946
vt 0.879467 -0.878709
vt 0.873790 -0.879738
vt 0.868967 -0.875240
vt 0.865422 -0.878513
vt 0.856777 -0.867966
vt 0.857504 -0.871669
vt 0.864957 -0.866781
vt 0.869080 -0.858672
vt 0.858221 -0.863546
vt 0.879555 -0.856970
vt 0.867489 -0.857827
vt 0.860944 -0.859980
vt 0.872744 -0.856471
vt 0.878130 -0.856520
vt 0.852675 -0.863952
vt 0.860342 -0.876018
vt 0.831960 -0.223841
vt 0.836807 -0.165139
vt 0.942092 -0.282156
vt 0.979073 -0.283656
vt 0.885507 -0.273301
vt 0.827045 -0.197080
vt 0.855224 -0.139367
vt 0.899481 -0.123809
vt 0.935017 -0.114015
vt 0.971438 -0.114370
vt 0.851150 -0.255266
vt 0.726583 -0.705916
vt 0.717335 -0.705916
vt 0.969252 -0.880628
vt 0.969481 -0.880304
vt 0.963906 -0.880244
vt 0.956902 -0.878659
vt 0.958993 -0.876395
vt 0.950664 -0.873714
vt 0.949688 -0.868455
vt 0.956433 -0.868103
vt 0.958916 -0.859397
vt 0.950129 -0.863457
vt 0.956491 -0.856971
vt 0.969520 -0.857336
vt 0.963601 -0.855770
vt 0.968687 -0.855392
vt 0.942256 -0.869736
vt 0.722213 -0.831861
vt 0.722225 -0.819373
vt 0.720706 -0.730434
vt 0.722554 -0.726921
vt 0.721970 -0.818591
vt 0.738964 -0.722812
vt 0.738459 -0.836782
vt 0.721921 -0.721252
vt 0.720461 -0.719370
vt 0.738678 -0.716298
vt 0.720694 -0.723309
vt 0.721896 -0.831717
vt 0.722081 -0.837720
vt 0.739938 -0.842747
vt 0.678815 -0.740836
vt 0.682152 -0.744209
vt 0.685573 -0.750389
vt 0.682211 -0.818780
vt 0.682528 -0.819562
vt 0.682159 -0.753408
vt 0.682128 -0.744754
vt 0.682513 -0.829285
vt 0.682367 -0.835175
vt 0.682120 -0.829140
vt 0.651659 -0.757890
vt 0.654989 -0.761255
vt 0.643197 -0.782645
vt 0.631212 -0.804949
vt 0.658159 -0.767764
vt 0.631159 -0.805271
vt 0.629815 -0.819703
vt 0.658192 -0.768812
vt 0.643231 -0.783689
vt 0.654984 -0.761788
vt 0.627728 -0.839026
vt 0.627681 -0.844913
vt 0.627621 -0.839458
vt 0.629765 -0.818921
vt 0.619912 -0.819124
vt 0.617979 -0.840121
vt 0.941205 -0.890351
vt 0.967684 -0.890885
vt 0.985683 -0.149377
vt 0.967020 -0.149377
vt 0.957691 -0.135080
vt 0.995012 -0.135080
vt 0.967020 -0.120783
vt 0.985683 -0.120783
vt 0.680341 -0.660816
vt 0.671092 -0.660816
vt 0.671092 -0.638266
vt 0.680341 -0.638266
vt 0.689589 -0.660816
vt 0.689589 -0.638266
vt 0.698838 -0.660816
vt 0.698838 -0.638266
vt 0.708086 -0.660816
vt 0.708086 -0.638266
vt 0.726583 -0.683366
vt 0.717335 -0.683366
vt 0.680341 -0.683366
vt 0.671092 -0.683366
vt 0.689589 -0.683366
vt 0.698838 -0.683366
vt 0.013733 -0.109021
vt 0.822293 -0.925245
vt 0.819348 -0.905026
vt 0.822293 -0.907341
vt 0.708086 -0.683366
vt 0.073527 -0.914730
vt 0.013722 -0.176949
vt 0.726583 -0.705916
vt 0.073638 -0.914730
vt 0.213252 -0.406995
vt 0.218929 -0.405137
vt 0.873128 -0.891386
vt 0.856740 -0.891351
vt 0.871231 -0.891383
vt 0.972066 -0.890936
vt 0.854038 -0.891349
vt 0.198395 -0.390757
vt 0.689589 -0.705916
vt 0.680341 -0.705916
vt 0.163867 -0.914730
vt 0.698838 -0.705916
vt 0.708086 -0.705916
vt 0.717335 -0.705916
vt 0.698862 -0.723599
vt 0.671092 -0.705592
vt 0.966978 -0.149260
vt 0.985651 -0.120763
vt 0.966978 -0.120763
vt 0.717335 -0.638266
vt 0.726583 -0.660816
vt 0.717335 -0.660816
vt 0.726583 -0.638266
vt 0.671092 -0.638266
vt 0.671092 -0.660816
vt 0.680341 -0.638266
vt 0.689589 -0.638266
vt 0.698838 -0.660816
vt 0.698838 -0.638266
vt 0.708086 -0.660816
vt 0.708086 -0.638266
vt 0.726583 -0.683366
vt 0.717335 -0.683366
vt 0.680341 -0.683366
vt 0.671092 -0.683366
vt 0.607311 -0.928975
vt 0.698838 -0.683366
vt 0.708086 -0.683366
vt 0.726583 -0.705916
vt 0.717335 -0.705916
vt 0.680341 -0.705916
vt 0.671092 -0.705592
vt 0.854639 -0.708154
vt 0.984125 -0.584259
vt 0.979390 -0.586580
vt 0.946295 -0.751485
vt 0.983294 -0.754028
vt 0.897816 -0.740965
vt 0.847882 -0.673257
vt 0.112560 -0.594090
vt 0.112450 -0.773036
vt 0.979246 -0.276065
vt 0.985380 -0.276049
vt 0.841280 -0.174312
vt 0.841377 -0.191608
vt 0.917935 -0.222805
vt 0.985395 -0.222387
vt 0.926521 -0.222876
vt 0.926519 -0.276169
vt 0.993307 -0.222490
vt 0.993299 -0.276060
vt 0.182964 -0.378911
vt 0.173731 -0.373075
vt 0.183984 -0.368789
vt 0.893329 -0.187995
vt 0.893347 -0.222757
vt 0.993307 -0.222490
vt 0.993183 -0.186951
vt 0.985395 -0.222387
vt 0.675766 -0.907971
vt 0.980788 -0.310570
vt 0.980788 -0.330225
vt 0.982096 -0.444035
vt 0.975589 -0.861250
vt 0.981247 -0.860848
vt 0.984357 -0.861840
vt 0.808318 -0.941329
vt 0.799644 -0.941329
vt 0.800675 -0.992155
vt 0.603790 -0.944002
vt 0.596257 -0.944002
vt 0.754954 -0.961463
vt 0.013719 -0.078450
vt 0.013728 -0.087800
vt 0.819882 -0.992160
vt 0.819897 -0.941329
vt 0.736012 -0.329613
vt 0.066177 -0.696845
vt 0.059440 -0.773779
vt 0.065449 -0.774525
vt 0.763428 -0.914910
vt 0.750531 -0.914924
vt 0.789185 -0.904432
vt 0.013721 -0.199893
vt 0.775014 -0.877115
vt 0.225581 -0.401359
vt 0.244006 -0.387601
vt 0.244964 -0.356554
vt 0.228721 -0.370265
vt 0.732386 -0.303881
vt 0.210221 -0.358148
vt 0.177227 -0.403487
vt 0.182840 -0.398430
vt 0.182457 -0.388909
vt 0.182964 -0.365268
vt 0.192862 -0.356406
vt 0.192862 -0.324184
vt 0.172546 -0.383077
vt 0.175034 -0.339023
vt 0.180028 -0.349051
vt 0.181985 -0.328549
vt 0.182840 -0.398430
vt 0.177227 -0.403487
vt 0.689589 -0.705916
vt 0.742885 -0.941332
vt 0.743293 -0.927911
vt 0.754960 -0.941329
vt 0.750386 -0.941196
vt 0.749581 -0.961870
vt 0.741989 -0.961433
vt 0.005594 -0.399393
vt 0.046678 -0.407678
vt 0.979246 -0.276065
vt 0.969876 -0.269825
vt 0.974084 -0.222380
vt 0.985380 -0.276049
vt 0.842435 -0.191607
vt 0.892179 -0.191618
vt 0.892254 -0.174206
vt 0.842549 -0.174312
vt 0.893347 -0.222757
vt 0.917935 -0.222805
vt 0.917894 -0.276138
vt 0.893344 -0.276060
vt 0.985395 -0.222387
vt 0.944719 -0.269780
vt 0.926521 -0.222876
vt 0.937555 -0.222867
vt 0.926519 -0.276169
vt 0.993307 -0.222490
vt 0.993299 -0.276060
vt 0.967864 -0.222461
vt 0.944687 -0.222806
vt 0.917935 -0.222805
vt 0.893347 -0.222757
vt 0.893329 -0.187995
vt 0.926768 -0.187439
vt 0.992654 -0.187127
vt 0.993307 -0.222490
vt 0.985395 -0.222387
vt 0.973337 -0.187251
vt 0.974084 -0.222380
vt 0.967864 -0.222461
vt 0.944688 -0.187515
vt 0.944687 -0.222806
vt 0.937555 -0.222867
vt 0.926521 -0.222876
vt 0.166651 -0.383107
vt 0.167070 -0.395414
vt 0.174276 -0.392055
vt 0.160358 -0.382952
vt 0.218435 -0.405628
vt 0.182457 -0.388909
vt 0.198395 -0.390757
vt 0.244006 -0.387601
vt 0.216951 -0.354258
vt 0.227099 -0.335669
vt 0.244964 -0.356554
vt 0.232446 -0.363618
vt 0.698838 -0.705916
vt 0.708086 -0.705916
vt 0.182964 -0.365268
vt 0.192862 -0.324184
vt 0.172546 -0.383077
vt 0.173731 -0.373075
vt 0.170195 -0.368637
vt 0.180028 -0.349051
vt 0.175034 -0.339023
vt 0.181985 -0.328549
vt 0.698862 -0.723599
vt 0.684764 -0.866275
vt 0.699570 -0.875547
vt 0.699570 -0.894090
vt 0.714376 -0.903362
vt 0.714376 -0.921905
vt 0.714376 -0.866275
vt 0.714375 -0.847731
vt 0.684764 -0.903362
vt 0.743987 -0.866275
vt 0.729181 -0.894090
vt 0.743987 -0.903362
vt 0.729181 -0.875547
vt 0.081513 -0.923869
vt 0.044981 -0.918763
vt 0.037885 -0.925322
vt 0.641287 -0.721594
vt 0.579269 -0.741591
vt 0.641273 -0.741591
vt 0.579258 -0.761588
vt 0.641245 -0.761588
vt 0.579252 -0.661603
vt 0.641244 -0.641606
vt 0.579257 -0.641606
vt 0.641229 -0.661603
vt 0.579258 -0.681600
vt 0.641244 -0.681600
vt 0.579269 -0.701597
vt 0.641273 -0.701597
vt 0.579274 -0.721594
vt 0.074582 -0.918362
vt 0.074404 -0.918141
vt 0.073638 -0.914730
vt 0.984357 -0.987998
vt 0.990189 -0.990117
vt 0.985263 -0.986267
vt 0.024429 -0.990447
vt 0.020656 -0.934072
vt 0.016111 -0.990350
vt 0.277134 -0.330963
vt 0.281970 -0.342385
vt 0.276072 -0.340596
vt 0.718577 -0.344170
vt 0.721825 -0.362511
vt 0.712955 -0.344609
vt 0.984357 -0.861840
vt 0.985263 -0.863572
vt 0.990189 -0.859722
vt 0.143714 -0.925604
vt 0.147434 -0.922269
vt 0.143685 -0.922509
vt 0.147478 -0.926209
vt 0.994156 -0.859945
vt 0.147646 -0.937885
vt 0.143889 -0.937294
vt 0.147785 -0.983582
vt 0.097582 -0.918141
vt 0.143767 -0.918141
vt 0.096728 -0.914730
vt 0.143834 -0.931790
vt 0.147579 -0.931335
vt 0.147480 -0.918361
vt 0.073527 -0.914730
vt 0.163828 -0.922269
vt 0.163860 -0.926213
vt 0.163984 -0.937886
vt 0.163935 -0.931331
vt 0.143950 -0.934017
vt 0.143727 -0.923086
vt 0.163879 -0.923086
vt 0.164047 -0.934018
vt 0.164065 -0.983582
vt 0.164096 -0.990217
vt 0.164148 -0.990050
vt 0.144050 -0.986876
vt 0.144122 -0.990050
vt 0.143745 -0.918240
vt 0.143703 -0.914730
vt 0.163913 -0.918141
vt 0.163867 -0.918361
vt 0.163867 -0.914730
vt 0.984783 -0.889776
vt 0.996002 -0.897014
vt 0.995479 -0.891803
vt 0.997426 -0.924919
vt 0.271387 -0.990050
vt 0.823587 -0.924920
vt 0.830915 -0.924920
vt 0.827510 -0.888115
vt 0.038116 -0.914730
vt 0.036366 -0.918346
vt 0.044336 -0.914730
vt 0.063328 -0.914730
vt 0.064378 -0.918656
vt 0.893848 -0.841157
vt 0.889842 -0.841742
vt 0.924512 -0.808547
vt 0.295617 -0.375335
vt 0.298409 -0.371836
vt 0.298824 -0.374762
vt 0.296261 -0.369857
vt 0.297683 -0.375471
vt 0.299196 -0.379320
vt 0.301348 -0.378091
vt 0.286185 -0.391523
vt 0.290219 -0.369986
vt 0.295854 -0.406258
vt 0.289470 -0.409328
vt 0.295568 -0.398450
vt 0.293738 -0.409324
vt 0.295833 -0.411093
vt 0.293729 -0.412411
vt 0.826061 -0.852622
vt 0.824200 -0.871457
vt 0.831036 -0.853574
vt 0.294196 -0.425855
vt 0.297540 -0.426690
vt 0.286798 -0.426996
vt 0.289641 -0.425768
vt 0.283647 -0.334894
vt 0.301311 -0.332226
vt 0.298173 -0.341399
vt 0.304059 -0.337706
vt 0.296892 -0.348534
vt 0.287693 -0.343746
vt 0.097400 -0.934057
vt 0.092117 -0.923852
vt 0.087021 -0.934085
vt 0.089986 -0.923120
vt 0.097316 -0.934018
vt 0.016297 -0.934300
vt 0.019352 -0.919753
vt 0.025853 -0.923077
vt 0.029188 -0.934085
vt 0.097442 -0.923086
vt 0.271387 -0.934019
vt 0.271387 -0.923085
vt 0.008341 -0.914722
vt 0.007984 -0.938415
vt 0.317786 -0.330409
vt 0.337537 -0.333832
vt 0.318312 -0.332766
vt 0.319066 -0.336050
vt 0.305047 -0.326757
vt 0.317103 -0.326860
vt 0.096992 -0.990271
vt 0.086865 -0.990439
vt 0.096905 -0.990050
vt 0.998361 -0.862003
vt 0.994725 -0.879516
vt 0.996988 -0.879539
vt 0.998378 -0.876904
vt 0.889842 -0.847920
vt 0.275618 -0.355483
vt 0.267019 -0.359081
vt 0.275773 -0.388377
vt 0.279102 -0.366961
vt 0.279690 -0.390397
vt 0.913120 -0.837370
vt 0.921076 -0.842532
vt 0.921080 -0.842532
vt 0.970161 -0.849681
vt 0.970167 -0.849681
vt 0.970296 -0.838856
vt 0.970296 -0.828569
vt 0.970167 -0.817744
vt 0.921080 -0.824893
vt 0.607761 -0.928996
vt 0.636294 -0.928996
vt 0.607761 -0.935243
vt 0.647159 -0.935243
vt 0.675766 -0.907971
vt 0.675766 -0.882052
vt 0.636293 -0.861027
vt 0.647159 -0.854780
vt 0.266196 -0.390146
vt 0.273950 -0.401045
vt 0.921076 -0.824893
vt 0.913120 -0.830056
vt 0.970161 -0.817744
vt 0.607761 -0.854780
vt 0.607761 -0.861027
vt 0.266767 -0.359082
vt 0.276374 -0.360560
vt 0.266503 -0.366353
vt 0.275154 -0.380422
vt 0.266343 -0.385324
vt 0.276512 -0.326915
vt 0.266241 -0.336960
vt 0.326100 -0.326706
vt 0.432852 -0.334929
vt 0.498655 -0.340613
vt 0.383354 -0.336704
vt 0.311113 -0.407567
vt 0.312151 -0.411705
vt 0.332394 -0.407620
vt 0.336955 -0.412490
vt 0.382162 -0.407619
vt 0.382946 -0.412856
vt 0.499318 -0.407069
vt 0.499106 -0.412489
vt 0.309419 -0.374985
vt 0.337115 -0.367903
vt 0.337990 -0.374933
vt 0.308482 -0.372525
vt 0.382704 -0.369854
vt 0.382179 -0.374853
vt 0.499104 -0.372750
vt 0.499104 -0.375183
vt 0.305773 -0.368213
vt 0.383230 -0.382024
vt 0.337330 -0.382716
vt 0.310222 -0.380272
vt 0.310774 -0.404750
vt 0.831942 -0.852367
vt 0.308721 -0.395066
vt 0.307883 -0.384754
vt 0.298417 -0.381821
vt 0.286152 -0.367394
vt 0.306014 -0.351577
vt 0.305679 -0.361273
vt 0.828025 -0.871227
vt 0.338185 -0.330226
vt 0.332541 -0.322507
vt 0.383026 -0.329514
vt 0.383056 -0.332719
vt 0.426270 -0.330809
vt 37.347500 -22.246399
vt 36.690498 -22.289200
vt 37.969200 -22.246399
vt 0.332670 -0.393462
vt 0.311938 -0.390220
vt 0.336960 -0.427417
vt 0.311273 -0.400419
vt 0.331305 -0.400783
vt 0.316079 -0.348029
vt 0.310994 -0.353305
vt 0.309605 -0.342491
vt 0.336073 -0.362772
vt 0.336192 -0.345778
vt 0.382710 -0.340167
vt 0.382904 -0.346654
vt 0.338296 -0.340573
vt 0.499103 -0.346436
vt 0.498891 -0.353289
vt 0.499104 -0.364225
vt 0.382985 -0.363528
vt 0.309090 -0.363334
vt 0.338679 -0.336063
vt 0.499317 -0.383132
vt 0.029602 -0.990440
vt 0.499318 -0.396644
vt 0.383024 -0.400491
vt 0.383066 -0.389479
vt 0.499105 -0.389854
vt 0.462335 -0.332608
vt 0.499103 -0.332577
vt 0.986130 -0.924919
vt 0.199575 -0.918141
vt 0.913120 -0.837370
vt 0.921079 -0.842532
vt 0.921076 -0.842532
vt 0.970161 -0.849681
vt 0.970167 -0.849681
vt 0.970296 -0.838857
vt 0.970167 -0.817744
vt 0.970296 -0.828569
vt 0.921079 -0.824893
vt 0.607311 -0.935223
vt 0.635843 -0.928975
vt 0.607311 -0.928975
vt 0.646709 -0.935223
vt 0.675316 -0.907951
vt 0.635843 -0.861007
vt 0.675316 -0.882031
vt 0.646709 -0.854760
vt 0.913120 -0.830056
vt 0.921076 -0.824893
vt 0.970161 -0.817744
vt 0.607311 -0.854760
vt 0.607311 -0.861007
vt 0.199566 -0.914730
vt 0.271387 -0.918141
vt 0.271387 -0.914730
vt 0.206913 -0.313991
vt 0.218492 -0.307847
vt 0.218492 -0.313835
vt 0.207006 -0.307692
vt 0.229988 -0.313716
vt 0.241556 -0.307847
vt 0.241556 -0.313835
vt 0.253088 -0.307847
vt 0.253088 -0.313835
vt 0.287685 -0.307847
vt 0.287685 -0.313835
vt 0.299217 -0.307847
vt 0.299217 -0.313835
vt 0.218492 -0.298911
vt 0.206960 -0.298911
vt 0.230024 -0.298911
vt 0.241556 -0.298911
vt 0.253088 -0.298911
vt 0.287685 -0.298911
vt 0.299217 -0.298911
vt 0.218492 -0.236724
vt 0.206960 -0.236724
vt 0.230024 -0.236724
vt 0.241556 -0.236724
vt 0.253088 -0.236724
vt 0.287857 -0.235568
vt 0.299217 -0.236724
vt 0.218492 -0.136415
vt 0.206960 -0.136415
vt 0.230024 -0.136415
vt 0.241556 -0.136415
vt 0.253088 -0.136415
vt 0.264621 -0.136415
vt 0.276153 -0.136415
vt 0.287685 -0.136415
vt 0.299217 -0.136415
vt 0.218492 -0.102516
vt 0.206960 -0.102516
vt 0.230024 -0.102516
vt 0.241556 -0.102516
vt 0.253088 -0.102516
vt 0.264621 -0.102516
vt 0.276153 -0.102516
vt 0.287685 -0.102516
vt 0.299217 -0.102516
vt 0.218492 -0.091423
vt 0.206960 -0.091423
vt 0.230024 -0.091423
vt 0.241556 -0.091423
vt 0.253088 -0.091423
vt 0.264621 -0.091423
vt 0.276153 -0.091423
vt 0.287685 -0.091423
vt 0.299217 -0.091423
vt 0.218492 -0.004770
vt 0.206960 -0.004770
vt 0.230024 -0.004770
vt 0.241556 -0.004770
vt 0.253088 -0.004770
vt 0.264621 -0.004770
vt 0.276153 -0.004770
vt 0.287685 -0.004770
vt 0.299217 -0.004770
vt 0.206913 -0.313991
vt 0.206913 -0.313991
vt 0.206913 -0.313991
vt 0.206913 -0.313991
vt 0.206913 -0.313991
vt 0.936126 -0.127614
vt 0.921447 -0.137097
vt 0.932311 -0.149538
vt 0.218492 -0.307847
vt 0.218492 -0.313835
vt 0.206960 -0.313835
vt 0.206960 -0.307847
vt 0.230024 -0.313899
vt 0.241556 -0.307847
vt 0.241556 -0.313835
vt 0.253088 -0.307847
vt 0.253088 -0.313835
vt 0.276146 -0.307847
vt 0.276248 -0.313835
vt 0.299217 -0.307847
vt 0.299217 -0.313835
vt 0.218492 -0.298911
vt 0.206960 -0.298911
vt 0.230024 -0.298911
vt 0.241556 -0.298911
vt 0.253088 -0.298911
vt 0.276146 -0.298569
vt 0.299217 -0.298911
vt 0.218492 -0.236724
vt 0.206960 -0.236724
vt 0.230024 -0.236724
vt 0.241556 -0.236724
vt 0.253088 -0.236724
vt 0.276146 -0.236724
vt 0.299217 -0.236724
vt 0.218492 -0.136415
vt 0.206960 -0.136415
vt 0.230024 -0.136415
vt 0.241556 -0.136415
vt 0.253088 -0.136415
vt 0.264621 -0.136415
vt 0.276153 -0.136415
vt 0.287685 -0.136415
vt 0.299217 -0.136415
vt 0.218492 -0.102516
vt 0.206960 -0.102516
vt 0.230024 -0.102516
vt 0.241556 -0.102516
vt 0.253088 -0.102516
vt 0.264621 -0.102516
vt 0.276153 -0.102516
vt 0.287685 -0.102516
vt 0.299217 -0.102516
vt 0.218492 -0.091423
vt 0.206960 -0.091423
vt 0.230024 -0.091423
vt 0.241556 -0.091423
vt 0.253088 -0.091423
vt 0.264621 -0.091423
vt 0.276153 -0.091423
vt 0.287685 -0.091423
vt 0.299217 -0.091423
vt 0.218492 -0.004770
vt 0.206960 -0.004770
vt 0.230024 -0.004770
vt 0.241556 -0.004770
vt 0.253088 -0.004770
vt 0.264621 -0.004770
vt 0.276153 -0.004770
vt 0.287685 -0.004770
vt 0.299217 -0.004770
vt 0.206960 -0.313835
vt 0.206960 -0.313835
vt 0.206960 -0.313835
vt 0.206960 -0.313835
vt 0.206960 -0.313835
vt 0.932302 -0.149521
vt 0.935614 -0.127639
vt 0.921445 -0.137073
vt 0.947386 -0.139576
vt 0.218492 -0.307847
vt 0.218492 -0.313835
vt 0.206960 -0.313835
vt 0.206960 -0.307847
vt 0.230024 -0.313663
vt 0.241556 -0.307847
vt 0.241556 -0.313835
vt 0.253088 -0.307847
vt 0.253088 -0.313835
vt 0.276146 -0.307163
vt 0.276146 -0.313151
vt 0.299217 -0.307847
vt 0.299217 -0.313835
vt 0.218492 -0.298911
vt 0.206960 -0.298911
vt 0.230024 -0.298911
vt 0.241556 -0.298911
vt 0.253088 -0.298911
vt 0.276146 -0.298911
vt 0.299217 -0.298911
vt 0.218492 -0.236724
vt 0.206960 -0.236724
vt 0.230024 -0.236724
vt 0.241556 -0.236724
vt 0.253088 -0.236724
vt 0.276123 -0.234990
vt 0.299217 -0.236724
vt 0.218492 -0.136415
vt 0.206960 -0.136415
vt 0.230024 -0.136415
vt 0.241556 -0.136415
vt 0.253088 -0.136415
vt 0.264621 -0.136415
vt 0.276153 -0.136415
vt 0.287685 -0.136415
vt 0.299217 -0.136415
vt 0.218492 -0.102516
vt 0.206960 -0.102516
vt 0.230024 -0.102516
vt 0.241556 -0.102516
vt 0.253088 -0.102516
vt 0.264621 -0.102516
vt 0.276153 -0.102516
vt 0.287685 -0.102516
vt 0.299217 -0.102516
vt 0.218492 -0.091423
vt 0.206960 -0.091423
vt 0.230024 -0.091423
vt 0.241556 -0.091423
vt 0.253088 -0.091423
vt 0.264621 -0.091423
vt 0.276153 -0.091423
vt 0.287685 -0.091423
vt 0.299217 -0.091423
vt 0.218492 -0.004770
vt 0.206960 -0.004770
vt 0.230024 -0.004770
vt 0.241556 -0.004770
vt 0.253088 -0.004770
vt 0.264621 -0.004770
vt 0.276153 -0.004770
vt 0.287685 -0.004770
vt 0.299217 -0.004770
vt 0.206960 -0.313835
vt 0.206960 -0.313835
vt 0.206960 -0.313835
vt 0.206960 -0.313835
vt 0.206960 -0.313835
vt 0.932287 -0.149543
vt 0.935450 -0.128058
vt 0.921452 -0.137115
vt 0.946834 -0.139183
vt 0.924170 -0.128205
vt 0.936268 -0.121111
vt 0.921664 -0.124713
vt 0.935822 -0.124542
vt 0.914378 -0.135912
vt 0.918509 -0.136274
vt 0.918677 -0.148148
vt 0.921925 -0.145996
vt 0.932171 -0.150756
vt 0.932044 -0.154253
vt 0.944020 -0.147978
vt 0.946648 -0.150651
vt 0.949803 -0.139090
vt 0.953934 -0.139452
vt 0.949635 -0.127216
vt 0.946387 -0.129367
vt 0.936417 -0.121259
vt 0.921735 -0.124823
vt 0.924166 -0.128190
vt 0.935988 -0.124809
vt 0.918589 -0.136300
vt 0.914409 -0.135906
vt 0.918732 -0.148014
vt 0.921951 -0.145719
vt 0.932150 -0.150755
vt 0.932170 -0.154055
vt 0.944277 -0.147670
vt 0.946852 -0.150491
vt 0.949999 -0.139014
vt 0.954178 -0.139408
vt 0.946636 -0.129596
vt 0.949856 -0.127300
vt 0.936091 -0.121329
vt 0.921382 -0.124838
vt 0.924178 -0.128203
vt 0.935645 -0.125467
vt 0.918987 -0.136246
vt 0.914338 -0.135751
vt 0.918374 -0.147674
vt 0.921918 -0.144906
vt 0.932281 -0.149485
vt 0.931836 -0.153623
vt 0.946544 -0.150113
vt 0.943792 -0.146738
vt 0.953882 -0.139201
vt 0.949193 -0.138707
vt 0.946055 -0.130067
vt 0.949553 -0.127277
vt 0.947873 -0.139838
vt 0.985807 -0.039546
vt 0.971843 -0.049626
vt 0.971775 -0.039694
vt 0.971767 -0.029012
vt 0.971775 -0.010945
vt 0.985807 -0.010755
vt 0.971767 -0.019263
vt 0.884485 -0.050709
vt 0.884594 -0.041302
vt 0.884564 -0.029667
vt 0.884594 -0.011699
vt 0.884564 -0.018609
vt 0.861578 -0.050691
vt 0.871734 -0.041337
vt 0.871770 -0.030571
vt 0.871811 -0.011664
vt 0.871821 -0.018379
vt 0.860726 -0.002404
vt 0.971776 -0.002752
vt 0.884595 -0.002483
vt 0.971775 -0.039694
vt 0.985807 -0.039546
vt 0.971843 -0.049626
vt 0.971767 -0.029012
vt 0.971767 -0.019263
vt 0.971775 -0.010945
vt 0.985807 -0.010755
vt 0.884485 -0.050709
vt 0.884594 -0.041302
vt 0.884564 -0.029667
vt 0.884594 -0.011699
vt 0.884564 -0.018609
vt 0.871734 -0.041337
vt 0.861578 -0.050691
vt 0.871770 -0.030571
vt 0.871811 -0.011664
vt 0.871821 -0.018379
vt 0.860726 -0.002404
vt 0.971776 -0.002752
vt 0.884595 -0.002483
vt 0.699570 -0.875547
vt 0.699570 -0.894090
vt 0.714376 -0.903362
vt 0.729181 -0.875547
vt 0.714376 -0.866275
vt 0.729181 -0.894090
vt 0.714376 -0.921905
vt 0.684764 -0.903362
vt 0.684764 -0.866275
vt 0.714375 -0.847731
vt 0.743987 -0.866275
vt 0.743987 -0.903362
vt 0.579274 -0.721594
vt 0.641287 -0.721594
vt 0.579269 -0.741591
vt 0.641273 -0.741591
vt 0.579258 -0.761588
vt 0.641245 -0.761588
vt 0.579257 -0.641606
vt 0.641244 -0.641606
vt 0.579252 -0.661603
vt 0.641229 -0.661603
vt 0.579258 -0.681600
vt 0.641244 -0.681600
vt 0.579269 -0.701597
vt 0.641273 -0.701597
vt 0.218492 -0.313835
vt 0.218492 -0.307847
vt 0.206913 -0.313991
vt 0.207006 -0.307692
vt 0.229988 -0.313716
vt 0.241556 -0.313835
vt 0.241556 -0.307847
vt 0.253088 -0.307847
vt 0.253088 -0.313835
vt 0.287685 -0.307847
vt 0.287685 -0.313835
vt 0.299217 -0.313835
vt 0.299217 -0.307847
vt 0.218492 -0.298911
vt 0.206960 -0.298911
vt 0.230024 -0.298911
vt 0.241556 -0.298911
vt 0.253088 -0.298911
vt 0.287685 -0.298911
vt 0.299217 -0.298911
vt 0.218492 -0.236724
vt 0.206960 -0.236724
vt 0.230024 -0.236724
vt 0.241556 -0.236724
vt 0.253088 -0.236724
vt 0.287857 -0.235568
vt 0.299217 -0.236724
vt 0.218492 -0.136415
vt 0.206960 -0.136415
vt 0.230024 -0.136415
vt 0.241556 -0.136415
vt 0.253088 -0.136415
vt 0.264621 -0.136415
vt 0.276153 -0.136415
vt 0.287685 -0.136415
vt 0.299217 -0.136415
vt 0.218492 -0.102516
vt 0.206960 -0.102516
vt 0.230024 -0.102516
vt 0.241556 -0.102516
vt 0.253088 -0.102516
vt 0.264621 -0.102516
vt 0.276153 -0.102516
vt 0.287685 -0.102516
vt 0.299217 -0.102516
vt 0.218492 -0.091423
vt 0.206960 -0.091423
vt 0.230024 -0.091423
vt 0.241556 -0.091423
vt 0.253088 -0.091423
vt 0.264621 -0.091423
vt 0.276153 -0.091423
vt 0.287685 -0.091423
vt 0.299217 -0.091423
vt 0.218492 -0.004770
vt 0.206960 -0.004770
vt 0.230024 -0.004770
vt 0.241556 -0.004770
vt 0.253088 -0.004770
vt 0.264621 -0.004770
vt 0.276153 -0.004770
vt 0.287685 -0.004770
vt 0.299217 -0.004770
vt 0.206913 -0.313991
vt 0.206913 -0.313991
vt 0.206913 -0.313991
vt 0.206913 -0.313991
vt 0.206913 -0.313991
vt 0.936067 -0.127521
vt 0.932253 -0.149445
vt 0.921388 -0.137004
vt 0.218492 -0.307847
vt 0.206960 -0.313835
vt 0.218492 -0.313835
vt 0.206960 -0.307847
vt 0.230024 -0.313899
vt 0.241556 -0.307847
vt 0.241556 -0.313835
vt 0.253088 -0.313835
vt 0.253088 -0.307847
vt 0.276146 -0.307847
vt 0.276248 -0.313835
vt 0.299217 -0.313835
vt 0.299217 -0.307847
vt 0.218492 -0.298911
vt 0.206960 -0.298911
vt 0.230024 -0.298911
vt 0.241556 -0.298911
vt 0.253088 -0.298911
vt 0.276146 -0.298569
vt 0.299217 -0.298911
vt 0.218492 -0.236724
vt 0.206960 -0.236724
vt 0.230024 -0.236724
vt 0.241556 -0.236724
vt 0.253088 -0.236724
vt 0.276146 -0.236724
vt 0.299217 -0.236724
vt 0.218492 -0.136415
vt 0.206960 -0.136415
vt 0.230024 -0.136415
vt 0.241556 -0.136415
vt 0.253088 -0.136415
vt 0.264621 -0.136415
vt 0.276153 -0.136415
vt 0.287685 -0.136415
vt 0.299217 -0.136415
vt 0.218492 -0.102516
vt 0.206960 -0.102516
vt 0.230024 -0.102516
vt 0.241556 -0.102516
vt 0.253088 -0.102516
vt 0.264621 -0.102516
vt 0.276153 -0.102516
vt 0.287685 -0.102516
vt 0.299217 -0.102516
vt 0.218492 -0.091423
vt 0.206960 -0.091423
vt 0.230024 -0.091423
vt 0.241556 -0.091423
vt 0.253088 -0.091423
vt 0.264621 -0.091423
vt 0.276153 -0.091423
vt 0.287685 -0.091423
vt 0.299217 -0.091423
vt 0.218492 -0.004770
vt 0.206960 -0.004770
vt 0.230024 -0.004770
vt 0.241556 -0.004770
vt 0.253088 -0.004770
vt 0.264621 -0.004770
vt 0.276153 -0.004770
vt 0.287685 -0.004770
vt 0.299217 -0.004770
vt 0.206960 -0.313835
vt 0.206960 -0.313835
vt 0.206960 -0.313835
vt 0.206960 -0.313835
vt 0.206960 -0.313835
vt 0.935555 -0.127543
vt 0.932243 -0.149424
vt 0.921386 -0.136976
vt 0.947327 -0.139479
vt 0.218492 -0.313835
vt 0.218492 -0.307847
vt 0.206960 -0.313835
vt 0.206960 -0.307847
vt 0.230024 -0.313663
vt 0.241556 -0.307847
vt 0.241556 -0.313835
vt 0.253088 -0.313835
vt 0.253088 -0.307847
vt 0.276146 -0.307163
vt 0.276146 -0.313151
vt 0.299217 -0.307847
vt 0.299217 -0.313835
vt 0.218492 -0.298911
vt 0.206960 -0.298911
vt 0.230024 -0.298911
vt 0.241556 -0.298911
vt 0.253088 -0.298911
vt 0.276146 -0.298911
vt 0.299217 -0.298911
vt 0.218492 -0.236724
vt 0.206960 -0.236724
vt 0.230024 -0.236724
vt 0.241556 -0.236724
vt 0.253088 -0.236724
vt 0.276123 -0.234990
vt 0.299217 -0.236724
vt 0.218492 -0.136415
vt 0.206960 -0.136415
vt 0.230024 -0.136415
vt 0.241556 -0.136415
vt 0.253088 -0.136415
vt 0.264621 -0.136415
vt 0.276153 -0.136415
vt 0.287685 -0.136415
vt 0.299217 -0.136415
vt 0.218492 -0.102516
vt 0.206960 -0.102516
vt 0.230024 -0.102516
vt 0.241556 -0.102516
vt 0.253088 -0.102516
vt 0.264621 -0.102516
vt 0.276153 -0.102516
vt 0.287685 -0.102516
vt 0.299217 -0.102516
vt 0.218492 -0.091423
vt 0.206960 -0.091423
vt 0.230024 -0.091423
vt 0.241556 -0.091423
vt 0.253088 -0.091423
vt 0.264621 -0.091423
vt 0.276153 -0.091423
vt 0.287685 -0.091423
vt 0.299217 -0.091423
vt 0.218492 -0.004770
vt 0.206960 -0.004770
vt 0.230024 -0.004770
vt 0.241556 -0.004770
vt 0.253088 -0.004770
vt 0.264621 -0.004770
vt 0.276153 -0.004770
vt 0.287685 -0.004770
vt 0.299217 -0.004770
vt 0.206960 -0.313835
vt 0.206960 -0.313835
vt 0.206960 -0.313835
vt 0.206960 -0.313835
vt 0.206960 -0.313835
vt 0.921387 -0.137001
vt 0.935385 -0.127944
vt 0.932222 -0.149429
vt 0.946768 -0.139069
vt 0.921606 -0.124620
vt 0.936210 -0.121018
vt 0.924111 -0.128111
vt 0.935763 -0.124449
vt 0.918451 -0.136181
vt 0.914319 -0.135819
vt 0.918618 -0.148055
vt 0.921867 -0.145903
vt 0.931985 -0.154160
vt 0.932113 -0.150663
vt 0.943961 -0.147885
vt 0.946589 -0.150558
vt 0.949744 -0.138997
vt 0.953876 -0.139359
vt 0.949576 -0.127123
vt 0.946328 -0.129275
vt 0.936359 -0.121162
vt 0.924107 -0.128093
vt 0.921676 -0.124727
vt 0.935930 -0.124712
vt 0.918530 -0.136203
vt 0.914351 -0.135809
vt 0.921892 -0.145622
vt 0.918673 -0.147917
vt 0.932091 -0.150658
vt 0.932111 -0.153958
vt 0.944218 -0.147573
vt 0.946793 -0.150394
vt 0.949940 -0.138917
vt 0.954119 -0.139312
vt 0.949797 -0.127203
vt 0.946578 -0.129499
vt 0.936025 -0.121215
vt 0.924113 -0.128089
vt 0.921317 -0.124725
vt 0.935580 -0.125353
vt 0.918921 -0.136132
vt 0.914273 -0.135638
vt 0.918308 -0.147561
vt 0.921853 -0.144792
vt 0.931770 -0.153509
vt 0.932216 -0.149372
vt 0.946479 -0.150000
vt 0.943726 -0.146624
vt 0.953817 -0.139087
vt 0.949127 -0.138593
vt 0.945990 -0.129953
vt 0.949487 -0.127164
vt 0.947815 -0.139745
vt 0.156119 -0.216167
vt 0.095193 -0.216167
vt 0.147956 -0.261566
vt 0.095192 -0.306965
vt 0.042429 -0.261566
vt 0.034267 -0.216167
vt 0.175665 -0.216167
vt 0.175665 -0.321011
vt 0.188114 -0.216168
vt 0.164883 -0.306965
vt 0.141653 -0.397762
vt 0.107595 -0.390263
vt 0.107595 -0.418356
vt 0.082790 -0.390263
vt 0.048732 -0.397762
vt 0.082790 -0.418356
vt 0.025502 -0.306964
vt 0.014720 -0.321011
vt 0.002272 -0.216167
vt 0.014721 -0.216167
vt 0.053292 -0.300769
vt 0.048132 -0.300769
vt 0.095192 -0.300769
vt 0.142253 -0.300769
vt 0.137093 -0.300769
vt 0.095192 -0.300769
vt 0.062733 -0.300769
vt 0.127652 -0.300769
vt 0.156119 -0.216167
vt 0.095193 -0.216167
vt 0.095193 -0.216167
vt 0.151223 -0.216167
vt 0.034267 -0.216167
vt 0.039162 -0.216167
vt 0.014721 -0.216167
vt 0.022867 -0.216167
vt 0.002272 -0.216167
vt 0.013959 -0.216167
vt 0.188114 -0.216168
vt 0.175665 -0.216167
vt 0.167519 -0.216167
vt 0.176427 -0.216167
vt 0.712830 -0.389194
vt 0.720285 -0.369806
vt 0.718386 -0.396316
vt 0.719093 -0.425049
vt 0.835566 -0.993535
vt 0.837514 -0.977766
vt 0.827101 -0.977918
vt 0.838954 -0.993494
vt 0.839938 -0.989459
vt 0.729291 -0.397964
vt 0.729764 -0.415551
vt 0.723436 -0.411262
vt 0.831648 -0.993181
vt 0.840397 -0.994856
vt 0.723038 -0.390926
vt 0.724764 -0.380980
vt 0.728891 -0.391154
vt 0.729556 -0.380695
vt 0.729192 -0.370153
vt 0.721745 -0.424709
vt 0.841458 -0.994857
vt 0.841045 -0.989496
vt 0.729681 -0.422866
vt 0.280560 -0.427150
vt 0.837514 -0.872074
vt 0.833879 -0.853741
vt 0.837306 -0.853743
vt 0.838938 -0.860762
vt 0.268447 -0.414961
vt 0.273283 -0.414061
vt 0.834000 -0.852367
vt 0.839748 -0.852456
vt 0.276643 -0.426405
vt 0.841810 -0.852532
vt 0.842352 -0.860535
vt 0.268844 -0.426830
vt 0.386673 -0.427492
vt 0.499106 -0.427490
vt 0.304999 -0.326801
vt 0.008091 -0.989757
vt 0.395340 -0.922269
vt 0.399061 -0.925604
vt 0.399090 -0.922509
vt 0.395296 -0.926209
vt 0.398886 -0.937294
vt 0.395196 -0.931335
vt 0.395129 -0.937885
vt 0.398941 -0.931790
vt 0.394990 -0.983582
vt 0.378678 -0.990217
vt 0.398724 -0.986876
vt 0.399029 -0.918240
vt 0.395295 -0.918361
vt 0.399071 -0.914730
vt 0.378946 -0.922269
vt 0.378915 -0.926213
vt 0.378791 -0.937886
vt 0.378840 -0.931331
vt 0.398824 -0.934017
vt 0.399047 -0.923086
vt 0.378895 -0.923086
vt 0.378728 -0.934018
vt 0.378709 -0.983582
vt 0.378627 -0.990050
vt 0.398653 -0.990050
vt 0.399007 -0.918141
vt 0.378908 -0.918361
vt 0.378862 -0.918141
vt 0.378908 -0.914730
vt 0.984783 -0.960062
vt 0.995479 -0.958036
vt 0.996002 -0.952825
vt 0.827510 -0.961725
vt 0.498438 -0.914730
vt 0.502966 -0.918120
vt 0.501216 -0.914505
vt 0.497793 -0.918763
vt 0.446046 -0.914730
vt 0.479446 -0.914730
vt 0.478396 -0.918656
vt 0.889875 -0.841819
vt 0.893883 -0.841233
vt 0.924557 -0.808620
vt 0.703619 -0.372105
vt 0.707607 -0.371793
vt 0.706917 -0.375912
vt 0.707613 -0.367233
vt 0.704781 -0.376741
vt 0.706184 -0.380627
vt 0.705069 -0.379548
vt 0.710329 -0.368400
vt 0.712830 -0.389194
vt 0.710681 -0.409691
vt 0.706892 -0.408972
vt 0.708700 -0.398454
vt 0.707441 -0.413986
vt 0.701326 -0.416041
vt 0.707455 -0.420915
vt 0.828412 -0.995146
vt 0.831113 -0.995084
vt 0.699613 -0.425652
vt 0.708776 -0.426173
vt 0.716330 -0.424561
vt 0.712173 -0.425446
vt 0.699131 -0.332596
vt 0.711250 -0.337259
vt 0.705374 -0.338518
vt 0.694878 -0.339097
vt 0.706181 -0.345167
vt 0.445374 -0.934057
vt 0.455753 -0.934085
vt 0.461261 -0.923869
vt 0.450657 -0.923852
vt 0.445458 -0.934018
vt 0.452788 -0.923120
vt 0.515733 -0.933847
vt 0.519553 -0.933782
vt 0.513017 -0.920991
vt 0.510516 -0.923640
vt 0.347985 -0.914730
vt 0.347963 -0.918141
vt 0.502700 -0.924888
vt 0.510143 -0.933860
vt 0.445332 -0.923086
vt 0.523100 -0.933422
vt 0.512705 -0.914339
vt 0.680034 -0.330149
vt 0.680426 -0.332865
vt 0.659864 -0.331823
vt 0.682206 -0.336391
vt 0.686424 -0.320080
vt 0.687836 -0.329599
vt 0.468192 -0.918362
vt 0.469136 -0.914730
vt 0.455909 -0.990439
vt 0.445782 -0.990271
vt 0.468370 -0.918141
vt 0.469248 -0.914730
vt 0.445869 -0.990050
vt 0.994156 -0.989893
vt 0.998361 -0.987835
vt 0.994725 -0.970322
vt 0.996988 -0.970300
vt 0.998378 -0.972935
vt 0.889875 -0.847997
vt 0.512488 -0.989702
vt 0.518496 -0.989833
vt 0.722412 -0.334854
vt 0.721976 -0.347243
vt 0.722313 -0.356826
vt 0.729064 -0.356205
vt 0.729412 -0.362798
vt 0.729192 -0.370153
vt 0.720285 -0.369806
vt 0.730060 -0.327747
vt 0.729411 -0.348380
vt 0.670150 -0.326009
vt 0.562042 -0.335066
vt 0.615646 -0.337497
vt 0.689667 -0.408354
vt 0.690163 -0.414357
vt 0.660971 -0.407617
vt 0.661256 -0.412487
vt 0.616049 -0.407617
vt 0.616329 -0.412488
vt 0.687086 -0.374983
vt 0.660218 -0.374931
vt 0.660028 -0.369733
vt 0.689726 -0.372523
vt 0.615930 -0.372417
vt 0.616029 -0.374851
vt 0.689916 -0.372385
vt 0.616044 -0.380191
vt 0.660759 -0.380251
vt 0.686795 -0.380372
vt 0.690408 -0.404329
vt 0.833590 -0.994870
vt 0.692045 -0.395415
vt 0.689704 -0.384639
vt 0.708301 -0.386865
vt 0.713915 -0.368748
vt 0.694329 -0.364605
vt 0.701811 -0.342485
vt 0.835648 -0.994870
vt 0.615319 -0.322884
vt 0.665191 -0.322804
vt 0.662753 -0.326690
vt 0.615313 -0.332576
vt 0.571270 -0.327934
vt 0.683012 -0.395686
vt 0.664091 -0.391801
vt 0.661252 -0.427415
vt 0.685476 -0.401691
vt 0.663293 -0.400950
vt 0.689904 -0.372643
vt 0.693943 -0.347924
vt 0.682430 -0.347926
vt 0.682306 -0.340690
vt 0.670437 -0.363136
vt 0.615708 -0.340348
vt 0.661734 -0.348377
vt 0.615089 -0.352880
vt 0.659910 -0.340571
vt 0.615649 -0.363893
vt 0.659071 -0.335965
vt 0.509729 -0.990214
vt 0.614973 -0.399757
vt 0.616420 -0.391492
vt 0.536935 -0.329860
vt 0.445192 -0.918141
vt 0.614307 -0.427490
vt 0.704489 -0.329094
vt 0.523713 -0.989878
vt 0.719093 -0.425049
vt 0.028772 -0.786975
vt 0.019791 -0.797001
vt 0.019322 -0.796976
vt -0.001137 -0.800340
vt 0.005353 -0.788830
vt 0.003513 -0.787475
vt 0.001502 -0.800266
vt 0.005353 -0.788830
vt 0.007279 -0.790084
vt 0.001502 -0.800266
vt 0.003572 -0.800340
vt 0.007279 -0.790084
vt 0.003572 -0.800340
vt 0.016329 -0.782930
vt 0.015291 -0.780630
vt 0.016329 -0.782930
vt 0.016666 -0.784627
vt 0.016666 -0.784627
vt 0.028685 -0.783007
vt 0.027871 -0.784751
vt 0.027871 -0.784751
vt 0.027341 -0.786522
vt 0.027341 -0.786522
vt 0.035560 -0.794292
vt 0.037427 -0.793494
vt 0.035560 -0.794292
vt 0.034309 -0.794883
vt 0.034309 -0.794883
vt 0.035705 -0.806535
vt 0.037427 -0.807185
vt 0.035705 -0.806535
vt 0.034309 -0.805797
vt 0.034309 -0.805797
vt 0.028686 -0.817672
vt 0.027871 -0.815633
vt 0.027871 -0.815633
vt 0.027342 -0.814157
vt 0.027342 -0.814157
vt 0.015292 -0.820050
vt 0.016113 -0.817603
vt 0.016113 -0.817603
vt 0.016667 -0.816053
vt 0.016667 -0.816053
vt 0.003514 -0.813205
vt 0.005426 -0.811777
vt 0.005426 -0.811777
vt 0.007279 -0.810596
vt 0.007279 -0.810596
vt 0.034213 -0.791884
vt 0.021709 -0.800532
vt 0.022180 -0.800558
vt 0.033726 -0.791876
vt 0.021709 -0.800532
vt 0.029259 -0.786982
vt 0.028915 -0.813848
vt 0.019068 -0.803921
vt 0.019548 -0.803913
vt 0.028439 -0.813841
vt 0.021709 -0.800532
vt 0.033134 -0.808919
vt 0.021709 -0.800532
vt 0.033615 -0.808927
vt 0.015599 -0.802441
vt 0.003042 -0.803550
vt 0.003523 -0.803539
vt 0.015120 -0.802449
vt 0.003058 -0.796948
vt 0.015141 -0.798150
vt 0.003540 -0.796937
vt 0.015609 -0.798176
vt 0.005058 -0.825459
vt 0.023402 -0.913200
vt 0.005177 -0.913215
vt 0.023348 -0.825440
vt 0.005060 -0.825459
vt 0.005179 -0.913215
vt 0.005058 -0.825459
vt 0.023359 -0.825439
vt 0.023412 -0.913199
vt 0.005060 -0.825459
vt 0.034595 -0.825427
vt 0.034752 -0.913190
vt 0.023359 -0.825439
vt 0.023348 -0.825440
vt 0.527665 -0.977836
vt 0.530903 -0.983706
vt 0.573513 -0.985693
vt 0.573514 -0.622934
vt 0.540253 -0.627090
vt 0.573514 -0.628021
vt 0.530904 -0.630008
vt 0.525696 -0.645121
vt 0.573514 -0.640007
vt 0.527666 -0.635878
vt 0.525696 -0.806857
vt 0.573514 -0.743400
vt 0.525696 -0.661792
vt 0.573513 -0.806857
vt 0.573514 -0.674597
vt 0.573512 -0.624297
vt 0.540251 -0.986625
vt 0.573513 -0.990781
vt 0.525695 -0.968593
vt 0.573513 -0.973708
vt 0.573513 -0.870314
vt 0.525695 -0.951922
vt 0.573513 -0.939118
vt 0.573511 -0.989418
vn 0.0031 0.9993 -0.0366
vn 0.7913 -0.4193 0.4450
vn 0.8538 -0.5177 -0.0558
vn -0.0007 -1.0000 0.0088
vn 0.0000 -1.0000 0.0087
vn 0.7913 0.4193 -0.4450
vn 0.8538 0.5177 0.0558
vn 0.0003 -0.0002 -1.0000
vn -0.0002 -1.0000 0.0019
vn 0.0669 -0.9939 -0.0874
vn -0.0177 0.9961 0.0867
vn 0.0001 1.0000 -0.0020
vn -0.0031 0.9993 -0.0366
vn -0.0000 0.9966 -0.0829
vn -0.0000 -0.9990 -0.0456
vn 0.0007 -1.0000 0.0088
vn -0.0177 -0.9961 -0.0867
vn -0.0003 -0.0002 -1.0000
vn 0.0002 -1.0000 0.0019
vn -0.0669 -0.9939 -0.0874
vn -0.0001 1.0000 -0.0020
vn 0.0113 0.9979 0.0634
vn 0.0113 -0.9979 -0.0634
vn -0.0002 -1.0000 -0.0022
vn 0.2729 -0.0095 -0.9620
vn 0.0002 -1.0000 -0.0022
vn 0.2730 0.0095 0.9620
vn -0.3289 0.2223 0.9178
vn -0.2648 0.8567 0.4427
vn -0.4180 0.6836 0.5983
vn -0.6600 0.7469 0.0804
vn -0.9012 0.4224 0.0972
vn -0.7781 0.6278 0.0225
vn -0.9956 0.0937 0.0053
vn -0.9969 -0.0778 0.0145
vn -0.9543 -0.2369 0.1819
vn 0.1392 0.7957 0.5895
vn 0.0151 0.7997 0.6001
vn -0.1050 0.3516 0.9302
vn -0.0289 0.4111 0.9111
vn 0.0113 0.5125 0.8586
vn -0.0531 0.7987 0.5994
vn 0.0420 0.8146 0.5785
vn -0.1470 -0.4878 0.8605
vn -0.0579 0.4010 0.9142
vn -0.0290 0.9857 0.1656
vn 0.1520 0.9706 0.1862
vn 0.2126 0.9577 0.1940
vn 0.0577 0.9839 0.1693
vn -0.0032 0.9970 0.0776
vn 0.1869 0.9787 0.0849
vn 0.2170 0.9714 0.0957
vn 0.0294 0.9948 0.0978
vn 0.2116 0.9767 0.0370
vn -0.0102 0.9984 0.0553
vn 0.2488 0.9678 0.0376
vn 0.0750 0.9963 0.0421
vn 0.0333 0.9989 0.0312
vn 0.0229 0.9988 0.0425
vn 0.3085 0.9511 -0.0143
vn 0.2958 0.9507 -0.0934
vn 0.0684 0.9976 -0.0107
vn 0.0998 0.9950 -0.0042
vn 0.0997 0.9948 -0.0185
vn 0.2428 0.9681 -0.0619
vn -0.0164 0.9930 0.1166
vn -0.0125 0.9843 0.1761
vn 0.0000 0.9875 0.1573
vn 0.0000 0.8182 0.5748
vn -0.4106 -0.4330 0.8024
vn 0.0192 0.9891 0.1458
vn -0.0522 0.7856 0.6164
vn -0.1404 0.3012 0.9431
vn -0.1083 0.7032 0.7027
vn -0.1708 0.2503 0.9530
vn 0.0135 0.9882 0.1523
vn -0.2181 0.9599 0.1760
vn -0.4043 0.8851 0.2304
vn -0.6362 0.4416 0.6326
vn -0.7294 0.6282 0.2707
vn -0.7317 0.2133 0.6474
vn -0.8026 0.0118 0.5964
vn -0.4311 -0.0039 0.9023
vn -0.9730 -0.0695 0.2201
vn -0.9307 0.2539 0.2632
vn 0.9466 -0.3163 -0.0624
vn 0.9820 -0.1209 -0.1451
vn 0.5099 -0.8409 -0.1811
vn 0.9433 -0.0903 -0.3193
vn 0.8660 -0.2923 -0.4057
vn -0.8940 -0.0432 0.4460
vn -0.8347 0.4716 0.2841
vn -0.9024 -0.0191 -0.4304
vn 0.7818 0.3568 -0.5114
vn 0.5920 0.6865 -0.4221
vn 0.9208 -0.0304 -0.3889
vn 0.2149 0.8132 -0.5409
vn -0.1769 0.8976 -0.4037
vn -0.5091 0.6458 -0.5689
vn -0.7917 0.4252 -0.4387
vn -0.8249 -0.0062 -0.5652
vn -0.8144 -0.3797 -0.4387
vn -0.4879 -0.6742 -0.5544
vn -0.1523 -0.8830 -0.4440
vn -0.0006 -1.0000 0.0066
vn -0.4225 -0.8734 -0.2421
vn 0.0236 -0.9997 0.0042
vn -0.3550 -0.9321 -0.0721
vn 0.0002 -1.0000 0.0059
vn 0.0028 -1.0000 0.0070
vn -0.3455 -0.9368 -0.0545
vn -0.3480 -0.9364 -0.0454
vn -0.0022 -0.9999 0.0092
vn -0.4574 -0.8173 -0.3504
vn 0.1038 -0.9932 -0.0522
vn -0.4028 -0.9153 0.0060
vn -0.0321 0.9980 -0.0547
vn -0.0268 0.9967 -0.0769
vn -0.1578 0.9859 -0.0560
vn 0.0822 0.9917 -0.0989
vn 0.0996 0.9729 -0.2085
vn 0.1448 0.9712 -0.1892
vn -0.1114 0.9931 0.0368
vn -0.8927 0.4500 -0.0230
vn -0.9157 0.3174 -0.2463
vn -0.8385 0.5411 -0.0640
vn -0.8362 0.4909 -0.2444
vn -0.9564 -0.0503 -0.2876
vn -0.9698 -0.0230 -0.2426
vn -0.9682 0.2205 -0.1183
vn -0.8602 -0.1359 -0.4914
vn -0.8058 0.0637 -0.5886
vn -0.5415 -0.0843 -0.8365
vn -0.8521 -0.0862 -0.5161
vn -0.8295 0.5583 -0.0125
vn -0.8330 0.5531 -0.0112
vn -0.6749 0.7169 0.1746
vn -0.8682 0.4939 0.0474
vn -0.3630 0.9304 0.0504
vn -0.9022 0.4084 0.1385
vn -0.3546 0.8554 0.3775
vn -0.9334 0.3579 0.0248
vn -0.8838 0.4675 -0.0173
vn -0.6428 0.7659 -0.0115
vn -0.5684 0.8159 -0.1059
vn -0.4293 0.8838 -0.1857
vn -0.8527 0.5004 -0.1498
vn -0.6316 0.7505 -0.1943
vn -0.8719 0.4660 -0.1503
vn -0.9504 0.3058 -0.0556
vn -0.9896 0.0317 -0.1404
vn -0.9843 -0.1553 -0.0841
vn -0.7467 0.6643 -0.0337
vn -0.3404 0.9402 0.0098
vn -0.7130 0.7011 0.0041
vn -0.3232 0.9369 0.1329
vn -0.3028 0.9526 0.0277
vn -0.9993 -0.0029 -0.0367
vn -0.9421 0.3345 -0.0210
vn -0.6826 0.7219 0.1132
vn -0.9984 0.0047 0.0566
vn -0.9139 0.3996 0.0709
vn -0.9405 -0.0525 0.3357
vn -0.9590 -0.0860 0.2698
vn -0.9682 -0.0524 -0.2444
vn -0.9653 -0.0802 -0.2484
vn -0.9675 -0.0873 -0.2373
vn -0.9522 -0.1821 0.2450
vn -0.9868 -0.1592 -0.0303
vn -0.9704 -0.0992 -0.2202
vn -0.9615 0.0764 -0.2639
vn -0.9099 -0.3970 -0.1200
vn -0.6824 -0.7262 -0.0833
vn -0.5342 -0.7847 -0.3144
vn -0.9997 -0.0213 0.0140
vn -0.7174 -0.5849 -0.3785
vn -0.8963 -0.2007 -0.3954
vn -0.9303 -0.3635 0.0484
vn -0.9998 0.0060 -0.0168
vn -0.8876 -0.1146 -0.4462
vn -0.9998 -0.0015 -0.0180
vn -0.9066 -0.0294 -0.4209
vn -0.9996 -0.0266 -0.0086
vn -0.2450 -0.6799 -0.6912
vn -0.3588 -0.9332 0.0174
vn -0.9980 -0.0289 -0.0550
vn -0.8974 -0.0838 0.4331
vn -0.9099 -0.0768 0.4076
vn -0.9948 -0.0670 -0.0772
vn -0.9864 -0.0447 -0.1579
vn -0.9216 -0.1886 0.3391
vn -0.9925 -0.0592 0.1066
vn -0.9802 -0.1745 0.0937
vn -0.9898 -0.0696 0.1238
vn -0.9900 0.0183 0.1400
vn -0.8512 -0.5141 0.1052
vn -0.9504 -0.3061 -0.0551
vn -0.8738 -0.4863 -0.0014
vn -0.9884 -0.1020 -0.1124
vn -0.9916 -0.0224 0.1274
vn -0.9998 0.0027 -0.0200
vn -0.9754 -0.1033 -0.1947
vn -0.9861 0.0073 -0.1662
vn -0.9985 -0.0029 0.0551
vn -0.9853 -0.0200 -0.1699
vn -0.9754 -0.0878 -0.2020
vn -0.9998 -0.0169 -0.0092
vn -0.9981 -0.0591 -0.0137
vn -0.9536 -0.0858 -0.2885
vn -0.9997 -0.0217 -0.0090
vn -0.9418 -0.0454 -0.3331
vn -0.9861 -0.0436 -0.1600
vn -0.9771 -0.0681 -0.2017
vn -0.9709 -0.0843 -0.2242
vn 0.6029 -0.6800 -0.4172
vn 0.2313 -0.8167 -0.5286
vn 0.7817 -0.3568 -0.5114
vn -0.9408 0.0181 -0.3384
vn -0.0016 -0.0750 -0.9972
vn 0.3281 0.2985 -0.8962
vn -0.0406 0.3013 -0.9527
vn 0.8069 -0.5900 -0.0285
vn 0.3007 -0.9501 -0.0828
vn 0.9358 -0.3408 -0.0905
vn -0.3561 -0.9293 -0.0973
vn -0.8083 -0.5881 -0.0274
vn -0.9491 -0.3025 -0.0873
vn -0.0999 0.9943 0.0369
vn -0.1171 0.9854 0.1235
vn 0.0219 0.9989 0.0414
vn 0.0461 0.9944 0.0953
vn 0.0280 0.9955 0.0904
vn 0.0460 0.9980 0.0417
vn 0.0224 0.9992 0.0331
vn 0.0423 0.9985 0.0343
vn 0.0528 0.9937 -0.0988
vn 0.0000 0.9919 0.1268
vn 0.0000 0.9980 0.0636
vn 0.0000 0.9969 0.0777
vn 0.3926 -0.8674 -0.3056
vn -0.3010 -0.8979 -0.3212
vn 0.6610 -0.6556 -0.3651
vn -0.9180 -0.3720 0.1377
vn -0.8975 -0.4365 0.0631
vn 0.3892 0.8682 -0.3078
vn 0.9017 0.3422 -0.2642
vn 0.6781 0.6322 -0.3747
vn -0.0834 0.3406 0.9365
vn 0.1909 -0.1476 0.9704
vn 0.1923 0.1480 0.9701
vn 0.0000 0.0349 0.9994
vn 0.0000 0.2933 0.9560
vn -0.0718 0.2414 0.9677
vn -0.0568 0.0519 0.9970
vn -0.6146 -0.2609 0.7444
vn -0.6911 -0.1253 0.7118
vn -0.6029 -0.6800 -0.4172
vn -0.9208 -0.0304 -0.3889
vn -0.7817 -0.3568 -0.5114
vn -0.2313 -0.8167 -0.5286
vn -0.4250 0.0025 0.9052
vn -0.2932 -0.2821 0.9135
vn -0.0508 -0.3168 0.9471
vn -0.3312 0.2721 0.9034
vn 0.9020 -0.0408 0.4297
vn 0.8812 -0.3897 0.2676
vn 0.5348 -0.7260 0.4322
vn -0.7817 0.3568 -0.5114
vn -0.2677 -0.8656 0.4232
vn 0.1802 -0.9411 0.2860
vn -0.6037 -0.7560 0.2529
vn -0.8810 -0.3593 0.3076
vn -0.9885 -0.0537 0.1414
vn 0.0000 0.9821 0.1886
vn 0.0000 1.0000 0.0000
vn 0.0000 1.0000 -0.0042
vn -0.0033 0.9999 -0.0123
vn 0.0006 0.9998 -0.0174
vn 0.0028 0.9998 -0.0159
vn -0.0008 0.9999 -0.0093
vn 0.0009 0.9999 -0.0086
vn -0.0314 0.9151 -0.4020
vn -0.0105 0.9998 -0.0133
vn -0.0009 0.9113 -0.4117
vn -0.0009 0.9999 -0.0108
vn -0.3432 0.9225 0.1763
vn 0.4138 0.9103 0.0030
vn -0.3525 0.9358 -0.0024
vn 0.3453 0.9216 0.1769
vn -0.7371 0.6756 -0.0083
vn -0.0162 0.9117 -0.4105
vn 0.0011 0.9998 -0.0198
vn -0.3182 0.9312 0.1774
vn -0.0035 0.9998 -0.0171
vn 0.1769 0.9538 -0.2427
vn -0.0616 0.9043 0.4224
vn 0.6488 0.6803 0.3409
vn 0.6546 0.7367 0.1696
vn -0.7195 0.6932 0.0403
vn -0.0546 0.9747 0.2166
vn -0.0752 0.9948 0.0689
vn -0.6991 0.6980 0.1547
vn -0.7042 0.6314 0.3246
vn 0.0000 0.1346 -0.9909
vn -0.0741 -0.0427 -0.9963
vn -0.0783 0.1322 -0.9881
vn 0.1057 0.9833 0.1478
vn -0.0894 0.9674 0.2369
vn -0.0740 -0.1071 -0.9915
vn -0.0844 -0.0417 -0.9955
vn -0.0520 -0.0422 -0.9977
vn -0.0912 -0.0839 -0.9923
vn -0.0412 0.1239 -0.9914
vn 0.0309 0.9987 -0.0410
vn 0.6224 -0.0311 -0.7821
vn 0.8038 0.2410 -0.5439
vn 0.0893 0.9949 -0.0470
vn 0.0050 0.8659 0.5001
vn -0.7321 0.6759 -0.0849
vn -0.0387 0.6427 -0.7652
vn 0.3810 -0.0754 -0.9215
vn -0.0402 0.0636 -0.9972
vn 0.2997 0.0482 -0.9528
vn 0.0536 -0.1123 -0.9922
vn 0.0000 -0.1078 -0.9941
vn 0.0248 -0.1116 -0.9934
vn -0.6296 0.7506 0.2006
vn -0.8176 0.4537 0.3545
vn 0.1086 0.9510 0.2895
vn 0.5348 0.7260 0.4322
vn 0.8463 0.4246 0.3216
vn -0.0980 0.3687 -0.9243
vn -0.0508 0.3687 -0.9281
vn -0.7811 -0.1569 0.6043
vn -0.2867 0.0106 0.9579
vn 0.4922 0.0829 0.8665
vn 0.5433 -0.1516 0.8257
vn -0.3193 -0.0556 0.9460
vn -0.4212 -0.0809 0.9033
vn -0.8516 0.4468 -0.2738
vn 0.4704 0.8171 -0.3331
vn -0.0388 0.6588 -0.7513
vn -0.0566 0.8740 -0.4827
vn 0.2308 0.8401 -0.4907
vn -0.1518 0.0237 0.9881
vn 0.0000 -0.0135 0.9999
vn -0.1556 0.0434 0.9868
vn 0.0919 -0.9879 -0.1251
vn 0.2657 -0.9626 0.0537
vn 0.0763 -0.9879 0.1350
vn -0.3348 -0.9415 -0.0376
vn -0.2509 -0.9679 0.0107
vn 0.6338 0.3072 0.7098
vn -0.7279 -0.2448 0.6404
vn -0.8386 -0.5436 0.0356
vn 0.2825 0.9587 0.0333
vn 0.2421 0.9701 0.0134
vn 0.2008 0.9794 -0.0187
vn 0.1734 0.9848 0.0042
vn -0.5577 -0.3592 0.7483
vn 0.0000 0.4918 0.8707
vn -0.0485 -0.0974 0.9940
vn 0.0000 -0.0982 0.9951
vn 0.0000 -0.9832 0.1825
vn 0.0541 -0.9947 0.0873
vn 0.0011 -0.9999 0.0095
vn 0.0022 -0.9999 0.0092
vn -0.1082 -0.9927 -0.0527
vn 0.8557 -0.0007 -0.5175
vn 0.5533 0.6410 -0.5319
vn 0.6052 0.6610 -0.4436
vn 0.9024 -0.0191 -0.4304
vn -0.1382 0.8112 -0.5681
vn -0.1184 0.8722 -0.4747
vn -0.7090 0.3649 -0.6034
vn -0.7549 0.4180 -0.5053
vn -0.7089 -0.3675 -0.6019
vn -0.7755 -0.3818 -0.5027
vn -0.1606 -0.8683 -0.4693
vn -0.1397 -0.8129 -0.5653
vn 0.5764 -0.6888 -0.4396
vn 0.5526 -0.6432 -0.5300
vn 0.1403 0.1365 0.9806
vn -0.0806 0.2876 0.9543
vn -0.3230 0.2180 0.9209
vn 0.1411 -0.1364 0.9805
vn -0.0799 -0.2904 0.9536
vn -0.4232 -0.0002 0.9060
vn -0.3232 -0.2171 0.9211
vn 0.8769 -0.3886 0.2830
vn 0.8940 -0.0432 0.4460
vn 0.5003 -0.7586 0.4174
vn 0.2344 -0.9449 0.2284
vn -0.2918 -0.8902 0.3498
vn -0.5854 -0.7964 0.1521
vn -0.8878 -0.3580 0.2893
vn -0.9917 -0.0596 0.1140
vn -0.8463 0.4454 0.2921
vn -0.6715 0.7246 0.1549
vn -0.2029 0.9126 0.3549
vn 0.1361 0.9633 0.2313
vn 0.5702 0.7055 0.4208
vn 0.8348 0.4716 0.2841
vn -0.4065 -0.6575 0.6344
vn -0.1007 -0.7109 0.6960
vn -0.1061 -0.7149 0.6912
vn -0.1170 -0.6054 0.7873
vn -0.1223 -0.6287 0.7679
vn -0.1878 -0.7151 0.6733
vn -0.0324 -0.7361 0.6760
vn -0.0762 -0.6119 0.7872
vn 0.2298 -0.7085 0.6672
vn 0.1113 -0.5536 0.8253
vn 0.5579 -0.4622 0.6893
vn 0.3622 -0.3866 0.8481
vn 0.6597 -0.1669 0.7327
vn 0.7045 -0.2553 0.6622
vn 0.9899 -0.1412 0.0112
vn 0.9782 -0.1764 0.1097
vn 0.9754 -0.1033 -0.1947
vn 0.9952 -0.0952 -0.0197
vn 0.9998 0.0027 -0.0200
vn -0.6541 -0.4367 0.6176
vn 0.6915 0.1118 0.7137
vn 0.5031 0.2553 0.8256
vn -0.7362 -0.2090 0.6436
vn -0.6904 -0.1512 0.7074
vn -0.7777 -0.1487 0.6107
vn -0.1230 -0.0034 0.9924
vn 0.9972 0.0030 0.0752
vn 0.9977 0.0056 0.0676
vn 0.9987 0.0079 0.0492
vn 0.2074 0.8386 -0.5037
vn 0.9098 0.3952 0.1268
vn 0.5842 0.4884 -0.6482
vn 0.3017 0.9529 0.0309
vn -0.0020 0.9124 0.4091
vn 0.0000 0.8307 0.5566
vn 0.0000 0.9146 0.4043
vn 0.0361 0.8125 0.5818
vn -0.2210 -0.8510 0.4763
vn -0.6063 -0.4933 0.6236
vn -0.4143 -0.8323 -0.3683
vn -0.9102 -0.3712 -0.1834
vn 0.5847 0.0961 -0.8055
vn 0.4152 -0.8319 -0.3681
vn 0.2088 -0.2546 -0.9442
vn 0.9098 -0.3721 -0.1838
vn -0.6930 -0.7209 -0.0004
vn -0.6507 -0.7132 -0.2604
vn -0.0278 -0.9992 0.0280
vn 0.0000 -1.0000 0.0000
vn 0.0429 0.7391 0.6722
vn 0.0253 0.9055 0.4235
vn 0.0000 0.8975 0.4409
vn -0.6066 -0.0757 0.7913
vn -0.2225 0.2827 0.9330
vn -0.9102 0.3944 0.1264
vn -0.9998 0.0134 -0.0140
vn 0.0000 0.7290 0.6845
vn 0.2234 0.2829 0.9328
vn 0.6067 -0.0748 0.7914
vn 0.4151 0.8551 0.3106
vn -0.2080 -0.2545 -0.9444
vn -0.5849 0.0968 -0.8053
vn 0.2218 -0.8510 0.4760
vn 0.6064 -0.4940 0.6230
vn 0.0000 -0.3718 0.9283
vn -0.0001 -0.3718 0.9283
vn -0.0000 -0.3714 0.9284
vn 0.0000 -0.3714 0.9285
vn -0.5845 0.4877 -0.6484
vn -0.2067 0.8387 -0.5038
vn -0.4141 0.8555 0.3107
vn -0.7229 -0.6200 -0.3051
vn -0.6917 0.6521 0.3102
vn -0.7075 -0.6579 -0.2580
vn -0.7045 0.6570 0.2683
vn -0.7223 -0.5701 -0.3915
vn -0.6925 0.6070 0.3897
vn -0.7267 -0.4908 -0.4806
vn -0.6879 0.5518 0.4715
vn -0.7222 -0.4179 -0.5511
vn -0.6928 0.4676 0.5489
vn -0.6949 0.3795 0.6108
vn -0.7192 -0.3676 -0.5896
vn -0.7296 -0.2710 -0.6279
vn -0.6858 0.2854 0.6695
vn -0.6274 0.2339 0.7427
vn -0.7676 -0.1958 -0.6103
vn 0.0000 0.9877 0.1564
vn 0.9985 0.0113 0.0537
vn 0.9982 0.0089 0.0586
vn -0.2248 0.1393 0.9644
vn -0.8931 0.4419 -0.0847
vn -0.7967 -0.5997 0.0750
vn -0.8776 -0.4143 0.2412
vn -0.3520 0.6823 0.6407
vn -0.4535 0.7889 0.4146
vn -0.2394 0.8242 0.5132
vn 0.6917 0.6522 0.3101
vn 0.7070 0.6546 0.2676
vn -0.9999 -0.0094 0.0070
vn 0.6925 0.6070 0.3898
vn 0.6878 0.5520 0.4714
vn 0.6927 0.4676 0.5490
vn -0.9991 0.0010 -0.0419
vn -0.9991 0.0290 -0.0296
vn -0.9984 0.0206 -0.0530
vn -0.9975 0.0200 -0.0670
vn -0.1959 -0.9705 -0.1401
vn 0.2123 -0.9520 0.2203
vn -0.0035 -0.9297 -0.3683
vn 0.6949 0.3795 0.6108
vn 0.6858 0.2854 0.6695
vn 0.6274 0.2339 0.7427
vn -0.2063 -0.0446 0.9774
vn -0.0591 -0.9687 0.2412
vn -0.7020 0.1587 -0.6942
vn -0.8150 0.1020 -0.5704
vn -0.5649 0.7842 0.2567
vn -0.3215 0.9093 0.2642
vn 0.7229 -0.6199 -0.3052
vn 0.7093 -0.6562 -0.2573
vn 0.7223 -0.5701 -0.3914
vn 0.9472 -0.0197 -0.3201
vn 0.8646 0.1659 -0.4742
vn -0.0651 0.9976 -0.0241
vn -0.0745 0.9971 -0.0165
vn 0.5555 0.8278 -0.0776
vn 0.7266 -0.4908 -0.4808
vn 0.7222 -0.4180 -0.5510
vn -0.0316 -0.1458 -0.9888
vn -0.0042 -0.0670 -0.9977
vn -0.1483 -0.0758 -0.9860
vn 0.7192 -0.3676 -0.5896
vn 0.7296 -0.2710 -0.6279
vn 0.7676 -0.1958 -0.6103
vn -0.3526 0.8541 0.3823
vn -0.4089 0.4202 0.8101
vn 0.7166 0.2378 -0.6556
vn 0.1517 0.0646 -0.9863
vn 0.1956 0.1782 -0.9643
vn 0.3756 0.4828 -0.7911
vn 0.8155 0.4383 -0.3778
vn 0.4746 0.8797 0.0289
vn 0.8252 0.5641 0.0280
vn 0.5086 0.8385 -0.1957
vn 0.4404 0.8578 0.2649
vn 0.7143 0.4188 0.5606
vn 0.1603 0.4172 0.8946
vn 0.7074 0.1662 0.6870
vn 0.3187 0.7462 0.5844
vn 0.1690 0.2522 0.9528
vn 0.0508 -0.0126 0.9986
vn -0.4859 -0.3114 -0.8166
vn 0.4864 0.7461 -0.4546
vn -0.5335 -0.8358 0.1293
vn -0.3412 -0.8927 -0.2942
vn -0.7273 -0.0514 0.6843
vn -0.7313 -0.1130 0.6726
vn -0.7110 -0.3812 0.5908
vn -0.4562 -0.8891 -0.0380
vn -0.3212 -0.7536 -0.5735
vn -0.5652 -0.3562 -0.7440
vn -0.5228 -0.2224 -0.8229
vn -0.6317 -0.0224 -0.7749
vn -0.5544 -0.7169 0.4227
vn 0.9738 0.0648 0.2178
vn 0.9984 0.0458 -0.0331
vn 0.6215 0.7756 0.1101
vn 0.6573 0.2781 -0.7004
vn 0.0363 0.1072 -0.9936
vn 0.0897 0.2402 -0.9666
vn 0.2358 0.5888 -0.7731
vn 0.7572 0.5011 -0.4189
vn 0.4059 0.8208 -0.4018
vn 0.8530 0.5201 -0.0427
vn 0.5254 0.8256 -0.2057
vn 0.5230 0.8283 0.2007
vn 0.7796 0.4186 0.4657
vn 0.3539 0.2292 0.9068
vn 0.7778 0.1526 0.6097
vn 0.3760 0.5439 0.7501
vn 0.2933 0.1100 0.9497
vn -0.5344 -0.5173 -0.6684
vn -0.9882 0.1530 -0.0070
vn -0.8673 0.2323 -0.4402
vn -0.8835 0.3437 0.3182
vn 0.8675 0.3792 0.3218
vn 0.8605 0.3440 0.3757
vn 0.9835 0.1808 0.0007
vn 0.7188 0.4169 -0.5563
vn 0.5333 0.5156 0.6706
vn -0.0844 0.5741 0.8144
vn 0.5743 0.4070 0.7103
vn -0.6396 0.4409 0.6297
vn 0.8479 0.2752 -0.4531
vn -0.0978 0.2929 -0.9511
vn -0.0684 0.4276 -0.9014
vn 0.7555 0.4747 0.4514
vn -0.0378 0.6829 0.7295
vn 0.9472 0.2639 0.1819
vn 0.9983 0.0573 0.0043
vn -0.9481 0.2444 0.2035
vn -0.9985 0.0546 -0.0069
vn -0.7908 0.4335 0.4322
vn -0.9325 0.0104 -0.3609
vn -0.1382 -0.0842 -0.9868
vn 0.9009 0.0120 -0.4339
vn -0.0784 0.7602 0.6448
vn 0.7522 0.5093 0.4181
vn 0.9541 0.2938 0.0586
vn 0.9501 0.2858 0.1250
vn 0.9512 0.2488 0.1826
vn -0.9540 0.2961 0.0461
vn -0.9614 0.2751 0.0052
vn -0.9548 0.2301 0.1882
vn -0.9543 0.2695 0.1288
vn -0.8090 0.4454 0.3836
vn -0.9164 0.1508 -0.3707
vn -0.0696 -0.2090 -0.9754
vn 0.8959 0.1243 -0.4265
vn 0.9617 0.2728 0.0263
vn 0.6660 0.7438 0.0570
vn 0.6923 0.7110 -0.1229
vn 0.0000 -0.9098 -0.4149
vn -0.6791 -0.7227 0.1283
vn -0.6214 -0.7102 -0.3307
vn 0.0000 -0.9848 0.1735
vn 0.5649 0.7842 0.2567
vn 0.4535 0.7889 0.4146
vn 0.2394 0.8242 0.5132
vn 0.0000 0.3797 -0.9251
vn 0.0749 -0.0423 -0.9963
vn 0.0643 0.3849 -0.9207
vn -0.7021 0.2779 0.6555
vn 0.2063 -0.0446 0.9774
vn -0.1552 -0.9385 0.3083
vn 0.0000 -0.0505 -0.9987
vn -0.4717 0.8122 -0.3432
vn 0.0791 0.1311 -0.9882
vn 0.0326 0.9144 -0.4034
vn 0.0033 0.9999 -0.0128
vn 0.0124 0.9998 -0.0123
vn 0.3520 0.6823 0.6407
vn 0.0902 -0.0849 -0.9923
vn 0.0837 -0.0411 -0.9956
vn -0.1106 0.9854 0.1290
vn -0.0643 0.3852 -0.9206
vn -0.1361 0.9633 0.2313
vn -0.6052 0.6610 -0.4436
vn -0.5702 0.7055 0.4208
vn 0.1184 0.8721 -0.4747
vn 0.2029 0.9126 0.3549
vn 0.6715 0.7246 0.1549
vn 0.7549 0.4180 -0.5053
vn 0.8463 0.4454 0.2921
vn 0.0591 -0.9687 0.2412
vn 0.1959 -0.9705 -0.1401
vn -0.4058 0.5984 0.6908
vn 0.8878 -0.3580 0.2893
vn 0.7755 -0.3818 -0.5027
vn 0.9917 -0.0596 0.1140
vn 0.7688 0.2492 -0.5889
vn 0.0035 -0.9297 -0.3683
vn 0.5853 -0.7964 0.1521
vn 0.2918 -0.8902 0.3498
vn 0.8854 0.1599 -0.4364
vn 0.3215 0.9093 0.2642
vn 0.0000 -0.8733 -0.4871
vn -0.1405 -0.9692 -0.2021
vn -0.0006 -1.0000 0.0071
vn -0.0011 -0.9999 0.0095
vn -0.6399 -0.7236 0.2587
vn 0.0000 -0.8735 -0.4867
vn 0.0000 -0.9485 0.3168
vn -0.6273 -0.7103 -0.3193
vn -0.0543 -0.9947 0.0870
vn 0.0000 -1.0000 0.0005
vn -0.0967 -0.9807 0.1697
vn 0.0000 -0.9477 0.3192
vn -0.0270 -0.9550 -0.2951
vn 0.0396 -0.0496 -0.9980
vn 0.0042 -0.0670 -0.9977
vn 0.0947 -0.0552 -0.9940
vn -0.2344 -0.9449 0.2284
vn -0.5003 -0.7586 0.4174
vn 0.1606 -0.8683 -0.4693
vn -0.0862 0.3815 -0.9203
vn -0.3154 0.4526 0.8340
vn 0.4089 0.4202 0.8101
vn 0.3527 0.8541 0.3823
vn -0.0601 0.9172 0.3938
vn -0.5764 -0.6888 -0.4396
vn -0.8769 -0.3886 0.2830
vn -0.1403 0.1365 0.9806
vn 0.0806 0.2876 0.9543
vn 0.3230 0.2180 0.9209
vn 0.4232 -0.0002 0.9060
vn 0.3232 -0.2171 0.9211
vn 0.0799 -0.2904 0.9536
vn -0.1411 -0.1364 0.9805
vn -0.5526 -0.6431 -0.5300
vn -0.8557 -0.0008 -0.5175
vn 0.1397 -0.8129 -0.5653
vn 0.7089 -0.3675 -0.6019
vn 0.7090 0.3649 -0.6034
vn 0.1382 0.8112 -0.5682
vn -0.5533 0.6410 -0.5319
vn -0.9020 -0.0408 0.4297
vn -0.8463 0.4246 0.3216
vn -0.5348 0.7260 0.4322
vn -0.5920 0.6865 -0.4221
vn -0.9075 -0.3710 0.1967
vn -0.5309 -0.8298 -0.1722
vn -0.7133 -0.6993 -0.0454
vn -0.6819 -0.0819 0.7268
vn -0.6565 -0.1328 0.7426
vn -0.7396 -0.3533 0.5727
vn -0.4382 -0.8855 0.1544
vn -0.9177 -0.2142 -0.3345
vn -0.7696 -0.1804 -0.6125
vn -0.7795 -0.0766 -0.6216
vn 0.9290 0.3699 0.0122
vn 0.9488 0.2726 0.1594
vn -0.8743 0.4601 0.1543
vn -0.9143 0.4049 -0.0110
vn 0.2641 0.8363 0.4803
vn -0.2945 0.8063 0.5130
vn -0.2149 0.8132 -0.5409
vn 0.1769 0.8976 -0.4037
vn 0.5091 0.6459 -0.5689
vn 0.7917 0.4252 -0.4387
vn 0.8249 -0.0062 -0.5652
vn 0.8144 -0.3797 -0.4387
vn 0.4879 -0.6742 -0.5544
vn 0.1523 -0.8830 -0.4440
vn -0.6779 -0.7203 -0.1470
vn -0.1086 0.9510 0.2895
vn -0.6589 -0.7392 -0.1389
vn -0.6848 -0.7206 -0.1084
vn -0.7424 -0.6699 0.0022
vn -0.6176 -0.7862 0.0185
vn -0.5974 -0.8018 0.0088
vn -0.8123 -0.5588 -0.1672
vn -0.9952 -0.0952 -0.0197
vn -0.8184 -0.4004 -0.4120
vn -0.9698 -0.2438 -0.0105
vn -0.9651 -0.2616 -0.0123
vn -0.7158 -0.1883 -0.6724
vn 0.0034 -0.1034 -0.9946
vn 0.0015 -0.0991 -0.9951
vn 0.0061 -0.1114 -0.9937
vn 0.0024 -0.0996 -0.9950
vn -0.0248 -0.1116 -0.9934
vn -0.4472 -0.2957 -0.8441
vn -0.1751 0.3158 0.9325
vn -0.9782 -0.1764 0.1097
vn -0.7045 -0.2553 0.6622
vn 0.0000 -0.1516 0.9884
vn 0.0000 0.5378 0.8430
vn 0.0043 1.0000 -0.0009
vn -0.0051 0.9907 0.1356
vn -0.9899 -0.1412 0.0112
vn 0.1556 0.0434 0.9868
vn 0.1518 0.0237 0.9881
vn 0.0000 -0.0143 0.9999
vn -0.5315 0.8465 -0.0312
vn -0.6399 -0.7636 -0.0865
vn -0.3288 -0.9433 -0.0439
vn -0.0667 -0.9977 -0.0066
vn 0.0000 -1.0000 0.0014
vn -0.9980 -0.0285 0.0562
vn -0.9919 -0.1023 0.0750
vn -0.9997 0.0211 0.0123
vn -0.9987 0.0079 0.0492
vn -0.0029 0.0000 1.0000
vn 0.0000 0.0000 1.0000
vn 0.0000 0.3746 0.9272
vn -0.0011 0.3727 0.9279
vn -0.9987 0.0141 0.0492
vn -0.9977 0.0056 0.0676
vn -0.9972 0.0030 0.0752
vn -0.0361 0.8125 0.5818
vn 0.0000 0.4986 0.8668
vn -0.0566 0.5063 0.8605
vn -0.9995 0.0176 -0.0270
vn -0.9991 0.0029 -0.0425
vn 0.0020 0.9124 0.4091
vn -0.0253 0.9055 0.4235
vn -0.0429 0.7391 0.6722
vn -0.9982 0.0089 0.0586
vn -0.9985 0.0113 0.0537
vn -0.9984 0.0013 -0.0566
vn -0.3373 0.9337 -0.1200
vn 0.0000 -1.0000 0.0024
vn -0.0286 -0.9995 0.0145
vn -0.1138 -0.9922 0.0502
vn 0.8008 -0.4108 0.4358
vn 0.8484 0.3558 0.3919
vn 0.5412 0.7698 0.3383
vn 0.0000 0.9597 0.2811
vn 0.0145 0.9754 0.2199
vn 0.2897 0.0690 0.9546
vn 0.3727 0.1273 0.9192
vn 0.4106 -0.4330 0.8024
vn 0.0579 0.4010 0.9142
vn 0.5577 -0.3592 0.7483
vn 0.2648 0.8567 0.4427
vn 0.3289 0.2223 0.9178
vn 0.4180 0.6836 0.5983
vn 0.9012 0.4224 0.0972
vn 0.6600 0.7469 0.0804
vn 0.7781 0.6278 0.0225
vn 0.9431 -0.2673 0.1977
vn 0.9969 -0.0778 0.0145
vn 0.9956 0.0937 0.0053
vn -0.9949 -0.0005 0.1004
vn -0.4794 0.8768 -0.0366
vn -0.9986 -0.0009 -0.0533
vn -0.0151 0.7997 0.6001
vn -0.1392 0.7957 0.5895
vn 0.1050 0.3516 0.9302
vn 0.0289 0.4111 0.9111
vn -0.0420 0.8146 0.5785
vn 0.0531 0.7987 0.5994
vn -0.0113 0.5125 0.8586
vn 0.1470 -0.4878 0.8605
vn 0.0290 0.9857 0.1656
vn -0.1520 0.9706 0.1862
vn -0.0577 0.9839 0.1693
vn -0.2126 0.9577 0.1940
vn 0.0032 0.9970 0.0776
vn -0.1869 0.9787 0.0849
vn -0.0294 0.9948 0.0978
vn -0.2170 0.9714 0.0957
vn -0.2116 0.9767 0.0370
vn 0.0102 0.9984 0.0553
vn -0.2488 0.9678 0.0376
vn -0.0229 0.9988 0.0425
vn -0.0333 0.9989 0.0312
vn -0.0750 0.9963 0.0421
vn -0.3085 0.9511 -0.0143
vn -0.0684 0.9976 -0.0108
vn -0.2958 0.9507 -0.0934
vn -0.0997 0.9950 -0.0042
vn -0.2428 0.9681 -0.0619
vn -0.0997 0.9948 -0.0185
vn 0.0125 0.9843 0.1761
vn 0.0164 0.9930 0.1166
vn -0.0192 0.9891 0.1458
vn 0.0522 0.7856 0.6164
vn 0.1404 0.3012 0.9431
vn 0.1083 0.7032 0.7027
vn 0.1708 0.2503 0.9530
vn -0.0135 0.9882 0.1523
vn 0.4129 0.8812 0.2301
vn 0.2181 0.9599 0.1760
vn 0.6336 0.4436 0.6337
vn 0.7711 0.5766 0.2698
vn 0.7356 0.2104 0.6439
vn 0.4311 -0.0039 0.9023
vn 0.8026 0.0118 0.5963
vn 0.9769 0.0053 0.2134
vn 0.9244 0.2915 0.2458
vn 0.0006 0.0000 -1.0000
vn 0.0006 -0.0100 -0.9999
vn 0.8176 0.4537 0.3545
vn 0.6296 0.7506 0.2006
vn 0.9885 -0.0537 0.1415
vn 0.8810 -0.3593 0.3076
vn 0.6037 -0.7560 0.2529
vn 0.2677 -0.8656 0.4232
vn -0.1802 -0.9411 0.2860
vn -0.5348 -0.7260 0.4322
vn 0.0006 -1.0000 0.0066
vn -0.0251 -0.9997 0.0052
vn 0.4227 -0.8742 -0.2390
vn -0.0002 -1.0000 0.0059
vn 0.0075 -0.9998 0.0144
vn -0.0028 -1.0000 0.0070
vn 0.0205 -0.9992 0.0345
vn 0.0004 -1.0000 0.0038
vn 0.1262 -0.9355 -0.3299
vn 0.0038 -0.9999 0.0081
vn 0.0268 0.9967 -0.0769
vn 0.0321 0.9980 -0.0547
vn 0.1578 0.9859 -0.0560
vn -0.0822 0.9917 -0.0989
vn -0.1448 0.9712 -0.1892
vn -0.0996 0.9729 -0.2085
vn 0.1114 0.9931 0.0368
vn 0.9157 0.3174 -0.2463
vn 0.8927 0.4500 -0.0230
vn 0.8385 0.5411 -0.0640
vn 0.8362 0.4909 -0.2444
vn 0.9564 -0.0503 -0.2876
vn 0.9682 0.2205 -0.1183
vn 0.9698 -0.0230 -0.2426
vn 0.8602 -0.1359 -0.4914
vn 0.5413 -0.0843 -0.8366
vn 0.8058 0.0637 -0.5887
vn 0.8521 -0.0863 -0.5162
vn 0.8330 0.5531 -0.0112
vn 0.8295 0.5583 -0.0125
vn 0.8682 0.4939 0.0474
vn 0.6749 0.7169 0.1746
vn 0.9022 0.4084 0.1385
vn 0.3630 0.9304 0.0504
vn 0.3546 0.8554 0.3775
vn 0.9334 0.3579 0.0248
vn 0.6428 0.7659 -0.0115
vn 0.8838 0.4676 -0.0173
vn 0.7685 -0.6172 0.1684
vn 0.7764 -0.6179 -0.1238
vn 0.4294 0.8838 -0.1858
vn 0.5684 0.8159 -0.1059
vn 0.8527 0.5004 -0.1498
vn 0.8719 0.4660 -0.1503
vn 0.6316 0.7505 -0.1943
vn 0.9843 -0.1553 -0.0841
vn 0.9896 0.0317 -0.1404
vn 0.9504 0.3058 -0.0556
vn 0.7467 0.6642 -0.0337
vn 0.3404 0.9402 0.0098
vn 0.3232 0.9369 0.1329
vn 0.7130 0.7011 0.0041
vn 0.3028 0.9526 0.0277
vn 0.9993 -0.0029 -0.0367
vn 0.9421 0.3345 -0.0210
vn 0.6821 0.7223 0.1136
vn 0.9975 0.0130 0.0689
vn 0.9168 0.3908 0.0814
vn 0.9306 -0.3186 0.1802
vn 0.9682 -0.0524 -0.2444
vn 0.9590 -0.0860 0.2698
vn 0.8709 -0.4455 -0.2074
vn 0.9675 -0.0873 -0.2373
vn 0.9522 -0.1821 0.2450
vn 0.9868 -0.1592 -0.0303
vn 0.9704 -0.0992 -0.2202
vn 0.9615 0.0764 -0.2639
vn 0.6808 -0.7279 -0.0810
vn 0.9099 -0.3970 -0.1200
vn 0.5180 -0.7943 -0.3173
vn 0.8856 -0.2099 -0.4142
vn 0.7075 -0.5932 -0.3841
vn 0.9997 -0.0213 0.0140
vn 0.9303 -0.3635 0.0484
vn 0.8774 -0.1193 -0.4646
vn 0.9998 0.0060 -0.0168
vn 0.9998 -0.0015 -0.0180
vn 0.9990 -0.0144 -0.0414
vn 0.9042 -0.0182 -0.4266
vn 0.2467 -0.6798 -0.6906
vn 0.3588 -0.9332 0.0174
vn 0.8836 -0.0862 0.4602
vn 0.9980 -0.0289 -0.0550
vn 0.9003 -0.0818 0.4274
vn 0.9948 -0.0670 -0.0772
vn 0.9120 -0.2010 0.3575
vn 0.9864 -0.0447 -0.1579
vn 0.9925 -0.0592 0.1066
vn 0.9693 -0.2254 0.0979
vn 0.9898 -0.0697 0.1238
vn 0.9900 0.0183 0.1400
vn 0.8441 -0.5260 0.1041
vn 0.8685 -0.4957 -0.0042
vn 0.9916 -0.0225 0.1274
vn 0.9861 0.0073 -0.1662
vn 0.9985 -0.0029 0.0551
vn 0.9754 -0.0878 -0.2020
vn 0.9853 -0.0200 -0.1699
vn 0.9998 -0.0168 -0.0092
vn 0.9981 -0.0591 -0.0137
vn 0.9047 -0.3403 -0.2562
vn 0.9284 -0.3715 -0.0036
vn 0.8957 -0.4207 -0.1438
vn 0.9771 -0.0681 -0.2017
vn 0.9709 -0.0843 -0.2242
vn -0.8812 -0.3897 0.2676
vn 0.9408 0.0181 -0.3384
vn -0.3281 0.2985 -0.8962
vn 0.0018 -0.0750 -0.9972
vn 0.0405 0.3013 -0.9526
vn 0.8267 0.5625 -0.0143
vn 0.9998 0.0059 -0.0196
vn 0.9966 0.0006 -0.0825
vn 0.8266 0.5588 -0.0671
vn -0.1923 0.1480 0.9701
vn 0.1171 0.9854 0.1235
vn 0.0999 0.9943 0.0369
vn -0.0461 0.9944 0.0953
vn -0.0219 0.9989 0.0414
vn -0.0280 0.9955 0.0904
vn -0.0423 0.9985 0.0343
vn -0.0224 0.9992 0.0331
vn -0.0460 0.9980 0.0417
vn -0.0528 0.9937 -0.0988
vn -0.0001 0.9736 0.2283
vn -0.4510 0.8499 0.2723
vn 0.0005 0.0000 1.0000
vn 0.9180 -0.3720 0.1377
vn 0.8975 -0.4365 0.0631
vn -0.4674 -0.8780 0.1033
vn 0.4490 -0.8503 0.2746
vn -0.4511 -0.8499 0.2722
vn 0.0834 0.3407 0.9365
vn 0.0718 0.2414 0.9677
vn 0.0568 0.0519 0.9970
vn 0.6146 -0.2609 0.7444
vn 0.6911 -0.1253 0.7118
vn -0.9539 -0.0001 0.3002
vn -0.9936 -0.0017 0.1126
vn 0.3312 0.2721 0.9034
vn 0.4250 0.0025 0.9052
vn 0.5469 -0.2621 -0.7950
vn 0.7879 -0.6022 -0.1282
vn 0.9693 -0.0618 -0.2379
vn -0.5283 0.8406 0.1190
vn 0.2932 -0.2821 0.9135
vn 0.0508 -0.3168 0.9471
vn -0.1909 -0.1476 0.9704
vn -0.0007 0.9998 -0.0175
vn -0.0029 0.9998 -0.0159
vn 0.0008 0.9999 -0.0093
vn -0.0009 0.9999 -0.0086
vn -0.4138 0.9103 0.0030
vn 0.3432 0.9225 0.1763
vn 0.3525 0.9358 -0.0024
vn -0.3453 0.9216 0.1769
vn 0.0161 0.9117 -0.4105
vn 0.8148 0.5160 -0.2641
vn -0.0011 0.9998 -0.0197
vn 0.3182 0.9312 0.1774
vn 0.0035 0.9998 -0.0171
vn -0.1769 0.9538 -0.2427
vn -0.6488 0.6803 0.3409
vn 0.0616 0.9043 0.4224
vn -0.6546 0.7367 0.1696
vn 0.0752 0.9948 0.0689
vn 0.0546 0.9747 0.2166
vn 0.7195 0.6932 0.0403
vn 0.6991 0.6980 0.1547
vn 0.7042 0.6314 0.3246
vn 0.0880 0.9675 0.2369
vn 0.1339 -0.1064 -0.9852
vn 0.0520 -0.0422 -0.9977
vn 0.0411 0.1239 -0.9914
vn -0.0309 0.9987 -0.0410
vn -0.8038 0.2410 -0.5439
vn -0.6224 -0.0311 -0.7821
vn -0.0893 0.9949 -0.0470
vn -0.0050 0.8659 0.5001
vn 0.0387 0.6427 -0.7652
vn 0.7321 0.6758 -0.0849
vn -0.3810 -0.0754 -0.9215
vn 0.0402 0.0636 -0.9972
vn -0.2997 0.0482 -0.9528
vn 0.8328 0.5534 -0.0102
vn 0.9963 -0.0014 -0.0852
vn 0.8262 0.5585 -0.0738
vn 0.9998 -0.0044 -0.0169
vn 0.4682 -0.8834 -0.0201
vn 0.4687 -0.8798 -0.0787
vn -0.9938 -0.0221 -0.1085
vn -0.9991 0.0202 -0.0356
vn -0.9931 -0.0360 -0.1110
vn -0.9932 -0.0144 -0.1156
vn -0.5984 -0.8011 -0.0113
vn -0.6884 -0.7210 -0.0787
vn -0.9989 -0.0057 -0.0465
vn -0.2564 -0.9564 0.1397
vn 0.1539 0.0000 0.9881
vn -0.0004 0.0000 1.0000
vn 0.4132 0.0000 0.9106
vn 0.0980 0.3687 -0.9243
vn 0.0508 0.3687 -0.9281
vn 0.4212 -0.0809 0.9033
vn 0.7811 -0.1569 0.6043
vn -0.4922 0.0829 0.8665
vn 0.2867 0.0106 0.9579
vn -0.5433 -0.1516 0.8257
vn 0.3193 -0.0556 0.9460
vn 0.8516 0.4468 -0.2738
vn 0.0566 0.8740 -0.4827
vn -0.2308 0.8401 -0.4907
vn -0.0005 -0.0061 -1.0000
vn -0.0005 0.0000 -1.0000
vn -0.0005 0.0061 -1.0000
vn -0.9998 -0.0045 -0.0169
vn -0.8328 0.5534 -0.0102
vn -0.9963 -0.0014 -0.0852
vn -0.8262 0.5585 -0.0738
vn 0.4629 0.8804 -0.1027
vn 0.7620 0.6459 -0.0463
vn 0.9989 -0.0057 -0.0465
vn 0.9932 -0.0006 -0.1164
vn 0.4698 -0.8821 -0.0329
vn 0.4605 -0.8827 -0.0937
vn -0.0343 -0.9822 0.1845
vn 0.0003 -0.9999 -0.0109
vn -0.1484 -0.9837 0.1010
vn 0.3348 -0.9416 -0.0364
vn 0.2354 -0.9718 0.0148
vn -0.6338 0.3072 0.7098
vn 0.7279 -0.2448 0.6404
vn 0.8386 -0.5436 0.0356
vn -0.2825 0.9587 0.0333
vn -0.2421 0.9701 0.0134
vn -0.2008 0.9794 -0.0187
vn -0.1734 0.9848 0.0042
vn 0.0485 -0.0974 0.9940
vn -0.4682 -0.8834 -0.0201
vn -0.4687 -0.8798 -0.0787
vn -0.9920 0.0003 0.1263
vn -0.8227 0.5579 0.1088
vn 0.5283 0.8406 0.1190
vn 0.0000 0.9989 0.0456
vn 0.0000 0.9951 0.0982
vn 0.9936 -0.0018 0.1126
vn 0.4674 -0.8780 0.1033
vn -0.4653 -0.8782 0.1107
vn -0.7971 0.5445 0.2610
vn -0.9522 0.0001 0.3053
vn 0.4510 0.8499 0.2723
vn 0.0001 0.9736 0.2283
vn 0.9539 -0.0001 0.3002
vn 0.4511 -0.8499 0.2722
vn -0.4490 -0.8502 0.2746
vn -0.0005 0.0000 1.0000
vn 0.9997 -0.0054 -0.0252
vn 0.7266 -0.1852 -0.6616
vn -0.9998 0.0059 -0.0196
vn -0.8267 0.5625 -0.0143
vn -0.9966 0.0006 -0.0825
vn -0.8266 0.5588 -0.0671
vn 0.4694 0.8824 -0.0327
vn -0.0000 0.9975 -0.0706
vn 0.0000 0.9998 -0.0215
vn 0.4599 0.8829 -0.0944
vn 0.9990 0.0046 -0.0434
vn 0.9928 0.0016 -0.1194
vn 0.4728 -0.8806 -0.0298
vn 0.4615 -0.8809 -0.1052
vn -0.4709 -0.8819 -0.0198
vn 0.7819 -0.6197 0.0678
vn -0.4719 -0.8773 -0.0873
vn -0.8213 0.5604 0.1070
vn -0.9918 0.0017 0.1279
vn 0.0000 0.9960 0.0888
vn 0.4671 0.8781 0.1035
vn 0.9938 -0.0002 0.1109
vn 0.4695 -0.8761 0.1094
vn 0.4065 -0.6575 0.6344
vn 0.1061 -0.7149 0.6912
vn 0.1007 -0.7109 0.6960
vn 0.1170 -0.6054 0.7873
vn 0.1223 -0.6287 0.7679
vn 0.1878 -0.7151 0.6733
vn 0.0324 -0.7361 0.6760
vn 0.0762 -0.6119 0.7872
vn -0.2298 -0.7085 0.6672
vn -0.1113 -0.5536 0.8253
vn -0.5579 -0.4622 0.6893
vn -0.3622 -0.3866 0.8481
vn -0.6597 -0.1668 0.7327
vn -0.8743 0.4641 0.1419
vn -0.9269 0.3752 0.0023
vn -0.4660 -0.8768 0.1185
vn 0.6541 -0.4367 0.6176
vn -0.7971 0.5445 0.2609
vn -0.6915 0.1119 0.7136
vn -0.5030 0.2551 0.8257
vn 0.7362 -0.2090 0.6436
vn 0.7777 -0.1487 0.6107
vn 0.6903 -0.1513 0.7074
vn 0.1230 -0.0034 0.9924
vn 0.2945 0.8063 0.5130
vn 0.1375 0.0069 -0.9904
vn 0.1375 0.0070 -0.9905
vn 0.9538 -0.0001 0.3003
vn 0.4510 0.8499 0.2724
vn -0.3017 0.9529 0.0309
vn -0.2243 0.8482 0.4798
vn 0.6913 -0.7215 -0.0388
vn 0.6511 -0.7135 -0.2586
vn 0.5984 -0.8011 -0.0113
vn 0.2564 -0.9564 0.1397
vn 0.0278 -0.9992 0.0280
vn 0.4511 -0.8499 0.2723
vn 0.9998 0.0134 -0.0140
vn -0.4490 -0.8503 0.2746
vn -0.0005 -0.0101 -0.9999
vn -0.0006 -0.0100 -0.9999
vn -0.0006 0.0000 -1.0000
vn -0.0006 0.0100 -0.9999
vn -0.0005 0.0101 -0.9999
vn -0.8401 0.5423 -0.0103
vn -0.9973 0.0013 -0.0735
vn -0.9999 0.0009 -0.0143
vn -0.8424 0.5356 -0.0591
vn 0.4794 0.8768 -0.0366
vn -0.0000 0.9975 -0.0705
vn 0.4699 0.8771 -0.0993
vn 0.9986 -0.0009 -0.0533
vn 0.9923 -0.0014 -0.1233
vn 0.4802 -0.8764 -0.0370
vn 0.4712 -0.8766 -0.0977
vn -0.4776 -0.8784 -0.0178
vn -0.4832 -0.8722 -0.0756
vn -0.9925 0.0005 0.1220
vn -0.8337 0.5420 0.1050
vn 0.4768 0.8733 0.1000
vn 0.9949 -0.0005 0.1004
vn 0.4773 -0.8730 0.0998
vn -0.4741 -0.8735 0.1104
vn -0.8105 0.5284 0.2528
vn -0.9560 0.0003 0.2934
vn 0.4607 0.8457 0.2691
vn 0.0001 0.9735 0.2287
vn 0.0000 1.0000 -0.0003
vn 0.4068 0.9135 0.0005
vn 0.9578 -0.0003 0.2875
vn 0.2248 0.1393 0.9644
vn 0.8930 0.4419 -0.0846
vn 0.7967 -0.5997 0.0750
vn 0.8776 -0.4143 0.2412
vn 0.8912 -0.3642 -0.2702
vn 0.4610 -0.8457 0.2689
vn 0.9999 -0.0094 0.0070
vn -0.4579 -0.8464 0.2718
vn -0.0018 0.0000 1.0000
vn 0.0004 0.0000 1.0000
vn -0.1539 0.0000 0.9881
vn -0.4132 0.0000 0.9106
vn -0.8812 -0.3755 -0.2871
vn -0.6789 -0.6244 -0.3862
vn 0.9992 -0.0088 -0.0374
vn 0.9935 0.0581 -0.0981
vn 0.9994 0.0215 0.0269
vn 0.9870 0.1167 -0.1100
vn 0.9991 0.0290 -0.0296
vn 0.9984 0.0206 -0.0530
vn 0.9975 0.0200 -0.0670
vn 0.0005 -0.0061 -1.0000
vn 0.0005 0.0000 -1.0000
vn 0.0005 0.0061 -1.0000
vn -0.7620 0.6459 -0.0463
vn -0.4629 0.8804 -0.1027
vn 0.7020 0.1588 -0.6942
vn 0.8150 0.1020 -0.5704
vn -0.9932 -0.0006 -0.1164
vn -0.4698 -0.8821 -0.0329
vn -0.9472 -0.0197 -0.3200
vn -0.8646 0.1659 -0.4742
vn 0.0651 0.9976 -0.0241
vn 0.0744 0.9971 -0.0165
vn -0.5555 0.8278 -0.0776
vn -0.4605 -0.8827 -0.0937
vn 0.8227 0.5579 0.1088
vn 0.9920 0.0003 0.1263
vn 0.4653 -0.8782 0.1107
vn -0.1520 0.0646 -0.9862
vn -0.7136 0.2355 -0.6598
vn -0.1961 0.1783 -0.9642
vn -0.8098 0.4406 -0.3872
vn -0.3758 0.4826 -0.7911
vn -0.4692 0.8828 0.0206
vn -0.5050 0.8400 -0.1983
vn -0.8265 0.5625 0.0208
vn -0.7143 0.4188 0.5606
vn -0.4393 0.8606 0.2578
vn -0.7086 0.1630 0.6865
vn -0.1603 0.4172 0.8946
vn -0.3187 0.7462 0.5844
vn -0.1666 0.2467 0.9546
vn -0.0496 -0.0155 0.9986
vn 0.4889 -0.3139 -0.8139
vn -0.4864 0.7461 -0.4546
vn 0.5335 -0.8358 0.1293
vn 0.3173 -0.9002 -0.2982
vn 0.7313 -0.1130 0.6726
vn 0.8280 -0.5044 0.2448
vn 0.7110 -0.3812 0.5908
vn 0.4561 -0.8893 -0.0317
vn 0.2971 -0.7564 -0.5827
vn 0.5240 -0.3677 -0.7683
vn 0.4914 -0.2236 -0.8417
vn 0.6370 0.0120 -0.7707
vn 0.5544 -0.7169 0.4227
vn 0.7971 0.5445 0.2610
vn 0.9522 0.0001 0.3053
vn -0.0363 0.1072 -0.9936
vn -0.6573 0.2781 -0.7004
vn -0.0897 0.2402 -0.9666
vn -0.2358 0.5889 -0.7731
vn -0.7572 0.5011 -0.4189
vn -0.4059 0.8208 -0.4018
vn -0.5254 0.8256 -0.2057
vn -0.8530 0.5201 -0.0427
vn -0.7796 0.4186 0.4657
vn -0.5230 0.8283 0.2007
vn -0.3760 0.5439 0.7501
vn -0.7778 0.1525 0.6097
vn -0.3538 0.2292 0.9068
vn -0.2933 0.1100 0.9497
vn 0.2845 -0.5206 -0.8050
vn 0.8673 0.2323 -0.4403
vn 0.9882 0.1530 -0.0070
vn 0.8835 0.3437 0.3182
vn -0.8675 0.3792 0.3218
vn -0.9835 0.1808 0.0007
vn -0.8605 0.3440 0.3757
vn -0.7188 0.4169 -0.5563
vn -0.5333 0.5156 0.6706
vn 0.0844 0.5741 0.8144
vn -0.5743 0.4070 0.7103
vn 0.6396 0.4409 0.6296
vn -0.8479 0.2752 -0.4531
vn 0.0978 0.2929 -0.9511
vn 0.0684 0.4276 -0.9014
vn 0.0377 0.6829 0.7295
vn -0.7555 0.4747 0.4514
vn -0.9472 0.2639 0.1819
vn -0.9983 0.0573 0.0043
vn 0.9985 0.0546 -0.0069
vn 0.9480 0.2445 0.2035
vn 0.7907 0.4335 0.4322
vn 0.9325 0.0104 -0.3610
vn 0.1382 -0.0842 -0.9868
vn -0.9008 0.0120 -0.4339
vn 0.0784 0.7602 0.6448
vn -0.7522 0.5093 0.4181
vn -0.9501 0.2858 0.1250
vn -0.9541 0.2938 0.0586
vn -0.9512 0.2488 0.1826
vn 0.9540 0.2961 0.0461
vn 0.9614 0.2751 0.0052
vn 0.9548 0.2301 0.1882
vn 0.9543 0.2695 0.1288
vn 0.8090 0.4454 0.3836
vn 0.9164 0.1508 -0.3707
vn 0.0696 -0.2090 -0.9754
vn -0.8959 0.1243 -0.4265
vn -0.9617 0.2728 0.0263
vn -0.6660 0.7438 0.0570
vn -0.6923 0.7110 -0.1229
vn 0.6791 -0.7227 0.1283
vn 0.6214 -0.7102 -0.3307
vn -0.4694 0.8824 -0.0327
vn -0.4599 0.8829 -0.0944
vn -0.9990 0.0046 -0.0434
vn -0.9928 0.0016 -0.1194
vn -0.4728 -0.8806 -0.0298
vn -0.4615 -0.8809 -0.1052
vn 0.4709 -0.8820 -0.0198
vn 0.4719 -0.8773 -0.0873
vn 0.8213 0.5604 0.1070
vn 0.9918 0.0017 0.1279
vn -0.4671 0.8781 0.1035
vn -0.9938 -0.0003 0.1109
vn -0.4695 -0.8761 0.1094
vn 0.0566 0.5063 0.8605
vn 0.9995 0.0176 -0.0270
vn 0.9991 0.0029 -0.0425
vn 0.9984 0.0013 -0.0566
vn 0.4660 -0.8768 0.1185
vn -0.7688 0.2492 -0.5889
vn 0.0011 0.3727 0.9279
vn 0.7971 0.5445 0.2609
vn -0.8854 0.1599 -0.4364
vn 0.4216 -0.8871 -0.1877
vn 0.7880 0.0037 0.6156
vn 0.1404 -0.9692 -0.2021
vn 0.0006 -1.0000 0.0071
vn 0.6399 -0.7236 0.2587
vn 0.6273 -0.7103 -0.3193
vn -0.0084 -0.9644 0.2642
vn 0.0960 -0.9807 0.1699
vn -0.3112 -0.4619 0.8305
vn -0.9538 -0.0002 0.3002
vn -0.4510 0.8499 0.2724
vn 0.0862 0.3815 -0.9203
vn -0.4511 -0.8499 0.2723
vn 0.0005 -0.0101 -0.9999
vn 0.0006 0.0100 -0.9999
vn 0.0005 0.0101 -0.9999
vn 0.9973 0.0013 -0.0735
vn 0.8401 0.5423 -0.0103
vn 0.9999 0.0009 -0.0143
vn 0.8424 0.5356 -0.0591
vn -0.4699 0.8771 -0.0993
vn -0.9923 -0.0014 -0.1233
vn -0.4802 -0.8764 -0.0370
vn -0.4712 -0.8766 -0.0977
vn 0.4776 -0.8784 -0.0178
vn 0.4832 -0.8722 -0.0756
vn 0.8338 0.5420 0.1050
vn 0.9925 0.0005 0.1220
vn -0.4768 0.8733 0.1000
vn -0.4773 -0.8730 0.0998
vn 0.4741 -0.8735 0.1104
vn 0.8105 0.5283 0.2528
vn 0.9560 0.0003 0.2933
vn -0.4607 0.8457 0.2691
vn -0.0001 0.9735 0.2287
vn 0.8665 -0.4483 0.2194
vn 0.7933 -0.4450 -0.4154
vn 0.7452 -0.1419 -0.6515
vn 0.6196 -0.1414 0.7720
vn 0.6408 -0.0849 0.7630
vn 0.7006 -0.3777 0.6054
vn 0.4180 -0.8964 0.1476
vn 0.8744 0.4601 0.1543
vn 0.9384 0.3451 -0.0143
vn -1.0000 0.0012 -0.0027
vn -0.9302 0.3670 -0.0027
vn 0.1373 0.0074 -0.9905
vn 0.3590 0.9333 0.0002
vn -0.9336 0.3582 -0.0027
vn 0.9243 0.3816 0.0010
vn 0.9021 0.4315 0.0011
vn -0.7256 0.6881 -0.0023
vn -0.7256 0.6881 -0.0022
vn 0.3154 0.4526 0.8340
vn 0.6201 0.6763 0.3976
vn 0.0601 0.9172 0.3938
vn 0.0446 0.9413 -0.3346
vn 0.0422 0.9420 -0.3329
vn -0.6850 0.6844 -0.2494
vn -0.9532 0.1288 -0.2735
vn -0.8836 0.3778 -0.2765
vn 0.6609 -0.7352 -0.1506
vn 0.6843 -0.7231 -0.0936
vn 0.7425 -0.6699 0.0028
vn 0.5826 -0.8123 0.0277
vn 0.5974 -0.8018 0.0088
vn 0.8123 -0.5588 -0.1672
vn 0.8184 -0.4005 -0.4120
vn 0.9651 -0.2616 -0.0123
vn 0.9698 -0.2438 -0.0105
vn -0.0068 -0.1117 -0.9937
vn -0.0061 -0.1114 -0.9937
vn 0.1751 0.3159 0.9325
vn -0.0043 1.0000 -0.0009
vn 0.0051 0.9907 0.1356
vn 0.9843 -0.1480 0.0956
vn 0.7120 -0.4044 -0.5739
vn 0.5315 0.8465 -0.0312
vn 0.0667 -0.9977 -0.0066
vn 0.3288 -0.9433 -0.0439
vn 0.6399 -0.7636 -0.0865
vn 0.9919 -0.1023 0.0750
vn 0.9980 -0.0285 0.0562
vn 0.9997 0.0211 0.0123
vn 0.0029 0.0000 1.0000
vn 0.9987 0.0141 0.0492
vn 0.4058 0.5984 0.6908
vn -0.7826 0.6203 0.0512
vn -0.1596 -0.0271 -0.9868
vn -0.1758 0.1889 -0.9661
vn 0.3374 0.9337 -0.1200
vn -0.0947 -0.0552 -0.9940
vn 0.3105 -0.9376 -0.1565
vn 0.3470 -0.9197 0.1838
vn 0.4103 -0.3985 0.8202
vn 0.0752 0.9655 0.2491
vn -0.0396 -0.0496 -0.9980
vn 0.0323 0.0160 -0.9993
vn 0.8228 -0.0242 0.5678
vn 0.0433 0.0475 -0.9979
vn -0.0623 -0.0311 -0.9976
vn 0.3186 0.3459 -0.8825
vn -0.3470 -0.9197 0.1838
vn -0.3104 -0.9376 -0.1565
vn -0.9578 -0.0003 0.2875
vn 0.1138 -0.9922 0.0502
vn 0.0286 -0.9995 0.0145
vn -0.8484 0.3558 0.3919
vn -0.8008 -0.4108 0.4358
vn -0.5412 0.7698 0.3383
vn -0.0145 0.9754 0.2199
vn -0.2897 0.0690 0.9546
vn -0.3727 0.1273 0.9192
vn 1.0000 0.0012 -0.0027
vn 0.8083 -0.5881 -0.0274
vn 0.9491 -0.3025 -0.0873
vn 0.9302 0.3670 -0.0027
vn -0.1374 0.0073 -0.9905
vn -0.1375 0.0069 -0.9904
vn -0.1375 0.0070 -0.9905
vn -0.1373 0.0074 -0.9905
vn -0.3590 0.9333 0.0002
vn -0.4068 0.9135 0.0005
vn 0.9336 0.3582 -0.0027
vn -0.8069 -0.5900 -0.0285
vn -0.9243 0.3817 0.0010
vn -0.9358 -0.3408 -0.0905
vn -0.9021 0.4315 0.0011
vn 0.7256 0.6881 -0.0023
vn 0.7256 0.6881 -0.0022
vn 0.3561 -0.9294 -0.0972
vn -0.3006 -0.9501 -0.0828
vn -0.3892 0.8682 -0.3078
vn -0.0422 0.9420 -0.3329
vn -0.0446 0.9413 -0.3346
vn -0.6781 0.6322 -0.3747
vn 0.9532 0.1288 -0.2735
vn 0.6850 0.6844 -0.2494
vn 0.8836 0.3778 -0.2765
vn 0.6789 -0.6244 -0.3862
vn 0.8812 -0.3755 -0.2871
vn 0.3010 -0.8979 -0.3212
vn -0.6610 -0.6556 -0.3651
vn -0.3926 -0.8674 -0.3056
vn -0.8912 -0.3642 -0.2702
vn -0.9017 0.3422 -0.2642
vn -0.9738 0.0648 0.2178
vn -0.7764 -0.6179 -0.1238
vn -0.7685 -0.6172 0.1684
vn -0.9984 0.0458 -0.0331
vn -0.4924 -0.7669 -0.4115
vn -0.4103 -0.3985 0.8202
vn 0.3112 -0.4619 0.8305
vn 0.7826 0.6203 0.0512
vn 0.1483 -0.0758 -0.9860
vn 0.0316 -0.1458 -0.9888
vn 0.1596 -0.0271 -0.9868
vn 0.1758 0.1889 -0.9661
vn -0.4610 -0.8457 0.2689
vn 0.4579 -0.8464 0.2718
vn -0.0752 0.9655 0.2490
vn -0.0323 0.0160 -0.9993
vn -0.8228 -0.0242 0.5678
vn -0.6201 0.6762 0.3976
vn -0.6215 0.7756 0.1101
vn 0.0623 -0.0311 -0.9976
vn -0.0433 0.0475 -0.9979
vn -0.3186 0.3459 -0.8825
vn 0.0018 0.0000 1.0000
vn -0.4590 0.5669 0.6841
vn -0.3478 0.3994 0.8482
vn 0.1211 0.4142 0.9021
vn 0.3700 0.0000 0.9290
vn 0.6368 0.0000 0.7710
vn -0.5706 -0.0004 0.8212
vn -0.7497 -0.0002 0.6617
vn 0.2330 0.6321 0.7390
vn -0.4590 -0.5665 0.6843
vn 0.1211 -0.4142 0.9021
vn 0.2330 -0.6321 0.7390
vn -0.3482 -0.3994 0.8481
vn -0.1910 0.7919 -0.5800
vn 0.0907 0.9712 -0.2202
vn 0.2619 0.6401 -0.7223
vn 1.0000 0.0000 0.0000
vn 0.4709 0.8822 0.0000
vn 0.5376 0.8432 0.0000
vn -1.0000 0.0000 0.0000
vn -0.8660 0.5000 0.0000
vn -0.5307 -0.8475 0.0000
vn -0.4620 -0.8869 0.0000
vn 0.4709 -0.8821 0.0000
vn 0.5376 -0.8432 0.0000
vn -0.2825 0.9490 -0.1395
vn -0.5743 0.7846 -0.2336
vn -0.8811 0.4676 -0.0707
vn -0.6195 -0.7203 0.3121
vn -0.0950 -0.9943 0.0474
vn -0.3038 -0.9400 0.1552
vn 0.9845 -0.0172 -0.1747
vn 0.9531 0.2421 -0.1817
vn 0.9962 -0.0309 0.0805
vn 0.3419 0.7865 -0.5143
vn 0.8522 0.3416 -0.3962
vn 0.1963 0.2458 -0.9492
vn -0.8523 0.3416 -0.3961
vn -0.8304 -0.4753 -0.2907
vn -0.9027 0.2862 0.3212
vn 0.6195 -0.7203 0.3121
vn 0.3038 -0.9400 0.1552
vn 0.0950 -0.9943 0.0474
vn 0.8919 0.3756 -0.2517
vn 0.3380 0.8501 -0.4038
vn 0.8678 0.4764 -0.1412
vn 0.4200 0.6517 -0.6315
vn -0.0014 -1.0000 0.0042
vn 0.4738 0.1496 -0.8678
vn 0.9233 0.0790 -0.3759
vn 0.5208 -0.4014 -0.7534
vn 0.0244 0.9143 -0.4042
vn 0.7010 0.6556 -0.2807
vn 0.0270 0.8584 -0.5122
vn 0.9228 0.2031 -0.3274
vn 0.4548 0.4232 -0.7836
vn 0.2920 0.9383 -0.1850
vn -0.3195 0.8372 -0.4439
vn -0.6420 0.6907 -0.3329
vn -0.6232 0.5688 -0.5366
vn -0.6090 0.1419 -0.7804
vn -0.6139 0.3786 -0.6926
vn 0.8155 0.1776 -0.5509
vn 0.7989 0.4917 -0.3463
vn -0.7697 0.5355 -0.3475
vn -0.7592 0.2310 -0.6084
vn -0.5669 -0.2974 -0.7682
vn -0.5688 -0.7635 -0.3059
vn -0.4837 -0.6173 -0.6204
vn 0.7471 -0.6168 -0.2476
vn 0.5828 -0.4982 -0.6420
vn 0.8856 0.4564 -0.0856
vn 0.1658 0.9316 -0.3233
vn -0.6640 0.6893 -0.2897
vn -0.6775 0.7202 -0.1488
vn -0.1062 0.9507 -0.2912
vn 0.0000 -1.0000 -0.0004
vn 0.0000 0.0172 -0.9998
vn 0.0000 -1.0000 0.0016
vn 0.0000 -1.0000 0.0012
vn 0.0006 -1.0000 -0.0001
vn 0.6368 0.7198 -0.2761
vn 0.3831 0.9035 -0.1921
vn 0.2871 0.8913 -0.3508
vn -0.1503 0.9435 -0.2953
vn -0.0541 0.9625 -0.2656
vn 0.9225 0.3807 -0.0644
vn 0.9051 0.3244 -0.2748
vn 0.9116 0.4060 0.0649
vn 0.9555 0.0891 0.2813
vn 0.5452 0.7400 0.3937
vn 0.9637 0.1279 0.2343
vn 0.6758 0.4193 0.6062
vn 0.5839 0.1948 0.7881
vn 0.7169 -0.6581 0.2301
vn 0.4212 -0.6564 0.6258
vn 0.9941 0.0065 0.1082
vn 0.9418 -0.0155 0.3357
vn 0.4270 0.7947 0.4315
vn 0.9639 0.2407 0.1134
vn 0.5938 0.6014 0.5345
vn 0.8936 0.3784 0.2412
vn 0.4582 0.2177 0.8617
vn 0.8885 0.0961 0.4487
vn 0.7627 -0.6084 0.2192
vn 0.4994 -0.3407 0.7965
vn 0.4195 -0.7783 0.4671
vn 0.8937 0.0000 0.4485
vn 0.4346 0.0000 0.9006
vn 1.0000 0.0001 -0.0009
vn 1.0000 0.0000 -0.0041
vn 0.5711 0.7656 0.2961
vn 0.3255 0.8650 0.3818
vn 0.3644 0.4000 0.8409
vn 0.2117 0.4550 0.8650
vn 0.5178 0.0806 0.8516
vn 0.9027 0.2862 0.3212
vn -0.8641 0.3014 -0.4030
vn -0.5654 0.8035 -0.1862
vn -0.3605 0.2924 -0.8857
vn -0.2231 0.9466 -0.2325
vn -0.6062 0.4888 -0.6273
vn 0.9595 0.2624 0.1022
vn 0.6084 0.7759 0.1667
vn 0.5912 0.7885 -0.1694
vn 0.6060 0.2098 -0.7672
vn 0.0362 0.8253 -0.5634
vn 0.0000 0.3380 -0.9411
vn 0.0000 0.8317 -0.5553
vn 0.4158 0.9067 0.0705
vn 0.9615 0.1141 0.2501
vn 0.2768 0.2431 0.9296
vn -0.0685 0.9905 0.1191
vn 0.1657 0.7881 0.5928
vn 0.2014 0.6877 0.6974
vn 0.4165 0.8063 0.4201
vn 0.3803 0.1148 0.9177
vn -0.9006 0.0011 -0.4345
vn -0.3366 0.0042 -0.9416
vn -0.6854 0.0080 -0.7281
vn -0.0040 -1.0000 0.0037
vn -0.0012 -1.0000 0.0044
vn -0.0003 -0.9999 0.0154
vn -0.0000 -0.9998 0.0179
vn 0.8726 0.2816 -0.3991
vn 0.5652 -0.5548 -0.6105
vn -0.0554 -0.7339 -0.6770
vn 0.5891 -0.6849 -0.4288
vn 0.7575 -0.1100 -0.6435
vn 0.8775 -0.3664 -0.3093
vn -0.3347 -0.1932 -0.9223
vn -0.0002 -0.8275 -0.5614
vn -0.5521 -0.5577 -0.6198
vn -0.0001 -0.9611 -0.2760
vn -0.4435 -0.8532 -0.2745
vn -0.9284 -0.2352 -0.2875
vn -0.9284 0.2352 -0.2875
vn -0.4435 0.8532 -0.2745
vn -0.5521 0.5577 -0.6198
vn 0.0002 -0.8736 0.4867
vn -0.2679 -0.7646 0.5862
vn -0.4064 -0.6730 0.6179
vn -0.6522 -0.4258 0.6271
vn -0.6522 0.4258 0.6271
vn -0.2679 0.7646 0.5861
vn -0.4064 0.6730 0.6179
vn -0.0433 -0.8799 -0.4732
vn -0.0722 -0.7337 -0.6756
vn -0.0002 0.8275 -0.5614
vn -0.3347 0.1932 -0.9223
vn -0.0001 0.9611 -0.2760
vn 0.0002 0.8736 0.4866
vn 0.0002 0.8736 0.4867
vn -0.0447 -0.8660 -0.4981
vn 0.8304 -0.4753 -0.2907
vn -0.0938 -0.1846 -0.9783
vn 0.5941 -0.1330 -0.7933
vn -0.0965 -0.1717 -0.9804
vn 0.0451 0.8337 -0.5503
vn -0.0821 0.2149 -0.9732
vn -0.0062 0.3961 0.9182
vn -0.0016 1.0000 -0.0062
vn 0.0000 0.6696 0.7427
vn 0.1382 0.7081 0.6924
vn 0.1286 0.8549 0.5025
vn 0.2483 0.2197 0.9434
vn 0.1185 0.8591 0.4979
vn 0.2250 0.2479 0.9423
vn 0.0975 0.8622 0.4970
vn 0.1882 0.2498 0.9498
vn 0.0000 0.8462 0.5329
vn 0.0000 0.2564 0.9666
vn 0.2463 0.2366 0.9398
vn 0.1182 0.8617 0.4935
vn 0.2250 0.2460 0.9427
vn 0.1408 0.8465 0.5134
vn 0.0963 0.8661 0.4904
vn 0.1849 0.2581 0.9482
vn 0.0000 0.8484 0.5292
vn 0.0000 0.2576 0.9662
vn 0.0364 0.9883 0.1477
vn 0.1374 -0.6978 0.7030
vn 0.1696 -0.6847 0.7087
vn 0.2241 -0.5238 0.8218
vn -0.1378 0.9832 0.1195
vn 0.7414 -0.6708 -0.0160
vn -0.0165 0.0361 0.9992
vn 0.0284 -0.4248 0.9048
vn 0.8837 -0.2430 0.4000
vn 1.0000 -0.0042 -0.0039
vn -0.0943 -0.3018 0.9487
vn 0.2062 -0.0048 0.9785
vn 0.0075 -0.9997 0.0236
vn -0.0828 0.7469 0.6597
vn -0.3715 0.8930 0.2540
vn 0.0031 0.9994 0.0343
vn 0.0003 1.0000 0.0011
vn 0.0014 0.9999 0.0100
vn 0.3736 0.6207 0.6892
vn 0.1168 -0.7111 0.6934
vn 0.0116 -0.1294 0.9915
vn 0.2334 -0.0044 0.9724
vn -0.2953 0.6890 0.6618
vn 0.1187 0.7122 0.6919
vn -0.1530 -0.6916 0.7059
vn -0.2333 -0.4203 0.8769
vn -0.0098 -0.5462 0.8376
vn 0.1162 0.7195 0.6846
vn 0.1269 -0.6838 0.7185
vn 0.1374 -0.6914 0.7092
vn 0.0816 -0.7055 0.7040
vn 0.1578 -0.6866 0.7097
vn 0.0000 -0.6654 0.7465
vn 0.0000 -0.7215 0.6924
vn 0.0000 0.7288 0.6847
vn 0.0803 0.7218 0.6874
vn 0.1459 0.6153 0.7747
vn 0.1604 0.6738 0.7212
vn 0.0000 -0.7076 0.7066
vn 0.5898 -0.0042 -0.8075
vn 0.0000 0.7253 0.6884
vn 0.0821 0.7168 0.6925
vn 0.0820 -0.7136 0.6956
vn 0.0000 -0.7714 0.6363
vn -0.0002 1.0000 -0.0018
vn 0.0000 1.0000 0.0001
vn 0.0266 0.9251 -0.3786
vn 0.3347 -0.1932 -0.9223
vn 0.5521 -0.5577 -0.6198
vn 0.0002 -0.8275 -0.5614
vn 0.0001 -0.9611 -0.2760
vn 0.4435 -0.8532 -0.2745
vn 0.9284 -0.2352 -0.2875
vn 0.4435 0.8532 -0.2745
vn 0.9284 0.2352 -0.2875
vn 0.5521 0.5577 -0.6198
vn -0.0002 -0.8736 0.4867
vn 0.2679 -0.7646 0.5862
vn 0.4064 -0.6730 0.6179
vn 0.6522 -0.4258 0.6271
vn 0.2679 0.7646 0.5861
vn 0.6522 0.4258 0.6271
vn 0.4064 0.6730 0.6179
vn 0.3347 0.1932 -0.9223
vn 0.0002 0.8275 -0.5614
vn 0.0001 0.9611 -0.2760
vn -0.0002 0.8736 0.4866
vn -0.0002 0.8736 0.4867
vn 0.0339 0.8723 -0.4877
vn 0.0000 0.9297 -0.3682
vn 0.0000 0.8791 -0.4766
vn 0.2701 -0.8009 0.5344
vn 0.4819 0.2767 0.8313
vn 0.6997 -0.0088 0.7143
vn 0.2759 0.1257 0.9529
vn 0.6914 0.7190 0.0706
vn 0.4716 0.3756 -0.7978
vn 0.6997 0.0807 -0.7098
vn -0.2784 -0.1269 -0.9520
vn -0.1948 0.0515 -0.9795
vn -0.8305 -0.5559 -0.0348
vn -0.9987 -0.0513 -0.0032
vn -0.5428 -0.4060 0.7351
vn -0.7061 -0.0806 0.7034
vn 0.1219 0.5913 0.7972
vn 0.0670 0.2917 0.9541
vn 0.2851 0.9524 0.1076
vn 0.1406 0.7011 -0.6991
vn -0.0490 -0.1903 -0.9805
vn -0.1878 -0.9792 -0.0761
vn -0.1308 -0.7356 0.6647
vn -0.0118 0.4396 0.8981
vn 0.1151 0.3179 0.9411
vn -0.4668 0.7607 0.4510
vn -0.6808 0.5244 -0.5113
vn -0.1460 -0.3677 -0.9184
vn 0.5813 -0.8077 -0.0983
vn 0.6695 -0.5451 0.5045
vn -0.1160 0.4796 0.8698
vn 0.2575 0.4318 0.8644
vn -0.7795 0.3545 0.5163
vn -0.9915 -0.0005 -0.1295
vn -0.6195 -0.3783 -0.6878
vn 0.1181 -0.5522 -0.8253
vn 0.8031 -0.4067 -0.4355
vn 0.9802 -0.0683 0.1860
vn 0.9004 0.0839 0.4268
vn -0.1869 0.6765 0.7123
vn 0.2022 0.6463 0.7358
vn -0.8086 0.4457 0.3841
vn -0.9888 -0.0467 -0.1414
vn -0.5977 -0.5585 -0.5751
vn 0.2197 -0.7509 -0.6227
vn 0.8602 -0.4516 -0.2367
vn 0.9684 0.0409 0.2458
vn 0.8849 0.2353 0.4020
vn -0.1490 0.9225 0.3561
vn 0.2495 0.8895 0.3828
vn -0.7858 0.6007 0.1469
vn -0.9899 -0.0555 -0.1304
vn -0.6266 -0.7146 -0.3109
vn 0.1488 -0.9482 -0.2806
vn 0.8211 -0.5684 -0.0510
vn 0.9695 0.1195 0.2140
vn 0.8640 0.4063 0.2974
vn -0.0736 0.9827 0.1701
vn 0.2797 0.9377 0.2060
vn -0.7504 0.6601 0.0341
vn -0.9914 -0.0713 -0.1093
vn -0.6207 -0.7662 -0.1661
vn 0.1436 -0.9849 -0.0966
vn 0.8074 -0.5878 0.0505
vn 0.9753 0.1305 0.1782
vn 0.8613 0.4627 0.2098
vn 0.0513 -0.9967 -0.0626
vn 0.0220 -0.9969 -0.0748
vn -0.0157 -0.9968 -0.0783
vn 0.0873 -0.9958 0.0252
vn 0.0872 -0.7232 -0.6851
vn -0.7329 -0.0612 -0.6775
vn -0.0277 0.7819 -0.6227
vn 0.4819 0.2768 0.8313
vn 0.6997 -0.0089 0.7143
vn 0.2759 0.1258 0.9529
vn 0.6915 0.7189 0.0707
vn 0.6997 0.0806 -0.7098
vn -0.8305 -0.5559 -0.0349
vn -0.7062 -0.0806 0.7034
vn 0.2851 0.9524 0.1075
vn 0.1405 0.7011 -0.6991
vn -0.0491 -0.1903 -0.9805
vn 0.0336 0.4805 0.8763
vn 0.1600 0.3593 0.9194
vn -0.4200 0.7935 0.4402
vn -0.6859 0.5336 -0.4947
vn -0.1930 -0.3998 -0.8960
vn 0.5737 -0.8153 -0.0779
vn 0.6523 -0.5585 0.5123
vn -0.1024 0.5786 0.8091
vn 0.2401 0.5267 0.8155
vn -0.7502 0.4459 0.4882
vn -0.9908 0.0075 -0.1353
vn -0.6039 -0.4558 -0.6539
vn 0.0989 -0.6441 -0.7585
vn 0.7472 -0.4990 -0.4388
vn 0.9765 -0.0739 0.2023
vn 0.8502 0.1621 0.5008
vn -0.1877 0.7342 0.6525
vn 0.1749 0.6900 0.7023
vn -0.7960 0.5070 0.3305
vn -0.9837 -0.0398 -0.1751
vn -0.5716 -0.5998 -0.5599
vn 0.2029 -0.8038 -0.5592
vn 0.8123 -0.5420 -0.2156
vn 0.9585 0.0279 0.2837
vn 0.8239 0.3133 0.4721
vn -0.1197 0.9407 0.3172
vn 0.2472 0.9038 0.3492
vn -0.7449 0.6594 0.1012
vn -0.9869 -0.0230 -0.1595
vn -0.6202 -0.7318 -0.2825
vn 0.1167 -0.9686 -0.2196
vn 0.7852 -0.6191 0.0082
vn 0.9687 0.1066 0.2239
vn 0.8465 0.4306 0.3129
vn -0.0687 0.9922 0.1038
vn 0.2693 0.9518 0.1470
vn -0.7450 0.6668 -0.0201
vn -0.9892 -0.0969 -0.1098
vn -0.5962 -0.7977 -0.0902
vn 0.1391 -0.9902 0.0128
vn 0.7812 -0.6114 0.1263
vn 0.9741 0.1151 0.1946
vn 0.8530 0.4837 0.1958
vn -0.0799 0.7545 -0.6514
vn 0.0773 -0.7281 -0.6811
vn -0.7435 -0.0652 -0.6655
vn 0.7407 0.0941 -0.6652
vn 0.2758 0.1257 0.9529
vn 0.0697 0.5127 0.8557
vn 0.1967 0.3944 0.8976
vn -0.3756 0.8227 0.4268
vn -0.6835 0.5446 -0.4861
vn -0.2258 -0.4180 -0.8799
vn 0.5666 -0.8216 -0.0625
vn 0.6341 -0.5722 0.5200
vn -0.0953 0.6538 0.7506
vn 0.1997 0.5989 0.7755
vn -0.7083 0.5381 0.4569
vn -0.9844 0.0039 -0.1755
vn -0.5328 -0.5563 -0.6377
vn 0.0929 -0.7241 -0.6834
vn 0.7093 -0.5807 -0.3995
vn 0.9669 -0.0781 0.2428
vn 0.8039 0.2181 0.5533
vn -0.1641 0.7826 0.6004
vn 0.1522 0.7445 0.6500
vn -0.7570 0.5795 0.3019
vn -0.9801 -0.0281 -0.1963
vn -0.5466 -0.6536 -0.5234
vn 0.1322 -0.8609 -0.4912
vn 0.7593 -0.6266 -0.1756
vn 0.9549 0.0070 0.2969
vn 0.8315 0.3178 0.4555
vn -0.1012 0.9640 0.2458
vn 0.2241 0.9350 0.2748
vn -0.6963 0.7159 0.0515
vn -0.9834 -0.0035 -0.1813
vn -0.5894 -0.7762 -0.2236
vn 0.0887 -0.9889 -0.1193
vn 0.7304 -0.6806 0.0564
vn 0.9607 0.1238 0.2483
vn 0.8270 0.4688 0.3103
vn -0.0602 0.9982 0.0024
vn 0.2531 0.9658 0.0556
vn -0.7290 0.6752 -0.1122
vn -0.9822 -0.1315 -0.1338
vn -0.5566 -0.8307 -0.0127
vn 0.1334 -0.9825 0.1302
vn 0.7484 -0.6279 0.2136
vn 0.9735 0.0951 0.2077
vn 0.8488 0.5029 0.1626
vn -0.0800 0.7589 -0.6462
vn 0.0766 -0.7393 -0.6690
vn -0.7509 -0.0697 -0.6567
vn 0.7531 0.0920 -0.6514
vn -0.3326 -0.4061 -0.8511
vn 0.0000 0.0049 -1.0000
vn -0.0000 0.0048 -1.0000
vn 0.0546 -0.5341 -0.8437
vn 0.0001 0.0049 -1.0000
vn -0.5451 -0.0585 -0.8363
vn -0.4316 0.3430 -0.8343
vn -0.0212 0.5344 -0.8450
vn -0.0001 0.0049 -1.0000
vn 0.2889 0.4212 -0.8597
vn -0.0001 0.0047 -1.0000
vn 0.5657 0.0588 -0.8225
vn -0.0004 0.0048 -1.0000
vn 0.4204 -0.3389 -0.8416
vn -0.0000 0.0046 -1.0000
vn -0.3319 -0.4227 -0.8433
vn 0.0572 -0.5453 -0.8362
vn -0.5491 -0.0603 -0.8336
vn -0.0004 0.0046 -1.0000
vn 0.0003 0.0042 -1.0000
vn -0.4284 0.3558 -0.8306
vn -0.0593 0.5761 -0.8152
vn 0.0001 0.0043 -1.0000
vn 0.3457 0.4401 -0.8287
vn 0.5492 0.0600 -0.8335
vn 0.0001 0.0047 -1.0000
vn 0.4124 -0.3410 -0.8447
vn -0.0000 0.0047 -1.0000
vn -0.0000 0.0044 -1.0000
vn -0.3319 -0.4352 -0.8369
vn 0.0554 -0.5654 -0.8229
vn -0.5486 -0.0628 -0.8337
vn -0.4230 0.3625 -0.8305
vn -0.0581 0.5883 -0.8065
vn 0.0001 0.0044 -1.0000
vn 0.3402 0.4581 -0.8212
vn 0.5456 0.0637 -0.8356
vn 0.4125 -0.3587 -0.8373
vn 0.7486 0.1302 -0.6500
vn 0.3153 0.4965 0.8087
vn 0.9476 0.0001 0.3195
vn 0.8253 0.4070 0.3914
vn 0.3167 0.8393 0.4418
vn -0.8251 0.3987 0.4003
vn -0.3153 0.4965 0.8087
vn -0.3080 0.8381 0.4501
vn 0.9983 -0.0000 -0.0582
vn 0.8700 0.4830 -0.0985
vn 0.2722 0.9502 -0.1516
vn -0.8715 0.4796 -0.1018
vn -0.2686 0.9507 -0.1551
vn 0.6176 -0.0041 -0.7865
vn 0.6128 0.3027 -0.7299
vn 0.1909 0.5803 -0.7917
vn -0.6131 0.3009 -0.7305
vn -0.1890 0.5799 -0.7925
vn -0.6176 -0.0041 -0.7865
vn -0.9476 0.0001 0.3195
vn -0.9983 -0.0000 -0.0582
vn 0.3478 0.3994 0.8482
vn -0.1210 0.4142 0.9021
vn -0.3700 0.0000 0.9290
vn 0.3482 -0.3994 0.8481
vn 0.5706 -0.0004 0.8212
vn -0.1210 -0.4142 0.9021
vn -0.6368 0.0000 0.7710
vn -0.2330 0.6321 0.7390
vn 0.4590 0.5669 0.6841
vn 0.7497 -0.0002 0.6617
vn 0.4590 -0.5665 0.6843
vn -0.2330 -0.6321 0.7390
vn -0.4709 0.8821 0.0000
vn -0.5376 0.8432 0.0000
vn 0.8660 0.5000 0.0000
vn 0.5307 -0.8475 0.0000
vn 0.4620 -0.8869 0.0000
vn -0.4709 -0.8821 0.0000
vn -0.5376 -0.8432 0.0000
vn -0.6997 -0.0089 0.7143
vn -0.4819 0.2768 0.8313
vn -0.2701 -0.8009 0.5344
vn -0.2759 0.1258 0.9529
vn -0.6915 0.7189 0.0707
vn -0.6997 0.0806 -0.7098
vn -0.4716 0.3756 -0.7978
vn 0.2784 -0.1269 -0.9520
vn 0.1948 0.0515 -0.9795
vn 0.8305 -0.5559 -0.0349
vn 0.9987 -0.0512 -0.0032
vn 0.7062 -0.0806 0.7034
vn 0.5428 -0.4060 0.7351
vn -0.1219 0.5913 0.7971
vn -0.0670 0.2917 0.9541
vn -0.2851 0.9524 0.1075
vn -0.1405 0.7011 -0.6991
vn 0.0491 -0.1903 -0.9805
vn 0.1878 -0.9792 -0.0761
vn 0.1308 -0.7356 0.6647
vn 0.0117 0.4396 0.8981
vn -0.1151 0.3179 0.9411
vn 0.4668 0.7607 0.4509
vn 0.6808 0.5244 -0.5114
vn 0.1460 -0.3677 -0.9184
vn -0.5813 -0.8077 -0.0983
vn -0.6695 -0.5451 0.5046
vn 0.1160 0.4796 0.8698
vn -0.2575 0.4318 0.8644
vn 0.7795 0.3545 0.5163
vn 0.9915 -0.0005 -0.1295
vn 0.6195 -0.3783 -0.6878
vn -0.1181 -0.5522 -0.8253
vn -0.8031 -0.4067 -0.4355
vn -0.9802 -0.0683 0.1860
vn -0.9004 0.0839 0.4268
vn 0.1869 0.6765 0.7123
vn -0.2023 0.6462 0.7358
vn 0.8086 0.4457 0.3841
vn 0.9888 -0.0467 -0.1414
vn 0.5978 -0.5585 -0.5751
vn -0.2197 -0.7509 -0.6227
vn -0.8602 -0.4517 -0.2367
vn -0.9684 0.0409 0.2458
vn -0.8849 0.2354 0.4020
vn 0.1490 0.9225 0.3561
vn -0.2495 0.8895 0.3828
vn 0.7858 0.6008 0.1469
vn 0.9899 -0.0555 -0.1304
vn 0.6266 -0.7146 -0.3109
vn -0.1488 -0.9482 -0.2806
vn -0.8211 -0.5684 -0.0510
vn -0.9695 0.1195 0.2140
vn -0.8639 0.4063 0.2974
vn 0.0736 0.9827 0.1701
vn -0.2796 0.9377 0.2060
vn 0.7504 0.6601 0.0341
vn 0.9914 -0.0713 -0.1093
vn 0.6207 -0.7662 -0.1661
vn -0.1436 -0.9849 -0.0966
vn -0.8074 -0.5878 0.0505
vn -0.9753 0.1305 0.1782
vn -0.8613 0.4627 0.2098
vn -0.0513 -0.9967 -0.0626
vn -0.0220 -0.9969 -0.0748
vn 0.0157 -0.9968 -0.0783
vn -0.0874 -0.9958 0.0253
vn -0.0872 -0.7232 -0.6851
vn 0.0277 0.7819 -0.6227
vn 0.7329 -0.0612 -0.6775
vn -0.4819 0.2767 0.8313
vn -0.6997 -0.0088 0.7143
vn -0.2758 0.1257 0.9529
vn -0.6997 0.0807 -0.7098
vn 0.8305 -0.5559 -0.0348
vn -0.1219 0.5913 0.7972
vn -0.1406 0.7011 -0.6991
vn -0.0336 0.4805 0.8763
vn -0.1600 0.3593 0.9194
vn 0.4200 0.7935 0.4402
vn 0.6858 0.5336 -0.4947
vn 0.1930 -0.3998 -0.8960
vn -0.5737 -0.8153 -0.0779
vn -0.6523 -0.5585 0.5123
vn 0.1024 0.5786 0.8091
vn -0.2401 0.5267 0.8155
vn 0.7502 0.4459 0.4882
vn 0.9908 0.0075 -0.1352
vn 0.6039 -0.4558 -0.6539
vn -0.0989 -0.6441 -0.7585
vn -0.7472 -0.4990 -0.4388
vn -0.9765 -0.0739 0.2023
vn -0.8502 0.1621 0.5008
vn 0.1877 0.7342 0.6525
vn -0.1750 0.6900 0.7023
vn 0.7960 0.5070 0.3305
vn 0.9837 -0.0398 -0.1751
vn 0.5716 -0.5998 -0.5599
vn -0.2029 -0.8038 -0.5592
vn -0.8122 -0.5420 -0.2156
vn -0.9585 0.0278 0.2837
vn -0.8240 0.3133 0.4721
vn 0.1197 0.9407 0.3172
vn -0.2472 0.9038 0.3492
vn 0.7449 0.6594 0.1012
vn 0.9869 -0.0230 -0.1594
vn 0.6202 -0.7318 -0.2825
vn -0.1167 -0.9685 -0.2196
vn -0.7852 -0.6191 0.0082
vn -0.9687 0.1067 0.2239
vn -0.8465 0.4306 0.3129
vn 0.0687 0.9922 0.1038
vn -0.2693 0.9518 0.1470
vn 0.7450 0.6668 -0.0201
vn 0.9892 -0.0969 -0.1098
vn 0.5962 -0.7977 -0.0902
vn -0.1391 -0.9902 0.0128
vn -0.7812 -0.6114 0.1263
vn -0.9741 0.1151 0.1946
vn -0.8530 0.4837 0.1958
vn -0.0773 -0.7281 -0.6811
vn 0.0799 0.7545 -0.6514
vn 0.7435 -0.0652 -0.6655
vn -0.7407 0.0941 -0.6652
vn -0.2851 0.9524 0.1076
vn -0.0697 0.5127 0.8557
vn -0.1967 0.3944 0.8976
vn 0.3756 0.8227 0.4268
vn 0.6834 0.5446 -0.4861
vn 0.2258 -0.4180 -0.8799
vn -0.5666 -0.8216 -0.0625
vn -0.6341 -0.5721 0.5200
vn 0.0953 0.6538 0.7506
vn -0.1997 0.5989 0.7755
vn 0.7083 0.5381 0.4569
vn 0.9844 0.0039 -0.1755
vn 0.5328 -0.5563 -0.6377
vn -0.0929 -0.7241 -0.6834
vn -0.7093 -0.5807 -0.3995
vn -0.9669 -0.0781 0.2428
vn -0.8039 0.2181 0.5533
vn 0.1641 0.7826 0.6004
vn -0.1522 0.7445 0.6500
vn 0.7570 0.5795 0.3019
vn 0.9801 -0.0281 -0.1963
vn 0.5466 -0.6536 -0.5234
vn -0.1322 -0.8609 -0.4912
vn -0.7593 -0.6266 -0.1756
vn -0.9548 0.0071 0.2969
vn -0.8315 0.3178 0.4555
vn 0.1012 0.9640 0.2458
vn -0.2240 0.9350 0.2748
vn 0.6963 0.7159 0.0515
vn 0.9834 -0.0035 -0.1813
vn 0.5894 -0.7762 -0.2236
vn -0.0887 -0.9889 -0.1193
vn -0.7304 -0.6806 0.0564
vn -0.9607 0.1238 0.2483
vn -0.8270 0.4688 0.3103
vn 0.0602 0.9982 0.0024
vn -0.2531 0.9658 0.0556
vn 0.7290 0.6752 -0.1122
vn 0.9822 -0.1315 -0.1338
vn 0.5566 -0.8307 -0.0127
vn -0.1334 -0.9825 0.1302
vn -0.7484 -0.6279 0.2136
vn -0.9735 0.0951 0.2077
vn -0.8488 0.5029 0.1626
vn 0.7509 -0.0697 -0.6567
vn -0.0766 -0.7393 -0.6690
vn 0.0800 0.7589 -0.6462
vn -0.7531 0.0920 -0.6514
vn 0.3326 -0.4061 -0.8511
vn -0.0546 -0.5341 -0.8437
vn 0.5452 -0.0585 -0.8363
vn 0.4316 0.3430 -0.8343
vn 0.0212 0.5344 -0.8450
vn -0.2892 0.4214 -0.8595
vn -0.0003 0.0052 -1.0000
vn -0.5660 0.0588 -0.8223
vn -0.4205 -0.3389 -0.8416
vn 0.3319 -0.4227 -0.8433
vn -0.0572 -0.5453 -0.8362
vn 0.5491 -0.0603 -0.8336
vn 0.0005 0.0047 -1.0000
vn 0.4285 0.3561 -0.8304
vn 0.0594 0.5761 -0.8152
vn 0.0000 0.0043 -1.0000
vn -0.3457 0.4401 -0.8287
vn -0.5492 0.0600 -0.8335
vn -0.4124 -0.3410 -0.8447
vn 0.3319 -0.4352 -0.8369
vn -0.0555 -0.5654 -0.8229
vn 0.5486 -0.0628 -0.8337
vn 0.4229 0.3625 -0.8305
vn -0.0001 0.0044 -1.0000
vn 0.0581 0.5883 -0.8065
vn -0.3402 0.4581 -0.8212
vn -0.5457 0.0636 -0.8355
vn -0.4124 -0.3584 -0.8375
vn 0.0003 0.0050 -1.0000
vn -0.7486 0.1302 -0.6500
vn 0.3513 0.9352 0.0438
vn 0.0000 0.9988 0.0478
vn 0.2610 0.9620 0.0793
vn 0.0000 0.9938 0.1108
vn -0.2842 0.9559 0.0735
vn -0.3599 0.9311 0.0595
vn 0.6913 0.7186 0.0756
vn 0.7069 0.6648 0.2416
vn 0.8038 0.5883 0.0879
vn 0.5622 0.8101 0.1660
vn 0.4411 0.7840 0.4368
vn 0.1880 0.8893 0.4169
vn 0.1323 0.7406 0.6588
vn -0.1880 0.8893 0.4169
vn -0.4411 0.7840 0.4368
vn -0.1323 0.7406 0.6588
vn -0.5622 0.8104 0.1648
vn -0.7069 0.6648 0.2416
vn -0.8038 0.5883 0.0879
vn -0.6847 0.7238 0.0850
vn -0.5236 0.4499 0.7234
vn -0.6356 0.2205 0.7398
vn 0.6244 0.1996 0.7552
vn 0.5139 0.4549 0.7273
vn 0.0006 0.7080 0.7062
vn -0.2132 0.6804 0.7011
vn 0.2137 0.6812 0.7002
vn 0.0003 0.6538 0.7566
vn 0.2212 0.5574 0.8002
vn -0.2214 0.5581 0.7997
vn -0.4119 0.3663 0.8344
vn -0.3953 0.2399 0.8866
vn 0.4140 0.3777 0.8282
vn 0.4098 0.2334 0.8818
vn -1.0000 0.0041 -0.0041
vn -0.5864 0.1324 -0.7991
vn -0.8771 -0.3674 -0.3093
vn -1.0000 0.0036 -0.0020
vn -0.3873 -0.9219 -0.0026
vn 0.0041 -0.9994 -0.0341
vn -0.0075 -0.9997 0.0236
vn -0.2975 -0.9272 -0.2275
vn 0.0515 -0.9221 -0.3834
vn 0.0710 -0.7479 -0.6600
vn 0.1067 -0.3167 -0.9425
vn -0.6305 -0.2326 -0.7405
vn -0.4195 -0.7783 0.4671
vn -0.1459 -0.9733 -0.1773
vn -0.5891 -0.6848 -0.4288
vn -0.5941 -0.1330 -0.7933
vn 0.0443 -0.8744 -0.4832
vn 0.0965 -0.1717 -0.9804
vn 0.0978 0.1588 -0.9825
vn -0.7606 -0.2996 -0.5760
vn -0.0039 -1.0000 0.0001
vn -0.0039 -1.0000 0.0002
vn 0.0984 -0.4791 -0.8722
vn 1.0000 0.0028 -0.0020
vn -0.0041 -0.9994 -0.0341
vn 0.3873 -0.9219 -0.0026
vn 0.2975 -0.9272 -0.2275
vn -0.0515 -0.9221 -0.3834
vn -0.1067 -0.3152 -0.9430
vn 0.4481 -0.2483 -0.8588
vn 0.7145 -0.6996 -0.0002
vn 0.1459 -0.9733 -0.1773
vn 0.7633 -0.2908 -0.5769
vn 0.0039 -1.0000 0.0001
vn 0.0039 -1.0000 0.0002
vn -0.0976 -0.4908 -0.8657
vn 0.1820 -0.0119 0.9832
vn 0.0000 -0.0002 1.0000
vn 0.8445 0.5207 -0.1248
vn 0.9679 -0.0662 0.2423
vn -0.3381 0.8501 -0.4038
vn -0.8920 0.3755 -0.2517
vn -0.8678 0.4763 -0.1412
vn -0.4201 0.6516 -0.6316
vn -0.9233 0.0790 -0.3759
vn -0.4548 0.4232 -0.7836
vn -0.4738 0.1496 -0.8678
vn -0.9228 0.2031 -0.3274
vn -0.5208 -0.4014 -0.7534
vn 0.5687 -0.7635 -0.3060
vn -0.7471 -0.6168 -0.2476
vn -0.8856 0.4563 -0.0856
vn -0.2920 0.9383 -0.1850
vn -0.1657 0.9317 -0.3231
vn 0.6420 0.6907 -0.3328
vn 0.6232 0.5688 -0.5366
vn 0.6090 0.1419 -0.7804
vn 0.6139 0.3786 -0.6926
vn -0.8155 0.1776 -0.5509
vn -0.7989 0.4917 -0.3463
vn 0.7697 0.5355 -0.3475
vn 0.7592 0.2310 -0.6084
vn 0.5669 -0.2973 -0.7682
vn 0.4837 -0.6173 -0.6204
vn -0.5828 -0.4982 -0.6420
vn -0.7010 0.6556 -0.2806
vn 0.6775 0.7202 -0.1488
vn 0.6642 0.6893 -0.2893
vn 0.1066 0.9506 -0.2915
vn -0.0006 -1.0000 -0.0001
vn -0.2871 0.8913 -0.3508
vn -0.3831 0.9035 -0.1921
vn -0.6368 0.7198 -0.2761
vn -0.0907 0.9712 -0.2202
vn -0.0270 0.8584 -0.5122
vn 0.1503 0.9435 -0.2953
vn 0.0541 0.9625 -0.2656
vn -0.9051 0.3243 -0.2748
vn -0.9225 0.3805 -0.0645
vn -0.9116 0.4059 0.0649
vn -0.5453 0.7400 0.3937
vn -0.9555 0.0891 0.2813
vn -0.9637 0.1278 0.2343
vn -0.6758 0.4192 0.6062
vn -0.5840 0.1948 0.7880
vn -0.7169 -0.6581 0.2300
vn -0.4213 -0.6564 0.6258
vn -0.9418 -0.0155 0.3357
vn -0.9911 0.0070 0.1330
vn -0.9639 0.2407 0.1134
vn -0.4270 0.7947 0.4315
vn -0.5938 0.6014 0.5345
vn -0.8936 0.3784 0.2412
vn -0.4582 0.2177 0.8618
vn -0.8885 0.0961 0.4487
vn -0.4994 -0.3407 0.7965
vn -0.7627 -0.6084 0.2192
vn -0.4346 0.0000 0.9006
vn -0.8937 0.0000 0.4485
vn -1.0000 0.0001 -0.0009
vn -1.0000 0.0000 -0.0041
vn -0.3255 0.8650 0.3818
vn -0.5711 0.7656 0.2961
vn -0.3644 0.4000 0.8409
vn -0.2117 0.4550 0.8650
vn -0.5178 0.0806 0.8516
vn 0.8641 0.3014 -0.4030
vn 0.3605 0.2924 -0.8857
vn 0.1910 0.7919 -0.5800
vn 0.5655 0.8034 -0.1862
vn 0.6062 0.4888 -0.6273
vn 0.2231 0.9466 -0.2325
vn -0.9531 0.2421 -0.1817
vn -0.9595 0.2624 0.1022
vn -0.6084 0.7759 0.1667
vn -0.5912 0.7885 -0.1694
vn -0.0345 0.8716 -0.4890
vn -0.0269 0.9250 -0.3789
vn -0.2619 0.6401 -0.7223
vn -0.6060 0.2098 -0.7672
vn -0.0362 0.8253 -0.5634
vn -0.9615 0.1141 0.2501
vn -0.4158 0.9067 0.0705
vn -0.2768 0.2431 0.9296
vn -0.1657 0.7881 0.5928
vn 0.0685 0.9905 0.1191
vn -0.2014 0.6877 0.6974
vn -0.3803 0.1148 0.9177
vn -0.4165 0.8063 0.4201
vn 0.2825 0.9490 -0.1395
vn 0.8811 0.4676 -0.0707
vn 0.3366 0.0042 -0.9416
vn 0.9006 0.0011 -0.4345
vn 0.5743 0.7846 -0.2336
vn 0.3195 0.8372 -0.4439
vn 0.6854 0.0080 -0.7281
vn 0.0014 -1.0000 0.0042
vn 0.0040 -1.0000 0.0037
vn 0.0012 -1.0000 0.0044
vn 0.0003 -0.9999 0.0154
vn -0.8726 0.2815 -0.3992
vn -0.9845 -0.0172 -0.1747
vn -0.9962 -0.0309 0.0805
vn -0.3419 0.7865 -0.5142
vn -0.1964 0.2459 -0.9492
vn -0.5652 -0.5548 -0.6105
vn 0.0555 -0.7339 -0.6769
vn 0.0447 -0.8660 -0.4981
vn 0.0789 -0.5025 -0.8609
vn -0.8258 -0.2685 -0.4958
vn -0.0451 0.8337 -0.5503
vn 0.0822 0.2149 -0.9731
vn 0.0063 0.3961 0.9181
vn 0.0016 1.0000 -0.0062
vn -0.1382 0.7081 0.6924
vn -0.1286 0.8549 0.5025
vn -0.2483 0.2198 0.9434
vn -0.1185 0.8591 0.4979
vn -0.2250 0.2479 0.9423
vn -0.0975 0.8622 0.4970
vn -0.1882 0.2498 0.9498
vn -0.2463 0.2366 0.9398
vn -0.2250 0.2460 0.9427
vn -0.1182 0.8617 0.4935
vn -0.1408 0.8465 0.5134
vn -0.0963 0.8661 0.4904
vn -0.1849 0.2581 0.9482
vn 0.1718 0.9795 0.1050
vn -0.1374 -0.6978 0.7030
vn -0.1607 -0.7023 0.6935
vn -0.2241 -0.5238 0.8218
vn 0.1378 0.9832 0.1195
vn -0.7414 -0.6708 -0.0160
vn 0.0165 0.0361 0.9992
vn 0.0335 -0.5514 0.8335
vn -0.8837 -0.2430 0.4000
vn -1.0000 -0.0042 -0.0039
vn 0.1100 0.1136 0.9874
vn 0.3931 -0.2750 0.8774
vn -0.7145 -0.6996 -0.0002
vn -0.0031 0.9994 0.0343
vn 0.3715 0.8930 0.2540
vn 0.0828 0.7469 0.6597
vn -0.0003 1.0000 0.0011
vn -0.0014 0.9999 0.0100
vn 0.3818 -0.8104 0.4444
vn -0.1168 -0.7111 0.6934
vn -0.2334 -0.0044 0.9724
vn 0.2953 0.6890 0.6618
vn -0.1187 0.7122 0.6919
vn 0.2826 0.7350 0.6163
vn 0.6372 -0.2613 0.7250
vn 0.1530 -0.6916 0.7059
vn 0.0098 -0.5462 0.8376
vn -0.1162 0.7195 0.6847
vn -0.1374 -0.6914 0.7092
vn -0.1269 -0.6838 0.7185
vn -0.0816 -0.7055 0.7040
vn -0.1578 -0.6866 0.7097
vn -0.0803 0.7218 0.6874
vn -0.1604 0.6738 0.7212
vn -0.5898 -0.0042 -0.8075
vn -0.0821 0.7168 0.6925
vn -0.0820 -0.7136 0.6956
vn 0.0002 1.0000 -0.0018
vn -0.0244 0.9143 -0.4042
vn -0.1820 -0.0119 0.9832
vn -0.8445 0.5207 -0.1248
vn -0.9679 -0.0662 0.2423
vn -1.0000 0.0001 -0.0018
vn 0.5173 0.1952 0.8332
vn 0.5138 0.6467 -0.5637
vn 0.7808 0.1972 0.5928
vn -0.0001 0.9217 0.3879
vn 0.5144 0.2499 0.8203
vn 0.6576 0.6951 0.2903
vn -0.0002 0.4268 0.9043
vn 0.6426 0.7281 0.2384
vn 0.6755 0.7007 0.2294
vn 0.0000 0.9503 0.3112
vn 0.4836 0.7778 -0.4014
vn -0.0001 0.9381 -0.3462
vn 0.7524 -0.1597 0.6390
vn 0.9860 0.1543 0.0638
vn 0.9805 0.1868 0.0612
vn 0.9907 0.1291 0.0423
vn 0.7423 0.3875 -0.5466
vn 0.8745 -0.4479 -0.1859
vn 0.6501 -0.6008 0.4652
vn 0.8885 -0.4360 -0.1428
vn 0.8615 -0.4825 -0.1580
vn 0.6762 -0.0608 -0.7342
vn 0.2584 -0.8963 0.3604
vn 0.3539 -0.8623 -0.3621
vn 0.3666 -0.8842 -0.2895
vn 0.3439 -0.8924 -0.2922
vn 0.2791 -0.3801 -0.8818
vn -0.2587 -0.8962 0.3603
vn -0.3541 -0.8622 -0.3621
vn -0.3666 -0.8842 -0.2895
vn -0.3439 -0.8924 -0.2922
vn -0.2794 -0.3801 -0.8817
vn -0.8745 -0.4479 -0.1859
vn -0.6504 -0.6006 0.4649
vn -0.8885 -0.4360 -0.1428
vn -0.8615 -0.4825 -0.1580
vn -0.6764 -0.0610 -0.7339
vn -0.9860 0.1542 0.0638
vn -0.7527 -0.1595 0.6387
vn -0.9805 0.1868 0.0612
vn -0.9907 0.1291 0.0423
vn -0.7427 0.3873 -0.5463
vn -0.6577 0.6950 0.2903
vn -0.5147 0.2501 0.8201
vn -0.6426 0.7281 0.2384
vn -0.6755 0.7007 0.2294
vn -0.4839 0.7777 -0.4012
vn -0.6602 -0.0631 -0.7484
vn -0.8441 -0.5103 -0.1647
vn 0.0005 0.1198 -0.9928
vn -0.6493 -0.6449 0.4031
vn -0.0100 -0.4375 0.8992
vn 0.4295 0.7632 -0.4827
vn -0.4336 0.7672 -0.4725
vn -0.7690 0.2427 0.5913
vn -0.5096 0.6655 -0.5453
vn -0.5201 0.2037 0.8294
vn 0.0139 -0.4369 0.8994
vn 0.6399 -0.6503 0.4093
vn 0.8396 -0.5131 -0.1783
vn 0.6474 -0.0559 -0.7601
vn -0.6465 0.3985 -0.6505
vn -0.6937 -0.3739 0.6156
vn -0.7461 0.1907 -0.6379
vn -0.8782 -0.1265 0.4611
vn 0.6916 -0.3805 0.6139
vn 0.8820 -0.1588 0.4436
vn 0.7486 0.1817 -0.6375
vn 0.6595 0.3672 -0.6559
vn -0.9446 0.3075 0.1147
vn -0.3605 0.8812 0.3058
vn -0.5524 0.7845 0.2817
vn 0.0052 0.9424 0.3346
vn 0.5865 0.7622 0.2740
vn 0.9675 0.2364 0.0895
vn 0.4285 0.8536 0.2960
vn 0.0342 0.9476 0.3175
vn 0.0377 0.9475 0.3175
vn -0.5828 0.7703 0.2585
vn 0.6400 0.7287 0.2438
vn -0.5889 0.5105 0.6265
vn -0.7502 0.4295 0.5026
vn -0.6287 0.4999 0.5956
vn 0.8966 0.3205 0.3055
vn 0.9336 0.2499 0.2567
vn 0.6287 0.4999 0.5956
vn 0.7502 0.4295 0.5026
vn 0.4059 0.5537 0.7271
vn 0.3286 0.5687 0.7541
vn 0.5889 0.5105 0.6265
vn 0.0000 0.6029 0.7978
vn 0.0667 0.6015 0.7961
vn 0.1367 0.5897 0.7960
vn 0.0000 0.5942 0.8043
vn 0.1174 0.5875 0.8006
vn 0.9970 0.0408 -0.0651
vn -0.9336 0.2499 0.2567
vn -0.8966 0.3205 0.3055
vn -0.4059 0.5537 0.7271
vn -0.3286 0.5687 0.7541
vn -0.0667 0.6015 0.7961
vn -0.1367 0.5897 0.7960
vn -0.1174 0.5875 0.8006
vn -0.9970 0.0408 -0.0651
usemtl TT_CAR
s off
f 262/1/1 280/2/1 264/3/1
f 312/4/2 314/5/2 313/6/2
f 325/7/3 327/8/3 326/9/3
f 98/10/4 680/11/4 678/12/4
f 98/10/5 678/12/5 92/13/5
f 763/14/6 764/15/6 765/16/6
f 768/17/7 766/18/7 767/19/7
f 787/20/8 788/21/8 789/22/8
f 789/22/8 790/23/8 787/20/8
f 802/24/8 803/25/8 804/26/8
f 802/24/8 804/26/8 805/27/8
f 817/28/9 816/29/9 815/30/9
f 820/31/10 819/32/10 818/33/10
f 821/34/11 822/35/11 823/36/11
f 824/37/12 825/38/12 826/39/12
f 1073/40/13 1061/41/13 1062/42/13
f 1146/43/14 1145/44/14 1144/45/14
f 1169/46/15 1170/47/15 1171/48/15
f 1330/49/14 1332/50/14 1331/51/14
f 1345/52/15 1343/53/15 1344/54/15
f 357/55/16 361/56/16 1467/57/16
f 1467/57/5 361/56/5 914/58/5
f 1526/59/17 1524/60/17 1525/61/17
f 1548/62/18 1546/63/18 1547/64/18
f 1549/65/18 1547/64/18 1546/63/18
f 802/24/18 1554/66/18 1555/67/18
f 1554/66/18 802/24/18 805/27/18
f 1573/68/19 1572/69/19 1571/70/19
f 1576/71/20 1575/72/20 1574/73/20
f 1579/74/21 1577/75/21 1578/76/21
f 1680/77/22 1681/78/22 1682/79/22
f 1685/80/23 1684/81/23 1683/82/23
f 1843/83/24 1842/84/24 1841/85/24
f 1893/86/25 1894/87/25 1895/88/25
f 2607/89/26 2606/90/26 2605/91/26
f 2769/92/27 2771/93/27 2770/94/27
s 1
f 9/95/28 7/96/29 8/97/30
f 12/98/31 10/99/32 11/100/33
f 15/101/34 13/102/35 14/103/36
f 22/104/37 23/105/38 24/106/39
f 24/106/39 25/107/40 22/104/37
f 28/108/41 26/109/42 27/110/43
f 28/108/41 29/111/44 6/112/45
f 26/109/42 30/113/46 31/114/47
f 26/109/42 31/114/47 27/110/43
f 22/104/37 32/115/48 33/116/49
f 33/116/49 23/105/38 22/104/37
f 30/113/46 34/117/50 35/118/51
f 30/113/46 35/118/51 31/114/47
f 32/115/48 36/119/52 37/120/53
f 32/115/48 37/120/53 33/116/49
f 34/117/50 38/121/54 35/118/51
f 34/117/50 39/122/55 38/121/54
f 39/122/55 40/123/56 38/121/54
f 43/124/57 41/125/58 42/126/59
f 44/127/60 45/128/61 46/129/62
f 46/129/62 41/125/58 44/127/60
f 47/130/63 48/131/64 49/132/65
f 50/133/66 51/134/67 47/130/63
f 26/109/42 52/135/68 30/113/46
f 26/109/42 53/136/69 52/135/68
f 6/112/45 26/109/42 28/108/41
f 6/112/45 29/111/44 5/137/70
f 33/116/49 54/138/71 55/139/72
f 33/116/49 55/139/72 23/105/38
f 56/140/73 23/105/38 55/139/72
f 23/105/38 56/140/73 24/106/39
f 55/139/72 57/141/74 58/142/75
f 58/142/75 56/140/73 55/139/72
f 57/141/74 54/138/71 59/143/76
f 54/138/71 57/141/74 55/139/72
f 60/144/77 61/145/78 8/97/30
f 8/97/30 7/96/29 60/144/77
f 8/97/30 62/146/79 9/95/28
f 61/145/78 63/147/80 62/146/79
f 61/145/78 62/146/79 8/97/30
f 64/148/81 65/149/82 66/150/83
f 62/146/79 66/150/83 9/95/28
f 64/148/81 67/151/84 65/149/82
f 67/151/84 64/148/81 68/152/85
f 69/153/86 71/154/87 70/155/88
f 72/156/89 73/157/90 71/154/87
f 74/158/91 21/159/92 20/160/93
f 78/161/94 76/162/95 77/163/96
f 79/164/97 80/165/98 76/162/95
f 78/161/94 79/164/97 76/162/95
f 81/166/99 82/167/100 80/165/98
f 80/165/98 79/164/97 81/166/99
f 81/166/99 83/168/101 82/167/100
f 84/169/102 83/168/101 85/170/103
f 83/168/101 84/169/102 82/167/100
f 85/170/103 86/171/104 84/169/102
f 88/172/105 89/173/106 90/174/107
f 91/175/108 92/13/109 93/176/110
f 93/176/110 94/177/111 91/175/108
f 92/13/109 91/175/108 95/178/112
f 98/10/113 96/179/114 97/180/115
f 98/10/113 99/181/116 96/179/114
f 102/182/117 100/183/118 101/184/119
f 103/185/120 104/186/121 105/187/122
f 101/184/119 106/188/123 102/182/117
f 109/189/124 107/190/125 108/191/126
f 109/189/124 110/192/127 107/190/125
f 111/193/128 112/194/129 113/195/130
f 111/193/128 113/195/130 114/196/131
f 117/197/132 115/198/133 116/199/134
f 15/101/34 113/195/130 112/194/129
f 119/200/135 108/191/126 118/201/136
f 108/191/126 119/200/135 109/189/124
f 121/202/137 118/201/136 120/203/138
f 121/202/137 119/200/135 118/201/136
f 123/204/139 120/203/138 122/205/140
f 121/202/137 123/204/139 124/206/141
f 121/202/137 120/203/138 123/204/139
f 12/98/31 122/205/140 10/99/32
f 12/98/31 123/204/139 122/205/140
f 10/99/32 125/207/142 11/100/33
f 125/207/142 126/208/143 127/209/144
f 130/210/145 128/211/146 129/212/147
f 129/212/147 131/213/148 132/214/149
f 131/213/148 129/212/147 128/211/146
f 135/215/150 133/216/151 134/217/152
f 129/212/147 136/218/153 137/219/154
f 129/212/147 137/219/154 130/210/145
f 140/220/155 138/221/156 139/222/157
f 134/217/152 141/223/158 142/224/159
f 143/225/160 63/147/80 61/145/78
f 61/145/78 138/221/156 143/225/160
f 68/152/85 144/226/161 67/151/84
f 68/152/85 145/227/162 144/226/161
f 146/228/163 147/229/164 148/230/165
f 146/228/163 148/230/165 149/231/166
f 151/232/167 147/229/164 150/233/168
f 151/232/167 148/230/165 147/229/164
f 150/233/168 152/234/169 153/235/170
f 150/233/168 153/235/170 151/232/167
f 133/216/151 154/236/171 153/235/170
f 133/216/151 153/235/170 152/234/169
f 155/237/172 156/238/173 157/239/174
f 141/223/158 134/217/152 155/237/172
f 134/217/152 156/238/173 155/237/172
f 160/240/175 158/241/176 159/242/177
f 160/240/175 161/243/178 158/241/176
f 162/244/179 163/245/180 164/246/181
f 163/245/180 162/244/179 159/242/177
f 163/245/180 165/247/182 166/248/183
f 163/245/180 166/248/183 164/246/181
f 167/249/184 90/174/107 89/173/106
f 88/172/105 168/250/185 89/173/106
f 171/251/186 169/252/187 170/253/188
f 169/252/187 171/251/186 172/254/189
f 13/102/35 173/255/190 174/256/191
f 170/253/188 174/256/191 171/251/186
f 175/257/192 14/103/36 176/258/193
f 176/258/193 177/259/194 175/257/192
f 179/260/195 177/259/194 178/261/196
f 176/258/193 178/261/196 177/259/194
f 180/262/197 179/260/195 181/263/198
f 183/264/199 182/265/200 180/262/197
f 186/266/201 184/267/202 185/268/203
f 182/265/200 179/260/195 180/262/197
f 187/269/204 179/260/195 182/265/200
f 188/270/205 189/271/206 190/272/207
f 183/264/199 190/272/207 191/273/208
f 190/272/207 183/264/199 192/274/209
f 194/275/210 192/274/209 193/276/211
f 195/277/212 190/272/207 194/275/210
f 190/272/207 195/277/212 188/270/205
f 195/277/212 148/230/165 188/270/205
f 195/277/212 149/231/166 148/230/165
f 197/278/213 171/251/186 196/279/214
f 197/278/213 172/254/189 171/251/186
f 202/280/215 87/281/216 203/282/217
f 111/193/128 204/283/218 173/255/190
f 205/284/219 206/285/220 207/286/221
f 208/287/222 209/288/223 210/289/224
f 201/290/225 199/291/226 200/292/227
f 203/282/217 77/163/96 202/280/215
f 106/188/123 137/219/154 139/222/157
f 212/293/228 138/221/156 211/294/229
f 138/221/156 212/293/228 139/222/157
f 137/219/154 106/188/123 101/184/119
f 137/219/154 101/184/119 130/210/145
f 215/295/230 213/296/231 214/297/232
f 218/298/233 216/299/234 217/300/235
f 218/298/233 215/295/230 216/299/234
f 219/301/236 217/300/235 216/299/234
f 217/300/235 219/301/236 103/185/120
f 216/299/234 41/125/58 46/129/62
f 216/299/234 46/129/62 219/301/236
f 42/126/59 214/297/232 37/120/53
f 41/125/58 216/299/234 215/295/230
f 41/125/58 215/295/230 42/126/59
f 221/302/237 39/122/55 220/303/238
f 39/122/55 221/302/237 50/133/66
f 34/117/50 222/304/239 220/303/238
f 34/117/50 220/303/238 39/122/55
f 223/305/240 225/306/241 224/307/242
f 227/308/243 144/226/161 226/309/244
f 227/308/243 67/151/84 144/226/161
f 61/145/78 60/144/77 211/294/229
f 61/145/78 211/294/229 138/221/156
f 214/297/232 59/143/76 54/138/71
f 214/297/232 213/296/231 59/143/76
f 54/138/71 33/116/49 37/120/53
f 54/138/71 37/120/53 214/297/232
f 30/113/46 52/135/68 222/304/239
f 30/113/46 222/304/239 34/117/50
f 228/310/245 230/311/246 229/312/247
f 233/313/248 232/314/249 231/315/250
f 234/316/251 235/317/252 236/318/253
f 234/316/251 236/318/253 237/319/254
f 238/320/255 239/321/256 236/318/253
f 240/322/257 242/323/258 241/324/259
f 243/325/260 240/322/257 241/324/259
f 246/326/261 245/327/262 244/328/263
f 247/329/264 232/314/249 233/313/248
f 249/330/265 232/314/249 248/331/266
f 232/314/249 249/330/265 231/315/250
f 232/314/249 250/332/267 248/331/266
f 104/186/121 219/301/236 47/130/63
f 48/131/64 47/130/63 219/301/236
f 251/333/268 241/324/259 242/323/258
f 244/328/263 250/332/267 232/314/249
f 253/334/269 252/335/270 244/328/263
f 254/336/271 244/328/263 245/327/262
f 254/336/271 253/334/269 244/328/263
f 255/337/272 254/336/271 245/327/262
f 255/337/272 246/326/261 256/338/273
f 245/327/262 246/326/261 255/337/272
f 221/302/237 257/339/274 51/134/67
f 221/302/237 51/134/67 50/133/66
f 103/185/120 219/301/236 104/186/121
f 130/210/145 101/184/119 128/211/146
f 154/236/171 185/268/203 184/267/202
f 184/267/202 153/235/170 154/236/171
f 184/267/202 189/271/206 151/232/167
f 151/232/167 153/235/170 184/267/202
f 189/271/206 188/270/205 148/230/165
f 189/271/206 148/230/165 151/232/167
f 260/340/275 258/341/276 259/342/277
f 261/343/275 259/342/277 262/1/278
f 259/342/277 261/343/275 263/344/275
f 262/1/278 264/3/279 261/343/275
f 264/3/279 265/345/275 261/343/275
f 267/346/275 264/3/279 266/347/280
f 267/346/275 265/345/275 264/3/279
f 268/348/281 123/204/139 12/98/31
f 269/349/275 267/346/275 266/347/280
f 272/350/282 270/351/283 271/352/284
f 273/353/285 271/352/284 270/351/283
f 276/354/286 274/355/287 275/356/288
f 276/354/286 277/357/289 274/355/287
f 278/358/290 279/359/291 280/2/292
f 278/358/290 280/2/292 281/360/293
f 279/359/291 282/361/294 280/2/292
f 282/361/294 279/359/291 283/362/295
f 284/363/296 285/364/297 286/365/298
f 289/366/299 287/367/300 288/368/301
f 287/367/300 289/366/299 290/369/302
f 291/370/303 287/367/300 290/369/302
f 287/367/300 291/370/303 284/363/296
f 292/371/304 293/372/305 294/373/306
f 295/374/307 259/342/277 270/351/283
f 259/342/277 295/374/307 262/1/278
f 273/353/285 259/342/277 258/341/276
f 296/375/308 262/1/278 295/374/307
f 299/376/309 297/377/310 298/378/311
f 297/377/310 299/376/309 300/379/312
f 280/2/292 262/1/278 296/375/308
f 298/378/311 301/380/313 299/376/309
f 264/3/279 280/2/292 282/361/294
f 302/381/314 264/3/279 282/361/294
f 298/378/311 303/382/315 304/383/316
f 304/383/316 301/380/313 298/378/311
f 305/384/317 264/3/279 302/381/314
f 305/384/317 266/347/280 264/3/279
f 268/348/281 306/385/318 124/206/141
f 268/348/281 124/206/141 123/204/139
f 308/386/319 288/368/301 307/387/320
f 308/386/319 289/366/299 288/368/301
f 309/388/321 205/284/219 310/389/322
f 309/388/321 310/389/322 311/390/323
f 173/255/190 13/102/35 112/194/129
f 171/251/186 174/256/191 173/255/190
f 315/391/324 316/392/325 317/393/326
f 318/394/327 246/326/261 247/329/264
f 246/326/261 318/394/327 319/395/328
f 320/396/329 318/394/327 247/329/264
f 247/329/264 233/313/248 320/396/329
f 318/394/327 320/396/329 80/165/98
f 233/313/248 321/397/330 320/396/329
f 321/397/330 231/315/250 322/398/331
f 323/399/332 298/378/311 297/377/310
f 298/378/311 323/399/332 324/400/333
f 249/330/265 322/398/331 231/315/250
f 324/400/333 303/382/315 298/378/311
f 309/388/321 206/285/220 205/284/219
f 66/150/83 65/149/82 328/401/334
f 331/402/335 329/403/336 330/404/337
f 329/403/336 331/402/335 332/405/338
f 66/150/83 328/401/334 333/406/339
f 328/401/334 65/149/82 67/151/84
f 67/151/84 227/308/243 328/401/334
f 155/237/172 226/309/244 144/226/161
f 108/191/126 107/190/125 114/196/131
f 114/196/131 107/190/125 117/197/132
f 334/407/340 117/197/132 107/190/125
f 292/371/304 272/350/282 271/352/284
f 300/379/312 335/408/341 294/373/306
f 272/350/282 294/373/306 335/408/341
f 336/409/342 299/376/309 279/359/291
f 299/376/309 301/380/313 279/359/291
f 279/359/291 301/380/313 283/362/295
f 304/383/316 283/362/295 301/380/313
f 311/390/323 310/389/322 337/410/343
f 338/411/344 311/390/323 337/410/343
f 341/412/345 339/413/346 340/414/347
f 249/330/265 248/331/266 202/280/215
f 248/331/266 250/332/267 202/280/215
f 86/171/104 202/280/215 252/335/270
f 250/332/267 252/335/270 202/280/215
f 86/171/104 252/335/270 253/334/269
f 86/171/104 254/336/271 84/169/102
f 253/334/269 254/336/271 86/171/104
f 254/336/271 255/337/272 84/169/102
f 255/337/272 256/338/273 82/167/100
f 82/167/100 84/169/102 255/337/272
f 256/338/273 319/395/328 82/167/100
f 80/165/98 319/395/328 318/394/327
f 342/415/348 343/416/349 344/417/350
f 346/418/351 343/416/349 345/419/352
f 346/418/351 344/417/350 343/416/349
f 329/403/336 332/405/338 347/420/353
f 348/421/354 333/406/339 328/401/334
f 227/308/243 349/422/355 348/421/354
f 161/243/178 227/308/243 226/309/244
f 328/401/334 227/308/243 348/421/354
f 158/241/176 226/309/244 155/237/172
f 158/241/176 161/243/178 226/309/244
f 161/243/178 349/422/355 227/308/243
f 28/108/41 27/110/43 22/104/37
f 22/104/37 25/107/40 28/108/41
f 32/115/48 27/110/43 31/114/47
f 27/110/43 32/115/48 22/104/37
f 31/114/47 35/118/51 36/119/52
f 31/114/47 36/119/52 32/115/48
f 36/119/52 35/118/51 38/121/54
f 38/121/54 350/423/356 36/119/52
f 45/128/61 351/424/357 352/425/358
f 45/128/61 44/127/60 351/424/357
f 353/426/359 47/130/63 49/132/65
f 4/427/360 238/320/255 236/318/253
f 236/318/253 6/112/45 4/427/360
f 235/317/252 354/428/361 6/112/45
f 6/112/45 236/318/253 235/317/252
f 234/316/251 355/429/362 356/430/363
f 234/316/251 237/319/254 355/429/362
f 359/431/364 358/432/365 357/55/366
f 53/136/69 6/112/45 354/428/361
f 26/109/42 6/112/45 53/136/69
f 361/56/367 358/432/365 360/433/368
f 76/162/95 320/396/329 321/397/330
f 76/162/95 322/398/331 77/163/96
f 321/397/330 322/398/331 76/162/95
f 77/163/96 322/398/331 249/330/265
f 364/434/369 363/435/370 362/436/371
f 362/436/371 365/437/372 364/434/369
f 363/435/370 367/438/373 366/439/374
f 366/439/374 362/436/371 363/435/370
f 367/438/373 369/440/375 368/441/376
f 368/441/376 366/439/374 367/438/373
f 369/440/375 371/442/377 370/443/378
f 369/440/375 370/443/378 368/441/376
f 372/444/379 371/442/377 373/445/380
f 372/444/379 370/443/378 371/442/377
f 374/446/381 373/445/380 375/447/382
f 373/445/380 374/446/381 372/444/379
f 375/447/382 364/434/369 365/437/372
f 375/447/382 365/437/372 374/446/381
f 376/448/383 378/449/384 377/450/385
f 379/451/386 376/448/383 377/450/385
f 379/451/386 377/450/385 380/452/387
f 380/452/387 382/453/388 381/454/389
f 377/450/385 382/453/388 380/452/387
f 383/455/390 384/456/391 379/451/386
f 379/451/386 384/456/391 376/448/383
f 385/457/392 383/455/390 379/451/386
f 386/458/393 385/457/392 380/452/387
f 380/452/387 385/457/392 379/451/386
f 380/452/387 387/459/394 386/458/393
f 387/459/394 381/454/389 388/460/395
f 380/452/387 381/454/389 387/459/394
f 381/454/389 389/461/396 388/460/395
f 390/462/397 389/461/396 382/453/388
f 382/453/388 389/461/396 381/454/389
f 391/463/398 390/462/397 382/453/388
f 391/463/398 377/450/385 392/464/399
f 377/450/385 391/463/398 382/453/388
f 377/450/385 393/465/400 392/464/399
f 393/465/400 378/449/384 394/466/401
f 377/450/385 378/449/384 393/465/400
f 395/467/402 394/466/401 378/449/384
f 395/467/402 376/448/383 396/468/403
f 376/448/383 395/467/402 378/449/384
f 384/456/391 396/468/403 376/448/383
f 374/446/381 384/456/391 383/455/390
f 384/456/391 374/446/381 365/437/372
f 374/446/381 383/455/390 385/457/392
f 385/457/392 386/458/393 372/444/379
f 372/444/379 374/446/381 385/457/392
f 386/458/393 387/459/394 372/444/379
f 387/459/394 388/460/395 370/443/378
f 387/459/394 370/443/378 372/444/379
f 370/443/378 388/460/395 389/461/396
f 389/461/396 390/462/397 368/441/376
f 368/441/376 370/443/378 389/461/396
f 368/441/376 390/462/397 391/463/398
f 366/439/374 391/463/398 392/464/399
f 391/463/398 366/439/374 368/441/376
f 366/439/374 392/464/399 393/465/400
f 4/427/360 5/137/70 397/469/404
f 398/470/405 399/471/406 400/472/407
f 400/472/407 401/473/408 398/470/405
f 402/474/409 397/469/404 5/137/70
f 402/474/409 5/137/70 29/111/44
f 401/473/408 403/475/410 398/470/405
f 401/473/408 404/476/411 403/475/410
f 405/477/412 403/475/410 404/476/411
f 405/477/412 404/476/411 406/478/413
f 406/478/413 407/479/414 405/477/412
f 407/479/414 406/478/413 408/480/415
f 409/481/416 407/479/414 408/480/415
f 409/481/416 408/480/415 330/404/337
f 410/482/417 412/483/418 411/484/419
f 413/485/420 415/486/421 414/487/422
f 393/465/400 362/436/371 366/439/374
f 394/466/401 395/467/402 362/436/371
f 365/437/372 395/467/402 396/468/403
f 239/321/256 238/320/255 416/488/423
f 395/467/402 365/437/372 362/436/371
f 365/437/372 396/468/403 384/456/391
f 417/489/424 409/481/416 330/404/337
f 330/404/337 329/403/336 417/489/424
f 329/403/336 418/490/425 417/489/424
f 418/490/425 329/403/336 347/420/353
f 29/111/44 399/471/406 402/474/409
f 29/111/44 400/472/407 399/471/406
f 238/320/255 397/469/404 416/488/423
f 397/469/404 238/320/255 4/427/360
f 419/491/426 239/321/256 416/488/423
f 421/492/427 419/491/426 420/493/428
f 421/492/427 239/321/256 419/491/426
f 399/471/406 398/470/405 422/494/429
f 422/494/429 397/469/404 402/474/409
f 398/470/405 403/475/410 422/494/429
f 422/494/429 403/475/410 405/477/412
f 405/477/412 407/479/414 422/494/429
f 407/479/414 409/481/416 422/494/429
f 409/481/416 417/489/424 422/494/429
f 417/489/424 418/490/425 422/494/429
f 422/494/429 402/474/409 399/471/406
f 422/494/429 416/488/423 397/469/404
f 419/491/426 416/488/423 422/494/429
f 420/493/428 419/491/426 422/494/429
f 430/495/430 432/496/431 431/497/432
f 435/498/433 434/499/434 433/500/435
f 39/122/55 351/424/357 40/123/56
f 436/501/436 44/127/60 41/125/58
f 43/124/57 36/119/52 350/423/356
f 352/425/358 351/424/357 39/122/55
f 39/122/55 50/133/66 352/425/358
f 436/501/436 351/424/357 44/127/60
f 436/501/436 40/123/56 351/424/357
f 352/425/358 50/133/66 353/426/359
f 46/129/62 48/131/64 219/301/236
f 47/130/63 353/426/359 50/133/66
f 49/132/65 48/131/64 46/129/62
f 49/132/65 46/129/62 45/128/61
f 45/128/61 353/426/359 49/132/65
f 45/128/61 352/425/358 353/426/359
f 437/502/437 429/503/438 438/504/439
f 427/505/440 429/503/438 437/502/437
f 439/506/441 441/507/442 440/508/443
f 440/508/443 441/507/442 442/509/444
f 445/510/445 444/511/446 443/512/447
f 444/511/446 445/510/445 446/513/448
f 447/514/449 448/515/450 89/173/106
f 447/514/449 89/173/106 168/250/185
f 449/516/451 168/250/185 88/172/105
f 449/516/451 88/172/105 450/517/452
f 452/518/453 454/519/454 453/520/455
f 455/521/456 457/522/457 456/523/458
f 458/524/459 349/422/355 161/243/178
f 453/520/455 451/525/460 452/518/453
f 461/526/461 459/527/462 460/528/463
f 442/509/444 462/529/464 440/508/443
f 462/529/464 442/509/444 463/530/465
f 446/513/448 464/531/466 444/511/446
f 465/532/467 464/531/466 446/513/448
f 466/533/468 457/522/457 455/521/456
f 461/526/461 467/534/469 459/527/462
f 465/532/467 468/535/470 464/531/466
f 439/506/441 469/536/471 441/507/442
f 456/523/458 463/530/465 442/509/444
f 470/537/472 463/530/465 456/523/458
f 460/528/463 472/538/473 471/539/474
f 472/538/473 460/528/463 435/498/433
f 446/513/448 445/510/445 434/499/434
f 433/500/435 434/499/434 445/510/445
f 444/511/446 440/508/443 443/512/447
f 462/529/464 443/512/447 440/508/443
f 441/507/442 466/533/468 455/521/456
f 469/536/471 466/533/468 441/507/442
f 461/526/461 457/522/457 467/534/469
f 466/533/468 467/534/469 457/522/457
f 459/527/462 468/535/470 465/532/467
f 468/535/470 459/527/462 467/534/469
f 464/531/466 469/536/471 439/506/441
f 468/535/470 469/536/471 464/531/466
f 456/523/458 442/509/444 455/521/456
f 441/507/442 455/521/456 442/509/444
f 473/540/475 475/541/476 474/542/477
f 474/542/477 475/541/476 476/543/478
f 477/544/479 478/545/480 473/540/475
f 475/541/476 473/540/475 478/545/480
f 479/546/481 480/547/482 477/544/479
f 477/544/479 480/547/482 478/545/480
f 481/548/483 482/549/484 479/546/481
f 480/547/482 479/546/481 482/549/484
f 484/550/485 481/548/483 483/551/486
f 481/548/483 484/550/485 482/549/484
f 485/552/487 486/553/488 483/551/486
f 483/551/486 486/553/488 484/550/485
f 488/554/489 485/552/487 487/555/490
f 486/553/488 485/552/487 488/554/489
f 237/319/254 236/318/253 239/321/256
f 421/492/427 237/319/254 239/321/256
f 421/492/427 355/429/362 237/319/254
f 453/520/455 454/519/454 489/556/491
f 490/557/492 431/497/432 491/558/493
f 471/539/474 457/522/457 460/528/463
f 331/402/335 330/404/337 408/480/415
f 331/402/335 408/480/415 492/559/494
f 492/559/494 408/480/415 406/478/413
f 57/141/74 492/559/494 58/142/75
f 406/478/413 58/142/75 492/559/494
f 58/142/75 406/478/413 404/476/411
f 404/476/411 56/140/73 58/142/75
f 404/476/411 24/106/39 56/140/73
f 24/106/39 404/476/411 401/473/408
f 400/472/407 24/106/39 401/473/408
f 400/472/407 25/107/40 24/106/39
f 25/107/40 400/472/407 29/111/44
f 29/111/44 28/108/41 25/107/40
f 62/146/79 64/148/81 66/150/83
f 63/147/80 64/148/81 62/146/79
f 63/147/80 68/152/85 64/148/81
f 63/147/80 145/227/162 68/152/85
f 145/227/162 63/147/80 143/225/160
f 142/224/159 145/227/162 143/225/160
f 142/224/159 143/225/160 140/220/155
f 129/212/147 135/215/150 136/218/153
f 135/215/150 129/212/147 133/216/151
f 133/216/151 129/212/147 132/214/149
f 133/216/151 132/214/149 154/236/171
f 154/236/171 132/214/149 493/560/495
f 154/236/171 493/560/495 185/268/203
f 186/266/201 493/560/495 126/208/143
f 10/99/32 187/269/204 125/207/142
f 187/269/204 10/99/32 179/260/195
f 179/260/195 10/99/32 122/205/140
f 179/260/195 122/205/140 177/259/194
f 177/259/194 122/205/140 120/203/138
f 120/203/138 175/257/192 177/259/194
f 175/257/192 120/203/138 118/201/136
f 175/257/192 118/201/136 15/101/34
f 118/201/136 108/191/126 15/101/34
f 134/217/152 494/561/496 156/238/173
f 133/216/151 494/561/496 134/217/152
f 495/562/497 133/216/151 152/234/169
f 495/562/497 494/561/496 133/216/151
f 150/233/168 495/562/497 152/234/169
f 496/563/498 498/564/499 497/565/500
f 476/543/478 500/566/501 499/567/502
f 501/568/503 458/524/459 161/243/178
f 478/545/480 503/569/504 475/541/476
f 475/541/476 503/569/504 500/566/501
f 480/547/482 504/570/505 478/545/480
f 478/545/480 504/570/505 503/569/504
f 482/549/484 505/571/506 480/547/482
f 480/547/482 505/571/506 504/570/505
f 506/572/507 164/246/181 166/248/183
f 506/572/507 507/573/508 164/246/181
f 507/573/508 162/244/179 164/246/181
f 507/573/508 508/574/509 509/575/510
f 509/575/510 162/244/179 507/573/508
f 512/576/511 511/577/512 510/578/513
f 482/549/484 513/579/514 505/571/506
f 514/580/515 484/550/485 486/553/488
f 513/579/514 484/550/485 514/580/515
f 515/581/516 486/553/488 488/554/489
f 15/101/34 14/103/36 175/257/192
f 112/194/129 13/102/35 15/101/34
f 334/407/340 107/190/125 110/192/127
f 116/199/134 114/196/131 117/197/132
f 517/582/517 511/577/512 516/583/518
f 465/532/467 446/513/448 459/527/462
f 116/199/134 518/584/519 519/585/520
f 518/584/519 116/199/134 115/198/133
f 520/586/521 498/564/499 521/587/522
f 500/566/501 522/588/523 499/567/502
f 523/589/524 499/567/502 522/588/523
f 524/590/525 500/566/501 503/569/504
f 522/588/523 500/566/501 524/590/525
f 304/383/316 303/382/315 525/591/526
f 525/591/526 526/592/527 304/383/316
f 527/593/528 337/410/343 528/594/529
f 337/410/343 527/593/528 338/411/344
f 338/411/344 527/593/528 529/595/530
f 524/590/525 503/569/504 534/596/531
f 535/597/532 504/570/505 505/571/506
f 504/570/505 535/597/532 534/596/531
f 526/592/527 529/595/530 304/383/316
f 304/383/316 529/595/530 283/362/295
f 532/598/533 530/599/534 531/600/535
f 535/597/532 505/571/506 537/601/536
f 514/580/515 538/602/537 513/579/514
f 537/601/536 513/579/514 538/602/537
f 539/603/538 514/580/515 515/581/516
f 309/388/321 311/390/323 526/592/527
f 309/388/321 526/592/527 525/591/526
f 498/564/499 496/563/498 536/604/539
f 439/506/441 440/508/443 464/531/466
f 464/531/466 440/508/443 444/511/446
f 522/588/523 473/540/475 523/589/524
f 526/592/527 311/390/323 338/411/344
f 338/411/344 529/595/530 526/592/527
f 540/605/540 536/604/539 496/563/498
f 477/544/479 522/588/523 524/590/525
f 545/606/541 544/607/542 543/608/543
f 545/606/541 547/609/544 546/610/545
f 545/606/541 543/608/543 547/609/544
f 548/611/546 550/612/547 549/613/548
f 550/612/547 552/614/549 551/615/550
f 552/614/549 550/612/547 548/611/546
f 551/615/550 554/616/551 553/617/552
f 551/615/550 555/618/553 554/616/551
f 556/619/554 553/617/552 554/616/551
f 553/617/552 556/619/554 557/620/555
f 551/615/550 552/614/549 555/618/553
f 167/249/184 558/621/556 90/174/107
f 549/613/548 550/612/547 546/610/545
f 546/610/545 559/622/557 549/613/548
f 546/610/545 547/609/544 559/622/557
f 550/612/547 553/617/552 545/606/541
f 551/615/550 553/617/552 550/612/547
f 545/606/541 546/610/545 550/612/547
f 560/623/558 156/238/173 494/561/496
f 156/238/173 561/624/559 157/239/174
f 147/229/164 562/625/560 563/626/561
f 562/625/560 147/229/164 146/228/163
f 563/626/561 150/233/168 147/229/164
f 150/233/168 563/626/561 564/627/562
f 565/628/563 156/238/173 560/623/558
f 561/624/559 156/238/173 565/628/563
f 159/242/177 158/241/176 566/629/564
f 566/629/564 567/630/565 159/242/177
f 567/630/565 163/245/180 159/242/177
f 163/245/180 567/630/565 568/631/566
f 568/631/566 165/247/182 163/245/180
f 568/631/566 569/632/567 165/247/182
f 158/241/176 561/624/559 566/629/564
f 158/241/176 157/239/174 561/624/559
f 558/621/556 167/249/184 89/173/106
f 558/621/556 89/173/106 448/515/450
f 494/561/496 570/633/568 560/623/558
f 570/633/568 494/561/496 495/562/497
f 495/562/497 150/233/168 564/627/562
f 564/627/562 570/633/568 495/562/497
f 571/634/569 572/635/570 573/636/571
f 534/596/531 479/546/481 524/590/525
f 477/544/479 524/590/525 479/546/481
f 535/597/532 481/548/483 534/596/531
f 534/596/531 481/548/483 479/546/481
f 42/126/59 37/120/53 36/119/52
f 42/126/59 36/119/52 43/124/57
f 138/221/156 140/220/155 143/225/160
f 140/220/155 137/219/154 136/218/153
f 137/219/154 140/220/155 139/222/157
f 145/227/162 141/223/158 144/226/161
f 145/227/162 142/224/159 141/223/158
f 142/224/159 135/215/150 134/217/152
f 141/223/158 155/237/172 144/226/161
f 212/293/228 106/188/123 139/222/157
f 218/298/233 213/296/231 215/295/230
f 42/126/59 215/295/230 214/297/232
f 158/241/176 155/237/172 157/239/174
f 350/423/356 38/121/54 40/123/56
f 40/123/56 436/501/436 350/423/356
f 436/501/436 41/125/58 43/124/57
f 436/501/436 43/124/57 350/423/356
f 135/215/150 142/224/159 140/220/155
f 140/220/155 136/218/153 135/215/150
f 162/244/179 160/240/175 159/242/177
f 162/244/179 501/568/503 160/240/175
f 501/568/503 161/243/178 160/240/175
f 577/637/572 576/638/573 575/639/574
f 577/637/572 575/639/574 578/640/575
f 579/641/576 577/637/572 578/640/575
f 578/640/575 580/642/577 579/641/576
f 582/643/578 580/642/577 581/644/579
f 582/643/578 584/645/580 583/646/581
f 585/647/582 587/648/583 586/649/584
f 588/650/585 587/648/583 585/647/582
f 97/180/115 96/179/114 589/651/586
f 579/641/576 580/642/577 582/643/578
f 587/648/583 582/643/578 583/646/581
f 577/637/572 579/641/576 582/643/578
f 582/643/578 587/648/583 577/637/572
f 174/256/191 14/103/36 13/102/35
f 582/643/578 581/644/579 584/645/580
f 179/260/195 178/261/196 181/263/198
f 583/646/581 586/649/584 587/648/583
f 583/646/581 584/645/580 586/649/584
f 590/652/587 591/653/588 110/192/127
f 110/192/127 109/189/124 590/652/587
f 109/189/124 119/200/135 590/652/587
f 592/654/589 590/652/587 119/200/135
f 592/654/589 119/200/135 121/202/137
f 593/655/590 594/656/591 595/657/592
f 595/657/592 594/656/591 596/658/593
f 597/659/594 598/660/595 306/385/318
f 597/659/594 306/385/318 599/661/596
f 124/206/141 598/660/595 600/662/597
f 124/206/141 306/385/318 598/660/595
f 601/663/598 595/657/592 596/658/593
f 591/653/588 602/664/599 603/665/600
f 603/665/600 110/192/127 591/653/588
f 604/666/601 605/667/602 598/660/595
f 598/660/595 597/659/594 604/666/601
f 606/668/603 595/657/592 607/669/604
f 593/655/590 595/657/592 606/668/603
f 608/670/605 609/671/606 590/652/587
f 590/652/587 592/654/589 608/670/605
f 600/662/597 598/660/595 605/667/602
f 600/662/597 605/667/602 610/672/607
f 591/653/588 609/671/606 611/673/608
f 609/671/606 591/653/588 590/652/587
f 611/673/608 612/674/609 602/664/599
f 611/673/608 602/664/599 591/653/588
f 595/657/592 613/675/610 607/669/604
f 595/657/592 601/663/598 613/675/610
f 614/676/611 605/667/602 604/666/601
f 614/676/611 604/666/601 615/677/612
f 617/678/613 616/679/614 607/669/604
f 606/668/603 607/669/604 618/680/615
f 619/681/616 620/682/617 609/671/606
f 609/671/606 608/670/605 621/683/618
f 609/671/606 622/684/619 619/681/616
f 614/676/611 623/685/620 610/672/607
f 614/676/611 610/672/607 605/667/602
f 620/682/617 624/686/621 611/673/608
f 611/673/608 609/671/606 620/682/617
f 624/686/621 625/687/622 612/674/609
f 624/686/621 612/674/609 611/673/608
f 607/669/604 626/688/623 627/689/624
f 626/688/623 607/669/604 613/675/610
f 607/669/604 627/689/624 617/678/613
f 618/680/615 607/669/604 616/679/614
f 614/676/611 285/364/297 284/363/296
f 614/676/611 615/677/612 285/364/297
f 291/370/303 614/676/611 284/363/296
f 614/676/611 291/370/303 623/685/620
f 622/684/619 609/671/606 621/683/618
f 287/367/300 284/363/296 286/365/298
f 628/690/625 287/367/300 286/365/298
f 628/690/625 288/368/301 287/367/300
f 288/368/301 628/690/625 629/691/626
f 629/691/626 307/387/320 288/368/301
f 617/678/613 628/690/625 286/365/298
f 627/689/624 629/691/626 628/690/625
f 290/369/302 622/684/619 291/370/303
f 616/679/614 286/365/298 285/364/297
f 616/679/614 617/678/613 286/365/298
f 290/369/302 289/366/299 620/682/617
f 290/369/302 620/682/617 619/681/616
f 619/681/616 622/684/619 290/369/302
f 624/686/621 289/366/299 308/386/319
f 624/686/621 620/682/617 289/366/299
f 124/206/141 600/662/597 592/654/589
f 592/654/589 121/202/137 124/206/141
f 594/656/591 593/655/590 597/659/594
f 594/656/591 597/659/594 599/661/596
f 593/655/590 606/668/603 604/666/601
f 593/655/590 604/666/601 597/659/594
f 610/672/607 608/670/605 592/654/589
f 592/654/589 600/662/597 610/672/607
f 606/668/603 618/680/615 615/677/612
f 606/668/603 615/677/612 604/666/601
f 621/683/618 610/672/607 623/685/620
f 610/672/607 621/683/618 608/670/605
f 627/689/624 626/688/623 629/691/626
f 627/689/624 628/690/625 617/678/613
f 618/680/615 616/679/614 285/364/297
f 618/680/615 285/364/297 615/677/612
f 291/370/303 621/683/618 623/685/620
f 291/370/303 622/684/619 621/683/618
f 632/692/627 630/693/628 631/694/629
f 630/693/628 632/692/627 633/695/630
f 636/696/631 635/697/632 634/698/633
f 535/597/532 483/551/486 481/548/483
f 485/552/487 537/601/536 538/602/537
f 537/601/536 485/552/487 483/551/486
f 487/555/490 538/602/537 539/603/538
f 538/602/537 487/555/490 485/552/487
f 462/529/464 463/530/465 470/537/472
f 462/529/464 470/537/472 435/498/433
f 472/538/473 435/498/433 470/537/472
f 445/510/445 462/529/464 435/498/433
f 445/510/445 435/498/433 433/500/435
f 640/699/634 642/700/635 641/701/636
f 639/702/637 637/703/638 638/704/639
f 642/700/635 643/705/640 292/371/304
f 646/706/641 644/707/642 645/708/643
f 273/353/285 648/709/644 647/710/645
f 612/674/609 625/687/622 626/688/623
f 612/674/609 626/688/623 613/675/610
f 601/663/598 602/664/599 612/674/609
f 612/674/609 613/675/610 601/663/598
f 596/658/593 603/665/600 602/664/599
f 602/664/599 601/663/598 596/658/593
f 529/595/530 527/593/528 283/362/295
f 624/686/621 307/387/320 625/687/622
f 624/686/621 308/386/319 307/387/320
f 626/688/623 625/687/622 307/387/320
f 307/387/320 629/691/626 626/688/623
f 635/697/632 649/711/646 634/698/633
f 642/700/635 654/712/647 653/713/648
f 644/707/642 654/712/647 642/700/635
f 646/706/641 647/710/645 655/714/649
f 646/706/641 645/708/643 647/710/645
f 656/715/275 648/709/644 260/340/275
f 657/716/650 293/372/305 640/699/634
f 643/705/640 293/372/305 292/371/304
f 292/371/304 294/373/306 272/350/282
f 640/699/634 293/372/305 643/705/640
f 270/351/283 259/342/277 273/353/285
f 293/372/305 297/377/310 294/373/306
f 300/379/312 294/373/306 297/377/310
f 335/408/341 295/374/307 270/351/283
f 335/408/341 270/351/283 272/350/282
f 259/342/277 263/344/275 260/340/275
f 658/717/651 75/718/652 19/719/653
f 660/720/654 75/718/652 659/721/655
f 658/717/651 659/721/655 75/718/652
f 659/721/655 661/722/656 660/720/654
f 663/723/657 660/720/654 662/724/658
f 662/724/658 660/720/654 661/722/656
f 114/196/131 116/199/134 111/193/128
f 113/195/130 15/101/34 108/191/126
f 113/195/130 108/191/126 114/196/131
f 204/283/218 196/279/214 173/255/190
f 638/704/639 664/725/659 665/726/660
f 649/711/646 666/727/661 634/698/633
f 173/255/190 112/194/129 111/193/128
f 663/723/657 667/728/662 668/729/663
f 667/728/662 663/723/657 669/730/664
f 173/255/190 196/279/214 171/251/186
f 324/400/333 672/731/665 303/382/315
f 638/704/639 665/726/660 670/732/666
f 671/733/667 673/734/668 668/729/663
f 204/283/218 111/193/128 116/199/134
f 204/283/218 116/199/134 519/585/520
f 525/591/526 303/382/315 672/731/665
f 672/731/665 675/735/669 525/591/526
f 675/735/669 309/388/321 525/591/526
f 675/735/669 206/285/220 309/388/321
f 676/736/670 635/697/632 636/696/631
f 679/737/671 677/738/672 678/12/673
f 359/431/364 678/12/673 680/11/674
f 683/739/675 681/740/676 682/741/677
f 681/740/676 683/739/675 684/742/678
f 678/12/673 677/738/672 93/176/110
f 93/176/110 92/13/109 678/12/673
f 97/180/115 342/415/348 685/743/679
f 342/415/348 97/180/115 343/416/349
f 687/744/680 88/172/105 686/745/681
f 688/746/682 687/744/680 686/745/681
f 90/174/107 677/738/672 686/745/681
f 677/738/672 90/174/107 93/176/110
f 630/693/628 685/743/679 342/415/348
f 631/694/629 630/693/628 342/415/348
f 342/415/348 632/692/627 631/694/629
f 342/415/348 689/747/683 632/692/627
f 683/739/675 682/741/677 688/746/682
f 683/739/675 688/746/682 686/745/681
f 686/745/681 684/742/678 683/739/675
f 684/742/678 686/745/681 677/738/672
f 630/693/628 359/431/364 685/743/679
f 630/693/628 633/695/630 359/431/364
f 677/738/672 679/737/671 681/740/676
f 681/740/676 684/742/678 677/738/672
f 690/748/684 692/749/685 691/750/686
f 694/751/687 693/752/688 674/753/689
f 695/754/690 323/399/332 297/377/310
f 297/377/310 657/716/650 695/754/690
f 293/372/305 657/716/650 297/377/310
f 696/755/691 697/756/692 698/757/693
f 696/755/691 698/757/693 699/758/694
f 700/759/695 74/158/91 20/160/93
f 74/158/91 700/759/695 701/760/696
f 21/159/92 74/158/91 702/761/697
f 702/761/697 703/762/698 19/719/653
f 702/761/697 19/719/653 21/159/92
f 19/719/653 703/762/698 658/717/651
f 659/721/655 703/762/698 704/763/699
f 659/721/655 658/717/651 703/762/698
f 659/721/655 704/763/699 661/722/656
f 662/724/658 704/763/699 705/764/700
f 704/763/699 662/724/658 661/722/656
f 662/724/658 705/764/700 669/730/664
f 705/764/700 706/765/701 667/728/662
f 705/764/700 667/728/662 669/730/664
f 667/728/662 706/765/701 671/733/667
f 706/765/701 707/766/702 673/734/668
f 673/734/668 671/733/667 706/765/701
f 694/751/687 673/734/668 707/766/702
f 707/766/702 708/767/703 693/752/688
f 707/766/702 693/752/688 694/751/687
f 693/752/688 708/767/703 701/760/696
f 74/158/91 708/767/703 702/761/697
f 74/158/91 701/760/696 708/767/703
f 705/764/700 704/763/699 707/766/702
f 705/764/700 707/766/702 706/765/701
f 707/766/702 704/763/699 708/767/703
f 704/763/699 702/761/697 708/767/703
f 703/762/698 702/761/697 704/763/699
f 700/759/695 20/160/93 709/768/704
f 710/769/705 709/768/704 20/160/93
f 674/753/689 700/759/695 711/770/706
f 709/768/704 711/770/706 700/759/695
f 668/729/663 674/753/689 712/771/707
f 712/771/707 674/753/689 711/770/706
f 668/729/663 713/772/708 663/723/657
f 713/772/708 668/729/663 712/771/707
f 663/723/657 714/773/709 660/720/654
f 713/772/708 714/773/709 663/723/657
f 75/718/652 660/720/654 715/774/710
f 714/773/709 715/774/710 660/720/654
f 20/160/93 75/718/652 710/769/705
f 715/774/710 710/769/705 75/718/652
f 717/775/711 716/776/712 242/323/258
f 716/776/712 718/777/713 719/778/714
f 14/103/36 720/779/715 176/258/193
f 181/263/198 721/780/716 180/262/197
f 96/179/114 722/781/717 589/651/586
f 723/782/718 724/783/719 170/253/188
f 723/782/718 170/253/188 169/252/187
f 174/256/191 724/783/719 725/784/720
f 724/783/719 174/256/191 170/253/188
f 178/261/196 720/779/715 726/785/721
f 178/261/196 176/258/193 720/779/715
f 721/780/716 727/786/722 183/264/199
f 183/264/199 180/262/197 721/780/716
f 192/274/209 183/264/199 727/786/722
f 727/786/722 728/787/723 192/274/209
f 728/787/723 729/788/724 193/276/211
f 728/787/723 193/276/211 192/274/209
f 725/784/720 14/103/36 174/256/191
f 14/103/36 725/784/720 720/779/715
f 726/785/721 181/263/198 178/261/196
f 726/785/721 721/780/716 181/263/198
f 730/789/725 731/790/726 295/374/307
f 730/789/725 295/374/307 335/408/341
f 732/791/727 278/358/290 281/360/293
f 732/791/727 733/792/728 278/358/290
f 296/375/308 295/374/307 734/793/729
f 734/793/729 735/794/730 296/375/308
f 277/357/289 276/354/286 735/794/730
f 277/357/289 735/794/730 734/793/729
f 280/2/292 296/375/308 281/360/293
f 276/354/286 733/792/728 732/791/727
f 276/354/286 275/356/288 733/792/728
f 731/790/726 274/355/287 277/357/289
f 274/355/287 731/790/726 730/789/725
f 735/794/730 281/360/293 296/375/308
f 734/793/729 731/790/726 277/357/289
f 735/794/730 732/791/727 281/360/293
f 735/794/730 276/354/286 732/791/727
f 734/793/729 295/374/307 731/790/726
f 719/778/714 251/333/268 242/323/258
f 251/333/268 719/778/714 736/795/731
f 719/778/714 737/796/732 736/795/731
f 738/797/733 736/795/731 737/796/732
f 739/798/734 738/797/733 737/796/732
f 738/797/733 739/798/734 740/799/735
f 739/798/734 741/800/736 740/799/735
f 740/799/735 741/800/736 742/801/737
f 741/800/736 743/802/738 742/801/737
f 243/325/260 742/801/737 743/802/738
f 743/802/738 240/322/257 243/325/260
f 744/803/739 91/175/108 94/177/111
f 718/777/713 745/804/740 719/778/714
f 744/803/739 746/805/741 91/175/108
f 95/178/112 91/175/108 746/805/741
f 746/805/741 747/806/742 95/178/112
f 722/781/717 99/181/116 748/807/743
f 722/781/717 96/179/114 99/181/116
f 346/418/351 345/419/352 749/808/744
f 346/418/351 749/808/744 750/809/745
f 750/809/745 751/810/746 346/418/351
f 184/267/202 752/811/747 191/273/208
f 186/266/201 187/269/204 182/265/200
f 186/266/201 182/265/200 752/811/747
f 753/812/748 755/813/749 754/814/750
f 756/815/751 758/816/752 757/817/753
f 756/815/751 759/818/754 758/816/752
f 758/816/752 760/819/755 757/817/753
f 759/818/754 756/815/751 761/820/756
f 756/815/751 762/821/757 761/820/756
f 769/822/758 771/823/759 770/824/760
f 772/825/761 769/822/758 770/824/760
f 772/825/761 773/826/762 769/822/758
f 489/556/491 774/827/763 775/828/764
f 774/827/763 489/556/491 776/829/275
f 770/824/760 777/830/765 754/814/750
f 770/824/760 754/814/750 755/813/749
f 762/821/757 756/815/751 755/813/749
f 755/813/749 753/812/748 762/821/757
f 779/831/766 339/413/346 778/832/767
f 779/831/766 780/833/768 339/413/346
f 99/181/116 98/10/113 95/178/112
f 98/10/113 92/13/109 95/178/112
f 126/208/143 781/834/769 127/209/144
f 781/834/769 126/208/143 493/560/495
f 127/209/144 11/100/33 125/207/142
f 191/273/208 190/272/207 189/271/206
f 194/275/210 190/272/207 192/274/209
f 186/266/201 185/268/203 493/560/495
f 187/269/204 126/208/143 125/207/142
f 187/269/204 186/266/201 126/208/143
f 184/267/202 191/273/208 189/271/206
f 678/12/673 359/431/364 679/737/671
f 685/743/679 359/431/364 680/11/674
f 685/743/679 98/10/113 97/180/115
f 685/743/679 680/11/674 98/10/113
f 748/807/743 95/178/112 747/806/742
f 95/178/112 748/807/743 99/181/116
f 182/265/200 191/273/208 752/811/747
f 191/273/208 182/265/200 183/264/199
f 752/811/747 184/267/202 186/266/201
f 770/824/760 771/823/759 777/830/765
f 784/835/770 783/836/771 782/837/772
f 783/836/771 785/838/773 782/837/772
f 785/838/773 783/836/771 786/839/452
f 791/840/774 792/841/775 793/842/776
f 791/840/774 793/842/776 794/843/777
f 795/844/778 426/845/779 423/846/780
f 795/844/778 423/846/780 796/847/781
f 794/843/777 793/842/776 797/848/782
f 798/849/783 799/850/784 794/843/777
f 800/851/785 429/503/438 428/852/786
f 800/851/785 428/852/786 801/853/787
f 793/842/776 792/841/775 806/854/788
f 806/854/788 807/855/789 793/842/776
f 808/856/790 429/503/438 800/851/785
f 808/856/790 438/504/439 429/503/438
f 453/520/455 809/857/791 810/858/792
f 451/525/460 453/520/455 810/858/792
f 812/859/793 794/843/777 811/860/794
f 809/857/791 453/520/455 489/556/491
f 489/556/491 775/828/764 809/857/791
f 794/843/777 797/848/782 811/860/794
f 794/843/777 812/859/793 798/849/783
f 451/525/460 810/858/792 801/853/787
f 801/853/787 428/852/786 451/525/460
f 807/855/789 806/854/788 813/861/795
f 438/504/439 808/856/790 796/847/781
f 423/846/780 438/504/439 796/847/781
f 100/183/118 128/211/146 101/184/119
f 128/211/146 100/183/118 814/862/796
f 131/213/148 128/211/146 814/862/796
f 827/863/797 829/864/798 828/865/799
f 769/822/758 831/866/800 830/867/801
f 769/822/758 832/868/802 831/866/800
f 832/868/802 769/822/758 773/826/762
f 773/826/762 834/869/803 833/870/804
f 828/865/799 829/864/798 831/866/800
f 835/871/805 779/831/766 778/832/767
f 835/871/805 836/872/806 779/831/766
f 833/870/804 832/868/802 773/826/762
f 90/174/107 686/745/681 88/172/105
f 450/517/452 88/172/105 687/744/680
f 839/873/807 837/874/808 838/875/809
f 840/876/810 841/877/811 842/878/812
f 843/879/813 844/880/814 845/881/815
f 848/882/816 846/883/817 847/884/818
f 849/885/819 851/886/820 850/887/821
f 854/888/822 852/889/823 853/890/824
f 853/890/824 852/889/823 855/891/825
f 858/892/826 856/893/827 857/894/828
f 857/894/828 837/874/808 859/895/829
f 861/896/830 856/893/827 860/897/831
f 860/897/831 856/893/827 858/892/826
f 852/889/823 862/898/832 863/899/833
f 862/898/832 852/889/823 854/888/822
f 865/900/834 861/896/830 864/901/835
f 860/897/831 864/901/835 861/896/830
f 863/899/833 866/902/836 867/903/837
f 866/902/836 863/899/833 862/898/832
f 864/901/835 868/904/838 865/900/834
f 869/905/839 865/900/834 868/904/838
f 868/904/838 870/906/840 869/905/839
f 873/907/841 871/908/842 872/909/843
f 874/910/844 875/911/845 876/912/846
f 871/908/842 875/911/845 874/910/844
f 877/913/847 878/914/848 879/915/849
f 881/916/850 880/917/851 877/913/847
f 52/135/68 856/893/827 861/896/830
f 856/893/827 52/135/68 53/136/69
f 856/893/827 837/874/808 857/894/828
f 839/873/807 859/895/829 837/874/808
f 883/918/852 862/898/832 882/919/853
f 882/919/853 862/898/832 854/888/822
f 882/919/853 854/888/822 884/920/854
f 853/890/824 884/920/854 854/888/822
f 886/921/855 882/919/853 885/922/856
f 884/920/854 885/922/856 882/919/853
f 887/923/857 883/918/852 886/921/855
f 886/921/855 883/918/852 882/919/853
f 889/924/858 888/925/859 842/878/812
f 842/878/812 888/925/859 840/876/810
f 890/926/860 842/878/812 841/877/811
f 891/927/861 889/924/858 890/926/860
f 890/926/860 889/924/858 842/878/812
f 892/928/862 893/929/863 894/930/864
f 841/877/811 893/929/863 890/926/860
f 895/931/865 892/928/862 894/930/864
f 896/932/866 892/928/862 895/931/865
f 900/933/867 899/934/868 898/935/867
f 739/798/734 737/796/732 901/936/869
f 901/936/869 737/796/732 902/937/870
f 903/938/871 739/798/734 901/936/869
f 741/800/736 739/798/734 904/939/872
f 903/938/871 904/939/872 739/798/734
f 904/939/872 905/940/873 741/800/736
f 743/802/738 905/940/873 906/941/874
f 743/802/738 741/800/736 905/940/873
f 906/941/874 907/942/875 743/802/738
f 240/322/257 907/942/875 908/943/876
f 240/322/257 743/802/738 907/942/875
f 909/944/877 910/945/878 911/946/879
f 914/58/880 912/947/881 913/948/882
f 913/948/882 912/947/881 915/949/883
f 912/947/881 914/58/880 916/950/884
f 360/433/368 917/951/885 361/56/367
f 361/56/367 917/951/885 918/952/886
f 919/953/887 920/954/888 921/955/889
f 922/956/890 923/957/891 924/958/892
f 920/954/888 925/959/893 921/955/889
f 926/960/894 927/961/895 928/962/896
f 929/963/897 927/961/895 926/960/894
f 930/964/898 931/965/899 932/966/900
f 933/967/901 931/965/899 930/964/898
f 934/968/902 935/969/903 936/970/904
f 931/965/899 847/884/818 932/966/900
f 938/971/905 928/962/896 937/972/906
f 937/972/906 928/962/896 927/961/895
f 940/973/907 938/971/905 939/974/908
f 937/972/906 939/974/908 938/971/905
f 942/975/909 940/973/907 941/976/910
f 941/976/910 939/974/908 943/977/911
f 940/973/907 939/974/908 941/976/910
f 843/879/813 942/975/909 844/880/814
f 844/880/814 942/975/909 941/976/910
f 843/879/813 845/881/815 944/978/912
f 944/978/912 945/979/913 946/980/914
f 948/981/915 947/982/916 571/634/569
f 571/634/569 947/982/916 572/635/570
f 949/983/917 950/984/918 951/985/919
f 951/985/919 952/986/920 953/987/921
f 951/985/919 953/987/921 949/983/917
f 956/988/922 954/989/923 955/990/924
f 958/991/925 951/985/919 957/992/926
f 950/984/918 957/992/926 951/985/919
f 959/993/927 960/994/928 961/995/929
f 963/996/930 956/988/922 962/997/931
f 964/998/932 889/924/858 891/927/861
f 959/993/927 889/924/858 964/998/932
f 895/931/865 965/999/933 896/932/866
f 896/932/866 965/999/933 966/1000/934
f 967/1001/935 968/1002/936 969/1003/937
f 968/1002/936 967/1001/935 970/1004/938
f 969/1003/937 971/1005/939 972/1006/940
f 968/1002/936 971/1005/939 969/1003/937
f 974/1007/941 972/1006/940 973/1008/942
f 971/1005/939 973/1008/942 972/1006/940
f 954/989/923 973/1008/942 975/1009/943
f 973/1008/942 954/989/923 974/1007/941
f 978/1010/944 976/1011/945 977/1012/946
f 976/1011/945 956/988/922 963/996/930
f 978/1010/944 956/988/922 976/1011/945
f 981/1013/947 979/1014/948 980/1015/949
f 982/1016/950 980/1015/949 979/1014/948
f 985/1017/951 983/1018/952 984/1019/953
f 985/1017/951 981/1013/947 983/1018/952
f 985/1017/951 986/1020/954 987/1021/955
f 984/1019/953 986/1020/954 985/1017/951
f 910/945/878 988/1022/956 911/946/879
f 989/1023/957 909/944/877 911/946/879
f 990/1024/958 991/1025/959 992/1026/960
f 991/1025/959 990/1024/958 993/1027/961
f 995/1028/962 991/1025/959 994/1029/963
f 991/1025/959 995/1028/962 992/1026/960
f 996/1030/964 997/1031/965 848/882/816
f 998/1032/966 997/1031/965 996/1030/964
f 998/1032/966 999/1033/967 1000/1034/968
f 1000/1034/968 997/1031/965 998/1032/966
f 69/153/86 1001/1035/969 999/1033/967
f 1002/1036/970 71/154/87 69/153/86
f 1003/1037/971 413/485/420 414/487/422
f 1002/1036/970 69/153/86 999/1033/967
f 1002/1036/970 999/1033/967 1004/1038/972
f 1007/1039/973 1005/1040/974 1006/1041/975
f 1008/1042/976 1006/1041/975 71/154/87
f 71/154/87 1006/1041/975 72/156/89
f 1010/1043/977 72/156/89 1009/1044/978
f 1009/1044/978 1006/1041/975 1011/1045/979
f 1005/1040/974 1011/1045/979 1006/1041/975
f 1011/1045/979 1005/1040/974 968/1002/936
f 970/1004/938 1011/1045/979 968/1002/936
f 991/1025/959 1012/1046/980 1013/1047/981
f 1012/1046/980 991/1025/959 993/1027/961
f 240/322/257 1020/1048/982 717/775/711
f 1021/1049/983 930/964/898 994/1029/963
f 1024/1050/984 1022/1051/985 1023/1052/986
f 1016/1053/987 1025/1054/988 1014/1055/989
f 1016/1053/987 1014/1055/989 1015/1056/990
f 717/775/711 1026/1057/991 716/776/712
f 925/959/893 961/995/929 957/992/926
f 1028/1058/992 959/993/927 1027/1059/993
f 961/995/929 1027/1059/993 959/993/927
f 925/959/893 957/992/926 921/955/889
f 921/955/889 957/992/926 950/984/918
f 1029/1060/994 1030/1061/995 1031/1062/996
f 1034/1063/997 1032/1064/998 1033/1065/999
f 1033/1065/999 1032/1064/998 1030/1061/995
f 1034/1063/997 1035/1066/1000 1032/1064/998
f 922/956/890 1035/1066/1000 1034/1063/997
f 871/908/842 1032/1064/998 875/911/845
f 1032/1064/998 1035/1066/1000 875/911/845
f 866/902/836 1031/1062/996 873/907/841
f 1032/1064/998 871/908/842 1030/1061/995
f 873/907/841 1030/1061/995 871/908/842
f 869/905/839 221/302/237 220/303/238
f 880/917/851 221/302/237 869/905/839
f 865/900/834 220/303/238 222/304/239
f 869/905/839 220/303/238 865/900/834
f 1038/1067/1001 1037/1068/1002 1036/1069/1003
f 965/999/933 1039/1070/1004 1040/1071/1005
f 895/931/865 1039/1070/1004 965/999/933
f 888/925/859 889/924/858 1028/1058/992
f 1028/1058/992 889/924/858 959/993/927
f 887/923/857 1031/1062/996 883/918/852
f 1029/1060/994 1031/1062/996 887/923/857
f 883/918/852 866/902/836 862/898/832
f 866/902/836 883/918/852 1031/1062/996
f 52/135/68 861/896/830 222/304/239
f 865/900/834 222/304/239 861/896/830
f 1041/1072/1006 1043/1073/1007 1042/1074/1008
f 718/777/713 1044/1075/1009 745/804/740
f 235/317/252 234/316/251 1045/1076/1010
f 1045/1076/1010 234/316/251 1046/1077/1011
f 1047/1078/1012 1045/1076/1010 1048/1079/1013
f 1042/1074/1008 1049/1080/1014 1050/1081/1015
f 1044/1075/1009 1051/1082/1016 745/804/740
f 902/937/870 745/804/740 1051/1082/1016
f 901/936/869 902/937/870 1052/1083/1017
f 1052/1083/1017 902/937/870 1051/1082/1016
f 901/936/869 1052/1083/1017 903/938/871
f 1035/1066/1000 924/958/892 877/913/847
f 879/915/849 1035/1066/1000 877/913/847
f 1055/1084/1018 1054/1085/1019 1053/1086/1020
f 1056/1087/1021 1050/1081/1015 1049/1080/1014
f 904/939/872 903/938/871 1052/1083/1017
f 905/940/873 904/939/872 1057/1088/1022
f 906/941/874 905/940/873 1058/1089/1023
f 1057/1088/1022 1058/1089/1023 905/940/873
f 906/941/874 1058/1089/1023 907/942/875
f 908/943/876 1058/1089/1023 1059/1090/1024
f 257/339/274 221/302/237 881/916/850
f 880/917/851 881/916/850 221/302/237
f 922/956/890 924/958/892 1035/1066/1000
f 921/955/889 950/984/918 949/983/917
f 975/1009/943 413/485/420 1003/1037/971
f 413/485/420 975/1009/943 973/1008/942
f 413/485/420 971/1005/939 1007/1039/973
f 971/1005/939 413/485/420 973/1008/942
f 1005/1040/974 1007/1039/973 968/1002/936
f 968/1002/936 1007/1039/973 971/1005/939
f 258/341/276 260/340/275 648/709/644
f 1061/41/1025 648/709/644 1060/1091/275
f 656/715/275 1060/1091/275 648/709/644
f 1061/41/1025 1060/1091/275 1062/42/1026
f 1060/1091/275 1063/1092/275 1062/42/1026
f 1065/1093/1027 1062/42/1026 1064/1094/275
f 1064/1094/275 1062/42/1026 1063/1092/275
f 941/976/910 1066/1095/1028 844/880/814
f 1067/1096/275 1065/1093/1027 1064/1094/275
f 273/353/285 645/708/643 271/352/284
f 647/710/645 645/708/643 273/353/285
f 1068/1097/1029 1069/1098/1030 1070/1099/1031
f 1069/1098/1030 1068/1097/1029 1071/1100/1032
f 1074/1101/1033 1072/1102/1034 1073/40/1035
f 1073/40/1035 1072/1102/1034 1075/1103/1036
f 1073/40/1035 1076/1104/1037 1074/1101/1033
f 1077/1105/1038 1074/1101/1033 1076/1104/1037
f 1080/1106/1039 1078/1107/1040 1079/1108/1041
f 1083/1109/1042 1081/1110/1043 1082/1111/1044
f 1084/1112/1045 1082/1111/1044 1081/1110/1043
f 1084/1112/1045 1081/1110/1043 1085/1113/1046
f 1078/1107/1040 1085/1113/1046 1081/1110/1043
f 292/371/304 644/707/642 642/700/635
f 258/341/276 648/709/644 273/353/285
f 648/709/644 1061/41/1025 655/714/649
f 648/709/644 655/714/649 647/710/645
f 655/714/649 1061/41/1025 1086/1114/1047
f 653/713/648 1087/1115/1048 1088/1116/1049
f 1087/1115/1048 653/713/648 654/712/647
f 1086/1114/1047 1061/41/1025 1073/40/1035
f 1087/1115/1048 1089/1117/1050 1088/1116/1049
f 1073/40/1035 1062/42/1026 1076/1104/1037
f 1076/1104/1037 1062/42/1026 1090/1118/1051
f 1088/1116/1049 1091/1119/1052 1092/1120/1053
f 1091/1119/1052 1088/1116/1049 1089/1117/1050
f 1062/42/1026 1093/1121/1054 1090/1118/1051
f 1065/1093/1027 1093/1121/1054 1062/42/1026
f 1066/1095/1028 943/977/911 1094/1122/1055
f 943/977/911 1066/1095/1028 941/976/910
f 1096/1123/1056 1083/1109/1042 1095/1124/1057
f 1082/1111/1044 1095/1124/1057 1083/1109/1042
f 1022/1051/985 1097/1125/1058 1098/1126/1059
f 1098/1126/1059 1097/1125/1058 1099/1127/1060
f 932/966/900 846/883/817 994/1029/963
f 994/1029/963 991/1025/959 1013/1047/981
f 1100/1128/1061 1102/1129/1062 1101/1130/1063
f 1103/1131/1064 1108/1132/1065 1104/1133/1066
f 506/572/507 1106/1134/1067 1109/1135/1068
f 1107/1136/1069 1106/1134/1067 1105/1137/1070
f 506/572/507 1105/1137/1070 1106/1134/1067
f 1110/1138/1071 1111/1139/1072 168/250/185
f 1112/1140/1073 1041/1072/1006 1050/1081/1015
f 168/250/185 449/516/451 1114/1141/1074
f 1115/1142/1075 1117/1143/1076 1116/1144/1075
f 1115/1142/1075 1116/1144/1075 1118/1145/1077
f 1088/1116/1049 1119/1146/1078 653/713/648
f 1119/1146/1078 1088/1116/1049 1120/1147/1079
f 1116/1144/1075 1121/1148/1077 1118/1145/1077
f 75/718/652 20/160/93 19/719/653
f 21/159/92 19/719/653 20/160/93
f 1092/1120/1053 1120/1147/1079 1088/1116/1049
f 1022/1051/985 1024/1050/984 1097/1125/1058
f 1123/1149/1080 1122/1150/1081 893/929/863
f 1124/1151/1082 1125/1152/1083 1126/1153/1084
f 1127/1154/1085 1125/1152/1083 1124/1151/1082
f 1122/1150/1081 894/930/864 893/929/863
f 894/930/864 1122/1150/1081 895/931/865
f 1039/1070/1004 895/931/865 1122/1150/1081
f 965/999/933 1040/1071/1005 976/1011/945
f 926/960/894 928/962/896 933/967/901
f 926/960/894 933/967/901 935/969/903
f 935/969/903 1128/1155/1086 926/960/894
f 645/708/643 292/371/304 271/352/284
f 644/707/642 292/371/304 645/708/643
f 654/712/647 644/707/642 646/706/641
f 1072/1102/1034 1074/1101/1033 1087/1115/1048
f 1089/1117/1050 1087/1115/1048 1074/1101/1033
f 1089/1117/1050 1074/1101/1033 1077/1105/1038
f 1077/1105/1038 1091/1119/1052 1089/1117/1050
f 1098/1126/1059 1099/1127/1060 1129/1156/1087
f 1099/1127/1060 1130/1157/1088 1129/1156/1087
f 1001/1035/969 69/153/86 70/155/88
f 1133/1158/1089 1132/1159/1089 1131/1160/1090
f 1131/1160/1090 1132/1159/1089 1134/1161/1090
f 1131/1160/1090 1134/1161/1090 1135/1162/1091
f 1135/1162/1091 1136/1163/1091 1131/1160/1090
f 1137/1164/1092 1139/1165/1093 1138/1166/1094
f 1140/1167/1095 1138/1166/1094 1139/1165/1093
f 1141/1168/1096 1143/1169/14 1142/1170/1097
f 1147/1171/1098 1141/1168/1096 1142/1170/1097
f 1148/1172/1099 1141/1168/1096 1147/1171/1098
f 1147/1171/1098 1149/1173/1100 1148/1172/1099
f 1148/1172/1099 1149/1173/1100 1150/1174/1101
f 1151/1175/1102 1152/1176/1103 1153/1177/1104
f 1153/1177/1104 1154/1178/1105 1155/1179/1106
f 1154/1178/1105 1153/1177/1104 1152/1176/1103
f 1127/1154/1085 1124/1151/1082 1156/1180/1107
f 1122/1150/1081 1123/1149/1080 1157/1181/1108
f 1157/1181/1108 1158/1182/1109 1039/1070/1004
f 1039/1070/1004 982/1016/950 1040/1071/1005
f 1122/1150/1081 1157/1181/1108 1039/1070/1004
f 976/1011/945 1040/1071/1005 979/1014/948
f 982/1016/950 979/1014/948 1040/1071/1005
f 1039/1070/1004 1158/1182/1109 982/1016/950
f 858/892/826 857/894/828 852/889/823
f 855/891/825 852/889/823 857/894/828
f 858/892/826 863/899/833 860/897/831
f 852/889/823 863/899/833 858/892/826
f 860/897/831 867/903/837 864/901/835
f 867/903/837 860/897/831 863/899/833
f 867/903/837 868/904/838 864/901/835
f 868/904/838 867/903/837 1159/1183/1110
f 1160/1184/1111 876/912/846 1161/1185/1112
f 874/910/844 876/912/846 1160/1184/1111
f 878/914/848 877/913/847 1162/1186/1113
f 838/875/809 1045/1076/1010 1047/1078/1012
f 837/874/808 1045/1076/1010 838/875/809
f 235/317/252 837/874/808 354/428/361
f 1045/1076/1010 837/874/808 235/317/252
f 356/430/363 1163/1187/1114 234/316/251
f 234/316/251 1163/1187/1114 1046/1077/1011
f 86/171/104 85/170/103 87/281/216
f 354/428/361 837/874/808 53/136/69
f 837/874/808 856/893/827 53/136/69
f 1150/1174/1101 1166/1188/1115 1165/1189/1116
f 1137/1164/1092 1165/1189/1116 1166/1188/1115
f 1165/1189/1116 1137/1164/1092 1138/1166/1094
f 1167/1190/1117 1168/1191/1118 1137/1164/1092
f 1137/1164/1092 1168/1191/1118 1139/1165/1093
f 1174/1192/1119 1173/1193/1120 1172/1194/1121
f 1175/1195/1122 1142/1170/1097 1174/1192/1119
f 1147/1171/1098 1142/1170/1097 1175/1195/1122
f 1176/1196/1123 1147/1171/1098 1175/1195/1122
f 1147/1171/1098 1176/1196/1123 1149/1173/1100
f 1176/1196/1123 1177/1197/1124 1149/1173/1100
f 1166/1188/1115 1149/1173/1100 1177/1197/1124
f 1167/1190/1117 1166/1188/1115 1177/1197/1124
f 1137/1164/1092 1166/1188/1115 1167/1190/1117
f 1179/1198/1125 1167/1190/1117 1178/1199/1126
f 1167/1190/1117 1179/1198/1125 1168/1191/1118
f 1181/1200/1127 1172/1194/1121 1180/1201/1128
f 1174/1192/1119 1172/1194/1121 1181/1200/1127
f 1182/1202/1129 1174/1192/1119 1181/1200/1127
f 1175/1195/1122 1174/1192/1119 1182/1202/1129
f 1182/1202/1129 1183/1203/1130 1175/1195/1122
f 1176/1196/1123 1175/1195/1122 1183/1203/1130
f 1183/1203/1130 1184/1204/1131 1176/1196/1123
f 1177/1197/1124 1176/1196/1123 1184/1204/1131
f 1184/1204/1131 1178/1199/1126 1177/1197/1124
f 1177/1197/1124 1178/1199/1126 1167/1190/1117
f 1179/1198/1125 1178/1199/1126 1185/1205/1132
f 1180/1201/1128 1185/1205/1132 1181/1200/1127
f 1181/1200/1127 1185/1205/1132 1182/1202/1129
f 1182/1202/1129 1185/1205/1132 1183/1203/1130
f 1055/1084/1018 1053/1086/1020 1186/1206/1133
f 1164/1207/1134 73/157/90 72/156/89
f 1184/1204/1131 1183/1203/1130 1185/1205/1132
f 1184/1204/1131 1185/1205/1132 1178/1199/1126
f 1189/1208/1089 1188/1209/1089 1187/1210/1090
f 1187/1210/1090 1188/1209/1089 1190/1211/1090
f 1191/1212/1091 1187/1210/1090 1190/1211/1090
f 1191/1212/1091 1192/1213/1091 1187/1210/1090
f 1193/1214/1135 1195/1215/1136 1194/1216/1137
f 1196/1217/1138 1194/1216/1137 1195/1215/1136
f 1199/1218/1139 1198/1219/1140 1197/1220/1141
f 1198/1219/1140 1199/1218/1139 1200/1221/1142
f 1201/1222/1143 1200/1221/1142 1199/1218/1139
f 1202/1223/1144 1200/1221/1142 1201/1222/1143
f 1203/1224/1145 1202/1223/1144 1201/1222/1143
f 1204/1225/1146 1202/1223/1144 1203/1224/1145
f 1205/1226/1147 1204/1225/1146 1203/1224/1145
f 1206/1227/1148 1054/1085/1019 1055/1084/1018
f 1205/1226/1147 1193/1214/1135 1208/1228/1149
f 1194/1216/1137 1208/1228/1149 1193/1214/1135
f 1210/1229/1150 1193/1214/1135 1209/1230/1151
f 1195/1215/1136 1193/1214/1135 1210/1229/1150
f 1211/1231/1152 1212/1232/1153 1197/1220/1141
f 1197/1220/1141 1212/1232/1153 1199/1218/1139
f 1213/1233/1154 1199/1218/1139 1212/1232/1153
f 1201/1222/1143 1199/1218/1139 1213/1233/1154
f 1213/1233/1154 1214/1234/1155 1201/1222/1143
f 1201/1222/1143 1214/1234/1155 1203/1224/1145
f 839/873/807 838/875/809 1215/1235/1156
f 1218/1236/1157 1216/1237/1158 1217/1238/1159
f 1219/1239/1160 1217/1238/1159 1216/1237/1158
f 1220/1240/1161 839/873/807 1215/1235/1156
f 859/895/829 839/873/807 1220/1240/1161
f 1221/1241/1162 1219/1239/1160 1216/1237/1158
f 1219/1239/1160 1221/1241/1162 1222/1242/1163
f 1221/1241/1162 1223/1243/1164 1222/1242/1163
f 1222/1242/1163 1223/1243/1164 1224/1244/1165
f 1223/1243/1164 1225/1245/1166 1224/1244/1165
f 1224/1244/1165 1225/1245/1166 1226/1246/1167
f 1227/1247/1168 1226/1246/1167 1225/1245/1166
f 1126/1153/1084 1226/1246/1167 1227/1247/1168
f 1228/1248/1169 1229/1249/1170 655/714/649
f 1205/1226/1147 1203/1224/1145 1230/1250/1171
f 1209/1230/1151 1205/1226/1147 1230/1250/1171
f 1193/1214/1135 1205/1226/1147 1209/1230/1151
f 1048/1079/1013 1231/1251/1172 1047/1078/1012
f 655/714/649 1229/1249/1170 646/706/641
f 1210/1229/1150 1209/1230/1151 1233/1252/1173
f 1227/1247/1168 1234/1253/1174 1126/1153/1084
f 1124/1151/1082 1126/1153/1084 1234/1253/1174
f 1234/1253/1174 1235/1254/1175 1124/1151/1082
f 1124/1151/1082 1235/1254/1175 1156/1180/1107
f 1218/1236/1157 859/895/829 1220/1240/1161
f 859/895/829 1218/1236/1157 1217/1238/1159
f 1231/1251/1172 1215/1235/1156 1047/1078/1012
f 1047/1078/1012 1215/1235/1156 838/875/809
f 1048/1079/1013 1236/1255/1176 1231/1251/1172
f 1238/1256/1177 1236/1255/1176 1237/1257/1178
f 1237/1257/1178 1236/1255/1176 1048/1079/1013
f 1218/1236/1157 1239/1258/1179 1216/1237/1158
f 1215/1235/1156 1239/1258/1179 1220/1240/1161
f 1221/1241/1162 1216/1237/1158 1239/1258/1179
f 1223/1243/1164 1221/1241/1162 1239/1258/1179
f 1225/1245/1166 1223/1243/1164 1239/1258/1179
f 1225/1245/1166 1239/1258/1179 1227/1247/1168
f 1069/1098/1030 1071/1100/1032 1240/1259/1180
f 1227/1247/1168 1239/1258/1179 1234/1253/1174
f 1235/1254/1175 1234/1253/1174 1239/1258/1179
f 1220/1240/1161 1239/1258/1179 1218/1236/1157
f 1231/1251/1172 1239/1258/1179 1215/1235/1156
f 1236/1255/1176 1239/1258/1179 1231/1251/1172
f 1236/1255/1176 1238/1256/1177 1239/1258/1179
f 1243/1260/1181 1242/1261/1182 1241/1262/1181
f 1245/1263/1183 1212/1232/1153 1244/1264/1184
f 869/905/839 870/906/840 1160/1184/1111
f 874/910/844 1246/1265/1185 871/908/842
f 1159/1183/1110 867/903/837 872/909/843
f 1161/1185/1112 869/905/839 1160/1184/1111
f 869/905/839 1161/1185/1112 880/917/851
f 874/910/844 1160/1184/1111 1246/1265/1185
f 870/906/840 1246/1265/1185 1160/1184/1111
f 880/917/851 1161/1185/1112 1162/1186/1113
f 879/915/849 875/911/845 1035/1066/1000
f 877/913/847 880/917/851 1162/1186/1113
f 878/914/848 875/911/845 879/915/849
f 875/911/845 878/914/848 876/912/846
f 878/914/848 1162/1186/1113 876/912/846
f 876/912/846 1162/1186/1113 1161/1185/1112
f 1071/1100/1032 1228/1248/1169 1247/1266/1186
f 1248/1267/1187 911/946/879 1249/1268/1188
f 989/1023/957 911/946/879 1248/1267/1187
f 989/1023/957 1250/1269/1189 1251/1270/1190
f 989/1023/957 1252/1271/1191 909/944/877
f 989/1023/957 1251/1270/1190 1252/1271/1191
f 450/517/452 909/944/877 1252/1271/1191
f 655/714/649 1247/1266/1186 1228/1248/1169
f 1214/1234/1155 1213/1233/1154 1253/1272/1192
f 1254/1273/1193 982/1016/950 1158/1182/1109
f 1214/1234/1155 1256/1274/1194 1230/1250/1171
f 1232/1275/1126 1230/1250/1171 1256/1274/1194
f 1209/1230/1151 1230/1250/1171 1232/1275/1126
f 1233/1252/1173 1232/1275/1126 1257/1276/1132
f 1244/1264/1184 1258/1277/1128 1257/1276/1132
f 1244/1264/1184 1257/1276/1132 1245/1263/1183
f 1253/1272/1192 1245/1263/1183 1257/1276/1132
f 1253/1272/1192 1257/1276/1132 1256/1274/1194
f 1232/1275/1126 1256/1274/1194 1257/1276/1132
f 1261/1278/1195 1260/1279/1196 1259/1280/1197
f 1259/1280/1197 1260/1279/1196 1262/1281/1197
f 1259/1280/1197 1262/1281/1197 1263/1282/1198
f 1259/1280/1197 1263/1282/1198 1264/1283/1199
f 1267/1284/1200 1266/1285/1201 1265/1286/1202
f 1266/1285/1201 1267/1284/1200 1268/1287/1203
f 1269/1288/1141 1271/1289/1204 1270/1290/1205
f 1272/1291/1206 1270/1290/1205 1271/1289/1204
f 1273/1292/1207 1272/1291/1206 1271/1289/1204
f 1272/1291/1206 1273/1292/1207 1274/1293/1208
f 1275/1294/1209 1274/1293/1208 1273/1292/1207
f 1276/1295/1210 1274/1293/1208 1275/1294/1209
f 1277/1296/1211 1276/1295/1210 1275/1294/1209
f 1278/1297/1212 1276/1295/1210 1277/1296/1211
f 1265/1286/1202 1278/1297/1212 1277/1296/1211
f 1266/1285/1201 1278/1297/1212 1265/1286/1202
f 1279/1298/1213 1280/1299/1214 1265/1286/1202
f 1265/1286/1202 1280/1299/1214 1267/1284/1200
f 1281/1300/1152 1282/1301/1215 1269/1288/1141
f 1269/1288/1141 1282/1301/1215 1271/1289/1204
f 1282/1301/1215 1283/1302/1216 1271/1289/1204
f 1273/1292/1207 1271/1289/1204 1283/1302/1216
f 1284/1303/1217 1273/1292/1207 1283/1302/1216
f 1275/1294/1209 1273/1292/1207 1284/1303/1217
f 1284/1303/1217 1285/1304/1218 1275/1294/1209
f 1277/1296/1211 1275/1294/1209 1285/1304/1218
f 1279/1298/1213 1277/1296/1211 1285/1304/1218
f 1265/1286/1202 1277/1296/1211 1279/1298/1213
f 1287/1305/1219 1279/1298/1213 1286/1306/1220
f 1279/1298/1213 1287/1305/1219 1280/1299/1214
f 1289/1307/1221 1281/1300/1152 1288/1308/1222
f 1282/1301/1215 1281/1300/1152 1289/1307/1221
f 1046/1077/1011 1048/1079/1013 1045/1076/1010
f 1048/1079/1013 1046/1077/1011 1237/1257/1178
f 1237/1257/1178 1046/1077/1011 1163/1187/1114
f 1290/1309/1223 198/1310/1224 1255/1311/1223
f 1282/1301/1215 1291/1312/1225 1283/1302/1216
f 1125/1152/1083 1226/1246/1167 1126/1153/1084
f 1292/1313/1226 1226/1246/1167 1125/1152/1083
f 1292/1313/1226 1224/1244/1165 1226/1246/1167
f 886/921/855 885/922/856 1292/1313/1226
f 1292/1313/1226 885/922/856 1224/1244/1165
f 885/922/856 1222/1242/1163 1224/1244/1165
f 884/920/854 1222/1242/1163 885/922/856
f 853/890/824 1222/1242/1163 884/920/854
f 1219/1239/1160 1222/1242/1163 853/890/824
f 853/890/824 1217/1238/1159 1219/1239/1160
f 1217/1238/1159 853/890/824 855/891/825
f 1217/1238/1159 855/891/825 859/895/829
f 857/894/828 859/895/829 855/891/825
f 892/928/862 890/926/860 893/929/863
f 892/928/862 891/927/861 890/926/860
f 891/927/861 892/928/862 896/932/866
f 966/1000/934 891/927/861 896/932/866
f 964/998/932 891/927/861 966/1000/934
f 962/997/931 964/998/932 966/1000/934
f 960/994/928 964/998/932 962/997/931
f 958/991/925 955/990/924 951/985/919
f 951/985/919 955/990/924 954/989/923
f 954/989/923 952/986/920 951/985/919
f 952/986/920 954/989/923 975/1009/943
f 952/986/920 975/1009/943 1293/1314/1227
f 1293/1314/1227 975/1009/943 1003/1037/971
f 1293/1314/1227 414/487/422 946/980/914
f 944/978/912 1004/1038/972 843/879/813
f 999/1033/967 843/879/813 1004/1038/972
f 999/1033/967 942/975/909 843/879/813
f 942/975/909 999/1033/967 998/1032/966
f 998/1032/966 940/973/907 942/975/909
f 940/973/907 998/1032/966 996/1030/964
f 996/1030/964 938/971/905 940/973/907
f 847/884/818 938/971/905 996/1030/964
f 928/962/896 938/971/905 847/884/818
f 1294/1315/1228 956/988/922 978/1010/944
f 956/988/922 1294/1315/1228 954/989/923
f 954/989/923 1295/1316/1229 974/1007/941
f 1294/1315/1228 1295/1316/1229 954/989/923
f 1295/1316/1229 972/1006/940 974/1007/941
f 1296/1317/1230 229/312/247 230/311/246
f 1284/1303/1217 1283/1302/1216 1297/1318/1231
f 982/1016/950 1254/1273/1193 1298/1319/1232
f 1297/1318/1231 1299/1320/1233 1284/1303/1217
f 1285/1304/1218 1284/1303/1217 1299/1320/1233
f 1299/1320/1233 1286/1306/1220 1285/1304/1218
f 1285/1304/1218 1286/1306/1220 1279/1298/1213
f 1286/1306/1220 1300/1321/1234 1287/1305/1219
f 1289/1307/1221 1288/1308/1222 1300/1321/1234
f 1291/1312/1225 1289/1307/1221 1300/1321/1234
f 1291/1312/1225 1300/1321/1234 1297/1318/1231
f 1299/1320/1233 1297/1318/1231 1300/1321/1234
f 1299/1320/1233 1300/1321/1234 1286/1306/1220
f 1303/1322/1235 1302/1323/1236 1301/1324/1236
f 1301/1324/1236 1302/1323/1236 1304/1325/1237
f 1309/1326/1235 1303/1322/1235 1301/1324/1236
f 1310/1327/1238 1308/1328/1239 225/306/241
f 989/1023/957 1248/1267/1187 1250/1269/1189
f 1311/1329/1240 1312/1330/1241 986/1020/954
f 1315/1331/1242 1313/1332/1242 1314/1333/1242
f 1312/1330/1241 1316/1334/1243 986/1020/954
f 1311/1329/1240 986/1020/954 984/1019/953
f 1311/1329/1240 984/1019/953 1317/1335/1244
f 983/1018/952 1317/1335/1244 984/1019/953
f 1318/1336/1245 1317/1335/1244 1319/1337/1246
f 983/1018/952 1319/1337/1246 1317/1335/1244
f 1320/1338/1247 1322/1339/1247 1321/1340/1248
f 1320/1338/1247 1321/1340/1248 1323/1341/1248
f 1321/1340/1248 1324/1342/1249 1323/1341/1248
f 1324/1342/1249 1321/1340/1248 1325/1343/1249
f 1102/1129/1062 1100/1128/1061 1103/1131/1064
f 848/882/816 847/884/818 996/1030/964
f 846/883/817 932/966/900 847/884/818
f 929/963/897 926/960/894 1128/1155/1086
f 935/969/903 933/967/901 936/970/904
f 224/307/242 225/306/241 1308/1328/1239
f 1113/1344/1250 1327/1345/14 1326/1346/1251
f 1328/1347/1252 936/970/904 1329/1348/1253
f 936/970/904 1328/1347/1252 934/968/902
f 223/305/240 224/307/242 1296/1317/1230
f 1112/1140/1073 1113/1344/1250 1326/1346/1251
f 1112/1140/1073 1326/1346/1251 1333/1349/1254
f 1333/1349/1254 1334/1350/1255 1112/1140/1073
f 1091/1119/1052 1335/1351/1256 1092/1120/1053
f 1335/1351/1256 1091/1119/1052 1336/1352/1257
f 1337/1353/1258 1338/1354/1259 1129/1156/1087
f 1129/1156/1087 1130/1157/1088 1337/1353/1258
f 1130/1157/1088 1339/1355/1260 1337/1353/1258
f 229/312/247 1296/1317/1230 224/307/242
f 1340/1356/1261 1108/1132/1065 1334/1350/1255
f 1108/1132/1065 1340/1356/1261 1104/1133/1066
f 1339/1355/1260 1336/1352/1257 1091/1119/1052
f 1339/1355/1260 1091/1119/1052 1077/1105/1038
f 247/329/264 244/328/263 232/314/249
f 1342/1357/1262 1341/1358/1263 1103/1131/1064
f 1342/1357/1262 1103/1131/1064 1100/1128/1061
f 1056/1087/1021 1347/1359/1121 1346/1360/1120
f 1099/1127/1060 1097/1125/1058 1336/1352/1257
f 1335/1351/1256 1336/1352/1257 1097/1125/1058
f 250/332/267 244/328/263 252/335/270
f 1050/1081/1015 1113/1344/1250 1112/1140/1073
f 1110/1138/1071 168/250/185 1114/1141/1074
f 1041/1072/1006 1112/1140/1073 1334/1350/1255
f 1336/1352/1257 1130/1157/1088 1099/1127/1060
f 1130/1157/1088 1336/1352/1257 1339/1355/1260
f 1348/1361/1264 1334/1350/1255 1108/1132/1065
f 1351/1362/1265 1350/1363/1266 1349/1364/1267
f 1353/1365/1268 1352/1366/1269 1350/1363/1266
f 1352/1366/1269 1349/1364/1267 1350/1363/1266
f 1354/1367/1270 1356/1368/1271 1355/1369/1272
f 1355/1369/1272 1358/1370/1273 1357/1371/1274
f 1357/1371/1274 1354/1367/1270 1355/1369/1272
f 1360/1372/1275 1359/1373/1276 1358/1370/1273
f 1361/1374/1277 1358/1370/1273 1359/1373/1276
f 1359/1373/1276 1360/1372/1275 1362/1375/1278
f 1362/1375/1278 1360/1372/1275 1363/1376/1279
f 1361/1374/1277 1357/1371/1274 1358/1370/1273
f 988/1022/956 910/945/878 1364/1377/1280
f 1353/1365/1268 1355/1369/1272 1356/1368/1271
f 1365/1378/1281 1353/1365/1268 1356/1368/1271
f 1352/1366/1269 1353/1365/1268 1365/1378/1281
f 1355/1369/1272 1350/1363/1266 1360/1372/1275
f 1358/1370/1273 1355/1369/1272 1360/1372/1275
f 1353/1365/1268 1350/1363/1266 1355/1369/1272
f 978/1010/944 1366/1379/1282 1294/1315/1228
f 1367/1380/1283 978/1010/944 977/1012/946
f 1369/1381/1284 1368/1382/1285 969/1003/937
f 969/1003/937 1368/1382/1285 967/1001/935
f 969/1003/937 972/1006/940 1369/1381/1284
f 1369/1381/1284 972/1006/940 1370/1383/1286
f 978/1010/944 1371/1384/1287 1366/1379/1282
f 1367/1380/1283 1371/1384/1287 978/1010/944
f 981/1013/947 1372/1385/1288 979/1014/948
f 1372/1385/1288 981/1013/947 1373/1386/1289
f 981/1013/947 985/1017/951 1373/1386/1289
f 1373/1386/1289 985/1017/951 1374/1387/1290
f 987/1021/955 1374/1387/1290 985/1017/951
f 1375/1388/1291 1374/1387/1290 987/1021/955
f 1372/1385/1288 1367/1380/1283 979/1014/948
f 977/1012/946 979/1014/948 1367/1380/1283
f 988/1022/956 1364/1377/1280 911/946/879
f 1249/1268/1188 911/946/879 1364/1377/1280
f 1366/1379/1282 1376/1389/1292 1294/1315/1228
f 1294/1315/1228 1376/1389/1292 1295/1316/1229
f 1295/1316/1229 1370/1383/1286 972/1006/940
f 1376/1389/1292 1370/1383/1286 1295/1316/1229
f 413/485/420 1008/1042/976 415/486/421
f 1341/1358/1263 1108/1132/1065 1103/1131/1064
f 1341/1358/1263 1378/1390/1293 1377/1391/1294
f 1341/1358/1263 1342/1357/1262 1378/1390/1293
f 1037/1068/1002 1038/1067/1001 1347/1359/1121
f 866/902/836 873/907/841 867/903/837
f 867/903/837 873/907/841 872/909/843
f 960/994/928 959/993/927 964/998/932
f 958/991/925 957/992/926 960/994/928
f 960/994/928 957/992/926 961/995/929
f 963/996/930 966/1000/934 965/999/933
f 966/1000/934 963/996/930 962/997/931
f 956/988/922 955/990/924 962/997/931
f 965/999/933 976/1011/945 963/996/930
f 925/959/893 1027/1059/993 961/995/929
f 1033/1065/999 1030/1061/995 1029/1060/994
f 1030/1061/995 873/907/841 1031/1062/996
f 976/1011/945 979/1014/948 977/1012/946
f 1159/1183/1110 870/906/840 868/904/838
f 870/906/840 1159/1183/1110 1246/1265/1185
f 1246/1265/1185 872/909/843 871/908/842
f 872/909/843 1246/1265/1185 1159/1183/1110
f 962/997/931 955/990/924 960/994/928
f 960/994/928 955/990/924 958/991/925
f 980/1015/949 983/1018/952 981/1013/947
f 983/1018/952 980/1015/949 1298/1319/1232
f 1298/1319/1232 980/1015/949 982/1016/950
f 1381/1392/1295 1380/1393/1296 1379/1394/1297
f 1380/1393/1296 1382/1395/1298 1379/1394/1297
f 1380/1393/1296 1383/1396/1299 1382/1395/1298
f 1384/1397/1300 1382/1395/1298 1383/1396/1299
f 1385/1398/1301 1384/1397/1300 1386/1399/1302
f 1386/1399/1302 1388/1400/1303 1387/1401/1304
f 1391/1402/1305 1390/1403/1306 1389/1404/1307
f 1389/1404/1307 1390/1403/1306 1392/1405/1308
f 360/433/368 1393/1406/1309 917/951/885
f 1386/1399/1302 1384/1397/1300 1383/1396/1299
f 1388/1400/1303 1386/1399/1302 1390/1403/1306
f 1386/1399/1302 1383/1396/1299 1380/1393/1296
f 1386/1399/1302 1380/1393/1296 1390/1403/1306
f 848/882/816 995/1028/962 846/883/817
f 1385/1398/1301 1386/1399/1302 1387/1401/1304
f 1001/1035/969 1000/1034/968 999/1033/967
f 1388/1400/1303 1390/1403/1306 1391/1402/1305
f 1391/1402/1305 1387/1401/1304 1388/1400/1303
f 1395/1407/1310 1394/1408/1311 929/963/897
f 929/963/897 1394/1408/1311 927/961/895
f 927/961/895 1394/1408/1311 937/972/906
f 1394/1408/1311 1396/1409/1312 937/972/906
f 939/974/908 937/972/906 1396/1409/1312
f 1397/1410/1313 1398/1411/1314 1399/1412/1315
f 1399/1412/1315 1398/1411/1314 1400/1413/1316
f 1401/1414/1317 1094/1122/1055 1402/1415/1318
f 1094/1122/1055 1401/1414/1317 1403/1416/1319
f 1404/1417/1320 1402/1415/1318 943/977/911
f 943/977/911 1402/1415/1318 1094/1122/1055
f 1405/1418/1321 1400/1413/1316 1398/1411/1314
f 1407/1419/1322 1395/1407/1310 1406/1420/1323
f 1406/1420/1323 1395/1407/1310 929/963/897
f 1409/1421/1324 1408/1422/1325 1402/1415/1318
f 1402/1415/1318 1408/1422/1325 1401/1414/1317
f 1398/1411/1314 1410/1423/1326 1411/1424/1327
f 1410/1423/1326 1398/1411/1314 1397/1410/1313
f 1413/1425/1328 1412/1426/1329 1394/1408/1311
f 1394/1408/1311 1412/1426/1329 1396/1409/1312
f 1404/1417/1320 1409/1421/1324 1402/1415/1318
f 1409/1421/1324 1404/1417/1320 1414/1427/1330
f 1415/1428/1331 1413/1425/1328 1395/1407/1310
f 1394/1408/1311 1395/1407/1310 1413/1425/1328
f 1416/1429/1332 1415/1428/1331 1407/1419/1322
f 1395/1407/1310 1407/1419/1322 1415/1428/1331
f 1411/1424/1327 1417/1430/1333 1398/1411/1314
f 1405/1418/1321 1398/1411/1314 1417/1430/1333
f 1409/1421/1324 1418/1431/1334 1408/1422/1325
f 1419/1432/1335 1408/1422/1325 1418/1431/1334
f 1420/1433/1336 1421/1434/1337 1411/1424/1327
f 1422/1435/1338 1411/1424/1327 1410/1423/1326
f 1423/1436/1339 1413/1425/1328 1424/1437/1340
f 1412/1426/1329 1413/1425/1328 1425/1438/1341
f 1426/1439/1342 1413/1425/1328 1423/1436/1339
f 1427/1440/1343 1418/1431/1334 1414/1427/1330
f 1414/1427/1330 1418/1431/1334 1409/1421/1324
f 1424/1437/1340 1415/1428/1331 1428/1441/1344
f 1413/1425/1328 1415/1428/1331 1424/1437/1340
f 1428/1441/1344 1416/1429/1332 1429/1442/1345
f 1415/1428/1331 1416/1429/1332 1428/1441/1344
f 1430/1443/1346 1411/1424/1327 1431/1444/1347
f 1411/1424/1327 1430/1443/1346 1417/1430/1333
f 1431/1444/1347 1411/1424/1327 1421/1434/1337
f 1420/1433/1336 1411/1424/1327 1422/1435/1338
f 1078/1107/1040 1080/1106/1039 1418/1431/1334
f 1418/1431/1334 1080/1106/1039 1419/1432/1335
f 1078/1107/1040 1418/1431/1334 1085/1113/1046
f 1427/1440/1343 1085/1113/1046 1418/1431/1334
f 1413/1425/1328 1426/1439/1342 1425/1438/1341
f 1078/1107/1040 1081/1110/1043 1079/1108/1041
f 1081/1110/1043 1432/1445/1348 1079/1108/1041
f 1432/1445/1348 1081/1110/1043 1083/1109/1042
f 1083/1109/1042 1433/1446/1349 1432/1445/1348
f 1433/1446/1349 1083/1109/1042 1096/1123/1056
f 1432/1445/1348 1421/1434/1337 1079/1108/1041
f 1432/1445/1348 1433/1446/1349 1431/1444/1347
f 1426/1439/1342 1084/1112/1045 1085/1113/1046
f 1080/1106/1039 1079/1108/1041 1420/1433/1336
f 1421/1434/1337 1420/1433/1336 1079/1108/1041
f 1084/1112/1045 1424/1437/1340 1082/1111/1044
f 1423/1436/1339 1424/1437/1340 1084/1112/1045
f 1084/1112/1045 1426/1439/1342 1423/1436/1339
f 1095/1124/1057 1082/1111/1044 1428/1441/1344
f 1424/1437/1340 1428/1441/1344 1082/1111/1044
f 1404/1417/1320 943/977/911 1396/1409/1312
f 939/974/908 1396/1409/1312 943/977/911
f 1397/1410/1313 1399/1412/1315 1401/1414/1317
f 1403/1416/1319 1401/1414/1317 1399/1412/1315
f 1397/1410/1313 1408/1422/1325 1410/1423/1326
f 1408/1422/1325 1397/1410/1313 1401/1414/1317
f 1414/1427/1330 1396/1409/1312 1412/1426/1329
f 1404/1417/1320 1396/1409/1312 1414/1427/1330
f 1422/1435/1338 1410/1423/1326 1419/1432/1335
f 1419/1432/1335 1410/1423/1326 1408/1422/1325
f 1427/1440/1343 1414/1427/1330 1425/1438/1341
f 1425/1438/1341 1414/1427/1330 1412/1426/1329
f 1430/1443/1346 1431/1444/1347 1433/1446/1349
f 1431/1444/1347 1421/1434/1337 1432/1445/1348
f 1420/1433/1336 1422/1435/1338 1080/1106/1039
f 1080/1106/1039 1422/1435/1338 1419/1432/1335
f 1427/1440/1343 1425/1438/1341 1085/1113/1046
f 1085/1113/1046 1425/1438/1341 1426/1439/1342
f 1434/1447/1350 632/692/627 1435/1448/1351
f 632/692/627 1434/1447/1350 633/695/630
f 460/528/463 457/522/457 461/526/461
f 460/528/463 459/527/462 434/499/434
f 1049/1080/1014 1037/1068/1002 1056/1087/1021
f 908/943/876 907/942/875 1058/1089/1023
f 904/939/872 1052/1083/1017 1057/1088/1022
f 1050/1081/1015 1041/1072/1006 1042/1074/1008
f 737/796/732 745/804/740 902/937/870
f 1043/1073/1007 1041/1072/1006 1348/1361/1264
f 1348/1361/1264 1377/1391/1294 1043/1073/1007
f 1348/1361/1264 1341/1358/1263 1377/1391/1294
f 1036/1069/1003 1377/1391/1294 1378/1390/1293
f 718/777/713 716/776/712 1026/1057/991
f 1037/1068/1002 1049/1080/1014 1036/1069/1003
f 1049/1080/1014 1042/1074/1008 1036/1069/1003
f 1036/1069/1003 1042/1074/1008 1043/1073/1007
f 1036/1069/1003 1043/1073/1007 1377/1391/1294
f 1436/1449/1247 1438/1450/1247 1437/1451/1248
f 1439/1452/1248 1436/1449/1247 1437/1451/1248
f 1416/1429/1332 1430/1443/1346 1429/1442/1345
f 1417/1430/1333 1430/1443/1346 1416/1429/1332
f 1407/1419/1322 1405/1418/1321 1416/1429/1332
f 1416/1429/1332 1405/1418/1321 1417/1430/1333
f 1400/1413/1316 1407/1419/1322 1406/1420/1323
f 1405/1418/1321 1407/1419/1322 1400/1413/1316
f 1077/1105/1038 1337/1353/1258 1339/1355/1260
f 1096/1123/1056 1428/1441/1344 1429/1442/1345
f 1095/1124/1057 1428/1441/1344 1096/1123/1056
f 1429/1442/1345 1430/1443/1346 1096/1123/1056
f 1433/1446/1349 1096/1123/1056 1430/1443/1346
f 491/558/493 431/497/432 432/496/431
f 1440/1453/1249 1441/1454/1249 1437/1451/1248
f 1026/1057/991 1044/1075/1009 718/777/713
f 242/323/258 240/322/257 717/775/711
f 1019/1455/1352 1018/1456/1141 1017/1457/1140
f 1019/1455/1352 1017/1457/1140 1442/1458/1353
f 1442/1458/1353 1443/1459/1354 1019/1455/1352
f 1443/1459/1354 1442/1458/1353 1444/1460/1355
f 1445/1461/1356 1443/1459/1354 1444/1460/1355
f 1444/1460/1355 1446/1462/1357 1445/1461/1356
f 1447/1463/1358 1445/1461/1356 1446/1462/1357
f 1447/1463/1358 1446/1462/1357 1448/1464/1359
f 1025/1054/988 1447/1463/1358 1448/1464/1359
f 1025/1054/988 1448/1464/1359 1014/1055/989
f 1025/1054/988 1450/1465/1360 1449/1466/1361
f 1450/1465/1360 1025/1054/988 1016/1053/987
f 1018/1456/1141 1452/1467/1362 1451/1468/1152
f 1018/1456/1141 1019/1455/1352 1452/1467/1362
f 1019/1455/1352 1453/1469/1363 1452/1467/1362
f 1453/1469/1363 1019/1455/1352 1443/1459/1354
f 1443/1459/1354 1454/1470/1364 1453/1469/1363
f 1443/1459/1354 1445/1461/1356 1454/1470/1364
f 936/970/904 933/967/901 930/964/898
f 847/884/818 931/965/899 928/962/896
f 933/967/901 928/962/896 931/965/899
f 994/1029/963 1013/1047/981 1021/1049/983
f 451/525/460 428/852/786 1455/1471/1365
f 932/966/900 994/1029/963 930/964/898
f 1456/1472/1366 1457/1473/1367 1458/1474/1368
f 1449/1466/1361 1459/1475/1369 1447/1463/1358
f 994/1029/963 846/883/817 995/1028/962
f 1092/1120/1053 1460/1476/1370 1120/1147/1079
f 437/502/437 438/504/439 425/1477/1371
f 1449/1466/1361 1450/1465/1360 1462/1478/1372
f 1021/1049/983 936/970/904 930/964/898
f 1329/1348/1253 936/970/904 1021/1049/983
f 1092/1120/1053 1335/1351/1256 1460/1476/1370
f 1460/1476/1370 1335/1351/1256 1463/1479/1373
f 1097/1125/1058 1463/1479/1373 1335/1351/1256
f 1024/1050/984 1463/1479/1373 1097/1125/1058
f 1464/1480/1374 511/577/512 1465/1481/1375
f 510/578/513 511/577/512 1464/1480/1374
f 1466/1482/1376 679/737/671 1467/57/1377
f 1467/57/1377 359/431/364 357/55/366
f 681/740/676 1468/1483/1378 682/741/677
f 1468/1483/1378 681/740/676 1469/1484/1379
f 1467/57/1377 913/948/882 1466/1482/1376
f 913/948/882 1467/57/1377 914/58/880
f 1470/1485/1380 360/433/368 358/432/365
f 1153/1177/1104 360/433/368 1470/1485/1380
f 689/747/683 1153/1177/1104 1470/1485/1380
f 1151/1175/1102 1153/1177/1104 689/747/683
f 1471/1486/1381 909/944/877 687/744/680
f 687/744/680 688/746/682 1471/1486/1381
f 1471/1486/1381 1466/1482/1376 910/945/878
f 913/948/882 910/945/878 1466/1482/1376
f 1470/1485/1380 358/432/365 1434/1447/1350
f 1435/1448/1351 1470/1485/1380 1434/1447/1350
f 632/692/627 1470/1485/1380 1435/1448/1351
f 1470/1485/1380 632/692/627 689/747/683
f 1468/1483/1378 688/746/682 682/741/677
f 1471/1486/1381 688/746/682 1468/1483/1378
f 1468/1483/1378 1469/1484/1379 1471/1486/1381
f 1466/1482/1376 1471/1486/1381 1469/1484/1379
f 359/431/364 1434/1447/1350 358/432/365
f 1434/1447/1350 359/431/364 633/695/630
f 679/737/671 1466/1482/1376 681/740/676
f 681/740/676 1466/1482/1376 1469/1484/1379
f 516/583/518 1472/1487/1382 517/582/517
f 1474/1488/1383 1473/1489/1384 1452/1467/1362
f 1119/1146/1078 1475/1490/1385 653/713/648
f 1475/1490/1385 641/701/636 653/713/648
f 642/700/635 653/713/648 641/701/636
f 434/499/434 459/527/462 446/513/448
f 1476/1491/1386 1474/1488/1383 1453/1469/1363
f 1476/1491/1386 1453/1469/1363 1454/1470/1364
f 1454/1470/1364 1477/1492/1007 1476/1491/1386
f 1454/1470/1364 1459/1475/1369 1477/1492/1007
f 1459/1475/1369 1461/1493/1294 1477/1492/1007
f 1461/1493/1294 1459/1475/1369 1449/1466/1361
f 1461/1493/1294 1462/1478/1372 1478/1494/1003
f 1478/1494/1003 1479/1495/1001 1473/1489/1384
f 1473/1489/1384 1474/1488/1383 1478/1494/1003
f 1478/1494/1003 1474/1488/1383 1476/1491/1386
f 1476/1491/1386 1477/1492/1007 1478/1494/1003
f 1477/1492/1007 1461/1493/1294 1478/1494/1003
f 899/934/868 897/1496/1387 898/935/867
f 1020/1048/982 240/322/257 908/943/876
f 900/933/867 898/935/867 1480/1497/1388
f 1481/1498/1389 1480/1497/1388 898/935/867
f 1482/1499/1390 1484/1500/1391 1483/1501/1392
f 1484/1500/1391 1482/1499/1390 1485/1502/1393
f 1486/1503/1205 851/886/820 1487/1504/1141
f 851/886/820 1486/1503/1205 1488/1505/1394
f 850/887/821 851/886/820 1488/1505/1394
f 850/887/821 1488/1505/1394 1489/1506/1395
f 1489/1506/1395 1490/1507/1396 850/887/821
f 1489/1506/1395 1491/1508/1397 1490/1507/1396
f 1491/1508/1397 1492/1509/1398 1490/1507/1396
f 1492/1509/1398 1491/1508/1397 1493/1510/1399
f 1493/1510/1399 1483/1501/1392 1492/1509/1398
f 1493/1510/1399 1482/1499/1390 1483/1501/1392
f 1495/1511/1400 1494/1512/1401 1483/1501/1392
f 1495/1511/1400 1483/1501/1392 1484/1500/1391
f 1487/1504/1141 1497/1513/1402 1496/1514/1152
f 1497/1513/1402 1487/1504/1141 851/886/820
f 851/886/820 849/885/819 1497/1513/1402
f 737/796/732 719/778/714 745/804/740
f 1116/1144/1075 1117/1143/1076 1498/1515/1076
f 1499/1516/1403 850/887/821 1490/1507/1396
f 1500/1517/1404 1490/1507/1396 1492/1509/1398
f 1500/1517/1404 1499/1516/1403 1490/1507/1396
f 1492/1509/1398 1494/1512/1401 1500/1517/1404
f 1502/1518/1405 1501/1519/1406 1494/1512/1401
f 1492/1509/1398 1483/1501/1392 1494/1512/1401
f 1494/1512/1401 1495/1511/1400 1502/1518/1405
f 1496/1514/1152 1504/1520/1407 1503/1521/1408
f 1504/1520/1407 1496/1514/1152 1497/1513/1402
f 848/882/816 997/1031/965 1505/1522/1409
f 504/570/505 534/596/531 503/569/504
f 1010/1043/977 1506/1523/1410 1207/1524/1411
f 1508/1525/1412 1507/1526/1413 992/1026/960
f 990/1024/958 992/1026/960 1507/1526/1413
f 1509/1527/1414 1508/1525/1412 995/1028/962
f 995/1028/962 1508/1525/1412 992/1026/960
f 1505/1522/1409 1000/1034/968 1510/1528/1415
f 1000/1034/968 1505/1522/1409 997/1031/965
f 70/155/88 71/154/87 73/157/90
f 1166/1188/1115 1150/1174/1101 1149/1173/1100
f 1204/1225/1146 1205/1226/1147 1208/1228/1149
f 1214/1234/1155 1230/1250/1171 1203/1224/1145
f 1207/1524/1411 1164/1207/1134 1010/1043/977
f 1010/1043/977 1164/1207/1134 72/156/89
f 995/1028/962 848/882/816 1509/1527/1414
f 1509/1527/1414 848/882/816 1505/1522/1409
f 1001/1035/969 1510/1528/1415 1000/1034/968
f 1510/1528/1415 1001/1035/969 70/155/88
f 1233/1252/1173 1209/1230/1151 1232/1275/1126
f 1244/1264/1184 1211/1231/1152 1258/1277/1128
f 1075/1103/1036 1072/1102/1034 1511/1529/1416
f 1511/1529/1416 1072/1102/1034 1512/1530/1417
f 655/714/649 1086/1114/1047 1247/1266/1186
f 1247/1266/1186 1086/1114/1047 1240/1259/1180
f 1513/1531/1418 200/292/227 199/291/226
f 200/292/227 1513/1531/1418 1514/1532/1419
f 1072/1102/1034 1087/1115/1048 1512/1530/1417
f 1212/1232/1153 1211/1231/1152 1244/1264/1184
f 1240/1259/1180 1071/1100/1032 1247/1266/1186
f 1073/40/1035 1075/1103/1036 1086/1114/1047
f 1212/1232/1153 1245/1263/1183 1213/1233/1154
f 1516/1533/1420 1242/1261/1182 1515/1534/1420
f 1512/1530/1417 1069/1098/1030 1511/1529/1416
f 1069/1098/1030 1512/1530/1417 1070/1099/1031
f 1071/1100/1032 1068/1097/1029 1228/1248/1169
f 1228/1248/1169 1068/1097/1029 1229/1249/1170
f 1240/1259/1180 1086/1114/1047 1075/1103/1036
f 1245/1263/1183 1253/1272/1192 1213/1233/1154
f 1075/1103/1036 1511/1529/1416 1240/1259/1180
f 1069/1098/1030 1240/1259/1180 1511/1529/1416
f 1256/1274/1194 1214/1234/1155 1253/1272/1192
f 1289/1307/1221 1291/1312/1225 1282/1301/1215
f 16/1535/1421 1255/1311/1223 198/1310/1224
f 1297/1318/1231 1283/1302/1216 1291/1312/1225
f 1/1536/1422 200/292/227 1514/1532/1419
f 18/1537/1423 208/287/222 210/289/224
f 208/287/222 18/1537/1423 17/1538/1424
f 6/112/45 5/137/70 4/427/360
f 3/1539/1425 1/1536/1422 2/1540/1426
f 2/1540/1426 1/1536/1422 1514/1532/1419
f 1517/1541/1427 574/1542/1428 1518/1543/1429
f 18/1537/1423 16/1535/1421 17/1538/1424
f 17/1538/1424 16/1535/1421 198/1310/1224
f 574/1542/1428 571/634/569 573/636/571
f 202/280/215 86/171/104 87/281/216
f 77/163/96 203/282/217 78/161/94
f 199/291/226 209/288/223 208/287/222
f 209/288/223 199/291/226 201/290/225
f 228/310/245 1519/1544/1430 1520/1545/1431
f 1519/1544/1430 228/310/245 229/312/247
f 1521/1546/1432 1306/1547/1433 1307/1548/1434
f 1310/1327/1238 1307/1548/1434 1308/1328/1239
f 1308/1328/1239 1307/1548/1434 1306/1547/1433
f 246/326/261 244/328/263 247/329/264
f 517/582/517 540/605/540 496/563/498
f 1334/1350/1255 1333/1349/1254 1340/1356/1261
f 1305/1549/1237 1301/1324/1236 1304/1325/1237
f 1104/1133/1066 1102/1129/1062 1103/1131/1064
f 1472/1487/1382 540/605/540 517/582/517
f 1050/1081/1015 1056/1087/1021 1113/1344/1250
f 1348/1361/1264 1041/1072/1006 1334/1350/1255
f 1341/1358/1263 1348/1361/1264 1108/1132/1065
f 246/326/261 319/395/328 256/338/273
f 1058/1089/1023 1052/1083/1017 1051/1082/1016
f 1044/1075/1009 1026/1057/991 1059/1090/1024
f 1051/1082/1016 1059/1090/1024 1058/1089/1023
f 1052/1083/1017 1058/1089/1023 1057/1088/1022
f 1044/1075/1009 1059/1090/1024 1051/1082/1016
f 1059/1090/1024 717/775/711 1020/1048/982
f 1059/1090/1024 1026/1057/991 717/775/711
f 1020/1048/982 908/943/876 1059/1090/1024
f 1523/1550/1435 967/1001/935 1368/1382/1285
f 1523/1550/1435 970/1004/938 967/1001/935
f 1523/1550/1435 1527/1551/1436 970/1004/938
f 1011/1045/979 970/1004/938 1527/1551/1436
f 1528/1552/1437 1010/1043/977 1009/1044/978
f 1010/1043/977 1528/1552/1437 1506/1523/1410
f 1154/1178/1105 1529/1553/1438 1155/1179/1106
f 1530/1554/1439 1529/1553/1438 1154/1178/1105
f 1530/1554/1439 1154/1178/1105 1531/1555/1440
f 1347/1359/1121 1056/1087/1021 1037/1068/1002
f 1004/1038/972 414/487/422 1002/1036/970
f 415/486/421 1002/1036/970 414/487/422
f 1532/1556/1441 1534/1557/1442 1533/1558/1443
f 316/392/325 757/817/753 760/819/755
f 1535/1559/1444 1536/1560/1445 316/392/325
f 316/392/325 760/819/755 1535/1559/1444
f 317/393/326 316/392/325 1536/1560/1445
f 233/313/248 231/315/250 321/397/330
f 77/163/96 249/330/265 202/280/215
f 1537/1561/1446 410/482/417 411/484/419
f 772/825/761 410/482/417 1537/1561/1446
f 1537/1561/1446 773/826/762 772/825/761
f 1538/1562/1447 489/556/491 1539/1563/1448
f 489/556/491 1538/1562/1447 776/829/275
f 412/483/418 410/482/417 1534/1557/1442
f 410/482/417 1533/1558/1443 1534/1557/1442
f 1533/1558/1443 1541/1564/1449 1540/1565/1450
f 1532/1556/1441 1533/1558/1443 1540/1565/1450
f 319/395/328 80/165/98 82/167/100
f 339/413/346 780/833/768 340/414/347
f 361/56/367 918/952/886 916/950/884
f 914/58/880 361/56/367 916/950/884
f 1542/1566/1451 946/980/914 945/979/913
f 946/980/914 1542/1566/1451 1293/1314/1227
f 845/881/815 945/979/913 944/978/912
f 1006/1041/975 1008/1042/976 1007/1039/973
f 1006/1041/975 1009/1044/978 72/156/89
f 1003/1037/971 414/487/422 1293/1314/1227
f 944/978/912 946/980/914 1004/1038/972
f 414/487/422 1004/1038/972 946/980/914
f 1008/1042/976 413/485/420 1007/1039/973
f 679/737/671 359/431/364 1467/57/1377
f 76/162/95 80/165/98 320/396/329
f 362/436/371 393/465/400 394/466/401
f 358/432/365 361/56/367 357/55/366
f 1011/1045/979 1527/1551/1436 1009/1044/978
f 1528/1552/1437 1009/1044/978 1527/1551/1436
f 1008/1042/976 1002/1036/970 415/486/421
f 71/154/87 1002/1036/970 1008/1042/976
f 470/537/472 471/539/474 472/538/473
f 1543/1567/1452 1545/1568/1453 1544/1569/1454
f 1543/1567/1452 785/838/773 1545/1568/1453
f 785/838/773 786/839/452 1545/1568/1453
f 1552/1570/1455 1550/1571/1456 1551/1572/1457
f 1551/1572/1457 1550/1571/1456 431/497/432
f 424/1573/1458 423/846/780 426/845/779
f 456/523/458 471/539/474 470/537/472
f 425/1477/1371 423/846/780 424/1573/1458
f 431/497/432 1553/1574/1459 1551/1572/1457
f 460/528/463 434/499/434 435/498/433
f 429/503/438 427/505/440 428/852/786
f 1455/1471/1365 428/852/786 427/505/440
f 1552/1570/1455 1551/1572/1457 1456/1472/1366
f 1457/1473/1367 1456/1472/1366 1551/1572/1457
f 471/539/474 456/523/458 457/522/457
f 1439/1452/1248 1437/1451/1248 1441/1454/1249
f 500/566/501 476/543/478 475/541/476
f 1539/1563/1448 489/556/491 454/519/454
f 1553/1574/1459 431/497/432 490/557/492
f 1445/1461/1356 1459/1475/1369 1454/1470/1364
f 1455/1471/1365 452/518/453 451/525/460
f 1445/1461/1356 1447/1463/1358 1459/1475/1369
f 1447/1463/1358 1025/1054/988 1449/1466/1361
f 1462/1478/1372 1461/1493/1294 1449/1466/1361
f 1473/1489/1384 1479/1495/1001 1451/1468/1152
f 438/504/439 423/846/780 425/1477/1371
f 1473/1489/1384 1451/1468/1152 1452/1467/1362
f 511/577/512 517/582/517 1465/1481/1375
f 502/1575/1460 1465/1481/1375 496/563/498
f 498/564/499 520/586/521 497/565/500
f 1556/1576/1461 497/565/500 520/586/521
f 531/600/535 1557/1577/1462 532/598/533
f 1557/1577/1462 531/600/535 1558/1578/1463
f 921/955/889 949/983/917 919/953/887
f 1559/1579/1464 919/953/887 949/983/917
f 1559/1579/1464 949/983/917 953/987/921
f 513/579/514 482/549/484 484/550/485
f 497/565/500 502/1575/1460 496/563/498
f 511/577/512 512/576/511 516/583/518
f 486/553/488 515/581/516 514/580/515
f 1452/1467/1362 1453/1469/1363 1474/1488/1383
f 1499/1516/1403 849/885/819 850/887/821
f 462/529/464 445/510/445 443/512/447
f 521/587/522 498/564/499 536/604/539
f 531/600/535 530/599/534 533/1580/1465
f 537/601/536 505/571/506 513/579/514
f 514/580/515 539/603/538 538/602/537
f 523/589/524 473/540/475 474/542/477
f 522/588/523 477/544/479 473/540/475
f 542/1581/1466 541/1582/1467 512/576/511
f 516/583/518 512/576/511 541/1582/1467
f 1561/1583/1468 516/583/518 541/1582/1467
f 1561/1583/1468 1472/1487/1382 516/583/518
f 521/587/522 1518/1543/1429 1562/1584/1469
f 1518/1543/1429 521/587/522 536/604/539
f 1563/1585/1470 530/599/534 1564/1586/1471
f 533/1580/1465 530/599/534 1563/1585/1470
f 536/604/539 1517/1541/1427 1518/1543/1429
f 1517/1541/1427 536/604/539 540/605/540
f 541/1582/1467 542/1581/1466 948/981/915
f 542/1581/1466 947/982/916 948/981/915
f 1561/1583/1468 541/1582/1467 948/981/915
f 948/981/915 1522/1587/1472 1561/1583/1468
f 573/636/571 1562/1584/1469 574/1542/1428
f 1518/1543/1429 574/1542/1428 1562/1584/1469
f 1566/1588/1473 1565/1589/1474 1564/1586/1471
f 1564/1586/1471 1565/1589/1474 1563/1585/1470
f 483/551/486 535/597/532 537/601/536
f 1568/1590/1475 1566/1588/1473 1564/1586/1471
f 1522/1587/1472 571/634/569 574/1542/1428
f 1522/1587/1472 948/981/915 571/634/569
f 649/711/646 698/757/693 697/756/692
f 496/563/498 1465/1481/1375 517/582/517
f 665/726/660 1569/1591/1476 1570/1592/1477
f 1472/1487/1382 1561/1583/1468 540/605/540
f 1561/1583/1468 1517/1541/1427 540/605/540
f 1522/1587/1472 574/1542/1428 1517/1541/1427
f 1517/1541/1427 1561/1583/1468 1522/1587/1472
f 1560/1593/1478 1504/1520/1407 1497/1513/1402
f 1581/1594/1479 1580/1595/1480 827/863/797
f 1583/1596/1481 1582/1597/1482 1537/1561/1446
f 1584/1598/1483 1537/1561/1446 1582/1597/1482
f 773/826/762 1537/1561/1446 1584/1598/1483
f 1585/1599/1484 834/869/803 773/826/762
f 1582/1597/1482 1580/1595/1480 1581/1594/1479
f 341/412/345 340/414/347 1586/1600/1485
f 340/414/347 1587/1601/1486 1586/1600/1485
f 1584/1598/1483 1585/1599/1484 773/826/762
f 909/944/877 1471/1486/1381 910/945/878
f 909/944/877 450/517/452 687/744/680
f 344/417/350 1151/1175/1102 342/415/348
f 689/747/683 342/415/348 1151/1175/1102
f 1588/1602/1487 1589/1603/1488 1590/1604/1489
f 1590/1604/1489 1591/1605/1490 1588/1602/1487
f 1592/1606/1491 1593/1607/1492 1594/1608/1493
f 1594/1608/1493 1595/1609/1494 1592/1606/1491
f 1596/1610/1223 1597/1611/1495 1598/1612/1496
f 1598/1612/1496 1599/1613/1223 1596/1610/1223
f 1590/1604/1489 1600/1614/1497 1591/1605/1490
f 1603/1615/1498 1601/1616/1499 1602/1617/1500
f 1603/1615/1498 1604/1618/1501 1601/1616/1499
f 1600/1614/1497 1605/1619/1502 1606/1620/1503
f 1606/1620/1503 1591/1605/1490 1600/1614/1497
f 1597/1611/1495 1601/1616/1499 1604/1618/1501
f 1604/1618/1501 1598/1612/1496 1597/1611/1495
f 1589/1603/1488 1607/1621/1504 1590/1604/1489
f 1608/1622/1505 1603/1615/1498 1602/1617/1500
f 1589/1603/1488 1603/1615/1498 1608/1622/1505
f 1608/1622/1505 1607/1621/1504 1589/1603/1488
f 1609/1623/1506 1610/1624/1507 1611/1625/1508
f 1609/1623/1506 1611/1625/1508 1612/1626/1509
f 1615/1627/1510 1613/1628/1511 1614/1629/1512
f 1617/1630/1513 1614/1629/1512 1616/1631/1514
f 1617/1630/1513 1615/1627/1510 1614/1629/1512
f 1617/1630/1513 1616/1631/1514 1618/1632/1515
f 1620/1633/1516 1618/1632/1515 1619/1634/1517
f 1620/1633/1516 1617/1630/1513 1618/1632/1515
f 1620/1633/1516 1619/1634/1517 1621/1635/1518
f 1621/1635/1518 1622/1636/1519 1612/1626/1509
f 1612/1626/1509 1620/1633/1516 1621/1635/1518
f 1612/1626/1509 1622/1636/1519 1609/1623/1506
f 1625/1637/1520 1623/1638/1521 1624/1639/1522
f 1625/1637/1520 1626/1640/1523 1623/1638/1521
f 638/704/639 670/732/666 1627/1641/1524
f 1628/1642/1525 1629/1643/1526 697/756/692
f 642/700/635 640/699/634 643/705/640
f 639/702/637 666/727/661 649/711/646
f 1497/1513/1402 849/885/819 1560/1593/1478
f 634/698/633 1630/1644/1527 636/696/631
f 650/1645/1528 1567/1646/1529 652/1647/1530
f 652/1647/1530 651/1648/1531 650/1645/1528
f 662/724/658 669/730/664 663/723/657
f 667/728/662 671/733/667 668/729/663
f 674/753/689 668/729/663 673/734/668
f 694/751/687 674/753/689 673/734/668
f 664/725/659 637/703/638 1629/1643/1526
f 637/703/638 664/725/659 638/704/639
f 674/753/689 693/752/688 700/759/695
f 676/736/670 698/757/693 635/697/632
f 650/1645/1528 691/750/686 692/749/685
f 1631/1649/1532 1560/1593/1478 849/885/819
f 1631/1649/1532 849/885/819 1499/1516/1403
f 650/1645/1528 692/749/685 1567/1646/1529
f 698/757/693 649/711/646 635/697/632
f 1499/1516/1403 1632/1650/1533 1631/1649/1532
f 1569/1591/1476 665/726/660 664/725/659
f 1569/1591/1476 664/725/659 1628/1642/1525
f 1629/1643/1526 1628/1642/1525 664/725/659
f 676/736/670 1633/1651/1534 699/758/694
f 676/736/670 699/758/694 698/757/693
f 690/748/684 1634/1652/1535 692/749/685
f 693/752/688 701/760/696 700/759/695
f 719/778/714 242/323/258 716/776/712
f 1569/1591/1476 1624/1639/1522 1570/1592/1477
f 1623/1638/1521 1570/1592/1477 1624/1639/1522
f 1569/1591/1476 1628/1642/1525 1624/1639/1522
f 1628/1642/1525 1635/1653/1536 1624/1639/1522
f 1637/1654/1537 1633/1651/1534 1636/1655/1538
f 1633/1651/1534 1637/1654/1537 699/758/694
f 1638/1656/1539 1639/1657/1540 1634/1652/1535
f 1634/1652/1535 690/748/684 1638/1656/1539
f 1637/1654/1537 696/755/691 699/758/694
f 1625/1637/1520 1637/1654/1537 1636/1655/1538
f 1626/1640/1523 1625/1637/1520 1636/1655/1538
f 1634/1652/1535 1639/1657/1540 1640/1658/1541
f 1625/1637/1520 1635/1653/1536 1637/1654/1537
f 1624/1639/1522 1635/1653/1536 1625/1637/1520
f 637/703/638 639/702/637 649/711/646
f 697/756/692 637/703/638 649/711/646
f 697/756/692 1629/1643/1526 637/703/638
f 1499/1516/1403 1500/1517/1404 1632/1650/1533
f 696/755/691 1628/1642/1525 697/756/692
f 1500/1517/1404 1501/1519/1406 1632/1650/1533
f 1637/1654/1537 1635/1653/1536 696/755/691
f 1635/1653/1536 1628/1642/1525 696/755/691
f 1501/1519/1406 1500/1517/1404 1494/1512/1401
f 1501/1519/1406 1502/1518/1405 1641/1659/1542
f 1641/1659/1542 1503/1521/1408 1504/1520/1407
f 1504/1520/1407 1560/1593/1478 1641/1659/1542
f 1560/1593/1478 1631/1649/1532 1641/1659/1542
f 1631/1649/1532 1632/1650/1533 1641/1659/1542
f 1641/1659/1542 1632/1650/1533 1501/1519/1406
f 1642/1660/1543 1644/1661/1544 1643/1662/1545
f 1646/1663/1546 1647/1664/1547 1643/1662/1545
f 1648/1665/1548 1644/1661/1544 1649/1666/1549
f 1642/1660/1543 1649/1666/1549 1644/1661/1544
f 1643/1662/1545 1645/1667/1550 1642/1660/1543
f 1648/1665/1548 1649/1666/1549 1651/1668/1551
f 1652/1669/1552 1651/1668/1551 1653/1670/1553
f 1651/1668/1551 1652/1669/1552 1650/1671/1554
f 1647/1664/1547 1646/1663/1546 1652/1669/1552
f 1651/1668/1551 1650/1671/1554 1648/1665/1548
f 1654/1672/1555 1655/1673/1556 1656/1674/1557
f 1659/1675/1558 1657/1676/1559 1658/1677/1560
f 1658/1677/1560 1657/1676/1559 1660/1678/275
f 1660/1678/275 1661/1679/275 1658/1677/1560
f 1664/1680/1561 1662/1681/1562 1663/1682/1562
f 1664/1680/1561 1665/1683/1561 1662/1681/1562
f 1666/1684/1563 1665/1683/1561 1664/1680/1561
f 1666/1684/1563 1667/1685/1564 1665/1683/1561
f 1668/1686/1565 1667/1685/1564 1666/1684/1563
f 1667/1685/1564 1668/1686/1565 1669/1687/1566
f 1669/1687/1566 1668/1686/1565 1670/1688/1558
f 1670/1688/1558 1659/1675/1558 1669/1687/1566
f 1643/1662/1545 1647/1664/1547 1645/1667/1550
f 1646/1663/1546 1644/1661/1544 1650/1671/1554
f 1652/1669/1552 1646/1663/1546 1650/1671/1554
f 1671/1689/1567 1673/1690/1568 1672/1691/1569
f 1677/1692/1570 1678/1693/1571 1679/1694/1572
f 1659/1675/1558 1670/1688/1558 1657/1676/1559
f 1653/1670/1553 1647/1664/1547 1652/1669/1552
f 1689/1695/1573 1691/1696/1574 1690/1697/1575
f 1694/1698/1576 1692/1699/1577 1693/1700/1578
f 1644/1661/1544 1648/1665/1548 1650/1671/1554
f 1695/1701/1579 1697/1702/1580 1696/1703/1581
f 1706/1704/1582 1705/1705/1583 1704/1706/1584
f 1700/1707/1585 1699/1708/1586 1698/1709/1587
f 1707/1710/1588 1699/1708/1586 1700/1707/1585
f 1708/1711/1589 1704/1706/1584 1705/1705/1583
f 1709/1712/1590 1710/1713/1591 1716/1714/1592
f 1713/1715/1593 1717/1716/1594 1714/1717/1595
f 1707/1710/1588 1715/1718/1596 1711/1719/1597
f 1718/1720/1598 1698/1709/1587 1699/1708/1586
f 1714/1717/1595 1712/1721/1599 1713/1715/1593
f 1700/1707/1585 1715/1718/1596 1707/1710/1588
f 1719/1722/1600 1699/1708/1586 1720/1723/1601
f 1720/1723/1601 1699/1708/1586 1707/1710/1588
f 1709/1712/1590 1721/1724/1602 1711/1719/1597
f 1722/1725/1603 1711/1719/1597 1721/1724/1602
f 1700/1707/1585 1723/1726/1604 1715/1718/1596
f 1723/1726/1604 1700/1707/1585 1724/1727/1605
f 1722/1725/1603 1725/1728/1606 1720/1723/1601
f 1725/1728/1606 1722/1725/1603 1726/1729/1607
f 1724/1727/1605 1700/1707/1585 1698/1709/1587
f 1721/1724/1602 1726/1729/1607 1722/1725/1603
f 1720/1723/1601 1725/1728/1606 1719/1722/1600
f 1710/1713/1591 1715/1718/1596 1723/1726/1604
f 1727/1730/1608 1726/1729/1607 1721/1724/1602
f 1726/1729/1607 1727/1730/1608 1728/1731/1609
f 1726/1729/1607 1728/1731/1609 1729/1732/1610
f 1727/1730/1608 1716/1714/1592 1728/1731/1609
f 1730/1733/1611 1728/1731/1609 1716/1714/1592
f 1731/1734/1612 1710/1713/1591 1723/1726/1604
f 1730/1733/1611 1710/1713/1591 1731/1734/1612
f 1716/1714/1592 1710/1713/1591 1730/1733/1611
f 1732/1735/1613 1733/1736/1614 1717/1716/1594
f 1719/1722/1600 1735/1737/1615 1734/1738/1616
f 1725/1728/1606 1735/1737/1615 1719/1722/1600
f 1717/1716/1594 1724/1727/1605 1732/1735/1613
f 1698/1709/1587 1732/1735/1613 1724/1727/1605
f 1735/1737/1615 1736/1739/1617 1734/1738/1616
f 1730/1733/1611 1729/1732/1610 1728/1731/1609
f 1731/1734/1612 1729/1732/1610 1730/1733/1611
f 1739/1740/1618 1738/1741/1618 1737/1742/1618
f 1738/1741/1618 1739/1740/1618 1740/1743/1618
f 1741/1744/1619 1726/1729/1607 1729/1732/1610
f 1718/1720/1598 1699/1708/1586 1734/1738/1616
f 1734/1738/1616 1699/1708/1586 1719/1722/1600
f 1736/1739/1617 1718/1720/1598 1734/1738/1616
f 1733/1736/1614 1718/1720/1598 1736/1739/1617
f 1722/1725/1603 1720/1723/1601 1711/1719/1597
f 1711/1719/1597 1720/1723/1601 1707/1710/1588
f 1742/1745/1620 1744/1746/1621 1743/1747/1622
f 1745/1748/1623 1747/1749/1624 1746/1750/1625
f 1746/1750/1625 1747/1749/1624 1655/1673/1556
f 1733/1736/1614 1714/1717/1595 1717/1716/1594
f 1749/1751/1626 1655/1673/1556 1748/1752/1627
f 1746/1750/1625 1655/1673/1556 1749/1751/1626
f 1750/1753/1628 1752/1754/1629 1751/1755/1630
f 1755/1756/1631 1754/1757/1632 1753/1758/1633
f 1756/1759/1634 1754/1757/1632 1755/1756/1631
f 1754/1757/1632 1757/1760/1635 1753/1758/1633
f 1759/1761/1636 1757/1760/1635 1758/1762/1637
f 1753/1758/1633 1757/1760/1635 1759/1761/1636
f 1761/1763/1638 1760/1764/1639 1755/1756/1631
f 1760/1764/1639 1756/1759/1634 1755/1756/1631
f 1764/1765/1640 1763/1766/1641 1762/1767/1642
f 1765/1768/1643 1763/1766/1641 1764/1765/1640
f 1766/1769/1644 1765/1768/1643 1764/1765/1640
f 1767/1770/1645 1765/1768/1643 1766/1769/1644
f 1768/1771/1646 1770/1772/1647 1769/1773/1648
f 1771/1774/1649 1767/1770/1645 1772/1775/1650
f 1772/1775/1650 1767/1770/1645 1766/1769/1644
f 1773/1776/1651 1763/1766/1641 1774/1777/1652
f 1762/1767/1642 1763/1766/1641 1761/1763/1638
f 1775/1778/1653 1777/1779/1654 1776/1780/1655
f 1778/1781/1656 1776/1780/1655 1777/1779/1654
f 1779/1782/1657 1756/1759/1634 1780/1783/1658
f 1760/1764/1639 1780/1783/1658 1756/1759/1634
f 1775/1778/1653 1776/1780/1655 1780/1783/1658
f 1780/1783/1658 1776/1780/1655 1779/1782/1657
f 1654/1672/1555 1782/1784/1659 1781/1785/1660
f 1782/1784/1659 1654/1672/1555 1783/1786/1661
f 1784/1787/1662 1781/1785/1660 1785/1788/1663
f 1782/1784/1659 1785/1788/1663 1781/1785/1660
f 1786/1789/1664 1691/1696/1574 1787/1790/1665
f 1787/1790/1665 1691/1696/1574 1788/1791/1666
f 1691/1696/1574 1656/1674/1557 1788/1791/1666
f 1789/1792/1667 1656/1674/1557 1691/1696/1574
f 1723/1726/1604 1790/1793/1668 1785/1788/1663
f 1724/1727/1605 1790/1793/1668 1723/1726/1604
f 1725/1728/1606 1792/1794/1669 1791/1795/1670
f 1792/1794/1669 1725/1728/1606 1726/1729/1607
f 1654/1672/1555 1656/1674/1557 1789/1792/1667
f 1793/1796/1671 1794/1797/1672 1787/1790/1665
f 1785/1788/1663 1790/1793/1668 1784/1787/1662
f 1789/1792/1667 1783/1786/1661 1654/1672/1555
f 1794/1797/1672 1786/1789/1664 1787/1790/1665
f 1797/1798/1673 1796/1799/1674 1795/1800/1675
f 1777/1779/1654 1797/1798/1673 1795/1800/1675
f 1778/1781/1656 1795/1800/1675 1798/1801/1676
f 1795/1800/1675 1778/1781/1656 1777/1779/1654
f 1799/1802/1677 1800/1803/1678 1797/1798/1673
f 1671/1689/1567 1654/1672/1555 1781/1785/1660
f 1654/1672/1555 1671/1689/1567 1748/1752/1627
f 1671/1689/1567 1749/1751/1626 1748/1752/1627
f 1749/1751/1626 1671/1689/1567 1672/1691/1569
f 1801/1804/1679 1782/1784/1659 1802/1805/1680
f 1802/1805/1680 1782/1784/1659 1783/1786/1661
f 1781/1785/1660 1673/1690/1568 1671/1689/1567
f 1784/1787/1662 1673/1690/1568 1781/1785/1660
f 1793/1796/1671 1787/1790/1665 1747/1749/1624
f 1788/1791/1666 1747/1749/1624 1787/1790/1665
f 1788/1791/1666 1655/1673/1556 1747/1749/1624
f 1672/1691/1569 1673/1690/1568 1712/1721/1599
f 1782/1784/1659 1801/1804/1679 1785/1788/1663
f 1785/1788/1663 1801/1804/1679 1803/1806/1681
f 1805/1807/1682 1708/1711/1589 1804/1808/1683
f 1806/1809/1684 1805/1807/1682 1804/1808/1683
f 1805/1807/1682 1806/1809/1684 1807/1810/1685
f 1747/1749/1624 1745/1748/1623 1793/1796/1671
f 1750/1753/1628 1808/1811/1686 1752/1754/1629
f 1786/1789/1664 1690/1697/1575 1691/1696/1574
f 1709/1712/1590 1716/1714/1592 1721/1724/1602
f 1809/1812/1687 1693/1700/1578 1692/1699/1577
f 1775/1778/1653 1692/1699/1577 1694/1698/1576
f 1780/1783/1658 1692/1699/1577 1775/1778/1653
f 1809/1812/1687 1810/1813/1688 1693/1700/1578
f 1811/1814/1689 1813/1815/1690 1812/1816/1691
f 1814/1817/1692 1815/1818/1693 1816/1819/1694
f 1817/1820/1695 1816/1819/1694 1815/1818/1693
f 1816/1819/1694 1817/1820/1695 1818/1821/1696
f 1818/1821/1696 1819/1822/1697 1816/1819/1694
f 1822/1823/1698 1820/1824/1699 1821/1825/1700
f 1825/1826/1701 1823/1827/1702 1824/1828/1701
f 1824/1828/1701 1823/1827/1702 1826/1829/1703
f 1827/1830/1704 1826/1829/1703 1823/1827/1702
f 1828/1831/1705 1829/1832/1706 1830/1833/1707
f 1831/1834/1708 1811/1814/1689 1832/1835/1709
f 1821/1825/1700 1833/1836/1710 1834/1837/1711
f 1820/1824/1699 1833/1836/1710 1821/1825/1700
f 1835/1838/1712 1833/1836/1710 1820/1824/1699
f 1829/1832/1706 1836/1839/1713 1830/1833/1707
f 1837/1840/1714 1836/1839/1713 1829/1832/1706
f 1814/1817/1692 1816/1819/1694 1834/1837/1711
f 1816/1819/1694 1821/1825/1700 1834/1837/1711
f 1816/1819/1694 1819/1822/1697 1821/1825/1700
f 1822/1823/1698 1821/1825/1700 1819/1822/1697
f 1832/1835/1709 1811/1814/1689 1812/1816/1691
f 1838/1841/1715 1840/1842/1716 1839/1843/1717
f 1813/1815/1690 1839/1843/1717 1840/1842/1716
f 1840/1842/1716 1809/1812/1687 1692/1699/1577
f 1813/1815/1690 1840/1842/1716 1780/1783/1658
f 1844/1844/1718 1839/1843/1717 1813/1815/1690
f 1845/1845/1719 1839/1843/1717 1844/1844/1718
f 1838/1841/1715 1810/1813/1688 1809/1812/1687
f 1838/1841/1715 1809/1812/1687 1840/1842/1716
f 1844/1844/1718 1831/1834/1708 1845/1845/1719
f 1811/1814/1689 1831/1834/1708 1844/1844/1718
f 1813/1815/1690 1811/1814/1689 1844/1844/1718
f 1846/1846/1720 1694/1698/1576 1847/1847/1721
f 1693/1700/1578 1847/1847/1721 1694/1698/1576
f 1797/1798/1673 1800/1803/1678 1848/1848/1722
f 1851/1849/1723 1850/1850/1724 1849/1851/1725
f 1764/1765/1640 1853/1852/1726 1852/1853/1727
f 1854/1854/1728 1852/1853/1727 1853/1852/1726
f 1855/1855/1729 1852/1853/1727 1854/1854/1728
f 1855/1855/1729 1857/1856/1730 1856/1857/1731
f 1854/1854/1728 1857/1856/1730 1855/1855/1729
f 1857/1856/1730 1858/1858/1732 1856/1857/1731
f 1856/1857/1731 1858/1858/1732 1859/1859/1733
f 1852/1853/1727 1766/1769/1644 1764/1765/1640
f 1862/1860/1734 1861/1861/1735 1860/1862/1736
f 1861/1861/1735 1862/1860/1734 1863/1863/1737
f 1864/1864/1738 1860/1862/1736 1861/1861/1735
f 1860/1862/1736 1864/1864/1738 1865/1865/1739
f 1754/1757/1632 1863/1863/1737 1757/1760/1635
f 1865/1865/1739 1867/1866/1740 1866/1867/1741
f 1864/1864/1738 1867/1866/1740 1865/1865/1739
f 1863/1863/1737 1862/1860/1734 1757/1760/1635
f 1863/1863/1737 1868/1868/1742 1861/1861/1735
f 1860/1862/1736 1870/1869/1743 1869/1870/1744
f 1865/1865/1739 1870/1869/1743 1860/1862/1736
f 1860/1862/1736 1869/1870/1744 1862/1860/1734
f 1871/1871/1745 1862/1860/1734 1869/1870/1744
f 1764/1765/1640 1872/1872/1746 1853/1852/1726
f 1762/1767/1642 1872/1872/1746 1764/1765/1640
f 1769/1773/1648 1873/1873/1747 1768/1771/1646
f 1854/1854/1728 1853/1852/1726 1872/1872/1746
f 1774/1777/1652 1763/1766/1641 1765/1768/1643
f 1774/1777/1652 1765/1768/1643 1767/1770/1645
f 1771/1774/1649 1774/1777/1652 1767/1770/1645
f 1872/1872/1746 1762/1767/1642 1874/1874/1748
f 1871/1871/1745 1869/1870/1744 1875/1875/1749
f 1759/1761/1636 1871/1871/1745 1876/1876/1750
f 1871/1871/1745 1759/1761/1636 1758/1762/1637
f 1875/1875/1749 1876/1876/1750 1871/1871/1745
f 1754/1757/1632 1868/1868/1742 1863/1863/1737
f 1756/1759/1634 1868/1868/1742 1754/1757/1632
f 1753/1758/1633 1759/1761/1636 1755/1756/1631
f 1755/1756/1631 1759/1761/1636 1876/1876/1750
f 1780/1783/1658 1877/1877/1751 1813/1815/1690
f 1760/1764/1639 1877/1877/1751 1780/1783/1658
f 1779/1782/1657 1879/1878/1752 1878/1879/1753
f 1776/1780/1655 1879/1878/1752 1779/1782/1657
f 1868/1868/1742 1756/1759/1634 1878/1879/1753
f 1846/1846/1720 1777/1779/1654 1694/1698/1576
f 1810/1813/1688 1847/1847/1721 1693/1700/1578
f 1769/1773/1648 1770/1772/1647 1880/1880/1754
f 1871/1871/1745 1757/1760/1635 1862/1860/1734
f 1757/1760/1635 1871/1871/1745 1758/1762/1637
f 1881/1881/1755 1883/1882/1756 1882/1883/1757
f 1851/1849/1723 1885/1884/1758 1884/1885/1759
f 1884/1885/1759 1885/1884/1758 1882/1883/1757
f 1796/1799/1674 1882/1883/1757 1885/1884/1758
f 1882/1883/1757 1796/1799/1674 1881/1881/1755
f 1848/1848/1722 1881/1881/1755 1796/1799/1674
f 1883/1882/1756 1881/1881/1755 1848/1848/1722
f 1886/1886/1760 1887/1887/1760 1888/1888/1760
f 1889/1889/1761 1890/1890/1762 1869/1870/1744
f 1875/1875/1749 1874/1874/1748 1876/1876/1750
f 1762/1767/1642 1876/1876/1750 1874/1874/1748
f 1852/1853/1727 1891/1891/1763 1766/1769/1644
f 1772/1775/1650 1766/1769/1644 1891/1891/1763
f 1872/1872/1746 1874/1874/1748 1892/1892/1764
f 1874/1874/1748 1890/1890/1762 1892/1892/1764
f 1889/1889/1761 1892/1892/1764 1890/1890/1762
f 1892/1892/1764 1889/1889/1761 1896/1893/1765
f 1897/1894/1766 1899/1895/1767 1898/1896/1768
f 1898/1896/1768 1899/1895/1767 1879/1878/1752
f 1900/1897/1769 1899/1895/1767 1897/1894/1766
f 1898/1896/1768 1879/1878/1752 1778/1781/1656
f 1776/1780/1655 1778/1781/1656 1879/1878/1752
f 1903/1898/1770 1902/1899/1771 1901/1900/1772
f 1904/1901/1773 1902/1899/1771 1903/1898/1770
f 1901/1900/1772 1906/1902/1774 1905/1903/1775
f 1906/1902/1774 1901/1900/1772 1902/1899/1771
f 1908/1904/1776 1864/1864/1738 1907/1905/1777
f 1864/1864/1738 1908/1904/1776 1867/1866/1740
f 1900/1897/1769 1907/1905/1777 1861/1861/1735
f 1864/1864/1738 1861/1861/1735 1907/1905/1777
f 1900/1897/1769 1868/1868/1742 1909/1906/1778
f 1868/1868/1742 1900/1897/1769 1861/1861/1735
f 1897/1894/1766 1904/1901/1773 1903/1898/1770
f 1904/1901/1773 1897/1894/1766 1898/1896/1768
f 1904/1901/1773 1849/1851/1725 1902/1899/1771
f 1849/1851/1725 1904/1901/1773 1910/1907/1779
f 1902/1899/1771 1850/1850/1724 1906/1902/1774
f 1849/1851/1725 1850/1850/1724 1902/1899/1771
f 1865/1865/1739 1866/1867/1741 1870/1869/1743
f 1911/1908/1780 1870/1869/1743 1866/1867/1741
f 1756/1759/1634 1779/1782/1657 1878/1879/1753
f 1898/1896/1768 1778/1781/1656 1798/1801/1676
f 1898/1896/1768 1798/1801/1676 1910/1907/1779
f 1898/1896/1768 1910/1907/1779 1904/1901/1773
f 1655/1673/1556 1788/1791/1666 1656/1674/1557
f 1689/1695/1573 1789/1792/1667 1691/1696/1574
f 1789/1792/1667 1689/1695/1573 1912/1909/1781
f 1773/1776/1651 1761/1763/1638 1763/1766/1641
f 1762/1767/1642 1761/1763/1638 1876/1876/1750
f 1857/1856/1730 1913/1910/1782 1858/1858/1732
f 1914/1911/1783 1913/1910/1782 1857/1856/1730
f 1870/1869/1743 1889/1889/1761 1869/1870/1744
f 1915/1912/1784 1889/1889/1761 1870/1869/1743
f 1854/1854/1728 1914/1911/1783 1857/1856/1730
f 1914/1911/1783 1854/1854/1728 1896/1893/1765
f 1854/1854/1728 1872/1872/1746 1896/1893/1765
f 1892/1892/1764 1896/1893/1765 1872/1872/1746
f 1911/1908/1780 1915/1912/1784 1870/1869/1743
f 1916/1913/1785 1915/1912/1784 1911/1908/1780
f 1889/1889/1761 1915/1912/1784 1896/1893/1765
f 1896/1893/1765 1915/1912/1784 1914/1911/1783
f 1913/1910/1782 1915/1912/1784 1916/1913/1785
f 1915/1912/1784 1913/1910/1782 1914/1911/1783
f 1875/1875/1749 1890/1890/1762 1874/1874/1748
f 1918/1914/1786 1917/1915/1787 1850/1850/1724
f 1804/1808/1683 1708/1711/1589 1705/1705/1583
f 1739/1740/1618 1804/1808/1683 1705/1705/1583
f 1804/1808/1683 1739/1740/1618 1737/1742/1618
f 1739/1740/1618 1919/1916/1618 1740/1743/1618
f 1920/1917/1788 1735/1737/1615 1791/1795/1670
f 1725/1728/1606 1791/1795/1670 1735/1737/1615
f 1713/1715/1593 1724/1727/1605 1717/1716/1594
f 1724/1727/1605 1713/1715/1593 1790/1793/1668
f 1673/1690/1568 1784/1787/1662 1713/1715/1593
f 1790/1793/1668 1713/1715/1593 1784/1787/1662
f 1711/1719/1597 1710/1713/1591 1709/1712/1590
f 1715/1718/1596 1710/1713/1591 1711/1719/1597
f 1655/1673/1556 1654/1672/1555 1748/1752/1627
f 1921/1918/1789 1922/1919/1790 1923/1920/1791
f 1922/1919/1790 1924/1921/1792 1923/1920/1791
f 1922/1919/1790 1925/1922/1793 1924/1921/1792
f 1926/1923/1794 1925/1922/1793 1922/1919/1790
f 1927/1924/1795 1928/1925/1796 1929/1926/1797
f 1932/1927/1798 1930/1928/1799 1931/1929/1798
f 1932/1927/1798 1933/1930/1800 1930/1928/1799
f 1933/1930/1800 1934/1931/1801 1930/1928/1799
f 1937/1932/1802 1935/1933/1803 1936/1934/1804
f 1713/1715/1593 1712/1721/1599 1673/1690/1568
f 1939/1935/1805 1938/1936/1806 1929/1926/1797
f 1938/1936/1806 1927/1924/1795 1929/1926/1797
f 1927/1924/1795 1938/1936/1806 1940/1937/1807
f 1937/1932/1802 1936/1934/1804 1941/1938/1808
f 1941/1938/1808 1942/1939/1809 1937/1932/1802
f 1921/1918/1789 1939/1935/1805 1922/1919/1790
f 1929/1926/1797 1922/1919/1790 1939/1935/1805
f 1926/1923/1794 1922/1919/1790 1929/1926/1797
f 1929/1926/1797 1928/1925/1796 1926/1923/1794
f 1698/1709/1587 1718/1720/1598 1732/1735/1613
f 1945/1940/1810 1944/1941/1811 1943/1942/1812
f 1948/1943/1813 1946/1944/1814 1947/1945/1815
f 1946/1944/1814 1948/1943/1813 1949/1946/1816
f 1947/1945/1815 1946/1944/1814 1950/1947/1817
f 1950/1947/1817 1951/1948/1818 1952/1949/1819
f 1953/1950/1820 1954/1951/1821 1952/1949/1819
f 1952/1949/1819 1951/1948/1818 1953/1950/1820
f 1955/1952/1822 1956/1953/1823 1954/1951/1821
f 1955/1952/1822 1954/1951/1821 1953/1950/1820
f 1956/1953/1823 1957/1954/1824 1958/1955/1825
f 1957/1954/1824 1956/1953/1823 1955/1952/1822
f 1949/1946/1816 1959/1956/1826 1946/1944/1814
f 1949/1946/1816 1960/1957/1827 1959/1956/1826
f 1946/1944/1814 1961/1958/1828 1950/1947/1817
f 1946/1944/1814 1959/1956/1826 1961/1958/1828
f 1950/1947/1817 1962/1959/1829 1951/1948/1818
f 1962/1959/1829 1950/1947/1817 1961/1958/1828
f 1963/1960/1830 1953/1950/1820 1951/1948/1818
f 1963/1960/1830 1951/1948/1818 1962/1959/1829
f 1953/1950/1820 1964/1961/1831 1955/1952/1822
f 1953/1950/1820 1963/1960/1830 1964/1961/1831
f 1955/1952/1822 1965/1962/1832 1957/1954/1824
f 1965/1962/1832 1955/1952/1822 1964/1961/1831
f 1960/1957/1827 1966/1963/1833 1959/1956/1826
f 1966/1963/1833 1960/1957/1827 1967/1964/1834
f 1968/1965/1835 1961/1958/1828 1959/1956/1826
f 1968/1965/1835 1959/1956/1826 1966/1963/1833
f 1961/1958/1828 1969/1966/1836 1962/1959/1829
f 1961/1958/1828 1968/1965/1835 1969/1966/1836
f 1970/1967/1837 1963/1960/1830 1962/1959/1829
f 1962/1959/1829 1969/1966/1836 1970/1967/1837
f 1971/1968/1838 1964/1961/1831 1963/1960/1830
f 1971/1968/1838 1963/1960/1830 1970/1967/1837
f 1972/1969/1839 1965/1962/1832 1964/1961/1831
f 1964/1961/1831 1971/1968/1838 1972/1969/1839
f 1973/1970/1840 1966/1963/1833 1967/1964/1834
f 1973/1970/1840 1967/1964/1834 1974/1971/1841
f 1966/1963/1833 1975/1972/1842 1968/1965/1835
f 1975/1972/1842 1966/1963/1833 1973/1970/1840
f 1976/1973/1843 1969/1966/1836 1968/1965/1835
f 1968/1965/1835 1975/1972/1842 1976/1973/1843
f 1977/1974/1844 1970/1967/1837 1969/1966/1836
f 1977/1974/1844 1969/1966/1836 1976/1973/1843
f 1970/1967/1837 1978/1975/1845 1971/1968/1838
f 1970/1967/1837 1977/1974/1844 1978/1975/1845
f 1971/1968/1838 1978/1975/1845 1979/1976/1846
f 1980/1977/1847 1971/1968/1838 1979/1976/1846
f 1981/1978/1848 1972/1969/1839 1971/1968/1838
f 1981/1978/1848 1971/1968/1838 1980/1977/1847
f 1974/1971/1841 1982/1979/1849 1973/1970/1840
f 1982/1979/1849 1974/1971/1841 1983/1980/1850
f 1984/1981/1851 1975/1972/1842 1973/1970/1840
f 1984/1981/1851 1973/1970/1840 1982/1979/1849
f 1985/1982/1852 1976/1973/1843 1975/1972/1842
f 1985/1982/1852 1975/1972/1842 1984/1981/1851
f 1976/1973/1843 1986/1983/1853 1977/1974/1844
f 1986/1983/1853 1976/1973/1843 1985/1982/1852
f 1987/1984/1854 1978/1975/1845 1977/1974/1844
f 1987/1984/1854 1977/1974/1844 1986/1983/1853
f 1978/1975/1845 1988/1985/1855 1979/1976/1846
f 1978/1975/1845 1987/1984/1854 1988/1985/1855
f 1979/1976/1846 1989/1986/1856 1980/1977/1847
f 1989/1986/1856 1979/1976/1846 1988/1985/1855
f 1980/1977/1847 1990/1987/1857 1981/1978/1848
f 1980/1977/1847 1989/1986/1856 1990/1987/1857
f 1983/1980/1850 1991/1988/1858 1982/1979/1849
f 1983/1980/1850 1992/1989/1859 1991/1988/1858
f 1982/1979/1849 1993/1990/1860 1984/1981/1851
f 1982/1979/1849 1991/1988/1858 1993/1990/1860
f 1984/1981/1851 1994/1991/1861 1985/1982/1852
f 1984/1981/1851 1993/1990/1860 1994/1991/1861
f 1995/1992/1862 1986/1983/1853 1985/1982/1852
f 1995/1992/1862 1985/1982/1852 1994/1991/1861
f 1996/1993/1863 1987/1984/1854 1986/1983/1853
f 1996/1993/1863 1986/1983/1853 1995/1992/1862
f 1997/1994/1864 1988/1985/1855 1987/1984/1854
f 1987/1984/1854 1996/1993/1863 1997/1994/1864
f 1998/1995/1865 1989/1986/1856 1988/1985/1855
f 1998/1995/1865 1988/1985/1855 1997/1994/1864
f 1999/1996/1866 1990/1987/1857 1989/1986/1856
f 1989/1986/1856 1998/1995/1865 1999/1996/1866
f 1992/1989/1859 2000/1997/1867 1991/1988/1858
f 2000/1997/1867 1992/1989/1859 2001/1998/1868
f 2002/1999/1869 1993/1990/1860 1991/1988/1858
f 2002/1999/1869 1991/1988/1858 2000/1997/1867
f 1993/1990/1860 2003/2000/1870 1994/1991/1861
f 1993/1990/1860 2002/1999/1869 2003/2000/1870
f 2004/2001/1871 1995/1992/1862 1994/1991/1861
f 1994/1991/1861 2003/2000/1870 2004/2001/1871
f 2005/2002/1872 1996/1993/1863 1995/1992/1862
f 2005/2002/1872 1995/1992/1862 2004/2001/1871
f 2006/2003/1873 1997/1994/1864 1996/1993/1863
f 1996/1993/1863 2005/2002/1872 2006/2003/1873
f 1997/1994/1864 2007/2004/1874 1998/1995/1865
f 1997/1994/1864 2006/2003/1873 2007/2004/1874
f 2008/2005/1875 1999/1996/1866 1998/1995/1865
f 1998/1995/1865 2007/2004/1874 2008/2005/1875
f 1948/1943/1813 2010/2006/1876 2009/2007/1876
f 1948/1943/1813 2009/2007/1876 2011/2008/1877
f 2012/2009/1878 1948/1943/1813 2011/2008/1877
f 1948/1943/1813 2012/2009/1878 2013/2010/1879
f 2014/2011/1880 2015/2012/1881 2016/2013/1882
f 2017/2014/1883 2018/2015/1884 2019/2016/1813
f 2017/2014/1883 2019/2016/1813 2020/2017/1885
f 2021/2018/1886 2018/2015/1884 2017/2014/1883
f 2021/2018/1886 2022/2019/1818 2023/2020/1887
f 2024/2021/1820 2025/2022/1821 2023/2020/1887
f 2023/2020/1887 2022/2019/1818 2024/2021/1820
f 2025/2022/1821 2026/2023/1888 2027/2024/1823
f 2026/2023/1888 2025/2022/1821 2024/2021/1820
f 2027/2024/1823 2028/2025/1824 2029/2026/1889
f 2027/2024/1823 2026/2023/1888 2028/2025/1824
f 2030/2027/1826 2017/2014/1883 2020/2017/1885
f 2030/2027/1826 2020/2017/1885 2031/2028/1827
f 2032/2029/1890 2021/2018/1886 2017/2014/1883
f 2017/2014/1883 2030/2027/1826 2032/2029/1890
f 2021/2018/1886 2033/2030/1891 2022/2019/1818
f 2021/2018/1886 2032/2029/1890 2033/2030/1891
f 2022/2019/1818 2034/2031/1892 2024/2021/1820
f 2022/2019/1818 2033/2030/1891 2034/2031/1892
f 2035/2032/1831 2026/2023/1888 2024/2021/1820
f 2035/2032/1831 2024/2021/1820 2034/2031/1892
f 2036/2033/1832 2028/2025/1824 2026/2023/1888
f 2036/2033/1832 2026/2023/1888 2035/2032/1831
f 2031/2028/1827 2037/2034/1893 2030/2027/1826
f 2031/2028/1827 2038/2035/1894 2037/2034/1893
f 2030/2027/1826 2039/2036/1895 2032/2029/1890
f 2039/2036/1895 2030/2027/1826 2037/2034/1893
f 2040/2037/1896 2033/2030/1891 2032/2029/1890
f 2040/2037/1896 2032/2029/1890 2039/2036/1895
f 2033/2030/1891 2041/2038/1897 2034/2031/1892
f 2041/2038/1897 2033/2030/1891 2040/2037/1896
f 2034/2031/1892 2042/2039/1898 2035/2032/1831
f 2042/2039/1898 2034/2031/1892 2041/2038/1897
f 2035/2032/1831 2043/2040/1899 2036/2033/1832
f 2035/2032/1831 2042/2039/1898 2043/2040/1899
f 2044/2041/1900 2037/2034/1893 2038/2035/1894
f 2038/2035/1894 2045/2042/1901 2044/2041/1900
f 2046/2043/1902 2039/2036/1895 2037/2034/1893
f 2046/2043/1902 2037/2034/1893 2044/2041/1900
f 2039/2036/1895 2047/2044/1903 2040/2037/1896
f 2039/2036/1895 2046/2043/1902 2047/2044/1903
f 2048/2045/1904 2041/2038/1897 2040/2037/1896
f 2048/2045/1904 2040/2037/1896 2047/2044/1903
f 2049/2046/1905 2042/2039/1898 2041/2038/1897
f 2049/2046/1905 2041/2038/1897 2048/2045/1904
f 2050/2047/1906 2042/2039/1898 2049/2046/1905
f 2042/2039/1898 2050/2047/1906 2051/2048/1907
f 2052/2049/1908 2043/2040/1899 2042/2039/1898
f 2042/2039/1898 2051/2048/1907 2052/2049/1908
f 2053/2050/1909 2044/2041/1900 2045/2042/1901
f 2045/2042/1901 2054/2051/1910 2053/2050/1909
f 2055/2052/1911 2046/2043/1902 2044/2041/1900
f 2055/2052/1911 2044/2041/1900 2053/2050/1909
f 2046/2043/1902 2056/2053/1912 2047/2044/1903
f 2046/2043/1902 2055/2052/1911 2056/2053/1912
f 2047/2044/1903 2057/2054/1913 2048/2045/1904
f 2047/2044/1903 2056/2053/1912 2057/2054/1913
f 2058/2055/1914 2049/2046/1905 2048/2045/1904
f 2048/2045/1904 2057/2054/1913 2058/2055/1914
f 2059/2056/1915 2050/2047/1906 2049/2046/1905
f 2049/2046/1905 2058/2055/1914 2059/2056/1915
f 2060/2057/1916 2051/2048/1907 2050/2047/1906
f 2050/2047/1906 2059/2056/1915 2060/2057/1916
f 2051/2048/1907 2061/2058/1917 2052/2049/1908
f 2061/2058/1917 2051/2048/1907 2060/2057/1916
f 2054/2051/1910 2062/2059/1918 2053/2050/1909
f 2054/2051/1910 2063/2060/1919 2062/2059/1918
f 2064/2061/1920 2055/2052/1911 2053/2050/1909
f 2064/2061/1920 2053/2050/1909 2062/2059/1918
f 2065/2062/1921 2056/2053/1912 2055/2052/1911
f 2055/2052/1911 2064/2061/1920 2065/2062/1921
f 2056/2053/1912 2066/2063/1922 2057/2054/1913
f 2056/2053/1912 2065/2062/1921 2066/2063/1922
f 2067/2064/1923 2058/2055/1914 2057/2054/1913
f 2057/2054/1913 2066/2063/1922 2067/2064/1923
f 2058/2055/1914 2068/2065/1924 2059/2056/1915
f 2068/2065/1924 2058/2055/1914 2067/2064/1923
f 2069/2066/1925 2060/2057/1916 2059/2056/1915
f 2059/2056/1915 2068/2065/1924 2069/2066/1925
f 2070/2067/1926 2061/2058/1917 2060/2057/1916
f 2060/2057/1916 2069/2066/1925 2070/2067/1926
f 2071/2068/1927 2062/2059/1918 2063/2060/1919
f 2071/2068/1927 2063/2060/1919 2072/2069/1928
f 2062/2059/1918 2073/2070/1929 2064/2061/1920
f 2073/2070/1929 2062/2059/1918 2071/2068/1927
f 2074/2071/1930 2065/2062/1921 2064/2061/1920
f 2064/2061/1920 2073/2070/1929 2074/2071/1930
f 2065/2062/1921 2075/2072/1931 2066/2063/1922
f 2075/2072/1931 2065/2062/1921 2074/2071/1930
f 2076/2073/1932 2067/2064/1923 2066/2063/1922
f 2076/2073/1932 2066/2063/1922 2075/2072/1931
f 2067/2064/1923 2077/2074/1933 2068/2065/1924
f 2067/2064/1923 2076/2073/1932 2077/2074/1933
f 2068/2065/1924 2078/2075/1934 2069/2066/1925
f 2068/2065/1924 2077/2074/1933 2078/2075/1934
f 2079/2076/1935 2070/2067/1926 2069/2066/1925
f 2069/2066/1925 2078/2075/1934 2079/2076/1935
f 2019/2016/1813 2081/2077/1876 2080/2078/1876
f 2082/2079/1877 2019/2016/1813 2080/2078/1876
f 2083/2080/1878 2019/2016/1813 2082/2079/1877
f 2084/2081/1879 2019/2016/1813 2083/2080/1878
f 2087/2082/1936 2085/2083/1937 2086/2084/1938
f 2087/2082/1936 2088/2085/1939 2085/2083/1937
f 2089/2086/1814 2090/2087/1815 2091/2088/1813
f 2091/2088/1813 2092/2089/1940 2089/2086/1814
f 2093/2090/1886 2090/2087/1815 2089/2086/1814
f 2093/2090/1886 2094/2091/1818 2095/2092/1819
f 2096/2093/1820 2097/2094/1821 2095/2092/1819
f 2095/2092/1819 2094/2091/1818 2096/2093/1820
f 2098/2095/1822 2099/2096/1823 2097/2094/1821
f 2097/2094/1821 2096/2093/1820 2098/2095/1822
f 2099/2096/1823 2100/2097/1824 2101/2098/1825
f 2100/2097/1824 2099/2096/1823 2098/2095/1822
f 2092/2089/1940 2102/2099/1826 2089/2086/1814
f 2102/2099/1826 2092/2089/1940 2103/2100/1827
f 2089/2086/1814 2104/2101/1890 2093/2090/1886
f 2089/2086/1814 2102/2099/1826 2104/2101/1890
f 2105/2102/1829 2094/2091/1818 2093/2090/1886
f 2093/2090/1886 2104/2101/1890 2105/2102/1829
f 2094/2091/1818 2106/2103/1892 2096/2093/1820
f 2106/2103/1892 2094/2091/1818 2105/2102/1829
f 2096/2093/1820 2107/2104/1831 2098/2095/1822
f 2107/2104/1831 2096/2093/1820 2106/2103/1892
f 2108/2105/1832 2100/2097/1824 2098/2095/1822
f 2098/2095/1822 2107/2104/1831 2108/2105/1832
f 2109/2106/1941 2102/2099/1826 2103/2100/1827
f 2109/2106/1941 2103/2100/1827 2110/2107/1942
f 2111/2108/1943 2104/2101/1890 2102/2099/1826
f 2111/2108/1943 2102/2099/1826 2109/2106/1941
f 2104/2101/1890 2112/2109/1944 2105/2102/1829
f 2104/2101/1890 2111/2108/1943 2112/2109/1944
f 2113/2110/1945 2106/2103/1892 2105/2102/1829
f 2113/2110/1945 2105/2102/1829 2112/2109/1944
f 2114/2111/1946 2107/2104/1831 2106/2103/1892
f 2114/2111/1946 2106/2103/1892 2113/2110/1945
f 2115/2112/1947 2108/2105/1832 2107/2104/1831
f 2115/2112/1947 2107/2104/1831 2114/2111/1946
f 2110/2107/1942 2116/2113/1948 2109/2106/1941
f 2110/2107/1942 2117/2114/1949 2116/2113/1948
f 2118/2115/1950 2111/2108/1943 2109/2106/1941
f 2118/2115/1950 2109/2106/1941 2116/2113/1948
f 2119/2116/1951 2112/2109/1944 2111/2108/1943
f 2111/2108/1943 2118/2115/1950 2119/2116/1951
f 2112/2109/1944 2120/2117/1952 2113/2110/1945
f 2120/2117/1952 2112/2109/1944 2119/2116/1951
f 2121/2118/1953 2114/2111/1946 2113/2110/1945
f 2121/2118/1953 2113/2110/1945 2120/2117/1952
f 2122/2119/1954 2114/2111/1946 2121/2118/1953
f 2123/2120/1955 2114/2111/1946 2122/2119/1954
f 2114/2111/1946 2124/2121/1956 2115/2112/1947
f 2114/2111/1946 2123/2120/1955 2124/2121/1956
f 2125/2122/1957 2116/2113/1948 2117/2114/1949
f 2125/2122/1957 2117/2114/1949 2126/2123/1958
f 2127/2124/1959 2118/2115/1950 2116/2113/1948
f 2116/2113/1948 2125/2122/1957 2127/2124/1959
f 2118/2115/1950 2128/2125/1960 2119/2116/1951
f 2118/2115/1950 2127/2124/1959 2128/2125/1960
f 2129/2126/1961 2120/2117/1952 2119/2116/1951
f 2119/2116/1951 2128/2125/1960 2129/2126/1961
f 2130/2127/1962 2121/2118/1953 2120/2117/1952
f 2130/2127/1962 2120/2117/1952 2129/2126/1961
f 2121/2118/1953 2131/2128/1963 2122/2119/1954
f 2121/2118/1953 2130/2127/1962 2131/2128/1963
f 2132/2129/1964 2123/2120/1955 2122/2119/1954
f 2122/2119/1954 2131/2128/1963 2132/2129/1964
f 2123/2120/1955 2133/2130/1965 2124/2121/1956
f 2123/2120/1955 2132/2129/1964 2133/2130/1965
f 2134/2131/1966 2125/2122/1957 2126/2123/1958
f 2126/2123/1958 2135/2132/1967 2134/2131/1966
f 2136/2133/1968 2127/2124/1959 2125/2122/1957
f 2136/2133/1968 2125/2122/1957 2134/2131/1966
f 2137/2134/1969 2128/2125/1960 2127/2124/1959
f 2137/2134/1969 2127/2124/1959 2136/2133/1968
f 2138/2135/1970 2129/2126/1961 2128/2125/1960
f 2128/2125/1960 2137/2134/1969 2138/2135/1970
f 2139/2136/1971 2130/2127/1962 2129/2126/1961
f 2139/2136/1971 2129/2126/1961 2138/2135/1970
f 2130/2127/1962 2140/2137/1972 2131/2128/1963
f 2140/2137/1972 2130/2127/1962 2139/2136/1971
f 2141/2138/1973 2132/2129/1964 2131/2128/1963
f 2131/2128/1963 2140/2137/1972 2141/2138/1973
f 2132/2129/1964 2142/2139/1974 2133/2130/1965
f 2142/2139/1974 2132/2129/1964 2141/2138/1973
f 2135/2132/1967 2143/2140/1975 2134/2131/1966
f 2135/2132/1967 2144/2141/1976 2143/2140/1975
f 2134/2131/1966 2145/2142/1977 2136/2133/1968
f 2134/2131/1966 2143/2140/1975 2145/2142/1977
f 2136/2133/1968 2146/2143/1978 2137/2134/1969
f 2136/2133/1968 2145/2142/1977 2146/2143/1978
f 2137/2134/1969 2147/2144/1979 2138/2135/1970
f 2147/2144/1979 2137/2134/1969 2146/2143/1978
f 2148/2145/1980 2139/2136/1971 2138/2135/1970
f 2148/2145/1980 2138/2135/1970 2147/2144/1979
f 2139/2136/1971 2149/2146/1981 2140/2137/1972
f 2139/2136/1971 2148/2145/1980 2149/2146/1981
f 2140/2137/1972 2150/2147/1982 2141/2138/1973
f 2150/2147/1982 2140/2137/1972 2149/2146/1981
f 2141/2138/1973 2151/2148/1983 2142/2139/1974
f 2141/2138/1973 2150/2147/1982 2151/2148/1983
f 2091/2088/1813 2153/2149/1876 2152/2150/1876
f 2091/2088/1813 2152/2150/1876 2154/2151/1877
f 2091/2088/1813 2154/2151/1877 2155/2152/1878
f 2156/2153/1879 2091/2088/1813 2155/2152/1878
f 2159/2154/1984 2157/2155/1985 2158/2156/1986
f 2159/2154/1984 2160/2157/1987 2157/2155/1985
f 2163/2158/1988 2161/2159/1989 2162/2160/1990
f 2163/2158/1988 2164/2161/1991 2161/2159/1989
f 2162/2160/1990 2165/2162/1992 2166/2163/1993
f 2166/2163/1993 2163/2158/1988 2162/2160/1990
f 2165/2162/1992 2167/2164/1989 2168/2165/1994
f 2165/2162/1992 2168/2165/1994 2166/2163/1993
f 2170/2166/1995 2167/2164/1989 2169/2167/1996
f 2170/2166/1995 2168/2165/1994 2167/2164/1989
f 2172/2168/1997 2169/2167/1996 2171/2169/1998
f 2169/2167/1996 2172/2168/1997 2170/2166/1995
f 2174/2170/1999 2171/2169/1998 2173/2171/2000
f 2174/2170/1999 2172/2168/1997 2171/2169/1998
f 2173/2171/2000 2175/2172/1990 2176/2173/2001
f 2173/2171/2000 2176/2173/2001 2174/2170/1999
f 2175/2172/1990 2161/2159/1989 2164/2161/1991
f 2164/2161/1991 2176/2173/2001 2175/2172/1990
f 2177/2174/1989 2178/2175/2002 2179/2176/2003
f 2177/2174/1989 2179/2176/2003 2180/2177/2004
f 2182/2178/2005 2178/2175/2002 2181/2179/2006
f 2182/2178/2005 2179/2176/2003 2178/2175/2002
f 2181/2179/2006 2183/2180/2007 2184/2181/2008
f 2184/2181/2008 2182/2178/2005 2181/2179/2006
f 2186/2182/2009 2183/2180/2007 2185/2183/2010
f 2183/2180/2007 2186/2182/2009 2184/2181/2008
f 2188/2184/2011 2185/2183/2010 2187/2185/2002
f 2188/2184/2011 2186/2182/2009 2185/2183/2010
f 2190/2186/2012 2187/2185/2002 2189/2187/2013
f 2187/2185/2002 2190/2186/2012 2188/2184/2011
f 2192/2188/2014 2189/2187/2013 2191/2189/2015
f 2192/2188/2014 2190/2186/2012 2189/2187/2013
f 2191/2189/2015 2177/2174/1989 2180/2177/2004
f 2180/2177/2004 2192/2188/2014 2191/2189/2015
f 2193/2190/2016 2194/2191/2002 2195/2192/2017
f 2195/2192/2017 2196/2193/2018 2193/2190/2016
f 2198/2194/2019 2194/2191/2002 2197/2195/2002
f 2198/2194/2019 2195/2192/2017 2194/2191/2002
f 2197/2195/2002 2199/2196/2002 2200/2197/2020
f 2200/2197/2020 2198/2194/2019 2197/2195/2002
f 2202/2198/2021 2199/2196/2002 2201/2199/2022
f 2199/2196/2002 2202/2198/2021 2200/2197/2020
f 2201/2199/2022 2203/2200/2002 2204/2201/2023
f 2204/2201/2023 2202/2198/2021 2201/2199/2022
f 2203/2200/2002 2205/2202/2013 2206/2203/2024
f 2206/2203/2024 2204/2201/2023 2203/2200/2002
f 2208/2204/2025 2205/2202/2013 2207/2205/2002
f 2208/2204/2025 2206/2203/2024 2205/2202/2013
f 2196/2193/2018 2207/2205/2002 2193/2190/2016
f 2207/2205/2002 2196/2193/2018 2208/2204/2025
f 2014/2011/1880 2164/2161/1991 2163/2158/1988
f 2163/2158/1988 2166/2163/1993 2015/2012/1881
f 2015/2012/1881 2014/2011/1880 2163/2158/1988
f 2166/2163/1993 2168/2165/1994 2015/2012/1881
f 2016/2013/1882 2168/2165/1994 2170/2166/1995
f 2016/2013/1882 2015/2012/1881 2168/2165/1994
f 2209/2206/2026 2174/2170/1999 2176/2173/2001
f 2176/2173/2001 2164/2161/1991 2014/2011/1880
f 2176/2173/2001 2014/2011/1880 2209/2206/2026
f 2180/2177/2004 2179/2176/2003 2085/2083/1937
f 2086/2084/1938 2179/2176/2003 2182/2178/2005
f 2086/2084/1938 2085/2083/1937 2179/2176/2003
f 2086/2084/1938 2182/2178/2005 2184/2181/2008
f 2087/2082/1936 2184/2181/2008 2186/2182/2009
f 2087/2082/1936 2086/2084/1938 2184/2181/2008
f 2087/2082/1936 2186/2182/2009 2188/2184/2011
f 2088/2085/1939 2188/2184/2011 2190/2186/2012
f 2088/2085/1939 2087/2082/1936 2188/2184/2011
f 2190/2186/2012 2192/2188/2014 2088/2085/1939
f 2085/2083/1937 2192/2188/2014 2180/2177/2004
f 2192/2188/2014 2085/2083/1937 2088/2085/1939
f 2196/2193/2018 2195/2192/2017 2157/2155/1985
f 2158/2156/1986 2195/2192/2017 2198/2194/2019
f 2195/2192/2017 2158/2156/1986 2157/2155/1985
f 2198/2194/2019 2200/2197/2020 2158/2156/1986
f 2159/2154/1984 2200/2197/2020 2202/2198/2021
f 2159/2154/1984 2158/2156/1986 2200/2197/2020
f 2159/2154/1984 2202/2198/2021 2204/2201/2023
f 2204/2201/2023 2206/2203/2024 2160/2157/1987
f 2204/2201/2023 2160/2157/1987 2159/2154/1984
f 2206/2203/2024 2208/2204/2025 2160/2157/1987
f 2157/2155/1985 2208/2204/2025 2196/2193/2018
f 2208/2204/2025 2157/2155/1985 2160/2157/1987
f 2209/2206/2026 2172/2168/1997 2174/2170/1999
f 2209/2206/2026 2016/2013/1882 2170/2166/1995
f 2209/2206/2026 2170/2166/1995 2172/2168/1997
f 2016/2013/1882 2209/2206/2026 2014/2011/1880
f 2210/2207/2027 2211/2208/2028 2212/2209/2029
f 2212/2209/2029 2213/2210/2030 2210/2207/2027
f 2214/2211/2031 2215/2212/2032 2216/2213/2033
f 2217/2214/2034 2212/2209/2029 2211/2208/2028
f 2212/2209/2029 2217/2214/2034 2218/2215/2035
f 2213/2210/2030 2212/2209/2029 2219/2216/2036
f 2219/2216/2036 2212/2209/2029 2218/2215/2035
f 2216/2213/2033 2220/2217/2037 2214/2211/2031
f 2221/2218/2038 2220/2217/2037 2216/2213/2033
f 2223/2219/2039 2222/2220/2040 2217/2214/2034
f 2218/2215/2035 2217/2214/2034 2222/2220/2040
f 2219/2216/2036 2218/2215/2035 2224/2221/2041
f 2222/2220/2040 2224/2221/2041 2218/2215/2035
f 2220/2217/2037 2221/2218/2038 2225/2222/2042
f 2225/2222/2042 2221/2218/2038 2226/2223/2043
f 2222/2220/2040 2223/2219/2039 2224/2221/2041
f 2227/2224/2044 2224/2221/2041 2223/2219/2039
f 2227/2224/2044 2225/2222/2042 2226/2223/2043
f 2214/2211/2031 2228/2225/2045 2215/2212/2032
f 2220/2217/2037 2228/2225/2045 2214/2211/2031
f 2229/2226/2046 2228/2225/2045 2220/2217/2037
f 2225/2222/2042 2229/2226/2046 2220/2217/2037
f 2229/2226/2046 2225/2222/2042 2227/2224/2044
f 2215/2212/2032 2210/2207/2027 2213/2210/2030
f 2213/2210/2030 2216/2213/2033 2215/2212/2032
f 2213/2210/2030 2219/2216/2036 2216/2213/2033
f 2219/2216/2036 2221/2218/2038 2216/2213/2033
f 2219/2216/2036 2224/2221/2041 2221/2218/2038
f 2224/2221/2041 2226/2223/2043 2221/2218/2038
f 2227/2224/2044 2226/2223/2043 2224/2221/2041
f 2232/2227/2029 2230/2228/2027 2231/2229/2028
f 2232/2227/2029 2233/2230/2030 2230/2228/2027
f 2236/2231/2033 2234/2232/2031 2235/2233/2032
f 2231/2229/2028 2237/2234/2034 2232/2227/2029
f 2232/2227/2029 2237/2234/2034 2238/2235/2035
f 2232/2227/2029 2239/2236/2036 2233/2230/2030
f 2238/2235/2035 2239/2236/2036 2232/2227/2029
f 2234/2232/2031 2236/2231/2033 2240/2237/2037
f 2241/2238/2038 2240/2237/2037 2236/2231/2033
f 2242/2239/2040 2237/2234/2034 2243/2240/2039
f 2237/2234/2034 2242/2239/2040 2238/2235/2035
f 2238/2235/2035 2244/2241/2041 2239/2236/2036
f 2244/2241/2041 2238/2235/2035 2242/2239/2040
f 2240/2237/2037 2241/2238/2038 2245/2242/2042
f 2246/2243/2043 2245/2242/2042 2241/2238/2038
f 2242/2239/2040 2243/2240/2039 2244/2241/2041
f 2247/2244/2044 2244/2241/2041 2243/2240/2039
f 2247/2244/2044 2245/2242/2042 2246/2243/2043
f 2248/2245/2045 2235/2233/2032 2234/2232/2031
f 2240/2237/2037 2248/2245/2045 2234/2232/2031
f 2248/2245/2045 2240/2237/2037 2249/2246/2046
f 2245/2242/2042 2249/2246/2046 2240/2237/2037
f 2249/2246/2046 2245/2242/2042 2247/2244/2044
f 2235/2233/2032 2230/2228/2027 2233/2230/2030
f 2233/2230/2030 2236/2231/2033 2235/2233/2032
f 2233/2230/2030 2239/2236/2036 2236/2231/2033
f 2239/2236/2036 2241/2238/2038 2236/2231/2033
f 2239/2236/2036 2244/2241/2041 2241/2238/2038
f 2244/2241/2041 2246/2243/2043 2241/2238/2038
f 2247/2244/2044 2246/2243/2043 2244/2241/2041
f 2250/2247/2047 2251/2248/2048 2252/2249/2049
f 2250/2247/2047 2253/2250/2050 2254/2251/2051
f 2253/2250/2050 2252/2249/2049 2255/2252/2052
f 2250/2247/2047 2252/2249/2049 2253/2250/2050
f 2257/2253/2053 2251/2248/2048 2256/2254/2054
f 2257/2253/2053 2252/2249/2049 2251/2248/2048
f 2250/2247/2047 2258/2255/2055 2251/2248/2048
f 2258/2255/2055 2256/2254/2054 2251/2248/2048
f 2250/2247/2047 2254/2251/2051 2259/2256/2056
f 2259/2256/2056 2258/2255/2055 2250/2247/2047
f 2254/2251/2051 2253/2250/2050 2260/2257/2057
f 2260/2257/2057 2259/2256/2056 2254/2251/2051
f 2255/2252/2052 2261/2258/2058 2260/2257/2057
f 2260/2257/2057 2253/2250/2050 2255/2252/2052
f 2252/2249/2049 2257/2253/2053 2255/2252/2052
f 2261/2258/2058 2255/2252/2052 2257/2253/2053
f 2264/2259/1561 2262/2260/1561 2263/2261/2059
f 2263/2261/2059 2262/2260/1561 2265/2262/2060
f 2263/2261/2059 2265/2262/2060 2266/2263/275
f 2267/2264/275 2266/2263/275 2265/2262/2060
f 2270/2265/2061 2268/2266/2061 2269/2267/1558
f 2271/2268/1558 2269/2267/1558 2268/2266/2061
f 2271/2268/1558 2272/2269/2062 2269/2267/1558
f 2273/2270/2063 2272/2269/2062 2271/2268/1558
f 2272/2269/2062 2273/2270/2063 2274/2271/2064
f 2275/2272/2065 2274/2271/2064 2273/2270/2063
f 2275/2272/2065 2264/2259/1561 2274/2271/2064
f 2264/2259/1561 2275/2272/2065 2262/2260/1561
f 2278/2273/2066 2276/2274/2067 2277/2275/2068
f 2277/2275/2068 2276/2274/2067 2279/2276/2069
f 2278/2273/2066 2280/2277/2070 2276/2274/2067
f 2282/2278/2071 2281/2279/2072 2280/2277/2070
f 2283/2280/2073 2282/2278/2071 2284/2281/2074
f 2282/2278/2071 2283/2280/2073 2281/2279/2072
f 2285/2282/2075 2284/2281/2074 2286/2283/2076
f 2283/2280/2073 2284/2281/2074 2285/2282/2075
f 2288/2284/2077 2287/2285/2078 2286/2283/2076
f 2286/2283/2076 2287/2285/2078 2285/2282/2075
f 2276/2274/2067 2289/2286/2079 2279/2276/2069
f 2279/2276/2069 2289/2286/2079 2290/2287/2080
f 2291/2288/2081 2276/2274/2067 2280/2277/2070
f 2289/2286/2079 2276/2274/2067 2291/2288/2081
f 2281/2279/2072 2292/2289/2082 2280/2277/2070
f 2291/2288/2081 2280/2277/2070 2292/2289/2082
f 2283/2280/2073 2293/2290/2083 2281/2279/2072
f 2281/2279/2072 2293/2290/2083 2292/2289/2082
f 2285/2282/2075 2294/2291/2084 2283/2280/2073
f 2293/2290/2083 2283/2280/2073 2294/2291/2084
f 2287/2285/2078 2295/2292/2085 2285/2282/2075
f 2294/2291/2084 2285/2282/2075 2295/2292/2085
f 2289/2286/2079 2296/2293/2086 2290/2287/2080
f 2297/2294/2087 2290/2287/2080 2296/2293/2086
f 2298/2295/2088 2289/2286/2079 2291/2288/2081
f 2289/2286/2079 2298/2295/2088 2296/2293/2086
f 2292/2289/2082 2299/2296/2089 2291/2288/2081
f 2298/2295/2088 2291/2288/2081 2299/2296/2089
f 2300/2297/2090 2292/2289/2082 2293/2290/2083
f 2292/2289/2082 2300/2297/2090 2299/2296/2089
f 2294/2291/2084 2301/2298/2091 2293/2290/2083
f 2293/2290/2083 2301/2298/2091 2300/2297/2090
f 2302/2299/2092 2294/2291/2084 2295/2292/2085
f 2301/2298/2091 2294/2291/2084 2302/2299/2092
f 2303/2300/2093 2297/2294/2087 2296/2293/2086
f 2297/2294/2087 2303/2300/2093 2304/2301/2094
f 2298/2295/2088 2305/2302/2095 2296/2293/2086
f 2303/2300/2093 2296/2293/2086 2305/2302/2095
f 2299/2296/2089 2306/2303/2096 2298/2295/2088
f 2298/2295/2088 2306/2303/2096 2305/2302/2095
f 2300/2297/2090 2307/2304/2097 2299/2296/2089
f 2299/2296/2089 2307/2304/2097 2306/2303/2096
f 2308/2305/2098 2300/2297/2090 2301/2298/2091
f 2300/2297/2090 2308/2305/2098 2307/2304/2097
f 2301/2298/2091 2309/2306/2099 2308/2305/2098
f 2309/2306/2099 2301/2298/2091 2310/2307/2100
f 2311/2308/2101 2301/2298/2091 2302/2299/2092
f 2310/2307/2100 2301/2298/2091 2311/2308/2101
f 2312/2309/2102 2304/2301/2094 2303/2300/2093
f 2304/2301/2094 2312/2309/2102 2313/2310/2103
f 2305/2302/2095 2314/2311/2104 2303/2300/2093
f 2303/2300/2093 2314/2311/2104 2312/2309/2102
f 2315/2312/2105 2305/2302/2095 2306/2303/2096
f 2305/2302/2095 2315/2312/2105 2314/2311/2104
f 2316/2313/2106 2306/2303/2096 2307/2304/2097
f 2306/2303/2096 2316/2313/2106 2315/2312/2105
f 2308/2305/2098 2317/2314/2107 2307/2304/2097
f 2316/2313/2106 2307/2304/2097 2317/2314/2107
f 2309/2306/2099 2318/2315/2108 2308/2305/2098
f 2317/2314/2107 2308/2305/2098 2318/2315/2108
f 2319/2316/2109 2309/2306/2099 2310/2307/2100
f 2318/2315/2108 2309/2306/2099 2319/2316/2109
f 2311/2308/2101 2320/2317/2110 2310/2307/2100
f 2319/2316/2109 2310/2307/2100 2320/2317/2110
f 2321/2318/2111 2313/2310/2103 2312/2309/2102
f 2322/2319/2112 2313/2310/2103 2321/2318/2111
f 2323/2320/2113 2312/2309/2102 2314/2311/2104
f 2312/2309/2102 2323/2320/2113 2321/2318/2111
f 2315/2312/2105 2324/2321/2114 2314/2311/2104
f 2323/2320/2113 2314/2311/2104 2324/2321/2114
f 2316/2313/2106 2325/2322/2115 2315/2312/2105
f 2324/2321/2114 2315/2312/2105 2325/2322/2115
f 2326/2323/2116 2316/2313/2106 2317/2314/2107
f 2325/2322/2115 2316/2313/2106 2326/2323/2116
f 2327/2324/2117 2317/2314/2107 2318/2315/2108
f 2317/2314/2107 2327/2324/2117 2326/2323/2116
f 2319/2316/2109 2328/2325/2118 2318/2315/2108
f 2318/2315/2108 2328/2325/2118 2327/2324/2117
f 2329/2326/2119 2319/2316/2109 2320/2317/2110
f 2328/2325/2118 2319/2316/2109 2329/2326/2119
f 2330/2327/2120 2322/2319/2112 2321/2318/2111
f 2322/2319/2112 2330/2327/2120 2331/2328/2121
f 2332/2329/2122 2321/2318/2111 2323/2320/2113
f 2330/2327/2120 2321/2318/2111 2332/2329/2122
f 2324/2321/2114 2333/2330/2123 2323/2320/2113
f 2323/2320/2113 2333/2330/2123 2332/2329/2122
f 2334/2331/2124 2324/2321/2114 2325/2322/2115
f 2333/2330/2123 2324/2321/2114 2334/2331/2124
f 2326/2323/2116 2335/2332/2125 2325/2322/2115
f 2334/2331/2124 2325/2322/2115 2335/2332/2125
f 2336/2333/2126 2326/2323/2116 2327/2324/2117
f 2326/2323/2116 2336/2333/2126 2335/2332/2125
f 2337/2334/2127 2327/2324/2117 2328/2325/2118
f 2327/2324/2117 2337/2334/2127 2336/2333/2126
f 2329/2326/2119 2338/2335/2128 2328/2325/2118
f 2328/2325/2118 2338/2335/2128 2337/2334/2127
f 2340/2336/2129 2277/2275/2068 2339/2337/2129
f 2341/2338/2130 2339/2337/2129 2277/2275/2068
f 2341/2338/2130 2277/2275/2068 2342/2339/2131
f 2343/2340/2132 2342/2339/2131 2277/2275/2068
f 2344/2341/2133 2345/2342/2134 2346/2343/2135
f 2347/2344/2136 2348/2345/2068 2349/2346/2137
f 2348/2345/2068 2347/2344/2136 2350/2347/2138
f 2349/2346/2137 2351/2348/2070 2347/2344/2136
f 2352/2349/2072 2351/2348/2070 2353/2350/2139
f 2355/2351/2074 2354/2352/2073 2353/2350/2139
f 2353/2350/2139 2354/2352/2073 2352/2349/2072
f 2356/2353/2140 2355/2351/2074 2357/2354/2076
f 2355/2351/2074 2356/2353/2140 2354/2352/2073
f 2359/2355/2077 2358/2356/2078 2357/2354/2076
f 2356/2353/2140 2357/2354/2076 2358/2356/2078
f 2360/2357/2141 2350/2347/2138 2347/2344/2136
f 2350/2347/2138 2360/2357/2141 2361/2358/2080
f 2362/2359/2081 2347/2344/2136 2351/2348/2070
f 2347/2344/2136 2362/2359/2081 2360/2357/2141
f 2352/2349/2072 2363/2360/2142 2351/2348/2070
f 2362/2359/2081 2351/2348/2070 2363/2360/2142
f 2364/2361/2083 2352/2349/2072 2354/2352/2073
f 2363/2360/2142 2352/2349/2072 2364/2361/2083
f 2365/2362/2084 2354/2352/2073 2356/2353/2140
f 2364/2361/2083 2354/2352/2073 2365/2362/2084
f 2366/2363/2085 2356/2353/2140 2358/2356/2078
f 2356/2353/2140 2366/2363/2085 2365/2362/2084
f 2360/2357/2141 2367/2364/2143 2361/2358/2080
f 2361/2358/2080 2367/2364/2143 2368/2365/2144
f 2362/2359/2081 2369/2366/2145 2360/2357/2141
f 2367/2364/2143 2360/2357/2141 2369/2366/2145
f 2370/2367/2146 2362/2359/2081 2363/2360/2142
f 2362/2359/2081 2370/2367/2146 2369/2366/2145
f 2371/2368/2147 2363/2360/2142 2364/2361/2083
f 2363/2360/2142 2371/2368/2147 2370/2367/2146
f 2372/2369/2148 2364/2361/2083 2365/2362/2084
f 2371/2368/2147 2364/2361/2083 2372/2369/2148
f 2373/2370/2149 2365/2362/2084 2366/2363/2085
f 2365/2362/2084 2373/2370/2149 2372/2369/2148
f 2374/2371/2150 2368/2365/2144 2367/2364/2143
f 2368/2365/2144 2374/2371/2150 2375/2372/2151
f 2376/2373/2152 2367/2364/2143 2369/2366/2145
f 2374/2371/2150 2367/2364/2143 2376/2373/2152
f 2377/2374/2153 2369/2366/2145 2370/2367/2146
f 2369/2366/2145 2377/2374/2153 2376/2373/2152
f 2378/2375/2154 2370/2367/2146 2371/2368/2147
f 2370/2367/2146 2378/2375/2154 2377/2374/2153
f 2372/2369/2148 2379/2376/2155 2371/2368/2147
f 2378/2375/2154 2371/2368/2147 2379/2376/2155
f 2372/2369/2148 2380/2377/2156 2379/2376/2155
f 2380/2377/2156 2372/2369/2148 2381/2378/2157
f 2373/2370/2149 2382/2379/2158 2372/2369/2148
f 2381/2378/2157 2372/2369/2148 2382/2379/2158
f 2383/2380/2159 2375/2372/2151 2374/2371/2150
f 2384/2381/2160 2375/2372/2151 2383/2380/2159
f 2385/2382/2161 2374/2371/2150 2376/2373/2152
f 2374/2371/2150 2385/2382/2161 2383/2380/2159
f 2386/2383/2162 2376/2373/2152 2377/2374/2153
f 2385/2382/2161 2376/2373/2152 2386/2383/2162
f 2378/2375/2154 2387/2384/2163 2377/2374/2153
f 2386/2383/2162 2377/2374/2153 2387/2384/2163
f 2388/2385/2164 2378/2375/2154 2379/2376/2155
f 2387/2384/2163 2378/2375/2154 2388/2385/2164
f 2380/2377/2156 2389/2386/2165 2379/2376/2155
f 2388/2385/2164 2379/2376/2155 2389/2386/2165
f 2381/2378/2157 2390/2387/2166 2380/2377/2156
f 2389/2386/2165 2380/2377/2156 2390/2387/2166
f 2382/2379/2158 2391/2388/2167 2381/2378/2157
f 2381/2378/2157 2391/2388/2167 2390/2387/2166
f 2383/2380/2159 2392/2389/2168 2384/2381/2160
f 2393/2390/2169 2384/2381/2160 2392/2389/2168
f 2394/2391/2170 2383/2380/2159 2385/2382/2161
f 2383/2380/2159 2394/2391/2170 2392/2389/2168
f 2395/2392/2171 2385/2382/2161 2386/2383/2162
f 2394/2391/2170 2385/2382/2161 2395/2392/2171
f 2387/2384/2163 2396/2393/2172 2386/2383/2162
f 2395/2392/2171 2386/2383/2162 2396/2393/2172
f 2388/2385/2164 2397/2394/2173 2387/2384/2163
f 2387/2384/2163 2397/2394/2173 2396/2393/2172
f 2389/2386/2165 2398/2395/2174 2388/2385/2164
f 2397/2394/2173 2388/2385/2164 2398/2395/2174
f 2390/2387/2166 2399/2396/2175 2389/2386/2165
f 2398/2395/2174 2389/2386/2165 2399/2396/2175
f 2391/2388/2167 2400/2397/2176 2390/2387/2166
f 2390/2387/2166 2400/2397/2176 2399/2396/2175
f 2401/2398/2177 2393/2390/2169 2392/2389/2168
f 2402/2399/2178 2393/2390/2169 2401/2398/2177
f 2403/2400/2179 2392/2389/2168 2394/2391/2170
f 2392/2389/2168 2403/2400/2179 2401/2398/2177
f 2395/2392/2171 2404/2401/2180 2394/2391/2170
f 2403/2400/2179 2394/2391/2170 2404/2401/2180
f 2396/2393/2172 2405/2402/2181 2395/2392/2171
f 2404/2401/2180 2395/2392/2171 2405/2402/2181
f 2406/2403/2182 2396/2393/2172 2397/2394/2173
f 2405/2402/2181 2396/2393/2172 2406/2403/2182
f 2398/2395/2174 2407/2404/2183 2397/2394/2173
f 2397/2394/2173 2407/2404/2183 2406/2403/2182
f 2399/2396/2175 2408/2405/2184 2398/2395/2174
f 2398/2395/2174 2408/2405/2184 2407/2404/2183
f 2400/2397/2176 2409/2406/2185 2399/2396/2175
f 2408/2405/2184 2399/2396/2175 2409/2406/2185
f 2411/2407/2129 2348/2345/2068 2410/2408/2129
f 2410/2408/2129 2348/2345/2068 2412/2409/2130
f 2413/2410/2131 2412/2409/2130 2348/2345/2068
f 2413/2410/2131 2348/2345/2068 2414/2411/2132
f 2415/2412/2186 2416/2413/2187 2417/2414/2188
f 2415/2412/2186 2418/2415/2189 2416/2413/2187
f 2421/2416/2066 2419/2417/2067 2420/2418/2068
f 2422/2419/2069 2420/2418/2068 2419/2417/2067
f 2421/2416/2066 2423/2420/2070 2419/2417/2067
f 2424/2421/2072 2423/2420/2070 2425/2422/2071
f 2427/2423/2074 2426/2424/2073 2425/2422/2071
f 2424/2421/2072 2425/2422/2071 2426/2424/2073
f 2428/2425/2140 2427/2423/2074 2429/2426/2076
f 2426/2424/2073 2427/2423/2074 2428/2425/2140
f 2430/2427/2078 2429/2426/2076 2431/2428/2077
f 2429/2426/2076 2430/2427/2078 2428/2425/2140
f 2432/2429/2141 2422/2419/2069 2419/2417/2067
f 2433/2430/2080 2422/2419/2069 2432/2429/2141
f 2434/2431/2190 2419/2417/2067 2423/2420/2070
f 2419/2417/2067 2434/2431/2190 2432/2429/2141
f 2435/2432/2082 2423/2420/2070 2424/2421/2072
f 2423/2420/2070 2435/2432/2082 2434/2431/2190
f 2426/2424/2073 2436/2433/2083 2424/2421/2072
f 2435/2432/2082 2424/2421/2072 2436/2433/2083
f 2428/2425/2140 2437/2434/2084 2426/2424/2073
f 2436/2433/2083 2426/2424/2073 2437/2434/2084
f 2430/2427/2078 2438/2435/2085 2428/2425/2140
f 2428/2425/2140 2438/2435/2085 2437/2434/2084
f 2432/2429/2141 2439/2436/2191 2433/2430/2080
f 2440/2437/2192 2433/2430/2080 2439/2436/2191
f 2441/2438/2193 2432/2429/2141 2434/2431/2190
f 2432/2429/2141 2441/2438/2193 2439/2436/2191
f 2442/2439/2194 2434/2431/2190 2435/2432/2082
f 2441/2438/2193 2434/2431/2190 2442/2439/2194
f 2436/2433/2083 2443/2440/2195 2435/2432/2082
f 2435/2432/2082 2443/2440/2195 2442/2439/2194
f 2437/2434/2084 2444/2441/2196 2436/2433/2083
f 2436/2433/2083 2444/2441/2196 2443/2440/2195
f 2445/2442/2197 2437/2434/2084 2438/2435/2085
f 2444/2441/2196 2437/2434/2084 2445/2442/2197
f 2439/2436/2191 2446/2443/2198 2440/2437/2192
f 2440/2437/2192 2446/2443/2198 2447/2444/2199
f 2441/2438/2193 2448/2445/2200 2439/2436/2191
f 2439/2436/2191 2448/2445/2200 2446/2443/2198
f 2442/2439/2194 2449/2446/2201 2441/2438/2193
f 2441/2438/2193 2449/2446/2201 2448/2445/2200
f 2443/2440/2195 2450/2447/2202 2442/2439/2194
f 2449/2446/2201 2442/2439/2194 2450/2447/2202
f 2444/2441/2196 2451/2448/2203 2443/2440/2195
f 2450/2447/2202 2443/2440/2195 2451/2448/2203
f 2451/2448/2203 2444/2441/2196 2452/2449/2204
f 2444/2441/2196 2453/2450/2205 2452/2449/2204
f 2445/2442/2197 2454/2451/2206 2444/2441/2196
f 2444/2441/2196 2454/2451/2206 2453/2450/2205
f 2446/2443/2198 2455/2452/2207 2447/2444/2199
f 2447/2444/2199 2455/2452/2207 2456/2453/2208
f 2457/2454/2209 2446/2443/2198 2448/2445/2200
f 2446/2443/2198 2457/2454/2209 2455/2452/2207
f 2449/2446/2201 2458/2455/2210 2448/2445/2200
f 2457/2454/2209 2448/2445/2200 2458/2455/2210
f 2450/2447/2202 2459/2456/2211 2449/2446/2201
f 2449/2446/2201 2459/2456/2211 2458/2455/2210
f 2451/2448/2203 2460/2457/2212 2450/2447/2202
f 2450/2447/2202 2460/2457/2212 2459/2456/2211
f 2452/2449/2204 2461/2458/2213 2451/2448/2203
f 2451/2448/2203 2461/2458/2213 2460/2457/2212
f 2453/2450/2205 2462/2459/2214 2452/2449/2204
f 2452/2449/2204 2462/2459/2214 2461/2458/2213
f 2463/2460/2215 2453/2450/2205 2454/2451/2206
f 2453/2450/2205 2463/2460/2215 2462/2459/2214
f 2455/2452/2207 2464/2461/2216 2456/2453/2208
f 2465/2462/2217 2456/2453/2208 2464/2461/2216
f 2466/2463/2218 2455/2452/2207 2457/2454/2209
f 2455/2452/2207 2466/2463/2218 2464/2461/2216
f 2467/2464/2219 2457/2454/2209 2458/2455/2210
f 2466/2463/2218 2457/2454/2209 2467/2464/2219
f 2459/2456/2211 2468/2465/2220 2458/2455/2210
f 2467/2464/2219 2458/2455/2210 2468/2465/2220
f 2460/2457/2212 2469/2466/2221 2459/2456/2211
f 2459/2456/2211 2469/2466/2221 2468/2465/2220
f 2470/2467/2222 2460/2457/2212 2461/2458/2213
f 2469/2466/2221 2460/2457/2212 2470/2467/2222
f 2462/2459/2214 2471/2468/2223 2461/2458/2213
f 2470/2467/2222 2461/2458/2213 2471/2468/2223
f 2463/2460/2215 2472/2469/2224 2462/2459/2214
f 2462/2459/2214 2472/2469/2224 2471/2468/2223
f 2464/2461/2216 2473/2470/2225 2465/2462/2217
f 2474/2471/2226 2465/2462/2217 2473/2470/2225
f 2466/2463/2218 2475/2472/2227 2464/2461/2216
f 2473/2470/2225 2464/2461/2216 2475/2472/2227
f 2476/2473/2228 2466/2463/2218 2467/2464/2219
f 2466/2463/2218 2476/2473/2228 2475/2472/2227
f 2477/2474/2229 2467/2464/2219 2468/2465/2220
f 2476/2473/2228 2467/2464/2219 2477/2474/2229
f 2478/2475/2230 2468/2465/2220 2469/2466/2221
f 2477/2474/2229 2468/2465/2220 2478/2475/2230
f 2470/2467/2222 2479/2476/2231 2469/2466/2221
f 2478/2475/2230 2469/2466/2221 2479/2476/2231
f 2480/2477/2232 2470/2467/2222 2471/2468/2223
f 2470/2467/2222 2480/2477/2232 2479/2476/2231
f 2472/2469/2224 2481/2478/2233 2471/2468/2223
f 2471/2468/2223 2481/2478/2233 2480/2477/2232
f 2483/2479/2129 2420/2418/2068 2482/2480/2129
f 2482/2480/2129 2420/2418/2068 2484/2481/2130
f 2485/2482/2131 2484/2481/2130 2420/2418/2068
f 2486/2483/2132 2485/2482/2131 2420/2418/2068
f 2489/2484/2234 2487/2485/2235 2488/2486/2236
f 2490/2487/2237 2488/2486/2236 2487/2485/2235
f 2493/2488/1990 2491/2489/1989 2492/2490/2238
f 2492/2490/2238 2491/2489/1989 2494/2491/2239
f 2493/2488/1990 2495/2492/2240 2496/2493/1996
f 2492/2490/2238 2495/2492/2240 2493/2488/1990
f 2498/2494/1989 2496/2493/1996 2497/2495/2241
f 2495/2492/2240 2497/2495/2241 2496/2493/1996
f 2500/2496/1989 2498/2494/1989 2499/2497/2242
f 2499/2497/2242 2498/2494/1989 2497/2495/2241
f 2500/2496/1989 2501/2498/2243 2502/2499/2244
f 2501/2498/2243 2500/2496/1989 2499/2497/2242
f 2502/2499/2244 2503/2500/2245 2504/2501/1996
f 2501/2498/2243 2503/2500/2245 2502/2499/2244
f 2506/2502/1989 2504/2501/1996 2505/2503/2246
f 2503/2500/2245 2505/2503/2246 2504/2501/1996
f 2491/2489/1989 2506/2502/1989 2494/2491/2239
f 2505/2503/2246 2494/2491/2239 2506/2502/1989
f 2507/2504/1989 2508/2505/2247 2509/2506/2002
f 2510/2507/2248 2508/2505/2247 2507/2504/1989
f 2509/2506/2002 2511/2508/2249 2512/2509/2250
f 2508/2505/2247 2511/2508/2249 2509/2506/2002
f 2512/2509/2250 2513/2510/2251 2514/2511/2002
f 2513/2510/2251 2512/2509/2250 2511/2508/2249
f 2514/2511/2002 2515/2512/2252 2516/2513/2253
f 2513/2510/2251 2515/2512/2252 2514/2511/2002
f 2516/2513/2253 2517/2514/2254 2518/2515/2002
f 2515/2512/2252 2517/2514/2254 2516/2513/2253
f 2518/2515/2002 2519/2516/2255 2520/2517/1998
f 2519/2516/2255 2518/2515/2002 2517/2514/2254
f 2522/2518/2015 2520/2517/1998 2521/2519/2256
f 2521/2519/2256 2520/2517/1998 2519/2516/2255
f 2507/2504/1989 2522/2518/2015 2510/2507/2248
f 2510/2507/2248 2522/2518/2015 2521/2519/2256
f 2523/2520/2016 2524/2521/2257 2525/2522/2002
f 2524/2521/2257 2523/2520/2016 2526/2523/2258
f 2525/2522/2002 2527/2524/2259 2528/2525/2002
f 2524/2521/2257 2527/2524/2259 2525/2522/2002
f 2530/2526/2002 2528/2525/2002 2529/2527/2260
f 2529/2527/2260 2528/2525/2002 2527/2524/2259
f 2532/2528/2261 2530/2526/2002 2531/2529/2262
f 2529/2527/2260 2531/2529/2262 2530/2526/2002
f 2534/2530/2002 2532/2528/2261 2533/2531/2263
f 2533/2531/2263 2532/2528/2261 2531/2529/2262
f 2536/2532/2002 2534/2530/2002 2535/2533/2264
f 2535/2533/2264 2534/2530/2002 2533/2531/2263
f 2536/2532/2002 2537/2534/2265 2538/2535/2266
f 2535/2533/2264 2537/2534/2265 2536/2532/2002
f 2523/2520/2016 2538/2535/2266 2526/2523/2258
f 2537/2534/2265 2526/2523/2258 2538/2535/2266
f 2494/2491/2239 2344/2341/2133 2492/2490/2238
f 2492/2490/2238 2346/2343/2135 2495/2492/2240
f 2346/2343/2135 2492/2490/2238 2344/2341/2133
f 2495/2492/2240 2346/2343/2135 2497/2495/2241
f 2497/2495/2241 2345/2342/2134 2499/2497/2242
f 2346/2343/2135 2345/2342/2134 2497/2495/2241
f 2503/2500/2245 2539/2536/2267 2505/2503/2246
f 2494/2491/2239 2505/2503/2246 2344/2341/2133
f 2539/2536/2267 2344/2341/2133 2505/2503/2246
f 2510/2507/2248 2415/2412/2186 2508/2505/2247
f 2508/2505/2247 2417/2414/2188 2511/2508/2249
f 2415/2412/2186 2417/2414/2188 2508/2505/2247
f 2513/2510/2251 2511/2508/2249 2417/2414/2188
f 2515/2512/2252 2513/2510/2251 2416/2413/2187
f 2417/2414/2188 2416/2413/2187 2513/2510/2251
f 2515/2512/2252 2416/2413/2187 2517/2514/2254
f 2519/2516/2255 2517/2514/2254 2418/2415/2189
f 2418/2415/2189 2517/2514/2254 2416/2413/2187
f 2521/2519/2256 2519/2516/2255 2418/2415/2189
f 2521/2519/2256 2415/2412/2186 2510/2507/2248
f 2415/2412/2186 2521/2519/2256 2418/2415/2189
f 2524/2521/2257 2526/2523/2258 2487/2485/2235
f 2524/2521/2257 2489/2484/2234 2527/2524/2259
f 2489/2484/2234 2524/2521/2257 2487/2485/2235
f 2529/2527/2260 2527/2524/2259 2489/2484/2234
f 2529/2527/2260 2488/2486/2236 2531/2529/2262
f 2488/2486/2236 2529/2527/2260 2489/2484/2234
f 2531/2529/2262 2488/2486/2236 2533/2531/2263
f 2533/2531/2263 2490/2487/2237 2535/2533/2264
f 2488/2486/2236 2490/2487/2237 2533/2531/2263
f 2535/2533/2264 2490/2487/2237 2537/2534/2265
f 2526/2523/2258 2537/2534/2265 2487/2485/2235
f 2490/2487/2237 2487/2485/2235 2537/2534/2265
f 2503/2500/2245 2501/2498/2243 2539/2536/2267
f 2345/2342/2134 2539/2536/2267 2499/2497/2242
f 2499/2497/2242 2539/2536/2267 2501/2498/2243
f 2344/2341/2133 2539/2536/2267 2345/2342/2134
f 2542/2537/2268 2540/2538/2269 2541/2539/2270
f 2541/2539/2270 2540/2538/2269 2543/2540/2271
f 2543/2540/2271 2540/2538/2269 2544/2541/2272
f 2544/2541/2272 2540/2538/2269 2545/2542/2273
f 2546/2543/2274 2547/2544/2275 2548/2545/2276
f 2547/2544/2275 2546/2543/2274 2549/2546/2277
f 2549/2546/2277 2550/2547/2278 2547/2544/2275
f 2550/2547/2278 2549/2546/2277 2551/2548/2279
f 2550/2547/2278 2551/2548/2279 2552/2549/2280
f 2553/2550/2281 2554/2551/2282 2555/2552/2283
f 2554/2551/2282 2556/2553/2284 2557/2554/2285
f 2556/2553/2284 2554/2551/2282 2553/2550/2281
f 2557/2554/2285 2556/2553/2284 2558/2555/2286
f 2559/2556/2287 2558/2555/2286 2556/2553/2284
f 2560/2557/2288 2562/2558/2289 2561/2559/779
f 2563/2560/2290 2564/2561/2291 2561/2559/779
f 2542/2537/2268 2549/2546/2277 2546/2543/2274
f 2549/2546/2277 2542/2537/2268 2541/2539/2270
f 2541/2539/2270 2551/2548/2279 2549/2546/2277
f 2544/2541/2272 2553/2550/2281 2543/2540/2271
f 2544/2541/2272 2556/2553/2284 2553/2550/2281
f 2559/2556/2287 2544/2541/2272 2545/2542/2273
f 2556/2553/2284 2544/2541/2272 2559/2556/2287
f 2566/2562/2292 2565/2563/2293 2561/2559/779
f 2565/2563/2293 2560/2557/2288 2561/2559/779
f 2561/2559/779 2564/2561/2291 2567/2564/2294
f 2566/2562/2292 2561/2559/779 2567/2564/2294
f 2568/2565/779 2570/2566/779 2569/2567/2295
f 2569/2567/2295 2571/2568/2296 2568/2565/779
f 2573/2569/779 2572/2570/2297 2570/2566/779
f 2572/2570/2297 2569/2567/2295 2570/2566/779
f 2575/2571/779 2574/2572/2298 2573/2569/779
f 2574/2572/2298 2572/2570/2297 2573/2569/779
f 2577/2573/779 2576/2574/2299 2575/2571/779
f 2574/2572/2298 2575/2571/779 2576/2574/2299
f 2578/2575/779 2580/2576/779 2579/2577/2300
f 2581/2578/2301 2578/2575/779 2579/2577/2300
f 2568/2565/779 2571/2568/2296 2580/2576/779
f 2579/2577/2300 2580/2576/779 2571/2568/2296
f 2571/2568/2296 2569/2567/2295 2566/2562/2292
f 2567/2564/2294 2571/2568/2296 2566/2562/2292
f 2569/2567/2295 2572/2570/2297 2565/2563/2293
f 2566/2562/2292 2569/2567/2295 2565/2563/2293
f 2574/2572/2298 2560/2557/2288 2572/2570/2297
f 2565/2563/2293 2572/2570/2297 2560/2557/2288
f 2576/2574/2299 2562/2558/2289 2574/2572/2298
f 2562/2558/2289 2560/2557/2288 2574/2572/2298
f 2581/2578/2301 2579/2577/2300 2564/2561/2291
f 2564/2561/2291 2563/2560/2290 2581/2578/2301
f 2579/2577/2300 2571/2568/2296 2567/2564/2294
f 2567/2564/2294 2564/2561/2291 2579/2577/2300
f 2553/2550/2281 2551/2548/2279 2543/2540/2271
f 2553/2550/2281 2555/2552/2283 2551/2548/2279
f 2552/2549/2280 2551/2548/2279 2555/2552/2283
f 2551/2548/2279 2541/2539/2270 2543/2540/2271
f 2584/2579/2302 2582/2580/2303 2583/2581/2304
f 2585/2582/2305 2584/2579/2302 2583/2581/2304
f 2586/2583/2306 2587/2584/2307 2588/2585/2308
f 2589/2586/2309 2587/2584/2307 2586/2583/2306
f 2590/2587/2310 2587/2584/2307 2589/2586/2309
f 2591/2588/2311 2592/2589/2312 2593/2590/2313
f 2593/2590/2313 2583/2581/2304 2591/2588/2311
f 2588/2585/2308 2594/2591/2314 2586/2583/2306
f 2595/2592/2315 2590/2587/2310 2589/2586/2309
f 1920/1917/1788 1945/1940/1810 1736/1739/1617
f 1920/1917/1788 1736/1739/1617 1735/1737/1615
f 2597/2593/2316 2582/2580/2303 2596/2594/2317
f 2598/2595/2318 2597/2593/2316 2596/2594/2317
f 2598/2595/2318 2596/2594/2317 2599/2596/2319
f 2596/2594/2317 2600/2597/2320 2599/2596/2319
f 2600/2597/2320 2596/2594/2317 2582/2580/2303
f 2601/2598/2321 2583/2581/2304 2593/2590/2313
f 2583/2581/2304 2601/2598/2321 2585/2582/2305
f 2602/2599/2322 2590/2587/2310 2595/2592/2315
f 2602/2599/2322 2603/2600/2323 2590/2587/2310
f 2597/2593/2316 2591/2588/2311 2583/2581/2304
f 2597/2593/2316 2598/2595/2318 2591/2588/2311
f 2583/2581/2304 2582/2580/2303 2597/2593/2316
f 2604/2601/2324 2601/2598/2321 2593/2590/2313
f 2604/2601/2324 2593/2590/2313 2592/2589/2312
f 1723/1726/1604 1785/1788/1663 1803/1806/1681
f 1792/1794/1669 1726/1729/1607 1741/1744/1619
f 1721/1724/1602 1716/1714/1592 1727/1730/1608
f 1803/1806/1681 1731/1734/1612 1723/1726/1604
f 2608/2602/2325 1761/1763/1638 1773/1776/1651
f 2608/2602/2325 1812/1816/1691 1761/1763/1638
f 2610/2603/2326 2609/2604/2327 1880/1880/1754
f 2609/2604/2327 2610/2603/2326 2611/2605/2328
f 2611/2605/2328 2610/2603/2326 2612/2606/2329
f 2614/2607/2330 1832/1835/1709 2613/2608/2331
f 2613/2608/2331 1832/1835/1709 1812/1816/1691
f 1769/1773/1648 1880/1880/1754 2609/2604/2327
f 2609/2604/2327 2611/2605/2328 2615/2609/2332
f 2615/2609/2332 2611/2605/2328 2616/2610/2333
f 1873/1873/1747 2609/2604/2327 2615/2609/2332
f 1769/1773/1648 2609/2604/2327 1873/1873/1747
f 2616/2610/2333 2611/2605/2328 2612/2606/2329
f 2613/2608/2331 1812/1816/1691 2617/2611/2334
f 1812/1816/1691 2608/2602/2325 2617/2611/2334
f 2616/2610/2333 2612/2606/2329 2618/2612/2335
f 2619/2613/2336 2618/2612/2335 2612/2606/2329
f 2620/2614/2337 2613/2608/2331 2617/2611/2334
f 2613/2608/2331 2620/2614/2337 2614/2607/2330
f 1903/1898/1770 1907/1905/1777 1900/1897/1769
f 1901/1900/1772 1907/1905/1777 1903/1898/1770
f 1856/1857/1731 1891/1891/1763 1855/1855/1729
f 1891/1891/1763 1856/1857/1731 2621/2615/2338
f 1852/1853/1727 1855/1855/1729 1891/1891/1763
f 1900/1897/1769 1897/1894/1766 1903/1898/1770
f 1900/1897/1769 1909/1906/1778 1899/1895/1767
f 2621/2615/2338 1856/1857/1731 2622/2616/2339
f 1859/1859/1733 2622/2616/2339 1856/1857/1731
f 1908/1904/1776 1901/1900/1772 1905/1903/1775
f 1901/1900/1772 1908/1904/1776 1907/1905/1777
f 1849/1851/1725 1885/1884/1758 1851/1849/1723
f 1918/1914/1786 1850/1850/1724 1851/1849/1723
f 1796/1799/1674 1885/1884/1758 1910/1907/1779
f 1910/1907/1779 1885/1884/1758 1849/1851/1725
f 1777/1779/1654 1846/1846/1720 2623/2617/2340
f 1783/1786/1661 1912/1909/1781 1802/1805/1680
f 1912/1909/1781 1783/1786/1661 1789/1792/1667
f 1690/1697/1575 1786/1789/1664 1794/1797/1672
f 1690/1697/1575 1794/1797/1672 2624/2618/2341
f 1743/1747/1622 2610/2603/2326 1880/1880/1754
f 1744/1746/1621 2610/2603/2326 1743/1747/1622
f 1877/1877/1751 1761/1763/1638 1813/1815/1690
f 1813/1815/1690 1761/1763/1638 1812/1816/1691
f 1760/1764/1639 1761/1763/1638 1877/1877/1751
f 1876/1876/1750 1761/1763/1638 1755/1756/1631
f 1798/1801/1676 1795/1800/1675 1910/1907/1779
f 1796/1799/1674 1910/1907/1779 1795/1800/1675
f 1777/1779/1654 1775/1778/1653 1694/1698/1576
f 2623/2617/2340 1799/1802/1677 1777/1779/1654
f 1797/1798/1673 1848/1848/1722 1796/1799/1674
f 1777/1779/1654 1799/1802/1677 1797/1798/1673
f 1780/1783/1658 1840/1842/1716 1692/1699/1577
f 1643/1662/1545 1644/1661/1544 1646/1663/1546
f 2625/2619/2342 2627/2620/2343 2626/2621/2344
f 2625/2619/2342 2628/2622/2345 2627/2620/2343
f 2629/2623/2346 2631/2624/2347 2630/2625/2348
f 2631/2624/2347 2629/2623/2346 2632/2626/2349
f 2635/2627/2350 2634/2628/2351 2633/2629/2352
f 2635/2627/2350 2629/2623/2346 2630/2625/2348
f 2626/2621/2344 2637/2630/2353 2636/2631/2354
f 2636/2631/2354 2625/2619/2342 2626/2621/2344
f 2632/2626/2349 2628/2622/2345 2631/2624/2347
f 2628/2622/2345 2632/2626/2349 2627/2620/2343
f 2636/2631/2354 2637/2630/2353 2638/2632/2355
f 2625/2619/2342 2640/2633/2356 2639/2634/2357
f 2639/2634/2357 2628/2622/2345 2625/2619/2342
f 2631/2624/2347 2641/2635/2358 2630/2625/2348
f 2631/2624/2347 2642/2636/2359 2641/2635/2358
f 2643/2637/2360 2627/2620/2343 2632/2626/2349
f 2643/2637/2360 2644/2638/2361 2627/2620/2343
f 2642/2636/2359 2639/2634/2357 2645/2639/2362
f 2642/2636/2359 2645/2639/2362 2646/2640/2363
f 2627/2620/2343 2644/2638/2361 2626/2621/2344
f 2641/2635/2358 2642/2636/2359 2646/2640/2363
f 2639/2634/2357 2640/2633/2356 2645/2639/2362
f 2629/2623/2346 2643/2637/2360 2632/2626/2349
f 2641/2635/2358 2646/2640/2363 2647/2641/2364
f 2646/2640/2363 2634/2628/2351 2647/2641/2364
f 2634/2628/2351 2646/2640/2363 2648/2642/2365
f 2635/2627/2350 2647/2641/2364 2634/2628/2351
f 2629/2623/2346 2649/2643/2366 2643/2637/2360
f 2629/2623/2346 2633/2629/2352 2649/2643/2366
f 2633/2629/2352 2629/2623/2346 2635/2627/2350
f 2638/2632/2355 2637/2630/2353 2650/2644/2367
f 2640/2633/2356 2652/2645/2368 2651/2646/2369
f 2651/2646/2369 2645/2639/2362 2640/2633/2356
f 2637/2630/2353 2644/2638/2361 2650/2644/2367
f 2644/2638/2361 2637/2630/2353 2626/2621/2344
f 2653/2647/2370 2651/2646/2369 2652/2645/2368
f 2648/2642/2365 2633/2629/2352 2634/2628/2351
f 2633/2629/2352 2648/2642/2365 2649/2643/2366
f 2656/2648/1618 2655/2649/1618 2654/2650/1618
f 2656/2648/1618 2654/2650/1618 1740/1743/1618
f 2648/2642/2365 2646/2640/2363 1741/1744/1619
f 2652/2645/2368 2625/2619/2342 2636/2631/2354
f 2625/2619/2342 2652/2645/2368 2640/2633/2356
f 2653/2647/2370 2652/2645/2368 2636/2631/2354
f 2636/2631/2354 2638/2632/2355 2653/2647/2370
f 2631/2624/2347 2639/2634/2357 2642/2636/2359
f 2631/2624/2347 2628/2622/2345 2639/2634/2357
f 1744/1746/1621 1742/1745/1620 2657/2651/2371
f 2658/2652/2372 2660/2653/2373 2659/2654/2374
f 2658/2652/2372 2661/2655/2375 2660/2653/2373
f 2638/2632/2355 2650/2644/2367 2662/2656/2376
f 2664/2657/2377 2663/2658/2378 2661/2655/2375
f 2664/2657/2377 2661/2655/2375 2658/2652/2372
f 2667/2659/2379 2666/2660/2380 2665/2661/2381
f 2668/2662/2382 2670/2663/2383 2669/2664/2384
f 2668/2662/2382 2671/2665/2385 2670/2663/2383
f 2669/2664/2384 2672/2666/2386 2668/2662/2382
f 2672/2666/2386 2674/2667/2387 2673/2668/2388
f 2674/2667/2387 2672/2666/2386 2669/2664/2384
f 2675/2669/2389 2676/2670/2390 2670/2663/2383
f 2670/2663/2383 2671/2665/2385 2675/2669/2389
f 2677/2671/2391 2679/2672/2392 2678/2673/2393
f 2677/2671/2391 2680/2674/2394 2679/2672/2392
f 2680/2674/2394 2681/2675/2395 2679/2672/2392
f 2680/2674/2394 2682/2676/2396 2681/2675/2395
f 2594/2591/2314 2684/2677/2397 2683/2678/2398
f 2685/2679/2399 2682/2676/2396 2686/2680/2400
f 2682/2676/2396 2685/2679/2399 2681/2675/2395
f 2677/2671/2391 2688/2681/2401 2687/2682/2402
f 2678/2673/2393 2676/2670/2390 2677/2671/2391
f 2691/2683/2403 2690/2684/2404 2689/2685/2405
f 2691/2683/2403 2689/2685/2405 2692/2686/2406
f 1696/1703/1581 2671/2665/2385 2693/2687/2407
f 1696/1703/1581 2675/2669/2389 2671/2665/2385
f 2689/2685/2405 2690/2684/2404 1696/1703/1581
f 2689/2685/2405 1696/1703/1581 2693/2687/2407
f 1686/2688/2408 2694/2689/2409 1688/2690/2410
f 1688/2690/2410 1687/2691/2411 1686/2688/2408
f 1687/2691/2411 2695/2692/2412 1686/2688/2408
f 1687/2691/2411 2696/2693/2413 2695/2692/2412
f 1701/2694/2414 1674/2695/2415 1703/2696/2416
f 1703/2696/2416 1702/2697/2417 1701/2694/2414
f 2653/2647/2370 2697/2698/2418 2651/2646/2369
f 2698/2699/2419 2651/2646/2369 2697/2698/2418
f 1791/1795/1670 2651/2646/2369 2698/2699/2419
f 1944/1941/1811 1945/1940/1810 1920/1917/1788
f 1944/1941/1811 1920/1917/1788 1791/1795/1670
f 2699/2700/2420 1701/2694/2414 1702/2697/2417
f 1701/2694/2414 2699/2700/2420 2700/2701/2421
f 2701/2702/2422 2643/2637/2360 2695/2692/2412
f 2701/2702/2422 2644/2638/2361 2643/2637/2360
f 2645/2639/2362 1791/1795/1670 1792/1794/1669
f 1792/1794/1669 2646/2640/2363 2645/2639/2362
f 2699/2700/2420 1688/2690/2410 2700/2701/2421
f 1703/2696/2416 1675/2703/2423 2702/2704/2424
f 2695/2692/2412 2696/2693/2413 2701/2702/2422
f 2694/2689/2409 2700/2701/2421 1688/2690/2410
f 1674/2695/2415 1675/2703/2423 1703/2696/2416
f 2705/2705/2425 2704/2706/2426 2703/2707/2427
f 2705/2705/2425 2691/2683/2403 2704/2706/2426
f 2692/2686/2406 2706/2708/2428 2704/2706/2426
f 2704/2706/2426 2691/2683/2403 2692/2686/2406
f 2705/2705/2425 2708/2709/2429 2707/2710/2430
f 2709/2711/2431 1687/2691/2411 1688/2690/2410
f 1688/2690/2410 2663/2658/2378 2709/2711/2431
f 2709/2711/2431 2663/2658/2378 2664/2657/2377
f 2709/2711/2431 2664/2657/2377 2710/2712/2432
f 2711/2713/2433 1686/2688/2408 2712/2714/2434
f 2711/2713/2433 2694/2689/2409 1686/2688/2408
f 1687/2691/2411 2709/2711/2431 2713/2715/2435
f 1687/2691/2411 2713/2715/2435 2696/2693/2413
f 1703/2696/2416 2702/2704/2424 2660/2653/2373
f 2660/2653/2373 1702/2697/2417 1703/2696/2416
f 2660/2653/2373 2661/2655/2375 1702/2697/2417
f 2713/2715/2435 2709/2711/2431 2710/2712/2432
f 2713/2715/2435 2710/2712/2432 2714/2716/2436
f 2712/2714/2434 1686/2688/2408 2695/2692/2412
f 2695/2692/2412 2715/2717/2437 2712/2714/2434
f 2716/2718/2438 2718/2719/2439 2717/2720/2440
f 2717/2720/2440 2718/2719/2439 2719/2721/2441
f 2719/2721/2441 2718/2719/2439 2720/2722/1685
f 2659/2654/2374 2660/2653/2373 2702/2704/2424
f 2721/2723/2442 2666/2660/2380 2667/2659/2379
f 1701/2694/2414 2722/2724/2443 1676/2725/2444
f 1701/2694/2414 1676/2725/2444 1674/2695/2415
f 1695/1701/1579 2724/2726/2445 2723/2727/2446
f 1695/1701/1579 2723/2727/2446 2725/2728/2447
f 2690/2684/2404 2724/2726/2445 1695/1701/1579
f 2690/2684/2404 1695/1701/1579 1696/1703/1581
f 2726/2729/2448 2725/2728/2447 2723/2727/2446
f 1697/1702/1580 2728/2730/2449 2727/2731/2450
f 2727/2731/2450 2729/2732/2451 1697/1702/1580
f 1695/1701/1579 2725/2728/2447 1697/1702/1580
f 1697/1702/1580 2729/2732/2451 1696/1703/1581
f 2726/2729/2448 2728/2730/2449 2725/2728/2447
f 2725/2728/2447 2728/2730/2449 1697/1702/1580
f 2724/2726/2445 2731/2733/2452 2730/2734/2453
f 2724/2726/2445 2730/2734/2453 2723/2727/2446
f 2705/2705/2425 2732/2735/2454 2708/2709/2429
f 2734/2736/2455 2733/2737/2456 1850/1850/1724
f 2735/2738/2457 2679/2672/2392 2736/2739/2458
f 2737/2740/2459 2735/2738/2457 2736/2739/2458
f 2737/2740/2459 2736/2739/2458 2738/2741/2460
f 2739/2742/2461 2738/2741/2460 2740/2743/2462
f 2739/2742/2461 2737/2740/2459 2738/2741/2460
f 2740/2743/2462 1858/1858/1732 2739/2742/2461
f 2740/2743/2462 1859/1859/1733 1858/1858/1732
f 2681/2675/2395 2736/2739/2458 2679/2672/2392
f 2743/2744/2463 2742/2745/2464 2741/2746/2465
f 2743/2744/2463 2741/2746/2465 2744/2747/2466
f 2745/2748/2467 2741/2746/2465 2742/2745/2464
f 2745/2748/2467 2742/2745/2464 2746/2749/2468
f 2672/2666/2386 2744/2747/2466 2668/2662/2382
f 1867/1866/1740 2746/2749/2468 1866/1867/1741
f 2746/2749/2468 1867/1866/1740 2745/2748/2467
f 2672/2666/2386 2743/2744/2463 2744/2747/2466
f 2747/2750/2469 2744/2747/2466 2741/2746/2465
f 2748/2751/2470 2742/2745/2464 2749/2752/2471
f 2742/2745/2464 2748/2751/2470 2746/2749/2468
f 2749/2752/2471 2742/2745/2464 2743/2744/2463
f 2743/2744/2463 2750/2753/2472 2749/2752/2471
f 2751/2754/2473 2679/2672/2392 2735/2738/2457
f 2751/2754/2473 2678/2673/2393 2679/2672/2392
f 2752/2755/2474 2594/2591/2314 2683/2678/2398
f 2737/2740/2459 2751/2754/2473 2735/2738/2457
f 2687/2682/2402 2680/2674/2394 2677/2671/2391
f 2680/2674/2394 2687/2682/2402 2682/2676/2396
f 2687/2682/2402 2686/2680/2400 2682/2676/2396
f 2751/2754/2473 2753/2756/2475 2678/2673/2393
f 2754/2757/2476 2749/2752/2471 2750/2753/2472
f 2674/2667/2387 2755/2758/2477 2750/2753/2472
f 2750/2753/2472 2673/2668/2388 2674/2667/2387
f 2750/2753/2472 2755/2758/2477 2754/2757/2476
f 2747/2750/2469 2668/2662/2382 2744/2747/2466
f 2747/2750/2469 2671/2665/2385 2668/2662/2382
f 2670/2663/2383 2674/2667/2387 2669/2664/2384
f 2670/2663/2383 2755/2758/2477 2674/2667/2387
f 2756/2759/2478 1696/1703/1581 2729/2732/2451
f 2756/2759/2478 2675/2669/2389 1696/1703/1581
f 2693/2687/2407 2758/2760/2479 2757/2761/2480
f 2693/2687/2407 2757/2761/2480 2689/2685/2405
f 2758/2760/2479 2671/2665/2385 2747/2750/2469
f 2731/2733/2452 2724/2726/2445 2691/2683/2403
f 2730/2734/2453 2726/2729/2448 2723/2727/2446
f 2752/2755/2474 2586/2583/2306 2594/2591/2314
f 2752/2755/2474 2759/2762/2481 2586/2583/2306
f 2589/2586/2309 2759/2762/2481 2595/2592/2315
f 2759/2762/2481 2589/2586/2309 2586/2583/2306
f 2684/2677/2397 2594/2591/2314 2588/2585/2308
f 2672/2666/2386 2750/2753/2472 2743/2744/2463
f 2750/2753/2472 2672/2666/2386 2673/2668/2388
f 2760/2763/2482 2762/2764/2483 2761/2765/2484
f 2764/2766/2485 2734/2736/2455 2763/2767/2486
f 2764/2766/2485 2763/2767/2486 2760/2763/2482
f 2703/2707/2427 2764/2766/2485 2760/2763/2482
f 2760/2763/2482 2761/2765/2484 2703/2707/2427
f 2761/2765/2484 2732/2735/2454 2703/2707/2427
f 2732/2735/2454 2761/2765/2484 2762/2764/2483
f 2749/2752/2471 2754/2757/2476 2765/2768/2487
f 2765/2768/2487 2766/2769/2488 2749/2752/2471
f 2753/2756/2475 2754/2757/2476 2755/2758/2477
f 2753/2756/2475 2755/2758/2477 2678/2673/2393
f 2767/2770/2489 2736/2739/2458 2681/2675/2395
f 2767/2770/2489 2681/2675/2395 2685/2679/2399
f 2753/2756/2475 2751/2754/2473 2768/2771/2490
f 2768/2771/2490 2765/2768/2487 2753/2756/2475
f 2768/2771/2490 2766/2769/2488 2765/2768/2487
f 2768/2771/2490 2772/2772/2491 2766/2769/2488
f 2758/2760/2479 2747/2750/2469 2773/2773/2492
f 2776/2774/2493 2775/2775/2494 2774/2776/2495
f 2774/2776/2495 2757/2761/2480 2776/2774/2493
f 2776/2774/2493 2777/2777/2496 2775/2775/2494
f 2757/2761/2480 2774/2776/2495 2692/2686/2406
f 2692/2686/2406 2689/2685/2405 2757/2761/2480
f 2778/2778/2497 2780/2779/2498 2779/2780/2499
f 2778/2778/2497 2781/2781/2500 2780/2779/2498
f 1906/1902/1774 2779/2780/2499 1905/1903/1775
f 1906/1902/1774 2778/2778/2497 2779/2780/2499
f 1908/1904/1776 2782/2782/2501 2745/2748/2467
f 2745/2748/2467 1867/1866/1740 1908/1904/1776
f 2741/2746/2465 2782/2782/2501 2777/2777/2496
f 2741/2746/2465 2745/2748/2467 2782/2782/2501
f 2747/2750/2469 2777/2777/2496 2773/2773/2492
f 2777/2777/2496 2747/2750/2469 2741/2746/2465
f 2757/2761/2480 2758/2760/2479 2776/2774/2493
f 2775/2775/2494 2780/2779/2498 2781/2781/2500
f 2775/2775/2494 2781/2781/2500 2774/2776/2495
f 2781/2781/2500 2778/2778/2497 2733/2737/2456
f 2733/2737/2456 2783/2783/2502 2781/2781/2500
f 2778/2778/2497 1906/1902/1774 1850/1850/1724
f 2778/2778/2497 1850/1850/1724 2733/2737/2456
f 1866/1867/1741 2746/2749/2468 2748/2751/2470
f 2748/2751/2470 1911/1908/1780 1866/1867/1741
f 2671/2665/2385 2758/2760/2479 2693/2687/2407
f 2692/2686/2406 2774/2776/2495 2706/2708/2428
f 2706/2708/2428 2774/2776/2495 2783/2783/2502
f 2783/2783/2502 2774/2776/2495 2781/2781/2500
f 1702/2697/2417 2661/2655/2375 2699/2700/2420
f 2700/2701/2421 2722/2724/2443 1701/2694/2414
f 2700/2701/2421 2784/2784/2503 2722/2724/2443
f 2676/2670/2390 2688/2681/2401 2677/2671/2391
f 2678/2673/2393 2755/2758/2477 2676/2670/2390
f 1913/1910/1782 2739/2742/2461 1858/1858/1732
f 1913/1910/1782 2785/2785/2504 2739/2742/2461
f 2766/2769/2488 2748/2751/2470 2749/2752/2471
f 2766/2769/2488 2786/2786/2505 2748/2751/2470
f 2737/2740/2459 2739/2742/2461 2785/2785/2504
f 2785/2785/2504 2772/2772/2491 2737/2740/2459
f 2772/2772/2491 2751/2754/2473 2737/2740/2459
f 2751/2754/2473 2772/2772/2491 2768/2771/2490
f 2786/2786/2505 1911/1908/1780 2748/2751/2470
f 1911/1908/1780 2786/2786/2505 1916/1913/1785
f 2772/2772/2491 2786/2786/2505 2766/2769/2488
f 2772/2772/2491 2785/2785/2504 2786/2786/2505
f 2786/2786/2505 1913/1910/1782 1916/1913/1785
f 1913/1910/1782 2786/2786/2505 2785/2785/2504
f 2753/2756/2475 2765/2768/2487 2754/2757/2476
f 2787/2787/2506 1850/1850/1724 1917/1915/1787
f 1678/1693/1571 2716/2718/2438 1679/1694/1572
f 1679/1694/1572 2716/2718/2438 2717/2720/2440
f 2656/2648/1618 1679/1694/1572 2717/2720/2440
f 2656/2648/1618 2717/2720/2440 2655/2649/1618
f 1740/1743/1618 1919/1916/1618 2656/2648/1618
f 2698/2699/2419 1944/1941/1811 1791/1795/1670
f 1791/1795/1670 2645/2639/2362 2651/2646/2369
f 2788/2788/2507 2650/2644/2367 2644/2638/2361
f 2644/2638/2361 2701/2702/2422 2788/2788/2507
f 2788/2788/2507 2696/2693/2413 2713/2715/2435
f 2788/2788/2507 2701/2702/2422 2696/2693/2413
f 1688/2690/2410 2661/2655/2375 2663/2658/2378
f 2661/2655/2375 1688/2690/2410 2699/2700/2420
f 2788/2788/2507 2714/2716/2436 2662/2656/2376
f 2788/2788/2507 2713/2715/2435 2714/2716/2436
f 2662/2656/2376 2650/2644/2367 2788/2788/2507
f 1944/1941/1811 2697/2698/2418 1943/1942/1812
f 2697/2698/2418 1944/1941/1811 2698/2699/2419
f 2695/2692/2412 2643/2637/2360 2715/2717/2437
f 1741/1744/1619 2646/2640/2363 1792/1794/1669
f 2715/2717/2437 2643/2637/2360 2649/2643/2366
f 2635/2627/2350 2641/2635/2358 2647/2641/2364
f 2641/2635/2358 2635/2627/2350 2630/2625/2348
f 2782/2782/2501 2780/2779/2498 2777/2777/2496
f 2782/2782/2501 2779/2780/2499 2780/2779/2498
f 2740/2743/2462 2738/2741/2460 2767/2770/2489
f 2740/2743/2462 2767/2770/2489 2789/2789/2508
f 2738/2741/2460 2736/2739/2458 2767/2770/2489
f 2775/2775/2494 2777/2777/2496 2780/2779/2498
f 2773/2773/2492 2777/2777/2496 2776/2774/2493
f 2773/2773/2492 2776/2774/2493 2758/2760/2479
f 2622/2616/2339 2740/2743/2462 2789/2789/2508
f 2622/2616/2339 1859/1859/1733 2740/2743/2462
f 1908/1904/1776 1905/1903/1775 2779/2780/2499
f 1908/1904/1776 2779/2780/2499 2782/2782/2501
f 2764/2766/2485 2733/2737/2456 2734/2736/2455
f 2787/2787/2506 2734/2736/2455 1850/1850/1724
f 2783/2783/2502 2764/2766/2485 2703/2707/2427
f 2764/2766/2485 2783/2783/2502 2733/2737/2456
f 2790/2790/2509 2731/2733/2452 2691/2683/2403
f 2694/2689/2409 2711/2713/2433 2784/2784/2503
f 2784/2784/2503 2700/2701/2421 2694/2689/2409
f 1676/2725/2444 1675/2703/2423 1674/2695/2415
f 1675/2703/2423 1676/2725/2444 2791/2791/2510
f 2587/2584/2307 2657/2651/2371 2588/2585/2308
f 2676/2670/2390 2792/2792/2511 2688/2681/2401
f 2587/2584/2307 1744/1746/1621 2657/2651/2371
f 2676/2670/2390 2675/2669/2389 2756/2759/2478
f 2729/2732/2451 2676/2670/2390 2756/2759/2478
f 2676/2670/2390 2755/2758/2477 2670/2663/2383
f 2704/2706/2426 2783/2783/2502 2703/2707/2427
f 2783/2783/2502 2704/2706/2426 2706/2708/2428
f 2690/2684/2404 2691/2683/2403 2724/2726/2445
f 2790/2790/2509 2691/2683/2403 2707/2710/2430
f 2691/2683/2403 2705/2705/2425 2707/2710/2430
f 2732/2735/2454 2705/2705/2425 2703/2707/2427
f 1718/1720/1598 1733/1736/1614 1732/1735/1613
f 2793/2793/2512 2794/2794/2513 2795/2795/2514
f 2796/2796/2515 2797/2797/2516 2798/2798/2517
f 2797/2797/2516 2796/2796/2515 2799/2799/2518
f 2800/2800/2519 2801/2801/2520 2802/2802/2521
f 2801/2801/2520 2803/2803/2521 2802/2802/2521
f 2804/2804/2522 2805/2805/2523 2798/2798/2517
f 2798/2798/2517 2805/2805/2523 2796/2796/2515
f 2798/2798/2517 2807/2806/2524 2806/2807/2525
f 2807/2806/2524 2798/2798/2517 2797/2797/2516
f 2800/2800/2519 2808/2808/2526 2809/2809/2527
f 2809/2809/2527 2801/2801/2520 2800/2800/2519
f 2804/2804/2522 2806/2807/2525 2810/2810/2528
f 2798/2798/2517 2806/2807/2525 2804/2804/2522
f 2811/2811/2529 2806/2807/2525 2812/2812/2530
f 2807/2806/2524 2812/2812/2530 2806/2807/2525
f 2808/2808/2526 2813/2813/2531 2814/2814/2532
f 2814/2814/2532 2809/2809/2527 2808/2808/2526
f 2815/2815/2533 2810/2810/2528 2811/2811/2529
f 2811/2811/2529 2810/2810/2528 2806/2807/2525
f 2811/2811/2529 2817/2816/2534 2816/2817/2535
f 2817/2816/2534 2811/2811/2529 2812/2812/2530
f 2818/2818/2536 2819/2819/2537 2813/2813/2531
f 2814/2814/2532 2813/2813/2531 2819/2819/2537
f 2820/2820/2538 2815/2815/2533 2816/2817/2535
f 2816/2817/2535 2815/2815/2533 2811/2811/2529
f 2816/2817/2535 2822/2821/2539 2821/2822/2540
f 2822/2821/2539 2816/2817/2535 2817/2816/2534
f 2818/2818/2536 2823/2823/2541 2824/2824/2542
f 2819/2819/2537 2818/2818/2536 2824/2824/2542
f 2820/2820/2538 2821/2822/2540 2825/2825/2543
f 2816/2817/2535 2821/2822/2540 2820/2820/2538
f 2826/2826/2544 2821/2822/2540 2827/2827/2545
f 2827/2827/2545 2821/2822/2540 2822/2821/2539
f 2828/2828/2546 2829/2829/2547 2823/2823/2541
f 2829/2829/2547 2824/2824/2542 2823/2823/2541
f 2830/2830/2548 2825/2825/2543 2826/2826/2544
f 2826/2826/2544 2825/2825/2543 2821/2822/2540
f 2831/2831/2549 2826/2826/2544 2832/2832/2550
f 2832/2832/2550 2826/2826/2544 2827/2827/2545
f 2828/2828/2546 2833/2833/2551 2834/2834/2552
f 2829/2829/2547 2828/2828/2546 2834/2834/2552
f 2835/2835/2553 2830/2830/2548 2831/2831/2549
f 2826/2826/2544 2831/2831/2549 2830/2830/2548
f 2836/2836/2554 2831/2831/2549 2837/2837/2555
f 2837/2837/2555 2831/2831/2549 2832/2832/2550
f 2833/2833/2551 2838/2838/2556 2839/2839/2557
f 2834/2834/2552 2833/2833/2551 2839/2839/2557
f 2835/2835/2553 2836/2836/2554 2840/2840/2558
f 2831/2831/2549 2836/2836/2554 2835/2835/2553
f 2796/2796/2515 2836/2836/2554 2799/2799/2518
f 2837/2837/2555 2799/2799/2518 2836/2836/2554
f 2802/2802/2521 2803/2803/2521 2838/2838/2556
f 2803/2803/2521 2839/2839/2557 2838/2838/2556
f 2840/2840/2558 2796/2796/2515 2805/2805/2523
f 2796/2796/2515 2840/2840/2558 2836/2836/2554
f 2843/2841/2559 2842/2842/2560 2841/2843/2561
f 2844/2844/2562 2842/2842/2560 2843/2841/2559
f 2844/2844/2562 2795/2795/2514 2845/2845/2563
f 2793/2793/2512 2795/2795/2514 2844/2844/2562
f 2794/2794/2513 2793/2793/2512 2846/2846/2564
f 2794/2794/2513 2846/2846/2564 2841/2843/2561
f 2841/2843/2561 2846/2846/2564 2843/2841/2559
f 2849/2847/2565 2848/2848/2566 2847/2849/2567
f 2850/2850/2568 2848/2848/2566 2849/2847/2565
f 2850/2850/2568 2851/2851/2569 2848/2848/2566
f 2852/2852/2570 2851/2851/2569 2850/2850/2568
f 2852/2852/2570 2841/2843/2561 2853/2853/2571
f 2841/2843/2561 2852/2852/2570 2854/2854/2572
f 2841/2843/2561 2854/2854/2572 2847/2849/2567
f 2849/2847/2565 2847/2849/2567 2854/2854/2572
f 2857/2855/2573 2856/2856/2574 2855/2857/2575
f 2858/2858/2576 2856/2856/2574 2857/2855/2573
f 2858/2858/2576 2859/2859/2577 2856/2856/2574
f 2860/2860/2578 2859/2859/2577 2858/2858/2576
f 2859/2859/2577 2860/2860/2578 2861/2861/2579
f 2862/2862/2580 2861/2861/2579 2860/2860/2578
f 2861/2861/2579 2862/2862/2580 2855/2857/2575
f 2855/2857/2575 2862/2862/2580 2857/2855/2573
f 2865/2863/2581 2864/2864/2582 2863/2865/2583
f 2866/2866/2581 2864/2864/2582 2865/2863/2581
f 2868/2867/2584 2863/2865/2583 2867/2868/2585
f 2863/2865/2583 2868/2867/2584 2869/2869/2584
f 2871/2870/2586 2867/2868/2585 2870/2871/2587
f 2867/2868/2585 2871/2870/2586 2872/2872/2586
f 2874/2873/2588 2873/2874/2589 2870/2871/2587
f 2875/2875/2590 2874/2873/2588 2870/2871/2587
f 2864/2864/2582 2873/2874/2589 2876/2876/2591
f 2874/2873/2588 2876/2876/2591 2873/2874/2589
f 2848/2848/2566 2857/2855/2573 2847/2849/2567
f 2857/2855/2573 2848/2848/2566 2858/2858/2576
f 2862/2862/2580 2860/2860/2578 2794/2794/2513
f 2794/2794/2513 2860/2860/2578 2795/2795/2514
f 2857/2855/2573 2862/2862/2580 2794/2794/2513
f 2857/2855/2573 2794/2794/2513 2841/2843/2561
f 2857/2855/2573 2841/2843/2561 2847/2849/2567
f 2877/2877/2592 2879/2878/2593 2878/2879/2594
f 2883/2880/2595 2884/2881/2596 2882/2882/2597
f 2882/2882/2597 2884/2881/2596 2880/2883/2598
f 2886/2884/2599 2885/2885/2600 2881/2886/2601
f 2887/2887/2602 2889/2888/2603 2888/2889/2604
f 2887/2887/2602 2890/2890/2605 2889/2888/2603
f 2885/2885/2600 2888/2889/2604 2891/2891/2606
f 2886/2884/2599 2888/2889/2604 2885/2885/2600
f 2892/2892/2607 2884/2881/2596 2883/2880/2595
f 2882/2882/2597 2881/2886/2601 2885/2885/2600
f 2891/2891/2606 2888/2889/2604 2889/2888/2603
f 2882/2882/2597 2880/2883/2598 2881/2886/2601
f 2894/2893/2608 2893/2894/2609 2878/2879/2594
f 2878/2879/2594 2879/2878/2593 2894/2893/2608
f 2896/2895/2610 2877/2877/2592 2895/2896/2611
f 2897/2897/2612 2890/2890/2605 2887/2887/2602
f 2887/2887/2602 2898/2898/2613 2897/2897/2612
f 2898/2898/2613 2895/2896/2611 2899/2899/2614
f 2898/2898/2613 2896/2895/2610 2895/2896/2611
f 2894/2893/2608 2900/2900/2615 2893/2894/2609
f 2877/2877/2592 2878/2879/2594 2895/2896/2611
f 2899/2899/2614 2897/2897/2612 2898/2898/2613
o TT_WHEEL1
v -0.579711 -0.147959 0.589177
v -0.565282 -0.306369 0.555210
v -0.579711 -0.304710 0.534234
v -0.741564 -0.354632 1.165420
v -0.741564 -0.191193 1.135800
v -0.579712 -0.354632 1.165420
v -0.741564 -0.191193 1.135800
v -0.579712 -0.354632 1.165420
v -0.579712 -0.191193 1.135800
v -0.579712 -0.191193 1.135800
v -0.741564 -0.064858 1.029550
v -0.741564 -0.191193 1.135800
v -0.741564 -0.064858 1.029550
v -0.579712 -0.191193 1.135800
v -0.579711 -0.064858 1.029550
v -0.579711 -0.064858 1.029550
v -0.741564 -0.009480 0.875150
v -0.741564 -0.064858 1.029550
v -0.741564 -0.009480 0.875150
v -0.579711 -0.064858 1.029550
v -0.579711 -0.009480 0.875150
v -0.579711 -0.009480 0.875150
v -0.741564 -0.039897 0.713961
v -0.741564 -0.009480 0.875150
v -0.741564 -0.039897 0.713961
v -0.579711 -0.009480 0.875150
v -0.579711 -0.039897 0.713962
v -0.579711 -0.039897 0.713962
v -0.741564 -0.147959 0.589177
v -0.741564 -0.039897 0.713961
v -0.741564 -0.147959 0.589177
v -0.579711 -0.039897 0.713962
v -0.579711 -0.147959 0.589177
v -0.579711 -0.147959 0.589177
v -0.741564 -0.304710 0.534234
v -0.741564 -0.147959 0.589177
v -0.741564 -0.304710 0.534234
v -0.579711 -0.147959 0.589177
v -0.579711 -0.304710 0.534234
v -0.579711 -0.304710 0.534234
v -0.741564 -0.468149 0.563853
v -0.741564 -0.304710 0.534234
v -0.741564 -0.468149 0.563853
v -0.579711 -0.304710 0.534234
v -0.579711 -0.468149 0.563853
v -0.579711 -0.468149 0.563853
v -0.741564 -0.594483 0.670098
v -0.741564 -0.468149 0.563853
v -0.741564 -0.594483 0.670098
v -0.579711 -0.468149 0.563853
v -0.579711 -0.594483 0.670098
v -0.579711 -0.594483 0.670098
v -0.741564 -0.649861 0.824501
v -0.741564 -0.594483 0.670098
v -0.741564 -0.649861 0.824501
v -0.579711 -0.594483 0.670098
v -0.579711 -0.649861 0.824501
v -0.579711 -0.649861 0.824501
v -0.741564 -0.619444 0.985690
v -0.741564 -0.649861 0.824501
v -0.741564 -0.619444 0.985690
v -0.579711 -0.649861 0.824501
v -0.579711 -0.619444 0.985690
v -0.579711 -0.619444 0.985690
v -0.741564 -0.511383 1.110470
v -0.741564 -0.619444 0.985690
v -0.741564 -0.511383 1.110470
v -0.579711 -0.619444 0.985690
v -0.579712 -0.511383 1.110470
v -0.579712 -0.511383 1.110470
v -0.741564 -0.354632 1.165420
v -0.741564 -0.511383 1.110470
v -0.741564 -0.354632 1.165420
v -0.579712 -0.511383 1.110470
v -0.579712 -0.354632 1.165420
v -0.741564 -0.354632 1.165420
v -0.755994 -0.200397 1.116790
v -0.755994 -0.352973 1.144440
v -0.741564 -0.191193 1.135800
v -0.755994 -0.082460 1.017610
v -0.741564 -0.064858 1.029550
v -0.755994 -0.030763 0.873467
v -0.741564 -0.009480 0.875150
v -0.755994 -0.059158 0.722992
v -0.741564 -0.039897 0.713961
v -0.755994 -0.160037 0.606502
v -0.741564 -0.147959 0.589177
v -0.755994 -0.306369 0.555210
v -0.741564 -0.304710 0.534234
v -0.755994 -0.458945 0.582861
v -0.741564 -0.468149 0.563853
v -0.755994 -0.576882 0.682044
v -0.741564 -0.594483 0.670098
v -0.755994 -0.628579 0.826184
v -0.741564 -0.649861 0.824501
v -0.755994 -0.600184 0.976659
v -0.741564 -0.619444 0.985690
v -0.755994 -0.499305 1.093150
v -0.741564 -0.511383 1.110470
v -0.755994 -0.232716 1.050050
v -0.755994 -0.347148 1.070790
v -0.755994 -0.144263 0.975662
v -0.755994 -0.105490 0.867556
v -0.755994 -0.126787 0.754700
v -0.755994 -0.202445 0.667333
v -0.755994 -0.312195 0.628864
v -0.755994 -0.426627 0.649602
v -0.755994 -0.515079 0.723989
v -0.755994 -0.553852 0.832094
v -0.755994 -0.532555 0.944951
v -0.755994 -0.456896 1.032320
v -0.565282 -0.499305 1.093150
v -0.565282 -0.347148 1.070790
v -0.565282 -0.352973 1.144440
v -0.565282 -0.458945 0.582861
v -0.565282 -0.456897 1.032320
v -0.565282 -0.600184 0.976659
v -0.565282 -0.532555 0.944951
v -0.565282 -0.628579 0.826184
v -0.565282 -0.553852 0.832094
v -0.565282 -0.576882 0.682044
v -0.565282 -0.515079 0.723989
v -0.565282 -0.426627 0.649602
v -0.565282 -0.312195 0.628864
v -0.565282 -0.160037 0.606502
v -0.565282 -0.202445 0.667333
v -0.565282 -0.059158 0.722992
v -0.565282 -0.126787 0.754700
v -0.565282 -0.030763 0.873467
v -0.565282 -0.105490 0.867556
v -0.565282 -0.082460 1.017610
v -0.565282 -0.144263 0.975662
v -0.565282 -0.200397 1.116790
v -0.565282 -0.232716 1.050050
v -0.579712 -0.354632 1.165420
v -0.579712 -0.191193 1.135800
v -0.579711 -0.064858 1.029550
v -0.579711 -0.009480 0.875150
v -0.579711 -0.039897 0.713962
v -0.579711 -0.649861 0.824501
v -0.579711 -0.468149 0.563853
v -0.579711 -0.594483 0.670098
v -0.579711 -0.619444 0.985690
v -0.579712 -0.511383 1.110470
v -0.738122 -0.345400 1.048690
v -0.755994 -0.456896 1.032320
v -0.755994 -0.347148 1.070790
v -0.738122 -0.444174 1.014070
v -0.755994 -0.532555 0.944951
v -0.738122 -0.512267 0.935438
v -0.755994 -0.553852 0.832094
v -0.738122 -0.531434 0.833867
v -0.755994 -0.515079 0.723989
v -0.738122 -0.496538 0.736573
v -0.755994 -0.426627 0.649602
v -0.738122 -0.416931 0.669624
v -0.755994 -0.312195 0.628864
v -0.738122 -0.313942 0.650960
v -0.755994 -0.202445 0.667333
v -0.738122 -0.215168 0.685582
v -0.755994 -0.126787 0.754700
v -0.738122 -0.147075 0.764213
v -0.755994 -0.105490 0.867556
v -0.738122 -0.127908 0.865783
v -0.755994 -0.144263 0.975662
v -0.738122 -0.162804 0.963078
v -0.755994 -0.232716 1.050050
v -0.738122 -0.242411 1.030030
v -0.583154 -0.242411 1.030030
v -0.565282 -0.347148 1.070790
v -0.583154 -0.345400 1.048690
v -0.565282 -0.232716 1.050050
v -0.583154 -0.162804 0.963078
v -0.565282 -0.144263 0.975662
v -0.583154 -0.127908 0.865783
v -0.565282 -0.105490 0.867556
v -0.583154 -0.147075 0.764213
v -0.565282 -0.126787 0.754700
v -0.583154 -0.215168 0.685582
v -0.565282 -0.202445 0.667333
v -0.583154 -0.313942 0.650960
v -0.565282 -0.312195 0.628864
v -0.583154 -0.416931 0.669624
v -0.565282 -0.426627 0.649602
v -0.583154 -0.496538 0.736573
v -0.565282 -0.515079 0.723989
v -0.583154 -0.531434 0.833867
v -0.565282 -0.553852 0.832094
v -0.583154 -0.512267 0.935438
v -0.565282 -0.532555 0.944951
v -0.583154 -0.444174 1.014070
v -0.565282 -0.456897 1.032320
v -0.558649 -0.329671 0.849826
v -0.775323 -0.334535 0.911319
v -0.775200 -0.379422 0.880379
v -0.775281 -0.361263 0.901794
v -0.775160 -0.384433 0.853046
v -0.775200 -0.375188 0.826841
v -0.775281 -0.353888 0.808547
v -0.775323 -0.325995 0.803343
v -0.775281 -0.299267 0.812867
v -0.775200 -0.281107 0.834282
v -0.775160 -0.276097 0.861615
v -0.775200 -0.285341 0.887820
v -0.775281 -0.306642 0.906115
v -0.738122 -0.345400 1.048690
v -0.738122 -0.444174 1.014070
v -0.738122 -0.512267 0.935438
v -0.738122 -0.531434 0.833867
v -0.738122 -0.496538 0.736573
v -0.738122 -0.416931 0.669624
v -0.738122 -0.313942 0.650960
v -0.738122 -0.215168 0.685582
v -0.738122 -0.147075 0.764213
v -0.738122 -0.127908 0.865783
v -0.738122 -0.162804 0.963078
v -0.738122 -0.242411 1.030030
vt 0.864701 -0.644026
vt 0.994929 -0.644026
vt 0.864701 -0.706183
vt 0.994929 -0.706183
vt 0.864701 -0.706183
vt 0.994929 -0.644026
vt 0.994929 -0.644026
vt 0.864701 -0.706183
vt 0.864701 -0.644026
vt 0.864701 -0.706183
vt 0.994929 -0.706183
vt 0.994929 -0.644026
vt 0.994929 -0.644026
vt 0.864701 -0.706183
vt 0.864701 -0.644026
vt 0.864701 -0.706183
vt 0.994929 -0.706183
vt 0.994929 -0.644026
vt 0.994929 -0.644026
vt 0.864701 -0.644026
vt 0.864701 -0.706183
vt 0.994929 -0.706183
vt 0.994929 -0.644026
vt 0.864701 -0.706183
vt 0.864701 -0.644026
vt 0.864701 -0.706183
vt 0.994929 -0.644026
vt 0.994929 -0.706183
vt 0.994929 -0.644026
vt 0.864701 -0.706183
vt 0.864701 -0.644026
vt 0.994929 -0.644026
vt 0.864701 -0.706183
vt 0.994929 -0.706183
vt 0.864701 -0.706183
vt 0.994929 -0.644026
vt 0.864701 -0.644026
vt 0.994929 -0.644026
vt 0.864701 -0.706183
vt 0.994929 -0.706183
vt 0.994929 -0.644026
vt 0.864701 -0.706183
vt 0.994929 -0.644026
vt 0.864701 -0.706183
vt 0.864701 -0.644026
vt 0.864701 -0.706183
vt 0.994929 -0.706183
vt 0.994929 -0.644026
vt 0.864701 -0.644026
vt 0.994929 -0.644026
vt 0.864701 -0.706183
vt 0.994929 -0.706183
vt 0.864701 -0.706183
vt 0.994929 -0.644026
vt 0.864701 -0.644026
vt 0.994929 -0.644026
vt 0.864701 -0.706183
vt 0.994929 -0.706183
vt 0.864701 -0.706183
vt 0.994929 -0.644026
vt 0.994929 -0.644026
vt 0.864701 -0.706183
vt 0.864701 -0.644026
vt 0.994929 -0.644026
vt 0.864701 -0.644026
vt 0.994929 -0.706183
vt 0.864701 -0.706183
vt 0.994929 -0.706183
vt 0.864701 -0.644026
vt 0.615344 -0.627968
vt 0.665353 -0.612827
vt 0.615882 -0.621436
vt 0.668338 -0.618746
vt 0.703594 -0.581944
vt 0.709301 -0.585664
vt 0.720356 -0.537063
vt 0.727257 -0.537587
vt 0.711149 -0.490210
vt 0.717394 -0.487398
vt 0.678440 -0.453939
vt 0.682356 -0.448544
vt 0.630993 -0.437968
vt 0.631531 -0.431436
vt 0.581521 -0.446577
vt 0.578537 -0.440659
vt 0.543281 -0.477460
vt 0.537574 -0.473740
vt 0.526518 -0.522341
vt 0.519618 -0.521817
vt 0.535725 -0.569194
vt 0.529480 -0.572006
vt 0.568435 -0.605466
vt 0.564519 -0.610860
vt 0.654875 -0.592046
vt 0.617771 -0.598503
vt 0.683555 -0.568884
vt 0.696126 -0.535223
vt 0.689221 -0.500083
vt 0.664689 -0.472879
vt 0.629104 -0.460901
vt 0.592000 -0.467359
vt 0.563320 -0.490520
vt 0.550748 -0.524181
vt 0.557653 -0.559321
vt 0.582185 -0.586525
vt 0.713221 -0.577993
vt 0.701721 -0.530369
vt 0.726500 -0.530369
vt 0.528261 -0.530369
vt 0.541541 -0.577993
vt 0.521204 -0.530369
vt 0.691761 -0.566087
vt 0.676941 -0.612857
vt 0.664551 -0.592235
vt 0.627381 -0.625618
vt 0.627381 -0.601806
vt 0.577821 -0.612857
vt 0.590211 -0.592235
vt 0.563001 -0.566087
vt 0.553041 -0.530369
vt 0.541541 -0.482744
vt 0.563001 -0.494650
vt 0.577821 -0.447880
vt 0.590211 -0.468502
vt 0.627381 -0.435119
vt 0.627381 -0.458932
vt 0.676941 -0.447880
vt 0.664551 -0.468502
vt 0.713221 -0.482744
vt 0.691761 -0.494650
vt 0.733558 -0.530369
vt 0.719332 -0.479353
vt 0.680469 -0.442007
vt 0.627381 -0.428338
vt 0.574292 -0.442007
vt 0.535429 -0.479353
vt 0.864701 -0.706183
vt 0.994929 -0.706183
vt 0.994929 -0.644026
vt 0.627381 -0.632400
vt 0.535429 -0.581384
vt 0.574292 -0.618730
vt 0.680469 -0.618730
vt 0.719332 -0.581384
vt 0.617771 -0.598503
vt 0.582185 -0.586525
vt 0.618337 -0.591623
vt 0.586311 -0.580842
vt 0.557653 -0.559321
vt 0.564232 -0.556359
vt 0.550748 -0.524181
vt 0.558017 -0.524733
vt 0.563320 -0.490520
vt 0.569332 -0.494439
vt 0.592000 -0.467359
vt 0.595144 -0.473593
vt 0.629104 -0.460901
vt 0.628537 -0.467781
vt 0.664689 -0.472879
vt 0.660564 -0.478562
vt 0.689221 -0.500083
vt 0.682643 -0.503045
vt 0.696126 -0.535223
vt 0.688857 -0.534671
vt 0.683555 -0.568884
vt 0.677543 -0.564966
vt 0.654875 -0.592046
vt 0.651731 -0.585811
vt 0.694287 -0.530369
vt 0.701721 -0.530369
vt 0.685323 -0.498222
vt 0.691761 -0.494650
vt 0.660834 -0.474689
vt 0.664551 -0.468502
vt 0.627381 -0.466076
vt 0.627381 -0.458932
vt 0.593928 -0.474689
vt 0.590211 -0.468502
vt 0.569439 -0.498222
vt 0.563001 -0.494650
vt 0.560475 -0.530369
vt 0.553041 -0.530369
vt 0.569439 -0.562515
vt 0.563001 -0.566087
vt 0.593928 -0.586048
vt 0.590211 -0.592235
vt 0.627381 -0.594662
vt 0.627381 -0.601806
vt 0.660834 -0.586048
vt 0.664551 -0.592235
vt 0.685323 -0.562515
vt 0.691761 -0.566087
vt 0.627381 -0.530369
vt 0.616583 -0.549371
vt 0.625250 -0.552337
vt 0.610695 -0.542703
vt 0.609071 -0.534193
vt 0.612068 -0.526033
vt 0.618975 -0.520337
vt 0.628019 -0.518717
vt 0.636685 -0.521682
vt 0.642573 -0.528350
vt 0.644198 -0.536861
vt 0.641200 -0.545020
vt 0.634294 -0.550717
vt 0.588636 -0.584330
vt 0.620663 -0.595111
vt 0.566557 -0.559847
vt 0.560342 -0.528221
vt 0.571657 -0.497926
vt 0.597469 -0.477081
vt 0.630862 -0.471269
vt 0.662889 -0.482049
vt 0.684968 -0.506533
vt 0.691183 -0.538159
vt 0.679868 -0.568453
vt 0.654056 -0.589299
vn 0.0000 0.1783 0.9839
vn 0.0000 0.6436 0.7653
vn 0.0000 -0.9413 -0.3376
vn 0.0000 0.9413 0.3376
vn 0.0000 -0.9826 0.1854
vn 0.0000 -0.7559 0.6546
vn 0.0000 -0.3308 0.9437
vn 0.0000 0.3308 -0.9437
vn 0.0000 -0.1783 -0.9839
vn 0.0000 -0.6436 -0.7653
vn -0.8247 -0.0446 0.5637
vn -0.9409 0.1433 0.3066
vn -0.9408 -0.0267 0.3380
vn -0.8256 0.2406 0.5103
vn -0.9414 0.2765 0.1932
vn -0.8275 0.4613 0.3200
vn -0.9416 0.3356 0.0265
vn -0.8285 0.5582 0.0441
vn -0.9414 0.3034 -0.1473
vn -0.8275 0.5058 -0.2435
vn -0.9409 0.1898 -0.2803
vn -0.8256 0.3178 -0.4661
vn -0.9407 0.0267 -0.3380
vn -0.8247 0.0446 -0.5638
vn -0.9409 -0.1433 -0.3066
vn -0.8256 -0.2406 -0.5103
vn -0.9414 -0.2765 -0.1932
vn -0.8275 -0.4612 -0.3200
vn -0.9416 -0.3356 -0.0265
vn -0.8285 -0.5582 -0.0441
vn -0.9414 -0.3034 0.1473
vn -0.8275 -0.5058 0.2436
vn -0.9409 -0.1898 0.2803
vn -0.8256 -0.3179 0.4662
vn -1.0000 0.0000 0.0000
vn 0.9409 -0.1898 0.2803
vn 1.0000 0.0000 0.0000
vn 0.9408 -0.0267 0.3380
vn 0.9407 0.0267 -0.3380
vn 0.9409 -0.1433 -0.3066
vn 0.8247 0.0446 -0.5638
vn 0.9414 -0.3034 0.1473
vn 0.9416 -0.3356 -0.0265
vn 0.9414 -0.2764 -0.1932
vn 0.9409 0.1897 -0.2803
vn 0.9414 0.3034 -0.1473
vn 0.9416 0.3356 0.0265
vn 0.9414 0.2765 0.1932
vn 0.9409 0.1433 0.3066
vn 0.8247 -0.0446 0.5637
vn 0.8256 0.2406 0.5103
vn 0.8275 0.4613 0.3200
vn 0.8285 0.5582 0.0441
vn 0.8276 0.5058 -0.2435
vn 0.8256 0.3178 -0.4661
vn 0.8285 -0.5582 -0.0441
vn 0.8256 -0.2406 -0.5103
vn 0.8275 -0.4612 -0.3200
vn 0.8275 -0.5058 0.2435
vn 0.8256 -0.3179 0.4662
vn 0.7785 -0.0495 0.6257
vn 0.7796 -0.3528 0.5175
vn 0.7795 -0.3512 0.5186
vn 0.7818 -0.5618 0.2705
vn 0.7817 -0.5610 0.2723
vn 0.7829 -0.6202 -0.0490
vn 0.7818 -0.5123 -0.3555
vn 0.7818 -0.5112 -0.3571
vn 0.7796 -0.2671 -0.5665
vn 0.7795 -0.2653 -0.5673
vn 0.7784 0.0495 -0.6257
vn 0.7796 0.3528 -0.5175
vn 0.7795 0.3512 -0.5186
vn 0.7818 0.5618 -0.2705
vn 0.7817 0.5610 -0.2723
vn 0.7829 0.6202 0.0490
vn 0.7818 0.5123 0.3555
vn 0.7818 0.5112 0.3571
vn 0.7795 0.2671 0.5665
vn 0.7795 0.2653 0.5674
vn -0.9434 -0.0261 0.3305
vn -0.7785 -0.0495 0.6257
vn -0.9435 0.1401 0.3001
vn -0.7795 0.2671 0.5665
vn -0.9438 0.2708 0.1894
vn -0.7818 0.5123 0.3555
vn -0.9439 0.3291 0.0260
vn -0.7829 0.6202 0.0490
vn -0.9438 0.2972 -0.1445
vn -0.7818 0.5618 -0.2705
vn -0.9435 0.1856 -0.2744
vn -0.7796 0.3528 -0.5175
vn -0.9434 0.0261 -0.3306
vn -0.7784 0.0495 -0.6257
vn -0.9435 -0.1401 -0.3001
vn -0.7796 -0.2671 -0.5665
vn -0.9438 -0.2708 -0.1894
vn -0.7818 -0.5123 -0.3555
vn -0.9439 -0.3291 -0.0260
vn -0.7829 -0.6202 -0.0490
vn -0.9438 -0.2972 0.1445
vn -0.7818 -0.5618 0.2705
vn -0.9435 -0.1856 0.2744
vn -0.7796 -0.3528 0.5175
vn -0.9886 -0.0861 0.1231
vn -0.9883 -0.0124 0.1518
vn -0.9890 -0.1333 0.0634
vn -0.9896 -0.1436 -0.0094
vn -0.9901 -0.1176 -0.0769
vn -0.9904 -0.0617 -0.1240
vn -0.9904 0.0113 -0.1379
vn -0.9902 0.0813 -0.1133
vn -0.9899 0.1289 -0.0582
vn -0.9896 0.1433 0.0125
vn -0.9892 0.1211 0.0826
vn -0.9888 0.0649 0.1343
vn -0.9664 -0.1457 0.2116
vn -0.9655 -0.0207 0.2596
vn -0.9683 -0.2257 0.1068
vn -0.9701 -0.2420 -0.0206
vn -0.9711 -0.1954 -0.1369
vn -0.9715 -0.1005 -0.2145
vn -0.9717 0.0187 -0.2355
vn -0.9717 0.1327 -0.1955
vn -0.9713 0.2139 -0.1043
vn -0.9701 0.2422 0.0174
vn -0.9681 0.2067 0.1412
vn -0.9662 0.1108 0.2326
usemtl TT_CAR
s 1
f 2909/2901/2616 2907/2902/2616 2908/2903/2616
f 2912/2904/2617 2910/2905/2617 2911/2906/2617
f 2913/2907/2617 2914/2908/2617 2915/2909/2617
f 2916/2910/2618 2918/2911/2618 2917/2912/2618
f 2919/2913/2619 2920/2914/2619 2921/2915/2619
f 2922/2916/2620 2924/2917/2620 2923/2918/2620
f 2925/2919/2620 2927/2920/2620 2926/2921/2620
f 2930/2922/2621 2929/2923/2621 2928/2924/2621
f 2933/2925/2621 2932/2926/2621 2931/2927/2621
f 2936/2928/2622 2935/2929/2622 2934/2930/2622
f 2939/2931/2623 2937/2932/2623 2938/2933/2623
f 2942/2934/2624 2940/2935/2624 2941/2936/2624
f 2945/2937/2624 2943/2938/2624 2944/2939/2624
f 2948/2940/2617 2947/2941/2617 2946/2942/2617
f 2949/2943/2625 2950/2944/2625 2951/2945/2625
f 2952/2946/2619 2954/2947/2619 2953/2948/2619
f 2957/2949/2618 2955/2950/2618 2956/2951/2618
f 2960/2952/2620 2958/2953/2620 2959/2954/2620
f 2963/2955/2620 2961/2956/2620 2962/2957/2620
f 2966/2958/2621 2964/2959/2621 2965/2960/2621
f 2967/2961/2621 2968/2962/2621 2969/2963/2621
f 2972/2964/2622 2970/2965/2622 2971/2966/2622
f 2975/2967/2622 2973/2968/2622 2974/2969/2622
f 2976/2970/2626 2977/2971/2627 2978/2972/2628
f 2979/2973/2629 2977/2971/2627 2976/2970/2626
f 2979/2973/2629 2980/2974/2630 2977/2971/2627
f 2980/2974/2630 2979/2973/2629 2981/2975/2631
f 2980/2974/2630 2981/2975/2631 2982/2976/2632
f 2983/2977/2633 2982/2976/2632 2981/2975/2631
f 2982/2976/2632 2983/2977/2633 2984/2978/2634
f 2985/2979/2635 2984/2978/2634 2983/2977/2633
f 2984/2978/2634 2985/2979/2635 2986/2980/2636
f 2987/2981/2637 2986/2980/2636 2985/2979/2635
f 2986/2980/2636 2987/2981/2637 2988/2982/2638
f 2989/2983/2639 2988/2982/2638 2987/2981/2637
f 2988/2982/2638 2989/2983/2639 2990/2984/2640
f 2990/2984/2640 2989/2983/2639 2991/2985/2641
f 2991/2985/2641 2992/2986/2642 2990/2984/2640
f 2992/2986/2642 2991/2985/2641 2993/2987/2643
f 2992/2986/2642 2993/2987/2643 2994/2988/2644
f 2994/2988/2644 2993/2987/2643 2995/2989/2645
f 2994/2988/2644 2995/2989/2645 2996/2990/2646
f 2997/2991/2647 2996/2990/2646 2995/2989/2645
f 2996/2990/2646 2997/2991/2647 2998/2992/2648
f 2998/2992/2648 2997/2991/2647 2999/2993/2649
f 2999/2993/2649 2978/2972/2628 2998/2992/2648
f 2978/2972/2628 2999/2993/2649 2976/2970/2626
f 2978/2972/2628 3000/2994/2650 3001/2995/2650
f 3000/2994/2650 2978/2972/2628 2977/2971/2627
f 2977/2971/2627 3002/2996/2650 3000/2994/2650
f 3002/2996/2650 2977/2971/2627 2980/2974/2630
f 3002/2996/2650 2980/2974/2630 3003/2997/2650
f 3003/2997/2650 2980/2974/2630 2982/2976/2632
f 2982/2976/2632 3004/2998/2650 3003/2997/2650
f 3004/2998/2650 2982/2976/2632 2984/2978/2634
f 3004/2998/2650 2984/2978/2634 3005/2999/2650
f 2986/2980/2636 3005/2999/2650 2984/2978/2634
f 2986/2980/2636 3006/3000/2650 3005/2999/2650
f 3006/3000/2650 2986/2980/2636 2988/2982/2638
f 3006/3000/2650 2988/2982/2638 3007/3001/2650
f 3007/3001/2650 2988/2982/2638 2990/2984/2640
f 3007/3001/2650 2990/2984/2640 3008/3002/2650
f 2992/2986/2642 3008/3002/2650 2990/2984/2640
f 2992/2986/2642 3009/3003/2650 3008/3002/2650
f 2994/2988/2644 3009/3003/2650 2992/2986/2642
f 3009/3003/2650 2994/2988/2644 3010/3004/2650
f 2996/2990/2646 3010/3004/2650 2994/2988/2644
f 3010/3004/2650 2996/2990/2646 3011/3005/2650
f 2998/2992/2648 3011/3005/2650 2996/2990/2646
f 2998/2992/2648 3001/2995/2650 3011/3005/2650
f 2978/2972/2628 3001/2995/2650 2998/2992/2648
f 3012/3006/2651 3013/3007/2652 3014/3008/2653
f 2902/3009/2654 3015/3010/2655 2903/3011/2656
f 3013/3007/2652 3012/3006/2651 3016/3012/2652
f 3012/3006/2651 3017/3013/2657 3016/3012/2652
f 3018/3014/2652 3016/3012/2652 3017/3013/2657
f 3017/3013/2657 3019/3015/2658 3018/3014/2652
f 3018/3014/2652 3019/3015/2658 3020/3016/2652
f 3021/3017/2659 3020/3016/2652 3019/3015/2658
f 3022/3018/2652 3020/3016/2652 3021/3017/2659
f 3021/3017/2659 3015/3010/2655 3022/3018/2652
f 3022/3018/2652 3015/3010/2655 3023/3019/2652
f 2902/3009/2654 3023/3019/2652 3015/3010/2655
f 3024/3020/2652 3023/3019/2652 2902/3009/2654
f 3025/3021/2660 3024/3020/2652 2902/3009/2654
f 3024/3020/2652 3025/3021/2660 3026/3022/2652
f 3027/3023/2661 3026/3022/2652 3025/3021/2660
f 3028/3024/2652 3026/3022/2652 3027/3023/2661
f 3029/3025/2662 3028/3024/2652 3027/3023/2661
f 3028/3024/2652 3029/3025/2662 3030/3026/2652
f 3029/3025/2662 3031/3027/2663 3030/3026/2652
f 3032/3028/2652 3030/3026/2652 3031/3027/2663
f 3033/3029/2664 3032/3028/2652 3031/3027/2663
f 3032/3028/2652 3033/3029/2664 3034/3030/2652
f 3014/3008/2653 3034/3030/2652 3033/3029/2664
f 3014/3008/2653 3033/3029/2664 3035/3031/2665
f 3035/3031/2665 3033/3029/2664 3036/3032/2666
f 3031/3027/2663 3036/3032/2666 3033/3029/2664
f 3036/3032/2666 3031/3027/2663 3037/3033/2667
f 3031/3027/2663 3029/3025/2662 3037/3033/2667
f 3037/3033/2667 3029/3025/2662 3038/3034/2668
f 3029/3025/2662 3027/3023/2661 3038/3034/2668
f 3039/3035/2669 3038/3034/2668 3027/3023/2661
f 3025/3021/2660 3039/3035/2669 3027/3023/2661
f 2901/3036/2670 3039/3035/2669 3025/3021/2660
f 2902/3009/2654 2901/3036/2670 3025/3021/2660
f 2906/3037/2624 2904/3038/2624 2905/3039/2624
f 2903/3011/2656 2901/3036/2670 2902/3009/2654
f 3017/3013/2657 3040/3040/2671 3019/3015/2658
f 3041/3041/2672 2903/3011/2656 3015/3010/2655
f 3015/3010/2655 3021/3017/2659 3041/3041/2672
f 3041/3041/2672 3021/3017/2659 3042/3042/2673
f 3021/3017/2659 3019/3015/2658 3042/3042/2673
f 3042/3042/2673 3019/3015/2658 3040/3040/2671
f 3034/3030/2652 3014/3008/2653 3013/3007/2652
f 3040/3040/2671 3017/3013/2657 3043/3043/2674
f 3017/3013/2657 3012/3006/2651 3043/3043/2674
f 3044/3044/2675 3043/3043/2674 3012/3006/2651
f 3014/3008/2653 3044/3044/2675 3012/3006/2651
f 3044/3044/2675 3014/3008/2653 3035/3031/2665
f 3047/3045/2676 3046/3046/2677 3045/3047/2676
f 3048/3048/2678 3045/3047/2676 3046/3046/2677
f 3048/3048/2678 3046/3046/2677 3049/3049/2679
f 3049/3049/2679 3050/3050/2680 3048/3048/2678
f 3050/3050/2680 3049/3049/2679 3051/3051/2681
f 3051/3051/2681 3052/3052/2681 3050/3050/2680
f 3052/3052/2681 3051/3051/2681 3053/3053/2682
f 3053/3053/2682 3054/3054/2683 3052/3052/2681
f 3054/3054/2683 3053/3053/2682 3055/3055/2684
f 3055/3055/2684 3056/3056/2685 3054/3054/2683
f 3056/3056/2685 3055/3055/2684 3057/3057/2686
f 3058/3058/2686 3056/3056/2685 3057/3057/2686
f 3058/3058/2686 3057/3057/2686 3059/3059/2687
f 3059/3059/2687 3060/3060/2688 3058/3058/2686
f 3059/3059/2687 3061/3061/2689 3060/3060/2688
f 3062/3062/2690 3060/3060/2688 3061/3061/2689
f 3061/3061/2689 3063/3063/2691 3062/3062/2690
f 3064/3064/2691 3062/3062/2690 3063/3063/2691
f 3064/3064/2691 3063/3063/2691 3065/3065/2692
f 3066/3066/2693 3064/3064/2691 3065/3065/2692
f 3066/3066/2693 3065/3065/2692 3067/3067/2694
f 3068/3068/2695 3066/3066/2693 3067/3067/2694
f 3067/3067/2694 3047/3045/2676 3068/3068/2695
f 3047/3045/2676 3045/3047/2676 3068/3068/2695
f 3071/3069/2696 3070/3070/2697 3069/3071/2698
f 3072/3072/2699 3069/3071/2698 3070/3070/2697
f 3073/3073/2700 3069/3071/2698 3072/3072/2699
f 3072/3072/2699 3074/3074/2701 3073/3073/2700
f 3073/3073/2700 3074/3074/2701 3075/3075/2702
f 3076/3076/2703 3075/3075/2702 3074/3074/2701
f 3075/3075/2702 3076/3076/2703 3077/3077/2704
f 3076/3076/2703 3078/3078/2705 3077/3077/2704
f 3079/3079/2706 3077/3077/2704 3078/3078/2705
f 3080/3080/2707 3079/3079/2706 3078/3078/2705
f 3081/3081/2708 3079/3079/2706 3080/3080/2707
f 3082/3082/2709 3081/3081/2708 3080/3080/2707
f 3083/3083/2710 3081/3081/2708 3082/3082/2709
f 3084/3084/2711 3083/3083/2710 3082/3082/2709
f 3085/3085/2712 3083/3083/2710 3084/3084/2711
f 3086/3086/2713 3085/3085/2712 3084/3084/2711
f 3085/3085/2712 3086/3086/2713 3087/3087/2714
f 3088/3088/2715 3087/3087/2714 3086/3086/2713
f 3089/3089/2716 3087/3087/2714 3088/3088/2715
f 3088/3088/2715 3090/3090/2717 3089/3089/2716
f 3089/3089/2716 3090/3090/2717 3091/3091/2718
f 3090/3090/2717 3092/3092/2719 3091/3091/2718
f 3091/3091/2718 3092/3092/2719 3071/3069/2696
f 3092/3092/2719 3070/3070/2697 3071/3069/2696
f 3093/3093/2650 3071/3069/2696 3069/3071/2698
f 3091/3091/2718 3071/3069/2696 3093/3093/2650
f 3093/3093/2650 3089/3089/2716 3091/3091/2718
f 3087/3087/2714 3089/3089/2716 3093/3093/2650
f 3085/3085/2712 3087/3087/2714 3093/3093/2650
f 3083/3083/2710 3085/3085/2712 3093/3093/2650
f 3081/3081/2708 3083/3083/2710 3093/3093/2650
f 3093/3093/2650 3079/3079/2706 3081/3081/2708
f 3077/3077/2704 3079/3079/2706 3093/3093/2650
f 3075/3075/2702 3077/3077/2704 3093/3093/2650
f 3073/3073/2700 3075/3075/2702 3093/3093/2650
f 3069/3071/2698 3073/3073/2700 3093/3093/2650
f 3096/3094/2720 3094/3095/2721 3095/3096/2722
f 3095/3096/2722 3094/3095/2721 3097/3097/2723
f 3097/3097/2723 3094/3095/2721 3098/3098/2724
f 3098/3098/2724 3094/3095/2721 3099/3099/2725
f 3099/3099/2725 3094/3095/2721 3100/3100/2726
f 3100/3100/2726 3094/3095/2721 3101/3101/2727
f 3101/3101/2727 3094/3095/2721 3102/3102/2728
f 3094/3095/2721 3103/3103/2729 3102/3102/2728
f 3103/3103/2729 3094/3095/2721 3104/3104/2730
f 3104/3104/2730 3094/3095/2721 3105/3105/2731
f 3107/3106/2732 3106/3107/2733 3096/3094/2720
f 3094/3095/2721 3096/3094/2720 3106/3107/2733
f 3107/3106/2732 3095/3096/2722 3108/3108/2734
f 3096/3094/2720 3095/3096/2722 3107/3106/2732
f 3109/3109/2735 3108/3108/2734 3097/3097/2723
f 3097/3097/2723 3108/3108/2734 3095/3096/2722
f 3110/3110/2736 3109/3109/2735 3098/3098/2724
f 3097/3097/2723 3098/3098/2724 3109/3109/2735
f 3110/3110/2736 3099/3099/2725 3111/3111/2737
f 3099/3099/2725 3110/3110/2736 3098/3098/2724
f 3112/3112/2738 3111/3111/2737 3100/3100/2726
f 3099/3099/2725 3100/3100/2726 3111/3111/2737
f 3112/3112/2738 3101/3101/2727 3113/3113/2739
f 3100/3100/2726 3101/3101/2727 3112/3112/2738
f 3113/3113/2739 3102/3102/2728 3114/3114/2740
f 3101/3101/2727 3102/3102/2728 3113/3113/2739
f 3114/3114/2740 3103/3103/2729 3115/3115/2741
f 3102/3102/2728 3103/3103/2729 3114/3114/2740
f 3116/3116/2742 3115/3115/2741 3104/3104/2730
f 3103/3103/2729 3104/3104/2730 3115/3115/2741
f 3117/3117/2743 3116/3116/2742 3105/3105/2731
f 3104/3104/2730 3105/3105/2731 3116/3116/2742
f 3106/3107/2733 3117/3117/2743 3094/3095/2721
f 3105/3105/2731 3094/3095/2721 3117/3117/2743
o TT_WHEEL2
v 0.573321 -0.147959 0.589178
v 0.573321 -0.304710 0.534235
v 0.558891 -0.306369 0.555211
v 0.735173 -0.191193 1.135800
v 0.735173 -0.354632 1.165420
v 0.573321 -0.354632 1.165420
v 0.735173 -0.191193 1.135800
v 0.573321 -0.191193 1.135800
v 0.573321 -0.354632 1.165420
v 0.573321 -0.191193 1.135800
v 0.735173 -0.191193 1.135800
v 0.735173 -0.064858 1.029550
v 0.735173 -0.064858 1.029550
v 0.573321 -0.064858 1.029550
v 0.573321 -0.191193 1.135800
v 0.573321 -0.064858 1.029550
v 0.735173 -0.064858 1.029550
v 0.735173 -0.009480 0.875151
v 0.735173 -0.009480 0.875151
v 0.573321 -0.009480 0.875151
v 0.573321 -0.064858 1.029550
v 0.573321 -0.009480 0.875151
v 0.735173 -0.009480 0.875151
v 0.735173 -0.039897 0.713962
v 0.735173 -0.039897 0.713962
v 0.573321 -0.039897 0.713963
v 0.573321 -0.009480 0.875151
v 0.573321 -0.039897 0.713963
v 0.735173 -0.039897 0.713962
v 0.735173 -0.147959 0.589178
v 0.735173 -0.147959 0.589178
v 0.573321 -0.147959 0.589178
v 0.573321 -0.039897 0.713963
v 0.573321 -0.147959 0.589178
v 0.735173 -0.147959 0.589178
v 0.735173 -0.304710 0.534234
v 0.735173 -0.304710 0.534234
v 0.573321 -0.304710 0.534235
v 0.573321 -0.147959 0.589178
v 0.573321 -0.304710 0.534235
v 0.735173 -0.304710 0.534234
v 0.735173 -0.468149 0.563854
v 0.735173 -0.468149 0.563854
v 0.573321 -0.468149 0.563854
v 0.573321 -0.304710 0.534235
v 0.573321 -0.468149 0.563854
v 0.735173 -0.468149 0.563854
v 0.735173 -0.594483 0.670099
v 0.735173 -0.594483 0.670099
v 0.573321 -0.594483 0.670099
v 0.573321 -0.468149 0.563854
v 0.573321 -0.594483 0.670099
v 0.735173 -0.594483 0.670099
v 0.735173 -0.649861 0.824501
v 0.735173 -0.649861 0.824501
v 0.573321 -0.649861 0.824501
v 0.573321 -0.594483 0.670099
v 0.573321 -0.649861 0.824501
v 0.735173 -0.649861 0.824501
v 0.735173 -0.619444 0.985690
v 0.735173 -0.619444 0.985690
v 0.573321 -0.619444 0.985691
v 0.573321 -0.649861 0.824501
v 0.573321 -0.619444 0.985691
v 0.735173 -0.619444 0.985690
v 0.735173 -0.511383 1.110470
v 0.735173 -0.511383 1.110470
v 0.573321 -0.511383 1.110470
v 0.573321 -0.619444 0.985691
v 0.573321 -0.511383 1.110470
v 0.735173 -0.511383 1.110470
v 0.735173 -0.354632 1.165420
v 0.735173 -0.354632 1.165420
v 0.573321 -0.354632 1.165420
v 0.573321 -0.511383 1.110470
v 0.735173 -0.354632 1.165420
v 0.749603 -0.352973 1.144440
v 0.749603 -0.200397 1.116790
v 0.735173 -0.191193 1.135800
v 0.749603 -0.082460 1.017610
v 0.735173 -0.064858 1.029550
v 0.749603 -0.030763 0.873468
v 0.735173 -0.009480 0.875151
v 0.749603 -0.059158 0.722993
v 0.735173 -0.039897 0.713962
v 0.749603 -0.160037 0.606503
v 0.735173 -0.147959 0.589178
v 0.749603 -0.306369 0.555211
v 0.735173 -0.304710 0.534234
v 0.749603 -0.458945 0.582861
v 0.735173 -0.468149 0.563854
v 0.749603 -0.576882 0.682045
v 0.735173 -0.594483 0.670099
v 0.749603 -0.628579 0.826185
v 0.735173 -0.649861 0.824501
v 0.749603 -0.600184 0.976660
v 0.735173 -0.619444 0.985690
v 0.749603 -0.499305 1.093150
v 0.735173 -0.511383 1.110470
v 0.749603 -0.347148 1.070790
v 0.749603 -0.232716 1.050050
v 0.749603 -0.144263 0.975663
v 0.749603 -0.105490 0.867557
v 0.749603 -0.126787 0.754701
v 0.749603 -0.202445 0.667333
v 0.749603 -0.312195 0.628865
v 0.749603 -0.426627 0.649603
v 0.749603 -0.515079 0.723990
v 0.749603 -0.553852 0.832095
v 0.749603 -0.532555 0.944952
v 0.749603 -0.456896 1.032320
v 0.558891 -0.499305 1.093150
v 0.558891 -0.352973 1.144440
v 0.558891 -0.347148 1.070790
v 0.558891 -0.458945 0.582861
v 0.558891 -0.456897 1.032320
v 0.558891 -0.600184 0.976660
v 0.558891 -0.532555 0.944952
v 0.558891 -0.628579 0.826185
v 0.558891 -0.553852 0.832095
v 0.558891 -0.576882 0.682045
v 0.558891 -0.515079 0.723990
v 0.558891 -0.426627 0.649603
v 0.558891 -0.312195 0.628865
v 0.558891 -0.160037 0.606503
v 0.558891 -0.202445 0.667333
v 0.558891 -0.059158 0.722993
v 0.558891 -0.126787 0.754701
v 0.558891 -0.030763 0.873468
v 0.558891 -0.105490 0.867557
v 0.558891 -0.082460 1.017610
v 0.558891 -0.144263 0.975663
v 0.558891 -0.200397 1.116790
v 0.558891 -0.232716 1.050050
v 0.573321 -0.354632 1.165420
v 0.573321 -0.191193 1.135800
v 0.573321 -0.064858 1.029550
v 0.573321 -0.009480 0.875151
v 0.573321 -0.039897 0.713963
v 0.573321 -0.649861 0.824501
v 0.573321 -0.468149 0.563854
v 0.573321 -0.594483 0.670099
v 0.573321 -0.619444 0.985691
v 0.573321 -0.511383 1.110470
v 0.731731 -0.345400 1.048690
v 0.749603 -0.347148 1.070790
v 0.749603 -0.456896 1.032320
v 0.731731 -0.444174 1.014070
v 0.749603 -0.532555 0.944952
v 0.731731 -0.512267 0.935439
v 0.749603 -0.553852 0.832095
v 0.731731 -0.531434 0.833868
v 0.749603 -0.515079 0.723990
v 0.731731 -0.496538 0.736574
v 0.749603 -0.426627 0.649603
v 0.731731 -0.416931 0.669625
v 0.749603 -0.312195 0.628865
v 0.731731 -0.313942 0.650961
v 0.749603 -0.202445 0.667333
v 0.731731 -0.215168 0.685583
v 0.749603 -0.126787 0.754701
v 0.731731 -0.147075 0.764214
v 0.749603 -0.105490 0.867557
v 0.731731 -0.127908 0.865784
v 0.749603 -0.144263 0.975663
v 0.731731 -0.162804 0.963079
v 0.749603 -0.232716 1.050050
v 0.731731 -0.242411 1.030030
v 0.576763 -0.242411 1.030030
v 0.576763 -0.345400 1.048690
v 0.558891 -0.347148 1.070790
v 0.558891 -0.232716 1.050050
v 0.576763 -0.162804 0.963079
v 0.558891 -0.144263 0.975663
v 0.576763 -0.127908 0.865784
v 0.558891 -0.105490 0.867557
v 0.576763 -0.147075 0.764214
v 0.558891 -0.126787 0.754701
v 0.576763 -0.215168 0.685583
v 0.558891 -0.202445 0.667333
v 0.576763 -0.313942 0.650961
v 0.558891 -0.312195 0.628865
v 0.576763 -0.416931 0.669625
v 0.558891 -0.426627 0.649603
v 0.576763 -0.496538 0.736574
v 0.558891 -0.515079 0.723990
v 0.576763 -0.531434 0.833868
v 0.558891 -0.553852 0.832095
v 0.576763 -0.512267 0.935439
v 0.558891 -0.532555 0.944952
v 0.576763 -0.444174 1.014070
v 0.558891 -0.456897 1.032320
v 0.552259 -0.329671 0.849826
v 0.768932 -0.334535 0.911319
v 0.768891 -0.361263 0.901795
v 0.768809 -0.379422 0.880380
v 0.768770 -0.384433 0.853047
v 0.768809 -0.375188 0.826842
v 0.768891 -0.353888 0.808548
v 0.768932 -0.325995 0.803343
v 0.768891 -0.299267 0.812868
v 0.768809 -0.281107 0.834283
v 0.768770 -0.276097 0.861616
v 0.768809 -0.285341 0.887821
v 0.768891 -0.306642 0.906116
v 0.731731 -0.345400 1.048690
v 0.731731 -0.444174 1.014070
v 0.731731 -0.512267 0.935439
v 0.731731 -0.531434 0.833868
v 0.731731 -0.496538 0.736574
v 0.731731 -0.416931 0.669625
v 0.731731 -0.313942 0.650961
v 0.731731 -0.215168 0.685583
v 0.731731 -0.147075 0.764214
v 0.731731 -0.127908 0.865784
v 0.731731 -0.162804 0.963079
v 0.731731 -0.242411 1.030030
vt 0.864701 -0.706183
vt 0.994929 -0.644026
vt 0.864701 -0.644026
vt 0.994929 -0.644026
vt 0.994929 -0.706183
vt 0.864701 -0.706183
vt 0.994929 -0.644026
vt 0.864701 -0.644026
vt 0.864701 -0.706183
vt 0.864701 -0.706183
vt 0.994929 -0.706183
vt 0.994929 -0.644026
vt 0.994929 -0.644026
vt 0.864701 -0.644026
vt 0.864701 -0.706183
vt 0.864701 -0.706183
vt 0.994929 -0.706183
vt 0.994929 -0.644026
vt 0.994929 -0.644026
vt 0.864701 -0.644026
vt 0.864701 -0.706183
vt 0.994929 -0.644026
vt 0.994929 -0.706183
vt 0.864701 -0.706183
vt 0.864701 -0.706183
vt 0.994929 -0.644026
vt 0.864701 -0.644026
vt 0.994929 -0.644026
vt 0.994929 -0.706183
vt 0.864701 -0.706183
vt 0.864701 -0.706183
vt 0.994929 -0.644026
vt 0.864701 -0.644026
vt 0.994929 -0.644026
vt 0.864701 -0.706183
vt 0.994929 -0.706183
vt 0.864701 -0.706183
vt 0.994929 -0.644026
vt 0.864701 -0.644026
vt 0.994929 -0.644026
vt 0.864701 -0.706183
vt 0.994929 -0.706183
vt 0.994929 -0.644026
vt 0.864701 -0.706183
vt 0.864701 -0.644026
vt 0.864701 -0.706183
vt 0.994929 -0.644026
vt 0.994929 -0.706183
vt 0.864701 -0.706183
vt 0.994929 -0.644026
vt 0.864701 -0.644026
vt 0.994929 -0.644026
vt 0.994929 -0.706183
vt 0.864701 -0.706183
vt 0.864701 -0.706183
vt 0.864701 -0.644026
vt 0.994929 -0.644026
vt 0.994929 -0.644026
vt 0.864701 -0.706183
vt 0.994929 -0.706183
vt 0.994929 -0.644026
vt 0.864701 -0.644026
vt 0.864701 -0.706183
vt 0.994929 -0.706183
vt 0.864701 -0.644026
vt 0.994929 -0.644026
vt 0.864701 -0.644026
vt 0.994929 -0.706183
vt 0.864701 -0.706183
vt 0.615344 -0.627968
vt 0.615882 -0.621436
vt 0.665353 -0.612827
vt 0.668338 -0.618746
vt 0.703594 -0.581944
vt 0.709301 -0.585664
vt 0.720356 -0.537063
vt 0.727257 -0.537587
vt 0.711149 -0.490210
vt 0.717394 -0.487398
vt 0.678440 -0.453939
vt 0.682356 -0.448544
vt 0.630993 -0.437968
vt 0.631531 -0.431436
vt 0.581521 -0.446577
vt 0.578537 -0.440659
vt 0.543281 -0.477460
vt 0.537574 -0.473740
vt 0.526518 -0.522341
vt 0.519618 -0.521817
vt 0.535725 -0.569194
vt 0.529480 -0.572006
vt 0.568435 -0.605466
vt 0.564519 -0.610860
vt 0.617771 -0.598503
vt 0.654875 -0.592046
vt 0.683555 -0.568884
vt 0.696126 -0.535223
vt 0.689221 -0.500083
vt 0.664689 -0.472879
vt 0.629104 -0.460901
vt 0.592000 -0.467359
vt 0.563320 -0.490520
vt 0.550748 -0.524181
vt 0.557653 -0.559321
vt 0.582185 -0.586525
vt 0.713221 -0.577993
vt 0.726500 -0.530369
vt 0.701721 -0.530369
vt 0.521204 -0.530369
vt 0.541541 -0.577993
vt 0.528261 -0.530369
vt 0.691761 -0.566087
vt 0.676941 -0.612857
vt 0.664551 -0.592235
vt 0.627381 -0.625618
vt 0.627381 -0.601806
vt 0.577821 -0.612857
vt 0.590211 -0.592235
vt 0.563001 -0.566087
vt 0.553041 -0.530369
vt 0.541541 -0.482744
vt 0.563001 -0.494650
vt 0.577821 -0.447880
vt 0.590211 -0.468502
vt 0.627381 -0.435119
vt 0.627381 -0.458932
vt 0.676941 -0.447880
vt 0.664551 -0.468502
vt 0.713221 -0.482744
vt 0.691761 -0.494650
vt 0.733558 -0.530369
vt 0.719332 -0.479353
vt 0.680469 -0.442007
vt 0.627381 -0.428338
vt 0.574292 -0.442007
vt 0.535429 -0.479353
vt 0.864701 -0.706183
vt 0.994929 -0.644026
vt 0.994929 -0.706183
vt 0.627381 -0.632400
vt 0.535429 -0.581384
vt 0.574292 -0.618730
vt 0.680469 -0.618730
vt 0.719332 -0.581384
vt 0.618337 -0.591623
vt 0.582185 -0.586525
vt 0.617771 -0.598503
vt 0.586311 -0.580842
vt 0.557653 -0.559321
vt 0.564232 -0.556359
vt 0.550748 -0.524181
vt 0.558017 -0.524733
vt 0.563320 -0.490520
vt 0.569332 -0.494439
vt 0.592000 -0.467359
vt 0.595144 -0.473593
vt 0.629104 -0.460901
vt 0.628537 -0.467781
vt 0.664689 -0.472879
vt 0.660564 -0.478562
vt 0.689221 -0.500083
vt 0.682643 -0.503045
vt 0.696126 -0.535223
vt 0.688857 -0.534671
vt 0.683555 -0.568884
vt 0.677543 -0.564966
vt 0.654875 -0.592046
vt 0.651731 -0.585811
vt 0.701721 -0.530369
vt 0.694287 -0.530369
vt 0.685323 -0.498222
vt 0.691761 -0.494650
vt 0.660834 -0.474689
vt 0.664551 -0.468502
vt 0.627381 -0.466076
vt 0.627381 -0.458932
vt 0.593928 -0.474689
vt 0.590211 -0.468502
vt 0.569439 -0.498222
vt 0.563001 -0.494650
vt 0.560475 -0.530369
vt 0.553041 -0.530369
vt 0.569439 -0.562515
vt 0.563001 -0.566087
vt 0.593928 -0.586048
vt 0.590211 -0.592235
vt 0.627381 -0.594662
vt 0.627381 -0.601806
vt 0.660834 -0.586048
vt 0.664551 -0.592235
vt 0.685323 -0.562515
vt 0.691761 -0.566087
vt 0.627381 -0.530369
vt 0.610695 -0.542703
vt 0.625250 -0.552337
vt 0.616583 -0.549371
vt 0.609071 -0.534193
vt 0.612068 -0.526033
vt 0.618975 -0.520337
vt 0.628019 -0.518717
vt 0.636685 -0.521682
vt 0.642573 -0.528350
vt 0.644198 -0.536861
vt 0.641200 -0.545020
vt 0.634294 -0.550717
vt 0.620663 -0.595111
vt 0.588636 -0.584330
vt 0.566557 -0.559847
vt 0.560342 -0.528221
vt 0.571657 -0.497926
vt 0.597469 -0.477081
vt 0.630862 -0.471269
vt 0.662889 -0.482049
vt 0.684968 -0.506533
vt 0.691183 -0.538159
vt 0.679868 -0.568453
vt 0.654056 -0.589299
vn 0.0000 0.1783 0.9839
vn 0.0000 -0.6436 -0.7653
vn 0.0000 0.6436 0.7653
vn 0.0000 0.9413 0.3376
vn 0.0000 0.9826 -0.1854
vn 0.0000 -0.7559 0.6546
vn 0.0000 0.7559 -0.6546
vn 0.0000 -0.3308 0.9437
vn 0.0000 0.3308 -0.9437
vn 0.0000 -0.1783 -0.9839
vn 0.0000 -0.9413 -0.3376
vn 0.8247 -0.0446 0.5637
vn 0.9408 -0.0267 0.3380
vn 0.9409 0.1433 0.3066
vn 0.8256 0.2406 0.5103
vn 0.9414 0.2765 0.1932
vn 0.8275 0.4613 0.3200
vn 0.9416 0.3356 0.0265
vn 0.8285 0.5582 0.0441
vn 0.9414 0.3034 -0.1473
vn 0.8275 0.5058 -0.2435
vn 0.9409 0.1898 -0.2803
vn 0.8256 0.3178 -0.4661
vn 0.9407 0.0267 -0.3380
vn 0.8247 0.0446 -0.5638
vn 0.9409 -0.1433 -0.3066
vn 0.8256 -0.2406 -0.5103
vn 0.9414 -0.2765 -0.1932
vn 0.8275 -0.4612 -0.3200
vn 0.9416 -0.3356 -0.0265
vn 0.8285 -0.5582 -0.0441
vn 0.9414 -0.3034 0.1473
vn 0.8275 -0.5058 0.2436
vn 0.9409 -0.1898 0.2803
vn 0.8256 -0.3179 0.4662
vn 1.0000 0.0000 0.0000
vn -0.9409 -0.1898 0.2803
vn -0.9408 -0.0267 0.3380
vn -1.0000 0.0000 0.0000
vn -0.8247 0.0446 -0.5638
vn -0.9409 -0.1433 -0.3066
vn -0.9407 0.0267 -0.3380
vn -0.9414 -0.3034 0.1473
vn -0.9416 -0.3356 -0.0265
vn -0.9414 -0.2764 -0.1932
vn -0.9409 0.1898 -0.2803
vn -0.9414 0.3034 -0.1473
vn -0.9416 0.3356 0.0265
vn -0.9414 0.2765 0.1932
vn -0.9409 0.1433 0.3066
vn -0.8247 -0.0446 0.5637
vn -0.8256 0.2406 0.5103
vn -0.8275 0.4613 0.3200
vn -0.8285 0.5582 0.0441
vn -0.8275 0.5058 -0.2435
vn -0.8256 0.3178 -0.4661
vn -0.8285 -0.5582 -0.0441
vn -0.8256 -0.2406 -0.5103
vn -0.8275 -0.4612 -0.3200
vn -0.8275 -0.5058 0.2436
vn -0.8256 -0.3179 0.4662
vn -0.7785 -0.0495 0.6257
vn -0.7796 -0.3528 0.5175
vn -0.7795 -0.3512 0.5186
vn -0.7818 -0.5618 0.2705
vn -0.7817 -0.5610 0.2723
vn -0.7829 -0.6202 -0.0490
vn -0.7818 -0.5123 -0.3555
vn -0.7818 -0.5112 -0.3571
vn -0.7796 -0.2671 -0.5665
vn -0.7795 -0.2653 -0.5673
vn -0.7784 0.0495 -0.6257
vn -0.7796 0.3528 -0.5175
vn -0.7796 0.3512 -0.5186
vn -0.7818 0.5618 -0.2705
vn -0.7817 0.5610 -0.2723
vn -0.7829 0.6202 0.0490
vn -0.7818 0.5123 0.3555
vn -0.7818 0.5112 0.3571
vn -0.7795 0.2671 0.5665
vn -0.7795 0.2653 0.5674
vn 0.7785 -0.0495 0.6257
vn 0.9434 -0.0261 0.3305
vn 0.9435 0.1401 0.3001
vn 0.7795 0.2671 0.5665
vn 0.9438 0.2708 0.1894
vn 0.7818 0.5123 0.3555
vn 0.9439 0.3291 0.0260
vn 0.7829 0.6202 0.0490
vn 0.9438 0.2972 -0.1445
vn 0.7818 0.5618 -0.2705
vn 0.9435 0.1856 -0.2743
vn 0.7796 0.3528 -0.5175
vn 0.9434 0.0261 -0.3305
vn 0.7784 0.0495 -0.6257
vn 0.9435 -0.1401 -0.3001
vn 0.7796 -0.2671 -0.5665
vn 0.9438 -0.2708 -0.1894
vn 0.7818 -0.5123 -0.3555
vn 0.9439 -0.3291 -0.0260
vn 0.7829 -0.6202 -0.0490
vn 0.9438 -0.2972 0.1445
vn 0.7818 -0.5618 0.2705
vn 0.9435 -0.1856 0.2744
vn 0.7796 -0.3528 0.5175
vn 0.9890 -0.1334 0.0634
vn 0.9883 -0.0124 0.1518
vn 0.9886 -0.0860 0.1231
vn 0.9896 -0.1436 -0.0094
vn 0.9901 -0.1176 -0.0769
vn 0.9904 -0.0617 -0.1240
vn 0.9904 0.0113 -0.1379
vn 0.9902 0.0813 -0.1133
vn 0.9899 0.1289 -0.0582
vn 0.9896 0.1433 0.0125
vn 0.9892 0.1211 0.0826
vn 0.9888 0.0648 0.1343
vn 0.9655 -0.0207 0.2596
vn 0.9664 -0.1457 0.2116
vn 0.9683 -0.2257 0.1068
vn 0.9701 -0.2420 -0.0206
vn 0.9711 -0.1954 -0.1369
vn 0.9715 -0.1005 -0.2145
vn 0.9717 0.0187 -0.2355
vn 0.9717 0.1327 -0.1955
vn 0.9713 0.2139 -0.1043
vn 0.9701 0.2422 0.0174
vn 0.9681 0.2067 0.1412
vn 0.9662 0.1108 0.2326
usemtl TT_CAR
s 1
f 3126/3118/2744 3124/3119/2744 3125/3120/2744
f 3129/3121/2745 3128/3122/2745 3127/3123/2745
f 3130/3124/2746 3131/3125/2746 3132/3126/2746
f 3133/3127/2747 3134/3128/2747 3135/3129/2747
f 3136/3130/2747 3137/3131/2747 3138/3132/2747
f 3139/3133/2748 3140/3134/2748 3141/3135/2748
f 3142/3136/2748 3143/3137/2748 3144/3138/2748
f 3147/3139/2749 3146/3140/2749 3145/3141/2749
f 3150/3142/2750 3148/3143/2750 3149/3144/2750
f 3153/3145/2751 3152/3146/2751 3151/3147/2751
f 3156/3148/2752 3154/3149/2752 3155/3150/2752
f 3159/3151/2753 3157/3152/2753 3158/3153/2753
f 3162/3154/2753 3160/3155/2753 3161/3156/2753
f 3165/3157/2745 3163/3158/2745 3164/3159/2745
f 3166/3160/2746 3168/3161/2746 3167/3162/2746
f 3169/3163/2747 3171/3164/2747 3170/3165/2747
f 3174/3166/2754 3172/3167/2754 3173/3168/2754
f 3177/3169/2748 3176/3170/2748 3175/3171/2748
f 3180/3172/2748 3179/3173/2748 3178/3174/2748
f 3183/3175/2749 3181/3176/2749 3182/3177/2749
f 3184/3178/2749 3185/3179/2749 3186/3180/2749
f 3189/3181/2751 3187/3182/2751 3188/3183/2751
f 3192/3184/2751 3190/3185/2751 3191/3186/2751
f 3193/3187/2755 3194/3188/2756 3195/3189/2757
f 3195/3189/2757 3196/3190/2758 3193/3187/2755
f 3196/3190/2758 3195/3189/2757 3197/3191/2759
f 3197/3191/2759 3198/3192/2760 3196/3190/2758
f 3199/3193/2761 3198/3192/2760 3197/3191/2759
f 3198/3192/2760 3199/3193/2761 3200/3194/2762
f 3201/3195/2763 3200/3194/2762 3199/3193/2761
f 3200/3194/2762 3201/3195/2763 3202/3196/2764
f 3203/3197/2765 3202/3196/2764 3201/3195/2763
f 3202/3196/2764 3203/3197/2765 3204/3198/2766
f 3205/3199/2767 3204/3198/2766 3203/3197/2765
f 3204/3198/2766 3205/3199/2767 3206/3200/2768
f 3207/3201/2769 3206/3200/2768 3205/3199/2767
f 3207/3201/2769 3208/3202/2770 3206/3200/2768
f 3208/3202/2770 3207/3201/2769 3209/3203/2771
f 3209/3203/2771 3210/3204/2772 3208/3202/2770
f 3211/3205/2773 3210/3204/2772 3209/3203/2771
f 3211/3205/2773 3212/3206/2774 3210/3204/2772
f 3213/3207/2775 3212/3206/2774 3211/3205/2773
f 3212/3206/2774 3213/3207/2775 3214/3208/2776
f 3215/3209/2777 3214/3208/2776 3213/3207/2775
f 3215/3209/2777 3216/3210/2778 3214/3208/2776
f 3194/3188/2756 3216/3210/2778 3215/3209/2777
f 3194/3188/2756 3193/3187/2755 3216/3210/2778
f 3194/3188/2756 3217/3211/2779 3218/3212/2779
f 3218/3212/2779 3195/3189/2757 3194/3188/2756
f 3219/3213/2779 3195/3189/2757 3218/3212/2779
f 3195/3189/2757 3219/3213/2779 3197/3191/2759
f 3220/3214/2779 3197/3191/2759 3219/3213/2779
f 3220/3214/2779 3199/3193/2761 3197/3191/2759
f 3199/3193/2761 3220/3214/2779 3221/3215/2779
f 3221/3215/2779 3201/3195/2763 3199/3193/2761
f 3222/3216/2779 3201/3195/2763 3221/3215/2779
f 3201/3195/2763 3222/3216/2779 3203/3197/2765
f 3203/3197/2765 3222/3216/2779 3223/3217/2779
f 3223/3217/2779 3205/3199/2767 3203/3197/2765
f 3224/3218/2779 3205/3199/2767 3223/3217/2779
f 3224/3218/2779 3207/3201/2769 3205/3199/2767
f 3225/3219/2779 3207/3201/2769 3224/3218/2779
f 3207/3201/2769 3225/3219/2779 3209/3203/2771
f 3209/3203/2771 3225/3219/2779 3226/3220/2779
f 3209/3203/2771 3226/3220/2779 3211/3205/2773
f 3227/3221/2779 3211/3205/2773 3226/3220/2779
f 3211/3205/2773 3227/3221/2779 3213/3207/2775
f 3228/3222/2779 3213/3207/2775 3227/3221/2779
f 3213/3207/2775 3228/3222/2779 3215/3209/2777
f 3215/3209/2777 3228/3222/2779 3217/3211/2779
f 3215/3209/2777 3217/3211/2779 3194/3188/2756
f 3229/3223/2780 3230/3224/2781 3231/3225/2782
f 3119/3226/2783 3232/3227/2784 3120/3228/2785
f 3231/3225/2782 3233/3229/2782 3229/3223/2780
f 3233/3229/2782 3234/3230/2786 3229/3223/2780
f 3234/3230/2786 3233/3229/2782 3235/3231/2782
f 3235/3231/2782 3236/3232/2787 3234/3230/2786
f 3235/3231/2782 3237/3233/2782 3236/3232/2787
f 3238/3234/2788 3236/3232/2787 3237/3233/2782
f 3238/3234/2788 3237/3233/2782 3239/3235/2782
f 3239/3235/2782 3232/3227/2784 3238/3234/2788
f 3239/3235/2782 3240/3236/2782 3232/3227/2784
f 3120/3228/2785 3232/3227/2784 3240/3236/2782
f 3240/3236/2782 3241/3237/2782 3120/3228/2785
f 3242/3238/2789 3120/3228/2785 3241/3237/2782
f 3241/3237/2782 3243/3239/2782 3242/3238/2789
f 3243/3239/2782 3244/3240/2790 3242/3238/2789
f 3243/3239/2782 3245/3241/2782 3244/3240/2790
f 3246/3242/2791 3244/3240/2790 3245/3241/2782
f 3246/3242/2791 3245/3241/2782 3247/3243/2782
f 3247/3243/2782 3248/3244/2792 3246/3242/2791
f 3248/3244/2792 3247/3243/2782 3249/3245/2782
f 3250/3246/2793 3248/3244/2792 3249/3245/2782
f 3249/3245/2782 3251/3247/2782 3250/3246/2793
f 3230/3224/2781 3250/3246/2793 3251/3247/2782
f 3252/3248/2794 3250/3246/2793 3230/3224/2781
f 3252/3248/2794 3253/3249/2795 3250/3246/2793
f 3253/3249/2795 3248/3244/2792 3250/3246/2793
f 3253/3249/2795 3254/3250/2796 3248/3244/2792
f 3246/3242/2791 3248/3244/2792 3254/3250/2796
f 3254/3250/2796 3255/3251/2797 3246/3242/2791
f 3255/3251/2797 3244/3240/2790 3246/3242/2791
f 3255/3251/2797 3256/3252/2798 3244/3240/2790
f 3242/3238/2789 3244/3240/2790 3256/3252/2798
f 3242/3238/2789 3256/3252/2798 3118/3253/2799
f 3120/3228/2785 3242/3238/2789 3118/3253/2799
f 3123/3254/2753 3121/3255/2753 3122/3256/2753
f 3120/3228/2785 3118/3253/2799 3119/3226/2783
f 3234/3230/2786 3236/3232/2787 3257/3257/2800
f 3232/3227/2784 3119/3226/2783 3258/3258/2801
f 3258/3258/2801 3238/3234/2788 3232/3227/2784
f 3258/3258/2801 3259/3259/2802 3238/3234/2788
f 3259/3259/2802 3236/3232/2787 3238/3234/2788
f 3259/3259/2802 3257/3257/2800 3236/3232/2787
f 3251/3247/2782 3231/3225/2782 3230/3224/2781
f 3257/3257/2800 3260/3260/2803 3234/3230/2786
f 3260/3260/2803 3229/3223/2780 3234/3230/2786
f 3229/3223/2780 3260/3260/2803 3261/3261/2804
f 3230/3224/2781 3229/3223/2780 3261/3261/2804
f 3261/3261/2804 3252/3248/2794 3230/3224/2781
f 3262/3262/2805 3264/3263/2806 3263/3264/2805
f 3264/3263/2806 3262/3262/2805 3265/3265/2807
f 3266/3266/2808 3264/3263/2806 3265/3265/2807
f 3266/3266/2808 3265/3265/2807 3267/3267/2809
f 3267/3267/2809 3268/3268/2810 3266/3266/2808
f 3268/3268/2810 3267/3267/2809 3269/3269/2810
f 3269/3269/2810 3270/3270/2811 3268/3268/2810
f 3269/3269/2810 3271/3271/2812 3270/3270/2811
f 3271/3271/2812 3272/3272/2813 3270/3270/2811
f 3272/3272/2813 3271/3271/2812 3273/3273/2814
f 3274/3274/2815 3272/3272/2813 3273/3273/2814
f 3274/3274/2815 3273/3273/2814 3275/3275/2815
f 3276/3276/2816 3274/3274/2815 3275/3275/2815
f 3275/3275/2815 3277/3277/2817 3276/3276/2816
f 3277/3277/2817 3278/3278/2818 3276/3276/2816
f 3278/3278/2818 3277/3277/2817 3279/3279/2819
f 3279/3279/2819 3280/3280/2820 3278/3278/2818
f 3279/3279/2819 3281/3281/2820 3280/3280/2820
f 3282/3282/2821 3280/3280/2820 3281/3281/2820
f 3282/3282/2821 3281/3281/2820 3283/3283/2822
f 3283/3283/2822 3284/3284/2823 3282/3282/2821
f 3283/3283/2822 3285/3285/2824 3284/3284/2823
f 3263/3264/2805 3284/3284/2823 3285/3285/2824
f 3285/3285/2824 3262/3262/2805 3263/3264/2805
f 3288/3286/2825 3287/3287/2826 3286/3288/2827
f 3286/3288/2827 3289/3289/2828 3288/3286/2825
f 3289/3289/2828 3286/3288/2827 3290/3290/2829
f 3289/3289/2828 3290/3290/2829 3291/3291/2830
f 3291/3291/2830 3290/3290/2829 3292/3292/2831
f 3291/3291/2830 3292/3292/2831 3293/3293/2832
f 3294/3294/2833 3293/3293/2832 3292/3292/2831
f 3293/3293/2832 3294/3294/2833 3295/3295/2834
f 3295/3295/2834 3294/3294/2833 3296/3296/2835
f 3296/3296/2835 3297/3297/2836 3295/3295/2834
f 3297/3297/2836 3296/3296/2835 3298/3298/2837
f 3298/3298/2837 3299/3299/2838 3297/3297/2836
f 3300/3300/2839 3299/3299/2838 3298/3298/2837
f 3299/3299/2838 3300/3300/2839 3301/3301/2840
f 3301/3301/2840 3300/3300/2839 3302/3302/2841
f 3302/3302/2841 3303/3303/2842 3301/3301/2840
f 3303/3303/2842 3302/3302/2841 3304/3304/2843
f 3304/3304/2843 3305/3305/2844 3303/3303/2842
f 3306/3306/2845 3305/3305/2844 3304/3304/2843
f 3305/3305/2844 3306/3306/2845 3307/3307/2846
f 3307/3307/2846 3306/3306/2845 3308/3308/2847
f 3307/3307/2846 3308/3308/2847 3309/3309/2848
f 3309/3309/2848 3308/3308/2847 3287/3287/2826
f 3309/3309/2848 3287/3287/2826 3288/3286/2825
f 3310/3310/2779 3286/3288/2827 3287/3287/2826
f 3310/3310/2779 3287/3287/2826 3308/3308/2847
f 3310/3310/2779 3308/3308/2847 3306/3306/2845
f 3306/3306/2845 3304/3304/2843 3310/3310/2779
f 3304/3304/2843 3302/3302/2841 3310/3310/2779
f 3302/3302/2841 3300/3300/2839 3310/3310/2779
f 3300/3300/2839 3298/3298/2837 3310/3310/2779
f 3310/3310/2779 3298/3298/2837 3296/3296/2835
f 3310/3310/2779 3296/3296/2835 3294/3294/2833
f 3294/3294/2833 3292/3292/2831 3310/3310/2779
f 3310/3310/2779 3292/3292/2831 3290/3290/2829
f 3310/3310/2779 3290/3290/2829 3286/3288/2827
f 3313/3311/2849 3311/3312/2850 3312/3313/2851
f 3314/3314/2852 3311/3312/2850 3313/3311/2849
f 3315/3315/2853 3311/3312/2850 3314/3314/2852
f 3316/3316/2854 3311/3312/2850 3315/3315/2853
f 3317/3317/2855 3311/3312/2850 3316/3316/2854
f 3318/3318/2856 3311/3312/2850 3317/3317/2855
f 3319/3319/2857 3311/3312/2850 3318/3318/2856
f 3311/3312/2850 3319/3319/2857 3320/3320/2858
f 3311/3312/2850 3320/3320/2858 3321/3321/2859
f 3322/3322/2860 3311/3312/2850 3321/3321/2859
f 3323/3323/2861 3324/3324/2862 3312/3313/2851
f 3323/3323/2861 3312/3313/2851 3311/3312/2850
f 3313/3311/2849 3324/3324/2862 3325/3325/2863
f 3324/3324/2862 3313/3311/2849 3312/3313/2851
f 3314/3314/2852 3325/3325/2863 3326/3326/2864
f 3325/3325/2863 3314/3314/2852 3313/3311/2849
f 3326/3326/2864 3327/3327/2865 3315/3315/2853
f 3326/3326/2864 3315/3315/2853 3314/3314/2852
f 3316/3316/2854 3327/3327/2865 3328/3328/2866
f 3316/3316/2854 3315/3315/2853 3327/3327/2865
f 3317/3317/2855 3328/3328/2866 3329/3329/2867
f 3328/3328/2866 3317/3317/2855 3316/3316/2854
f 3329/3329/2867 3330/3330/2868 3318/3318/2856
f 3329/3329/2867 3318/3318/2856 3317/3317/2855
f 3330/3330/2868 3331/3331/2869 3319/3319/2857
f 3330/3330/2868 3319/3319/2857 3318/3318/2856
f 3331/3331/2869 3332/3332/2870 3320/3320/2858
f 3331/3331/2869 3320/3320/2858 3319/3319/2857
f 3321/3321/2859 3332/3332/2870 3333/3333/2871
f 3332/3332/2870 3321/3321/2859 3320/3320/2858
f 3322/3322/2860 3333/3333/2871 3334/3334/2872
f 3333/3333/2871 3322/3322/2860 3321/3321/2859
f 3334/3334/2872 3323/3323/2861 3311/3312/2850
f 3334/3334/2872 3311/3312/2850 3322/3322/2860
o TT_WHEEL3
v -0.579711 -0.147959 -1.172350
v -0.565281 -0.306369 -1.206310
v -0.579711 -0.304710 -1.227290
v -0.741564 -0.354632 -0.596107
v -0.741564 -0.191193 -0.625727
v -0.579711 -0.354632 -0.596108
v -0.741564 -0.191193 -0.625727
v -0.579711 -0.354632 -0.596108
v -0.579711 -0.191193 -0.625727
v -0.579711 -0.191193 -0.625727
v -0.741564 -0.064858 -0.731972
v -0.741564 -0.191193 -0.625727
v -0.741564 -0.064858 -0.731972
v -0.579711 -0.191193 -0.625727
v -0.579711 -0.064858 -0.731972
v -0.579711 -0.064858 -0.731972
v -0.741564 -0.009480 -0.886375
v -0.741564 -0.064858 -0.731972
v -0.741564 -0.009480 -0.886375
v -0.579711 -0.064858 -0.731972
v -0.579711 -0.009480 -0.886375
v -0.579711 -0.009480 -0.886375
v -0.741564 -0.039897 -1.047560
v -0.741564 -0.009480 -0.886375
v -0.741564 -0.039897 -1.047560
v -0.579711 -0.009480 -0.886375
v -0.579711 -0.039897 -1.047560
v -0.579711 -0.039897 -1.047560
v -0.741564 -0.147959 -1.172350
v -0.741564 -0.039897 -1.047560
v -0.741564 -0.147959 -1.172350
v -0.579711 -0.039897 -1.047560
v -0.579711 -0.147959 -1.172350
v -0.579711 -0.147959 -1.172350
v -0.741563 -0.304710 -1.227290
v -0.741564 -0.147959 -1.172350
v -0.741563 -0.304710 -1.227290
v -0.579711 -0.147959 -1.172350
v -0.579711 -0.304710 -1.227290
v -0.579711 -0.304710 -1.227290
v -0.741564 -0.468149 -1.197670
v -0.741563 -0.304710 -1.227290
v -0.741564 -0.468149 -1.197670
v -0.579711 -0.304710 -1.227290
v -0.579711 -0.468149 -1.197670
v -0.579711 -0.468149 -1.197670
v -0.741564 -0.594483 -1.091430
v -0.741564 -0.468149 -1.197670
v -0.741564 -0.594483 -1.091430
v -0.579711 -0.468149 -1.197670
v -0.579711 -0.594483 -1.091430
v -0.579711 -0.594483 -1.091430
v -0.741564 -0.649861 -0.937024
v -0.741564 -0.594483 -1.091430
v -0.741564 -0.649861 -0.937024
v -0.579711 -0.594483 -1.091430
v -0.579711 -0.649861 -0.937024
v -0.579711 -0.649861 -0.937024
v -0.741564 -0.619444 -0.775836
v -0.741564 -0.649861 -0.937024
v -0.741564 -0.619444 -0.775836
v -0.579711 -0.649861 -0.937024
v -0.579711 -0.619444 -0.775835
v -0.579711 -0.619444 -0.775835
v -0.741564 -0.511383 -0.651051
v -0.741564 -0.619444 -0.775836
v -0.741564 -0.511383 -0.651051
v -0.579711 -0.619444 -0.775835
v -0.579711 -0.511383 -0.651052
v -0.579711 -0.511383 -0.651052
v -0.741564 -0.354632 -0.596107
v -0.741564 -0.511383 -0.651051
v -0.741564 -0.354632 -0.596107
v -0.579711 -0.511383 -0.651052
v -0.579711 -0.354632 -0.596108
v -0.741564 -0.354632 -0.596107
v -0.755993 -0.200397 -0.644735
v -0.755993 -0.352973 -0.617084
v -0.741564 -0.191193 -0.625727
v -0.755993 -0.082460 -0.743918
v -0.741564 -0.064858 -0.731972
v -0.755993 -0.030763 -0.888058
v -0.741564 -0.009480 -0.886375
v -0.755993 -0.059158 -1.038530
v -0.741564 -0.039897 -1.047560
v -0.755993 -0.160037 -1.155020
v -0.741564 -0.147959 -1.172350
v -0.755993 -0.306369 -1.206310
v -0.741563 -0.304710 -1.227290
v -0.755993 -0.458945 -1.178660
v -0.741564 -0.468149 -1.197670
v -0.755993 -0.576882 -1.079480
v -0.741564 -0.594483 -1.091430
v -0.755993 -0.628579 -0.935341
v -0.741564 -0.649861 -0.937024
v -0.755993 -0.600184 -0.784866
v -0.741564 -0.619444 -0.775836
v -0.755993 -0.499305 -0.668376
v -0.741564 -0.511383 -0.651051
v -0.755993 -0.232715 -0.711476
v -0.755993 -0.347147 -0.690738
v -0.755993 -0.144263 -0.785863
v -0.755993 -0.105490 -0.893969
v -0.755993 -0.126786 -1.006820
v -0.755993 -0.202445 -1.094190
v -0.755993 -0.312195 -1.132660
v -0.755993 -0.426626 -1.111920
v -0.755993 -0.515079 -1.037540
v -0.755993 -0.553852 -0.929431
v -0.755993 -0.532555 -0.816574
v -0.755993 -0.456896 -0.729207
v -0.565281 -0.499305 -0.668376
v -0.565281 -0.347147 -0.690738
v -0.565281 -0.352973 -0.617084
v -0.565281 -0.458945 -1.178660
v -0.565281 -0.456897 -0.729207
v -0.565281 -0.600184 -0.784866
v -0.565281 -0.532555 -0.816574
v -0.565281 -0.628579 -0.935341
v -0.565281 -0.553852 -0.929431
v -0.565281 -0.576882 -1.079480
v -0.565281 -0.515079 -1.037540
v -0.565281 -0.426626 -1.111920
v -0.565281 -0.312195 -1.132660
v -0.565281 -0.160037 -1.155020
v -0.565281 -0.202445 -1.094190
v -0.565281 -0.059158 -1.038530
v -0.565281 -0.126786 -1.006820
v -0.565281 -0.030763 -0.888058
v -0.565281 -0.105490 -0.893969
v -0.565281 -0.082460 -0.743918
v -0.565281 -0.144263 -0.785863
v -0.565281 -0.200397 -0.644734
v -0.565281 -0.232715 -0.711476
v -0.579711 -0.354632 -0.596108
v -0.579711 -0.191193 -0.625727
v -0.579711 -0.064858 -0.731972
v -0.579711 -0.009480 -0.886375
v -0.579711 -0.039897 -1.047560
v -0.579711 -0.649861 -0.937024
v -0.579711 -0.468149 -1.197670
v -0.579711 -0.594483 -1.091430
v -0.579711 -0.619444 -0.775835
v -0.579711 -0.511383 -0.651052
v -0.738121 -0.345400 -0.712834
v -0.755993 -0.456896 -0.729207
v -0.755993 -0.347147 -0.690738
v -0.738121 -0.444174 -0.747456
v -0.755993 -0.532555 -0.816574
v -0.738121 -0.512267 -0.826087
v -0.755993 -0.553852 -0.929431
v -0.738121 -0.531434 -0.927658
v -0.755993 -0.515079 -1.037540
v -0.738121 -0.496538 -1.024950
v -0.755993 -0.426626 -1.111920
v -0.738121 -0.416931 -1.091900
v -0.755993 -0.312195 -1.132660
v -0.738121 -0.313942 -1.110560
v -0.755993 -0.202445 -1.094190
v -0.738121 -0.215168 -1.075940
v -0.755993 -0.126786 -1.006820
v -0.738121 -0.147075 -0.997312
v -0.755993 -0.105490 -0.893969
v -0.738121 -0.127908 -0.895742
v -0.755993 -0.144263 -0.785863
v -0.738121 -0.162804 -0.798447
v -0.755993 -0.232715 -0.711476
v -0.738121 -0.242411 -0.731498
v -0.583153 -0.242411 -0.731498
v -0.565281 -0.347147 -0.690738
v -0.583153 -0.345400 -0.712834
v -0.565281 -0.232715 -0.711476
v -0.583153 -0.162804 -0.798447
v -0.565281 -0.144263 -0.785863
v -0.583153 -0.127908 -0.895742
v -0.565281 -0.105490 -0.893969
v -0.583153 -0.147075 -0.997312
v -0.565281 -0.126786 -1.006820
v -0.583153 -0.215168 -1.075940
v -0.565281 -0.202445 -1.094190
v -0.583153 -0.313942 -1.110560
v -0.565281 -0.312195 -1.132660
v -0.583153 -0.416931 -1.091900
v -0.565281 -0.426626 -1.111920
v -0.583153 -0.496538 -1.024950
v -0.565281 -0.515079 -1.037540
v -0.583153 -0.531434 -0.927658
v -0.565281 -0.553852 -0.929431
v -0.583153 -0.512267 -0.826087
v -0.565281 -0.532555 -0.816574
v -0.583153 -0.444174 -0.747456
v -0.565281 -0.456897 -0.729207
v -0.558649 -0.329671 -0.911699
v -0.775322 -0.334535 -0.850206
v -0.775200 -0.379422 -0.881146
v -0.775281 -0.361263 -0.859731
v -0.775159 -0.384433 -0.908479
v -0.775200 -0.375188 -0.934684
v -0.775281 -0.353888 -0.952978
v -0.775322 -0.325994 -0.958183
v -0.775281 -0.299267 -0.948658
v -0.775200 -0.281107 -0.927243
v -0.775159 -0.276097 -0.899910
v -0.775200 -0.285341 -0.873705
v -0.775281 -0.306642 -0.855410
v -0.738121 -0.345400 -0.712834
v -0.738121 -0.444174 -0.747456
v -0.738121 -0.512267 -0.826087
v -0.738121 -0.531434 -0.927658
v -0.738121 -0.496538 -1.024950
v -0.738121 -0.416931 -1.091900
v -0.738121 -0.313942 -1.110560
v -0.738121 -0.215168 -1.075940
v -0.738121 -0.147075 -0.997312
v -0.738121 -0.127908 -0.895742
v -0.738121 -0.162804 -0.798447
v -0.738121 -0.242411 -0.731498
vt 0.864701 -0.644026
vt 0.994929 -0.644026
vt 0.864701 -0.706183
vt 0.994929 -0.706183
vt 0.994929 -0.644026
vt 0.864701 -0.706183
vt 0.994929 -0.644026
vt 0.864701 -0.706183
vt 0.864701 -0.644026
vt 0.864701 -0.706183
vt 0.994929 -0.644026
vt 0.994929 -0.706183
vt 0.994929 -0.644026
vt 0.864701 -0.706183
vt 0.864701 -0.644026
vt 0.864701 -0.706183
vt 0.994929 -0.644026
vt 0.994929 -0.706183
vt 0.994929 -0.644026
vt 0.864701 -0.644026
vt 0.864701 -0.706183
vt 0.994929 -0.706183
vt 0.994929 -0.644026
vt 0.864701 -0.706183
vt 0.864701 -0.644026
vt 0.864701 -0.706183
vt 0.994929 -0.644026
vt 0.994929 -0.706183
vt 0.994929 -0.644026
vt 0.864701 -0.706183
vt 0.864701 -0.644026
vt 0.994929 -0.644026
vt 0.864701 -0.706183
vt 0.994929 -0.706183
vt 0.994929 -0.644026
vt 0.864701 -0.706183
vt 0.864701 -0.644026
vt 0.864701 -0.706183
vt 0.994929 -0.644026
vt 0.994929 -0.706183
vt 0.864701 -0.706183
vt 0.994929 -0.644026
vt 0.994929 -0.644026
vt 0.864701 -0.706183
vt 0.864701 -0.644026
vt 0.864701 -0.706183
vt 0.994929 -0.644026
vt 0.994929 -0.706183
vt 0.864701 -0.644026
vt 0.864701 -0.706183
vt 0.994929 -0.644026
vt 0.994929 -0.706183
vt 0.994929 -0.644026
vt 0.864701 -0.706183
vt 0.864701 -0.644026
vt 0.994929 -0.644026
vt 0.864701 -0.706183
vt 0.994929 -0.706183
vt 0.994929 -0.644026
vt 0.864701 -0.706183
vt 0.994929 -0.644026
vt 0.864701 -0.706183
vt 0.864701 -0.644026
vt 0.994929 -0.644026
vt 0.864701 -0.644026
vt 0.994929 -0.706183
vt 0.864701 -0.706183
vt 0.994929 -0.706183
vt 0.864701 -0.644026
vt 0.615344 -0.627968
vt 0.665353 -0.612827
vt 0.615882 -0.621436
vt 0.668338 -0.618746
vt 0.703594 -0.581944
vt 0.709301 -0.585664
vt 0.720356 -0.537063
vt 0.727257 -0.537587
vt 0.711149 -0.490210
vt 0.717394 -0.487398
vt 0.678440 -0.453939
vt 0.682356 -0.448544
vt 0.630993 -0.437968
vt 0.631531 -0.431436
vt 0.581521 -0.446577
vt 0.578537 -0.440659
vt 0.543281 -0.477460
vt 0.537574 -0.473740
vt 0.526518 -0.522341
vt 0.519618 -0.521817
vt 0.535725 -0.569194
vt 0.529480 -0.572006
vt 0.568435 -0.605466
vt 0.564519 -0.610860
vt 0.654875 -0.592046
vt 0.617771 -0.598503
vt 0.683555 -0.568884
vt 0.696126 -0.535223
vt 0.689221 -0.500083
vt 0.664689 -0.472879
vt 0.629104 -0.460901
vt 0.592000 -0.467359
vt 0.563320 -0.490520
vt 0.550748 -0.524181
vt 0.557653 -0.559321
vt 0.582185 -0.586525
vt 0.713221 -0.577993
vt 0.701721 -0.530369
vt 0.726500 -0.530369
vt 0.528261 -0.530369
vt 0.541541 -0.577993
vt 0.521204 -0.530369
vt 0.691761 -0.566087
vt 0.676941 -0.612857
vt 0.664551 -0.592235
vt 0.627381 -0.625618
vt 0.627381 -0.601806
vt 0.577821 -0.612857
vt 0.590211 -0.592235
vt 0.563001 -0.566087
vt 0.553041 -0.530369
vt 0.541541 -0.482744
vt 0.563001 -0.494650
vt 0.577821 -0.447880
vt 0.590211 -0.468502
vt 0.627381 -0.435119
vt 0.627381 -0.458932
vt 0.676941 -0.447880
vt 0.664551 -0.468502
vt 0.713221 -0.482744
vt 0.691761 -0.494650
vt 0.733558 -0.530369
vt 0.719332 -0.479353
vt 0.680469 -0.442007
vt 0.627381 -0.428338
vt 0.574292 -0.442007
vt 0.535429 -0.479353
vt 0.864701 -0.706183
vt 0.994929 -0.644026
vt 0.994929 -0.706183
vt 0.627381 -0.632400
vt 0.535429 -0.581384
vt 0.574292 -0.618730
vt 0.680469 -0.618730
vt 0.719332 -0.581384
vt 0.617771 -0.598503
vt 0.582185 -0.586525
vt 0.618337 -0.591623
vt 0.586311 -0.580842
vt 0.557653 -0.559321
vt 0.564232 -0.556359
vt 0.550748 -0.524181
vt 0.558017 -0.524733
vt 0.563320 -0.490520
vt 0.569332 -0.494439
vt 0.592000 -0.467359
vt 0.595144 -0.473593
vt 0.629104 -0.460901
vt 0.628537 -0.467781
vt 0.664689 -0.472879
vt 0.660564 -0.478562
vt 0.689221 -0.500083
vt 0.682643 -0.503045
vt 0.696126 -0.535223
vt 0.688857 -0.534671
vt 0.683555 -0.568884
vt 0.677543 -0.564966
vt 0.654875 -0.592046
vt 0.651731 -0.585811
vt 0.694287 -0.530369
vt 0.701721 -0.530369
vt 0.685323 -0.498222
vt 0.691761 -0.494650
vt 0.660834 -0.474689
vt 0.664551 -0.468502
vt 0.627381 -0.466076
vt 0.627381 -0.458932
vt 0.593928 -0.474689
vt 0.590211 -0.468502
vt 0.569439 -0.498222
vt 0.563001 -0.494650
vt 0.560475 -0.530369
vt 0.553041 -0.530369
vt 0.569439 -0.562515
vt 0.563001 -0.566087
vt 0.593928 -0.586048
vt 0.590211 -0.592235
vt 0.627381 -0.594662
vt 0.627381 -0.601806
vt 0.660834 -0.586048
vt 0.664551 -0.592235
vt 0.685323 -0.562515
vt 0.691761 -0.566087
vt 0.627381 -0.530369
vt 0.616583 -0.549371
vt 0.625250 -0.552337
vt 0.610695 -0.542703
vt 0.609071 -0.534193
vt 0.612068 -0.526033
vt 0.618975 -0.520337
vt 0.628019 -0.518717
vt 0.636685 -0.521682
vt 0.642573 -0.528350
vt 0.644198 -0.536861
vt 0.641200 -0.545020
vt 0.634294 -0.550717
vt 0.588636 -0.584330
vt 0.620663 -0.595111
vt 0.566557 -0.559847
vt 0.560342 -0.528221
vt 0.571657 -0.497926
vt 0.597469 -0.477081
vt 0.630862 -0.471269
vt 0.662889 -0.482049
vt 0.684968 -0.506533
vt 0.691183 -0.538159
vt 0.679868 -0.568453
vt 0.654056 -0.589299
vn 0.0000 0.1783 0.9839
vn 0.0000 -0.6436 -0.7653
vn 0.0000 0.6436 0.7653
vn 0.0000 0.9413 0.3376
vn 0.0000 0.9826 -0.1854
vn 0.0000 -0.9826 0.1854
vn 0.0000 -0.7559 0.6546
vn 0.0000 -0.3308 0.9437
vn 0.0000 0.3308 -0.9437
vn 0.0000 -0.9413 -0.3376
vn 0.0000 0.7559 -0.6546
vn -0.8247 -0.0446 0.5637
vn -0.9409 0.1433 0.3066
vn -0.9407 -0.0267 0.3380
vn -0.8256 0.2406 0.5103
vn -0.9414 0.2764 0.1932
vn -0.8276 0.4612 0.3200
vn -0.9416 0.3356 0.0265
vn -0.8285 0.5582 0.0441
vn -0.9414 0.3034 -0.1473
vn -0.8275 0.5058 -0.2435
vn -0.9410 0.1897 -0.2802
vn -0.8257 0.3178 -0.4660
vn -0.9408 0.0267 -0.3380
vn -0.8247 0.0446 -0.5637
vn -0.9410 -0.1433 -0.3066
vn -0.8257 -0.2405 -0.5102
vn -0.9414 -0.2764 -0.1932
vn -0.8276 -0.4612 -0.3200
vn -0.9416 -0.3356 -0.0265
vn -0.8285 -0.5582 -0.0441
vn -0.9414 -0.3034 0.1473
vn -0.8275 -0.5058 0.2435
vn -0.9409 -0.1897 0.2803
vn -0.8257 -0.3178 0.4661
vn -1.0000 0.0000 0.0000
vn 0.9409 -0.1898 0.2803
vn 1.0000 0.0000 0.0000
vn 0.9407 -0.0267 0.3380
vn 0.9408 0.0267 -0.3380
vn 0.9409 -0.1433 -0.3066
vn 0.8247 0.0446 -0.5637
vn 0.9414 -0.3034 0.1473
vn 0.9416 -0.3356 -0.0265
vn 0.9414 -0.2764 -0.1932
vn 0.9410 0.1897 -0.2803
vn 0.9414 0.3034 -0.1473
vn 0.9416 0.3356 0.0265
vn 0.9414 0.2764 0.1932
vn 0.9409 0.1433 0.3066
vn 0.8247 -0.0446 0.5638
vn 0.8256 0.2406 0.5103
vn 0.8275 0.4612 0.3200
vn 0.8285 0.5582 0.0441
vn 0.8275 0.5058 -0.2435
vn 0.8257 0.3178 -0.4660
vn 0.8285 -0.5582 -0.0441
vn 0.8257 -0.2406 -0.5103
vn 0.8276 -0.4612 -0.3200
vn 0.8275 -0.5058 0.2436
vn 0.8256 -0.3178 0.4661
vn 0.7784 -0.0495 0.6257
vn 0.7795 -0.3528 0.5175
vn 0.7795 -0.3512 0.5186
vn 0.7818 -0.5618 0.2705
vn 0.7817 -0.5610 0.2723
vn 0.7829 -0.6202 -0.0490
vn 0.7818 -0.5122 -0.3555
vn 0.7818 -0.5111 -0.3571
vn 0.7795 -0.2671 -0.5665
vn 0.7795 -0.2653 -0.5674
vn 0.7785 0.0495 -0.6257
vn 0.7796 0.3528 -0.5175
vn 0.7796 0.3512 -0.5186
vn 0.7817 0.5618 -0.2705
vn 0.7817 0.5610 -0.2724
vn 0.7829 0.6202 0.0490
vn 0.7818 0.5123 0.3555
vn 0.7818 0.5112 0.3571
vn 0.7796 0.2671 0.5665
vn 0.7795 0.2653 0.5673
vn -0.9434 -0.0261 0.3306
vn -0.7784 -0.0495 0.6257
vn -0.9435 0.1401 0.3001
vn -0.7796 0.2671 0.5665
vn -0.9438 0.2708 0.1894
vn -0.7818 0.5123 0.3555
vn -0.9439 0.3291 0.0260
vn -0.7829 0.6202 0.0490
vn -0.9438 0.2972 -0.1445
vn -0.7817 0.5618 -0.2705
vn -0.9435 0.1856 -0.2744
vn -0.7796 0.3528 -0.5175
vn -0.9434 0.0261 -0.3305
vn -0.7785 0.0495 -0.6257
vn -0.9435 -0.1401 -0.3001
vn -0.7795 -0.2671 -0.5665
vn -0.9438 -0.2708 -0.1894
vn -0.7818 -0.5122 -0.3555
vn -0.9439 -0.3291 -0.0260
vn -0.7829 -0.6202 -0.0490
vn -0.9438 -0.2972 0.1445
vn -0.7818 -0.5618 0.2705
vn -0.9435 -0.1856 0.2744
vn -0.7796 -0.3528 0.5175
vn -0.9886 -0.0860 0.1231
vn -0.9883 -0.0124 0.1518
vn -0.9890 -0.1333 0.0634
vn -0.9896 -0.1436 -0.0093
vn -0.9901 -0.1176 -0.0769
vn -0.9904 -0.0617 -0.1240
vn -0.9904 0.0113 -0.1379
vn -0.9902 0.0813 -0.1134
vn -0.9899 0.1289 -0.0582
vn -0.9896 0.1433 0.0125
vn -0.9892 0.1211 0.0826
vn -0.9888 0.0648 0.1343
vn -0.9664 -0.1457 0.2116
vn -0.9655 -0.0207 0.2596
vn -0.9683 -0.2257 0.1068
vn -0.9701 -0.2420 -0.0206
vn -0.9711 -0.1954 -0.1369
vn -0.9715 -0.1005 -0.2145
vn -0.9717 0.0187 -0.2355
vn -0.9717 0.1327 -0.1955
vn -0.9713 0.2139 -0.1043
vn -0.9701 0.2422 0.0174
vn -0.9681 0.2067 0.1413
vn -0.9662 0.1108 0.2326
usemtl TT_CAR
s 1
f 3343/3335/2873 3341/3336/2873 3342/3337/2873
f 3346/3338/2874 3345/3339/2874 3344/3340/2874
f 3347/3341/2875 3348/3342/2875 3349/3343/2875
f 3350/3344/2876 3351/3345/2876 3352/3346/2876
f 3353/3347/2876 3354/3348/2876 3355/3349/2876
f 3356/3350/2877 3357/3351/2877 3358/3352/2877
f 3359/3353/2878 3361/3354/2878 3360/3355/2878
f 3364/3356/2879 3363/3357/2879 3362/3358/2879
f 3367/3359/2879 3366/3360/2879 3365/3361/2879
f 3370/3362/2880 3369/3363/2880 3368/3364/2880
f 3373/3365/2881 3371/3366/2881 3372/3367/2881
f 3376/3368/2873 3375/3369/2873 3374/3370/2873
f 3379/3371/2873 3378/3372/2873 3377/3373/2873
f 3382/3374/2874 3380/3375/2874 3381/3376/2874
f 3383/3377/2874 3384/3378/2874 3385/3379/2874
f 3386/3380/2882 3387/3381/2882 3388/3382/2882
f 3391/3383/2876 3390/3384/2876 3389/3385/2876
f 3394/3386/2877 3393/3387/2877 3392/3388/2877
f 3397/3389/2878 3395/3390/2878 3396/3391/2878
f 3400/3392/2883 3399/3393/2883 3398/3394/2883
f 3401/3395/2879 3402/3396/2879 3403/3397/2879
f 3406/3398/2880 3404/3399/2880 3405/3400/2880
f 3409/3401/2880 3407/3402/2880 3408/3403/2880
f 3410/3404/2884 3411/3405/2885 3412/3406/2886
f 3413/3407/2887 3411/3405/2885 3410/3404/2884
f 3413/3407/2887 3414/3408/2888 3411/3405/2885
f 3414/3408/2888 3413/3407/2887 3415/3409/2889
f 3414/3408/2888 3415/3409/2889 3416/3410/2890
f 3417/3411/2891 3416/3410/2890 3415/3409/2889
f 3416/3410/2890 3417/3411/2891 3418/3412/2892
f 3419/3413/2893 3418/3412/2892 3417/3411/2891
f 3418/3412/2892 3419/3413/2893 3420/3414/2894
f 3421/3415/2895 3420/3414/2894 3419/3413/2893
f 3420/3414/2894 3421/3415/2895 3422/3416/2896
f 3423/3417/2897 3422/3416/2896 3421/3415/2895
f 3422/3416/2896 3423/3417/2897 3424/3418/2898
f 3424/3418/2898 3423/3417/2897 3425/3419/2899
f 3425/3419/2899 3426/3420/2900 3424/3418/2898
f 3426/3420/2900 3425/3419/2899 3427/3421/2901
f 3426/3420/2900 3427/3421/2901 3428/3422/2902
f 3428/3422/2902 3427/3421/2901 3429/3423/2903
f 3428/3422/2902 3429/3423/2903 3430/3424/2904
f 3431/3425/2905 3430/3424/2904 3429/3423/2903
f 3430/3424/2904 3431/3425/2905 3432/3426/2906
f 3432/3426/2906 3431/3425/2905 3433/3427/2907
f 3433/3427/2907 3412/3406/2886 3432/3426/2906
f 3412/3406/2886 3433/3427/2907 3410/3404/2884
f 3412/3406/2886 3434/3428/2908 3435/3429/2908
f 3434/3428/2908 3412/3406/2886 3411/3405/2885
f 3411/3405/2885 3436/3430/2908 3434/3428/2908
f 3436/3430/2908 3411/3405/2885 3414/3408/2888
f 3436/3430/2908 3414/3408/2888 3437/3431/2908
f 3437/3431/2908 3414/3408/2888 3416/3410/2890
f 3416/3410/2890 3438/3432/2908 3437/3431/2908
f 3438/3432/2908 3416/3410/2890 3418/3412/2892
f 3438/3432/2908 3418/3412/2892 3439/3433/2908
f 3420/3414/2894 3439/3433/2908 3418/3412/2892
f 3420/3414/2894 3440/3434/2908 3439/3433/2908
f 3440/3434/2908 3420/3414/2894 3422/3416/2896
f 3440/3434/2908 3422/3416/2896 3441/3435/2908
f 3441/3435/2908 3422/3416/2896 3424/3418/2898
f 3441/3435/2908 3424/3418/2898 3442/3436/2908
f 3426/3420/2900 3442/3436/2908 3424/3418/2898
f 3426/3420/2900 3443/3437/2908 3442/3436/2908
f 3428/3422/2902 3443/3437/2908 3426/3420/2900
f 3443/3437/2908 3428/3422/2902 3444/3438/2908
f 3430/3424/2904 3444/3438/2908 3428/3422/2902
f 3444/3438/2908 3430/3424/2904 3445/3439/2908
f 3432/3426/2906 3445/3439/2908 3430/3424/2904
f 3432/3426/2906 3435/3429/2908 3445/3439/2908
f 3412/3406/2886 3435/3429/2908 3432/3426/2906
f 3446/3440/2909 3447/3441/2910 3448/3442/2911
f 3336/3443/2912 3449/3444/2913 3337/3445/2914
f 3447/3441/2910 3446/3440/2909 3450/3446/2910
f 3446/3440/2909 3451/3447/2915 3450/3446/2910
f 3452/3448/2910 3450/3446/2910 3451/3447/2915
f 3451/3447/2915 3453/3449/2916 3452/3448/2910
f 3452/3448/2910 3453/3449/2916 3454/3450/2910
f 3455/3451/2917 3454/3450/2910 3453/3449/2916
f 3456/3452/2910 3454/3450/2910 3455/3451/2917
f 3455/3451/2917 3449/3444/2913 3456/3452/2910
f 3456/3452/2910 3449/3444/2913 3457/3453/2910
f 3336/3443/2912 3457/3453/2910 3449/3444/2913
f 3458/3454/2910 3457/3453/2910 3336/3443/2912
f 3459/3455/2918 3458/3454/2910 3336/3443/2912
f 3458/3454/2910 3459/3455/2918 3460/3456/2910
f 3461/3457/2919 3460/3456/2910 3459/3455/2918
f 3462/3458/2910 3460/3456/2910 3461/3457/2919
f 3463/3459/2920 3462/3458/2910 3461/3457/2919
f 3462/3458/2910 3463/3459/2920 3464/3460/2910
f 3463/3459/2920 3465/3461/2921 3464/3460/2910
f 3466/3462/2910 3464/3460/2910 3465/3461/2921
f 3467/3463/2922 3466/3462/2910 3465/3461/2921
f 3466/3462/2910 3467/3463/2922 3468/3464/2910
f 3448/3442/2911 3468/3464/2910 3467/3463/2922
f 3448/3442/2911 3467/3463/2922 3469/3465/2923
f 3469/3465/2923 3467/3463/2922 3470/3466/2924
f 3465/3461/2921 3470/3466/2924 3467/3463/2922
f 3470/3466/2924 3465/3461/2921 3471/3467/2925
f 3465/3461/2921 3463/3459/2920 3471/3467/2925
f 3471/3467/2925 3463/3459/2920 3472/3468/2926
f 3463/3459/2920 3461/3457/2919 3472/3468/2926
f 3473/3469/2927 3472/3468/2926 3461/3457/2919
f 3459/3455/2918 3473/3469/2927 3461/3457/2919
f 3335/3470/2928 3473/3469/2927 3459/3455/2918
f 3336/3443/2912 3335/3470/2928 3459/3455/2918
f 3340/3471/2873 3339/3472/2873 3338/3473/2873
f 3337/3445/2914 3335/3470/2928 3336/3443/2912
f 3451/3447/2915 3474/3474/2929 3453/3449/2916
f 3475/3475/2930 3337/3445/2914 3449/3444/2913
f 3449/3444/2913 3455/3451/2917 3475/3475/2930
f 3475/3475/2930 3455/3451/2917 3476/3476/2931
f 3455/3451/2917 3453/3449/2916 3476/3476/2931
f 3476/3476/2931 3453/3449/2916 3474/3474/2929
f 3468/3464/2910 3448/3442/2911 3447/3441/2910
f 3474/3474/2929 3451/3447/2915 3477/3477/2932
f 3451/3447/2915 3446/3440/2909 3477/3477/2932
f 3478/3478/2933 3477/3477/2932 3446/3440/2909
f 3448/3442/2911 3478/3478/2933 3446/3440/2909
f 3478/3478/2933 3448/3442/2911 3469/3465/2923
f 3481/3479/2934 3480/3480/2935 3479/3481/2934
f 3482/3482/2936 3479/3481/2934 3480/3480/2935
f 3482/3482/2936 3480/3480/2935 3483/3483/2937
f 3483/3483/2937 3484/3484/2938 3482/3482/2936
f 3484/3484/2938 3483/3483/2937 3485/3485/2939
f 3485/3485/2939 3486/3486/2939 3484/3484/2938
f 3486/3486/2939 3485/3485/2939 3487/3487/2940
f 3487/3487/2940 3488/3488/2941 3486/3486/2939
f 3488/3488/2941 3487/3487/2940 3489/3489/2942
f 3489/3489/2942 3490/3490/2943 3488/3488/2941
f 3490/3490/2943 3489/3489/2942 3491/3491/2944
f 3492/3492/2944 3490/3490/2943 3491/3491/2944
f 3492/3492/2944 3491/3491/2944 3493/3493/2945
f 3493/3493/2945 3494/3494/2946 3492/3492/2944
f 3493/3493/2945 3495/3495/2947 3494/3494/2946
f 3496/3496/2948 3494/3494/2946 3495/3495/2947
f 3495/3495/2947 3497/3497/2949 3496/3496/2948
f 3498/3498/2949 3496/3496/2948 3497/3497/2949
f 3498/3498/2949 3497/3497/2949 3499/3499/2950
f 3500/3500/2951 3498/3498/2949 3499/3499/2950
f 3500/3500/2951 3499/3499/2950 3501/3501/2952
f 3502/3502/2953 3500/3500/2951 3501/3501/2952
f 3501/3501/2952 3481/3479/2934 3502/3502/2953
f 3481/3479/2934 3479/3481/2934 3502/3502/2953
f 3505/3503/2954 3504/3504/2955 3503/3505/2956
f 3506/3506/2957 3503/3505/2956 3504/3504/2955
f 3507/3507/2958 3503/3505/2956 3506/3506/2957
f 3506/3506/2957 3508/3508/2959 3507/3507/2958
f 3507/3507/2958 3508/3508/2959 3509/3509/2960
f 3510/3510/2961 3509/3509/2960 3508/3508/2959
f 3509/3509/2960 3510/3510/2961 3511/3511/2962
f 3510/3510/2961 3512/3512/2963 3511/3511/2962
f 3513/3513/2964 3511/3511/2962 3512/3512/2963
f 3514/3514/2965 3513/3513/2964 3512/3512/2963
f 3515/3515/2966 3513/3513/2964 3514/3514/2965
f 3516/3516/2967 3515/3515/2966 3514/3514/2965
f 3517/3517/2968 3515/3515/2966 3516/3516/2967
f 3518/3518/2969 3517/3517/2968 3516/3516/2967
f 3519/3519/2970 3517/3517/2968 3518/3518/2969
f 3520/3520/2971 3519/3519/2970 3518/3518/2969
f 3519/3519/2970 3520/3520/2971 3521/3521/2972
f 3522/3522/2973 3521/3521/2972 3520/3520/2971
f 3523/3523/2974 3521/3521/2972 3522/3522/2973
f 3522/3522/2973 3524/3524/2975 3523/3523/2974
f 3523/3523/2974 3524/3524/2975 3525/3525/2976
f 3524/3524/2975 3526/3526/2977 3525/3525/2976
f 3525/3525/2976 3526/3526/2977 3505/3503/2954
f 3526/3526/2977 3504/3504/2955 3505/3503/2954
f 3527/3527/2908 3505/3503/2954 3503/3505/2956
f 3525/3525/2976 3505/3503/2954 3527/3527/2908
f 3527/3527/2908 3523/3523/2974 3525/3525/2976
f 3521/3521/2972 3523/3523/2974 3527/3527/2908
f 3519/3519/2970 3521/3521/2972 3527/3527/2908
f 3517/3517/2968 3519/3519/2970 3527/3527/2908
f 3515/3515/2966 3517/3517/2968 3527/3527/2908
f 3527/3527/2908 3513/3513/2964 3515/3515/2966
f 3511/3511/2962 3513/3513/2964 3527/3527/2908
f 3509/3509/2960 3511/3511/2962 3527/3527/2908
f 3507/3507/2958 3509/3509/2960 3527/3527/2908
f 3503/3505/2956 3507/3507/2958 3527/3527/2908
f 3530/3528/2978 3528/3529/2979 3529/3530/2980
f 3529/3530/2980 3528/3529/2979 3531/3531/2981
f 3531/3531/2981 3528/3529/2979 3532/3532/2982
f 3532/3532/2982 3528/3529/2979 3533/3533/2983
f 3533/3533/2983 3528/3529/2979 3534/3534/2984
f 3534/3534/2984 3528/3529/2979 3535/3535/2985
f 3535/3535/2985 3528/3529/2979 3536/3536/2986
f 3528/3529/2979 3537/3537/2987 3536/3536/2986
f 3537/3537/2987 3528/3529/2979 3538/3538/2988
f 3538/3538/2988 3528/3529/2979 3539/3539/2989
f 3541/3540/2990 3540/3541/2991 3530/3528/2978
f 3528/3529/2979 3530/3528/2978 3540/3541/2991
f 3541/3540/2990 3529/3530/2980 3542/3542/2992
f 3530/3528/2978 3529/3530/2980 3541/3540/2990
f 3543/3543/2993 3542/3542/2992 3531/3531/2981
f 3531/3531/2981 3542/3542/2992 3529/3530/2980
f 3544/3544/2994 3543/3543/2993 3532/3532/2982
f 3531/3531/2981 3532/3532/2982 3543/3543/2993
f 3544/3544/2994 3533/3533/2983 3545/3545/2995
f 3533/3533/2983 3544/3544/2994 3532/3532/2982
f 3546/3546/2996 3545/3545/2995 3534/3534/2984
f 3533/3533/2983 3534/3534/2984 3545/3545/2995
f 3546/3546/2996 3535/3535/2985 3547/3547/2997
f 3534/3534/2984 3535/3535/2985 3546/3546/2996
f 3547/3547/2997 3536/3536/2986 3548/3548/2998
f 3535/3535/2985 3536/3536/2986 3547/3547/2997
f 3548/3548/2998 3537/3537/2987 3549/3549/2999
f 3536/3536/2986 3537/3537/2987 3548/3548/2998
f 3550/3550/3000 3549/3549/2999 3538/3538/2988
f 3537/3537/2987 3538/3538/2988 3549/3549/2999
f 3551/3551/3001 3550/3550/3000 3539/3539/2989
f 3538/3538/2988 3539/3539/2989 3550/3550/3000
f 3540/3541/2991 3551/3551/3001 3528/3529/2979
f 3539/3539/2989 3528/3529/2979 3551/3551/3001
o TT_WHEEL4
v 0.573321 -0.147959 -1.172350
v 0.573321 -0.304710 -1.227290
v 0.558891 -0.306369 -1.206310
v 0.735173 -0.191193 -0.625726
v 0.735173 -0.354632 -0.596107
v 0.573321 -0.354632 -0.596108
v 0.735173 -0.191193 -0.625726
v 0.573321 -0.191193 -0.625727
v 0.573321 -0.354632 -0.596108
v 0.573321 -0.191193 -0.625727
v 0.735173 -0.191193 -0.625726
v 0.735173 -0.064858 -0.731972
v 0.735173 -0.064858 -0.731972
v 0.573321 -0.064858 -0.731971
v 0.573321 -0.191193 -0.625727
v 0.573321 -0.064858 -0.731971
v 0.735173 -0.064858 -0.731972
v 0.735173 -0.009480 -0.886375
v 0.735173 -0.009480 -0.886375
v 0.573321 -0.009480 -0.886375
v 0.573321 -0.064858 -0.731971
v 0.573321 -0.009480 -0.886375
v 0.735173 -0.009480 -0.886375
v 0.735173 -0.039897 -1.047560
v 0.735173 -0.039897 -1.047560
v 0.573321 -0.039897 -1.047560
v 0.573321 -0.009480 -0.886375
v 0.573321 -0.039897 -1.047560
v 0.735173 -0.039897 -1.047560
v 0.735173 -0.147959 -1.172350
v 0.735173 -0.147959 -1.172350
v 0.573321 -0.147959 -1.172350
v 0.573321 -0.039897 -1.047560
v 0.573321 -0.147959 -1.172350
v 0.735173 -0.147959 -1.172350
v 0.735173 -0.304710 -1.227290
v 0.735173 -0.304710 -1.227290
v 0.573321 -0.304710 -1.227290
v 0.573321 -0.147959 -1.172350
v 0.573321 -0.304710 -1.227290
v 0.735173 -0.304710 -1.227290
v 0.735173 -0.468149 -1.197670
v 0.735173 -0.468149 -1.197670
v 0.573321 -0.468149 -1.197670
v 0.573321 -0.304710 -1.227290
v 0.573321 -0.468149 -1.197670
v 0.735173 -0.468149 -1.197670
v 0.735173 -0.594483 -1.091430
v 0.735173 -0.594483 -1.091430
v 0.573321 -0.594483 -1.091430
v 0.573321 -0.468149 -1.197670
v 0.573321 -0.594483 -1.091430
v 0.735173 -0.594483 -1.091430
v 0.735173 -0.649861 -0.937024
v 0.735173 -0.649861 -0.937024
v 0.573321 -0.649861 -0.937024
v 0.573321 -0.594483 -1.091430
v 0.573321 -0.649861 -0.937024
v 0.735173 -0.649861 -0.937024
v 0.735173 -0.619444 -0.775835
v 0.735173 -0.619444 -0.775835
v 0.573321 -0.619444 -0.775835
v 0.573321 -0.649861 -0.937024
v 0.573321 -0.619444 -0.775835
v 0.735173 -0.619444 -0.775835
v 0.735173 -0.511383 -0.651051
v 0.735173 -0.511383 -0.651051
v 0.573321 -0.511383 -0.651051
v 0.573321 -0.619444 -0.775835
v 0.573321 -0.511383 -0.651051
v 0.735173 -0.511383 -0.651051
v 0.735173 -0.354632 -0.596107
v 0.735173 -0.354632 -0.596107
v 0.573321 -0.354632 -0.596108
v 0.573321 -0.511383 -0.651051
v 0.735173 -0.354632 -0.596107
v 0.749603 -0.352973 -0.617084
v 0.749603 -0.200397 -0.644734
v 0.735173 -0.191193 -0.625726
v 0.749603 -0.082460 -0.743918
v 0.735173 -0.064858 -0.731972
v 0.749603 -0.030763 -0.888058
v 0.735173 -0.009480 -0.886375
v 0.749603 -0.059158 -1.038530
v 0.735173 -0.039897 -1.047560
v 0.749603 -0.160037 -1.155020
v 0.735173 -0.147959 -1.172350
v 0.749603 -0.306369 -1.206310
v 0.735173 -0.304710 -1.227290
v 0.749603 -0.458945 -1.178660
v 0.735173 -0.468149 -1.197670
v 0.749603 -0.576882 -1.079480
v 0.735173 -0.594483 -1.091430
v 0.749603 -0.628579 -0.935341
v 0.735173 -0.649861 -0.937024
v 0.749603 -0.600184 -0.784866
v 0.735173 -0.619444 -0.775835
v 0.749603 -0.499305 -0.668376
v 0.735173 -0.511383 -0.651051
v 0.749603 -0.347147 -0.690738
v 0.749603 -0.232716 -0.711475
v 0.749603 -0.144263 -0.785863
v 0.749603 -0.105490 -0.893969
v 0.749603 -0.126786 -1.006820
v 0.749603 -0.202445 -1.094190
v 0.749603 -0.312195 -1.132660
v 0.749603 -0.426626 -1.111920
v 0.749603 -0.515079 -1.037540
v 0.749603 -0.553852 -0.929431
v 0.749603 -0.532555 -0.816574
v 0.749603 -0.456896 -0.729207
v 0.558891 -0.499305 -0.668376
v 0.558891 -0.352973 -0.617084
v 0.558891 -0.347147 -0.690738
v 0.558891 -0.458945 -1.178660
v 0.558891 -0.456897 -0.729207
v 0.558891 -0.600184 -0.784866
v 0.558891 -0.532555 -0.816574
v 0.558891 -0.628579 -0.935341
v 0.558891 -0.553852 -0.929431
v 0.558891 -0.576882 -1.079480
v 0.558891 -0.515079 -1.037540
v 0.558891 -0.426626 -1.111920
v 0.558891 -0.312195 -1.132660
v 0.558891 -0.160037 -1.155020
v 0.558891 -0.202445 -1.094190
v 0.558891 -0.059158 -1.038530
v 0.558891 -0.126786 -1.006820
v 0.558891 -0.030763 -0.888058
v 0.558891 -0.105490 -0.893969
v 0.558891 -0.082460 -0.743917
v 0.558891 -0.144263 -0.785863
v 0.558891 -0.200397 -0.644734
v 0.558891 -0.232716 -0.711476
v 0.573321 -0.354632 -0.596108
v 0.573321 -0.191193 -0.625727
v 0.573321 -0.064858 -0.731971
v 0.573321 -0.009480 -0.886375
v 0.573321 -0.039897 -1.047560
v 0.573321 -0.649861 -0.937024
v 0.573321 -0.468149 -1.197670
v 0.573321 -0.594483 -1.091430
v 0.573321 -0.619444 -0.775835
v 0.573321 -0.511383 -0.651051
v 0.731731 -0.345400 -0.712834
v 0.749603 -0.347147 -0.690738
v 0.749603 -0.456896 -0.729207
v 0.731731 -0.444174 -0.747456
v 0.749603 -0.532555 -0.816574
v 0.731731 -0.512267 -0.826087
v 0.749603 -0.553852 -0.929431
v 0.731731 -0.531434 -0.927658
v 0.749603 -0.515079 -1.037540
v 0.731731 -0.496538 -1.024950
v 0.749603 -0.426626 -1.111920
v 0.731731 -0.416931 -1.091900
v 0.749603 -0.312195 -1.132660
v 0.731731 -0.313942 -1.110560
v 0.749603 -0.202445 -1.094190
v 0.731731 -0.215168 -1.075940
v 0.749603 -0.126786 -1.006820
v 0.731731 -0.147075 -0.997312
v 0.749603 -0.105490 -0.893969
v 0.731731 -0.127908 -0.895742
v 0.749603 -0.144263 -0.785863
v 0.731731 -0.162804 -0.798447
v 0.749603 -0.232716 -0.711475
v 0.731731 -0.242411 -0.731498
v 0.576763 -0.242411 -0.731498
v 0.576764 -0.345400 -0.712834
v 0.558891 -0.347147 -0.690738
v 0.558891 -0.232716 -0.711476
v 0.576763 -0.162804 -0.798447
v 0.558891 -0.144263 -0.785863
v 0.576763 -0.127908 -0.895742
v 0.558891 -0.105490 -0.893969
v 0.576763 -0.147075 -0.997312
v 0.558891 -0.126786 -1.006820
v 0.576763 -0.215168 -1.075940
v 0.558891 -0.202445 -1.094190
v 0.576763 -0.313942 -1.110560
v 0.558891 -0.312195 -1.132660
v 0.576763 -0.416931 -1.091900
v 0.558891 -0.426626 -1.111920
v 0.576763 -0.496538 -1.024950
v 0.558891 -0.515079 -1.037540
v 0.576763 -0.531434 -0.927658
v 0.558891 -0.553852 -0.929431
v 0.576763 -0.512267 -0.826087
v 0.558891 -0.532555 -0.816574
v 0.576763 -0.444174 -0.747456
v 0.558891 -0.456897 -0.729207
v 0.552259 -0.329671 -0.911699
v 0.768932 -0.334535 -0.850206
v 0.768891 -0.361263 -0.859730
v 0.768810 -0.379422 -0.881146
v 0.768770 -0.384433 -0.908479
v 0.768810 -0.375188 -0.934684
v 0.768891 -0.353888 -0.952978
v 0.768932 -0.325994 -0.958182
v 0.768891 -0.299267 -0.948658
v 0.768810 -0.281107 -0.927243
v 0.768770 -0.276097 -0.899910
v 0.768810 -0.285341 -0.873705
v 0.768891 -0.306642 -0.855410
v 0.731731 -0.345400 -0.712834
v 0.731731 -0.444174 -0.747456
v 0.731731 -0.512267 -0.826087
v 0.731731 -0.531434 -0.927658
v 0.731731 -0.496538 -1.024950
v 0.731731 -0.416931 -1.091900
v 0.731731 -0.313942 -1.110560
v 0.731731 -0.215168 -1.075940
v 0.731731 -0.147075 -0.997312
v 0.731731 -0.127908 -0.895742
v 0.731731 -0.162804 -0.798447
v 0.731731 -0.242411 -0.731498
vt 0.864701 -0.706183
vt 0.994929 -0.644026
vt 0.864701 -0.644026
vt 0.994929 -0.644026
vt 0.864701 -0.706183
vt 0.994929 -0.706183
vt 0.994929 -0.644026
vt 0.864701 -0.644026
vt 0.864701 -0.706183
vt 0.864701 -0.706183
vt 0.994929 -0.644026
vt 0.994929 -0.706183
vt 0.994929 -0.644026
vt 0.864701 -0.644026
vt 0.864701 -0.706183
vt 0.864701 -0.706183
vt 0.994929 -0.706183
vt 0.994929 -0.644026
vt 0.994929 -0.644026
vt 0.864701 -0.644026
vt 0.864701 -0.706183
vt 0.994929 -0.644026
vt 0.864701 -0.706183
vt 0.994929 -0.706183
vt 0.864701 -0.706183
vt 0.994929 -0.644026
vt 0.864701 -0.644026
vt 0.994929 -0.644026
vt 0.994929 -0.706183
vt 0.864701 -0.706183
vt 0.864701 -0.706183
vt 0.994929 -0.644026
vt 0.864701 -0.644026
vt 0.994929 -0.644026
vt 0.994929 -0.706183
vt 0.864701 -0.706183
vt 0.864701 -0.706183
vt 0.864701 -0.644026
vt 0.994929 -0.644026
vt 0.994929 -0.644026
vt 0.864701 -0.706183
vt 0.994929 -0.706183
vt 0.994929 -0.644026
vt 0.864701 -0.706183
vt 0.864701 -0.644026
vt 0.864701 -0.706183
vt 0.994929 -0.644026
vt 0.994929 -0.706183
vt 0.864701 -0.706183
vt 0.864701 -0.644026
vt 0.994929 -0.644026
vt 0.994929 -0.644026
vt 0.994929 -0.706183
vt 0.864701 -0.706183
vt 0.864701 -0.706183
vt 0.994929 -0.644026
vt 0.864701 -0.644026
vt 0.994929 -0.644026
vt 0.994929 -0.706183
vt 0.864701 -0.706183
vt 0.994929 -0.644026
vt 0.864701 -0.644026
vt 0.864701 -0.706183
vt 0.994929 -0.706183
vt 0.864701 -0.644026
vt 0.994929 -0.644026
vt 0.864701 -0.644026
vt 0.994929 -0.706183
vt 0.864701 -0.706183
vt 0.615344 -0.627968
vt 0.615882 -0.621436
vt 0.665353 -0.612827
vt 0.668338 -0.618746
vt 0.703594 -0.581944
vt 0.709301 -0.585664
vt 0.720356 -0.537063
vt 0.727257 -0.537587
vt 0.711149 -0.490210
vt 0.717394 -0.487398
vt 0.678440 -0.453939
vt 0.682356 -0.448544
vt 0.630993 -0.437968
vt 0.631531 -0.431436
vt 0.581521 -0.446577
vt 0.578537 -0.440659
vt 0.543281 -0.477460
vt 0.537574 -0.473740
vt 0.526518 -0.522341
vt 0.519618 -0.521817
vt 0.535725 -0.569194
vt 0.529480 -0.572006
vt 0.568435 -0.605466
vt 0.564519 -0.610860
vt 0.617771 -0.598503
vt 0.654875 -0.592046
vt 0.683555 -0.568884
vt 0.696126 -0.535223
vt 0.689221 -0.500083
vt 0.664689 -0.472879
vt 0.629104 -0.460901
vt 0.592000 -0.467359
vt 0.563320 -0.490520
vt 0.550748 -0.524181
vt 0.557653 -0.559321
vt 0.582185 -0.586525
vt 0.713221 -0.577993
vt 0.726500 -0.530369
vt 0.701721 -0.530369
vt 0.521204 -0.530369
vt 0.541541 -0.577993
vt 0.528261 -0.530369
vt 0.691761 -0.566087
vt 0.676941 -0.612857
vt 0.664551 -0.592235
vt 0.627381 -0.625618
vt 0.627381 -0.601806
vt 0.577821 -0.612857
vt 0.590211 -0.592235
vt 0.563001 -0.566087
vt 0.553041 -0.530369
vt 0.541541 -0.482744
vt 0.563001 -0.494650
vt 0.577821 -0.447880
vt 0.590211 -0.468502
vt 0.627381 -0.435119
vt 0.627381 -0.458932
vt 0.676941 -0.447880
vt 0.664551 -0.468502
vt 0.713221 -0.482744
vt 0.691761 -0.494650
vt 0.733558 -0.530369
vt 0.719332 -0.479353
vt 0.680469 -0.442007
vt 0.627381 -0.428338
vt 0.574292 -0.442007
vt 0.535429 -0.479353
vt 0.864701 -0.706183
vt 0.994929 -0.706183
vt 0.994929 -0.644026
vt 0.627381 -0.632400
vt 0.535429 -0.581384
vt 0.574292 -0.618730
vt 0.680469 -0.618730
vt 0.719332 -0.581384
vt 0.618337 -0.591623
vt 0.582185 -0.586525
vt 0.617771 -0.598503
vt 0.586311 -0.580842
vt 0.557653 -0.559321
vt 0.564232 -0.556359
vt 0.550748 -0.524181
vt 0.558017 -0.524733
vt 0.563320 -0.490520
vt 0.569332 -0.494439
vt 0.592000 -0.467359
vt 0.595144 -0.473593
vt 0.629104 -0.460901
vt 0.628537 -0.467781
vt 0.664689 -0.472879
vt 0.660564 -0.478562
vt 0.689221 -0.500083
vt 0.682643 -0.503045
vt 0.696126 -0.535223
vt 0.688857 -0.534671
vt 0.683555 -0.568884
vt 0.677543 -0.564966
vt 0.654875 -0.592046
vt 0.651731 -0.585811
vt 0.701721 -0.530369
vt 0.694287 -0.530369
vt 0.685323 -0.498222
vt 0.691761 -0.494650
vt 0.660834 -0.474689
vt 0.664551 -0.468502
vt 0.627381 -0.466076
vt 0.627381 -0.458932
vt 0.593928 -0.474689
vt 0.590211 -0.468502
vt 0.569439 -0.498222
vt 0.563001 -0.494650
vt 0.560475 -0.530369
vt 0.553041 -0.530369
vt 0.569439 -0.562515
vt 0.563001 -0.566087
vt 0.593928 -0.586048
vt 0.590211 -0.592235
vt 0.627381 -0.594662
vt 0.627381 -0.601806
vt 0.660834 -0.586048
vt 0.664551 -0.592235
vt 0.685323 -0.562515
vt 0.691761 -0.566087
vt 0.627381 -0.530369
vt 0.610695 -0.542703
vt 0.625250 -0.552337
vt 0.616583 -0.549371
vt 0.609071 -0.534193
vt 0.612068 -0.526033
vt 0.618975 -0.520337
vt 0.628019 -0.518717
vt 0.636685 -0.521682
vt 0.642573 -0.528350
vt 0.644198 -0.536861
vt 0.641200 -0.545020
vt 0.634294 -0.550717
vt 0.620663 -0.595111
vt 0.588636 -0.584330
vt 0.566557 -0.559847
vt 0.560342 -0.528221
vt 0.571657 -0.497926
vt 0.597469 -0.477081
vt 0.630862 -0.471269
vt 0.662889 -0.482049
vt 0.684968 -0.506533
vt 0.691183 -0.538159
vt 0.679868 -0.568453
vt 0.654056 -0.589299
vn 0.0000 0.1783 0.9839
vn 0.0000 0.6436 0.7653
vn 0.0000 -0.9413 -0.3376
vn 0.0000 0.9413 0.3376
vn 0.0000 0.9826 -0.1854
vn 0.0000 0.7559 -0.6546
vn 0.0000 -0.3308 0.9437
vn 0.0000 0.3308 -0.9437
vn 0.0000 -0.6436 -0.7653
vn 0.0000 -0.9826 0.1854
vn 0.0000 -0.7559 0.6546
vn 0.8247 -0.0446 0.5638
vn 0.9407 -0.0267 0.3380
vn 0.9409 0.1433 0.3066
vn 0.8256 0.2406 0.5103
vn 0.9414 0.2764 0.1932
vn 0.8275 0.4612 0.3200
vn 0.9416 0.3356 0.0265
vn 0.8285 0.5582 0.0441
vn 0.9414 0.3034 -0.1473
vn 0.8275 0.5058 -0.2435
vn 0.9410 0.1897 -0.2803
vn 0.8257 0.3178 -0.4660
vn 0.9408 0.0267 -0.3380
vn 0.8247 0.0446 -0.5637
vn 0.9409 -0.1433 -0.3066
vn 0.8257 -0.2406 -0.5103
vn 0.9414 -0.2764 -0.1932
vn 0.8276 -0.4612 -0.3200
vn 0.9416 -0.3356 -0.0265
vn 0.8285 -0.5582 -0.0441
vn 0.9414 -0.3034 0.1473
vn 0.8275 -0.5058 0.2435
vn 0.9409 -0.1898 0.2803
vn 0.8256 -0.3178 0.4661
vn 1.0000 0.0000 0.0000
vn -0.9409 -0.1898 0.2803
vn -0.9407 -0.0267 0.3380
vn -1.0000 0.0000 0.0000
vn -0.8247 0.0446 -0.5637
vn -0.9409 -0.1433 -0.3066
vn -0.9408 0.0267 -0.3380
vn -0.9414 -0.3034 0.1473
vn -0.9416 -0.3356 -0.0265
vn -0.9414 -0.2764 -0.1932
vn -0.9410 0.1897 -0.2803
vn -0.9414 0.3034 -0.1473
vn -0.9416 0.3356 0.0265
vn -0.9414 0.2764 0.1932
vn -0.9409 0.1433 0.3066
vn -0.8247 -0.0446 0.5638
vn -0.8256 0.2406 0.5103
vn -0.8275 0.4612 0.3200
vn -0.8285 0.5582 0.0441
vn -0.8275 0.5058 -0.2435
vn -0.8257 0.3178 -0.4660
vn -0.8285 -0.5582 -0.0441
vn -0.8257 -0.2405 -0.5103
vn -0.8276 -0.4612 -0.3200
vn -0.8275 -0.5058 0.2435
vn -0.8256 -0.3178 0.4661
vn -0.7784 -0.0495 0.6257
vn -0.7795 -0.3528 0.5175
vn -0.7795 -0.3512 0.5186
vn -0.7818 -0.5618 0.2705
vn -0.7817 -0.5610 0.2723
vn -0.7829 -0.6202 -0.0490
vn -0.7818 -0.5122 -0.3555
vn -0.7818 -0.5111 -0.3571
vn -0.7795 -0.2671 -0.5665
vn -0.7795 -0.2653 -0.5674
vn -0.7785 0.0495 -0.6257
vn -0.7796 0.3528 -0.5175
vn -0.7796 0.3512 -0.5186
vn -0.7817 0.5618 -0.2705
vn -0.7817 0.5610 -0.2724
vn -0.7829 0.6202 0.0490
vn -0.7818 0.5123 0.3555
vn -0.7818 0.5112 0.3571
vn -0.7796 0.2670 0.5665
vn -0.7795 0.2653 0.5673
vn 0.7784 -0.0495 0.6258
vn 0.9434 -0.0261 0.3306
vn 0.9435 0.1401 0.3001
vn 0.7795 0.2671 0.5665
vn 0.9438 0.2708 0.1894
vn 0.7818 0.5123 0.3555
vn 0.9439 0.3291 0.0260
vn 0.7829 0.6202 0.0490
vn 0.9438 0.2972 -0.1445
vn 0.7817 0.5618 -0.2705
vn 0.9435 0.1856 -0.2744
vn 0.7796 0.3528 -0.5175
vn 0.9434 0.0261 -0.3305
vn 0.7785 0.0495 -0.6257
vn 0.9435 -0.1401 -0.3001
vn 0.7795 -0.2671 -0.5665
vn 0.9438 -0.2708 -0.1894
vn 0.7818 -0.5122 -0.3555
vn 0.9439 -0.3291 -0.0260
vn 0.7829 -0.6202 -0.0490
vn 0.9438 -0.2972 0.1445
vn 0.7818 -0.5618 0.2705
vn 0.9435 -0.1856 0.2744
vn 0.7796 -0.3528 0.5175
vn 0.9890 -0.1333 0.0634
vn 0.9883 -0.0124 0.1518
vn 0.9886 -0.0860 0.1231
vn 0.9896 -0.1436 -0.0094
vn 0.9901 -0.1176 -0.0769
vn 0.9904 -0.0617 -0.1240
vn 0.9904 0.0113 -0.1379
vn 0.9902 0.0813 -0.1134
vn 0.9899 0.1289 -0.0582
vn 0.9896 0.1433 0.0125
vn 0.9892 0.1211 0.0826
vn 0.9888 0.0648 0.1343
vn 0.9655 -0.0207 0.2596
vn 0.9664 -0.1457 0.2116
vn 0.9683 -0.2257 0.1068
vn 0.9701 -0.2420 -0.0206
vn 0.9711 -0.1954 -0.1369
vn 0.9715 -0.1005 -0.2145
vn 0.9717 0.0187 -0.2355
vn 0.9717 0.1327 -0.1955
vn 0.9713 0.2139 -0.1043
vn 0.9701 0.2422 0.0174
vn 0.9681 0.2067 0.1413
vn 0.9662 0.1108 0.2326
usemtl TT_CAR
s 1
f 3560/3552/3002 3558/3553/3002 3559/3554/3002
f 3563/3555/3003 3561/3556/3003 3562/3557/3003
f 3564/3558/3003 3565/3559/3003 3566/3560/3003
f 3567/3561/3004 3569/3562/3004 3568/3563/3004
f 3570/3564/3005 3571/3565/3005 3572/3566/3005
f 3573/3567/3006 3574/3568/3006 3575/3569/3006
f 3576/3570/3006 3577/3571/3006 3578/3572/3006
f 3581/3573/3007 3579/3574/3007 3580/3575/3007
f 3584/3576/3007 3582/3577/3007 3583/3578/3007
f 3587/3579/3008 3586/3580/3008 3585/3581/3008
f 3590/3582/3009 3588/3583/3009 3589/3584/3009
f 3593/3585/3002 3592/3586/3002 3591/3587/3002
f 3596/3588/3002 3595/3589/3002 3594/3590/3002
f 3599/3591/3010 3597/3592/3010 3598/3593/3010
f 3600/3594/3003 3602/3595/3003 3601/3596/3003
f 3603/3597/3005 3605/3598/3005 3604/3599/3005
f 3608/3600/3005 3607/3601/3005 3606/3602/3005
f 3611/3603/3006 3610/3604/3006 3609/3605/3006
f 3614/3606/3011 3612/3607/3011 3613/3608/3011
f 3617/3609/3007 3616/3610/3007 3615/3611/3007
f 3618/3612/3012 3619/3613/3012 3620/3614/3012
f 3623/3615/3008 3621/3616/3008 3622/3617/3008
f 3626/3618/3008 3624/3619/3008 3625/3620/3008
f 3627/3621/3013 3628/3622/3014 3629/3623/3015
f 3629/3623/3015 3630/3624/3016 3627/3621/3013
f 3630/3624/3016 3629/3623/3015 3631/3625/3017
f 3631/3625/3017 3632/3626/3018 3630/3624/3016
f 3633/3627/3019 3632/3626/3018 3631/3625/3017
f 3632/3626/3018 3633/3627/3019 3634/3628/3020
f 3635/3629/3021 3634/3628/3020 3633/3627/3019
f 3634/3628/3020 3635/3629/3021 3636/3630/3022
f 3637/3631/3023 3636/3630/3022 3635/3629/3021
f 3636/3630/3022 3637/3631/3023 3638/3632/3024
f 3639/3633/3025 3638/3632/3024 3637/3631/3023
f 3638/3632/3024 3639/3633/3025 3640/3634/3026
f 3641/3635/3027 3640/3634/3026 3639/3633/3025
f 3641/3635/3027 3642/3636/3028 3640/3634/3026
f 3642/3636/3028 3641/3635/3027 3643/3637/3029
f 3643/3637/3029 3644/3638/3030 3642/3636/3028
f 3645/3639/3031 3644/3638/3030 3643/3637/3029
f 3645/3639/3031 3646/3640/3032 3644/3638/3030
f 3647/3641/3033 3646/3640/3032 3645/3639/3031
f 3646/3640/3032 3647/3641/3033 3648/3642/3034
f 3649/3643/3035 3648/3642/3034 3647/3641/3033
f 3649/3643/3035 3650/3644/3036 3648/3642/3034
f 3628/3622/3014 3650/3644/3036 3649/3643/3035
f 3628/3622/3014 3627/3621/3013 3650/3644/3036
f 3628/3622/3014 3651/3645/3037 3652/3646/3037
f 3652/3646/3037 3629/3623/3015 3628/3622/3014
f 3653/3647/3037 3629/3623/3015 3652/3646/3037
f 3629/3623/3015 3653/3647/3037 3631/3625/3017
f 3654/3648/3037 3631/3625/3017 3653/3647/3037
f 3654/3648/3037 3633/3627/3019 3631/3625/3017
f 3633/3627/3019 3654/3648/3037 3655/3649/3037
f 3655/3649/3037 3635/3629/3021 3633/3627/3019
f 3656/3650/3037 3635/3629/3021 3655/3649/3037
f 3635/3629/3021 3656/3650/3037 3637/3631/3023
f 3637/3631/3023 3656/3650/3037 3657/3651/3037
f 3657/3651/3037 3639/3633/3025 3637/3631/3023
f 3658/3652/3037 3639/3633/3025 3657/3651/3037
f 3658/3652/3037 3641/3635/3027 3639/3633/3025
f 3659/3653/3037 3641/3635/3027 3658/3652/3037
f 3641/3635/3027 3659/3653/3037 3643/3637/3029
f 3643/3637/3029 3659/3653/3037 3660/3654/3037
f 3643/3637/3029 3660/3654/3037 3645/3639/3031
f 3661/3655/3037 3645/3639/3031 3660/3654/3037
f 3645/3639/3031 3661/3655/3037 3647/3641/3033
f 3662/3656/3037 3647/3641/3033 3661/3655/3037
f 3647/3641/3033 3662/3656/3037 3649/3643/3035
f 3649/3643/3035 3662/3656/3037 3651/3645/3037
f 3649/3643/3035 3651/3645/3037 3628/3622/3014
f 3663/3657/3038 3664/3658/3039 3665/3659/3040
f 3553/3660/3041 3666/3661/3042 3554/3662/3043
f 3665/3659/3040 3667/3663/3040 3663/3657/3038
f 3667/3663/3040 3668/3664/3044 3663/3657/3038
f 3668/3664/3044 3667/3663/3040 3669/3665/3040
f 3669/3665/3040 3670/3666/3045 3668/3664/3044
f 3669/3665/3040 3671/3667/3040 3670/3666/3045
f 3672/3668/3046 3670/3666/3045 3671/3667/3040
f 3672/3668/3046 3671/3667/3040 3673/3669/3040
f 3673/3669/3040 3666/3661/3042 3672/3668/3046
f 3673/3669/3040 3674/3670/3040 3666/3661/3042
f 3554/3662/3043 3666/3661/3042 3674/3670/3040
f 3674/3670/3040 3675/3671/3040 3554/3662/3043
f 3676/3672/3047 3554/3662/3043 3675/3671/3040
f 3675/3671/3040 3677/3673/3040 3676/3672/3047
f 3677/3673/3040 3678/3674/3048 3676/3672/3047
f 3677/3673/3040 3679/3675/3040 3678/3674/3048
f 3680/3676/3049 3678/3674/3048 3679/3675/3040
f 3680/3676/3049 3679/3675/3040 3681/3677/3040
f 3681/3677/3040 3682/3678/3050 3680/3676/3049
f 3682/3678/3050 3681/3677/3040 3683/3679/3040
f 3684/3680/3051 3682/3678/3050 3683/3679/3040
f 3683/3679/3040 3685/3681/3040 3684/3680/3051
f 3664/3658/3039 3684/3680/3051 3685/3681/3040
f 3686/3682/3052 3684/3680/3051 3664/3658/3039
f 3686/3682/3052 3687/3683/3053 3684/3680/3051
f 3687/3683/3053 3682/3678/3050 3684/3680/3051
f 3687/3683/3053 3688/3684/3054 3682/3678/3050
f 3680/3676/3049 3682/3678/3050 3688/3684/3054
f 3688/3684/3054 3689/3685/3055 3680/3676/3049
f 3689/3685/3055 3678/3674/3048 3680/3676/3049
f 3689/3685/3055 3690/3686/3056 3678/3674/3048
f 3676/3672/3047 3678/3674/3048 3690/3686/3056
f 3676/3672/3047 3690/3686/3056 3552/3687/3057
f 3554/3662/3043 3676/3672/3047 3552/3687/3057
f 3557/3688/3002 3556/3689/3002 3555/3690/3002
f 3554/3662/3043 3552/3687/3057 3553/3660/3041
f 3668/3664/3044 3670/3666/3045 3691/3691/3058
f 3666/3661/3042 3553/3660/3041 3692/3692/3059
f 3692/3692/3059 3672/3668/3046 3666/3661/3042
f 3692/3692/3059 3693/3693/3060 3672/3668/3046
f 3693/3693/3060 3670/3666/3045 3672/3668/3046
f 3693/3693/3060 3691/3691/3058 3670/3666/3045
f 3685/3681/3040 3665/3659/3040 3664/3658/3039
f 3691/3691/3058 3694/3694/3061 3668/3664/3044
f 3694/3694/3061 3663/3657/3038 3668/3664/3044
f 3663/3657/3038 3694/3694/3061 3695/3695/3062
f 3664/3658/3039 3663/3657/3038 3695/3695/3062
f 3695/3695/3062 3686/3682/3052 3664/3658/3039
f 3696/3696/3063 3698/3697/3064 3697/3698/3063
f 3698/3697/3064 3696/3696/3063 3699/3699/3065
f 3700/3700/3066 3698/3697/3064 3699/3699/3065
f 3700/3700/3066 3699/3699/3065 3701/3701/3067
f 3701/3701/3067 3702/3702/3068 3700/3700/3066
f 3702/3702/3068 3701/3701/3067 3703/3703/3068
f 3703/3703/3068 3704/3704/3069 3702/3702/3068
f 3703/3703/3068 3705/3705/3070 3704/3704/3069
f 3705/3705/3070 3706/3706/3071 3704/3704/3069
f 3706/3706/3071 3705/3705/3070 3707/3707/3072
f 3708/3708/3073 3706/3706/3071 3707/3707/3072
f 3708/3708/3073 3707/3707/3072 3709/3709/3073
f 3710/3710/3074 3708/3708/3073 3709/3709/3073
f 3709/3709/3073 3711/3711/3075 3710/3710/3074
f 3711/3711/3075 3712/3712/3076 3710/3710/3074
f 3712/3712/3076 3711/3711/3075 3713/3713/3077
f 3713/3713/3077 3714/3714/3078 3712/3712/3076
f 3713/3713/3077 3715/3715/3078 3714/3714/3078
f 3716/3716/3079 3714/3714/3078 3715/3715/3078
f 3716/3716/3079 3715/3715/3078 3717/3717/3080
f 3717/3717/3080 3718/3718/3081 3716/3716/3079
f 3717/3717/3080 3719/3719/3082 3718/3718/3081
f 3697/3698/3063 3718/3718/3081 3719/3719/3082
f 3719/3719/3082 3696/3696/3063 3697/3698/3063
f 3722/3720/3083 3721/3721/3084 3720/3722/3085
f 3720/3722/3085 3723/3723/3086 3722/3720/3083
f 3723/3723/3086 3720/3722/3085 3724/3724/3087
f 3723/3723/3086 3724/3724/3087 3725/3725/3088
f 3725/3725/3088 3724/3724/3087 3726/3726/3089
f 3725/3725/3088 3726/3726/3089 3727/3727/3090
f 3728/3728/3091 3727/3727/3090 3726/3726/3089
f 3727/3727/3090 3728/3728/3091 3729/3729/3092
f 3729/3729/3092 3728/3728/3091 3730/3730/3093
f 3730/3730/3093 3731/3731/3094 3729/3729/3092
f 3731/3731/3094 3730/3730/3093 3732/3732/3095
f 3732/3732/3095 3733/3733/3096 3731/3731/3094
f 3734/3734/3097 3733/3733/3096 3732/3732/3095
f 3733/3733/3096 3734/3734/3097 3735/3735/3098
f 3735/3735/3098 3734/3734/3097 3736/3736/3099
f 3736/3736/3099 3737/3737/3100 3735/3735/3098
f 3737/3737/3100 3736/3736/3099 3738/3738/3101
f 3738/3738/3101 3739/3739/3102 3737/3737/3100
f 3740/3740/3103 3739/3739/3102 3738/3738/3101
f 3739/3739/3102 3740/3740/3103 3741/3741/3104
f 3741/3741/3104 3740/3740/3103 3742/3742/3105
f 3741/3741/3104 3742/3742/3105 3743/3743/3106
f 3743/3743/3106 3742/3742/3105 3721/3721/3084
f 3743/3743/3106 3721/3721/3084 3722/3720/3083
f 3744/3744/3037 3720/3722/3085 3721/3721/3084
f 3744/3744/3037 3721/3721/3084 3742/3742/3105
f 3744/3744/3037 3742/3742/3105 3740/3740/3103
f 3740/3740/3103 3738/3738/3101 3744/3744/3037
f 3738/3738/3101 3736/3736/3099 3744/3744/3037
f 3736/3736/3099 3734/3734/3097 3744/3744/3037
f 3734/3734/3097 3732/3732/3095 3744/3744/3037
f 3744/3744/3037 3732/3732/3095 3730/3730/3093
f 3744/3744/3037 3730/3730/3093 3728/3728/3091
f 3728/3728/3091 3726/3726/3089 3744/3744/3037
f 3744/3744/3037 3726/3726/3089 3724/3724/3087
f 3744/3744/3037 3724/3724/3087 3720/3722/3085
f 3747/3745/3107 3745/3746/3108 3746/3747/3109
f 3748/3748/3110 3745/3746/3108 3747/3745/3107
f 3749/3749/3111 3745/3746/3108 3748/3748/3110
f 3750/3750/3112 3745/3746/3108 3749/3749/3111
f 3751/3751/3113 3745/3746/3108 3750/3750/3112
f 3752/3752/3114 3745/3746/3108 3751/3751/3113
f 3753/3753/3115 3745/3746/3108 3752/3752/3114
f 3745/3746/3108 3753/3753/3115 3754/3754/3116
f 3745/3746/3108 3754/3754/3116 3755/3755/3117
f 3756/3756/3118 3745/3746/3108 3755/3755/3117
f 3757/3757/3119 3758/3758/3120 3746/3747/3109
f 3757/3757/3119 3746/3747/3109 3745/3746/3108
f 3747/3745/3107 3758/3758/3120 3759/3759/3121
f 3758/3758/3120 3747/3745/3107 3746/3747/3109
f 3748/3748/3110 3759/3759/3121 3760/3760/3122
f 3759/3759/3121 3748/3748/3110 3747/3745/3107
f 3760/3760/3122 3761/3761/3123 3749/3749/3111
f 3760/3760/3122 3749/3749/3111 3748/3748/3110
f 3750/3750/3112 3761/3761/3123 3762/3762/3124
f 3750/3750/3112 3749/3749/3111 3761/3761/3123
f 3751/3751/3113 3762/3762/3124 3763/3763/3125
f 3762/3762/3124 3751/3751/3113 3750/3750/3112
f 3763/3763/3125 3764/3764/3126 3752/3752/3114
f 3763/3763/3125 3752/3752/3114 3751/3751/3113
f 3764/3764/3126 3765/3765/3127 3753/3753/3115
f 3764/3764/3126 3753/3753/3115 3752/3752/3114
f 3765/3765/3127 3766/3766/3128 3754/3754/3116
f 3765/3765/3127 3754/3754/3116 3753/3753/3115
f 3755/3755/3117 3766/3766/3128 3767/3767/3129
f 3766/3766/3128 3755/3755/3117 3754/3754/3116
f 3756/3756/3118 3767/3767/3129 3768/3768/3130
f 3767/3767/3129 3756/3756/3118 3755/3755/3117
f 3768/3768/3130 3757/3757/3119 3745/3746/3108
f 3768/3768/3130 3745/3746/3108 3756/3756/3118
